segment	start	end	coverage
ns	0	1	1251
ns	1	2	1585
ns	2	3	1594
ns	3	4	1602
ns	4	5	1764
ns	5	6	1783
ns	6	7	1789
ns	7	8	1793
ns	8	9	1802
ns	9	10	1804
ns	10	11	1827
ns	11	12	1843
ns	12	13	1853
ns	13	14	1857
ns	14	15	1914
ns	15	16	1934
ns	16	17	1973
ns	17	18	1979
ns	18	19	1988
ns	19	20	2007
ns	20	21	2021
ns	21	22	2180
ns	22	23	2208
ns	23	24	2221
ns	24	25	2228
ns	25	26	2240
ns	26	27	2262
ns	27	28	2274
ns	28	29	2328
ns	29	30	2417
ns	30	31	2554
ns	31	32	3373
ns	32	33	3416
ns	33	34	3495
ns	34	35	3511
ns	35	36	3527
ns	36	37	3590
ns	37	38	3600
ns	38	39	3618
ns	39	40	3638
ns	40	41	3649
ns	41	42	3861
ns	42	43	3872
ns	43	44	3907
ns	44	45	3910
ns	45	46	3923
ns	46	47	3930
ns	47	48	3936
ns	48	49	3973
ns	49	50	4046
ns	50	51	4029
ns	51	52	4076
ns	52	53	4077
ns	53	55	4186
ns	55	56	4206
ns	56	57	4208
ns	57	58	4191
ns	58	59	4165
ns	59	60	4187
ns	60	61	4181
ns	61	62	4198
ns	62	63	4167
ns	63	64	4226
ns	64	65	4232
ns	65	66	4239
ns	66	67	4271
ns	67	68	4325
ns	68	69	4359
ns	69	70	4403
ns	70	71	4385
ns	71	72	4400
ns	72	73	4387
ns	73	74	4385
ns	74	75	4401
ns	75	76	4386
ns	76	77	4391
ns	77	78	4419
ns	78	79	4410
ns	79	80	4420
ns	80	81	4416
ns	81	82	4414
ns	82	83	4411
ns	83	84	4414
ns	84	86	4410
ns	86	87	4435
ns	87	88	4401
ns	88	89	4397
ns	89	90	4372
ns	90	91	4391
ns	91	92	4387
ns	92	93	4392
ns	93	94	4388
ns	94	95	4348
ns	95	96	4380
ns	96	97	4421
ns	97	98	4478
ns	98	99	4465
ns	99	100	4457
ns	100	101	4467
ns	101	102	4556
ns	102	103	4552
ns	103	104	4558
ns	104	105	4555
ns	105	106	4331
ns	106	107	4342
ns	107	108	4339
ns	108	109	4385
ns	109	110	4353
ns	110	111	4220
ns	111	112	4224
ns	112	113	4217
ns	113	114	4278
ns	114	115	4307
ns	115	116	4287
ns	116	117	4276
ns	117	118	4224
ns	118	119	4227
ns	119	120	4317
ns	120	121	4337
ns	121	122	4365
ns	122	123	4264
ns	123	124	4198
ns	124	125	4162
ns	125	126	4146
ns	126	127	4120
ns	127	128	4121
ns	128	129	3991
ns	129	130	3948
ns	130	131	3968
ns	131	132	3961
ns	132	133	3941
ns	133	134	3951
ns	134	135	3973
ns	135	136	3977
ns	136	137	3976
ns	137	138	3973
ns	138	139	3967
ns	139	140	3940
ns	140	141	3992
ns	141	142	4002
ns	142	143	4011
ns	143	144	4024
ns	144	145	3992
ns	145	146	4003
ns	146	148	3997
ns	148	149	3981
ns	149	150	3707
ns	150	151	3605
ns	151	152	3504
ns	152	153	3475
ns	153	154	3459
ns	154	155	3470
ns	155	156	3453
ns	156	157	3515
ns	157	158	3478
ns	158	160	3477
ns	160	161	3460
ns	161	162	3440
ns	162	163	3438
ns	163	164	3407
ns	164	165	3422
ns	165	166	3378
ns	166	167	3373
ns	167	168	3295
ns	168	169	3318
ns	169	170	3333
ns	170	171	3311
ns	171	172	3444
ns	172	173	3392
ns	173	174	3412
ns	174	175	3373
ns	175	176	3360
ns	176	177	3409
ns	177	178	3378
ns	178	179	3337
ns	179	180	3126
ns	180	181	2903
ns	181	182	2940
ns	182	183	2946
ns	183	184	2936
ns	184	185	2956
ns	185	186	2887
ns	186	187	2901
ns	187	188	2892
ns	188	189	2889
ns	189	190	2947
ns	190	191	2920
ns	191	192	2908
ns	192	193	2909
ns	193	194	2848
ns	194	195	2855
ns	195	196	2858
ns	196	197	2857
ns	197	198	2848
ns	198	199	2850
ns	199	200	2843
ns	200	201	2832
ns	201	202	2862
ns	202	203	2828
ns	203	204	2837
ns	204	205	2832
ns	205	206	2824
ns	206	207	2849
ns	207	208	2851
ns	208	209	2884
ns	209	210	2878
ns	210	211	2849
ns	211	212	2902
ns	212	213	2916
ns	213	214	2942
ns	214	215	2956
ns	215	216	2895
ns	216	217	2916
ns	217	218	2838
ns	218	219	2878
ns	219	220	2830
ns	220	221	2730
ns	221	222	2746
ns	222	223	2661
ns	223	224	2668
ns	224	225	2662
ns	225	226	2643
ns	226	227	2671
ns	227	228	2641
ns	228	229	2657
ns	229	230	2664
ns	230	231	2695
ns	231	232	2705
ns	232	233	2726
ns	233	234	2741
ns	234	235	2724
ns	235	236	2662
ns	236	237	2677
ns	237	238	2705
ns	238	239	2704
ns	239	240	2737
ns	240	241	2733
ns	241	242	2773
ns	242	243	2780
ns	243	244	2804
ns	244	245	2788
ns	245	246	2798
ns	246	247	2837
ns	247	248	2834
ns	248	249	2748
ns	249	250	2755
ns	250	251	2736
ns	251	252	2739
ns	252	254	2707
ns	254	255	2858
ns	255	256	2866
ns	256	257	2904
ns	257	258	2914
ns	258	259	2908
ns	259	260	2909
ns	260	261	2908
ns	261	262	2924
ns	262	263	2922
ns	263	264	2837
ns	264	265	2988
ns	265	266	2979
ns	266	267	2984
ns	267	268	2979
ns	268	269	2985
ns	269	270	2993
ns	270	271	2966
ns	271	272	2968
ns	272	273	2940
ns	273	274	2909
ns	274	275	2852
ns	275	276	2878
ns	276	277	2881
ns	277	278	2890
ns	278	279	2887
ns	279	280	2882
ns	280	281	2878
ns	281	282	2903
ns	282	283	2913
ns	283	284	2903
ns	284	286	2911
ns	286	287	2900
ns	287	288	2910
ns	288	289	2911
ns	289	290	2955
ns	290	291	2910
ns	291	292	3142
ns	292	293	3146
ns	293	294	3159
ns	294	295	3168
ns	295	296	3177
ns	296	297	3170
ns	297	298	3162
ns	298	299	3080
ns	299	300	3097
ns	300	301	2962
ns	301	302	2973
ns	302	303	2972
ns	303	304	2948
ns	304	305	2931
ns	305	306	2922
ns	306	307	3051
ns	307	308	3047
ns	308	309	3083
ns	309	310	3070
ns	310	311	3057
ns	311	312	3067
ns	312	313	3073
ns	313	314	3080
ns	314	315	3068
ns	315	316	2914
ns	316	317	2948
ns	317	318	2864
ns	318	319	2886
ns	319	320	2976
ns	320	321	2977
ns	321	322	2955
ns	322	323	2946
ns	323	325	2948
ns	325	326	2921
ns	326	327	2919
ns	327	328	2860
ns	328	329	2853
ns	329	330	2748
ns	330	331	2868
ns	331	332	2974
ns	332	333	2966
ns	333	334	2978
ns	334	335	2947
ns	335	336	2932
ns	336	337	2936
ns	337	338	2943
ns	338	339	2955
ns	339	340	2818
ns	340	341	2727
ns	341	342	2708
ns	342	343	2725
ns	343	344	2728
ns	344	345	2743
ns	345	346	2731
ns	346	347	2717
ns	347	348	2704
ns	348	349	2710
ns	349	350	2705
ns	350	351	2707
ns	351	352	2637
ns	352	353	2638
ns	353	354	2616
ns	354	355	2625
ns	355	356	2621
ns	356	357	2620
ns	357	358	2598
ns	358	359	2585
ns	359	360	2580
ns	360	361	2573
ns	361	362	2549
ns	362	363	2550
ns	363	364	2560
ns	364	365	2546
ns	365	366	2536
ns	366	367	2540
ns	367	368	2542
ns	368	369	2549
ns	369	370	2535
ns	370	371	2539
ns	371	372	2516
ns	372	373	2483
ns	373	374	2502
ns	374	375	2496
ns	375	376	2479
ns	376	377	2448
ns	377	378	2434
ns	378	379	2487
ns	379	380	2467
ns	380	381	2466
ns	381	382	2435
ns	382	383	2366
ns	383	384	2383
ns	384	385	2369
ns	385	386	2378
ns	386	387	2249
ns	387	388	2149
ns	388	389	2266
ns	389	390	2274
ns	390	391	2299
ns	391	392	2219
ns	392	393	2157
ns	393	394	2158
ns	394	396	2125
ns	396	397	1998
ns	397	398	1705
ns	398	399	1695
ns	399	400	1661
ns	400	401	1664
ns	401	402	1578
ns	402	403	1592
ns	403	404	1639
ns	404	405	1634
ns	405	406	1697
ns	406	407	1618
ns	407	408	1718
ns	408	410	1716
ns	410	411	1727
ns	411	412	1730
ns	412	413	1773
ns	413	414	1777
ns	414	415	1743
ns	415	416	1761
ns	416	417	1715
ns	417	418	1744
ns	418	419	1750
ns	419	420	1832
ns	420	421	1834
ns	421	422	1823
ns	422	423	1828
ns	423	424	1859
ns	424	425	1928
ns	425	427	1918
ns	427	428	1920
ns	428	429	1914
ns	429	430	1931
ns	430	431	1929
ns	431	432	1928
ns	432	433	1915
ns	433	434	1968
ns	434	435	2059
ns	435	436	2079
ns	436	437	2098
ns	437	438	2105
ns	438	439	2099
ns	439	440	2096
ns	440	441	2093
ns	441	442	2088
ns	442	443	2079
ns	443	444	2037
ns	444	445	2038
ns	445	446	2109
ns	446	447	2132
ns	447	448	2144
ns	448	449	2183
ns	449	450	2189
ns	450	451	2186
ns	451	452	2157
ns	452	453	2153
ns	453	454	2788
ns	454	455	2783
ns	455	456	2778
ns	456	457	2777
ns	457	458	2797
ns	458	459	3084
ns	459	460	3088
ns	460	461	3223
ns	461	462	3237
ns	462	463	3058
ns	463	464	3544
ns	464	465	3588
ns	465	466	3615
ns	466	467	3620
ns	467	468	3589
ns	468	469	3612
ns	469	470	3626
ns	470	471	3647
ns	471	472	3665
ns	472	473	3652
ns	473	474	3675
ns	474	475	3732
ns	475	476	3762
ns	476	477	3803
ns	477	478	3853
ns	478	479	3836
ns	479	480	3955
ns	480	481	3966
ns	481	482	4011
ns	482	483	4017
ns	483	484	4024
ns	484	485	4031
ns	485	486	4050
ns	486	487	4127
ns	487	488	4130
ns	488	489	4134
ns	489	490	4142
ns	490	491	4145
ns	491	492	4191
ns	492	493	4220
ns	493	494	4223
ns	494	495	4237
ns	495	496	4200
ns	496	497	4213
ns	497	498	4259
ns	498	499	4299
ns	499	500	4304
ns	500	501	4305
ns	501	502	4344
ns	502	503	4404
ns	503	504	4429
ns	504	505	4440
ns	505	506	4448
ns	506	507	4416
ns	507	508	4518
ns	508	509	4533
ns	509	510	4661
ns	510	511	4652
ns	511	513	4677
ns	513	514	4689
ns	514	515	4722
ns	515	516	4735
ns	516	517	4744
ns	517	518	4734
ns	518	519	4704
ns	519	520	4762
ns	520	521	4734
ns	521	522	4932
ns	522	523	5040
ns	523	524	5055
ns	524	525	5047
ns	525	526	5013
ns	526	527	5011
ns	527	528	5146
ns	528	529	5168
ns	529	530	5262
ns	530	531	5198
ns	531	532	5561
ns	532	533	5682
ns	533	534	5744
ns	534	535	6157
ns	535	536	6158
ns	536	537	6105
ns	537	538	6092
ns	538	539	6023
ns	539	540	5982
ns	540	541	5742
ns	541	542	5709
ns	542	543	5700
ns	543	544	5411
ns	544	545	5424
ns	545	546	5445
ns	546	547	5450
ns	547	548	5480
ns	548	549	5483
ns	549	550	5489
ns	550	551	5532
ns	551	552	5522
ns	552	553	5565
ns	553	554	5549
ns	554	555	5537
ns	555	556	5599
ns	556	557	5570
ns	557	558	5582
ns	558	559	5575
ns	559	560	5567
ns	560	561	5561
ns	561	562	5521
ns	562	563	5531
ns	563	564	5567
ns	564	565	5531
ns	565	566	5601
ns	566	567	5592
ns	567	568	5590
ns	568	569	5632
ns	569	570	5630
ns	570	571	5635
ns	571	572	5637
ns	572	573	5605
ns	573	574	5618
ns	574	575	5575
ns	575	576	5581
ns	576	577	5646
ns	577	578	5615
ns	578	579	5682
ns	579	580	5686
ns	580	581	5712
ns	581	582	5772
ns	582	583	5764
ns	583	584	5750
ns	584	585	5730
ns	585	586	5632
ns	586	587	5724
ns	587	588	5649
ns	588	589	5686
ns	589	590	6006
ns	590	591	6038
ns	591	592	6057
ns	592	593	6060
ns	593	594	6087
ns	594	595	6130
ns	595	596	6049
ns	596	597	5879
ns	597	598	5900
ns	598	599	5363
ns	599	600	5561
ns	600	601	5539
ns	601	602	5530
ns	602	603	5537
ns	603	604	5451
ns	604	605	5407
ns	605	606	5427
ns	606	607	5388
ns	607	608	5462
ns	608	609	5173
ns	609	610	5167
ns	610	611	5162
ns	611	612	5170
ns	612	613	5178
ns	613	614	5141
ns	614	615	5171
ns	615	616	5199
ns	616	617	5027
ns	617	618	5284
ns	618	619	5274
ns	619	620	5360
ns	620	621	5365
ns	621	622	5327
ns	622	623	5335
ns	623	624	5226
ns	624	625	5196
ns	625	626	5162
ns	626	627	4798
ns	627	628	4795
ns	628	629	4758
ns	629	630	4771
ns	630	631	4760
ns	631	632	4752
ns	632	633	4750
ns	633	634	4713
ns	634	635	4810
ns	635	636	4812
ns	636	637	4797
ns	637	638	4778
ns	638	639	4751
ns	639	640	4833
ns	640	641	4858
ns	641	642	4837
ns	642	643	4987
ns	643	644	4978
ns	644	646	4994
ns	646	647	4962
ns	647	648	5006
ns	648	649	4810
ns	649	650	4871
ns	650	651	4905
ns	651	652	4663
ns	652	653	4689
ns	653	654	4642
ns	654	655	4692
ns	655	656	4689
ns	656	657	4631
ns	657	658	4632
ns	658	659	4457
ns	659	660	4523
ns	660	661	4672
ns	661	662	4668
ns	662	663	4679
ns	663	664	4645
ns	664	665	4642
ns	665	666	4670
ns	666	667	4658
ns	667	668	4702
ns	668	669	4512
ns	669	670	4681
ns	670	671	4680
ns	671	672	4666
ns	672	673	4649
ns	673	674	4630
ns	674	675	4659
ns	675	676	4655
ns	676	677	4635
ns	677	678	4618
ns	678	679	4391
ns	679	680	4388
ns	680	681	4397
ns	681	682	4392
ns	682	683	4358
ns	683	684	4384
ns	684	685	4385
ns	685	686	4373
ns	686	687	4385
ns	687	688	4405
ns	688	689	4404
ns	689	690	4406
ns	690	691	4412
ns	691	692	4433
ns	692	693	4481
ns	693	694	4446
ns	694	695	4450
ns	695	696	4446
ns	696	697	4510
ns	697	698	4570
ns	698	699	4577
ns	699	700	4651
ns	700	701	4629
ns	701	702	4631
ns	702	703	4625
ns	703	704	4640
ns	704	705	4645
ns	705	706	4593
ns	706	707	4591
ns	707	708	4583
ns	708	709	4539
ns	709	710	4521
ns	710	712	4537
ns	712	713	4558
ns	713	714	4579
ns	714	715	4466
ns	715	716	4469
ns	716	717	4484
ns	717	718	4500
ns	718	719	4493
ns	719	720	4460
ns	720	721	4565
ns	721	722	4574
ns	722	723	4515
ns	723	724	4497
ns	724	725	4553
ns	725	726	4527
ns	726	727	4536
ns	727	728	4529
ns	728	729	4519
ns	729	730	4388
ns	730	731	4308
ns	731	732	4302
ns	732	733	4289
ns	733	734	4226
ns	734	735	4332
ns	735	736	4351
ns	736	737	4418
ns	737	738	4395
ns	738	739	4414
ns	739	740	4439
ns	740	741	4370
ns	741	742	4350
ns	742	743	4343
ns	743	744	4145
ns	744	745	4219
ns	745	746	4145
ns	746	747	4158
ns	747	748	4134
ns	748	749	4145
ns	749	750	4147
ns	750	751	4104
ns	751	752	4102
ns	752	753	4106
ns	753	754	4003
ns	754	755	4215
ns	755	757	4208
ns	757	758	4192
ns	758	759	4191
ns	759	760	4188
ns	760	761	4252
ns	761	762	4270
ns	762	763	4216
ns	763	764	4026
ns	764	765	3997
ns	765	766	4093
ns	766	767	4106
ns	767	768	4022
ns	768	769	3986
ns	769	770	3825
ns	770	771	3878
ns	771	772	3855
ns	772	773	3796
ns	773	774	3792
ns	774	775	3673
ns	775	776	3745
ns	776	777	3732
ns	777	778	3726
ns	778	779	3734
ns	779	780	3670
ns	780	781	3671
ns	781	782	3664
ns	782	783	3649
ns	783	784	3654
ns	784	785	3466
ns	785	786	3506
ns	786	788	3500
ns	788	789	3498
ns	789	790	3499
ns	790	791	3520
ns	791	792	3509
ns	792	793	3471
ns	793	794	3419
ns	794	795	3334
ns	795	796	3340
ns	796	797	3336
ns	797	798	3334
ns	798	799	3295
ns	799	800	3148
ns	800	801	3136
ns	801	802	3155
ns	802	803	3262
ns	803	804	3249
ns	804	805	3225
ns	805	806	3224
ns	806	807	3229
ns	807	808	3258
ns	808	809	3251
ns	809	810	3231
ns	810	811	3210
ns	811	812	2664
ns	812	813	2637
ns	813	814	2615
ns	814	815	2575
ns	815	816	2587
ns	816	817	2458
ns	817	818	2454
ns	818	819	2432
ns	819	820	2381
ns	820	821	2396
ns	821	822	2387
ns	822	823	2383
ns	823	824	2379
ns	824	825	2213
ns	825	826	2220
ns	826	827	2208
ns	827	828	2206
ns	828	829	2180
ns	829	830	2010
ns	830	831	2008
ns	831	832	2000
ns	832	833	1968
ns	833	834	1998
ns	834	835	1813
ns	835	836	1808
ns	836	837	1785
ns	837	838	1777
ns	838	839	1776
ns	839	840	1730
ns	840	841	1712
ns	841	842	1698
ns	842	843	1426
ns	843	844	1414
ns	844	845	1412
ns	845	847	1404
ns	847	848	1329
ns	848	849	1322
ns	849	850	1316
ns	850	851	1297
ns	851	852	1291
ns	852	853	1281
ns	853	855	1269
ns	855	856	1260
ns	856	857	1211
ns	857	858	1197
ns	858	859	1179
ns	859	860	1177
ns	860	861	1174
ns	861	862	1161
ns	862	863	1107
ns	863	864	1066
ns	864	865	1035
ns	865	866	1030
ns	866	867	1001
ns	867	868	890
ns	868	869	870
ns	869	870	871
ns	870	871	864
ns	871	872	861
ns	872	873	851
ns	873	874	844
ns	874	875	839
ns	875	877	760
ns	877	878	741
ns	878	879	724
ns	879	880	699
ns	880	882	678
ns	882	883	668
ns	883	884	658
ns	884	885	655
ns	885	886	512
ns	886	887	483
ns	887	888	472
ns	888	889	470
ns	889	890	90
na	0	1	1122
na	1	2	1395
na	2	3	1414
na	3	4	1426
na	4	5	1523
na	5	6	1591
na	6	7	1594
na	7	8	1596
na	8	10	1605
na	10	11	1607
na	11	12	1613
na	12	13	1633
na	13	14	1748
na	14	15	1760
na	15	16	1769
na	16	18	1776
na	18	19	1824
na	19	20	1838
na	20	21	1841
na	21	22	1843
na	22	23	1850
na	23	24	1854
na	24	25	1884
na	25	26	1886
na	26	27	1893
na	27	28	1896
na	28	29	1900
na	29	30	1961
na	30	31	1966
na	31	32	1983
na	32	33	1992
na	33	34	1892
na	34	35	1908
na	35	36	1919
na	36	37	1941
na	37	38	2339
na	38	39	2382
na	39	40	2404
na	40	41	2455
na	41	42	2495
na	42	43	2537
na	43	44	2562
na	44	45	2727
na	45	46	2847
na	46	47	2857
na	47	48	2874
na	48	49	2881
na	49	50	2878
na	50	51	2931
na	51	52	2983
na	52	53	2992
na	53	54	2987
na	54	55	2995
na	55	56	3028
na	56	57	3062
na	57	58	3072
na	58	59	3140
na	59	60	3130
na	60	61	3234
na	61	62	3245
na	62	63	3254
na	63	64	3298
na	64	65	3311
na	65	66	3402
na	66	67	3401
na	67	68	3402
na	68	69	3409
na	69	70	3408
na	70	71	3420
na	71	72	3479
na	72	73	3545
na	73	74	3548
na	74	75	3530
na	75	76	3700
na	76	78	3737
na	78	79	3749
na	79	81	3769
na	81	82	3832
na	82	83	3822
na	83	84	3836
na	84	85	3803
na	85	86	3801
na	86	87	3887
na	87	88	3871
na	88	89	3887
na	89	90	3896
na	90	91	3852
na	91	92	3863
na	92	93	3871
na	93	94	3873
na	94	95	3871
na	95	96	3848
na	96	97	3879
na	97	98	3871
na	98	99	3868
na	99	100	3872
na	100	101	3873
na	101	102	3904
na	102	103	4097
na	103	104	4525
na	104	105	4516
na	105	106	4511
na	106	107	4494
na	107	108	4556
na	108	109	4709
na	109	110	4735
na	110	111	4706
na	111	112	5224
na	112	113	5011
na	113	114	5114
na	114	115	5107
na	115	116	5119
na	116	117	5102
na	117	118	5085
na	118	119	5108
na	119	120	5105
na	120	121	4790
na	121	122	4846
na	122	123	4827
na	123	124	4822
na	124	125	4820
na	125	126	4847
na	126	127	4794
na	127	128	4771
na	128	129	4770
na	129	130	4789
na	130	131	4774
na	131	132	4810
na	132	133	4794
na	133	134	4815
na	134	135	4828
na	135	136	4811
na	136	137	4812
na	137	138	4811
na	138	139	4847
na	139	140	4839
na	140	141	4817
na	141	142	4822
na	142	143	4829
na	143	144	4843
na	144	145	4827
na	145	147	4836
na	147	148	4789
na	148	149	4793
na	149	150	4697
na	150	151	4588
na	151	152	4517
na	152	153	4450
na	153	154	4373
na	154	155	4427
na	155	156	4426
na	156	157	4425
na	157	158	4414
na	158	159	4446
na	159	160	4432
na	160	161	4420
na	161	162	4384
na	162	163	4244
na	163	164	4181
na	164	165	4168
na	165	166	4171
na	166	167	4196
na	167	168	4132
na	168	169	4159
na	169	170	4173
na	170	171	4174
na	171	172	4148
na	172	174	4154
na	174	175	4170
na	175	176	4125
na	176	177	4201
na	177	178	4124
na	178	179	4134
na	179	180	4124
na	180	181	4110
na	181	182	4101
na	182	183	4117
na	183	184	4092
na	184	185	4057
na	185	186	3702
na	186	187	3703
na	187	188	3610
na	188	189	3526
na	189	190	3529
na	190	191	3563
na	191	192	3553
na	192	193	3537
na	193	194	3571
na	194	195	3531
na	195	196	2550
na	196	197	2765
na	197	198	2794
na	198	199	2807
na	199	200	2712
na	200	201	2686
na	201	202	2678
na	202	203	2648
na	203	204	2649
na	204	205	2568
na	205	206	2581
na	206	207	2589
na	207	208	2616
na	208	210	2615
na	210	211	2588
na	211	212	2672
na	212	213	2682
na	213	214	2684
na	214	215	2654
na	215	216	2638
na	216	217	2570
na	217	218	2681
na	218	219	2668
na	219	220	2663
na	220	221	2570
na	221	222	2556
na	222	223	2689
na	223	224	2699
na	224	225	2673
na	225	226	2664
na	226	227	2659
na	227	228	2728
na	228	229	2738
na	229	230	2712
na	230	231	2628
na	231	232	2488
na	232	233	2494
na	233	234	2504
na	234	235	2517
na	235	236	2409
na	236	237	2324
na	237	238	2346
na	238	239	2359
na	239	240	2371
na	240	241	2374
na	241	242	2410
na	242	243	2416
na	243	244	2482
na	244	245	2472
na	245	246	2508
na	246	247	2510
na	247	248	2498
na	248	249	2522
na	249	250	2518
na	250	251	2521
na	251	252	2522
na	252	253	2474
na	253	254	2516
na	254	255	2538
na	255	256	2570
na	256	257	2566
na	257	258	2592
na	258	259	2591
na	259	260	2601
na	260	261	2603
na	261	262	2617
na	262	263	2562
na	263	264	2541
na	264	265	2576
na	265	266	2444
na	266	267	2452
na	267	268	2456
na	268	269	2457
na	269	270	2463
na	270	271	2469
na	271	272	2461
na	272	273	2475
na	273	274	2457
na	274	275	2477
na	275	276	2480
na	276	277	2487
na	277	278	2492
na	278	279	2528
na	279	280	2529
na	280	281	2551
na	281	282	2538
na	282	283	2581
na	283	284	2600
na	284	285	2629
na	285	286	2634
na	286	287	2608
na	287	288	2584
na	288	289	2610
na	289	290	2626
na	290	291	2631
na	291	292	2614
na	292	293	2618
na	293	294	2597
na	294	295	2630
na	295	296	2651
na	296	297	2655
na	297	298	2648
na	298	299	2653
na	299	300	2655
na	300	301	2668
na	301	302	2675
na	302	303	2643
na	303	304	2652
na	304	305	2628
na	305	307	2629
na	307	308	2632
na	308	309	2619
na	309	310	2632
na	310	311	2725
na	311	313	2866
na	313	314	2860
na	314	315	2973
na	315	316	2976
na	316	317	3017
na	317	318	3004
na	318	319	2975
na	319	320	2985
na	320	321	2733
na	321	322	2747
na	322	323	2780
na	323	324	2693
na	324	325	2687
na	325	326	2735
na	326	327	2750
na	327	328	2737
na	328	329	2731
na	329	330	2696
na	330	331	2704
na	331	332	2718
na	332	333	2854
na	333	334	3017
na	334	335	2954
na	335	336	2926
na	336	337	2935
na	337	338	2950
na	338	339	2966
na	339	340	2958
na	340	341	2974
na	341	342	2876
na	342	343	2704
na	343	344	2679
na	344	345	2693
na	345	346	2774
na	346	347	2821
na	347	348	2812
na	348	349	2798
na	349	351	2784
na	351	352	2811
na	352	353	2815
na	353	354	2861
na	354	355	2873
na	355	356	2784
na	356	357	2800
na	357	358	2834
na	358	359	2832
na	359	360	2890
na	360	361	2889
na	361	362	2885
na	362	363	2873
na	363	364	2842
na	364	365	2862
na	365	366	2870
na	366	367	2835
na	367	368	2825
na	368	369	2782
na	369	371	2800
na	371	372	2790
na	372	373	2784
na	373	374	2750
na	374	375	2754
na	375	376	2736
na	376	377	2796
na	377	378	2776
na	378	379	2798
na	379	380	2792
na	380	381	2794
na	381	382	2797
na	382	383	2800
na	383	384	2864
na	384	385	2871
na	385	386	2782
na	386	387	2779
na	387	388	2744
na	388	389	2746
na	389	390	2753
na	390	391	2754
na	391	392	2760
na	392	393	2739
na	393	394	2762
na	394	395	2743
na	395	396	2849
na	396	398	2853
na	398	399	2843
na	399	400	2842
na	400	401	2823
na	401	402	2827
na	402	403	2797
na	403	404	2787
na	404	405	2620
na	405	406	2616
na	406	407	2606
na	407	408	2591
na	408	409	2602
na	409	410	2591
na	410	411	2572
na	411	412	2587
na	412	413	2550
na	413	414	2526
na	414	417	2523
na	417	418	2539
na	418	419	2553
na	419	420	2551
na	420	421	2496
na	421	422	2512
na	422	423	2516
na	423	424	2537
na	424	425	2498
na	425	426	2512
na	426	427	2471
na	427	428	2470
na	428	429	2477
na	429	430	2474
na	430	431	2453
na	431	432	2436
na	432	433	2408
na	433	434	2384
na	434	435	2385
na	435	436	2387
na	436	437	2477
na	437	438	2476
na	438	439	2459
na	439	440	2457
na	440	441	2417
na	441	442	2441
na	442	443	2443
na	443	444	2393
na	444	445	2386
na	445	446	2194
na	446	447	2198
na	447	448	2199
na	448	449	2232
na	449	450	2230
na	450	451	2183
na	451	452	2221
na	452	453	2204
na	453	455	2221
na	455	456	2214
na	456	457	2212
na	457	458	2119
na	458	459	2104
na	459	460	2094
na	460	461	2016
na	461	462	1986
na	462	463	1962
na	463	464	1911
na	464	465	2018
na	465	466	2003
na	466	467	2006
na	467	468	2010
na	468	469	2005
na	469	470	2008
na	470	471	1995
na	471	473	1956
na	473	474	1765
na	474	475	1762
na	475	476	1778
na	476	477	1773
na	477	478	1775
na	478	479	1835
na	479	480	1841
na	480	481	1824
na	481	482	1852
na	482	483	1862
na	483	484	1881
na	484	485	1872
na	485	486	1859
na	486	487	1860
na	487	488	1647
na	488	489	1665
na	489	490	1661
na	490	491	1604
na	491	492	1627
na	492	493	1578
na	493	494	1582
na	494	495	1581
na	495	496	1575
na	496	497	1570
na	497	498	1523
na	498	499	1532
na	499	500	1536
na	500	501	1497
na	501	502	1521
na	502	504	1527
na	504	505	1533
na	505	506	1528
na	506	507	1573
na	507	508	1578
na	508	509	1610
na	509	510	1622
na	510	511	1620
na	511	512	1611
na	512	513	1617
na	513	514	1604
na	514	515	1600
na	515	516	1617
na	516	517	1624
na	517	518	1620
na	518	519	1629
na	519	520	1622
na	520	521	1619
na	521	522	1714
na	522	523	1726
na	523	524	1739
na	524	525	1760
na	525	526	1692
na	526	527	1732
na	527	528	1719
na	528	529	1722
na	529	530	1750
na	530	531	1695
na	531	532	1760
na	532	533	1756
na	533	534	1733
na	534	535	1729
na	535	536	1704
na	536	537	1720
na	537	538	1729
na	538	539	1770
na	539	540	1751
na	540	541	1730
na	541	542	1749
na	542	543	1758
na	543	544	1761
na	544	545	1766
na	545	546	1759
na	546	547	1771
na	547	548	1736
na	548	549	1753
na	549	550	1754
na	550	551	1761
na	551	552	1767
na	552	553	1756
na	553	554	1755
na	554	555	1770
na	555	556	1772
na	556	557	1793
na	557	558	1777
na	558	559	1784
na	559	560	1785
na	560	563	1797
na	563	564	1799
na	564	565	1828
na	565	566	1807
na	566	567	1817
na	567	568	1813
na	568	569	1808
na	569	570	1807
na	570	571	1822
na	571	572	1823
na	572	573	1821
na	573	574	1782
na	574	575	1783
na	575	576	1779
na	576	577	1773
na	577	578	1781
na	578	579	1782
na	579	580	1788
na	580	581	1783
na	581	582	1770
na	582	583	1769
na	583	584	1766
na	584	585	1744
na	585	586	1754
na	586	587	1741
na	587	588	1713
na	588	589	1699
na	589	590	1707
na	590	591	1705
na	591	592	1710
na	592	593	1723
na	593	594	1719
na	594	595	1729
na	595	596	1717
na	596	597	1712
na	597	598	1710
na	598	599	1689
na	599	600	1685
na	600	601	1687
na	601	602	1679
na	602	603	1664
na	603	604	1644
na	604	605	1636
na	605	606	1643
na	606	607	1636
na	607	608	1614
na	608	609	1612
na	609	610	1609
na	610	611	1608
na	611	612	1606
na	612	613	1581
na	613	614	1573
na	614	615	1569
na	615	616	1564
na	616	617	1575
na	617	618	1535
na	618	619	1536
na	619	620	1535
na	620	621	1529
na	621	622	1531
na	622	623	1520
na	623	624	1484
na	624	625	1478
na	625	626	1363
na	626	627	1379
na	627	628	1356
na	628	629	1354
na	629	630	1340
na	630	631	1295
na	631	632	1276
na	632	633	1283
na	633	634	1282
na	634	635	1284
na	635	636	1298
na	636	637	1267
na	637	638	1271
na	638	639	1239
na	639	640	1221
na	640	641	1222
na	641	642	1138
na	642	643	1116
na	643	644	1118
na	644	645	1050
na	645	646	1048
na	646	647	1024
na	647	648	1036
na	648	649	1038
na	649	650	1024
na	650	651	1017
na	651	652	1025
na	652	653	988
na	653	654	1002
na	654	655	1012
na	655	656	1015
na	656	657	1000
na	657	658	979
na	658	659	912
na	659	660	913
na	660	661	877
na	661	662	882
na	662	663	859
na	663	664	1065
na	664	665	1053
na	665	666	1092
na	666	667	1084
na	667	668	1082
na	668	669	1073
na	669	670	1054
na	670	671	1088
na	671	672	1082
na	672	673	1065
na	673	674	958
na	674	675	948
na	675	676	947
na	676	677	962
na	677	678	955
na	678	679	960
na	679	680	963
na	680	681	970
na	681	682	1070
na	682	683	1084
na	683	684	1101
na	684	685	1139
na	685	686	1146
na	686	687	1189
na	687	688	1190
na	688	689	1208
na	689	690	1214
na	690	691	1182
na	691	692	1188
na	692	693	1180
na	693	694	1223
na	694	695	1222
na	695	696	1268
na	696	697	1288
na	697	698	1278
na	698	699	1283
na	699	700	1285
na	700	701	1288
na	701	702	1302
na	702	703	1323
na	703	704	1389
na	704	705	1366
na	705	706	1377
na	706	707	1379
na	707	708	1411
na	708	709	1416
na	709	710	1417
na	710	711	1415
na	711	712	1412
na	712	713	1389
na	713	714	1396
na	714	715	1401
na	715	716	1402
na	716	717	1386
na	717	718	1434
na	718	719	1493
na	719	720	1492
na	720	722	1496
na	722	723	1500
na	723	724	1507
na	724	725	1514
na	725	726	1522
na	726	727	1533
na	727	728	1466
na	728	729	1474
na	729	730	1482
na	730	731	1485
na	731	732	1497
na	732	733	1509
na	733	734	1520
na	734	735	1501
na	735	736	1483
na	736	737	1481
na	737	738	1515
na	738	739	1531
na	739	740	1546
na	740	741	1548
na	741	742	1538
na	742	743	1534
na	743	745	1541
na	745	746	1551
na	746	747	1515
na	747	748	1574
na	748	749	1541
na	749	750	1530
na	750	751	1529
na	751	753	1537
na	753	754	1534
na	754	755	1530
na	755	756	1535
na	756	757	1419
na	757	758	1449
na	758	759	1462
na	759	760	1514
na	760	761	1512
na	761	763	1510
na	763	764	1488
na	764	765	1516
na	765	766	1529
na	766	767	1485
na	767	768	1475
na	768	770	1418
na	770	771	1448
na	771	772	1446
na	772	773	1438
na	773	774	1407
na	774	775	1399
na	775	776	1402
na	776	777	1403
na	777	779	1410
na	779	780	1371
na	780	781	1372
na	781	782	1376
na	782	783	1387
na	783	784	1380
na	784	785	1376
na	785	786	1378
na	786	787	1384
na	787	788	1379
na	788	789	1368
na	789	790	1387
na	790	791	1386
na	791	792	1398
na	792	793	1394
na	793	794	1363
na	794	795	1385
na	795	796	1382
na	796	797	1378
na	797	798	1376
na	798	799	1359
na	799	800	1378
na	800	801	1360
na	801	802	1363
na	802	803	1356
na	803	804	1334
na	804	805	1324
na	805	806	1320
na	806	807	1326
na	807	808	1315
na	808	809	1298
na	809	810	1300
na	810	811	1298
na	811	812	1303
na	812	813	1297
na	813	814	1320
na	814	815	1304
na	815	816	1295
na	816	817	1300
na	817	818	1284
na	818	820	1292
na	820	821	1291
na	821	822	1297
na	822	823	1279
na	823	824	1287
na	824	825	1295
na	825	826	1290
na	826	827	1308
na	827	828	1281
na	828	829	1280
na	829	830	1281
na	830	831	1271
na	831	832	1302
na	832	833	1294
na	833	834	1304
na	834	835	1312
na	835	836	1319
na	836	837	1397
na	837	838	1393
na	838	839	1397
na	839	840	1392
na	840	841	1374
na	841	842	1400
na	842	843	1394
na	843	844	1458
na	844	845	1510
na	845	846	1477
na	846	847	1481
na	847	848	1468
na	848	849	1478
na	849	850	1474
na	850	851	1463
na	851	852	1471
na	852	853	1350
na	853	854	1367
na	854	855	1327
na	855	857	1324
na	857	858	1321
na	858	859	1362
na	859	860	1409
na	860	861	1407
na	861	862	1424
na	862	864	1405
na	864	865	1432
na	865	866	1428
na	866	867	1432
na	867	868	1404
na	868	869	1353
na	869	871	1351
na	871	873	1350
na	873	874	1340
na	874	875	1341
na	875	876	1336
na	876	877	1334
na	877	878	1330
na	878	879	1348
na	879	880	1361
na	880	881	1402
na	881	882	1427
na	882	883	1433
na	883	884	1414
na	884	885	1425
na	885	886	1419
na	886	887	1431
na	887	888	1398
na	888	889	1408
na	889	890	1363
na	890	891	1368
na	891	892	1350
na	892	893	1390
na	893	895	1391
na	895	896	1386
na	896	897	1371
na	897	898	1402
na	898	899	1391
na	899	900	1407
na	900	901	1405
na	901	902	1382
na	902	903	1390
na	903	904	1400
na	904	905	1401
na	905	906	1392
na	906	907	1374
na	907	908	1372
na	908	909	1357
na	909	910	1346
na	910	911	1331
na	911	912	1360
na	912	914	1378
na	914	915	1383
na	915	916	1388
na	916	917	1386
na	917	918	1376
na	918	919	1375
na	919	920	1376
na	920	921	1319
na	921	922	1322
na	922	923	1311
na	923	924	1320
na	924	926	1321
na	926	928	1318
na	928	929	1324
na	929	930	1325
na	930	931	1258
na	931	932	1260
na	932	933	1254
na	933	934	1266
na	934	935	1269
na	935	936	1263
na	936	938	1273
na	938	939	1269
na	939	940	1279
na	940	941	1275
na	941	942	1269
na	942	943	1257
na	943	944	1260
na	944	945	1268
na	945	946	1270
na	946	947	1271
na	947	948	1267
na	948	949	1262
na	949	950	1266
na	950	951	1267
na	951	952	1259
na	952	953	1290
na	953	954	1287
na	954	955	1361
na	955	956	1365
na	956	957	1368
na	957	958	1371
na	958	959	1375
na	959	960	1386
na	960	961	1383
na	961	962	1325
na	962	963	1404
na	963	964	1338
na	964	965	1418
na	965	966	1412
na	966	967	1411
na	967	968	1424
na	968	970	1413
na	970	971	1415
na	971	972	1304
na	972	973	1297
na	973	974	1276
na	974	975	1171
na	975	976	1173
na	976	977	1158
na	977	978	1152
na	978	979	1155
na	979	980	1151
na	980	981	1170
na	981	982	1162
na	982	983	1161
na	983	984	1170
na	984	985	1164
na	985	986	1162
na	986	987	1161
na	987	988	1175
na	988	989	1166
na	989	990	1154
na	990	991	1142
na	991	992	1138
na	992	993	1120
na	993	994	1114
na	994	995	1104
na	995	996	1100
na	996	997	1084
na	997	998	1086
na	998	1000	1089
na	1000	1001	1103
na	1001	1002	1096
na	1002	1003	1105
na	1003	1004	1103
na	1004	1005	1104
na	1005	1006	1139
na	1006	1007	1144
na	1007	1008	1147
na	1008	1009	1143
na	1009	1010	1119
na	1010	1011	1117
na	1011	1012	1119
na	1012	1013	1110
na	1013	1014	1111
na	1014	1015	1092
na	1015	1016	1078
na	1016	1017	1085
na	1017	1018	1081
na	1018	1019	1085
na	1019	1020	1080
na	1020	1023	1100
na	1023	1024	1108
na	1024	1025	1084
na	1025	1026	1087
na	1026	1027	1115
na	1027	1028	1103
na	1028	1029	1107
na	1029	1030	1083
na	1030	1031	1063
na	1031	1032	1074
na	1032	1033	1060
na	1033	1034	1102
na	1034	1035	1094
na	1035	1036	1110
na	1036	1038	1138
na	1038	1039	1188
na	1039	1040	1177
na	1040	1041	1179
na	1041	1042	1181
na	1042	1043	1118
na	1043	1044	1120
na	1044	1045	1117
na	1045	1046	1141
na	1046	1047	1159
na	1047	1048	1131
na	1048	1049	1130
na	1049	1051	1129
na	1051	1052	1132
na	1052	1053	1120
na	1053	1054	1143
na	1054	1055	1055
na	1055	1056	1067
na	1056	1057	1046
na	1057	1058	1053
na	1058	1059	1051
na	1059	1061	1044
na	1061	1062	1042
na	1062	1063	1030
na	1063	1064	1019
na	1064	1065	1003
na	1065	1066	1008
na	1066	1067	1005
na	1067	1068	1000
na	1068	1069	1037
na	1069	1070	1035
na	1070	1071	1030
na	1071	1072	1037
na	1072	1073	1043
na	1073	1074	1068
na	1074	1075	1092
na	1075	1076	1102
na	1076	1077	1104
na	1077	1078	1101
na	1078	1079	1178
na	1079	1080	1181
na	1080	1081	1271
na	1081	1082	1270
na	1082	1083	1260
na	1083	1084	1263
na	1084	1085	1264
na	1085	1086	1269
na	1086	1087	1315
na	1087	1088	1286
na	1088	1089	1316
na	1089	1090	1267
na	1090	1091	1270
na	1091	1092	1271
na	1092	1093	1284
na	1093	1094	1303
na	1094	1095	1302
na	1095	1096	1294
na	1096	1097	1258
na	1097	1098	1269
na	1098	1100	1267
na	1100	1101	1270
na	1101	1102	1305
na	1102	1103	1298
na	1103	1104	1300
na	1104	1105	1311
na	1105	1106	1309
na	1106	1107	1315
na	1107	1108	1301
na	1108	1110	1304
na	1110	1111	1346
na	1111	1112	1318
na	1112	1113	1314
na	1113	1114	1296
na	1114	1115	1289
na	1115	1116	1349
na	1116	1117	1360
na	1117	1118	1396
na	1118	1119	1400
na	1119	1120	1388
na	1120	1121	1384
na	1121	1122	1394
na	1122	1123	1400
na	1123	1124	1416
na	1124	1125	1379
na	1125	1126	1384
na	1126	1127	1331
na	1127	1128	1370
na	1128	1129	1394
na	1129	1130	1405
na	1130	1131	1404
na	1131	1132	1414
na	1132	1133	1421
na	1133	1134	1437
na	1134	1135	1434
na	1135	1136	1436
na	1136	1137	1426
na	1137	1138	1386
na	1138	1139	1394
na	1139	1140	1410
na	1140	1141	1417
na	1141	1142	1420
na	1142	1143	1413
na	1143	1144	1415
na	1144	1145	1414
na	1145	1146	1415
na	1146	1147	1437
na	1147	1148	1431
na	1148	1149	1456
na	1149	1150	1458
na	1150	1151	1447
na	1151	1152	1445
na	1152	1153	1444
na	1153	1154	1437
na	1154	1155	1441
na	1155	1156	1418
na	1156	1157	1421
na	1157	1158	1377
na	1158	1159	1379
na	1159	1160	1387
na	1160	1161	1388
na	1161	1162	1391
na	1162	1163	1387
na	1163	1164	1402
na	1164	1165	1393
na	1165	1166	1506
na	1166	1167	1500
na	1167	1168	1502
na	1168	1171	1486
na	1171	1172	1487
na	1172	1173	1459
na	1173	1174	1465
na	1174	1175	1474
na	1175	1176	1470
na	1176	1177	1474
na	1177	1178	1469
na	1178	1179	1466
na	1179	1180	1469
na	1180	1182	1464
na	1182	1183	1452
na	1183	1184	1438
na	1184	1185	1442
na	1185	1186	1427
na	1186	1187	1409
na	1187	1189	1418
na	1189	1190	1437
na	1190	1191	1435
na	1191	1192	1419
na	1192	1193	1438
na	1193	1194	1446
na	1194	1195	1495
na	1195	1196	1501
na	1196	1197	1460
na	1197	1198	1461
na	1198	1200	1435
na	1200	1201	1441
na	1201	1202	1410
na	1202	1203	1418
na	1203	1204	1366
na	1204	1205	1354
na	1205	1206	1541
na	1206	1207	1537
na	1207	1208	1531
na	1208	1209	1537
na	1209	1210	1541
na	1210	1211	1545
na	1211	1212	1540
na	1212	1213	1518
na	1213	1214	1515
na	1214	1215	1363
na	1215	1216	1429
na	1216	1217	1491
na	1217	1218	1490
na	1218	1219	1498
na	1219	1220	1490
na	1220	1221	1553
na	1221	1222	1566
na	1222	1223	1571
na	1223	1224	1567
na	1224	1225	1358
na	1225	1226	1359
na	1226	1227	1355
na	1227	1228	1359
na	1228	1229	1357
na	1229	1230	1316
na	1230	1231	1388
na	1231	1232	1389
na	1232	1233	1392
na	1233	1234	1404
na	1234	1235	1384
na	1235	1236	1391
na	1236	1237	1396
na	1237	1238	1393
na	1238	1239	1398
na	1239	1240	1400
na	1240	1241	1405
na	1241	1242	1413
na	1242	1243	1401
na	1243	1244	1407
na	1244	1245	1414
na	1245	1246	1475
na	1246	1247	1479
na	1247	1248	1472
na	1248	1249	1475
na	1249	1250	1476
na	1250	1251	1500
na	1251	1252	1501
na	1252	1253	1484
na	1253	1254	1483
na	1254	1255	1440
na	1255	1256	1445
na	1256	1257	1478
na	1257	1258	1494
na	1258	1259	1492
na	1259	1260	1526
na	1260	1261	1522
na	1261	1262	1540
na	1262	1263	1478
na	1263	1264	1481
na	1264	1265	1547
na	1265	1266	1557
na	1266	1267	2272
na	1267	1268	2289
na	1268	1269	2257
na	1269	1270	2475
na	1270	1271	2497
na	1271	1272	2507
na	1272	1273	2510
na	1273	1274	2525
na	1274	1275	2534
na	1275	1276	2567
na	1276	1277	2613
na	1277	1278	2611
na	1278	1279	2528
na	1279	1280	2527
na	1280	1281	2535
na	1281	1282	2562
na	1282	1283	2710
na	1283	1284	2707
na	1284	1285	2703
na	1285	1286	2706
na	1286	1287	2683
na	1287	1288	2768
na	1288	1289	2769
na	1289	1290	2767
na	1290	1291	2761
na	1291	1292	2738
na	1292	1293	2804
na	1293	1294	2810
na	1294	1295	2818
na	1295	1296	2814
na	1296	1297	2782
na	1297	1298	2964
na	1298	1299	2972
na	1299	1300	2966
na	1300	1301	2977
na	1301	1302	2907
na	1302	1303	2965
na	1303	1304	2977
na	1304	1305	2986
na	1305	1306	2997
na	1306	1307	2932
na	1307	1308	2974
na	1308	1309	3009
na	1309	1310	3046
na	1310	1311	3178
na	1311	1312	3144
na	1312	1313	3142
na	1313	1315	3133
na	1315	1316	2006
na	1316	1317	1953
na	1317	1318	1924
na	1318	1319	1940
na	1319	1320	3263
na	1320	1321	3277
na	1321	1322	3283
na	1322	1323	3276
na	1323	1324	3239
na	1324	1325	3201
na	1325	1326	3290
na	1326	1327	3288
na	1327	1328	3281
na	1328	1329	3286
na	1329	1330	3279
na	1330	1331	3276
na	1331	1332	3266
na	1332	1333	3276
na	1333	1334	3248
na	1334	1335	3235
na	1335	1336	3267
na	1336	1337	3266
na	1337	1338	3273
na	1338	1339	3248
na	1339	1340	3239
na	1340	1341	3225
na	1341	1342	3223
na	1342	1343	3217
na	1343	1344	3176
na	1344	1345	3273
na	1345	1346	3261
na	1346	1347	3266
na	1347	1348	3261
na	1348	1349	3258
na	1349	1350	3257
na	1350	1351	3267
na	1351	1352	3240
na	1352	1353	3236
na	1353	1355	3196
na	1355	1356	3174
na	1356	1357	3168
na	1357	1358	3160
na	1358	1359	3149
na	1359	1360	3153
na	1360	1361	3097
na	1361	1362	3124
na	1362	1363	3102
na	1363	1364	3157
na	1364	1365	3155
na	1365	1366	3115
na	1366	1367	3128
na	1367	1368	3092
na	1368	1369	3100
na	1369	1370	3059
na	1370	1371	3014
na	1371	1372	2986
na	1372	1373	2929
na	1373	1374	2839
na	1374	1375	2832
na	1375	1376	2747
na	1376	1377	2765
na	1377	1378	2739
na	1378	1379	2742
na	1379	1380	2738
na	1380	1381	2732
na	1381	1382	2704
na	1382	1383	2685
na	1383	1384	2641
na	1384	1385	2650
na	1385	1386	2628
na	1386	1387	2619
na	1387	1389	2578
na	1389	1390	2584
na	1390	1391	2586
na	1391	1392	2583
na	1392	1393	2561
na	1393	1394	2441
na	1394	1395	2438
na	1395	1396	2417
na	1396	1397	2419
na	1397	1398	2364
na	1398	1399	2367
na	1399	1400	2348
na	1400	1401	2355
na	1401	1402	2329
na	1402	1403	2315
na	1403	1404	2317
na	1404	1406	2296
na	1406	1407	2274
na	1407	1408	1715
na	1408	1409	1717
na	1409	1410	1694
na	1410	1411	1691
na	1411	1412	1688
na	1412	1413	1622
na	1413	1414	1606
na	1414	1415	1587
na	1415	1416	1566
na	1416	1417	1559
na	1417	1418	1473
na	1418	1419	1434
na	1419	1420	1417
na	1420	1421	1368
na	1421	1422	1363
na	1422	1423	1343
na	1423	1424	1330
na	1424	1425	1293
na	1425	1427	1072
na	1427	1428	1056
na	1428	1430	1007
na	1430	1431	882
na	1431	1432	875
na	1432	1433	733
na	1433	1434	729
na	1434	1435	722
na	1435	1436	670
na	1436	1437	667
na	1437	1439	627
na	1439	1441	625
na	1441	1442	617
na	1442	1446	513
na	1446	1448	505
na	1448	1449	500
na	1449	1450	489
na	1450	1451	478
na	1451	1452	420
na	1452	1453	410
na	1453	1454	344
na	1454	1455	337
na	1455	1456	336
na	1456	1457	130
pb2	0	1	691
pb2	1	2	861
pb2	2	3	865
pb2	3	4	872
pb2	4	5	935
pb2	5	6	944
pb2	6	8	947
pb2	8	10	953
pb2	10	11	1023
pb2	11	12	1034
pb2	12	13	1035
pb2	13	14	1041
pb2	14	15	1044
pb2	15	16	1128
pb2	16	17	1139
pb2	17	18	1141
pb2	18	19	1189
pb2	19	20	1194
pb2	20	21	1377
pb2	21	22	1398
pb2	22	23	1428
pb2	23	24	1530
pb2	24	25	1597
pb2	25	26	1720
pb2	26	27	1730
pb2	27	28	1751
pb2	28	29	1757
pb2	29	30	1815
pb2	30	31	1820
pb2	31	32	1826
pb2	32	33	1846
pb2	33	34	1849
pb2	34	35	2207
pb2	35	36	2216
pb2	36	37	2229
pb2	37	38	2360
pb2	38	39	2365
pb2	39	40	2410
pb2	40	41	2417
pb2	41	42	2428
pb2	42	43	2504
pb2	43	44	2533
pb2	44	45	2542
pb2	45	46	2552
pb2	46	47	2553
pb2	47	48	2596
pb2	48	49	2598
pb2	49	50	2614
pb2	50	51	2627
pb2	51	52	2752
pb2	52	53	2875
pb2	53	54	2880
pb2	54	55	2888
pb2	55	57	2898
pb2	57	58	2929
pb2	58	59	2940
pb2	59	60	2964
pb2	60	61	2980
pb2	61	62	2978
pb2	62	63	2976
pb2	63	64	2979
pb2	64	65	2982
pb2	65	66	3121
pb2	66	67	3117
pb2	67	69	3123
pb2	69	70	3126
pb2	70	71	3136
pb2	71	72	3135
pb2	72	73	3132
pb2	73	74	3159
pb2	74	75	3141
pb2	75	76	3236
pb2	76	77	3244
pb2	77	78	3258
pb2	78	79	3259
pb2	79	80	3271
pb2	80	81	3290
pb2	81	82	3482
pb2	82	83	3497
pb2	83	84	3543
pb2	84	85	3656
pb2	85	86	3612
pb2	86	87	3700
pb2	87	88	3732
pb2	88	89	3764
pb2	89	90	3755
pb2	90	91	3674
pb2	91	92	3688
pb2	92	93	3677
pb2	93	94	3669
pb2	94	95	3703
pb2	95	96	3674
pb2	96	97	3618
pb2	97	98	3689
pb2	98	99	3697
pb2	99	101	3830
pb2	101	102	3800
pb2	102	103	3815
pb2	103	104	3788
pb2	104	105	3836
pb2	105	106	3840
pb2	106	107	3792
pb2	107	108	3804
pb2	108	109	3741
pb2	109	110	3734
pb2	110	111	3764
pb2	111	112	3933
pb2	112	113	3946
pb2	113	114	3933
pb2	114	115	3946
pb2	115	116	4027
pb2	116	117	4032
pb2	117	118	4221
pb2	118	119	4235
pb2	119	120	4227
pb2	120	121	4168
pb2	121	122	4171
pb2	122	123	4253
pb2	123	124	4286
pb2	124	125	4231
pb2	125	126	4356
pb2	126	127	4273
pb2	127	128	4278
pb2	128	129	4290
pb2	129	130	4263
pb2	130	131	4408
pb2	131	132	4345
pb2	132	133	4366
pb2	133	134	4365
pb2	134	135	4235
pb2	135	136	4231
pb2	136	137	4235
pb2	137	138	4277
pb2	138	139	4273
pb2	139	140	4172
pb2	140	141	4200
pb2	141	142	4237
pb2	142	143	4243
pb2	143	144	4253
pb2	144	145	4385
pb2	145	146	4416
pb2	146	147	4434
pb2	147	148	4440
pb2	148	149	4366
pb2	149	150	4316
pb2	150	151	4215
pb2	151	152	4262
pb2	152	153	4276
pb2	153	154	4163
pb2	154	155	4152
pb2	155	156	4141
pb2	156	157	4179
pb2	157	158	4180
pb2	158	159	4166
pb2	159	160	4174
pb2	160	161	4108
pb2	161	162	4148
pb2	162	163	4132
pb2	163	164	4250
pb2	164	165	4262
pb2	165	166	4241
pb2	166	167	4247
pb2	167	168	4305
pb2	168	169	4352
pb2	169	170	4342
pb2	170	171	4335
pb2	171	172	4292
pb2	172	173	4183
pb2	173	174	4176
pb2	174	175	4161
pb2	175	176	4151
pb2	176	177	4087
pb2	177	178	4036
pb2	178	179	4080
pb2	179	180	4093
pb2	180	181	4120
pb2	181	182	4148
pb2	182	183	4116
pb2	183	185	4179
pb2	185	186	4272
pb2	186	187	4274
pb2	187	188	4245
pb2	188	189	4235
pb2	189	190	4226
pb2	190	191	4208
pb2	191	192	4285
pb2	192	193	4220
pb2	193	194	4224
pb2	194	195	4152
pb2	195	196	4144
pb2	196	197	4160
pb2	197	198	4161
pb2	198	199	4116
pb2	199	200	4186
pb2	200	201	4109
pb2	201	202	4132
pb2	202	203	4167
pb2	203	204	4131
pb2	204	205	4130
pb2	205	206	4125
pb2	206	207	4150
pb2	207	208	4142
pb2	208	209	4100
pb2	209	211	4098
pb2	211	212	4147
pb2	212	213	4141
pb2	213	214	4130
pb2	214	215	4184
pb2	215	216	4125
pb2	216	217	4271
pb2	217	218	4249
pb2	218	219	4254
pb2	219	220	4301
pb2	220	221	4240
pb2	221	222	4232
pb2	222	223	4227
pb2	223	224	4214
pb2	224	225	4205
pb2	225	226	4163
pb2	226	227	4168
pb2	227	228	4194
pb2	228	229	4191
pb2	229	230	4167
pb2	230	231	4166
pb2	231	232	4181
pb2	232	233	4169
pb2	233	234	4148
pb2	234	235	4150
pb2	235	236	4167
pb2	236	237	4205
pb2	237	238	4123
pb2	238	239	4107
pb2	239	240	4100
pb2	240	241	4177
pb2	241	242	4229
pb2	242	243	4221
pb2	243	244	4212
pb2	244	245	4150
pb2	245	246	4133
pb2	246	247	4212
pb2	247	248	4244
pb2	248	249	4217
pb2	249	250	4121
pb2	250	251	4034
pb2	251	252	3983
pb2	252	253	3979
pb2	253	254	4015
pb2	254	255	3984
pb2	255	256	4006
pb2	256	257	3917
pb2	257	258	3915
pb2	258	259	3905
pb2	259	260	3910
pb2	260	261	3943
pb2	261	262	3887
pb2	262	263	3874
pb2	263	264	3841
pb2	264	265	3792
pb2	265	266	3881
pb2	266	267	3884
pb2	267	268	3862
pb2	268	269	3852
pb2	269	270	3814
pb2	270	271	3820
pb2	271	272	3824
pb2	272	273	3825
pb2	273	274	3809
pb2	274	275	3721
pb2	275	276	3687
pb2	276	277	3653
pb2	277	278	3652
pb2	278	279	3618
pb2	279	280	3736
pb2	280	281	3756
pb2	281	282	3808
pb2	282	283	3810
pb2	283	284	3839
pb2	284	285	3851
pb2	285	286	3941
pb2	286	287	3946
pb2	287	288	3938
pb2	288	289	3723
pb2	289	290	3829
pb2	290	291	3765
pb2	291	292	3829
pb2	292	293	3756
pb2	293	294	3727
pb2	294	295	3622
pb2	295	296	3585
pb2	296	297	3602
pb2	297	298	3672
pb2	298	299	3537
pb2	299	300	3566
pb2	300	301	3494
pb2	301	302	3489
pb2	302	303	3476
pb2	303	304	3529
pb2	304	305	3531
pb2	305	306	3524
pb2	306	307	3455
pb2	307	308	3430
pb2	308	309	3464
pb2	309	310	3478
pb2	310	311	3460
pb2	311	312	3431
pb2	312	313	3427
pb2	313	314	3405
pb2	314	315	3419
pb2	315	317	3433
pb2	317	318	3367
pb2	318	319	3335
pb2	319	320	3315
pb2	320	321	3388
pb2	321	322	3359
pb2	322	323	3381
pb2	323	324	3411
pb2	324	325	3393
pb2	325	326	3378
pb2	326	327	3377
pb2	327	328	3336
pb2	328	329	3360
pb2	329	330	3251
pb2	330	331	3208
pb2	331	332	3200
pb2	332	333	3071
pb2	333	334	3062
pb2	334	335	3078
pb2	335	336	3047
pb2	336	337	3050
pb2	337	338	2962
pb2	338	339	2944
pb2	339	340	2941
pb2	340	341	3019
pb2	341	342	3031
pb2	342	343	3021
pb2	343	344	2982
pb2	344	345	2963
pb2	345	346	2956
pb2	346	347	3008
pb2	347	348	2997
pb2	348	349	2980
pb2	349	350	2963
pb2	350	351	2688
pb2	351	352	2748
pb2	352	353	2674
pb2	353	355	2701
pb2	355	356	2562
pb2	356	357	2585
pb2	357	358	2544
pb2	358	359	2790
pb2	359	360	2786
pb2	360	361	2673
pb2	361	362	2658
pb2	362	363	2592
pb2	363	364	2625
pb2	364	365	2623
pb2	365	366	2664
pb2	366	367	2695
pb2	367	368	2238
pb2	368	369	2272
pb2	369	370	2268
pb2	370	371	2269
pb2	371	372	2272
pb2	372	373	2211
pb2	373	374	2199
pb2	374	375	1970
pb2	375	376	1940
pb2	376	377	1935
pb2	377	378	1869
pb2	378	379	1866
pb2	379	380	1868
pb2	380	382	1874
pb2	382	383	1876
pb2	383	384	1873
pb2	384	385	1872
pb2	385	386	1867
pb2	386	387	1852
pb2	387	388	1849
pb2	388	389	1847
pb2	389	390	1856
pb2	390	391	1887
pb2	391	392	1883
pb2	392	393	1882
pb2	393	394	1885
pb2	394	395	1883
pb2	395	396	1878
pb2	396	397	1881
pb2	397	398	1921
pb2	398	399	1965
pb2	399	400	1955
pb2	400	401	1956
pb2	401	402	1973
pb2	402	403	1985
pb2	403	404	1982
pb2	404	405	2018
pb2	405	406	2056
pb2	406	407	2010
pb2	407	408	2005
pb2	408	409	2003
pb2	409	410	2014
pb2	410	411	2013
pb2	411	412	2020
pb2	412	413	2109
pb2	413	414	2122
pb2	414	415	2094
pb2	415	416	2090
pb2	416	417	2080
pb2	417	418	2084
pb2	418	419	2165
pb2	419	420	2160
pb2	420	421	2177
pb2	421	422	2154
pb2	422	423	2086
pb2	423	424	2187
pb2	424	426	2188
pb2	426	427	2181
pb2	427	428	2033
pb2	428	429	2113
pb2	429	430	2088
pb2	430	431	2097
pb2	431	432	2084
pb2	432	434	2012
pb2	434	435	2010
pb2	435	436	2002
pb2	436	437	1989
pb2	437	438	1951
pb2	438	439	1929
pb2	439	440	1925
pb2	440	441	1964
pb2	441	442	1992
pb2	442	443	1990
pb2	443	444	1992
pb2	444	445	1991
pb2	445	446	2093
pb2	446	447	2125
pb2	447	448	2143
pb2	448	449	2146
pb2	449	450	2106
pb2	450	451	2082
pb2	451	452	2129
pb2	452	453	2142
pb2	453	454	2143
pb2	454	455	2015
pb2	455	456	2014
pb2	456	457	2002
pb2	457	458	2026
pb2	458	459	2044
pb2	459	460	2049
pb2	460	461	2029
pb2	461	462	2045
pb2	462	463	2069
pb2	463	464	2289
pb2	464	465	2310
pb2	465	466	2308
pb2	466	467	2300
pb2	467	468	2283
pb2	468	470	2306
pb2	470	471	2308
pb2	471	472	2298
pb2	472	474	2152
pb2	474	475	2164
pb2	475	476	2167
pb2	476	477	2166
pb2	477	478	2146
pb2	478	479	2210
pb2	479	480	2203
pb2	480	481	2238
pb2	481	482	2242
pb2	482	483	2224
pb2	483	484	2248
pb2	484	485	2238
pb2	485	486	2276
pb2	486	487	2273
pb2	487	488	2224
pb2	488	489	2228
pb2	489	490	2193
pb2	490	491	2254
pb2	491	492	2259
pb2	492	493	2277
pb2	493	494	2290
pb2	494	495	2271
pb2	495	496	2273
pb2	496	497	2286
pb2	497	498	2276
pb2	498	499	2287
pb2	499	500	2225
pb2	500	501	2226
pb2	501	502	2248
pb2	502	503	2241
pb2	503	504	2253
pb2	504	505	2261
pb2	505	506	2256
pb2	506	507	2388
pb2	507	508	2406
pb2	508	509	2437
pb2	509	510	2418
pb2	510	511	2411
pb2	511	512	2425
pb2	512	513	2434
pb2	513	514	2458
pb2	514	515	2497
pb2	515	516	2374
pb2	516	517	2344
pb2	517	518	2305
pb2	518	519	2307
pb2	519	520	2340
pb2	520	521	2331
pb2	521	522	2321
pb2	522	523	2322
pb2	523	524	2281
pb2	524	525	2271
pb2	525	526	2283
pb2	526	527	2280
pb2	527	528	2288
pb2	528	529	2274
pb2	529	530	2291
pb2	530	531	2295
pb2	531	532	2299
pb2	532	533	2301
pb2	533	534	2313
pb2	534	535	2307
pb2	535	536	2306
pb2	536	537	2319
pb2	537	538	2324
pb2	538	539	2402
pb2	539	540	2381
pb2	540	541	2400
pb2	541	542	2380
pb2	542	543	2350
pb2	543	544	2348
pb2	544	545	2373
pb2	545	546	2359
pb2	546	547	2361
pb2	547	548	2274
pb2	548	549	2280
pb2	549	550	2299
pb2	550	551	2335
pb2	551	552	2358
pb2	552	553	2420
pb2	553	554	2410
pb2	554	555	2400
pb2	555	556	2401
pb2	556	557	2362
pb2	557	558	2357
pb2	558	559	2305
pb2	559	560	2288
pb2	560	561	2266
pb2	561	562	2234
pb2	562	563	2227
pb2	563	564	2240
pb2	564	565	2267
pb2	565	566	2295
pb2	566	567	2303
pb2	567	568	2304
pb2	568	569	2309
pb2	569	570	2313
pb2	570	571	2388
pb2	571	572	2384
pb2	572	573	2397
pb2	573	574	2379
pb2	574	575	2359
pb2	575	576	2383
pb2	576	577	2377
pb2	577	578	2387
pb2	578	579	2379
pb2	579	580	2335
pb2	580	581	2355
pb2	581	582	2371
pb2	582	583	2373
pb2	583	584	2388
pb2	584	585	2356
pb2	585	586	2364
pb2	586	587	2362
pb2	587	588	2397
pb2	588	589	2421
pb2	589	590	2397
pb2	590	591	2382
pb2	591	592	2375
pb2	592	593	2349
pb2	593	595	2383
pb2	595	596	2385
pb2	596	597	2345
pb2	597	598	2368
pb2	598	599	2389
pb2	599	600	2388
pb2	600	601	2412
pb2	601	602	2415
pb2	602	603	2373
pb2	603	604	2579
pb2	604	605	2566
pb2	605	606	2586
pb2	606	607	2573
pb2	607	608	2570
pb2	608	609	2589
pb2	609	610	2584
pb2	610	611	2550
pb2	611	612	2552
pb2	612	613	2385
pb2	613	614	2399
pb2	614	615	2414
pb2	615	616	2408
pb2	616	617	2421
pb2	617	618	2412
pb2	618	619	2414
pb2	619	620	2413
pb2	620	621	2386
pb2	621	622	2383
pb2	622	623	2390
pb2	623	624	2381
pb2	624	625	2463
pb2	625	626	2494
pb2	626	627	2561
pb2	627	628	2575
pb2	628	629	2572
pb2	629	630	2580
pb2	630	631	2581
pb2	631	632	2608
pb2	632	633	2671
pb2	633	634	2736
pb2	634	635	2743
pb2	635	636	2724
pb2	636	637	2782
pb2	637	638	2810
pb2	638	639	2828
pb2	639	640	2832
pb2	640	641	2836
pb2	641	642	2832
pb2	642	643	2711
pb2	643	644	2716
pb2	644	645	2814
pb2	645	647	2887
pb2	647	648	2871
pb2	648	649	2882
pb2	649	650	2999
pb2	650	651	3001
pb2	651	652	2969
pb2	652	653	2982
pb2	653	654	2879
pb2	654	655	2909
pb2	655	656	2842
pb2	656	657	2834
pb2	657	658	2815
pb2	658	659	2741
pb2	659	660	2783
pb2	660	661	2799
pb2	661	662	2796
pb2	662	663	2816
pb2	663	664	2793
pb2	664	665	2789
pb2	665	666	2792
pb2	666	667	2791
pb2	667	668	2862
pb2	668	669	2863
pb2	669	670	2868
pb2	670	671	2864
pb2	671	672	2868
pb2	672	673	2885
pb2	673	674	2928
pb2	674	675	2963
pb2	675	676	2959
pb2	676	677	2960
pb2	677	678	2985
pb2	678	679	2997
pb2	679	680	3012
pb2	680	681	3054
pb2	681	682	3051
pb2	682	683	3028
pb2	683	684	2977
pb2	684	685	2986
pb2	685	686	3000
pb2	686	687	3027
pb2	687	688	3021
pb2	688	689	2990
pb2	689	690	2983
pb2	690	691	3006
pb2	691	692	3060
pb2	692	693	3056
pb2	693	694	3099
pb2	694	695	3133
pb2	695	696	3158
pb2	696	697	3153
pb2	697	698	3158
pb2	698	700	3184
pb2	700	701	3189
pb2	701	702	3198
pb2	702	703	3151
pb2	703	704	3358
pb2	704	705	3354
pb2	705	706	3595
pb2	706	707	3593
pb2	707	708	3633
pb2	708	709	3642
pb2	709	710	3880
pb2	710	711	3939
pb2	711	712	3963
pb2	712	713	3947
pb2	713	714	3804
pb2	714	715	3768
pb2	715	716	3683
pb2	716	717	3677
pb2	717	718	3726
pb2	718	719	3619
pb2	719	720	3618
pb2	720	721	3622
pb2	721	722	3628
pb2	722	723	3789
pb2	723	724	3917
pb2	724	725	3994
pb2	725	726	3995
pb2	726	727	3950
pb2	727	728	3952
pb2	728	729	3959
pb2	729	731	3973
pb2	731	732	3945
pb2	732	733	3898
pb2	733	734	3904
pb2	734	735	3978
pb2	735	736	4009
pb2	736	737	4059
pb2	737	738	4069
pb2	738	739	4025
pb2	739	740	4039
pb2	740	741	4044
pb2	741	742	4086
pb2	742	743	4097
pb2	743	744	4076
pb2	744	745	4031
pb2	745	746	4043
pb2	746	747	4028
pb2	747	748	4153
pb2	748	749	4156
pb2	749	750	4167
pb2	750	751	4239
pb2	751	752	4233
pb2	752	753	4471
pb2	753	754	4470
pb2	754	755	4534
pb2	755	756	4744
pb2	756	757	4691
pb2	757	758	4724
pb2	758	759	4746
pb2	759	760	4733
pb2	760	761	4988
pb2	761	762	4862
pb2	762	763	4920
pb2	763	764	4886
pb2	764	765	4801
pb2	765	766	4824
pb2	766	767	4887
pb2	767	768	4885
pb2	768	769	4903
pb2	769	770	4832
pb2	770	771	4782
pb2	771	772	4815
pb2	772	773	4805
pb2	773	774	4814
pb2	774	775	4861
pb2	775	776	4819
pb2	776	777	4851
pb2	777	778	4819
pb2	778	779	4824
pb2	779	780	4817
pb2	780	782	4774
pb2	782	783	4798
pb2	783	784	4773
pb2	784	785	4759
pb2	785	786	4744
pb2	786	787	4838
pb2	787	788	5029
pb2	788	789	5017
pb2	789	790	5037
pb2	790	791	5032
pb2	791	792	4951
pb2	792	793	5008
pb2	793	794	4977
pb2	794	795	4965
pb2	795	796	4890
pb2	796	797	4804
pb2	797	798	4833
pb2	798	799	4852
pb2	799	800	5003
pb2	800	801	4996
pb2	801	802	4945
pb2	802	803	4959
pb2	803	804	4968
pb2	804	805	4992
pb2	805	806	5001
pb2	806	807	4980
pb2	807	808	4947
pb2	808	809	4852
pb2	809	810	4859
pb2	810	811	4881
pb2	811	812	4934
pb2	812	813	4922
pb2	813	814	5094
pb2	814	815	5101
pb2	815	816	5131
pb2	816	817	5136
pb2	817	818	5142
pb2	818	819	5200
pb2	819	820	5189
pb2	820	821	5133
pb2	821	822	5165
pb2	822	823	5059
pb2	823	824	5079
pb2	824	825	5106
pb2	825	826	5139
pb2	826	827	5102
pb2	827	828	4979
pb2	828	829	4966
pb2	829	830	5007
pb2	830	831	4995
pb2	831	832	4824
pb2	832	833	4851
pb2	833	834	4722
pb2	834	835	4719
pb2	835	836	4694
pb2	836	837	4680
pb2	837	838	4665
pb2	838	839	4687
pb2	839	840	4647
pb2	840	841	4711
pb2	841	842	4657
pb2	842	843	4687
pb2	843	844	4658
pb2	844	845	4674
pb2	845	846	4651
pb2	846	847	4643
pb2	847	848	4633
pb2	848	849	4488
pb2	849	850	4474
pb2	850	851	4453
pb2	851	852	4564
pb2	852	853	4525
pb2	853	854	4473
pb2	854	855	4478
pb2	855	856	4470
pb2	856	857	4426
pb2	857	858	4429
pb2	858	859	4421
pb2	859	860	4356
pb2	860	861	4166
pb2	861	862	4176
pb2	862	863	4164
pb2	863	864	4133
pb2	864	865	4550
pb2	865	866	4536
pb2	866	867	4581
pb2	867	868	4589
pb2	868	869	4560
pb2	869	870	4567
pb2	870	871	4552
pb2	871	872	4448
pb2	872	873	4439
pb2	873	874	3973
pb2	874	875	3842
pb2	875	876	3828
pb2	876	878	3801
pb2	878	879	3803
pb2	879	880	3779
pb2	880	881	3760
pb2	881	882	3762
pb2	882	883	3693
pb2	883	884	3734
pb2	884	885	3672
pb2	885	886	3664
pb2	886	887	3681
pb2	887	888	3662
pb2	888	889	3716
pb2	889	890	3711
pb2	890	891	3767
pb2	891	892	3771
pb2	892	893	3675
pb2	893	894	3662
pb2	894	895	3644
pb2	895	896	3638
pb2	896	897	3627
pb2	897	898	3567
pb2	898	899	3622
pb2	899	900	3564
pb2	900	901	3549
pb2	901	902	3551
pb2	902	903	3523
pb2	903	904	3502
pb2	904	905	3532
pb2	905	906	3538
pb2	906	907	3534
pb2	907	908	3308
pb2	908	909	3291
pb2	909	910	3332
pb2	910	911	3300
pb2	911	913	3263
pb2	913	914	3184
pb2	914	915	3186
pb2	915	916	3113
pb2	916	917	3096
pb2	917	918	3034
pb2	918	919	3035
pb2	919	920	2968
pb2	920	922	2960
pb2	922	923	2937
pb2	923	925	2946
pb2	925	926	2917
pb2	926	927	2947
pb2	927	928	2919
pb2	928	929	2983
pb2	929	930	2988
pb2	930	931	2996
pb2	931	932	2993
pb2	932	933	2972
pb2	933	934	2969
pb2	934	935	2981
pb2	935	936	2937
pb2	936	937	2941
pb2	937	938	2833
pb2	938	939	2861
pb2	939	940	2869
pb2	940	941	2883
pb2	941	942	2871
pb2	942	943	2852
pb2	943	944	2842
pb2	944	945	2825
pb2	945	946	2816
pb2	946	947	2829
pb2	947	948	2751
pb2	948	949	2752
pb2	949	950	2733
pb2	950	951	2745
pb2	951	952	2886
pb2	952	953	2885
pb2	953	954	2917
pb2	954	955	2801
pb2	955	956	2808
pb2	956	957	2863
pb2	957	959	2849
pb2	959	960	2836
pb2	960	961	2599
pb2	961	962	2596
pb2	962	963	2493
pb2	963	964	2506
pb2	964	965	2476
pb2	965	966	2436
pb2	966	967	2466
pb2	967	968	2480
pb2	968	969	2488
pb2	969	970	2484
pb2	970	971	2478
pb2	971	972	2489
pb2	972	973	2537
pb2	973	974	2542
pb2	974	975	2539
pb2	975	976	2510
pb2	976	977	2504
pb2	977	978	2520
pb2	978	979	2523
pb2	979	980	2591
pb2	980	981	2589
pb2	981	982	2510
pb2	982	983	2475
pb2	983	984	2465
pb2	984	985	2475
pb2	985	986	2502
pb2	986	987	2498
pb2	987	988	2467
pb2	988	989	2396
pb2	989	990	2347
pb2	990	991	2441
pb2	991	992	2443
pb2	992	993	2452
pb2	993	994	2444
pb2	994	995	2424
pb2	995	997	2423
pb2	997	998	2482
pb2	998	999	2481
pb2	999	1000	2416
pb2	1000	1001	2427
pb2	1001	1002	2421
pb2	1002	1003	2435
pb2	1003	1004	2440
pb2	1004	1005	2430
pb2	1005	1006	2438
pb2	1006	1007	2411
pb2	1007	1008	2414
pb2	1008	1009	2415
pb2	1009	1010	2409
pb2	1010	1011	2415
pb2	1011	1012	2394
pb2	1012	1013	2503
pb2	1013	1014	2497
pb2	1014	1015	2474
pb2	1015	1016	2412
pb2	1016	1017	2406
pb2	1017	1018	2401
pb2	1018	1019	2413
pb2	1019	1020	2411
pb2	1020	1021	2386
pb2	1021	1022	2420
pb2	1022	1023	2371
pb2	1023	1024	2391
pb2	1024	1025	2431
pb2	1025	1026	2428
pb2	1026	1027	2444
pb2	1027	1028	2466
pb2	1028	1029	2465
pb2	1029	1030	2487
pb2	1030	1031	2499
pb2	1031	1032	2515
pb2	1032	1033	2527
pb2	1033	1034	2532
pb2	1034	1035	2542
pb2	1035	1036	2532
pb2	1036	1037	2530
pb2	1037	1038	2521
pb2	1038	1039	2664
pb2	1039	1040	2634
pb2	1040	1041	2637
pb2	1041	1042	2640
pb2	1042	1043	2661
pb2	1043	1044	2672
pb2	1044	1045	2677
pb2	1045	1046	2727
pb2	1046	1047	2740
pb2	1047	1048	2718
pb2	1048	1049	2705
pb2	1049	1050	2690
pb2	1050	1051	2727
pb2	1051	1052	2722
pb2	1052	1053	2713
pb2	1053	1054	2721
pb2	1054	1055	2694
pb2	1055	1056	2648
pb2	1056	1057	2654
pb2	1057	1058	2613
pb2	1058	1059	2663
pb2	1059	1060	2647
pb2	1060	1061	2646
pb2	1061	1062	2654
pb2	1062	1063	2642
pb2	1063	1064	2639
pb2	1064	1065	2640
pb2	1065	1066	2628
pb2	1066	1067	2629
pb2	1067	1068	2586
pb2	1068	1069	2565
pb2	1069	1070	2619
pb2	1070	1071	2744
pb2	1071	1072	2792
pb2	1072	1073	2793
pb2	1073	1074	2794
pb2	1074	1075	2788
pb2	1075	1076	2800
pb2	1076	1077	2805
pb2	1077	1078	2807
pb2	1078	1079	2818
pb2	1079	1080	2707
pb2	1080	1081	2687
pb2	1081	1082	2676
pb2	1082	1083	2848
pb2	1083	1084	2840
pb2	1084	1085	3018
pb2	1085	1086	3014
pb2	1086	1087	2995
pb2	1087	1088	2993
pb2	1088	1089	2959
pb2	1089	1090	2967
pb2	1090	1091	2996
pb2	1091	1092	2890
pb2	1092	1093	3023
pb2	1093	1094	2932
pb2	1094	1095	2993
pb2	1095	1096	3162
pb2	1096	1097	3161
pb2	1097	1098	3195
pb2	1098	1099	3202
pb2	1099	1100	3215
pb2	1100	1101	3397
pb2	1101	1102	3518
pb2	1102	1103	3825
pb2	1103	1104	3893
pb2	1104	1105	3870
pb2	1105	1106	3925
pb2	1106	1107	3944
pb2	1107	1108	4109
pb2	1108	1109	4124
pb2	1109	1110	4111
pb2	1110	1111	4212
pb2	1111	1112	4052
pb2	1112	1113	4121
pb2	1113	1114	4122
pb2	1114	1115	4276
pb2	1115	1116	4410
pb2	1116	1117	4392
pb2	1117	1118	4442
pb2	1118	1119	4432
pb2	1119	1120	4438
pb2	1120	1121	4451
pb2	1121	1122	4537
pb2	1122	1123	4666
pb2	1123	1124	4635
pb2	1124	1125	4650
pb2	1125	1126	4690
pb2	1126	1127	4788
pb2	1127	1128	4806
pb2	1128	1129	4781
pb2	1129	1130	4804
pb2	1130	1131	4761
pb2	1131	1132	4706
pb2	1132	1133	4731
pb2	1133	1134	4725
pb2	1134	1135	4743
pb2	1135	1136	4737
pb2	1136	1137	4720
pb2	1137	1138	4701
pb2	1138	1139	4721
pb2	1139	1140	4725
pb2	1140	1141	4739
pb2	1141	1142	4714
pb2	1142	1143	4735
pb2	1143	1144	5074
pb2	1144	1145	5122
pb2	1145	1146	5138
pb2	1146	1147	5142
pb2	1147	1148	5131
pb2	1148	1149	5175
pb2	1149	1150	5177
pb2	1150	1151	5192
pb2	1151	1152	5229
pb2	1152	1153	5033
pb2	1153	1154	5011
pb2	1154	1155	5008
pb2	1155	1156	5052
pb2	1156	1157	5062
pb2	1157	1158	5034
pb2	1158	1159	5062
pb2	1159	1160	5265
pb2	1160	1161	5260
pb2	1161	1162	5255
pb2	1162	1163	5245
pb2	1163	1164	5241
pb2	1164	1165	5203
pb2	1165	1166	5247
pb2	1166	1167	5248
pb2	1167	1168	5264
pb2	1168	1169	5079
pb2	1169	1170	5154
pb2	1170	1171	5169
pb2	1171	1172	5156
pb2	1172	1173	5157
pb2	1173	1174	5173
pb2	1174	1175	5418
pb2	1175	1176	5525
pb2	1176	1177	5517
pb2	1177	1178	5520
pb2	1178	1179	5468
pb2	1179	1180	5527
pb2	1180	1181	5536
pb2	1181	1182	5525
pb2	1182	1183	5561
pb2	1183	1184	5079
pb2	1184	1185	5049
pb2	1185	1186	5047
pb2	1186	1187	5112
pb2	1187	1188	5105
pb2	1188	1189	5053
pb2	1189	1190	5023
pb2	1190	1191	4997
pb2	1191	1192	4974
pb2	1192	1193	4996
pb2	1193	1194	4966
pb2	1194	1195	4969
pb2	1195	1196	4904
pb2	1196	1197	4935
pb2	1197	1198	4934
pb2	1198	1199	4911
pb2	1199	1200	4908
pb2	1200	1201	4921
pb2	1201	1202	4876
pb2	1202	1203	4986
pb2	1203	1204	4947
pb2	1204	1205	4962
pb2	1205	1206	4926
pb2	1206	1207	4902
pb2	1207	1208	4906
pb2	1208	1209	4869
pb2	1209	1210	4853
pb2	1210	1211	4845
pb2	1211	1212	4719
pb2	1212	1213	4709
pb2	1213	1214	4689
pb2	1214	1215	4736
pb2	1215	1216	4774
pb2	1216	1217	4899
pb2	1217	1218	4896
pb2	1218	1219	4925
pb2	1219	1220	4937
pb2	1220	1221	4971
pb2	1221	1222	5067
pb2	1222	1223	5097
pb2	1223	1224	4983
pb2	1224	1225	4974
pb2	1225	1226	4694
pb2	1226	1227	4729
pb2	1227	1228	4724
pb2	1228	1229	4715
pb2	1229	1230	4686
pb2	1230	1231	4654
pb2	1231	1232	4684
pb2	1232	1233	4714
pb2	1233	1234	4818
pb2	1234	1235	4804
pb2	1235	1236	4785
pb2	1236	1237	4768
pb2	1237	1238	4817
pb2	1238	1239	4853
pb2	1239	1240	4809
pb2	1240	1241	4885
pb2	1241	1242	4814
pb2	1242	1243	4813
pb2	1243	1244	4693
pb2	1244	1245	4648
pb2	1245	1246	4643
pb2	1246	1247	4531
pb2	1247	1248	4541
pb2	1248	1249	4539
pb2	1249	1250	4368
pb2	1250	1251	4393
pb2	1251	1252	4231
pb2	1252	1253	4256
pb2	1253	1254	4197
pb2	1254	1255	4187
pb2	1255	1256	4246
pb2	1256	1257	4375
pb2	1257	1258	4377
pb2	1258	1259	4349
pb2	1259	1260	4301
pb2	1260	1261	4294
pb2	1261	1262	4189
pb2	1262	1263	4186
pb2	1263	1264	4169
pb2	1264	1265	4155
pb2	1265	1266	3802
pb2	1266	1267	3857
pb2	1267	1268	3839
pb2	1268	1269	3831
pb2	1269	1270	3844
pb2	1270	1271	3843
pb2	1271	1272	3841
pb2	1272	1273	3839
pb2	1273	1274	3835
pb2	1274	1275	3781
pb2	1275	1276	3770
pb2	1276	1277	3761
pb2	1277	1279	3781
pb2	1279	1280	3766
pb2	1280	1281	3826
pb2	1281	1282	3828
pb2	1282	1283	3826
pb2	1283	1284	3827
pb2	1284	1286	3731
pb2	1286	1287	3692
pb2	1287	1288	3704
pb2	1288	1289	3696
pb2	1289	1290	3710
pb2	1290	1291	3612
pb2	1291	1292	3605
pb2	1292	1293	3606
pb2	1293	1294	3542
pb2	1294	1295	3567
pb2	1295	1296	3550
pb2	1296	1297	3551
pb2	1297	1298	3552
pb2	1298	1299	3473
pb2	1299	1300	3468
pb2	1300	1301	3454
pb2	1301	1303	3452
pb2	1303	1304	3319
pb2	1304	1305	3321
pb2	1305	1306	3320
pb2	1306	1307	3314
pb2	1307	1308	3336
pb2	1308	1309	3311
pb2	1309	1310	3285
pb2	1310	1311	3303
pb2	1311	1312	3283
pb2	1312	1313	3337
pb2	1313	1314	3339
pb2	1314	1315	3351
pb2	1315	1316	3361
pb2	1316	1317	3249
pb2	1317	1318	3258
pb2	1318	1319	3261
pb2	1319	1320	3241
pb2	1320	1321	3234
pb2	1321	1322	3090
pb2	1322	1323	3097
pb2	1323	1324	3085
pb2	1324	1325	3008
pb2	1325	1326	3050
pb2	1326	1327	3056
pb2	1327	1328	3067
pb2	1328	1329	3078
pb2	1329	1331	3032
pb2	1331	1332	3020
pb2	1332	1333	3012
pb2	1333	1334	3003
pb2	1334	1335	2789
pb2	1335	1336	2780
pb2	1336	1337	2669
pb2	1337	1338	2826
pb2	1338	1339	2795
pb2	1339	1340	2820
pb2	1340	1341	2833
pb2	1341	1342	2819
pb2	1342	1344	2812
pb2	1344	1345	2808
pb2	1345	1346	2793
pb2	1346	1347	2609
pb2	1347	1348	2276
pb2	1348	1349	2320
pb2	1349	1350	2338
pb2	1350	1351	2343
pb2	1351	1352	2372
pb2	1352	1353	2367
pb2	1353	1354	2368
pb2	1354	1355	2360
pb2	1355	1356	2289
pb2	1356	1357	2292
pb2	1357	1359	2200
pb2	1359	1360	2197
pb2	1360	1361	2158
pb2	1361	1362	2166
pb2	1362	1363	2183
pb2	1363	1364	2202
pb2	1364	1365	2210
pb2	1365	1366	2193
pb2	1366	1367	2187
pb2	1367	1368	2205
pb2	1368	1369	2228
pb2	1369	1370	2244
pb2	1370	1371	2147
pb2	1371	1372	2138
pb2	1372	1373	2142
pb2	1373	1374	2149
pb2	1374	1375	2157
pb2	1375	1376	2183
pb2	1376	1377	2134
pb2	1377	1378	2143
pb2	1378	1379	2136
pb2	1379	1380	2126
pb2	1380	1381	2123
pb2	1381	1382	2106
pb2	1382	1383	2159
pb2	1383	1384	2196
pb2	1384	1385	2214
pb2	1385	1386	2236
pb2	1386	1387	2230
pb2	1387	1388	2258
pb2	1388	1389	2276
pb2	1389	1390	2288
pb2	1390	1391	2277
pb2	1391	1392	2272
pb2	1392	1393	2220
pb2	1393	1394	2233
pb2	1394	1395	2218
pb2	1395	1396	2262
pb2	1396	1397	2254
pb2	1397	1398	2270
pb2	1398	1399	2254
pb2	1399	1400	2247
pb2	1400	1401	2242
pb2	1401	1402	2256
pb2	1402	1403	2266
pb2	1403	1404	2248
pb2	1404	1405	2242
pb2	1405	1406	2221
pb2	1406	1407	2236
pb2	1407	1408	2222
pb2	1408	1409	2229
pb2	1409	1410	2223
pb2	1410	1411	2217
pb2	1411	1412	2308
pb2	1412	1413	2313
pb2	1413	1414	2326
pb2	1414	1415	2332
pb2	1415	1416	2305
pb2	1416	1417	2322
pb2	1417	1418	2339
pb2	1418	1419	2374
pb2	1419	1420	2383
pb2	1420	1421	2358
pb2	1421	1422	2335
pb2	1422	1423	2345
pb2	1423	1424	2402
pb2	1424	1425	2404
pb2	1425	1426	2397
pb2	1426	1427	2383
pb2	1427	1428	2365
pb2	1428	1429	2387
pb2	1429	1430	2419
pb2	1430	1432	2430
pb2	1432	1434	2402
pb2	1434	1435	2405
pb2	1435	1436	2469
pb2	1436	1437	2463
pb2	1437	1438	2468
pb2	1438	1439	2467
pb2	1439	1440	2436
pb2	1440	1441	2439
pb2	1441	1442	2464
pb2	1442	1443	2477
pb2	1443	1444	2481
pb2	1444	1445	2444
pb2	1445	1446	2493
pb2	1446	1447	2550
pb2	1447	1448	2581
pb2	1448	1449	2585
pb2	1449	1450	2589
pb2	1450	1451	2583
pb2	1451	1452	2588
pb2	1452	1453	2580
pb2	1453	1454	2606
pb2	1454	1455	2614
pb2	1455	1456	2567
pb2	1456	1457	2685
pb2	1457	1458	2682
pb2	1458	1459	2669
pb2	1459	1460	2671
pb2	1460	1461	2629
pb2	1461	1462	2619
pb2	1462	1463	2638
pb2	1463	1464	2598
pb2	1464	1465	2624
pb2	1465	1466	2519
pb2	1466	1467	2551
pb2	1467	1468	2543
pb2	1468	1469	2570
pb2	1469	1470	2579
pb2	1470	1471	2567
pb2	1471	1472	2531
pb2	1472	1473	2551
pb2	1473	1474	2539
pb2	1474	1475	2542
pb2	1475	1476	2508
pb2	1476	1477	2502
pb2	1477	1478	2560
pb2	1478	1479	2524
pb2	1479	1480	2530
pb2	1480	1481	2511
pb2	1481	1482	2481
pb2	1482	1483	2551
pb2	1483	1484	2557
pb2	1484	1485	2564
pb2	1485	1486	2595
pb2	1486	1487	2537
pb2	1487	1488	2542
pb2	1488	1489	2500
pb2	1489	1490	2486
pb2	1490	1491	2975
pb2	1491	1492	2914
pb2	1492	1493	3000
pb2	1493	1494	3003
pb2	1494	1495	2956
pb2	1495	1496	3077
pb2	1496	1497	3072
pb2	1497	1498	3079
pb2	1498	1499	3072
pb2	1499	1500	2642
pb2	1500	1501	2668
pb2	1501	1502	2619
pb2	1502	1503	2636
pb2	1503	1504	2632
pb2	1504	1505	2602
pb2	1505	1506	2625
pb2	1506	1507	2642
pb2	1507	1508	2663
pb2	1508	1509	2669
pb2	1509	1510	2798
pb2	1510	1511	2785
pb2	1511	1512	2834
pb2	1512	1513	2841
pb2	1513	1515	2771
pb2	1515	1516	2761
pb2	1516	1517	2785
pb2	1517	1518	2799
pb2	1518	1519	2699
pb2	1519	1520	2696
pb2	1520	1521	2640
pb2	1521	1522	2639
pb2	1522	1523	2633
pb2	1523	1524	2640
pb2	1524	1525	2633
pb2	1525	1526	2645
pb2	1526	1527	2731
pb2	1527	1528	2766
pb2	1528	1529	2778
pb2	1529	1530	2792
pb2	1530	1531	2810
pb2	1531	1532	2815
pb2	1532	1534	2823
pb2	1534	1535	2819
pb2	1535	1536	2713
pb2	1536	1537	2768
pb2	1537	1538	2776
pb2	1538	1539	2793
pb2	1539	1540	2790
pb2	1540	1542	2791
pb2	1542	1543	2793
pb2	1543	1544	2774
pb2	1544	1545	2795
pb2	1545	1546	2771
pb2	1546	1547	2751
pb2	1547	1548	2719
pb2	1548	1549	2738
pb2	1549	1550	2729
pb2	1550	1552	2758
pb2	1552	1553	2801
pb2	1553	1554	2829
pb2	1554	1555	2824
pb2	1555	1556	2999
pb2	1556	1557	2989
pb2	1557	1558	3202
pb2	1558	1559	3200
pb2	1559	1560	3147
pb2	1560	1561	3152
pb2	1561	1562	3121
pb2	1562	1563	3143
pb2	1563	1564	3141
pb2	1564	1565	2985
pb2	1565	1566	2991
pb2	1566	1567	2828
pb2	1567	1568	2855
pb2	1568	1569	2840
pb2	1569	1570	2853
pb2	1570	1571	2856
pb2	1571	1572	2832
pb2	1572	1573	2835
pb2	1573	1574	2834
pb2	1574	1575	2824
pb2	1575	1576	2828
pb2	1576	1577	2787
pb2	1577	1578	2815
pb2	1578	1579	2804
pb2	1579	1580	2778
pb2	1580	1581	2788
pb2	1581	1582	2776
pb2	1582	1583	2824
pb2	1583	1584	2827
pb2	1584	1585	2822
pb2	1585	1586	2828
pb2	1586	1587	2789
pb2	1587	1588	2804
pb2	1588	1589	2825
pb2	1589	1591	2823
pb2	1591	1592	2760
pb2	1592	1593	2763
pb2	1593	1594	2766
pb2	1594	1595	2915
pb2	1595	1596	2939
pb2	1596	1597	2907
pb2	1597	1598	2918
pb2	1598	1599	2897
pb2	1599	1600	2919
pb2	1600	1601	2951
pb2	1601	1602	2966
pb2	1602	1603	2942
pb2	1603	1604	2832
pb2	1604	1605	2820
pb2	1605	1606	2807
pb2	1606	1607	2784
pb2	1607	1608	2809
pb2	1608	1609	2778
pb2	1609	1610	2785
pb2	1610	1611	2769
pb2	1611	1612	2801
pb2	1612	1613	2810
pb2	1613	1614	2862
pb2	1614	1615	2852
pb2	1615	1616	2855
pb2	1616	1618	2829
pb2	1618	1619	2819
pb2	1619	1620	2834
pb2	1620	1621	2784
pb2	1621	1622	2774
pb2	1622	1623	2740
pb2	1623	1624	2722
pb2	1624	1625	2734
pb2	1625	1626	2739
pb2	1626	1627	2783
pb2	1627	1628	2777
pb2	1628	1629	2757
pb2	1629	1630	2772
pb2	1630	1631	2781
pb2	1631	1632	2790
pb2	1632	1633	2784
pb2	1633	1634	2739
pb2	1634	1635	2742
pb2	1635	1636	2687
pb2	1636	1637	2669
pb2	1637	1638	2688
pb2	1638	1639	2677
pb2	1639	1640	2621
pb2	1640	1641	2611
pb2	1641	1642	2542
pb2	1642	1643	2516
pb2	1643	1644	2529
pb2	1644	1645	2525
pb2	1645	1646	2531
pb2	1646	1647	2495
pb2	1647	1648	2492
pb2	1648	1649	2585
pb2	1649	1650	2542
pb2	1650	1651	2531
pb2	1651	1652	2526
pb2	1652	1653	2494
pb2	1653	1654	2539
pb2	1654	1656	2531
pb2	1656	1657	2443
pb2	1657	1658	2369
pb2	1658	1659	2368
pb2	1659	1660	2464
pb2	1660	1661	2425
pb2	1661	1662	2449
pb2	1662	1663	2418
pb2	1663	1664	2417
pb2	1664	1665	2487
pb2	1665	1666	2515
pb2	1666	1667	2513
pb2	1667	1668	2514
pb2	1668	1669	2432
pb2	1669	1670	2519
pb2	1670	1671	2525
pb2	1671	1672	2541
pb2	1672	1673	2603
pb2	1673	1674	2516
pb2	1674	1675	2514
pb2	1675	1676	2526
pb2	1676	1677	2529
pb2	1677	1678	2521
pb2	1678	1679	2416
pb2	1679	1680	2445
pb2	1680	1681	2399
pb2	1681	1682	2349
pb2	1682	1683	2364
pb2	1683	1684	2351
pb2	1684	1685	2345
pb2	1685	1686	2323
pb2	1686	1687	2378
pb2	1687	1688	2374
pb2	1688	1689	2353
pb2	1689	1690	2319
pb2	1690	1691	2323
pb2	1691	1692	2320
pb2	1692	1693	2326
pb2	1693	1694	2321
pb2	1694	1695	2339
pb2	1695	1696	2269
pb2	1696	1697	2268
pb2	1697	1699	2265
pb2	1699	1700	2259
pb2	1700	1701	2255
pb2	1701	1702	2248
pb2	1702	1703	2240
pb2	1703	1704	2211
pb2	1704	1705	2227
pb2	1705	1706	2226
pb2	1706	1707	2207
pb2	1707	1708	2183
pb2	1708	1709	2170
pb2	1709	1710	2171
pb2	1710	1711	2181
pb2	1711	1712	2148
pb2	1712	1713	2151
pb2	1713	1714	2140
pb2	1714	1715	2121
pb2	1715	1716	2119
pb2	1716	1717	2123
pb2	1717	1718	2168
pb2	1718	1719	2174
pb2	1719	1720	2165
pb2	1720	1721	2175
pb2	1721	1722	2183
pb2	1722	1723	2200
pb2	1723	1724	2202
pb2	1724	1725	2213
pb2	1725	1726	2216
pb2	1726	1727	2209
pb2	1727	1728	2216
pb2	1728	1729	2225
pb2	1729	1730	2245
pb2	1730	1731	2239
pb2	1731	1732	2228
pb2	1732	1733	2220
pb2	1733	1734	2194
pb2	1734	1735	2296
pb2	1735	1736	2279
pb2	1736	1737	2345
pb2	1737	1738	2342
pb2	1738	1739	2304
pb2	1739	1740	2521
pb2	1740	1741	2503
pb2	1741	1742	2511
pb2	1742	1743	2528
pb2	1743	1744	2313
pb2	1744	1745	2393
pb2	1745	1746	2252
pb2	1746	1747	2241
pb2	1747	1748	2231
pb2	1748	1749	2038
pb2	1749	1750	2011
pb2	1750	1751	2002
pb2	1751	1752	1983
pb2	1752	1753	2006
pb2	1753	1754	1953
pb2	1754	1755	1981
pb2	1755	1756	1946
pb2	1756	1757	1944
pb2	1757	1758	1924
pb2	1758	1759	1918
pb2	1759	1760	1934
pb2	1760	1761	1937
pb2	1761	1762	1929
pb2	1762	1763	1922
pb2	1763	1764	1977
pb2	1764	1765	1997
pb2	1765	1766	2004
pb2	1766	1767	2006
pb2	1767	1768	2001
pb2	1768	1769	1993
pb2	1769	1770	1999
pb2	1770	1771	2004
pb2	1771	1772	2034
pb2	1772	1773	2016
pb2	1773	1774	2004
pb2	1774	1775	1996
pb2	1775	1776	2001
pb2	1776	1777	2010
pb2	1777	1778	1994
pb2	1778	1779	2072
pb2	1779	1780	2070
pb2	1780	1781	2057
pb2	1781	1782	2053
pb2	1782	1783	2054
pb2	1783	1784	2056
pb2	1784	1785	2053
pb2	1785	1786	2042
pb2	1786	1787	2040
pb2	1787	1788	1988
pb2	1788	1789	1995
pb2	1789	1790	1999
pb2	1790	1791	1994
pb2	1791	1792	1989
pb2	1792	1793	1996
pb2	1793	1794	2002
pb2	1794	1795	2100
pb2	1795	1796	2115
pb2	1796	1797	2088
pb2	1797	1798	2099
pb2	1798	1799	2088
pb2	1799	1800	2191
pb2	1800	1801	2198
pb2	1801	1802	2180
pb2	1802	1803	2200
pb2	1803	1805	1945
pb2	1805	1806	1926
pb2	1806	1808	1964
pb2	1808	1809	1958
pb2	1809	1810	1919
pb2	1810	1811	1951
pb2	1811	1812	1982
pb2	1812	1813	1985
pb2	1813	1814	1989
pb2	1814	1815	2002
pb2	1815	1816	1995
pb2	1816	1817	2009
pb2	1817	1818	2002
pb2	1818	1819	1998
pb2	1819	1820	2017
pb2	1820	1821	1985
pb2	1821	1822	2040
pb2	1822	1823	2035
pb2	1823	1824	2097
pb2	1824	1825	2102
pb2	1825	1826	2095
pb2	1826	1827	2098
pb2	1827	1828	2101
pb2	1828	1829	2068
pb2	1829	1830	2070
pb2	1830	1831	2051
pb2	1831	1832	2016
pb2	1832	1833	1984
pb2	1833	1834	1979
pb2	1834	1835	2000
pb2	1835	1836	2003
pb2	1836	1837	1990
pb2	1837	1838	1998
pb2	1838	1839	1999
pb2	1839	1840	2013
pb2	1840	1841	2032
pb2	1841	1842	2029
pb2	1842	1844	2060
pb2	1844	1846	2105
pb2	1846	1847	2091
pb2	1847	1849	2088
pb2	1849	1850	2107
pb2	1850	1851	2100
pb2	1851	1852	2066
pb2	1852	1853	2094
pb2	1853	1854	2175
pb2	1854	1855	2179
pb2	1855	1856	2173
pb2	1856	1857	2174
pb2	1857	1858	2168
pb2	1858	1860	2179
pb2	1860	1861	2147
pb2	1861	1862	2181
pb2	1862	1863	2026
pb2	1863	1864	2138
pb2	1864	1865	2140
pb2	1865	1866	2143
pb2	1866	1867	2144
pb2	1867	1868	2093
pb2	1868	1869	2100
pb2	1869	1870	2101
pb2	1870	1871	2168
pb2	1871	1872	2135
pb2	1872	1873	1962
pb2	1873	1874	1958
pb2	1874	1875	1948
pb2	1875	1876	1945
pb2	1876	1877	1939
pb2	1877	1878	1912
pb2	1878	1879	1930
pb2	1879	1880	1812
pb2	1880	1881	1826
pb2	1881	1882	1818
pb2	1882	1883	1807
pb2	1883	1884	1842
pb2	1884	1885	1826
pb2	1885	1886	1831
pb2	1886	1887	1836
pb2	1887	1888	1801
pb2	1888	1889	1804
pb2	1889	1890	1809
pb2	1890	1891	1792
pb2	1891	1892	1797
pb2	1892	1893	1782
pb2	1893	1894	1780
pb2	1894	1895	1771
pb2	1895	1896	1763
pb2	1896	1897	1784
pb2	1897	1898	1785
pb2	1898	1899	1784
pb2	1899	1900	1791
pb2	1900	1901	1793
pb2	1901	1902	1799
pb2	1902	1903	1803
pb2	1903	1904	1802
pb2	1904	1905	1810
pb2	1905	1907	1830
pb2	1907	1908	1852
pb2	1908	1909	1851
pb2	1909	1910	1839
pb2	1910	1911	1869
pb2	1911	1912	1864
pb2	1912	1913	1908
pb2	1913	1914	1900
pb2	1914	1915	1853
pb2	1915	1916	1863
pb2	1916	1917	1837
pb2	1917	1918	1866
pb2	1918	1919	1860
pb2	1919	1920	1843
pb2	1920	1921	1857
pb2	1921	1922	1817
pb2	1922	1923	1840
pb2	1923	1924	1844
pb2	1924	1925	1886
pb2	1925	1926	1892
pb2	1926	1927	1852
pb2	1927	1928	1864
pb2	1928	1929	1861
pb2	1929	1930	1841
pb2	1930	1931	1859
pb2	1931	1932	1845
pb2	1932	1933	1842
pb2	1933	1934	1826
pb2	1934	1935	1839
pb2	1935	1936	1829
pb2	1936	1937	1853
pb2	1937	1938	1820
pb2	1938	1939	1823
pb2	1939	1940	1807
pb2	1940	1941	1841
pb2	1941	1942	1838
pb2	1942	1943	1842
pb2	1943	1944	1847
pb2	1944	1945	1822
pb2	1945	1946	1793
pb2	1946	1947	1796
pb2	1947	1948	1772
pb2	1948	1949	1773
pb2	1949	1950	1762
pb2	1950	1951	1754
pb2	1951	1952	1796
pb2	1952	1953	1792
pb2	1953	1954	1804
pb2	1954	1955	1809
pb2	1955	1956	1807
pb2	1956	1957	1852
pb2	1957	1958	1860
pb2	1958	1959	1855
pb2	1959	1960	1848
pb2	1960	1961	1781
pb2	1961	1962	1776
pb2	1962	1963	1760
pb2	1963	1964	1793
pb2	1964	1965	1788
pb2	1965	1967	1733
pb2	1967	1968	1745
pb2	1968	1969	1749
pb2	1969	1970	1663
pb2	1970	1971	1716
pb2	1971	1972	1727
pb2	1972	1973	1654
pb2	1973	1974	1648
pb2	1974	1975	1607
pb2	1975	1976	1614
pb2	1976	1977	1605
pb2	1977	1978	1604
pb2	1978	1979	1611
pb2	1979	1980	1588
pb2	1980	1981	1557
pb2	1981	1982	1603
pb2	1982	1983	1604
pb2	1983	1984	1608
pb2	1984	1985	1650
pb2	1985	1986	1625
pb2	1986	1987	1655
pb2	1987	1988	1656
pb2	1988	1989	1636
pb2	1989	1990	1709
pb2	1990	1991	1659
pb2	1991	1992	1673
pb2	1992	1993	1677
pb2	1993	1994	1634
pb2	1994	1996	1665
pb2	1996	1997	1694
pb2	1997	1998	1723
pb2	1998	1999	1682
pb2	1999	2000	1729
pb2	2000	2001	1743
pb2	2001	2002	1732
pb2	2002	2003	1727
pb2	2003	2004	1702
pb2	2004	2005	1665
pb2	2005	2006	1639
pb2	2006	2007	1644
pb2	2007	2008	1663
pb2	2008	2009	1655
pb2	2009	2010	1633
pb2	2010	2011	1648
pb2	2011	2012	1669
pb2	2012	2014	1667
pb2	2014	2015	1657
pb2	2015	2016	1669
pb2	2016	2017	1646
pb2	2017	2018	1670
pb2	2018	2019	1677
pb2	2019	2020	1668
pb2	2020	2021	1669
pb2	2021	2022	1686
pb2	2022	2023	1680
pb2	2023	2024	1687
pb2	2024	2025	1683
pb2	2025	2026	1740
pb2	2026	2027	1700
pb2	2027	2028	1699
pb2	2028	2029	1711
pb2	2029	2030	1707
pb2	2030	2031	1708
pb2	2031	2032	1709
pb2	2032	2033	1710
pb2	2033	2034	1721
pb2	2034	2035	1682
pb2	2035	2036	1680
pb2	2036	2037	1675
pb2	2037	2038	1682
pb2	2038	2039	1688
pb2	2039	2040	1686
pb2	2040	2041	1692
pb2	2041	2042	1715
pb2	2042	2043	1701
pb2	2043	2044	1709
pb2	2044	2045	1737
pb2	2045	2046	1743
pb2	2046	2047	1771
pb2	2047	2048	1778
pb2	2048	2049	1774
pb2	2049	2050	1775
pb2	2050	2051	1751
pb2	2051	2052	1770
pb2	2052	2053	1757
pb2	2053	2054	1764
pb2	2054	2055	1727
pb2	2055	2056	1723
pb2	2056	2057	1711
pb2	2057	2058	1708
pb2	2058	2059	1710
pb2	2059	2060	1733
pb2	2060	2061	1739
pb2	2061	2062	1719
pb2	2062	2063	1709
pb2	2063	2064	1710
pb2	2064	2065	1760
pb2	2065	2066	1779
pb2	2066	2067	1781
pb2	2067	2068	1766
pb2	2068	2069	1720
pb2	2069	2071	1719
pb2	2071	2072	1731
pb2	2072	2073	1737
pb2	2073	2074	1704
pb2	2074	2075	1734
pb2	2075	2076	1727
pb2	2076	2077	1760
pb2	2077	2078	1780
pb2	2078	2079	1767
pb2	2079	2080	1803
pb2	2080	2081	1810
pb2	2081	2082	1809
pb2	2082	2083	1816
pb2	2083	2084	1778
pb2	2084	2085	1779
pb2	2085	2086	1768
pb2	2086	2087	1710
pb2	2087	2088	1716
pb2	2088	2089	1670
pb2	2089	2090	1693
pb2	2090	2092	1690
pb2	2092	2093	1681
pb2	2093	2094	1666
pb2	2094	2095	1804
pb2	2095	2096	1785
pb2	2096	2097	1787
pb2	2097	2098	1788
pb2	2098	2099	1768
pb2	2099	2100	1763
pb2	2100	2101	1754
pb2	2101	2102	1750
pb2	2102	2103	1724
pb2	2103	2104	1674
pb2	2104	2105	1648
pb2	2105	2106	1630
pb2	2106	2107	1641
pb2	2107	2108	1638
pb2	2108	2109	1641
pb2	2109	2110	1633
pb2	2110	2111	1630
pb2	2111	2112	1634
pb2	2112	2113	1630
pb2	2113	2114	1623
pb2	2114	2115	1601
pb2	2115	2116	1597
pb2	2116	2117	1579
pb2	2117	2119	1586
pb2	2119	2120	1584
pb2	2120	2121	1569
pb2	2121	2122	1546
pb2	2122	2123	1548
pb2	2123	2124	1542
pb2	2124	2125	1566
pb2	2125	2126	1567
pb2	2126	2127	1568
pb2	2127	2128	1585
pb2	2128	2129	1589
pb2	2129	2130	1603
pb2	2130	2131	1601
pb2	2131	2132	1600
pb2	2132	2133	1597
pb2	2133	2134	1610
pb2	2134	2135	1651
pb2	2135	2136	1642
pb2	2136	2137	1633
pb2	2137	2138	1629
pb2	2138	2139	1611
pb2	2139	2140	1619
pb2	2140	2141	1730
pb2	2141	2142	1724
pb2	2142	2143	1702
pb2	2143	2144	1693
pb2	2144	2145	1671
pb2	2145	2146	1713
pb2	2146	2147	1711
pb2	2147	2148	1713
pb2	2148	2149	1708
pb2	2149	2150	1563
pb2	2150	2151	1605
pb2	2151	2152	1600
pb2	2152	2153	1620
pb2	2153	2154	1624
pb2	2154	2155	1588
pb2	2155	2156	1637
pb2	2156	2157	1643
pb2	2157	2158	1647
pb2	2158	2159	1643
pb2	2159	2160	1605
pb2	2160	2161	1625
pb2	2161	2162	1576
pb2	2162	2163	1596
pb2	2163	2164	1598
pb2	2164	2165	1540
pb2	2165	2166	1556
pb2	2166	2167	1564
pb2	2167	2168	1566
pb2	2168	2169	1569
pb2	2169	2170	1547
pb2	2170	2171	1593
pb2	2171	2172	1565
pb2	2172	2173	1552
pb2	2173	2174	1551
pb2	2174	2175	1554
pb2	2175	2176	1562
pb2	2176	2177	1560
pb2	2177	2178	1558
pb2	2178	2179	1554
pb2	2179	2180	1497
pb2	2180	2181	1534
pb2	2181	2183	1536
pb2	2183	2184	1508
pb2	2184	2186	1516
pb2	2186	2187	1530
pb2	2187	2188	1525
pb2	2188	2189	1529
pb2	2189	2190	1516
pb2	2190	2191	1537
pb2	2191	2192	1549
pb2	2192	2193	1544
pb2	2193	2194	1533
pb2	2194	2195	1534
pb2	2195	2196	1528
pb2	2196	2197	1555
pb2	2197	2198	1508
pb2	2198	2200	1501
pb2	2200	2201	1495
pb2	2201	2202	1509
pb2	2202	2203	1501
pb2	2203	2204	1497
pb2	2204	2205	1488
pb2	2205	2206	1459
pb2	2206	2207	1452
pb2	2207	2208	1451
pb2	2208	2209	1441
pb2	2209	2210	1446
pb2	2210	2211	1438
pb2	2211	2212	1450
pb2	2212	2213	1467
pb2	2213	2215	1458
pb2	2215	2216	1452
pb2	2216	2217	1454
pb2	2217	2218	1462
pb2	2218	2219	1460
pb2	2219	2220	1446
pb2	2220	2221	1475
pb2	2221	2222	1412
pb2	2222	2223	1435
pb2	2223	2224	1375
pb2	2224	2225	1357
pb2	2225	2227	1385
pb2	2227	2228	1358
pb2	2228	2229	1380
pb2	2229	2230	1346
pb2	2230	2232	1332
pb2	2232	2234	1334
pb2	2234	2235	1325
pb2	2235	2237	1328
pb2	2237	2238	1334
pb2	2238	2239	1350
pb2	2239	2240	1356
pb2	2240	2241	1348
pb2	2241	2242	1356
pb2	2242	2243	1351
pb2	2243	2244	1363
pb2	2244	2245	1361
pb2	2245	2246	1345
pb2	2246	2247	1368
pb2	2247	2248	1354
pb2	2248	2249	1448
pb2	2249	2250	1447
pb2	2250	2251	1463
pb2	2251	2252	1466
pb2	2252	2253	1432
pb2	2253	2254	1427
pb2	2254	2255	1428
pb2	2255	2256	1402
pb2	2256	2257	1425
pb2	2257	2258	1267
pb2	2258	2259	1268
pb2	2259	2260	1247
pb2	2260	2261	1246
pb2	2261	2263	1239
pb2	2263	2264	1218
pb2	2264	2265	1231
pb2	2265	2266	1159
pb2	2266	2267	1172
pb2	2267	2268	1170
pb2	2268	2269	1171
pb2	2269	2270	1168
pb2	2270	2271	1171
pb2	2271	2272	1167
pb2	2272	2273	1168
pb2	2273	2274	1143
pb2	2274	2275	1141
pb2	2275	2277	1094
pb2	2277	2278	1091
pb2	2278	2279	1090
pb2	2279	2280	1083
pb2	2280	2282	1078
pb2	2282	2284	1076
pb2	2284	2285	1069
pb2	2285	2286	1031
pb2	2286	2287	1024
pb2	2287	2288	1020
pb2	2288	2289	1016
pb2	2289	2290	1011
pb2	2290	2291	995
pb2	2291	2293	980
pb2	2293	2294	944
pb2	2294	2295	943
pb2	2295	2296	938
pb2	2296	2298	928
pb2	2298	2299	927
pb2	2299	2300	926
pb2	2300	2301	920
pb2	2301	2302	917
pb2	2302	2303	914
pb2	2303	2304	891
pb2	2304	2305	850
pb2	2305	2306	784
pb2	2306	2307	783
pb2	2307	2308	745
pb2	2308	2309	743
pb2	2309	2310	720
pb2	2310	2311	682
pb2	2311	2313	681
pb2	2313	2314	675
pb2	2314	2315	674
pb2	2315	2316	587
pb2	2316	2317	584
pb2	2317	2319	567
pb2	2319	2320	565
pb2	2320	2321	553
pb2	2321	2322	551
pb2	2322	2323	550
pb2	2323	2324	544
pb2	2324	2325	536
pb2	2325	2326	402
pb2	2326	2327	396
pb2	2327	2328	389
pb2	2328	2329	388
pb2	2329	2330	383
pb2	2330	2331	379
pb2	2331	2332	377
pb2	2332	2333	375
pb2	2333	2334	356
pb2	2334	2335	364
pb2	2335	2336	359
pb2	2336	2337	271
pb2	2337	2338	281
pb2	2338	2339	267
pb2	2339	2340	260
pb2	2340	2341	77
pa	0	1	1278
pa	1	2	1492
pa	2	3	1505
pa	3	4	1542
pa	4	5	1650
pa	5	6	1673
pa	6	7	2179
pa	7	8	2192
pa	8	9	2210
pa	9	10	2215
pa	10	11	2239
pa	11	12	2327
pa	12	13	2337
pa	13	14	2344
pa	14	15	2355
pa	15	16	2390
pa	16	17	2476
pa	17	18	2532
pa	18	19	2548
pa	19	20	2552
pa	20	21	2560
pa	21	22	2565
pa	22	23	2628
pa	23	24	2650
pa	24	25	2850
pa	25	26	2861
pa	26	27	2897
pa	27	28	2908
pa	28	29	2914
pa	29	30	2921
pa	30	31	2935
pa	31	32	2977
pa	32	33	2997
pa	33	34	2999
pa	34	35	3055
pa	35	36	3065
pa	36	37	3092
pa	37	38	3109
pa	38	39	3122
pa	39	40	3146
pa	40	41	3156
pa	41	42	3227
pa	42	43	3248
pa	43	44	3264
pa	44	45	3289
pa	45	46	3298
pa	46	47	3373
pa	47	48	3438
pa	48	49	3445
pa	49	50	3457
pa	50	51	3466
pa	51	52	3467
pa	52	53	3576
pa	53	54	3586
pa	54	55	3604
pa	55	56	3572
pa	56	57	3549
pa	57	58	3548
pa	58	59	3566
pa	59	60	3564
pa	60	61	3561
pa	61	62	3518
pa	62	63	3522
pa	63	64	3524
pa	64	65	3519
pa	65	66	3528
pa	66	67	3525
pa	67	68	3530
pa	68	69	3538
pa	69	70	3525
pa	70	71	3521
pa	71	72	3517
pa	72	73	3527
pa	73	74	3534
pa	74	75	3554
pa	75	76	3555
pa	76	77	3549
pa	77	78	3545
pa	78	79	3536
pa	79	80	3537
pa	80	81	3568
pa	81	82	3552
pa	82	83	3574
pa	83	84	3565
pa	84	85	3597
pa	85	86	3611
pa	86	87	3674
pa	87	88	3713
pa	88	89	3699
pa	89	90	3646
pa	90	91	3732
pa	91	92	3745
pa	92	93	3878
pa	93	94	3854
pa	94	95	3867
pa	95	96	3837
pa	96	97	3793
pa	97	98	3806
pa	98	99	3781
pa	99	100	3702
pa	100	101	3648
pa	101	102	3469
pa	102	103	3485
pa	103	104	3479
pa	104	105	3510
pa	105	106	3514
pa	106	107	3500
pa	107	108	3496
pa	108	109	3498
pa	109	110	3501
pa	110	111	3493
pa	111	112	3467
pa	112	113	3472
pa	113	115	3454
pa	115	116	3485
pa	116	117	3476
pa	117	118	3478
pa	118	119	3508
pa	119	120	3504
pa	120	121	3530
pa	121	122	3516
pa	122	123	3519
pa	123	124	3514
pa	124	125	3491
pa	125	126	3508
pa	126	127	3486
pa	127	128	3497
pa	128	129	3492
pa	129	130	3451
pa	130	131	3515
pa	131	132	3506
pa	132	133	3635
pa	133	134	3663
pa	134	135	3699
pa	135	136	3731
pa	136	137	3703
pa	137	138	3738
pa	138	139	3727
pa	139	140	3626
pa	140	141	3631
pa	141	142	3507
pa	142	143	3530
pa	143	144	3434
pa	144	145	3643
pa	145	146	3663
pa	146	147	3587
pa	147	148	3593
pa	148	149	3564
pa	149	150	3449
pa	150	151	3362
pa	151	152	3310
pa	152	153	3265
pa	153	154	3223
pa	154	155	2937
pa	155	156	2886
pa	156	157	2867
pa	157	158	2999
pa	158	159	2998
pa	159	160	2993
pa	160	161	3001
pa	161	162	2969
pa	162	163	2941
pa	163	164	2949
pa	164	165	2991
pa	165	166	2950
pa	166	167	2791
pa	167	168	2786
pa	168	169	2777
pa	169	170	2781
pa	170	171	2744
pa	171	172	2763
pa	172	173	2762
pa	173	174	2720
pa	174	175	2717
pa	175	176	2701
pa	176	177	2722
pa	177	178	2728
pa	178	179	2654
pa	179	180	2656
pa	180	181	2627
pa	181	182	2681
pa	182	184	2685
pa	184	185	2640
pa	185	186	2606
pa	186	187	2594
pa	187	188	2586
pa	188	189	2581
pa	189	190	2584
pa	190	191	2541
pa	191	192	2533
pa	192	193	2515
pa	193	194	2473
pa	194	195	2497
pa	195	196	2463
pa	196	197	2455
pa	197	198	2438
pa	198	199	2414
pa	199	200	2439
pa	200	201	2458
pa	201	202	2459
pa	202	203	2458
pa	203	204	2423
pa	204	205	2440
pa	205	206	2439
pa	206	207	2435
pa	207	208	2479
pa	208	209	2430
pa	209	210	2348
pa	210	211	2289
pa	211	212	2252
pa	212	213	2236
pa	213	214	2222
pa	214	215	2247
pa	215	216	2242
pa	216	217	2211
pa	217	218	2200
pa	218	220	2203
pa	220	221	2188
pa	221	222	2167
pa	222	223	2138
pa	223	224	2186
pa	224	225	2245
pa	225	226	2261
pa	226	228	2273
pa	228	229	2240
pa	229	230	2279
pa	230	231	2280
pa	231	232	2303
pa	232	233	2302
pa	233	234	2282
pa	234	235	2433
pa	235	236	2426
pa	236	237	2456
pa	237	238	2434
pa	238	239	2409
pa	239	240	2412
pa	240	241	2381
pa	241	242	2338
pa	242	243	2340
pa	243	244	2238
pa	244	245	2232
pa	245	246	2229
pa	246	247	2213
pa	247	248	2228
pa	248	249	2252
pa	249	250	2255
pa	250	251	2252
pa	251	252	2242
pa	252	253	2256
pa	253	254	2270
pa	254	255	2263
pa	255	256	2262
pa	256	257	2240
pa	257	258	2213
pa	258	259	2253
pa	259	260	2272
pa	260	261	2293
pa	261	262	2280
pa	262	263	2276
pa	263	264	2280
pa	264	265	2336
pa	265	266	2335
pa	266	267	2265
pa	267	268	2221
pa	268	269	2227
pa	269	270	2295
pa	270	271	2302
pa	271	272	2286
pa	272	273	2311
pa	273	274	2258
pa	274	275	2326
pa	275	276	2390
pa	276	277	2448
pa	277	278	2458
pa	278	280	2354
pa	280	281	2352
pa	281	282	2509
pa	282	283	2522
pa	283	284	2473
pa	284	285	2461
pa	285	286	2426
pa	286	287	2467
pa	287	288	2482
pa	288	289	2472
pa	289	290	2495
pa	290	291	2350
pa	291	292	2578
pa	292	293	2570
pa	293	294	2783
pa	294	295	2795
pa	295	296	2759
pa	296	297	2772
pa	297	298	2776
pa	298	299	2775
pa	299	300	2781
pa	300	301	2539
pa	301	302	2550
pa	302	303	2463
pa	303	305	2466
pa	305	306	2536
pa	306	307	2535
pa	307	308	2547
pa	308	309	2546
pa	309	310	2537
pa	310	311	2544
pa	311	312	2565
pa	312	313	2529
pa	313	314	2558
pa	314	315	2480
pa	315	316	2475
pa	316	317	2479
pa	317	318	2476
pa	318	319	2494
pa	319	320	2498
pa	320	321	2485
pa	321	322	2500
pa	322	323	2487
pa	323	325	2501
pa	325	326	2496
pa	326	327	2497
pa	327	328	2480
pa	328	329	2476
pa	329	330	2499
pa	330	331	2498
pa	331	332	2497
pa	332	333	2495
pa	333	334	2502
pa	334	335	2527
pa	335	336	2559
pa	336	337	2556
pa	337	338	2560
pa	338	339	2541
pa	339	340	2545
pa	340	341	2554
pa	341	342	2562
pa	342	343	2558
pa	343	344	2540
pa	344	345	2497
pa	345	346	2538
pa	346	347	2551
pa	347	348	2554
pa	348	349	2557
pa	349	350	2554
pa	350	351	2621
pa	351	352	2623
pa	352	353	2622
pa	353	354	2629
pa	354	355	2599
pa	355	356	2783
pa	356	357	2795
pa	357	359	2799
pa	359	360	2787
pa	360	361	2795
pa	361	362	2803
pa	362	363	2808
pa	363	364	2814
pa	364	365	2651
pa	365	366	2655
pa	366	367	2628
pa	367	368	2614
pa	368	369	2616
pa	369	370	2566
pa	370	371	2588
pa	371	372	2567
pa	372	373	2553
pa	373	374	2547
pa	374	375	2528
pa	375	376	2539
pa	376	377	2529
pa	377	378	2527
pa	378	379	2524
pa	379	380	2532
pa	380	381	2547
pa	381	382	2539
pa	382	383	2530
pa	383	384	2503
pa	384	385	2479
pa	385	386	2466
pa	386	387	2461
pa	387	388	2465
pa	388	389	2413
pa	389	390	2430
pa	390	391	2428
pa	391	392	2462
pa	392	393	2467
pa	393	394	2460
pa	394	395	2444
pa	395	396	2467
pa	396	397	2452
pa	397	398	2467
pa	398	400	2429
pa	400	401	2325
pa	401	402	2420
pa	402	403	2607
pa	403	404	2572
pa	404	405	2655
pa	405	406	2680
pa	406	407	2694
pa	407	408	2696
pa	408	409	2849
pa	409	410	2888
pa	410	411	2948
pa	411	412	2794
pa	412	413	2825
pa	413	414	2746
pa	414	415	2722
pa	415	416	2918
pa	416	417	2923
pa	417	418	2830
pa	418	419	2791
pa	419	420	2659
pa	420	421	2693
pa	421	422	2682
pa	422	423	2685
pa	423	424	2683
pa	424	425	2597
pa	425	426	2593
pa	426	428	2601
pa	428	429	2610
pa	429	430	2609
pa	430	431	2618
pa	431	433	2621
pa	433	434	2631
pa	434	435	2695
pa	435	436	2697
pa	436	437	2698
pa	437	438	2695
pa	438	439	2717
pa	439	440	2743
pa	440	441	2758
pa	441	442	2754
pa	442	443	2762
pa	443	444	2729
pa	444	445	2733
pa	445	446	2748
pa	446	447	2755
pa	447	448	2754
pa	448	449	2756
pa	449	450	2770
pa	450	451	2791
pa	451	452	2803
pa	452	453	2787
pa	453	454	2810
pa	454	455	2781
pa	455	456	2943
pa	456	457	2944
pa	457	458	2962
pa	458	459	2958
pa	459	460	2954
pa	460	461	2944
pa	461	462	2979
pa	462	463	2973
pa	463	464	3020
pa	464	465	2945
pa	465	466	2873
pa	466	467	2872
pa	467	468	2907
pa	468	469	2899
pa	469	470	2938
pa	470	471	2932
pa	471	472	2930
pa	472	473	2925
pa	473	474	2910
pa	474	475	2921
pa	475	476	2931
pa	476	477	2903
pa	477	478	2933
pa	478	479	2946
pa	479	480	2919
pa	480	481	2918
pa	481	482	2919
pa	482	483	2926
pa	483	484	2942
pa	484	485	2928
pa	485	486	2930
pa	486	487	2892
pa	487	488	2848
pa	488	489	2857
pa	489	490	2849
pa	490	491	2836
pa	491	492	2857
pa	492	493	2850
pa	493	494	2888
pa	494	495	2890
pa	495	496	2924
pa	496	497	2927
pa	497	498	2913
pa	498	499	2922
pa	499	500	2917
pa	500	501	2839
pa	501	502	2877
pa	502	503	2814
pa	503	504	2840
pa	504	505	2810
pa	505	506	2784
pa	506	507	2763
pa	507	508	2732
pa	508	509	2760
pa	509	510	2722
pa	510	511	2635
pa	511	512	2598
pa	512	513	2562
pa	513	514	2560
pa	514	515	2545
pa	515	516	2546
pa	516	517	2555
pa	517	518	2501
pa	518	519	2490
pa	519	520	2496
pa	520	521	2486
pa	521	522	2487
pa	522	523	2470
pa	523	524	2478
pa	524	525	2469
pa	525	526	2409
pa	526	527	2421
pa	527	528	2413
pa	528	529	2414
pa	529	530	2412
pa	530	531	2394
pa	531	532	2387
pa	532	533	2388
pa	533	534	2463
pa	534	535	2475
pa	535	536	2421
pa	536	537	2414
pa	537	538	2400
pa	538	539	2410
pa	539	540	2394
pa	540	541	2376
pa	541	542	2361
pa	542	543	2153
pa	543	544	2096
pa	544	545	2112
pa	545	546	2119
pa	546	547	2121
pa	547	548	2061
pa	548	549	2120
pa	549	550	2110
pa	550	551	2106
pa	551	552	2101
pa	552	553	2027
pa	553	554	2120
pa	554	555	2030
pa	555	556	2015
pa	556	557	2010
pa	557	558	1877
pa	558	559	1874
pa	559	560	1864
pa	560	561	1804
pa	561	562	1788
pa	562	563	1511
pa	563	564	1510
pa	564	565	1539
pa	565	566	1546
pa	566	567	1536
pa	567	568	1525
pa	568	569	1472
pa	569	570	1484
pa	570	572	1480
pa	572	573	1488
pa	573	574	1512
pa	574	575	1529
pa	575	576	1544
pa	576	577	1540
pa	577	578	1545
pa	578	579	1541
pa	579	580	1614
pa	580	581	1650
pa	581	582	1635
pa	582	583	1657
pa	583	584	1632
pa	584	585	1664
pa	585	586	1691
pa	586	587	1684
pa	587	588	1680
pa	588	589	1614
pa	589	590	1543
pa	590	591	1541
pa	591	592	1517
pa	592	593	1580
pa	593	594	1559
pa	594	595	1556
pa	595	596	1559
pa	596	597	1543
pa	597	598	1537
pa	598	599	1539
pa	599	601	1543
pa	601	602	1467
pa	602	603	1498
pa	603	605	1519
pa	605	606	1510
pa	606	607	1512
pa	607	608	1511
pa	608	610	1509
pa	610	611	1510
pa	611	613	1449
pa	613	614	1444
pa	614	615	1442
pa	615	616	1441
pa	616	617	1448
pa	617	618	1450
pa	618	619	1449
pa	619	620	1450
pa	620	621	1454
pa	621	622	1424
pa	622	623	1451
pa	623	624	1445
pa	624	625	1461
pa	625	626	1455
pa	626	627	1445
pa	627	628	1455
pa	628	629	1450
pa	629	630	1434
pa	630	631	1436
pa	631	632	1413
pa	632	633	1407
pa	633	634	1363
pa	634	635	1391
pa	635	636	1399
pa	636	637	1377
pa	637	638	1379
pa	638	639	1377
pa	639	640	1382
pa	640	642	1384
pa	642	643	1380
pa	643	644	1364
pa	644	645	1434
pa	645	646	1421
pa	646	647	1438
pa	647	648	1439
pa	648	649	1449
pa	649	650	1450
pa	650	651	1452
pa	651	652	1456
pa	652	653	1459
pa	653	655	1330
pa	655	656	1313
pa	656	657	1320
pa	657	658	1314
pa	658	659	1305
pa	659	660	1304
pa	660	661	1279
pa	661	662	1293
pa	662	663	1302
pa	663	664	1294
pa	664	665	1295
pa	665	666	1284
pa	666	667	1286
pa	667	668	1284
pa	668	669	1280
pa	669	670	1285
pa	670	671	1281
pa	671	672	1288
pa	672	673	1289
pa	673	674	1286
pa	674	675	1285
pa	675	676	1287
pa	676	677	1306
pa	677	678	1298
pa	678	679	1279
pa	679	680	1270
pa	680	681	1271
pa	681	682	1287
pa	682	683	1280
pa	683	684	1270
pa	684	685	1278
pa	685	686	1265
pa	686	687	1267
pa	687	688	1244
pa	688	689	1243
pa	689	690	1245
pa	690	691	1234
pa	691	692	1254
pa	692	693	1266
pa	693	694	1264
pa	694	695	1257
pa	695	696	1251
pa	696	697	1223
pa	697	698	1240
pa	698	699	1224
pa	699	700	1221
pa	700	701	1200
pa	701	702	1191
pa	702	704	1188
pa	704	705	1168
pa	705	706	1165
pa	706	707	1155
pa	707	708	1242
pa	708	709	1229
pa	709	710	1242
pa	710	711	1241
pa	711	712	1242
pa	712	713	1244
pa	713	714	1231
pa	714	715	1274
pa	715	716	1264
pa	716	717	1216
pa	717	718	1211
pa	718	719	1253
pa	719	720	1250
pa	720	721	1256
pa	721	722	1250
pa	722	723	1252
pa	723	724	1199
pa	724	725	1194
pa	725	726	1172
pa	726	727	1134
pa	727	728	1156
pa	728	729	1153
pa	729	730	1142
pa	730	731	1138
pa	731	732	1122
pa	732	733	1113
pa	733	734	1116
pa	734	735	1112
pa	735	736	1117
pa	736	738	1066
pa	738	739	1061
pa	739	740	1059
pa	740	741	1069
pa	741	742	1057
pa	742	743	1078
pa	743	744	1069
pa	744	745	1066
pa	745	746	1105
pa	746	747	1108
pa	747	748	1109
pa	748	749	1113
pa	749	751	1096
pa	751	752	1046
pa	752	754	1068
pa	754	755	1055
pa	755	756	1049
pa	756	757	1037
pa	757	758	1043
pa	758	759	1063
pa	759	760	1068
pa	760	761	1077
pa	761	762	1062
pa	762	763	1078
pa	763	764	1085
pa	764	765	1086
pa	765	766	1098
pa	766	767	1077
pa	767	768	1067
pa	768	769	1072
pa	769	770	1074
pa	770	771	1109
pa	771	772	1106
pa	772	775	1115
pa	775	776	1114
pa	776	777	1109
pa	777	778	1129
pa	778	779	1126
pa	779	780	1067
pa	780	781	1073
pa	781	782	1057
pa	782	783	1058
pa	783	784	1053
pa	784	785	1051
pa	785	786	1063
pa	786	787	1053
pa	787	788	1067
pa	788	789	1068
pa	789	790	1067
pa	790	791	1088
pa	791	792	1113
pa	792	793	1120
pa	793	794	1121
pa	794	795	1105
pa	795	796	1092
pa	796	797	1079
pa	797	798	1074
pa	798	799	1080
pa	799	800	1066
pa	800	801	1067
pa	801	802	1108
pa	802	803	1112
pa	803	804	1134
pa	804	805	1130
pa	805	806	1127
pa	806	808	1132
pa	808	809	1165
pa	809	810	1170
pa	810	811	1145
pa	811	812	1168
pa	812	813	1157
pa	813	814	1175
pa	814	815	1206
pa	815	816	1195
pa	816	817	1198
pa	817	818	1167
pa	818	819	1152
pa	819	820	1154
pa	820	821	1147
pa	821	822	1151
pa	822	823	1138
pa	823	824	1211
pa	824	825	1208
pa	825	826	1248
pa	826	827	1249
pa	827	828	1271
pa	828	829	1273
pa	829	830	1281
pa	830	831	1274
pa	831	832	1275
pa	832	833	1199
pa	833	834	1215
pa	834	835	1196
pa	835	836	1189
pa	836	837	1171
pa	837	838	1182
pa	838	839	1189
pa	839	840	1188
pa	840	842	1200
pa	842	843	1203
pa	843	844	1200
pa	844	845	1204
pa	845	846	1262
pa	846	847	1268
pa	847	848	1272
pa	848	849	1270
pa	849	850	1269
pa	850	851	1321
pa	851	852	1317
pa	852	853	1308
pa	853	854	1210
pa	854	855	1185
pa	855	856	1187
pa	856	857	1182
pa	857	858	1175
pa	858	859	1173
pa	859	860	1158
pa	860	861	1186
pa	861	862	1187
pa	862	863	1202
pa	863	864	1211
pa	864	865	1222
pa	865	866	1227
pa	866	867	1228
pa	867	868	1232
pa	868	869	1220
pa	869	870	1209
pa	870	872	1214
pa	872	873	1218
pa	873	874	1230
pa	874	875	1226
pa	875	876	1260
pa	876	877	1261
pa	877	878	1268
pa	878	879	1266
pa	879	880	1264
pa	880	881	1269
pa	881	882	1255
pa	882	883	1261
pa	883	884	1324
pa	884	885	1315
pa	885	886	1322
pa	886	887	1320
pa	887	888	1329
pa	888	889	1361
pa	889	890	1362
pa	890	891	1374
pa	891	892	1371
pa	892	893	1337
pa	893	894	1344
pa	894	895	1342
pa	895	896	1362
pa	896	897	1353
pa	897	898	1341
pa	898	899	1370
pa	899	900	1367
pa	900	901	1369
pa	901	902	1370
pa	902	903	1365
pa	903	904	1366
pa	904	905	1356
pa	905	906	1379
pa	906	907	1380
pa	907	908	1381
pa	908	909	1354
pa	909	910	1393
pa	910	911	1414
pa	911	912	1431
pa	912	913	1434
pa	913	914	1437
pa	914	916	1440
pa	916	917	1451
pa	917	918	1466
pa	918	919	1471
pa	919	920	1463
pa	920	921	1445
pa	921	922	1447
pa	922	923	1434
pa	923	924	1474
pa	924	925	1491
pa	925	926	1599
pa	926	927	1597
pa	927	928	1567
pa	928	929	1568
pa	929	930	1562
pa	930	931	1757
pa	931	932	1753
pa	932	933	1722
pa	933	934	1763
pa	934	935	1682
pa	935	936	1771
pa	936	937	1767
pa	937	938	1773
pa	938	939	1775
pa	939	940	1596
pa	940	941	1671
pa	941	942	1666
pa	942	943	1644
pa	943	944	1653
pa	944	945	1632
pa	945	946	1650
pa	946	947	1649
pa	947	949	1651
pa	949	950	1602
pa	950	951	1613
pa	951	952	1614
pa	952	954	1609
pa	954	955	1597
pa	955	957	1601
pa	957	958	1603
pa	958	959	1600
pa	959	960	1599
pa	960	961	1597
pa	961	963	1598
pa	963	964	1600
pa	964	965	1588
pa	965	967	1592
pa	967	969	1604
pa	969	970	1600
pa	970	971	1610
pa	971	972	1598
pa	972	973	1603
pa	973	974	1642
pa	974	975	1684
pa	975	976	1764
pa	976	977	1763
pa	977	978	1762
pa	978	979	1789
pa	979	980	1810
pa	980	981	1889
pa	981	982	1896
pa	982	983	1891
pa	983	984	1930
pa	984	985	1998
pa	985	986	2101
pa	986	987	2109
pa	987	988	2156
pa	988	989	2187
pa	989	990	2259
pa	990	991	2269
pa	991	992	2266
pa	992	993	2243
pa	993	994	2211
pa	994	995	2193
pa	995	996	2174
pa	996	997	2197
pa	997	998	2181
pa	998	999	2174
pa	999	1000	2333
pa	1000	1001	2339
pa	1001	1002	2344
pa	1002	1004	2358
pa	1004	1005	2372
pa	1005	1006	2356
pa	1006	1007	2357
pa	1007	1008	2419
pa	1008	1009	2454
pa	1009	1010	2503
pa	1010	1011	2512
pa	1011	1012	2506
pa	1012	1013	2507
pa	1013	1014	2509
pa	1014	1015	2584
pa	1015	1016	2628
pa	1016	1017	2778
pa	1017	1018	2708
pa	1018	1019	2694
pa	1019	1020	2696
pa	1020	1021	2792
pa	1021	1022	2861
pa	1022	1023	2880
pa	1023	1024	2830
pa	1024	1025	2822
pa	1025	1026	2724
pa	1026	1027	2788
pa	1027	1028	2782
pa	1028	1029	2773
pa	1029	1030	2750
pa	1030	1031	2735
pa	1031	1032	2765
pa	1032	1033	2785
pa	1033	1034	2771
pa	1034	1035	2766
pa	1035	1036	2731
pa	1036	1037	2746
pa	1037	1038	2757
pa	1038	1039	2762
pa	1039	1040	2766
pa	1040	1041	2767
pa	1041	1042	2736
pa	1042	1043	2728
pa	1043	1044	2746
pa	1044	1045	2777
pa	1045	1046	2792
pa	1046	1047	2797
pa	1047	1048	2805
pa	1048	1049	2830
pa	1049	1050	2836
pa	1050	1051	2841
pa	1051	1052	2848
pa	1052	1053	2819
pa	1053	1054	2827
pa	1054	1055	2768
pa	1055	1056	2785
pa	1056	1057	3054
pa	1057	1058	3057
pa	1058	1059	3081
pa	1059	1060	3068
pa	1060	1061	3064
pa	1061	1062	3072
pa	1062	1063	3054
pa	1063	1064	3046
pa	1064	1065	3085
pa	1065	1066	2849
pa	1066	1067	2850
pa	1067	1068	2839
pa	1068	1069	2844
pa	1069	1070	2850
pa	1070	1071	2841
pa	1071	1072	2839
pa	1072	1073	2829
pa	1073	1074	2777
pa	1074	1075	2768
pa	1075	1076	2739
pa	1076	1077	2747
pa	1077	1078	2759
pa	1078	1079	2754
pa	1079	1080	2759
pa	1080	1081	2751
pa	1081	1082	2729
pa	1082	1083	2720
pa	1083	1084	2707
pa	1084	1085	2737
pa	1085	1086	2731
pa	1086	1087	2721
pa	1087	1088	2713
pa	1088	1089	2693
pa	1089	1090	2694
pa	1090	1091	2692
pa	1091	1092	2710
pa	1092	1094	2692
pa	1094	1095	2676
pa	1095	1096	2675
pa	1096	1097	2676
pa	1097	1098	2673
pa	1098	1099	2668
pa	1099	1100	2675
pa	1100	1101	2642
pa	1101	1102	2604
pa	1102	1103	2593
pa	1103	1104	2639
pa	1104	1105	2627
pa	1105	1106	2612
pa	1106	1107	2621
pa	1107	1108	2589
pa	1108	1109	2572
pa	1109	1110	2543
pa	1110	1111	2533
pa	1111	1112	2535
pa	1112	1113	2431
pa	1113	1114	2452
pa	1114	1115	2472
pa	1115	1116	2451
pa	1116	1117	2658
pa	1117	1118	2612
pa	1118	1119	2653
pa	1119	1120	2650
pa	1120	1121	2622
pa	1121	1122	2548
pa	1122	1123	2552
pa	1123	1124	2556
pa	1124	1125	2560
pa	1125	1126	2198
pa	1126	1127	2199
pa	1127	1128	2140
pa	1128	1129	2145
pa	1129	1130	2153
pa	1130	1131	2098
pa	1131	1132	2155
pa	1132	1133	2119
pa	1133	1134	2118
pa	1134	1135	2222
pa	1135	1136	2219
pa	1136	1137	2202
pa	1137	1138	2212
pa	1138	1139	2183
pa	1139	1140	2251
pa	1140	1141	2200
pa	1141	1142	2226
pa	1142	1143	2231
pa	1143	1144	2155
pa	1144	1145	2148
pa	1145	1146	2137
pa	1146	1147	2147
pa	1147	1148	2163
pa	1148	1149	2105
pa	1149	1150	2097
pa	1150	1151	2084
pa	1151	1152	2095
pa	1152	1153	2105
pa	1153	1154	2099
pa	1154	1155	2089
pa	1155	1156	2105
pa	1156	1157	2107
pa	1157	1158	2110
pa	1158	1159	2111
pa	1159	1160	2101
pa	1160	1161	2107
pa	1161	1162	2132
pa	1162	1163	2192
pa	1163	1164	2212
pa	1164	1165	2215
pa	1165	1166	2210
pa	1166	1167	2196
pa	1167	1168	2201
pa	1168	1169	2204
pa	1169	1170	2210
pa	1170	1171	2213
pa	1171	1172	2160
pa	1172	1173	2275
pa	1173	1174	2266
pa	1174	1176	2347
pa	1176	1177	2351
pa	1177	1178	2343
pa	1178	1179	2346
pa	1179	1180	2412
pa	1180	1181	2413
pa	1181	1182	2298
pa	1182	1183	2294
pa	1183	1184	2260
pa	1184	1185	2264
pa	1185	1186	2287
pa	1186	1187	2289
pa	1187	1188	2281
pa	1188	1189	2266
pa	1189	1190	2581
pa	1190	1191	2587
pa	1191	1192	2649
pa	1192	1193	2661
pa	1193	1194	2683
pa	1194	1195	2703
pa	1195	1196	2706
pa	1196	1197	2710
pa	1197	1198	2790
pa	1198	1199	2633
pa	1199	1200	2935
pa	1200	1201	2928
pa	1201	1202	2936
pa	1202	1203	2978
pa	1203	1204	2969
pa	1204	1205	2992
pa	1205	1206	2979
pa	1206	1207	2904
pa	1207	1208	2923
pa	1208	1209	2852
pa	1209	1210	2856
pa	1210	1211	2871
pa	1211	1212	2841
pa	1212	1213	2853
pa	1213	1214	2857
pa	1214	1215	2899
pa	1215	1216	2913
pa	1216	1217	2906
pa	1217	1218	2876
pa	1218	1219	2891
pa	1219	1220	2927
pa	1220	1221	3006
pa	1221	1222	3034
pa	1222	1223	3018
pa	1223	1224	3008
pa	1224	1225	3006
pa	1225	1226	3022
pa	1226	1227	3029
pa	1227	1228	3039
pa	1228	1229	2973
pa	1229	1230	2949
pa	1230	1231	2964
pa	1231	1232	2966
pa	1232	1233	2986
pa	1233	1234	3004
pa	1234	1235	3008
pa	1235	1236	3029
pa	1236	1237	3033
pa	1237	1238	3065
pa	1238	1239	3077
pa	1239	1240	3072
pa	1240	1241	3081
pa	1241	1242	3126
pa	1242	1243	3150
pa	1243	1244	3151
pa	1244	1245	3149
pa	1245	1246	3155
pa	1246	1247	3133
pa	1247	1248	3215
pa	1248	1249	3288
pa	1249	1250	3292
pa	1250	1251	3255
pa	1251	1252	3353
pa	1252	1253	3371
pa	1253	1254	3404
pa	1254	1255	3399
pa	1255	1256	3404
pa	1256	1257	3636
pa	1257	1258	3614
pa	1258	1259	3637
pa	1259	1260	3641
pa	1260	1261	3618
pa	1261	1262	3633
pa	1262	1263	3657
pa	1263	1264	3685
pa	1264	1265	3703
pa	1265	1266	3534
pa	1266	1267	3550
pa	1267	1268	3593
pa	1268	1269	3610
pa	1269	1270	3714
pa	1270	1271	3710
pa	1271	1272	3647
pa	1272	1273	3634
pa	1273	1274	3662
pa	1274	1275	3736
pa	1275	1276	3712
pa	1276	1277	3723
pa	1277	1278	3672
pa	1278	1279	3726
pa	1279	1280	3759
pa	1280	1281	3770
pa	1281	1282	3778
pa	1282	1283	3782
pa	1283	1284	3814
pa	1284	1285	3820
pa	1285	1286	3816
pa	1286	1287	3824
pa	1287	1288	3796
pa	1288	1289	4052
pa	1289	1290	4087
pa	1290	1291	4086
pa	1291	1292	4085
pa	1292	1293	4040
pa	1293	1294	4162
pa	1294	1295	4150
pa	1295	1296	4122
pa	1296	1297	4120
pa	1297	1298	3969
pa	1298	1299	4029
pa	1299	1300	4034
pa	1300	1301	4040
pa	1301	1302	4041
pa	1302	1303	3973
pa	1303	1304	4161
pa	1304	1305	4134
pa	1305	1306	4129
pa	1306	1307	4132
pa	1307	1308	4063
pa	1308	1309	4125
pa	1309	1310	4159
pa	1310	1311	4181
pa	1311	1312	4193
pa	1312	1313	4044
pa	1313	1314	4030
pa	1314	1315	4047
pa	1315	1316	4187
pa	1316	1317	4184
pa	1317	1318	4152
pa	1318	1319	4154
pa	1319	1320	4159
pa	1320	1321	4179
pa	1321	1322	4168
pa	1322	1323	4170
pa	1323	1324	4180
pa	1324	1325	4079
pa	1325	1326	4119
pa	1326	1327	4247
pa	1327	1328	4253
pa	1328	1329	4251
pa	1329	1330	4268
pa	1330	1331	4267
pa	1331	1332	4270
pa	1332	1333	4272
pa	1333	1334	4248
pa	1334	1335	4385
pa	1335	1336	4271
pa	1336	1337	4364
pa	1337	1338	4365
pa	1338	1339	4356
pa	1339	1340	4258
pa	1340	1341	4257
pa	1341	1342	4277
pa	1342	1343	4275
pa	1343	1344	4257
pa	1344	1345	4237
pa	1345	1346	4170
pa	1346	1347	4178
pa	1347	1348	4158
pa	1348	1349	4164
pa	1349	1350	4166
pa	1350	1351	4091
pa	1351	1352	4079
pa	1352	1353	4106
pa	1353	1354	4086
pa	1354	1355	4078
pa	1355	1356	4093
pa	1356	1357	4086
pa	1357	1358	4064
pa	1358	1359	4047
pa	1359	1360	4034
pa	1360	1361	4023
pa	1361	1362	3988
pa	1362	1363	3951
pa	1363	1364	4045
pa	1364	1365	3985
pa	1365	1366	4028
pa	1366	1367	4020
pa	1367	1368	4009
pa	1368	1369	4051
pa	1369	1370	4002
pa	1370	1371	4001
pa	1371	1372	3998
pa	1372	1373	3771
pa	1373	1374	3856
pa	1374	1375	3829
pa	1375	1376	3838
pa	1376	1377	3840
pa	1377	1378	3821
pa	1378	1379	3827
pa	1379	1380	3882
pa	1380	1381	3871
pa	1381	1382	3884
pa	1382	1383	3832
pa	1383	1384	3742
pa	1384	1385	3755
pa	1385	1386	3719
pa	1386	1387	3732
pa	1387	1388	3784
pa	1388	1389	3709
pa	1389	1390	3802
pa	1390	1391	3851
pa	1391	1392	3844
pa	1392	1393	3904
pa	1393	1394	3883
pa	1394	1395	3914
pa	1395	1396	3895
pa	1396	1397	3815
pa	1397	1398	3844
pa	1398	1399	3636
pa	1399	1400	3691
pa	1400	1401	3715
pa	1401	1402	3686
pa	1402	1403	3692
pa	1403	1404	3643
pa	1404	1405	3621
pa	1405	1406	3599
pa	1406	1407	3553
pa	1407	1408	3511
pa	1408	1409	3522
pa	1409	1410	3355
pa	1410	1411	3413
pa	1411	1412	3388
pa	1412	1413	3418
pa	1413	1414	3420
pa	1414	1415	3729
pa	1415	1416	4055
pa	1416	1417	4054
pa	1417	1418	4069
pa	1418	1419	4167
pa	1419	1420	4119
pa	1420	1421	4344
pa	1421	1422	4323
pa	1422	1423	4339
pa	1423	1424	4352
pa	1424	1425	3848
pa	1425	1426	4004
pa	1426	1427	4017
pa	1427	1428	3920
pa	1428	1429	3930
pa	1429	1430	3785
pa	1430	1431	3955
pa	1431	1432	3987
pa	1432	1433	3980
pa	1433	1434	4035
pa	1434	1435	3936
pa	1435	1436	3957
pa	1436	1437	3964
pa	1437	1438	3956
pa	1438	1439	3962
pa	1439	1440	3890
pa	1440	1441	3891
pa	1441	1442	3884
pa	1442	1443	3862
pa	1443	1444	3853
pa	1444	1445	3854
pa	1445	1446	3847
pa	1446	1447	3858
pa	1447	1448	3869
pa	1448	1449	3865
pa	1449	1450	4008
pa	1450	1452	4007
pa	1452	1453	4042
pa	1453	1454	4044
pa	1454	1455	4053
pa	1455	1456	4080
pa	1456	1457	4079
pa	1457	1458	4075
pa	1458	1459	4008
pa	1459	1460	4023
pa	1460	1461	4089
pa	1461	1462	4075
pa	1462	1463	4078
pa	1463	1464	4058
pa	1464	1465	4035
pa	1465	1466	4021
pa	1466	1467	4036
pa	1467	1468	4043
pa	1468	1469	4017
pa	1469	1470	3996
pa	1470	1471	3993
pa	1471	1472	4079
pa	1472	1473	4088
pa	1473	1474	4106
pa	1474	1475	4103
pa	1475	1476	4107
pa	1476	1477	4115
pa	1477	1478	4123
pa	1478	1479	4114
pa	1479	1480	4115
pa	1480	1481	4044
pa	1481	1482	4059
pa	1482	1483	4159
pa	1483	1484	4212
pa	1484	1485	4207
pa	1485	1486	4191
pa	1486	1487	4169
pa	1487	1488	4193
pa	1488	1489	4206
pa	1489	1490	4227
pa	1490	1491	4222
pa	1491	1492	4120
pa	1492	1493	4121
pa	1493	1494	4123
pa	1494	1495	4136
pa	1495	1496	4156
pa	1496	1497	4060
pa	1497	1498	4057
pa	1498	1499	4072
pa	1499	1500	4070
pa	1500	1501	4082
pa	1501	1502	4037
pa	1502	1503	4004
pa	1503	1504	3972
pa	1504	1505	3974
pa	1505	1506	3970
pa	1506	1507	3904
pa	1507	1508	3899
pa	1508	1509	3918
pa	1509	1510	3897
pa	1510	1511	3875
pa	1511	1512	3876
pa	1512	1513	3870
pa	1513	1514	3926
pa	1514	1515	3905
pa	1515	1516	3883
pa	1516	1517	3881
pa	1517	1518	3843
pa	1518	1519	3914
pa	1519	1520	3918
pa	1520	1521	4156
pa	1521	1522	4251
pa	1522	1523	4146
pa	1523	1524	4214
pa	1524	1525	4198
pa	1525	1526	4182
pa	1526	1527	4207
pa	1527	1528	4072
pa	1528	1529	3983
pa	1529	1530	3924
pa	1530	1531	3580
pa	1531	1532	3540
pa	1532	1533	3513
pa	1533	1534	3503
pa	1534	1535	3579
pa	1535	1536	3602
pa	1536	1537	3631
pa	1537	1538	3622
pa	1538	1539	3584
pa	1539	1540	3610
pa	1540	1541	3601
pa	1541	1542	3582
pa	1542	1543	3577
pa	1543	1544	3518
pa	1544	1545	3470
pa	1545	1546	3417
pa	1546	1547	3457
pa	1547	1548	3483
pa	1548	1549	3460
pa	1549	1550	3442
pa	1550	1551	3437
pa	1551	1552	3570
pa	1552	1553	3584
pa	1553	1554	3609
pa	1554	1555	3607
pa	1555	1556	3526
pa	1556	1557	3519
pa	1557	1558	3511
pa	1558	1559	3513
pa	1559	1560	3645
pa	1560	1561	3543
pa	1561	1562	3555
pa	1562	1563	3550
pa	1563	1564	3553
pa	1564	1565	3610
pa	1565	1566	3603
pa	1566	1567	3572
pa	1567	1568	3617
pa	1568	1569	3459
pa	1569	1570	3456
pa	1570	1571	3416
pa	1571	1572	3389
pa	1572	1573	3437
pa	1573	1574	3394
pa	1574	1575	3349
pa	1575	1576	3353
pa	1576	1577	3325
pa	1577	1578	3345
pa	1578	1579	3303
pa	1579	1580	3295
pa	1580	1581	3329
pa	1581	1582	3232
pa	1582	1583	3235
pa	1583	1584	3205
pa	1584	1585	3209
pa	1585	1586	3200
pa	1586	1587	3174
pa	1587	1588	3209
pa	1588	1589	3333
pa	1589	1590	3285
pa	1590	1591	3279
pa	1591	1592	3276
pa	1592	1593	3275
pa	1593	1594	3325
pa	1594	1595	3328
pa	1595	1596	3350
pa	1596	1597	3309
pa	1597	1598	3244
pa	1598	1599	3307
pa	1599	1600	3318
pa	1600	1601	3332
pa	1601	1602	3326
pa	1602	1603	3331
pa	1603	1604	3281
pa	1604	1605	3289
pa	1605	1606	3281
pa	1606	1607	3297
pa	1607	1608	3250
pa	1608	1609	3248
pa	1609	1610	3298
pa	1610	1611	3311
pa	1611	1612	3326
pa	1612	1613	3327
pa	1613	1614	3314
pa	1614	1615	3324
pa	1615	1616	3433
pa	1616	1617	3467
pa	1617	1618	3471
pa	1618	1619	3388
pa	1619	1620	3386
pa	1620	1621	3430
pa	1621	1622	3409
pa	1622	1623	3390
pa	1623	1624	3410
pa	1624	1625	3283
pa	1625	1626	3269
pa	1626	1627	3287
pa	1627	1628	3284
pa	1628	1629	3325
pa	1629	1630	3296
pa	1630	1631	3341
pa	1631	1632	3329
pa	1632	1633	3326
pa	1633	1634	3343
pa	1634	1635	3325
pa	1635	1636	3399
pa	1636	1637	3398
pa	1637	1638	3370
pa	1638	1639	3386
pa	1639	1640	3350
pa	1640	1641	3416
pa	1641	1642	3408
pa	1642	1643	3374
pa	1643	1644	3364
pa	1644	1645	3288
pa	1645	1646	3329
pa	1646	1647	3307
pa	1647	1648	3314
pa	1648	1649	3419
pa	1649	1650	3373
pa	1650	1651	3413
pa	1651	1652	3421
pa	1652	1653	3428
pa	1653	1654	3446
pa	1654	1655	3432
pa	1655	1656	3436
pa	1656	1657	3450
pa	1657	1658	3352
pa	1658	1659	3376
pa	1659	1660	3370
pa	1660	1661	3419
pa	1661	1662	3420
pa	1662	1663	3441
pa	1663	1664	3517
pa	1664	1665	3504
pa	1665	1666	3494
pa	1666	1667	3491
pa	1667	1668	3497
pa	1668	1669	3639
pa	1669	1670	3592
pa	1670	1671	3621
pa	1671	1672	3572
pa	1672	1673	3528
pa	1673	1674	3540
pa	1674	1675	3519
pa	1675	1676	3565
pa	1676	1677	3580
pa	1677	1678	3415
pa	1678	1679	3462
pa	1679	1680	3419
pa	1680	1681	3551
pa	1681	1682	3579
pa	1682	1683	3575
pa	1683	1684	3570
pa	1684	1685	3508
pa	1685	1686	3496
pa	1686	1687	3528
pa	1687	1689	3475
pa	1689	1690	3360
pa	1690	1691	3361
pa	1691	1692	3372
pa	1692	1693	3466
pa	1693	1694	3517
pa	1694	1695	3592
pa	1695	1696	3560
pa	1696	1697	3536
pa	1697	1698	3544
pa	1698	1699	3559
pa	1699	1700	3563
pa	1700	1701	3537
pa	1701	1702	3538
pa	1702	1703	3467
pa	1703	1704	3400
pa	1704	1705	3467
pa	1705	1706	3475
pa	1706	1707	3509
pa	1707	1708	3524
pa	1708	1709	3553
pa	1709	1710	3591
pa	1710	1711	3548
pa	1711	1712	3498
pa	1712	1713	3546
pa	1713	1714	3499
pa	1714	1715	3565
pa	1715	1716	3606
pa	1716	1717	3641
pa	1717	1718	3603
pa	1718	1719	3537
pa	1719	1720	3514
pa	1720	1721	3527
pa	1721	1722	3500
pa	1722	1723	3476
pa	1723	1724	3464
pa	1724	1725	3330
pa	1725	1726	3291
pa	1726	1727	3285
pa	1727	1728	3298
pa	1728	1729	3301
pa	1729	1730	3302
pa	1730	1731	3278
pa	1731	1732	3258
pa	1732	1733	3264
pa	1733	1734	3275
pa	1734	1735	3274
pa	1735	1736	3279
pa	1736	1737	3286
pa	1737	1738	3280
pa	1738	1739	3269
pa	1739	1740	3257
pa	1740	1741	3280
pa	1741	1742	3281
pa	1742	1743	3241
pa	1743	1744	3218
pa	1744	1745	3225
pa	1745	1746	3236
pa	1746	1747	3250
pa	1747	1748	3251
pa	1748	1749	3303
pa	1749	1750	3298
pa	1750	1751	3286
pa	1751	1752	3287
pa	1752	1753	3286
pa	1753	1754	3307
pa	1754	1755	3351
pa	1755	1756	3357
pa	1756	1757	3412
pa	1757	1758	3305
pa	1758	1759	3316
pa	1759	1760	3321
pa	1760	1761	3293
pa	1761	1762	3373
pa	1762	1763	3250
pa	1763	1764	3227
pa	1764	1765	3152
pa	1765	1766	2986
pa	1766	1767	2973
pa	1767	1768	2946
pa	1768	1769	2960
pa	1769	1770	2969
pa	1770	1771	2885
pa	1771	1772	2878
pa	1772	1773	2849
pa	1773	1774	2845
pa	1774	1775	2910
pa	1775	1776	2908
pa	1776	1777	2916
pa	1777	1778	2902
pa	1778	1779	2917
pa	1779	1780	2944
pa	1780	1781	2945
pa	1781	1782	2944
pa	1782	1783	2948
pa	1783	1784	2812
pa	1784	1785	2821
pa	1785	1786	2800
pa	1786	1787	2883
pa	1787	1788	2855
pa	1788	1789	2899
pa	1789	1790	2916
pa	1790	1791	2924
pa	1791	1792	2918
pa	1792	1793	2910
pa	1793	1794	2914
pa	1794	1795	2924
pa	1795	1796	2762
pa	1796	1797	2823
pa	1797	1799	2720
pa	1799	1800	2697
pa	1800	1801	2705
pa	1801	1802	2677
pa	1802	1803	2705
pa	1803	1804	2661
pa	1804	1805	2694
pa	1805	1806	2576
pa	1806	1807	2559
pa	1807	1808	2561
pa	1808	1809	2607
pa	1809	1810	2608
pa	1810	1811	2605
pa	1811	1813	2514
pa	1813	1814	2396
pa	1814	1815	2409
pa	1815	1816	2425
pa	1816	1817	2430
pa	1817	1818	2312
pa	1818	1819	2287
pa	1819	1820	2282
pa	1820	1821	2381
pa	1821	1822	2371
pa	1822	1823	2386
pa	1823	1824	2360
pa	1824	1825	2428
pa	1825	1826	2438
pa	1826	1827	2437
pa	1827	1828	2468
pa	1828	1829	2467
pa	1829	1830	2315
pa	1830	1831	2267
pa	1831	1832	2255
pa	1832	1833	2254
pa	1833	1834	2310
pa	1834	1835	2293
pa	1835	1836	2267
pa	1836	1837	2243
pa	1837	1838	2242
pa	1838	1839	2253
pa	1839	1840	2269
pa	1840	1841	2243
pa	1841	1842	2247
pa	1842	1843	2146
pa	1843	1844	2153
pa	1844	1845	2139
pa	1845	1846	2167
pa	1846	1847	2187
pa	1847	1848	2148
pa	1848	1849	2131
pa	1849	1850	2134
pa	1850	1851	2120
pa	1851	1852	2128
pa	1852	1853	2082
pa	1853	1854	2078
pa	1854	1855	2075
pa	1855	1856	2032
pa	1856	1857	2017
pa	1857	1859	2023
pa	1859	1860	2014
pa	1860	1861	2009
pa	1861	1862	1997
pa	1862	1863	2009
pa	1863	1864	2015
pa	1864	1865	2018
pa	1865	1866	2027
pa	1866	1867	2018
pa	1867	1868	2074
pa	1868	1869	2116
pa	1869	1870	2124
pa	1870	1871	2128
pa	1871	1872	2119
pa	1872	1873	2137
pa	1873	1874	2150
pa	1874	1875	2132
pa	1875	1876	2129
pa	1876	1877	2088
pa	1877	1878	2071
pa	1878	1879	2045
pa	1879	1880	2060
pa	1880	1881	2081
pa	1881	1882	2078
pa	1882	1883	2139
pa	1883	1884	2133
pa	1884	1885	2182
pa	1885	1886	2194
pa	1886	1887	2196
pa	1887	1888	2211
pa	1888	1889	2228
pa	1889	1890	2216
pa	1890	1891	2214
pa	1891	1892	2144
pa	1892	1893	2146
pa	1893	1894	2130
pa	1894	1895	2165
pa	1895	1896	2246
pa	1896	1897	2237
pa	1897	1898	2239
pa	1898	1899	2230
pa	1899	1900	2238
pa	1900	1901	2253
pa	1901	1902	2250
pa	1902	1903	2299
pa	1903	1904	2336
pa	1904	1905	2295
pa	1905	1906	2329
pa	1906	1907	2342
pa	1907	1908	2318
pa	1908	1909	2340
pa	1909	1910	2338
pa	1910	1911	2360
pa	1911	1912	2328
pa	1912	1913	2260
pa	1913	1914	2227
pa	1914	1915	2203
pa	1915	1916	2241
pa	1916	1917	2254
pa	1917	1918	2235
pa	1918	1919	2285
pa	1919	1920	2276
pa	1920	1921	2286
pa	1921	1923	2353
pa	1923	1924	2351
pa	1924	1925	2321
pa	1925	1926	2314
pa	1926	1927	2320
pa	1927	1928	2275
pa	1928	1929	2413
pa	1929	1930	2449
pa	1930	1931	2428
pa	1931	1932	2574
pa	1932	1933	2565
pa	1933	1934	2605
pa	1934	1935	2597
pa	1935	1936	2586
pa	1936	1937	2577
pa	1937	1938	2484
pa	1938	1939	2465
pa	1939	1940	2476
pa	1940	1941	2419
pa	1941	1942	2415
pa	1942	1943	2401
pa	1943	1944	2402
pa	1944	1945	2387
pa	1945	1946	2383
pa	1946	1947	2399
pa	1947	1948	2395
pa	1948	1949	2421
pa	1949	1950	2426
pa	1950	1951	2436
pa	1951	1952	2460
pa	1952	1954	2459
pa	1954	1955	2452
pa	1955	1956	2394
pa	1956	1957	2478
pa	1957	1958	2473
pa	1958	1959	2535
pa	1959	1960	2536
pa	1960	1961	2534
pa	1961	1962	2575
pa	1962	1963	2577
pa	1963	1964	2581
pa	1964	1965	2580
pa	1965	1966	2600
pa	1966	1968	3331
pa	1968	1969	3440
pa	1969	1970	3441
pa	1970	1971	3483
pa	1971	1972	3479
pa	1972	1973	3500
pa	1973	1974	3509
pa	1974	1975	3461
pa	1975	1976	3234
pa	1976	1977	3149
pa	1977	1978	3158
pa	1978	1979	3198
pa	1979	1980	3213
pa	1980	1981	3219
pa	1981	1982	3226
pa	1982	1983	3218
pa	1983	1984	3228
pa	1984	1985	3229
pa	1985	1986	3276
pa	1986	1987	3296
pa	1987	1988	3281
pa	1988	1989	3257
pa	1989	1990	3263
pa	1990	1991	3275
pa	1991	1992	3276
pa	1992	1993	3278
pa	1993	1994	3292
pa	1994	1995	3308
pa	1995	1996	3288
pa	1996	1997	3305
pa	1997	1998	3307
pa	1998	1999	3314
pa	1999	2000	3334
pa	2000	2001	3328
pa	2001	2002	3329
pa	2002	2003	3343
pa	2003	2004	3304
pa	2004	2005	3337
pa	2005	2006	3328
pa	2006	2007	3342
pa	2007	2008	3344
pa	2008	2009	3351
pa	2009	2010	3358
pa	2010	2011	3367
pa	2011	2012	3371
pa	2012	2013	3389
pa	2013	2014	3357
pa	2014	2015	3368
pa	2015	2016	3356
pa	2016	2017	3366
pa	2017	2018	3360
pa	2018	2019	3418
pa	2019	2020	3422
pa	2020	2021	3425
pa	2021	2022	3435
pa	2022	2023	3460
pa	2023	2024	3543
pa	2024	2025	3552
pa	2025	2026	3550
pa	2026	2027	3590
pa	2027	2028	3565
pa	2028	2029	3713
pa	2029	2030	3705
pa	2030	2031	3697
pa	2031	2032	3685
pa	2032	2033	3608
pa	2033	2034	3623
pa	2034	2035	3651
pa	2035	2036	3665
pa	2036	2037	3658
pa	2037	2038	3868
pa	2038	2039	3795
pa	2039	2040	3794
pa	2040	2041	3788
pa	2041	2042	3806
pa	2042	2043	3810
pa	2043	2044	3811
pa	2044	2045	3758
pa	2045	2046	3752
pa	2046	2047	3570
pa	2047	2048	3732
pa	2048	2049	3775
pa	2049	2050	3771
pa	2050	2051	3757
pa	2051	2052	3743
pa	2052	2053	3756
pa	2053	2054	3729
pa	2054	2055	3769
pa	2055	2056	3826
pa	2056	2057	3731
pa	2057	2058	3714
pa	2058	2059	3727
pa	2059	2060	3738
pa	2060	2061	3730
pa	2061	2062	3736
pa	2062	2063	3763
pa	2063	2064	3744
pa	2064	2065	3719
pa	2065	2066	3768
pa	2066	2067	3773
pa	2067	2068	3764
pa	2068	2069	3939
pa	2069	2070	3941
pa	2070	2071	3936
pa	2071	2072	3958
pa	2072	2073	3960
pa	2073	2074	3961
pa	2074	2075	3967
pa	2075	2076	3966
pa	2076	2077	4109
pa	2077	2078	4083
pa	2078	2079	4148
pa	2079	2080	4119
pa	2080	2081	4102
pa	2081	2082	4461
pa	2082	2083	4496
pa	2083	2084	4494
pa	2084	2085	4503
pa	2085	2086	4313
pa	2086	2087	4317
pa	2087	2088	4231
pa	2088	2089	4283
pa	2089	2090	4470
pa	2090	2091	4303
pa	2091	2092	4643
pa	2092	2093	4651
pa	2093	2094	4647
pa	2094	2095	4683
pa	2095	2096	4660
pa	2096	2098	4670
pa	2098	2099	4519
pa	2099	2100	4620
pa	2100	2101	4472
pa	2101	2102	4500
pa	2102	2103	4516
pa	2103	2104	4520
pa	2104	2105	4513
pa	2105	2106	4669
pa	2106	2107	4694
pa	2107	2108	4736
pa	2108	2109	4683
pa	2109	2110	4655
pa	2110	2111	4644
pa	2111	2112	4633
pa	2112	2113	4634
pa	2113	2114	4607
pa	2114	2115	4605
pa	2115	2116	4597
pa	2116	2117	4468
pa	2117	2118	4448
pa	2118	2119	4438
pa	2119	2120	4471
pa	2120	2121	4480
pa	2121	2122	4549
pa	2122	2123	4536
pa	2123	2124	4512
pa	2124	2125	4592
pa	2125	2126	4589
pa	2126	2127	4746
pa	2127	2128	4737
pa	2128	2129	4714
pa	2129	2130	4700
pa	2130	2131	4662
pa	2131	2132	4692
pa	2132	2133	4698
pa	2133	2134	4715
pa	2134	2135	4716
pa	2135	2136	4611
pa	2136	2137	4652
pa	2137	2138	4659
pa	2138	2139	4648
pa	2139	2140	4680
pa	2140	2141	4651
pa	2141	2142	4718
pa	2142	2143	4704
pa	2143	2144	4707
pa	2144	2145	4733
pa	2145	2146	4696
pa	2146	2148	4707
pa	2148	2149	4684
pa	2149	2150	4688
pa	2150	2151	4616
pa	2151	2152	4627
pa	2152	2153	4660
pa	2153	2154	4668
pa	2154	2155	4647
pa	2155	2157	4635
pa	2157	2158	4627
pa	2158	2159	4675
pa	2159	2160	4606
pa	2160	2161	4596
pa	2161	2162	4535
pa	2162	2163	4504
pa	2163	2164	4494
pa	2164	2165	4521
pa	2165	2166	4488
pa	2166	2167	4521
pa	2167	2168	4402
pa	2168	2169	4439
pa	2169	2170	4389
pa	2170	2171	4373
pa	2171	2172	4357
pa	2172	2173	4335
pa	2173	2174	4148
pa	2174	2175	4144
pa	2175	2176	4034
pa	2176	2177	3952
pa	2177	2178	3827
pa	2178	2179	3703
pa	2179	2180	3696
pa	2180	2181	3695
pa	2181	2182	3692
pa	2182	2183	3603
pa	2183	2184	3548
pa	2184	2185	3535
pa	2185	2186	3529
pa	2186	2187	3483
pa	2187	2188	3465
pa	2188	2189	3455
pa	2189	2190	3447
pa	2190	2191	3430
pa	2191	2192	3416
pa	2192	2193	3267
pa	2193	2194	3210
pa	2194	2195	3158
pa	2195	2196	3112
pa	2196	2197	3081
pa	2197	2198	2910
pa	2198	2199	2901
pa	2199	2200	2890
pa	2200	2201	2873
pa	2201	2202	2836
pa	2202	2203	2738
pa	2203	2204	2734
pa	2204	2205	2681
pa	2205	2206	2662
pa	2206	2207	2083
pa	2207	2208	1983
pa	2208	2209	1857
pa	2209	2210	1829
pa	2210	2211	1822
pa	2211	2212	1734
pa	2212	2213	1727
pa	2213	2214	1725
pa	2214	2215	1710
pa	2215	2216	1689
pa	2216	2217	966
pa	2217	2218	960
pa	2218	2219	940
pa	2219	2220	920
pa	2220	2221	918
pa	2221	2222	852
pa	2222	2223	844
pa	2223	2224	813
pa	2224	2225	805
pa	2225	2226	789
pa	2226	2227	763
pa	2227	2228	757
pa	2228	2229	695
pa	2229	2230	661
pa	2230	2231	638
pa	2231	2232	619
pa	2232	2233	197
ha	0	1	1832
ha	1	2	2134
ha	2	3	2140
ha	3	4	2148
ha	4	5	2225
ha	5	6	2350
ha	6	7	2385
ha	7	8	2399
ha	8	9	2474
ha	9	10	2481
ha	10	11	2545
ha	11	12	2600
ha	12	13	2851
ha	13	14	2883
ha	14	15	2891
ha	15	16	2908
ha	16	17	2967
ha	17	18	2981
ha	18	19	3036
ha	19	20	3067
ha	20	21	3117
ha	21	22	3118
ha	22	23	3231
ha	23	24	3243
ha	24	25	3256
ha	25	26	3273
ha	26	27	3283
ha	27	28	3295
ha	28	29	3380
ha	29	30	3393
ha	30	31	3478
ha	31	32	3489
ha	32	33	3495
ha	33	34	3508
ha	34	35	3512
ha	35	36	3897
ha	36	37	3927
ha	37	38	3941
ha	38	39	4015
ha	39	40	4025
ha	40	41	4238
ha	41	42	4249
ha	42	43	4261
ha	43	44	4270
ha	44	45	4286
ha	45	46	4322
ha	46	47	4332
ha	47	48	4372
ha	48	49	4394
ha	49	50	4376
ha	50	51	4387
ha	51	52	4403
ha	52	53	4482
ha	53	54	4494
ha	54	55	4491
ha	55	56	4788
ha	56	57	4921
ha	57	58	5267
ha	58	59	5274
ha	59	60	5273
ha	60	61	5280
ha	61	62	5322
ha	62	63	5389
ha	63	64	5387
ha	64	65	5318
ha	65	66	5295
ha	66	67	5818
ha	67	68	6023
ha	68	69	6021
ha	69	70	6024
ha	70	71	6015
ha	71	72	6027
ha	72	73	6030
ha	73	74	6073
ha	74	75	6106
ha	75	76	5787
ha	76	77	5827
ha	77	78	5849
ha	78	79	5872
ha	79	80	5883
ha	80	81	5874
ha	81	82	6138
ha	82	83	6133
ha	83	84	6104
ha	84	85	6147
ha	85	86	6136
ha	86	87	6203
ha	87	88	6208
ha	88	89	6204
ha	89	90	6198
ha	90	91	6004
ha	91	92	6145
ha	92	93	6173
ha	93	94	6204
ha	94	95	6240
ha	95	96	6222
ha	96	97	6301
ha	97	98	6318
ha	98	99	6347
ha	99	100	6315
ha	100	101	6261
ha	101	102	6242
ha	102	103	6241
ha	103	104	6248
ha	104	105	6263
ha	105	106	6467
ha	106	107	6378
ha	107	108	6469
ha	108	109	6467
ha	109	110	6498
ha	110	111	6541
ha	111	112	6530
ha	112	113	6534
ha	113	114	6542
ha	114	115	6330
ha	115	116	6417
ha	116	117	6365
ha	117	118	6370
ha	118	119	6379
ha	119	120	6318
ha	120	121	6406
ha	121	122	6416
ha	122	123	6417
ha	123	124	6454
ha	124	125	6332
ha	125	126	6311
ha	126	127	6321
ha	127	128	6275
ha	128	129	6344
ha	129	130	6220
ha	130	131	6212
ha	131	132	6182
ha	132	133	6149
ha	133	134	6197
ha	134	135	6186
ha	135	136	6180
ha	136	137	6214
ha	137	138	6025
ha	138	139	6008
ha	139	140	5978
ha	140	141	5934
ha	141	142	5957
ha	142	143	5823
ha	143	144	5812
ha	144	145	5772
ha	145	146	5675
ha	146	147	5639
ha	147	148	5635
ha	148	149	5543
ha	149	150	5594
ha	150	151	5543
ha	151	152	5552
ha	152	153	5486
ha	153	154	5482
ha	154	155	5498
ha	155	156	5503
ha	156	157	5444
ha	157	158	5439
ha	158	159	4909
ha	159	160	4916
ha	160	161	5101
ha	161	162	5287
ha	162	163	5279
ha	163	164	5261
ha	164	165	5247
ha	165	166	5300
ha	166	167	5308
ha	167	168	5338
ha	168	169	5324
ha	169	170	4904
ha	170	171	4874
ha	171	172	4852
ha	172	173	4853
ha	173	174	4809
ha	174	175	4796
ha	175	176	4783
ha	176	177	4761
ha	177	178	4747
ha	178	179	4688
ha	179	180	4674
ha	180	181	4642
ha	181	182	4649
ha	182	183	4611
ha	183	184	4550
ha	184	185	4566
ha	185	186	4488
ha	186	187	4577
ha	187	188	4526
ha	188	189	4592
ha	189	190	4604
ha	190	191	4581
ha	191	193	4563
ha	193	194	4553
ha	194	195	4544
ha	195	196	4506
ha	196	197	4498
ha	197	198	4401
ha	198	199	4446
ha	199	200	4421
ha	200	201	4430
ha	201	202	4451
ha	202	203	4613
ha	203	204	4629
ha	204	205	4508
ha	205	206	4496
ha	206	207	4469
ha	207	208	4371
ha	208	209	4370
ha	209	210	4363
ha	210	211	4364
ha	211	212	4145
ha	212	213	4153
ha	213	214	4159
ha	214	215	4184
ha	215	216	4158
ha	216	217	4108
ha	217	218	4062
ha	218	219	4050
ha	219	220	4098
ha	220	221	4088
ha	221	222	4038
ha	222	223	3960
ha	223	224	3968
ha	224	225	3973
ha	225	226	4044
ha	226	227	4062
ha	227	228	4173
ha	228	229	4115
ha	229	230	4092
ha	230	231	4069
ha	231	232	4029
ha	232	233	4049
ha	233	234	4045
ha	234	235	4125
ha	235	236	4128
ha	236	237	4011
ha	237	238	4091
ha	238	239	4087
ha	239	240	4234
ha	240	241	4283
ha	241	242	4289
ha	242	243	4388
ha	243	244	4192
ha	244	245	4229
ha	245	246	4156
ha	246	247	4073
ha	247	248	4103
ha	248	249	4013
ha	249	250	3969
ha	250	251	3973
ha	251	252	3915
ha	252	253	3912
ha	253	254	3916
ha	254	255	3915
ha	255	256	3928
ha	256	257	3905
ha	257	258	3898
ha	258	259	3912
ha	259	260	3952
ha	260	261	3957
ha	261	262	3983
ha	262	263	3993
ha	263	264	4020
ha	264	265	3986
ha	265	266	3965
ha	266	267	3941
ha	267	268	3992
ha	268	269	3979
ha	269	270	3985
ha	270	271	3943
ha	271	272	3940
ha	272	273	3954
ha	273	274	3955
ha	274	275	3949
ha	275	276	3964
ha	276	277	3916
ha	277	278	3900
ha	278	279	3887
ha	279	280	3881
ha	280	281	3919
ha	281	282	3911
ha	282	283	3968
ha	283	284	3960
ha	284	285	3974
ha	285	286	4024
ha	286	287	4014
ha	287	288	4017
ha	288	289	4019
ha	289	290	3951
ha	290	291	3973
ha	291	292	3900
ha	292	293	3987
ha	293	294	3974
ha	294	295	3961
ha	295	296	3980
ha	296	297	3984
ha	297	298	3980
ha	298	299	4003
ha	299	300	3992
ha	300	301	3939
ha	301	302	3824
ha	302	303	3863
ha	303	304	4422
ha	304	305	4411
ha	305	306	4468
ha	306	307	4505
ha	307	308	4468
ha	308	309	4809
ha	309	310	4807
ha	310	311	4910
ha	311	312	4898
ha	312	313	4009
ha	313	314	4022
ha	314	315	3995
ha	315	316	3971
ha	316	317	3975
ha	317	318	3808
ha	318	319	3809
ha	319	320	3683
ha	320	321	3670
ha	321	323	3724
ha	323	324	3729
ha	324	325	3722
ha	325	326	3718
ha	326	328	3732
ha	328	329	3727
ha	329	330	3720
ha	330	331	3664
ha	331	332	3766
ha	332	333	3824
ha	333	334	3830
ha	334	335	3837
ha	335	336	3851
ha	336	337	3878
ha	337	338	3885
ha	338	339	3897
ha	339	340	3934
ha	340	341	3923
ha	341	342	3890
ha	342	343	4158
ha	343	344	4163
ha	344	345	4214
ha	345	346	4216
ha	346	347	4261
ha	347	348	4354
ha	348	349	4347
ha	349	350	4345
ha	350	351	4344
ha	351	352	4151
ha	352	353	4168
ha	353	355	4127
ha	355	356	4073
ha	356	357	4088
ha	357	358	4077
ha	358	359	4133
ha	359	360	4116
ha	360	361	4146
ha	361	362	4140
ha	362	363	4148
ha	363	364	4122
ha	364	365	4142
ha	365	366	4048
ha	366	367	4064
ha	367	368	3993
ha	368	369	4019
ha	369	370	3997
ha	370	371	4006
ha	371	372	4009
ha	372	373	3988
ha	373	374	4041
ha	374	375	4022
ha	375	376	3982
ha	376	377	4031
ha	377	379	3996
ha	379	380	3989
ha	380	381	3982
ha	381	382	3963
ha	382	383	3892
ha	383	384	3837
ha	384	385	3884
ha	385	386	3834
ha	386	387	3814
ha	387	388	3845
ha	388	389	3837
ha	389	390	3827
ha	390	391	3844
ha	391	392	3789
ha	392	393	3796
ha	393	394	3788
ha	394	395	3681
ha	395	396	3872
ha	396	397	3802
ha	397	398	3849
ha	398	399	3848
ha	399	400	3812
ha	400	401	3818
ha	401	402	3819
ha	402	403	3821
ha	403	404	3827
ha	404	405	3627
ha	405	406	3675
ha	406	407	3631
ha	407	408	3635
ha	408	409	3601
ha	409	410	3647
ha	410	411	3680
ha	411	412	3679
ha	412	413	3678
ha	413	414	3629
ha	414	415	3691
ha	415	416	3769
ha	416	417	3774
ha	417	418	3782
ha	418	419	3780
ha	419	420	3737
ha	420	421	3769
ha	421	422	3798
ha	422	423	3795
ha	423	424	3719
ha	424	425	3626
ha	425	426	3735
ha	426	427	3898
ha	427	428	3907
ha	428	429	3905
ha	429	430	3917
ha	430	431	3924
ha	431	432	3925
ha	432	433	3938
ha	433	434	3882
ha	434	435	3896
ha	435	436	3762
ha	436	438	3748
ha	438	439	3706
ha	439	440	3695
ha	440	441	3731
ha	441	442	3733
ha	442	443	3723
ha	443	444	3695
ha	444	445	3666
ha	445	446	3723
ha	446	447	3749
ha	447	448	3807
ha	448	449	3832
ha	449	451	3841
ha	451	452	3844
ha	452	453	3845
ha	453	454	3822
ha	454	455	3713
ha	455	456	3735
ha	456	457	3723
ha	457	458	3769
ha	458	459	4016
ha	459	460	4033
ha	460	461	4092
ha	461	462	4063
ha	462	463	4067
ha	463	464	4064
ha	464	465	4042
ha	465	466	4086
ha	466	467	4075
ha	467	468	3817
ha	468	469	3848
ha	469	470	3781
ha	470	471	3788
ha	471	472	3767
ha	472	473	3757
ha	473	474	3797
ha	474	475	3752
ha	475	476	3764
ha	476	477	3772
ha	477	478	3752
ha	478	479	3777
ha	479	480	3950
ha	480	481	3955
ha	481	482	3979
ha	482	483	3918
ha	483	484	4093
ha	484	485	4123
ha	485	486	4128
ha	486	487	4154
ha	487	488	4093
ha	488	489	3901
ha	489	490	3907
ha	490	491	3902
ha	491	492	3903
ha	492	493	3731
ha	493	494	3732
ha	494	495	3701
ha	495	496	3696
ha	496	497	3698
ha	497	498	3675
ha	498	499	3681
ha	499	500	3683
ha	500	501	3725
ha	501	502	3721
ha	502	503	3700
ha	503	504	3699
ha	504	505	3709
ha	505	506	3697
ha	506	507	3716
ha	507	508	3720
ha	508	509	3690
ha	509	510	3755
ha	510	511	3733
ha	511	512	3756
ha	512	513	3761
ha	513	514	3757
ha	514	515	3803
ha	515	516	3805
ha	516	517	3816
ha	517	518	3845
ha	518	519	3776
ha	519	520	3815
ha	520	521	3776
ha	521	522	3808
ha	522	523	3835
ha	523	524	3777
ha	524	525	3755
ha	525	526	3730
ha	526	527	3742
ha	527	528	3741
ha	528	529	3746
ha	529	530	3740
ha	530	531	3715
ha	531	533	3708
ha	533	534	3700
ha	534	535	3737
ha	535	536	3663
ha	536	537	3662
ha	537	538	3659
ha	538	539	3652
ha	539	540	3863
ha	540	541	3862
ha	541	542	3857
ha	542	543	3856
ha	543	544	3826
ha	544	545	3821
ha	545	546	3824
ha	546	547	3853
ha	547	548	3796
ha	548	549	3686
ha	549	550	3632
ha	550	551	3694
ha	551	552	3810
ha	552	553	3743
ha	553	554	3760
ha	554	555	3744
ha	555	556	3645
ha	556	557	3654
ha	557	558	3584
ha	558	559	3625
ha	559	560	3567
ha	560	561	3371
ha	561	562	3366
ha	562	563	3483
ha	563	564	3563
ha	564	565	3575
ha	565	566	3564
ha	566	567	3574
ha	567	568	4064
ha	568	569	4049
ha	569	570	4090
ha	570	571	4073
ha	571	572	3945
ha	572	573	3937
ha	573	574	3919
ha	574	575	3925
ha	575	576	3916
ha	576	577	3566
ha	577	578	3560
ha	578	579	3582
ha	579	580	3584
ha	580	581	3590
ha	581	582	3591
ha	582	584	3620
ha	584	585	3611
ha	585	586	3583
ha	586	587	3636
ha	587	588	3642
ha	588	589	3728
ha	589	590	3862
ha	590	591	3982
ha	591	592	4131
ha	592	593	4142
ha	593	595	4150
ha	595	596	4160
ha	596	597	4166
ha	597	598	4106
ha	598	599	4116
ha	599	600	3856
ha	600	601	3966
ha	601	602	3920
ha	602	603	3924
ha	603	604	3932
ha	604	605	3903
ha	605	606	3962
ha	606	607	3939
ha	607	608	3904
ha	608	609	3901
ha	609	610	3812
ha	610	611	3854
ha	611	612	3840
ha	612	613	3916
ha	613	614	3969
ha	614	615	3924
ha	615	616	3984
ha	616	617	3977
ha	617	618	4009
ha	618	619	4026
ha	619	621	3981
ha	621	622	4010
ha	622	623	3904
ha	623	624	4035
ha	624	625	3964
ha	625	626	3986
ha	626	627	3991
ha	627	628	3920
ha	628	629	3929
ha	629	630	3960
ha	630	631	3924
ha	631	632	3944
ha	632	633	3825
ha	633	634	3828
ha	634	635	3800
ha	635	636	3790
ha	636	637	3824
ha	637	638	3806
ha	638	639	3810
ha	639	640	3795
ha	640	641	3764
ha	641	642	3758
ha	642	643	3764
ha	643	644	3794
ha	644	645	3733
ha	645	646	3808
ha	646	647	3793
ha	647	648	3941
ha	648	649	3943
ha	649	650	3919
ha	650	651	3913
ha	651	652	3876
ha	652	653	3881
ha	653	654	3893
ha	654	655	3848
ha	655	656	3859
ha	656	657	3795
ha	657	658	3755
ha	658	659	3774
ha	659	660	3778
ha	660	661	3785
ha	661	662	3727
ha	662	663	3813
ha	663	664	3849
ha	664	665	3836
ha	665	666	3893
ha	666	667	3928
ha	667	668	3890
ha	668	669	3896
ha	669	670	3860
ha	670	671	3865
ha	671	672	3830
ha	672	673	3788
ha	673	674	3800
ha	674	675	3742
ha	675	676	3700
ha	676	677	3690
ha	677	678	3716
ha	678	679	3766
ha	679	680	3774
ha	680	681	3790
ha	681	682	3783
ha	682	683	3767
ha	683	684	3766
ha	684	685	3784
ha	685	686	3902
ha	686	687	3995
ha	687	688	3954
ha	688	689	3964
ha	689	690	3879
ha	690	691	3895
ha	691	692	3924
ha	692	693	3910
ha	693	694	3949
ha	694	695	3872
ha	695	696	3698
ha	696	697	3708
ha	697	698	3714
ha	698	699	3763
ha	699	700	3760
ha	700	701	3708
ha	701	702	3723
ha	702	703	3703
ha	703	704	3762
ha	704	705	3761
ha	705	706	3773
ha	706	707	3784
ha	707	708	3712
ha	708	709	3713
ha	709	710	3732
ha	710	711	3743
ha	711	712	3735
ha	712	713	3665
ha	713	714	3641
ha	714	715	3645
ha	715	716	3652
ha	716	717	3558
ha	717	718	3544
ha	718	719	3642
ha	719	720	3644
ha	720	721	3635
ha	721	722	3624
ha	722	723	3637
ha	723	724	3673
ha	724	725	3675
ha	725	726	3650
ha	726	727	3654
ha	727	728	3624
ha	728	729	3643
ha	729	730	3651
ha	730	731	3712
ha	731	732	3709
ha	732	734	3636
ha	734	735	3624
ha	735	736	3633
ha	736	737	3580
ha	737	738	3582
ha	738	739	3583
ha	739	740	3546
ha	740	741	3481
ha	741	742	3587
ha	742	743	3620
ha	743	744	3652
ha	744	745	3645
ha	745	746	3630
ha	746	747	3678
ha	747	748	3680
ha	748	749	3677
ha	749	750	3695
ha	750	751	3568
ha	751	752	3560
ha	752	753	3533
ha	753	754	3536
ha	754	755	3591
ha	755	756	3545
ha	756	757	3537
ha	757	758	3505
ha	758	759	3494
ha	759	760	3639
ha	760	761	3631
ha	761	762	3635
ha	762	763	3617
ha	763	764	3561
ha	764	765	3564
ha	765	766	3571
ha	766	767	3579
ha	767	768	3586
ha	768	769	3408
ha	769	770	3534
ha	770	771	3610
ha	771	772	3652
ha	772	773	3664
ha	773	774	3650
ha	774	775	3677
ha	775	776	3683
ha	776	777	3686
ha	777	778	3672
ha	778	779	3680
ha	779	780	3538
ha	780	781	3532
ha	781	782	3544
ha	782	783	3552
ha	783	784	3557
ha	784	785	3558
ha	785	786	3583
ha	786	787	3582
ha	787	788	3579
ha	788	789	3569
ha	789	790	3517
ha	790	791	3505
ha	791	792	3508
ha	792	793	3528
ha	793	794	3550
ha	794	795	3451
ha	795	796	3477
ha	796	797	3463
ha	797	798	3472
ha	798	799	3451
ha	799	800	3445
ha	800	801	3433
ha	801	802	3448
ha	802	803	3377
ha	803	804	3395
ha	804	805	3357
ha	805	806	3336
ha	806	807	3343
ha	807	808	3347
ha	808	809	3351
ha	809	810	3356
ha	810	811	3317
ha	811	812	3292
ha	812	813	3146
ha	813	814	3143
ha	814	815	3125
ha	815	816	3132
ha	816	817	3134
ha	817	818	3098
ha	818	819	3105
ha	819	820	3077
ha	820	821	3681
ha	821	822	3898
ha	822	823	3894
ha	823	824	4036
ha	824	825	4061
ha	825	826	4210
ha	826	827	4438
ha	827	828	4455
ha	828	829	4498
ha	829	830	4318
ha	830	831	4277
ha	831	832	4271
ha	832	833	4233
ha	833	834	4240
ha	834	835	4387
ha	835	836	4273
ha	836	837	4268
ha	837	838	4287
ha	838	839	4245
ha	839	840	4269
ha	840	841	4275
ha	841	842	4297
ha	842	843	4290
ha	843	844	4246
ha	844	845	4303
ha	845	846	4299
ha	846	847	4351
ha	847	848	4352
ha	848	849	4383
ha	849	850	4481
ha	850	851	4531
ha	851	852	4528
ha	852	853	4533
ha	853	854	4514
ha	854	855	4516
ha	855	856	4544
ha	856	857	4548
ha	857	858	4543
ha	858	859	4631
ha	859	860	4571
ha	860	861	4689
ha	861	862	4685
ha	862	863	4697
ha	863	864	4740
ha	864	865	4689
ha	865	866	4879
ha	866	867	4878
ha	867	868	4817
ha	868	869	4860
ha	869	870	4774
ha	870	871	4860
ha	871	872	4850
ha	872	873	4829
ha	873	874	4838
ha	874	875	4693
ha	875	876	4750
ha	876	877	4723
ha	877	878	4720
ha	878	879	4785
ha	879	880	4735
ha	880	881	4809
ha	881	882	4796
ha	882	883	4903
ha	883	884	5311
ha	884	885	5406
ha	885	886	5429
ha	886	887	5407
ha	887	888	5305
ha	888	889	5296
ha	889	890	5239
ha	890	891	5236
ha	891	892	5161
ha	892	893	4924
ha	893	894	4748
ha	894	895	4924
ha	895	896	4940
ha	896	898	4972
ha	898	899	4882
ha	899	900	4891
ha	900	901	4928
ha	901	902	4940
ha	902	903	4978
ha	903	904	4737
ha	904	905	4728
ha	905	906	4702
ha	906	907	4712
ha	907	908	4792
ha	908	909	4821
ha	909	910	4725
ha	910	911	4658
ha	911	912	4593
ha	912	913	4567
ha	913	914	4566
ha	914	915	4704
ha	915	916	4689
ha	916	917	4597
ha	917	918	4613
ha	918	919	4615
ha	919	920	4625
ha	920	921	4617
ha	921	922	4586
ha	922	923	4535
ha	923	924	4279
ha	924	925	4241
ha	925	926	4258
ha	926	927	4210
ha	927	928	4229
ha	928	929	4254
ha	929	930	4252
ha	930	931	4347
ha	931	932	4350
ha	932	933	4403
ha	933	934	4428
ha	934	935	4422
ha	935	936	4543
ha	936	937	4534
ha	937	938	4532
ha	938	939	4547
ha	939	940	4489
ha	940	941	4510
ha	941	942	4435
ha	942	943	4418
ha	943	944	4625
ha	944	945	4554
ha	945	946	4563
ha	946	947	4615
ha	947	948	4603
ha	948	949	4743
ha	949	950	4712
ha	950	951	4752
ha	951	952	4779
ha	952	953	4691
ha	953	954	5227
ha	954	955	5306
ha	955	956	5307
ha	956	957	5396
ha	957	958	5244
ha	958	959	5258
ha	959	960	5184
ha	960	961	5210
ha	961	962	5295
ha	962	963	5065
ha	963	964	5029
ha	964	965	5032
ha	965	966	4984
ha	966	967	5041
ha	967	968	5026
ha	968	969	5441
ha	969	970	5414
ha	970	971	5395
ha	971	972	5358
ha	972	973	5305
ha	973	974	5308
ha	974	975	5310
ha	975	976	5299
ha	976	977	5276
ha	977	978	4980
ha	978	979	4977
ha	979	980	4911
ha	980	981	5014
ha	981	982	5124
ha	982	983	5132
ha	983	984	5148
ha	984	985	5130
ha	985	986	5206
ha	986	987	5241
ha	987	988	5295
ha	988	989	5312
ha	989	990	5319
ha	990	991	5249
ha	991	992	5244
ha	992	993	5230
ha	993	994	5236
ha	994	995	5273
ha	995	996	5295
ha	996	997	5310
ha	997	998	5319
ha	998	999	5324
ha	999	1000	5314
ha	1000	1001	5319
ha	1001	1002	5332
ha	1002	1003	5360
ha	1003	1004	5374
ha	1004	1005	5435
ha	1005	1006	5445
ha	1006	1007	5452
ha	1007	1008	5483
ha	1008	1009	5512
ha	1009	1010	5544
ha	1010	1011	5533
ha	1011	1012	5600
ha	1012	1013	5545
ha	1013	1014	5540
ha	1014	1015	5541
ha	1015	1016	5540
ha	1016	1017	5524
ha	1017	1018	5518
ha	1018	1019	5471
ha	1019	1020	5467
ha	1020	1021	5421
ha	1021	1022	5461
ha	1022	1023	5458
ha	1023	1024	5526
ha	1024	1025	5543
ha	1025	1026	5517
ha	1026	1027	5672
ha	1027	1028	5665
ha	1028	1029	5816
ha	1029	1030	5824
ha	1030	1031	5786
ha	1031	1032	5760
ha	1032	1033	5626
ha	1033	1034	5510
ha	1034	1035	5529
ha	1035	1036	5417
ha	1036	1037	5504
ha	1037	1038	5523
ha	1038	1039	5461
ha	1039	1040	5473
ha	1040	1041	5450
ha	1041	1042	5472
ha	1042	1043	5520
ha	1043	1044	5537
ha	1044	1045	5483
ha	1045	1046	5449
ha	1046	1047	5216
ha	1047	1048	5215
ha	1048	1049	5177
ha	1049	1050	5227
ha	1050	1051	5249
ha	1051	1052	5156
ha	1052	1053	5184
ha	1053	1054	5188
ha	1054	1055	5145
ha	1055	1056	5211
ha	1056	1057	5244
ha	1057	1058	5220
ha	1058	1059	5189
ha	1059	1060	5177
ha	1060	1061	5187
ha	1061	1062	5208
ha	1062	1063	5094
ha	1063	1064	5124
ha	1064	1065	5096
ha	1065	1066	5059
ha	1066	1067	5033
ha	1067	1068	5019
ha	1068	1069	5136
ha	1069	1070	5100
ha	1070	1071	5090
ha	1071	1072	5088
ha	1072	1073	5062
ha	1073	1074	5073
ha	1074	1075	5082
ha	1075	1076	5125
ha	1076	1077	5108
ha	1077	1078	5015
ha	1078	1079	5068
ha	1079	1080	5079
ha	1080	1081	5298
ha	1081	1082	5289
ha	1082	1083	5257
ha	1083	1084	5194
ha	1084	1085	5651
ha	1085	1086	6082
ha	1086	1087	6197
ha	1087	1088	6110
ha	1088	1089	6114
ha	1089	1090	6183
ha	1090	1091	6200
ha	1091	1092	6185
ha	1092	1093	6135
ha	1093	1094	6159
ha	1094	1095	5058
ha	1095	1096	5033
ha	1096	1097	4982
ha	1097	1098	4993
ha	1098	1099	4946
ha	1099	1100	4930
ha	1100	1101	4924
ha	1101	1102	4910
ha	1102	1103	4879
ha	1103	1104	4869
ha	1104	1105	4830
ha	1105	1106	4806
ha	1106	1107	4767
ha	1107	1108	4801
ha	1108	1109	4802
ha	1109	1110	4855
ha	1110	1111	4835
ha	1111	1112	4803
ha	1112	1113	4780
ha	1113	1114	4844
ha	1114	1115	4892
ha	1115	1116	4887
ha	1116	1117	4837
ha	1117	1118	4839
ha	1118	1119	4805
ha	1119	1120	4804
ha	1120	1121	4875
ha	1121	1122	4928
ha	1122	1123	4872
ha	1123	1124	4846
ha	1124	1125	4919
ha	1125	1126	5172
ha	1126	1127	5218
ha	1127	1128	5255
ha	1128	1129	5264
ha	1129	1130	5413
ha	1130	1131	5447
ha	1131	1132	5452
ha	1132	1133	5437
ha	1133	1134	5392
ha	1134	1135	5433
ha	1135	1136	5328
ha	1136	1137	5341
ha	1137	1138	5621
ha	1138	1139	5508
ha	1139	1140	5389
ha	1140	1141	5395
ha	1141	1142	5414
ha	1142	1143	5612
ha	1143	1144	5548
ha	1144	1145	5428
ha	1145	1146	5427
ha	1146	1147	5265
ha	1147	1148	5476
ha	1148	1149	5977
ha	1149	1150	6052
ha	1150	1151	6058
ha	1151	1152	5891
ha	1152	1153	5974
ha	1153	1154	5987
ha	1154	1155	6030
ha	1155	1156	6078
ha	1156	1157	5913
ha	1157	1158	5986
ha	1158	1159	5936
ha	1159	1160	6039
ha	1160	1161	6062
ha	1161	1162	6089
ha	1162	1163	6007
ha	1163	1164	5962
ha	1164	1165	5935
ha	1165	1166	5916
ha	1166	1167	5961
ha	1167	1168	5901
ha	1168	1169	5959
ha	1169	1170	5951
ha	1170	1171	5936
ha	1171	1172	6024
ha	1172	1173	6006
ha	1173	1174	6147
ha	1174	1175	6125
ha	1175	1176	6116
ha	1176	1177	6109
ha	1177	1178	6219
ha	1178	1179	6155
ha	1179	1180	6126
ha	1180	1182	6061
ha	1182	1183	5996
ha	1183	1184	6021
ha	1184	1185	6145
ha	1185	1186	6155
ha	1186	1187	6146
ha	1187	1188	6123
ha	1188	1189	6149
ha	1189	1190	6156
ha	1190	1191	6262
ha	1191	1192	6356
ha	1192	1193	6463
ha	1193	1194	6445
ha	1194	1195	6401
ha	1195	1196	6528
ha	1196	1197	6868
ha	1197	1198	6852
ha	1198	1199	6854
ha	1199	1200	6777
ha	1200	1201	6713
ha	1201	1202	6641
ha	1202	1203	6860
ha	1203	1204	6847
ha	1204	1205	6943
ha	1205	1206	6674
ha	1206	1207	6678
ha	1207	1208	6716
ha	1208	1209	6975
ha	1209	1210	7042
ha	1210	1211	7055
ha	1211	1212	6913
ha	1212	1213	6891
ha	1213	1214	6844
ha	1214	1215	6851
ha	1215	1216	6971
ha	1216	1217	6980
ha	1217	1218	6788
ha	1218	1219	6725
ha	1219	1220	6698
ha	1220	1221	6861
ha	1221	1222	6896
ha	1222	1223	6885
ha	1223	1224	6894
ha	1224	1225	6751
ha	1225	1226	6900
ha	1226	1227	6906
ha	1227	1228	6905
ha	1228	1229	6888
ha	1229	1230	6764
ha	1230	1231	6727
ha	1231	1232	6803
ha	1232	1233	6753
ha	1233	1234	6794
ha	1234	1235	6652
ha	1235	1236	6640
ha	1236	1237	6723
ha	1237	1238	6736
ha	1238	1239	6741
ha	1239	1240	6731
ha	1240	1241	6672
ha	1241	1242	6620
ha	1242	1243	6663
ha	1243	1244	6581
ha	1244	1245	6671
ha	1245	1246	6592
ha	1246	1247	6682
ha	1247	1248	6663
ha	1248	1249	6848
ha	1249	1250	6838
ha	1250	1251	6824
ha	1251	1252	6783
ha	1252	1253	6773
ha	1253	1254	6681
ha	1254	1255	6685
ha	1255	1256	6619
ha	1256	1257	6618
ha	1257	1258	6503
ha	1258	1259	6764
ha	1259	1260	6773
ha	1260	1261	6772
ha	1261	1262	6799
ha	1262	1263	6820
ha	1263	1264	6810
ha	1264	1265	6773
ha	1265	1266	6757
ha	1266	1267	6728
ha	1267	1268	6843
ha	1268	1269	6403
ha	1269	1270	6644
ha	1270	1271	6626
ha	1271	1272	6587
ha	1272	1273	6620
ha	1273	1274	6645
ha	1274	1275	6635
ha	1275	1276	6588
ha	1276	1277	6321
ha	1277	1278	6420
ha	1278	1279	6484
ha	1279	1280	6402
ha	1280	1281	6401
ha	1281	1282	6361
ha	1282	1283	6441
ha	1283	1284	6439
ha	1284	1285	6481
ha	1285	1286	6449
ha	1286	1287	6451
ha	1287	1288	6482
ha	1288	1289	6223
ha	1289	1290	6504
ha	1290	1291	6557
ha	1291	1292	6548
ha	1292	1293	6519
ha	1293	1294	6431
ha	1294	1295	6487
ha	1295	1296	6443
ha	1296	1297	6536
ha	1297	1298	6650
ha	1298	1299	6458
ha	1299	1300	6439
ha	1300	1301	6435
ha	1301	1302	6485
ha	1302	1303	6545
ha	1303	1304	6536
ha	1304	1305	6529
ha	1305	1306	6523
ha	1306	1307	6522
ha	1307	1308	6675
ha	1308	1309	6736
ha	1309	1310	6763
ha	1310	1311	6772
ha	1311	1312	6752
ha	1312	1313	6917
ha	1313	1314	6943
ha	1314	1315	6939
ha	1315	1316	6976
ha	1316	1317	6890
ha	1317	1318	6853
ha	1318	1319	6872
ha	1319	1320	6868
ha	1320	1321	6901
ha	1321	1322	6850
ha	1322	1323	7000
ha	1323	1324	7018
ha	1324	1325	7136
ha	1325	1326	7382
ha	1326	1327	7529
ha	1327	1328	7554
ha	1328	1329	7566
ha	1329	1330	7563
ha	1330	1331	7585
ha	1331	1332	7514
ha	1332	1333	7710
ha	1333	1334	7887
ha	1334	1335	7771
ha	1335	1336	7783
ha	1336	1337	7751
ha	1337	1338	7776
ha	1338	1339	8018
ha	1339	1340	8044
ha	1340	1341	8259
ha	1341	1342	8630
ha	1342	1343	8576
ha	1343	1344	8746
ha	1344	1345	8773
ha	1345	1346	8775
ha	1346	1347	8895
ha	1347	1348	8639
ha	1348	1349	8642
ha	1349	1350	8604
ha	1350	1351	8274
ha	1351	1352	8327
ha	1352	1353	8294
ha	1353	1354	8278
ha	1354	1355	8475
ha	1355	1356	8488
ha	1356	1357	8539
ha	1357	1358	8468
ha	1358	1359	8476
ha	1359	1360	8499
ha	1360	1361	8527
ha	1361	1362	8498
ha	1362	1363	8526
ha	1363	1364	8443
ha	1364	1365	8385
ha	1365	1366	8407
ha	1366	1367	8429
ha	1367	1369	8498
ha	1369	1370	8585
ha	1370	1371	8608
ha	1371	1372	8591
ha	1372	1373	8626
ha	1373	1374	8647
ha	1374	1375	8744
ha	1375	1376	8743
ha	1376	1377	8723
ha	1377	1378	8772
ha	1378	1379	8748
ha	1379	1380	8819
ha	1380	1381	8919
ha	1381	1382	8959
ha	1382	1383	9298
ha	1383	1384	9217
ha	1384	1385	9394
ha	1385	1386	9408
ha	1386	1387	9500
ha	1387	1388	9512
ha	1388	1389	9490
ha	1389	1390	9432
ha	1390	1391	9388
ha	1391	1392	9217
ha	1392	1393	9246
ha	1393	1394	9150
ha	1394	1395	9149
ha	1395	1396	9098
ha	1396	1397	9109
ha	1397	1398	9387
ha	1398	1399	9443
ha	1399	1400	9469
ha	1400	1401	9560
ha	1401	1402	9596
ha	1402	1403	9638
ha	1403	1404	9790
ha	1404	1405	9828
ha	1405	1406	10122
ha	1406	1407	10089
ha	1407	1408	10108
ha	1408	1409	10088
ha	1409	1410	10041
ha	1410	1411	10048
ha	1411	1412	9953
ha	1412	1413	9889
ha	1413	1414	10058
ha	1414	1415	10005
ha	1415	1416	9858
ha	1416	1417	9860
ha	1417	1418	9845
ha	1418	1419	9858
ha	1419	1420	9834
ha	1420	1421	9841
ha	1421	1422	9877
ha	1422	1423	9851
ha	1423	1424	9611
ha	1424	1425	9677
ha	1425	1426	9785
ha	1426	1427	9928
ha	1427	1428	9932
ha	1428	1429	9803
ha	1429	1430	9752
ha	1430	1431	10029
ha	1431	1432	10014
ha	1432	1433	10108
ha	1433	1434	10017
ha	1434	1435	9923
ha	1435	1436	9889
ha	1436	1437	9709
ha	1437	1438	10187
ha	1438	1439	10202
ha	1439	1440	9930
ha	1440	1441	9926
ha	1441	1442	9785
ha	1442	1443	9914
ha	1443	1444	10117
ha	1444	1445	10122
ha	1445	1446	10028
ha	1446	1447	9461
ha	1447	1448	9121
ha	1448	1449	9826
ha	1449	1450	9839
ha	1450	1451	9934
ha	1451	1452	9937
ha	1452	1453	9570
ha	1453	1454	9568
ha	1454	1455	9570
ha	1455	1456	9662
ha	1456	1457	9756
ha	1457	1458	9100
ha	1458	1459	9114
ha	1459	1460	9111
ha	1460	1461	9040
ha	1461	1462	9394
ha	1462	1463	9515
ha	1463	1464	9552
ha	1464	1465	9495
ha	1465	1466	9339
ha	1466	1467	9343
ha	1467	1468	9330
ha	1468	1469	9324
ha	1469	1470	9320
ha	1470	1471	9101
ha	1471	1472	8932
ha	1472	1473	9059
ha	1473	1474	9070
ha	1474	1475	9172
ha	1475	1476	9171
ha	1476	1477	9072
ha	1477	1478	9101
ha	1478	1479	9091
ha	1479	1480	9110
ha	1480	1481	9214
ha	1481	1482	9187
ha	1482	1483	9197
ha	1483	1484	9154
ha	1484	1485	9216
ha	1485	1486	9263
ha	1486	1487	9265
ha	1487	1488	9279
ha	1488	1489	9267
ha	1489	1490	9204
ha	1490	1491	9188
ha	1491	1492	9105
ha	1492	1493	9010
ha	1493	1494	9013
ha	1494	1495	8935
ha	1495	1496	8929
ha	1496	1497	8927
ha	1497	1498	8859
ha	1498	1499	8909
ha	1499	1500	8924
ha	1500	1501	8918
ha	1501	1502	8987
ha	1502	1503	8996
ha	1503	1504	9063
ha	1504	1505	9216
ha	1505	1506	9229
ha	1506	1507	9237
ha	1507	1508	9138
ha	1508	1509	9137
ha	1509	1510	9118
ha	1510	1511	9100
ha	1511	1512	8918
ha	1512	1513	8807
ha	1513	1514	8407
ha	1514	1515	8516
ha	1515	1516	8272
ha	1516	1517	8301
ha	1517	1518	8225
ha	1518	1519	8251
ha	1519	1520	8235
ha	1520	1521	8284
ha	1521	1522	8285
ha	1522	1523	8256
ha	1523	1524	7801
ha	1524	1525	7733
ha	1525	1526	7664
ha	1526	1527	7680
ha	1527	1528	7651
ha	1528	1529	7742
ha	1529	1530	7582
ha	1530	1531	7576
ha	1531	1532	7593
ha	1532	1533	7537
ha	1533	1534	7710
ha	1534	1535	7674
ha	1535	1536	7627
ha	1536	1537	7598
ha	1537	1538	7423
ha	1538	1539	7456
ha	1539	1540	7379
ha	1540	1541	7361
ha	1541	1542	7353
ha	1542	1543	7051
ha	1543	1544	7109
ha	1544	1545	7037
ha	1545	1546	7315
ha	1546	1547	7287
ha	1547	1548	7223
ha	1548	1549	7125
ha	1549	1550	6903
ha	1550	1551	6909
ha	1551	1552	6717
ha	1552	1553	6771
ha	1553	1554	6731
ha	1554	1555	5868
ha	1555	1556	5840
ha	1556	1557	5563
ha	1557	1558	5567
ha	1558	1559	5569
ha	1559	1560	5558
ha	1560	1561	5547
ha	1561	1562	5393
ha	1562	1563	5437
ha	1563	1564	5561
ha	1564	1565	5537
ha	1565	1566	5459
ha	1566	1567	5439
ha	1567	1568	5457
ha	1568	1569	5440
ha	1569	1570	5400
ha	1570	1571	5218
ha	1571	1572	5275
ha	1572	1573	5014
ha	1573	1574	5059
ha	1574	1575	5042
ha	1575	1576	5032
ha	1576	1577	5243
ha	1577	1578	5232
ha	1578	1579	5246
ha	1579	1580	5230
ha	1580	1581	5134
ha	1581	1582	5123
ha	1582	1583	5076
ha	1583	1584	5082
ha	1584	1585	5092
ha	1585	1586	4821
ha	1586	1587	4876
ha	1587	1588	4828
ha	1588	1590	4848
ha	1590	1591	4866
ha	1591	1592	4908
ha	1592	1593	4918
ha	1593	1594	4933
ha	1594	1595	4924
ha	1595	1596	4838
ha	1596	1597	4764
ha	1597	1598	4727
ha	1598	1599	4715
ha	1599	1600	4668
ha	1600	1601	4616
ha	1601	1602	4913
ha	1602	1603	4983
ha	1603	1604	5001
ha	1604	1605	5005
ha	1605	1606	5010
ha	1606	1607	5017
ha	1607	1608	5164
ha	1608	1609	5167
ha	1609	1610	5171
ha	1610	1611	5131
ha	1611	1612	4970
ha	1612	1613	5020
ha	1613	1614	5435
ha	1614	1615	5442
ha	1615	1616	5443
ha	1616	1617	5251
ha	1617	1618	5299
ha	1618	1619	5321
ha	1619	1620	5284
ha	1620	1621	5227
ha	1621	1622	5294
ha	1622	1623	5038
ha	1623	1624	5110
ha	1624	1625	5134
ha	1625	1626	5198
ha	1626	1627	5210
ha	1627	1628	5234
ha	1628	1629	5259
ha	1629	1630	5418
ha	1630	1631	5327
ha	1631	1632	5492
ha	1632	1633	5482
ha	1633	1634	5477
ha	1634	1635	5500
ha	1635	1636	5451
ha	1636	1637	5464
ha	1637	1638	5470
ha	1638	1639	5328
ha	1639	1640	5338
ha	1640	1641	5265
ha	1641	1642	5271
ha	1642	1643	5270
ha	1643	1644	5256
ha	1644	1645	5290
ha	1645	1646	5288
ha	1646	1647	5355
ha	1647	1648	5366
ha	1648	1649	5386
ha	1649	1650	5648
ha	1650	1651	5641
ha	1651	1653	5623
ha	1653	1654	5609
ha	1654	1655	5624
ha	1655	1656	5563
ha	1656	1658	5511
ha	1658	1659	5296
ha	1659	1660	5361
ha	1660	1661	5369
ha	1661	1662	5388
ha	1662	1663	5387
ha	1663	1664	5363
ha	1664	1665	5372
ha	1665	1666	5515
ha	1666	1667	5502
ha	1667	1668	5486
ha	1668	1669	5450
ha	1669	1670	5406
ha	1670	1671	5416
ha	1671	1672	5421
ha	1672	1673	5400
ha	1673	1674	5396
ha	1674	1675	5291
ha	1675	1676	5461
ha	1676	1677	5623
ha	1677	1678	5606
ha	1678	1679	5616
ha	1679	1680	5576
ha	1680	1681	6021
ha	1681	1682	6041
ha	1682	1683	6119
ha	1683	1684	6073
ha	1684	1685	6086
ha	1685	1686	5946
ha	1686	1688	5939
ha	1688	1689	5924
ha	1689	1690	5745
ha	1690	1691	5615
ha	1691	1692	5392
ha	1692	1693	5402
ha	1693	1694	5193
ha	1694	1695	5282
ha	1695	1696	5272
ha	1696	1697	5277
ha	1697	1698	5330
ha	1698	1699	5288
ha	1699	1700	5267
ha	1700	1701	5262
ha	1701	1702	5215
ha	1702	1703	5200
ha	1703	1704	5135
ha	1704	1705	5102
ha	1705	1706	5117
ha	1706	1707	5043
ha	1707	1708	5041
ha	1708	1709	5138
ha	1709	1710	5144
ha	1710	1711	5153
ha	1711	1712	5146
ha	1712	1713	4730
ha	1713	1714	4810
ha	1714	1715	4724
ha	1715	1716	4723
ha	1716	1717	4719
ha	1717	1718	4560
ha	1718	1719	4574
ha	1719	1720	4554
ha	1720	1721	4545
ha	1721	1722	4524
ha	1722	1723	4180
ha	1723	1724	4171
ha	1724	1725	4150
ha	1725	1726	4142
ha	1726	1727	4130
ha	1727	1728	3995
ha	1728	1729	3971
ha	1729	1730	3960
ha	1730	1731	3941
ha	1731	1732	3938
ha	1732	1733	3932
ha	1733	1734	3852
ha	1734	1735	3800
ha	1735	1736	3779
ha	1736	1737	3764
ha	1737	1738	3747
ha	1738	1739	3742
ha	1739	1740	3646
ha	1740	1741	3627
ha	1741	1742	3606
ha	1742	1743	3585
ha	1743	1744	3575
ha	1744	1745	3514
ha	1745	1746	3512
ha	1746	1747	3495
ha	1747	1748	3481
ha	1748	1749	3438
ha	1749	1750	3292
ha	1750	1751	3237
ha	1751	1752	3201
ha	1752	1753	3174
ha	1753	1754	3049
ha	1754	1755	2813
ha	1755	1756	2791
ha	1756	1757	2768
ha	1757	1758	2757
ha	1758	1759	2642
ha	1759	1760	2614
ha	1760	1761	2597
ha	1761	1762	2280
ha	1762	1763	2274
ha	1763	1764	2222
ha	1764	1765	2195
ha	1765	1766	2156
ha	1766	1767	2118
ha	1767	1768	2107
ha	1768	1769	2071
ha	1769	1770	2042
ha	1770	1771	2002
ha	1771	1772	1477
ha	1772	1773	1405
ha	1773	1774	1357
ha	1774	1775	1349
ha	1775	1776	301
mp	0	1	54
mp	1	2	62
mp	2	4	63
mp	4	6	64
mp	6	7	65
mp	7	8	66
mp	8	10	69
mp	10	11	76
mp	11	13	77
mp	13	14	78
mp	14	15	79
mp	15	17	81
mp	17	18	83
mp	18	20	85
mp	20	21	87
mp	21	22	89
mp	22	23	90
mp	23	24	91
mp	24	29	96
mp	29	30	99
mp	30	31	101
mp	31	32	116
mp	32	33	120
mp	33	36	121
mp	36	38	122
mp	38	41	123
mp	41	42	124
mp	42	43	125
mp	43	46	128
mp	46	50	130
mp	50	51	131
mp	51	53	133
mp	53	55	134
mp	55	56	135
mp	56	57	134
mp	57	58	139
mp	58	59	146
mp	59	60	145
mp	60	62	152
mp	62	63	159
mp	63	64	158
mp	64	66	162
mp	66	70	156
mp	70	71	159
mp	71	73	156
mp	73	74	154
mp	74	76	156
mp	76	78	157
mp	78	81	158
mp	81	82	161
mp	82	84	162
mp	84	87	163
mp	87	88	160
mp	88	91	161
mp	91	92	159
mp	92	93	158
mp	93	94	157
mp	94	96	161
mp	96	97	160
mp	97	98	161
mp	98	100	162
mp	100	101	164
mp	101	102	162
mp	102	103	163
mp	103	104	164
mp	104	105	174
mp	105	106	176
mp	106	107	177
mp	107	111	175
mp	111	113	176
mp	113	116	169
mp	116	118	171
mp	118	119	170
mp	119	120	172
mp	120	121	171
mp	121	123	174
mp	123	125	169
mp	125	126	167
mp	126	127	170
mp	127	129	171
mp	129	130	174
mp	130	131	172
mp	131	132	171
mp	132	133	172
mp	133	134	161
mp	134	135	162
mp	135	137	157
mp	137	139	159
mp	139	140	160
mp	140	144	161
mp	144	146	162
mp	146	147	161
mp	147	148	160
mp	148	149	154
mp	149	152	157
mp	152	154	154
mp	154	156	153
mp	156	157	152
mp	157	158	151
mp	158	159	155
mp	159	160	163
mp	160	161	161
mp	161	165	162
mp	165	166	161
mp	166	167	160
mp	167	168	157
mp	168	169	147
mp	169	170	146
mp	170	171	150
mp	171	173	148
mp	173	174	141
mp	174	177	140
mp	177	178	142
mp	178	180	138
mp	180	184	143
mp	184	186	147
mp	186	187	146
mp	187	189	145
mp	189	190	149
mp	190	191	147
mp	191	193	146
mp	193	194	139
mp	194	195	138
mp	195	196	141
mp	196	198	142
mp	198	199	141
mp	199	201	146
mp	201	203	150
mp	203	204	149
mp	204	207	148
mp	207	208	147
mp	208	209	144
mp	209	210	146
mp	210	211	145
mp	211	212	147
mp	212	213	146
mp	213	214	148
mp	214	218	150
mp	218	220	154
mp	220	221	153
mp	221	222	152
mp	222	223	156
mp	223	224	155
mp	224	225	156
mp	225	226	155
mp	226	228	152
mp	228	229	157
mp	229	232	156
mp	232	233	153
mp	233	236	157
mp	236	237	161
mp	237	238	162
mp	238	239	165
mp	239	240	166
mp	240	241	169
mp	241	242	175
mp	242	243	176
mp	243	244	174
mp	244	245	176
mp	245	246	172
mp	246	248	173
mp	248	249	172
mp	249	250	176
mp	250	251	175
mp	251	253	178
mp	253	254	174
mp	254	256	171
mp	256	258	172
mp	258	259	171
mp	259	262	172
mp	262	265	181
mp	265	266	182
mp	266	268	180
mp	268	269	181
mp	269	270	180
mp	270	271	181
mp	271	272	176
mp	272	273	177
mp	273	274	178
mp	274	275	179
mp	275	276	180
mp	276	278	181
mp	278	279	182
mp	279	280	184
mp	280	281	179
mp	281	283	181
mp	283	285	179
mp	285	286	173
mp	286	287	171
mp	287	288	170
mp	288	290	169
mp	290	291	167
mp	291	292	173
mp	292	294	174
mp	294	295	177
mp	295	297	174
mp	297	298	185
mp	298	299	191
mp	299	300	190
mp	300	301	185
mp	301	302	182
mp	302	303	181
mp	303	304	184
mp	304	306	183
mp	306	307	182
mp	307	308	172
mp	308	309	176
mp	309	310	177
mp	310	311	174
mp	311	312	179
mp	312	313	174
mp	313	315	176
mp	315	316	178
mp	316	317	183
mp	317	318	182
mp	318	319	185
mp	319	320	189
mp	320	321	187
mp	321	322	203
mp	322	324	201
mp	324	327	200
mp	327	328	203
mp	328	330	209
mp	330	331	198
mp	331	332	201
mp	332	334	202
mp	334	335	201
mp	335	336	198
mp	336	337	201
mp	337	338	196
mp	338	339	198
mp	339	340	199
mp	340	341	206
mp	341	342	213
mp	342	343	214
mp	343	344	216
mp	344	345	217
mp	345	346	216
mp	346	347	222
mp	347	348	224
mp	348	349	219
mp	349	350	221
mp	350	351	218
mp	351	352	226
mp	352	353	224
mp	353	354	225
mp	354	356	223
mp	356	357	226
mp	357	358	232
mp	358	359	231
mp	359	360	233
mp	360	361	229
mp	361	362	228
mp	362	364	229
mp	364	365	228
mp	365	366	225
mp	366	367	224
mp	367	369	226
mp	369	371	224
mp	371	372	225
mp	372	373	224
mp	373	374	225
mp	374	375	223
mp	375	377	230
mp	377	379	232
mp	379	380	235
mp	380	381	236
mp	381	382	237
mp	382	383	236
mp	383	384	237
mp	384	385	230
mp	385	386	232
mp	386	387	237
mp	387	390	233
mp	390	391	232
mp	391	392	230
mp	392	393	232
mp	393	394	234
mp	394	395	237
mp	395	396	235
mp	396	398	240
mp	398	399	241
mp	399	400	240
mp	400	401	241
mp	401	402	244
mp	402	404	246
mp	404	405	247
mp	405	408	246
mp	408	409	247
mp	409	410	250
mp	410	411	251
mp	411	412	243
mp	412	413	248
mp	413	414	243
mp	414	415	248
mp	415	417	267
mp	417	418	274
mp	418	419	266
mp	419	420	256
mp	420	421	259
mp	421	422	248
mp	422	423	249
mp	423	424	244
mp	424	425	223
mp	425	428	230
mp	428	429	229
mp	429	430	220
mp	430	431	218
mp	431	432	221
mp	432	434	223
mp	434	438	222
mp	438	439	226
mp	439	440	225
mp	440	441	226
mp	441	444	225
mp	444	445	224
mp	445	446	226
mp	446	448	227
mp	448	449	223
mp	449	450	220
mp	450	451	221
mp	451	453	222
mp	453	454	221
mp	454	455	220
mp	455	456	219
mp	456	457	224
mp	457	458	234
mp	458	459	230
mp	459	460	227
mp	460	461	225
mp	461	462	224
mp	462	464	227
mp	464	465	226
mp	465	466	229
mp	466	467	200
mp	467	468	203
mp	468	469	201
mp	469	470	204
mp	470	471	203
mp	471	472	201
mp	472	473	197
mp	473	474	207
mp	474	477	204
mp	477	478	201
mp	478	480	203
mp	480	481	204
mp	481	482	205
mp	482	483	201
mp	483	484	203
mp	484	485	202
mp	485	486	203
mp	486	487	205
mp	487	488	208
mp	488	489	207
mp	489	490	205
mp	490	491	210
mp	491	492	211
mp	492	493	210
mp	493	495	211
mp	495	496	208
mp	496	497	212
mp	497	498	206
mp	498	499	207
mp	499	500	208
mp	500	501	207
mp	501	502	208
mp	502	504	204
mp	504	506	206
mp	506	508	208
mp	508	509	210
mp	509	510	209
mp	510	511	210
mp	511	512	209
mp	512	515	207
mp	515	516	205
mp	516	517	207
mp	517	518	205
mp	518	519	203
mp	519	520	205
mp	520	521	204
mp	521	523	203
mp	523	525	198
mp	525	526	194
mp	526	527	187
mp	527	528	192
mp	528	529	191
mp	529	531	182
mp	531	532	180
mp	532	533	174
mp	533	534	166
mp	534	535	169
mp	535	536	174
mp	536	537	171
mp	537	538	169
mp	538	539	173
mp	539	540	171
mp	540	541	173
mp	541	542	171
mp	542	543	173
mp	543	544	170
mp	544	547	167
mp	547	548	165
mp	548	549	164
mp	549	551	159
mp	551	552	160
mp	552	553	159
mp	553	555	158
mp	555	556	157
mp	556	557	147
mp	557	558	148
mp	558	559	149
mp	559	560	148
mp	560	562	144
mp	562	563	157
mp	563	564	153
mp	564	565	154
mp	565	566	155
mp	566	567	152
mp	567	568	160
mp	568	569	159
mp	569	570	160
mp	570	571	159
mp	571	572	151
mp	572	573	166
mp	573	574	165
mp	574	575	166
mp	575	576	167
mp	576	578	159
mp	578	579	165
mp	579	580	177
mp	580	581	179
mp	581	582	169
mp	582	583	166
mp	583	584	162
mp	584	586	163
mp	586	587	162
mp	587	588	165
mp	588	589	156
mp	589	591	159
mp	591	592	160
mp	592	593	165
mp	593	594	164
mp	594	596	159
mp	596	598	154
mp	598	599	156
mp	599	600	160
mp	600	601	161
mp	601	602	162
mp	602	603	163
mp	603	604	162
mp	604	605	166
mp	605	606	167
mp	606	609	166
mp	609	610	167
mp	610	611	169
mp	611	612	171
mp	612	614	170
mp	614	616	171
mp	616	617	172
mp	617	620	171
mp	620	621	173
mp	621	622	172
mp	622	624	174
mp	624	627	173
mp	627	628	174
mp	628	631	176
mp	631	632	174
mp	632	634	175
mp	634	636	176
mp	636	637	175
mp	637	638	171
mp	638	639	170
mp	639	640	171
mp	640	641	176
mp	641	642	177
mp	642	643	178
mp	643	644	179
mp	644	645	180
mp	645	646	178
mp	646	647	179
mp	647	648	175
mp	648	649	177
mp	649	651	178
mp	651	652	179
mp	652	653	176
mp	653	656	180
mp	656	657	178
mp	657	659	176
mp	659	660	175
mp	660	661	177
mp	661	662	178
mp	662	663	174
mp	663	665	178
mp	665	667	175
mp	667	670	177
mp	670	673	171
mp	673	674	169
mp	674	675	170
mp	675	676	171
mp	676	677	169
mp	677	678	171
mp	678	679	170
mp	679	680	171
mp	680	681	172
mp	681	683	171
mp	683	684	174
mp	684	685	178
mp	685	686	181
mp	686	687	173
mp	687	688	164
mp	688	689	165
mp	689	690	163
mp	690	691	169
mp	691	692	168
mp	692	696	171
mp	696	698	176
mp	698	699	174
mp	699	700	169
mp	700	701	168
mp	701	704	170
mp	704	705	167
mp	705	706	156
mp	706	708	159
mp	708	710	156
mp	710	712	155
mp	712	713	152
mp	713	715	149
mp	715	716	144
mp	716	718	136
mp	718	720	135
mp	720	721	128
mp	721	723	122
mp	723	727	124
mp	727	728	125
mp	728	729	123
mp	729	731	121
mp	731	732	125
mp	732	733	122
mp	733	734	124
mp	734	735	125
mp	735	737	126
mp	737	739	125
mp	739	740	123
mp	740	741	122
mp	741	743	120
mp	743	744	129
mp	744	745	132
mp	745	746	133
mp	746	747	132
mp	747	748	131
mp	748	749	133
mp	749	751	130
mp	751	752	131
mp	752	754	129
mp	754	758	128
mp	758	759	132
mp	759	760	129
mp	760	761	134
mp	761	762	133
mp	762	764	134
mp	764	765	135
mp	765	766	136
mp	766	767	138
mp	767	768	133
mp	768	769	134
mp	769	771	132
mp	771	772	131
mp	772	773	128
mp	773	774	131
mp	774	775	138
mp	775	776	139
mp	776	778	140
mp	778	779	143
mp	779	780	142
mp	780	783	144
mp	783	785	145
mp	785	786	148
mp	786	787	145
mp	787	788	144
mp	788	790	145
mp	790	792	150
mp	792	795	146
mp	795	797	145
mp	797	798	141
mp	798	799	140
mp	799	801	136
mp	801	803	137
mp	803	804	138
mp	804	805	142
mp	805	806	143
mp	806	807	146
mp	807	808	145
mp	808	810	147
mp	810	811	148
mp	811	812	147
mp	812	813	146
mp	813	814	135
mp	814	815	137
mp	815	817	139
mp	817	819	130
mp	819	820	128
mp	820	821	136
mp	821	822	135
mp	822	823	138
mp	823	824	141
mp	824	825	140
mp	825	827	144
mp	827	829	151
mp	829	830	145
mp	830	831	143
mp	831	833	137
mp	833	836	134
mp	836	839	130
mp	839	841	129
mp	841	842	126
mp	842	843	127
mp	843	845	125
mp	845	847	126
mp	847	848	127
mp	848	850	131
mp	850	854	132
mp	854	855	135
mp	855	856	137
mp	856	857	135
mp	857	858	137
mp	858	859	138
mp	859	860	140
mp	860	861	138
mp	861	862	140
mp	862	863	144
mp	863	864	145
mp	864	865	146
mp	865	868	147
mp	868	870	148
mp	870	872	147
mp	872	874	146
mp	874	875	160
mp	875	876	168
mp	876	879	171
mp	879	881	170
mp	881	882	168
mp	882	883	166
mp	883	885	168
mp	885	886	171
mp	886	887	172
mp	887	888	168
mp	888	889	169
mp	889	890	172
mp	890	891	170
mp	891	893	171
mp	893	894	169
mp	894	895	165
mp	895	896	158
mp	896	897	160
mp	897	898	159
mp	898	899	162
mp	899	900	161
mp	900	901	160
mp	901	902	162
mp	902	903	163
mp	903	906	170
mp	906	907	172
mp	907	908	168
mp	908	909	167
mp	909	911	166
mp	911	912	164
mp	912	913	174
mp	913	914	169
mp	914	916	173
mp	916	917	174
mp	917	919	173
mp	919	921	172
mp	921	923	169
mp	923	924	165
mp	924	925	166
mp	925	926	165
mp	926	927	161
mp	927	928	163
mp	928	929	164
mp	929	931	162
mp	931	934	159
mp	934	935	157
mp	935	936	158
mp	936	939	157
mp	939	940	154
mp	940	941	153
mp	941	942	152
mp	942	943	151
mp	943	944	182
mp	944	947	181
mp	947	948	184
mp	948	949	183
mp	949	951	182
mp	951	952	180
mp	952	953	184
mp	953	954	183
mp	954	955	182
mp	955	956	181
mp	956	958	164
mp	958	959	163
mp	959	961	167
mp	961	962	165
mp	962	965	166
mp	965	966	165
mp	966	967	158
mp	967	970	157
mp	970	971	156
mp	971	972	151
mp	972	973	147
mp	973	974	143
mp	974	975	139
mp	975	976	138
mp	976	977	136
mp	977	978	134
mp	978	979	133
mp	979	982	130
mp	982	984	129
mp	984	985	128
mp	985	987	124
mp	987	989	122
mp	989	990	120
mp	990	994	119
mp	994	996	117
mp	996	998	109
mp	998	999	108
mp	999	1000	84
mp	1000	1004	82
mp	1004	1005	73
mp	1005	1008	72
mp	1008	1009	71
mp	1009	1010	64
mp	1010	1012	59
mp	1012	1013	44
mp	1013	1016	43
mp	1016	1017	41
mp	1017	1019	35
mp	1019	1022	33
mp	1022	1025	30
mp	1025	1026	29
mp	1026	1027	9
np	0	1	475
np	1	2	588
np	2	3	590
np	3	4	591
np	4	5	633
np	5	6	652
np	6	7	653
np	7	8	657
np	8	9	660
np	9	10	661
np	10	11	701
np	11	12	706
np	12	14	762
np	14	15	768
np	15	16	824
np	16	17	833
np	17	18	848
np	18	19	859
np	19	20	953
np	20	21	960
np	21	22	997
np	22	23	1014
np	23	24	1052
np	24	25	1060
np	25	26	1075
np	26	27	1078
np	27	28	1106
np	28	29	1142
np	29	30	1162
np	30	31	1164
np	31	32	1189
np	32	33	1194
np	33	34	1208
np	34	35	1218
np	35	36	1247
np	36	37	1269
np	37	38	1272
np	38	39	1286
np	39	40	1299
np	40	41	1340
np	41	42	1378
np	42	43	1387
np	43	44	1390
np	44	45	1393
np	45	46	1396
np	46	48	1399
np	48	49	1414
np	49	50	1422
np	50	51	1433
np	51	52	1448
np	52	53	1471
np	53	54	1475
np	54	55	1480
np	55	57	1476
np	57	58	1478
np	58	59	1497
np	59	60	1498
np	60	61	1476
np	61	62	1491
np	62	63	1489
np	63	64	1511
np	64	65	1481
np	65	66	1479
np	66	67	1486
np	67	68	1475
np	68	69	1480
np	69	70	1476
np	70	71	1498
np	71	72	1517
np	72	73	1510
np	73	74	1526
np	74	75	1528
np	75	76	1542
np	76	77	1552
np	77	78	1540
np	78	79	1546
np	79	80	1516
np	80	81	1568
np	81	82	1578
np	82	83	1575
np	83	85	1580
np	85	86	1577
np	86	87	1567
np	87	88	1582
np	88	89	1613
np	89	90	1580
np	90	91	1594
np	91	92	1604
np	92	93	1599
np	93	95	1605
np	95	96	1607
np	96	97	1614
np	97	99	1605
np	99	100	1611
np	100	101	1604
np	101	103	1621
np	103	104	1616
np	104	105	1621
np	105	106	1620
np	106	107	1619
np	107	108	1622
np	108	109	1594
np	109	110	1597
np	110	111	1593
np	111	112	1621
np	112	113	1627
np	113	114	1621
np	114	115	1633
np	115	116	1632
np	116	117	1648
np	117	118	1641
np	118	119	1636
np	119	120	1633
np	120	121	1623
np	121	122	1640
np	122	123	1642
np	123	124	1640
np	124	125	1633
np	125	126	1608
np	126	127	1613
np	127	128	1622
np	128	129	1621
np	129	130	1640
np	130	131	1635
np	131	132	1638
np	132	133	1642
np	133	134	1662
np	134	135	1648
np	135	136	1622
np	136	137	1621
np	137	138	1605
np	138	139	1579
np	139	140	1561
np	140	141	1564
np	141	142	1565
np	142	143	1539
np	143	144	1546
np	144	145	1552
np	145	147	1553
np	147	148	1552
np	148	149	1570
np	149	150	1559
np	150	151	1477
np	151	152	1466
np	152	153	1447
np	153	154	1446
np	154	155	1451
np	155	156	1450
np	156	157	1446
np	157	158	1442
np	158	159	1485
np	159	160	1513
np	160	161	1562
np	161	162	1575
np	162	163	1573
np	163	164	1759
np	164	165	1767
np	165	166	1834
np	166	167	1823
np	167	168	1782
np	168	169	1805
np	169	170	1747
np	170	171	1895
np	171	172	1886
np	172	173	1783
np	173	174	1790
np	174	175	1742
np	175	176	1764
np	176	177	1758
np	177	178	1739
np	178	179	1734
np	179	180	1619
np	180	181	1648
np	181	182	1627
np	182	183	1672
np	183	184	1687
np	184	185	1683
np	185	186	1682
np	186	187	1685
np	187	188	1695
np	188	189	1707
np	189	190	1704
np	190	191	1667
np	191	192	1669
np	192	193	1649
np	193	194	1663
np	194	195	1667
np	195	196	1676
np	196	197	1674
np	197	198	1697
np	198	199	1707
np	199	200	1711
np	200	201	1702
np	201	202	1703
np	202	203	1707
np	203	204	1704
np	204	205	1701
np	205	206	1703
np	206	207	1704
np	207	208	1673
np	208	209	1687
np	209	210	1685
np	210	211	1684
np	211	212	1670
np	212	213	1713
np	213	214	1765
np	214	215	1761
np	215	216	1760
np	216	217	1758
np	217	218	1754
np	218	219	1760
np	219	221	1754
np	221	222	1764
np	222	223	1699
np	223	224	1719
np	224	225	1726
np	225	226	1727
np	226	227	1732
np	227	228	1733
np	228	229	1792
np	229	230	1884
np	230	231	1852
np	231	232	1861
np	232	233	1848
np	233	234	1858
np	234	235	1870
np	235	236	1856
np	236	237	1852
np	237	238	1781
np	238	239	1725
np	239	240	1736
np	240	241	1713
np	241	243	1710
np	243	244	1717
np	244	245	1709
np	245	246	1721
np	246	247	1727
np	247	248	1716
np	248	249	1721
np	249	251	1709
np	251	252	1693
np	252	253	1716
np	253	254	1729
np	254	255	1716
np	255	256	1723
np	256	257	1716
np	257	258	1717
np	258	259	1742
np	259	260	1741
np	260	261	1732
np	261	262	1720
np	262	263	1676
np	263	264	1693
np	264	265	1685
np	265	266	1690
np	266	267	1710
np	267	268	1700
np	268	269	1717
np	269	270	1763
np	270	271	1773
np	271	272	1794
np	272	273	1785
np	273	274	1759
np	274	275	1771
np	275	276	1761
np	276	277	1764
np	277	278	1767
np	278	279	1723
np	279	280	1708
np	280	281	1691
np	281	282	1688
np	282	283	1700
np	283	284	1713
np	284	285	1702
np	285	286	1706
np	286	287	1688
np	287	288	1682
np	288	289	1685
np	289	290	1672
np	290	292	1729
np	292	293	1733
np	293	294	1728
np	294	295	1694
np	295	296	1748
np	296	297	1738
np	297	298	1766
np	298	299	1752
np	299	300	1685
np	300	302	1693
np	302	303	1704
np	303	304	1703
np	304	305	1594
np	305	306	1593
np	306	307	1596
np	307	308	1603
np	308	309	1595
np	309	310	1575
np	310	311	1565
np	311	312	1583
np	312	313	1581
np	313	314	1575
np	314	315	1551
np	315	316	1524
np	316	317	1489
np	317	318	1497
np	318	319	1477
np	319	320	1462
np	320	321	1419
np	321	322	1417
np	322	323	1418
np	323	324	1402
np	324	325	1408
np	325	326	1420
np	326	327	1413
np	327	328	1443
np	328	329	1441
np	329	330	1438
np	330	331	1484
np	331	332	1483
np	332	333	1508
np	333	334	1488
np	334	335	1465
np	335	336	1477
np	336	337	1460
np	337	338	1517
np	338	339	1520
np	339	340	1471
np	340	341	1476
np	341	342	1455
np	342	343	1451
np	343	344	1461
np	344	345	1449
np	345	346	1456
np	346	347	1402
np	347	348	1404
np	348	349	1400
np	349	350	1407
np	350	351	1413
np	351	352	1401
np	352	353	1392
np	353	354	1394
np	354	355	1393
np	355	356	1415
np	356	357	1416
np	357	358	1430
np	358	359	1421
np	359	360	1426
np	360	361	1434
np	361	362	1439
np	362	363	1431
np	363	364	1458
np	364	365	1433
np	365	366	1446
np	366	367	1440
np	367	368	1452
np	368	369	1477
np	369	370	1497
np	370	371	1489
np	371	372	1491
np	372	373	1513
np	373	374	1495
np	374	375	1505
np	375	376	1503
np	376	377	1512
np	377	378	1509
np	378	379	1484
np	379	380	1519
np	380	381	1506
np	381	382	1472
np	382	383	1479
np	383	384	1472
np	384	385	1487
np	385	386	1483
np	386	387	1482
np	387	388	1483
np	388	389	1448
np	389	390	1490
np	390	392	1491
np	392	393	1490
np	393	394	1471
np	394	396	1486
np	396	397	1478
np	397	398	1486
np	398	399	1488
np	399	400	1492
np	400	401	1494
np	401	402	1486
np	402	403	1483
np	403	404	1462
np	404	405	1460
np	405	406	1454
np	406	407	1453
np	407	408	1455
np	408	409	1456
np	409	410	1458
np	410	411	1502
np	411	412	1527
np	412	413	1531
np	413	414	1553
np	414	415	1587
np	415	416	1652
np	416	417	1657
np	417	418	1674
np	418	419	1695
np	419	420	1647
np	420	421	1623
np	421	422	1627
np	422	423	1592
np	423	424	1598
np	424	425	1520
np	425	426	1576
np	426	427	1582
np	427	428	1601
np	428	429	1610
np	429	430	1612
np	430	431	1619
np	431	432	1618
np	432	433	1604
np	433	434	1627
np	434	435	1592
np	435	436	1593
np	436	437	1581
np	437	438	1575
np	438	439	1601
np	439	440	1617
np	440	441	1614
np	441	442	1612
np	442	443	1598
np	443	444	1622
np	444	445	1616
np	445	446	1605
np	446	447	1610
np	447	448	1615
np	448	449	1612
np	449	450	1633
np	450	451	1638
np	451	452	1635
np	452	453	1627
np	453	454	1628
np	454	455	1618
np	455	456	1622
np	456	457	1604
np	457	459	1612
np	459	461	1615
np	461	462	1617
np	462	463	1626
np	463	464	1655
np	464	465	1652
np	465	466	1646
np	466	467	1645
np	467	468	1648
np	468	469	1686
np	469	471	1694
np	471	472	1693
np	472	473	1689
np	473	474	1710
np	474	475	1709
np	475	476	1701
np	476	477	1712
np	477	478	1656
np	478	479	1682
np	479	480	1681
np	480	481	1698
np	481	482	1703
np	482	483	1674
np	483	484	1709
np	484	485	1705
np	485	486	1732
np	486	487	1755
np	487	488	1705
np	488	489	1727
np	489	490	1717
np	490	491	1685
np	491	492	1693
np	492	493	1654
np	493	494	1698
np	494	495	1649
np	495	496	1646
np	496	497	1656
np	497	498	1618
np	498	499	1620
np	499	500	1632
np	500	501	1627
np	501	502	1632
np	502	503	1605
np	503	504	1598
np	504	505	1602
np	505	506	1590
np	506	508	1591
np	508	510	1571
np	510	511	1570
np	511	512	1605
np	512	513	1619
np	513	514	1596
np	514	515	1593
np	515	516	1588
np	516	517	1625
np	517	518	1631
np	518	520	1627
np	520	521	1588
np	521	522	1595
np	522	523	1602
np	523	524	1600
np	524	525	1642
np	525	526	1605
np	526	527	1594
np	527	528	1596
np	528	529	1613
np	529	530	1616
np	530	531	1614
np	531	532	1607
np	532	533	1519
np	533	534	1526
np	534	535	1503
np	535	536	1510
np	536	537	1512
np	537	538	1493
np	538	539	1582
np	539	540	1575
np	540	541	1648
np	541	542	1649
np	542	543	1630
np	543	544	1659
np	544	545	1661
np	545	546	1658
np	546	547	1653
np	547	548	1522
np	548	549	1528
np	549	550	1451
np	550	551	1479
np	551	552	1482
np	552	553	1475
np	553	554	1478
np	554	555	1483
np	555	556	1506
np	556	557	1509
np	557	558	1496
np	558	559	1516
np	559	560	1494
np	560	561	1577
np	561	562	1580
np	562	563	1575
np	563	564	1583
np	564	565	1558
np	565	566	1555
np	566	567	1546
np	567	568	1497
np	568	569	1498
np	569	570	1426
np	570	571	1431
np	571	572	1425
np	572	573	1421
np	573	574	1415
np	574	576	1413
np	576	577	1410
np	577	578	1405
np	578	579	1397
np	579	580	1410
np	580	582	1411
np	582	583	1419
np	583	584	1423
np	584	585	1416
np	585	587	1421
np	587	588	1411
np	588	589	1436
np	589	590	1428
np	590	591	1433
np	591	592	1447
np	592	593	1452
np	593	594	1464
np	594	595	1462
np	595	596	1455
np	596	597	1453
np	597	598	1424
np	598	599	1446
np	599	600	1434
np	600	601	1421
np	601	602	1405
np	602	603	1404
np	603	604	1417
np	604	605	1449
np	605	606	1448
np	606	607	1440
np	607	608	1437
np	608	609	1374
np	609	610	1397
np	610	611	1420
np	611	612	1428
np	612	613	1443
np	613	614	1379
np	614	615	1374
np	615	616	1383
np	616	617	1378
np	617	618	1382
np	618	619	1385
np	619	620	1332
np	620	621	1328
np	621	622	1321
np	622	623	1310
np	623	624	1320
np	624	625	1318
np	625	627	1325
np	627	628	1302
np	628	629	1297
np	629	630	1294
np	630	631	1292
np	631	632	1290
np	632	633	1318
np	633	634	1312
np	634	635	1309
np	635	636	1304
np	636	637	1298
np	637	638	1297
np	638	640	1293
np	640	641	1274
np	641	643	1239
np	643	644	1271
np	644	645	1270
np	645	646	1276
np	646	647	1266
np	647	648	1268
np	648	649	1265
np	649	650	1267
np	650	651	1259
np	651	652	1261
np	652	653	1225
np	653	654	1219
np	654	655	1215
np	655	656	1212
np	656	657	1219
np	657	659	1210
np	659	660	1242
np	660	661	1235
np	661	662	1230
np	662	663	1222
np	663	664	1220
np	664	666	1217
np	666	667	1188
np	667	668	1180
np	668	669	1156
np	669	671	1157
np	671	672	1156
np	672	673	1155
np	673	674	1159
np	674	675	1141
np	675	676	1137
np	676	677	1136
np	677	678	1135
np	678	679	1118
np	679	680	1107
np	680	681	1113
np	681	682	1107
np	682	683	1093
np	683	684	1102
np	684	685	1088
np	685	686	1108
np	686	687	1109
np	687	688	1099
np	688	689	1085
np	689	690	1083
np	690	692	1073
np	692	693	1084
np	693	694	1075
np	694	695	1040
np	695	696	1032
np	696	697	1076
np	697	698	1072
np	698	699	1070
np	699	700	1063
np	700	701	1066
np	701	704	1060
np	704	705	1062
np	705	706	994
np	706	707	997
np	707	708	982
np	708	709	1004
np	709	710	982
np	710	711	967
np	711	712	950
np	712	713	953
np	713	714	954
np	714	715	946
np	715	717	954
np	717	718	947
np	718	719	949
np	719	720	936
np	720	721	939
np	721	722	934
np	722	723	944
np	723	724	943
np	724	725	937
np	725	726	957
np	726	727	952
np	727	728	988
np	728	729	981
np	729	730	986
np	730	731	983
np	731	732	1019
np	732	733	1024
np	733	734	1029
np	734	735	1041
np	735	736	1067
np	736	737	1087
np	737	738	1088
np	738	739	1086
np	739	740	1098
np	740	741	1043
np	741	742	1055
np	742	743	1056
np	743	744	1050
np	744	745	1064
np	745	746	1063
np	746	747	1067
np	747	748	1072
np	748	749	1044
np	749	750	1037
np	750	751	1017
np	751	753	1040
np	753	754	1045
np	754	755	1043
np	755	756	1036
np	756	757	1097
np	757	758	1108
np	758	759	1110
np	759	760	1107
np	760	761	1073
np	761	762	1066
np	762	763	1088
np	763	764	1077
np	764	765	1086
np	765	766	1038
np	766	767	1063
np	767	768	1075
np	768	769	1084
np	769	770	1080
np	770	771	1089
np	771	772	1074
np	772	773	1085
np	773	774	1088
np	774	775	1089
np	775	776	1060
np	776	777	1038
np	777	778	1030
np	778	779	1035
np	779	780	1037
np	780	781	1039
np	781	782	1034
np	782	783	1037
np	783	784	1036
np	784	785	1039
np	785	786	1042
np	786	787	1053
np	787	788	1047
np	788	789	1040
np	789	792	1044
np	792	793	1040
np	793	794	1028
np	794	795	1034
np	795	796	1025
np	796	797	1026
np	797	798	1023
np	798	799	1029
np	799	800	1027
np	800	801	1046
np	801	802	1043
np	802	803	1045
np	803	804	1040
np	804	805	1043
np	805	807	1039
np	807	808	1040
np	808	809	1041
np	809	810	1022
np	810	811	1016
np	811	812	1017
np	812	813	1021
np	813	815	1022
np	815	816	1024
np	816	817	1018
np	817	818	1024
np	818	819	1027
np	819	822	1026
np	822	824	1027
np	824	825	1025
np	825	826	1040
np	826	827	1041
np	827	828	1051
np	828	829	1050
np	829	830	1045
np	830	831	1036
np	831	832	1051
np	832	833	1043
np	833	834	1042
np	834	835	1040
np	835	836	1013
np	836	837	1010
np	837	838	1017
np	838	839	1021
np	839	840	1018
np	840	841	979
np	841	842	974
np	842	843	972
np	843	844	961
np	844	845	962
np	845	846	926
np	846	847	904
np	847	848	889
np	848	849	886
np	849	850	884
np	850	851	879
np	851	852	871
np	852	853	874
np	853	854	863
np	854	855	861
np	855	856	862
np	856	858	844
np	858	859	853
np	859	860	856
np	860	861	857
np	861	862	847
np	862	863	843
np	863	864	844
np	864	865	821
np	865	866	808
np	866	867	798
np	867	868	774
np	868	869	783
np	869	871	778
np	871	872	694
np	872	874	683
np	874	875	685
np	875	876	674
np	876	877	677
np	877	878	607
np	878	880	564
np	880	881	350
np	881	882	346
np	882	883	349
np	883	884	364
np	884	886	377
np	886	887	379
np	887	888	383
np	888	889	384
np	889	890	389
np	890	892	385
np	892	893	373
np	893	894	362
np	894	895	378
np	895	897	379
np	897	898	381
np	898	899	370
np	899	900	371
np	900	902	372
np	902	903	375
np	903	904	348
np	904	905	354
np	905	906	357
np	906	907	384
np	907	908	382
np	908	909	379
np	909	910	378
np	910	911	376
np	911	912	377
np	912	913	379
np	913	914	372
np	914	915	375
np	915	916	350
np	916	917	349
np	917	919	347
np	919	920	351
np	920	921	350
np	921	922	351
np	922	923	358
np	923	924	355
np	924	925	368
np	925	926	370
np	926	927	377
np	927	929	383
np	929	930	389
np	930	931	388
np	931	932	384
np	932	933	386
np	933	934	370
np	934	935	393
np	935	936	391
np	936	937	388
np	937	938	383
np	938	940	389
np	940	941	386
np	941	943	385
np	943	944	405
np	944	945	404
np	945	946	402
np	946	947	401
np	947	948	393
np	948	949	397
np	949	950	396
np	950	951	398
np	951	952	399
np	952	954	401
np	954	955	402
np	955	956	404
np	956	958	406
np	958	960	408
np	960	961	409
np	961	962	404
np	962	963	416
np	963	965	426
np	965	966	431
np	966	967	433
np	967	968	436
np	968	969	435
np	969	970	437
np	970	971	435
np	971	972	434
np	972	973	427
np	973	975	432
np	975	976	433
np	976	977	437
np	977	978	444
np	978	979	449
np	979	980	450
np	980	981	456
np	981	982	452
np	982	983	453
np	983	984	455
np	984	985	459
np	985	986	470
np	986	987	473
np	987	988	465
np	988	989	460
np	989	990	477
np	990	992	478
np	992	993	477
np	993	994	467
np	994	995	472
np	995	996	469
np	996	997	468
np	997	998	465
np	998	999	459
np	999	1000	444
np	1000	1001	443
np	1001	1002	447
np	1002	1003	448
np	1003	1004	445
np	1004	1005	442
np	1005	1007	440
np	1007	1008	437
np	1008	1009	433
np	1009	1010	432
np	1010	1011	428
np	1011	1012	437
np	1012	1013	429
np	1013	1014	433
np	1014	1015	448
np	1015	1017	449
np	1017	1018	448
np	1018	1019	453
np	1019	1020	454
np	1020	1021	449
np	1021	1022	452
np	1022	1023	444
np	1023	1024	441
np	1024	1025	436
np	1025	1027	438
np	1027	1028	434
np	1028	1029	476
np	1029	1030	484
np	1030	1031	485
np	1031	1032	481
np	1032	1033	482
np	1033	1034	480
np	1034	1035	476
np	1035	1036	477
np	1036	1037	480
np	1037	1038	458
np	1038	1039	468
np	1039	1040	463
np	1040	1041	472
np	1041	1042	473
np	1042	1043	465
np	1043	1044	469
np	1044	1045	465
np	1045	1047	462
np	1047	1048	456
np	1048	1049	461
np	1049	1051	453
np	1051	1052	452
np	1052	1053	451
np	1053	1054	459
np	1054	1055	458
np	1055	1056	457
np	1056	1057	458
np	1057	1058	444
np	1058	1059	445
np	1059	1060	443
np	1060	1061	441
np	1061	1062	443
np	1062	1063	454
np	1063	1064	483
np	1064	1065	485
np	1065	1067	482
np	1067	1068	483
np	1068	1069	481
np	1069	1070	485
np	1070	1071	478
np	1071	1072	482
np	1072	1073	440
np	1073	1074	447
np	1074	1077	441
np	1077	1079	451
np	1079	1080	458
np	1080	1081	455
np	1081	1082	458
np	1082	1083	463
np	1083	1084	459
np	1084	1085	457
np	1085	1086	456
np	1086	1087	448
np	1087	1088	450
np	1088	1089	448
np	1089	1090	452
np	1090	1091	468
np	1091	1093	481
np	1093	1094	480
np	1094	1095	481
np	1095	1096	486
np	1096	1097	493
np	1097	1099	490
np	1099	1100	476
np	1100	1101	464
np	1101	1102	477
np	1102	1103	478
np	1103	1104	490
np	1104	1105	486
np	1105	1106	475
np	1106	1107	473
np	1107	1108	474
np	1108	1109	500
np	1109	1110	499
np	1110	1111	494
np	1111	1112	490
np	1112	1113	488
np	1113	1114	491
np	1114	1115	488
np	1115	1116	495
np	1116	1117	504
np	1117	1118	494
np	1118	1119	502
np	1119	1120	504
np	1120	1121	509
np	1121	1122	515
np	1122	1123	514
np	1123	1124	521
np	1124	1125	520
np	1125	1126	518
np	1126	1127	529
np	1127	1128	525
np	1128	1129	526
np	1129	1130	527
np	1130	1131	520
np	1131	1132	524
np	1132	1133	526
np	1133	1134	528
np	1134	1135	533
np	1135	1136	525
np	1136	1137	528
np	1137	1138	529
np	1138	1139	531
np	1139	1140	528
np	1140	1141	532
np	1141	1142	536
np	1142	1143	545
np	1143	1145	547
np	1145	1146	545
np	1146	1148	552
np	1148	1149	555
np	1149	1150	557
np	1150	1151	558
np	1151	1152	557
np	1152	1153	551
np	1153	1154	550
np	1154	1155	561
np	1155	1157	557
np	1157	1158	560
np	1158	1159	563
np	1159	1160	566
np	1160	1161	568
np	1161	1162	570
np	1162	1163	581
np	1163	1164	558
np	1164	1165	559
np	1165	1166	558
np	1166	1167	554
np	1167	1168	555
np	1168	1169	543
np	1169	1170	563
np	1170	1171	557
np	1171	1172	568
np	1172	1173	567
np	1173	1174	566
np	1174	1175	573
np	1175	1176	569
np	1176	1177	572
np	1177	1178	593
np	1178	1179	566
np	1179	1180	562
np	1180	1181	546
np	1181	1182	547
np	1182	1183	559
np	1183	1184	557
np	1184	1185	554
np	1185	1186	557
np	1186	1187	526
np	1187	1188	530
np	1188	1189	528
np	1189	1190	536
np	1190	1192	547
np	1192	1193	557
np	1193	1194	556
np	1194	1195	553
np	1195	1196	563
np	1196	1197	565
np	1197	1198	564
np	1198	1199	560
np	1199	1200	558
np	1200	1201	533
np	1201	1202	536
np	1202	1203	544
np	1203	1204	545
np	1204	1205	541
np	1205	1206	525
np	1206	1208	532
np	1208	1209	528
np	1209	1210	530
np	1210	1211	528
np	1211	1212	520
np	1212	1213	516
np	1213	1214	515
np	1214	1215	514
np	1215	1216	508
np	1216	1217	513
np	1217	1218	517
np	1218	1219	518
np	1219	1220	524
np	1220	1221	520
np	1221	1222	523
np	1222	1224	537
np	1224	1225	535
np	1225	1226	534
np	1226	1227	539
np	1227	1228	538
np	1228	1229	537
np	1229	1230	539
np	1230	1231	537
np	1231	1232	544
np	1232	1233	541
np	1233	1234	566
np	1234	1235	567
np	1235	1236	578
np	1236	1237	575
np	1237	1238	562
np	1238	1239	564
np	1239	1241	565
np	1241	1242	564
np	1242	1243	551
np	1243	1244	556
np	1244	1245	549
np	1245	1246	552
np	1246	1248	554
np	1248	1249	553
np	1249	1251	557
np	1251	1252	559
np	1252	1253	556
np	1253	1254	547
np	1254	1255	550
np	1255	1256	546
np	1256	1257	548
np	1257	1258	550
np	1258	1259	539
np	1259	1260	532
np	1260	1261	535
np	1261	1262	565
np	1262	1263	568
np	1263	1264	549
np	1264	1265	556
np	1265	1266	547
np	1266	1268	543
np	1268	1269	529
np	1269	1270	527
np	1270	1271	473
np	1271	1272	483
np	1272	1273	488
np	1273	1274	483
np	1274	1275	490
np	1275	1276	488
np	1276	1277	492
np	1277	1278	494
np	1278	1279	495
np	1279	1281	506
np	1281	1282	481
np	1282	1283	482
np	1283	1284	476
np	1284	1285	498
np	1285	1286	492
np	1286	1287	495
np	1287	1288	499
np	1288	1289	487
np	1289	1291	495
np	1291	1292	499
np	1292	1293	498
np	1293	1294	465
np	1294	1295	459
np	1295	1296	461
np	1296	1298	456
np	1298	1299	452
np	1299	1300	453
np	1300	1301	451
np	1301	1303	459
np	1303	1304	460
np	1304	1306	458
np	1306	1307	460
np	1307	1308	461
np	1308	1309	460
np	1309	1310	464
np	1310	1312	455
np	1312	1313	454
np	1313	1314	450
np	1314	1316	447
np	1316	1317	456
np	1317	1318	458
np	1318	1319	455
np	1319	1320	449
np	1320	1321	448
np	1321	1322	450
np	1322	1325	444
np	1325	1326	430
np	1326	1327	433
np	1327	1328	427
np	1328	1329	431
np	1329	1331	428
np	1331	1333	426
np	1333	1334	429
np	1334	1335	432
np	1335	1336	431
np	1336	1337	429
np	1337	1338	427
np	1338	1339	425
np	1339	1341	428
np	1341	1343	432
np	1343	1345	430
np	1345	1346	429
np	1346	1347	425
np	1347	1348	424
np	1348	1350	421
np	1350	1351	414
np	1351	1353	416
np	1353	1354	413
np	1354	1355	417
np	1355	1356	414
np	1356	1359	418
np	1359	1360	417
np	1360	1361	415
np	1361	1362	420
np	1362	1363	415
np	1363	1364	402
np	1364	1365	403
np	1365	1366	401
np	1366	1367	404
np	1367	1368	403
np	1368	1369	399
np	1369	1370	398
np	1370	1371	387
np	1371	1372	392
np	1372	1373	381
np	1373	1374	387
np	1374	1375	389
np	1375	1376	384
np	1376	1377	390
np	1377	1378	407
np	1378	1379	406
np	1379	1380	403
np	1380	1381	402
np	1381	1382	410
np	1382	1383	388
np	1383	1384	383
np	1384	1385	377
np	1385	1386	364
np	1386	1388	376
np	1388	1389	378
np	1389	1390	379
np	1390	1391	374
np	1391	1393	373
np	1393	1394	378
np	1394	1395	386
np	1395	1396	392
np	1396	1398	390
np	1398	1399	384
np	1399	1400	387
np	1400	1401	385
np	1401	1402	401
np	1402	1403	404
np	1403	1404	394
np	1404	1405	403
np	1405	1406	402
np	1406	1407	405
np	1407	1408	406
np	1408	1409	398
np	1409	1410	397
np	1410	1411	404
np	1411	1412	397
np	1412	1413	409
np	1413	1414	408
np	1414	1415	412
np	1415	1416	413
np	1416	1417	426
np	1417	1419	428
np	1419	1420	426
np	1420	1421	420
np	1421	1422	419
np	1422	1423	413
np	1423	1425	412
np	1425	1427	394
np	1427	1431	391
np	1431	1432	403
np	1432	1433	400
np	1433	1434	406
np	1434	1435	409
np	1435	1436	410
np	1436	1437	408
np	1437	1438	409
np	1438	1439	405
np	1439	1440	404
np	1440	1442	398
np	1442	1445	401
np	1445	1446	399
np	1446	1448	403
np	1448	1449	405
np	1449	1450	402
np	1450	1451	400
np	1451	1453	397
np	1453	1454	398
np	1454	1456	399
np	1456	1457	400
np	1457	1460	397
np	1460	1461	401
np	1461	1462	396
np	1462	1464	398
np	1464	1465	395
np	1465	1466	394
np	1466	1467	396
np	1467	1469	394
np	1469	1471	389
np	1471	1474	388
np	1474	1475	386
np	1475	1476	387
np	1476	1477	389
np	1477	1478	403
np	1478	1479	400
np	1479	1480	396
np	1480	1483	393
np	1483	1485	392
np	1485	1486	389
np	1486	1487	354
np	1487	1489	352
np	1489	1490	358
np	1490	1491	356
np	1491	1493	349
np	1493	1494	350
np	1494	1495	352
np	1495	1496	351
np	1496	1497	329
np	1497	1498	328
np	1498	1499	325
np	1499	1501	326
np	1501	1502	324
np	1502	1503	320
np	1503	1504	318
np	1504	1506	316
np	1506	1507	315
np	1507	1508	314
np	1508	1509	308
np	1509	1511	299
np	1511	1512	297
np	1512	1513	295
np	1513	1514	294
np	1514	1515	290
np	1515	1517	289
np	1517	1518	287
np	1518	1519	284
np	1519	1520	282
np	1520	1523	281
np	1523	1524	264
np	1524	1525	262
np	1525	1526	257
np	1526	1527	251
np	1527	1528	249
np	1528	1530	187
np	1530	1533	168
np	1533	1534	164
np	1534	1535	162
np	1535	1536	155
np	1536	1537	103
np	1537	1538	102
np	1538	1539	89
np	1539	1540	87
np	1540	1541	81
np	1541	1542	82
np	1542	1544	81
np	1544	1545	72
np	1545	1546	71
np	1546	1550	70
np	1550	1551	69
np	1551	1552	68
np	1552	1553	60
np	1553	1554	58
np	1554	1555	53
np	1555	1557	51
np	1557	1560	49
np	1560	1561	39
np	1561	1562	38
np	1562	1564	37
np	1564	1565	8
pb1	0	1	1723
pb1	1	2	1909
pb1	2	3	1918
pb1	3	4	1927
pb1	4	5	2040
pb1	5	6	2051
pb1	6	7	2058
pb1	7	8	2074
pb1	8	9	2106
pb1	9	10	2114
pb1	10	11	2151
pb1	11	12	2181
pb1	12	13	2197
pb1	13	14	2203
pb1	14	15	2230
pb1	15	16	2235
pb1	16	17	2357
pb1	17	18	2376
pb1	18	19	2431
pb1	19	20	2468
pb1	20	21	2492
pb1	21	22	2503
pb1	22	23	2574
pb1	23	24	2592
pb1	24	25	2603
pb1	25	26	2612
pb1	26	27	2624
pb1	27	28	2658
pb1	28	29	2727
pb1	29	30	2752
pb1	30	31	2755
pb1	31	32	2761
pb1	32	33	2829
pb1	33	34	2845
pb1	34	35	2854
pb1	35	36	2860
pb1	36	37	2867
pb1	37	38	2884
pb1	38	39	2925
pb1	39	40	2979
pb1	40	41	2997
pb1	41	42	3000
pb1	42	43	3034
pb1	43	44	3040
pb1	44	45	3056
pb1	45	46	3071
pb1	46	47	3072
pb1	47	48	3084
pb1	48	49	3102
pb1	49	50	3279
pb1	50	51	3314
pb1	51	52	3321
pb1	52	53	3326
pb1	53	54	3341
pb1	54	55	3351
pb1	55	56	3354
pb1	56	57	3360
pb1	57	58	3373
pb1	58	59	3356
pb1	59	60	3360
pb1	60	61	3363
pb1	61	62	3365
pb1	62	63	3369
pb1	63	64	3396
pb1	64	65	3404
pb1	65	66	3410
pb1	66	67	3408
pb1	67	68	3399
pb1	68	69	3418
pb1	69	70	3421
pb1	70	71	3478
pb1	71	72	3504
pb1	72	73	3559
pb1	73	74	3593
pb1	74	75	3618
pb1	75	76	3634
pb1	76	77	3644
pb1	77	78	3796
pb1	78	79	3802
pb1	79	80	3873
pb1	80	81	3861
pb1	81	82	3843
pb1	82	83	3913
pb1	83	84	3881
pb1	84	85	3883
pb1	85	86	3906
pb1	86	87	3853
pb1	87	88	3912
pb1	88	89	3865
pb1	89	90	4309
pb1	90	91	4311
pb1	91	92	4297
pb1	92	93	4308
pb1	93	94	4301
pb1	94	95	4432
pb1	95	96	4478
pb1	96	97	4442
pb1	97	98	4486
pb1	98	99	4191
pb1	99	100	4224
pb1	100	101	4231
pb1	101	102	4228
pb1	102	103	4224
pb1	103	104	4204
pb1	104	105	4168
pb1	105	106	4298
pb1	106	107	4300
pb1	107	108	4288
pb1	108	109	4457
pb1	109	110	4417
pb1	110	111	4435
pb1	111	112	4433
pb1	112	113	4417
pb1	113	114	4423
pb1	114	115	4284
pb1	115	116	4404
pb1	116	117	4436
pb1	117	118	4337
pb1	118	119	4345
pb1	119	120	4336
pb1	120	121	4353
pb1	121	122	4464
pb1	122	123	4457
pb1	123	124	4447
pb1	124	125	4408
pb1	125	126	4306
pb1	126	127	4338
pb1	127	128	4380
pb1	128	129	4414
pb1	129	130	4408
pb1	130	131	4457
pb1	131	132	4404
pb1	132	133	4618
pb1	133	134	4676
pb1	134	135	4713
pb1	135	136	4671
pb1	136	137	4627
pb1	137	138	4683
pb1	138	139	4699
pb1	139	140	4788
pb1	140	141	4548
pb1	141	142	4461
pb1	142	143	4334
pb1	143	144	4346
pb1	144	145	4359
pb1	145	146	4338
pb1	146	147	4335
pb1	147	148	4215
pb1	148	149	4275
pb1	149	150	4118
pb1	150	151	4048
pb1	151	152	4038
pb1	152	153	4120
pb1	153	154	4106
pb1	154	155	4144
pb1	155	156	4142
pb1	156	157	4115
pb1	157	158	4172
pb1	158	159	4047
pb1	159	160	4022
pb1	160	161	4019
pb1	161	162	3864
pb1	162	163	4059
pb1	163	164	4052
pb1	164	165	4188
pb1	165	166	4202
pb1	166	167	4127
pb1	167	168	4159
pb1	168	169	4164
pb1	169	170	4232
pb1	170	171	4237
pb1	171	172	4012
pb1	172	173	4016
pb1	173	174	3941
pb1	174	175	3993
pb1	175	176	4014
pb1	176	177	3984
pb1	177	178	3967
pb1	178	179	3850
pb1	179	180	3860
pb1	180	181	3878
pb1	181	182	3903
pb1	182	183	3897
pb1	183	184	3848
pb1	184	185	3838
pb1	185	186	3832
pb1	186	187	3827
pb1	187	188	3816
pb1	188	189	3810
pb1	189	190	3771
pb1	190	191	3789
pb1	191	192	3767
pb1	192	193	3766
pb1	193	194	3781
pb1	194	195	3768
pb1	195	196	3750
pb1	196	197	3727
pb1	197	198	3766
pb1	198	199	3735
pb1	199	200	3737
pb1	200	201	3670
pb1	201	202	3675
pb1	202	203	3628
pb1	203	204	3626
pb1	204	205	3577
pb1	205	206	3586
pb1	206	207	3520
pb1	207	208	3494
pb1	208	209	3506
pb1	209	210	3497
pb1	210	211	3490
pb1	211	212	3494
pb1	212	213	3424
pb1	213	214	3488
pb1	214	215	3464
pb1	215	216	3448
pb1	216	217	3458
pb1	217	218	3401
pb1	218	219	3416
pb1	219	220	3412
pb1	220	221	3366
pb1	221	222	3357
pb1	222	223	3120
pb1	223	224	3177
pb1	224	225	3185
pb1	225	226	3160
pb1	226	227	3165
pb1	227	228	3119
pb1	228	229	3139
pb1	229	230	3136
pb1	230	231	3118
pb1	231	232	3105
pb1	232	233	2989
pb1	233	234	2966
pb1	234	235	2954
pb1	235	236	2939
pb1	236	237	2964
pb1	237	238	2951
pb1	238	239	2959
pb1	239	240	2913
pb1	240	241	2969
pb1	241	242	2945
pb1	242	243	2983
pb1	243	244	3114
pb1	244	245	3038
pb1	245	246	2884
pb1	246	247	2888
pb1	247	248	2870
pb1	248	249	2874
pb1	249	250	2838
pb1	250	251	2782
pb1	251	252	2769
pb1	252	253	2630
pb1	253	254	2628
pb1	254	255	2627
pb1	255	256	2617
pb1	256	257	2584
pb1	257	258	2551
pb1	258	259	2554
pb1	259	260	2538
pb1	260	261	2516
pb1	261	262	2507
pb1	262	263	2514
pb1	263	264	2538
pb1	264	265	2541
pb1	265	266	2664
pb1	266	267	2657
pb1	267	268	2639
pb1	268	269	2673
pb1	269	270	2745
pb1	270	271	2777
pb1	271	272	2801
pb1	272	273	2796
pb1	273	274	2844
pb1	274	275	2697
pb1	275	276	2751
pb1	276	277	2748
pb1	277	278	2757
pb1	278	279	2624
pb1	279	280	2649
pb1	280	281	2579
pb1	281	282	2599
pb1	282	283	2539
pb1	283	284	2523
pb1	284	285	2472
pb1	285	286	2484
pb1	286	287	2468
pb1	287	288	2512
pb1	288	289	2499
pb1	289	290	2498
pb1	290	291	2508
pb1	291	292	2509
pb1	292	293	2505
pb1	293	294	2511
pb1	294	295	2508
pb1	295	296	2502
pb1	296	297	2457
pb1	297	298	2468
pb1	298	299	2469
pb1	299	300	2473
pb1	300	301	2472
pb1	301	302	2451
pb1	302	303	2427
pb1	303	304	2420
pb1	304	305	2666
pb1	305	306	2701
pb1	306	307	2690
pb1	307	308	2686
pb1	308	309	2658
pb1	309	310	2667
pb1	310	311	2653
pb1	311	312	2657
pb1	312	313	2693
pb1	313	314	2477
pb1	314	315	2541
pb1	315	316	2528
pb1	316	317	2636
pb1	317	318	2635
pb1	318	319	2687
pb1	319	320	2722
pb1	320	321	2757
pb1	321	322	2758
pb1	322	323	2755
pb1	323	324	2669
pb1	324	325	2687
pb1	325	326	2693
pb1	326	327	2699
pb1	327	328	2695
pb1	328	330	2666
pb1	330	331	2665
pb1	331	332	2699
pb1	332	333	2705
pb1	333	334	2722
pb1	334	335	2713
pb1	335	337	2715
pb1	337	338	2712
pb1	338	339	2778
pb1	339	340	2759
pb1	340	341	2762
pb1	341	342	2730
pb1	342	343	2747
pb1	343	344	2813
pb1	344	345	2821
pb1	345	346	2833
pb1	346	347	2827
pb1	347	348	2799
pb1	348	349	2791
pb1	349	350	2785
pb1	350	351	2774
pb1	351	352	2777
pb1	352	353	2758
pb1	353	354	2768
pb1	354	355	2766
pb1	355	356	2770
pb1	356	357	2769
pb1	357	358	2777
pb1	358	359	2778
pb1	359	360	2773
pb1	360	361	2780
pb1	361	362	2770
pb1	362	363	2805
pb1	363	364	2818
pb1	364	365	2797
pb1	365	366	2807
pb1	366	367	2823
pb1	367	368	2811
pb1	368	369	2874
pb1	369	370	2909
pb1	370	371	2976
pb1	371	372	2990
pb1	372	373	2973
pb1	373	374	2979
pb1	374	375	2982
pb1	375	376	3018
pb1	376	377	3031
pb1	377	378	2958
pb1	378	379	2964
pb1	379	380	2867
pb1	380	381	2910
pb1	381	382	2917
pb1	382	383	2903
pb1	383	384	2912
pb1	384	385	2873
pb1	385	386	2993
pb1	386	387	2978
pb1	387	388	2969
pb1	388	389	2959
pb1	389	390	2955
pb1	390	391	2960
pb1	391	392	2949
pb1	392	393	2932
pb1	393	394	2914
pb1	394	395	2821
pb1	395	396	2822
pb1	396	397	2830
pb1	397	398	2850
pb1	398	399	2842
pb1	399	400	2848
pb1	400	401	2845
pb1	401	403	2841
pb1	403	404	2833
pb1	404	405	2889
pb1	405	406	3008
pb1	406	407	3057
pb1	407	408	3056
pb1	408	409	3018
pb1	409	410	3036
pb1	410	411	3094
pb1	411	412	3117
pb1	412	413	3171
pb1	413	414	3098
pb1	414	415	2911
pb1	415	416	2878
pb1	416	417	2853
pb1	417	418	2857
pb1	418	419	2862
pb1	419	420	2773
pb1	420	421	2790
pb1	421	422	2750
pb1	422	423	2867
pb1	423	424	2911
pb1	424	425	2940
pb1	425	426	2934
pb1	426	427	2896
pb1	427	428	2898
pb1	428	429	2901
pb1	429	430	2870
pb1	430	431	2847
pb1	431	432	2856
pb1	432	433	2774
pb1	433	434	2750
pb1	434	435	2720
pb1	435	436	2724
pb1	436	437	2717
pb1	437	438	2712
pb1	438	439	2722
pb1	439	440	2729
pb1	440	441	2726
pb1	441	442	2739
pb1	442	443	2775
pb1	443	444	2770
pb1	444	445	2766
pb1	445	446	2761
pb1	446	447	2742
pb1	447	448	2792
pb1	448	449	2788
pb1	449	450	2781
pb1	450	451	2792
pb1	451	452	2769
pb1	452	454	2933
pb1	454	455	2877
pb1	455	456	2872
pb1	456	457	2839
pb1	457	458	3439
pb1	458	459	3479
pb1	459	460	3483
pb1	460	461	4028
pb1	461	462	3905
pb1	462	463	4009
pb1	463	464	4014
pb1	464	465	4006
pb1	465	466	4024
pb1	466	467	3678
pb1	467	468	3692
pb1	468	469	3704
pb1	469	470	3467
pb1	470	471	3557
pb1	471	472	3532
pb1	472	473	3536
pb1	473	474	3541
pb1	474	475	3532
pb1	475	476	3632
pb1	476	477	3624
pb1	477	478	3619
pb1	478	479	3620
pb1	479	480	3604
pb1	480	481	3594
pb1	481	482	3588
pb1	482	483	3618
pb1	483	484	3582
pb1	484	485	3812
pb1	485	486	3823
pb1	486	487	3863
pb1	487	488	3870
pb1	488	489	3878
pb1	489	490	3859
pb1	490	491	3865
pb1	491	492	3840
pb1	492	493	3878
pb1	493	494	3828
pb1	494	495	3831
pb1	495	496	3818
pb1	496	497	3828
pb1	497	498	3837
pb1	498	499	3893
pb1	499	500	3891
pb1	500	501	3904
pb1	501	502	3899
pb1	502	503	3868
pb1	503	504	3883
pb1	504	506	3890
pb1	506	507	3903
pb1	507	508	3858
pb1	508	509	4199
pb1	509	510	4219
pb1	510	511	4400
pb1	511	512	4403
pb1	512	513	4405
pb1	513	514	4424
pb1	514	515	4433
pb1	515	516	4417
pb1	516	517	4447
pb1	517	518	4209
pb1	518	519	4230
pb1	519	520	4128
pb1	520	521	4145
pb1	521	522	4277
pb1	522	523	4280
pb1	523	524	4286
pb1	524	525	4312
pb1	525	526	4301
pb1	526	527	4327
pb1	527	528	4379
pb1	528	529	4469
pb1	529	530	4465
pb1	530	531	4350
pb1	531	532	4521
pb1	532	533	4535
pb1	533	534	4634
pb1	534	535	4657
pb1	535	536	4652
pb1	536	537	4640
pb1	537	538	4635
pb1	538	539	4679
pb1	539	540	4710
pb1	540	541	4618
pb1	541	542	4676
pb1	542	543	4663
pb1	543	544	4694
pb1	544	545	4711
pb1	545	546	4842
pb1	546	547	4869
pb1	547	548	4861
pb1	548	549	4821
pb1	549	550	4764
pb1	550	551	4729
pb1	551	552	4707
pb1	552	553	4759
pb1	553	554	4795
pb1	554	555	4636
pb1	555	556	4644
pb1	556	557	4636
pb1	557	558	4627
pb1	558	559	4641
pb1	559	560	4635
pb1	560	561	4711
pb1	561	562	4704
pb1	562	563	4711
pb1	563	564	4714
pb1	564	565	4691
pb1	565	566	4735
pb1	566	567	4750
pb1	567	568	4717
pb1	568	569	4722
pb1	569	570	4658
pb1	570	571	4667
pb1	571	572	4727
pb1	572	573	4704
pb1	573	574	4764
pb1	574	575	4695
pb1	575	576	4748
pb1	576	577	4779
pb1	577	578	4869
pb1	578	579	4917
pb1	579	580	4924
pb1	580	581	4880
pb1	581	582	4948
pb1	582	583	4929
pb1	583	584	4993
pb1	584	585	5006
pb1	585	586	5019
pb1	586	587	5040
pb1	587	589	5090
pb1	589	590	5133
pb1	590	591	5122
pb1	591	592	5102
pb1	592	593	5253
pb1	593	594	5185
pb1	594	595	5332
pb1	595	596	5285
pb1	596	597	5243
pb1	597	598	5248
pb1	598	599	5232
pb1	599	600	5297
pb1	600	601	5290
pb1	601	602	5143
pb1	602	603	5155
pb1	603	604	5022
pb1	604	605	5024
pb1	605	606	5022
pb1	606	607	4998
pb1	607	608	4945
pb1	608	609	4754
pb1	609	610	4751
pb1	610	611	4671
pb1	611	612	4602
pb1	612	613	4590
pb1	613	614	4583
pb1	614	615	4634
pb1	615	616	4639
pb1	616	617	4631
pb1	617	618	4606
pb1	618	619	4610
pb1	619	620	4628
pb1	620	621	4631
pb1	621	622	4635
pb1	622	623	4629
pb1	623	624	4603
pb1	624	625	4581
pb1	625	627	4705
pb1	627	628	4720
pb1	628	629	4699
pb1	629	630	4746
pb1	630	631	4717
pb1	631	632	4865
pb1	632	634	4862
pb1	634	635	4842
pb1	635	636	4697
pb1	636	638	4705
pb1	638	639	4664
pb1	639	640	4686
pb1	640	641	4503
pb1	641	642	4487
pb1	642	643	4457
pb1	643	644	4359
pb1	644	645	4366
pb1	645	646	4353
pb1	646	647	4338
pb1	647	648	4345
pb1	648	649	4314
pb1	649	650	4334
pb1	650	651	4325
pb1	651	652	4332
pb1	652	653	4257
pb1	653	654	4234
pb1	654	655	4196
pb1	655	656	4253
pb1	656	657	4215
pb1	657	658	4200
pb1	658	659	4100
pb1	659	660	4178
pb1	660	661	4185
pb1	661	662	4144
pb1	662	663	4184
pb1	663	664	4141
pb1	664	665	4024
pb1	665	666	4027
pb1	666	667	3984
pb1	667	668	3980
pb1	668	669	3942
pb1	669	670	3877
pb1	670	671	3871
pb1	671	672	3831
pb1	672	673	3824
pb1	673	674	3970
pb1	674	675	4088
pb1	675	676	4067
pb1	676	677	4096
pb1	677	678	4054
pb1	678	679	4051
pb1	679	680	4066
pb1	680	681	4041
pb1	681	682	3991
pb1	682	683	3940
pb1	683	684	3594
pb1	684	685	3611
pb1	685	686	3649
pb1	686	687	3601
pb1	687	688	3616
pb1	688	689	3566
pb1	689	690	3588
pb1	690	691	3620
pb1	691	692	3675
pb1	692	693	3623
pb1	693	694	3636
pb1	694	695	3520
pb1	695	696	3728
pb1	696	697	3668
pb1	697	698	3680
pb1	698	699	3670
pb1	699	700	3573
pb1	700	701	3569
pb1	701	702	3421
pb1	702	703	3411
pb1	703	704	3417
pb1	704	705	3177
pb1	705	706	3169
pb1	706	707	3155
pb1	707	708	3158
pb1	708	709	3169
pb1	709	710	3142
pb1	710	711	3143
pb1	711	712	3135
pb1	712	713	3092
pb1	713	715	3014
pb1	715	716	3001
pb1	716	717	2994
pb1	717	718	3014
pb1	718	720	3011
pb1	720	721	2988
pb1	721	722	2965
pb1	722	723	2930
pb1	723	724	2947
pb1	724	725	2959
pb1	725	726	2961
pb1	726	727	2977
pb1	727	728	2979
pb1	728	729	3004
pb1	729	730	3024
pb1	730	731	3019
pb1	731	732	3028
pb1	732	733	2989
pb1	733	735	2988
pb1	735	736	2929
pb1	736	737	2920
pb1	737	738	2856
pb1	738	739	2837
pb1	739	740	2830
pb1	740	741	2825
pb1	741	742	2824
pb1	742	743	2811
pb1	743	744	2807
pb1	744	745	2817
pb1	745	746	2879
pb1	746	747	2890
pb1	747	748	2893
pb1	748	749	2902
pb1	749	750	2850
pb1	750	751	2843
pb1	751	752	2868
pb1	752	753	2852
pb1	753	754	2862
pb1	754	755	2745
pb1	755	756	2739
pb1	756	757	2770
pb1	757	758	2787
pb1	758	759	2786
pb1	759	760	2781
pb1	760	761	2720
pb1	761	762	2736
pb1	762	763	2735
pb1	763	764	2719
pb1	764	765	2886
pb1	765	766	2859
pb1	766	767	2876
pb1	767	768	2871
pb1	768	769	2800
pb1	769	770	2823
pb1	770	771	2813
pb1	771	772	2844
pb1	772	773	2843
pb1	773	774	2677
pb1	774	775	2894
pb1	775	776	2899
pb1	776	777	2925
pb1	777	778	2956
pb1	778	779	2951
pb1	779	780	2958
pb1	780	781	2922
pb1	781	782	2888
pb1	782	783	2866
pb1	783	784	2644
pb1	784	785	2657
pb1	785	786	2626
pb1	786	787	2658
pb1	787	789	2672
pb1	789	790	2676
pb1	790	791	2665
pb1	791	792	2652
pb1	792	793	2651
pb1	793	794	2688
pb1	794	795	2692
pb1	795	796	2697
pb1	796	797	2620
pb1	797	798	2722
pb1	798	800	2727
pb1	800	801	2734
pb1	801	802	2732
pb1	802	803	2710
pb1	803	804	2760
pb1	804	805	2745
pb1	805	806	2746
pb1	806	808	2672
pb1	808	809	2676
pb1	809	810	2670
pb1	810	811	2667
pb1	811	812	2735
pb1	812	813	2690
pb1	813	814	2699
pb1	814	815	2698
pb1	815	816	2682
pb1	816	817	2689
pb1	817	818	2711
pb1	818	819	2710
pb1	819	820	2712
pb1	820	821	2692
pb1	821	822	2664
pb1	822	823	2666
pb1	823	824	2656
pb1	824	825	2650
pb1	825	826	2653
pb1	826	827	2727
pb1	827	828	2772
pb1	828	829	2774
pb1	829	830	2778
pb1	830	831	2767
pb1	831	832	2791
pb1	832	833	2797
pb1	833	834	2792
pb1	834	835	2785
pb1	835	836	2686
pb1	836	837	2739
pb1	837	838	2720
pb1	838	839	2780
pb1	839	840	2781
pb1	840	841	2796
pb1	841	842	2773
pb1	842	843	2765
pb1	843	844	2768
pb1	844	845	2804
pb1	845	846	2727
pb1	846	847	2729
pb1	847	848	2767
pb1	848	849	2893
pb1	849	850	2922
pb1	850	851	2930
pb1	851	852	2938
pb1	852	853	2948
pb1	853	854	2923
pb1	854	855	2947
pb1	855	856	2968
pb1	856	857	2949
pb1	857	858	2928
pb1	858	859	2863
pb1	859	860	2880
pb1	860	861	2934
pb1	861	862	2936
pb1	862	863	2946
pb1	863	864	2934
pb1	864	865	2966
pb1	865	866	2987
pb1	866	867	2993
pb1	867	868	2988
pb1	868	869	2969
pb1	869	870	2992
pb1	870	871	3006
pb1	871	872	3016
pb1	872	873	3006
pb1	873	874	3000
pb1	874	875	2993
pb1	875	876	3002
pb1	876	877	3012
pb1	877	878	3037
pb1	878	879	3028
pb1	879	880	3042
pb1	880	881	3039
pb1	881	882	3052
pb1	882	883	3055
pb1	883	884	3075
pb1	884	885	3073
pb1	885	886	3057
pb1	886	887	3061
pb1	887	888	3097
pb1	888	889	3135
pb1	889	890	3153
pb1	890	891	3157
pb1	891	892	3161
pb1	892	893	3127
pb1	893	894	3184
pb1	894	895	3179
pb1	895	896	3196
pb1	896	897	3170
pb1	897	898	3162
pb1	898	899	3200
pb1	899	900	3242
pb1	900	901	3255
pb1	901	902	3359
pb1	902	903	3360
pb1	903	904	3500
pb1	904	905	3513
pb1	905	906	3576
pb1	906	907	3615
pb1	907	908	4185
pb1	908	909	4168
pb1	909	910	4178
pb1	910	911	4165
pb1	911	912	4073
pb1	912	913	4123
pb1	913	914	4025
pb1	914	915	4013
pb1	915	916	3959
pb1	916	917	3744
pb1	917	918	3906
pb1	918	919	3893
pb1	919	920	4006
pb1	920	921	4005
pb1	921	923	3975
pb1	923	924	4000
pb1	924	925	3942
pb1	925	926	4045
pb1	926	927	3954
pb1	927	928	3977
pb1	928	929	4000
pb1	929	930	4001
pb1	930	931	4078
pb1	931	932	4114
pb1	932	933	4103
pb1	933	934	4133
pb1	934	935	4148
pb1	935	936	4308
pb1	936	937	4333
pb1	937	938	4284
pb1	938	939	4281
pb1	939	940	4246
pb1	940	941	4270
pb1	941	942	4350
pb1	942	943	4353
pb1	943	944	4384
pb1	944	945	4285
pb1	945	946	4291
pb1	946	947	4324
pb1	947	949	4340
pb1	949	950	4318
pb1	950	951	4327
pb1	951	952	4286
pb1	952	953	4277
pb1	953	954	4265
pb1	954	955	4261
pb1	955	956	4235
pb1	956	957	4262
pb1	957	958	4277
pb1	958	959	4287
pb1	959	960	4261
pb1	960	961	4267
pb1	961	962	4265
pb1	962	963	4249
pb1	963	964	4258
pb1	964	965	4272
pb1	965	966	4239
pb1	966	967	4240
pb1	967	968	4204
pb1	968	969	4193
pb1	969	970	4200
pb1	970	971	4195
pb1	971	972	4207
pb1	972	973	4205
pb1	973	974	4181
pb1	974	975	4217
pb1	975	976	4210
pb1	976	977	4220
pb1	977	978	4201
pb1	978	980	4186
pb1	980	981	4220
pb1	981	982	4222
pb1	982	983	4226
pb1	983	984	4180
pb1	984	985	4184
pb1	985	986	4303
pb1	986	987	4469
pb1	987	988	4568
pb1	988	989	4564
pb1	989	990	4535
pb1	990	991	4583
pb1	991	992	4620
pb1	992	993	4676
pb1	993	994	4656
pb1	994	995	4453
pb1	995	996	4611
pb1	996	997	4279
pb1	997	998	4276
pb1	998	999	4251
pb1	999	1000	4277
pb1	1000	1001	4278
pb1	1001	1002	4194
pb1	1002	1003	4192
pb1	1003	1004	4185
pb1	1004	1005	4006
pb1	1005	1006	3997
pb1	1006	1007	3946
pb1	1007	1008	3962
pb1	1008	1009	3928
pb1	1009	1010	3877
pb1	1010	1011	3849
pb1	1011	1012	3901
pb1	1012	1013	3894
pb1	1013	1014	3819
pb1	1014	1015	3842
pb1	1015	1017	3836
pb1	1017	1018	3832
pb1	1018	1019	3795
pb1	1019	1020	4037
pb1	1020	1021	3995
pb1	1021	1022	4016
pb1	1022	1023	4011
pb1	1023	1024	3963
pb1	1024	1025	4019
pb1	1025	1026	4017
pb1	1026	1027	3990
pb1	1027	1028	3943
pb1	1028	1029	3596
pb1	1029	1030	3771
pb1	1030	1031	3769
pb1	1031	1032	3846
pb1	1032	1033	3843
pb1	1033	1034	3795
pb1	1034	1035	3817
pb1	1035	1036	3810
pb1	1036	1037	3920
pb1	1037	1038	3899
pb1	1038	1039	3651
pb1	1039	1040	3648
pb1	1040	1041	3583
pb1	1041	1042	3616
pb1	1042	1043	3704
pb1	1043	1044	3707
pb1	1044	1045	3845
pb1	1045	1046	3948
pb1	1046	1047	3937
pb1	1047	1048	3996
pb1	1048	1049	3985
pb1	1049	1050	3957
pb1	1050	1051	3946
pb1	1051	1052	3748
pb1	1052	1053	3727
pb1	1053	1054	3473
pb1	1054	1055	3330
pb1	1055	1056	3323
pb1	1056	1057	3286
pb1	1057	1058	3261
pb1	1058	1059	3279
pb1	1059	1060	3283
pb1	1060	1061	3288
pb1	1061	1062	3295
pb1	1062	1063	3277
pb1	1063	1064	3291
pb1	1064	1065	3305
pb1	1065	1066	3404
pb1	1066	1067	3429
pb1	1067	1068	3423
pb1	1068	1069	3435
pb1	1069	1070	3418
pb1	1070	1071	3417
pb1	1071	1072	3424
pb1	1072	1073	3443
pb1	1073	1074	3519
pb1	1074	1075	3503
pb1	1075	1076	3525
pb1	1076	1077	3586
pb1	1077	1078	3621
pb1	1078	1079	3635
pb1	1079	1080	3616
pb1	1080	1081	3601
pb1	1081	1082	3582
pb1	1082	1083	3478
pb1	1083	1084	3579
pb1	1084	1085	3601
pb1	1085	1086	3647
pb1	1086	1087	3590
pb1	1087	1089	3611
pb1	1089	1090	3622
pb1	1090	1091	3636
pb1	1091	1092	3703
pb1	1092	1093	3621
pb1	1093	1094	3628
pb1	1094	1095	3592
pb1	1095	1096	3608
pb1	1096	1097	3603
pb1	1097	1098	3632
pb1	1098	1099	3626
pb1	1099	1100	3631
pb1	1100	1101	3559
pb1	1101	1102	3522
pb1	1102	1103	3515
pb1	1103	1105	3541
pb1	1105	1106	3556
pb1	1106	1107	3491
pb1	1107	1108	3479
pb1	1108	1109	3470
pb1	1109	1110	3468
pb1	1110	1111	3499
pb1	1111	1112	3495
pb1	1112	1113	3533
pb1	1113	1114	3463
pb1	1114	1115	3456
pb1	1115	1116	3450
pb1	1116	1117	3475
pb1	1117	1118	3478
pb1	1118	1119	3485
pb1	1119	1120	3451
pb1	1120	1121	3571
pb1	1121	1122	3521
pb1	1122	1123	3564
pb1	1123	1124	3554
pb1	1124	1125	3555
pb1	1125	1126	3541
pb1	1126	1127	3549
pb1	1127	1128	3520
pb1	1128	1129	3527
pb1	1129	1130	3364
pb1	1130	1131	3197
pb1	1131	1132	3212
pb1	1132	1133	3218
pb1	1133	1134	3227
pb1	1134	1135	3274
pb1	1135	1136	3287
pb1	1136	1137	3248
pb1	1137	1138	3220
pb1	1138	1139	3211
pb1	1139	1140	3227
pb1	1140	1141	3176
pb1	1141	1142	3159
pb1	1142	1143	3183
pb1	1143	1144	3171
pb1	1144	1145	3180
pb1	1145	1146	3167
pb1	1146	1147	3157
pb1	1147	1148	3127
pb1	1148	1149	3165
pb1	1149	1150	3152
pb1	1150	1151	3141
pb1	1151	1152	3097
pb1	1152	1153	3180
pb1	1153	1154	3219
pb1	1154	1155	3301
pb1	1155	1156	3295
pb1	1156	1157	3281
pb1	1157	1158	3201
pb1	1158	1159	3248
pb1	1159	1160	3241
pb1	1160	1161	3251
pb1	1161	1162	3213
pb1	1162	1163	3066
pb1	1163	1164	3086
pb1	1164	1165	2990
pb1	1165	1166	3013
pb1	1166	1167	3038
pb1	1167	1168	2979
pb1	1168	1169	2975
pb1	1169	1170	2962
pb1	1170	1171	2931
pb1	1171	1172	2870
pb1	1172	1173	2863
pb1	1173	1174	2864
pb1	1174	1175	2872
pb1	1175	1176	2847
pb1	1176	1177	2863
pb1	1177	1179	2886
pb1	1179	1180	2867
pb1	1180	1181	2852
pb1	1181	1182	2839
pb1	1182	1183	2821
pb1	1183	1184	2804
pb1	1184	1185	2802
pb1	1185	1186	2786
pb1	1186	1187	2767
pb1	1187	1188	2750
pb1	1188	1189	2742
pb1	1189	1190	2748
pb1	1190	1191	2736
pb1	1191	1192	2739
pb1	1192	1193	2730
pb1	1193	1194	2702
pb1	1194	1195	2682
pb1	1195	1196	2738
pb1	1196	1197	2816
pb1	1197	1198	2819
pb1	1198	1200	2812
pb1	1200	1201	2824
pb1	1201	1202	2918
pb1	1202	1203	2960
pb1	1203	1204	2975
pb1	1204	1205	2973
pb1	1205	1206	2975
pb1	1206	1207	3944
pb1	1207	1208	4058
pb1	1208	1209	4266
pb1	1209	1210	4370
pb1	1210	1211	4336
pb1	1211	1212	4381
pb1	1212	1213	4436
pb1	1213	1214	4444
pb1	1214	1215	4539
pb1	1215	1216	4489
pb1	1216	1217	4129
pb1	1217	1218	4114
pb1	1218	1219	4101
pb1	1219	1220	4161
pb1	1220	1221	4164
pb1	1221	1222	4148
pb1	1222	1223	4149
pb1	1223	1224	4100
pb1	1224	1225	4418
pb1	1225	1226	4429
pb1	1226	1227	4449
pb1	1227	1228	4463
pb1	1228	1229	4482
pb1	1229	1230	4541
pb1	1230	1231	4558
pb1	1231	1232	4569
pb1	1232	1233	4579
pb1	1233	1234	4453
pb1	1234	1235	4643
pb1	1235	1236	4656
pb1	1236	1237	4663
pb1	1237	1238	4661
pb1	1238	1239	4658
pb1	1239	1240	4707
pb1	1240	1241	4731
pb1	1241	1242	4725
pb1	1242	1243	4721
pb1	1243	1244	4644
pb1	1244	1245	4729
pb1	1245	1246	4798
pb1	1246	1247	4864
pb1	1247	1248	4882
pb1	1248	1249	4869
pb1	1249	1250	4840
pb1	1250	1251	4891
pb1	1251	1252	5156
pb1	1252	1253	5179
pb1	1253	1254	5172
pb1	1254	1255	5171
pb1	1255	1256	5242
pb1	1256	1257	6198
pb1	1257	1258	6342
pb1	1258	1259	7093
pb1	1259	1260	7512
pb1	1260	1261	7553
pb1	1261	1262	7627
pb1	1262	1263	7640
pb1	1263	1264	7981
pb1	1264	1265	7961
pb1	1265	1266	8129
pb1	1266	1267	8179
pb1	1267	1268	8050
pb1	1268	1269	8151
pb1	1269	1270	8126
pb1	1270	1271	8345
pb1	1271	1272	8372
pb1	1272	1273	8325
pb1	1273	1274	8695
pb1	1274	1275	8659
pb1	1275	1276	11382
pb1	1276	1277	11640
pb1	1277	1278	11714
pb1	1278	1279	11764
pb1	1279	1280	11721
pb1	1280	1281	11783
pb1	1281	1282	11812
pb1	1282	1283	11907
pb1	1283	1284	11600
pb1	1284	1285	11342
pb1	1285	1286	11082
pb1	1286	1287	11112
pb1	1287	1288	11217
pb1	1288	1289	11244
pb1	1289	1290	11267
pb1	1290	1291	11484
pb1	1291	1292	11562
pb1	1292	1293	11827
pb1	1293	1294	11834
pb1	1294	1295	11831
pb1	1295	1296	11902
pb1	1296	1297	11979
pb1	1297	1298	12150
pb1	1298	1299	12187
pb1	1299	1300	12144
pb1	1300	1301	12107
pb1	1301	1302	12076
pb1	1302	1303	12139
pb1	1303	1304	12329
pb1	1304	1305	12367
pb1	1305	1306	12413
pb1	1306	1307	12396
pb1	1307	1308	12440
pb1	1308	1309	12504
pb1	1309	1310	12521
pb1	1310	1311	12672
pb1	1311	1312	12721
pb1	1312	1313	12687
pb1	1313	1314	12735
pb1	1314	1315	12762
pb1	1315	1316	12798
pb1	1316	1317	12967
pb1	1317	1318	12947
pb1	1318	1319	13020
pb1	1319	1320	12945
pb1	1320	1321	12939
pb1	1321	1322	12982
pb1	1322	1323	12930
pb1	1323	1324	13472
pb1	1324	1325	13651
pb1	1325	1326	13517
pb1	1326	1327	13491
pb1	1327	1328	13507
pb1	1328	1329	13633
pb1	1329	1330	13737
pb1	1330	1331	13767
pb1	1331	1332	13947
pb1	1332	1333	13388
pb1	1333	1334	13417
pb1	1334	1335	13456
pb1	1335	1336	13348
pb1	1336	1337	13394
pb1	1337	1338	13363
pb1	1338	1339	13381
pb1	1339	1340	13435
pb1	1340	1341	13153
pb1	1341	1342	13146
pb1	1342	1343	13188
pb1	1343	1344	13142
pb1	1344	1345	13376
pb1	1345	1346	13357
pb1	1346	1347	13475
pb1	1347	1348	13413
pb1	1348	1349	13392
pb1	1349	1350	13395
pb1	1350	1351	13344
pb1	1351	1352	13410
pb1	1352	1353	13320
pb1	1353	1354	13070
pb1	1354	1355	12988
pb1	1355	1356	12865
pb1	1356	1357	12880
pb1	1357	1358	12868
pb1	1358	1359	12829
pb1	1359	1360	12843
pb1	1360	1361	12674
pb1	1361	1362	12649
pb1	1362	1363	12578
pb1	1363	1364	12559
pb1	1364	1365	12535
pb1	1365	1366	12482
pb1	1366	1367	12523
pb1	1367	1368	12531
pb1	1368	1369	12666
pb1	1369	1370	12617
pb1	1370	1371	13004
pb1	1371	1372	13053
pb1	1372	1373	13201
pb1	1373	1374	13173
pb1	1374	1375	13501
pb1	1375	1376	13391
pb1	1376	1377	13334
pb1	1377	1378	12970
pb1	1378	1379	12900
pb1	1379	1380	12341
pb1	1380	1381	12271
pb1	1381	1382	12086
pb1	1382	1383	11915
pb1	1383	1384	11933
pb1	1384	1385	11313
pb1	1385	1386	11317
pb1	1386	1387	11323
pb1	1387	1388	11306
pb1	1388	1389	11352
pb1	1389	1390	11273
pb1	1390	1391	11213
pb1	1391	1392	11135
pb1	1392	1393	11109
pb1	1393	1394	11090
pb1	1394	1395	11064
pb1	1395	1396	10975
pb1	1396	1397	10993
pb1	1397	1398	10876
pb1	1398	1399	10916
pb1	1399	1400	10930
pb1	1400	1401	10905
pb1	1401	1402	10855
pb1	1402	1403	11020
pb1	1403	1404	10943
pb1	1404	1405	10859
pb1	1405	1406	10734
pb1	1406	1407	10548
pb1	1407	1408	10417
pb1	1408	1409	10391
pb1	1409	1410	10168
pb1	1410	1411	10230
pb1	1411	1412	10034
pb1	1412	1413	10108
pb1	1413	1414	10156
pb1	1414	1415	10094
pb1	1415	1416	10064
pb1	1416	1417	9660
pb1	1417	1418	9784
pb1	1418	1419	10438
pb1	1419	1420	10286
pb1	1420	1421	10239
pb1	1421	1422	10653
pb1	1422	1423	10509
pb1	1423	1424	10457
pb1	1424	1425	10412
pb1	1425	1426	10098
pb1	1426	1427	9799
pb1	1427	1428	8484
pb1	1428	1429	8423
pb1	1429	1430	8502
pb1	1430	1431	7840
pb1	1431	1432	7667
pb1	1432	1433	7662
pb1	1433	1434	7678
pb1	1434	1435	7679
pb1	1435	1436	7661
pb1	1436	1437	7610
pb1	1437	1438	7625
pb1	1438	1439	7387
pb1	1439	1440	7405
pb1	1440	1441	7410
pb1	1441	1442	7378
pb1	1442	1443	7385
pb1	1443	1444	7391
pb1	1444	1445	7568
pb1	1445	1446	7599
pb1	1446	1447	7618
pb1	1447	1448	7613
pb1	1448	1449	7540
pb1	1449	1450	7496
pb1	1450	1451	7538
pb1	1451	1452	7535
pb1	1452	1453	7514
pb1	1453	1454	6878
pb1	1454	1455	6849
pb1	1455	1456	6801
pb1	1456	1457	6826
pb1	1457	1458	6738
pb1	1458	1459	6665
pb1	1459	1460	6667
pb1	1460	1461	6671
pb1	1461	1462	6662
pb1	1462	1463	6633
pb1	1463	1464	6620
pb1	1464	1465	6551
pb1	1465	1466	6476
pb1	1466	1467	6611
pb1	1467	1468	6662
pb1	1468	1469	6656
pb1	1469	1470	6636
pb1	1470	1471	6710
pb1	1471	1472	6861
pb1	1472	1473	6844
pb1	1473	1474	6836
pb1	1474	1475	6766
pb1	1475	1476	6212
pb1	1476	1477	6207
pb1	1477	1478	6155
pb1	1478	1479	6164
pb1	1479	1480	5988
pb1	1480	1481	5751
pb1	1481	1482	5792
pb1	1482	1483	5816
pb1	1483	1484	5835
pb1	1484	1485	5790
pb1	1485	1486	5721
pb1	1486	1487	5777
pb1	1487	1488	5774
pb1	1488	1489	5814
pb1	1489	1490	5730
pb1	1490	1491	5494
pb1	1491	1492	5538
pb1	1492	1493	5505
pb1	1493	1494	5493
pb1	1494	1495	5450
pb1	1495	1496	5033
pb1	1496	1497	5040
pb1	1497	1498	4939
pb1	1498	1499	4836
pb1	1499	1500	4842
pb1	1500	1501	4803
pb1	1501	1502	4790
pb1	1502	1503	4793
pb1	1503	1504	4851
pb1	1504	1505	4863
pb1	1505	1506	4884
pb1	1506	1507	4874
pb1	1507	1508	4875
pb1	1508	1509	4872
pb1	1509	1510	4947
pb1	1510	1511	4966
pb1	1511	1512	4995
pb1	1512	1513	4904
pb1	1513	1514	4885
pb1	1514	1515	4872
pb1	1515	1516	4865
pb1	1516	1517	4884
pb1	1517	1518	4946
pb1	1518	1519	4884
pb1	1519	1520	4904
pb1	1520	1522	4900
pb1	1522	1523	4963
pb1	1523	1524	4942
pb1	1524	1525	4882
pb1	1525	1526	4759
pb1	1526	1527	4619
pb1	1527	1528	4641
pb1	1528	1529	4609
pb1	1529	1530	4615
pb1	1530	1531	4639
pb1	1531	1532	4591
pb1	1532	1533	4582
pb1	1533	1534	4583
pb1	1534	1535	4580
pb1	1535	1536	4877
pb1	1536	1537	4874
pb1	1537	1538	4933
pb1	1538	1539	4939
pb1	1539	1540	4897
pb1	1540	1541	5115
pb1	1541	1542	5124
pb1	1542	1543	5102
pb1	1543	1544	5089
pb1	1544	1545	4586
pb1	1545	1546	4648
pb1	1546	1547	4543
pb1	1547	1548	4523
pb1	1548	1549	4533
pb1	1549	1550	4309
pb1	1550	1551	4363
pb1	1551	1552	4408
pb1	1552	1553	4414
pb1	1553	1554	4412
pb1	1554	1555	4351
pb1	1555	1556	4543
pb1	1556	1557	4532
pb1	1557	1558	4522
pb1	1558	1559	4528
pb1	1559	1560	4477
pb1	1560	1561	4475
pb1	1561	1562	4486
pb1	1562	1563	4478
pb1	1563	1564	4474
pb1	1564	1565	4314
pb1	1565	1566	4352
pb1	1566	1567	4375
pb1	1567	1569	4276
pb1	1569	1570	4290
pb1	1570	1571	4280
pb1	1571	1572	4275
pb1	1572	1573	4210
pb1	1573	1574	4208
pb1	1574	1575	4289
pb1	1575	1576	4270
pb1	1576	1577	4292
pb1	1577	1578	4298
pb1	1578	1579	4291
pb1	1579	1580	4288
pb1	1580	1581	4254
pb1	1581	1582	4253
pb1	1582	1583	4278
pb1	1583	1584	4195
pb1	1584	1585	4236
pb1	1585	1586	4224
pb1	1586	1587	4212
pb1	1587	1588	4300
pb1	1588	1589	4305
pb1	1589	1591	4333
pb1	1591	1592	4292
pb1	1592	1593	4333
pb1	1593	1594	4287
pb1	1594	1595	4324
pb1	1595	1596	4304
pb1	1596	1597	4220
pb1	1597	1598	4209
pb1	1598	1599	4182
pb1	1599	1600	4201
pb1	1600	1601	4260
pb1	1601	1602	4220
pb1	1602	1603	4212
pb1	1603	1604	4190
pb1	1604	1605	4191
pb1	1605	1606	4185
pb1	1606	1607	4272
pb1	1607	1608	4268
pb1	1608	1609	4503
pb1	1609	1610	4404
pb1	1610	1611	4559
pb1	1611	1612	4637
pb1	1612	1613	4618
pb1	1613	1615	4599
pb1	1615	1616	4432
pb1	1616	1617	4486
pb1	1617	1618	4162
pb1	1618	1619	4160
pb1	1619	1620	4189
pb1	1620	1621	3959
pb1	1621	1622	4038
pb1	1622	1623	4087
pb1	1623	1624	4203
pb1	1624	1625	4228
pb1	1625	1626	4200
pb1	1626	1627	4212
pb1	1627	1628	4201
pb1	1628	1629	4169
pb1	1629	1630	4225
pb1	1630	1631	4223
pb1	1631	1632	4251
pb1	1632	1633	4115
pb1	1633	1634	4135
pb1	1634	1635	4065
pb1	1635	1636	4069
pb1	1636	1637	4129
pb1	1637	1638	4181
pb1	1638	1639	4129
pb1	1639	1640	4052
pb1	1640	1641	4010
pb1	1641	1642	4022
pb1	1642	1643	4039
pb1	1643	1644	4073
pb1	1644	1645	4069
pb1	1645	1646	3997
pb1	1646	1647	3933
pb1	1647	1648	3962
pb1	1648	1649	3993
pb1	1649	1650	3990
pb1	1650	1651	3980
pb1	1651	1652	3967
pb1	1652	1653	3905
pb1	1653	1654	3968
pb1	1654	1656	3978
pb1	1656	1657	4005
pb1	1657	1658	3996
pb1	1658	1659	4002
pb1	1659	1660	4003
pb1	1660	1661	3974
pb1	1661	1662	3961
pb1	1662	1663	3929
pb1	1663	1664	3995
pb1	1664	1665	3993
pb1	1665	1666	4042
pb1	1666	1667	4065
pb1	1667	1668	4059
pb1	1668	1669	4098
pb1	1669	1670	4085
pb1	1670	1671	4125
pb1	1671	1672	4159
pb1	1672	1673	3990
pb1	1673	1674	4122
pb1	1674	1675	4061
pb1	1675	1676	4073
pb1	1676	1677	4122
pb1	1677	1678	4067
pb1	1678	1679	4069
pb1	1679	1680	4066
pb1	1680	1681	4049
pb1	1681	1682	4053
pb1	1682	1683	4008
pb1	1683	1684	4185
pb1	1684	1685	4191
pb1	1685	1686	4158
pb1	1686	1687	4114
pb1	1687	1688	4117
pb1	1688	1689	4323
pb1	1689	1690	4300
pb1	1690	1691	4356
pb1	1691	1692	4456
pb1	1692	1693	4403
pb1	1693	1694	4445
pb1	1694	1695	4478
pb1	1695	1696	4443
pb1	1696	1697	4466
pb1	1697	1698	4285
pb1	1698	1699	4353
pb1	1699	1700	4327
pb1	1700	1701	4341
pb1	1701	1702	4117
pb1	1702	1703	4114
pb1	1703	1704	4178
pb1	1704	1705	4186
pb1	1705	1706	4164
pb1	1706	1707	4237
pb1	1707	1708	4215
pb1	1708	1709	4225
pb1	1709	1710	4234
pb1	1710	1711	4229
pb1	1711	1712	4287
pb1	1712	1713	4233
pb1	1713	1714	4296
pb1	1714	1715	4306
pb1	1715	1716	4150
pb1	1716	1717	4157
pb1	1717	1718	4134
pb1	1718	1719	4146
pb1	1719	1720	4128
pb1	1720	1721	4123
pb1	1721	1722	4092
pb1	1722	1723	4094
pb1	1723	1724	4034
pb1	1724	1725	4083
pb1	1725	1726	4116
pb1	1726	1727	4111
pb1	1727	1728	4118
pb1	1728	1729	4155
pb1	1729	1730	4116
pb1	1730	1731	4135
pb1	1731	1732	4137
pb1	1732	1733	4175
pb1	1733	1734	4155
pb1	1734	1736	4121
pb1	1736	1737	4168
pb1	1737	1738	4138
pb1	1738	1739	4171
pb1	1739	1740	4172
pb1	1740	1741	4183
pb1	1741	1742	4191
pb1	1742	1743	4173
pb1	1743	1744	4170
pb1	1744	1745	4182
pb1	1745	1746	4147
pb1	1746	1747	4152
pb1	1747	1748	4114
pb1	1748	1749	4118
pb1	1749	1750	4131
pb1	1750	1751	4103
pb1	1751	1752	4221
pb1	1752	1753	4231
pb1	1753	1754	4229
pb1	1754	1755	4233
pb1	1755	1756	4220
pb1	1756	1757	4196
pb1	1757	1758	4194
pb1	1758	1759	4158
pb1	1759	1760	4127
pb1	1760	1761	4108
pb1	1761	1762	4096
pb1	1762	1763	4102
pb1	1763	1764	4108
pb1	1764	1765	4192
pb1	1765	1766	4170
pb1	1766	1767	4129
pb1	1767	1768	4112
pb1	1768	1769	4018
pb1	1769	1770	4043
pb1	1770	1772	3934
pb1	1772	1773	3904
pb1	1773	1774	3743
pb1	1774	1775	3828
pb1	1775	1776	3837
pb1	1776	1777	3832
pb1	1777	1778	3837
pb1	1778	1779	3786
pb1	1779	1780	3798
pb1	1780	1781	3828
pb1	1781	1782	3851
pb1	1782	1783	3853
pb1	1783	1784	3804
pb1	1784	1785	3697
pb1	1785	1786	3739
pb1	1786	1787	3759
pb1	1787	1788	3743
pb1	1788	1789	3781
pb1	1789	1790	3694
pb1	1790	1791	3748
pb1	1791	1792	3734
pb1	1792	1793	3739
pb1	1793	1794	3740
pb1	1794	1795	3765
pb1	1795	1796	3711
pb1	1796	1797	3781
pb1	1797	1798	3759
pb1	1798	1799	3768
pb1	1799	1800	3679
pb1	1800	1801	3682
pb1	1801	1802	3714
pb1	1802	1803	3709
pb1	1803	1804	3636
pb1	1804	1805	3635
pb1	1805	1806	3576
pb1	1806	1807	3598
pb1	1807	1808	3633
pb1	1808	1809	3620
pb1	1809	1810	3630
pb1	1810	1811	3597
pb1	1811	1812	3595
pb1	1812	1813	3883
pb1	1813	1814	3943
pb1	1814	1815	3932
pb1	1815	1816	4043
pb1	1816	1817	3883
pb1	1817	1818	3974
pb1	1818	1819	3973
pb1	1819	1820	3979
pb1	1820	1821	3983
pb1	1821	1822	3610
pb1	1822	1823	3623
pb1	1823	1824	3630
pb1	1824	1825	3492
pb1	1825	1826	3493
pb1	1826	1827	3447
pb1	1827	1828	3453
pb1	1828	1829	3448
pb1	1829	1830	3475
pb1	1830	1831	3487
pb1	1831	1832	3433
pb1	1832	1833	3378
pb1	1833	1834	3499
pb1	1834	1835	3512
pb1	1835	1836	3663
pb1	1836	1837	3662
pb1	1837	1838	3688
pb1	1838	1839	3664
pb1	1839	1840	3682
pb1	1840	1841	4045
pb1	1841	1842	4033
pb1	1842	1843	3969
pb1	1843	1844	3948
pb1	1844	1845	3859
pb1	1845	1846	3871
pb1	1846	1847	3863
pb1	1847	1848	3915
pb1	1848	1849	3978
pb1	1849	1850	3735
pb1	1850	1851	3758
pb1	1851	1852	3759
pb1	1852	1853	3858
pb1	1853	1854	3857
pb1	1854	1855	3851
pb1	1855	1856	3846
pb1	1856	1857	3854
pb1	1857	1858	3866
pb1	1858	1859	3899
pb1	1859	1860	3932
pb1	1860	1861	3901
pb1	1861	1862	3881
pb1	1862	1863	3891
pb1	1863	1864	3920
pb1	1864	1865	3939
pb1	1865	1866	3918
pb1	1866	1867	3968
pb1	1867	1868	3950
pb1	1868	1869	3974
pb1	1869	1870	3977
pb1	1870	1871	3964
pb1	1871	1872	3939
pb1	1872	1873	3930
pb1	1873	1874	3956
pb1	1874	1875	3982
pb1	1875	1876	3939
pb1	1876	1877	4063
pb1	1877	1878	4050
pb1	1878	1879	4067
pb1	1879	1880	4059
pb1	1880	1881	4056
pb1	1881	1882	4146
pb1	1882	1883	4155
pb1	1883	1884	4183
pb1	1884	1885	4182
pb1	1885	1886	4059
pb1	1886	1887	4087
pb1	1887	1888	4106
pb1	1888	1889	4110
pb1	1889	1890	4105
pb1	1890	1891	4076
pb1	1891	1892	4116
pb1	1892	1893	4173
pb1	1893	1894	4165
pb1	1894	1895	4172
pb1	1895	1896	4401
pb1	1896	1897	4342
pb1	1897	1898	4394
pb1	1898	1899	4397
pb1	1899	1900	4334
pb1	1900	1901	4309
pb1	1901	1902	4221
pb1	1902	1903	4302
pb1	1903	1904	4329
pb1	1904	1905	4130
pb1	1905	1906	4128
pb1	1906	1907	4103
pb1	1907	1908	4104
pb1	1908	1910	4043
pb1	1910	1911	4074
pb1	1911	1912	3983
pb1	1912	1913	3951
pb1	1913	1914	3956
pb1	1914	1915	3974
pb1	1915	1917	3985
pb1	1917	1918	3984
pb1	1918	1919	3966
pb1	1919	1920	3965
pb1	1920	1921	3916
pb1	1921	1922	4036
pb1	1922	1923	4054
pb1	1923	1924	4042
pb1	1924	1925	4039
pb1	1925	1926	4040
pb1	1926	1927	4041
pb1	1927	1928	4101
pb1	1928	1929	4083
pb1	1929	1930	4173
pb1	1930	1931	4028
pb1	1931	1932	4037
pb1	1932	1933	4043
pb1	1933	1934	4055
pb1	1934	1935	4046
pb1	1935	1936	4045
pb1	1936	1937	3962
pb1	1937	1938	4043
pb1	1938	1939	4028
pb1	1939	1940	4062
pb1	1940	1941	4052
pb1	1941	1942	4073
pb1	1942	1943	4084
pb1	1943	1944	4224
pb1	1944	1945	4223
pb1	1945	1946	4238
pb1	1946	1947	4264
pb1	1947	1948	4163
pb1	1948	1949	4267
pb1	1949	1950	4253
pb1	1950	1952	4308
pb1	1952	1953	4142
pb1	1953	1954	4202
pb1	1954	1955	4146
pb1	1955	1956	4230
pb1	1956	1957	4234
pb1	1957	1958	4102
pb1	1958	1959	4130
pb1	1959	1960	4096
pb1	1960	1961	4093
pb1	1961	1962	4101
pb1	1962	1963	4043
pb1	1963	1964	4013
pb1	1964	1965	3951
pb1	1965	1966	3968
pb1	1966	1967	4002
pb1	1967	1968	3987
pb1	1968	1969	3965
pb1	1969	1970	3946
pb1	1970	1971	3968
pb1	1971	1972	3970
pb1	1972	1973	4081
pb1	1973	1974	4047
pb1	1974	1975	4008
pb1	1975	1976	3992
pb1	1976	1977	4023
pb1	1977	1978	4096
pb1	1978	1979	4112
pb1	1979	1980	4121
pb1	1980	1981	4097
pb1	1981	1982	4044
pb1	1982	1983	4055
pb1	1983	1984	4063
pb1	1984	1985	4085
pb1	1985	1986	4022
pb1	1986	1987	4017
pb1	1987	1988	4024
pb1	1988	1989	4034
pb1	1989	1990	4479
pb1	1990	1991	4468
pb1	1991	1992	4545
pb1	1992	1993	4554
pb1	1993	1994	4493
pb1	1994	1995	4483
pb1	1995	1996	4464
pb1	1996	1997	4488
pb1	1997	1998	4472
pb1	1998	1999	4169
pb1	1999	2000	4195
pb1	2000	2001	4146
pb1	2001	2002	4169
pb1	2002	2003	4150
pb1	2003	2004	4151
pb1	2004	2005	4162
pb1	2005	2006	4239
pb1	2006	2007	4217
pb1	2007	2008	4368
pb1	2008	2009	4441
pb1	2009	2010	4413
pb1	2010	2011	4417
pb1	2011	2012	4409
pb1	2012	2013	4404
pb1	2013	2014	4469
pb1	2014	2015	4367
pb1	2015	2016	4783
pb1	2016	2017	4695
pb1	2017	2018	4698
pb1	2018	2019	4694
pb1	2019	2020	4677
pb1	2020	2021	4686
pb1	2021	2022	4688
pb1	2022	2023	4623
pb1	2023	2024	4631
pb1	2024	2025	4344
pb1	2025	2026	4518
pb1	2026	2027	4482
pb1	2027	2028	4469
pb1	2028	2029	4499
pb1	2029	2030	4506
pb1	2030	2031	4524
pb1	2031	2032	4518
pb1	2032	2033	4507
pb1	2033	2034	4560
pb1	2034	2035	4455
pb1	2035	2036	4471
pb1	2036	2037	4474
pb1	2037	2038	4473
pb1	2038	2039	4585
pb1	2039	2040	4597
pb1	2040	2041	4610
pb1	2041	2042	4613
pb1	2042	2043	4571
pb1	2043	2044	4614
pb1	2044	2045	4616
pb1	2045	2046	4913
pb1	2046	2047	5122
pb1	2047	2048	5040
pb1	2048	2049	5107
pb1	2049	2050	5109
pb1	2050	2051	5165
pb1	2051	2052	5156
pb1	2052	2053	5114
pb1	2053	2054	5105
pb1	2054	2055	4929
pb1	2055	2056	4804
pb1	2056	2057	4904
pb1	2057	2058	4889
pb1	2058	2059	4901
pb1	2059	2060	4845
pb1	2060	2061	4869
pb1	2061	2062	4872
pb1	2062	2063	4912
pb1	2063	2064	4933
pb1	2064	2065	4897
pb1	2065	2066	4850
pb1	2066	2067	4839
pb1	2067	2068	4878
pb1	2068	2069	4900
pb1	2069	2070	4917
pb1	2070	2071	4923
pb1	2071	2072	4858
pb1	2072	2073	4837
pb1	2073	2074	4835
pb1	2074	2075	4857
pb1	2075	2076	4888
pb1	2076	2077	4879
pb1	2077	2078	4868
pb1	2078	2079	4826
pb1	2079	2080	4882
pb1	2080	2081	4876
pb1	2081	2082	4897
pb1	2082	2083	4925
pb1	2083	2084	4881
pb1	2084	2085	4931
pb1	2085	2086	4915
pb1	2086	2087	4896
pb1	2087	2088	4918
pb1	2088	2089	4847
pb1	2089	2090	4837
pb1	2090	2091	4858
pb1	2091	2092	4822
pb1	2092	2093	4789
pb1	2093	2094	4762
pb1	2094	2095	4723
pb1	2095	2096	4709
pb1	2096	2097	4677
pb1	2097	2098	4632
pb1	2098	2099	4604
pb1	2099	2100	4582
pb1	2100	2102	4548
pb1	2102	2103	4512
pb1	2103	2104	4457
pb1	2104	2105	4484
pb1	2105	2106	4444
pb1	2106	2107	4508
pb1	2107	2108	4465
pb1	2108	2109	4476
pb1	2109	2110	4482
pb1	2110	2111	4486
pb1	2111	2112	4492
pb1	2112	2113	4480
pb1	2113	2114	4409
pb1	2114	2115	4408
pb1	2115	2116	4309
pb1	2116	2117	4302
pb1	2117	2118	4266
pb1	2118	2119	4287
pb1	2119	2120	4301
pb1	2120	2121	4314
pb1	2121	2122	4300
pb1	2122	2123	4308
pb1	2123	2124	4309
pb1	2124	2125	4296
pb1	2125	2126	4314
pb1	2126	2127	4300
pb1	2127	2128	4216
pb1	2128	2129	4250
pb1	2129	2130	4288
pb1	2130	2131	4421
pb1	2131	2132	4437
pb1	2132	2133	4364
pb1	2133	2134	4536
pb1	2134	2135	4503
pb1	2135	2136	4504
pb1	2136	2137	4495
pb1	2137	2138	4373
pb1	2138	2139	4411
pb1	2139	2140	3931
pb1	2140	2141	3899
pb1	2141	2142	3880
pb1	2142	2143	3540
pb1	2143	2144	3546
pb1	2144	2145	3427
pb1	2145	2146	3443
pb1	2146	2147	3444
pb1	2147	2148	3374
pb1	2148	2149	3398
pb1	2149	2150	3380
pb1	2150	2151	3390
pb1	2151	2153	3401
pb1	2153	2154	3407
pb1	2154	2155	3399
pb1	2155	2156	3356
pb1	2156	2157	3377
pb1	2157	2158	3375
pb1	2158	2159	3347
pb1	2159	2160	3346
pb1	2160	2161	3314
pb1	2161	2162	3349
pb1	2162	2163	3351
pb1	2163	2164	3372
pb1	2164	2165	3368
pb1	2165	2166	3312
pb1	2166	2167	3380
pb1	2167	2168	3370
pb1	2168	2169	3366
pb1	2169	2170	3365
pb1	2170	2171	3340
pb1	2171	2172	3357
pb1	2172	2173	3360
pb1	2173	2174	3357
pb1	2174	2175	3325
pb1	2175	2176	3217
pb1	2176	2177	3201
pb1	2177	2178	3244
pb1	2178	2179	3297
pb1	2179	2180	3215
pb1	2180	2181	3329
pb1	2181	2182	3288
pb1	2182	2183	3279
pb1	2183	2184	3273
pb1	2184	2185	3226
pb1	2185	2186	3227
pb1	2186	2187	3180
pb1	2187	2188	3148
pb1	2188	2189	3093
pb1	2189	2190	3109
pb1	2190	2191	3035
pb1	2191	2192	3065
pb1	2192	2194	3104
pb1	2194	2195	3107
pb1	2195	2196	3054
pb1	2196	2197	3012
pb1	2197	2198	3003
pb1	2198	2199	3005
pb1	2199	2200	3006
pb1	2200	2201	2970
pb1	2201	2202	2954
pb1	2202	2203	2977
pb1	2203	2204	2969
pb1	2204	2205	3033
pb1	2205	2206	3024
pb1	2206	2207	3002
pb1	2207	2208	2980
pb1	2208	2209	3023
pb1	2209	2210	3016
pb1	2210	2211	3022
pb1	2211	2212	2982
pb1	2212	2213	2978
pb1	2213	2214	2911
pb1	2214	2215	2916
pb1	2215	2216	2955
pb1	2216	2217	2956
pb1	2217	2218	2869
pb1	2218	2219	2845
pb1	2219	2220	2834
pb1	2220	2221	2839
pb1	2221	2222	2840
pb1	2222	2223	2836
pb1	2223	2224	2829
pb1	2224	2225	2751
pb1	2225	2226	2792
pb1	2226	2227	2787
pb1	2227	2228	2777
pb1	2228	2229	2781
pb1	2229	2230	2770
pb1	2230	2231	2791
pb1	2231	2232	2790
pb1	2232	2233	2818
pb1	2233	2234	2803
pb1	2234	2235	2715
pb1	2235	2236	2691
pb1	2236	2237	2683
pb1	2237	2238	2681
pb1	2238	2239	2706
pb1	2239	2240	2658
pb1	2240	2241	2650
pb1	2241	2242	2578
pb1	2242	2243	2581
pb1	2243	2244	2571
pb1	2244	2245	2563
pb1	2245	2246	2560
pb1	2246	2247	2562
pb1	2247	2248	2560
pb1	2248	2249	2462
pb1	2249	2250	2511
pb1	2250	2251	2513
pb1	2251	2252	2505
pb1	2252	2253	2517
pb1	2253	2254	2547
pb1	2254	2255	2550
pb1	2255	2256	2545
pb1	2256	2257	2541
pb1	2257	2258	2513
pb1	2258	2259	2431
pb1	2259	2260	2365
pb1	2260	2261	2346
pb1	2261	2262	2356
pb1	2262	2263	2262
pb1	2263	2264	2289
pb1	2264	2265	2279
pb1	2265	2266	2275
pb1	2266	2267	2278
pb1	2267	2268	2210
pb1	2268	2269	2194
pb1	2269	2270	2239
pb1	2270	2271	2151
pb1	2271	2272	2136
pb1	2272	2273	2075
pb1	2273	2274	2050
pb1	2274	2275	2055
pb1	2275	2276	2046
pb1	2276	2277	2041
pb1	2277	2278	2037
pb1	2278	2279	1790
pb1	2279	2280	1795
pb1	2280	2281	1731
pb1	2281	2283	1718
pb1	2283	2284	1669
pb1	2284	2285	1651
pb1	2285	2286	1640
pb1	2286	2287	1620
pb1	2287	2288	1596
pb1	2288	2289	1545
pb1	2289	2290	1546
pb1	2290	2291	1543
pb1	2291	2292	1537
pb1	2292	2293	1533
pb1	2293	2294	1528
pb1	2294	2295	1517
pb1	2295	2296	1503
pb1	2296	2297	1432
pb1	2297	2298	1430
pb1	2298	2299	1344
pb1	2299	2300	1343
pb1	2300	2301	1332
pb1	2301	2302	1323
pb1	2302	2303	1318
pb1	2303	2304	1294
pb1	2304	2305	1288
pb1	2305	2306	1256
pb1	2306	2307	1252
pb1	2307	2308	1247
pb1	2308	2309	1115
pb1	2309	2310	1052
pb1	2310	2311	1036
pb1	2311	2312	1030
pb1	2312	2313	1026
pb1	2313	2314	1018
pb1	2314	2315	953
pb1	2315	2316	952
pb1	2316	2317	942
pb1	2317	2318	940
pb1	2318	2319	939
pb1	2319	2320	901
pb1	2320	2321	886
pb1	2321	2322	879
pb1	2322	2323	875
pb1	2323	2324	868
pb1	2324	2325	851
pb1	2325	2326	845
pb1	2326	2327	830
pb1	2327	2328	825
pb1	2328	2329	818
pb1	2329	2330	776
pb1	2330	2331	768
pb1	2331	2333	762
pb1	2333	2334	754
pb1	2334	2335	751
pb1	2335	2336	744
pb1	2336	2337	667
pb1	2337	2338	646
pb1	2338	2339	643
pb1	2339	2340	638
pb1	2340	2341	266
