gene	pos	cvg
ns	1	7673
ns	2	9562
ns	3	9609
ns	4	9641
ns	5	10822
ns	6	10913
ns	7	10949
ns	8	10987
ns	9	11125
ns	10	11145
ns	11	11319
ns	12	11525
ns	13	11597
ns	14	11618
ns	15	11966
ns	16	12058
ns	17	12310
ns	18	12360
ns	19	12391
ns	20	12623
ns	21	12801
ns	22	13912
ns	23	14223
ns	24	14295
ns	25	14359
ns	26	14456
ns	27	14618
ns	28	14670
ns	29	15152
ns	30	15710
ns	31	16689
ns	32	22849
ns	33	23073
ns	34	23696
ns	35	23799
ns	36	23867
ns	37	24259
ns	38	24330
ns	39	24404
ns	40	24515
ns	41	24553
ns	42	26113
ns	43	26162
ns	44	26445
ns	45	26462
ns	46	26540
ns	47	26566
ns	48	26613
ns	49	27027
ns	50	27548
ns	51	27330
ns	52	27607
ns	53	27594
ns	54	28358
ns	55	28377
ns	56	28543
ns	57	28640
ns	58	28590
ns	59	28489
ns	60	28655
ns	61	28709
ns	62	28913
ns	63	28751
ns	64	29345
ns	65	29353
ns	66	29347
ns	67	29686
ns	68	30005
ns	69	30301
ns	70	30391
ns	71	30351
ns	72	30490
ns	73	30487
ns	74	30492
ns	75	30660
ns	76	30661
ns	77	30837
ns	78	31249
ns	79	31297
ns	80	31495
ns	81	31533
ns	82	31478
ns	83	31500
ns	84	31577
ns	85	31579
ns	86	31655
ns	87	31866
ns	88	31814
ns	89	31783
ns	90	31721
ns	91	31882
ns	92	31870
ns	93	31844
ns	94	31828
ns	95	31671
ns	96	32010
ns	97	32439
ns	98	32820
ns	99	32715
ns	100	32645
ns	101	32634
ns	102	33578
ns	103	33522
ns	104	33489
ns	105	33503
ns	106	32550
ns	107	32778
ns	108	32792
ns	109	33062
ns	110	32900
ns	111	32698
ns	112	32646
ns	113	32599
ns	114	33047
ns	115	33579
ns	116	33557
ns	117	33601
ns	118	33324
ns	119	33317
ns	120	34087
ns	121	34624
ns	122	34969
ns	123	34540
ns	124	34358
ns	125	34234
ns	126	34174
ns	127	33999
ns	128	33995
ns	129	32965
ns	130	32777
ns	131	33119
ns	132	33119
ns	133	33056
ns	134	33164
ns	135	33251
ns	136	33371
ns	137	33339
ns	138	33310
ns	139	33269
ns	140	32898
ns	141	33444
ns	142	33030
ns	143	33128
ns	144	33015
ns	145	32709
ns	146	32721
ns	147	32841
ns	148	32821
ns	149	33454
ns	150	32841
ns	151	31475
ns	152	31335
ns	153	31570
ns	154	31480
ns	155	31513
ns	156	31403
ns	157	31908
ns	158	31220
ns	159	31555
ns	160	31055
ns	161	31048
ns	162	30755
ns	163	30847
ns	164	30912
ns	165	31063
ns	166	31244
ns	167	31221
ns	168	30752
ns	169	31030
ns	170	31569
ns	171	31227
ns	172	32805
ns	173	32455
ns	174	32716
ns	175	32560
ns	176	32616
ns	177	33365
ns	178	33497
ns	179	33301
ns	180	31400
ns	181	30294
ns	182	30665
ns	183	30776
ns	184	30695
ns	185	31016
ns	186	30548
ns	187	30518
ns	188	30445
ns	189	30465
ns	190	30725
ns	191	30628
ns	192	30146
ns	193	30128
ns	194	30020
ns	195	30049
ns	196	30254
ns	197	30440
ns	198	30348
ns	199	30386
ns	200	30316
ns	201	30409
ns	202	30622
ns	203	30442
ns	204	30698
ns	205	30591
ns	206	30540
ns	207	30981
ns	208	31153
ns	209	31368
ns	210	31291
ns	211	30970
ns	212	31408
ns	213	31430
ns	214	31512
ns	215	31716
ns	216	31821
ns	217	31956
ns	218	31505
ns	219	32570
ns	220	32341
ns	221	32245
ns	222	32470
ns	223	31892
ns	224	31970
ns	225	31555
ns	226	31862
ns	227	32053
ns	228	31752
ns	229	31952
ns	230	31814
ns	231	32481
ns	232	32731
ns	233	32998
ns	234	33043
ns	235	32604
ns	236	32735
ns	237	32634
ns	238	32549
ns	239	32554
ns	240	32902
ns	241	32708
ns	242	32567
ns	243	32528
ns	244	32639
ns	245	32539
ns	246	32506
ns	247	32531
ns	248	32627
ns	249	32510
ns	250	32358
ns	251	32371
ns	252	32554
ns	253	32373
ns	254	32321
ns	255	32940
ns	256	33029
ns	257	33961
ns	258	34003
ns	259	34365
ns	260	34381
ns	261	34362
ns	262	34603
ns	263	35115
ns	264	35439
ns	265	35997
ns	266	35457
ns	267	35571
ns	268	35419
ns	269	35505
ns	270	35682
ns	271	35789
ns	272	36368
ns	273	35655
ns	274	35712
ns	275	35319
ns	276	36303
ns	277	36358
ns	278	36482
ns	279	36486
ns	280	36166
ns	281	35576
ns	282	36131
ns	283	36383
ns	284	36377
ns	285	36575
ns	286	35869
ns	287	35943
ns	288	36056
ns	289	36008
ns	290	36610
ns	291	36116
ns	292	37714
ns	293	37844
ns	294	37787
ns	295	37824
ns	296	37781
ns	297	37779
ns	298	37595
ns	299	36701
ns	300	37048
ns	301	35819
ns	302	35751
ns	303	35808
ns	304	35628
ns	305	35539
ns	306	35427
ns	307	36850
ns	308	36746
ns	309	37838
ns	310	37791
ns	311	37771
ns	312	37852
ns	313	38711
ns	314	38575
ns	315	38674
ns	316	37245
ns	317	38062
ns	318	37028
ns	319	37235
ns	320	38232
ns	321	38185
ns	322	38104
ns	323	38233
ns	324	38175
ns	325	38226
ns	326	37614
ns	327	37802
ns	328	37146
ns	329	37030
ns	330	36350
ns	331	37546
ns	332	38429
ns	333	38449
ns	334	38624
ns	335	38701
ns	336	38608
ns	337	38788
ns	338	39337
ns	339	39878
ns	340	39057
ns	341	38534
ns	342	38371
ns	343	38572
ns	344	38586
ns	345	38627
ns	346	38559
ns	347	38083
ns	348	37774
ns	349	38173
ns	350	38205
ns	351	38225
ns	352	38093
ns	353	38085
ns	354	38050
ns	355	38111
ns	356	38061
ns	357	38204
ns	358	37739
ns	359	37789
ns	360	37816
ns	361	37826
ns	362	37635
ns	363	37870
ns	364	38033
ns	365	37964
ns	366	37833
ns	367	38243
ns	368	38318
ns	369	38943
ns	370	38862
ns	371	39771
ns	372	39162
ns	373	41119
ns	374	40922
ns	375	40926
ns	376	40610
ns	377	40337
ns	378	39427
ns	379	40348
ns	380	39567
ns	381	39713
ns	382	37313
ns	383	37361
ns	384	37621
ns	385	37421
ns	386	37561
ns	387	36967
ns	388	35988
ns	389	36611
ns	390	36845
ns	391	37138
ns	392	37081
ns	393	37838
ns	394	38009
ns	395	38052
ns	396	38648
ns	397	38566
ns	398	38810
ns	399	39206
ns	400	39034
ns	401	39107
ns	402	38145
ns	403	38023
ns	404	38547
ns	405	37856
ns	406	38821
ns	407	38118
ns	408	38169
ns	409	38286
ns	410	38173
ns	411	38644
ns	412	38573
ns	413	38101
ns	414	37900
ns	415	36724
ns	416	36769
ns	417	36150
ns	418	36137
ns	419	36205
ns	420	36038
ns	421	35869
ns	422	35730
ns	423	35604
ns	424	35836
ns	425	36329
ns	426	36203
ns	427	36160
ns	428	36159
ns	429	35884
ns	430	36072
ns	431	36055
ns	432	35989
ns	433	35505
ns	434	35025
ns	435	35603
ns	436	35563
ns	437	35680
ns	438	35659
ns	439	35636
ns	440	35478
ns	441	35424
ns	442	35353
ns	443	35029
ns	444	34894
ns	445	35007
ns	446	35263
ns	447	35402
ns	448	35720
ns	449	36268
ns	450	36280
ns	451	36126
ns	452	36129
ns	453	35276
ns	454	37806
ns	455	37025
ns	456	37558
ns	457	37440
ns	458	37606
ns	459	39636
ns	460	39289
ns	461	39335
ns	462	39448
ns	463	35938
ns	464	37252
ns	465	36819
ns	466	36295
ns	467	36188
ns	468	34122
ns	469	34485
ns	470	34350
ns	471	34535
ns	472	34539
ns	473	33965
ns	474	34100
ns	475	34718
ns	476	34965
ns	477	35138
ns	478	35340
ns	479	34936
ns	480	35817
ns	481	35737
ns	482	35558
ns	483	35503
ns	484	34934
ns	485	35058
ns	486	34682
ns	487	34937
ns	488	34655
ns	489	34168
ns	490	33857
ns	491	33781
ns	492	33786
ns	493	33906
ns	494	33745
ns	495	33780
ns	496	33400
ns	497	33513
ns	498	33495
ns	499	33796
ns	500	33822
ns	501	33840
ns	502	34330
ns	503	34541
ns	504	34639
ns	505	34621
ns	506	34682
ns	507	34711
ns	508	34712
ns	509	34553
ns	510	34682
ns	511	34418
ns	512	34175
ns	513	34097
ns	514	34083
ns	515	34298
ns	516	34298
ns	517	34270
ns	518	34384
ns	519	34308
ns	520	34222
ns	521	34075
ns	522	34532
ns	523	34758
ns	524	34768
ns	525	34790
ns	526	34651
ns	527	34668
ns	528	35202
ns	529	35376
ns	530	35250
ns	531	34556
ns	532	34561
ns	533	34615
ns	534	34699
ns	535	35567
ns	536	35133
ns	537	35039
ns	538	34695
ns	539	34171
ns	540	34031
ns	541	32797
ns	542	32840
ns	543	32767
ns	544	31386
ns	545	31354
ns	546	31017
ns	547	30952
ns	548	31110
ns	549	31236
ns	550	31266
ns	551	31756
ns	552	31702
ns	553	31812
ns	554	31729
ns	555	31562
ns	556	31771
ns	557	31623
ns	558	31725
ns	559	31834
ns	560	31759
ns	561	31718
ns	562	31547
ns	563	31346
ns	564	31541
ns	565	31137
ns	566	31580
ns	567	31351
ns	568	31273
ns	569	31467
ns	570	31369
ns	571	31508
ns	572	31547
ns	573	31259
ns	574	31376
ns	575	30652
ns	576	30613
ns	577	30859
ns	578	30538
ns	579	30833
ns	580	30954
ns	581	31016
ns	582	31263
ns	583	31165
ns	584	31123
ns	585	31061
ns	586	30322
ns	587	30854
ns	588	30328
ns	589	30546
ns	590	32292
ns	591	32360
ns	592	32415
ns	593	32468
ns	594	32680
ns	595	32769
ns	596	32292
ns	597	31458
ns	598	31724
ns	599	28439
ns	600	28989
ns	601	28782
ns	602	28788
ns	603	28992
ns	604	28708
ns	605	28261
ns	606	28234
ns	607	27754
ns	608	27880
ns	609	27127
ns	610	27192
ns	611	27206
ns	612	27256
ns	613	27871
ns	614	27954
ns	615	28102
ns	616	28254
ns	617	27680
ns	618	27984
ns	619	27958
ns	620	28280
ns	621	28272
ns	622	28175
ns	623	28245
ns	624	27393
ns	625	27495
ns	626	27457
ns	627	27215
ns	628	27199
ns	629	27312
ns	630	27322
ns	631	27250
ns	632	27187
ns	633	27221
ns	634	27084
ns	635	27360
ns	636	27300
ns	637	27280
ns	638	27044
ns	639	26896
ns	640	27233
ns	641	27331
ns	642	27216
ns	643	28008
ns	644	27983
ns	645	28031
ns	646	28049
ns	647	27920
ns	648	28120
ns	649	27012
ns	650	27301
ns	651	27634
ns	652	26173
ns	653	26191
ns	654	25962
ns	655	26121
ns	656	26116
ns	657	25644
ns	658	25705
ns	659	24759
ns	660	25108
ns	661	25522
ns	662	25363
ns	663	25410
ns	664	25214
ns	665	25069
ns	666	25133
ns	667	24897
ns	668	25033
ns	669	23986
ns	670	24307
ns	671	24310
ns	672	24073
ns	673	24009
ns	674	23920
ns	675	24013
ns	676	23935
ns	677	23795
ns	678	23643
ns	679	22445
ns	680	22431
ns	681	22374
ns	682	22356
ns	683	22120
ns	684	22221
ns	685	22207
ns	686	22126
ns	687	22065
ns	688	22054
ns	689	21991
ns	690	22004
ns	691	22055
ns	692	22063
ns	693	22262
ns	694	22047
ns	695	22071
ns	696	21990
ns	697	22198
ns	698	22267
ns	699	22254
ns	700	22485
ns	701	22273
ns	702	22277
ns	703	22259
ns	704	22224
ns	705	22260
ns	706	21798
ns	707	21783
ns	708	21723
ns	709	21418
ns	710	21220
ns	711	21229
ns	712	21242
ns	713	21280
ns	714	21393
ns	715	20785
ns	716	20786
ns	717	20783
ns	718	20812
ns	719	20772
ns	720	20584
ns	721	20963
ns	722	20714
ns	723	20191
ns	724	20148
ns	725	20201
ns	726	20162
ns	727	20071
ns	728	20032
ns	729	20059
ns	730	18777
ns	731	18730
ns	732	18746
ns	733	18695
ns	734	18440
ns	735	18717
ns	736	18760
ns	737	18837
ns	738	18608
ns	739	18626
ns	740	18748
ns	741	18285
ns	742	18194
ns	743	18164
ns	744	16887
ns	745	17114
ns	746	16796
ns	747	16866
ns	748	16738
ns	749	16727
ns	750	16782
ns	751	16710
ns	752	16649
ns	753	16646
ns	754	15449
ns	755	16248
ns	756	16167
ns	757	16210
ns	758	16145
ns	759	15873
ns	760	15869
ns	761	15863
ns	762	15915
ns	763	15613
ns	764	13101
ns	765	12851
ns	766	12473
ns	767	12560
ns	768	12438
ns	769	12466
ns	770	12340
ns	771	12305
ns	772	12291
ns	773	12240
ns	774	12245
ns	775	12074
ns	776	12201
ns	777	11916
ns	778	11730
ns	779	11760
ns	780	11413
ns	781	11461
ns	782	11425
ns	783	11431
ns	784	11539
ns	785	11242
ns	786	11390
ns	787	11380
ns	788	11390
ns	789	11415
ns	790	11394
ns	791	11805
ns	792	11787
ns	793	11602
ns	794	11321
ns	795	11122
ns	796	11238
ns	797	11203
ns	798	11196
ns	799	11065
ns	800	10247
ns	801	10172
ns	802	10260
ns	803	10716
ns	804	10665
ns	805	10457
ns	806	10487
ns	807	10489
ns	808	10604
ns	809	10594
ns	810	10538
ns	811	10465
ns	812	8919
ns	813	8873
ns	814	8767
ns	815	8691
ns	816	8772
ns	817	8436
ns	818	8423
ns	819	8359
ns	820	8252
ns	821	8238
ns	822	8211
ns	823	8213
ns	824	8060
ns	825	7742
ns	826	7788
ns	827	7784
ns	828	7789
ns	829	7714
ns	830	7578
ns	831	7585
ns	832	7570
ns	833	7516
ns	834	7645
ns	835	7115
ns	836	7089
ns	837	7048
ns	838	7035
ns	839	7057
ns	840	6878
ns	841	6770
ns	842	6697
ns	843	5848
ns	844	5793
ns	845	5778
ns	846	5754
ns	847	5746
ns	848	5571
ns	849	5540
ns	850	5475
ns	851	5416
ns	852	5402
ns	853	5374
ns	854	5306
ns	855	5301
ns	856	5278
ns	857	5087
ns	858	5009
ns	859	4936
ns	860	4930
ns	861	4918
ns	862	4875
ns	863	4606
ns	864	4486
ns	865	4337
ns	866	4303
ns	867	4176
ns	868	3787
ns	869	3749
ns	870	3747
ns	871	3712
ns	872	3683
ns	873	3616
ns	874	3577
ns	875	3563
ns	876	3171
ns	877	3163
ns	878	3093
ns	879	3035
ns	880	2955
ns	881	2874
ns	882	2867
ns	883	2811
ns	884	2781
ns	885	2760
ns	886	2114
ns	887	2008
ns	888	1931
ns	889	1919
ns	890	397
na	1	1391
na	2	1659
na	3	1695
na	4	1738
na	5	2145
na	6	2419
na	7	2458
na	8	2473
na	9	2522
na	10	2523
na	11	2562
na	12	2582
na	13	2659
na	14	3178
na	15	3202
na	16	3227
na	17	3264
na	18	3275
na	19	3433
na	20	3492
na	21	3498
na	22	3503
na	23	3532
na	24	3546
na	25	3682
na	26	3688
na	27	3697
na	28	3713
na	29	3715
na	30	3924
na	31	3963
na	32	4010
na	33	4017
na	34	4025
na	35	4122
na	36	4135
na	37	4181
na	38	4706
na	39	4929
na	40	4965
na	41	5007
na	42	5047
na	43	5190
na	44	5207
na	45	5255
na	46	6064
na	47	6162
na	48	6167
na	49	6204
na	50	6234
na	51	6888
na	52	6946
na	53	6982
na	54	6977
na	55	6927
na	56	7266
na	57	7547
na	58	7730
na	59	8461
na	60	8421
na	61	10438
na	62	10446
na	63	10522
na	64	10667
na	65	10711
na	66	11906
na	67	11865
na	68	11827
na	69	11824
na	70	11486
na	71	11646
na	72	12092
na	73	12137
na	74	12164
na	75	12007
na	76	12102
na	77	12241
na	78	12354
na	79	12356
na	80	12481
na	81	12335
na	82	12607
na	83	12671
na	84	12667
na	85	12686
na	86	12688
na	87	12784
na	88	12785
na	89	12812
na	90	12890
na	91	12843
na	92	12914
na	93	12959
na	94	12972
na	95	13017
na	96	13067
na	97	13126
na	98	13134
na	99	12720
na	100	13179
na	101	13309
na	102	13317
na	103	13425
na	104	13840
na	105	13812
na	106	13812
na	107	13852
na	108	14022
na	109	14628
na	110	14685
na	111	14633
na	112	16359
na	113	16156
na	114	16418
na	115	16422
na	116	16384
na	117	16286
na	118	16348
na	119	16468
na	120	16464
na	121	15260
na	122	15380
na	123	15286
na	124	15317
na	125	15364
na	126	15336
na	127	15254
na	128	15194
na	129	15215
na	130	15269
na	131	15298
na	132	15607
na	133	15598
na	134	15610
na	135	15575
na	136	15469
na	137	15388
na	138	15378
na	139	15458
na	140	15305
na	141	15298
na	142	15271
na	143	15543
na	144	15567
na	145	15824
na	146	15916
na	147	15903
na	148	15797
na	149	16096
na	150	16018
na	151	15869
na	152	15803
na	153	15484
na	154	16023
na	155	16179
na	156	16412
na	157	16409
na	158	16421
na	159	16669
na	160	16214
na	161	16161
na	162	16275
na	163	15111
na	164	14967
na	165	14932
na	166	14962
na	167	15035
na	168	14939
na	169	15173
na	170	15398
na	171	15510
na	172	15423
na	173	15623
na	174	15594
na	175	15754
na	176	16021
na	177	16276
na	178	16517
na	179	16667
na	180	16704
na	181	17225
na	182	17194
na	183	17693
na	184	18011
na	185	17863
na	186	17703
na	187	17647
na	188	17623
na	189	17630
na	190	17297
na	191	17984
na	192	18151
na	193	17833
na	194	17906
na	195	17586
na	196	17521
na	197	17687
na	198	17493
na	199	17585
na	200	17149
na	201	16946
na	202	17652
na	203	17656
na	204	17758
na	205	17720
na	206	17533
na	207	18044
na	208	18052
na	209	18058
na	210	18019
na	211	17494
na	212	17657
na	213	17875
na	214	17964
na	215	18001
na	216	17708
na	217	17802
na	218	17974
na	219	18088
na	220	18067
na	221	18023
na	222	17892
na	223	18094
na	224	18139
na	225	18097
na	226	18008
na	227	18138
na	228	18123
na	229	18223
na	230	18275
na	231	18174
na	232	18129
na	233	18092
na	234	18193
na	235	18318
na	236	18149
na	237	18095
na	238	18176
na	239	18309
na	240	18343
na	241	18346
na	242	18297
na	243	18276
na	244	18219
na	245	18215
na	246	18234
na	247	18192
na	248	17992
na	249	18150
na	250	18057
na	251	18070
na	252	18053
na	253	17985
na	254	18534
na	255	18510
na	256	18632
na	257	18562
na	258	18620
na	259	18542
na	260	18594
na	261	18564
na	262	18343
na	263	17596
na	264	17606
na	265	17336
na	266	17362
na	267	17388
na	268	17333
na	269	17236
na	270	17245
na	271	17406
na	272	17383
na	273	17406
na	274	17275
na	275	17117
na	276	17109
na	277	16990
na	278	16970
na	279	16877
na	280	16763
na	281	16770
na	282	16695
na	283	17061
na	284	17040
na	285	17018
na	286	16952
na	287	16796
na	288	16809
na	289	16848
na	290	16820
na	291	16818
na	292	16154
na	293	16098
na	294	16010
na	295	15957
na	296	16097
na	297	15994
na	298	16141
na	299	15927
na	300	16854
na	301	16811
na	302	16773
na	303	16454
na	304	16366
na	305	15541
na	306	15527
na	307	14870
na	308	14872
na	309	13529
na	310	13735
na	311	14224
na	312	14684
na	313	14722
na	314	14672
na	315	15375
na	316	15331
na	317	15716
na	318	15714
na	319	15410
na	320	15733
na	321	14297
na	322	14424
na	323	14591
na	324	13814
na	325	13794
na	326	13575
na	327	13590
na	328	13419
na	329	13079
na	330	12766
na	331	12648
na	332	12864
na	333	12837
na	334	13835
na	335	13597
na	336	13558
na	337	13668
na	338	13638
na	339	13684
na	340	13937
na	341	13596
na	342	13466
na	343	12267
na	344	12139
na	345	12186
na	346	12283
na	347	12682
na	348	12660
na	349	12677
na	350	12698
na	351	12715
na	352	12791
na	353	12773
na	354	12945
na	355	12912
na	356	12653
na	357	12672
na	358	12679
na	359	12619
na	360	12957
na	361	12922
na	362	13347
na	363	13094
na	364	13254
na	365	13644
na	366	14009
na	367	14114
na	368	14159
na	369	14088
na	370	14706
na	371	14471
na	372	14502
na	373	14519
na	374	14152
na	375	14149
na	376	13721
na	377	13692
na	378	13979
na	379	13470
na	380	13667
na	381	13666
na	382	13726
na	383	13903
na	384	13868
na	385	13994
na	386	14133
na	387	13864
na	388	13884
na	389	13710
na	390	13788
na	391	13847
na	392	13849
na	393	13797
na	394	13921
na	395	13866
na	396	14161
na	397	14138
na	398	14230
na	399	14199
na	400	14202
na	401	14163
na	402	14187
na	403	14058
na	404	14043
na	405	13667
na	406	13701
na	407	13670
na	408	13582
na	409	13589
na	410	13465
na	411	13505
na	412	13638
na	413	13472
na	414	13522
na	415	13514
na	416	13533
na	417	13595
na	418	13620
na	419	13660
na	420	13603
na	421	13389
na	422	13573
na	423	13572
na	424	13718
na	425	13731
na	426	13679
na	427	13674
na	428	13676
na	429	13682
na	430	13772
na	431	13434
na	432	13493
na	433	13353
na	434	13204
na	435	13507
na	436	13415
na	437	13555
na	438	13544
na	439	13265
na	440	13357
na	441	13070
na	442	13292
na	443	13289
na	444	12718
na	445	12720
na	446	12349
na	447	12305
na	448	12284
na	449	12038
na	450	12099
na	451	11753
na	452	11919
na	453	11843
na	454	12008
na	455	11975
na	456	12004
na	457	12023
na	458	11800
na	459	11466
na	460	11151
na	461	10979
na	462	10800
na	463	10862
na	464	10587
na	465	11432
na	466	11325
na	467	11361
na	468	11322
na	469	11280
na	470	11594
na	471	11594
na	472	11430
na	473	11393
na	474	9639
na	475	9642
na	476	9607
na	477	9568
na	478	9568
na	479	9798
na	480	9806
na	481	9751
na	482	10256
na	483	10263
na	484	10228
na	485	10174
na	486	10088
na	487	10111
na	488	9287
na	489	9419
na	490	9379
na	491	8935
na	492	9191
na	493	9128
na	494	9150
na	495	9177
na	496	9134
na	497	9351
na	498	9169
na	499	9354
na	500	9371
na	501	9239
na	502	9649
na	503	9714
na	504	9764
na	505	9797
na	506	9669
na	507	9704
na	508	9653
na	509	9937
na	510	10075
na	511	10122
na	512	9894
na	513	9950
na	514	9921
na	515	10057
na	516	10180
na	517	10338
na	518	10273
na	519	10325
na	520	10224
na	521	10231
na	522	11149
na	523	11278
na	524	11193
na	525	11213
na	526	10976
na	527	11181
na	528	11152
na	529	11165
na	530	11251
na	531	10578
na	532	11025
na	533	11019
na	534	11045
na	535	11075
na	536	10924
na	537	11079
na	538	11150
na	539	11302
na	540	11314
na	541	11057
na	542	11053
na	543	11076
na	544	11097
na	545	11208
na	546	11118
na	547	11255
na	548	11129
na	549	11290
na	550	11284
na	551	11316
na	552	11355
na	553	11280
na	554	11240
na	555	11334
na	556	11339
na	557	11559
na	558	11477
na	559	11529
na	560	11636
na	561	11682
na	562	11692
na	563	11700
na	564	11690
na	565	11938
na	566	11891
na	567	11961
na	568	11988
na	569	11890
na	570	12034
na	571	12351
na	572	12376
na	573	12374
na	574	12147
na	575	12100
na	576	12125
na	577	12063
na	578	12091
na	579	12076
na	580	12021
na	581	12057
na	582	12037
na	583	12021
na	584	12077
na	585	12053
na	586	12177
na	587	12147
na	588	12068
na	589	12155
na	590	12177
na	591	12147
na	592	12181
na	593	12188
na	594	12146
na	595	12170
na	596	11881
na	597	11866
na	598	11856
na	599	11945
na	600	11946
na	601	12104
na	602	12044
na	603	11957
na	604	11990
na	605	12054
na	606	12085
na	607	12069
na	608	11806
na	609	12030
na	610	12030
na	611	11889
na	612	11947
na	613	11846
na	614	11900
na	615	11928
na	616	11765
na	617	12205
na	618	11865
na	619	11960
na	620	11959
na	621	11874
na	622	11935
na	623	11695
na	624	11695
na	625	11710
na	626	11240
na	627	11357
na	628	11291
na	629	11333
na	630	11305
na	631	11076
na	632	10889
na	633	11382
na	634	11395
na	635	11471
na	636	11648
na	637	11490
na	638	11637
na	639	11521
na	640	11413
na	641	11772
na	642	11135
na	643	11091
na	644	11158
na	645	10866
na	646	10876
na	647	10752
na	648	10817
na	649	11224
na	650	10843
na	651	10826
na	652	10970
na	653	10763
na	654	11054
na	655	11084
na	656	11279
na	657	11201
na	658	10716
na	659	10770
na	660	10806
na	661	10715
na	662	10726
na	663	10568
na	664	11164
na	665	11077
na	666	11447
na	667	11418
na	668	11311
na	669	11269
na	670	11182
na	671	11370
na	672	11227
na	673	11002
na	674	10449
na	675	10298
na	676	10368
na	677	10433
na	678	10465
na	679	10478
na	680	10383
na	681	10356
na	682	10315
na	683	10316
na	684	10286
na	685	10323
na	686	10438
na	687	10435
na	688	10412
na	689	10417
na	690	10457
na	691	10451
na	692	10448
na	693	10424
na	694	10456
na	695	10262
na	696	10280
na	697	10564
na	698	10531
na	699	10590
na	700	10609
na	701	10619
na	702	10714
na	703	10704
na	704	11175
na	705	11130
na	706	11204
na	707	11026
na	708	11270
na	709	11258
na	710	11235
na	711	11024
na	712	11068
na	713	10549
na	714	10622
na	715	10405
na	716	10417
na	717	10330
na	718	10452
na	719	10598
na	720	10635
na	721	10655
na	722	10633
na	723	10652
na	724	10639
na	725	10646
na	726	10525
na	727	10575
na	728	10470
na	729	10413
na	730	10415
na	731	10392
na	732	10427
na	733	10496
na	734	10527
na	735	10506
na	736	10446
na	737	10480
na	738	10448
na	739	10817
na	740	10764
na	741	10881
na	742	10835
na	743	10831
na	744	10837
na	745	10780
na	746	10823
na	747	10709
na	748	10900
na	749	10578
na	750	10429
na	751	10385
na	752	10365
na	753	10418
na	754	10443
na	755	10418
na	756	10425
na	757	9814
na	758	9837
na	759	9846
na	760	10300
na	761	10364
na	762	10236
na	763	10171
na	764	9970
na	765	10155
na	766	10182
na	767	10129
na	768	10042
na	769	9195
na	770	9251
na	771	9517
na	772	9552
na	773	9497
na	774	9115
na	775	9544
na	776	9737
na	777	9880
na	778	9892
na	779	9743
na	780	9275
na	781	9233
na	782	9199
na	783	9315
na	784	8778
na	785	8953
na	786	8811
na	787	8890
na	788	8900
na	789	8898
na	790	9129
na	791	9166
na	792	9090
na	793	9087
na	794	8800
na	795	9129
na	796	9112
na	797	9164
na	798	9131
na	799	9011
na	800	9047
na	801	9096
na	802	9148
na	803	9166
na	804	8992
na	805	8972
na	806	8929
na	807	9057
na	808	9019
na	809	9127
na	810	9179
na	811	9167
na	812	9211
na	813	9231
na	814	9294
na	815	9221
na	816	9111
na	817	9174
na	818	9086
na	819	9472
na	820	9486
na	821	9582
na	822	9784
na	823	9795
na	824	9867
na	825	9884
na	826	9843
na	827	9942
na	828	9693
na	829	9678
na	830	9697
na	831	9615
na	832	10042
na	833	10032
na	834	10218
na	835	10298
na	836	10280
na	837	10841
na	838	10853
na	839	10910
na	840	10900
na	841	10552
na	842	10634
na	843	10503
na	844	10377
na	845	10538
na	846	10309
na	847	10340
na	848	10291
na	849	10343
na	850	10321
na	851	10246
na	852	10332
na	853	10218
na	854	10096
na	855	10009
na	856	10010
na	857	10002
na	858	9913
na	859	10088
na	860	10170
na	861	10126
na	862	10187
na	863	10083
na	864	10056
na	865	10243
na	866	10140
na	867	10104
na	868	9997
na	869	9665
na	870	9686
na	871	9601
na	872	9587
na	873	9585
na	874	9303
na	875	9403
na	876	9566
na	877	9614
na	878	9594
na	879	10045
na	880	10337
na	881	10911
na	882	10930
na	883	11197
na	884	10767
na	885	10768
na	886	10477
na	887	10542
na	888	9681
na	889	9687
na	890	8466
na	891	8538
na	892	8103
na	893	8389
na	894	8315
na	895	8378
na	896	8361
na	897	8193
na	898	8205
na	899	8206
na	900	8280
na	901	8260
na	902	8265
na	903	8072
na	904	8087
na	905	8067
na	906	8075
na	907	8023
na	908	7993
na	909	7913
na	910	7837
na	911	7550
na	912	7683
na	913	7837
na	914	7845
na	915	7845
na	916	7852
na	917	7835
na	918	7803
na	919	7773
na	920	7784
na	921	7513
na	922	7383
na	923	7397
na	924	7404
na	925	7345
na	926	7364
na	927	7318
na	928	7376
na	929	7407
na	930	7409
na	931	7295
na	932	7179
na	933	7158
na	934	7231
na	935	7136
na	936	7094
na	937	6968
na	938	6771
na	939	6792
na	940	6810
na	941	6791
na	942	6774
na	943	6431
na	944	6433
na	945	6529
na	946	6534
na	947	6537
na	948	6535
na	949	6493
na	950	6513
na	951	6528
na	952	6499
na	953	6741
na	954	6497
na	955	6902
na	956	6911
na	957	6913
na	958	6969
na	959	6945
na	960	6940
na	961	6973
na	962	6641
na	963	8476
na	964	8380
na	965	8581
na	966	9576
na	967	9762
na	968	10617
na	969	10681
na	970	10662
na	971	10773
na	972	10040
na	973	10163
na	974	10162
na	975	9484
na	976	9548
na	977	9258
na	978	9311
na	979	9352
na	980	9334
na	981	9407
na	982	9345
na	983	9471
na	984	9854
na	985	9895
na	986	9917
na	987	9898
na	988	9951
na	989	9996
na	990	10039
na	991	10025
na	992	10035
na	993	9968
na	994	10097
na	995	10142
na	996	10136
na	997	10153
na	998	10136
na	999	10137
na	1000	10153
na	1001	10291
na	1002	10305
na	1003	10293
na	1004	10337
na	1005	10360
na	1006	10405
na	1007	10552
na	1008	10564
na	1009	10560
na	1010	10466
na	1011	10490
na	1012	10570
na	1013	10515
na	1014	10481
na	1015	10450
na	1016	10308
na	1017	10429
na	1018	10432
na	1019	10476
na	1020	10428
na	1021	10476
na	1022	10526
na	1023	10533
na	1024	10557
na	1025	10508
na	1026	10202
na	1027	10514
na	1028	10497
na	1029	10524
na	1030	10397
na	1031	10321
na	1032	10173
na	1033	10179
na	1034	10493
na	1035	10438
na	1036	10196
na	1037	10364
na	1038	10253
na	1039	10568
na	1040	10471
na	1041	10468
na	1042	10385
na	1043	9812
na	1044	9770
na	1045	9651
na	1046	9440
na	1047	9529
na	1048	8974
na	1049	8990
na	1050	8864
na	1051	8816
na	1052	8808
na	1053	8682
na	1054	8858
na	1055	8636
na	1056	8806
na	1057	8773
na	1058	8600
na	1059	8576
na	1060	8546
na	1061	8464
na	1062	8518
na	1063	8198
na	1064	8203
na	1065	7899
na	1066	7971
na	1067	8026
na	1068	8075
na	1069	8294
na	1070	8278
na	1071	8368
na	1072	8322
na	1073	8326
na	1074	8566
na	1075	8566
na	1076	8712
na	1077	8684
na	1078	8533
na	1079	8934
na	1080	8989
na	1081	10210
na	1082	10191
na	1083	10092
na	1084	10098
na	1085	9981
na	1086	10000
na	1087	10080
na	1088	10083
na	1089	10121
na	1090	9318
na	1091	9421
na	1092	9541
na	1093	9648
na	1094	9758
na	1095	9709
na	1096	9678
na	1097	9570
na	1098	9577
na	1099	9838
na	1100	9844
na	1101	9830
na	1102	9945
na	1103	9876
na	1104	9922
na	1105	9957
na	1106	9912
na	1107	9981
na	1108	9769
na	1109	9774
na	1110	9735
na	1111	9815
na	1112	9819
na	1113	9674
na	1114	9608
na	1115	9603
na	1116	9840
na	1117	9883
na	1118	10399
na	1119	10410
na	1120	10390
na	1121	10363
na	1122	10380
na	1123	10406
na	1124	10423
na	1125	10181
na	1126	10527
na	1127	10256
na	1128	10266
na	1129	10563
na	1130	10573
na	1131	10565
na	1132	10584
na	1133	10608
na	1134	10665
na	1135	10656
na	1136	10706
na	1137	10716
na	1138	10463
na	1139	10836
na	1140	10913
na	1141	11131
na	1142	11165
na	1143	11116
na	1144	11090
na	1145	11093
na	1146	11155
na	1147	11224
na	1148	10968
na	1149	11098
na	1150	11013
na	1151	11104
na	1152	11136
na	1153	11123
na	1154	11221
na	1155	11275
na	1156	11332
na	1157	11396
na	1158	11285
na	1159	11376
na	1160	11628
na	1161	11619
na	1162	11630
na	1163	11468
na	1164	11710
na	1165	11580
na	1166	11632
na	1167	11614
na	1168	11524
na	1169	11536
na	1170	11638
na	1171	11588
na	1172	11729
na	1173	11453
na	1174	11972
na	1175	12002
na	1176	11982
na	1177	12074
na	1178	11779
na	1179	11774
na	1180	11847
na	1181	11771
na	1182	11721
na	1183	11756
na	1184	11379
na	1185	11446
na	1186	11375
na	1187	11442
na	1188	11756
na	1189	11739
na	1190	11767
na	1191	11749
na	1192	11658
na	1193	11748
na	1194	11701
na	1195	12008
na	1196	11994
na	1197	11480
na	1198	11682
na	1199	11575
na	1200	11694
na	1201	11416
na	1202	11519
na	1203	11626
na	1204	11278
na	1205	11192
na	1206	11316
na	1207	11236
na	1208	11284
na	1209	11210
na	1210	11228
na	1211	11020
na	1212	11042
na	1213	10921
na	1214	10947
na	1215	10812
na	1216	11544
na	1217	11800
na	1218	11851
na	1219	11895
na	1220	11867
na	1221	12773
na	1222	12921
na	1223	13060
na	1224	13066
na	1225	12242
na	1226	12325
na	1227	12119
na	1228	12303
na	1229	12105
na	1230	11315
na	1231	11262
na	1232	11073
na	1233	11083
na	1234	11257
na	1235	11166
na	1236	11222
na	1237	11218
na	1238	11224
na	1239	11323
na	1240	11320
na	1241	11335
na	1242	11331
na	1243	11232
na	1244	11342
na	1245	11380
na	1246	11937
na	1247	11969
na	1248	11965
na	1249	11943
na	1250	11945
na	1251	12099
na	1252	12084
na	1253	12012
na	1254	12017
na	1255	11610
na	1256	11703
na	1257	11645
na	1258	11722
na	1259	11701
na	1260	12230
na	1261	12435
na	1262	12462
na	1263	12476
na	1264	12484
na	1265	12516
na	1266	12643
na	1267	12532
na	1268	12547
na	1269	11521
na	1270	11821
na	1271	11846
na	1272	11856
na	1273	12120
na	1274	11992
na	1275	11845
na	1276	11954
na	1277	12113
na	1278	12133
na	1279	11872
na	1280	11828
na	1281	11878
na	1282	12232
na	1283	12600
na	1284	12648
na	1285	12565
na	1286	12473
na	1287	12380
na	1288	12509
na	1289	12517
na	1290	12494
na	1291	12248
na	1292	11859
na	1293	12294
na	1294	12360
na	1295	12546
na	1296	12539
na	1297	12463
na	1298	13499
na	1299	13737
na	1300	13812
na	1301	13834
na	1302	13339
na	1303	13387
na	1304	13085
na	1305	13105
na	1306	13104
na	1307	12561
na	1308	12142
na	1309	12315
na	1310	12503
na	1311	12623
na	1312	12622
na	1313	12611
na	1314	12652
na	1315	12629
na	1316	12720
na	1317	12771
na	1318	12249
na	1319	12312
na	1320	11935
na	1321	11948
na	1322	11943
na	1323	11863
na	1324	12007
na	1325	11873
na	1326	12010
na	1327	11994
na	1328	11898
na	1329	11886
na	1330	11898
na	1331	11901
na	1332	11886
na	1333	11806
na	1334	11584
na	1335	11611
na	1336	11611
na	1337	11594
na	1338	11593
na	1339	11464
na	1340	11483
na	1341	11470
na	1342	11486
na	1343	11508
na	1344	11318
na	1345	11655
na	1346	11600
na	1347	11594
na	1348	11564
na	1349	11528
na	1350	11620
na	1351	11613
na	1352	11433
na	1353	11363
na	1354	10474
na	1355	10453
na	1356	10418
na	1357	10397
na	1358	10170
na	1359	10074
na	1360	10479
na	1361	10171
na	1362	10269
na	1363	10246
na	1364	10231
na	1365	10266
na	1366	10116
na	1367	10296
na	1368	9852
na	1369	9858
na	1370	8829
na	1371	8786
na	1372	8661
na	1373	8688
na	1374	8457
na	1375	8468
na	1376	7744
na	1377	7785
na	1378	7620
na	1379	7729
na	1380	7727
na	1381	7696
na	1382	7476
na	1383	7465
na	1384	7360
na	1385	7449
na	1386	7350
na	1387	7307
na	1388	7144
na	1389	7141
na	1390	7179
na	1391	7182
na	1392	7177
na	1393	7137
na	1394	6822
na	1395	6827
na	1396	6777
na	1397	6750
na	1398	6556
na	1399	6668
na	1400	6602
na	1401	6630
na	1402	6617
na	1403	6565
na	1404	6608
na	1405	6563
na	1406	6565
na	1407	6478
na	1408	5172
na	1409	5204
na	1410	5111
na	1411	5094
na	1412	5078
na	1413	4897
na	1414	4850
na	1415	4812
na	1416	4742
na	1417	4736
na	1418	4522
na	1419	4391
na	1420	4374
na	1421	4249
na	1422	4244
na	1423	4200
na	1424	4186
na	1425	4015
na	1426	3541
na	1427	3498
na	1428	3452
na	1429	3367
na	1430	3361
na	1431	3139
na	1432	3104
na	1433	2243
na	1434	2230
na	1435	2203
na	1436	2199
na	1437	2198
na	1438	2094
na	1439	2088
na	1440	2084
na	1441	2076
na	1442	2060
na	1443	1572
na	1444	1572
na	1445	1572
na	1446	1572
na	1447	1572
na	1448	1572
na	1449	1570
na	1450	1544
na	1451	1525
na	1452	1381
na	1453	1350
na	1454	1155
na	1455	1130
na	1456	1120
na	1457	482
pb2	1	7
pb2	2	8
pb2	3	8
pb2	4	8
pb2	5	9
pb2	6	10
pb2	7	10
pb2	8	10
pb2	9	10
pb2	10	10
pb2	11	10
pb2	12	10
pb2	13	10
pb2	14	10
pb2	15	10
pb2	16	13
pb2	17	13
pb2	18	13
pb2	19	18
pb2	20	18
pb2	21	18
pb2	22	18
pb2	23	18
pb2	24	27
pb2	25	28
pb2	26	30
pb2	27	30
pb2	28	30
pb2	29	30
pb2	30	32
pb2	31	32
pb2	32	32
pb2	33	32
pb2	34	32
pb2	35	34
pb2	36	34
pb2	37	35
pb2	38	38
pb2	39	39
pb2	40	41
pb2	41	41
pb2	42	41
pb2	43	43
pb2	44	45
pb2	45	45
pb2	46	45
pb2	47	45
pb2	48	46
pb2	49	46
pb2	50	46
pb2	51	46
pb2	52	47
pb2	53	49
pb2	54	49
pb2	55	48
pb2	56	48
pb2	57	48
pb2	58	52
pb2	59	53
pb2	60	53
pb2	61	55
pb2	62	56
pb2	63	56
pb2	64	58
pb2	65	58
pb2	66	61
pb2	67	59
pb2	68	59
pb2	69	59
pb2	70	59
pb2	71	59
pb2	72	60
pb2	73	60
pb2	74	61
pb2	75	61
pb2	76	63
pb2	77	64
pb2	78	64
pb2	79	64
pb2	80	64
pb2	81	65
pb2	82	70
pb2	83	70
pb2	84	70
pb2	85	69
pb2	86	69
pb2	87	70
pb2	88	69
pb2	89	69
pb2	90	69
pb2	91	69
pb2	92	69
pb2	93	70
pb2	94	71
pb2	95	73
pb2	96	72
pb2	97	69
pb2	98	69
pb2	99	69
pb2	100	71
pb2	101	69
pb2	102	69
pb2	103	69
pb2	104	69
pb2	105	69
pb2	106	67
pb2	107	65
pb2	108	66
pb2	109	64
pb2	110	64
pb2	111	65
pb2	112	69
pb2	113	68
pb2	114	68
pb2	115	69
pb2	116	71
pb2	117	70
pb2	118	77
pb2	119	77
pb2	120	78
pb2	121	76
pb2	122	76
pb2	123	76
pb2	124	78
pb2	125	78
pb2	126	77
pb2	127	77
pb2	128	78
pb2	129	78
pb2	130	75
pb2	131	79
pb2	132	78
pb2	133	77
pb2	134	77
pb2	135	76
pb2	136	76
pb2	137	77
pb2	138	77
pb2	139	76
pb2	140	74
pb2	141	75
pb2	142	75
pb2	143	74
pb2	144	74
pb2	145	76
pb2	146	75
pb2	147	75
pb2	148	75
pb2	149	74
pb2	150	73
pb2	151	72
pb2	152	71
pb2	153	71
pb2	154	71
pb2	155	69
pb2	156	68
pb2	157	69
pb2	158	70
pb2	159	67
pb2	160	67
pb2	161	67
pb2	162	67
pb2	163	67
pb2	164	71
pb2	165	71
pb2	166	70
pb2	167	69
pb2	168	68
pb2	169	70
pb2	170	72
pb2	171	70
pb2	172	69
pb2	173	67
pb2	174	67
pb2	175	66
pb2	176	65
pb2	177	65
pb2	178	64
pb2	179	64
pb2	180	64
pb2	181	65
pb2	182	65
pb2	183	66
pb2	184	65
pb2	185	65
pb2	186	65
pb2	187	63
pb2	188	63
pb2	189	61
pb2	190	61
pb2	191	62
pb2	192	61
pb2	193	60
pb2	194	60
pb2	195	57
pb2	196	56
pb2	197	57
pb2	198	57
pb2	199	56
pb2	200	58
pb2	201	58
pb2	202	57
pb2	203	55
pb2	204	55
pb2	205	55
pb2	206	56
pb2	207	56
pb2	208	56
pb2	209	56
pb2	210	57
pb2	211	55
pb2	212	55
pb2	213	54
pb2	214	55
pb2	215	56
pb2	216	53
pb2	217	53
pb2	218	53
pb2	219	55
pb2	220	55
pb2	221	54
pb2	222	52
pb2	223	49
pb2	224	49
pb2	225	49
pb2	226	45
pb2	227	44
pb2	228	44
pb2	229	45
pb2	230	45
pb2	231	43
pb2	232	45
pb2	233	45
pb2	234	45
pb2	235	45
pb2	236	45
pb2	237	47
pb2	238	45
pb2	239	46
pb2	240	47
pb2	241	47
pb2	242	46
pb2	243	48
pb2	244	49
pb2	245	49
pb2	246	46
pb2	247	47
pb2	248	48
pb2	249	48
pb2	250	47
pb2	251	47
pb2	252	47
pb2	253	47
pb2	254	48
pb2	255	48
pb2	256	49
pb2	257	48
pb2	258	49
pb2	259	50
pb2	260	50
pb2	261	50
pb2	262	49
pb2	263	49
pb2	264	49
pb2	265	47
pb2	266	47
pb2	267	47
pb2	268	47
pb2	269	47
pb2	270	46
pb2	271	46
pb2	272	47
pb2	273	47
pb2	274	47
pb2	275	47
pb2	276	47
pb2	277	47
pb2	278	47
pb2	279	47
pb2	280	49
pb2	281	48
pb2	282	49
pb2	283	49
pb2	284	49
pb2	285	48
pb2	286	48
pb2	287	48
pb2	288	48
pb2	289	46
pb2	290	49
pb2	291	49
pb2	292	49
pb2	293	49
pb2	294	49
pb2	295	49
pb2	296	49
pb2	297	49
pb2	298	49
pb2	299	48
pb2	300	45
pb2	301	45
pb2	302	45
pb2	303	45
pb2	304	45
pb2	305	45
pb2	306	45
pb2	307	40
pb2	308	40
pb2	309	40
pb2	310	40
pb2	311	40
pb2	312	37
pb2	313	37
pb2	314	37
pb2	315	37
pb2	316	37
pb2	317	37
pb2	318	34
pb2	319	34
pb2	320	34
pb2	321	35
pb2	322	35
pb2	323	35
pb2	324	37
pb2	325	37
pb2	326	37
pb2	327	37
pb2	328	37
pb2	329	37
pb2	330	30
pb2	331	30
pb2	332	30
pb2	333	31
pb2	334	31
pb2	335	31
pb2	336	31
pb2	337	31
pb2	338	30
pb2	339	30
pb2	340	29
pb2	341	29
pb2	342	29
pb2	343	30
pb2	344	30
pb2	345	30
pb2	346	30
pb2	347	30
pb2	348	29
pb2	349	29
pb2	350	27
pb2	351	26
pb2	352	26
pb2	353	26
pb2	354	22
pb2	355	22
pb2	356	22
pb2	357	22
pb2	358	22
pb2	359	22
pb2	360	22
pb2	361	22
pb2	362	22
pb2	363	22
pb2	364	22
pb2	365	22
pb2	366	21
pb2	367	20
pb2	368	14
pb2	369	10
pb2	370	10
pb2	371	10
pb2	372	10
pb2	373	10
pb2	374	10
pb2	375	10
pb2	376	9
pb2	377	9
pb2	378	7
pb2	379	7
pb2	380	7
pb2	381	7
pb2	382	7
pb2	383	7
pb2	384	7
pb2	385	7
pb2	386	7
pb2	387	7
pb2	388	7
pb2	389	7
pb2	390	7
pb2	391	7
pb2	392	7
pb2	393	7
pb2	394	7
pb2	395	7
pb2	396	7
pb2	397	7
pb2	398	7
pb2	399	7
pb2	400	7
pb2	401	7
pb2	402	6
pb2	403	6
pb2	404	6
pb2	405	6
pb2	406	6
pb2	407	6
pb2	408	4
pb2	409	4
pb2	410	4
pb2	411	4
pb2	412	6
pb2	413	6
pb2	414	6
pb2	415	6
pb2	416	6
pb2	417	6
pb2	418	6
pb2	419	7
pb2	420	7
pb2	421	7
pb2	422	7
pb2	423	6
pb2	424	6
pb2	425	6
pb2	426	6
pb2	427	6
pb2	428	6
pb2	429	6
pb2	430	6
pb2	431	6
pb2	432	6
pb2	433	5
pb2	434	5
pb2	435	5
pb2	436	5
pb2	437	5
pb2	438	5
pb2	439	5
pb2	440	5
pb2	441	5
pb2	442	5
pb2	443	5
pb2	444	5
pb2	445	14
pb2	446	14
pb2	447	14
pb2	448	15
pb2	449	15
pb2	450	15
pb2	451	15
pb2	452	15
pb2	453	15
pb2	454	15
pb2	455	15
pb2	456	15
pb2	457	15
pb2	458	15
pb2	459	15
pb2	460	15
pb2	461	15
pb2	462	15
pb2	463	18
pb2	464	18
pb2	465	18
pb2	466	18
pb2	467	18
pb2	468	18
pb2	469	18
pb2	470	17
pb2	471	17
pb2	472	17
pb2	473	17
pb2	474	17
pb2	475	17
pb2	476	17
pb2	477	17
pb2	478	17
pb2	479	17
pb2	480	17
pb2	481	17
pb2	482	17
pb2	483	17
pb2	484	17
pb2	485	18
pb2	486	18
pb2	487	18
pb2	488	18
pb2	489	18
pb2	490	18
pb2	491	17
pb2	492	17
pb2	493	16
pb2	494	16
pb2	495	13
pb2	496	13
pb2	497	13
pb2	498	13
pb2	499	13
pb2	500	12
pb2	501	12
pb2	502	13
pb2	503	13
pb2	504	13
pb2	505	13
pb2	506	13
pb2	507	11
pb2	508	12
pb2	509	13
pb2	510	13
pb2	511	13
pb2	512	13
pb2	513	11
pb2	514	11
pb2	515	11
pb2	516	11
pb2	517	11
pb2	518	10
pb2	519	10
pb2	520	10
pb2	521	10
pb2	522	10
pb2	523	10
pb2	524	10
pb2	525	10
pb2	526	10
pb2	527	10
pb2	528	10
pb2	529	10
pb2	530	10
pb2	531	10
pb2	532	10
pb2	533	10
pb2	534	10
pb2	535	10
pb2	536	10
pb2	537	10
pb2	538	10
pb2	539	10
pb2	540	10
pb2	541	10
pb2	542	10
pb2	543	10
pb2	544	10
pb2	545	10
pb2	546	11
pb2	547	11
pb2	548	11
pb2	549	11
pb2	550	13
pb2	551	13
pb2	552	13
pb2	553	13
pb2	554	13
pb2	555	13
pb2	556	13
pb2	557	13
pb2	558	13
pb2	559	13
pb2	560	13
pb2	561	13
pb2	562	13
pb2	563	13
pb2	564	13
pb2	565	13
pb2	566	13
pb2	567	13
pb2	568	13
pb2	569	12
pb2	570	12
pb2	571	12
pb2	572	12
pb2	573	8
pb2	574	8
pb2	575	8
pb2	576	8
pb2	577	8
pb2	578	8
pb2	579	8
pb2	580	8
pb2	581	8
pb2	582	8
pb2	583	8
pb2	584	8
pb2	585	8
pb2	586	8
pb2	587	8
pb2	588	8
pb2	589	8
pb2	590	8
pb2	591	8
pb2	592	8
pb2	593	8
pb2	594	8
pb2	595	7
pb2	596	6
pb2	597	6
pb2	598	6
pb2	599	6
pb2	600	6
pb2	601	6
pb2	602	6
pb2	603	6
pb2	604	6
pb2	605	6
pb2	606	6
pb2	607	6
pb2	608	6
pb2	609	6
pb2	610	6
pb2	611	6
pb2	612	5
pb2	613	5
pb2	614	5
pb2	615	5
pb2	616	5
pb2	617	5
pb2	618	5
pb2	619	5
pb2	620	5
pb2	621	5
pb2	622	5
pb2	623	6
pb2	624	6
pb2	625	6
pb2	626	6
pb2	627	6
pb2	628	6
pb2	629	5
pb2	630	5
pb2	631	5
pb2	632	5
pb2	633	5
pb2	634	5
pb2	635	5
pb2	636	4
pb2	637	4
pb2	638	4
pb2	639	6
pb2	640	6
pb2	641	6
pb2	642	6
pb2	643	6
pb2	644	6
pb2	645	6
pb2	646	5
pb2	647	5
pb2	648	5
pb2	649	5
pb2	650	5
pb2	651	5
pb2	652	5
pb2	653	5
pb2	654	5
pb2	655	5
pb2	656	5
pb2	657	4
pb2	658	4
pb2	659	4
pb2	660	4
pb2	661	4
pb2	662	4
pb2	663	4
pb2	664	4
pb2	665	4
pb2	666	4
pb2	667	4
pb2	668	4
pb2	669	4
pb2	670	4
pb2	671	4
pb2	672	4
pb2	673	4
pb2	674	4
pb2	675	4
pb2	676	4
pb2	677	4
pb2	678	4
pb2	679	4
pb2	680	4
pb2	681	4
pb2	682	8
pb2	683	8
pb2	684	8
pb2	685	8
pb2	686	8
pb2	687	8
pb2	688	9
pb2	689	9
pb2	690	9
pb2	691	9
pb2	692	9
pb2	693	9
pb2	694	10
pb2	695	10
pb2	696	10
pb2	697	10
pb2	698	9
pb2	699	9
pb2	700	9
pb2	701	9
pb2	702	9
pb2	703	9
pb2	704	9
pb2	705	9
pb2	706	9
pb2	707	9
pb2	708	8
pb2	709	8
pb2	710	8
pb2	711	8
pb2	712	8
pb2	713	8
pb2	714	8
pb2	715	8
pb2	716	8
pb2	717	8
pb2	718	12
pb2	719	12
pb2	720	12
pb2	721	12
pb2	722	16
pb2	723	17
pb2	724	17
pb2	725	17
pb2	726	17
pb2	727	18
pb2	728	19
pb2	729	19
pb2	730	19
pb2	731	19
pb2	732	19
pb2	733	19
pb2	734	19
pb2	735	19
pb2	736	20
pb2	737	20
pb2	738	20
pb2	739	20
pb2	740	20
pb2	741	20
pb2	742	20
pb2	743	20
pb2	744	20
pb2	745	20
pb2	746	20
pb2	747	20
pb2	748	20
pb2	749	20
pb2	750	21
pb2	751	21
pb2	752	21
pb2	753	21
pb2	754	22
pb2	755	22
pb2	756	22
pb2	757	23
pb2	758	23
pb2	759	23
pb2	760	23
pb2	761	23
pb2	762	23
pb2	763	25
pb2	764	25
pb2	765	25
pb2	766	25
pb2	767	25
pb2	768	25
pb2	769	25
pb2	770	25
pb2	771	25
pb2	772	25
pb2	773	25
pb2	774	25
pb2	775	25
pb2	776	25
pb2	777	25
pb2	778	25
pb2	779	25
pb2	780	24
pb2	781	24
pb2	782	23
pb2	783	23
pb2	784	24
pb2	785	24
pb2	786	24
pb2	787	24
pb2	788	24
pb2	789	22
pb2	790	22
pb2	791	22
pb2	792	22
pb2	793	24
pb2	794	24
pb2	795	25
pb2	796	25
pb2	797	23
pb2	798	22
pb2	799	22
pb2	800	22
pb2	801	22
pb2	802	23
pb2	803	25
pb2	804	28
pb2	805	28
pb2	806	27
pb2	807	26
pb2	808	25
pb2	809	25
pb2	810	24
pb2	811	24
pb2	812	24
pb2	813	24
pb2	814	26
pb2	815	28
pb2	816	28
pb2	817	28
pb2	818	28
pb2	819	28
pb2	820	25
pb2	821	25
pb2	822	24
pb2	823	24
pb2	824	24
pb2	825	24
pb2	826	24
pb2	827	24
pb2	828	24
pb2	829	24
pb2	830	24
pb2	831	24
pb2	832	24
pb2	833	24
pb2	834	24
pb2	835	31
pb2	836	31
pb2	837	31
pb2	838	31
pb2	839	31
pb2	840	31
pb2	841	31
pb2	842	31
pb2	843	31
pb2	844	35
pb2	845	35
pb2	846	35
pb2	847	35
pb2	848	35
pb2	849	35
pb2	850	35
pb2	851	35
pb2	852	36
pb2	853	36
pb2	854	39
pb2	855	37
pb2	856	37
pb2	857	37
pb2	858	34
pb2	859	34
pb2	860	34
pb2	861	33
pb2	862	34
pb2	863	34
pb2	864	34
pb2	865	39
pb2	866	39
pb2	867	39
pb2	868	39
pb2	869	41
pb2	870	41
pb2	871	41
pb2	872	41
pb2	873	40
pb2	874	43
pb2	875	43
pb2	876	45
pb2	877	44
pb2	878	44
pb2	879	44
pb2	880	44
pb2	881	43
pb2	882	42
pb2	883	42
pb2	884	42
pb2	885	42
pb2	886	45
pb2	887	46
pb2	888	46
pb2	889	46
pb2	890	46
pb2	891	46
pb2	892	50
pb2	893	50
pb2	894	50
pb2	895	50
pb2	896	49
pb2	897	49
pb2	898	54
pb2	899	55
pb2	900	56
pb2	901	56
pb2	902	55
pb2	903	54
pb2	904	55
pb2	905	55
pb2	906	54
pb2	907	55
pb2	908	55
pb2	909	56
pb2	910	56
pb2	911	56
pb2	912	57
pb2	913	57
pb2	914	58
pb2	915	58
pb2	916	57
pb2	917	57
pb2	918	57
pb2	919	57
pb2	920	57
pb2	921	57
pb2	922	56
pb2	923	56
pb2	924	56
pb2	925	56
pb2	926	56
pb2	927	56
pb2	928	56
pb2	929	56
pb2	930	56
pb2	931	61
pb2	932	61
pb2	933	61
pb2	934	61
pb2	935	62
pb2	936	63
pb2	937	65
pb2	938	65
pb2	939	65
pb2	940	65
pb2	941	65
pb2	942	65
pb2	943	65
pb2	944	66
pb2	945	66
pb2	946	67
pb2	947	69
pb2	948	69
pb2	949	70
pb2	950	70
pb2	951	69
pb2	952	73
pb2	953	73
pb2	954	71
pb2	955	67
pb2	956	65
pb2	957	66
pb2	958	66
pb2	959	66
pb2	960	66
pb2	961	64
pb2	962	65
pb2	963	64
pb2	964	64
pb2	965	63
pb2	966	61
pb2	967	60
pb2	968	59
pb2	969	60
pb2	970	60
pb2	971	58
pb2	972	58
pb2	973	58
pb2	974	57
pb2	975	56
pb2	976	56
pb2	977	57
pb2	978	59
pb2	979	58
pb2	980	59
pb2	981	59
pb2	982	57
pb2	983	56
pb2	984	56
pb2	985	56
pb2	986	56
pb2	987	56
pb2	988	55
pb2	989	56
pb2	990	57
pb2	991	57
pb2	992	57
pb2	993	57
pb2	994	56
pb2	995	56
pb2	996	55
pb2	997	54
pb2	998	55
pb2	999	55
pb2	1000	53
pb2	1001	52
pb2	1002	52
pb2	1003	51
pb2	1004	51
pb2	1005	51
pb2	1006	52
pb2	1007	53
pb2	1008	54
pb2	1009	54
pb2	1010	54
pb2	1011	54
pb2	1012	52
pb2	1013	55
pb2	1014	56
pb2	1015	55
pb2	1016	54
pb2	1017	53
pb2	1018	51
pb2	1019	51
pb2	1020	51
pb2	1021	51
pb2	1022	50
pb2	1023	49
pb2	1024	49
pb2	1025	53
pb2	1026	53
pb2	1027	52
pb2	1028	53
pb2	1029	54
pb2	1030	53
pb2	1031	52
pb2	1032	52
pb2	1033	53
pb2	1034	53
pb2	1035	53
pb2	1036	52
pb2	1037	52
pb2	1038	52
pb2	1039	55
pb2	1040	53
pb2	1041	53
pb2	1042	52
pb2	1043	52
pb2	1044	52
pb2	1045	53
pb2	1046	53
pb2	1047	53
pb2	1048	51
pb2	1049	48
pb2	1050	48
pb2	1051	50
pb2	1052	50
pb2	1053	50
pb2	1054	51
pb2	1055	51
pb2	1056	51
pb2	1057	51
pb2	1058	52
pb2	1059	55
pb2	1060	54
pb2	1061	54
pb2	1062	54
pb2	1063	54
pb2	1064	54
pb2	1065	52
pb2	1066	52
pb2	1067	52
pb2	1068	52
pb2	1069	50
pb2	1070	51
pb2	1071	53
pb2	1072	52
pb2	1073	52
pb2	1074	52
pb2	1075	53
pb2	1076	53
pb2	1077	53
pb2	1078	53
pb2	1079	54
pb2	1080	50
pb2	1081	50
pb2	1082	50
pb2	1083	51
pb2	1084	51
pb2	1085	52
pb2	1086	52
pb2	1087	51
pb2	1088	53
pb2	1089	52
pb2	1090	53
pb2	1091	57
pb2	1092	58
pb2	1093	65
pb2	1094	73
pb2	1095	198
pb2	1096	3074
pb2	1097	3165
pb2	1098	3388
pb2	1099	3600
pb2	1100	3702
pb2	1101	4903
pb2	1102	8021
pb2	1103	20252
pb2	1104	22300
pb2	1105	22636
pb2	1106	23258
pb2	1107	23343
pb2	1108	25487
pb2	1109	25602
pb2	1110	25787
pb2	1111	26803
pb2	1112	26999
pb2	1113	29349
pb2	1114	29431
pb2	1115	32423
pb2	1116	33750
pb2	1117	33920
pb2	1118	35124
pb2	1119	35195
pb2	1120	35814
pb2	1121	36028
pb2	1122	37823
pb2	1123	39245
pb2	1124	39312
pb2	1125	39686
pb2	1126	40157
pb2	1127	41638
pb2	1128	41836
pb2	1129	41875
pb2	1130	42292
pb2	1131	42474
pb2	1132	42542
pb2	1133	43321
pb2	1134	43477
pb2	1135	43800
pb2	1136	44124
pb2	1137	44197
pb2	1138	44279
pb2	1139	44778
pb2	1140	44843
pb2	1141	45393
pb2	1142	45535
pb2	1143	45654
pb2	1144	46823
pb2	1145	47027
pb2	1146	47451
pb2	1147	47652
pb2	1148	47715
pb2	1149	48373
pb2	1150	48386
pb2	1151	48650
pb2	1152	48920
pb2	1153	48892
pb2	1154	48861
pb2	1155	48799
pb2	1156	49120
pb2	1157	49202
pb2	1158	49003
pb2	1159	49232
pb2	1160	51341
pb2	1161	51363
pb2	1162	51269
pb2	1163	51488
pb2	1164	51471
pb2	1165	51653
pb2	1166	52074
pb2	1167	51910
pb2	1168	51976
pb2	1169	50924
pb2	1170	51739
pb2	1171	51749
pb2	1172	51577
pb2	1173	51596
pb2	1174	51433
pb2	1175	55099
pb2	1176	56489
pb2	1177	56568
pb2	1178	56488
pb2	1179	56373
pb2	1180	56931
pb2	1181	57715
pb2	1182	56848
pb2	1183	57155
pb2	1184	53885
pb2	1185	53794
pb2	1186	53599
pb2	1187	55221
pb2	1188	55074
pb2	1189	54979
pb2	1190	54940
pb2	1191	54622
pb2	1192	54366
pb2	1193	56025
pb2	1194	56422
pb2	1195	56755
pb2	1196	56160
pb2	1197	56293
pb2	1198	56795
pb2	1199	56438
pb2	1200	56479
pb2	1201	56565
pb2	1202	55094
pb2	1203	57417
pb2	1204	56478
pb2	1205	56001
pb2	1206	53923
pb2	1207	53470
pb2	1208	53155
pb2	1209	52206
pb2	1210	52097
pb2	1211	52071
pb2	1212	50876
pb2	1213	50907
pb2	1214	50665
pb2	1215	51686
pb2	1216	52376
pb2	1217	54313
pb2	1218	53915
pb2	1219	54363
pb2	1220	54634
pb2	1221	55097
pb2	1222	57454
pb2	1223	57965
pb2	1224	57208
pb2	1225	57197
pb2	1226	55566
pb2	1227	56046
pb2	1228	56257
pb2	1229	56390
pb2	1230	56174
pb2	1231	56569
pb2	1232	57032
pb2	1233	57693
pb2	1234	60469
pb2	1235	60451
pb2	1236	60913
pb2	1237	60705
pb2	1238	62291
pb2	1239	62790
pb2	1240	62421
pb2	1241	64987
pb2	1242	64670
pb2	1243	66210
pb2	1244	65315
pb2	1245	64969
pb2	1246	65080
pb2	1247	64185
pb2	1248	64919
pb2	1249	65075
pb2	1250	63612
pb2	1251	64176
pb2	1252	63142
pb2	1253	63903
pb2	1254	62881
pb2	1255	62618
pb2	1256	63994
pb2	1257	68760
pb2	1258	69613
pb2	1259	69249
pb2	1260	68707
pb2	1261	68594
pb2	1262	68485
pb2	1263	68564
pb2	1264	68364
pb2	1265	68204
pb2	1266	65412
pb2	1267	67409
pb2	1268	67574
pb2	1269	67586
pb2	1270	68159
pb2	1271	68107
pb2	1272	68441
pb2	1273	68287
pb2	1274	68406
pb2	1275	68010
pb2	1276	69410
pb2	1277	70119
pb2	1278	70450
pb2	1279	70703
pb2	1280	70519
pb2	1281	71409
pb2	1282	71408
pb2	1283	71258
pb2	1284	71270
pb2	1285	70816
pb2	1286	70984
pb2	1287	71819
pb2	1288	71979
pb2	1289	72283
pb2	1290	72622
pb2	1291	71886
pb2	1292	71686
pb2	1293	71556
pb2	1294	70998
pb2	1295	71628
pb2	1296	72319
pb2	1297	72658
pb2	1298	72502
pb2	1299	72215
pb2	1300	72141
pb2	1301	72070
pb2	1302	72182
pb2	1303	72368
pb2	1304	71534
pb2	1305	71515
pb2	1306	71589
pb2	1307	71621
pb2	1308	72635
pb2	1309	72268
pb2	1310	71844
pb2	1311	72467
pb2	1312	71989
pb2	1313	74372
pb2	1314	74267
pb2	1315	74525
pb2	1316	74956
pb2	1317	73705
pb2	1318	73830
pb2	1319	73903
pb2	1320	74460
pb2	1321	74831
pb2	1322	72928
pb2	1323	72905
pb2	1324	72882
pb2	1325	71713
pb2	1326	74162
pb2	1327	74524
pb2	1328	74752
pb2	1329	76690
pb2	1330	76225
pb2	1331	76216
pb2	1332	76101
pb2	1333	75797
pb2	1334	75550
pb2	1335	72422
pb2	1336	72276
pb2	1337	70465
pb2	1338	77772
pb2	1339	77387
pb2	1340	78258
pb2	1341	78597
pb2	1342	78614
pb2	1343	78424
pb2	1344	78305
pb2	1345	78219
pb2	1346	78050
pb2	1347	77085
pb2	1348	73209
pb2	1349	74890
pb2	1350	75120
pb2	1351	75339
pb2	1352	76279
pb2	1353	76044
pb2	1354	75883
pb2	1355	75896
pb2	1356	75155
pb2	1357	75347
pb2	1358	74429
pb2	1359	74692
pb2	1360	74732
pb2	1361	74227
pb2	1362	74615
pb2	1363	75150
pb2	1364	76030
pb2	1365	76273
pb2	1366	76308
pb2	1367	76224
pb2	1368	77500
pb2	1369	78603
pb2	1370	79010
pb2	1371	79581
pb2	1372	79093
pb2	1373	79104
pb2	1374	79013
pb2	1375	79039
pb2	1376	79672
pb2	1377	80221
pb2	1378	80567
pb2	1379	80492
pb2	1380	80507
pb2	1381	80823
pb2	1382	80318
pb2	1383	81956
pb2	1384	83004
pb2	1385	82965
pb2	1386	83549
pb2	1387	83391
pb2	1388	84565
pb2	1389	84519
pb2	1390	85076
pb2	1391	84424
pb2	1392	84762
pb2	1393	81974
pb2	1394	82900
pb2	1395	82765
pb2	1396	84360
pb2	1397	83837
pb2	1398	84495
pb2	1399	84161
pb2	1400	83992
pb2	1401	84377
pb2	1402	84858
pb2	1403	84953
pb2	1404	84056
pb2	1405	83241
pb2	1406	82434
pb2	1407	83507
pb2	1408	83388
pb2	1409	83784
pb2	1410	84128
pb2	1411	84062
pb2	1412	86942
pb2	1413	87320
pb2	1414	88152
pb2	1415	88479
pb2	1416	86713
pb2	1417	87163
pb2	1418	87691
pb2	1419	89387
pb2	1420	89549
pb2	1421	88600
pb2	1422	87560
pb2	1423	87822
pb2	1424	89877
pb2	1425	90082
pb2	1426	89889
pb2	1427	89045
pb2	1428	88629
pb2	1429	89252
pb2	1430	90723
pb2	1431	90987
pb2	1432	91213
pb2	1433	90225
pb2	1434	90250
pb2	1435	90341
pb2	1436	98040
pb2	1437	97965
pb2	1438	98600
pb2	1439	98053
pb2	1440	97434
pb2	1441	97325
pb2	1442	97837
pb2	1443	98941
pb2	1444	100140
pb2	1445	93718
pb2	1446	94277
pb2	1447	95324
pb2	1448	96301
pb2	1449	96683
pb2	1450	96819
pb2	1451	96293
pb2	1452	96439
pb2	1453	94999
pb2	1454	96754
pb2	1455	97248
pb2	1456	96153
pb2	1457	98907
pb2	1458	98613
pb2	1459	98428
pb2	1460	98480
pb2	1461	98492
pb2	1462	97732
pb2	1463	97589
pb2	1464	96495
pb2	1465	97289
pb2	1466	94959
pb2	1467	96717
pb2	1468	96484
pb2	1469	97738
pb2	1470	97743
pb2	1471	96927
pb2	1472	96263
pb2	1473	97427
pb2	1474	96976
pb2	1475	96972
pb2	1476	95883
pb2	1477	96240
pb2	1478	98097
pb2	1479	96627
pb2	1480	97121
pb2	1481	97195
pb2	1482	95746
pb2	1483	98478
pb2	1484	98675
pb2	1485	98957
pb2	1486	100322
pb2	1487	98625
pb2	1488	98829
pb2	1489	98013
pb2	1490	97631
pb2	1491	115722
pb2	1492	113631
pb2	1493	116557
pb2	1494	116466
pb2	1495	115360
pb2	1496	119590
pb2	1497	119370
pb2	1498	119439
pb2	1499	119279
pb2	1500	105526
pb2	1501	106452
pb2	1502	104606
pb2	1503	105112
pb2	1504	104701
pb2	1505	104854
pb2	1506	105371
pb2	1507	105925
pb2	1508	106396
pb2	1509	106318
pb2	1510	111151
pb2	1511	110648
pb2	1512	111925
pb2	1513	111938
pb2	1514	112896
pb2	1515	113098
pb2	1516	112611
pb2	1517	113033
pb2	1518	113421
pb2	1519	109859
pb2	1520	109734
pb2	1521	107848
pb2	1522	107718
pb2	1523	107368
pb2	1524	107629
pb2	1525	107593
pb2	1526	107705
pb2	1527	110627
pb2	1528	111939
pb2	1529	112989
pb2	1530	113597
pb2	1531	114265
pb2	1532	114539
pb2	1533	114795
pb2	1534	115118
pb2	1535	115478
pb2	1536	112530
pb2	1537	113894
pb2	1538	113717
pb2	1539	114345
pb2	1540	115737
pb2	1541	115969
pb2	1542	116108
pb2	1543	115885
pb2	1544	115213
pb2	1545	115652
pb2	1546	114894
pb2	1547	114188
pb2	1548	111636
pb2	1549	112491
pb2	1550	112520
pb2	1551	111651
pb2	1552	111851
pb2	1553	112336
pb2	1554	112977
pb2	1555	111462
pb2	1556	117195
pb2	1557	118242
pb2	1558	123017
pb2	1559	123107
pb2	1560	122220
pb2	1561	123299
pb2	1562	122780
pb2	1563	123639
pb2	1564	123801
pb2	1565	117138
pb2	1566	117325
pb2	1567	112640
pb2	1568	114113
pb2	1569	113581
pb2	1570	114287
pb2	1571	114424
pb2	1572	113996
pb2	1573	114437
pb2	1574	114342
pb2	1575	113960
pb2	1576	114250
pb2	1577	112393
pb2	1578	113379
pb2	1579	113263
pb2	1580	112435
pb2	1581	113038
pb2	1582	112485
pb2	1583	112989
pb2	1584	113076
pb2	1585	112919
pb2	1586	112313
pb2	1587	111543
pb2	1588	111557
pb2	1589	112511
pb2	1590	112143
pb2	1591	112554
pb2	1592	111675
pb2	1593	111736
pb2	1594	111789
pb2	1595	115431
pb2	1596	115369
pb2	1597	114617
pb2	1598	115019
pb2	1599	113340
pb2	1600	113840
pb2	1601	113578
pb2	1602	113933
pb2	1603	112480
pb2	1604	108521
pb2	1605	107680
pb2	1606	107563
pb2	1607	106536
pb2	1608	107241
pb2	1609	105955
pb2	1610	106130
pb2	1611	105384
pb2	1612	105129
pb2	1613	105287
pb2	1614	107210
pb2	1615	106806
pb2	1616	107468
pb2	1617	106589
pb2	1618	106424
pb2	1619	106574
pb2	1620	106722
pb2	1621	106909
pb2	1622	106718
pb2	1623	105113
pb2	1624	104577
pb2	1625	104246
pb2	1626	104170
pb2	1627	105665
pb2	1628	105401
pb2	1629	104717
pb2	1630	104898
pb2	1631	105397
pb2	1632	105009
pb2	1633	104741
pb2	1634	103798
pb2	1635	104111
pb2	1636	101947
pb2	1637	101458
pb2	1638	101787
pb2	1639	101601
pb2	1640	99499
pb2	1641	99222
pb2	1642	95905
pb2	1643	95687
pb2	1644	95822
pb2	1645	95306
pb2	1646	95144
pb2	1647	94447
pb2	1648	94735
pb2	1649	96662
pb2	1650	95543
pb2	1651	95560
pb2	1652	95426
pb2	1653	94267
pb2	1654	102476
pb2	1655	110218
pb2	1656	110947
pb2	1657	110178
pb2	1658	107762
pb2	1659	106192
pb2	1660	109592
pb2	1661	109332
pb2	1662	110261
pb2	1663	103321
pb2	1664	86986
pb2	1665	90085
pb2	1666	91941
pb2	1667	92119
pb2	1668	92572
pb2	1669	89730
pb2	1670	96004
pb2	1671	96067
pb2	1672	97724
pb2	1673	98435
pb2	1674	94589
pb2	1675	95165
pb2	1676	95465
pb2	1677	95902
pb2	1678	95566
pb2	1679	89891
pb2	1680	91177
pb2	1681	90210
pb2	1682	90468
pb2	1683	91334
pb2	1684	91476
pb2	1685	91383
pb2	1686	90866
pb2	1687	93032
pb2	1688	93045
pb2	1689	92694
pb2	1690	91678
pb2	1691	91765
pb2	1692	91551
pb2	1693	91565
pb2	1694	91423
pb2	1695	92094
pb2	1696	90448
pb2	1697	90568
pb2	1698	90638
pb2	1699	90881
pb2	1700	90708
pb2	1701	90554
pb2	1702	90288
pb2	1703	90250
pb2	1704	89576
pb2	1705	90068
pb2	1706	89982
pb2	1707	89292
pb2	1708	88968
pb2	1709	88637
pb2	1710	88336
pb2	1711	88332
pb2	1712	87438
pb2	1713	87423
pb2	1714	87204
pb2	1715	86476
pb2	1716	86486
pb2	1717	86812
pb2	1718	87959
pb2	1719	88142
pb2	1720	87721
pb2	1721	88234
pb2	1722	88354
pb2	1723	88974
pb2	1724	88930
pb2	1725	89555
pb2	1726	89715
pb2	1727	88827
pb2	1728	88644
pb2	1729	88818
pb2	1730	90666
pb2	1731	90576
pb2	1732	89969
pb2	1733	90293
pb2	1734	88898
pb2	1735	93473
pb2	1736	91327
pb2	1737	92814
pb2	1738	92682
pb2	1739	85282
pb2	1740	91942
pb2	1741	91539
pb2	1742	90927
pb2	1743	91498
pb2	1744	82179
pb2	1745	84266
pb2	1746	80994
pb2	1747	80286
pb2	1748	79800
pb2	1749	73981
pb2	1750	73314
pb2	1751	72979
pb2	1752	72215
pb2	1753	73073
pb2	1754	71022
pb2	1755	72244
pb2	1756	71568
pb2	1757	71771
pb2	1758	71723
pb2	1759	71583
pb2	1760	72029
pb2	1761	72052
pb2	1762	72224
pb2	1763	71879
pb2	1764	73261
pb2	1765	73997
pb2	1766	74211
pb2	1767	74348
pb2	1768	74184
pb2	1769	73892
pb2	1770	74235
pb2	1771	74291
pb2	1772	75644
pb2	1773	74691
pb2	1774	74700
pb2	1775	74582
pb2	1776	74864
pb2	1777	75416
pb2	1778	75294
pb2	1779	78143
pb2	1780	77963
pb2	1781	77595
pb2	1782	77526
pb2	1783	77607
pb2	1784	77537
pb2	1785	77503
pb2	1786	77352
pb2	1787	76912
pb2	1788	74787
pb2	1789	75295
pb2	1790	75428
pb2	1791	75231
pb2	1792	75020
pb2	1793	75539
pb2	1794	76056
pb2	1795	80791
pb2	1796	82160
pb2	1797	81703
pb2	1798	82079
pb2	1799	81747
pb2	1800	85814
pb2	1801	86156
pb2	1802	85651
pb2	1803	86226
pb2	1804	77733
pb2	1805	77249
pb2	1806	75813
pb2	1807	77132
pb2	1808	77348
pb2	1809	76716
pb2	1810	74787
pb2	1811	76118
pb2	1812	78354
pb2	1813	78637
pb2	1814	78619
pb2	1815	78901
pb2	1816	78239
pb2	1817	78680
pb2	1818	78317
pb2	1819	77842
pb2	1820	78359
pb2	1821	76995
pb2	1822	79338
pb2	1823	79191
pb2	1824	81187
pb2	1825	81404
pb2	1826	81230
pb2	1827	81554
pb2	1828	81981
pb2	1829	80955
pb2	1830	81163
pb2	1831	80544
pb2	1832	79372
pb2	1833	78398
pb2	1834	78432
pb2	1835	79126
pb2	1836	79250
pb2	1837	78986
pb2	1838	79339
pb2	1839	79555
pb2	1840	79793
pb2	1841	80719
pb2	1842	80624
pb2	1843	81608
pb2	1844	81344
pb2	1845	82539
pb2	1846	82576
pb2	1847	81841
pb2	1848	81784
pb2	1849	81658
pb2	1850	81812
pb2	1851	81593
pb2	1852	80496
pb2	1853	81765
pb2	1854	84657
pb2	1855	84626
pb2	1856	84703
pb2	1857	84742
pb2	1858	84812
pb2	1859	84750
pb2	1860	84676
pb2	1861	83525
pb2	1862	84523
pb2	1863	78745
pb2	1864	83833
pb2	1865	83884
pb2	1866	84143
pb2	1867	84366
pb2	1868	83024
pb2	1869	83509
pb2	1870	83584
pb2	1871	86354
pb2	1872	85453
pb2	1873	79568
pb2	1874	79392
pb2	1875	79072
pb2	1876	78950
pb2	1877	78682
pb2	1878	78120
pb2	1879	78197
pb2	1880	74287
pb2	1881	74677
pb2	1882	74735
pb2	1883	74658
pb2	1884	76686
pb2	1885	76168
pb2	1886	76564
pb2	1887	76619
pb2	1888	76540
pb2	1889	76753
pb2	1890	76296
pb2	1891	76473
pb2	1892	76831
pb2	1893	76183
pb2	1894	76450
pb2	1895	76210
pb2	1896	75958
pb2	1897	76514
pb2	1898	76457
pb2	1899	76459
pb2	1900	76937
pb2	1901	76830
pb2	1902	76629
pb2	1903	76780
pb2	1904	76641
pb2	1905	76512
pb2	1906	77677
pb2	1907	77858
pb2	1908	78313
pb2	1909	78365
pb2	1910	77700
pb2	1911	78765
pb2	1912	78514
pb2	1913	79328
pb2	1914	79198
pb2	1915	76909
pb2	1916	77147
pb2	1917	76768
pb2	1918	78148
pb2	1919	78024
pb2	1920	77299
pb2	1921	77487
pb2	1922	75877
pb2	1923	76755
pb2	1924	76453
pb2	1925	77253
pb2	1926	77394
pb2	1927	75967
pb2	1928	76703
pb2	1929	76529
pb2	1930	75829
pb2	1931	76373
pb2	1932	75561
pb2	1933	75606
pb2	1934	74386
pb2	1935	74760
pb2	1936	74316
pb2	1937	75981
pb2	1938	75478
pb2	1939	75850
pb2	1940	75284
pb2	1941	75477
pb2	1942	75533
pb2	1943	76022
pb2	1944	75641
pb2	1945	75144
pb2	1946	72538
pb2	1947	72738
pb2	1948	72027
pb2	1949	72089
pb2	1950	71515
pb2	1951	71344
pb2	1952	73388
pb2	1953	73434
pb2	1954	73580
pb2	1955	73818
pb2	1956	73765
pb2	1957	76289
pb2	1958	76685
pb2	1959	76350
pb2	1960	75660
pb2	1961	73918
pb2	1962	74071
pb2	1963	73651
pb2	1964	75062
pb2	1965	74780
pb2	1966	72468
pb2	1967	72316
pb2	1968	72455
pb2	1969	72664
pb2	1970	70104
pb2	1971	72462
pb2	1972	72788
pb2	1973	70969
pb2	1974	70600
pb2	1975	69415
pb2	1976	69595
pb2	1977	69277
pb2	1978	69070
pb2	1979	69094
pb2	1980	68456
pb2	1981	67466
pb2	1982	70504
pb2	1983	70609
pb2	1984	70982
pb2	1985	71922
pb2	1986	71336
pb2	1987	71729
pb2	1988	71565
pb2	1989	70830
pb2	1990	71825
pb2	1991	68602
pb2	1992	70616
pb2	1993	70529
pb2	1994	69799
pb2	1995	71081
pb2	1996	71179
pb2	1997	72710
pb2	1998	72717
pb2	1999	72077
pb2	2000	73483
pb2	2001	73537
pb2	2002	72733
pb2	2003	72334
pb2	2004	71453
pb2	2005	70195
pb2	2006	69230
pb2	2007	69801
pb2	2008	70854
pb2	2009	71317
pb2	2010	70554
pb2	2011	70929
pb2	2012	71919
pb2	2013	71781
pb2	2014	71317
pb2	2015	70893
pb2	2016	71331
pb2	2017	69873
pb2	2018	70624
pb2	2019	70788
pb2	2020	70072
pb2	2021	69926
pb2	2022	70457
pb2	2023	70192
pb2	2024	70472
pb2	2025	70147
pb2	2026	72150
pb2	2027	71088
pb2	2028	71230
pb2	2029	72024
pb2	2030	71940
pb2	2031	72228
pb2	2032	72354
pb2	2033	72894
pb2	2034	73144
pb2	2035	71363
pb2	2036	71167
pb2	2037	70808
pb2	2038	71276
pb2	2039	71854
pb2	2040	71828
pb2	2041	72114
pb2	2042	71646
pb2	2043	71260
pb2	2044	71568
pb2	2045	71804
pb2	2046	72276
pb2	2047	72101
pb2	2048	73368
pb2	2049	73505
pb2	2050	73696
pb2	2051	73595
pb2	2052	73641
pb2	2053	73125
pb2	2054	73690
pb2	2055	72370
pb2	2056	71871
pb2	2057	70441
pb2	2058	70349
pb2	2059	70605
pb2	2060	70691
pb2	2061	70962
pb2	2062	69842
pb2	2063	69564
pb2	2064	69299
pb2	2065	70833
pb2	2066	71215
pb2	2067	71539
pb2	2068	71543
pb2	2069	69596
pb2	2070	69562
pb2	2071	70175
pb2	2072	70605
pb2	2073	70562
pb2	2074	69138
pb2	2075	70111
pb2	2076	69960
pb2	2077	71484
pb2	2078	72046
pb2	2079	71757
pb2	2080	73331
pb2	2081	73835
pb2	2082	73712
pb2	2083	74246
pb2	2084	72601
pb2	2085	72953
pb2	2086	72589
pb2	2087	70575
pb2	2088	70966
pb2	2089	69129
pb2	2090	70193
pb2	2091	70132
pb2	2092	70513
pb2	2093	69734
pb2	2094	69172
pb2	2095	71842
pb2	2096	70939
pb2	2097	71220
pb2	2098	71383
pb2	2099	70489
pb2	2100	70447
pb2	2101	69817
pb2	2102	69707
pb2	2103	68969
pb2	2104	66727
pb2	2105	66849
pb2	2106	66361
pb2	2107	66548
pb2	2108	66714
pb2	2109	66875
pb2	2110	66486
pb2	2111	66311
pb2	2112	66328
pb2	2113	66127
pb2	2114	65875
pb2	2115	65554
pb2	2116	65209
pb2	2117	64525
pb2	2118	64351
pb2	2119	64228
pb2	2120	64224
pb2	2121	63730
pb2	2122	63212
pb2	2123	63241
pb2	2124	63104
pb2	2125	63854
pb2	2126	63717
pb2	2127	63532
pb2	2128	63817
pb2	2129	63617
pb2	2130	64176
pb2	2131	63938
pb2	2132	63592
pb2	2133	63598
pb2	2134	63353
pb2	2135	63913
pb2	2136	63420
pb2	2137	62503
pb2	2138	62251
pb2	2139	61177
pb2	2140	61346
pb2	2141	65520
pb2	2142	64857
pb2	2143	63485
pb2	2144	62978
pb2	2145	61525
pb2	2146	62798
pb2	2147	62538
pb2	2148	62023
pb2	2149	61909
pb2	2150	53816
pb2	2151	54893
pb2	2152	54452
pb2	2153	54936
pb2	2154	54880
pb2	2155	52980
pb2	2156	54491
pb2	2157	54388
pb2	2158	54195
pb2	2159	54040
pb2	2160	51467
pb2	2161	51896
pb2	2162	50504
pb2	2163	50648
pb2	2164	50653
pb2	2165	48548
pb2	2166	48897
pb2	2167	48792
pb2	2168	48837
pb2	2169	48774
pb2	2170	47364
pb2	2171	48080
pb2	2172	47516
pb2	2173	47513
pb2	2174	47449
pb2	2175	47394
pb2	2176	47419
pb2	2177	47167
pb2	2178	47007
pb2	2179	46934
pb2	2180	45081
pb2	2181	45626
pb2	2182	45336
pb2	2183	45330
pb2	2184	44033
pb2	2185	44251
pb2	2186	44016
pb2	2187	44162
pb2	2188	43897
pb2	2189	43735
pb2	2190	42864
pb2	2191	42574
pb2	2192	42372
pb2	2193	41716
pb2	2194	41030
pb2	2195	40865
pb2	2196	39965
pb2	2197	40495
pb2	2198	38296
pb2	2199	37398
pb2	2200	37056
pb2	2201	36344
pb2	2202	36182
pb2	2203	35844
pb2	2204	35586
pb2	2205	34907
pb2	2206	33314
pb2	2207	32638
pb2	2208	32582
pb2	2209	32388
pb2	2210	32108
pb2	2211	31648
pb2	2212	31765
pb2	2213	31953
pb2	2214	31787
pb2	2215	30917
pb2	2216	30047
pb2	2217	29979
pb2	2218	29963
pb2	2219	29702
pb2	2220	29883
pb2	2221	30401
pb2	2222	29060
pb2	2223	29700
pb2	2224	28826
pb2	2225	28784
pb2	2226	29414
pb2	2227	29385
pb2	2228	28787
pb2	2229	29171
pb2	2230	28770
pb2	2231	28592
pb2	2232	28824
pb2	2233	29805
pb2	2234	29634
pb2	2235	29424
pb2	2236	30127
pb2	2237	30591
pb2	2238	30863
pb2	2239	34724
pb2	2240	34810
pb2	2241	34712
pb2	2242	36348
pb2	2243	36278
pb2	2244	36594
pb2	2245	36623
pb2	2246	36231
pb2	2247	36541
pb2	2248	36015
pb2	2249	38001
pb2	2250	37948
pb2	2251	38153
pb2	2252	38266
pb2	2253	37926
pb2	2254	37829
pb2	2255	37970
pb2	2256	37481
pb2	2257	38189
pb2	2258	35748
pb2	2259	35766
pb2	2260	35455
pb2	2261	35491
pb2	2262	35295
pb2	2263	35229
pb2	2264	34748
pb2	2265	34953
pb2	2266	33681
pb2	2267	33918
pb2	2268	33864
pb2	2269	33826
pb2	2270	33677
pb2	2271	33664
pb2	2272	33484
pb2	2273	33490
pb2	2274	32615
pb2	2275	32563
pb2	2276	31880
pb2	2277	31805
pb2	2278	31577
pb2	2279	31562
pb2	2280	31439
pb2	2281	31300
pb2	2282	31329
pb2	2283	31276
pb2	2284	31201
pb2	2285	31181
pb2	2286	30352
pb2	2287	30250
pb2	2288	30124
pb2	2289	30106
pb2	2290	30034
pb2	2291	29433
pb2	2292	29118
pb2	2293	29042
pb2	2294	28116
pb2	2295	28045
pb2	2296	27904
pb2	2297	27678
pb2	2298	27617
pb2	2299	27487
pb2	2300	27417
pb2	2301	27167
pb2	2302	27104
pb2	2303	26998
pb2	2304	26579
pb2	2305	25494
pb2	2306	22943
pb2	2307	22812
pb2	2308	21345
pb2	2309	21236
pb2	2310	20666
pb2	2311	19321
pb2	2312	19157
pb2	2313	19052
pb2	2314	18923
pb2	2315	18866
pb2	2316	16435
pb2	2317	16372
pb2	2318	15903
pb2	2319	15875
pb2	2320	15839
pb2	2321	15471
pb2	2322	15401
pb2	2323	15335
pb2	2324	15244
pb2	2325	15087
pb2	2326	11244
pb2	2327	10993
pb2	2328	10851
pb2	2329	10840
pb2	2330	10711
pb2	2331	10631
pb2	2332	10515
pb2	2333	10490
pb2	2334	10403
pb2	2335	10277
pb2	2336	10193
pb2	2337	8716
pb2	2338	8330
pb2	2339	8188
pb2	2340	8093
pb2	2341	1532
pa	1	4406
pa	2	5184
pa	3	5239
pa	4	5425
pa	5	5880
pa	6	6029
pa	7	7350
pa	8	7445
pa	9	7571
pa	10	7584
pa	11	7706
pa	12	7912
pa	13	7972
pa	14	7990
pa	15	8029
pa	16	8107
pa	17	8288
pa	18	8406
pa	19	8425
pa	20	8480
pa	21	8526
pa	22	8532
pa	23	8748
pa	24	8793
pa	25	8994
pa	26	9020
pa	27	9192
pa	28	9228
pa	29	9248
pa	30	9275
pa	31	9343
pa	32	9516
pa	33	9542
pa	34	9570
pa	35	9703
pa	36	9727
pa	37	9814
pa	38	9828
pa	39	9855
pa	40	9937
pa	41	9965
pa	42	10217
pa	43	10310
pa	44	10327
pa	45	10389
pa	46	10455
pa	47	10800
pa	48	11028
pa	49	11048
pa	50	11064
pa	51	11079
pa	52	11134
pa	53	11700
pa	54	11736
pa	55	11748
pa	56	11636
pa	57	11596
pa	58	11589
pa	59	11706
pa	60	11741
pa	61	11750
pa	62	11421
pa	63	11445
pa	64	11458
pa	65	11460
pa	66	11439
pa	67	11426
pa	68	11424
pa	69	11427
pa	70	11344
pa	71	11309
pa	72	11309
pa	73	11345
pa	74	11368
pa	75	11390
pa	76	11413
pa	77	11371
pa	78	11360
pa	79	11355
pa	80	11384
pa	81	11316
pa	82	11472
pa	83	11621
pa	84	11518
pa	85	11642
pa	86	11651
pa	87	12019
pa	88	12130
pa	89	12011
pa	90	12403
pa	91	12644
pa	92	12614
pa	93	13175
pa	94	13126
pa	95	13162
pa	96	13050
pa	97	12968
pa	98	13023
pa	99	12748
pa	100	12593
pa	101	12461
pa	102	11871
pa	103	11941
pa	104	11849
pa	105	11944
pa	106	11976
pa	107	11920
pa	108	11910
pa	109	11886
pa	110	11873
pa	111	11971
pa	112	11883
pa	113	11869
pa	114	11799
pa	115	11768
pa	116	11744
pa	117	11734
pa	118	11724
pa	119	11760
pa	120	11638
pa	121	11616
pa	122	11512
pa	123	11544
pa	124	11544
pa	125	11549
pa	126	11538
pa	127	11524
pa	128	11482
pa	129	11481
pa	130	11475
pa	131	11517
pa	132	11488
pa	133	11520
pa	134	11754
pa	135	11919
pa	136	12187
pa	137	12238
pa	138	12860
pa	139	12957
pa	140	12966
pa	141	13112
pa	142	13008
pa	143	13011
pa	144	12564
pa	145	15063
pa	146	14943
pa	147	15736
pa	148	15317
pa	149	15278
pa	150	15010
pa	151	14522
pa	152	14681
pa	153	14563
pa	154	14485
pa	155	12716
pa	156	12659
pa	157	12302
pa	158	12953
pa	159	12984
pa	160	13047
pa	161	13102
pa	162	13088
pa	163	13079
pa	164	13126
pa	165	13416
pa	166	13319
pa	167	12917
pa	168	12917
pa	169	12973
pa	170	13005
pa	171	12946
pa	172	13140
pa	173	13176
pa	174	12989
pa	175	13005
pa	176	13009
pa	177	13306
pa	178	13324
pa	179	13398
pa	180	13448
pa	181	13432
pa	182	13780
pa	183	13785
pa	184	14124
pa	185	14188
pa	186	14068
pa	187	14178
pa	188	14168
pa	189	14235
pa	190	14406
pa	191	14323
pa	192	14304
pa	193	14267
pa	194	14222
pa	195	14330
pa	196	14302
pa	197	14318
pa	198	14231
pa	199	14333
pa	200	14466
pa	201	14614
pa	202	14634
pa	203	14642
pa	204	14553
pa	205	14589
pa	206	14856
pa	207	14878
pa	208	14795
pa	209	15333
pa	210	15226
pa	211	15389
pa	212	15352
pa	213	15328
pa	214	15477
pa	215	15259
pa	216	15317
pa	217	15168
pa	218	14702
pa	219	14673
pa	220	14660
pa	221	14661
pa	222	14653
pa	223	14560
pa	224	14912
pa	225	15016
pa	226	15125
pa	227	15187
pa	228	15192
pa	229	15202
pa	230	15300
pa	231	15321
pa	232	15789
pa	233	15645
pa	234	15521
pa	235	15604
pa	236	15513
pa	237	16355
pa	238	16441
pa	239	16343
pa	240	16337
pa	241	15890
pa	242	15740
pa	243	15680
pa	244	15589
pa	245	15491
pa	246	15529
pa	247	14827
pa	248	15063
pa	249	15211
pa	250	15217
pa	251	15233
pa	252	15209
pa	253	15262
pa	254	15257
pa	255	15258
pa	256	15238
pa	257	14928
pa	258	14774
pa	259	15224
pa	260	15410
pa	261	15480
pa	262	15397
pa	263	15302
pa	264	15274
pa	265	15635
pa	266	15973
pa	267	16060
pa	268	15584
pa	269	15607
pa	270	15543
pa	271	15968
pa	272	15889
pa	273	15904
pa	274	15412
pa	275	15502
pa	276	15445
pa	277	15642
pa	278	15652
pa	279	15384
pa	280	14921
pa	281	14752
pa	282	15812
pa	283	15866
pa	284	15783
pa	285	15694
pa	286	15471
pa	287	15834
pa	288	15878
pa	289	15765
pa	290	15797
pa	291	14452
pa	292	15523
pa	293	15453
pa	294	16195
pa	295	16250
pa	296	15506
pa	297	15891
pa	298	15851
pa	299	15937
pa	300	16028
pa	301	14651
pa	302	15185
pa	303	14542
pa	304	14759
pa	305	14737
pa	306	14825
pa	307	14821
pa	308	14800
pa	309	14888
pa	310	14682
pa	311	14565
pa	312	14726
pa	313	14567
pa	314	14845
pa	315	14467
pa	316	14455
pa	317	14460
pa	318	14323
pa	319	14386
pa	320	14280
pa	321	14263
pa	322	14305
pa	323	14132
pa	324	14229
pa	325	14282
pa	326	14279
pa	327	14284
pa	328	14153
pa	329	14033
pa	330	14224
pa	331	14261
pa	332	14256
pa	333	14246
pa	334	14289
pa	335	14326
pa	336	14447
pa	337	14476
pa	338	14470
pa	339	14435
pa	340	14248
pa	341	14465
pa	342	14553
pa	343	14525
pa	344	14484
pa	345	14370
pa	346	14890
pa	347	14956
pa	348	14905
pa	349	15088
pa	350	14832
pa	351	15030
pa	352	15001
pa	353	14999
pa	354	15013
pa	355	14525
pa	356	14878
pa	357	15351
pa	358	15170
pa	359	15201
pa	360	15060
pa	361	15299
pa	362	15340
pa	363	15296
pa	364	15364
pa	365	14604
pa	366	14389
pa	367	13969
pa	368	13836
pa	369	13842
pa	370	13341
pa	371	13356
pa	372	13338
pa	373	13277
pa	374	13252
pa	375	13182
pa	376	13133
pa	377	13125
pa	378	13108
pa	379	13102
pa	380	13063
pa	381	13045
pa	382	13010
pa	383	12965
pa	384	12867
pa	385	12838
pa	386	12905
pa	387	12862
pa	388	12812
pa	389	12617
pa	390	12493
pa	391	12472
pa	392	12550
pa	393	12548
pa	394	12467
pa	395	12350
pa	396	12354
pa	397	12301
pa	398	12341
pa	399	12319
pa	400	12343
pa	401	11851
pa	402	12130
pa	403	12286
pa	404	12189
pa	405	12202
pa	406	13300
pa	407	13170
pa	408	13575
pa	409	13401
pa	410	13290
pa	411	12820
pa	412	12475
pa	413	12481
pa	414	12670
pa	415	10284
pa	416	11705
pa	417	10868
pa	418	10888
pa	419	10891
pa	420	10559
pa	421	10637
pa	422	10559
pa	423	10304
pa	424	10213
pa	425	9070
pa	426	9162
pa	427	9180
pa	428	9212
pa	429	9246
pa	430	9180
pa	431	9179
pa	432	9176
pa	433	9213
pa	434	9280
pa	435	9473
pa	436	9476
pa	437	9466
pa	438	9418
pa	439	9528
pa	440	9557
pa	441	9532
pa	442	9532
pa	443	9472
pa	444	9249
pa	445	9438
pa	446	9459
pa	447	9505
pa	448	9464
pa	449	9510
pa	450	9500
pa	451	9557
pa	452	10012
pa	453	9989
pa	454	10447
pa	455	10371
pa	456	10738
pa	457	11046
pa	458	11138
pa	459	11133
pa	460	12115
pa	461	11905
pa	462	12190
pa	463	12034
pa	464	12070
pa	465	11980
pa	466	12842
pa	467	12810
pa	468	13168
pa	469	12787
pa	470	12913
pa	471	12949
pa	472	12958
pa	473	13111
pa	474	13162
pa	475	12804
pa	476	13032
pa	477	12876
pa	478	13274
pa	479	13350
pa	480	13232
pa	481	13288
pa	482	13215
pa	483	13420
pa	484	13577
pa	485	13429
pa	486	13447
pa	487	13274
pa	488	13053
pa	489	13122
pa	490	13120
pa	491	13139
pa	492	13109
pa	493	13069
pa	494	13161
pa	495	13156
pa	496	13155
pa	497	13143
pa	498	13194
pa	499	13243
pa	500	13198
pa	501	13267
pa	502	13575
pa	503	13640
pa	504	13813
pa	505	13772
pa	506	13769
pa	507	13690
pa	508	13545
pa	509	13886
pa	510	13662
pa	511	13672
pa	512	13862
pa	513	13736
pa	514	13950
pa	515	13940
pa	516	13908
pa	517	14215
pa	518	13891
pa	519	13922
pa	520	13931
pa	521	13412
pa	522	13601
pa	523	13303
pa	524	13323
pa	525	13325
pa	526	12877
pa	527	13127
pa	528	13011
pa	529	13025
pa	530	13053
pa	531	12733
pa	532	12708
pa	533	12810
pa	534	12943
pa	535	13135
pa	536	12697
pa	537	12654
pa	538	12653
pa	539	12984
pa	540	12901
pa	541	12777
pa	542	12769
pa	543	12539
pa	544	12238
pa	545	12278
pa	546	12269
pa	547	12346
pa	548	11790
pa	549	12266
pa	550	12248
pa	551	12238
pa	552	12257
pa	553	12170
pa	554	13218
pa	555	13144
pa	556	13026
pa	557	12957
pa	558	12105
pa	559	12112
pa	560	12337
pa	561	12274
pa	562	12275
pa	563	11017
pa	564	11037
pa	565	11292
pa	566	11354
pa	567	11307
pa	568	11239
pa	569	10922
pa	570	11306
pa	571	11313
pa	572	11322
pa	573	11448
pa	574	11217
pa	575	12075
pa	576	12230
pa	577	12223
pa	578	12239
pa	579	11776
pa	580	12211
pa	581	12730
pa	582	12608
pa	583	12865
pa	584	12151
pa	585	12354
pa	586	12457
pa	587	12459
pa	588	12535
pa	589	12197
pa	590	11641
pa	591	11647
pa	592	11521
pa	593	11972
pa	594	11865
pa	595	11861
pa	596	11891
pa	597	11857
pa	598	11907
pa	599	11887
pa	600	11950
pa	601	12079
pa	602	11747
pa	603	12067
pa	604	12121
pa	605	12121
pa	606	12080
pa	607	12072
pa	608	12061
pa	609	12063
pa	610	12001
pa	611	11975
pa	612	11636
pa	613	11729
pa	614	11772
pa	615	11728
pa	616	11713
pa	617	11649
pa	618	11636
pa	619	11654
pa	620	11631
pa	621	11649
pa	622	11385
pa	623	11495
pa	624	11438
pa	625	11577
pa	626	11556
pa	627	11484
pa	628	11512
pa	629	11391
pa	630	11290
pa	631	11286
pa	632	11064
pa	633	11043
pa	634	10669
pa	635	10841
pa	636	10841
pa	637	10736
pa	638	10727
pa	639	10736
pa	640	10737
pa	641	10732
pa	642	10699
pa	643	10660
pa	644	10660
pa	645	11356
pa	646	11253
pa	647	11332
pa	648	11317
pa	649	11369
pa	650	11414
pa	651	11359
pa	652	11439
pa	653	11441
pa	654	10499
pa	655	10445
pa	656	10521
pa	657	10609
pa	658	10539
pa	659	10483
pa	660	10470
pa	661	10270
pa	662	10365
pa	663	10382
pa	664	10425
pa	665	10232
pa	666	10109
pa	667	10110
pa	668	10109
pa	669	10058
pa	670	10095
pa	671	10035
pa	672	10096
pa	673	10080
pa	674	10081
pa	675	10102
pa	676	10111
pa	677	10364
pa	678	10335
pa	679	10285
pa	680	10280
pa	681	10317
pa	682	10809
pa	683	10782
pa	684	10697
pa	685	10699
pa	686	10441
pa	687	10478
pa	688	10450
pa	689	10424
pa	690	10465
pa	691	10346
pa	692	10582
pa	693	10688
pa	694	10676
pa	695	10689
pa	696	10605
pa	697	10459
pa	698	10634
pa	699	10537
pa	700	10575
pa	701	10433
pa	702	10388
pa	703	10417
pa	704	10441
pa	705	10242
pa	706	10196
pa	707	10112
pa	708	10784
pa	709	10675
pa	710	10693
pa	711	10660
pa	712	10631
pa	713	10698
pa	714	10623
pa	715	11141
pa	716	11049
pa	717	10788
pa	718	10714
pa	719	11244
pa	720	11270
pa	721	11304
pa	722	11205
pa	723	11292
pa	724	10945
pa	725	10867
pa	726	10606
pa	727	10514
pa	728	10963
pa	729	10989
pa	730	10929
pa	731	10865
pa	732	10761
pa	733	10805
pa	734	10749
pa	735	10735
pa	736	10775
pa	737	10358
pa	738	10408
pa	739	10311
pa	740	10305
pa	741	10441
pa	742	10383
pa	743	10937
pa	744	10928
pa	745	10913
pa	746	11289
pa	747	11318
pa	748	11401
pa	749	11419
pa	750	11307
pa	751	11390
pa	752	10928
pa	753	11075
pa	754	11085
pa	755	11043
pa	756	11044
pa	757	11006
pa	758	11085
pa	759	11113
pa	760	11261
pa	761	11189
pa	762	11128
pa	763	11206
pa	764	11268
pa	765	11284
pa	766	11319
pa	767	11275
pa	768	11312
pa	769	11308
pa	770	11435
pa	771	11604
pa	772	11604
pa	773	11808
pa	774	11819
pa	775	11926
pa	776	11896
pa	777	11889
pa	778	12016
pa	779	11913
pa	780	11747
pa	781	11822
pa	782	11721
pa	783	11802
pa	784	11674
pa	785	11644
pa	786	11854
pa	787	11794
pa	788	11892
pa	789	11884
pa	790	11855
pa	791	12029
pa	792	12142
pa	793	12164
pa	794	12227
pa	795	11830
pa	796	11716
pa	797	11602
pa	798	11609
pa	799	11629
pa	800	11497
pa	801	11473
pa	802	11861
pa	803	11892
pa	804	12410
pa	805	12382
pa	806	12324
pa	807	12390
pa	808	12374
pa	809	12612
pa	810	12681
pa	811	12315
pa	812	12483
pa	813	12038
pa	814	12320
pa	815	12558
pa	816	12404
pa	817	12517
pa	818	12282
pa	819	12126
pa	820	12198
pa	821	11908
pa	822	12665
pa	823	12438
pa	824	15410
pa	825	15362
pa	826	15461
pa	827	15446
pa	828	15807
pa	829	15947
pa	830	16128
pa	831	15836
pa	832	15640
pa	833	13480
pa	834	13785
pa	835	14138
pa	836	14131
pa	837	14002
pa	838	14007
pa	839	14009
pa	840	14059
pa	841	14189
pa	842	14275
pa	843	14300
pa	844	14203
pa	845	14198
pa	846	14994
pa	847	15345
pa	848	15367
pa	849	15383
pa	850	15353
pa	851	15852
pa	852	15802
pa	853	15858
pa	854	15981
pa	855	15588
pa	856	15616
pa	857	15547
pa	858	15533
pa	859	15546
pa	860	15408
pa	861	15617
pa	862	15626
pa	863	15765
pa	864	15812
pa	865	15883
pa	866	15882
pa	867	16065
pa	868	16134
pa	869	16239
pa	870	16238
pa	871	16213
pa	872	16265
pa	873	16319
pa	874	16304
pa	875	16301
pa	876	16374
pa	877	16443
pa	878	16488
pa	879	16476
pa	880	16503
pa	881	16454
pa	882	16378
pa	883	16434
pa	884	17645
pa	885	17681
pa	886	17880
pa	887	17824
pa	888	17857
pa	889	17931
pa	890	17968
pa	891	18120
pa	892	18151
pa	893	16227
pa	894	16317
pa	895	16040
pa	896	16110
pa	897	16091
pa	898	16047
pa	899	16266
pa	900	16111
pa	901	16135
pa	902	16122
pa	903	15988
pa	904	16018
pa	905	15893
pa	906	16290
pa	907	16156
pa	908	15920
pa	909	15754
pa	910	15986
pa	911	16083
pa	912	16165
pa	913	16163
pa	914	16053
pa	915	15648
pa	916	15739
pa	917	15688
pa	918	15722
pa	919	15480
pa	920	15315
pa	921	15248
pa	922	15239
pa	923	14994
pa	924	15217
pa	925	15231
pa	926	15559
pa	927	15451
pa	928	15290
pa	929	15274
pa	930	15180
pa	931	15916
pa	932	15873
pa	933	15617
pa	934	15671
pa	935	14949
pa	936	15900
pa	937	15862
pa	938	15870
pa	939	15854
pa	940	14331
pa	941	14520
pa	942	14141
pa	943	14084
pa	944	14043
pa	945	12804
pa	946	12946
pa	947	12922
pa	948	12980
pa	949	12958
pa	950	12648
pa	951	12665
pa	952	12677
pa	953	12647
pa	954	12543
pa	955	12315
pa	956	12306
pa	957	12221
pa	958	12230
pa	959	12205
pa	960	12207
pa	961	12105
pa	962	12129
pa	963	11929
pa	964	11966
pa	965	11935
pa	966	11924
pa	967	11882
pa	968	11864
pa	969	11775
pa	970	11740
pa	971	11754
pa	972	11394
pa	973	11310
pa	974	11582
pa	975	11686
pa	976	11923
pa	977	11950
pa	978	11947
pa	979	12101
pa	980	11874
pa	981	12266
pa	982	12299
pa	983	12219
pa	984	12162
pa	985	12054
pa	986	12163
pa	987	12214
pa	988	11905
pa	989	13005
pa	990	12545
pa	991	12595
pa	992	12593
pa	993	12478
pa	994	12468
pa	995	12222
pa	996	12168
pa	997	12162
pa	998	11513
pa	999	11551
pa	1000	11598
pa	1001	11596
pa	1002	11668
pa	1003	11730
pa	1004	11763
pa	1005	11824
pa	1006	11722
pa	1007	11696
pa	1008	11609
pa	1009	11833
pa	1010	12112
pa	1011	11978
pa	1012	11897
pa	1013	11848
pa	1014	11690
pa	1015	11599
pa	1016	11705
pa	1017	12608
pa	1018	12329
pa	1019	12234
pa	1020	12069
pa	1021	12521
pa	1022	12606
pa	1023	12612
pa	1024	12562
pa	1025	12378
pa	1026	11933
pa	1027	11569
pa	1028	11333
pa	1029	11337
pa	1030	11134
pa	1031	11088
pa	1032	11239
pa	1033	11322
pa	1034	11302
pa	1035	11172
pa	1036	11088
pa	1037	11109
pa	1038	11123
pa	1039	11215
pa	1040	11208
pa	1041	11110
pa	1042	10890
pa	1043	10744
pa	1044	10847
pa	1045	10930
pa	1046	10871
pa	1047	10858
pa	1048	10887
pa	1049	10943
pa	1050	11034
pa	1051	11047
pa	1052	11058
pa	1053	10851
pa	1054	10862
pa	1055	10821
pa	1056	10847
pa	1057	11473
pa	1058	11393
pa	1059	11342
pa	1060	11316
pa	1061	11298
pa	1062	11294
pa	1063	11283
pa	1064	11168
pa	1065	11254
pa	1066	9990
pa	1067	10135
pa	1068	10117
pa	1069	10183
pa	1070	10164
pa	1071	10141
pa	1072	10118
pa	1073	10015
pa	1074	9525
pa	1075	9526
pa	1076	9249
pa	1077	9248
pa	1078	9267
pa	1079	9078
pa	1080	9097
pa	1081	9075
pa	1082	9022
pa	1083	8984
pa	1084	8841
pa	1085	8883
pa	1086	8822
pa	1087	8773
pa	1088	8743
pa	1089	8702
pa	1090	8697
pa	1091	8721
pa	1092	8718
pa	1093	8738
pa	1094	8790
pa	1095	8673
pa	1096	8677
pa	1097	8657
pa	1098	8860
pa	1099	8830
pa	1100	8788
pa	1101	8801
pa	1102	8666
pa	1103	8571
pa	1104	8894
pa	1105	8897
pa	1106	8859
pa	1107	8804
pa	1108	8385
pa	1109	8429
pa	1110	8245
pa	1111	8204
pa	1112	8223
pa	1113	7735
pa	1114	7800
pa	1115	7842
pa	1116	7892
pa	1117	8174
pa	1118	7957
pa	1119	8044
pa	1120	8066
pa	1121	8053
pa	1122	8169
pa	1123	7901
pa	1124	7915
pa	1125	7928
pa	1126	6845
pa	1127	6889
pa	1128	6754
pa	1129	6762
pa	1130	6821
pa	1131	6621
pa	1132	6851
pa	1133	6806
pa	1134	6836
pa	1135	7293
pa	1136	7422
pa	1137	7376
pa	1138	7418
pa	1139	7314
pa	1140	7513
pa	1141	7401
pa	1142	7426
pa	1143	7439
pa	1144	7273
pa	1145	7268
pa	1146	7251
pa	1147	7360
pa	1148	7398
pa	1149	7324
pa	1150	7388
pa	1151	7400
pa	1152	7397
pa	1153	7412
pa	1154	7449
pa	1155	7439
pa	1156	7492
pa	1157	7536
pa	1158	7554
pa	1159	7567
pa	1160	7508
pa	1161	7526
pa	1162	7609
pa	1163	7886
pa	1164	8006
pa	1165	7988
pa	1166	7974
pa	1167	7959
pa	1168	7875
pa	1169	7857
pa	1170	7881
pa	1171	7883
pa	1172	7671
pa	1173	8001
pa	1174	7978
pa	1175	8422
pa	1176	8398
pa	1177	8399
pa	1178	8392
pa	1179	8369
pa	1180	8702
pa	1181	8730
pa	1182	8538
pa	1183	8532
pa	1184	8330
pa	1185	8366
pa	1186	8371
pa	1187	8371
pa	1188	8341
pa	1189	8284
pa	1190	10765
pa	1191	10791
pa	1192	10894
pa	1193	10940
pa	1194	10982
pa	1195	11045
pa	1196	11067
pa	1197	11036
pa	1198	11431
pa	1199	10171
pa	1200	10779
pa	1201	10848
pa	1202	10864
pa	1203	10937
pa	1204	10886
pa	1205	10950
pa	1206	10941
pa	1207	10643
pa	1208	10684
pa	1209	10461
pa	1210	10485
pa	1211	10498
pa	1212	10445
pa	1213	10423
pa	1214	10478
pa	1215	10402
pa	1216	10575
pa	1217	10540
pa	1218	10498
pa	1219	10740
pa	1220	10773
pa	1221	11173
pa	1222	11180
pa	1223	11249
pa	1224	11247
pa	1225	11107
pa	1226	11195
pa	1227	11218
pa	1228	11157
pa	1229	11199
pa	1230	11034
pa	1231	11237
pa	1232	11206
pa	1233	11282
pa	1234	11294
pa	1235	11323
pa	1236	11332
pa	1237	11301
pa	1238	11483
pa	1239	11538
pa	1240	11466
pa	1241	11631
pa	1242	11759
pa	1243	11838
pa	1244	11839
pa	1245	11831
pa	1246	11849
pa	1247	11626
pa	1248	11774
pa	1249	11921
pa	1250	11926
pa	1251	11735
pa	1252	12152
pa	1253	12198
pa	1254	12285
pa	1255	12249
pa	1256	12249
pa	1257	12620
pa	1258	12516
pa	1259	12549
pa	1260	12535
pa	1261	12268
pa	1262	12304
pa	1263	12387
pa	1264	12600
pa	1265	12698
pa	1266	12506
pa	1267	12572
pa	1268	12682
pa	1269	12718
pa	1270	12939
pa	1271	12928
pa	1272	12788
pa	1273	12752
pa	1274	12608
pa	1275	12774
pa	1276	12686
pa	1277	12683
pa	1278	12576
pa	1279	12602
pa	1280	12573
pa	1281	12580
pa	1282	12595
pa	1283	12547
pa	1284	12582
pa	1285	12660
pa	1286	12638
pa	1287	12634
pa	1288	12606
pa	1289	13018
pa	1290	13196
pa	1291	13153
pa	1292	13162
pa	1293	13114
pa	1294	13329
pa	1295	13509
pa	1296	13509
pa	1297	13549
pa	1298	13334
pa	1299	13560
pa	1300	13625
pa	1301	13633
pa	1302	13631
pa	1303	13590
pa	1304	13873
pa	1305	14163
pa	1306	14100
pa	1307	14109
pa	1308	13807
pa	1309	14324
pa	1310	14421
pa	1311	14457
pa	1312	14465
pa	1313	13959
pa	1314	13689
pa	1315	13689
pa	1316	13915
pa	1317	13958
pa	1318	13560
pa	1319	13521
pa	1320	13573
pa	1321	13777
pa	1322	13761
pa	1323	13763
pa	1324	13785
pa	1325	13558
pa	1326	13564
pa	1327	14056
pa	1328	14079
pa	1329	14098
pa	1330	14044
pa	1331	14080
pa	1332	14068
pa	1333	14178
pa	1334	14104
pa	1335	14752
pa	1336	14394
pa	1337	14635
pa	1338	14648
pa	1339	14637
pa	1340	13974
pa	1341	13987
pa	1342	14042
pa	1343	14169
pa	1344	13806
pa	1345	13992
pa	1346	13810
pa	1347	13958
pa	1348	13946
pa	1349	13907
pa	1350	13981
pa	1351	13700
pa	1352	13620
pa	1353	13764
pa	1354	13768
pa	1355	13774
pa	1356	14103
pa	1357	14034
pa	1358	14239
pa	1359	14179
pa	1360	14187
pa	1361	14227
pa	1362	14101
pa	1363	14011
pa	1364	14052
pa	1365	13517
pa	1366	13575
pa	1367	13312
pa	1368	13331
pa	1369	13566
pa	1370	13552
pa	1371	13644
pa	1372	13672
pa	1373	13588
pa	1374	13686
pa	1375	13855
pa	1376	13843
pa	1377	13958
pa	1378	13775
pa	1379	13575
pa	1380	13660
pa	1381	13597
pa	1382	13582
pa	1383	13554
pa	1384	13261
pa	1385	13288
pa	1386	13119
pa	1387	13161
pa	1388	13228
pa	1389	13038
pa	1390	13356
pa	1391	13501
pa	1392	13463
pa	1393	13682
pa	1394	13564
pa	1395	13794
pa	1396	13744
pa	1397	13664
pa	1398	13898
pa	1399	13238
pa	1400	13390
pa	1401	13300
pa	1402	13382
pa	1403	13312
pa	1404	13065
pa	1405	12925
pa	1406	12663
pa	1407	12674
pa	1408	12460
pa	1409	12896
pa	1410	12365
pa	1411	12681
pa	1412	12458
pa	1413	12642
pa	1414	13026
pa	1415	13087
pa	1416	14654
pa	1417	14275
pa	1418	13975
pa	1419	13948
pa	1420	13816
pa	1421	13930
pa	1422	13899
pa	1423	13533
pa	1424	13534
pa	1425	12440
pa	1426	13447
pa	1427	13511
pa	1428	13545
pa	1429	13728
pa	1430	13643
pa	1431	14375
pa	1432	14401
pa	1433	14460
pa	1434	15201
pa	1435	14642
pa	1436	14657
pa	1437	14656
pa	1438	14541
pa	1439	14601
pa	1440	14631
pa	1441	14633
pa	1442	14648
pa	1443	14720
pa	1444	14343
pa	1445	14553
pa	1446	14551
pa	1447	14572
pa	1448	14568
pa	1449	14363
pa	1450	14715
pa	1451	14743
pa	1452	14689
pa	1453	14755
pa	1454	14656
pa	1455	14654
pa	1456	14696
pa	1457	14792
pa	1458	14755
pa	1459	14434
pa	1460	14567
pa	1461	14816
pa	1462	14780
pa	1463	14786
pa	1464	14774
pa	1465	14721
pa	1466	14713
pa	1467	14699
pa	1468	14682
pa	1469	14388
pa	1470	14344
pa	1471	14141
pa	1472	14276
pa	1473	14306
pa	1474	14323
pa	1475	14317
pa	1476	14362
pa	1477	14413
pa	1478	14642
pa	1479	14699
pa	1480	14757
pa	1481	14590
pa	1482	14592
pa	1483	14802
pa	1484	14849
pa	1485	14720
pa	1486	14582
pa	1487	14114
pa	1488	14401
pa	1489	14186
pa	1490	14192
pa	1491	14174
pa	1492	13650
pa	1493	13889
pa	1494	13874
pa	1495	13924
pa	1496	13983
pa	1497	13391
pa	1498	13429
pa	1499	13455
pa	1500	13418
pa	1501	13443
pa	1502	12818
pa	1503	12745
pa	1504	12675
pa	1505	12661
pa	1506	12626
pa	1507	12309
pa	1508	12345
pa	1509	12342
pa	1510	12313
pa	1511	12191
pa	1512	12259
pa	1513	12227
pa	1514	12260
pa	1515	12295
pa	1516	12306
pa	1517	12299
pa	1518	12076
pa	1519	12394
pa	1520	12359
pa	1521	12220
pa	1522	12273
pa	1523	11773
pa	1524	12228
pa	1525	12156
pa	1526	12126
pa	1527	12202
pa	1528	11583
pa	1529	11669
pa	1530	11569
pa	1531	11376
pa	1532	11357
pa	1533	10908
pa	1534	10712
pa	1535	10979
pa	1536	10985
pa	1537	11397
pa	1538	11180
pa	1539	10955
pa	1540	10949
pa	1541	10897
pa	1542	10633
pa	1543	10765
pa	1544	10648
pa	1545	10551
pa	1546	10176
pa	1547	10272
pa	1548	10217
pa	1549	10296
pa	1550	10279
pa	1551	10292
pa	1552	10560
pa	1553	10578
pa	1554	10603
pa	1555	10604
pa	1556	10532
pa	1557	10571
pa	1558	10555
pa	1559	10557
pa	1560	10892
pa	1561	10699
pa	1562	10686
pa	1563	10703
pa	1564	10691
pa	1565	10864
pa	1566	10799
pa	1567	10713
pa	1568	10805
pa	1569	10629
pa	1570	10707
pa	1571	10771
pa	1572	10790
pa	1573	11153
pa	1574	10947
pa	1575	11522
pa	1576	11972
pa	1577	11826
pa	1578	11855
pa	1579	11874
pa	1580	11895
pa	1581	11930
pa	1582	11705
pa	1583	11704
pa	1584	11435
pa	1585	11391
pa	1586	11087
pa	1587	11119
pa	1588	11039
pa	1589	11160
pa	1590	11008
pa	1591	11108
pa	1592	11129
pa	1593	11184
pa	1594	11388
pa	1595	11411
pa	1596	11396
pa	1597	11392
pa	1598	11289
pa	1599	12222
pa	1600	12162
pa	1601	12422
pa	1602	12411
pa	1603	12471
pa	1604	12509
pa	1605	12636
pa	1606	12654
pa	1607	12695
pa	1608	12048
pa	1609	12088
pa	1610	11844
pa	1611	11930
pa	1612	11916
pa	1613	11820
pa	1614	11810
pa	1615	12053
pa	1616	12314
pa	1617	12372
pa	1618	12370
pa	1619	12349
pa	1620	12268
pa	1621	12467
pa	1622	12546
pa	1623	12644
pa	1624	12518
pa	1625	12321
pa	1626	12317
pa	1627	12372
pa	1628	12352
pa	1629	12471
pa	1630	12320
pa	1631	12442
pa	1632	12366
pa	1633	12547
pa	1634	12569
pa	1635	12716
pa	1636	13027
pa	1637	13016
pa	1638	12997
pa	1639	12985
pa	1640	12836
pa	1641	13271
pa	1642	13244
pa	1643	13232
pa	1644	13178
pa	1645	12823
pa	1646	13103
pa	1647	12937
pa	1648	13605
pa	1649	13545
pa	1650	13398
pa	1651	13543
pa	1652	13535
pa	1653	13571
pa	1654	13599
pa	1655	13739
pa	1656	13830
pa	1657	13356
pa	1658	13404
pa	1659	13251
pa	1660	13346
pa	1661	13363
pa	1662	13360
pa	1663	13477
pa	1664	13195
pa	1665	13120
pa	1666	13063
pa	1667	13214
pa	1668	13281
pa	1669	13856
pa	1670	13787
pa	1671	14081
pa	1672	13994
pa	1673	13955
pa	1674	13966
pa	1675	13892
pa	1676	13800
pa	1677	13949
pa	1678	13162
pa	1679	13288
pa	1680	13028
pa	1681	13676
pa	1682	13768
pa	1683	13738
pa	1684	13713
pa	1685	13641
pa	1686	13342
pa	1687	13518
pa	1688	13421
pa	1689	13411
pa	1690	12976
pa	1691	12840
pa	1692	12866
pa	1693	13110
pa	1694	13207
pa	1695	13575
pa	1696	13425
pa	1697	13446
pa	1698	13467
pa	1699	13465
pa	1700	13594
pa	1701	13761
pa	1702	13636
pa	1703	13797
pa	1704	13614
pa	1705	13800
pa	1706	13837
pa	1707	14096
pa	1708	14125
pa	1709	14207
pa	1710	14161
pa	1711	14122
pa	1712	13973
pa	1713	14341
pa	1714	14059
pa	1715	14070
pa	1716	13940
pa	1717	14007
pa	1718	13745
pa	1719	13719
pa	1720	13408
pa	1721	13455
pa	1722	12950
pa	1723	12945
pa	1724	13142
pa	1725	13028
pa	1726	12847
pa	1727	12810
pa	1728	12863
pa	1729	12885
pa	1730	12865
pa	1731	12840
pa	1732	12701
pa	1733	12549
pa	1734	12292
pa	1735	12496
pa	1736	12505
pa	1737	12504
pa	1738	12497
pa	1739	12436
pa	1740	12478
pa	1741	12550
pa	1742	12502
pa	1743	12498
pa	1744	12365
pa	1745	12575
pa	1746	12582
pa	1747	12629
pa	1748	12629
pa	1749	12691
pa	1750	12575
pa	1751	12545
pa	1752	12490
pa	1753	12475
pa	1754	12282
pa	1755	12438
pa	1756	12428
pa	1757	12523
pa	1758	12300
pa	1759	12336
pa	1760	12321
pa	1761	12364
pa	1762	12918
pa	1763	12868
pa	1764	12776
pa	1765	12630
pa	1766	12369
pa	1767	12339
pa	1768	12284
pa	1769	12354
pa	1770	12354
pa	1771	11741
pa	1772	11688
pa	1773	11611
pa	1774	11623
pa	1775	12062
pa	1776	12054
pa	1777	12124
pa	1778	12096
pa	1779	12226
pa	1780	12633
pa	1781	12653
pa	1782	12666
pa	1783	12670
pa	1784	11946
pa	1785	11972
pa	1786	11877
pa	1787	12037
pa	1788	11984
pa	1789	11824
pa	1790	11883
pa	1791	11895
pa	1792	12007
pa	1793	12061
pa	1794	12080
pa	1795	12155
pa	1796	11884
pa	1797	11904
pa	1798	11804
pa	1799	11727
pa	1800	11704
pa	1801	11675
pa	1802	11335
pa	1803	11436
pa	1804	11219
pa	1805	11364
pa	1806	11246
pa	1807	11144
pa	1808	11124
pa	1809	11321
pa	1810	11385
pa	1811	11372
pa	1812	11162
pa	1813	11150
pa	1814	10806
pa	1815	10866
pa	1816	10977
pa	1817	10970
pa	1818	10731
pa	1819	10671
pa	1820	10593
pa	1821	10588
pa	1822	10553
pa	1823	10563
pa	1824	10475
pa	1825	10717
pa	1826	10806
pa	1827	10824
pa	1828	11217
pa	1829	11215
pa	1830	11226
pa	1831	11213
pa	1832	11083
pa	1833	11092
pa	1834	11508
pa	1835	11475
pa	1836	11518
pa	1837	11068
pa	1838	11014
pa	1839	11194
pa	1840	11302
pa	1841	11272
pa	1842	11235
pa	1843	10690
pa	1844	10807
pa	1845	11167
pa	1846	11179
pa	1847	11216
pa	1848	10990
pa	1849	10923
pa	1850	10908
pa	1851	10884
pa	1852	10946
pa	1853	10656
pa	1854	9989
pa	1855	9970
pa	1856	9913
pa	1857	10027
pa	1858	9940
pa	1859	9939
pa	1860	9885
pa	1861	9827
pa	1862	9749
pa	1863	9748
pa	1864	9668
pa	1865	9654
pa	1866	9663
pa	1867	9572
pa	1868	9709
pa	1869	9857
pa	1870	9970
pa	1871	9986
pa	1872	9935
pa	1873	9949
pa	1874	9968
pa	1875	9933
pa	1876	9914
pa	1877	9845
pa	1878	9718
pa	1879	9634
pa	1880	9625
pa	1881	9719
pa	1882	9738
pa	1883	9812
pa	1884	9778
pa	1885	9906
pa	1886	9939
pa	1887	9964
pa	1888	9971
pa	1889	10031
pa	1890	9910
pa	1891	9982
pa	1892	9849
pa	1893	9841
pa	1894	9724
pa	1895	9705
pa	1896	10071
pa	1897	10337
pa	1898	10314
pa	1899	10264
pa	1900	10227
pa	1901	10258
pa	1902	10270
pa	1903	10423
pa	1904	10472
pa	1905	10253
pa	1906	10260
pa	1907	10194
pa	1908	10258
pa	1909	10415
pa	1910	10372
pa	1911	10397
pa	1912	10280
pa	1913	10022
pa	1914	9948
pa	1915	9909
pa	1916	10233
pa	1917	10242
pa	1918	10071
pa	1919	10517
pa	1920	10473
pa	1921	10700
pa	1922	10755
pa	1923	10708
pa	1924	10747
pa	1925	10421
pa	1926	10417
pa	1927	10450
pa	1928	10141
pa	1929	10034
pa	1930	10319
pa	1931	10115
pa	1932	10450
pa	1933	10412
pa	1934	10443
pa	1935	10431
pa	1936	10281
pa	1937	10438
pa	1938	10360
pa	1939	10006
pa	1940	10019
pa	1941	9736
pa	1942	9783
pa	1943	9714
pa	1944	9756
pa	1945	9784
pa	1946	9647
pa	1947	9808
pa	1948	9777
pa	1949	9818
pa	1950	9842
pa	1951	9807
pa	1952	9849
pa	1953	10032
pa	1954	9969
pa	1955	9981
pa	1956	9821
pa	1957	10161
pa	1958	10145
pa	1959	10321
pa	1960	10293
pa	1961	10239
pa	1962	10240
pa	1963	10088
pa	1964	10054
pa	1965	10048
pa	1966	9723
pa	1967	11153
pa	1968	11227
pa	1969	11341
pa	1970	11313
pa	1971	11621
pa	1972	11637
pa	1973	11788
pa	1974	11795
pa	1975	11767
pa	1976	10627
pa	1977	10183
pa	1978	10034
pa	1979	10112
pa	1980	9982
pa	1981	10205
pa	1982	10154
pa	1983	10120
pa	1984	10130
pa	1985	9894
pa	1986	9909
pa	1987	10003
pa	1988	9926
pa	1989	9830
pa	1990	9681
pa	1991	9686
pa	1992	9703
pa	1993	9685
pa	1994	9767
pa	1995	9945
pa	1996	9762
pa	1997	9929
pa	1998	10067
pa	1999	10085
pa	2000	10107
pa	2001	10072
pa	2002	10091
pa	2003	10123
pa	2004	9893
pa	2005	9965
pa	2006	9963
pa	2007	9990
pa	2008	9990
pa	2009	9988
pa	2010	9995
pa	2011	10011
pa	2012	10069
pa	2013	10097
pa	2014	10033
pa	2015	10044
pa	2016	9991
pa	2017	10030
pa	2018	9950
pa	2019	9965
pa	2020	9895
pa	2021	9843
pa	2022	9872
pa	2023	9917
pa	2024	10051
pa	2025	10089
pa	2026	10095
pa	2027	10174
pa	2028	10109
pa	2029	10558
pa	2030	10529
pa	2031	10537
pa	2032	10539
pa	2033	10263
pa	2034	10357
pa	2035	10407
pa	2036	10393
pa	2037	10343
pa	2038	10858
pa	2039	10546
pa	2040	10562
pa	2041	10561
pa	2042	10598
pa	2043	10555
pa	2044	10554
pa	2045	10390
pa	2046	10344
pa	2047	9538
pa	2048	9962
pa	2049	10164
pa	2050	10145
pa	2051	10028
pa	2052	10004
pa	2053	10037
pa	2054	9968
pa	2055	10024
pa	2056	10167
pa	2057	9607
pa	2058	9400
pa	2059	9403
pa	2060	9417
pa	2061	9410
pa	2062	9332
pa	2063	9370
pa	2064	9214
pa	2065	9150
pa	2066	9286
pa	2067	9294
pa	2068	9302
pa	2069	9549
pa	2070	9551
pa	2071	9603
pa	2072	9503
pa	2073	9482
pa	2074	9493
pa	2075	9491
pa	2076	9489
pa	2077	9676
pa	2078	9523
pa	2079	9623
pa	2080	9554
pa	2081	9487
pa	2082	10402
pa	2083	10433
pa	2084	10421
pa	2085	10438
pa	2086	10030
pa	2087	10039
pa	2088	9858
pa	2089	9957
pa	2090	10413
pa	2091	9782
pa	2092	10590
pa	2093	10602
pa	2094	10619
pa	2095	10674
pa	2096	10597
pa	2097	10625
pa	2098	10623
pa	2099	10126
pa	2100	10343
pa	2101	9766
pa	2102	9873
pa	2103	9892
pa	2104	9875
pa	2105	9854
pa	2106	10136
pa	2107	10153
pa	2108	10154
pa	2109	9926
pa	2110	9927
pa	2111	9898
pa	2112	9877
pa	2113	9842
pa	2114	9916
pa	2115	9916
pa	2116	9945
pa	2117	9824
pa	2118	9792
pa	2119	9780
pa	2120	9893
pa	2121	9967
pa	2122	10068
pa	2123	9966
pa	2124	9891
pa	2125	10066
pa	2126	10146
pa	2127	10516
pa	2128	10509
pa	2129	10456
pa	2130	10466
pa	2131	10323
pa	2132	10340
pa	2133	10345
pa	2134	10390
pa	2135	10297
pa	2136	10191
pa	2137	10242
pa	2138	10283
pa	2139	10278
pa	2140	10377
pa	2141	10448
pa	2142	10654
pa	2143	10648
pa	2144	10682
pa	2145	10730
pa	2146	10598
pa	2147	10628
pa	2148	10654
pa	2149	10612
pa	2150	10642
pa	2151	10393
pa	2152	10398
pa	2153	10509
pa	2154	10626
pa	2155	10620
pa	2156	10541
pa	2157	10562
pa	2158	10513
pa	2159	10643
pa	2160	10489
pa	2161	10455
pa	2162	10335
pa	2163	10200
pa	2164	10171
pa	2165	10299
pa	2166	10192
pa	2167	10310
pa	2168	10045
pa	2169	10151
pa	2170	10069
pa	2171	10038
pa	2172	10004
pa	2173	9914
pa	2174	9482
pa	2175	9487
pa	2176	9163
pa	2177	8907
pa	2178	8554
pa	2179	8299
pa	2180	8264
pa	2181	8263
pa	2182	8237
pa	2183	7993
pa	2184	7847
pa	2185	7794
pa	2186	7780
pa	2187	7679
pa	2188	7596
pa	2189	7574
pa	2190	7562
pa	2191	7504
pa	2192	7478
pa	2193	7107
pa	2194	6968
pa	2195	6869
pa	2196	6777
pa	2197	6717
pa	2198	6360
pa	2199	6342
pa	2200	6315
pa	2201	6261
pa	2202	6194
pa	2203	5925
pa	2204	5918
pa	2205	5798
pa	2206	5769
pa	2207	4532
pa	2208	4287
pa	2209	4054
pa	2210	4010
pa	2211	3989
pa	2212	3808
pa	2213	3802
pa	2214	3791
pa	2215	3766
pa	2216	3706
pa	2217	2208
pa	2218	2201
pa	2219	2163
pa	2220	2131
pa	2221	2121
pa	2222	1968
pa	2223	1953
pa	2224	1866
pa	2225	1851
pa	2226	1802
pa	2227	1744
pa	2228	1713
pa	2229	1584
pa	2230	1498
pa	2231	1465
pa	2232	1431
pa	2233	379
ha	1	5149
ha	2	6036
ha	3	6083
ha	4	6098
ha	5	6469
ha	6	6872
ha	7	6965
ha	8	7030
ha	9	7296
ha	10	7305
ha	11	7513
ha	12	7672
ha	13	8230
ha	14	8309
ha	15	8331
ha	16	8366
ha	17	8534
ha	18	8574
ha	19	8869
ha	20	8939
ha	21	9166
ha	22	9188
ha	23	10352
ha	24	10403
ha	25	10496
ha	26	10541
ha	27	10696
ha	28	10777
ha	29	11236
ha	30	11254
ha	31	11623
ha	32	11671
ha	33	11697
ha	34	11990
ha	35	12058
ha	36	14203
ha	37	14320
ha	38	14382
ha	39	15492
ha	40	15552
ha	41	17887
ha	42	17942
ha	43	17981
ha	44	18012
ha	45	18055
ha	46	18454
ha	47	18542
ha	48	18628
ha	49	19044
ha	50	18892
ha	51	19480
ha	52	19521
ha	53	19665
ha	54	19713
ha	55	19678
ha	56	20030
ha	57	20908
ha	58	21677
ha	59	21704
ha	60	21502
ha	61	21720
ha	62	21707
ha	63	21944
ha	64	22023
ha	65	21957
ha	66	21782
ha	67	22527
ha	68	22754
ha	69	22749
ha	70	22800
ha	71	22828
ha	72	22917
ha	73	22963
ha	74	22978
ha	75	23133
ha	76	22736
ha	77	22865
ha	78	22894
ha	79	22912
ha	80	22928
ha	81	22886
ha	82	23886
ha	83	23875
ha	84	23801
ha	85	23980
ha	86	24002
ha	87	24235
ha	88	24241
ha	89	24220
ha	90	24238
ha	91	23428
ha	92	24096
ha	93	24146
ha	94	24197
ha	95	24287
ha	96	24108
ha	97	24503
ha	98	24531
ha	99	24602
ha	100	24473
ha	101	24165
ha	102	24038
ha	103	24052
ha	104	24100
ha	105	24128
ha	106	25153
ha	107	24738
ha	108	25026
ha	109	24989
ha	110	25022
ha	111	25089
ha	112	25035
ha	113	24987
ha	114	24980
ha	115	24005
ha	116	24338
ha	117	24194
ha	118	24214
ha	119	24193
ha	120	24140
ha	121	24351
ha	122	24420
ha	123	24403
ha	124	24509
ha	125	24198
ha	126	24093
ha	127	24123
ha	128	23933
ha	129	24392
ha	130	24209
ha	131	24217
ha	132	24099
ha	133	23898
ha	134	24139
ha	135	24104
ha	136	24148
ha	137	24313
ha	138	23478
ha	139	23433
ha	140	23296
ha	141	23161
ha	142	23340
ha	143	22784
ha	144	22732
ha	145	22665
ha	146	22460
ha	147	22459
ha	148	22552
ha	149	22434
ha	150	23029
ha	151	22963
ha	152	23394
ha	153	23345
ha	154	23245
ha	155	23289
ha	156	23197
ha	157	22993
ha	158	22974
ha	159	20473
ha	160	20625
ha	161	21173
ha	162	21873
ha	163	21822
ha	164	21839
ha	165	21791
ha	166	21938
ha	167	22030
ha	168	22232
ha	169	22171
ha	170	20313
ha	171	20201
ha	172	20088
ha	173	19970
ha	174	19790
ha	175	19800
ha	176	19773
ha	177	19768
ha	178	19729
ha	179	19665
ha	180	19663
ha	181	19506
ha	182	19332
ha	183	19261
ha	184	18839
ha	185	18890
ha	186	18408
ha	187	18656
ha	188	18444
ha	189	18962
ha	190	18967
ha	191	19010
ha	192	18851
ha	193	18881
ha	194	18868
ha	195	18786
ha	196	18486
ha	197	18709
ha	198	18169
ha	199	18289
ha	200	18084
ha	201	18113
ha	202	18239
ha	203	18997
ha	204	19368
ha	205	19273
ha	206	19233
ha	207	19120
ha	208	19474
ha	209	19460
ha	210	19426
ha	211	19426
ha	212	18591
ha	213	18656
ha	214	18714
ha	215	18898
ha	216	18716
ha	217	18516
ha	218	18610
ha	219	18609
ha	220	18719
ha	221	18745
ha	222	18579
ha	223	18363
ha	224	18388
ha	225	18418
ha	226	18818
ha	227	18925
ha	228	19947
ha	229	19905
ha	230	19933
ha	231	19910
ha	232	19902
ha	233	19964
ha	234	19943
ha	235	20501
ha	236	20529
ha	237	19870
ha	238	20392
ha	239	20518
ha	240	21530
ha	241	21745
ha	242	21788
ha	243	22271
ha	244	21556
ha	245	21893
ha	246	21837
ha	247	21609
ha	248	21743
ha	249	21404
ha	250	21150
ha	251	21367
ha	252	21206
ha	253	21207
ha	254	21180
ha	255	21126
ha	256	21284
ha	257	21192
ha	258	21097
ha	259	21250
ha	260	21248
ha	261	21341
ha	262	21539
ha	263	21551
ha	264	21665
ha	265	21515
ha	266	21361
ha	267	21289
ha	268	21706
ha	269	21638
ha	270	21585
ha	271	21385
ha	272	21421
ha	273	21371
ha	274	21409
ha	275	21326
ha	276	21360
ha	277	21093
ha	278	21049
ha	279	20973
ha	280	20953
ha	281	21137
ha	282	21112
ha	283	21395
ha	284	21422
ha	285	21500
ha	286	21701
ha	287	21659
ha	288	21685
ha	289	21689
ha	290	21280
ha	291	21440
ha	292	20908
ha	293	21430
ha	294	21441
ha	295	21442
ha	296	21538
ha	297	21511
ha	298	21500
ha	299	21663
ha	300	21423
ha	301	21073
ha	302	20319
ha	303	20286
ha	304	22453
ha	305	22350
ha	306	22611
ha	307	22720
ha	308	22569
ha	309	24340
ha	310	24331
ha	311	24616
ha	312	24574
ha	313	20902
ha	314	21082
ha	315	20864
ha	316	20777
ha	317	20764
ha	318	19434
ha	319	19450
ha	320	19038
ha	321	19004
ha	322	19569
ha	323	19531
ha	324	19546
ha	325	19529
ha	326	19489
ha	327	19482
ha	328	19546
ha	329	19547
ha	330	19475
ha	331	18786
ha	332	19235
ha	333	19422
ha	334	19426
ha	335	19358
ha	336	19327
ha	337	19314
ha	338	19351
ha	339	19188
ha	340	19297
ha	341	19086
ha	342	18751
ha	343	19803
ha	344	19773
ha	345	19967
ha	346	19946
ha	347	20068
ha	348	20330
ha	349	20222
ha	350	20179
ha	351	20166
ha	352	19088
ha	353	19129
ha	354	18927
ha	355	18923
ha	356	18569
ha	357	18459
ha	358	18449
ha	359	18781
ha	360	18756
ha	361	18860
ha	362	18769
ha	363	18747
ha	364	18649
ha	365	18733
ha	366	18180
ha	367	18348
ha	368	17578
ha	369	17790
ha	370	17633
ha	371	17677
ha	372	17653
ha	373	17524
ha	374	17616
ha	375	17220
ha	376	16599
ha	377	16687
ha	378	16335
ha	379	16431
ha	380	16354
ha	381	16529
ha	382	16462
ha	383	16279
ha	384	16135
ha	385	16213
ha	386	16170
ha	387	16190
ha	388	16078
ha	389	16004
ha	390	15561
ha	391	15663
ha	392	15391
ha	393	15422
ha	394	15373
ha	395	14665
ha	396	15363
ha	397	15225
ha	398	15327
ha	399	15332
ha	400	15029
ha	401	15033
ha	402	14993
ha	403	15022
ha	404	15025
ha	405	14041
ha	406	14019
ha	407	13979
ha	408	13991
ha	409	13891
ha	410	14027
ha	411	14101
ha	412	14120
ha	413	14104
ha	414	13848
ha	415	14115
ha	416	14712
ha	417	14761
ha	418	14752
ha	419	14741
ha	420	14608
ha	421	14755
ha	422	14849
ha	423	14860
ha	424	14694
ha	425	14299
ha	426	14960
ha	427	15353
ha	428	15495
ha	429	15484
ha	430	15556
ha	431	15555
ha	432	15512
ha	433	15550
ha	434	15287
ha	435	15387
ha	436	14879
ha	437	14870
ha	438	14877
ha	439	14708
ha	440	14663
ha	441	14758
ha	442	14744
ha	443	14675
ha	444	14594
ha	445	14448
ha	446	14543
ha	447	14600
ha	448	14900
ha	449	15060
ha	450	15025
ha	451	15053
ha	452	15058
ha	453	15147
ha	454	15095
ha	455	14628
ha	456	14749
ha	457	14526
ha	458	14631
ha	459	15642
ha	460	15694
ha	461	16131
ha	462	15996
ha	463	16006
ha	464	15965
ha	465	15748
ha	466	15908
ha	467	15934
ha	468	14731
ha	469	15125
ha	470	14729
ha	471	14959
ha	472	14901
ha	473	14840
ha	474	14877
ha	475	14650
ha	476	14719
ha	477	14734
ha	478	14576
ha	479	14678
ha	480	15330
ha	481	15264
ha	482	15391
ha	483	15284
ha	484	16023
ha	485	16136
ha	486	16151
ha	487	16294
ha	488	16082
ha	489	15261
ha	490	15304
ha	491	15213
ha	492	15227
ha	493	14478
ha	494	14447
ha	495	14347
ha	496	14353
ha	497	14393
ha	498	14338
ha	499	14378
ha	500	14353
ha	501	14606
ha	502	14589
ha	503	14479
ha	504	14508
ha	505	14582
ha	506	14534
ha	507	14599
ha	508	14609
ha	509	14512
ha	510	14745
ha	511	14595
ha	512	14717
ha	513	14764
ha	514	14731
ha	515	14850
ha	516	14826
ha	517	14903
ha	518	15014
ha	519	14662
ha	520	14840
ha	521	14704
ha	522	14928
ha	523	15021
ha	524	14850
ha	525	14716
ha	526	14599
ha	527	14763
ha	528	14743
ha	529	14742
ha	530	14711
ha	531	14524
ha	532	14492
ha	533	14485
ha	534	14437
ha	535	14567
ha	536	14177
ha	537	14117
ha	538	14125
ha	539	14053
ha	540	14738
ha	541	14737
ha	542	14749
ha	543	14737
ha	544	14708
ha	545	14731
ha	546	14681
ha	547	14855
ha	548	14676
ha	549	14072
ha	550	13811
ha	551	14021
ha	552	14572
ha	553	14260
ha	554	14310
ha	555	14263
ha	556	13864
ha	557	13899
ha	558	13691
ha	559	13843
ha	560	13537
ha	561	12644
ha	562	12559
ha	563	13066
ha	564	13342
ha	565	13418
ha	566	13373
ha	567	13362
ha	568	15193
ha	569	15210
ha	570	15360
ha	571	15315
ha	572	14824
ha	573	14754
ha	574	14700
ha	575	14745
ha	576	14701
ha	577	13484
ha	578	13409
ha	579	13468
ha	580	13477
ha	581	13497
ha	582	13520
ha	583	13592
ha	584	13614
ha	585	13598
ha	586	13538
ha	587	13786
ha	588	13796
ha	589	14189
ha	590	14968
ha	591	15622
ha	592	16314
ha	593	16327
ha	594	16346
ha	595	16358
ha	596	16411
ha	597	16377
ha	598	16288
ha	599	16298
ha	600	15280
ha	601	15695
ha	602	15441
ha	603	15563
ha	604	15580
ha	605	15487
ha	606	15697
ha	607	15596
ha	608	15585
ha	609	15575
ha	610	15280
ha	611	15356
ha	612	15289
ha	613	15560
ha	614	15748
ha	615	15563
ha	616	15829
ha	617	15815
ha	618	16144
ha	619	16239
ha	620	16137
ha	621	16130
ha	622	16232
ha	623	15862
ha	624	16285
ha	625	15966
ha	626	16086
ha	627	16119
ha	628	15883
ha	629	15933
ha	630	16179
ha	631	16050
ha	632	16165
ha	633	15618
ha	634	15657
ha	635	15533
ha	636	15489
ha	637	15627
ha	638	15575
ha	639	15604
ha	640	15489
ha	641	15490
ha	642	15380
ha	643	15405
ha	644	15519
ha	645	15332
ha	646	15464
ha	647	15436
ha	648	15681
ha	649	15681
ha	650	15488
ha	651	15474
ha	652	15327
ha	653	15263
ha	654	15171
ha	655	15248
ha	656	14973
ha	657	14755
ha	658	14459
ha	659	14573
ha	660	14670
ha	661	14646
ha	662	14268
ha	663	14693
ha	664	14742
ha	665	14674
ha	666	15103
ha	667	15283
ha	668	15109
ha	669	15204
ha	670	15054
ha	671	15035
ha	672	14929
ha	673	14638
ha	674	14717
ha	675	14447
ha	676	14232
ha	677	14230
ha	678	14214
ha	679	14254
ha	680	14427
ha	681	14453
ha	682	14328
ha	683	14251
ha	684	14239
ha	685	14299
ha	686	14740
ha	687	15126
ha	688	14961
ha	689	15010
ha	690	14844
ha	691	14908
ha	692	15178
ha	693	15157
ha	694	15250
ha	695	14930
ha	696	14234
ha	697	14270
ha	698	14277
ha	699	14416
ha	700	14422
ha	701	14108
ha	702	14121
ha	703	14023
ha	704	14088
ha	705	14127
ha	706	14086
ha	707	14260
ha	708	14159
ha	709	14192
ha	710	14247
ha	711	14308
ha	712	14305
ha	713	14282
ha	714	14280
ha	715	14328
ha	716	14352
ha	717	14085
ha	718	14058
ha	719	14473
ha	720	14463
ha	721	14433
ha	722	14373
ha	723	14352
ha	724	14429
ha	725	14410
ha	726	14290
ha	727	14298
ha	728	14198
ha	729	14215
ha	730	14233
ha	731	14436
ha	732	14407
ha	733	14210
ha	734	14210
ha	735	14177
ha	736	14210
ha	737	13942
ha	738	13934
ha	739	13898
ha	740	13728
ha	741	13410
ha	742	13782
ha	743	13814
ha	744	13985
ha	745	13982
ha	746	13963
ha	747	14095
ha	748	14093
ha	749	14091
ha	750	14178
ha	751	13546
ha	752	13500
ha	753	13356
ha	754	13382
ha	755	13558
ha	756	13417
ha	757	13417
ha	758	13245
ha	759	13220
ha	760	14580
ha	761	14577
ha	762	14586
ha	763	14510
ha	764	14291
ha	765	14372
ha	766	14377
ha	767	14387
ha	768	14376
ha	769	12868
ha	770	13741
ha	771	14210
ha	772	14811
ha	773	14936
ha	774	14926
ha	775	14922
ha	776	15012
ha	777	14969
ha	778	14933
ha	779	14970
ha	780	14168
ha	781	13810
ha	782	13869
ha	783	13885
ha	784	13904
ha	785	13849
ha	786	14173
ha	787	14163
ha	788	14141
ha	789	14095
ha	790	13818
ha	791	13896
ha	792	13882
ha	793	14016
ha	794	14022
ha	795	13582
ha	796	13646
ha	797	13676
ha	798	13704
ha	799	13643
ha	800	13583
ha	801	13520
ha	802	13594
ha	803	13244
ha	804	13473
ha	805	13393
ha	806	13285
ha	807	13310
ha	808	13315
ha	809	13381
ha	810	13408
ha	811	13258
ha	812	13221
ha	813	12756
ha	814	12788
ha	815	12758
ha	816	12865
ha	817	12880
ha	818	12783
ha	819	12841
ha	820	12717
ha	821	15775
ha	822	16888
ha	823	16853
ha	824	17564
ha	825	17629
ha	826	18239
ha	827	19353
ha	828	19431
ha	829	19719
ha	830	18774
ha	831	18591
ha	832	18614
ha	833	18537
ha	834	18611
ha	835	19190
ha	836	18769
ha	837	18777
ha	838	18940
ha	839	18761
ha	840	19034
ha	841	19051
ha	842	19195
ha	843	19155
ha	844	18930
ha	845	19298
ha	846	19241
ha	847	19549
ha	848	19519
ha	849	19658
ha	850	20082
ha	851	20258
ha	852	20287
ha	853	20292
ha	854	20276
ha	855	20316
ha	856	20479
ha	857	20540
ha	858	20514
ha	859	20941
ha	860	20656
ha	861	21300
ha	862	21259
ha	863	21291
ha	864	21511
ha	865	21338
ha	866	22115
ha	867	22081
ha	868	21903
ha	869	22130
ha	870	21752
ha	871	22183
ha	872	22117
ha	873	21959
ha	874	21945
ha	875	21137
ha	876	21451
ha	877	21324
ha	878	21380
ha	879	21725
ha	880	21461
ha	881	21888
ha	882	21820
ha	883	22352
ha	884	24393
ha	885	24646
ha	886	24684
ha	887	24587
ha	888	24161
ha	889	24157
ha	890	23966
ha	891	23980
ha	892	23697
ha	893	22736
ha	894	21734
ha	895	22868
ha	896	22878
ha	897	23014
ha	898	23020
ha	899	22570
ha	900	22578
ha	901	22858
ha	902	22721
ha	903	22876
ha	904	21784
ha	905	21731
ha	906	21615
ha	907	21701
ha	908	22111
ha	909	22382
ha	910	22022
ha	911	21696
ha	912	21494
ha	913	21467
ha	914	21504
ha	915	22566
ha	916	22440
ha	917	21952
ha	918	21881
ha	919	21824
ha	920	21816
ha	921	21775
ha	922	21662
ha	923	21397
ha	924	20304
ha	925	19957
ha	926	20042
ha	927	19989
ha	928	20082
ha	929	20189
ha	930	20168
ha	931	20753
ha	932	20731
ha	933	20935
ha	934	21054
ha	935	21055
ha	936	21663
ha	937	21606
ha	938	21607
ha	939	21660
ha	940	21181
ha	941	21308
ha	942	21030
ha	943	20978
ha	944	21746
ha	945	21365
ha	946	21376
ha	947	21642
ha	948	21637
ha	949	22320
ha	950	22145
ha	951	22209
ha	952	22332
ha	953	21907
ha	954	24138
ha	955	24477
ha	956	24486
ha	957	24936
ha	958	24319
ha	959	24494
ha	960	24191
ha	961	24505
ha	962	25005
ha	963	24007
ha	964	23926
ha	965	23953
ha	966	23666
ha	967	24029
ha	968	23924
ha	969	26184
ha	970	26047
ha	971	25712
ha	972	25477
ha	973	25253
ha	974	25292
ha	975	25294
ha	976	25208
ha	977	25108
ha	978	23488
ha	979	23484
ha	980	23322
ha	981	23808
ha	982	24456
ha	983	24466
ha	984	24539
ha	985	24450
ha	986	24857
ha	987	25076
ha	988	25279
ha	989	25402
ha	990	25344
ha	991	24901
ha	992	24841
ha	993	24769
ha	994	24826
ha	995	24866
ha	996	24843
ha	997	25211
ha	998	25198
ha	999	25315
ha	1000	25291
ha	1001	25348
ha	1002	25301
ha	1003	25450
ha	1004	25580
ha	1005	25815
ha	1006	25750
ha	1007	25572
ha	1008	25808
ha	1009	26017
ha	1010	26267
ha	1011	26232
ha	1012	26702
ha	1013	26358
ha	1014	26315
ha	1015	26303
ha	1016	26312
ha	1017	26330
ha	1018	26275
ha	1019	25956
ha	1020	25884
ha	1021	25561
ha	1022	25714
ha	1023	25745
ha	1024	26189
ha	1025	26321
ha	1026	26085
ha	1027	26645
ha	1028	26625
ha	1029	27393
ha	1030	27422
ha	1031	27085
ha	1032	26815
ha	1033	26104
ha	1034	25672
ha	1035	25821
ha	1036	25161
ha	1037	25535
ha	1038	25254
ha	1039	24941
ha	1040	24941
ha	1041	24762
ha	1042	24797
ha	1043	24937
ha	1044	25098
ha	1045	24773
ha	1046	24633
ha	1047	23860
ha	1048	23829
ha	1049	23807
ha	1050	23766
ha	1051	23861
ha	1052	23598
ha	1053	23907
ha	1054	23771
ha	1055	23647
ha	1056	23885
ha	1057	23964
ha	1058	23879
ha	1059	24007
ha	1060	23873
ha	1061	23821
ha	1062	23894
ha	1063	23291
ha	1064	23481
ha	1065	23365
ha	1066	23074
ha	1067	22958
ha	1068	22836
ha	1069	23735
ha	1070	23542
ha	1071	23494
ha	1072	23520
ha	1073	23347
ha	1074	23455
ha	1075	23566
ha	1076	23630
ha	1077	23480
ha	1078	22931
ha	1079	23256
ha	1080	23332
ha	1081	23695
ha	1082	23681
ha	1083	23508
ha	1084	23195
ha	1085	25479
ha	1086	27785
ha	1087	28440
ha	1088	28049
ha	1089	28108
ha	1090	28411
ha	1091	28621
ha	1092	28527
ha	1093	28383
ha	1094	28472
ha	1095	23340
ha	1096	23229
ha	1097	23106
ha	1098	23290
ha	1099	23019
ha	1100	23038
ha	1101	23021
ha	1102	22997
ha	1103	22877
ha	1104	22991
ha	1105	22888
ha	1106	22790
ha	1107	22511
ha	1108	22704
ha	1109	22793
ha	1110	23123
ha	1111	23004
ha	1112	22906
ha	1113	22817
ha	1114	23292
ha	1115	23636
ha	1116	23597
ha	1117	23472
ha	1118	23559
ha	1119	23361
ha	1120	23338
ha	1121	23713
ha	1122	24051
ha	1123	23656
ha	1124	23515
ha	1125	23961
ha	1126	25375
ha	1127	25555
ha	1128	25749
ha	1129	25727
ha	1130	26554
ha	1131	26830
ha	1132	26952
ha	1133	26859
ha	1134	26634
ha	1135	26926
ha	1136	26500
ha	1137	26565
ha	1138	27997
ha	1139	27448
ha	1140	27020
ha	1141	26998
ha	1142	27114
ha	1143	28238
ha	1144	27903
ha	1145	27265
ha	1146	27246
ha	1147	26495
ha	1148	27824
ha	1149	28681
ha	1150	29166
ha	1151	29197
ha	1152	28415
ha	1153	28929
ha	1154	29001
ha	1155	29217
ha	1156	29329
ha	1157	28585
ha	1158	29115
ha	1159	28949
ha	1160	29689
ha	1161	29971
ha	1162	29989
ha	1163	29601
ha	1164	29407
ha	1165	29306
ha	1166	29232
ha	1167	29320
ha	1168	28664
ha	1169	28905
ha	1170	28766
ha	1171	28814
ha	1172	29131
ha	1173	29132
ha	1174	29612
ha	1175	29479
ha	1176	29440
ha	1177	29467
ha	1178	29787
ha	1179	29431
ha	1180	29213
ha	1181	29024
ha	1182	29023
ha	1183	28742
ha	1184	28740
ha	1185	29364
ha	1186	29337
ha	1187	29224
ha	1188	29117
ha	1189	29230
ha	1190	29220
ha	1191	29638
ha	1192	30162
ha	1193	30611
ha	1194	30476
ha	1195	30084
ha	1196	30455
ha	1197	32000
ha	1198	31941
ha	1199	31992
ha	1200	31563
ha	1201	31194
ha	1202	30698
ha	1203	31514
ha	1204	31391
ha	1205	31860
ha	1206	30427
ha	1207	30421
ha	1208	30571
ha	1209	31747
ha	1210	31932
ha	1211	31833
ha	1212	31169
ha	1213	31082
ha	1214	30699
ha	1215	30691
ha	1216	31329
ha	1217	31401
ha	1218	30449
ha	1219	30110
ha	1220	29838
ha	1221	30591
ha	1222	30796
ha	1223	30736
ha	1224	30793
ha	1225	30176
ha	1226	30801
ha	1227	30797
ha	1228	30793
ha	1229	30731
ha	1230	30034
ha	1231	29879
ha	1232	30171
ha	1233	30104
ha	1234	30271
ha	1235	29702
ha	1236	29644
ha	1237	30168
ha	1238	30410
ha	1239	30522
ha	1240	30532
ha	1241	30310
ha	1242	30128
ha	1243	30305
ha	1244	29926
ha	1245	30072
ha	1246	29515
ha	1247	29771
ha	1248	29455
ha	1249	30684
ha	1250	30555
ha	1251	30511
ha	1252	30212
ha	1253	30141
ha	1254	29842
ha	1255	29845
ha	1256	29644
ha	1257	29449
ha	1258	28099
ha	1259	29137
ha	1260	29135
ha	1261	29131
ha	1262	29260
ha	1263	29315
ha	1264	29274
ha	1265	29078
ha	1266	29022
ha	1267	28993
ha	1268	29624
ha	1269	27877
ha	1270	28972
ha	1271	28897
ha	1272	28818
ha	1273	29022
ha	1274	29041
ha	1275	29015
ha	1276	28830
ha	1277	27663
ha	1278	28111
ha	1279	28609
ha	1280	28178
ha	1281	28147
ha	1282	27957
ha	1283	28252
ha	1284	28248
ha	1285	28416
ha	1286	28233
ha	1287	28154
ha	1288	28432
ha	1289	27213
ha	1290	28362
ha	1291	28618
ha	1292	28605
ha	1293	28551
ha	1294	28133
ha	1295	28275
ha	1296	27967
ha	1297	28361
ha	1298	28684
ha	1299	27707
ha	1300	27585
ha	1301	27516
ha	1302	27729
ha	1303	27919
ha	1304	27814
ha	1305	27739
ha	1306	27783
ha	1307	27761
ha	1308	28266
ha	1309	28449
ha	1310	28498
ha	1311	28503
ha	1312	28320
ha	1313	28842
ha	1314	28940
ha	1315	28960
ha	1316	29086
ha	1317	28847
ha	1318	28656
ha	1319	28778
ha	1320	28766
ha	1321	28890
ha	1322	28670
ha	1323	29294
ha	1324	29433
ha	1325	29743
ha	1326	30908
ha	1327	31572
ha	1328	31678
ha	1329	31666
ha	1330	31605
ha	1331	31666
ha	1332	31209
ha	1333	31797
ha	1334	32442
ha	1335	31741
ha	1336	31757
ha	1337	31560
ha	1338	31699
ha	1339	32701
ha	1340	32682
ha	1341	33679
ha	1342	34722
ha	1343	34293
ha	1344	34913
ha	1345	34916
ha	1346	34952
ha	1347	35408
ha	1348	34207
ha	1349	34254
ha	1350	34148
ha	1351	32670
ha	1352	33021
ha	1353	33043
ha	1354	33080
ha	1355	33889
ha	1356	33898
ha	1357	34018
ha	1358	33732
ha	1359	33790
ha	1360	34013
ha	1361	34107
ha	1362	33937
ha	1363	34093
ha	1364	33690
ha	1365	33449
ha	1366	33568
ha	1367	33645
ha	1368	33827
ha	1369	33852
ha	1370	34304
ha	1371	34320
ha	1372	34233
ha	1373	34380
ha	1374	34388
ha	1375	34748
ha	1376	34739
ha	1377	34658
ha	1378	34844
ha	1379	34682
ha	1380	35121
ha	1381	35556
ha	1382	35773
ha	1383	37156
ha	1384	36816
ha	1385	37624
ha	1386	37615
ha	1387	37968
ha	1388	37974
ha	1389	37726
ha	1390	37385
ha	1391	37166
ha	1392	36273
ha	1393	36415
ha	1394	35905
ha	1395	35864
ha	1396	35662
ha	1397	35724
ha	1398	36694
ha	1399	36860
ha	1400	36876
ha	1401	37123
ha	1402	37100
ha	1403	37240
ha	1404	37664
ha	1405	37749
ha	1406	38850
ha	1407	38536
ha	1408	38601
ha	1409	38571
ha	1410	38334
ha	1411	38401
ha	1412	37947
ha	1413	37683
ha	1414	38562
ha	1415	38252
ha	1416	37656
ha	1417	37664
ha	1418	37666
ha	1419	37640
ha	1420	37487
ha	1421	37450
ha	1422	37476
ha	1423	37347
ha	1424	36288
ha	1425	36356
ha	1426	36521
ha	1427	37303
ha	1428	37294
ha	1429	36783
ha	1430	36621
ha	1431	37717
ha	1432	37772
ha	1433	37948
ha	1434	37754
ha	1435	37381
ha	1436	37283
ha	1437	36127
ha	1438	37653
ha	1439	37549
ha	1440	36219
ha	1441	36248
ha	1442	35971
ha	1443	36369
ha	1444	37105
ha	1445	37114
ha	1446	36918
ha	1447	34868
ha	1448	33546
ha	1449	35756
ha	1450	35834
ha	1451	36069
ha	1452	35964
ha	1453	34273
ha	1454	34255
ha	1455	34236
ha	1456	34464
ha	1457	34599
ha	1458	31782
ha	1459	31805
ha	1460	31757
ha	1461	31354
ha	1462	32377
ha	1463	32621
ha	1464	32617
ha	1465	32320
ha	1466	31874
ha	1467	31785
ha	1468	31714
ha	1469	31702
ha	1470	31696
ha	1471	30930
ha	1472	30361
ha	1473	30906
ha	1474	30911
ha	1475	31237
ha	1476	31302
ha	1477	30869
ha	1478	30912
ha	1479	30830
ha	1480	30875
ha	1481	31185
ha	1482	30689
ha	1483	30682
ha	1484	30060
ha	1485	30591
ha	1486	31051
ha	1487	30994
ha	1488	31000
ha	1489	31222
ha	1490	31033
ha	1491	30963
ha	1492	30916
ha	1493	30920
ha	1494	31897
ha	1495	31196
ha	1496	31667
ha	1497	31825
ha	1498	31884
ha	1499	31865
ha	1500	32141
ha	1501	31980
ha	1502	32265
ha	1503	31068
ha	1504	31360
ha	1505	31841
ha	1506	32157
ha	1507	32306
ha	1508	32295
ha	1509	32389
ha	1510	32263
ha	1511	32254
ha	1512	31631
ha	1513	31312
ha	1514	30053
ha	1515	30669
ha	1516	29380
ha	1517	29592
ha	1518	29298
ha	1519	29516
ha	1520	29482
ha	1521	29798
ha	1522	29923
ha	1523	29840
ha	1524	28568
ha	1525	28341
ha	1526	28188
ha	1527	28339
ha	1528	28312
ha	1529	28741
ha	1530	28290
ha	1531	28416
ha	1532	28630
ha	1533	28616
ha	1534	29629
ha	1535	29639
ha	1536	29545
ha	1537	29521
ha	1538	29004
ha	1539	29199
ha	1540	29155
ha	1541	29324
ha	1542	29284
ha	1543	28784
ha	1544	29029
ha	1545	28870
ha	1546	30150
ha	1547	30089
ha	1548	30204
ha	1549	29944
ha	1550	29232
ha	1551	29283
ha	1552	28755
ha	1553	29056
ha	1554	28899
ha	1555	26020
ha	1556	25978
ha	1557	25143
ha	1558	25096
ha	1559	25109
ha	1560	25048
ha	1561	24951
ha	1562	24580
ha	1563	24804
ha	1564	25429
ha	1565	25306
ha	1566	25073
ha	1567	25030
ha	1568	25063
ha	1569	25030
ha	1570	24892
ha	1571	24223
ha	1572	24489
ha	1573	23418
ha	1574	23612
ha	1575	23619
ha	1576	23605
ha	1577	24507
ha	1578	24499
ha	1579	24633
ha	1580	24572
ha	1581	24218
ha	1582	24099
ha	1583	23789
ha	1584	23833
ha	1585	23880
ha	1586	22741
ha	1587	23073
ha	1588	22874
ha	1589	23009
ha	1590	22975
ha	1591	23131
ha	1592	23237
ha	1593	23249
ha	1594	23302
ha	1595	23249
ha	1596	22891
ha	1597	22489
ha	1598	22379
ha	1599	22260
ha	1600	22158
ha	1601	21906
ha	1602	23147
ha	1603	23328
ha	1604	23472
ha	1605	23494
ha	1606	23490
ha	1607	23707
ha	1608	24397
ha	1609	24278
ha	1610	24268
ha	1611	24090
ha	1612	23158
ha	1613	23476
ha	1614	25058
ha	1615	25139
ha	1616	25048
ha	1617	24005
ha	1618	24251
ha	1619	24223
ha	1620	24113
ha	1621	23774
ha	1622	24185
ha	1623	22902
ha	1624	23310
ha	1625	23482
ha	1626	23813
ha	1627	23705
ha	1628	23824
ha	1629	23899
ha	1630	24773
ha	1631	24248
ha	1632	24906
ha	1633	24750
ha	1634	24713
ha	1635	24794
ha	1636	24507
ha	1637	24464
ha	1638	24482
ha	1639	23709
ha	1640	23766
ha	1641	23477
ha	1642	23564
ha	1643	23577
ha	1644	23431
ha	1645	23476
ha	1646	23472
ha	1647	23854
ha	1648	23887
ha	1649	23903
ha	1650	25038
ha	1651	24943
ha	1652	24883
ha	1653	24893
ha	1654	24885
ha	1655	24982
ha	1656	24540
ha	1657	24225
ha	1658	24201
ha	1659	23460
ha	1660	23850
ha	1661	23873
ha	1662	23924
ha	1663	23876
ha	1664	23796
ha	1665	23795
ha	1666	24236
ha	1667	24166
ha	1668	24091
ha	1669	23813
ha	1670	23541
ha	1671	23491
ha	1672	23490
ha	1673	23422
ha	1674	23355
ha	1675	22584
ha	1676	23249
ha	1677	23842
ha	1678	23782
ha	1679	23813
ha	1680	23633
ha	1681	25323
ha	1682	25368
ha	1683	25700
ha	1684	25461
ha	1685	25241
ha	1686	24480
ha	1687	24477
ha	1688	24477
ha	1689	24454
ha	1690	23500
ha	1691	22835
ha	1692	21718
ha	1693	21795
ha	1694	20865
ha	1695	21343
ha	1696	21360
ha	1697	21361
ha	1698	21750
ha	1699	21566
ha	1700	21525
ha	1701	21490
ha	1702	21290
ha	1703	21306
ha	1704	21181
ha	1705	21065
ha	1706	21144
ha	1707	20813
ha	1708	20820
ha	1709	21332
ha	1710	21385
ha	1711	21448
ha	1712	21408
ha	1713	19463
ha	1714	19830
ha	1715	19502
ha	1716	19566
ha	1717	19577
ha	1718	18842
ha	1719	19033
ha	1720	18917
ha	1721	18903
ha	1722	18829
ha	1723	17494
ha	1724	17437
ha	1725	17406
ha	1726	17421
ha	1727	17360
ha	1728	16758
ha	1729	16659
ha	1730	16591
ha	1731	16476
ha	1732	16466
ha	1733	16421
ha	1734	16046
ha	1735	15839
ha	1736	15718
ha	1737	15682
ha	1738	15621
ha	1739	15589
ha	1740	15013
ha	1741	14947
ha	1742	14876
ha	1743	14779
ha	1744	14746
ha	1745	14494
ha	1746	14481
ha	1747	14429
ha	1748	14367
ha	1749	14208
ha	1750	13637
ha	1751	13301
ha	1752	13120
ha	1753	12999
ha	1754	12497
ha	1755	11321
ha	1756	11195
ha	1757	11075
ha	1758	11002
ha	1759	10521
ha	1760	10357
ha	1761	10290
ha	1762	9006
ha	1763	8959
ha	1764	8675
ha	1765	8565
ha	1766	8402
ha	1767	8285
ha	1768	8246
ha	1769	8077
ha	1770	7952
ha	1771	7859
ha	1772	5951
ha	1773	5681
ha	1774	5474
ha	1775	5410
ha	1776	1180
mp	1	9
mp	2	10
mp	3	10
mp	4	10
mp	5	10
mp	6	11
mp	7	11
mp	8	11
mp	9	12
mp	10	12
mp	11	18
mp	12	18
mp	13	18
mp	14	18
mp	15	18
mp	16	18
mp	17	18
mp	18	19
mp	19	19
mp	20	19
mp	21	19
mp	22	20
mp	23	20
mp	24	20
mp	25	20
mp	26	21
mp	27	21
mp	28	22
mp	29	22
mp	30	31
mp	31	31
mp	32	40
mp	33	43
mp	34	44
mp	35	44
mp	36	44
mp	37	47
mp	38	47
mp	39	47
mp	40	47
mp	41	47
mp	42	47
mp	43	49
mp	44	49
mp	45	49
mp	46	50
mp	47	50
mp	48	51
mp	49	51
mp	50	51
mp	51	51
mp	52	51
mp	53	51
mp	54	51
mp	55	51
mp	56	51
mp	57	50
mp	58	54
mp	59	57
mp	60	57
mp	61	63
mp	62	63
mp	63	70
mp	64	70
mp	65	70
mp	66	70
mp	67	71
mp	68	74
mp	69	74
mp	70	74
mp	71	74
mp	72	76
mp	73	77
mp	74	78
mp	75	79
mp	76	79
mp	77	81
mp	78	82
mp	79	81
mp	80	82
mp	81	82
mp	82	86
mp	83	86
mp	84	86
mp	85	86
mp	86	86
mp	87	87
mp	88	87
mp	89	88
mp	90	88
mp	91	86
mp	92	87
mp	93	87
mp	94	87
mp	95	88
mp	96	88
mp	97	91
mp	98	90
mp	99	90
mp	100	90
mp	101	90
mp	102	90
mp	103	91
mp	104	92
mp	105	98
mp	106	97
mp	107	97
mp	108	96
mp	109	96
mp	110	97
mp	111	97
mp	112	96
mp	113	94
mp	114	92
mp	115	92
mp	116	94
mp	117	96
mp	118	96
mp	119	95
mp	120	96
mp	121	95
mp	122	95
mp	123	96
mp	124	95
mp	125	98
mp	126	98
mp	127	101
mp	128	100
mp	129	99
mp	130	100
mp	131	96
mp	132	92
mp	133	92
mp	134	87
mp	135	86
mp	136	88
mp	137	89
mp	138	88
mp	139	88
mp	140	88
mp	141	90
mp	142	88
mp	143	88
mp	144	89
mp	145	89
mp	146	90
mp	147	90
mp	148	90
mp	149	92
mp	150	92
mp	151	92
mp	152	94
mp	153	94
mp	154	94
mp	155	94
mp	156	94
mp	157	93
mp	158	89
mp	159	94
mp	160	101
mp	161	100
mp	162	100
mp	163	101
mp	164	101
mp	165	103
mp	166	103
mp	167	104
mp	168	104
mp	169	104
mp	170	104
mp	171	106
mp	172	104
mp	173	105
mp	174	102
mp	175	102
mp	176	100
mp	177	99
mp	178	98
mp	179	95
mp	180	93
mp	181	94
mp	182	94
mp	183	95
mp	184	95
mp	185	95
mp	186	93
mp	187	92
mp	188	93
mp	189	91
mp	190	92
mp	191	92
mp	192	92
mp	193	93
mp	194	87
mp	195	87
mp	196	87
mp	197	87
mp	198	88
mp	199	85
mp	200	87
mp	201	86
mp	202	86
mp	203	86
mp	204	86
mp	205	86
mp	206	87
mp	207	86
mp	208	87
mp	209	85
mp	210	85
mp	211	86
mp	212	89
mp	213	89
mp	214	86
mp	215	86
mp	216	86
mp	217	87
mp	218	85
mp	219	89
mp	220	89
mp	221	87
mp	222	86
mp	223	88
mp	224	87
mp	225	87
mp	226	87
mp	227	87
mp	228	84
mp	229	86
mp	230	89
mp	231	90
mp	232	90
mp	233	88
mp	234	88
mp	235	88
mp	236	88
mp	237	87
mp	238	87
mp	239	84
mp	240	84
mp	241	86
mp	242	87
mp	243	87
mp	244	86
mp	245	86
mp	246	85
mp	247	85
mp	248	85
mp	249	85
mp	250	88
mp	251	90
mp	252	91
mp	253	91
mp	254	89
mp	255	89
mp	256	90
mp	257	91
mp	258	91
mp	259	88
mp	260	87
mp	261	85
mp	262	85
mp	263	89
mp	264	89
mp	265	89
mp	266	89
mp	267	87
mp	268	89
mp	269	89
mp	270	92
mp	271	94
mp	272	97
mp	273	97
mp	274	97
mp	275	98
mp	276	98
mp	277	98
mp	278	98
mp	279	98
mp	280	99
mp	281	99
mp	282	99
mp	283	99
mp	284	101
mp	285	99
mp	286	96
mp	287	95
mp	288	95
mp	289	92
mp	290	92
mp	291	92
mp	292	96
mp	293	94
mp	294	93
mp	295	93
mp	296	91
mp	297	91
mp	298	99
mp	299	104
mp	300	102
mp	301	101
mp	302	99
mp	303	100
mp	304	101
mp	305	101
mp	306	101
mp	307	101
mp	308	96
mp	309	97
mp	310	93
mp	311	94
mp	312	94
mp	313	91
mp	314	96
mp	315	96
mp	316	97
mp	317	98
mp	318	96
mp	319	96
mp	320	97
mp	321	96
mp	322	100
mp	323	99
mp	324	99
mp	325	99
mp	326	97
mp	327	99
mp	328	99
mp	329	101
mp	330	102
mp	331	97
mp	332	97
mp	333	98
mp	334	98
mp	335	98
mp	336	97
mp	337	98
mp	338	94
mp	339	94
mp	340	94
mp	341	96
mp	342	99
mp	343	103
mp	344	105
mp	345	106
mp	346	107
mp	347	107
mp	348	106
mp	349	103
mp	350	103
mp	351	101
mp	352	104
mp	353	101
mp	354	101
mp	355	101
mp	356	99
mp	357	101
mp	358	101
mp	359	101
mp	360	102
mp	361	96
mp	362	97
mp	363	97
mp	364	97
mp	365	98
mp	366	95
mp	367	95
mp	368	97
mp	369	96
mp	370	97
mp	371	100
mp	372	100
mp	373	100
mp	374	100
mp	375	99
mp	376	100
mp	377	99
mp	378	103
mp	379	103
mp	380	104
mp	381	105
mp	382	106
mp	383	104
mp	384	103
mp	385	99
mp	386	100
mp	387	101
mp	388	99
mp	389	99
mp	390	99
mp	391	98
mp	392	99
mp	393	99
mp	394	101
mp	395	100
mp	396	100
mp	397	100
mp	398	101
mp	399	100
mp	400	99
mp	401	100
mp	402	101
mp	403	100
mp	404	100
mp	405	102
mp	406	99
mp	407	99
mp	408	99
mp	409	100
mp	410	103
mp	411	104
mp	412	103
mp	413	112
mp	414	111
mp	415	117
mp	416	123
mp	417	123
mp	418	128
mp	419	125
mp	420	126
mp	421	129
mp	422	123
mp	423	124
mp	424	123
mp	425	113
mp	426	119
mp	427	118
mp	428	118
mp	429	120
mp	430	118
mp	431	118
mp	432	119
mp	433	120
mp	434	118
mp	435	113
mp	436	110
mp	437	108
mp	438	108
mp	439	110
mp	440	109
mp	441	114
mp	442	114
mp	443	113
mp	444	113
mp	445	113
mp	446	113
mp	447	110
mp	448	110
mp	449	109
mp	450	108
mp	451	108
mp	452	112
mp	453	112
mp	454	112
mp	455	111
mp	456	111
mp	457	112
mp	458	118
mp	459	120
mp	460	120
mp	461	117
mp	462	117
mp	463	118
mp	464	118
mp	465	116
mp	466	118
mp	467	107
mp	468	109
mp	469	108
mp	470	107
mp	471	108
mp	472	105
mp	473	105
mp	474	111
mp	475	112
mp	476	110
mp	477	111
mp	478	110
mp	479	110
mp	480	110
mp	481	110
mp	482	110
mp	483	107
mp	484	108
mp	485	107
mp	486	106
mp	487	107
mp	488	107
mp	489	107
mp	490	107
mp	491	108
mp	492	107
mp	493	105
mp	494	105
mp	495	105
mp	496	104
mp	497	103
mp	498	101
mp	499	101
mp	500	101
mp	501	101
mp	502	101
mp	503	98
mp	504	98
mp	505	99
mp	506	99
mp	507	100
mp	508	100
mp	509	101
mp	510	100
mp	511	101
mp	512	100
mp	513	104
mp	514	103
mp	515	102
mp	516	99
mp	517	101
mp	518	100
mp	519	99
mp	520	98
mp	521	98
mp	522	96
mp	523	96
mp	524	96
mp	525	96
mp	526	95
mp	527	92
mp	528	94
mp	529	94
mp	530	90
mp	531	90
mp	532	89
mp	533	82
mp	534	77
mp	535	78
mp	536	78
mp	537	76
mp	538	76
mp	539	80
mp	540	78
mp	541	78
mp	542	79
mp	543	79
mp	544	78
mp	545	74
mp	546	74
mp	547	75
mp	548	78
mp	549	78
mp	550	78
mp	551	78
mp	552	78
mp	553	78
mp	554	78
mp	555	80
mp	556	79
mp	557	79
mp	558	81
mp	559	81
mp	560	81
mp	561	80
mp	562	76
mp	563	81
mp	564	79
mp	565	79
mp	566	78
mp	567	76
mp	568	76
mp	569	77
mp	570	78
mp	571	79
mp	572	77
mp	573	91
mp	574	92
mp	575	92
mp	576	91
mp	577	89
mp	578	88
mp	579	90
mp	580	93
mp	581	98
mp	582	92
mp	583	92
mp	584	92
mp	585	92
mp	586	94
mp	587	94
mp	588	97
mp	589	93
mp	590	94
mp	591	94
mp	592	93
mp	593	93
mp	594	91
mp	595	91
mp	596	90
mp	597	90
mp	598	90
mp	599	91
mp	600	92
mp	601	93
mp	602	95
mp	603	96
mp	604	96
mp	605	96
mp	606	95
mp	607	95
mp	608	95
mp	609	93
mp	610	93
mp	611	93
mp	612	93
mp	613	94
mp	614	94
mp	615	94
mp	616	94
mp	617	94
mp	618	94
mp	619	94
mp	620	93
mp	621	93
mp	622	93
mp	623	98
mp	624	97
mp	625	98
mp	626	96
mp	627	96
mp	628	96
mp	629	99
mp	630	97
mp	631	96
mp	632	92
mp	633	92
mp	634	94
mp	635	94
mp	636	91
mp	637	91
mp	638	88
mp	639	84
mp	640	86
mp	641	87
mp	642	87
mp	643	87
mp	644	91
mp	645	90
mp	646	89
mp	647	89
mp	648	89
mp	649	91
mp	650	91
mp	651	90
mp	652	89
mp	653	87
mp	654	89
mp	655	89
mp	656	89
mp	657	83
mp	658	84
mp	659	84
mp	660	84
mp	661	84
mp	662	86
mp	663	86
mp	664	85
mp	665	85
mp	666	85
mp	667	85
mp	668	86
mp	669	86
mp	670	88
mp	671	90
mp	672	90
mp	673	90
mp	674	91
mp	675	90
mp	676	94
mp	677	94
mp	678	93
mp	679	94
mp	680	94
mp	681	95
mp	682	95
mp	683	95
mp	684	97
mp	685	98
mp	686	97
mp	687	97
mp	688	94
mp	689	93
mp	690	93
mp	691	93
mp	692	93
mp	693	91
mp	694	91
mp	695	92
mp	696	92
mp	697	92
mp	698	91
mp	699	92
mp	700	89
mp	701	89
mp	702	91
mp	703	91
mp	704	90
mp	705	90
mp	706	85
mp	707	85
mp	708	88
mp	709	90
mp	710	91
mp	711	91
mp	712	93
mp	713	92
mp	714	91
mp	715	90
mp	716	90
mp	717	88
mp	718	88
mp	719	88
mp	720	86
mp	721	83
mp	722	79
mp	723	79
mp	724	81
mp	725	81
mp	726	81
mp	727	81
mp	728	82
mp	729	81
mp	730	81
mp	731	79
mp	732	77
mp	733	74
mp	734	74
mp	735	75
mp	736	75
mp	737	75
mp	738	75
mp	739	74
mp	740	74
mp	741	74
mp	742	74
mp	743	74
mp	744	78
mp	745	78
mp	746	79
mp	747	78
mp	748	80
mp	749	80
mp	750	80
mp	751	78
mp	752	77
mp	753	76
mp	754	77
mp	755	76
mp	756	77
mp	757	77
mp	758	78
mp	759	81
mp	760	80
mp	761	80
mp	762	78
mp	763	78
mp	764	79
mp	765	78
mp	766	78
mp	767	77
mp	768	75
mp	769	75
mp	770	73
mp	771	73
mp	772	73
mp	773	70
mp	774	71
mp	775	73
mp	776	72
mp	777	72
mp	778	74
mp	779	75
mp	780	75
mp	781	75
mp	782	76
mp	783	77
mp	784	75
mp	785	74
mp	786	74
mp	787	75
mp	788	76
mp	789	76
mp	790	77
mp	791	79
mp	792	80
mp	793	80
mp	794	81
mp	795	80
mp	796	77
mp	797	76
mp	798	76
mp	799	74
mp	800	71
mp	801	71
mp	802	68
mp	803	68
mp	804	68
mp	805	70
mp	806	72
mp	807	71
mp	808	69
mp	809	72
mp	810	72
mp	811	74
mp	812	74
mp	813	74
mp	814	73
mp	815	72
mp	816	77
mp	817	77
mp	818	75
mp	819	78
mp	820	78
mp	821	81
mp	822	83
mp	823	84
mp	824	85
mp	825	83
mp	826	83
mp	827	84
mp	828	85
mp	829	85
mp	830	86
mp	831	86
mp	832	84
mp	833	84
mp	834	84
mp	835	83
mp	836	83
mp	837	82
mp	838	82
mp	839	81
mp	840	80
mp	841	79
mp	842	81
mp	843	81
mp	844	81
mp	845	81
mp	846	80
mp	847	80
mp	848	80
mp	849	79
mp	850	78
mp	851	78
mp	852	78
mp	853	78
mp	854	80
mp	855	80
mp	856	79
mp	857	79
mp	858	78
mp	859	76
mp	860	76
mp	861	77
mp	862	79
mp	863	78
mp	864	78
mp	865	80
mp	866	81
mp	867	80
mp	868	79
mp	869	80
mp	870	79
mp	871	79
mp	872	78
mp	873	76
mp	874	74
mp	875	80
mp	876	84
mp	877	84
mp	878	84
mp	879	86
mp	880	86
mp	881	87
mp	882	88
mp	883	89
mp	884	90
mp	885	88
mp	886	88
mp	887	89
mp	888	89
mp	889	92
mp	890	92
mp	891	91
mp	892	90
mp	893	90
mp	894	90
mp	895	89
mp	896	83
mp	897	83
mp	898	83
mp	899	84
mp	900	84
mp	901	84
mp	902	84
mp	903	84
mp	904	84
mp	905	85
mp	906	85
mp	907	85
mp	908	83
mp	909	82
mp	910	80
mp	911	80
mp	912	80
mp	913	81
mp	914	81
mp	915	81
mp	916	81
mp	917	82
mp	918	82
mp	919	82
mp	920	82
mp	921	82
mp	922	79
mp	923	79
mp	924	78
mp	925	76
mp	926	75
mp	927	74
mp	928	73
mp	929	74
mp	930	74
mp	931	74
mp	932	71
mp	933	71
mp	934	71
mp	935	71
mp	936	73
mp	937	72
mp	938	71
mp	939	68
mp	940	68
mp	941	67
mp	942	64
mp	943	64
mp	944	64
mp	945	64
mp	946	64
mp	947	64
mp	948	64
mp	949	64
mp	950	64
mp	951	64
mp	952	63
mp	953	63
mp	954	63
mp	955	62
mp	956	62
mp	957	58
mp	958	58
mp	959	58
mp	960	56
mp	961	55
mp	962	55
mp	963	56
mp	964	55
mp	965	55
mp	966	53
mp	967	46
mp	968	46
mp	969	42
mp	970	39
mp	971	38
mp	972	36
mp	973	35
mp	974	34
mp	975	34
mp	976	34
mp	977	33
mp	978	31
mp	979	30
mp	980	30
mp	981	30
mp	982	29
mp	983	29
mp	984	29
mp	985	29
mp	986	29
mp	987	28
mp	988	27
mp	989	27
mp	990	27
mp	991	27
mp	992	27
mp	993	27
mp	994	27
mp	995	26
mp	996	26
mp	997	26
mp	998	26
mp	999	26
mp	1000	22
mp	1001	20
mp	1002	20
mp	1003	20
mp	1004	19
mp	1005	14
mp	1006	14
mp	1007	14
mp	1008	14
mp	1009	14
mp	1010	14
mp	1011	14
mp	1012	14
mp	1013	13
mp	1014	12
mp	1015	12
mp	1016	10
mp	1017	10
mp	1018	10
mp	1019	10
mp	1020	10
mp	1021	10
mp	1022	8
mp	1023	8
mp	1024	8
mp	1025	8
mp	1026	8
mp	1027	3
np	1	96
np	2	121
np	3	122
np	4	122
np	5	138
np	6	144
np	7	144
np	8	145
np	9	145
np	10	145
np	11	171
np	12	171
np	13	187
np	14	187
np	15	191
np	16	218
np	17	219
np	18	232
np	19	239
np	20	274
np	21	275
np	22	291
np	23	291
np	24	302
np	25	303
np	26	314
np	27	316
np	28	326
np	29	335
np	30	346
np	31	348
np	32	354
np	33	356
np	34	362
np	35	368
np	36	381
np	37	391
np	38	391
np	39	401
np	40	404
np	41	416
np	42	440
np	43	443
np	44	448
np	45	450
np	46	451
np	47	451
np	48	452
np	49	453
np	50	456
np	51	463
np	52	467
np	53	475
np	54	475
np	55	480
np	56	480
np	57	480
np	58	480
np	59	497
np	60	499
np	61	492
np	62	497
np	63	496
np	64	503
np	65	493
np	66	492
np	67	493
np	68	490
np	69	499
np	70	495
np	71	518
np	72	527
np	73	524
np	74	525
np	75	527
np	76	536
np	77	531
np	78	527
np	79	526
np	80	520
np	81	529
np	82	534
np	83	535
np	84	538
np	85	539
np	86	539
np	87	548
np	88	555
np	89	561
np	90	557
np	91	561
np	92	563
np	93	562
np	94	564
np	95	565
np	96	568
np	97	567
np	98	559
np	99	561
np	100	563
np	101	562
np	102	566
np	103	566
np	104	564
np	105	565
np	106	565
np	107	569
np	108	570
np	109	563
np	110	567
np	111	563
np	112	570
np	113	575
np	114	573
np	115	580
np	116	583
np	117	594
np	118	597
np	119	597
np	120	601
np	121	587
np	122	593
np	123	593
np	124	591
np	125	591
np	126	586
np	127	582
np	128	588
np	129	588
np	130	600
np	131	598
np	132	600
np	133	600
np	134	606
np	135	605
np	136	597
np	137	597
np	138	585
np	139	574
np	140	568
np	141	571
np	142	569
np	143	567
np	144	569
np	145	574
np	146	569
np	147	570
np	148	570
np	149	574
np	150	575
np	151	554
np	152	553
np	153	551
np	154	554
np	155	553
np	156	553
np	157	551
np	158	552
np	159	573
np	160	580
np	161	604
np	162	612
np	163	611
np	164	671
np	165	676
np	166	700
np	167	691
np	168	680
np	169	684
np	170	664
np	171	726
np	172	727
np	173	705
np	174	705
np	175	694
np	176	701
np	177	690
np	178	687
np	179	684
np	180	648
np	181	665
np	182	665
np	183	671
np	184	673
np	185	668
np	186	670
np	187	672
np	188	673
np	189	684
np	190	684
np	191	675
np	192	672
np	193	664
np	194	670
np	195	679
np	196	679
np	197	675
np	198	681
np	199	687
np	200	687
np	201	688
np	202	685
np	203	687
np	204	684
np	205	687
np	206	687
np	207	686
np	208	683
np	209	685
np	210	682
np	211	683
np	212	683
np	213	700
np	214	727
np	215	729
np	216	726
np	217	728
np	218	722
np	219	727
np	220	720
np	221	717
np	222	718
np	223	697
np	224	716
np	225	720
np	226	718
np	227	721
np	228	719
np	229	740
np	230	770
np	231	763
np	232	767
np	233	763
np	234	764
np	235	767
np	236	762
np	237	762
np	238	730
np	239	714
np	240	719
np	241	718
np	242	711
np	243	719
np	244	726
np	245	725
np	246	727
np	247	736
np	248	731
np	249	729
np	250	724
np	251	724
np	252	724
np	253	727
np	254	725
np	255	722
np	256	728
np	257	727
np	258	727
np	259	734
np	260	733
np	261	732
np	262	732
np	263	721
np	264	737
np	265	734
np	266	737
np	267	733
np	268	731
np	269	742
np	270	760
np	271	764
np	272	766
np	273	761
np	274	768
np	275	771
np	276	775
np	277	773
np	278	778
np	279	768
np	280	769
np	281	763
np	282	750
np	283	751
np	284	751
np	285	744
np	286	756
np	287	755
np	288	757
np	289	756
np	290	755
np	291	781
np	292	784
np	293	785
np	294	780
np	295	764
np	296	783
np	297	775
np	298	783
np	299	779
np	300	763
np	301	766
np	302	766
np	303	765
np	304	762
np	305	754
np	306	753
np	307	757
np	308	759
np	309	759
np	310	749
np	311	744
np	312	755
np	313	755
np	314	749
np	315	737
np	316	718
np	317	707
np	318	715
np	319	695
np	320	684
np	321	670
np	322	668
np	323	670
np	324	666
np	325	671
np	326	676
np	327	670
np	328	681
np	329	675
np	330	675
np	331	700
np	332	695
np	333	717
np	334	709
np	335	693
np	336	700
np	337	690
np	338	695
np	339	696
np	340	668
np	341	667
np	342	658
np	343	656
np	344	656
np	345	637
np	346	637
np	347	634
np	348	633
np	349	625
np	350	624
np	351	628
np	352	636
np	353	634
np	354	634
np	355	634
np	356	648
np	357	650
np	358	650
np	359	656
np	360	656
np	361	662
np	362	664
np	363	649
np	364	663
np	365	648
np	366	658
np	367	658
np	368	662
np	369	676
np	370	681
np	371	679
np	372	680
np	373	689
np	374	684
np	375	690
np	376	697
np	377	697
np	378	698
np	379	687
np	380	688
np	381	682
np	382	671
np	383	674
np	384	669
np	385	677
np	386	680
np	387	679
np	388	676
np	389	655
np	390	669
np	391	661
np	392	663
np	393	666
np	394	664
np	395	671
np	396	671
np	397	671
np	398	671
np	399	674
np	400	676
np	401	678
np	402	680
np	403	682
np	404	677
np	405	678
np	406	676
np	407	678
np	408	676
np	409	675
np	410	679
np	411	694
np	412	705
np	413	704
np	414	709
np	415	726
np	416	746
np	417	755
np	418	746
np	419	759
np	420	743
np	421	735
np	422	735
np	423	718
np	424	716
np	425	687
np	426	709
np	427	705
np	428	712
np	429	714
np	430	713
np	431	711
np	432	710
np	433	707
np	434	715
np	435	699
np	436	702
np	437	696
np	438	696
np	439	707
np	440	721
np	441	720
np	442	721
np	443	715
np	444	721
np	445	719
np	446	717
np	447	716
np	448	738
np	449	732
np	450	739
np	451	747
np	452	751
np	453	751
np	454	751
np	455	748
np	456	750
np	457	738
np	458	745
np	459	734
np	460	730
np	461	730
np	462	731
np	463	737
np	464	745
np	465	743
np	466	749
np	467	748
np	468	748
np	469	757
np	470	766
np	471	765
np	472	768
np	473	762
np	474	772
np	475	768
np	476	766
np	477	778
np	478	769
np	479	775
np	480	776
np	481	781
np	482	790
np	483	771
np	484	782
np	485	787
np	486	797
np	487	810
np	488	805
np	489	829
np	490	822
np	491	807
np	492	810
np	493	796
np	494	818
np	495	811
np	496	804
np	497	809
np	498	791
np	499	788
np	500	791
np	501	791
np	502	790
np	503	776
np	504	774
np	505	778
np	506	778
np	507	781
np	508	782
np	509	773
np	510	778
np	511	774
np	512	783
np	513	786
np	514	772
np	515	772
np	516	768
np	517	784
np	518	786
np	519	790
np	520	790
np	521	768
np	522	759
np	523	758
np	524	757
np	525	791
np	526	759
np	527	765
np	528	766
np	529	778
np	530	776
np	531	766
np	532	766
np	533	744
np	534	739
np	535	733
np	536	731
np	537	733
np	538	725
np	539	747
np	540	750
np	541	761
np	542	755
np	543	756
np	544	763
np	545	765
np	546	763
np	547	759
np	548	740
np	549	743
np	550	728
np	551	744
np	552	746
np	553	736
np	554	739
np	555	741
np	556	748
np	557	749
np	558	748
np	559	759
np	560	750
np	561	798
np	562	793
np	563	787
np	564	789
np	565	783
np	566	776
np	567	776
np	568	749
np	569	744
np	570	714
np	571	711
np	572	708
np	573	702
np	574	695
np	575	696
np	576	687
np	577	683
np	578	680
np	579	676
np	580	677
np	581	675
np	582	675
np	583	677
np	584	681
np	585	679
np	586	678
np	587	679
np	588	674
np	589	682
np	590	681
np	591	677
np	592	689
np	593	686
np	594	694
np	595	691
np	596	689
np	597	683
np	598	675
np	599	695
np	600	690
np	601	690
np	602	683
np	603	686
np	604	689
np	605	704
np	606	703
np	607	699
np	608	690
np	609	657
np	610	667
np	611	668
np	612	671
np	613	673
np	614	638
np	615	636
np	616	644
np	617	639
np	618	639
np	619	643
np	620	638
np	621	630
np	622	633
np	623	640
np	624	639
np	625	643
np	626	645
np	627	649
np	628	626
np	629	620
np	630	614
np	631	613
np	632	605
np	633	597
np	634	602
np	635	598
np	636	599
np	637	599
np	638	593
np	639	595
np	640	589
np	641	589
np	642	584
np	643	583
np	644	590
np	645	594
np	646	599
np	647	587
np	648	589
np	649	591
np	650	590
np	651	585
np	652	585
np	653	571
np	654	571
np	655	568
np	656	571
np	657	574
np	658	575
np	659	573
np	660	587
np	661	581
np	662	579
np	663	575
np	664	573
np	665	573
np	666	570
np	667	560
np	668	559
np	669	537
np	670	543
np	671	546
np	672	548
np	673	549
np	674	552
np	675	550
np	676	543
np	677	541
np	678	547
np	679	542
np	680	543
np	681	538
np	682	545
np	683	548
np	684	547
np	685	546
np	686	557
np	687	563
np	688	552
np	689	543
np	690	541
np	691	540
np	692	544
np	693	547
np	694	543
np	695	535
np	696	527
np	697	546
np	698	551
np	699	555
np	700	554
np	701	557
np	702	551
np	703	550
np	704	551
np	705	554
np	706	515
np	707	515
np	708	505
np	709	505
np	710	502
np	711	511
np	712	511
np	713	511
np	714	518
np	715	513
np	716	510
np	717	510
np	718	509
np	719	513
np	720	507
np	721	513
np	722	512
np	723	508
np	724	509
np	725	509
np	726	510
np	727	509
np	728	509
np	729	492
np	730	488
np	731	488
np	732	501
np	733	503
np	734	499
np	735	503
np	736	496
np	737	495
np	738	496
np	739	498
np	740	500
np	741	470
np	742	468
np	743	480
np	744	479
np	745	486
np	746	486
np	747	483
np	748	483
np	749	472
np	750	468
np	751	462
np	752	470
np	753	478
np	754	476
np	755	473
np	756	469
np	757	507
np	758	512
np	759	521
np	760	523
np	761	510
np	762	500
np	763	505
np	764	500
np	765	508
np	766	477
np	767	487
np	768	485
np	769	493
np	770	490
np	771	492
np	772	482
np	773	481
np	774	486
np	775	486
np	776	475
np	777	469
np	778	463
np	779	466
np	780	472
np	781	471
np	782	474
np	783	475
np	784	473
np	785	474
np	786	473
np	787	483
np	788	484
np	789	481
np	790	482
np	791	488
np	792	493
np	793	495
np	794	488
np	795	484
np	796	488
np	797	491
np	798	490
np	799	491
np	800	493
np	801	493
np	802	499
np	803	507
np	804	504
np	805	506
np	806	506
np	807	505
np	808	514
np	809	514
np	810	513
np	811	506
np	812	505
np	813	512
np	814	509
np	815	508
np	816	509
np	817	499
np	818	513
np	819	515
np	820	513
np	821	515
np	822	518
np	823	521
np	824	525
np	825	523
np	826	527
np	827	527
np	828	536
np	829	534
np	830	536
np	831	531
np	832	552
np	833	562
np	834	561
np	835	563
np	836	554
np	837	566
np	838	576
np	839	585
np	840	585
np	841	576
np	842	561
np	843	565
np	844	562
np	845	567
np	846	563
np	847	553
np	848	558
np	849	558
np	850	558
np	851	565
np	852	561
np	853	563
np	854	557
np	855	562
np	856	571
np	857	575
np	858	579
np	859	602
np	860	604
np	861	606
np	862	600
np	863	605
np	864	616
np	865	604
np	866	609
np	867	604
np	868	590
np	869	594
np	870	593
np	871	596
np	872	587
np	873	586
np	874	584
np	875	582
np	876	577
np	877	578
np	878	580
np	879	578
np	880	580
np	881	585
np	882	588
np	883	597
np	884	632
np	885	639
np	886	629
np	887	632
np	888	638
np	889	633
np	890	646
np	891	639
np	892	634
np	893	610
np	894	613
np	895	644
np	896	643
np	897	641
np	898	641
np	899	630
np	900	644
np	901	646
np	902	647
np	903	647
np	904	626
np	905	630
np	906	630
np	907	651
np	908	648
np	909	638
np	910	634
np	911	633
np	912	634
np	913	634
np	914	629
np	915	649
np	916	618
np	917	618
np	918	616
np	919	616
np	920	617
np	921	615
np	922	611
np	923	618
np	924	603
np	925	618
np	926	620
np	927	636
np	928	641
np	929	643
np	930	648
np	931	648
np	932	645
np	933	645
np	934	641
np	935	664
np	936	658
np	937	654
np	938	648
np	939	655
np	940	664
np	941	661
np	942	661
np	943	660
np	944	669
np	945	671
np	946	664
np	947	665
np	948	646
np	949	656
np	950	669
np	951	667
np	952	670
np	953	660
np	954	663
np	955	665
np	956	668
np	957	671
np	958	667
np	959	669
np	960	668
np	961	671
np	962	664
np	963	676
np	964	685
np	965	685
np	966	685
np	967	686
np	968	690
np	969	691
np	970	689
np	971	689
np	972	689
np	973	672
np	974	680
np	975	683
np	976	685
np	977	690
np	978	691
np	979	708
np	980	718
np	981	727
np	982	728
np	983	728
np	984	729
np	985	737
np	986	744
np	987	741
np	988	729
np	989	728
np	990	756
np	991	758
np	992	754
np	993	751
np	994	747
np	995	746
np	996	745
np	997	745
np	998	731
np	999	716
np	1000	708
np	1001	707
np	1002	711
np	1003	711
np	1004	709
np	1005	709
np	1006	705
np	1007	705
np	1008	700
np	1009	690
np	1010	688
np	1011	673
np	1012	679
np	1013	679
np	1014	679
np	1015	694
np	1016	694
np	1017	687
np	1018	688
np	1019	695
np	1020	699
np	1021	696
np	1022	699
np	1023	691
np	1024	687
np	1025	685
np	1026	690
np	1027	693
np	1028	695
np	1029	741
np	1030	749
np	1031	749
np	1032	746
np	1033	741
np	1034	735
np	1035	719
np	1036	714
np	1037	718
np	1038	701
np	1039	709
np	1040	703
np	1041	709
np	1042	713
np	1043	713
np	1044	712
np	1045	697
np	1046	697
np	1047	702
np	1048	691
np	1049	691
np	1050	685
np	1051	689
np	1052	689
np	1053	686
np	1054	695
np	1055	687
np	1056	690
np	1057	696
np	1058	687
np	1059	687
np	1060	687
np	1061	688
np	1062	694
np	1063	680
np	1064	698
np	1065	692
np	1066	694
np	1067	690
np	1068	691
np	1069	690
np	1070	692
np	1071	692
np	1072	705
np	1073	689
np	1074	700
np	1075	699
np	1076	696
np	1077	697
np	1078	698
np	1079	701
np	1080	705
np	1081	696
np	1082	702
np	1083	700
np	1084	702
np	1085	703
np	1086	696
np	1087	690
np	1088	690
np	1089	689
np	1090	692
np	1091	692
np	1092	704
np	1093	701
np	1094	696
np	1095	698
np	1096	699
np	1097	720
np	1098	716
np	1099	721
np	1100	696
np	1101	685
np	1102	700
np	1103	699
np	1104	701
np	1105	698
np	1106	699
np	1107	699
np	1108	695
np	1109	708
np	1110	703
np	1111	699
np	1112	698
np	1113	695
np	1114	702
np	1115	694
np	1116	699
np	1117	710
np	1118	691
np	1119	699
np	1120	696
np	1121	700
np	1122	708
np	1123	706
np	1124	718
np	1125	720
np	1126	712
np	1127	719
np	1128	703
np	1129	709
np	1130	710
np	1131	695
np	1132	714
np	1133	723
np	1134	727
np	1135	725
np	1136	722
np	1137	725
np	1138	729
np	1139	724
np	1140	717
np	1141	707
np	1142	708
np	1143	717
np	1144	721
np	1145	718
np	1146	721
np	1147	728
np	1148	732
np	1149	735
np	1150	733
np	1151	731
np	1152	729
np	1153	733
np	1154	734
np	1155	756
np	1156	749
np	1157	749
np	1158	749
np	1159	753
np	1160	754
np	1161	757
np	1162	758
np	1163	770
np	1164	752
np	1165	758
np	1166	759
np	1167	761
np	1168	764
np	1169	748
np	1170	767
np	1171	760
np	1172	754
np	1173	756
np	1174	751
np	1175	754
np	1176	756
np	1177	752
np	1178	767
np	1179	754
np	1180	749
np	1181	736
np	1182	735
np	1183	749
np	1184	737
np	1185	735
np	1186	736
np	1187	703
np	1188	714
np	1189	710
np	1190	716
np	1191	725
np	1192	723
np	1193	735
np	1194	728
np	1195	727
np	1196	735
np	1197	751
np	1198	754
np	1199	751
np	1200	750
np	1201	718
np	1202	733
np	1203	742
np	1204	746
np	1205	736
np	1206	715
np	1207	715
np	1208	714
np	1209	710
np	1210	709
np	1211	703
np	1212	695
np	1213	693
np	1214	691
np	1215	690
np	1216	685
np	1217	690
np	1218	697
np	1219	695
np	1220	692
np	1221	680
np	1222	683
np	1223	691
np	1224	691
np	1225	688
np	1226	684
np	1227	684
np	1228	677
np	1229	677
np	1230	679
np	1231	676
np	1232	685
np	1233	674
np	1234	704
np	1235	704
np	1236	716
np	1237	718
np	1238	700
np	1239	698
np	1240	697
np	1241	682
np	1242	681
np	1243	667
np	1244	674
np	1245	657
np	1246	657
np	1247	654
np	1248	651
np	1249	650
np	1250	658
np	1251	656
np	1252	658
np	1253	657
np	1254	653
np	1255	660
np	1256	653
np	1257	652
np	1258	650
np	1259	646
np	1260	660
np	1261	665
np	1262	681
np	1263	685
np	1264	661
np	1265	672
np	1266	675
np	1267	678
np	1268	676
np	1269	668
np	1270	669
np	1271	654
np	1272	676
np	1273	679
np	1274	682
np	1275	684
np	1276	686
np	1277	687
np	1278	687
np	1279	689
np	1280	699
np	1281	693
np	1282	656
np	1283	662
np	1284	643
np	1285	676
np	1286	670
np	1287	671
np	1288	671
np	1289	660
np	1290	660
np	1291	657
np	1292	669
np	1293	666
np	1294	638
np	1295	638
np	1296	641
np	1297	647
np	1298	647
np	1299	656
np	1300	661
np	1301	655
np	1302	664
np	1303	666
np	1304	666
np	1305	661
np	1306	660
np	1307	662
np	1308	664
np	1309	652
np	1310	655
np	1311	638
np	1312	637
np	1313	635
np	1314	629
np	1315	628
np	1316	628
np	1317	631
np	1318	627
np	1319	628
np	1320	625
np	1321	627
np	1322	629
np	1323	627
np	1324	626
np	1325	627
np	1326	605
np	1327	607
np	1328	593
np	1329	597
np	1330	595
np	1331	594
np	1332	594
np	1333	597
np	1334	597
np	1335	599
np	1336	593
np	1337	598
np	1338	595
np	1339	591
np	1340	595
np	1341	596
np	1342	595
np	1343	595
np	1344	593
np	1345	591
np	1346	598
np	1347	599
np	1348	591
np	1349	593
np	1350	584
np	1351	575
np	1352	579
np	1353	572
np	1354	576
np	1355	579
np	1356	573
np	1357	574
np	1358	573
np	1359	569
np	1360	569
np	1361	571
np	1362	574
np	1363	566
np	1364	559
np	1365	557
np	1366	558
np	1367	565
np	1368	565
np	1369	565
np	1370	565
np	1371	547
np	1372	554
np	1373	542
np	1374	548
np	1375	549
np	1376	543
np	1377	548
np	1378	567
np	1379	567
np	1380	570
np	1381	567
np	1382	571
np	1383	559
np	1384	542
np	1385	528
np	1386	507
np	1387	518
np	1388	525
np	1389	528
np	1390	529
np	1391	518
np	1392	516
np	1393	516
np	1394	519
np	1395	521
np	1396	518
np	1397	517
np	1398	516
np	1399	513
np	1400	516
np	1401	515
np	1402	526
np	1403	520
np	1404	515
np	1405	516
np	1406	519
np	1407	524
np	1408	528
np	1409	517
np	1410	500
np	1411	490
np	1412	485
np	1413	489
np	1414	492
np	1415	507
np	1416	500
np	1417	502
np	1418	505
np	1419	508
np	1420	504
np	1421	497
np	1422	496
np	1423	490
np	1424	491
np	1425	490
np	1426	477
np	1427	477
np	1428	477
np	1429	475
np	1430	478
np	1431	473
np	1432	487
np	1433	470
np	1434	473
np	1435	471
np	1436	474
np	1437	478
np	1438	478
np	1439	478
np	1440	481
np	1441	470
np	1442	468
np	1443	475
np	1444	476
np	1445	479
np	1446	478
np	1447	481
np	1448	475
np	1449	478
np	1450	475
np	1451	471
np	1452	469
np	1453	467
np	1454	468
np	1455	468
np	1456	464
np	1457	465
np	1458	463
np	1459	462
np	1460	460
np	1461	463
np	1462	451
np	1463	448
np	1464	448
np	1465	445
np	1466	440
np	1467	442
np	1468	439
np	1469	439
np	1470	431
np	1471	431
np	1472	427
np	1473	435
np	1474	434
np	1475	434
np	1476	431
np	1477	431
np	1478	438
np	1479	436
np	1480	430
np	1481	432
np	1482	430
np	1483	432
np	1484	429
np	1485	429
np	1486	429
np	1487	385
np	1488	386
np	1489	384
np	1490	388
np	1491	388
np	1492	381
np	1493	380
np	1494	378
np	1495	374
np	1496	376
np	1497	340
np	1498	339
np	1499	322
np	1500	318
np	1501	318
np	1502	314
np	1503	312
np	1504	310
np	1505	307
np	1506	307
np	1507	298
np	1508	297
np	1509	290
np	1510	272
np	1511	271
np	1512	271
np	1513	270
np	1514	270
np	1515	271
np	1516	270
np	1517	264
np	1518	262
np	1519	255
np	1520	254
np	1521	253
np	1522	251
np	1523	251
np	1524	241
np	1525	240
np	1526	235
np	1527	225
np	1528	224
np	1529	164
np	1530	164
np	1531	149
np	1532	149
np	1533	147
np	1534	140
np	1535	140
np	1536	137
np	1537	96
np	1538	96
np	1539	71
np	1540	71
np	1541	67
np	1542	67
np	1543	66
np	1544	66
np	1545	57
np	1546	57
np	1547	56
np	1548	55
np	1549	54
np	1550	53
np	1551	53
np	1552	53
np	1553	48
np	1554	46
np	1555	40
np	1556	39
np	1557	39
np	1558	38
np	1559	38
np	1560	38
np	1561	37
np	1562	35
np	1563	35
np	1564	35
np	1565	7
pb1	1	1322
pb1	2	1447
pb1	3	1463
pb1	4	1472
pb1	5	1624
pb1	6	1629
pb1	7	1641
pb1	8	1661
pb1	9	1735
pb1	10	1751
pb1	11	1802
pb1	12	1821
pb1	13	1826
pb1	14	1832
pb1	15	1906
pb1	16	1915
pb1	17	2223
pb1	18	2264
pb1	19	2358
pb1	20	2454
pb1	21	2482
pb1	22	2492
pb1	23	2571
pb1	24	2589
pb1	25	2609
pb1	26	2618
pb1	27	2638
pb1	28	2721
pb1	29	2822
pb1	30	2873
pb1	31	2891
pb1	32	2895
pb1	33	2981
pb1	34	3002
pb1	35	3012
pb1	36	3022
pb1	37	3041
pb1	38	3063
pb1	39	3107
pb1	40	3193
pb1	41	3224
pb1	42	3231
pb1	43	3263
pb1	44	3271
pb1	45	3305
pb1	46	3315
pb1	47	3320
pb1	48	3357
pb1	49	3360
pb1	50	3413
pb1	51	3429
pb1	52	3439
pb1	53	3448
pb1	54	3460
pb1	55	3457
pb1	56	3469
pb1	57	3465
pb1	58	3486
pb1	59	3518
pb1	60	3523
pb1	61	3529
pb1	62	3525
pb1	63	3521
pb1	64	3550
pb1	65	3551
pb1	66	3560
pb1	67	3572
pb1	68	3570
pb1	69	3578
pb1	70	3575
pb1	71	3642
pb1	72	3672
pb1	73	3826
pb1	74	3855
pb1	75	3851
pb1	76	3861
pb1	77	3869
pb1	78	3999
pb1	79	4000
pb1	80	4016
pb1	81	4028
pb1	82	3928
pb1	83	4064
pb1	84	4043
pb1	85	4073
pb1	86	4090
pb1	87	4056
pb1	88	4288
pb1	89	4277
pb1	90	4850
pb1	91	4856
pb1	92	4799
pb1	93	4997
pb1	94	4963
pb1	95	5239
pb1	96	5266
pb1	97	5195
pb1	98	5256
pb1	99	5006
pb1	100	5061
pb1	101	5070
pb1	102	4959
pb1	103	4970
pb1	104	4893
pb1	105	4888
pb1	106	5055
pb1	107	5040
pb1	108	5036
pb1	109	5321
pb1	110	5314
pb1	111	5336
pb1	112	5329
pb1	113	5321
pb1	114	5331
pb1	115	5184
pb1	116	5342
pb1	117	5390
pb1	118	5292
pb1	119	5290
pb1	120	5286
pb1	121	5286
pb1	122	5461
pb1	123	5483
pb1	124	5470
pb1	125	5434
pb1	126	5307
pb1	127	5372
pb1	128	5435
pb1	129	5440
pb1	130	5438
pb1	131	5528
pb1	132	5454
pb1	133	5690
pb1	134	5714
pb1	135	5793
pb1	136	5720
pb1	137	5716
pb1	138	5778
pb1	139	5773
pb1	140	5917
pb1	141	5606
pb1	142	5589
pb1	143	5553
pb1	144	5705
pb1	145	5710
pb1	146	5702
pb1	147	5669
pb1	148	5643
pb1	149	5961
pb1	150	5885
pb1	151	5845
pb1	152	5769
pb1	153	5887
pb1	154	5893
pb1	155	5917
pb1	156	5913
pb1	157	5819
pb1	158	5885
pb1	159	5475
pb1	160	5474
pb1	161	5512
pb1	162	5233
pb1	163	5566
pb1	164	5598
pb1	165	5797
pb1	166	5816
pb1	167	5743
pb1	168	5890
pb1	169	5880
pb1	170	6102
pb1	171	6094
pb1	172	5933
pb1	173	5966
pb1	174	5839
pb1	175	5985
pb1	176	5995
pb1	177	5944
pb1	178	5981
pb1	179	5876
pb1	180	5927
pb1	181	5949
pb1	182	5961
pb1	183	5995
pb1	184	5924
pb1	185	5933
pb1	186	6008
pb1	187	5994
pb1	188	6032
pb1	189	6062
pb1	190	6041
pb1	191	6089
pb1	192	6053
pb1	193	6045
pb1	194	6064
pb1	195	6014
pb1	196	6014
pb1	197	5967
pb1	198	6279
pb1	199	6259
pb1	200	6243
pb1	201	6184
pb1	202	6202
pb1	203	6214
pb1	204	6344
pb1	205	6263
pb1	206	6278
pb1	207	6016
pb1	208	6010
pb1	209	6014
pb1	210	6007
pb1	211	6005
pb1	212	6015
pb1	213	5903
pb1	214	6095
pb1	215	6036
pb1	216	6029
pb1	217	6050
pb1	218	6101
pb1	219	6244
pb1	220	6248
pb1	221	6220
pb1	222	6216
pb1	223	5962
pb1	224	6015
pb1	225	6054
pb1	226	6008
pb1	227	6002
pb1	228	5911
pb1	229	5947
pb1	230	6029
pb1	231	6091
pb1	232	6115
pb1	233	6121
pb1	234	6122
pb1	235	6132
pb1	236	6145
pb1	237	6185
pb1	238	6206
pb1	239	6141
pb1	240	6013
pb1	241	6064
pb1	242	6027
pb1	243	6214
pb1	244	6434
pb1	245	6418
pb1	246	6358
pb1	247	6392
pb1	248	6381
pb1	249	6404
pb1	250	6425
pb1	251	6368
pb1	252	6415
pb1	253	6137
pb1	254	6137
pb1	255	6118
pb1	256	6130
pb1	257	6095
pb1	258	6127
pb1	259	6146
pb1	260	6142
pb1	261	6069
pb1	262	6096
pb1	263	6181
pb1	264	6236
pb1	265	6298
pb1	266	6486
pb1	267	6413
pb1	268	6393
pb1	269	6424
pb1	270	6408
pb1	271	6487
pb1	272	6442
pb1	273	6398
pb1	274	6585
pb1	275	6354
pb1	276	6537
pb1	277	6535
pb1	278	6537
pb1	279	6462
pb1	280	6540
pb1	281	6467
pb1	282	6416
pb1	283	6228
pb1	284	6309
pb1	285	6227
pb1	286	6311
pb1	287	6347
pb1	288	6468
pb1	289	6364
pb1	290	6350
pb1	291	6345
pb1	292	6346
pb1	293	6225
pb1	294	6215
pb1	295	6233
pb1	296	6217
pb1	297	6077
pb1	298	6094
pb1	299	6089
pb1	300	6069
pb1	301	6081
pb1	302	6053
pb1	303	5993
pb1	304	5925
pb1	305	6787
pb1	306	6950
pb1	307	6955
pb1	308	6953
pb1	309	6892
pb1	310	6926
pb1	311	7117
pb1	312	7108
pb1	313	7112
pb1	314	6124
pb1	315	6201
pb1	316	6169
pb1	317	6257
pb1	318	6251
pb1	319	6315
pb1	320	6334
pb1	321	6417
pb1	322	6373
pb1	323	6367
pb1	324	6244
pb1	325	6269
pb1	326	6289
pb1	327	6280
pb1	328	6288
pb1	329	6186
pb1	330	6178
pb1	331	6144
pb1	332	6175
pb1	333	6176
pb1	334	6176
pb1	335	6167
pb1	336	6158
pb1	337	6126
pb1	338	6084
pb1	339	6101
pb1	340	6066
pb1	341	6044
pb1	342	6052
pb1	343	6055
pb1	344	6157
pb1	345	6180
pb1	346	6206
pb1	347	6199
pb1	348	6159
pb1	349	6142
pb1	350	6130
pb1	351	6107
pb1	352	6096
pb1	353	6035
pb1	354	6049
pb1	355	6001
pb1	356	5988
pb1	357	5992
pb1	358	6015
pb1	359	6029
pb1	360	6017
pb1	361	6024
pb1	362	6004
pb1	363	5999
pb1	364	6050
pb1	365	6023
pb1	366	6015
pb1	367	6055
pb1	368	5963
pb1	369	6052
pb1	370	6050
pb1	371	6169
pb1	372	6171
pb1	373	6091
pb1	374	6108
pb1	375	6096
pb1	376	6153
pb1	377	6162
pb1	378	5961
pb1	379	5976
pb1	380	5777
pb1	381	5824
pb1	382	5826
pb1	383	5788
pb1	384	5796
pb1	385	5707
pb1	386	6005
pb1	387	6006
pb1	388	5983
pb1	389	5977
pb1	390	5932
pb1	391	6046
pb1	392	6075
pb1	393	6013
pb1	394	5931
pb1	395	5669
pb1	396	5675
pb1	397	5688
pb1	398	5701
pb1	399	5724
pb1	400	5640
pb1	401	5644
pb1	402	5634
pb1	403	5646
pb1	404	5646
pb1	405	5858
pb1	406	5958
pb1	407	6011
pb1	408	5949
pb1	409	5848
pb1	410	5870
pb1	411	5961
pb1	412	5972
pb1	413	5969
pb1	414	5727
pb1	415	5528
pb1	416	5480
pb1	417	5460
pb1	418	5568
pb1	419	5584
pb1	420	5441
pb1	421	5443
pb1	422	5399
pb1	423	5463
pb1	424	5476
pb1	425	5413
pb1	426	5385
pb1	427	5151
pb1	428	5229
pb1	429	5236
pb1	430	5219
pb1	431	5191
pb1	432	5108
pb1	433	5104
pb1	434	5062
pb1	435	4999
pb1	436	4995
pb1	437	4918
pb1	438	4934
pb1	439	4931
pb1	440	4938
pb1	441	4936
pb1	442	4957
pb1	443	4996
pb1	444	4996
pb1	445	4994
pb1	446	4991
pb1	447	4927
pb1	448	5300
pb1	449	5290
pb1	450	5296
pb1	451	5296
pb1	452	5220
pb1	453	6024
pb1	454	6077
pb1	455	5925
pb1	456	5911
pb1	457	5518
pb1	458	5996
pb1	459	6063
pb1	460	6105
pb1	461	6938
pb1	462	6206
pb1	463	6366
pb1	464	6358
pb1	465	6327
pb1	466	6378
pb1	467	6035
pb1	468	6014
pb1	469	6052
pb1	470	5602
pb1	471	5740
pb1	472	5705
pb1	473	5726
pb1	474	5728
pb1	475	5692
pb1	476	5734
pb1	477	5734
pb1	478	5735
pb1	479	5696
pb1	480	5673
pb1	481	5658
pb1	482	5653
pb1	483	5703
pb1	484	5712
pb1	485	5933
pb1	486	5950
pb1	487	5986
pb1	488	6037
pb1	489	6050
pb1	490	6040
pb1	491	6067
pb1	492	6039
pb1	493	6208
pb1	494	6269
pb1	495	6308
pb1	496	6331
pb1	497	6348
pb1	498	6371
pb1	499	6687
pb1	500	6691
pb1	501	6725
pb1	502	6676
pb1	503	6720
pb1	504	6670
pb1	505	6694
pb1	506	6732
pb1	507	6748
pb1	508	6574
pb1	509	6651
pb1	510	6604
pb1	511	6888
pb1	512	6843
pb1	513	6860
pb1	514	6841
pb1	515	6844
pb1	516	6825
pb1	517	6858
pb1	518	6754
pb1	519	6767
pb1	520	6524
pb1	521	6615
pb1	522	6658
pb1	523	6740
pb1	524	6728
pb1	525	6782
pb1	526	6754
pb1	527	6762
pb1	528	6829
pb1	529	6903
pb1	530	6980
pb1	531	6919
pb1	532	7117
pb1	533	7191
pb1	534	7208
pb1	535	7215
pb1	536	7223
pb1	537	7135
pb1	538	7145
pb1	539	6993
pb1	540	6982
pb1	541	6756
pb1	542	6736
pb1	543	6727
pb1	544	6765
pb1	545	6797
pb1	546	7007
pb1	547	7131
pb1	548	7157
pb1	549	7132
pb1	550	7055
pb1	551	7069
pb1	552	7031
pb1	553	7084
pb1	554	6998
pb1	555	6882
pb1	556	6709
pb1	557	6674
pb1	558	6677
pb1	559	6726
pb1	560	6736
pb1	561	7047
pb1	562	7073
pb1	563	7131
pb1	564	7125
pb1	565	7052
pb1	566	7188
pb1	567	7155
pb1	568	7074
pb1	569	7042
pb1	570	6738
pb1	571	6732
pb1	572	6736
pb1	573	6734
pb1	574	6761
pb1	575	6661
pb1	576	6714
pb1	577	6726
pb1	578	6751
pb1	579	6752
pb1	580	6734
pb1	581	6703
pb1	582	6707
pb1	583	6693
pb1	584	6810
pb1	585	6866
pb1	586	6868
pb1	587	6971
pb1	588	6969
pb1	589	6951
pb1	590	6969
pb1	591	6959
pb1	592	6908
pb1	593	6830
pb1	594	6805
pb1	595	6844
pb1	596	6699
pb1	597	6788
pb1	598	6750
pb1	599	6727
pb1	600	6820
pb1	601	6835
pb1	602	6777
pb1	603	6729
pb1	604	6601
pb1	605	6612
pb1	606	6611
pb1	607	6580
pb1	608	6489
pb1	609	6308
pb1	610	6301
pb1	611	6212
pb1	612	6087
pb1	613	6057
pb1	614	6074
pb1	615	6147
pb1	616	6143
pb1	617	6141
pb1	618	6094
pb1	619	6082
pb1	620	6118
pb1	621	6103
pb1	622	6137
pb1	623	6091
pb1	624	6055
pb1	625	6038
pb1	626	6307
pb1	627	6294
pb1	628	6316
pb1	629	6273
pb1	630	6336
pb1	631	6265
pb1	632	6462
pb1	633	6471
pb1	634	6441
pb1	635	6483
pb1	636	6243
pb1	637	6259
pb1	638	6269
pb1	639	6182
pb1	640	6245
pb1	641	6054
pb1	642	6024
pb1	643	5986
pb1	644	5748
pb1	645	5841
pb1	646	5825
pb1	647	5776
pb1	648	5783
pb1	649	5680
pb1	650	5617
pb1	651	5619
pb1	652	5618
pb1	653	5549
pb1	654	5512
pb1	655	5409
pb1	656	5560
pb1	657	5559
pb1	658	5545
pb1	659	5505
pb1	660	5620
pb1	661	5670
pb1	662	5646
pb1	663	5652
pb1	664	5598
pb1	665	5338
pb1	666	5332
pb1	667	5326
pb1	668	5324
pb1	669	5321
pb1	670	5040
pb1	671	5034
pb1	672	4993
pb1	673	4944
pb1	674	5282
pb1	675	5344
pb1	676	5396
pb1	677	5412
pb1	678	5487
pb1	679	5494
pb1	680	5480
pb1	681	5444
pb1	682	5386
pb1	683	5333
pb1	684	4915
pb1	685	4999
pb1	686	5088
pb1	687	4911
pb1	688	4931
pb1	689	4909
pb1	690	4913
pb1	691	4998
pb1	692	5024
pb1	693	4844
pb1	694	4840
pb1	695	4606
pb1	696	4735
pb1	697	4705
pb1	698	4703
pb1	699	4760
pb1	700	4542
pb1	701	4661
pb1	702	4603
pb1	703	4670
pb1	704	4694
pb1	705	4613
pb1	706	4622
pb1	707	4609
pb1	708	4515
pb1	709	4505
pb1	710	4267
pb1	711	4292
pb1	712	4211
pb1	713	4112
pb1	714	4043
pb1	715	4011
pb1	716	4012
pb1	717	4013
pb1	718	4028
pb1	719	4036
pb1	720	4011
pb1	721	4001
pb1	722	4003
pb1	723	4010
pb1	724	4002
pb1	725	3998
pb1	726	3998
pb1	727	4020
pb1	728	4066
pb1	729	4113
pb1	730	4159
pb1	731	4142
pb1	732	4120
pb1	733	4117
pb1	734	4112
pb1	735	4153
pb1	736	4033
pb1	737	4044
pb1	738	3962
pb1	739	3866
pb1	740	3920
pb1	741	3885
pb1	742	3895
pb1	743	3925
pb1	744	3880
pb1	745	3872
pb1	746	3884
pb1	747	3889
pb1	748	3911
pb1	749	3835
pb1	750	3781
pb1	751	3750
pb1	752	3723
pb1	753	3610
pb1	754	3634
pb1	755	3555
pb1	756	3549
pb1	757	3530
pb1	758	3574
pb1	759	3592
pb1	760	3672
pb1	761	3663
pb1	762	3672
pb1	763	3651
pb1	764	3600
pb1	765	3648
pb1	766	3644
pb1	767	3637
pb1	768	3640
pb1	769	3469
pb1	770	3481
pb1	771	3454
pb1	772	3502
pb1	773	3577
pb1	774	3504
pb1	775	3634
pb1	776	3630
pb1	777	3640
pb1	778	3718
pb1	779	3692
pb1	780	3690
pb1	781	3655
pb1	782	3416
pb1	783	3406
pb1	784	3204
pb1	785	3199
pb1	786	3139
pb1	787	3181
pb1	788	3158
pb1	789	3150
pb1	790	3147
pb1	791	3149
pb1	792	3167
pb1	793	3217
pb1	794	3395
pb1	795	3417
pb1	796	3423
pb1	797	3427
pb1	798	3516
pb1	799	3552
pb1	800	3576
pb1	801	3578
pb1	802	3545
pb1	803	3390
pb1	804	3489
pb1	805	3446
pb1	806	3540
pb1	807	3489
pb1	808	3485
pb1	809	3579
pb1	810	3601
pb1	811	3620
pb1	812	3631
pb1	813	3571
pb1	814	3577
pb1	815	3486
pb1	816	3480
pb1	817	3469
pb1	818	3489
pb1	819	3558
pb1	820	3546
pb1	821	3542
pb1	822	3539
pb1	823	3591
pb1	824	3588
pb1	825	3564
pb1	826	3558
pb1	827	3447
pb1	828	3523
pb1	829	3502
pb1	830	3533
pb1	831	3525
pb1	832	3526
pb1	833	3535
pb1	834	3556
pb1	835	3580
pb1	836	3507
pb1	837	3568
pb1	838	3561
pb1	839	3609
pb1	840	3617
pb1	841	3690
pb1	842	3696
pb1	843	3709
pb1	844	3676
pb1	845	3702
pb1	846	3667
pb1	847	3663
pb1	848	3653
pb1	849	3654
pb1	850	3617
pb1	851	3765
pb1	852	3791
pb1	853	3817
pb1	854	3815
pb1	855	3844
pb1	856	3839
pb1	857	3829
pb1	858	3843
pb1	859	3808
pb1	860	3764
pb1	861	3826
pb1	862	3818
pb1	863	3819
pb1	864	3781
pb1	865	3801
pb1	866	3802
pb1	867	3827
pb1	868	3809
pb1	869	3761
pb1	870	3848
pb1	871	3868
pb1	872	3897
pb1	873	3893
pb1	874	3888
pb1	875	3888
pb1	876	3880
pb1	877	3914
pb1	878	3964
pb1	879	3843
pb1	880	3854
pb1	881	3828
pb1	882	3855
pb1	883	3846
pb1	884	3886
pb1	885	3887
pb1	886	3855
pb1	887	3863
pb1	888	3896
pb1	889	3969
pb1	890	3974
pb1	891	3959
pb1	892	3952
pb1	893	3885
pb1	894	3899
pb1	895	3870
pb1	896	3889
pb1	897	3862
pb1	898	3783
pb1	899	3823
pb1	900	3892
pb1	901	3924
pb1	902	4062
pb1	903	4063
pb1	904	4112
pb1	905	4090
pb1	906	4106
pb1	907	4161
pb1	908	4257
pb1	909	4238
pb1	910	4138
pb1	911	4151
pb1	912	4029
pb1	913	4093
pb1	914	4048
pb1	915	4087
pb1	916	4070
pb1	917	3965
pb1	918	4032
pb1	919	4021
pb1	920	4050
pb1	921	4078
pb1	922	4103
pb1	923	4098
pb1	924	4097
pb1	925	4059
pb1	926	4089
pb1	927	4033
pb1	928	4046
pb1	929	4135
pb1	930	4198
pb1	931	4189
pb1	932	4288
pb1	933	4269
pb1	934	4331
pb1	935	4356
pb1	936	4553
pb1	937	4574
pb1	938	4470
pb1	939	4425
pb1	940	4400
pb1	941	4371
pb1	942	4477
pb1	943	4386
pb1	944	4373
pb1	945	4184
pb1	946	4183
pb1	947	4183
pb1	948	4206
pb1	949	4207
pb1	950	4154
pb1	951	4150
pb1	952	4112
pb1	953	4128
pb1	954	4124
pb1	955	4118
pb1	956	4121
pb1	957	4089
pb1	958	4082
pb1	959	4048
pb1	960	4084
pb1	961	4051
pb1	962	4017
pb1	963	4016
pb1	964	3993
pb1	965	4010
pb1	966	4031
pb1	967	4059
pb1	968	4027
pb1	969	3989
pb1	970	3991
pb1	971	4018
pb1	972	4011
pb1	973	4006
pb1	974	3967
pb1	975	4078
pb1	976	4011
pb1	977	4006
pb1	978	4000
pb1	979	3988
pb1	980	3960
pb1	981	3997
pb1	982	3996
pb1	983	3996
pb1	984	3837
pb1	985	3947
pb1	986	4062
pb1	987	4088
pb1	988	4138
pb1	989	4141
pb1	990	4116
pb1	991	4123
pb1	992	4629
pb1	993	5249
pb1	994	5181
pb1	995	5148
pb1	996	5158
pb1	997	5131
pb1	998	5150
pb1	999	5120
pb1	1000	5193
pb1	1001	5165
pb1	1002	4694
pb1	1003	4686
pb1	1004	4640
pb1	1005	4742
pb1	1006	4756
pb1	1007	4711
pb1	1008	4703
pb1	1009	4668
pb1	1010	4598
pb1	1011	4642
pb1	1012	4681
pb1	1013	4692
pb1	1014	4646
pb1	1015	4665
pb1	1016	4682
pb1	1017	4680
pb1	1018	4709
pb1	1019	4798
pb1	1020	5407
pb1	1021	5381
pb1	1022	5404
pb1	1023	5424
pb1	1024	5424
pb1	1025	5494
pb1	1026	5498
pb1	1027	5478
pb1	1028	5431
pb1	1029	5102
pb1	1030	5550
pb1	1031	5567
pb1	1032	5642
pb1	1033	5654
pb1	1034	5605
pb1	1035	5628
pb1	1036	5624
pb1	1037	5726
pb1	1038	5747
pb1	1039	5601
pb1	1040	5657
pb1	1041	5643
pb1	1042	5685
pb1	1043	5818
pb1	1044	5782
pb1	1045	6489
pb1	1046	6410
pb1	1047	6397
pb1	1048	6547
pb1	1049	6515
pb1	1050	6498
pb1	1051	6498
pb1	1052	6367
pb1	1053	6381
pb1	1054	5873
pb1	1055	5829
pb1	1056	5857
pb1	1057	5798
pb1	1058	5867
pb1	1059	5865
pb1	1060	5884
pb1	1061	5914
pb1	1062	5889
pb1	1063	5869
pb1	1064	5900
pb1	1065	5926
pb1	1066	6117
pb1	1067	6165
pb1	1068	6221
pb1	1069	6256
pb1	1070	6259
pb1	1071	6248
pb1	1072	6360
pb1	1073	6672
pb1	1074	6719
pb1	1075	6752
pb1	1076	6723
pb1	1077	6797
pb1	1078	6853
pb1	1079	6938
pb1	1080	6949
pb1	1081	6851
pb1	1082	6680
pb1	1083	6641
pb1	1084	7005
pb1	1085	7089
pb1	1086	7100
pb1	1087	7041
pb1	1088	7024
pb1	1089	7045
pb1	1090	7082
pb1	1091	7070
pb1	1092	7148
pb1	1093	6969
pb1	1094	6980
pb1	1095	6964
pb1	1096	6972
pb1	1097	7007
pb1	1098	7251
pb1	1099	7199
pb1	1100	7262
pb1	1101	7212
pb1	1102	7206
pb1	1103	7212
pb1	1104	7257
pb1	1105	7318
pb1	1106	7427
pb1	1107	7255
pb1	1108	7238
pb1	1109	7182
pb1	1110	7175
pb1	1111	7177
pb1	1112	7139
pb1	1113	7150
pb1	1114	7113
pb1	1115	7084
pb1	1116	7089
pb1	1117	7093
pb1	1118	7103
pb1	1119	7072
pb1	1120	7038
pb1	1121	7253
pb1	1122	7173
pb1	1123	7234
pb1	1124	7221
pb1	1125	7258
pb1	1126	7235
pb1	1127	7237
pb1	1128	7209
pb1	1129	7221
pb1	1130	6945
pb1	1131	6925
pb1	1132	6973
pb1	1133	6977
pb1	1134	6969
pb1	1135	6988
pb1	1136	7014
pb1	1137	6986
pb1	1138	7021
pb1	1139	7022
pb1	1140	7065
pb1	1141	6892
pb1	1142	6879
pb1	1143	7015
pb1	1144	6952
pb1	1145	6968
pb1	1146	6943
pb1	1147	6919
pb1	1148	7297
pb1	1149	7248
pb1	1150	7223
pb1	1151	7211
pb1	1152	7025
pb1	1153	7201
pb1	1154	7148
pb1	1155	7170
pb1	1156	7131
pb1	1157	6767
pb1	1158	7042
pb1	1159	7061
pb1	1160	7041
pb1	1161	7209
pb1	1162	7051
pb1	1163	7216
pb1	1164	7182
pb1	1165	7210
pb1	1166	7233
pb1	1167	7089
pb1	1168	7038
pb1	1169	7027
pb1	1170	6839
pb1	1171	6732
pb1	1172	6562
pb1	1173	6649
pb1	1174	6606
pb1	1175	6637
pb1	1176	6632
pb1	1177	6665
pb1	1178	6717
pb1	1179	6700
pb1	1180	6676
pb1	1181	6643
pb1	1182	6667
pb1	1183	6641
pb1	1184	6610
pb1	1185	6670
pb1	1186	6695
pb1	1187	6595
pb1	1188	6600
pb1	1189	6550
pb1	1190	6534
pb1	1191	6372
pb1	1192	6453
pb1	1193	6453
pb1	1194	6428
pb1	1195	6360
pb1	1196	6318
pb1	1197	6416
pb1	1198	6398
pb1	1199	6390
pb1	1200	6348
pb1	1201	6279
pb1	1202	6300
pb1	1203	6320
pb1	1204	6297
pb1	1205	6198
pb1	1206	6143
pb1	1207	7262
pb1	1208	7394
pb1	1209	7468
pb1	1210	7658
pb1	1211	7634
pb1	1212	7725
pb1	1213	7757
pb1	1214	7750
pb1	1215	7803
pb1	1216	7593
pb1	1217	6604
pb1	1218	6583
pb1	1219	6458
pb1	1220	6546
pb1	1221	6529
pb1	1222	6498
pb1	1223	6480
pb1	1224	6324
pb1	1225	6632
pb1	1226	6652
pb1	1227	6680
pb1	1228	6713
pb1	1229	6883
pb1	1230	6933
pb1	1231	6923
pb1	1232	6918
pb1	1233	6913
pb1	1234	6567
pb1	1235	6659
pb1	1236	6660
pb1	1237	6619
pb1	1238	6568
pb1	1239	6548
pb1	1240	6651
pb1	1241	6750
pb1	1242	6776
pb1	1243	6766
pb1	1244	6592
pb1	1245	6773
pb1	1246	6944
pb1	1247	7171
pb1	1248	7235
pb1	1249	7156
pb1	1250	7085
pb1	1251	7258
pb1	1252	7446
pb1	1253	7518
pb1	1254	7407
pb1	1255	8221
pb1	1256	8353
pb1	1257	9210
pb1	1258	9286
pb1	1259	9511
pb1	1260	9693
pb1	1261	9487
pb1	1262	9529
pb1	1263	9539
pb1	1264	9740
pb1	1265	9772
pb1	1266	10758
pb1	1267	10961
pb1	1268	10952
pb1	1269	11192
pb1	1270	11199
pb1	1271	12061
pb1	1272	12086
pb1	1273	11994
pb1	1274	12135
pb1	1275	11936
pb1	1276	13494
pb1	1277	13651
pb1	1278	13692
pb1	1279	13740
pb1	1280	13663
pb1	1281	13709
pb1	1282	13725
pb1	1283	13778
pb1	1284	13620
pb1	1285	13532
pb1	1286	13333
pb1	1287	13426
pb1	1288	13527
pb1	1289	13575
pb1	1290	13599
pb1	1291	13730
pb1	1292	13727
pb1	1293	13904
pb1	1294	13901
pb1	1295	13889
pb1	1296	13909
pb1	1297	13902
pb1	1298	14048
pb1	1299	14014
pb1	1300	13974
pb1	1301	13962
pb1	1302	13911
pb1	1303	14240
pb1	1304	14372
pb1	1305	14402
pb1	1306	14471
pb1	1307	14396
pb1	1308	14447
pb1	1309	14452
pb1	1310	14432
pb1	1311	14698
pb1	1312	14531
pb1	1313	14507
pb1	1314	14542
pb1	1315	14511
pb1	1316	14542
pb1	1317	15130
pb1	1318	15005
pb1	1319	15257
pb1	1320	15106
pb1	1321	15021
pb1	1322	15442
pb1	1323	15459
pb1	1324	17760
pb1	1325	18320
pb1	1326	17829
pb1	1327	18806
pb1	1328	18646
pb1	1329	19516
pb1	1330	19644
pb1	1331	19391
pb1	1332	19563
pb1	1333	18015
pb1	1334	18123
pb1	1335	18245
pb1	1336	17690
pb1	1337	17764
pb1	1338	17553
pb1	1339	17560
pb1	1340	17681
pb1	1341	17530
pb1	1342	17519
pb1	1343	18134
pb1	1344	18029
pb1	1345	18271
pb1	1346	18298
pb1	1347	18483
pb1	1348	18542
pb1	1349	18551
pb1	1350	18553
pb1	1351	18573
pb1	1352	18097
pb1	1353	18129
pb1	1354	18807
pb1	1355	18753
pb1	1356	18688
pb1	1357	18754
pb1	1358	18756
pb1	1359	18749
pb1	1360	18801
pb1	1361	18913
pb1	1362	18959
pb1	1363	18649
pb1	1364	18641
pb1	1365	18667
pb1	1366	18753
pb1	1367	19154
pb1	1368	19149
pb1	1369	19910
pb1	1370	19781
pb1	1371	20467
pb1	1372	20497
pb1	1373	20578
pb1	1374	20672
pb1	1375	21045
pb1	1376	20578
pb1	1377	20634
pb1	1378	19829
pb1	1379	19740
pb1	1380	18788
pb1	1381	19051
pb1	1382	19176
pb1	1383	19016
pb1	1384	19020
pb1	1385	18694
pb1	1386	18690
pb1	1387	18613
pb1	1388	18536
pb1	1389	18909
pb1	1390	18429
pb1	1391	18272
pb1	1392	18212
pb1	1393	18306
pb1	1394	18453
pb1	1395	18471
pb1	1396	18438
pb1	1397	18555
pb1	1398	17973
pb1	1399	18244
pb1	1400	18252
pb1	1401	18260
pb1	1402	18123
pb1	1403	17927
pb1	1404	17860
pb1	1405	17781
pb1	1406	17654
pb1	1407	17466
pb1	1408	18038
pb1	1409	18132
pb1	1410	18054
pb1	1411	18096
pb1	1412	17885
pb1	1413	17804
pb1	1414	17981
pb1	1415	17835
pb1	1416	17692
pb1	1417	16281
pb1	1418	16476
pb1	1419	17296
pb1	1420	17208
pb1	1421	17229
pb1	1422	18740
pb1	1423	18508
pb1	1424	18674
pb1	1425	18689
pb1	1426	18506
pb1	1427	18467
pb1	1428	17279
pb1	1429	17353
pb1	1430	17631
pb1	1431	16160
pb1	1432	16138
pb1	1433	16130
pb1	1434	16154
pb1	1435	16133
pb1	1436	16024
pb1	1437	16027
pb1	1438	16016
pb1	1439	15640
pb1	1440	15831
pb1	1441	15856
pb1	1442	15832
pb1	1443	15846
pb1	1444	15843
pb1	1445	16162
pb1	1446	16206
pb1	1447	16228
pb1	1448	16223
pb1	1449	16125
pb1	1450	16030
pb1	1451	16091
pb1	1452	16088
pb1	1453	16086
pb1	1454	15348
pb1	1455	15424
pb1	1456	15481
pb1	1457	15528
pb1	1458	15376
pb1	1459	15417
pb1	1460	15310
pb1	1461	15434
pb1	1462	15463
pb1	1463	15420
pb1	1464	15327
pb1	1465	14935
pb1	1466	14788
pb1	1467	15051
pb1	1468	15058
pb1	1469	15067
pb1	1470	14965
pb1	1471	15061
pb1	1472	15639
pb1	1473	15608
pb1	1474	15569
pb1	1475	15316
pb1	1476	14683
pb1	1477	14654
pb1	1478	14419
pb1	1479	14419
pb1	1480	13026
pb1	1481	13331
pb1	1482	13272
pb1	1483	13180
pb1	1484	13167
pb1	1485	12526
pb1	1486	12582
pb1	1487	12789
pb1	1488	12711
pb1	1489	12687
pb1	1490	11859
pb1	1491	11404
pb1	1492	11389
pb1	1493	11341
pb1	1494	11308
pb1	1495	11143
pb1	1496	10546
pb1	1497	10273
pb1	1498	10248
pb1	1499	10053
pb1	1500	10116
pb1	1501	10052
pb1	1502	10038
pb1	1503	10044
pb1	1504	10200
pb1	1505	10220
pb1	1506	10182
pb1	1507	10208
pb1	1508	10225
pb1	1509	10214
pb1	1510	10285
pb1	1511	10321
pb1	1512	10356
pb1	1513	10242
pb1	1514	10232
pb1	1515	10265
pb1	1516	10322
pb1	1517	10461
pb1	1518	10593
pb1	1519	10536
pb1	1520	10575
pb1	1521	10565
pb1	1522	10581
pb1	1523	10852
pb1	1524	10840
pb1	1525	10813
pb1	1526	10653
pb1	1527	10426
pb1	1528	10462
pb1	1529	10362
pb1	1530	10311
pb1	1531	10326
pb1	1532	10087
pb1	1533	10074
pb1	1534	9999
pb1	1535	10005
pb1	1536	10186
pb1	1537	10146
pb1	1538	10185
pb1	1539	10179
pb1	1540	10183
pb1	1541	10395
pb1	1542	10489
pb1	1543	10474
pb1	1544	10450
pb1	1545	10222
pb1	1546	10528
pb1	1547	10483
pb1	1548	10489
pb1	1549	10442
pb1	1550	10224
pb1	1551	10355
pb1	1552	10365
pb1	1553	10396
pb1	1554	10366
pb1	1555	10115
pb1	1556	10864
pb1	1557	10899
pb1	1558	10876
pb1	1559	10866
pb1	1560	10796
pb1	1561	10812
pb1	1562	10828
pb1	1563	10854
pb1	1564	10905
pb1	1565	10026
pb1	1566	10770
pb1	1567	10761
pb1	1568	10707
pb1	1569	10727
pb1	1570	10752
pb1	1571	11091
pb1	1572	11114
pb1	1573	10877
pb1	1574	10869
pb1	1575	10570
pb1	1576	10510
pb1	1577	10530
pb1	1578	10523
pb1	1579	10510
pb1	1580	10070
pb1	1581	10047
pb1	1582	10042
pb1	1583	10171
pb1	1584	10034
pb1	1585	10103
pb1	1586	10085
pb1	1587	10110
pb1	1588	10355
pb1	1589	10321
pb1	1590	10476
pb1	1591	10463
pb1	1592	10397
pb1	1593	10563
pb1	1594	10524
pb1	1595	10964
pb1	1596	10947
pb1	1597	10721
pb1	1598	10739
pb1	1599	10592
pb1	1600	10854
pb1	1601	11511
pb1	1602	11297
pb1	1603	11304
pb1	1604	10919
pb1	1605	10911
pb1	1606	10892
pb1	1607	11112
pb1	1608	11045
pb1	1609	11634
pb1	1610	10832
pb1	1611	11114
pb1	1612	11405
pb1	1613	11375
pb1	1614	11302
pb1	1615	11336
pb1	1616	11029
pb1	1617	11283
pb1	1618	10745
pb1	1619	10758
pb1	1620	10846
pb1	1621	10479
pb1	1622	10780
pb1	1623	10919
pb1	1624	11204
pb1	1625	11293
pb1	1626	11400
pb1	1627	11426
pb1	1628	11419
pb1	1629	11421
pb1	1630	11427
pb1	1631	11654
pb1	1632	11783
pb1	1633	11541
pb1	1634	11584
pb1	1635	11457
pb1	1636	11897
pb1	1637	12118
pb1	1638	12185
pb1	1639	12238
pb1	1640	12033
pb1	1641	12068
pb1	1642	12078
pb1	1643	12171
pb1	1644	12193
pb1	1645	11975
pb1	1646	11911
pb1	1647	11834
pb1	1648	11902
pb1	1649	11951
pb1	1650	11907
pb1	1651	11864
pb1	1652	11839
pb1	1653	11875
pb1	1654	12098
pb1	1655	12091
pb1	1656	12100
pb1	1657	12163
pb1	1658	12184
pb1	1659	12208
pb1	1660	12214
pb1	1661	12214
pb1	1662	12143
pb1	1663	12123
pb1	1664	12243
pb1	1665	12214
pb1	1666	12429
pb1	1667	12406
pb1	1668	12390
pb1	1669	12394
pb1	1670	12354
pb1	1671	12384
pb1	1672	12537
pb1	1673	12352
pb1	1674	12565
pb1	1675	12511
pb1	1676	12616
pb1	1677	12747
pb1	1678	12724
pb1	1679	12707
pb1	1680	12676
pb1	1681	12701
pb1	1682	12671
pb1	1683	13034
pb1	1684	13271
pb1	1685	13206
pb1	1686	13167
pb1	1687	13106
pb1	1688	13209
pb1	1689	13516
pb1	1690	13471
pb1	1691	13586
pb1	1692	12996
pb1	1693	12932
pb1	1694	12889
pb1	1695	13625
pb1	1696	13879
pb1	1697	14826
pb1	1698	14840
pb1	1699	14824
pb1	1700	14638
pb1	1701	14657
pb1	1702	14504
pb1	1703	14684
pb1	1704	14573
pb1	1705	13611
pb1	1706	13469
pb1	1707	13616
pb1	1708	13671
pb1	1709	13688
pb1	1710	13731
pb1	1711	13639
pb1	1712	13779
pb1	1713	13385
pb1	1714	13523
pb1	1715	13509
pb1	1716	13124
pb1	1717	13100
pb1	1718	13050
pb1	1719	13065
pb1	1720	12922
pb1	1721	13056
pb1	1722	12922
pb1	1723	12973
pb1	1724	12859
pb1	1725	13204
pb1	1726	13240
pb1	1727	13252
pb1	1728	13222
pb1	1729	13371
pb1	1730	13177
pb1	1731	13319
pb1	1732	13311
pb1	1733	13509
pb1	1734	13287
pb1	1735	13301
pb1	1736	13400
pb1	1737	13555
pb1	1738	13537
pb1	1739	13602
pb1	1740	13592
pb1	1741	13640
pb1	1742	13734
pb1	1743	13726
pb1	1744	13730
pb1	1745	13740
pb1	1746	13527
pb1	1747	13558
pb1	1748	13552
pb1	1749	13570
pb1	1750	13504
pb1	1751	13490
pb1	1752	13898
pb1	1753	13919
pb1	1754	13914
pb1	1755	13930
pb1	1756	13911
pb1	1757	13798
pb1	1758	13797
pb1	1759	13718
pb1	1760	13609
pb1	1761	13591
pb1	1762	13563
pb1	1763	13633
pb1	1764	13686
pb1	1765	13949
pb1	1766	13869
pb1	1767	13728
pb1	1768	13704
pb1	1769	13595
pb1	1770	13381
pb1	1771	13144
pb1	1772	13139
pb1	1773	13082
pb1	1774	12699
pb1	1775	12700
pb1	1776	12858
pb1	1777	12844
pb1	1778	12913
pb1	1779	12887
pb1	1780	12936
pb1	1781	13111
pb1	1782	13050
pb1	1783	13058
pb1	1784	13078
pb1	1785	12766
pb1	1786	12837
pb1	1787	12834
pb1	1788	12850
pb1	1789	12911
pb1	1790	12583
pb1	1791	12644
pb1	1792	12601
pb1	1793	12563
pb1	1794	12681
pb1	1795	12814
pb1	1796	12831
pb1	1797	13084
pb1	1798	12968
pb1	1799	13137
pb1	1800	13040
pb1	1801	13084
pb1	1802	13167
pb1	1803	12938
pb1	1804	12504
pb1	1805	12461
pb1	1806	12299
pb1	1807	12435
pb1	1808	12422
pb1	1809	12355
pb1	1810	12353
pb1	1811	12221
pb1	1812	12176
pb1	1813	13572
pb1	1814	13571
pb1	1815	13702
pb1	1816	14047
pb1	1817	13403
pb1	1818	13962
pb1	1819	13958
pb1	1820	14078
pb1	1821	14187
pb1	1822	12145
pb1	1823	12245
pb1	1824	12133
pb1	1825	12027
pb1	1826	12117
pb1	1827	11854
pb1	1828	11821
pb1	1829	11765
pb1	1830	11858
pb1	1831	11893
pb1	1832	11805
pb1	1833	11850
pb1	1834	11786
pb1	1835	11821
pb1	1836	11926
pb1	1837	11916
pb1	1838	11895
pb1	1839	11915
pb1	1840	11802
pb1	1841	12506
pb1	1842	12507
pb1	1843	12596
pb1	1844	12545
pb1	1845	12545
pb1	1846	12500
pb1	1847	12471
pb1	1848	12304
pb1	1849	12350
pb1	1850	12197
pb1	1851	12213
pb1	1852	12198
pb1	1853	12279
pb1	1854	12288
pb1	1855	12298
pb1	1856	12355
pb1	1857	12279
pb1	1858	12321
pb1	1859	12467
pb1	1860	12510
pb1	1861	12523
pb1	1862	12508
pb1	1863	12493
pb1	1864	12570
pb1	1865	12554
pb1	1866	12579
pb1	1867	12606
pb1	1868	12533
pb1	1869	12717
pb1	1870	12726
pb1	1871	12719
pb1	1872	12717
pb1	1873	12897
pb1	1874	12936
pb1	1875	12892
pb1	1876	12816
pb1	1877	12854
pb1	1878	12702
pb1	1879	13100
pb1	1880	13035
pb1	1881	13625
pb1	1882	13430
pb1	1883	13717
pb1	1884	13793
pb1	1885	13939
pb1	1886	13917
pb1	1887	14055
pb1	1888	13838
pb1	1889	13827
pb1	1890	13276
pb1	1891	13252
pb1	1892	13424
pb1	1893	13833
pb1	1894	13841
pb1	1895	13619
pb1	1896	14162
pb1	1897	14258
pb1	1898	14650
pb1	1899	14655
pb1	1900	14597
pb1	1901	14504
pb1	1902	13846
pb1	1903	14281
pb1	1904	14553
pb1	1905	14377
pb1	1906	14349
pb1	1907	14149
pb1	1908	14221
pb1	1909	14038
pb1	1910	14070
pb1	1911	14108
pb1	1912	13765
pb1	1913	13638
pb1	1914	13588
pb1	1915	13636
pb1	1916	13652
pb1	1917	13639
pb1	1918	13645
pb1	1919	13581
pb1	1920	13590
pb1	1921	13531
pb1	1922	13855
pb1	1923	13920
pb1	1924	13911
pb1	1925	13887
pb1	1926	14125
pb1	1927	14136
pb1	1928	14508
pb1	1929	14525
pb1	1930	15598
pb1	1931	15347
pb1	1932	15555
pb1	1933	15588
pb1	1934	15609
pb1	1935	15291
pb1	1936	15443
pb1	1937	15292
pb1	1938	16730
pb1	1939	16557
pb1	1940	17315
pb1	1941	17217
pb1	1942	17412
pb1	1943	17542
pb1	1944	17883
pb1	1945	17823
pb1	1946	17701
pb1	1947	17755
pb1	1948	15983
pb1	1949	16472
pb1	1950	16357
pb1	1951	16539
pb1	1952	16537
pb1	1953	16349
pb1	1954	16424
pb1	1955	16395
pb1	1956	16832
pb1	1957	16948
pb1	1958	16587
pb1	1959	16790
pb1	1960	16709
pb1	1961	16809
pb1	1962	16838
pb1	1963	16616
pb1	1964	16581
pb1	1965	16423
pb1	1966	16601
pb1	1967	16944
pb1	1968	16938
pb1	1969	16967
pb1	1970	16895
pb1	1971	16914
pb1	1972	16911
pb1	1973	16939
pb1	1974	16900
pb1	1975	16773
pb1	1976	16446
pb1	1977	16778
pb1	1978	16984
pb1	1979	17006
pb1	1980	17022
pb1	1981	17029
pb1	1982	17020
pb1	1983	17297
pb1	1984	17306
pb1	1985	17481
pb1	1986	16994
pb1	1987	16877
pb1	1988	16896
pb1	1989	16952
pb1	1990	17843
pb1	1991	17800
pb1	1992	17962
pb1	1993	17976
pb1	1994	17874
pb1	1995	17851
pb1	1996	17766
pb1	1997	17988
pb1	1998	17891
pb1	1999	17029
pb1	2000	17010
pb1	2001	16606
pb1	2002	16764
pb1	2003	16653
pb1	2004	16790
pb1	2005	16869
pb1	2006	16826
pb1	2007	16812
pb1	2008	16794
pb1	2009	16790
pb1	2010	16667
pb1	2011	16320
pb1	2012	16341
pb1	2013	16166
pb1	2014	16243
pb1	2015	15994
pb1	2016	16582
pb1	2017	16569
pb1	2018	16570
pb1	2019	16452
pb1	2020	16454
pb1	2021	16419
pb1	2022	16369
pb1	2023	16235
pb1	2024	16181
pb1	2025	16096
pb1	2026	16229
pb1	2027	16167
pb1	2028	16161
pb1	2029	16433
pb1	2030	16384
pb1	2031	16366
pb1	2032	16246
pb1	2033	16204
pb1	2034	15784
pb1	2035	15035
pb1	2036	14922
pb1	2037	14936
pb1	2038	14627
pb1	2039	14670
pb1	2040	14674
pb1	2041	14651
pb1	2042	14642
pb1	2043	14380
pb1	2044	14580
pb1	2045	14564
pb1	2046	15035
pb1	2047	14998
pb1	2048	14592
pb1	2049	14726
pb1	2050	14679
pb1	2051	15088
pb1	2052	15083
pb1	2053	14749
pb1	2054	14674
pb1	2055	13264
pb1	2056	13552
pb1	2057	13710
pb1	2058	13563
pb1	2059	13587
pb1	2060	13069
pb1	2061	13081
pb1	2062	13092
pb1	2063	13166
pb1	2064	13199
pb1	2065	12803
pb1	2066	12640
pb1	2067	12511
pb1	2068	12508
pb1	2069	12578
pb1	2070	12790
pb1	2071	12737
pb1	2072	12553
pb1	2073	12524
pb1	2074	12533
pb1	2075	12668
pb1	2076	12647
pb1	2077	12642
pb1	2078	12528
pb1	2079	11932
pb1	2080	12075
pb1	2081	11974
pb1	2082	11953
pb1	2083	11964
pb1	2084	11610
pb1	2085	11960
pb1	2086	12055
pb1	2087	12037
pb1	2088	12065
pb1	2089	11857
pb1	2090	11914
pb1	2091	11900
pb1	2092	11869
pb1	2093	11807
pb1	2094	11230
pb1	2095	11204
pb1	2096	11143
pb1	2097	11265
pb1	2098	10622
pb1	2099	10566
pb1	2100	10530
pb1	2101	10465
pb1	2102	10501
pb1	2103	10498
pb1	2104	10446
pb1	2105	10516
pb1	2106	10255
pb1	2107	10324
pb1	2108	10304
pb1	2109	10274
pb1	2110	10277
pb1	2111	10264
pb1	2112	10264
pb1	2113	10289
pb1	2114	10160
pb1	2115	10161
pb1	2116	10123
pb1	2117	10130
pb1	2118	10149
pb1	2119	10169
pb1	2120	10188
pb1	2121	10340
pb1	2122	10330
pb1	2123	10359
pb1	2124	10522
pb1	2125	10478
pb1	2126	10406
pb1	2127	10329
pb1	2128	10302
pb1	2129	10324
pb1	2130	10529
pb1	2131	10467
pb1	2132	10723
pb1	2133	10629
pb1	2134	11418
pb1	2135	11464
pb1	2136	11701
pb1	2137	11705
pb1	2138	11695
pb1	2139	11777
pb1	2140	11148
pb1	2141	10877
pb1	2142	10820
pb1	2143	9697
pb1	2144	9699
pb1	2145	9206
pb1	2146	9226
pb1	2147	9094
pb1	2148	9046
pb1	2149	9112
pb1	2150	9053
pb1	2151	9112
pb1	2152	9237
pb1	2153	9254
pb1	2154	9283
pb1	2155	9287
pb1	2156	9221
pb1	2157	9263
pb1	2158	9277
pb1	2159	9271
pb1	2160	9260
pb1	2161	9201
pb1	2162	9320
pb1	2163	9301
pb1	2164	9332
pb1	2165	9364
pb1	2166	9332
pb1	2167	9554
pb1	2168	9534
pb1	2169	9550
pb1	2170	9589
pb1	2171	9469
pb1	2172	9569
pb1	2173	9511
pb1	2174	9506
pb1	2175	9372
pb1	2176	9051
pb1	2177	9040
pb1	2178	9384
pb1	2179	9482
pb1	2180	9402
pb1	2181	9309
pb1	2182	9330
pb1	2183	9303
pb1	2184	9309
pb1	2185	9316
pb1	2186	9307
pb1	2187	8864
pb1	2188	8820
pb1	2189	8725
pb1	2190	8867
pb1	2191	8866
pb1	2192	9000
pb1	2193	9068
pb1	2194	9059
pb1	2195	9048
pb1	2196	8868
pb1	2197	8752
pb1	2198	8713
pb1	2199	8714
pb1	2200	8694
pb1	2201	8449
pb1	2202	8455
pb1	2203	8479
pb1	2204	8480
pb1	2205	8533
pb1	2206	8508
pb1	2207	8481
pb1	2208	8456
pb1	2209	8485
pb1	2210	8422
pb1	2211	8457
pb1	2212	8381
pb1	2213	8384
pb1	2214	8324
pb1	2215	8323
pb1	2216	8443
pb1	2217	8430
pb1	2218	8340
pb1	2219	8283
pb1	2220	8202
pb1	2221	8239
pb1	2222	8247
pb1	2223	8233
pb1	2224	8231
pb1	2225	7985
pb1	2226	8640
pb1	2227	8643
pb1	2228	8638
pb1	2229	8642
pb1	2230	8495
pb1	2231	8527
pb1	2232	8560
pb1	2233	8558
pb1	2234	8354
pb1	2235	6653
pb1	2236	6590
pb1	2237	6559
pb1	2238	6571
pb1	2239	6614
pb1	2240	6420
pb1	2241	6409
pb1	2242	6264
pb1	2243	6295
pb1	2244	6299
pb1	2245	6309
pb1	2246	6287
pb1	2247	6253
pb1	2248	6273
pb1	2249	6057
pb1	2250	6170
pb1	2251	6177
pb1	2252	6133
pb1	2253	6158
pb1	2254	6216
pb1	2255	6219
pb1	2256	6207
pb1	2257	6187
pb1	2258	6136
pb1	2259	5921
pb1	2260	5780
pb1	2261	5755
pb1	2262	5782
pb1	2263	5541
pb1	2264	5646
pb1	2265	5637
pb1	2266	5634
pb1	2267	5632
pb1	2268	5492
pb1	2269	5466
pb1	2270	5648
pb1	2271	5487
pb1	2272	5457
pb1	2273	5318
pb1	2274	5250
pb1	2275	5248
pb1	2276	5217
pb1	2277	5205
pb1	2278	5207
pb1	2279	4535
pb1	2280	4564
pb1	2281	4414
pb1	2282	4385
pb1	2283	4389
pb1	2284	4313
pb1	2285	4254
pb1	2286	4229
pb1	2287	4193
pb1	2288	4146
pb1	2289	4060
pb1	2290	4047
pb1	2291	4042
pb1	2292	4051
pb1	2293	4032
pb1	2294	3985
pb1	2295	3972
pb1	2296	3872
pb1	2297	3761
pb1	2298	3754
pb1	2299	3478
pb1	2300	3476
pb1	2301	3260
pb1	2302	3239
pb1	2303	3225
pb1	2304	3128
pb1	2305	3089
pb1	2306	3056
pb1	2307	3050
pb1	2308	3012
pb1	2309	2799
pb1	2310	2709
pb1	2311	2703
pb1	2312	2697
pb1	2313	2689
pb1	2314	2663
pb1	2315	2498
pb1	2316	2496
pb1	2317	2465
pb1	2318	2458
pb1	2319	2454
pb1	2320	2310
pb1	2321	2249
pb1	2322	2252
pb1	2323	2229
pb1	2324	2214
pb1	2325	2177
pb1	2326	2145
pb1	2327	2122
pb1	2328	2110
pb1	2329	2079
pb1	2330	2001
pb1	2331	1981
pb1	2332	1944
pb1	2333	1939
pb1	2334	1915
pb1	2335	1898
pb1	2336	1874
pb1	2337	1672
pb1	2338	1625
pb1	2339	1603
pb1	2340	1593
pb1	2341	684
