segment	start	end	coverage
ns	0	1	6298
ns	1	2	7943
ns	2	3	7980
ns	3	4	8005
ns	4	5	8967
ns	5	6	9045
ns	6	7	9077
ns	7	8	9108
ns	8	9	9238
ns	9	10	9248
ns	10	11	9392
ns	11	12	9563
ns	12	13	9624
ns	13	14	9649
ns	14	15	9906
ns	15	16	10005
ns	16	17	10250
ns	17	18	10287
ns	18	19	10321
ns	19	20	10524
ns	20	21	10660
ns	21	22	11639
ns	22	23	11911
ns	23	24	11982
ns	24	25	12045
ns	25	26	12101
ns	26	27	12228
ns	27	28	12261
ns	28	29	12710
ns	29	30	13181
ns	30	31	13931
ns	31	32	19012
ns	32	33	19208
ns	33	34	19794
ns	34	35	19898
ns	35	36	19961
ns	36	37	20241
ns	37	38	20326
ns	38	39	20378
ns	39	40	20463
ns	40	41	20499
ns	41	42	21810
ns	42	43	21859
ns	43	44	22124
ns	44	45	22146
ns	45	46	22199
ns	46	47	22240
ns	47	48	22270
ns	48	49	22647
ns	49	50	23116
ns	50	51	22965
ns	51	52	23223
ns	52	53	23234
ns	53	55	23822
ns	55	56	23944
ns	56	57	24037
ns	57	58	23953
ns	58	59	23830
ns	59	60	23967
ns	60	61	23981
ns	61	62	24119
ns	62	63	23974
ns	63	64	24449
ns	64	65	24434
ns	65	66	24427
ns	66	67	24690
ns	67	68	24973
ns	68	69	25226
ns	69	70	25322
ns	70	71	25268
ns	71	72	25375
ns	72	73	25344
ns	73	74	25350
ns	74	75	25462
ns	75	76	25434
ns	76	77	25561
ns	77	78	25889
ns	78	79	25898
ns	79	80	26037
ns	80	81	26063
ns	81	82	26033
ns	82	83	26045
ns	83	84	26097
ns	84	85	26114
ns	85	86	26183
ns	86	87	26359
ns	87	88	26304
ns	88	89	26264
ns	89	90	26202
ns	90	91	26333
ns	91	92	26326
ns	92	93	26307
ns	93	94	26319
ns	94	95	26177
ns	95	96	26473
ns	96	97	26740
ns	97	98	27032
ns	98	99	26905
ns	99	100	26821
ns	100	101	26830
ns	101	102	27558
ns	102	103	27475
ns	103	104	27435
ns	104	105	27448
ns	105	106	26608
ns	106	107	26767
ns	107	108	26780
ns	108	109	27037
ns	109	110	26854
ns	110	111	26680
ns	111	112	26660
ns	112	113	26662
ns	113	114	27018
ns	114	115	27476
ns	115	116	27433
ns	116	117	27509
ns	117	118	27269
ns	118	119	27299
ns	119	120	27987
ns	120	121	28478
ns	121	122	28775
ns	122	123	28371
ns	123	124	28203
ns	124	125	28094
ns	125	126	28092
ns	126	127	27960
ns	127	128	27961
ns	128	129	27132
ns	129	130	26964
ns	130	131	27251
ns	131	132	27236
ns	132	133	27178
ns	133	134	27278
ns	134	135	27381
ns	135	136	27495
ns	136	137	27449
ns	137	138	27408
ns	138	139	27351
ns	139	140	27047
ns	140	141	27519
ns	141	142	27184
ns	142	143	27228
ns	143	144	27121
ns	144	145	26855
ns	145	146	26877
ns	146	147	26945
ns	147	148	26928
ns	148	149	27425
ns	149	150	26900
ns	150	151	25967
ns	151	152	25880
ns	152	153	26063
ns	153	154	25991
ns	154	155	26032
ns	155	156	25951
ns	156	157	26394
ns	157	158	25845
ns	158	159	26126
ns	159	160	25606
ns	160	161	25614
ns	161	162	25338
ns	162	163	25398
ns	163	164	25433
ns	164	165	25543
ns	165	166	25725
ns	166	167	25683
ns	167	168	25313
ns	168	169	25539
ns	169	170	25789
ns	170	171	25470
ns	171	172	26502
ns	172	173	26207
ns	173	174	26369
ns	174	175	26218
ns	175	176	26287
ns	176	177	26811
ns	177	178	26937
ns	178	179	26740
ns	179	180	25184
ns	180	181	24400
ns	181	182	24710
ns	182	183	24814
ns	183	184	24751
ns	184	185	24965
ns	185	186	24555
ns	186	187	24513
ns	187	188	24492
ns	188	189	24526
ns	189	190	24693
ns	190	191	24651
ns	191	192	24288
ns	192	193	24265
ns	193	194	24167
ns	194	195	24162
ns	195	196	24321
ns	196	197	24480
ns	197	198	24396
ns	198	199	24374
ns	199	200	24316
ns	200	201	24392
ns	201	202	24614
ns	202	203	24490
ns	203	204	24680
ns	204	205	24611
ns	205	206	24534
ns	206	207	24858
ns	207	208	25052
ns	208	209	25188
ns	209	210	25132
ns	210	211	24849
ns	211	212	25247
ns	212	213	25311
ns	213	214	25310
ns	214	215	25452
ns	215	216	25522
ns	216	217	25623
ns	217	218	25256
ns	218	219	26091
ns	219	220	25871
ns	220	221	25790
ns	221	222	25969
ns	222	223	25470
ns	223	224	25516
ns	224	225	25202
ns	225	226	25425
ns	226	227	25554
ns	227	228	25398
ns	228	229	25580
ns	229	230	25439
ns	230	231	25990
ns	231	232	26178
ns	232	233	26373
ns	233	234	26408
ns	234	235	26083
ns	235	236	26231
ns	236	237	26205
ns	237	238	26149
ns	238	239	26132
ns	239	240	26370
ns	240	241	26202
ns	241	242	26118
ns	242	243	26108
ns	243	244	26211
ns	244	245	26132
ns	245	246	26083
ns	246	247	26085
ns	247	248	26141
ns	248	249	26049
ns	249	250	25963
ns	250	251	25988
ns	251	252	26136
ns	252	253	25989
ns	253	254	25931
ns	254	255	26422
ns	255	256	26482
ns	256	257	27237
ns	257	258	27268
ns	258	259	27580
ns	259	260	27583
ns	260	261	27588
ns	261	262	27766
ns	262	263	28131
ns	263	264	28356
ns	264	265	28829
ns	265	266	28392
ns	266	267	28553
ns	267	268	28394
ns	268	269	28452
ns	269	270	28605
ns	270	271	28651
ns	271	272	29030
ns	272	273	28510
ns	273	274	28558
ns	274	275	28214
ns	275	276	28998
ns	276	277	29035
ns	277	279	29123
ns	279	280	28864
ns	280	281	28357
ns	281	282	28828
ns	282	283	29071
ns	283	284	29064
ns	284	285	29250
ns	285	286	28731
ns	286	287	28809
ns	287	288	28885
ns	288	289	28853
ns	289	290	29385
ns	290	291	29001
ns	291	292	30275
ns	292	293	30360
ns	293	294	30366
ns	294	295	30386
ns	295	296	30341
ns	296	297	30305
ns	297	298	30172
ns	298	299	29447
ns	299	300	29726
ns	300	301	28665
ns	301	302	28620
ns	302	303	28658
ns	303	304	28526
ns	304	305	28457
ns	305	306	28390
ns	306	307	29563
ns	307	308	29481
ns	308	309	29853
ns	309	310	29762
ns	310	311	29722
ns	311	312	29792
ns	312	313	30427
ns	313	314	30383
ns	314	315	30369
ns	315	316	29025
ns	316	317	29690
ns	317	318	29281
ns	318	319	29581
ns	319	320	30175
ns	320	321	30172
ns	321	322	30129
ns	322	323	30252
ns	323	324	30273
ns	324	325	30352
ns	325	326	29922
ns	326	327	30105
ns	327	328	29540
ns	328	329	29445
ns	329	330	28869
ns	330	331	29834
ns	331	332	30561
ns	332	333	30560
ns	333	334	30714
ns	334	335	30750
ns	335	336	30630
ns	336	337	30804
ns	337	338	31271
ns	338	339	31531
ns	339	340	30859
ns	340	341	30349
ns	341	342	30225
ns	342	343	30413
ns	343	344	30433
ns	344	345	30457
ns	345	346	30421
ns	346	347	29971
ns	347	348	29704
ns	348	349	30022
ns	349	350	30046
ns	350	351	30080
ns	351	352	29890
ns	352	353	29912
ns	353	354	29903
ns	354	355	29953
ns	355	356	29961
ns	356	357	30120
ns	357	358	29741
ns	358	359	29790
ns	359	360	29829
ns	360	361	29855
ns	361	362	29691
ns	362	363	29865
ns	363	364	29985
ns	364	365	29940
ns	365	366	29847
ns	366	367	30206
ns	367	368	30240
ns	368	369	30685
ns	369	370	30621
ns	370	371	31315
ns	371	372	30793
ns	372	373	32400
ns	373	374	32310
ns	374	375	32315
ns	375	376	32117
ns	376	377	31900
ns	377	378	31277
ns	378	379	31926
ns	379	380	31271
ns	380	381	31373
ns	381	382	29251
ns	382	383	29320
ns	383	384	29603
ns	384	385	29425
ns	385	386	29509
ns	386	387	29038
ns	387	388	28232
ns	388	389	28705
ns	389	390	28891
ns	390	391	29127
ns	391	392	29115
ns	392	393	29675
ns	393	394	29796
ns	394	395	29825
ns	395	396	30340
ns	396	397	30265
ns	397	398	30470
ns	398	399	30790
ns	399	400	30639
ns	400	401	30748
ns	401	402	30035
ns	402	403	29906
ns	403	404	30302
ns	404	405	29811
ns	405	406	30532
ns	406	407	29972
ns	407	408	30091
ns	408	409	30227
ns	409	410	30150
ns	410	411	30509
ns	411	412	30475
ns	412	413	30080
ns	413	414	29890
ns	414	415	28903
ns	415	416	28930
ns	416	417	28448
ns	417	418	28436
ns	418	419	28494
ns	419	420	28315
ns	420	421	28141
ns	421	422	28057
ns	422	423	27960
ns	423	424	28150
ns	424	425	28545
ns	425	426	28479
ns	426	427	28431
ns	427	428	28437
ns	428	429	28209
ns	429	430	28345
ns	430	431	28319
ns	431	432	28305
ns	432	433	27899
ns	433	434	27535
ns	434	435	27958
ns	435	436	27908
ns	436	437	27999
ns	437	438	27990
ns	438	439	27952
ns	439	440	27869
ns	440	441	27825
ns	441	442	27739
ns	442	443	27505
ns	443	444	27391
ns	444	445	27505
ns	445	446	27769
ns	446	447	27898
ns	447	448	28167
ns	448	449	28535
ns	449	450	28547
ns	450	451	28417
ns	451	452	28421
ns	452	453	27797
ns	453	454	29954
ns	454	455	29316
ns	455	456	29684
ns	456	457	29581
ns	457	458	29671
ns	458	459	31408
ns	459	460	31264
ns	460	461	31312
ns	461	462	31406
ns	462	463	28649
ns	463	464	29725
ns	464	465	29364
ns	465	466	29113
ns	466	467	29041
ns	467	468	27223
ns	468	469	27505
ns	469	470	27398
ns	470	471	27516
ns	471	472	27533
ns	472	473	27029
ns	473	474	27145
ns	474	475	27700
ns	475	476	27919
ns	476	477	28101
ns	477	478	28279
ns	478	479	27910
ns	479	480	28182
ns	480	481	28109
ns	481	482	27994
ns	482	483	27968
ns	483	484	27418
ns	484	485	27461
ns	485	486	27087
ns	486	487	27227
ns	487	488	27039
ns	488	489	26945
ns	489	490	26884
ns	490	491	26816
ns	491	492	26807
ns	492	493	26886
ns	493	494	26769
ns	494	495	26800
ns	495	496	26484
ns	496	497	26588
ns	497	498	26584
ns	498	499	26839
ns	499	500	26843
ns	500	501	26837
ns	501	502	27209
ns	502	503	27359
ns	503	504	27476
ns	504	505	27509
ns	505	506	27545
ns	506	507	27553
ns	507	508	27552
ns	508	509	27471
ns	509	510	27620
ns	510	511	27391
ns	511	512	27174
ns	512	513	27142
ns	513	514	27102
ns	514	515	27296
ns	515	516	27300
ns	516	517	27297
ns	517	518	27407
ns	518	519	27368
ns	519	520	27378
ns	520	521	27260
ns	521	522	27766
ns	522	523	27935
ns	523	524	27867
ns	524	525	27871
ns	525	526	27729
ns	526	527	27749
ns	527	528	28260
ns	528	529	28381
ns	529	530	28247
ns	530	531	27724
ns	531	532	27717
ns	532	533	27767
ns	533	534	27847
ns	534	535	28514
ns	535	536	28138
ns	536	537	28080
ns	537	538	27831
ns	538	539	27405
ns	539	540	27327
ns	540	541	26390
ns	541	542	26406
ns	542	543	26350
ns	543	544	25249
ns	544	545	25264
ns	545	546	25042
ns	546	547	24986
ns	547	548	25134
ns	548	549	25230
ns	549	550	25286
ns	550	551	25678
ns	551	552	25567
ns	552	553	25639
ns	553	554	25583
ns	554	555	25439
ns	555	556	25687
ns	556	557	25581
ns	557	558	25629
ns	558	559	25700
ns	559	560	25595
ns	560	561	25576
ns	561	562	25423
ns	562	563	25262
ns	563	564	25439
ns	564	565	25048
ns	565	566	25443
ns	566	567	25299
ns	567	568	25228
ns	568	569	25402
ns	569	570	25299
ns	570	571	25419
ns	571	572	25461
ns	572	573	25286
ns	573	574	25372
ns	574	575	24783
ns	575	576	24725
ns	576	577	24950
ns	577	578	24681
ns	578	579	24964
ns	579	580	25048
ns	580	581	25118
ns	581	582	25338
ns	582	583	25216
ns	583	584	25195
ns	584	585	25126
ns	585	586	24588
ns	586	587	25077
ns	587	588	24622
ns	588	589	24826
ns	589	590	26229
ns	590	591	26378
ns	591	592	26424
ns	592	593	26449
ns	593	594	26709
ns	594	595	26793
ns	595	596	26411
ns	596	597	25721
ns	597	598	25921
ns	598	599	23375
ns	599	600	23860
ns	600	601	23686
ns	601	602	23717
ns	602	603	23895
ns	603	604	23718
ns	604	605	23336
ns	605	606	23333
ns	606	607	22956
ns	607	608	23166
ns	608	609	22525
ns	609	610	22583
ns	610	611	22594
ns	611	612	22645
ns	612	613	23141
ns	613	614	23274
ns	614	615	23363
ns	615	616	23480
ns	616	617	22977
ns	617	618	23264
ns	618	619	23249
ns	619	621	23481
ns	621	622	23396
ns	622	623	23434
ns	623	624	22923
ns	624	625	22974
ns	625	626	22981
ns	626	627	22752
ns	627	628	22753
ns	628	629	22841
ns	629	630	22900
ns	630	631	22892
ns	631	632	22845
ns	632	633	22866
ns	633	634	22768
ns	634	635	22980
ns	635	636	22915
ns	636	637	22903
ns	637	638	22708
ns	638	639	22569
ns	639	640	22863
ns	640	641	22969
ns	641	642	22842
ns	642	643	23523
ns	643	644	23411
ns	644	645	23403
ns	645	646	23416
ns	646	647	23263
ns	647	648	23434
ns	648	649	22380
ns	649	650	22593
ns	650	651	22797
ns	651	652	21526
ns	652	653	21560
ns	653	654	21356
ns	654	655	21493
ns	655	656	21492
ns	656	657	21079
ns	657	658	21152
ns	658	659	20322
ns	659	660	20656
ns	660	661	20936
ns	661	662	20793
ns	662	663	20867
ns	663	664	20701
ns	664	665	20586
ns	665	666	20644
ns	666	667	20477
ns	667	668	20581
ns	668	669	19703
ns	669	670	20022
ns	670	671	20003
ns	671	672	19831
ns	672	673	19769
ns	673	674	19682
ns	674	675	19762
ns	675	676	19719
ns	676	677	19583
ns	677	678	19411
ns	678	680	18499
ns	680	681	18483
ns	681	682	18430
ns	682	683	18238
ns	683	684	18361
ns	684	685	18329
ns	685	686	18272
ns	686	687	18211
ns	687	688	18197
ns	688	689	18141
ns	689	690	18121
ns	690	691	18124
ns	691	692	18143
ns	692	693	18289
ns	693	694	18150
ns	694	695	18166
ns	695	696	18102
ns	696	697	18322
ns	697	699	18366
ns	699	700	18627
ns	700	701	18421
ns	701	702	18426
ns	702	703	18424
ns	703	704	18383
ns	704	705	18428
ns	705	706	18089
ns	706	707	18067
ns	707	708	18010
ns	708	709	17722
ns	709	710	17507
ns	710	711	17527
ns	711	712	17537
ns	712	713	17555
ns	713	714	17669
ns	714	715	17145
ns	715	716	17150
ns	716	717	17144
ns	717	718	17169
ns	718	719	17126
ns	719	720	16982
ns	720	721	17316
ns	721	722	17100
ns	722	723	16644
ns	723	724	16588
ns	724	725	16649
ns	725	726	16624
ns	726	727	16550
ns	727	728	16511
ns	728	729	16528
ns	729	730	15509
ns	730	731	15466
ns	731	732	15497
ns	732	733	15461
ns	733	734	15299
ns	734	735	15602
ns	735	736	15648
ns	736	737	15696
ns	737	738	15501
ns	738	739	15521
ns	739	740	15558
ns	740	741	15244
ns	741	742	15167
ns	742	743	15128
ns	743	744	14014
ns	744	745	14222
ns	745	746	14000
ns	746	747	14066
ns	747	748	13944
ns	748	749	13935
ns	749	750	13956
ns	750	751	13878
ns	751	752	13822
ns	752	753	13812
ns	753	754	12817
ns	754	755	13570
ns	755	756	13486
ns	756	757	13533
ns	757	758	13453
ns	758	759	13232
ns	759	760	13239
ns	760	761	13247
ns	761	762	13284
ns	762	763	13031
ns	763	764	10910
ns	764	765	10707
ns	765	766	10468
ns	766	767	10549
ns	767	768	10436
ns	768	769	10468
ns	769	770	10369
ns	770	771	10341
ns	771	772	10342
ns	772	773	10304
ns	773	774	10315
ns	774	775	10103
ns	775	776	10257
ns	776	777	9975
ns	777	778	9811
ns	778	779	9838
ns	779	780	9546
ns	780	781	9575
ns	781	782	9556
ns	782	783	9559
ns	783	784	9685
ns	784	785	9409
ns	785	786	9546
ns	786	787	9549
ns	787	788	9578
ns	788	789	9595
ns	789	790	9600
ns	790	791	10011
ns	791	792	9991
ns	792	793	9852
ns	793	794	9637
ns	794	795	9505
ns	795	796	9645
ns	796	797	9616
ns	797	798	9617
ns	798	799	9515
ns	799	800	8896
ns	800	801	8847
ns	801	802	8939
ns	802	803	9386
ns	803	804	9345
ns	804	805	9190
ns	805	806	9224
ns	806	807	9235
ns	807	808	9360
ns	808	809	9346
ns	809	810	9315
ns	810	811	9286
ns	811	812	8139
ns	812	813	8105
ns	813	814	7996
ns	814	815	7931
ns	815	816	8033
ns	816	817	7770
ns	817	818	7755
ns	818	819	7698
ns	819	820	7593
ns	820	821	7584
ns	821	822	7548
ns	822	823	7546
ns	823	824	7415
ns	824	825	7129
ns	825	826	7199
ns	826	828	7184
ns	828	829	7145
ns	829	830	6991
ns	830	831	6993
ns	831	832	6978
ns	832	833	6926
ns	833	834	7054
ns	834	835	6682
ns	835	836	6662
ns	836	837	6616
ns	837	838	6600
ns	838	839	6610
ns	839	840	6463
ns	840	841	6340
ns	841	842	6258
ns	842	843	5505
ns	843	844	5441
ns	844	845	5429
ns	845	846	5399
ns	846	847	5395
ns	847	848	5215
ns	848	849	5192
ns	849	850	5139
ns	850	851	5109
ns	851	852	5088
ns	852	853	5062
ns	853	854	4999
ns	854	855	4995
ns	855	856	4980
ns	856	857	4836
ns	857	858	4757
ns	858	859	4680
ns	859	860	4673
ns	860	861	4665
ns	861	862	4614
ns	862	863	4381
ns	863	864	4251
ns	864	865	4116
ns	865	866	4078
ns	866	867	3923
ns	867	868	3566
ns	868	869	3512
ns	869	870	3515
ns	870	871	3497
ns	871	872	3469
ns	872	873	3427
ns	873	874	3392
ns	874	875	3377
ns	875	876	2994
ns	876	877	2987
ns	877	878	2901
ns	878	879	2851
ns	879	880	2747
ns	880	881	2682
ns	881	882	2675
ns	882	883	2596
ns	883	884	2566
ns	884	885	2535
ns	885	886	1980
ns	886	887	1887
ns	887	888	1804
ns	888	889	1795
ns	889	890	373
na	0	1	1274
na	1	2	1580
na	2	3	1630
na	3	4	1661
na	4	5	1963
na	5	6	2112
na	6	7	2131
na	7	8	2151
na	8	9	2214
na	9	10	2218
na	10	11	2254
na	11	12	2269
na	12	13	2324
na	13	14	2750
na	14	15	2768
na	15	16	2793
na	16	17	2817
na	17	18	2825
na	18	19	2959
na	19	20	3013
na	20	21	3020
na	21	22	3023
na	22	23	3032
na	23	24	3044
na	24	25	3157
na	25	26	3161
na	26	27	3171
na	27	28	3175
na	28	29	3183
na	29	30	3315
na	30	31	3340
na	31	32	3373
na	32	33	3387
na	33	34	3405
na	34	35	3479
na	35	36	3494
na	36	37	3533
na	37	38	3950
na	38	39	4143
na	39	40	4168
na	40	41	4199
na	41	42	4242
na	42	43	4336
na	43	44	4353
na	44	45	4385
na	45	46	5001
na	46	47	5091
na	47	48	5102
na	48	49	5127
na	49	50	5146
na	50	51	5707
na	51	52	5750
na	52	53	5787
na	53	54	5786
na	54	55	5743
na	55	56	5971
na	56	57	6206
na	57	58	6368
na	58	59	7020
na	59	60	6962
na	60	61	8443
na	61	62	8450
na	62	63	8498
na	63	64	8603
na	64	65	8666
na	65	66	9783
na	66	67	9769
na	67	68	9713
na	68	69	9697
na	69	70	9430
na	70	71	9559
na	71	72	9898
na	72	73	9932
na	73	74	9947
na	74	75	9806
na	75	76	9899
na	76	77	10024
na	77	79	10100
na	79	80	10184
na	80	81	10073
na	81	82	10268
na	82	83	10300
na	83	84	10297
na	84	85	10331
na	85	86	10326
na	86	87	10387
na	87	88	10386
na	88	89	10408
na	89	90	10487
na	90	91	10467
na	91	92	10555
na	92	93	10587
na	93	94	10606
na	94	95	10640
na	95	96	10732
na	96	97	10804
na	97	98	10829
na	98	99	10853
na	99	100	10855
na	100	101	10953
na	101	102	10958
na	102	103	11028
na	103	104	11337
na	104	105	11325
na	105	106	11328
na	106	107	11353
na	107	108	11482
na	108	109	11944
na	109	110	11993
na	110	111	11969
na	111	112	13384
na	112	113	13239
na	113	114	13404
na	114	115	13396
na	115	116	13367
na	116	117	13272
na	117	118	13351
na	118	119	13442
na	119	120	13433
na	120	121	12525
na	121	122	12610
na	122	123	12572
na	123	124	12604
na	124	125	12675
na	125	126	12653
na	126	127	12585
na	127	128	12532
na	128	129	12539
na	129	130	12600
na	130	131	12612
na	131	132	12871
na	132	133	12849
na	133	134	12859
na	134	135	12814
na	135	136	12720
na	136	137	12674
na	137	138	12669
na	138	139	12771
na	139	140	12621
na	140	141	12633
na	141	142	12642
na	142	143	12874
na	143	144	12836
na	144	145	13020
na	145	146	13089
na	146	147	13056
na	147	148	12956
na	148	149	13175
na	149	150	13105
na	150	151	12960
na	151	152	12903
na	152	153	12645
na	153	154	13035
na	154	155	13191
na	155	156	13420
na	156	157	13400
na	157	158	13377
na	158	159	13587
na	159	160	13423
na	160	161	13386
na	161	162	13444
na	162	163	12621
na	163	164	12515
na	164	165	12463
na	165	166	12471
na	166	167	12516
na	167	168	12489
na	168	169	12693
na	169	170	12851
na	170	171	12919
na	171	172	12864
na	172	173	13048
na	173	174	13034
na	174	175	13149
na	175	176	13370
na	176	177	13532
na	177	178	13737
na	178	179	13866
na	179	180	13893
na	180	181	14297
na	181	182	14254
na	182	183	14693
na	183	184	14954
na	184	185	14735
na	185	186	14652
na	186	187	14674
na	187	188	14637
na	188	189	14619
na	189	190	14300
na	190	191	14795
na	191	192	14909
na	192	193	14630
na	193	194	14701
na	194	195	14443
na	195	196	14388
na	196	197	14493
na	197	198	14332
na	198	199	14383
na	199	200	14027
na	200	201	13837
na	201	202	14416
na	202	203	14430
na	203	204	14512
na	204	205	14488
na	205	206	14344
na	206	207	14711
na	207	208	14699
na	208	209	14704
na	209	210	14660
na	210	211	14268
na	211	212	14375
na	212	213	14546
na	213	214	14582
na	214	215	14625
na	215	216	14438
na	216	217	14524
na	217	218	14654
na	218	219	14764
na	219	220	14742
na	220	221	14663
na	221	222	14513
na	222	223	14659
na	223	224	14722
na	224	225	14729
na	225	226	14640
na	226	227	14753
na	227	228	14734
na	228	229	14848
na	229	230	14909
na	230	231	14834
na	231	232	14817
na	232	233	14783
na	233	234	14898
na	234	235	14997
na	235	236	14829
na	236	237	14807
na	237	238	14880
na	238	239	14987
na	239	240	15036
na	240	241	15018
na	241	242	15032
na	242	243	15020
na	243	244	14939
na	244	245	14918
na	245	246	14955
na	246	247	14920
na	247	248	14735
na	248	249	14845
na	249	250	14743
na	250	251	14746
na	251	252	14731
na	252	253	14659
na	253	254	15008
na	254	255	14981
na	255	256	15059
na	256	257	15032
na	257	258	15063
na	258	259	15016
na	259	260	15070
na	260	261	15085
na	261	262	14892
na	262	263	14376
na	263	264	14373
na	264	265	14151
na	265	266	14179
na	266	267	14209
na	267	268	14200
na	268	269	14127
na	269	270	14136
na	270	271	14237
na	271	272	14206
na	272	273	14208
na	273	274	14088
na	274	275	13929
na	275	276	13913
na	276	277	13828
na	277	278	13820
na	278	279	13748
na	279	280	13651
na	280	281	13668
na	281	282	13614
na	282	284	13901
na	284	285	13889
na	285	286	13854
na	286	287	13694
na	287	288	13726
na	288	289	13766
na	289	290	13725
na	290	291	13722
na	291	292	13145
na	292	293	13074
na	293	294	13005
na	294	295	12988
na	295	296	13142
na	296	297	13033
na	297	298	13163
na	298	299	12946
na	299	300	13826
na	300	301	13820
na	301	302	13782
na	302	303	13499
na	303	304	13448
na	304	305	12769
na	305	306	12774
na	306	307	12247
na	307	308	12261
na	308	309	11179
na	309	310	11376
na	310	311	11713
na	311	312	12043
na	312	313	12072
na	313	314	12011
na	314	315	12601
na	315	316	12576
na	316	317	12942
na	317	318	12934
na	318	319	12744
na	319	320	13020
na	320	321	11853
na	321	322	12004
na	322	323	12171
na	323	324	11521
na	324	325	11508
na	325	326	11324
na	326	327	11318
na	327	328	11183
na	328	329	10892
na	329	330	10689
na	330	331	10597
na	331	332	10807
na	332	333	10756
na	333	334	11411
na	334	335	11205
na	335	336	11187
na	336	337	11312
na	337	338	11276
na	338	339	11299
na	339	340	11492
na	340	341	11192
na	341	342	11078
na	342	343	10234
na	343	344	10183
na	344	345	10224
na	345	346	10248
na	346	347	10550
na	347	348	10547
na	348	349	10525
na	349	350	10538
na	350	351	10550
na	351	352	10631
na	352	353	10590
na	353	354	10758
na	354	355	10707
na	355	356	10480
na	356	357	10491
na	357	358	10499
na	358	359	10435
na	359	360	10738
na	360	361	10716
na	361	362	11055
na	362	363	10854
na	363	364	10929
na	364	365	11237
na	365	366	11586
na	366	367	11688
na	367	368	11707
na	368	369	11601
na	369	370	12135
na	370	371	11929
na	371	372	11969
na	372	373	11996
na	373	374	11659
na	374	375	11632
na	375	376	11304
na	376	377	11250
na	377	378	11482
na	378	379	10997
na	379	380	11168
na	380	381	11177
na	381	382	11223
na	382	383	11357
na	383	384	11351
na	384	385	11438
na	385	386	11508
na	386	387	11323
na	387	388	11294
na	388	389	11144
na	389	390	11204
na	390	391	11251
na	391	392	11283
na	392	393	11249
na	393	394	11375
na	394	395	11324
na	395	396	11573
na	396	397	11593
na	397	398	11657
na	398	399	11633
na	399	400	11639
na	400	401	11631
na	401	402	11652
na	402	403	11549
na	403	404	11529
na	404	405	11228
na	405	406	11265
na	406	407	11236
na	407	408	11156
na	408	409	11176
na	409	410	11084
na	410	411	11129
na	411	412	11181
na	412	413	11042
na	413	414	11079
na	414	415	11061
na	415	416	11094
na	416	417	11153
na	417	418	11185
na	418	419	11200
na	419	420	11131
na	420	421	10946
na	421	422	11121
na	422	423	11137
na	423	424	11270
na	424	425	11271
na	425	426	11229
na	426	427	11200
na	427	428	11210
na	428	429	11220
na	429	430	11303
na	430	431	11034
na	431	432	11076
na	432	433	10941
na	433	434	10824
na	434	435	11035
na	435	436	10990
na	436	437	11138
na	437	438	11123
na	438	439	10927
na	439	440	10989
na	440	441	10767
na	441	442	10908
na	442	443	10912
na	443	444	10479
na	444	445	10491
na	445	446	10228
na	446	447	10175
na	447	448	10162
na	448	449	10011
na	449	450	9977
na	450	451	9690
na	451	452	9838
na	452	453	9779
na	453	454	9905
na	454	455	9857
na	455	456	9871
na	456	457	9889
na	457	458	9723
na	458	459	9462
na	459	460	9260
na	460	461	9103
na	461	462	8946
na	462	463	8973
na	463	464	8720
na	464	465	9271
na	465	466	9209
na	466	467	9240
na	467	468	9191
na	468	469	9132
na	469	470	9345
na	470	471	9317
na	471	472	9182
na	472	473	9152
na	473	474	7780
na	474	475	7770
na	475	476	7737
na	476	477	7676
na	477	478	7689
na	478	479	7889
na	479	480	7866
na	480	481	7820
na	481	482	8157
na	482	483	8168
na	483	484	8186
na	484	485	8149
na	485	486	8066
na	486	487	8078
na	487	488	7378
na	488	489	7433
na	489	490	7393
na	490	491	6990
na	491	492	7140
na	492	493	7086
na	493	494	7114
na	494	495	7127
na	495	496	7076
na	496	497	7234
na	497	498	7085
na	498	499	7221
na	499	500	7231
na	500	501	7149
na	501	502	7375
na	502	503	7409
na	503	504	7453
na	504	505	7501
na	505	506	7353
na	506	507	7376
na	507	508	7315
na	508	509	7543
na	509	510	7648
na	510	511	7671
na	511	512	7529
na	512	513	7583
na	513	514	7567
na	514	515	7670
na	515	516	7767
na	516	517	7920
na	517	518	7878
na	518	519	7926
na	519	520	7848
na	520	521	7862
na	521	522	8621
na	522	523	8717
na	523	524	8670
na	524	525	8687
na	525	526	8516
na	526	527	8679
na	527	528	8661
na	528	529	8672
na	529	530	8720
na	530	531	8187
na	531	532	8499
na	532	534	8481
na	534	535	8482
na	535	536	8372
na	536	537	8481
na	537	538	8547
na	538	539	8613
na	539	540	8618
na	540	541	8426
na	541	542	8412
na	542	543	8420
na	543	544	8429
na	544	545	8494
na	545	546	8427
na	546	547	8517
na	547	548	8429
na	548	549	8522
na	549	550	8519
na	550	551	8556
na	551	552	8596
na	552	553	8563
na	553	554	8514
na	554	555	8586
na	555	556	8620
na	556	557	8769
na	557	558	8686
na	558	559	8724
na	559	560	8768
na	560	561	8797
na	561	563	8815
na	563	564	8824
na	564	565	8996
na	565	566	8947
na	566	567	9024
na	567	568	9050
na	568	569	8976
na	569	570	9118
na	570	571	9339
na	571	572	9369
na	572	573	9351
na	573	574	9164
na	574	575	9142
na	575	576	9176
na	576	577	9154
na	577	578	9171
na	578	579	9115
na	579	580	9072
na	580	581	9070
na	581	582	9061
na	582	583	9047
na	583	584	9111
na	584	585	9094
na	585	586	9160
na	586	587	9132
na	587	588	9107
na	588	589	9159
na	589	590	9223
na	590	591	9202
na	591	592	9217
na	592	593	9209
na	593	594	9182
na	594	595	9209
na	595	596	9074
na	596	598	9059
na	598	599	9080
na	599	600	9075
na	600	601	9206
na	601	602	9168
na	602	603	9124
na	603	604	9158
na	604	605	9241
na	605	606	9274
na	606	607	9265
na	607	608	9055
na	608	609	9234
na	609	610	9246
na	610	611	9132
na	611	612	9173
na	612	613	9062
na	613	614	9151
na	614	615	9159
na	615	616	9004
na	616	617	9364
na	617	618	9200
na	618	619	9303
na	619	620	9297
na	620	621	9223
na	621	622	9274
na	622	623	9129
na	623	624	9138
na	624	625	9128
na	625	626	8806
na	626	627	8901
na	627	628	8840
na	628	629	8878
na	629	630	8883
na	630	631	8697
na	631	632	8574
na	632	633	8985
na	633	634	9024
na	634	635	9073
na	635	636	9220
na	636	637	9124
na	637	638	9250
na	638	639	9140
na	639	640	9049
na	640	641	9306
na	641	642	8891
na	642	643	8889
na	643	644	8943
na	644	645	8752
na	645	646	8771
na	646	647	8665
na	647	648	8759
na	648	649	9043
na	649	650	8784
na	650	651	8778
na	651	652	8850
na	652	653	8721
na	653	654	8953
na	654	655	8972
na	655	656	9082
na	656	657	9056
na	657	658	8722
na	658	659	8764
na	659	660	8794
na	660	661	8724
na	661	662	8733
na	662	663	8613
na	663	664	9127
na	664	665	9059
na	665	666	9346
na	666	667	9326
na	667	668	9235
na	668	669	9211
na	669	670	9136
na	670	671	9261
na	671	672	9144
na	672	673	8915
na	673	674	8489
na	674	675	8362
na	675	676	8441
na	676	677	8477
na	677	678	8512
na	678	679	8525
na	679	680	8447
na	680	681	8430
na	681	682	8396
na	682	683	8377
na	683	684	8356
na	684	685	8358
na	685	686	8469
na	686	687	8461
na	687	688	8434
na	688	689	8413
na	689	691	8436
na	691	692	8432
na	692	693	8406
na	693	694	8430
na	694	695	8280
na	695	696	8316
na	696	697	8528
na	697	698	8510
na	698	699	8549
na	699	700	8550
na	700	701	8555
na	701	702	8582
na	702	703	8596
na	703	704	8950
na	704	705	8893
na	705	706	8942
na	706	707	8804
na	707	708	8958
na	708	709	8955
na	709	710	8939
na	710	711	8807
na	711	712	8808
na	712	713	8331
na	713	714	8397
na	714	715	8202
na	715	716	8211
na	716	717	8119
na	717	718	8206
na	718	719	8309
na	719	720	8362
na	720	721	8388
na	721	722	8377
na	722	723	8401
na	723	724	8398
na	724	725	8397
na	725	726	8256
na	726	727	8321
na	727	728	8258
na	728	729	8200
na	729	730	8210
na	730	731	8199
na	731	732	8229
na	732	733	8276
na	733	734	8308
na	734	735	8295
na	735	736	8230
na	736	737	8282
na	737	738	8278
na	738	739	8552
na	739	740	8499
na	740	741	8569
na	741	742	8511
na	742	744	8498
na	744	745	8433
na	745	746	8449
na	746	747	8348
na	747	748	8494
na	748	749	8198
na	749	750	8083
na	750	751	8048
na	751	752	8040
na	752	753	8070
na	753	754	8106
na	754	755	8099
na	755	756	8107
na	756	757	7565
na	757	758	7591
na	758	759	7598
na	759	760	7968
na	760	761	7998
na	761	762	7884
na	762	763	7843
na	763	764	7735
na	764	765	7896
na	765	766	7922
na	766	767	7861
na	767	768	7777
na	768	769	7123
na	769	770	7187
na	770	771	7400
na	771	772	7428
na	772	773	7409
na	773	774	7152
na	774	775	7486
na	775	776	7617
na	776	777	7762
na	777	778	7796
na	778	779	7695
na	779	780	7345
na	780	781	7296
na	781	782	7260
na	782	783	7398
na	783	784	6987
na	784	785	7171
na	785	786	7072
na	786	787	7125
na	787	788	7115
na	788	789	7118
na	789	790	7358
na	790	791	7399
na	791	792	7330
na	792	793	7320
na	793	794	7082
na	794	795	7370
na	795	796	7360
na	796	797	7414
na	797	798	7387
na	798	799	7334
na	799	800	7382
na	800	801	7399
na	801	802	7444
na	802	803	7459
na	803	804	7303
na	804	805	7284
na	805	806	7256
na	806	807	7338
na	807	808	7293
na	808	809	7389
na	809	810	7437
na	810	811	7438
na	811	812	7482
na	812	813	7509
na	813	814	7549
na	814	815	7494
na	815	816	7412
na	816	817	7466
na	817	818	7424
na	818	819	7677
na	819	820	7683
na	820	821	7755
na	821	822	7897
na	822	823	7895
na	823	825	7950
na	825	826	7926
na	826	827	8000
na	827	828	7799
na	828	829	7790
na	829	830	7808
na	830	831	7726
na	831	832	8050
na	832	833	8041
na	833	834	8204
na	834	835	8235
na	835	836	8237
na	836	838	8640
na	838	839	8685
na	839	840	8676
na	840	841	8349
na	841	842	8389
na	842	843	8314
na	843	844	8250
na	844	845	8349
na	845	846	8133
na	846	847	8160
na	847	848	8097
na	848	849	8125
na	849	850	8108
na	850	851	8034
na	851	852	8086
na	852	853	7987
na	853	854	7873
na	854	855	7783
na	855	856	7788
na	856	857	7779
na	857	858	7716
na	858	859	7817
na	859	860	7870
na	860	861	7810
na	861	862	7845
na	862	863	7766
na	863	864	7744
na	864	865	7871
na	865	866	7750
na	866	867	7732
na	867	868	7652
na	868	869	7382
na	869	870	7397
na	870	871	7313
na	871	872	7285
na	872	873	7277
na	873	874	7033
na	874	875	7118
na	875	876	7253
na	876	877	7282
na	877	878	7276
na	878	879	7590
na	879	880	7796
na	880	881	8208
na	881	882	8222
na	882	883	8437
na	883	884	8104
na	884	885	8076
na	885	886	7829
na	886	887	7873
na	887	888	7169
na	888	889	7157
na	889	890	6240
na	890	891	6290
na	891	892	5948
na	892	893	6089
na	893	894	6039
na	894	895	6072
na	895	896	6039
na	896	897	5900
na	897	898	5907
na	898	899	5901
na	899	900	5953
na	900	902	5931
na	902	903	5785
na	903	904	5797
na	904	905	5792
na	905	906	5803
na	906	907	5770
na	907	908	5731
na	908	909	5682
na	909	910	5601
na	910	911	5390
na	911	912	5478
na	912	913	5576
na	913	914	5578
na	914	915	5574
na	915	916	5592
na	916	917	5582
na	917	918	5574
na	918	919	5549
na	919	920	5548
na	920	921	5371
na	921	922	5259
na	922	923	5276
na	923	924	5279
na	924	925	5256
na	925	926	5258
na	926	927	5230
na	927	928	5260
na	928	929	5295
na	929	930	5298
na	930	931	5217
na	931	932	5130
na	932	933	5129
na	933	934	5162
na	934	935	5110
na	935	936	5074
na	936	937	4982
na	937	938	4818
na	938	939	4813
na	939	940	4842
na	940	941	4832
na	941	942	4818
na	942	943	4587
na	943	944	4594
na	944	945	4672
na	945	946	4674
na	946	947	4664
na	947	948	4661
na	948	949	4636
na	949	950	4641
na	950	951	4648
na	951	952	4630
na	952	953	4765
na	953	954	4549
na	954	955	4799
na	955	956	4803
na	956	957	4793
na	957	958	4820
na	958	959	4811
na	959	960	4804
na	960	961	4827
na	961	962	4617
na	962	963	5877
na	963	964	5768
na	964	965	5897
na	965	966	6669
na	966	967	6735
na	967	968	7359
na	968	969	7414
na	969	970	7405
na	970	971	7517
na	971	972	7004
na	972	973	7098
na	973	974	7115
na	974	975	6667
na	975	976	6715
na	976	977	6484
na	977	978	6529
na	978	980	6562
na	980	981	6608
na	981	982	6553
na	982	983	6662
na	983	984	6924
na	984	985	6943
na	985	986	6961
na	986	987	6949
na	987	988	6984
na	988	989	7010
na	989	990	7057
na	990	991	7058
na	991	992	7061
na	992	993	7039
na	993	994	7134
na	994	995	7169
na	995	996	7176
na	996	997	7184
na	997	998	7173
na	998	999	7172
na	999	1000	7192
na	1000	1001	7332
na	1001	1002	7342
na	1002	1003	7332
na	1003	1004	7366
na	1004	1005	7368
na	1005	1006	7415
na	1006	1007	7545
na	1007	1008	7546
na	1008	1009	7550
na	1009	1010	7498
na	1010	1011	7528
na	1011	1012	7603
na	1012	1013	7541
na	1013	1014	7521
na	1014	1015	7489
na	1015	1016	7405
na	1016	1017	7489
na	1017	1018	7485
na	1018	1019	7518
na	1019	1020	7491
na	1020	1021	7518
na	1021	1022	7574
na	1022	1023	7577
na	1023	1024	7593
na	1024	1025	7571
na	1025	1026	7380
na	1026	1027	7641
na	1027	1028	7620
na	1028	1029	7669
na	1029	1030	7585
na	1030	1031	7527
na	1031	1032	7428
na	1032	1033	7423
na	1033	1034	7713
na	1034	1035	7683
na	1035	1036	7553
na	1036	1037	7642
na	1037	1038	7559
na	1038	1039	7838
na	1039	1040	7775
na	1040	1041	7782
na	1041	1042	7743
na	1042	1043	7407
na	1043	1044	7363
na	1044	1045	7350
na	1045	1046	7268
na	1046	1047	7334
na	1047	1048	6963
na	1048	1049	6986
na	1049	1050	6935
na	1050	1051	6909
na	1051	1052	6891
na	1052	1053	6788
na	1053	1054	6931
na	1054	1055	6836
na	1055	1056	7022
na	1056	1057	6998
na	1057	1058	6890
na	1058	1059	6879
na	1059	1060	6870
na	1060	1061	6824
na	1061	1062	6897
na	1062	1064	6757
na	1064	1065	6537
na	1065	1066	6590
na	1066	1067	6644
na	1067	1068	6677
na	1068	1069	6841
na	1069	1070	6825
na	1070	1071	6922
na	1071	1072	6885
na	1072	1073	6882
na	1073	1074	7105
na	1074	1075	7118
na	1075	1076	7274
na	1076	1077	7279
na	1077	1078	7141
na	1078	1079	7482
na	1079	1080	7538
na	1080	1081	8574
na	1081	1082	8558
na	1082	1083	8515
na	1083	1084	8518
na	1084	1085	8437
na	1085	1086	8449
na	1086	1087	8475
na	1087	1088	8497
na	1088	1089	8524
na	1089	1090	7893
na	1090	1091	7976
na	1091	1092	8083
na	1092	1093	8180
na	1093	1094	8251
na	1094	1095	8233
na	1095	1096	8220
na	1096	1097	8166
na	1097	1098	8172
na	1098	1099	8403
na	1099	1100	8401
na	1100	1101	8386
na	1101	1102	8486
na	1102	1103	8444
na	1103	1104	8508
na	1104	1105	8520
na	1105	1106	8505
na	1106	1107	8508
na	1107	1108	8363
na	1108	1109	8371
na	1109	1110	8348
na	1110	1111	8435
na	1111	1112	8466
na	1112	1113	8331
na	1113	1114	8264
na	1114	1115	8267
na	1115	1116	8449
na	1116	1117	8485
na	1117	1118	8880
na	1118	1119	8897
na	1119	1120	8887
na	1120	1121	8864
na	1121	1122	8863
na	1122	1123	8883
na	1123	1124	8886
na	1124	1125	8701
na	1125	1126	8715
na	1126	1127	8529
na	1127	1128	8538
na	1128	1129	8744
na	1129	1130	8752
na	1130	1131	8737
na	1131	1132	8777
na	1132	1133	8802
na	1133	1135	8847
na	1135	1136	8899
na	1136	1137	8931
na	1137	1138	8701
na	1138	1139	8940
na	1139	1140	8996
na	1140	1141	9157
na	1141	1142	9177
na	1142	1143	9166
na	1143	1145	9170
na	1145	1146	9186
na	1146	1147	9250
na	1147	1148	9071
na	1148	1149	9148
na	1149	1150	9085
na	1150	1151	9160
na	1151	1152	9166
na	1152	1153	9158
na	1153	1154	9237
na	1154	1155	9300
na	1155	1156	9393
na	1156	1157	9459
na	1157	1158	9415
na	1158	1159	9481
na	1159	1160	9685
na	1160	1161	9680
na	1161	1162	9692
na	1162	1163	9570
na	1163	1164	9764
na	1164	1165	9662
na	1165	1166	9692
na	1166	1167	9687
na	1167	1168	9629
na	1168	1169	9618
na	1169	1170	9717
na	1170	1171	9660
na	1171	1172	9769
na	1172	1173	9565
na	1173	1174	10029
na	1174	1175	10060
na	1175	1176	10062
na	1176	1177	10125
na	1177	1178	9892
na	1178	1179	9860
na	1179	1180	9873
na	1180	1181	9800
na	1181	1182	9753
na	1182	1183	9807
na	1183	1184	9482
na	1184	1185	9496
na	1185	1186	9445
na	1186	1187	9488
na	1187	1188	9682
na	1188	1189	9666
na	1189	1190	9656
na	1190	1191	9649
na	1191	1192	9542
na	1192	1193	9599
na	1193	1194	9569
na	1194	1195	9789
na	1195	1196	9756
na	1196	1197	9339
na	1197	1198	9507
na	1198	1199	9427
na	1199	1200	9555
na	1200	1201	9560
na	1201	1202	9615
na	1202	1203	9700
na	1203	1204	9419
na	1204	1205	9348
na	1205	1206	9471
na	1206	1207	9411
na	1207	1208	9419
na	1208	1209	9373
na	1209	1210	9398
na	1210	1211	9273
na	1211	1212	9312
na	1212	1213	9208
na	1213	1214	9205
na	1214	1215	9099
na	1215	1216	9751
na	1216	1217	9937
na	1217	1218	9989
na	1218	1219	10030
na	1219	1220	10021
na	1220	1221	10690
na	1221	1222	10804
na	1222	1223	10898
na	1223	1224	10901
na	1224	1225	10215
na	1225	1226	10343
na	1226	1227	10167
na	1227	1228	10303
na	1228	1229	10119
na	1229	1230	9529
na	1230	1231	9475
na	1231	1232	9304
na	1232	1233	9322
na	1233	1234	9435
na	1234	1235	9400
na	1235	1236	9417
na	1236	1237	9397
na	1237	1238	9386
na	1238	1239	9453
na	1239	1240	9449
na	1240	1241	9472
na	1241	1242	9468
na	1242	1243	9396
na	1243	1244	9474
na	1244	1245	9506
na	1245	1246	9882
na	1246	1247	9904
na	1247	1248	9891
na	1248	1249	9876
na	1249	1250	9871
na	1250	1251	9989
na	1251	1252	9958
na	1252	1253	9873
na	1253	1254	9870
na	1254	1255	9576
na	1255	1256	9653
na	1256	1257	9610
na	1257	1258	9646
na	1258	1259	9638
na	1259	1260	10064
na	1260	1261	10203
na	1261	1262	10211
na	1262	1263	10201
na	1263	1264	10210
na	1264	1265	10176
na	1265	1266	10274
na	1266	1267	10180
na	1267	1268	10176
na	1268	1269	9302
na	1269	1270	9507
na	1270	1271	9530
na	1271	1272	9531
na	1272	1273	9537
na	1273	1274	9437
na	1274	1275	9350
na	1275	1276	9417
na	1276	1277	9542
na	1277	1278	9545
na	1278	1279	9327
na	1279	1280	9311
na	1280	1281	9349
na	1281	1282	9582
na	1282	1283	9848
na	1283	1284	9873
na	1284	1285	9781
na	1285	1286	9695
na	1286	1287	9595
na	1287	1288	9681
na	1288	1289	9695
na	1289	1290	9679
na	1290	1291	9494
na	1291	1292	9172
na	1292	1293	9501
na	1293	1294	9542
na	1294	1295	9700
na	1295	1296	9698
na	1296	1297	9629
na	1297	1298	10298
na	1298	1299	10470
na	1299	1300	10528
na	1300	1301	10524
na	1301	1302	10203
na	1302	1303	10241
na	1303	1304	9993
na	1304	1305	10018
na	1305	1306	9987
na	1306	1307	9558
na	1307	1308	9235
na	1308	1309	9317
na	1309	1310	9442
na	1310	1311	9529
na	1311	1312	9530
na	1312	1313	9517
na	1313	1314	9528
na	1314	1315	9524
na	1315	1316	9578
na	1316	1317	9595
na	1317	1318	9197
na	1318	1319	9240
na	1319	1320	8941
na	1320	1321	8974
na	1321	1322	8991
na	1322	1323	8912
na	1323	1324	9007
na	1324	1325	8923
na	1325	1326	9030
na	1326	1327	9009
na	1327	1329	8921
na	1329	1330	8932
na	1330	1331	8938
na	1331	1332	8926
na	1332	1333	8839
na	1333	1334	8686
na	1334	1335	8716
na	1335	1336	8705
na	1336	1338	8701
na	1338	1339	8590
na	1339	1340	8611
na	1340	1341	8607
na	1341	1342	8617
na	1342	1343	8648
na	1343	1344	8505
na	1344	1345	8781
na	1345	1346	8718
na	1346	1347	8722
na	1347	1348	8693
na	1348	1349	8650
na	1349	1350	8739
na	1350	1351	8737
na	1351	1352	8572
na	1352	1353	8519
na	1353	1354	7856
na	1354	1355	7841
na	1355	1356	7811
na	1356	1357	7796
na	1357	1358	7636
na	1358	1359	7582
na	1359	1360	7871
na	1360	1361	7644
na	1361	1362	7701
na	1362	1363	7682
na	1363	1364	7675
na	1364	1365	7704
na	1365	1366	7599
na	1366	1367	7717
na	1367	1368	7361
na	1368	1369	7343
na	1369	1370	6521
na	1370	1371	6493
na	1371	1372	6377
na	1372	1373	6424
na	1373	1374	6242
na	1374	1375	6254
na	1375	1376	5773
na	1376	1377	5787
na	1377	1378	5684
na	1378	1379	5742
na	1379	1380	5739
na	1380	1381	5714
na	1381	1382	5550
na	1382	1383	5562
na	1383	1384	5517
na	1384	1385	5600
na	1385	1386	5539
na	1386	1387	5508
na	1387	1388	5409
na	1388	1389	5403
na	1389	1390	5416
na	1390	1391	5422
na	1391	1392	5417
na	1392	1393	5381
na	1393	1394	5165
na	1394	1395	5164
na	1395	1396	5133
na	1396	1397	5115
na	1397	1398	5015
na	1398	1399	5092
na	1399	1400	5040
na	1400	1401	5082
na	1401	1402	5078
na	1402	1403	5043
na	1403	1404	5080
na	1404	1405	5040
na	1405	1406	5044
na	1406	1407	4994
na	1407	1408	4046
na	1408	1409	4067
na	1409	1410	3998
na	1410	1411	3978
na	1411	1412	3964
na	1412	1413	3835
na	1413	1414	3806
na	1414	1415	3786
na	1415	1416	3727
na	1416	1417	3722
na	1417	1418	3522
na	1418	1419	3429
na	1419	1420	3417
na	1420	1421	3277
na	1421	1422	3273
na	1422	1423	3241
na	1423	1424	3227
na	1424	1425	3076
na	1425	1426	2803
na	1426	1427	2755
na	1427	1428	2731
na	1428	1429	2677
na	1429	1430	2675
na	1430	1431	2478
na	1431	1432	2445
na	1432	1433	1806
na	1433	1434	1798
na	1434	1435	1771
na	1435	1436	1765
na	1436	1437	1762
na	1437	1438	1692
na	1438	1439	1688
na	1439	1440	1685
na	1440	1441	1683
na	1441	1442	1669
na	1442	1443	1277
na	1443	1445	1276
na	1445	1448	1274
na	1448	1449	1267
na	1449	1450	1237
na	1450	1451	1232
na	1451	1452	1126
na	1452	1453	1097
na	1453	1454	919
na	1454	1455	902
na	1455	1456	895
na	1456	1457	342
pb2	0	1	27
pb2	1	4	35
pb2	4	10	38
pb2	10	11	51
pb2	11	13	52
pb2	13	14	53
pb2	14	15	54
pb2	15	16	67
pb2	16	18	69
pb2	18	20	75
pb2	20	21	92
pb2	21	22	94
pb2	22	23	96
pb2	23	24	108
pb2	24	25	115
pb2	25	27	125
pb2	27	28	126
pb2	28	29	127
pb2	29	30	136
pb2	30	32	137
pb2	32	34	141
pb2	34	35	182
pb2	35	36	184
pb2	36	37	186
pb2	37	39	205
pb2	39	42	206
pb2	42	43	212
pb2	43	44	215
pb2	44	46	217
pb2	46	47	219
pb2	47	50	223
pb2	50	51	224
pb2	51	52	235
pb2	52	53	250
pb2	53	54	253
pb2	54	56	258
pb2	56	57	260
pb2	57	58	270
pb2	58	59	272
pb2	59	60	275
pb2	60	65	274
pb2	65	66	291
pb2	66	67	290
pb2	67	70	295
pb2	70	73	293
pb2	73	74	294
pb2	74	75	292
pb2	75	76	310
pb2	76	77	314
pb2	77	78	315
pb2	78	80	316
pb2	80	81	318
pb2	81	82	336
pb2	82	84	337
pb2	84	85	339
pb2	85	86	335
pb2	86	87	349
pb2	87	88	342
pb2	88	89	347
pb2	89	90	349
pb2	90	91	346
pb2	91	92	343
pb2	92	93	341
pb2	93	94	340
pb2	94	95	344
pb2	95	96	343
pb2	96	97	344
pb2	97	98	356
pb2	98	99	358
pb2	99	100	370
pb2	100	101	372
pb2	101	102	371
pb2	102	103	365
pb2	103	104	362
pb2	104	105	369
pb2	105	106	368
pb2	106	107	356
pb2	107	108	359
pb2	108	109	356
pb2	109	110	359
pb2	110	111	363
pb2	111	112	390
pb2	112	113	392
pb2	113	114	388
pb2	114	115	387
pb2	115	116	400
pb2	116	117	401
pb2	117	118	426
pb2	118	119	427
pb2	119	120	428
pb2	120	121	424
pb2	121	122	425
pb2	122	123	435
pb2	123	124	442
pb2	124	125	434
pb2	125	126	444
pb2	126	127	436
pb2	127	128	438
pb2	128	130	436
pb2	130	131	448
pb2	131	133	439
pb2	133	134	443
pb2	134	137	439
pb2	137	138	444
pb2	138	139	448
pb2	139	140	447
pb2	140	141	443
pb2	141	142	450
pb2	142	144	448
pb2	144	145	460
pb2	145	146	461
pb2	146	147	464
pb2	147	148	462
pb2	148	150	457
pb2	150	151	444
pb2	151	152	452
pb2	152	153	457
pb2	153	155	448
pb2	155	156	446
pb2	156	157	452
pb2	157	158	453
pb2	158	159	455
pb2	159	160	459
pb2	160	161	449
pb2	161	162	454
pb2	162	163	450
pb2	163	164	472
pb2	164	165	474
pb2	165	167	471
pb2	167	168	484
pb2	168	169	496
pb2	169	170	488
pb2	170	171	485
pb2	171	174	487
pb2	174	176	486
pb2	176	177	485
pb2	177	178	480
pb2	178	179	481
pb2	179	180	484
pb2	180	181	493
pb2	181	182	501
pb2	182	185	503
pb2	185	186	508
pb2	186	187	507
pb2	187	188	502
pb2	188	189	501
pb2	189	190	510
pb2	190	191	515
pb2	191	192	525
pb2	192	194	524
pb2	194	195	521
pb2	195	196	520
pb2	196	197	519
pb2	197	198	517
pb2	198	199	513
pb2	199	200	518
pb2	200	201	516
pb2	201	202	515
pb2	202	203	519
pb2	203	204	520
pb2	204	206	513
pb2	206	207	514
pb2	207	208	508
pb2	208	209	504
pb2	209	210	508
pb2	210	211	513
pb2	211	212	525
pb2	212	213	521
pb2	213	214	519
pb2	214	215	522
pb2	215	216	508
pb2	216	217	529
pb2	217	219	528
pb2	219	220	530
pb2	220	221	528
pb2	221	222	523
pb2	222	223	519
pb2	223	224	516
pb2	224	225	507
pb2	225	226	493
pb2	226	228	490
pb2	228	229	497
pb2	229	230	496
pb2	230	231	494
pb2	231	232	495
pb2	232	233	493
pb2	233	234	491
pb2	234	235	488
pb2	235	237	496
pb2	237	238	482
pb2	238	239	487
pb2	239	240	495
pb2	240	241	514
pb2	241	242	523
pb2	242	243	537
pb2	243	244	546
pb2	244	245	544
pb2	245	246	546
pb2	246	247	554
pb2	247	248	558
pb2	248	249	555
pb2	249	250	541
pb2	250	251	529
pb2	251	252	519
pb2	252	253	515
pb2	253	254	519
pb2	254	255	515
pb2	255	256	525
pb2	256	257	516
pb2	257	258	514
pb2	258	260	513
pb2	260	261	524
pb2	261	262	523
pb2	262	263	525
pb2	263	264	521
pb2	264	265	515
pb2	265	268	531
pb2	268	269	529
pb2	269	270	528
pb2	270	271	529
pb2	271	273	532
pb2	273	274	531
pb2	274	275	519
pb2	275	276	529
pb2	276	277	528
pb2	277	279	533
pb2	279	281	541
pb2	281	282	538
pb2	282	283	536
pb2	283	284	538
pb2	284	285	532
pb2	285	286	533
pb2	286	287	532
pb2	287	288	530
pb2	288	289	513
pb2	289	290	511
pb2	290	291	513
pb2	291	292	519
pb2	292	293	516
pb2	293	294	513
pb2	294	295	504
pb2	295	296	502
pb2	296	297	505
pb2	297	298	520
pb2	298	299	516
pb2	299	300	512
pb2	300	301	508
pb2	301	302	507
pb2	302	303	509
pb2	303	304	515
pb2	304	305	516
pb2	305	306	506
pb2	306	307	495
pb2	307	308	490
pb2	308	309	494
pb2	309	310	495
pb2	310	311	494
pb2	311	312	490
pb2	312	313	484
pb2	313	314	481
pb2	314	315	480
pb2	315	316	481
pb2	316	317	482
pb2	317	318	461
pb2	318	319	455
pb2	319	320	456
pb2	320	322	467
pb2	322	323	469
pb2	323	324	485
pb2	324	325	482
pb2	325	326	483
pb2	326	327	481
pb2	327	329	476
pb2	329	330	460
pb2	330	332	437
pb2	332	333	390
pb2	333	334	391
pb2	334	335	389
pb2	335	336	388
pb2	336	337	389
pb2	337	338	384
pb2	338	339	381
pb2	339	340	377
pb2	340	341	392
pb2	341	342	394
pb2	342	343	392
pb2	343	344	388
pb2	344	345	383
pb2	345	346	381
pb2	346	347	391
pb2	347	348	390
pb2	348	349	385
pb2	349	350	381
pb2	350	351	346
pb2	351	352	354
pb2	352	353	346
pb2	353	354	348
pb2	354	355	347
pb2	355	356	335
pb2	356	357	339
pb2	357	358	325
pb2	358	359	365
pb2	359	360	366
pb2	360	361	350
pb2	361	362	346
pb2	362	363	341
pb2	363	365	342
pb2	365	366	341
pb2	366	367	340
pb2	367	371	298
pb2	371	372	299
pb2	372	373	287
pb2	373	374	286
pb2	374	375	253
pb2	375	377	255
pb2	377	378	251
pb2	378	380	247
pb2	380	381	248
pb2	381	383	249
pb2	383	384	247
pb2	384	386	248
pb2	386	388	244
pb2	388	389	243
pb2	389	390	245
pb2	390	394	250
pb2	394	397	248
pb2	397	398	249
pb2	398	399	252
pb2	399	400	251
pb2	400	401	252
pb2	401	402	250
pb2	402	403	254
pb2	403	404	253
pb2	404	406	254
pb2	406	407	251
pb2	407	408	250
pb2	408	409	248
pb2	409	410	250
pb2	410	412	249
pb2	412	413	277
pb2	413	414	285
pb2	414	415	283
pb2	415	416	280
pb2	416	417	279
pb2	417	418	277
pb2	418	419	304
pb2	419	420	303
pb2	420	421	305
pb2	421	422	304
pb2	422	423	295
pb2	423	424	327
pb2	424	425	328
pb2	425	426	331
pb2	426	427	329
pb2	427	428	316
pb2	428	429	333
pb2	429	430	327
pb2	430	431	333
pb2	431	432	332
pb2	432	434	317
pb2	434	435	315
pb2	435	436	314
pb2	436	437	310
pb2	437	439	306
pb2	439	440	305
pb2	440	441	312
pb2	441	443	316
pb2	443	444	320
pb2	444	445	325
pb2	445	446	350
pb2	446	447	351
pb2	447	448	366
pb2	448	449	371
pb2	449	450	382
pb2	450	451	383
pb2	451	452	391
pb2	452	453	402
pb2	453	454	409
pb2	454	456	396
pb2	456	457	397
pb2	457	458	407
pb2	458	459	410
pb2	459	460	413
pb2	460	461	411
pb2	461	462	415
pb2	462	463	414
pb2	463	464	451
pb2	464	466	454
pb2	466	467	453
pb2	467	468	452
pb2	468	469	450
pb2	469	472	445
pb2	472	473	436
pb2	473	474	434
pb2	474	477	435
pb2	477	478	434
pb2	478	479	452
pb2	479	480	450
pb2	480	481	451
pb2	481	482	450
pb2	482	483	451
pb2	483	484	453
pb2	484	485	449
pb2	485	486	456
pb2	486	487	455
pb2	487	488	454
pb2	488	489	455
pb2	489	490	450
pb2	490	491	458
pb2	491	492	453
pb2	492	493	456
pb2	493	494	455
pb2	494	495	452
pb2	495	496	455
pb2	496	497	461
pb2	497	498	464
pb2	498	499	467
pb2	499	500	460
pb2	500	501	459
pb2	501	502	461
pb2	502	503	456
pb2	503	504	452
pb2	504	505	456
pb2	505	506	455
pb2	506	507	492
pb2	507	509	491
pb2	509	510	487
pb2	510	511	482
pb2	511	512	485
pb2	512	513	489
pb2	513	514	494
pb2	514	515	502
pb2	515	516	458
pb2	516	517	455
pb2	517	518	452
pb2	518	519	453
pb2	519	520	462
pb2	520	521	461
pb2	521	522	460
pb2	522	523	461
pb2	523	524	457
pb2	524	525	455
pb2	525	526	457
pb2	526	527	456
pb2	527	528	455
pb2	528	529	445
pb2	529	530	453
pb2	530	531	458
pb2	531	532	460
pb2	532	533	462
pb2	533	534	460
pb2	534	535	468
pb2	535	536	467
pb2	536	537	465
pb2	537	538	461
pb2	538	539	462
pb2	539	541	456
pb2	541	542	448
pb2	542	543	452
pb2	543	544	447
pb2	544	545	455
pb2	545	546	457
pb2	546	547	459
pb2	547	548	472
pb2	548	549	467
pb2	549	550	470
pb2	550	551	477
pb2	551	552	469
pb2	552	553	473
pb2	553	554	466
pb2	554	555	463
pb2	555	556	462
pb2	556	557	447
pb2	557	558	450
pb2	558	559	440
pb2	559	560	433
pb2	560	561	436
pb2	561	562	435
pb2	562	564	431
pb2	564	565	430
pb2	565	566	432
pb2	566	567	435
pb2	567	568	437
pb2	568	569	432
pb2	569	570	430
pb2	570	571	442
pb2	571	572	438
pb2	572	573	437
pb2	573	574	431
pb2	574	576	422
pb2	576	577	421
pb2	577	578	422
pb2	578	580	419
pb2	580	581	420
pb2	581	583	422
pb2	583	584	430
pb2	584	585	427
pb2	585	586	430
pb2	586	587	428
pb2	587	588	425
pb2	588	589	424
pb2	589	590	426
pb2	590	591	427
pb2	591	592	423
pb2	592	593	414
pb2	593	594	424
pb2	594	595	430
pb2	595	596	433
pb2	596	597	432
pb2	597	598	443
pb2	598	599	448
pb2	599	600	449
pb2	600	601	455
pb2	601	602	458
pb2	602	603	452
pb2	603	604	498
pb2	604	605	495
pb2	605	606	497
pb2	606	607	495
pb2	607	608	493
pb2	608	609	499
pb2	609	610	500
pb2	610	611	493
pb2	611	612	497
pb2	612	613	476
pb2	613	614	479
pb2	614	615	485
pb2	615	616	483
pb2	616	618	488
pb2	618	619	485
pb2	619	621	490
pb2	621	622	482
pb2	622	624	495
pb2	624	625	514
pb2	625	626	529
pb2	626	627	535
pb2	627	628	536
pb2	628	629	532
pb2	629	630	528
pb2	630	631	529
pb2	631	632	527
pb2	632	633	536
pb2	633	634	559
pb2	634	635	561
pb2	635	636	567
pb2	636	637	577
pb2	637	638	581
pb2	638	639	578
pb2	639	640	577
pb2	640	641	576
pb2	641	642	578
pb2	642	643	554
pb2	643	644	563
pb2	644	645	579
pb2	645	646	584
pb2	646	647	585
pb2	647	648	581
pb2	648	649	585
pb2	649	650	604
pb2	650	651	599
pb2	651	652	592
pb2	652	653	598
pb2	653	654	577
pb2	654	655	585
pb2	655	657	572
pb2	657	658	567
pb2	658	659	553
pb2	659	660	566
pb2	660	661	568
pb2	661	662	565
pb2	662	663	574
pb2	663	664	573
pb2	664	665	572
pb2	665	667	570
pb2	667	669	581
pb2	669	670	579
pb2	670	671	576
pb2	671	672	574
pb2	672	673	583
pb2	673	674	596
pb2	674	675	605
pb2	675	676	606
pb2	676	677	614
pb2	677	678	620
pb2	678	679	631
pb2	679	680	632
pb2	680	681	642
pb2	681	682	640
pb2	682	683	639
pb2	683	684	635
pb2	684	685	642
pb2	685	686	640
pb2	686	687	645
pb2	687	688	647
pb2	688	689	640
pb2	689	690	638
pb2	690	691	647
pb2	691	692	654
pb2	692	693	652
pb2	693	694	664
pb2	694	695	668
pb2	695	696	667
pb2	696	697	662
pb2	697	698	659
pb2	698	699	662
pb2	699	700	658
pb2	700	701	649
pb2	701	702	647
pb2	702	703	633
pb2	703	704	638
pb2	704	705	641
pb2	705	706	646
pb2	706	707	654
pb2	707	709	656
pb2	709	710	686
pb2	710	711	695
pb2	711	712	698
pb2	712	713	705
pb2	713	714	691
pb2	714	715	697
pb2	715	716	684
pb2	716	717	681
pb2	717	718	693
pb2	718	719	671
pb2	719	720	668
pb2	720	721	666
pb2	721	722	663
pb2	722	723	685
pb2	723	724	698
pb2	724	725	704
pb2	725	726	705
pb2	726	727	701
pb2	727	728	703
pb2	728	729	712
pb2	729	730	709
pb2	730	731	710
pb2	731	732	702
pb2	732	733	689
pb2	733	734	682
pb2	734	735	693
pb2	735	736	696
pb2	736	737	699
pb2	737	738	695
pb2	738	739	687
pb2	739	740	686
pb2	740	741	683
pb2	741	742	682
pb2	742	743	692
pb2	743	744	688
pb2	744	745	675
pb2	745	746	674
pb2	746	747	673
pb2	747	748	694
pb2	748	749	693
pb2	749	750	684
pb2	750	751	695
pb2	751	752	674
pb2	752	753	714
pb2	753	754	712
pb2	754	755	701
pb2	755	756	722
pb2	756	757	712
pb2	757	758	713
pb2	758	759	715
pb2	759	760	704
pb2	760	761	727
pb2	761	762	691
pb2	762	763	695
pb2	763	764	684
pb2	764	765	671
pb2	765	766	673
pb2	766	767	680
pb2	767	768	671
pb2	768	769	672
pb2	769	770	658
pb2	770	771	648
pb2	771	772	643
pb2	772	773	637
pb2	773	774	630
pb2	774	775	635
pb2	775	777	625
pb2	777	778	622
pb2	778	779	621
pb2	779	780	617
pb2	780	782	605
pb2	782	783	615
pb2	783	785	607
pb2	785	786	606
pb2	786	787	612
pb2	787	788	624
pb2	788	789	622
pb2	789	791	627
pb2	791	792	615
pb2	792	793	622
pb2	793	794	618
pb2	794	795	617
pb2	795	796	609
pb2	796	797	585
pb2	797	798	582
pb2	798	799	584
pb2	799	800	602
pb2	800	801	604
pb2	801	802	596
pb2	802	803	602
pb2	803	804	613
pb2	804	805	615
pb2	805	806	616
pb2	806	808	607
pb2	808	809	589
pb2	809	810	588
pb2	810	811	589
pb2	811	812	599
pb2	812	814	595
pb2	814	816	601
pb2	816	817	599
pb2	817	818	611
pb2	818	819	610
pb2	819	821	612
pb2	821	822	617
pb2	822	823	625
pb2	823	824	617
pb2	824	825	610
pb2	825	826	613
pb2	826	827	599
pb2	827	828	602
pb2	828	829	587
pb2	829	830	590
pb2	830	831	586
pb2	831	832	575
pb2	832	833	586
pb2	833	834	589
pb2	834	835	584
pb2	835	836	578
pb2	836	837	576
pb2	837	838	578
pb2	838	839	579
pb2	839	840	582
pb2	840	841	604
pb2	841	842	597
pb2	842	843	606
pb2	843	844	600
pb2	844	845	603
pb2	845	846	600
pb2	846	847	601
pb2	847	848	598
pb2	848	849	572
pb2	849	850	563
pb2	850	851	558
pb2	851	852	570
pb2	852	853	566
pb2	853	854	562
pb2	854	855	563
pb2	855	856	562
pb2	856	858	561
pb2	858	859	562
pb2	859	860	553
pb2	860	861	522
pb2	861	862	527
pb2	862	863	523
pb2	863	864	520
pb2	864	865	559
pb2	865	866	560
pb2	866	867	564
pb2	867	869	566
pb2	869	870	567
pb2	870	871	565
pb2	871	872	561
pb2	872	873	554
pb2	873	874	536
pb2	874	875	505
pb2	875	876	512
pb2	876	877	504
pb2	877	878	506
pb2	878	879	505
pb2	879	880	500
pb2	880	881	498
pb2	881	882	499
pb2	882	883	494
pb2	883	884	503
pb2	884	885	491
pb2	885	886	492
pb2	886	887	493
pb2	887	888	484
pb2	888	889	496
pb2	889	890	495
pb2	890	891	504
pb2	891	892	503
pb2	892	893	493
pb2	893	894	488
pb2	894	896	485
pb2	896	897	486
pb2	897	898	485
pb2	898	899	496
pb2	899	900	499
pb2	900	901	496
pb2	901	902	492
pb2	902	903	481
pb2	903	904	479
pb2	904	905	489
pb2	905	906	490
pb2	906	907	489
pb2	907	908	445
pb2	908	909	455
pb2	909	912	461
pb2	912	913	462
pb2	913	915	452
pb2	915	916	446
pb2	916	917	443
pb2	917	918	441
pb2	918	919	439
pb2	919	920	426
pb2	920	921	424
pb2	921	922	427
pb2	922	923	425
pb2	923	925	424
pb2	925	926	419
pb2	926	927	417
pb2	927	928	414
pb2	928	930	423
pb2	930	931	424
pb2	931	932	423
pb2	932	934	415
pb2	934	935	416
pb2	935	936	411
pb2	936	937	416
pb2	937	938	407
pb2	938	939	415
pb2	939	941	416
pb2	941	942	415
pb2	942	943	416
pb2	943	944	410
pb2	944	945	406
pb2	945	946	413
pb2	946	947	417
pb2	947	948	407
pb2	948	949	406
pb2	949	950	409
pb2	950	951	407
pb2	951	952	427
pb2	952	953	422
pb2	953	954	418
pb2	954	955	404
pb2	955	956	402
pb2	956	957	418
pb2	957	958	412
pb2	958	959	415
pb2	959	960	418
pb2	960	961	394
pb2	961	962	398
pb2	962	963	394
pb2	963	964	398
pb2	964	965	399
pb2	965	966	387
pb2	966	967	395
pb2	967	968	397
pb2	968	969	396
pb2	969	970	394
pb2	970	972	389
pb2	972	973	385
pb2	973	975	387
pb2	975	976	382
pb2	976	977	384
pb2	977	978	387
pb2	978	979	386
pb2	979	981	391
pb2	981	982	379
pb2	982	983	373
pb2	983	984	370
pb2	984	985	371
pb2	985	987	376
pb2	987	988	370
pb2	988	989	359
pb2	989	990	356
pb2	990	991	365
pb2	991	992	364
pb2	992	993	363
pb2	993	994	365
pb2	994	995	361
pb2	995	996	362
pb2	996	997	364
pb2	997	998	375
pb2	998	999	372
pb2	999	1000	361
pb2	1000	1001	360
pb2	1001	1002	357
pb2	1002	1003	354
pb2	1003	1004	353
pb2	1004	1005	349
pb2	1005	1006	354
pb2	1006	1007	352
pb2	1007	1009	356
pb2	1009	1010	352
pb2	1010	1011	354
pb2	1011	1012	349
pb2	1012	1013	362
pb2	1013	1014	363
pb2	1014	1015	365
pb2	1015	1017	366
pb2	1017	1018	368
pb2	1018	1019	369
pb2	1019	1020	363
pb2	1020	1021	358
pb2	1021	1022	360
pb2	1022	1024	353
pb2	1024	1025	362
pb2	1025	1026	361
pb2	1026	1027	365
pb2	1027	1029	370
pb2	1029	1030	375
pb2	1030	1031	371
pb2	1031	1032	372
pb2	1032	1033	374
pb2	1033	1034	372
pb2	1034	1035	373
pb2	1035	1036	369
pb2	1036	1037	375
pb2	1037	1038	376
pb2	1038	1039	384
pb2	1039	1040	385
pb2	1040	1041	384
pb2	1041	1042	385
pb2	1042	1043	386
pb2	1043	1044	387
pb2	1044	1045	386
pb2	1045	1046	398
pb2	1046	1047	400
pb2	1047	1048	395
pb2	1048	1049	396
pb2	1049	1050	395
pb2	1050	1051	401
pb2	1051	1052	404
pb2	1052	1053	402
pb2	1053	1054	405
pb2	1054	1055	396
pb2	1055	1056	394
pb2	1056	1057	404
pb2	1057	1058	399
pb2	1058	1059	403
pb2	1059	1061	404
pb2	1061	1063	405
pb2	1063	1064	410
pb2	1064	1065	406
pb2	1065	1066	401
pb2	1066	1067	400
pb2	1067	1068	393
pb2	1068	1069	389
pb2	1069	1070	390
pb2	1070	1071	404
pb2	1071	1072	406
pb2	1072	1073	402
pb2	1073	1076	403
pb2	1076	1078	407
pb2	1078	1079	409
pb2	1079	1081	391
pb2	1081	1082	387
pb2	1082	1083	396
pb2	1083	1084	392
pb2	1084	1085	405
pb2	1085	1086	400
pb2	1086	1087	394
pb2	1087	1088	398
pb2	1088	1090	388
pb2	1090	1091	396
pb2	1091	1092	389
pb2	1092	1093	417
pb2	1093	1094	426
pb2	1094	1095	531
pb2	1095	1096	2565
pb2	1096	1097	2643
pb2	1097	1098	2816
pb2	1098	1099	2961
pb2	1099	1100	3048
pb2	1100	1101	3960
pb2	1101	1102	6182
pb2	1102	1103	15226
pb2	1103	1104	17022
pb2	1104	1105	17294
pb2	1105	1106	17800
pb2	1106	1107	17871
pb2	1107	1108	19433
pb2	1108	1109	19513
pb2	1109	1110	19665
pb2	1110	1111	20571
pb2	1111	1112	20736
pb2	1112	1113	22498
pb2	1113	1114	22555
pb2	1114	1115	24749
pb2	1115	1116	25822
pb2	1116	1117	25972
pb2	1117	1118	27018
pb2	1118	1119	27060
pb2	1119	1120	27515
pb2	1120	1121	27700
pb2	1121	1122	29037
pb2	1122	1123	30191
pb2	1123	1124	30227
pb2	1124	1125	30589
pb2	1125	1126	30952
pb2	1126	1127	32018
pb2	1127	1128	32167
pb2	1128	1129	32217
pb2	1129	1130	32500
pb2	1130	1131	32649
pb2	1131	1132	32700
pb2	1132	1133	33286
pb2	1133	1134	33406
pb2	1134	1135	33645
pb2	1135	1136	33895
pb2	1136	1137	33927
pb2	1137	1138	33999
pb2	1138	1139	34355
pb2	1139	1140	34434
pb2	1140	1141	34809
pb2	1141	1142	34913
pb2	1142	1143	35014
pb2	1143	1144	35954
pb2	1144	1145	36170
pb2	1145	1146	36555
pb2	1146	1147	36718
pb2	1147	1148	36782
pb2	1148	1149	37219
pb2	1149	1150	37220
pb2	1150	1151	37400
pb2	1151	1152	37626
pb2	1152	1153	37641
pb2	1153	1154	37629
pb2	1154	1155	37557
pb2	1155	1156	37805
pb2	1156	1157	37895
pb2	1157	1158	37737
pb2	1158	1159	37941
pb2	1159	1160	39567
pb2	1160	1161	39595
pb2	1161	1162	39543
pb2	1162	1163	39727
pb2	1163	1164	39733
pb2	1164	1165	39836
pb2	1165	1166	40174
pb2	1166	1167	40059
pb2	1167	1168	40134
pb2	1168	1169	39283
pb2	1169	1170	39877
pb2	1170	1171	39888
pb2	1171	1172	39781
pb2	1172	1173	39796
pb2	1173	1174	39658
pb2	1174	1175	42393
pb2	1175	1176	43364
pb2	1176	1177	43465
pb2	1177	1178	43414
pb2	1178	1179	43396
pb2	1179	1180	43750
pb2	1180	1181	44328
pb2	1181	1182	43760
pb2	1182	1183	44008
pb2	1183	1184	41612
pb2	1184	1185	41604
pb2	1185	1186	41420
pb2	1186	1187	42675
pb2	1187	1188	42537
pb2	1188	1189	42526
pb2	1189	1190	42484
pb2	1190	1191	42242
pb2	1191	1192	42025
pb2	1192	1193	43216
pb2	1193	1194	43485
pb2	1194	1195	43691
pb2	1195	1196	43200
pb2	1196	1197	43214
pb2	1197	1198	43581
pb2	1198	1199	43352
pb2	1199	1200	43392
pb2	1200	1201	43493
pb2	1201	1202	42435
pb2	1202	1203	44085
pb2	1203	1204	43442
pb2	1204	1205	43149
pb2	1205	1206	41733
pb2	1206	1207	41469
pb2	1207	1208	41227
pb2	1208	1209	40632
pb2	1209	1210	40387
pb2	1210	1211	40334
pb2	1211	1212	39358
pb2	1212	1213	39382
pb2	1213	1214	39208
pb2	1214	1215	39922
pb2	1215	1216	40437
pb2	1216	1217	41773
pb2	1217	1218	41443
pb2	1218	1219	41875
pb2	1219	1220	42040
pb2	1220	1221	42411
pb2	1221	1222	44042
pb2	1222	1223	44382
pb2	1223	1224	43805
pb2	1224	1225	43796
pb2	1225	1226	42593
pb2	1226	1227	43006
pb2	1227	1228	43185
pb2	1228	1229	43324
pb2	1229	1230	43147
pb2	1230	1231	43392
pb2	1231	1232	43669
pb2	1232	1233	44129
pb2	1233	1234	45981
pb2	1234	1235	45970
pb2	1235	1236	46279
pb2	1236	1237	46127
pb2	1237	1238	47277
pb2	1238	1239	47735
pb2	1239	1240	47479
pb2	1240	1241	49091
pb2	1241	1242	48875
pb2	1242	1243	49870
pb2	1243	1244	49199
pb2	1244	1245	48986
pb2	1245	1246	49025
pb2	1246	1247	48194
pb2	1247	1248	48588
pb2	1248	1249	48631
pb2	1249	1250	47516
pb2	1250	1251	47938
pb2	1251	1252	46958
pb2	1252	1253	47495
pb2	1253	1254	46602
pb2	1254	1255	46410
pb2	1255	1256	47283
pb2	1256	1257	50465
pb2	1257	1258	51017
pb2	1258	1259	50745
pb2	1259	1260	50290
pb2	1260	1261	50205
pb2	1261	1262	49839
pb2	1262	1263	49894
pb2	1263	1264	49730
pb2	1264	1265	49623
pb2	1265	1266	47345
pb2	1266	1267	48853
pb2	1267	1268	48939
pb2	1268	1269	48940
pb2	1269	1270	49404
pb2	1270	1271	49348
pb2	1271	1272	49612
pb2	1272	1273	49516
pb2	1273	1274	49586
pb2	1274	1275	49269
pb2	1275	1276	50279
pb2	1276	1277	50819
pb2	1277	1278	51035
pb2	1278	1279	51167
pb2	1279	1280	51040
pb2	1280	1281	51721
pb2	1281	1282	51711
pb2	1282	1283	51656
pb2	1283	1284	51684
pb2	1284	1285	51378
pb2	1285	1286	51554
pb2	1286	1287	52233
pb2	1287	1288	52370
pb2	1288	1289	52569
pb2	1289	1290	52812
pb2	1290	1291	52338
pb2	1291	1292	52194
pb2	1292	1293	52128
pb2	1293	1294	51786
pb2	1294	1295	52293
pb2	1295	1296	52766
pb2	1296	1297	53012
pb2	1297	1298	52922
pb2	1298	1299	52765
pb2	1299	1300	52776
pb2	1300	1301	52746
pb2	1301	1302	52862
pb2	1302	1303	53005
pb2	1303	1304	52293
pb2	1304	1305	52276
pb2	1305	1306	52357
pb2	1306	1307	52381
pb2	1307	1308	53075
pb2	1308	1309	52778
pb2	1309	1310	52516
pb2	1310	1311	53046
pb2	1311	1312	52770
pb2	1312	1313	54289
pb2	1313	1314	54207
pb2	1314	1315	54443
pb2	1315	1316	54848
pb2	1316	1317	53827
pb2	1317	1318	53939
pb2	1318	1319	53997
pb2	1319	1320	54526
pb2	1320	1321	54787
pb2	1321	1322	53430
pb2	1322	1323	53446
pb2	1323	1324	53484
pb2	1324	1325	52630
pb2	1325	1326	54274
pb2	1326	1327	54514
pb2	1327	1328	54690
pb2	1328	1329	56018
pb2	1329	1330	55664
pb2	1330	1331	55658
pb2	1331	1332	55590
pb2	1332	1333	55419
pb2	1333	1334	55287
pb2	1334	1335	52953
pb2	1335	1336	52816
pb2	1336	1337	51401
pb2	1337	1338	56576
pb2	1338	1339	56332
pb2	1339	1340	56874
pb2	1340	1341	57078
pb2	1341	1342	57100
pb2	1342	1343	57024
pb2	1343	1344	56929
pb2	1344	1345	56878
pb2	1345	1346	56786
pb2	1346	1347	56095
pb2	1347	1348	53400
pb2	1348	1349	54681
pb2	1349	1350	54885
pb2	1350	1351	55025
pb2	1351	1352	55611
pb2	1352	1353	55517
pb2	1353	1354	55447
pb2	1354	1355	55448
pb2	1355	1356	54849
pb2	1356	1357	54983
pb2	1357	1358	54362
pb2	1358	1359	54539
pb2	1359	1360	54589
pb2	1360	1361	54237
pb2	1361	1362	54597
pb2	1362	1363	54961
pb2	1363	1364	55550
pb2	1364	1365	55658
pb2	1365	1366	55694
pb2	1366	1367	55704
pb2	1367	1368	56591
pb2	1368	1369	57345
pb2	1369	1370	57660
pb2	1370	1371	57986
pb2	1371	1372	57620
pb2	1372	1373	57625
pb2	1373	1374	57529
pb2	1374	1375	57528
pb2	1375	1376	57980
pb2	1376	1377	58318
pb2	1377	1378	58462
pb2	1378	1379	58384
pb2	1379	1380	58317
pb2	1380	1381	58495
pb2	1381	1382	58171
pb2	1382	1383	59336
pb2	1383	1384	59980
pb2	1384	1385	59913
pb2	1385	1386	60376
pb2	1386	1387	60282
pb2	1387	1388	61174
pb2	1388	1389	61147
pb2	1389	1390	61537
pb2	1390	1391	61069
pb2	1391	1392	61177
pb2	1392	1393	59160
pb2	1393	1394	59870
pb2	1394	1395	59567
pb2	1395	1396	60741
pb2	1396	1397	60387
pb2	1397	1398	60854
pb2	1398	1399	60619
pb2	1399	1400	60493
pb2	1400	1401	60748
pb2	1401	1402	61022
pb2	1402	1403	61091
pb2	1403	1404	60480
pb2	1404	1405	59937
pb2	1405	1406	59414
pb2	1406	1407	60218
pb2	1407	1408	60013
pb2	1408	1409	60339
pb2	1409	1410	60525
pb2	1410	1411	60533
pb2	1411	1412	62407
pb2	1412	1413	62662
pb2	1413	1414	63166
pb2	1414	1415	63290
pb2	1415	1416	62005
pb2	1416	1417	62310
pb2	1417	1418	62429
pb2	1418	1419	63634
pb2	1419	1420	63709
pb2	1420	1421	63037
pb2	1421	1422	62297
pb2	1422	1423	62491
pb2	1423	1424	63937
pb2	1424	1425	64115
pb2	1425	1426	64021
pb2	1426	1427	63356
pb2	1427	1428	63142
pb2	1428	1429	63746
pb2	1429	1430	64809
pb2	1430	1431	64954
pb2	1431	1432	65064
pb2	1432	1433	64347
pb2	1433	1434	64363
pb2	1434	1435	64437
pb2	1435	1436	69771
pb2	1436	1437	69715
pb2	1437	1438	70098
pb2	1438	1439	69795
pb2	1439	1440	69357
pb2	1440	1441	69333
pb2	1441	1442	69670
pb2	1442	1443	70475
pb2	1443	1444	71375
pb2	1444	1445	66994
pb2	1445	1446	67342
pb2	1446	1447	67976
pb2	1447	1448	68583
pb2	1448	1449	68913
pb2	1449	1450	68953
pb2	1450	1451	68575
pb2	1451	1452	68659
pb2	1452	1453	67637
pb2	1453	1454	68688
pb2	1454	1455	68988
pb2	1455	1456	68244
pb2	1456	1457	70104
pb2	1457	1458	69871
pb2	1458	1459	69730
pb2	1459	1460	69745
pb2	1460	1461	69731
pb2	1461	1462	69194
pb2	1462	1463	69104
pb2	1463	1464	68385
pb2	1464	1465	68894
pb2	1465	1466	67104
pb2	1466	1467	68288
pb2	1467	1468	68119
pb2	1468	1469	68997
pb2	1469	1470	68994
pb2	1470	1471	68457
pb2	1471	1472	68006
pb2	1472	1473	68648
pb2	1473	1474	68341
pb2	1474	1475	68301
pb2	1475	1476	67584
pb2	1476	1477	67761
pb2	1477	1478	68845
pb2	1478	1479	67876
pb2	1479	1480	68176
pb2	1480	1481	68247
pb2	1481	1482	67112
pb2	1482	1483	68858
pb2	1483	1484	68979
pb2	1484	1485	69174
pb2	1485	1486	70057
pb2	1486	1487	68850
pb2	1487	1488	68997
pb2	1488	1489	68250
pb2	1489	1490	67982
pb2	1490	1491	80210
pb2	1491	1492	78602
pb2	1492	1493	80438
pb2	1493	1494	80409
pb2	1494	1495	79567
pb2	1495	1496	82316
pb2	1496	1497	82195
pb2	1497	1498	82230
pb2	1498	1499	82119
pb2	1499	1500	71840
pb2	1500	1501	72520
pb2	1501	1502	71321
pb2	1502	1503	71672
pb2	1503	1504	71368
pb2	1504	1505	71322
pb2	1505	1506	71756
pb2	1506	1507	72121
pb2	1507	1508	72566
pb2	1508	1509	72570
pb2	1509	1510	75747
pb2	1510	1511	75384
pb2	1511	1512	76276
pb2	1512	1513	76289
pb2	1513	1514	75980
pb2	1514	1515	75988
pb2	1515	1516	75535
pb2	1516	1517	75752
pb2	1517	1518	76032
pb2	1518	1519	73336
pb2	1519	1520	73243
pb2	1520	1521	71873
pb2	1521	1522	71781
pb2	1522	1523	71720
pb2	1523	1524	71912
pb2	1524	1525	71822
pb2	1525	1526	71898
pb2	1526	1527	73744
pb2	1527	1528	74625
pb2	1528	1529	75341
pb2	1529	1530	75671
pb2	1530	1531	76108
pb2	1531	1532	76236
pb2	1532	1533	76385
pb2	1533	1534	76604
pb2	1534	1535	76791
pb2	1535	1536	74704
pb2	1536	1537	75646
pb2	1537	1538	75492
pb2	1538	1539	75845
pb2	1539	1540	76724
pb2	1540	1541	76853
pb2	1541	1542	77036
pb2	1542	1543	76935
pb2	1543	1544	76402
pb2	1544	1545	76647
pb2	1545	1546	76030
pb2	1546	1547	75532
pb2	1547	1548	73842
pb2	1548	1549	74292
pb2	1549	1550	74284
pb2	1550	1551	73735
pb2	1551	1552	73901
pb2	1552	1553	74171
pb2	1553	1554	74560
pb2	1554	1555	73451
pb2	1555	1556	75048
pb2	1556	1557	75214
pb2	1557	1558	78533
pb2	1558	1559	78649
pb2	1559	1560	78091
pb2	1560	1561	78366
pb2	1561	1562	77820
pb2	1562	1563	78413
pb2	1563	1564	78596
pb2	1564	1565	76134
pb2	1565	1566	76330
pb2	1566	1567	72963
pb2	1567	1568	74023
pb2	1568	1569	73640
pb2	1569	1570	73980
pb2	1570	1571	74066
pb2	1571	1572	73603
pb2	1572	1573	73789
pb2	1573	1574	73724
pb2	1574	1575	73416
pb2	1575	1576	73580
pb2	1576	1577	72288
pb2	1577	1578	72878
pb2	1578	1579	72753
pb2	1579	1580	72159
pb2	1580	1581	72509
pb2	1581	1582	72031
pb2	1582	1583	72329
pb2	1583	1584	72440
pb2	1584	1585	72302
pb2	1585	1586	71912
pb2	1586	1587	71321
pb2	1587	1588	71365
pb2	1588	1589	72002
pb2	1589	1590	71732
pb2	1590	1591	72014
pb2	1591	1592	71325
pb2	1592	1593	71383
pb2	1593	1594	71413
pb2	1594	1595	73688
pb2	1595	1596	73494
pb2	1596	1597	72935
pb2	1597	1598	73170
pb2	1598	1599	71911
pb2	1599	1600	72170
pb2	1600	1601	72015
pb2	1601	1602	72306
pb2	1602	1603	71401
pb2	1603	1604	68509
pb2	1604	1605	67937
pb2	1605	1606	67880
pb2	1606	1607	67216
pb2	1607	1608	67691
pb2	1608	1609	66835
pb2	1609	1610	66985
pb2	1610	1611	66462
pb2	1611	1612	66342
pb2	1612	1613	66420
pb2	1613	1614	67681
pb2	1614	1615	67400
pb2	1615	1616	67896
pb2	1616	1617	67281
pb2	1617	1618	67203
pb2	1618	1619	67212
pb2	1619	1620	67326
pb2	1620	1621	67424
pb2	1621	1622	67310
pb2	1622	1623	66301
pb2	1623	1624	65914
pb2	1624	1625	65710
pb2	1625	1626	65688
pb2	1626	1627	66623
pb2	1627	1628	66476
pb2	1628	1629	66049
pb2	1629	1630	66188
pb2	1630	1631	66557
pb2	1631	1632	66243
pb2	1632	1633	66050
pb2	1633	1634	65338
pb2	1634	1635	65549
pb2	1635	1636	64049
pb2	1636	1637	63649
pb2	1637	1638	63859
pb2	1638	1639	63708
pb2	1639	1640	62326
pb2	1640	1641	62124
pb2	1641	1642	59768
pb2	1642	1643	59589
pb2	1643	1644	59655
pb2	1644	1645	59286
pb2	1645	1646	59204
pb2	1646	1647	58628
pb2	1647	1648	58734
pb2	1648	1649	60244
pb2	1649	1651	59291
pb2	1651	1652	59215
pb2	1652	1653	58421
pb2	1653	1654	61837
pb2	1654	1655	64599
pb2	1655	1656	64847
pb2	1656	1657	64429
pb2	1657	1658	62460
pb2	1658	1659	62116
pb2	1659	1660	64167
pb2	1660	1661	63590
pb2	1661	1662	64347
pb2	1662	1663	61551
pb2	1663	1664	55484
pb2	1664	1665	57822
pb2	1665	1666	58823
pb2	1666	1667	58887
pb2	1667	1668	59172
pb2	1668	1669	57152
pb2	1669	1670	61421
pb2	1670	1671	61456
pb2	1671	1672	62578
pb2	1672	1673	63080
pb2	1673	1674	60035
pb2	1674	1675	60415
pb2	1675	1676	60542
pb2	1676	1677	60784
pb2	1677	1678	60509
pb2	1678	1679	56411
pb2	1679	1680	57217
pb2	1680	1681	56409
pb2	1681	1682	56477
pb2	1682	1683	57027
pb2	1683	1684	57045
pb2	1684	1685	57058
pb2	1685	1686	56600
pb2	1686	1687	58062
pb2	1687	1688	58012
pb2	1688	1689	57731
pb2	1689	1690	56934
pb2	1690	1691	56984
pb2	1691	1692	56866
pb2	1692	1693	56885
pb2	1693	1694	56825
pb2	1694	1695	57268
pb2	1695	1696	56007
pb2	1696	1697	56102
pb2	1697	1698	56119
pb2	1698	1699	56264
pb2	1699	1700	56108
pb2	1700	1701	55990
pb2	1701	1702	55849
pb2	1702	1703	55953
pb2	1703	1704	55342
pb2	1704	1705	55658
pb2	1705	1706	55595
pb2	1706	1707	55108
pb2	1707	1708	54888
pb2	1708	1709	54691
pb2	1709	1710	54529
pb2	1710	1711	54535
pb2	1711	1712	53945
pb2	1712	1713	53929
pb2	1713	1714	53742
pb2	1714	1715	53285
pb2	1715	1716	53296
pb2	1716	1717	53501
pb2	1717	1718	54249
pb2	1718	1719	54356
pb2	1719	1720	54031
pb2	1720	1721	54332
pb2	1721	1722	54428
pb2	1722	1723	54928
pb2	1723	1724	54915
pb2	1724	1725	55324
pb2	1725	1726	55459
pb2	1726	1727	54900
pb2	1727	1728	54785
pb2	1728	1729	54844
pb2	1729	1730	56109
pb2	1730	1731	56072
pb2	1731	1732	55608
pb2	1732	1733	55856
pb2	1733	1734	54838
pb2	1734	1735	57468
pb2	1735	1736	55906
pb2	1736	1737	56727
pb2	1737	1738	56614
pb2	1738	1739	51714
pb2	1739	1740	56139
pb2	1740	1741	55823
pb2	1741	1742	55561
pb2	1742	1743	56062
pb2	1743	1744	50779
pb2	1744	1745	52277
pb2	1745	1746	50414
pb2	1746	1747	50043
pb2	1747	1748	49791
pb2	1748	1749	46479
pb2	1749	1750	46082
pb2	1750	1751	45886
pb2	1751	1752	45413
pb2	1752	1753	46036
pb2	1753	1754	44902
pb2	1754	1755	45710
pb2	1755	1756	45274
pb2	1756	1757	45333
pb2	1757	1758	45345
pb2	1758	1759	45324
pb2	1759	1760	45672
pb2	1760	1761	45679
pb2	1761	1762	45775
pb2	1762	1763	45567
pb2	1763	1764	46606
pb2	1764	1765	47093
pb2	1765	1766	47222
pb2	1766	1767	47355
pb2	1767	1768	47277
pb2	1768	1769	47105
pb2	1769	1770	47351
pb2	1770	1771	47393
pb2	1771	1772	48396
pb2	1772	1773	47740
pb2	1773	1774	47721
pb2	1774	1775	47660
pb2	1775	1776	47884
pb2	1776	1777	48306
pb2	1777	1778	48277
pb2	1778	1779	50373
pb2	1779	1780	50310
pb2	1780	1781	50085
pb2	1781	1782	50054
pb2	1782	1783	50173
pb2	1783	1784	50166
pb2	1784	1785	50145
pb2	1785	1786	50007
pb2	1786	1787	49765
pb2	1787	1788	48598
pb2	1788	1789	48948
pb2	1789	1790	49004
pb2	1790	1791	48882
pb2	1791	1792	48745
pb2	1792	1793	49056
pb2	1793	1794	49377
pb2	1794	1795	52977
pb2	1795	1796	53916
pb2	1796	1797	53633
pb2	1797	1798	54013
pb2	1798	1799	53816
pb2	1799	1800	56716
pb2	1800	1801	57031
pb2	1801	1802	56850
pb2	1802	1803	57274
pb2	1803	1804	52091
pb2	1804	1805	52022
pb2	1805	1806	51328
pb2	1806	1807	52301
pb2	1807	1808	52457
pb2	1808	1809	52183
pb2	1809	1810	51154
pb2	1810	1811	52038
pb2	1811	1812	53570
pb2	1812	1813	53773
pb2	1813	1814	53822
pb2	1814	1815	53988
pb2	1815	1816	53640
pb2	1816	1817	53968
pb2	1817	1818	53732
pb2	1818	1819	53464
pb2	1819	1820	53896
pb2	1820	1821	53079
pb2	1821	1822	54604
pb2	1822	1823	54510
pb2	1823	1824	56083
pb2	1824	1825	56251
pb2	1825	1826	56204
pb2	1826	1827	56445
pb2	1827	1828	56729
pb2	1828	1829	56080
pb2	1829	1830	56188
pb2	1830	1831	55893
pb2	1831	1832	55164
pb2	1832	1833	54477
pb2	1833	1834	54550
pb2	1834	1835	55092
pb2	1835	1836	55147
pb2	1836	1837	55021
pb2	1837	1838	55318
pb2	1838	1839	55474
pb2	1839	1840	55645
pb2	1840	1841	56302
pb2	1841	1842	56246
pb2	1842	1843	57020
pb2	1843	1844	56824
pb2	1844	1845	57682
pb2	1845	1846	57735
pb2	1846	1847	57314
pb2	1847	1848	57309
pb2	1848	1849	57191
pb2	1849	1850	57288
pb2	1850	1851	57169
pb2	1851	1852	56504
pb2	1852	1853	57390
pb2	1853	1854	59712
pb2	1854	1855	59683
pb2	1855	1856	59710
pb2	1856	1857	59737
pb2	1857	1858	59802
pb2	1858	1859	59778
pb2	1859	1860	59726
pb2	1860	1861	59017
pb2	1861	1862	59870
pb2	1862	1863	55979
pb2	1863	1864	59664
pb2	1864	1865	59640
pb2	1865	1866	59871
pb2	1866	1867	59975
pb2	1867	1868	59139
pb2	1868	1869	59538
pb2	1869	1870	59549
pb2	1870	1871	61690
pb2	1871	1872	61025
pb2	1872	1873	57084
pb2	1873	1874	56957
pb2	1874	1875	56710
pb2	1875	1876	56628
pb2	1876	1877	56437
pb2	1877	1878	56059
pb2	1878	1879	56149
pb2	1879	1880	53376
pb2	1880	1881	53701
pb2	1881	1882	53736
pb2	1882	1883	53677
pb2	1883	1884	55078
pb2	1884	1885	54796
pb2	1885	1886	55105
pb2	1886	1887	55125
pb2	1887	1888	55151
pb2	1888	1889	55304
pb2	1889	1890	54984
pb2	1890	1891	55015
pb2	1891	1892	55210
pb2	1892	1893	54730
pb2	1893	1894	54835
pb2	1894	1895	54623
pb2	1895	1896	54460
pb2	1896	1897	54869
pb2	1897	1898	54814
pb2	1898	1899	54783
pb2	1899	1900	55210
pb2	1900	1901	55123
pb2	1901	1902	54952
pb2	1902	1903	55064
pb2	1903	1904	54973
pb2	1904	1905	54883
pb2	1905	1906	55628
pb2	1906	1907	55744
pb2	1907	1908	56169
pb2	1908	1909	56297
pb2	1909	1910	55865
pb2	1910	1911	56632
pb2	1911	1912	56477
pb2	1912	1913	57145
pb2	1913	1914	57077
pb2	1914	1915	55506
pb2	1915	1916	55681
pb2	1916	1917	55404
pb2	1917	1918	56393
pb2	1918	1919	56300
pb2	1919	1920	55719
pb2	1920	1921	55859
pb2	1921	1922	54739
pb2	1922	1923	55431
pb2	1923	1924	55217
pb2	1924	1925	55848
pb2	1925	1926	55977
pb2	1926	1927	55040
pb2	1927	1928	55573
pb2	1928	1929	55397
pb2	1929	1930	54949
pb2	1930	1931	55286
pb2	1931	1932	54719
pb2	1932	1933	54791
pb2	1933	1934	53927
pb2	1934	1935	54297
pb2	1935	1936	54002
pb2	1936	1937	55259
pb2	1937	1938	54835
pb2	1938	1939	55089
pb2	1939	1940	54630
pb2	1940	1941	54831
pb2	1941	1942	54879
pb2	1942	1943	55267
pb2	1943	1944	54946
pb2	1944	1945	54592
pb2	1945	1946	52800
pb2	1946	1947	52895
pb2	1947	1948	52325
pb2	1948	1949	52379
pb2	1949	1950	51982
pb2	1950	1951	51853
pb2	1951	1952	53670
pb2	1952	1953	53754
pb2	1953	1954	53775
pb2	1954	1955	53930
pb2	1955	1956	53814
pb2	1956	1957	55528
pb2	1957	1958	55813
pb2	1958	1959	55651
pb2	1959	1960	55194
pb2	1960	1961	53892
pb2	1961	1962	53984
pb2	1962	1963	53722
pb2	1963	1964	54668
pb2	1964	1965	54413
pb2	1965	1966	52891
pb2	1966	1967	52744
pb2	1967	1968	52735
pb2	1968	1969	52860
pb2	1969	1970	51055
pb2	1970	1971	52758
pb2	1971	1972	52975
pb2	1972	1973	51627
pb2	1973	1974	51380
pb2	1974	1975	50517
pb2	1975	1976	50545
pb2	1976	1977	50377
pb2	1977	1978	50249
pb2	1978	1979	50264
pb2	1979	1980	49798
pb2	1980	1981	49087
pb2	1981	1982	51485
pb2	1982	1983	51608
pb2	1983	1984	51905
pb2	1984	1985	52573
pb2	1985	1986	52216
pb2	1986	1987	52524
pb2	1987	1988	52423
pb2	1988	1989	51877
pb2	1989	1990	52624
pb2	1990	1991	50384
pb2	1991	1992	51910
pb2	1992	1993	51804
pb2	1993	1994	51255
pb2	1994	1995	52148
pb2	1995	1996	52206
pb2	1996	1997	53390
pb2	1997	1998	53378
pb2	1998	1999	53083
pb2	1999	2000	54138
pb2	2000	2001	54199
pb2	2001	2002	53746
pb2	2002	2003	53499
pb2	2003	2004	52846
pb2	2004	2005	51946
pb2	2005	2006	51218
pb2	2006	2007	51557
pb2	2007	2008	52303
pb2	2008	2009	52720
pb2	2009	2010	52238
pb2	2010	2011	52531
pb2	2011	2012	53194
pb2	2012	2013	53107
pb2	2013	2014	52888
pb2	2014	2015	52583
pb2	2015	2016	52928
pb2	2016	2017	51965
pb2	2017	2018	52578
pb2	2018	2019	52701
pb2	2019	2020	52164
pb2	2020	2021	51996
pb2	2021	2022	52405
pb2	2022	2023	52280
pb2	2023	2024	52533
pb2	2024	2025	52254
pb2	2025	2026	53663
pb2	2026	2027	52895
pb2	2027	2028	52921
pb2	2028	2029	53504
pb2	2029	2030	53447
pb2	2030	2031	53668
pb2	2031	2032	53747
pb2	2032	2033	54197
pb2	2033	2034	54426
pb2	2034	2035	53133
pb2	2035	2036	52999
pb2	2036	2037	52705
pb2	2037	2038	52990
pb2	2038	2039	53413
pb2	2039	2040	53415
pb2	2040	2041	53580
pb2	2041	2042	53316
pb2	2042	2043	53002
pb2	2043	2044	53188
pb2	2044	2045	53345
pb2	2045	2046	53710
pb2	2046	2047	53661
pb2	2047	2048	54624
pb2	2048	2049	54708
pb2	2049	2050	54851
pb2	2050	2051	54817
pb2	2051	2052	54848
pb2	2052	2053	54423
pb2	2053	2054	54795
pb2	2054	2055	53922
pb2	2055	2056	53609
pb2	2056	2057	52793
pb2	2057	2058	52721
pb2	2058	2059	52925
pb2	2059	2060	53008
pb2	2060	2061	53137
pb2	2061	2062	52362
pb2	2062	2063	52140
pb2	2063	2064	52030
pb2	2064	2065	53156
pb2	2065	2066	53487
pb2	2066	2067	53732
pb2	2067	2068	53723
pb2	2068	2069	52365
pb2	2069	2070	52301
pb2	2070	2071	52682
pb2	2071	2072	53006
pb2	2072	2073	52924
pb2	2073	2074	51822
pb2	2074	2075	52492
pb2	2075	2076	52339
pb2	2076	2077	53493
pb2	2077	2078	53852
pb2	2078	2079	53652
pb2	2079	2080	54769
pb2	2080	2081	55162
pb2	2081	2082	55130
pb2	2082	2083	55493
pb2	2083	2084	54300
pb2	2084	2085	54502
pb2	2085	2086	54281
pb2	2086	2087	52843
pb2	2087	2088	53095
pb2	2088	2089	51684
pb2	2089	2090	52366
pb2	2090	2091	52214
pb2	2091	2092	52405
pb2	2092	2093	51832
pb2	2093	2094	51477
pb2	2094	2095	53330
pb2	2095	2096	52630
pb2	2096	2097	52832
pb2	2097	2098	52923
pb2	2098	2099	52335
pb2	2099	2100	52275
pb2	2100	2101	51841
pb2	2101	2102	51720
pb2	2102	2103	51202
pb2	2103	2104	49852
pb2	2104	2105	49891
pb2	2105	2106	49527
pb2	2106	2107	49766
pb2	2107	2108	49852
pb2	2108	2109	49962
pb2	2109	2110	49529
pb2	2110	2111	49406
pb2	2111	2112	49435
pb2	2112	2113	49285
pb2	2113	2114	49082
pb2	2114	2115	48863
pb2	2115	2116	48622
pb2	2116	2117	48029
pb2	2117	2118	47843
pb2	2118	2119	47764
pb2	2119	2120	47711
pb2	2120	2121	47305
pb2	2121	2122	46973
pb2	2122	2123	46988
pb2	2123	2124	46879
pb2	2124	2125	47497
pb2	2125	2126	47378
pb2	2126	2127	47327
pb2	2127	2128	47558
pb2	2128	2129	47450
pb2	2129	2130	47852
pb2	2130	2131	47586
pb2	2131	2132	47363
pb2	2132	2133	47313
pb2	2133	2134	47073
pb2	2134	2135	47564
pb2	2135	2136	47306
pb2	2136	2137	46647
pb2	2137	2138	46477
pb2	2138	2139	45682
pb2	2139	2140	45782
pb2	2140	2141	49066
pb2	2141	2142	48571
pb2	2142	2143	47635
pb2	2143	2144	47257
pb2	2144	2145	46260
pb2	2145	2146	47277
pb2	2146	2147	47071
pb2	2147	2148	46686
pb2	2148	2149	46602
pb2	2149	2150	40613
pb2	2150	2151	41437
pb2	2151	2152	41068
pb2	2152	2153	41517
pb2	2153	2154	41474
pb2	2154	2155	40082
pb2	2155	2156	41292
pb2	2156	2157	41263
pb2	2157	2158	41120
pb2	2158	2159	41025
pb2	2159	2160	39299
pb2	2160	2161	39657
pb2	2161	2162	38682
pb2	2162	2163	38849
pb2	2163	2164	38848
pb2	2164	2165	37343
pb2	2165	2166	37613
pb2	2166	2167	37538
pb2	2167	2168	37559
pb2	2168	2169	37515
pb2	2169	2170	36542
pb2	2170	2171	37096
pb2	2171	2172	36679
pb2	2172	2173	36591
pb2	2173	2174	36535
pb2	2174	2175	36499
pb2	2175	2176	36538
pb2	2176	2177	36330
pb2	2177	2178	36192
pb2	2178	2179	36136
pb2	2179	2180	34788
pb2	2180	2181	35258
pb2	2181	2182	35111
pb2	2182	2183	35126
pb2	2183	2184	34157
pb2	2184	2185	34334
pb2	2185	2186	34156
pb2	2186	2187	34316
pb2	2187	2188	34169
pb2	2188	2189	34086
pb2	2189	2190	33465
pb2	2190	2191	33321
pb2	2191	2192	33149
pb2	2192	2193	32694
pb2	2193	2194	32198
pb2	2194	2195	32063
pb2	2195	2196	31427
pb2	2196	2197	31931
pb2	2197	2198	30368
pb2	2198	2199	29694
pb2	2199	2200	29472
pb2	2200	2201	28953
pb2	2201	2202	28856
pb2	2202	2203	28569
pb2	2203	2204	28361
pb2	2204	2205	27833
pb2	2205	2206	26757
pb2	2206	2207	26352
pb2	2207	2208	26323
pb2	2208	2209	26165
pb2	2209	2210	25974
pb2	2210	2211	25597
pb2	2211	2212	25681
pb2	2212	2213	25843
pb2	2213	2214	25714
pb2	2214	2215	25132
pb2	2215	2216	24444
pb2	2216	2217	24382
pb2	2217	2218	24348
pb2	2218	2219	24154
pb2	2219	2220	24276
pb2	2220	2221	24695
pb2	2221	2222	23845
pb2	2222	2223	24376
pb2	2223	2224	23758
pb2	2224	2225	23722
pb2	2225	2226	24242
pb2	2226	2227	24240
pb2	2227	2228	23840
pb2	2228	2229	24136
pb2	2229	2230	23916
pb2	2230	2231	23674
pb2	2231	2232	23816
pb2	2232	2233	24478
pb2	2233	2234	24312
pb2	2234	2235	24138
pb2	2235	2236	24598
pb2	2236	2237	24875
pb2	2237	2238	25029
pb2	2238	2239	27756
pb2	2239	2240	27811
pb2	2240	2241	27684
pb2	2241	2242	28779
pb2	2242	2243	28697
pb2	2243	2244	28874
pb2	2244	2245	28859
pb2	2245	2246	28548
pb2	2246	2247	28851
pb2	2247	2248	28474
pb2	2248	2249	29883
pb2	2249	2250	29819
pb2	2250	2251	29993
pb2	2251	2252	30055
pb2	2252	2253	29762
pb2	2253	2254	29693
pb2	2254	2255	29758
pb2	2255	2256	29326
pb2	2256	2257	29921
pb2	2257	2258	27920
pb2	2258	2259	27947
pb2	2259	2260	27657
pb2	2260	2261	27664
pb2	2261	2262	27510
pb2	2262	2263	27459
pb2	2263	2264	27076
pb2	2264	2265	27252
pb2	2265	2266	26234
pb2	2266	2267	26429
pb2	2267	2268	26376
pb2	2268	2269	26344
pb2	2269	2271	26206
pb2	2271	2272	26074
pb2	2272	2273	26071
pb2	2273	2274	25404
pb2	2274	2275	25324
pb2	2275	2276	24759
pb2	2276	2277	24719
pb2	2277	2278	24529
pb2	2278	2279	24528
pb2	2279	2280	24437
pb2	2280	2281	24337
pb2	2281	2282	24350
pb2	2282	2283	24320
pb2	2283	2284	24233
pb2	2284	2285	24218
pb2	2285	2286	23465
pb2	2286	2287	23394
pb2	2287	2288	23280
pb2	2288	2289	23260
pb2	2289	2290	23197
pb2	2290	2291	22720
pb2	2291	2292	22441
pb2	2292	2293	22390
pb2	2293	2294	21667
pb2	2294	2295	21597
pb2	2295	2296	21478
pb2	2296	2297	21287
pb2	2297	2298	21251
pb2	2298	2299	21165
pb2	2299	2300	21101
pb2	2300	2301	20938
pb2	2301	2302	20865
pb2	2302	2303	20784
pb2	2303	2304	20428
pb2	2304	2305	19588
pb2	2305	2306	17672
pb2	2306	2307	17562
pb2	2307	2308	16404
pb2	2308	2309	16310
pb2	2309	2310	15836
pb2	2310	2311	14805
pb2	2311	2312	14722
pb2	2312	2313	14663
pb2	2313	2314	14550
pb2	2314	2315	14501
pb2	2315	2316	12550
pb2	2316	2317	12502
pb2	2317	2318	12085
pb2	2318	2319	12066
pb2	2319	2320	12037
pb2	2320	2321	11786
pb2	2321	2322	11734
pb2	2322	2323	11685
pb2	2323	2324	11598
pb2	2324	2325	11473
pb2	2325	2326	8578
pb2	2326	2327	8390
pb2	2327	2328	8277
pb2	2328	2329	8267
pb2	2329	2330	8140
pb2	2330	2331	8063
pb2	2331	2332	7977
pb2	2332	2333	7949
pb2	2333	2334	7888
pb2	2334	2335	7810
pb2	2335	2336	7721
pb2	2336	2337	6623
pb2	2337	2338	6315
pb2	2338	2339	6215
pb2	2339	2340	6148
pb2	2340	2341	1214
pa	0	1	4367
pa	1	2	5107
pa	2	3	5153
pa	3	4	5342
pa	4	5	5826
pa	5	6	5972
pa	6	7	7218
pa	7	8	7274
pa	8	9	7345
pa	9	10	7364
pa	10	11	7445
pa	11	12	7665
pa	12	13	7714
pa	13	14	7740
pa	14	15	7765
pa	15	16	7850
pa	16	17	8042
pa	17	18	8139
pa	18	19	8165
pa	19	20	8226
pa	20	21	8273
pa	21	22	8286
pa	22	23	8469
pa	23	24	8531
pa	24	25	8693
pa	25	26	8710
pa	26	27	8860
pa	27	28	8896
pa	28	29	8907
pa	29	30	8926
pa	30	31	9019
pa	31	32	9172
pa	32	33	9177
pa	33	34	9208
pa	34	35	9332
pa	35	36	9356
pa	36	37	9430
pa	37	38	9444
pa	38	39	9470
pa	39	40	9559
pa	40	41	9578
pa	41	42	9823
pa	42	43	9909
pa	43	44	9925
pa	44	45	9986
pa	45	46	10070
pa	46	47	10412
pa	47	48	10603
pa	48	49	10619
pa	49	50	10641
pa	50	51	10651
pa	51	52	10695
pa	52	53	11148
pa	53	54	11180
pa	54	55	11168
pa	55	56	11112
pa	56	57	11081
pa	57	58	11059
pa	58	59	11159
pa	59	60	11193
pa	60	61	11188
pa	61	62	10902
pa	62	63	10878
pa	63	64	10910
pa	64	65	10921
pa	65	66	10894
pa	66	67	10891
pa	67	69	10919
pa	69	70	10884
pa	70	71	10853
pa	71	72	10858
pa	72	73	10876
pa	73	74	10893
pa	74	75	10921
pa	75	76	10956
pa	76	77	10923
pa	77	78	10900
pa	78	79	10896
pa	79	80	10962
pa	80	81	10923
pa	81	82	11059
pa	82	83	11190
pa	83	84	11087
pa	84	85	11223
pa	85	86	11224
pa	86	87	11557
pa	87	88	11663
pa	88	89	11569
pa	89	90	11927
pa	90	91	12231
pa	91	92	12193
pa	92	93	12699
pa	93	94	12635
pa	94	95	12683
pa	95	96	12613
pa	96	97	12550
pa	97	98	12585
pa	98	99	12319
pa	99	100	12203
pa	100	101	12016
pa	101	102	11426
pa	102	103	11462
pa	103	104	11355
pa	104	105	11445
pa	105	106	11487
pa	106	107	11430
pa	107	108	11404
pa	108	109	11377
pa	109	110	11344
pa	110	111	11357
pa	111	112	11254
pa	112	113	11232
pa	113	114	11171
pa	114	115	11151
pa	115	116	11143
pa	116	117	11130
pa	117	118	11117
pa	118	119	11157
pa	119	120	11083
pa	120	121	11078
pa	121	122	10983
pa	122	123	11027
pa	123	124	11037
pa	124	125	11068
pa	125	126	11049
pa	126	127	11041
pa	127	128	10994
pa	128	129	10952
pa	129	130	10937
pa	130	131	10950
pa	131	132	10911
pa	132	133	10929
pa	133	134	11145
pa	134	135	11269
pa	135	136	11486
pa	136	137	11550
pa	137	138	12069
pa	138	139	12151
pa	139	140	12169
pa	140	141	12299
pa	141	142	12216
pa	142	143	12199
pa	143	144	11782
pa	144	145	13953
pa	145	146	13833
pa	146	147	14582
pa	147	148	14235
pa	148	149	14171
pa	149	150	13915
pa	150	151	13397
pa	151	152	13554
pa	152	153	13454
pa	153	154	13355
pa	154	155	11715
pa	155	156	11632
pa	156	157	11278
pa	157	158	11849
pa	158	159	11879
pa	159	160	11973
pa	160	161	12013
pa	161	162	11948
pa	162	163	11951
pa	163	164	11979
pa	164	165	12244
pa	165	166	12157
pa	166	167	11782
pa	167	168	11796
pa	168	169	11853
pa	169	170	11903
pa	170	171	11867
pa	171	172	11992
pa	172	173	12029
pa	173	174	11859
pa	174	175	11885
pa	175	176	11875
pa	176	177	12151
pa	177	178	12170
pa	178	179	12219
pa	179	180	12265
pa	180	181	12233
pa	181	182	12588
pa	182	183	12564
pa	183	184	12887
pa	184	185	12984
pa	185	186	12891
pa	186	187	13001
pa	187	188	12989
pa	188	189	13020
pa	189	190	13164
pa	190	191	13052
pa	191	192	13032
pa	192	193	13007
pa	193	194	12965
pa	194	195	13046
pa	195	196	13028
pa	196	197	13040
pa	197	198	12984
pa	198	199	13090
pa	199	200	13226
pa	200	201	13352
pa	201	202	13360
pa	202	203	13390
pa	203	204	13328
pa	204	205	13343
pa	205	206	13580
pa	206	207	13590
pa	207	208	13480
pa	208	209	13926
pa	209	210	13829
pa	210	211	13944
pa	211	212	13880
pa	212	213	13828
pa	213	214	13963
pa	214	215	13773
pa	215	216	13798
pa	216	217	13650
pa	217	218	13224
pa	218	219	13196
pa	219	220	13158
pa	220	221	13160
pa	221	222	13152
pa	222	223	13060
pa	223	224	13319
pa	224	225	13432
pa	225	226	13502
pa	226	228	13539
pa	228	229	13519
pa	229	230	13581
pa	230	231	13613
pa	231	232	13963
pa	232	233	13828
pa	233	234	13659
pa	234	235	13706
pa	235	236	13623
pa	236	237	14228
pa	237	238	14329
pa	238	239	14239
pa	239	240	14189
pa	240	241	13784
pa	241	242	13657
pa	242	243	13621
pa	243	244	13534
pa	244	245	13409
pa	245	246	13432
pa	246	247	12684
pa	247	248	12834
pa	248	249	12974
pa	249	250	12986
pa	250	251	13016
pa	251	252	13006
pa	252	253	13071
pa	253	254	13084
pa	254	255	13082
pa	255	256	13047
pa	256	257	12747
pa	257	258	12559
pa	258	259	12939
pa	259	260	13107
pa	260	261	13215
pa	261	262	13152
pa	262	263	13082
pa	263	264	13059
pa	264	265	13414
pa	265	266	13716
pa	266	267	13807
pa	267	268	13317
pa	268	269	13320
pa	269	270	13237
pa	270	271	13379
pa	271	272	13298
pa	272	273	13316
pa	273	274	12745
pa	274	275	12791
pa	275	276	12767
pa	276	277	12919
pa	277	278	12928
pa	278	279	12774
pa	279	280	12600
pa	280	281	12502
pa	281	282	13335
pa	282	283	13377
pa	283	284	13282
pa	284	285	13216
pa	285	286	13038
pa	286	287	13327
pa	287	288	13354
pa	288	289	13248
pa	289	290	13270
pa	290	291	12082
pa	291	292	13050
pa	292	293	12991
pa	293	294	13615
pa	294	295	13682
pa	295	296	13043
pa	296	297	13384
pa	297	298	13333
pa	298	299	13369
pa	299	300	13438
pa	300	301	12388
pa	301	302	12800
pa	302	303	12227
pa	303	304	12427
pa	304	305	12428
pa	305	306	12450
pa	306	307	12409
pa	307	308	12400
pa	308	309	12468
pa	309	310	12295
pa	310	311	12190
pa	311	312	12335
pa	312	313	12203
pa	313	314	12414
pa	314	315	12123
pa	315	316	12103
pa	316	317	12114
pa	317	318	12008
pa	318	319	12063
pa	319	320	11999
pa	320	321	11917
pa	321	322	11943
pa	322	323	11824
pa	323	324	11885
pa	324	325	11939
pa	325	326	11932
pa	326	327	11939
pa	327	328	11851
pa	328	329	11727
pa	329	330	11900
pa	330	331	11973
pa	331	332	11946
pa	332	333	11956
pa	333	334	11979
pa	334	335	12012
pa	335	336	12116
pa	336	337	12150
pa	337	338	12154
pa	338	339	12107
pa	339	340	11947
pa	340	341	12150
pa	341	342	12221
pa	342	343	12215
pa	343	344	12210
pa	344	345	12157
pa	345	346	12660
pa	346	347	12689
pa	347	348	12644
pa	348	349	12780
pa	349	350	12643
pa	350	351	12789
pa	351	352	12777
pa	352	353	12760
pa	353	354	12766
pa	354	355	12365
pa	355	356	12704
pa	356	357	13051
pa	357	358	12920
pa	358	359	12951
pa	359	360	12872
pa	360	361	13061
pa	361	362	13095
pa	362	363	13071
pa	363	364	13111
pa	364	365	12520
pa	365	366	12329
pa	366	367	11960
pa	367	368	11862
pa	368	369	11863
pa	369	370	11446
pa	370	371	11445
pa	371	372	11421
pa	372	373	11338
pa	373	374	11319
pa	374	375	11206
pa	375	376	11168
pa	376	377	11159
pa	377	378	11132
pa	378	379	11124
pa	379	380	11071
pa	380	381	11072
pa	381	382	11038
pa	382	383	11003
pa	383	384	10913
pa	384	385	10894
pa	385	386	10929
pa	386	387	10889
pa	387	388	10829
pa	388	389	10649
pa	389	390	10516
pa	390	391	10495
pa	391	392	10556
pa	392	393	10550
pa	393	394	10481
pa	394	395	10377
pa	395	396	10373
pa	396	397	10334
pa	397	398	10361
pa	398	399	10335
pa	399	400	10343
pa	400	401	9945
pa	401	402	10129
pa	402	403	10260
pa	403	404	10142
pa	404	405	10159
pa	405	406	11044
pa	406	407	10898
pa	407	408	11198
pa	408	409	11057
pa	409	410	10940
pa	410	411	10501
pa	411	412	10225
pa	412	413	10241
pa	413	414	10390
pa	414	415	8354
pa	415	416	9565
pa	416	417	8759
pa	417	418	8776
pa	418	419	8787
pa	419	420	8520
pa	420	421	8592
pa	421	422	8551
pa	422	423	8337
pa	423	424	8244
pa	424	425	7288
pa	425	426	7362
pa	426	427	7373
pa	427	428	7413
pa	428	429	7423
pa	429	430	7366
pa	430	431	7376
pa	431	432	7363
pa	432	433	7393
pa	433	434	7413
pa	434	435	7553
pa	435	436	7565
pa	436	437	7550
pa	437	438	7487
pa	438	439	7587
pa	439	440	7633
pa	440	441	7630
pa	441	442	7625
pa	442	443	7576
pa	443	444	7426
pa	444	445	7579
pa	445	446	7599
pa	446	447	7637
pa	447	448	7587
pa	448	449	7641
pa	449	450	7638
pa	450	451	7689
pa	451	452	8117
pa	452	453	8111
pa	453	454	8470
pa	454	455	8396
pa	455	456	8698
pa	456	457	8973
pa	457	459	9085
pa	459	460	9972
pa	460	461	9789
pa	461	462	10012
pa	462	463	9836
pa	463	464	9871
pa	464	465	9780
pa	465	466	10540
pa	466	467	10503
pa	467	468	10817
pa	468	469	10499
pa	469	470	10586
pa	470	472	10658
pa	472	473	10847
pa	473	474	10893
pa	474	475	10598
pa	475	476	10825
pa	476	477	10724
pa	477	478	11026
pa	478	479	11072
pa	479	480	10955
pa	480	481	10982
pa	481	482	10904
pa	482	483	11033
pa	483	484	11163
pa	484	485	11060
pa	485	486	11073
pa	486	487	10901
pa	487	488	10740
pa	488	489	10777
pa	489	490	10774
pa	490	491	10762
pa	491	492	10743
pa	492	493	10698
pa	493	494	10763
pa	494	495	10765
pa	495	496	10786
pa	496	497	10797
pa	497	498	10835
pa	498	499	10871
pa	499	500	10861
pa	500	501	10897
pa	501	502	11126
pa	502	503	11202
pa	503	504	11391
pa	504	505	11380
pa	505	506	11420
pa	506	507	11357
pa	507	508	11229
pa	508	509	11537
pa	509	510	11360
pa	510	511	11454
pa	511	512	11617
pa	512	513	11532
pa	513	514	11715
pa	514	515	11730
pa	515	516	11715
pa	516	517	11926
pa	517	518	11696
pa	518	519	11715
pa	519	520	11722
pa	520	521	11308
pa	521	522	11483
pa	522	523	11227
pa	523	525	11250
pa	525	526	10922
pa	526	527	11172
pa	527	528	11134
pa	528	529	11139
pa	529	530	11175
pa	530	531	10943
pa	531	532	10929
pa	532	533	11007
pa	533	534	11127
pa	534	535	11261
pa	535	536	10908
pa	536	537	10884
pa	537	538	10879
pa	538	539	11191
pa	539	540	11132
pa	540	541	11023
pa	541	542	11019
pa	542	543	10833
pa	543	544	10556
pa	544	545	10584
pa	545	546	10582
pa	546	547	10650
pa	547	548	10215
pa	548	549	10639
pa	549	550	10612
pa	550	551	10598
pa	551	552	10631
pa	552	553	10543
pa	553	554	11551
pa	554	555	11470
pa	555	556	11373
pa	556	557	11323
pa	557	558	10647
pa	558	559	10663
pa	559	560	10897
pa	560	561	10817
pa	561	562	10805
pa	562	563	9663
pa	563	564	9677
pa	564	565	9887
pa	565	566	9932
pa	566	567	9880
pa	567	568	9796
pa	568	569	9527
pa	569	570	9847
pa	570	571	9859
pa	571	572	9879
pa	572	573	9967
pa	573	574	9717
pa	574	575	10372
pa	575	576	10524
pa	576	577	10515
pa	577	578	10545
pa	578	579	10152
pa	579	580	10590
pa	580	581	10975
pa	581	582	10887
pa	582	583	11115
pa	583	584	10510
pa	584	585	10652
pa	585	586	10725
pa	586	587	10718
pa	587	588	10822
pa	588	589	10591
pa	589	590	10184
pa	590	591	10186
pa	591	592	10090
pa	592	593	10402
pa	593	594	10288
pa	594	595	10270
pa	595	596	10266
pa	596	597	10228
pa	597	598	10276
pa	598	599	10274
pa	599	600	10294
pa	600	601	10442
pa	601	602	10200
pa	602	603	10470
pa	603	604	10538
pa	604	605	10527
pa	605	606	10508
pa	606	607	10491
pa	607	608	10474
pa	608	609	10465
pa	609	610	10423
pa	610	611	10374
pa	611	612	10117
pa	612	613	10175
pa	613	614	10196
pa	614	615	10172
pa	615	616	10169
pa	616	617	10104
pa	617	618	10114
pa	618	619	10112
pa	619	620	10117
pa	620	621	10142
pa	621	622	9898
pa	622	623	9987
pa	623	624	9944
pa	624	625	10078
pa	625	626	10057
pa	626	627	9985
pa	627	628	9981
pa	628	629	9887
pa	629	630	9801
pa	630	631	9796
pa	631	632	9582
pa	632	633	9551
pa	633	634	9211
pa	634	635	9353
pa	635	636	9374
pa	636	637	9304
pa	637	638	9294
pa	638	639	9287
pa	639	640	9283
pa	640	641	9287
pa	641	642	9252
pa	642	643	9193
pa	643	644	9163
pa	644	645	9642
pa	645	646	9571
pa	646	647	9674
pa	647	648	9666
pa	648	649	9703
pa	649	650	9742
pa	650	651	9693
pa	651	652	9744
pa	652	653	9740
pa	653	654	8924
pa	654	655	8873
pa	655	656	8911
pa	656	657	8975
pa	657	658	8913
pa	658	659	8867
pa	659	660	8843
pa	660	661	8628
pa	661	662	8686
pa	662	663	8716
pa	663	664	8750
pa	664	665	8550
pa	665	666	8448
pa	666	667	8423
pa	667	668	8417
pa	668	669	8372
pa	669	670	8414
pa	670	671	8376
pa	671	672	8425
pa	672	673	8413
pa	673	674	8396
pa	674	675	8418
pa	675	676	8410
pa	676	677	8618
pa	677	678	8588
pa	678	679	8546
pa	679	680	8575
pa	680	681	8626
pa	681	682	9077
pa	682	683	9071
pa	683	684	9016
pa	684	685	9013
pa	685	686	8849
pa	686	687	8881
pa	687	688	8845
pa	688	689	8806
pa	689	690	8820
pa	690	691	8750
pa	691	692	8923
pa	692	693	9002
pa	693	694	9000
pa	694	695	9014
pa	695	696	8975
pa	696	697	8862
pa	697	698	8987
pa	698	699	8865
pa	699	700	8877
pa	700	701	8759
pa	701	702	8722
pa	702	703	8738
pa	703	704	8744
pa	704	705	8584
pa	705	706	8553
pa	706	707	8469
pa	707	708	9049
pa	708	709	8985
pa	709	710	8999
pa	710	711	8954
pa	711	712	8952
pa	712	713	9023
pa	713	714	8976
pa	714	715	9380
pa	715	716	9332
pa	716	717	9152
pa	717	718	9097
pa	718	719	9591
pa	719	720	9608
pa	720	721	9615
pa	721	722	9539
pa	722	723	9610
pa	723	724	9389
pa	724	725	9315
pa	725	726	9113
pa	726	727	8997
pa	727	728	9344
pa	728	729	9354
pa	729	730	9316
pa	730	731	9262
pa	731	732	9138
pa	732	733	9171
pa	733	734	9141
pa	734	735	9115
pa	735	736	9155
pa	736	737	8859
pa	737	738	8904
pa	738	739	8818
pa	739	740	8813
pa	740	741	8909
pa	741	742	8866
pa	742	743	9315
pa	743	744	9307
pa	744	745	9280
pa	745	746	9534
pa	746	747	9547
pa	747	748	9591
pa	748	749	9611
pa	749	750	9514
pa	750	751	9589
pa	751	752	9163
pa	752	753	9262
pa	753	754	9267
pa	754	755	9235
pa	755	756	9229
pa	756	757	9201
pa	757	758	9286
pa	758	759	9304
pa	759	760	9432
pa	760	761	9388
pa	761	762	9332
pa	762	763	9424
pa	763	764	9485
pa	764	765	9492
pa	765	766	9511
pa	766	767	9464
pa	767	768	9481
pa	768	769	9462
pa	769	770	9549
pa	770	771	9724
pa	771	772	9730
pa	772	773	9891
pa	773	774	9908
pa	774	775	9986
pa	775	776	9972
pa	776	777	9974
pa	777	778	10083
pa	778	779	10007
pa	779	780	9867
pa	780	781	9918
pa	781	782	9826
pa	782	783	9899
pa	783	784	9826
pa	784	785	9792
pa	785	786	9937
pa	786	787	9880
pa	787	788	9952
pa	788	789	9946
pa	789	790	9925
pa	790	791	10076
pa	791	792	10193
pa	792	793	10215
pa	793	794	10297
pa	794	795	9952
pa	795	796	9889
pa	796	797	9782
pa	797	798	9773
pa	798	799	9790
pa	799	800	9700
pa	800	801	9678
pa	801	802	10001
pa	802	803	10008
pa	803	804	10415
pa	804	805	10416
pa	805	806	10381
pa	806	807	10433
pa	807	808	10407
pa	808	809	10557
pa	809	810	10598
pa	810	811	10293
pa	811	812	10393
pa	812	813	10053
pa	813	814	10251
pa	814	815	10445
pa	815	816	10296
pa	816	817	10358
pa	817	818	10182
pa	818	819	10065
pa	819	820	10150
pa	820	821	9962
pa	821	822	10527
pa	822	823	10319
pa	823	824	12576
pa	824	825	12549
pa	825	826	12607
pa	826	827	12594
pa	827	828	12872
pa	828	829	12954
pa	829	830	13092
pa	830	831	12817
pa	831	832	12652
pa	832	833	10829
pa	833	834	10998
pa	834	835	11228
pa	835	836	11239
pa	836	837	11149
pa	837	838	11163
pa	838	839	11156
pa	839	840	11200
pa	840	841	11328
pa	841	842	11399
pa	842	843	11429
pa	843	844	11394
pa	844	845	11376
pa	845	846	11980
pa	846	847	12239
pa	847	848	12266
pa	848	849	12275
pa	849	850	12271
pa	850	851	12650
pa	851	852	12584
pa	852	853	12633
pa	853	854	12726
pa	854	855	12405
pa	855	856	12422
pa	856	857	12356
pa	857	858	12345
pa	858	859	12329
pa	859	860	12257
pa	860	861	12427
pa	861	862	12440
pa	862	863	12545
pa	863	864	12581
pa	864	865	12619
pa	865	866	12626
pa	866	867	12770
pa	867	868	12854
pa	868	869	12946
pa	869	870	12981
pa	870	871	12979
pa	871	872	13009
pa	872	873	13048
pa	873	874	13053
pa	874	875	13047
pa	875	876	13113
pa	876	877	13214
pa	877	878	13235
pa	878	879	13252
pa	879	880	13282
pa	880	881	13260
pa	881	882	13218
pa	882	883	13271
pa	883	884	14176
pa	884	885	14224
pa	885	886	14343
pa	886	887	14300
pa	887	888	14302
pa	888	889	14374
pa	889	890	14399
pa	890	891	14463
pa	891	892	14481
pa	892	893	13111
pa	893	894	13209
pa	894	895	13053
pa	895	896	13120
pa	896	897	13122
pa	897	898	13084
pa	898	899	13294
pa	899	900	13241
pa	900	901	13252
pa	901	902	13262
pa	902	903	13170
pa	903	904	13188
pa	904	905	13077
pa	905	906	13463
pa	906	907	13359
pa	907	908	13187
pa	908	909	13044
pa	909	910	13196
pa	910	911	13282
pa	911	912	13356
pa	912	913	13363
pa	913	914	13330
pa	914	915	13042
pa	915	916	13143
pa	916	917	13098
pa	917	918	13119
pa	918	919	12916
pa	919	920	12734
pa	920	921	12637
pa	921	922	12608
pa	922	923	12425
pa	923	924	12612
pa	924	925	12651
pa	925	926	12873
pa	926	927	12782
pa	927	928	12689
pa	928	929	12687
pa	929	930	12633
pa	930	931	13184
pa	931	932	13158
pa	932	933	12951
pa	933	934	13014
pa	934	935	12442
pa	935	936	13204
pa	936	937	13164
pa	937	938	13159
pa	938	939	13148
pa	939	940	11920
pa	940	941	12030
pa	941	942	11766
pa	942	943	11738
pa	943	944	11736
pa	944	945	10818
pa	945	946	10912
pa	946	947	10886
pa	947	948	10933
pa	948	949	10913
pa	949	950	10655
pa	950	951	10682
pa	951	952	10668
pa	952	953	10635
pa	953	954	10498
pa	954	955	10335
pa	955	956	10341
pa	956	957	10277
pa	957	958	10306
pa	958	959	10298
pa	959	960	10289
pa	960	961	10193
pa	961	962	10187
pa	962	963	10067
pa	963	964	10075
pa	964	965	10071
pa	965	966	10063
pa	966	967	10036
pa	967	968	10025
pa	968	969	9951
pa	969	970	9924
pa	970	971	9891
pa	971	972	9593
pa	972	973	9499
pa	973	974	9687
pa	974	975	9768
pa	975	976	9924
pa	976	977	9938
pa	977	978	9919
pa	978	979	10053
pa	979	980	9887
pa	980	981	10158
pa	981	982	10193
pa	982	983	10120
pa	983	984	10069
pa	984	985	9977
pa	985	986	10079
pa	986	987	10108
pa	987	988	9901
pa	988	989	10693
pa	989	990	10428
pa	990	991	10482
pa	991	992	10473
pa	992	993	10390
pa	993	994	10366
pa	994	995	10165
pa	995	996	10098
pa	996	997	10054
pa	997	998	9526
pa	998	999	9546
pa	999	1000	9578
pa	1000	1001	9568
pa	1001	1002	9619
pa	1002	1003	9689
pa	1003	1004	9698
pa	1004	1005	9730
pa	1005	1006	9654
pa	1006	1007	9626
pa	1007	1008	9590
pa	1008	1009	9754
pa	1009	1010	9998
pa	1010	1011	9913
pa	1011	1012	9836
pa	1012	1013	9794
pa	1013	1014	9690
pa	1014	1015	9595
pa	1015	1016	9693
pa	1016	1017	10495
pa	1017	1018	10212
pa	1018	1019	10179
pa	1019	1020	10043
pa	1020	1021	10435
pa	1021	1022	10502
pa	1022	1023	10496
pa	1023	1024	10473
pa	1024	1025	10274
pa	1025	1026	9815
pa	1026	1027	9526
pa	1027	1028	9335
pa	1028	1029	9323
pa	1029	1030	9154
pa	1030	1031	9139
pa	1031	1032	9250
pa	1032	1033	9296
pa	1033	1034	9295
pa	1034	1035	9193
pa	1035	1036	9118
pa	1036	1037	9147
pa	1037	1038	9170
pa	1038	1039	9224
pa	1039	1040	9225
pa	1040	1041	9136
pa	1041	1042	8967
pa	1042	1043	8843
pa	1043	1044	8928
pa	1044	1045	8972
pa	1045	1046	8919
pa	1046	1047	8893
pa	1047	1048	8901
pa	1048	1049	8957
pa	1049	1050	9047
pa	1050	1051	9058
pa	1051	1052	9059
pa	1052	1053	8872
pa	1053	1054	8893
pa	1054	1055	8881
pa	1055	1056	8924
pa	1056	1057	9423
pa	1057	1058	9328
pa	1058	1059	9304
pa	1059	1060	9285
pa	1060	1061	9264
pa	1061	1062	9260
pa	1062	1063	9254
pa	1063	1064	9146
pa	1064	1065	9225
pa	1065	1066	8269
pa	1066	1067	8361
pa	1067	1068	8352
pa	1068	1069	8403
pa	1069	1070	8408
pa	1070	1071	8385
pa	1071	1072	8366
pa	1072	1073	8283
pa	1073	1074	7951
pa	1074	1075	7964
pa	1075	1076	7752
pa	1076	1077	7757
pa	1077	1078	7770
pa	1078	1079	7643
pa	1079	1080	7666
pa	1080	1081	7650
pa	1081	1082	7622
pa	1082	1083	7602
pa	1083	1084	7507
pa	1084	1085	7535
pa	1085	1086	7494
pa	1086	1087	7453
pa	1087	1088	7421
pa	1088	1089	7389
pa	1089	1090	7387
pa	1090	1091	7413
pa	1091	1092	7395
pa	1092	1093	7443
pa	1093	1094	7470
pa	1094	1095	7410
pa	1095	1096	7409
pa	1096	1097	7380
pa	1097	1098	7547
pa	1098	1099	7531
pa	1099	1100	7505
pa	1100	1101	7493
pa	1101	1102	7378
pa	1102	1103	7390
pa	1103	1104	7750
pa	1104	1105	7740
pa	1105	1106	7715
pa	1106	1107	7666
pa	1107	1108	7353
pa	1108	1109	7395
pa	1109	1110	7275
pa	1110	1111	7229
pa	1111	1112	7244
pa	1112	1113	6665
pa	1113	1114	6742
pa	1114	1115	6788
pa	1115	1116	6868
pa	1116	1117	7122
pa	1117	1118	6975
pa	1118	1119	7058
pa	1119	1120	7074
pa	1120	1121	7055
pa	1121	1122	7162
pa	1122	1123	6913
pa	1123	1124	6923
pa	1124	1125	6938
pa	1125	1126	6070
pa	1126	1127	6105
pa	1127	1128	5972
pa	1128	1129	5962
pa	1129	1130	6010
pa	1130	1131	5835
pa	1131	1132	6012
pa	1132	1133	5957
pa	1133	1134	5983
pa	1134	1135	6344
pa	1135	1136	6404
pa	1136	1137	6358
pa	1137	1138	6386
pa	1138	1139	6284
pa	1139	1140	6401
pa	1140	1141	6314
pa	1141	1142	6353
pa	1142	1143	6362
pa	1143	1144	6205
pa	1144	1145	6183
pa	1145	1146	6174
pa	1146	1147	6259
pa	1147	1148	6301
pa	1148	1149	6264
pa	1149	1150	6338
pa	1150	1151	6352
pa	1151	1152	6360
pa	1152	1153	6396
pa	1153	1154	6418
pa	1154	1155	6408
pa	1155	1156	6444
pa	1156	1157	6470
pa	1157	1158	6502
pa	1158	1159	6530
pa	1159	1160	6483
pa	1160	1161	6486
pa	1161	1162	6538
pa	1162	1163	6762
pa	1163	1164	6853
pa	1164	1165	6830
pa	1165	1166	6816
pa	1166	1167	6793
pa	1167	1168	6695
pa	1168	1169	6680
pa	1169	1170	6707
pa	1170	1171	6706
pa	1171	1172	6516
pa	1172	1173	6756
pa	1173	1174	6733
pa	1174	1175	7077
pa	1175	1176	7068
pa	1176	1177	7067
pa	1177	1178	7045
pa	1178	1179	7007
pa	1179	1180	7292
pa	1180	1181	7307
pa	1181	1182	7131
pa	1182	1183	7114
pa	1183	1184	6961
pa	1184	1186	6991
pa	1186	1187	6994
pa	1187	1188	6973
pa	1188	1189	6964
pa	1189	1190	8937
pa	1190	1191	8973
pa	1191	1192	9049
pa	1192	1193	9095
pa	1193	1194	9140
pa	1194	1195	9206
pa	1195	1196	9199
pa	1196	1197	9173
pa	1197	1198	9449
pa	1198	1199	8443
pa	1199	1200	8968
pa	1200	1201	9043
pa	1201	1202	9056
pa	1202	1203	9120
pa	1203	1204	9063
pa	1204	1205	9122
pa	1205	1206	9120
pa	1206	1207	8869
pa	1207	1208	8886
pa	1208	1209	8736
pa	1209	1210	8751
pa	1210	1211	8752
pa	1211	1212	8710
pa	1212	1213	8707
pa	1213	1214	8699
pa	1214	1215	8638
pa	1215	1216	8821
pa	1216	1217	8788
pa	1217	1218	8761
pa	1218	1219	8913
pa	1219	1220	8951
pa	1220	1221	9278
pa	1221	1222	9291
pa	1222	1223	9370
pa	1223	1224	9374
pa	1224	1225	9225
pa	1225	1226	9268
pa	1226	1227	9313
pa	1227	1228	9274
pa	1228	1229	9310
pa	1229	1230	9201
pa	1230	1231	9363
pa	1231	1232	9357
pa	1232	1233	9434
pa	1233	1234	9442
pa	1234	1236	9494
pa	1236	1237	9490
pa	1237	1238	9625
pa	1238	1239	9647
pa	1239	1240	9557
pa	1240	1241	9729
pa	1241	1242	9834
pa	1242	1243	9910
pa	1243	1244	9899
pa	1244	1245	9879
pa	1245	1246	9893
pa	1246	1247	9717
pa	1247	1248	9797
pa	1248	1249	9935
pa	1249	1250	9929
pa	1250	1251	9774
pa	1251	1252	10096
pa	1252	1253	10144
pa	1253	1254	10203
pa	1254	1255	10195
pa	1255	1256	10210
pa	1256	1257	10492
pa	1257	1258	10410
pa	1258	1259	10451
pa	1259	1260	10445
pa	1260	1261	10221
pa	1261	1262	10264
pa	1262	1263	10325
pa	1263	1264	10488
pa	1264	1265	10595
pa	1265	1266	10443
pa	1266	1267	10483
pa	1267	1268	10564
pa	1268	1269	10572
pa	1269	1270	10733
pa	1270	1271	10705
pa	1271	1272	10622
pa	1272	1273	10589
pa	1273	1274	10449
pa	1274	1275	10534
pa	1275	1276	10468
pa	1276	1277	10464
pa	1277	1278	10351
pa	1278	1279	10371
pa	1279	1280	10375
pa	1280	1281	10374
pa	1281	1282	10384
pa	1282	1283	10322
pa	1283	1284	10335
pa	1284	1285	10410
pa	1285	1286	10400
pa	1286	1287	10428
pa	1287	1288	10446
pa	1288	1289	10738
pa	1289	1290	10916
pa	1290	1291	10876
pa	1291	1292	10879
pa	1292	1293	10870
pa	1293	1294	11038
pa	1294	1295	11157
pa	1295	1296	11146
pa	1296	1297	11163
pa	1297	1298	10981
pa	1298	1299	11106
pa	1299	1300	11154
pa	1300	1301	11169
pa	1301	1302	11166
pa	1302	1303	11135
pa	1303	1304	11319
pa	1304	1305	11554
pa	1305	1306	11527
pa	1306	1307	11523
pa	1307	1308	11237
pa	1308	1309	11575
pa	1309	1310	11651
pa	1310	1311	11666
pa	1311	1312	11661
pa	1312	1313	11280
pa	1313	1314	11057
pa	1314	1315	11064
pa	1315	1316	11214
pa	1316	1317	11263
pa	1317	1318	10936
pa	1318	1319	10883
pa	1319	1320	10948
pa	1320	1321	11073
pa	1321	1322	11067
pa	1322	1323	11057
pa	1323	1324	11095
pa	1324	1325	10879
pa	1325	1326	10885
pa	1326	1327	11257
pa	1327	1328	11265
pa	1328	1329	11276
pa	1329	1330	11214
pa	1330	1331	11241
pa	1331	1332	11243
pa	1332	1333	11321
pa	1333	1334	11274
pa	1334	1335	11691
pa	1335	1336	11404
pa	1336	1337	11578
pa	1337	1338	11577
pa	1338	1339	11572
pa	1339	1340	11021
pa	1340	1341	11034
pa	1341	1342	11071
pa	1342	1343	11157
pa	1343	1344	10861
pa	1344	1345	11002
pa	1345	1346	10867
pa	1346	1347	11008
pa	1347	1348	10993
pa	1348	1349	10958
pa	1349	1350	11007
pa	1350	1351	10779
pa	1351	1352	10699
pa	1352	1353	10864
pa	1353	1354	10880
pa	1354	1355	10900
pa	1355	1356	11218
pa	1356	1357	11171
pa	1357	1358	11361
pa	1358	1359	11305
pa	1359	1360	11297
pa	1360	1361	11339
pa	1361	1362	11229
pa	1362	1363	11154
pa	1363	1364	11208
pa	1364	1365	10850
pa	1365	1366	10893
pa	1366	1367	10733
pa	1367	1368	10748
pa	1368	1369	10909
pa	1369	1370	10888
pa	1370	1371	10976
pa	1371	1372	10987
pa	1372	1373	10911
pa	1373	1374	11015
pa	1374	1375	11151
pa	1375	1376	11162
pa	1376	1377	11253
pa	1377	1378	11107
pa	1378	1379	10973
pa	1379	1380	11025
pa	1380	1381	10958
pa	1381	1382	10935
pa	1382	1383	10927
pa	1383	1384	10704
pa	1384	1385	10745
pa	1385	1386	10610
pa	1386	1387	10654
pa	1387	1388	10688
pa	1388	1389	10525
pa	1389	1390	10783
pa	1390	1391	10904
pa	1391	1392	10874
pa	1392	1393	11064
pa	1393	1394	10971
pa	1394	1395	11150
pa	1395	1396	11105
pa	1396	1397	11024
pa	1397	1398	11237
pa	1398	1399	10762
pa	1399	1400	10876
pa	1400	1401	10870
pa	1401	1402	10998
pa	1402	1403	10951
pa	1403	1404	10762
pa	1404	1405	10657
pa	1405	1406	10486
pa	1406	1407	10495
pa	1407	1408	10317
pa	1408	1409	10711
pa	1409	1410	10264
pa	1410	1411	10469
pa	1411	1412	10240
pa	1412	1413	10385
pa	1413	1414	10720
pa	1414	1415	10838
pa	1415	1416	12172
pa	1416	1417	11880
pa	1417	1418	11643
pa	1418	1419	11645
pa	1419	1420	11485
pa	1420	1421	11593
pa	1421	1422	11574
pa	1422	1423	11262
pa	1423	1424	11278
pa	1424	1425	10393
pa	1425	1426	11191
pa	1426	1427	11266
pa	1427	1428	11294
pa	1428	1429	11430
pa	1429	1430	11388
pa	1430	1431	12026
pa	1431	1432	12056
pa	1432	1433	12078
pa	1433	1434	12706
pa	1434	1435	12202
pa	1435	1436	12205
pa	1436	1437	12203
pa	1437	1438	12109
pa	1438	1439	12163
pa	1439	1440	12156
pa	1440	1441	12169
pa	1441	1442	12192
pa	1442	1443	12248
pa	1443	1444	11977
pa	1444	1445	12125
pa	1445	1446	12119
pa	1446	1447	12126
pa	1447	1448	12139
pa	1448	1449	12001
pa	1449	1450	12271
pa	1450	1451	12289
pa	1451	1452	12233
pa	1452	1453	12300
pa	1453	1454	12236
pa	1454	1455	12260
pa	1455	1456	12308
pa	1456	1457	12402
pa	1457	1458	12397
pa	1458	1459	12143
pa	1459	1460	12276
pa	1460	1461	12497
pa	1461	1462	12474
pa	1462	1463	12463
pa	1463	1464	12459
pa	1464	1465	12418
pa	1465	1466	12398
pa	1466	1467	12376
pa	1467	1468	12378
pa	1468	1469	12127
pa	1469	1470	12067
pa	1470	1471	11857
pa	1471	1472	11974
pa	1472	1473	11988
pa	1473	1474	12026
pa	1474	1475	12020
pa	1475	1476	12040
pa	1476	1477	12057
pa	1477	1478	12263
pa	1478	1479	12338
pa	1479	1480	12368
pa	1480	1481	12195
pa	1481	1482	12168
pa	1482	1483	12323
pa	1483	1484	12380
pa	1484	1485	12270
pa	1485	1486	12123
pa	1486	1487	11692
pa	1487	1488	11885
pa	1488	1489	11671
pa	1489	1490	11656
pa	1490	1491	11642
pa	1491	1492	11192
pa	1492	1493	11360
pa	1493	1494	11314
pa	1494	1495	11362
pa	1495	1496	11414
pa	1496	1497	10977
pa	1497	1498	11031
pa	1498	1499	11045
pa	1499	1500	11035
pa	1500	1501	11058
pa	1501	1502	10617
pa	1502	1503	10540
pa	1503	1504	10436
pa	1504	1505	10435
pa	1505	1506	10379
pa	1506	1507	10126
pa	1507	1508	10143
pa	1508	1509	10154
pa	1509	1510	10148
pa	1510	1511	10036
pa	1511	1512	10097
pa	1512	1513	10063
pa	1513	1514	10091
pa	1514	1515	10096
pa	1515	1516	10094
pa	1516	1517	10098
pa	1517	1518	9912
pa	1518	1519	10109
pa	1519	1520	10104
pa	1520	1521	9994
pa	1521	1522	10037
pa	1522	1523	9592
pa	1523	1524	9991
pa	1524	1525	9937
pa	1525	1526	9911
pa	1526	1527	9972
pa	1527	1528	9394
pa	1528	1529	9442
pa	1529	1530	9390
pa	1530	1531	9195
pa	1531	1532	9153
pa	1532	1533	8783
pa	1533	1534	8592
pa	1534	1535	8797
pa	1535	1536	8790
pa	1536	1537	9099
pa	1537	1538	8877
pa	1538	1539	8668
pa	1539	1540	8651
pa	1540	1541	8627
pa	1541	1542	8542
pa	1542	1543	8688
pa	1543	1544	8621
pa	1544	1545	8517
pa	1545	1546	8226
pa	1546	1547	8309
pa	1547	1548	8257
pa	1548	1549	8318
pa	1549	1550	8276
pa	1550	1551	8296
pa	1551	1552	8481
pa	1552	1553	8496
pa	1553	1554	8511
pa	1554	1555	8508
pa	1555	1556	8467
pa	1556	1558	8494
pa	1558	1559	8497
pa	1559	1560	8759
pa	1560	1561	8545
pa	1561	1562	8548
pa	1562	1563	8556
pa	1563	1564	8544
pa	1564	1565	8694
pa	1565	1566	8645
pa	1566	1567	8592
pa	1567	1568	8654
pa	1568	1569	8439
pa	1569	1570	8496
pa	1570	1572	8538
pa	1572	1573	8808
pa	1573	1574	8646
pa	1574	1575	8997
pa	1575	1576	9122
pa	1576	1577	8980
pa	1577	1578	9005
pa	1578	1579	9013
pa	1579	1580	9063
pa	1580	1581	9180
pa	1581	1582	8995
pa	1582	1583	9014
pa	1583	1584	8766
pa	1584	1585	8732
pa	1585	1587	8666
pa	1587	1588	8618
pa	1588	1589	8719
pa	1589	1590	8585
pa	1590	1591	8654
pa	1591	1592	8672
pa	1592	1593	8696
pa	1593	1594	8902
pa	1594	1595	8914
pa	1595	1596	8913
pa	1596	1597	8900
pa	1597	1598	8808
pa	1598	1599	9531
pa	1599	1600	9487
pa	1600	1601	9732
pa	1601	1602	9719
pa	1602	1603	9763
pa	1603	1604	9776
pa	1604	1605	9865
pa	1605	1606	9868
pa	1606	1607	9889
pa	1607	1608	9352
pa	1608	1609	9393
pa	1609	1610	9174
pa	1610	1611	9239
pa	1611	1612	9226
pa	1612	1614	9150
pa	1614	1615	9303
pa	1615	1616	9473
pa	1616	1617	9531
pa	1617	1618	9517
pa	1618	1619	9498
pa	1619	1620	9443
pa	1620	1621	9598
pa	1621	1622	9668
pa	1622	1623	9756
pa	1623	1624	9633
pa	1624	1625	9458
pa	1625	1626	9478
pa	1626	1627	9538
pa	1627	1628	9528
pa	1628	1629	9599
pa	1629	1630	9515
pa	1630	1631	9615
pa	1631	1632	9538
pa	1632	1633	9664
pa	1633	1634	9739
pa	1634	1635	9857
pa	1635	1636	10141
pa	1636	1637	10133
pa	1637	1639	10163
pa	1639	1640	10043
pa	1640	1641	10400
pa	1641	1642	10378
pa	1642	1643	10360
pa	1643	1644	10327
pa	1644	1645	10054
pa	1645	1646	10264
pa	1646	1647	10152
pa	1647	1648	10620
pa	1648	1649	10583
pa	1649	1650	10456
pa	1650	1651	10572
pa	1651	1652	10564
pa	1652	1653	10612
pa	1653	1654	10635
pa	1654	1655	10697
pa	1655	1656	10789
pa	1656	1657	10450
pa	1657	1658	10460
pa	1658	1659	10316
pa	1659	1660	10363
pa	1660	1661	10384
pa	1661	1662	10391
pa	1662	1663	10464
pa	1663	1664	10242
pa	1664	1665	10203
pa	1665	1666	10144
pa	1666	1667	10251
pa	1667	1668	10297
pa	1668	1669	10802
pa	1669	1670	10753
pa	1670	1671	11048
pa	1671	1672	10968
pa	1672	1673	10941
pa	1673	1674	10952
pa	1674	1675	10875
pa	1675	1676	10788
pa	1676	1677	10906
pa	1677	1678	10341
pa	1678	1679	10430
pa	1679	1680	10217
pa	1680	1681	10699
pa	1681	1682	10763
pa	1682	1683	10747
pa	1683	1684	10735
pa	1684	1685	10684
pa	1685	1686	10463
pa	1686	1687	10642
pa	1687	1688	10585
pa	1688	1689	10587
pa	1689	1690	10220
pa	1690	1691	10121
pa	1691	1692	10122
pa	1692	1693	10292
pa	1693	1694	10340
pa	1694	1695	10590
pa	1695	1696	10478
pa	1696	1697	10507
pa	1697	1698	10531
pa	1698	1699	10528
pa	1699	1700	10615
pa	1700	1701	10690
pa	1701	1702	10590
pa	1702	1703	10706
pa	1703	1704	10523
pa	1704	1705	10691
pa	1705	1706	10705
pa	1706	1707	10897
pa	1707	1708	10920
pa	1708	1709	10977
pa	1709	1710	10958
pa	1710	1711	10929
pa	1711	1712	10821
pa	1712	1713	11108
pa	1713	1714	10938
pa	1714	1715	10935
pa	1715	1716	10851
pa	1716	1717	10938
pa	1717	1718	10755
pa	1718	1719	10719
pa	1719	1720	10508
pa	1720	1721	10536
pa	1721	1722	10139
pa	1722	1723	10140
pa	1723	1724	10276
pa	1724	1725	10221
pa	1725	1726	10067
pa	1726	1727	10075
pa	1727	1728	10107
pa	1728	1729	10116
pa	1729	1730	10077
pa	1730	1731	10043
pa	1731	1732	9954
pa	1732	1733	9826
pa	1733	1734	9639
pa	1734	1735	9825
pa	1735	1736	9827
pa	1736	1737	9825
pa	1737	1738	9814
pa	1738	1739	9762
pa	1739	1740	9829
pa	1740	1741	9895
pa	1741	1742	9853
pa	1742	1743	9829
pa	1743	1744	9705
pa	1744	1745	9891
pa	1745	1746	9920
pa	1746	1747	9952
pa	1747	1748	9956
pa	1748	1749	10005
pa	1749	1750	9910
pa	1750	1751	9877
pa	1751	1752	9851
pa	1752	1753	9855
pa	1753	1754	9738
pa	1754	1755	9898
pa	1755	1756	9891
pa	1756	1757	9962
pa	1757	1758	9785
pa	1758	1759	9799
pa	1759	1760	9781
pa	1760	1761	9813
pa	1761	1762	10233
pa	1762	1763	10186
pa	1763	1764	10114
pa	1764	1765	9993
pa	1765	1766	9848
pa	1766	1767	9836
pa	1767	1768	9752
pa	1768	1769	9821
pa	1769	1770	9829
pa	1770	1771	9378
pa	1771	1772	9351
pa	1772	1773	9318
pa	1773	1774	9335
pa	1774	1775	9669
pa	1775	1776	9677
pa	1776	1777	9753
pa	1777	1778	9724
pa	1778	1779	9851
pa	1779	1780	10180
pa	1780	1781	10201
pa	1781	1782	10207
pa	1782	1783	10208
pa	1783	1784	9644
pa	1784	1785	9654
pa	1785	1786	9569
pa	1786	1787	9753
pa	1787	1788	9735
pa	1788	1789	9616
pa	1789	1790	9680
pa	1790	1791	9702
pa	1791	1792	9797
pa	1792	1793	9804
pa	1793	1794	9827
pa	1794	1795	9920
pa	1795	1796	9730
pa	1796	1797	9770
pa	1797	1798	9758
pa	1798	1799	9694
pa	1799	1800	9677
pa	1800	1801	9673
pa	1801	1802	9433
pa	1802	1803	9510
pa	1803	1804	9368
pa	1804	1805	9518
pa	1805	1806	9436
pa	1806	1807	9365
pa	1807	1808	9389
pa	1808	1809	9535
pa	1809	1810	9621
pa	1810	1811	9613
pa	1811	1812	9442
pa	1812	1813	9450
pa	1813	1814	9144
pa	1814	1815	9193
pa	1815	1816	9280
pa	1816	1817	9267
pa	1817	1818	9079
pa	1818	1819	9026
pa	1819	1820	8954
pa	1820	1821	8950
pa	1821	1822	8910
pa	1822	1823	8932
pa	1823	1824	8882
pa	1824	1825	9085
pa	1825	1826	9161
pa	1826	1827	9182
pa	1827	1828	9564
pa	1828	1829	9569
pa	1829	1830	9576
pa	1830	1831	9539
pa	1831	1832	9444
pa	1832	1833	9457
pa	1833	1834	9825
pa	1834	1835	9784
pa	1835	1836	9837
pa	1836	1837	9497
pa	1837	1838	9464
pa	1838	1839	9627
pa	1839	1840	9681
pa	1840	1841	9627
pa	1841	1842	9602
pa	1842	1843	9209
pa	1843	1844	9315
pa	1844	1845	9633
pa	1845	1846	9660
pa	1846	1847	9715
pa	1847	1848	9557
pa	1848	1849	9494
pa	1849	1850	9490
pa	1850	1851	9474
pa	1851	1852	9520
pa	1852	1853	9257
pa	1853	1854	8781
pa	1854	1855	8760
pa	1855	1856	8714
pa	1856	1857	8760
pa	1857	1858	8672
pa	1858	1859	8702
pa	1859	1860	8656
pa	1860	1861	8597
pa	1861	1862	8551
pa	1862	1863	8569
pa	1863	1864	8492
pa	1864	1865	8480
pa	1865	1866	8491
pa	1866	1867	8421
pa	1867	1868	8535
pa	1868	1869	8690
pa	1869	1870	8803
pa	1870	1871	8826
pa	1871	1872	8788
pa	1872	1873	8822
pa	1873	1874	8823
pa	1874	1875	8820
pa	1875	1876	8785
pa	1876	1877	8733
pa	1877	1878	8600
pa	1878	1879	8520
pa	1879	1880	8539
pa	1880	1881	8604
pa	1881	1882	8616
pa	1882	1883	8680
pa	1883	1884	8650
pa	1884	1885	8779
pa	1885	1886	8806
pa	1886	1887	8817
pa	1887	1888	8826
pa	1888	1889	8873
pa	1889	1890	8770
pa	1890	1891	8823
pa	1891	1893	8732
pa	1893	1894	8621
pa	1894	1895	8588
pa	1895	1896	8870
pa	1896	1897	9036
pa	1897	1898	9023
pa	1898	1899	8995
pa	1899	1900	8968
pa	1900	1901	8996
pa	1901	1902	8997
pa	1902	1903	9099
pa	1903	1904	9183
pa	1904	1905	8952
pa	1905	1906	8935
pa	1906	1907	8860
pa	1907	1908	8927
pa	1908	1909	9092
pa	1909	1910	9058
pa	1910	1911	9067
pa	1911	1912	8979
pa	1912	1913	8762
pa	1913	1914	8646
pa	1914	1915	8678
pa	1915	1916	8927
pa	1916	1917	8943
pa	1917	1918	8806
pa	1918	1919	9172
pa	1919	1920	9131
pa	1920	1921	9332
pa	1921	1922	9382
pa	1922	1923	9323
pa	1923	1924	9367
pa	1924	1925	9101
pa	1925	1926	9087
pa	1926	1927	9117
pa	1927	1928	8840
pa	1928	1929	8739
pa	1929	1930	9280
pa	1930	1931	9097
pa	1931	1932	9318
pa	1932	1933	9267
pa	1933	1934	9289
pa	1934	1935	9277
pa	1935	1936	9170
pa	1936	1937	9255
pa	1937	1938	9179
pa	1938	1939	8884
pa	1939	1940	8882
pa	1940	1941	8642
pa	1941	1942	8681
pa	1942	1943	8629
pa	1943	1944	8672
pa	1944	1945	8670
pa	1945	1946	8554
pa	1946	1947	8658
pa	1947	1948	8650
pa	1948	1949	8699
pa	1949	1950	8719
pa	1950	1951	8683
pa	1951	1952	8707
pa	1952	1953	8835
pa	1953	1954	8800
pa	1954	1955	8814
pa	1955	1956	8673
pa	1956	1957	8902
pa	1957	1958	8894
pa	1958	1959	9069
pa	1959	1960	9061
pa	1960	1961	8999
pa	1961	1962	9025
pa	1962	1963	8890
pa	1963	1964	8861
pa	1964	1965	8851
pa	1965	1966	8589
pa	1966	1967	9727
pa	1967	1968	9799
pa	1968	1969	9890
pa	1969	1970	9881
pa	1970	1971	10139
pa	1971	1972	10142
pa	1972	1973	10249
pa	1973	1974	10266
pa	1974	1975	10236
pa	1975	1976	9239
pa	1976	1977	8855
pa	1977	1978	8720
pa	1978	1979	8782
pa	1979	1980	8673
pa	1980	1981	8881
pa	1981	1982	8836
pa	1982	1983	8802
pa	1983	1984	8812
pa	1984	1985	8635
pa	1985	1986	8641
pa	1986	1987	8730
pa	1987	1988	8678
pa	1988	1989	8548
pa	1989	1990	8436
pa	1990	1991	8431
pa	1991	1992	8451
pa	1992	1993	8454
pa	1993	1994	8544
pa	1994	1995	8666
pa	1995	1996	8489
pa	1996	1997	8633
pa	1997	1998	8726
pa	1998	1999	8743
pa	1999	2000	8774
pa	2000	2001	8749
pa	2001	2002	8769
pa	2002	2003	8799
pa	2003	2004	8644
pa	2004	2005	8720
pa	2005	2006	8714
pa	2006	2008	8737
pa	2008	2010	8730
pa	2010	2011	8740
pa	2011	2012	8781
pa	2012	2013	8806
pa	2013	2014	8753
pa	2014	2015	8755
pa	2015	2016	8730
pa	2016	2017	8769
pa	2017	2018	8680
pa	2018	2019	8702
pa	2019	2020	8619
pa	2020	2021	8567
pa	2021	2022	8611
pa	2022	2023	8665
pa	2023	2024	8486
pa	2024	2025	8529
pa	2025	2026	8526
pa	2026	2027	8588
pa	2027	2028	8525
pa	2028	2029	8858
pa	2029	2030	8846
pa	2030	2031	8848
pa	2031	2032	8844
pa	2032	2033	8609
pa	2033	2034	8718
pa	2034	2035	8767
pa	2035	2036	8756
pa	2036	2037	8748
pa	2037	2038	9220
pa	2038	2039	8984
pa	2039	2040	8978
pa	2040	2041	8980
pa	2041	2042	9019
pa	2042	2043	8974
pa	2043	2044	8968
pa	2044	2045	8813
pa	2045	2046	8770
pa	2046	2047	8138
pa	2047	2048	8419
pa	2048	2049	8545
pa	2049	2050	8544
pa	2050	2051	8474
pa	2051	2052	8457
pa	2052	2053	8494
pa	2053	2054	8438
pa	2054	2055	8443
pa	2055	2056	8574
pa	2056	2057	8143
pa	2057	2058	7936
pa	2058	2059	7941
pa	2059	2060	7954
pa	2060	2061	7942
pa	2061	2062	7918
pa	2062	2063	7946
pa	2063	2064	7830
pa	2064	2065	7748
pa	2065	2066	7849
pa	2066	2067	7870
pa	2067	2068	7889
pa	2068	2069	8109
pa	2069	2070	8104
pa	2070	2071	8159
pa	2071	2072	8098
pa	2072	2073	8069
pa	2073	2074	8055
pa	2074	2075	8056
pa	2075	2076	8078
pa	2076	2077	8250
pa	2077	2078	8110
pa	2078	2079	8179
pa	2079	2080	8132
pa	2080	2081	8090
pa	2081	2082	8936
pa	2082	2083	8956
pa	2083	2084	8943
pa	2084	2085	8948
pa	2085	2086	8605
pa	2086	2087	8614
pa	2087	2088	8486
pa	2088	2089	8545
pa	2089	2090	8893
pa	2090	2091	8387
pa	2091	2092	9022
pa	2092	2093	9019
pa	2093	2094	9029
pa	2094	2095	9020
pa	2095	2096	8958
pa	2096	2097	8970
pa	2097	2098	8963
pa	2098	2099	8543
pa	2099	2100	8709
pa	2100	2101	8232
pa	2101	2102	8293
pa	2102	2103	8324
pa	2103	2104	8325
pa	2104	2105	8302
pa	2105	2106	8498
pa	2106	2107	8525
pa	2107	2108	8542
pa	2108	2109	8391
pa	2109	2110	8386
pa	2110	2111	8356
pa	2111	2112	8335
pa	2112	2113	8340
pa	2113	2114	8410
pa	2114	2115	8472
pa	2115	2116	8493
pa	2116	2117	8349
pa	2117	2118	8319
pa	2118	2119	8290
pa	2119	2120	8398
pa	2120	2121	8445
pa	2121	2122	8561
pa	2122	2123	8498
pa	2123	2124	8422
pa	2124	2125	8554
pa	2125	2126	8608
pa	2126	2127	8903
pa	2127	2128	8898
pa	2128	2129	8847
pa	2129	2130	8846
pa	2130	2131	8698
pa	2131	2132	8690
pa	2132	2133	8692
pa	2133	2134	8741
pa	2134	2135	8683
pa	2135	2136	8583
pa	2136	2137	8643
pa	2137	2138	8673
pa	2138	2139	8674
pa	2139	2140	8746
pa	2140	2141	8829
pa	2141	2142	9021
pa	2142	2143	9001
pa	2143	2144	9024
pa	2144	2145	9059
pa	2145	2146	8963
pa	2146	2147	8984
pa	2147	2148	8999
pa	2148	2149	8994
pa	2149	2150	9051
pa	2150	2151	8858
pa	2151	2152	8868
pa	2152	2153	8958
pa	2153	2154	9022
pa	2154	2155	9003
pa	2155	2156	8972
pa	2156	2157	9005
pa	2157	2158	8988
pa	2158	2159	9083
pa	2159	2160	8981
pa	2160	2161	8976
pa	2161	2162	8885
pa	2162	2163	8809
pa	2163	2164	8769
pa	2164	2165	8900
pa	2165	2166	8808
pa	2166	2167	8934
pa	2167	2168	8734
pa	2168	2169	8896
pa	2169	2170	8828
pa	2170	2171	8798
pa	2171	2172	8773
pa	2172	2173	8716
pa	2173	2174	8340
pa	2174	2175	8352
pa	2175	2176	8078
pa	2176	2177	7861
pa	2177	2178	7532
pa	2178	2179	7281
pa	2179	2180	7253
pa	2180	2181	7257
pa	2181	2182	7239
pa	2182	2183	7019
pa	2183	2184	6906
pa	2184	2185	6890
pa	2185	2186	6880
pa	2186	2187	6785
pa	2187	2188	6706
pa	2188	2189	6682
pa	2189	2190	6670
pa	2190	2191	6614
pa	2191	2192	6591
pa	2192	2193	6308
pa	2193	2194	6187
pa	2194	2195	6092
pa	2195	2196	5998
pa	2196	2197	5950
pa	2197	2198	5665
pa	2198	2199	5645
pa	2199	2200	5607
pa	2200	2201	5568
pa	2201	2202	5520
pa	2202	2203	5309
pa	2203	2204	5302
pa	2204	2205	5213
pa	2205	2206	5189
pa	2206	2207	4152
pa	2207	2208	3930
pa	2208	2209	3740
pa	2209	2210	3702
pa	2210	2211	3687
pa	2211	2212	3536
pa	2212	2213	3529
pa	2213	2214	3520
pa	2214	2215	3489
pa	2215	2216	3422
pa	2216	2217	2038
pa	2217	2218	2029
pa	2218	2219	1997
pa	2219	2220	1963
pa	2220	2221	1952
pa	2221	2222	1792
pa	2222	2223	1775
pa	2223	2224	1674
pa	2224	2225	1668
pa	2225	2226	1636
pa	2226	2227	1579
pa	2227	2228	1554
pa	2228	2229	1412
pa	2229	2230	1330
pa	2230	2231	1281
pa	2231	2232	1245
pa	2232	2233	339
ha	0	1	5175
ha	1	2	6008
ha	2	3	6043
ha	3	4	6069
ha	4	5	6400
ha	5	6	6806
ha	6	7	6889
ha	7	8	6960
ha	8	9	7179
ha	9	10	7193
ha	10	11	7409
ha	11	12	7575
ha	12	13	8161
ha	13	14	8240
ha	14	15	8261
ha	15	16	8302
ha	16	17	8474
ha	17	18	8512
ha	18	19	8825
ha	19	20	8880
ha	20	21	9062
ha	21	22	9080
ha	22	23	10271
ha	23	24	10326
ha	24	25	10418
ha	25	26	10474
ha	26	27	10622
ha	27	28	10703
ha	28	29	11206
ha	29	30	11224
ha	30	31	11584
ha	31	32	11656
ha	32	33	11677
ha	33	34	11975
ha	34	35	12053
ha	35	36	14206
ha	36	37	14335
ha	37	38	14417
ha	38	39	15590
ha	39	40	15653
ha	40	41	17908
ha	41	42	17961
ha	42	43	18018
ha	43	44	18058
ha	44	45	18113
ha	45	46	18520
ha	46	47	18614
ha	47	48	18704
ha	48	49	19106
ha	49	50	18917
ha	50	51	19502
ha	51	52	19545
ha	52	53	19699
ha	53	54	19766
ha	54	55	19743
ha	55	56	20031
ha	56	57	20948
ha	57	58	21703
ha	58	59	21733
ha	59	60	21514
ha	60	61	21725
ha	61	62	21715
ha	62	63	21896
ha	63	64	21964
ha	64	65	21943
ha	65	66	21764
ha	66	67	22497
ha	67	68	22734
ha	68	69	22735
ha	69	70	22794
ha	70	71	22832
ha	71	72	22893
ha	72	73	22908
ha	73	74	22936
ha	74	75	23082
ha	75	76	22629
ha	76	77	22778
ha	77	78	22808
ha	78	79	22832
ha	79	80	22854
ha	80	81	22797
ha	81	82	23717
ha	82	83	23683
ha	83	84	23585
ha	84	85	23748
ha	85	86	23792
ha	86	87	24062
ha	87	88	24075
ha	88	89	24073
ha	89	90	24087
ha	90	91	23324
ha	91	92	23993
ha	92	93	24048
ha	93	94	24084
ha	94	95	24164
ha	95	96	24031
ha	96	97	24400
ha	97	98	24413
ha	98	99	24494
ha	99	100	24360
ha	100	101	24108
ha	101	102	23966
ha	102	103	23948
ha	103	104	23990
ha	104	105	23997
ha	105	106	24999
ha	106	107	24736
ha	107	108	24983
ha	108	109	24954
ha	109	110	24980
ha	110	111	25052
ha	111	112	25001
ha	112	113	24939
ha	113	114	24932
ha	114	115	24045
ha	115	116	24389
ha	116	117	24201
ha	117	118	24241
ha	118	119	24238
ha	119	120	24188
ha	120	121	24354
ha	121	122	24387
ha	122	123	24390
ha	123	124	24525
ha	124	125	24169
ha	125	126	24057
ha	126	127	24061
ha	127	128	23869
ha	128	129	24291
ha	129	130	24093
ha	130	131	24092
ha	131	132	23944
ha	132	133	23768
ha	133	134	23960
ha	134	135	23937
ha	135	136	23954
ha	136	137	24127
ha	137	138	23347
ha	138	139	23298
ha	139	140	23169
ha	140	141	23005
ha	141	142	23136
ha	142	143	22533
ha	143	144	22473
ha	144	145	22426
ha	145	146	22175
ha	146	147	22173
ha	147	148	22269
ha	148	149	22160
ha	149	150	22704
ha	150	151	22618
ha	151	152	22989
ha	152	153	22941
ha	153	154	22866
ha	154	155	22941
ha	155	156	22828
ha	156	157	22626
ha	157	158	22579
ha	158	159	20223
ha	159	160	20345
ha	160	161	20980
ha	161	162	21624
ha	162	163	21557
ha	163	164	21566
ha	164	165	21527
ha	165	166	21737
ha	166	167	21821
ha	167	168	22021
ha	168	169	21954
ha	169	170	20055
ha	170	171	19939
ha	171	172	19834
ha	172	173	19720
ha	173	174	19555
ha	174	175	19503
ha	175	176	19473
ha	176	177	19403
ha	177	178	19387
ha	178	179	19331
ha	179	180	19284
ha	180	181	19151
ha	181	182	18925
ha	182	183	18879
ha	183	184	18468
ha	184	185	18479
ha	185	186	17996
ha	186	187	18235
ha	187	188	17979
ha	188	189	18415
ha	189	190	18428
ha	190	191	18439
ha	191	192	18277
ha	192	193	18313
ha	193	194	18297
ha	194	195	18253
ha	195	196	17961
ha	196	197	18152
ha	197	198	17669
ha	198	199	17754
ha	199	200	17488
ha	200	201	17525
ha	201	202	17681
ha	202	203	18233
ha	203	204	18556
ha	204	205	18409
ha	205	206	18358
ha	206	207	18235
ha	207	208	18504
ha	208	209	18488
ha	209	210	18474
ha	210	211	18490
ha	211	212	17660
ha	212	213	17631
ha	213	214	17640
ha	214	215	17783
ha	215	216	17620
ha	216	217	17422
ha	217	218	17504
ha	218	219	17497
ha	219	220	17615
ha	220	221	17652
ha	221	222	17438
ha	222	223	17239
ha	223	224	17277
ha	224	225	17301
ha	225	226	17683
ha	226	227	17780
ha	227	228	18603
ha	228	229	18548
ha	229	230	18536
ha	230	231	18492
ha	231	232	18462
ha	232	233	18505
ha	233	234	18475
ha	234	235	18899
ha	235	236	18912
ha	236	237	18218
ha	237	238	18644
ha	238	239	18745
ha	239	240	19565
ha	240	241	19749
ha	241	242	19756
ha	242	243	20229
ha	243	244	19505
ha	244	245	19807
ha	245	246	19804
ha	246	247	19489
ha	247	248	19575
ha	248	249	19199
ha	249	250	18934
ha	250	251	19097
ha	251	252	18977
ha	252	253	18962
ha	253	254	18899
ha	254	255	18861
ha	255	256	18946
ha	256	257	18867
ha	257	258	18782
ha	258	259	18869
ha	259	260	18854
ha	260	261	18899
ha	261	262	19065
ha	262	263	19078
ha	263	264	19148
ha	264	265	19030
ha	265	266	18875
ha	266	267	18761
ha	267	268	19080
ha	268	269	19000
ha	269	270	18952
ha	270	271	18752
ha	271	272	18770
ha	272	273	18736
ha	273	274	18781
ha	274	275	18672
ha	275	276	18719
ha	276	277	18496
ha	277	278	18456
ha	278	279	18385
ha	279	280	18371
ha	280	281	18478
ha	281	282	18454
ha	282	283	18688
ha	283	284	18695
ha	284	285	18750
ha	285	286	18897
ha	286	287	18866
ha	287	288	18882
ha	288	289	18896
ha	289	290	18602
ha	290	291	18703
ha	291	292	18357
ha	292	293	18764
ha	293	294	18762
ha	294	295	18790
ha	295	296	18829
ha	296	297	18797
ha	297	298	18773
ha	298	299	18889
ha	299	300	18740
ha	300	301	18447
ha	301	302	17741
ha	302	303	17703
ha	303	304	19359
ha	304	305	19265
ha	305	306	19499
ha	306	307	19587
ha	307	308	19435
ha	308	309	21061
ha	309	310	21049
ha	310	311	21318
ha	311	312	21229
ha	312	313	18078
ha	313	314	18226
ha	314	315	18095
ha	315	316	18024
ha	316	317	18002
ha	317	318	16874
ha	318	319	16896
ha	319	320	16537
ha	320	321	16514
ha	321	322	16981
ha	322	323	16931
ha	323	324	16930
ha	324	325	16894
ha	325	326	16902
ha	326	327	16914
ha	327	328	16953
ha	328	329	16973
ha	329	330	16891
ha	330	331	16347
ha	331	332	16718
ha	332	333	16880
ha	333	334	16882
ha	334	335	16848
ha	335	336	16818
ha	336	337	16819
ha	337	338	16835
ha	338	339	16711
ha	339	340	16809
ha	340	341	16650
ha	341	342	16377
ha	342	343	17331
ha	343	344	17306
ha	344	345	17482
ha	345	346	17467
ha	346	347	17595
ha	347	348	17876
ha	348	349	17794
ha	349	350	17767
ha	350	351	17777
ha	351	352	16860
ha	352	353	16897
ha	353	354	16720
ha	354	355	16706
ha	355	356	16360
ha	356	357	16337
ha	357	358	16330
ha	358	359	16621
ha	359	360	16597
ha	360	361	16730
ha	361	362	16684
ha	362	363	16662
ha	363	364	16577
ha	364	365	16638
ha	365	366	16091
ha	366	367	16266
ha	367	368	15580
ha	368	369	15771
ha	369	370	15637
ha	370	371	15668
ha	371	372	15639
ha	372	373	15524
ha	373	374	15624
ha	374	375	15283
ha	375	376	14755
ha	376	377	14806
ha	377	378	14524
ha	378	379	14613
ha	379	380	14558
ha	380	381	14744
ha	381	382	14687
ha	382	383	14512
ha	383	384	14395
ha	384	385	14453
ha	385	386	14425
ha	386	387	14437
ha	387	388	14357
ha	388	389	14307
ha	389	390	13921
ha	390	391	14026
ha	391	392	13793
ha	392	393	13813
ha	393	394	13790
ha	394	395	13248
ha	395	396	13799
ha	396	397	13657
ha	397	398	13716
ha	398	399	13732
ha	399	400	13380
ha	400	401	13390
ha	401	402	13368
ha	402	403	13367
ha	403	404	13369
ha	404	405	12560
ha	405	406	12541
ha	406	407	12536
ha	407	408	12570
ha	408	409	12473
ha	409	410	12611
ha	410	411	12676
ha	411	412	12689
ha	412	413	12669
ha	413	414	12429
ha	414	415	12715
ha	415	416	13177
ha	416	417	13196
ha	417	419	13215
ha	419	420	13075
ha	420	421	13191
ha	421	422	13264
ha	422	423	13270
ha	423	424	13122
ha	424	425	12758
ha	425	426	13364
ha	426	427	13697
ha	427	428	13805
ha	428	429	13819
ha	429	430	13910
ha	430	431	13901
ha	431	432	13876
ha	432	433	13878
ha	433	434	13674
ha	434	435	13786
ha	435	436	13336
ha	436	437	13313
ha	437	438	13318
ha	438	439	13161
ha	439	440	13126
ha	440	441	13191
ha	441	442	13162
ha	442	443	13106
ha	443	444	13051
ha	444	445	12930
ha	445	446	13016
ha	446	447	13076
ha	447	448	13302
ha	448	449	13413
ha	449	450	13363
ha	450	451	13371
ha	451	452	13361
ha	452	453	13421
ha	453	454	13365
ha	454	455	12956
ha	455	456	13048
ha	456	457	12883
ha	457	458	12963
ha	458	459	13762
ha	459	460	13794
ha	460	461	14185
ha	461	462	14043
ha	462	463	14052
ha	463	464	13982
ha	464	465	13771
ha	465	466	13895
ha	466	467	13918
ha	467	468	12825
ha	468	469	13117
ha	469	470	12748
ha	470	471	12924
ha	471	472	12891
ha	472	473	12821
ha	473	474	12868
ha	474	475	12681
ha	475	476	12749
ha	476	477	12756
ha	477	478	12631
ha	478	479	12730
ha	479	480	13254
ha	480	481	13221
ha	481	482	13292
ha	482	483	13202
ha	483	484	13865
ha	484	485	13970
ha	485	486	14003
ha	486	487	14118
ha	487	488	13945
ha	488	489	13253
ha	489	490	13295
ha	490	491	13254
ha	491	492	13246
ha	492	493	12621
ha	493	494	12605
ha	494	495	12523
ha	495	496	12529
ha	496	497	12578
ha	497	498	12521
ha	498	499	12549
ha	499	500	12552
ha	500	502	12805
ha	502	503	12721
ha	503	504	12728
ha	504	505	12800
ha	505	506	12735
ha	506	507	12801
ha	507	508	12840
ha	508	509	12731
ha	509	510	12982
ha	510	511	12900
ha	511	512	12989
ha	512	513	13062
ha	513	514	13036
ha	514	515	13218
ha	515	516	13196
ha	516	517	13283
ha	517	518	13369
ha	518	519	13103
ha	519	520	13220
ha	520	521	13096
ha	521	522	13286
ha	522	523	13382
ha	523	524	13234
ha	524	525	13141
ha	525	526	13036
ha	526	527	13247
ha	527	528	13231
ha	528	529	13250
ha	529	530	13233
ha	530	531	13045
ha	531	532	13021
ha	532	533	13011
ha	533	534	12984
ha	534	535	13132
ha	535	536	12789
ha	536	537	12746
ha	537	538	12775
ha	538	539	12740
ha	539	540	13516
ha	540	541	13524
ha	541	542	13546
ha	542	543	13531
ha	543	544	13502
ha	544	545	13522
ha	545	546	13496
ha	546	547	13714
ha	547	548	13556
ha	548	549	13026
ha	549	550	12858
ha	550	551	13048
ha	551	552	13580
ha	552	553	13339
ha	553	554	13393
ha	554	555	13326
ha	555	556	12957
ha	556	557	12978
ha	557	558	12807
ha	558	559	12973
ha	559	560	12751
ha	560	561	11977
ha	561	562	11924
ha	562	563	12441
ha	563	564	12742
ha	564	565	12807
ha	565	566	12762
ha	566	567	12821
ha	567	568	14783
ha	568	569	14761
ha	569	570	14884
ha	570	571	14882
ha	571	572	14431
ha	572	573	14397
ha	573	574	14352
ha	574	575	14378
ha	575	576	14345
ha	576	577	13387
ha	577	578	13351
ha	578	579	13462
ha	579	580	13470
ha	580	581	13496
ha	581	582	13551
ha	582	583	13645
ha	583	584	13677
ha	584	585	13675
ha	585	586	13607
ha	586	587	13828
ha	587	588	13864
ha	588	589	14274
ha	589	590	15107
ha	590	591	15850
ha	591	592	16598
ha	592	593	16602
ha	593	594	16624
ha	594	595	16635
ha	595	596	16723
ha	596	597	16712
ha	597	598	16662
ha	598	599	16720
ha	599	600	15852
ha	600	601	16279
ha	601	602	16048
ha	602	603	16192
ha	603	604	16199
ha	604	605	16094
ha	605	606	16332
ha	606	607	16232
ha	607	608	16243
ha	608	609	16237
ha	609	610	15962
ha	610	611	16028
ha	611	612	15937
ha	612	613	16228
ha	613	614	16407
ha	614	615	16198
ha	615	616	16455
ha	616	617	16427
ha	617	618	16742
ha	618	619	16804
ha	619	620	16717
ha	620	621	16707
ha	621	622	16777
ha	622	623	16421
ha	623	624	16800
ha	624	625	16477
ha	625	626	16611
ha	626	627	16675
ha	627	628	16418
ha	628	629	16476
ha	629	630	16805
ha	630	631	16663
ha	631	632	16744
ha	632	633	16240
ha	633	634	16280
ha	634	635	16115
ha	635	636	16056
ha	636	637	16226
ha	637	638	16159
ha	638	639	16183
ha	639	640	16057
ha	640	641	16055
ha	641	642	15956
ha	642	643	15970
ha	643	644	16079
ha	644	645	15874
ha	645	646	16034
ha	646	647	16013
ha	647	648	16226
ha	648	649	16268
ha	649	650	16046
ha	650	651	16032
ha	651	652	15855
ha	652	653	15745
ha	653	654	15641
ha	654	655	15727
ha	655	656	15457
ha	656	657	15226
ha	657	658	14876
ha	658	659	14978
ha	659	660	15048
ha	660	661	15035
ha	661	662	14616
ha	662	663	14947
ha	663	664	15027
ha	664	665	14970
ha	665	666	15430
ha	666	667	15585
ha	667	668	15412
ha	668	669	15501
ha	669	670	15362
ha	670	671	15335
ha	671	672	15209
ha	672	673	14993
ha	673	674	15026
ha	674	675	14731
ha	675	676	14465
ha	676	677	14433
ha	677	678	14431
ha	678	679	14518
ha	679	680	14695
ha	680	681	14705
ha	681	682	14599
ha	682	683	14518
ha	683	684	14511
ha	684	685	14557
ha	685	686	14966
ha	686	687	15348
ha	687	688	15119
ha	688	689	15183
ha	689	690	14994
ha	690	691	15021
ha	691	692	15264
ha	692	693	15262
ha	693	694	15364
ha	694	695	15026
ha	695	696	14327
ha	696	697	14373
ha	697	698	14356
ha	698	699	14516
ha	699	700	14484
ha	700	701	14158
ha	701	702	14176
ha	702	703	14076
ha	703	704	14134
ha	704	705	14171
ha	705	706	14150
ha	706	707	14358
ha	707	708	14268
ha	708	709	14289
ha	709	710	14369
ha	710	711	14408
ha	711	712	14424
ha	712	713	14376
ha	713	714	14337
ha	714	715	14473
ha	715	716	14470
ha	716	717	14234
ha	717	718	14199
ha	718	719	14626
ha	719	720	14627
ha	720	721	14584
ha	721	722	14543
ha	722	723	14530
ha	723	724	14678
ha	724	725	14666
ha	725	727	14564
ha	727	728	14417
ha	728	730	14447
ha	730	731	14686
ha	731	732	14665
ha	732	733	14477
ha	733	734	14442
ha	734	735	14424
ha	735	736	14462
ha	736	737	14163
ha	737	738	14152
ha	738	739	14149
ha	739	740	13963
ha	740	741	13653
ha	741	742	14068
ha	742	743	14058
ha	743	744	14216
ha	744	745	14202
ha	745	746	14204
ha	746	747	14323
ha	747	748	14339
ha	748	749	14394
ha	749	750	14468
ha	750	751	13894
ha	751	752	13814
ha	752	753	13673
ha	753	754	13707
ha	754	755	13936
ha	755	756	13788
ha	756	757	13798
ha	757	758	13656
ha	758	759	13689
ha	759	760	15078
ha	760	761	15094
ha	761	762	15104
ha	762	763	15061
ha	763	764	14849
ha	764	765	14917
ha	765	766	14922
ha	766	767	14931
ha	767	768	14932
ha	768	769	13549
ha	769	770	14511
ha	770	771	15082
ha	771	772	15654
ha	772	773	15778
ha	773	774	15746
ha	774	775	15752
ha	775	776	15830
ha	776	777	15774
ha	777	778	15749
ha	778	779	15775
ha	779	780	14915
ha	780	781	14492
ha	781	782	14538
ha	782	783	14571
ha	783	784	14600
ha	784	785	14528
ha	785	786	14892
ha	786	787	14867
ha	787	788	14861
ha	788	789	14857
ha	789	790	14577
ha	790	791	14666
ha	791	792	14650
ha	792	793	14838
ha	793	794	14829
ha	794	795	14348
ha	795	796	14420
ha	796	797	14433
ha	797	798	14455
ha	798	799	14378
ha	799	800	14340
ha	800	801	14265
ha	801	802	14331
ha	802	803	14008
ha	803	804	14164
ha	804	805	14081
ha	805	806	14008
ha	806	807	14046
ha	807	808	14065
ha	808	809	14127
ha	809	810	14140
ha	810	811	14030
ha	811	812	13982
ha	812	813	13494
ha	813	814	13510
ha	814	815	13455
ha	815	816	13548
ha	816	817	13556
ha	817	818	13473
ha	818	819	13522
ha	819	820	13389
ha	820	821	16188
ha	821	822	17184
ha	822	823	17138
ha	823	824	17804
ha	824	825	17857
ha	825	826	18321
ha	826	827	19201
ha	827	828	19264
ha	828	829	19515
ha	829	830	18516
ha	830	831	18233
ha	831	832	18265
ha	832	833	18107
ha	833	834	18138
ha	834	835	18528
ha	835	836	18104
ha	836	837	18085
ha	837	838	18199
ha	838	839	18022
ha	839	840	18218
ha	840	841	18247
ha	841	842	18333
ha	842	843	18267
ha	843	844	17889
ha	844	845	18196
ha	845	846	18169
ha	846	847	18374
ha	847	848	18347
ha	848	849	18422
ha	849	850	18807
ha	850	851	18914
ha	851	852	18920
ha	852	853	18887
ha	853	854	18849
ha	854	855	18836
ha	855	856	18954
ha	856	857	18997
ha	857	858	18934
ha	858	859	19260
ha	859	860	18949
ha	860	861	19424
ha	861	862	19368
ha	862	863	19390
ha	863	864	19500
ha	864	865	19308
ha	865	866	19868
ha	866	867	19824
ha	867	868	19633
ha	868	869	19804
ha	869	870	19366
ha	870	871	19635
ha	871	872	19584
ha	872	873	19356
ha	873	874	19322
ha	874	875	18371
ha	875	876	18627
ha	876	877	18505
ha	877	878	18497
ha	878	879	18749
ha	879	880	18445
ha	880	881	18793
ha	881	882	18712
ha	882	883	19125
ha	883	884	20576
ha	884	885	20858
ha	885	886	20882
ha	886	887	20706
ha	887	888	20192
ha	888	889	20170
ha	889	890	19887
ha	890	891	19891
ha	891	892	19566
ha	892	893	18696
ha	893	894	17788
ha	894	896	18554
ha	896	897	18700
ha	897	898	18680
ha	898	899	18280
ha	899	900	18256
ha	900	901	18439
ha	901	902	18319
ha	902	903	18459
ha	903	904	17463
ha	904	905	17427
ha	905	906	17300
ha	906	907	17370
ha	907	908	17686
ha	908	909	17892
ha	909	910	17552
ha	910	911	17276
ha	911	912	17048
ha	912	913	16977
ha	913	914	16957
ha	914	915	17680
ha	915	916	17607
ha	916	917	17156
ha	917	918	17074
ha	918	919	17029
ha	919	920	16998
ha	920	921	16944
ha	921	922	16813
ha	922	923	16625
ha	923	924	15692
ha	924	925	15377
ha	925	926	15432
ha	926	927	15381
ha	927	928	15470
ha	928	929	15545
ha	929	930	15534
ha	930	931	16008
ha	931	932	16002
ha	932	933	16096
ha	933	934	16200
ha	934	935	16190
ha	935	936	16665
ha	936	937	16632
ha	937	938	16623
ha	938	939	16669
ha	939	940	16361
ha	940	941	16454
ha	941	942	16176
ha	942	943	16124
ha	943	944	16732
ha	944	945	16445
ha	945	946	16476
ha	946	947	16678
ha	947	948	16667
ha	948	949	17220
ha	949	950	17118
ha	950	951	17144
ha	951	952	17242
ha	952	953	16914
ha	953	954	18774
ha	954	955	19013
ha	955	956	19023
ha	956	957	19363
ha	957	958	18818
ha	958	959	18919
ha	959	960	18678
ha	960	961	18934
ha	961	962	19355
ha	962	963	18576
ha	963	964	18440
ha	964	965	18478
ha	965	966	18261
ha	966	967	18509
ha	967	968	18433
ha	968	969	20049
ha	969	970	19928
ha	970	971	19654
ha	971	972	19478
ha	972	973	19299
ha	973	974	19379
ha	974	975	19364
ha	975	976	19286
ha	976	977	19222
ha	977	978	18048
ha	978	979	18050
ha	979	980	17892
ha	980	981	18283
ha	981	982	18755
ha	982	983	18747
ha	983	984	18793
ha	984	985	18757
ha	985	986	19104
ha	986	987	19260
ha	987	988	19392
ha	988	989	19516
ha	989	990	19473
ha	990	991	19113
ha	991	992	19061
ha	992	993	18994
ha	993	994	19042
ha	994	995	19055
ha	995	996	19067
ha	996	997	19335
ha	997	998	19313
ha	998	999	19405
ha	999	1000	19346
ha	1000	1001	19376
ha	1001	1002	19360
ha	1002	1003	19475
ha	1003	1004	19593
ha	1004	1005	19730
ha	1005	1006	19688
ha	1006	1007	19585
ha	1007	1008	19753
ha	1008	1009	19884
ha	1009	1010	20039
ha	1010	1011	20011
ha	1011	1012	20324
ha	1012	1013	20062
ha	1013	1014	20030
ha	1014	1015	20026
ha	1015	1016	20043
ha	1016	1017	20054
ha	1017	1018	20036
ha	1018	1019	19764
ha	1019	1020	19729
ha	1020	1021	19516
ha	1021	1022	19629
ha	1022	1023	19709
ha	1023	1024	20041
ha	1024	1025	20130
ha	1025	1026	19981
ha	1026	1027	20412
ha	1027	1028	20386
ha	1028	1029	20866
ha	1029	1030	20864
ha	1030	1031	20631
ha	1031	1032	20471
ha	1032	1033	19972
ha	1033	1034	19637
ha	1034	1035	19709
ha	1035	1036	19271
ha	1036	1037	19626
ha	1037	1038	19391
ha	1038	1039	19160
ha	1039	1040	19146
ha	1040	1041	19025
ha	1041	1042	19053
ha	1042	1043	19137
ha	1043	1044	19234
ha	1044	1045	18921
ha	1045	1046	18776
ha	1046	1047	18179
ha	1047	1048	18148
ha	1048	1049	18143
ha	1049	1050	18086
ha	1050	1051	18178
ha	1051	1052	18032
ha	1052	1053	18316
ha	1053	1054	18220
ha	1054	1055	18119
ha	1055	1056	18289
ha	1056	1057	18318
ha	1057	1058	18244
ha	1058	1059	18319
ha	1059	1060	18201
ha	1060	1061	18155
ha	1061	1062	18214
ha	1062	1063	17808
ha	1063	1064	17947
ha	1064	1065	17865
ha	1065	1066	17641
ha	1066	1067	17570
ha	1067	1068	17462
ha	1068	1069	18163
ha	1069	1070	18010
ha	1070	1071	17940
ha	1071	1072	17969
ha	1072	1073	17824
ha	1073	1074	17868
ha	1074	1075	17949
ha	1075	1076	18086
ha	1076	1077	17980
ha	1077	1078	17602
ha	1078	1079	17812
ha	1079	1080	17880
ha	1080	1081	18460
ha	1081	1082	18437
ha	1082	1083	18312
ha	1083	1084	18106
ha	1084	1085	20006
ha	1085	1086	21950
ha	1086	1087	22584
ha	1087	1088	22339
ha	1088	1089	22378
ha	1089	1090	22581
ha	1090	1091	22723
ha	1091	1092	22632
ha	1092	1093	22445
ha	1093	1094	22493
ha	1094	1095	18483
ha	1095	1096	18416
ha	1096	1097	18333
ha	1097	1098	18420
ha	1098	1099	18241
ha	1099	1100	18252
ha	1100	1101	18246
ha	1101	1102	18226
ha	1102	1103	18125
ha	1103	1104	18178
ha	1104	1105	18030
ha	1105	1106	17948
ha	1106	1107	17759
ha	1107	1108	17883
ha	1108	1109	17981
ha	1109	1110	18207
ha	1110	1111	18146
ha	1111	1112	18045
ha	1112	1113	18025
ha	1113	1114	18447
ha	1114	1115	18669
ha	1115	1116	18645
ha	1116	1117	18544
ha	1117	1118	18602
ha	1118	1119	18524
ha	1119	1120	18511
ha	1120	1121	18798
ha	1121	1122	19029
ha	1122	1123	18756
ha	1123	1124	18698
ha	1124	1125	19053
ha	1125	1126	20037
ha	1126	1127	20169
ha	1127	1128	20299
ha	1128	1129	20317
ha	1129	1130	21000
ha	1130	1131	21201
ha	1131	1132	21267
ha	1132	1133	21196
ha	1133	1134	21044
ha	1134	1135	21186
ha	1135	1136	20951
ha	1136	1137	21029
ha	1137	1138	22166
ha	1138	1139	21819
ha	1139	1140	21395
ha	1140	1141	21408
ha	1141	1142	21518
ha	1142	1143	22390
ha	1143	1144	22135
ha	1144	1145	21700
ha	1145	1146	21666
ha	1146	1147	21075
ha	1147	1148	22102
ha	1148	1149	23308
ha	1149	1150	23685
ha	1150	1151	23721
ha	1151	1152	23073
ha	1152	1153	23480
ha	1153	1154	23550
ha	1154	1155	23753
ha	1155	1156	23881
ha	1156	1157	23430
ha	1157	1158	23857
ha	1158	1159	23788
ha	1159	1160	24452
ha	1160	1161	24696
ha	1161	1162	24737
ha	1162	1163	24505
ha	1163	1164	24352
ha	1164	1165	24252
ha	1165	1166	24211
ha	1166	1167	24252
ha	1167	1168	23842
ha	1168	1169	24096
ha	1169	1170	24006
ha	1170	1171	24064
ha	1171	1173	24318
ha	1173	1174	24866
ha	1174	1175	24772
ha	1175	1176	24760
ha	1176	1177	24776
ha	1177	1178	25083
ha	1178	1179	24789
ha	1179	1180	24646
ha	1180	1181	24489
ha	1181	1182	24527
ha	1182	1183	24304
ha	1183	1184	24421
ha	1184	1185	25013
ha	1185	1186	24989
ha	1186	1187	24909
ha	1187	1188	24826
ha	1188	1189	24969
ha	1189	1190	24951
ha	1190	1191	25420
ha	1191	1192	25958
ha	1192	1193	26388
ha	1193	1194	26250
ha	1194	1195	25972
ha	1195	1196	26464
ha	1196	1197	28091
ha	1197	1198	28195
ha	1198	1199	28282
ha	1199	1200	27974
ha	1200	1201	27681
ha	1201	1202	27322
ha	1202	1203	28295
ha	1203	1204	28236
ha	1204	1205	28708
ha	1205	1206	27665
ha	1206	1207	27675
ha	1207	1208	27851
ha	1208	1209	29074
ha	1209	1210	29289
ha	1210	1211	29222
ha	1211	1212	28692
ha	1212	1213	28601
ha	1213	1215	28377
ha	1215	1216	29029
ha	1216	1217	29080
ha	1217	1218	28323
ha	1218	1219	28077
ha	1219	1220	27904
ha	1220	1221	28710
ha	1221	1222	28895
ha	1222	1223	28830
ha	1223	1224	28902
ha	1224	1225	28359
ha	1225	1226	28976
ha	1226	1227	28973
ha	1227	1228	28978
ha	1228	1229	28917
ha	1229	1230	28460
ha	1230	1231	28306
ha	1231	1232	28551
ha	1232	1233	28476
ha	1233	1234	28608
ha	1234	1235	28155
ha	1235	1236	28125
ha	1236	1237	28645
ha	1237	1238	28872
ha	1238	1239	28985
ha	1239	1240	29010
ha	1240	1241	28884
ha	1241	1242	28702
ha	1242	1243	28889
ha	1243	1244	28526
ha	1244	1245	28675
ha	1245	1246	28191
ha	1246	1247	28453
ha	1247	1248	28249
ha	1248	1249	29548
ha	1249	1250	29452
ha	1250	1251	29411
ha	1251	1252	29214
ha	1252	1253	29157
ha	1253	1254	28919
ha	1254	1255	28902
ha	1255	1256	28742
ha	1256	1257	28638
ha	1257	1258	27603
ha	1258	1259	28597
ha	1259	1260	28623
ha	1260	1261	28618
ha	1261	1262	28716
ha	1262	1263	28769
ha	1263	1264	28727
ha	1264	1265	28547
ha	1265	1266	28482
ha	1266	1267	28452
ha	1267	1268	29055
ha	1268	1269	27506
ha	1269	1270	28583
ha	1270	1271	28509
ha	1271	1272	28450
ha	1272	1273	28702
ha	1273	1274	28729
ha	1274	1275	28702
ha	1275	1276	28552
ha	1276	1277	27506
ha	1277	1278	27998
ha	1278	1279	28740
ha	1279	1280	28379
ha	1280	1281	28342
ha	1281	1282	28193
ha	1282	1283	28496
ha	1283	1284	28484
ha	1284	1285	28638
ha	1285	1286	28454
ha	1286	1287	28487
ha	1287	1288	28662
ha	1288	1289	27490
ha	1289	1290	28588
ha	1290	1291	28838
ha	1291	1292	28825
ha	1292	1293	28749
ha	1293	1294	28329
ha	1294	1295	28476
ha	1295	1296	28193
ha	1296	1297	28620
ha	1297	1298	28938
ha	1298	1299	27967
ha	1299	1300	27792
ha	1300	1301	27739
ha	1301	1302	27947
ha	1302	1303	28165
ha	1303	1304	28004
ha	1304	1305	27952
ha	1305	1306	28018
ha	1306	1307	28055
ha	1307	1308	28613
ha	1308	1309	28775
ha	1309	1310	28849
ha	1310	1311	28846
ha	1311	1312	28699
ha	1312	1313	29187
ha	1313	1314	29288
ha	1314	1315	29307
ha	1315	1316	29454
ha	1316	1317	29197
ha	1317	1318	29000
ha	1318	1319	29101
ha	1319	1320	29090
ha	1320	1321	29256
ha	1321	1322	29018
ha	1322	1323	29572
ha	1323	1324	29688
ha	1324	1325	29983
ha	1325	1326	31218
ha	1326	1327	31908
ha	1327	1328	31978
ha	1328	1329	31972
ha	1329	1330	31926
ha	1330	1331	31967
ha	1331	1332	31591
ha	1332	1333	32283
ha	1333	1334	32850
ha	1334	1335	32183
ha	1335	1336	32192
ha	1336	1337	32007
ha	1337	1338	32222
ha	1338	1339	33248
ha	1339	1340	33245
ha	1340	1341	34140
ha	1341	1342	35115
ha	1342	1343	34731
ha	1343	1344	35365
ha	1344	1345	35401
ha	1345	1346	35386
ha	1346	1347	35911
ha	1347	1348	34737
ha	1348	1349	34786
ha	1349	1350	34713
ha	1350	1351	33256
ha	1351	1352	33582
ha	1352	1353	33696
ha	1353	1354	33785
ha	1354	1355	34519
ha	1355	1356	34522
ha	1356	1357	34661
ha	1357	1358	34361
ha	1358	1359	34397
ha	1359	1360	34597
ha	1360	1361	34690
ha	1361	1362	34516
ha	1362	1363	34613
ha	1363	1364	34151
ha	1364	1365	33914
ha	1365	1366	34012
ha	1366	1367	34133
ha	1367	1368	34331
ha	1368	1369	34361
ha	1369	1370	34756
ha	1370	1371	34795
ha	1371	1372	34715
ha	1372	1373	34866
ha	1373	1374	34897
ha	1374	1375	35259
ha	1375	1376	35244
ha	1376	1377	35126
ha	1377	1378	35302
ha	1378	1379	35183
ha	1379	1380	35586
ha	1380	1381	36029
ha	1381	1382	36136
ha	1382	1383	37576
ha	1383	1384	37258
ha	1384	1385	38037
ha	1385	1386	38017
ha	1386	1387	38337
ha	1387	1388	38365
ha	1388	1389	38146
ha	1389	1390	37838
ha	1390	1391	37612
ha	1391	1392	36761
ha	1392	1393	36936
ha	1393	1394	36461
ha	1394	1395	36416
ha	1395	1396	36203
ha	1396	1397	36244
ha	1397	1398	37209
ha	1398	1399	37384
ha	1399	1400	37431
ha	1400	1401	37757
ha	1401	1402	37786
ha	1402	1403	37894
ha	1403	1404	38375
ha	1404	1405	38446
ha	1405	1406	39429
ha	1406	1407	39183
ha	1407	1408	39233
ha	1408	1409	39196
ha	1409	1410	38960
ha	1410	1411	39013
ha	1411	1412	38612
ha	1412	1413	38352
ha	1413	1414	39133
ha	1414	1415	38854
ha	1415	1417	38290
ha	1417	1418	38270
ha	1418	1419	38271
ha	1419	1420	38181
ha	1420	1421	38176
ha	1421	1422	38241
ha	1422	1423	38077
ha	1423	1424	36992
ha	1424	1425	37074
ha	1425	1426	37249
ha	1426	1427	37956
ha	1427	1428	37979
ha	1428	1429	37406
ha	1429	1430	37254
ha	1430	1431	38377
ha	1431	1432	38421
ha	1432	1433	38580
ha	1433	1434	38385
ha	1434	1435	38088
ha	1435	1436	37976
ha	1436	1437	36927
ha	1437	1438	38441
ha	1438	1439	38353
ha	1439	1440	37116
ha	1440	1441	37124
ha	1441	1442	36843
ha	1442	1443	37259
ha	1443	1444	37990
ha	1444	1445	37973
ha	1445	1446	37732
ha	1446	1447	35682
ha	1447	1448	34298
ha	1448	1449	36433
ha	1449	1450	36509
ha	1450	1451	36681
ha	1451	1452	36603
ha	1452	1453	34905
ha	1453	1454	34880
ha	1454	1455	34869
ha	1455	1456	35075
ha	1456	1457	35210
ha	1457	1458	32395
ha	1458	1459	32411
ha	1459	1460	32397
ha	1460	1461	31999
ha	1461	1462	32907
ha	1462	1463	33101
ha	1463	1464	33064
ha	1464	1465	32814
ha	1465	1466	32386
ha	1466	1467	32309
ha	1467	1468	32242
ha	1468	1469	32223
ha	1469	1470	32203
ha	1470	1471	31441
ha	1471	1472	30913
ha	1472	1473	31417
ha	1473	1474	31410
ha	1474	1475	31725
ha	1475	1476	31743
ha	1476	1477	31298
ha	1477	1478	31357
ha	1478	1479	31287
ha	1479	1480	31314
ha	1480	1481	31578
ha	1481	1482	31061
ha	1482	1483	31066
ha	1483	1484	30493
ha	1484	1485	30984
ha	1485	1486	31386
ha	1486	1487	31300
ha	1487	1488	31294
ha	1488	1489	31459
ha	1489	1490	31222
ha	1490	1491	31096
ha	1491	1492	30999
ha	1492	1493	31039
ha	1493	1494	32070
ha	1494	1495	31436
ha	1495	1496	31868
ha	1496	1497	32042
ha	1497	1498	31999
ha	1498	1499	32041
ha	1499	1500	32300
ha	1500	1501	32065
ha	1501	1502	32302
ha	1502	1503	31076
ha	1503	1504	31280
ha	1504	1505	31747
ha	1505	1506	31990
ha	1506	1507	32059
ha	1507	1508	32026
ha	1508	1509	32152
ha	1509	1510	32029
ha	1510	1511	32047
ha	1511	1512	31438
ha	1512	1513	31123
ha	1513	1514	29922
ha	1514	1515	30547
ha	1515	1516	29344
ha	1516	1517	29551
ha	1517	1518	29280
ha	1518	1519	29466
ha	1519	1520	29420
ha	1520	1521	29729
ha	1521	1522	29845
ha	1522	1523	29770
ha	1523	1524	28433
ha	1524	1525	28201
ha	1525	1526	28053
ha	1526	1527	28189
ha	1527	1528	28119
ha	1528	1529	28450
ha	1529	1530	27984
ha	1530	1531	28037
ha	1531	1532	28232
ha	1532	1533	28176
ha	1533	1534	29030
ha	1534	1535	29019
ha	1535	1536	29010
ha	1536	1537	28951
ha	1537	1538	28435
ha	1538	1539	28560
ha	1539	1540	28480
ha	1540	1541	28626
ha	1541	1542	28603
ha	1542	1543	27981
ha	1543	1544	28197
ha	1544	1545	28015
ha	1545	1546	29152
ha	1546	1547	29086
ha	1547	1548	29125
ha	1548	1549	28882
ha	1549	1550	28114
ha	1550	1551	28176
ha	1551	1552	27631
ha	1552	1553	27890
ha	1553	1554	27747
ha	1554	1555	24970
ha	1555	1556	24910
ha	1556	1557	24065
ha	1557	1558	24034
ha	1558	1559	24070
ha	1559	1560	24060
ha	1560	1561	23959
ha	1561	1562	23603
ha	1562	1563	23757
ha	1563	1564	24218
ha	1564	1565	24112
ha	1565	1566	23838
ha	1566	1567	23788
ha	1567	1568	23798
ha	1568	1569	23745
ha	1569	1570	23635
ha	1570	1571	22938
ha	1571	1572	23145
ha	1572	1573	21975
ha	1573	1575	22150
ha	1575	1576	22127
ha	1576	1577	22938
ha	1577	1578	22924
ha	1578	1579	23005
ha	1579	1580	22940
ha	1580	1581	22597
ha	1581	1582	22515
ha	1582	1583	22241
ha	1583	1584	22300
ha	1584	1585	22312
ha	1585	1586	21167
ha	1586	1587	21449
ha	1587	1588	21272
ha	1588	1589	21387
ha	1589	1590	21414
ha	1590	1591	21513
ha	1591	1592	21553
ha	1592	1593	21530
ha	1593	1594	21592
ha	1594	1595	21529
ha	1595	1596	21142
ha	1596	1597	20706
ha	1597	1598	20619
ha	1598	1599	20543
ha	1599	1600	20438
ha	1600	1601	20214
ha	1601	1602	21246
ha	1602	1603	21447
ha	1603	1604	21530
ha	1604	1605	21561
ha	1605	1606	21545
ha	1606	1607	21608
ha	1607	1608	22192
ha	1608	1609	22026
ha	1609	1610	22051
ha	1610	1611	21891
ha	1611	1612	20850
ha	1612	1613	21155
ha	1613	1614	22679
ha	1614	1615	22767
ha	1615	1616	22710
ha	1616	1617	21780
ha	1617	1618	21999
ha	1618	1619	21955
ha	1619	1620	21803
ha	1620	1621	21518
ha	1621	1622	21822
ha	1622	1623	20428
ha	1623	1624	20767
ha	1624	1625	20930
ha	1625	1626	21253
ha	1626	1627	21148
ha	1627	1628	21214
ha	1628	1629	21272
ha	1629	1630	21971
ha	1630	1631	21431
ha	1631	1632	22062
ha	1632	1633	21934
ha	1633	1634	21897
ha	1634	1635	21964
ha	1635	1636	21724
ha	1636	1637	21678
ha	1637	1638	21702
ha	1638	1639	20908
ha	1639	1640	20940
ha	1640	1641	20713
ha	1641	1642	20834
ha	1642	1643	20827
ha	1643	1644	20699
ha	1644	1645	20725
ha	1645	1646	20737
ha	1646	1647	21021
ha	1647	1648	21054
ha	1648	1649	21074
ha	1649	1650	21910
ha	1650	1651	21829
ha	1651	1653	21765
ha	1653	1654	21760
ha	1654	1655	21878
ha	1655	1656	21536
ha	1656	1657	21225
ha	1657	1658	21193
ha	1658	1659	20567
ha	1659	1660	20999
ha	1660	1661	21033
ha	1661	1662	21066
ha	1662	1663	21059
ha	1663	1664	20998
ha	1664	1665	20985
ha	1665	1666	21457
ha	1666	1667	21442
ha	1667	1668	21396
ha	1668	1669	21193
ha	1669	1670	21018
ha	1670	1671	20948
ha	1671	1672	20961
ha	1672	1673	20916
ha	1673	1674	20866
ha	1674	1675	20316
ha	1675	1676	20984
ha	1676	1677	21672
ha	1677	1678	21627
ha	1678	1679	21667
ha	1679	1680	21507
ha	1680	1681	23232
ha	1681	1682	23344
ha	1682	1683	23665
ha	1683	1684	23484
ha	1684	1685	23384
ha	1685	1686	22701
ha	1686	1687	22679
ha	1687	1688	22661
ha	1688	1689	22632
ha	1689	1690	21856
ha	1690	1691	21240
ha	1691	1692	20286
ha	1692	1693	20332
ha	1693	1694	19669
ha	1694	1695	20101
ha	1695	1696	20147
ha	1696	1697	20144
ha	1697	1698	20445
ha	1698	1699	20266
ha	1699	1700	20211
ha	1700	1701	20177
ha	1701	1702	19998
ha	1702	1703	20040
ha	1703	1704	19997
ha	1704	1705	19890
ha	1705	1706	19959
ha	1706	1707	19712
ha	1707	1708	19721
ha	1708	1709	20156
ha	1709	1710	20208
ha	1710	1711	20255
ha	1711	1712	20234
ha	1712	1713	18567
ha	1713	1714	18941
ha	1714	1715	18664
ha	1715	1717	18715
ha	1717	1718	18165
ha	1718	1719	18334
ha	1719	1720	18257
ha	1720	1721	18226
ha	1721	1722	18164
ha	1722	1723	17025
ha	1723	1724	16959
ha	1724	1725	16913
ha	1725	1726	16917
ha	1726	1727	16868
ha	1727	1728	16313
ha	1728	1729	16193
ha	1729	1730	16142
ha	1730	1731	16008
ha	1731	1732	15998
ha	1732	1733	15950
ha	1733	1734	15657
ha	1734	1735	15468
ha	1735	1736	15337
ha	1736	1737	15286
ha	1737	1738	15229
ha	1738	1739	15202
ha	1739	1740	14656
ha	1740	1741	14601
ha	1741	1742	14541
ha	1742	1743	14450
ha	1743	1744	14405
ha	1744	1745	14189
ha	1745	1746	14175
ha	1746	1747	14099
ha	1747	1748	14057
ha	1748	1749	13876
ha	1749	1750	13265
ha	1750	1751	12979
ha	1751	1752	12826
ha	1752	1753	12711
ha	1753	1754	12249
ha	1754	1755	11188
ha	1755	1756	11055
ha	1756	1757	10957
ha	1757	1758	10878
ha	1758	1759	10394
ha	1759	1760	10236
ha	1760	1761	10164
ha	1761	1762	8769
ha	1762	1763	8720
ha	1763	1764	8449
ha	1764	1765	8315
ha	1765	1766	8165
ha	1766	1767	8038
ha	1767	1768	8015
ha	1768	1769	7842
ha	1769	1770	7723
ha	1770	1771	7617
ha	1771	1772	5765
ha	1772	1773	5524
ha	1773	1774	5323
ha	1774	1775	5279
ha	1775	1776	1041
mp	0	1	20
mp	1	4	24
mp	4	5	26
mp	5	6	28
mp	6	8	32
mp	8	10	37
mp	10	13	49
mp	13	14	50
mp	14	15	51
mp	15	17	52
mp	17	18	63
mp	18	19	64
mp	19	24	65
mp	24	25	67
mp	25	26	68
mp	26	27	70
mp	27	29	71
mp	29	30	87
mp	30	31	93
mp	31	32	103
mp	32	36	108
mp	36	37	110
mp	37	43	111
mp	43	50	114
mp	50	53	118
mp	53	54	124
mp	54	56	127
mp	56	57	126
mp	57	58	133
mp	58	59	146
mp	59	60	145
mp	60	61	155
mp	61	62	154
mp	62	64	164
mp	64	66	167
mp	66	67	165
mp	67	68	164
mp	68	69	165
mp	69	70	162
mp	70	72	164
mp	72	80	165
mp	80	81	164
mp	81	82	167
mp	82	83	170
mp	83	84	169
mp	84	85	170
mp	85	86	166
mp	86	88	165
mp	88	89	166
mp	89	94	167
mp	94	96	166
mp	96	98	165
mp	98	99	167
mp	99	102	166
mp	102	103	168
mp	103	104	167
mp	104	105	175
mp	105	106	174
mp	106	107	173
mp	107	109	168
mp	109	111	169
mp	111	113	167
mp	113	114	165
mp	114	115	164
mp	115	116	173
mp	116	120	177
mp	120	124	182
mp	124	125	184
mp	125	126	183
mp	126	127	192
mp	127	128	193
mp	128	130	192
mp	130	131	188
mp	131	132	190
mp	132	133	189
mp	133	134	180
mp	134	135	179
mp	135	136	177
mp	136	137	178
mp	137	138	182
mp	138	139	187
mp	139	140	191
mp	140	141	188
mp	141	142	183
mp	142	145	184
mp	145	146	185
mp	146	148	183
mp	148	149	190
mp	149	150	195
mp	150	151	197
mp	151	152	198
mp	152	155	200
mp	155	156	199
mp	156	157	205
mp	157	158	202
mp	158	159	210
mp	159	160	219
mp	160	161	218
mp	161	162	221
mp	162	163	222
mp	163	164	223
mp	164	165	228
mp	165	166	233
mp	166	167	232
mp	167	168	230
mp	168	170	221
mp	170	173	224
mp	173	174	218
mp	174	175	221
mp	175	176	227
mp	176	177	226
mp	177	178	227
mp	178	179	220
mp	179	180	211
mp	180	184	216
mp	184	188	229
mp	188	189	228
mp	189	190	246
mp	190	191	244
mp	191	192	246
mp	192	193	244
mp	193	195	234
mp	195	196	235
mp	196	197	234
mp	197	198	235
mp	198	199	231
mp	199	200	236
mp	200	201	241
mp	201	202	242
mp	202	204	243
mp	204	205	238
mp	205	207	240
mp	207	208	243
mp	208	209	245
mp	209	210	244
mp	210	211	243
mp	211	216	250
mp	216	218	254
mp	218	219	262
mp	219	220	261
mp	220	221	259
mp	221	222	256
mp	222	223	258
mp	223	224	257
mp	224	225	260
mp	225	226	258
mp	226	227	262
mp	227	228	266
mp	228	229	267
mp	229	230	266
mp	230	231	269
mp	231	232	266
mp	232	234	265
mp	234	235	266
mp	235	236	271
mp	236	237	272
mp	237	238	274
mp	238	239	273
mp	239	240	275
mp	240	241	276
mp	241	242	280
mp	242	243	278
mp	243	244	277
mp	244	245	279
mp	245	246	281
mp	246	249	283
mp	249	250	291
mp	250	251	292
mp	251	252	293
mp	252	253	292
mp	253	254	290
mp	254	255	289
mp	255	256	287
mp	256	257	286
mp	257	259	285
mp	259	261	284
mp	261	262	285
mp	262	263	292
mp	263	264	293
mp	264	265	291
mp	265	266	284
mp	266	267	283
mp	267	268	284
mp	268	269	283
mp	269	270	286
mp	270	271	290
mp	271	272	285
mp	272	274	287
mp	274	275	289
mp	275	276	291
mp	276	278	292
mp	278	279	295
mp	279	281	296
mp	281	282	297
mp	282	283	295
mp	283	284	299
mp	284	285	302
mp	285	286	292
mp	286	287	291
mp	287	288	288
mp	288	289	284
mp	289	290	279
mp	290	291	277
mp	291	292	281
mp	292	293	278
mp	293	294	276
mp	294	295	279
mp	295	296	277
mp	296	297	276
mp	297	298	292
mp	298	299	293
mp	299	300	290
mp	300	301	289
mp	301	303	286
mp	303	307	292
mp	307	308	267
mp	308	309	266
mp	309	310	263
mp	310	311	261
mp	311	312	260
mp	312	313	252
mp	313	315	250
mp	315	316	248
mp	316	317	249
mp	317	318	244
mp	318	320	248
mp	320	321	247
mp	321	322	258
mp	322	323	255
mp	323	324	252
mp	324	325	251
mp	325	326	246
mp	326	328	248
mp	328	329	254
mp	329	330	252
mp	330	331	245
mp	331	332	248
mp	332	333	246
mp	333	335	247
mp	335	336	243
mp	336	337	244
mp	337	338	242
mp	338	339	252
mp	339	340	249
mp	340	341	250
mp	341	342	260
mp	342	343	268
mp	343	345	274
mp	345	346	276
mp	346	347	283
mp	347	348	290
mp	348	349	291
mp	349	350	292
mp	350	351	279
mp	351	352	285
mp	352	353	280
mp	353	354	281
mp	354	355	282
mp	355	356	279
mp	356	357	276
mp	357	358	271
mp	358	359	274
mp	359	360	272
mp	360	361	271
mp	361	363	274
mp	363	364	271
mp	364	365	275
mp	365	366	274
mp	366	367	269
mp	367	368	273
mp	368	369	274
mp	369	370	272
mp	370	371	278
mp	371	372	277
mp	372	373	276
mp	373	374	274
mp	374	375	272
mp	375	376	285
mp	376	377	282
mp	377	380	289
mp	380	381	292
mp	381	382	295
mp	382	383	294
mp	383	384	293
mp	384	385	285
mp	385	386	290
mp	386	388	293
mp	388	389	291
mp	389	391	289
mp	391	394	291
mp	394	395	290
mp	395	396	288
mp	396	398	294
mp	398	399	295
mp	399	401	293
mp	401	402	304
mp	402	403	305
mp	403	404	301
mp	404	405	313
mp	405	406	302
mp	406	407	301
mp	407	408	300
mp	408	409	301
mp	409	410	312
mp	410	411	327
mp	411	412	323
mp	412	413	338
mp	413	414	335
mp	414	415	349
mp	415	416	379
mp	416	417	381
mp	417	418	391
mp	418	419	387
mp	419	420	372
mp	420	421	390
mp	421	422	371
mp	422	423	374
mp	423	424	373
mp	424	425	355
mp	425	426	372
mp	426	427	370
mp	427	428	366
mp	428	429	369
mp	429	430	365
mp	430	431	371
mp	431	432	374
mp	432	434	377
mp	434	435	370
mp	435	438	369
mp	438	439	374
mp	439	440	372
mp	440	441	370
mp	441	443	367
mp	443	444	369
mp	444	445	367
mp	445	446	368
mp	446	447	371
mp	447	448	373
mp	448	449	372
mp	449	450	367
mp	450	451	371
mp	451	452	376
mp	452	453	375
mp	453	454	376
mp	454	455	374
mp	455	456	375
mp	456	457	378
mp	457	458	388
mp	458	460	394
mp	460	461	396
mp	461	462	397
mp	462	463	403
mp	463	465	404
mp	465	466	410
mp	466	467	391
mp	467	468	395
mp	468	469	396
mp	469	470	395
mp	470	471	397
mp	471	472	390
mp	472	473	391
mp	473	474	402
mp	474	475	401
mp	475	476	398
mp	476	477	400
mp	477	478	393
mp	478	479	392
mp	479	480	390
mp	480	481	388
mp	481	482	387
mp	482	484	376
mp	484	485	375
mp	485	486	374
mp	486	487	367
mp	487	488	369
mp	488	489	364
mp	489	490	362
mp	490	491	365
mp	491	492	361
mp	492	493	360
mp	493	494	357
mp	494	495	355
mp	495	496	349
mp	496	497	347
mp	497	498	332
mp	498	499	334
mp	499	500	332
mp	500	501	327
mp	501	504	326
mp	504	505	329
mp	505	507	326
mp	507	508	323
mp	508	509	328
mp	509	510	329
mp	510	511	333
mp	511	512	332
mp	512	513	345
mp	513	514	340
mp	514	515	342
mp	515	516	338
mp	516	517	342
mp	517	520	334
mp	520	521	335
mp	521	522	339
mp	522	523	338
mp	523	524	335
mp	524	525	332
mp	525	526	323
mp	526	527	309
mp	527	528	315
mp	528	529	312
mp	529	530	302
mp	530	531	305
mp	531	532	306
mp	532	533	299
mp	533	534	302
mp	534	535	310
mp	535	536	306
mp	536	537	302
mp	537	538	295
mp	538	539	298
mp	539	540	299
mp	540	541	310
mp	541	542	308
mp	542	543	307
mp	543	544	306
mp	544	545	303
mp	545	546	302
mp	546	547	303
mp	547	550	306
mp	550	552	308
mp	552	553	305
mp	553	554	302
mp	554	555	303
mp	555	556	301
mp	556	557	287
mp	557	558	298
mp	558	559	295
mp	559	560	292
mp	560	561	289
mp	561	562	281
mp	562	563	290
mp	563	564	282
mp	564	565	284
mp	565	566	282
mp	566	567	278
mp	567	568	286
mp	568	569	287
mp	569	570	288
mp	570	571	283
mp	571	572	272
mp	572	574	316
mp	574	575	318
mp	575	576	314
mp	576	577	301
mp	577	578	300
mp	578	579	301
mp	579	580	303
mp	580	581	308
mp	581	582	297
mp	582	583	292
mp	583	584	294
mp	584	585	295
mp	585	586	300
mp	586	587	302
mp	587	588	303
mp	588	589	291
mp	589	592	294
mp	592	593	295
mp	593	595	291
mp	595	597	288
mp	597	599	286
mp	599	600	292
mp	600	601	291
mp	601	602	287
mp	602	604	289
mp	604	606	288
mp	606	608	292
mp	608	609	283
mp	609	612	285
mp	612	613	287
mp	613	614	289
mp	614	617	293
mp	617	618	294
mp	618	619	290
mp	619	620	288
mp	620	621	292
mp	621	622	291
mp	622	624	296
mp	624	625	298
mp	625	627	300
mp	627	628	302
mp	628	629	308
mp	629	630	314
mp	630	631	312
mp	631	632	309
mp	632	633	307
mp	633	634	305
mp	634	635	309
mp	635	636	301
mp	636	637	305
mp	637	638	301
mp	638	639	292
mp	639	640	297
mp	640	641	301
mp	641	643	298
mp	643	645	309
mp	645	646	307
mp	646	647	309
mp	647	648	306
mp	648	649	312
mp	649	651	316
mp	651	652	315
mp	652	653	311
mp	653	654	314
mp	654	655	315
mp	655	656	313
mp	656	657	301
mp	657	658	294
mp	658	659	291
mp	659	660	293
mp	660	661	294
mp	661	662	301
mp	662	664	296
mp	664	665	297
mp	665	667	296
mp	667	668	300
mp	668	670	298
mp	670	671	292
mp	671	672	288
mp	672	673	287
mp	673	675	283
mp	675	677	286
mp	677	678	289
mp	678	679	287
mp	679	680	290
mp	680	681	294
mp	681	682	293
mp	682	683	294
mp	683	684	291
mp	684	685	286
mp	685	687	287
mp	687	688	280
mp	688	689	284
mp	689	690	279
mp	690	692	285
mp	692	694	284
mp	694	695	281
mp	695	696	280
mp	696	697	282
mp	697	698	279
mp	698	699	280
mp	699	700	277
mp	700	701	271
mp	701	702	275
mp	702	703	274
mp	703	704	273
mp	704	705	272
mp	705	706	261
mp	706	707	262
mp	707	708	268
mp	708	709	264
mp	709	710	266
mp	710	711	264
mp	711	713	263
mp	713	714	260
mp	714	715	257
mp	715	716	254
mp	716	717	242
mp	717	718	240
mp	718	720	236
mp	720	721	230
mp	721	722	224
mp	722	723	219
mp	723	724	222
mp	724	726	219
mp	726	727	220
mp	727	728	221
mp	728	729	222
mp	729	730	218
mp	730	731	217
mp	731	732	220
mp	732	733	214
mp	733	734	220
mp	734	735	221
mp	735	736	220
mp	736	737	218
mp	737	738	216
mp	738	740	219
mp	740	741	217
mp	741	742	215
mp	742	743	214
mp	743	744	221
mp	744	745	224
mp	745	746	225
mp	746	747	223
mp	747	748	222
mp	748	749	223
mp	749	750	224
mp	750	751	230
mp	751	752	233
mp	752	753	230
mp	753	755	227
mp	755	756	226
mp	756	757	225
mp	757	758	230
mp	758	759	234
mp	759	760	228
mp	760	761	231
mp	761	762	227
mp	762	763	230
mp	763	767	235
mp	767	768	230
mp	768	770	233
mp	770	772	231
mp	772	773	223
mp	773	774	229
mp	774	775	233
mp	775	776	231
mp	776	777	232
mp	777	778	237
mp	778	779	238
mp	779	780	240
mp	780	781	234
mp	781	782	236
mp	782	783	239
mp	783	786	233
mp	786	787	229
mp	787	788	232
mp	788	789	233
mp	789	790	232
mp	790	792	235
mp	792	793	233
mp	793	794	234
mp	794	795	229
mp	795	796	224
mp	796	797	221
mp	797	798	219
mp	798	799	216
mp	799	801	213
mp	801	802	216
mp	802	803	217
mp	803	804	218
mp	804	805	219
mp	805	806	220
mp	806	807	224
mp	807	808	222
mp	808	810	229
mp	810	813	232
mp	813	814	231
mp	814	817	230
mp	817	818	227
mp	818	819	226
mp	819	820	223
mp	820	821	226
mp	821	822	225
mp	822	823	223
mp	823	826	225
mp	826	827	222
mp	827	828	225
mp	828	829	221
mp	829	831	218
mp	831	832	212
mp	832	833	214
mp	833	834	212
mp	834	835	214
mp	835	836	215
mp	836	837	208
mp	837	839	207
mp	839	841	203
mp	841	842	199
mp	842	843	198
mp	843	846	197
mp	846	847	196
mp	847	849	195
mp	849	853	194
mp	853	854	200
mp	854	855	199
mp	855	856	202
mp	856	857	201
mp	857	858	198
mp	858	859	199
mp	859	860	198
mp	860	863	197
mp	863	865	198
mp	865	866	199
mp	866	867	200
mp	867	868	201
mp	868	869	199
mp	869	870	197
mp	870	871	196
mp	871	872	191
mp	872	873	189
mp	873	874	188
mp	874	875	192
mp	875	876	195
mp	876	877	192
mp	877	878	193
mp	878	879	192
mp	879	881	193
mp	881	882	194
mp	882	883	190
mp	883	884	181
mp	884	885	172
mp	885	887	181
mp	887	888	184
mp	888	890	186
mp	890	891	184
mp	891	892	186
mp	892	893	188
mp	893	894	190
mp	894	895	184
mp	895	896	170
mp	896	898	169
mp	898	899	172
mp	899	900	174
mp	900	901	169
mp	901	902	171
mp	902	903	172
mp	903	904	173
mp	904	905	175
mp	905	907	176
mp	907	908	167
mp	908	909	170
mp	909	910	169
mp	910	911	167
mp	911	912	164
mp	912	913	170
mp	913	914	169
mp	914	916	171
mp	916	918	174
mp	918	919	172
mp	919	920	168
mp	920	921	165
mp	921	922	163
mp	922	923	165
mp	923	924	161
mp	924	927	160
mp	927	928	161
mp	928	929	160
mp	929	930	159
mp	930	931	157
mp	931	933	151
mp	933	934	149
mp	934	936	148
mp	936	937	145
mp	937	938	144
mp	938	939	142
mp	939	940	141
mp	940	942	142
mp	942	943	143
mp	943	944	142
mp	944	946	141
mp	946	947	136
mp	947	949	137
mp	949	950	134
mp	950	951	138
mp	951	952	136
mp	952	954	139
mp	954	956	140
mp	956	957	131
mp	957	959	133
mp	959	960	129
mp	960	961	131
mp	961	963	125
mp	963	964	123
mp	964	965	122
mp	965	966	121
mp	966	967	108
mp	967	969	107
mp	969	970	104
mp	970	971	102
mp	971	972	101
mp	972	973	102
mp	973	975	100
mp	975	977	99
mp	977	979	94
mp	979	981	93
mp	981	984	92
mp	984	985	90
mp	985	986	87
mp	986	987	86
mp	987	989	82
mp	989	993	79
mp	993	994	77
mp	994	996	73
mp	996	998	68
mp	998	999	67
mp	999	1004	54
mp	1004	1009	45
mp	1009	1010	44
mp	1010	1012	38
mp	1012	1017	35
mp	1017	1020	33
mp	1020	1021	32
mp	1021	1022	30
mp	1022	1023	28
mp	1023	1026	27
mp	1026	1027	13
np	0	1	156
np	1	2	198
np	2	4	200
np	4	5	221
np	5	6	232
np	6	7	233
np	7	8	236
np	8	10	237
np	10	11	279
np	11	12	281
np	12	14	320
np	14	15	326
np	15	16	356
np	16	17	366
np	17	18	390
np	18	19	393
np	19	20	473
np	20	21	478
np	21	22	511
np	22	23	514
np	23	24	539
np	24	25	540
np	25	26	557
np	26	27	561
np	27	28	584
np	28	29	601
np	29	30	616
np	30	31	617
np	31	32	636
np	32	33	639
np	33	34	649
np	34	35	653
np	35	36	681
np	36	37	691
np	37	38	693
np	38	39	709
np	39	40	712
np	40	41	726
np	41	42	764
np	42	43	771
np	43	44	774
np	44	45	775
np	45	46	782
np	46	48	785
np	48	50	790
np	50	51	803
np	51	52	815
np	52	53	827
np	53	54	829
np	54	55	832
np	55	56	831
np	56	57	828
np	57	58	829
np	58	59	847
np	59	60	850
np	60	61	845
np	61	62	851
np	62	63	843
np	63	64	846
np	64	65	832
np	65	66	829
np	66	67	835
np	67	68	829
np	68	69	838
np	69	70	833
np	70	71	874
np	71	72	879
np	72	73	874
np	73	74	876
np	74	75	878
np	75	76	902
np	76	77	903
np	77	78	896
np	78	79	901
np	79	80	882
np	80	81	904
np	81	82	914
np	82	83	918
np	83	84	921
np	84	85	926
np	85	86	923
np	86	87	934
np	87	88	947
np	88	89	983
np	89	90	978
np	90	91	985
np	91	92	989
np	92	93	983
np	93	94	986
np	94	97	994
np	97	98	982
np	98	99	983
np	99	100	997
np	100	101	999
np	101	104	1011
np	104	105	1019
np	105	106	1018
np	106	107	1029
np	107	108	1028
np	108	109	1020
np	109	110	1028
np	110	111	1020
np	111	112	1050
np	112	113	1054
np	113	114	1057
np	114	115	1064
np	115	116	1068
np	116	117	1091
np	117	118	1090
np	118	119	1084
np	119	120	1087
np	120	121	1078
np	121	122	1091
np	122	123	1086
np	123	124	1085
np	124	125	1090
np	125	126	1084
np	126	127	1085
np	127	128	1105
np	128	129	1108
np	129	130	1117
np	130	131	1090
np	131	132	1083
np	132	133	1085
np	133	134	1091
np	134	135	1092
np	135	136	1079
np	136	137	1078
np	137	138	1068
np	138	139	1055
np	139	140	1044
np	140	141	1062
np	141	142	1063
np	142	143	1056
np	143	144	1061
np	144	145	1074
np	145	147	1076
np	147	148	1073
np	148	149	1084
np	149	150	1079
np	150	151	1044
np	151	152	1034
np	152	153	1024
np	153	154	1026
np	154	155	1030
np	155	156	1026
np	156	157	1029
np	157	158	1028
np	158	159	1071
np	159	160	1081
np	160	161	1123
np	161	162	1124
np	162	163	1123
np	163	164	1261
np	164	165	1267
np	165	166	1314
np	166	167	1311
np	167	168	1287
np	168	169	1317
np	169	170	1286
np	170	171	1394
np	171	172	1395
np	172	173	1342
np	173	174	1332
np	174	175	1303
np	175	176	1317
np	176	177	1307
np	177	178	1296
np	178	179	1287
np	179	180	1226
np	180	181	1246
np	181	182	1241
np	182	183	1262
np	183	184	1269
np	184	185	1270
np	185	186	1277
np	186	187	1279
np	187	188	1290
np	188	189	1302
np	189	190	1296
np	190	191	1282
np	191	192	1288
np	192	193	1282
np	193	194	1306
np	194	195	1310
np	195	196	1313
np	196	197	1326
np	197	198	1338
np	198	199	1353
np	199	200	1358
np	200	201	1348
np	201	202	1349
np	202	203	1353
np	203	204	1349
np	204	205	1354
np	205	206	1351
np	206	207	1348
np	207	208	1342
np	208	210	1344
np	210	211	1339
np	211	212	1333
np	212	213	1358
np	213	214	1396
np	214	215	1395
np	215	216	1398
np	216	217	1406
np	217	218	1393
np	218	219	1398
np	219	220	1380
np	220	221	1373
np	221	222	1388
np	222	223	1343
np	223	224	1373
np	224	225	1378
np	225	226	1375
np	226	227	1381
np	227	228	1382
np	228	229	1435
np	229	230	1512
np	230	231	1498
np	231	232	1500
np	232	233	1481
np	233	234	1488
np	234	235	1501
np	235	236	1495
np	236	237	1492
np	237	238	1433
np	238	239	1383
np	239	240	1393
np	240	241	1380
np	241	242	1379
np	242	243	1394
np	243	244	1414
np	244	245	1394
np	245	246	1398
np	246	247	1408
np	247	248	1400
np	248	249	1398
np	249	250	1394
np	250	251	1398
np	251	252	1397
np	252	253	1410
np	253	254	1416
np	254	255	1410
np	255	256	1420
np	256	257	1417
np	257	258	1418
np	258	260	1422
np	260	261	1420
np	261	262	1421
np	262	263	1400
np	263	264	1447
np	264	265	1444
np	265	266	1445
np	266	267	1447
np	267	268	1425
np	268	269	1438
np	269	270	1455
np	270	271	1458
np	271	272	1471
np	272	273	1468
np	273	274	1472
np	274	275	1475
np	275	276	1487
np	276	277	1485
np	277	278	1503
np	278	279	1471
np	279	280	1478
np	280	281	1480
np	281	282	1467
np	282	283	1476
np	283	284	1459
np	284	285	1440
np	285	286	1462
np	286	288	1445
np	288	289	1439
np	289	290	1429
np	290	291	1475
np	291	292	1478
np	292	293	1480
np	293	294	1475
np	294	295	1439
np	295	296	1451
np	296	297	1440
np	297	298	1454
np	298	299	1453
np	299	300	1424
np	300	301	1423
np	301	302	1425
np	302	303	1429
np	303	304	1427
np	304	305	1403
np	305	306	1406
np	306	307	1405
np	307	308	1413
np	308	309	1411
np	309	310	1408
np	310	311	1400
np	311	313	1413
np	313	314	1410
np	314	315	1375
np	315	316	1359
np	316	317	1339
np	317	318	1343
np	318	319	1315
np	319	320	1299
np	320	321	1269
np	321	322	1267
np	322	323	1274
np	323	324	1260
np	324	325	1275
np	325	326	1279
np	326	327	1261
np	327	328	1287
np	328	329	1285
np	329	330	1289
np	330	332	1355
np	332	333	1372
np	333	334	1365
np	334	335	1348
np	335	336	1356
np	336	337	1345
np	337	338	1364
np	338	339	1354
np	339	340	1307
np	340	341	1309
np	341	342	1295
np	342	343	1282
np	343	344	1288
np	344	345	1275
np	345	346	1281
np	346	347	1258
np	347	348	1260
np	348	349	1265
np	349	350	1272
np	350	351	1268
np	351	352	1266
np	352	353	1256
np	353	354	1267
np	354	355	1272
np	355	356	1302
np	356	357	1303
np	357	358	1302
np	358	359	1309
np	359	360	1318
np	360	361	1323
np	361	362	1328
np	362	363	1311
np	363	364	1339
np	364	365	1320
np	365	366	1330
np	366	367	1323
np	367	368	1333
np	368	370	1349
np	370	371	1348
np	371	372	1346
np	372	373	1369
np	373	374	1357
np	374	375	1370
np	375	376	1369
np	376	377	1373
np	377	378	1367
np	378	379	1349
np	379	380	1366
np	380	381	1349
np	381	382	1317
np	382	383	1326
np	383	384	1316
np	384	385	1337
np	385	386	1336
np	386	387	1325
np	387	388	1331
np	388	389	1300
np	389	390	1317
np	390	391	1315
np	391	392	1316
np	392	393	1319
np	393	394	1300
np	394	395	1311
np	395	396	1314
np	396	397	1309
np	397	398	1317
np	398	399	1313
np	399	400	1316
np	400	401	1310
np	401	402	1316
np	402	403	1322
np	403	404	1304
np	404	405	1302
np	405	406	1299
np	406	407	1296
np	407	408	1289
np	408	409	1295
np	409	410	1296
np	410	411	1333
np	411	412	1350
np	412	413	1360
np	413	414	1367
np	414	415	1397
np	415	416	1434
np	416	417	1447
np	417	418	1468
np	418	419	1499
np	419	420	1474
np	420	422	1459
np	422	423	1415
np	423	424	1420
np	424	425	1355
np	425	426	1408
np	426	427	1394
np	427	428	1398
np	428	429	1406
np	429	430	1401
np	430	431	1404
np	431	432	1391
np	432	433	1373
np	433	434	1389
np	434	436	1360
np	436	437	1352
np	437	438	1349
np	438	439	1367
np	439	440	1377
np	440	441	1372
np	441	442	1375
np	442	443	1355
np	443	444	1373
np	444	445	1360
np	445	446	1366
np	446	447	1369
np	447	448	1402
np	448	449	1405
np	449	450	1417
np	450	451	1421
np	451	452	1429
np	452	453	1416
np	453	454	1415
np	454	455	1417
np	455	456	1421
np	456	457	1394
np	457	458	1405
np	458	459	1390
np	459	461	1397
np	461	462	1399
np	462	463	1405
np	463	464	1416
np	464	465	1423
np	465	467	1421
np	467	468	1419
np	468	469	1441
np	469	470	1451
np	470	471	1443
np	471	472	1447
np	472	473	1437
np	473	474	1465
np	474	475	1464
np	475	476	1460
np	476	477	1466
np	477	478	1442
np	478	479	1441
np	479	480	1438
np	480	481	1457
np	481	482	1452
np	482	483	1429
np	483	484	1457
np	484	485	1453
np	485	486	1463
np	486	487	1471
np	487	488	1456
np	488	489	1507
np	489	490	1495
np	490	491	1470
np	491	492	1479
np	492	493	1454
np	493	494	1482
np	494	495	1463
np	495	496	1448
np	496	497	1462
np	497	498	1409
np	498	499	1414
np	499	500	1427
np	500	501	1431
np	501	502	1437
np	502	503	1421
np	503	504	1412
np	504	505	1413
np	505	506	1403
np	506	507	1413
np	507	508	1419
np	508	509	1403
np	509	510	1409
np	510	511	1404
np	511	512	1417
np	512	513	1429
np	513	514	1407
np	514	515	1408
np	515	516	1405
np	516	518	1435
np	518	519	1432
np	519	520	1427
np	520	521	1377
np	521	522	1368
np	522	523	1373
np	523	524	1365
np	524	525	1402
np	525	526	1372
np	526	527	1374
np	527	528	1377
np	528	529	1400
np	529	530	1411
np	530	531	1398
np	531	532	1396
np	532	533	1354
np	533	534	1320
np	534	535	1296
np	535	536	1294
np	536	537	1291
np	537	538	1281
np	538	539	1319
np	539	540	1312
np	540	541	1336
np	541	542	1333
np	542	543	1340
np	543	544	1365
np	544	545	1360
np	545	546	1359
np	546	547	1361
np	547	548	1315
np	548	549	1322
np	549	550	1304
np	550	552	1348
np	552	553	1333
np	553	554	1334
np	554	555	1339
np	555	556	1358
np	556	557	1364
np	557	558	1362
np	558	559	1382
np	559	560	1369
np	560	561	1453
np	561	562	1455
np	562	563	1445
np	563	564	1448
np	564	565	1434
np	565	566	1432
np	566	567	1434
np	567	568	1397
np	568	569	1387
np	569	570	1310
np	570	571	1309
np	571	572	1305
np	572	573	1301
np	573	574	1290
np	574	575	1291
np	575	576	1289
np	576	577	1286
np	577	578	1279
np	578	579	1278
np	579	580	1295
np	580	581	1290
np	581	582	1289
np	582	583	1294
np	583	584	1295
np	584	585	1285
np	585	586	1283
np	586	587	1279
np	587	588	1262
np	588	589	1272
np	589	590	1264
np	590	591	1270
np	591	592	1291
np	592	593	1292
np	593	594	1310
np	594	595	1312
np	595	596	1307
np	596	597	1302
np	597	598	1267
np	598	599	1293
np	599	600	1264
np	600	601	1250
np	601	602	1245
np	602	603	1241
np	603	604	1254
np	604	605	1275
np	605	606	1273
np	606	607	1271
np	607	608	1270
np	608	609	1214
np	609	610	1232
np	610	611	1238
np	611	612	1242
np	612	613	1249
np	613	614	1212
np	614	615	1215
np	615	616	1236
np	616	617	1225
np	617	618	1226
np	618	620	1232
np	620	621	1230
np	621	622	1232
np	622	623	1215
np	623	624	1222
np	624	625	1224
np	625	626	1225
np	626	627	1237
np	627	628	1194
np	628	629	1181
np	629	630	1180
np	630	631	1178
np	631	632	1166
np	632	633	1177
np	633	634	1185
np	634	635	1183
np	635	636	1182
np	636	638	1179
np	638	639	1172
np	639	640	1163
np	640	641	1162
np	641	642	1143
np	642	643	1136
np	643	644	1148
np	644	645	1146
np	645	646	1151
np	646	647	1143
np	647	648	1150
np	648	649	1151
np	649	650	1144
np	650	651	1140
np	651	652	1139
np	652	653	1128
np	653	654	1120
np	654	655	1121
np	655	656	1124
np	656	657	1130
np	657	658	1126
np	658	659	1112
np	659	660	1143
np	660	661	1145
np	661	662	1143
np	662	663	1141
np	663	666	1139
np	666	667	1119
np	667	668	1112
np	668	669	1082
np	669	670	1093
np	670	671	1096
np	671	672	1097
np	672	673	1094
np	673	674	1093
np	674	675	1080
np	675	676	1068
np	676	677	1069
np	677	678	1086
np	678	679	1071
np	679	681	1072
np	681	682	1075
np	682	683	1078
np	683	684	1079
np	684	685	1076
np	685	686	1084
np	686	687	1077
np	687	688	1080
np	688	689	1069
np	689	690	1065
np	690	691	1063
np	691	692	1067
np	692	693	1075
np	693	694	1065
np	694	695	1053
np	695	696	1043
np	696	697	1089
np	697	698	1093
np	698	699	1098
np	699	700	1096
np	700	701	1102
np	701	702	1093
np	702	703	1091
np	703	704	1093
np	704	705	1092
np	705	706	1042
np	706	707	1050
np	707	708	1038
np	708	709	1055
np	709	710	1034
np	710	711	1035
np	711	712	1014
np	712	713	1021
np	713	714	1031
np	714	715	1020
np	715	716	1017
np	716	717	1014
np	717	718	1013
np	718	719	1018
np	719	721	1032
np	721	722	1029
np	722	723	1035
np	723	724	1034
np	724	725	1032
np	725	726	1030
np	726	727	1033
np	727	728	1037
np	728	730	1011
np	730	731	1001
np	731	732	1040
np	732	733	1041
np	733	734	1040
np	734	735	1051
np	735	736	1048
np	736	737	1053
np	737	738	1044
np	738	739	1040
np	739	740	1054
np	740	742	1010
np	742	743	1027
np	743	744	1022
np	744	745	1024
np	745	746	1028
np	746	747	1032
np	747	748	1045
np	748	749	1021
np	749	750	1004
np	750	751	989
np	751	752	995
np	752	753	1012
np	753	754	1004
np	754	755	1002
np	755	756	995
np	756	757	1045
np	757	758	1060
np	758	759	1066
np	759	760	1064
np	760	761	1036
np	761	762	1023
np	762	763	1035
np	763	764	1030
np	764	765	1046
np	765	766	990
np	766	767	997
np	767	768	1002
np	768	769	1015
np	769	770	1010
np	770	771	1011
np	771	772	999
np	772	773	1004
np	773	775	1013
np	775	776	989
np	776	777	978
np	777	778	962
np	778	779	976
np	779	780	986
np	780	781	983
np	781	782	979
np	782	783	986
np	783	784	990
np	784	785	995
np	785	786	997
np	786	787	998
np	787	788	993
np	788	789	991
np	789	790	994
np	790	792	998
np	792	793	1001
np	793	794	993
np	794	795	986
np	795	796	982
np	796	797	983
np	797	798	979
np	798	799	987
np	799	801	990
np	801	802	993
np	802	803	998
np	803	804	993
np	804	805	996
np	805	807	987
np	807	808	990
np	808	809	980
np	809	810	981
np	810	811	980
np	811	812	970
np	812	815	983
np	815	816	984
np	816	817	972
np	817	818	979
np	818	819	976
np	819	820	966
np	820	821	968
np	821	822	979
np	822	823	981
np	823	824	980
np	824	825	979
np	825	826	989
np	826	827	987
np	827	828	1018
np	828	829	1017
np	829	830	1018
np	830	831	1010
np	831	832	1066
np	832	833	1082
np	833	834	1081
np	834	835	1093
np	835	836	1071
np	836	837	1121
np	837	838	1136
np	838	839	1148
np	839	840	1149
np	840	841	1122
np	841	842	1101
np	842	843	1117
np	843	844	1112
np	844	845	1120
np	845	846	1099
np	846	847	1080
np	847	848	1083
np	848	849	1086
np	849	850	1082
np	850	851	1085
np	851	852	1079
np	852	853	1088
np	853	854	1082
np	854	855	1094
np	855	856	1112
np	856	857	1102
np	857	858	1113
np	858	859	1151
np	859	860	1145
np	860	861	1152
np	861	862	1143
np	862	863	1157
np	863	864	1180
np	864	865	1152
np	865	866	1154
np	866	867	1138
np	867	868	1119
np	868	869	1136
np	869	870	1134
np	870	871	1140
np	871	872	1133
np	872	873	1129
np	873	875	1126
np	875	876	1119
np	876	877	1130
np	877	878	1131
np	878	879	1128
np	879	880	1138
np	880	881	1148
np	881	882	1136
np	882	883	1163
np	883	884	1223
np	884	885	1228
np	885	886	1218
np	886	887	1219
np	887	888	1224
np	888	889	1215
np	889	890	1245
np	890	891	1223
np	891	892	1220
np	892	893	1163
np	893	894	1159
np	894	895	1197
np	895	896	1198
np	896	897	1196
np	897	898	1203
np	898	899	1188
np	899	900	1212
np	900	901	1209
np	901	902	1206
np	902	903	1198
np	903	904	1162
np	904	905	1178
np	905	906	1179
np	906	907	1226
np	907	908	1213
np	908	909	1183
np	909	910	1182
np	910	911	1179
np	911	912	1176
np	912	913	1180
np	913	914	1167
np	914	915	1200
np	915	916	1154
np	916	917	1158
np	917	918	1150
np	918	919	1152
np	919	920	1164
np	920	921	1162
np	921	922	1154
np	922	923	1168
np	923	924	1130
np	924	925	1158
np	925	926	1142
np	926	927	1151
np	927	928	1154
np	928	929	1155
np	929	930	1173
np	930	931	1165
np	931	932	1164
np	932	933	1171
np	933	934	1153
np	934	935	1185
np	935	936	1177
np	936	937	1183
np	937	938	1184
np	938	939	1211
np	939	941	1229
np	941	942	1224
np	942	943	1223
np	943	944	1248
np	944	945	1245
np	945	946	1240
np	946	947	1237
np	947	948	1219
np	948	949	1233
np	949	950	1244
np	950	951	1248
np	951	952	1257
np	952	953	1253
np	953	954	1257
np	954	955	1256
np	955	956	1262
np	956	957	1267
np	957	958	1265
np	958	959	1267
np	959	960	1277
np	960	961	1279
np	961	962	1263
np	962	963	1280
np	963	964	1298
np	964	965	1296
np	965	966	1297
np	966	967	1305
np	967	969	1308
np	969	970	1303
np	970	971	1301
np	971	972	1296
np	972	973	1261
np	973	974	1270
np	974	975	1278
np	975	976	1277
np	976	977	1274
np	977	978	1280
np	978	979	1308
np	979	980	1309
np	980	983	1327
np	983	984	1322
np	984	985	1328
np	985	986	1348
np	986	987	1352
np	987	988	1325
np	988	989	1314
np	989	990	1368
np	990	991	1366
np	991	992	1368
np	992	993	1358
np	993	995	1345
np	995	996	1328
np	996	997	1330
np	997	998	1317
np	998	999	1291
np	999	1000	1286
np	1000	1001	1287
np	1001	1002	1295
np	1002	1003	1294
np	1003	1005	1283
np	1005	1006	1279
np	1006	1007	1276
np	1007	1008	1268
np	1008	1009	1250
np	1009	1010	1245
np	1010	1011	1217
np	1011	1012	1231
np	1012	1013	1240
np	1013	1014	1249
np	1014	1015	1278
np	1015	1016	1281
np	1016	1017	1275
np	1017	1018	1286
np	1018	1019	1284
np	1019	1020	1286
np	1020	1021	1278
np	1021	1022	1277
np	1022	1023	1279
np	1023	1024	1269
np	1024	1025	1256
np	1025	1026	1262
np	1026	1027	1264
np	1027	1028	1266
np	1028	1029	1344
np	1029	1030	1372
np	1030	1031	1370
np	1031	1032	1361
np	1032	1033	1355
np	1033	1034	1357
np	1034	1035	1344
np	1035	1036	1337
np	1036	1037	1348
np	1037	1038	1278
np	1038	1039	1298
np	1039	1040	1285
np	1040	1041	1304
np	1041	1042	1302
np	1042	1043	1299
np	1043	1044	1310
np	1044	1046	1299
np	1046	1047	1302
np	1047	1048	1278
np	1048	1049	1286
np	1049	1050	1262
np	1050	1051	1270
np	1051	1052	1268
np	1052	1053	1264
np	1053	1054	1280
np	1054	1055	1268
np	1055	1056	1273
np	1056	1057	1280
np	1057	1058	1264
np	1058	1059	1259
np	1059	1060	1257
np	1060	1061	1260
np	1061	1062	1273
np	1062	1063	1270
np	1063	1064	1305
np	1064	1065	1300
np	1065	1066	1294
np	1066	1068	1286
np	1068	1070	1280
np	1070	1071	1269
np	1071	1072	1276
np	1072	1073	1256
np	1073	1074	1283
np	1074	1075	1285
np	1075	1077	1284
np	1077	1078	1298
np	1078	1079	1303
np	1079	1080	1310
np	1080	1081	1290
np	1081	1082	1308
np	1082	1083	1310
np	1083	1085	1313
np	1085	1086	1310
np	1086	1087	1293
np	1087	1088	1299
np	1088	1089	1281
np	1089	1090	1279
np	1090	1091	1297
np	1091	1092	1329
np	1092	1093	1338
np	1093	1094	1332
np	1094	1095	1339
np	1095	1096	1344
np	1096	1097	1368
np	1097	1098	1365
np	1098	1099	1370
np	1099	1100	1325
np	1100	1101	1301
np	1101	1102	1338
np	1102	1103	1336
np	1103	1104	1352
np	1104	1105	1355
np	1105	1107	1347
np	1107	1108	1349
np	1108	1109	1371
np	1109	1110	1360
np	1110	1111	1350
np	1111	1112	1333
np	1112	1113	1332
np	1113	1114	1334
np	1114	1115	1317
np	1115	1116	1323
np	1116	1117	1345
np	1117	1118	1311
np	1118	1119	1328
np	1119	1120	1321
np	1120	1121	1334
np	1121	1122	1354
np	1122	1123	1355
np	1123	1124	1365
np	1124	1125	1359
np	1125	1126	1347
np	1126	1127	1363
np	1127	1128	1347
np	1128	1129	1352
np	1129	1130	1353
np	1130	1131	1330
np	1131	1132	1355
np	1132	1133	1360
np	1133	1134	1362
np	1134	1135	1370
np	1135	1136	1358
np	1136	1137	1357
np	1137	1138	1349
np	1138	1139	1340
np	1139	1140	1327
np	1140	1141	1297
np	1141	1142	1308
np	1142	1143	1305
np	1143	1144	1317
np	1144	1145	1320
np	1145	1146	1321
np	1146	1147	1328
np	1147	1148	1327
np	1148	1149	1333
np	1149	1150	1319
np	1150	1151	1314
np	1151	1152	1311
np	1152	1154	1317
np	1154	1155	1363
np	1155	1156	1358
np	1156	1157	1357
np	1157	1158	1358
np	1158	1159	1381
np	1159	1160	1395
np	1160	1161	1394
np	1161	1162	1391
np	1162	1163	1418
np	1163	1164	1380
np	1164	1165	1385
np	1165	1166	1375
np	1166	1167	1382
np	1167	1168	1379
np	1168	1169	1348
np	1169	1170	1373
np	1170	1171	1361
np	1171	1172	1382
np	1172	1173	1378
np	1173	1174	1370
np	1174	1175	1375
np	1175	1176	1377
np	1176	1177	1364
np	1177	1178	1408
np	1178	1180	1366
np	1180	1181	1330
np	1181	1182	1325
np	1182	1183	1334
np	1183	1184	1321
np	1184	1185	1315
np	1185	1186	1318
np	1186	1187	1261
np	1187	1188	1283
np	1188	1189	1272
np	1189	1190	1273
np	1190	1191	1295
np	1191	1192	1281
np	1192	1193	1289
np	1193	1194	1290
np	1194	1195	1284
np	1195	1196	1298
np	1196	1198	1305
np	1198	1199	1296
np	1199	1200	1288
np	1200	1201	1250
np	1201	1202	1266
np	1202	1203	1282
np	1203	1204	1286
np	1204	1205	1285
np	1205	1206	1239
np	1206	1208	1251
np	1208	1209	1244
np	1209	1210	1243
np	1210	1211	1242
np	1211	1212	1236
np	1212	1213	1228
np	1213	1214	1222
np	1214	1215	1217
np	1215	1216	1207
np	1216	1217	1215
np	1217	1219	1220
np	1219	1220	1227
np	1220	1221	1215
np	1221	1222	1226
np	1222	1223	1228
np	1223	1224	1232
np	1224	1225	1231
np	1225	1226	1230
np	1226	1227	1227
np	1227	1228	1219
np	1228	1229	1190
np	1229	1230	1200
np	1230	1231	1192
np	1231	1232	1209
np	1232	1233	1191
np	1233	1234	1241
np	1234	1235	1250
np	1235	1236	1273
np	1236	1237	1278
np	1237	1238	1244
np	1238	1239	1248
np	1239	1240	1250
np	1240	1241	1238
np	1241	1242	1241
np	1242	1243	1225
np	1243	1244	1238
np	1244	1245	1214
np	1245	1246	1215
np	1246	1247	1209
np	1247	1248	1198
np	1248	1249	1190
np	1249	1250	1208
np	1250	1251	1203
np	1251	1253	1204
np	1253	1254	1187
np	1254	1255	1197
np	1255	1256	1199
np	1256	1257	1200
np	1257	1258	1201
np	1258	1259	1163
np	1259	1260	1174
np	1260	1261	1186
np	1261	1262	1208
np	1262	1263	1212
np	1263	1264	1188
np	1264	1265	1203
np	1265	1266	1209
np	1266	1267	1219
np	1267	1268	1216
np	1268	1269	1204
np	1269	1270	1205
np	1270	1271	1168
np	1271	1272	1220
np	1272	1273	1227
np	1273	1274	1235
np	1274	1275	1261
np	1275	1276	1257
np	1276	1277	1271
np	1277	1279	1267
np	1279	1280	1275
np	1280	1281	1255
np	1281	1282	1202
np	1282	1283	1199
np	1283	1284	1166
np	1284	1285	1229
np	1285	1286	1218
np	1286	1287	1222
np	1287	1288	1225
np	1288	1289	1203
np	1289	1290	1209
np	1290	1291	1208
np	1291	1292	1210
np	1292	1293	1208
np	1293	1294	1155
np	1294	1295	1156
np	1295	1296	1155
np	1296	1297	1161
np	1297	1298	1163
np	1298	1299	1179
np	1299	1300	1180
np	1300	1301	1175
np	1301	1303	1194
np	1303	1304	1196
np	1304	1305	1195
np	1305	1306	1192
np	1306	1307	1194
np	1307	1308	1195
np	1308	1309	1166
np	1309	1310	1169
np	1310	1311	1136
np	1311	1312	1137
np	1312	1313	1135
np	1313	1314	1126
np	1314	1315	1132
np	1315	1316	1136
np	1316	1317	1146
np	1317	1318	1139
np	1318	1319	1132
np	1319	1320	1129
np	1320	1321	1128
np	1321	1322	1132
np	1322	1323	1118
np	1323	1324	1115
np	1324	1325	1112
np	1325	1326	1088
np	1326	1327	1097
np	1327	1328	1098
np	1328	1329	1106
np	1329	1330	1100
np	1330	1332	1090
np	1332	1333	1094
np	1333	1334	1095
np	1334	1335	1092
np	1335	1336	1081
np	1336	1337	1099
np	1337	1338	1093
np	1338	1339	1087
np	1339	1340	1089
np	1340	1341	1100
np	1341	1342	1104
np	1342	1343	1105
np	1343	1344	1099
np	1344	1345	1103
np	1345	1346	1124
np	1346	1347	1121
np	1347	1348	1115
np	1348	1349	1101
np	1349	1350	1102
np	1350	1351	1086
np	1351	1352	1092
np	1352	1353	1083
np	1353	1354	1084
np	1354	1355	1098
np	1355	1356	1088
np	1356	1357	1089
np	1357	1358	1083
np	1358	1359	1080
np	1359	1360	1083
np	1360	1361	1076
np	1361	1362	1092
np	1362	1363	1067
np	1363	1364	1054
np	1364	1365	1053
np	1365	1366	1047
np	1366	1367	1064
np	1367	1368	1062
np	1368	1369	1053
np	1369	1370	1052
np	1370	1372	1018
np	1372	1373	1007
np	1373	1374	1026
np	1374	1375	1031
np	1375	1376	1023
np	1376	1377	1039
np	1377	1378	1060
np	1378	1380	1057
np	1380	1381	1045
np	1381	1382	1059
np	1382	1383	1043
np	1383	1384	1020
np	1384	1385	993
np	1385	1386	965
np	1386	1387	981
np	1387	1388	985
np	1388	1389	990
np	1389	1390	993
np	1390	1391	987
np	1391	1392	979
np	1392	1393	980
np	1393	1394	984
np	1394	1395	982
np	1395	1398	979
np	1398	1399	962
np	1399	1401	977
np	1401	1402	1004
np	1402	1403	1008
np	1403	1405	999
np	1405	1406	1000
np	1406	1407	1005
np	1407	1408	1013
np	1408	1409	1002
np	1409	1410	980
np	1410	1411	973
np	1411	1412	957
np	1412	1413	970
np	1413	1414	967
np	1414	1415	992
np	1415	1416	984
np	1416	1417	1002
np	1417	1418	1006
np	1418	1420	1010
np	1420	1421	1001
np	1421	1422	1000
np	1422	1423	981
np	1423	1424	976
np	1424	1425	967
np	1425	1426	936
np	1426	1427	934
np	1427	1428	937
np	1428	1429	938
np	1429	1430	944
np	1430	1431	946
np	1431	1432	967
np	1432	1433	953
np	1433	1434	957
np	1434	1435	953
np	1435	1436	955
np	1436	1438	961
np	1438	1439	951
np	1439	1440	948
np	1440	1441	931
np	1441	1442	927
np	1442	1443	928
np	1443	1444	926
np	1444	1445	929
np	1445	1446	927
np	1446	1447	928
np	1447	1448	921
np	1448	1449	913
np	1449	1450	909
np	1450	1451	908
np	1451	1452	896
np	1452	1453	894
np	1453	1454	890
np	1454	1455	893
np	1455	1456	887
np	1456	1457	882
np	1457	1458	874
np	1458	1459	870
np	1459	1460	863
np	1460	1461	858
np	1461	1462	826
np	1462	1463	822
np	1463	1464	820
np	1464	1465	816
np	1465	1466	806
np	1466	1467	805
np	1467	1468	812
np	1468	1469	811
np	1469	1470	809
np	1470	1471	823
np	1471	1472	815
np	1472	1473	818
np	1473	1474	819
np	1474	1475	824
np	1475	1476	811
np	1476	1477	805
np	1477	1478	829
np	1478	1479	827
np	1479	1480	812
np	1480	1481	814
np	1481	1482	812
np	1482	1483	810
np	1483	1484	808
np	1484	1485	809
np	1485	1486	806
np	1486	1487	721
np	1487	1488	725
np	1488	1489	720
np	1489	1490	728
np	1490	1491	727
np	1491	1493	704
np	1493	1494	701
np	1494	1495	699
np	1495	1496	693
np	1496	1497	629
np	1497	1498	624
np	1498	1499	589
np	1499	1500	587
np	1500	1501	590
np	1501	1502	582
np	1502	1504	571
np	1504	1505	569
np	1505	1506	568
np	1506	1507	555
np	1507	1508	550
np	1508	1509	541
np	1509	1511	525
np	1511	1512	517
np	1512	1514	516
np	1514	1516	518
np	1516	1517	514
np	1517	1518	508
np	1518	1519	480
np	1519	1520	479
np	1520	1521	478
np	1521	1522	477
np	1522	1523	475
np	1523	1524	453
np	1524	1525	450
np	1525	1526	440
np	1526	1527	425
np	1527	1528	414
np	1528	1530	309
np	1530	1531	283
np	1531	1533	276
np	1533	1535	266
np	1535	1536	258
np	1536	1537	181
np	1537	1538	179
np	1538	1539	147
np	1539	1544	144
np	1544	1545	126
np	1545	1546	124
np	1546	1550	120
np	1550	1552	117
np	1552	1553	109
np	1553	1554	104
np	1554	1555	101
np	1555	1557	99
np	1557	1559	88
np	1559	1560	86
np	1560	1561	78
np	1561	1562	75
np	1562	1564	73
np	1564	1565	17
pb1	0	1	2130
pb1	1	2	2346
pb1	2	3	2367
pb1	3	4	2376
pb1	4	5	2579
pb1	5	6	2605
pb1	6	7	2618
pb1	7	8	2647
pb1	8	9	2753
pb1	9	10	2776
pb1	10	11	2873
pb1	11	12	2916
pb1	12	13	2931
pb1	13	14	2937
pb1	14	15	3069
pb1	15	16	3085
pb1	16	17	3445
pb1	17	18	3503
pb1	18	19	3632
pb1	19	20	3751
pb1	20	21	3783
pb1	21	22	3792
pb1	22	23	3987
pb1	23	24	4006
pb1	24	25	4042
pb1	25	26	4053
pb1	26	27	4077
pb1	27	28	4164
pb1	28	29	4380
pb1	29	30	4453
pb1	30	31	4466
pb1	31	32	4472
pb1	32	33	4609
pb1	33	34	4631
pb1	34	35	4658
pb1	35	36	4678
pb1	36	37	4710
pb1	37	38	4735
pb1	38	39	4816
pb1	39	40	4938
pb1	40	41	4980
pb1	41	42	4987
pb1	42	43	5036
pb1	43	44	5050
pb1	44	45	5105
pb1	45	46	5117
pb1	46	47	5121
pb1	47	48	5158
pb1	48	49	5172
pb1	49	50	5254
pb1	50	51	5291
pb1	51	52	5290
pb1	52	53	5307
pb1	53	55	5339
pb1	55	56	5359
pb1	56	57	5362
pb1	57	58	5376
pb1	58	59	5384
pb1	59	60	5383
pb1	60	61	5393
pb1	61	62	5386
pb1	62	63	5369
pb1	63	64	5391
pb1	64	65	5403
pb1	65	66	5426
pb1	66	67	5449
pb1	67	68	5452
pb1	68	69	5476
pb1	69	70	5471
pb1	70	71	5533
pb1	71	72	5559
pb1	72	73	5759
pb1	73	74	5791
pb1	74	75	5795
pb1	75	76	5811
pb1	76	77	5812
pb1	77	78	5974
pb1	78	79	5970
pb1	79	80	6008
pb1	80	81	6018
pb1	81	82	5894
pb1	82	83	6066
pb1	83	84	6045
pb1	84	85	6112
pb1	85	86	6163
pb1	86	87	6112
pb1	87	88	6420
pb1	88	89	6415
pb1	89	90	7109
pb1	90	91	7107
pb1	91	92	7007
pb1	92	93	7298
pb1	93	94	7246
pb1	94	95	7637
pb1	95	96	7665
pb1	96	97	7529
pb1	97	98	7631
pb1	98	99	7241
pb1	99	100	7286
pb1	100	101	7308
pb1	101	102	7147
pb1	102	103	7145
pb1	103	104	7020
pb1	104	105	6996
pb1	105	106	7245
pb1	106	107	7233
pb1	107	108	7228
pb1	108	109	7551
pb1	109	110	7542
pb1	110	111	7594
pb1	111	112	7587
pb1	112	113	7557
pb1	113	114	7587
pb1	114	115	7308
pb1	115	116	7508
pb1	116	117	7558
pb1	117	118	7437
pb1	118	119	7438
pb1	119	120	7418
pb1	120	121	7430
pb1	121	122	7685
pb1	122	123	7683
pb1	123	124	7671
pb1	124	125	7625
pb1	125	126	7465
pb1	126	127	7591
pb1	127	128	7681
pb1	128	130	7676
pb1	130	131	7812
pb1	131	132	7666
pb1	132	133	7963
pb1	133	134	7995
pb1	134	135	8084
pb1	135	136	7974
pb1	136	137	7953
pb1	137	138	8018
pb1	138	139	7986
pb1	139	140	8207
pb1	140	141	7845
pb1	141	142	7816
pb1	142	143	7739
pb1	143	144	7882
pb1	144	145	7889
pb1	145	146	7846
pb1	146	147	7791
pb1	147	148	7775
pb1	148	149	8220
pb1	149	150	8062
pb1	150	151	7955
pb1	151	152	7840
pb1	152	153	7938
pb1	153	154	7934
pb1	154	155	7971
pb1	155	156	7976
pb1	156	157	7875
pb1	157	158	7965
pb1	158	159	7382
pb1	159	160	7380
pb1	160	161	7402
pb1	161	162	7056
pb1	162	163	7457
pb1	163	164	7489
pb1	164	165	7692
pb1	165	166	7702
pb1	166	167	7593
pb1	167	168	7766
pb1	168	169	7725
pb1	169	170	7974
pb1	170	171	7971
pb1	171	172	7657
pb1	172	173	7670
pb1	173	174	7563
pb1	174	175	7776
pb1	175	176	7794
pb1	176	177	7718
pb1	177	178	7798
pb1	178	179	7677
pb1	179	180	7726
pb1	180	181	7756
pb1	181	182	7769
pb1	182	183	7818
pb1	183	184	7737
pb1	184	185	7725
pb1	185	186	7806
pb1	186	187	7754
pb1	187	188	7812
pb1	188	190	7869
pb1	190	191	7919
pb1	191	192	7871
pb1	192	193	7873
pb1	193	194	7890
pb1	194	195	7819
pb1	195	196	7836
pb1	196	197	7769
pb1	197	198	8125
pb1	198	199	8094
pb1	199	200	8087
pb1	200	201	7984
pb1	201	202	8015
pb1	202	203	8023
pb1	203	204	8168
pb1	204	205	8066
pb1	205	206	8100
pb1	206	207	7759
pb1	207	208	7781
pb1	208	209	7782
pb1	209	210	7771
pb1	210	211	7751
pb1	211	212	7757
pb1	212	213	7610
pb1	213	214	7855
pb1	214	215	7780
pb1	215	216	7767
pb1	216	217	7780
pb1	217	218	7822
pb1	218	219	7956
pb1	219	220	7951
pb1	220	221	7925
pb1	221	222	7874
pb1	222	223	7553
pb1	223	224	7600
pb1	224	225	7627
pb1	225	226	7551
pb1	226	227	7529
pb1	227	228	7398
pb1	228	229	7459
pb1	229	230	7536
pb1	230	231	7611
pb1	231	232	7637
pb1	232	233	7609
pb1	233	235	7599
pb1	235	236	7668
pb1	236	237	7685
pb1	237	238	7692
pb1	238	239	7626
pb1	239	240	7444
pb1	240	241	7480
pb1	241	242	7441
pb1	242	243	7616
pb1	243	244	7802
pb1	244	245	7749
pb1	245	246	7659
pb1	246	247	7703
pb1	247	248	7705
pb1	248	249	7735
pb1	249	250	7777
pb1	250	251	7724
pb1	251	252	7822
pb1	252	253	7566
pb1	253	254	7575
pb1	254	255	7568
pb1	255	256	7594
pb1	256	257	7559
pb1	257	258	7581
pb1	258	259	7604
pb1	259	260	7582
pb1	260	261	7514
pb1	261	262	7542
pb1	262	263	7640
pb1	263	264	7736
pb1	264	265	7816
pb1	265	266	8050
pb1	266	267	7954
pb1	267	268	7937
pb1	268	269	7991
pb1	269	270	8026
pb1	270	271	8118
pb1	271	272	8056
pb1	272	273	8031
pb1	273	274	8266
pb1	274	275	7994
pb1	275	276	8203
pb1	276	277	8212
pb1	277	278	8198
pb1	278	279	8140
pb1	279	280	8276
pb1	280	281	8166
pb1	281	282	8132
pb1	282	283	7894
pb1	283	284	8023
pb1	284	285	7899
pb1	285	286	7979
pb1	286	287	8025
pb1	287	288	8181
pb1	288	289	8047
pb1	289	290	8023
pb1	290	291	8004
pb1	291	292	8003
pb1	292	293	7864
pb1	293	294	7868
pb1	294	295	7863
pb1	295	296	7833
pb1	296	297	7622
pb1	297	298	7642
pb1	298	299	7636
pb1	299	300	7609
pb1	300	301	7629
pb1	301	302	7608
pb1	302	303	7550
pb1	303	304	7458
pb1	304	305	8617
pb1	305	306	8827
pb1	306	307	8850
pb1	307	308	8844
pb1	308	309	8797
pb1	309	310	8858
pb1	310	311	9087
pb1	311	312	9071
pb1	312	313	9086
pb1	313	314	7994
pb1	314	315	8119
pb1	315	316	8081
pb1	316	317	8237
pb1	317	318	8230
pb1	318	319	8359
pb1	319	320	8434
pb1	320	321	8501
pb1	321	322	8481
pb1	322	323	8483
pb1	323	324	8343
pb1	324	325	8358
pb1	325	326	8354
pb1	326	327	8349
pb1	327	328	8353
pb1	328	329	8260
pb1	329	330	8263
pb1	330	331	8226
pb1	331	332	8279
pb1	332	333	8280
pb1	333	334	8264
pb1	334	335	8241
pb1	335	336	8236
pb1	336	337	8177
pb1	337	338	8125
pb1	338	339	8154
pb1	339	340	8124
pb1	340	341	8091
pb1	341	342	8101
pb1	342	343	8090
pb1	343	344	8240
pb1	344	345	8268
pb1	345	346	8315
pb1	346	347	8305
pb1	347	348	8248
pb1	348	349	8186
pb1	349	350	8176
pb1	350	351	8153
pb1	351	352	8140
pb1	352	353	8107
pb1	353	354	8117
pb1	354	355	8084
pb1	355	356	8067
pb1	356	357	8069
pb1	357	358	8084
pb1	358	359	8123
pb1	359	360	8103
pb1	360	361	8116
pb1	361	362	8114
pb1	362	363	8082
pb1	363	364	8129
pb1	364	365	8104
pb1	365	366	8102
pb1	366	367	8145
pb1	367	368	8030
pb1	368	369	8154
pb1	369	370	8176
pb1	370	371	8318
pb1	371	372	8346
pb1	372	373	8248
pb1	373	374	8245
pb1	374	375	8226
pb1	375	376	8269
pb1	376	377	8277
pb1	377	378	7997
pb1	378	379	8016
pb1	379	380	7754
pb1	380	381	7838
pb1	381	382	7865
pb1	382	383	7821
pb1	383	384	7826
pb1	384	385	7706
pb1	385	386	8174
pb1	386	387	8177
pb1	387	388	8170
pb1	388	389	8154
pb1	389	390	8150
pb1	390	391	8302
pb1	391	392	8322
pb1	392	393	8257
pb1	393	394	8171
pb1	394	395	7803
pb1	395	396	7815
pb1	396	397	7835
pb1	397	398	7866
pb1	398	399	7915
pb1	399	400	7822
pb1	400	401	7823
pb1	401	402	7811
pb1	402	403	7833
pb1	403	404	7846
pb1	404	405	8122
pb1	405	406	8338
pb1	406	407	8412
pb1	407	408	8351
pb1	408	409	8201
pb1	409	410	8220
pb1	410	411	8355
pb1	411	412	8370
pb1	412	413	8385
pb1	413	414	8026
pb1	414	415	7743
pb1	415	416	7688
pb1	416	417	7660
pb1	417	418	7854
pb1	418	419	7906
pb1	419	420	7742
pb1	420	421	7751
pb1	421	422	7704
pb1	422	423	7781
pb1	423	424	7789
pb1	424	425	7709
pb1	425	426	7679
pb1	426	427	7400
pb1	427	428	7508
pb1	428	429	7522
pb1	429	430	7503
pb1	430	431	7465
pb1	431	432	7335
pb1	432	433	7325
pb1	433	434	7270
pb1	434	435	7218
pb1	435	436	7207
pb1	436	437	7078
pb1	437	438	7087
pb1	438	439	7066
pb1	439	440	7085
pb1	440	441	7082
pb1	441	442	7118
pb1	442	443	7223
pb1	443	444	7228
pb1	444	445	7229
pb1	445	446	7241
pb1	446	447	7143
pb1	447	448	7743
pb1	448	449	7722
pb1	449	450	7733
pb1	450	451	7700
pb1	451	452	7592
pb1	452	453	8794
pb1	453	454	8847
pb1	454	455	8630
pb1	455	456	8590
pb1	456	457	8044
pb1	457	458	8763
pb1	458	459	8881
pb1	459	460	8968
pb1	460	461	10193
pb1	461	462	9244
pb1	462	463	9559
pb1	463	464	9576
pb1	464	465	9546
pb1	465	466	9659
pb1	466	467	9228
pb1	467	468	9182
pb1	468	469	9244
pb1	469	470	8655
pb1	470	471	8853
pb1	471	472	8822
pb1	472	473	8853
pb1	473	474	8855
pb1	474	475	8747
pb1	475	476	8865
pb1	476	477	8867
pb1	477	478	8866
pb1	478	479	8816
pb1	479	480	8795
pb1	480	481	8774
pb1	481	482	8781
pb1	482	483	8862
pb1	483	484	8878
pb1	484	485	9219
pb1	485	486	9265
pb1	486	487	9326
pb1	487	488	9405
pb1	488	489	9409
pb1	489	490	9390
pb1	490	491	9419
pb1	491	492	9376
pb1	492	493	9584
pb1	493	494	9712
pb1	494	495	9785
pb1	495	496	9799
pb1	496	497	9811
pb1	497	498	9843
pb1	498	499	10381
pb1	499	500	10400
pb1	500	501	10469
pb1	501	502	10409
pb1	502	503	10417
pb1	503	504	10372
pb1	504	505	10450
pb1	505	506	10496
pb1	506	507	10525
pb1	507	508	10249
pb1	508	509	10404
pb1	509	510	10372
pb1	510	511	10774
pb1	511	512	10692
pb1	512	513	10745
pb1	513	514	10789
pb1	514	515	10788
pb1	515	516	10762
pb1	516	517	10809
pb1	517	518	10697
pb1	518	519	10725
pb1	519	520	10332
pb1	520	521	10439
pb1	521	522	10583
pb1	522	523	10735
pb1	523	524	10737
pb1	524	525	10808
pb1	525	526	10769
pb1	526	527	10786
pb1	527	528	10890
pb1	528	529	11015
pb1	529	530	11212
pb1	530	531	11122
pb1	531	532	11468
pb1	532	533	11621
pb1	533	534	11712
pb1	534	535	11721
pb1	535	536	11760
pb1	536	537	11649
pb1	537	538	11698
pb1	538	539	11456
pb1	539	540	11460
pb1	540	541	11077
pb1	541	542	11084
pb1	542	543	11040
pb1	543	544	11145
pb1	544	545	11199
pb1	545	546	11512
pb1	546	547	11747
pb1	547	548	11791
pb1	548	549	11779
pb1	549	550	11666
pb1	550	551	11710
pb1	551	552	11635
pb1	552	553	11705
pb1	553	554	11569
pb1	554	555	11379
pb1	555	556	11051
pb1	556	557	10977
pb1	557	558	10993
pb1	558	559	11086
pb1	559	560	11075
pb1	560	561	11463
pb1	561	562	11482
pb1	562	563	11564
pb1	563	564	11535
pb1	564	565	11430
pb1	565	566	11668
pb1	566	567	11639
pb1	567	568	11517
pb1	568	569	11472
pb1	569	570	11073
pb1	570	571	11045
pb1	571	572	11072
pb1	572	573	11064
pb1	573	574	11087
pb1	574	575	10911
pb1	575	576	10984
pb1	576	577	11014
pb1	577	578	11029
pb1	578	579	11020
pb1	579	580	10989
pb1	580	581	10966
pb1	581	582	10980
pb1	582	583	10966
pb1	583	584	11142
pb1	584	585	11233
pb1	585	586	11209
pb1	586	587	11398
pb1	587	588	11419
pb1	588	589	11405
pb1	589	590	11437
pb1	590	591	11420
pb1	591	592	11318
pb1	592	593	11220
pb1	593	594	11126
pb1	594	595	11225
pb1	595	596	10999
pb1	596	597	11136
pb1	597	598	11075
pb1	598	599	11053
pb1	599	600	11172
pb1	600	601	11181
pb1	601	602	11079
pb1	602	603	11031
pb1	603	604	10789
pb1	604	605	10798
pb1	605	606	10797
pb1	606	607	10747
pb1	607	608	10604
pb1	608	609	10385
pb1	609	610	10343
pb1	610	611	10225
pb1	611	612	10056
pb1	612	613	10050
pb1	613	614	10045
pb1	614	615	10121
pb1	615	616	10110
pb1	616	617	10102
pb1	617	618	10016
pb1	618	619	9999
pb1	619	620	10001
pb1	620	621	9972
pb1	621	622	10028
pb1	622	623	9949
pb1	623	624	9904
pb1	624	625	9873
pb1	625	626	10309
pb1	626	627	10292
pb1	627	628	10331
pb1	628	629	10271
pb1	629	630	10327
pb1	630	631	10250
pb1	631	632	10476
pb1	632	633	10507
pb1	633	634	10463
pb1	634	635	10474
pb1	635	636	10055
pb1	636	637	10095
pb1	637	638	10089
pb1	638	639	9942
pb1	639	640	10004
pb1	640	641	9694
pb1	641	642	9625
pb1	642	643	9577
pb1	643	644	9220
pb1	644	645	9333
pb1	645	646	9321
pb1	646	647	9260
pb1	647	648	9258
pb1	648	649	9131
pb1	649	650	8991
pb1	650	651	9001
pb1	651	652	9007
pb1	652	653	8894
pb1	653	654	8829
pb1	654	655	8633
pb1	655	656	8853
pb1	656	657	8865
pb1	657	658	8829
pb1	658	659	8776
pb1	659	660	8904
pb1	660	661	8952
pb1	661	662	8930
pb1	662	663	8998
pb1	663	664	9100
pb1	664	665	8570
pb1	665	666	8518
pb1	666	667	8492
pb1	667	668	8464
pb1	668	669	8425
pb1	669	670	8059
pb1	670	671	8085
pb1	671	672	8002
pb1	672	673	7710
pb1	673	674	8143
pb1	674	675	8229
pb1	675	676	8316
pb1	676	677	8330
pb1	677	678	8400
pb1	678	679	8388
pb1	679	680	8331
pb1	680	681	8283
pb1	681	682	8184
pb1	682	683	8138
pb1	683	684	7506
pb1	684	685	7595
pb1	685	686	7725
pb1	686	687	7492
pb1	687	688	7507
pb1	688	689	7461
pb1	689	690	7466
pb1	690	691	7561
pb1	691	692	7571
pb1	692	693	7327
pb1	693	694	7299
pb1	694	695	6915
pb1	695	696	7058
pb1	696	697	6987
pb1	697	698	6988
pb1	698	699	7041
pb1	699	700	6717
pb1	700	701	6847
pb1	701	702	6767
pb1	702	703	6846
pb1	703	704	6892
pb1	704	705	6746
pb1	705	706	6719
pb1	706	707	6693
pb1	707	708	6541
pb1	708	709	6550
pb1	709	710	6152
pb1	710	711	6189
pb1	711	712	6094
pb1	712	713	5946
pb1	713	714	5798
pb1	714	715	5781
pb1	715	716	5778
pb1	716	717	5776
pb1	717	718	5802
pb1	718	719	5787
pb1	719	720	5751
pb1	720	721	5734
pb1	721	722	5739
pb1	722	723	5716
pb1	723	724	5719
pb1	724	725	5720
pb1	725	726	5722
pb1	726	727	5761
pb1	727	728	5836
pb1	728	729	5911
pb1	729	730	6016
pb1	730	731	5998
pb1	731	732	5917
pb1	732	733	5913
pb1	733	734	5904
pb1	734	735	5946
pb1	735	736	5757
pb1	736	737	5753
pb1	737	738	5640
pb1	738	739	5474
pb1	739	740	5536
pb1	740	741	5474
pb1	741	742	5488
pb1	742	743	5507
pb1	743	744	5438
pb1	744	746	5449
pb1	746	747	5459
pb1	747	748	5492
pb1	748	749	5391
pb1	749	750	5315
pb1	750	751	5250
pb1	751	752	5238
pb1	752	753	5072
pb1	753	754	5124
pb1	754	755	5038
pb1	755	756	5032
pb1	756	757	5006
pb1	757	758	5051
pb1	758	759	5056
pb1	759	760	5156
pb1	760	761	5145
pb1	761	762	5144
pb1	762	763	5108
pb1	763	764	5047
pb1	764	765	5098
pb1	765	766	5094
pb1	766	767	5063
pb1	767	768	5068
pb1	768	769	4790
pb1	769	770	4819
pb1	770	771	4796
pb1	771	772	4889
pb1	772	773	4973
pb1	773	774	4899
pb1	774	775	5058
pb1	775	776	5047
pb1	776	777	5034
pb1	777	778	5118
pb1	778	779	5082
pb1	779	780	5079
pb1	780	781	5058
pb1	781	782	4684
pb1	782	783	4668
pb1	783	784	4396
pb1	784	785	4390
pb1	785	786	4336
pb1	786	787	4365
pb1	787	788	4340
pb1	788	789	4333
pb1	789	790	4336
pb1	790	792	4343
pb1	792	793	4393
pb1	793	794	4653
pb1	794	795	4679
pb1	795	796	4680
pb1	796	797	4681
pb1	797	798	4817
pb1	798	799	4861
pb1	799	800	4887
pb1	800	801	4873
pb1	801	802	4827
pb1	802	803	4649
pb1	803	804	4789
pb1	804	805	4705
pb1	805	806	4838
pb1	806	807	4760
pb1	807	808	4738
pb1	808	809	4877
pb1	809	810	4898
pb1	810	811	4929
pb1	811	812	4972
pb1	812	813	4875
pb1	813	814	4873
pb1	814	815	4752
pb1	815	816	4742
pb1	816	817	4716
pb1	817	818	4709
pb1	818	819	4781
pb1	819	820	4774
pb1	820	821	4763
pb1	821	822	4761
pb1	822	823	4840
pb1	823	824	4858
pb1	824	825	4777
pb1	825	826	4768
pb1	826	827	4645
pb1	827	828	4739
pb1	828	829	4715
pb1	829	830	4739
pb1	830	831	4733
pb1	831	832	4711
pb1	832	833	4727
pb1	833	834	4747
pb1	834	835	4750
pb1	835	836	4651
pb1	836	837	4724
pb1	837	838	4695
pb1	838	839	4769
pb1	839	840	4775
pb1	840	841	4876
pb1	841	842	4864
pb1	842	843	4865
pb1	843	844	4840
pb1	844	845	4886
pb1	845	846	4827
pb1	846	847	4831
pb1	847	848	4826
pb1	848	849	4829
pb1	849	850	4782
pb1	850	851	4959
pb1	851	852	5008
pb1	852	853	5067
pb1	853	854	5054
pb1	854	855	5131
pb1	855	856	5129
pb1	856	857	5109
pb1	857	858	5134
pb1	858	859	5106
pb1	859	860	5071
pb1	860	861	5143
pb1	861	862	5123
pb1	862	863	5124
pb1	863	864	5059
pb1	864	865	5088
pb1	865	866	5082
pb1	866	867	5106
pb1	867	868	5081
pb1	868	869	5020
pb1	869	870	5137
pb1	870	871	5169
pb1	871	872	5202
pb1	872	873	5190
pb1	873	874	5180
pb1	874	875	5172
pb1	875	876	5159
pb1	876	877	5187
pb1	877	878	5247
pb1	878	879	5109
pb1	879	880	5137
pb1	880	881	5099
pb1	881	882	5131
pb1	882	883	5133
pb1	883	884	5179
pb1	884	885	5188
pb1	885	886	5157
pb1	886	887	5168
pb1	887	888	5213
pb1	888	889	5255
pb1	889	890	5253
pb1	890	891	5230
pb1	891	892	5220
pb1	892	893	5120
pb1	893	894	5154
pb1	894	895	5109
pb1	895	896	5118
pb1	896	897	5094
pb1	897	898	4979
pb1	898	899	5066
pb1	899	900	5149
pb1	900	901	5207
pb1	901	902	5396
pb1	902	903	5406
pb1	903	904	5485
pb1	904	906	5465
pb1	906	907	5496
pb1	907	908	5626
pb1	908	909	5619
pb1	909	910	5464
pb1	910	911	5481
pb1	911	912	5286
pb1	912	913	5342
pb1	913	914	5293
pb1	914	915	5346
pb1	915	916	5307
pb1	916	917	5199
pb1	917	918	5275
pb1	918	919	5268
pb1	919	920	5311
pb1	920	921	5340
pb1	921	922	5369
pb1	922	923	5372
pb1	923	924	5376
pb1	924	925	5335
pb1	925	926	5430
pb1	926	927	5350
pb1	927	928	5381
pb1	928	929	5498
pb1	929	930	5589
pb1	930	931	5573
pb1	931	932	5739
pb1	932	933	5709
pb1	933	934	5827
pb1	934	935	5837
pb1	935	936	6081
pb1	936	937	6101
pb1	937	938	5952
pb1	938	939	5900
pb1	939	940	5861
pb1	940	941	5856
pb1	941	942	6028
pb1	942	943	5958
pb1	943	944	5944
pb1	944	945	5685
pb1	945	946	5683
pb1	946	947	5693
pb1	947	949	5723
pb1	949	950	5665
pb1	950	951	5650
pb1	951	952	5585
pb1	952	953	5609
pb1	953	954	5597
pb1	954	955	5596
pb1	955	956	5586
pb1	956	957	5532
pb1	957	958	5515
pb1	958	959	5488
pb1	959	960	5497
pb1	960	961	5470
pb1	961	962	5427
pb1	962	963	5436
pb1	963	964	5418
pb1	964	965	5449
pb1	965	966	5444
pb1	966	967	5477
pb1	967	968	5451
pb1	968	969	5414
pb1	969	970	5402
pb1	970	971	5472
pb1	971	972	5460
pb1	972	973	5465
pb1	973	974	5398
pb1	974	975	5576
pb1	975	976	5517
pb1	976	977	5525
pb1	977	978	5514
pb1	978	979	5521
pb1	979	980	5466
pb1	980	981	5550
pb1	981	982	5558
pb1	982	983	5557
pb1	983	984	5330
pb1	984	985	5463
pb1	985	986	5653
pb1	986	987	5717
pb1	987	988	5777
pb1	988	989	5779
pb1	989	990	5708
pb1	990	991	5714
pb1	991	992	6450
pb1	992	993	7333
pb1	993	994	7243
pb1	994	995	7179
pb1	995	996	7175
pb1	996	997	7118
pb1	997	998	7162
pb1	998	999	7122
pb1	999	1000	7225
pb1	1000	1001	7190
pb1	1001	1002	6596
pb1	1002	1003	6588
pb1	1003	1004	6550
pb1	1004	1005	6692
pb1	1005	1006	6722
pb1	1006	1007	6674
pb1	1007	1008	6673
pb1	1008	1009	6625
pb1	1009	1010	6543
pb1	1010	1011	6599
pb1	1011	1012	6687
pb1	1012	1013	6702
pb1	1013	1014	6636
pb1	1014	1015	6669
pb1	1015	1016	6700
pb1	1016	1017	6696
pb1	1017	1018	6722
pb1	1018	1019	6840
pb1	1019	1020	7810
pb1	1020	1021	7785
pb1	1021	1022	7816
pb1	1022	1023	7843
pb1	1023	1024	7840
pb1	1024	1025	7950
pb1	1025	1026	7969
pb1	1026	1027	7938
pb1	1027	1028	7865
pb1	1028	1029	7436
pb1	1029	1030	8035
pb1	1030	1031	8069
pb1	1031	1032	8173
pb1	1032	1033	8181
pb1	1033	1034	8132
pb1	1034	1035	8150
pb1	1035	1036	8145
pb1	1036	1037	8340
pb1	1037	1038	8382
pb1	1038	1039	8176
pb1	1039	1040	8224
pb1	1040	1041	8216
pb1	1041	1042	8286
pb1	1042	1043	8447
pb1	1043	1044	8418
pb1	1044	1045	9437
pb1	1045	1046	9387
pb1	1046	1047	9366
pb1	1047	1048	9575
pb1	1048	1049	9539
pb1	1049	1050	9518
pb1	1050	1051	9522
pb1	1051	1052	9321
pb1	1052	1053	9353
pb1	1053	1054	8628
pb1	1054	1055	8589
pb1	1055	1056	8643
pb1	1056	1057	8568
pb1	1057	1058	8653
pb1	1058	1059	8654
pb1	1059	1060	8708
pb1	1060	1061	8756
pb1	1061	1062	8716
pb1	1062	1063	8682
pb1	1063	1064	8762
pb1	1064	1065	8808
pb1	1065	1066	9117
pb1	1066	1067	9144
pb1	1067	1068	9223
pb1	1068	1069	9266
pb1	1069	1070	9274
pb1	1070	1071	9270
pb1	1071	1072	9411
pb1	1072	1073	9841
pb1	1073	1074	9892
pb1	1074	1075	9954
pb1	1075	1076	9881
pb1	1076	1077	9995
pb1	1077	1078	10106
pb1	1078	1079	10244
pb1	1079	1080	10256
pb1	1080	1081	10094
pb1	1081	1082	9842
pb1	1082	1083	9790
pb1	1083	1084	10327
pb1	1084	1086	10447
pb1	1086	1087	10342
pb1	1087	1088	10302
pb1	1088	1089	10320
pb1	1089	1090	10416
pb1	1090	1091	10409
pb1	1091	1092	10514
pb1	1092	1093	10246
pb1	1093	1094	10239
pb1	1094	1095	10198
pb1	1095	1096	10210
pb1	1096	1097	10268
pb1	1097	1098	10572
pb1	1098	1099	10496
pb1	1099	1100	10617
pb1	1100	1101	10588
pb1	1101	1102	10542
pb1	1102	1103	10538
pb1	1103	1104	10630
pb1	1104	1105	10709
pb1	1105	1106	10834
pb1	1106	1107	10557
pb1	1107	1108	10546
pb1	1108	1109	10450
pb1	1109	1110	10440
pb1	1110	1111	10439
pb1	1111	1112	10386
pb1	1112	1113	10367
pb1	1113	1114	10278
pb1	1114	1116	10246
pb1	1116	1117	10241
pb1	1117	1118	10234
pb1	1118	1119	10197
pb1	1119	1120	10173
pb1	1120	1121	10487
pb1	1121	1122	10373
pb1	1122	1123	10412
pb1	1123	1124	10477
pb1	1124	1125	10531
pb1	1125	1126	10485
pb1	1126	1127	10477
pb1	1127	1128	10439
pb1	1128	1129	10492
pb1	1129	1130	10074
pb1	1130	1131	10070
pb1	1131	1133	10115
pb1	1133	1134	10094
pb1	1134	1135	10132
pb1	1135	1136	10178
pb1	1136	1137	10144
pb1	1137	1138	10194
pb1	1138	1139	10187
pb1	1139	1140	10244
pb1	1140	1141	10045
pb1	1141	1142	10022
pb1	1142	1143	10183
pb1	1143	1144	10097
pb1	1144	1145	10080
pb1	1145	1146	10075
pb1	1146	1147	10028
pb1	1147	1148	10605
pb1	1148	1149	10562
pb1	1149	1150	10509
pb1	1150	1151	10501
pb1	1151	1152	10248
pb1	1152	1153	10503
pb1	1153	1154	10453
pb1	1154	1155	10464
pb1	1155	1156	10407
pb1	1156	1157	9944
pb1	1157	1158	10296
pb1	1158	1159	10315
pb1	1159	1160	10305
pb1	1160	1161	10520
pb1	1161	1162	10289
pb1	1162	1163	10498
pb1	1163	1164	10456
pb1	1164	1165	10489
pb1	1165	1166	10497
pb1	1166	1167	10285
pb1	1167	1168	10198
pb1	1168	1169	10168
pb1	1169	1170	9903
pb1	1170	1171	9745
pb1	1171	1172	9469
pb1	1172	1173	9616
pb1	1173	1174	9602
pb1	1174	1175	9658
pb1	1175	1176	9635
pb1	1176	1177	9683
pb1	1177	1178	9768
pb1	1178	1179	9747
pb1	1179	1180	9756
pb1	1180	1181	9736
pb1	1181	1182	9751
pb1	1182	1183	9719
pb1	1183	1184	9675
pb1	1184	1185	9765
pb1	1185	1186	9791
pb1	1186	1187	9660
pb1	1187	1188	9633
pb1	1188	1189	9564
pb1	1189	1190	9520
pb1	1190	1191	9293
pb1	1191	1192	9418
pb1	1192	1193	9424
pb1	1193	1194	9419
pb1	1194	1195	9284
pb1	1195	1196	9203
pb1	1196	1197	9325
pb1	1197	1198	9330
pb1	1198	1199	9322
pb1	1199	1200	9261
pb1	1200	1201	9115
pb1	1201	1202	9192
pb1	1202	1203	9238
pb1	1203	1204	9205
pb1	1204	1205	9038
pb1	1205	1206	8940
pb1	1206	1207	10615
pb1	1207	1208	10791
pb1	1208	1209	10874
pb1	1209	1210	11109
pb1	1210	1211	11047
pb1	1211	1212	11126
pb1	1212	1213	11169
pb1	1213	1214	11167
pb1	1214	1215	11253
pb1	1215	1216	10890
pb1	1216	1217	9469
pb1	1217	1218	9454
pb1	1218	1219	9297
pb1	1219	1220	9399
pb1	1220	1221	9388
pb1	1221	1222	9333
pb1	1222	1223	9296
pb1	1223	1224	9092
pb1	1224	1225	9540
pb1	1225	1226	9591
pb1	1226	1227	9593
pb1	1227	1228	9609
pb1	1228	1229	9859
pb1	1229	1230	9920
pb1	1230	1231	9907
pb1	1231	1232	9906
pb1	1232	1233	9892
pb1	1233	1234	9432
pb1	1234	1235	9589
pb1	1235	1236	9596
pb1	1236	1237	9532
pb1	1237	1238	9445
pb1	1238	1239	9420
pb1	1239	1240	9640
pb1	1240	1241	9741
pb1	1241	1242	9790
pb1	1242	1243	9764
pb1	1243	1244	9547
pb1	1244	1245	9790
pb1	1245	1246	10019
pb1	1246	1247	10330
pb1	1247	1248	10462
pb1	1248	1249	10378
pb1	1249	1250	10278
pb1	1250	1251	10504
pb1	1251	1252	10751
pb1	1252	1253	10841
pb1	1253	1254	10700
pb1	1254	1255	11884
pb1	1255	1256	12096
pb1	1256	1257	13203
pb1	1257	1258	13287
pb1	1258	1259	13585
pb1	1259	1260	13822
pb1	1260	1261	13521
pb1	1261	1262	13573
pb1	1262	1263	13577
pb1	1263	1264	13876
pb1	1264	1265	13918
pb1	1265	1266	15300
pb1	1266	1267	15558
pb1	1267	1268	15545
pb1	1268	1269	15837
pb1	1269	1270	15829
pb1	1270	1271	16936
pb1	1271	1272	16956
pb1	1272	1273	16829
pb1	1273	1274	17034
pb1	1274	1275	16751
pb1	1275	1276	18757
pb1	1276	1277	18968
pb1	1277	1278	19008
pb1	1278	1279	19087
pb1	1279	1280	18959
pb1	1280	1281	19014
pb1	1281	1282	19027
pb1	1282	1283	19094
pb1	1283	1284	18818
pb1	1284	1285	18645
pb1	1285	1286	18361
pb1	1286	1287	18446
pb1	1287	1288	18583
pb1	1288	1289	18639
pb1	1289	1290	18666
pb1	1290	1291	18828
pb1	1291	1292	18830
pb1	1292	1293	19037
pb1	1293	1295	19041
pb1	1295	1297	19073
pb1	1297	1298	19346
pb1	1298	1299	19310
pb1	1299	1300	19232
pb1	1300	1301	19202
pb1	1301	1302	19108
pb1	1302	1303	19541
pb1	1303	1304	19720
pb1	1304	1305	19770
pb1	1305	1306	19843
pb1	1306	1307	19719
pb1	1307	1308	19797
pb1	1308	1309	19815
pb1	1309	1310	19818
pb1	1310	1311	20172
pb1	1311	1312	19880
pb1	1312	1313	19829
pb1	1313	1314	19899
pb1	1314	1315	19887
pb1	1315	1316	19911
pb1	1316	1317	20570
pb1	1317	1318	20413
pb1	1318	1319	20797
pb1	1319	1320	20583
pb1	1320	1321	20429
pb1	1321	1322	20934
pb1	1322	1323	20946
pb1	1323	1324	23670
pb1	1324	1325	24325
pb1	1325	1326	23706
pb1	1326	1327	24819
pb1	1327	1328	24544
pb1	1328	1329	25599
pb1	1329	1330	25737
pb1	1330	1331	25380
pb1	1331	1332	25615
pb1	1332	1333	23418
pb1	1333	1334	23509
pb1	1334	1335	23659
pb1	1335	1336	22952
pb1	1336	1337	23065
pb1	1337	1338	22717
pb1	1338	1339	22726
pb1	1339	1340	22945
pb1	1340	1341	22766
pb1	1341	1342	22750
pb1	1342	1343	23416
pb1	1343	1344	23263
pb1	1344	1345	23622
pb1	1345	1346	23648
pb1	1346	1347	23869
pb1	1347	1348	23959
pb1	1348	1349	23979
pb1	1349	1350	23991
pb1	1350	1351	23995
pb1	1351	1352	23396
pb1	1352	1353	23444
pb1	1353	1354	24089
pb1	1354	1355	23972
pb1	1355	1356	23898
pb1	1356	1357	23968
pb1	1357	1358	23961
pb1	1358	1359	23934
pb1	1359	1360	23972
pb1	1360	1361	24035
pb1	1361	1362	24108
pb1	1362	1364	23652
pb1	1364	1365	23665
pb1	1365	1366	23757
pb1	1366	1367	24205
pb1	1367	1368	24214
pb1	1368	1369	25151
pb1	1369	1370	24989
pb1	1370	1371	25754
pb1	1371	1372	25848
pb1	1372	1373	25959
pb1	1373	1374	26085
pb1	1374	1375	26513
pb1	1375	1376	25944
pb1	1376	1377	26018
pb1	1377	1378	25067
pb1	1378	1379	24979
pb1	1379	1380	23865
pb1	1380	1381	24203
pb1	1381	1382	24387
pb1	1382	1383	24176
pb1	1383	1384	24184
pb1	1384	1385	23816
pb1	1385	1386	23811
pb1	1386	1387	23716
pb1	1387	1388	23637
pb1	1388	1389	24070
pb1	1389	1390	23390
pb1	1390	1391	23143
pb1	1391	1392	23078
pb1	1392	1393	23163
pb1	1393	1394	23392
pb1	1394	1395	23467
pb1	1395	1396	23480
pb1	1396	1397	23609
pb1	1397	1398	23023
pb1	1398	1399	23303
pb1	1399	1400	23317
pb1	1400	1401	23322
pb1	1401	1402	23134
pb1	1402	1403	22823
pb1	1403	1404	22773
pb1	1404	1405	22626
pb1	1405	1406	22496
pb1	1406	1407	22248
pb1	1407	1408	22970
pb1	1408	1409	23075
pb1	1409	1410	22955
pb1	1410	1411	22990
pb1	1411	1412	22723
pb1	1412	1413	22637
pb1	1413	1414	22798
pb1	1414	1415	22564
pb1	1415	1416	22382
pb1	1416	1417	20698
pb1	1417	1418	20975
pb1	1418	1419	21861
pb1	1419	1420	21791
pb1	1420	1421	21797
pb1	1421	1422	23397
pb1	1422	1423	23048
pb1	1423	1424	23223
pb1	1424	1425	23197
pb1	1425	1426	22963
pb1	1426	1427	22894
pb1	1427	1428	21342
pb1	1428	1429	21380
pb1	1429	1430	21676
pb1	1430	1431	19897
pb1	1431	1432	19888
pb1	1432	1433	19868
pb1	1433	1434	19893
pb1	1434	1435	19871
pb1	1435	1436	19676
pb1	1436	1437	19672
pb1	1437	1438	19647
pb1	1438	1439	19168
pb1	1439	1440	19361
pb1	1440	1441	19394
pb1	1441	1442	19353
pb1	1442	1443	19398
pb1	1443	1444	19387
pb1	1444	1445	19752
pb1	1445	1446	19758
pb1	1446	1447	19767
pb1	1447	1448	19782
pb1	1448	1449	19585
pb1	1449	1450	19432
pb1	1450	1451	19466
pb1	1451	1452	19465
pb1	1452	1453	19484
pb1	1453	1454	18554
pb1	1454	1455	18620
pb1	1455	1456	18677
pb1	1456	1457	18723
pb1	1457	1458	18532
pb1	1458	1459	18537
pb1	1459	1460	18420
pb1	1460	1461	18540
pb1	1461	1462	18539
pb1	1462	1463	18465
pb1	1463	1464	18325
pb1	1464	1465	17851
pb1	1465	1466	17658
pb1	1466	1467	18012
pb1	1467	1468	18007
pb1	1468	1469	17975
pb1	1469	1470	17906
pb1	1470	1471	18000
pb1	1471	1472	18581
pb1	1472	1473	18452
pb1	1473	1474	18409
pb1	1474	1475	18098
pb1	1475	1476	17335
pb1	1476	1477	17289
pb1	1477	1478	17038
pb1	1478	1479	16999
pb1	1479	1480	15350
pb1	1480	1481	15689
pb1	1481	1482	15616
pb1	1482	1483	15509
pb1	1483	1484	15511
pb1	1484	1485	14677
pb1	1485	1486	14735
pb1	1486	1487	14929
pb1	1487	1488	14855
pb1	1488	1489	14831
pb1	1489	1490	13790
pb1	1490	1491	13252
pb1	1491	1492	13245
pb1	1492	1493	13130
pb1	1493	1494	13086
pb1	1494	1495	12905
pb1	1495	1496	12062
pb1	1496	1497	11681
pb1	1497	1498	11652
pb1	1498	1499	11499
pb1	1499	1500	11553
pb1	1500	1501	11476
pb1	1501	1502	11465
pb1	1502	1503	11461
pb1	1503	1504	11594
pb1	1504	1505	11612
pb1	1505	1506	11578
pb1	1506	1507	11624
pb1	1507	1508	11659
pb1	1508	1509	11630
pb1	1509	1510	11717
pb1	1510	1511	11780
pb1	1511	1512	11812
pb1	1512	1513	11665
pb1	1513	1514	11649
pb1	1514	1515	11694
pb1	1515	1516	11775
pb1	1516	1517	11930
pb1	1517	1518	12120
pb1	1518	1519	12070
pb1	1519	1520	12123
pb1	1520	1521	12118
pb1	1521	1522	12114
pb1	1522	1523	12364
pb1	1523	1524	12332
pb1	1524	1525	12245
pb1	1525	1526	11980
pb1	1526	1527	11726
pb1	1527	1528	11791
pb1	1528	1529	11670
pb1	1529	1530	11615
pb1	1530	1531	11605
pb1	1531	1532	11326
pb1	1532	1533	11312
pb1	1533	1534	11243
pb1	1534	1535	11268
pb1	1535	1536	11479
pb1	1536	1537	11409
pb1	1537	1538	11467
pb1	1538	1539	11451
pb1	1539	1540	11441
pb1	1540	1541	11638
pb1	1541	1542	11734
pb1	1542	1543	11710
pb1	1543	1544	11689
pb1	1544	1545	11366
pb1	1545	1546	11681
pb1	1546	1548	11616
pb1	1548	1549	11562
pb1	1549	1550	11322
pb1	1550	1551	11461
pb1	1551	1552	11471
pb1	1552	1553	11499
pb1	1553	1554	11462
pb1	1554	1555	11169
pb1	1555	1556	11949
pb1	1556	1557	12000
pb1	1557	1558	11965
pb1	1558	1559	11971
pb1	1559	1560	11878
pb1	1560	1561	11903
pb1	1561	1562	11919
pb1	1562	1563	11964
pb1	1563	1564	11944
pb1	1564	1565	11002
pb1	1565	1566	11905
pb1	1566	1567	11906
pb1	1567	1568	11889
pb1	1568	1569	11917
pb1	1569	1570	11944
pb1	1570	1571	12418
pb1	1571	1572	12461
pb1	1572	1573	12242
pb1	1573	1574	12217
pb1	1574	1575	11986
pb1	1575	1576	11898
pb1	1576	1577	11913
pb1	1577	1578	11902
pb1	1578	1579	11888
pb1	1579	1580	11462
pb1	1580	1581	11439
pb1	1581	1582	11459
pb1	1582	1583	11578
pb1	1583	1584	11384
pb1	1584	1585	11464
pb1	1585	1586	11449
pb1	1586	1587	11468
pb1	1587	1588	11747
pb1	1588	1589	11719
pb1	1589	1591	11876
pb1	1591	1592	11830
pb1	1592	1593	11998
pb1	1593	1594	11948
pb1	1594	1595	12428
pb1	1595	1596	12432
pb1	1596	1597	12165
pb1	1597	1598	12191
pb1	1598	1599	12038
pb1	1599	1600	12342
pb1	1600	1601	13134
pb1	1601	1602	12926
pb1	1602	1603	12938
pb1	1603	1604	12500
pb1	1604	1605	12494
pb1	1605	1606	12474
pb1	1606	1607	12712
pb1	1607	1608	12660
pb1	1608	1609	13287
pb1	1609	1610	12434
pb1	1610	1611	12757
pb1	1611	1612	13024
pb1	1612	1613	13010
pb1	1613	1614	12934
pb1	1614	1615	12966
pb1	1615	1616	12665
pb1	1616	1617	12941
pb1	1617	1618	12372
pb1	1618	1619	12375
pb1	1619	1620	12477
pb1	1620	1621	11995
pb1	1621	1622	12371
pb1	1622	1623	12503
pb1	1623	1624	12804
pb1	1624	1625	12871
pb1	1625	1626	12965
pb1	1626	1627	13008
pb1	1627	1628	12988
pb1	1628	1629	13002
pb1	1629	1630	13019
pb1	1630	1631	13306
pb1	1631	1632	13408
pb1	1632	1633	13144
pb1	1633	1634	13177
pb1	1634	1635	13008
pb1	1635	1636	13561
pb1	1636	1637	13813
pb1	1637	1638	13903
pb1	1638	1639	13969
pb1	1639	1640	13737
pb1	1640	1641	13808
pb1	1641	1642	13824
pb1	1642	1643	13894
pb1	1643	1644	13928
pb1	1644	1645	13700
pb1	1645	1646	13603
pb1	1646	1647	13540
pb1	1647	1648	13586
pb1	1648	1649	13643
pb1	1649	1650	13597
pb1	1650	1651	13528
pb1	1651	1652	13504
pb1	1652	1653	13552
pb1	1653	1654	13823
pb1	1654	1655	13795
pb1	1655	1656	13804
pb1	1656	1657	13860
pb1	1657	1658	13889
pb1	1658	1659	13903
pb1	1659	1660	13901
pb1	1660	1661	13922
pb1	1661	1662	13861
pb1	1662	1663	13905
pb1	1663	1664	14003
pb1	1664	1665	13967
pb1	1665	1666	14195
pb1	1666	1667	14186
pb1	1667	1668	14152
pb1	1668	1669	14149
pb1	1669	1670	14089
pb1	1670	1671	14111
pb1	1671	1672	14342
pb1	1672	1673	14151
pb1	1673	1674	14393
pb1	1674	1675	14306
pb1	1675	1676	14442
pb1	1676	1677	14588
pb1	1677	1678	14532
pb1	1678	1679	14507
pb1	1679	1680	14462
pb1	1680	1681	14489
pb1	1681	1682	14462
pb1	1682	1683	14835
pb1	1683	1684	15135
pb1	1684	1685	15070
pb1	1685	1686	15051
pb1	1686	1687	14996
pb1	1687	1688	15098
pb1	1688	1689	15458
pb1	1689	1690	15399
pb1	1690	1691	15533
pb1	1691	1692	14886
pb1	1692	1693	14857
pb1	1693	1694	14814
pb1	1694	1695	15557
pb1	1695	1696	15788
pb1	1696	1697	16748
pb1	1697	1698	16695
pb1	1698	1699	16716
pb1	1699	1700	16518
pb1	1700	1701	16515
pb1	1701	1702	16324
pb1	1702	1703	16504
pb1	1703	1704	16385
pb1	1704	1705	15325
pb1	1705	1706	15119
pb1	1706	1707	15256
pb1	1707	1708	15317
pb1	1708	1709	15334
pb1	1709	1710	15374
pb1	1710	1711	15260
pb1	1711	1712	15361
pb1	1712	1713	14986
pb1	1713	1714	15150
pb1	1714	1715	15110
pb1	1715	1716	14664
pb1	1716	1717	14642
pb1	1717	1718	14576
pb1	1718	1719	14583
pb1	1719	1720	14403
pb1	1720	1721	14501
pb1	1721	1722	14337
pb1	1722	1723	14374
pb1	1723	1724	14230
pb1	1724	1725	14545
pb1	1725	1726	14561
pb1	1726	1727	14570
pb1	1727	1728	14572
pb1	1728	1729	14673
pb1	1729	1730	14461
pb1	1730	1731	14624
pb1	1731	1732	14589
pb1	1732	1733	14747
pb1	1733	1734	14520
pb1	1734	1735	14519
pb1	1735	1736	14622
pb1	1736	1737	14792
pb1	1737	1738	14746
pb1	1738	1739	14817
pb1	1739	1740	14854
pb1	1740	1741	14893
pb1	1741	1742	14901
pb1	1742	1743	14864
pb1	1743	1744	14870
pb1	1744	1745	14864
pb1	1745	1746	14626
pb1	1746	1747	14628
pb1	1747	1748	14658
pb1	1748	1749	14675
pb1	1749	1750	14613
pb1	1750	1751	14607
pb1	1751	1752	15121
pb1	1752	1753	15133
pb1	1753	1754	15120
pb1	1754	1755	15141
pb1	1755	1756	15131
pb1	1756	1757	15039
pb1	1757	1758	15074
pb1	1758	1759	14998
pb1	1759	1760	14883
pb1	1760	1761	14833
pb1	1761	1762	14803
pb1	1762	1763	14886
pb1	1763	1764	14927
pb1	1764	1765	15190
pb1	1765	1766	15127
pb1	1766	1767	14988
pb1	1767	1768	14949
pb1	1768	1769	14836
pb1	1769	1770	14580
pb1	1770	1771	14295
pb1	1771	1772	14271
pb1	1772	1773	14201
pb1	1773	1774	13807
pb1	1774	1775	13840
pb1	1775	1776	14049
pb1	1776	1777	14046
pb1	1777	1778	14141
pb1	1778	1779	14113
pb1	1779	1780	14176
pb1	1780	1781	14371
pb1	1781	1782	14285
pb1	1782	1783	14291
pb1	1783	1784	14324
pb1	1784	1785	14048
pb1	1785	1786	14115
pb1	1786	1787	14131
pb1	1787	1788	14132
pb1	1788	1789	14171
pb1	1789	1790	13884
pb1	1790	1791	13959
pb1	1791	1792	13927
pb1	1792	1793	13868
pb1	1793	1794	14023
pb1	1794	1795	14135
pb1	1795	1796	14153
pb1	1796	1797	14435
pb1	1797	1798	14335
pb1	1798	1799	14529
pb1	1799	1800	14433
pb1	1800	1801	14480
pb1	1801	1802	14567
pb1	1802	1803	14309
pb1	1803	1804	13846
pb1	1804	1805	13784
pb1	1805	1806	13616
pb1	1806	1807	13764
pb1	1807	1808	13796
pb1	1808	1809	13737
pb1	1809	1810	13751
pb1	1810	1811	13597
pb1	1811	1812	13536
pb1	1812	1813	14841
pb1	1813	1814	14856
pb1	1814	1815	14963
pb1	1815	1816	15357
pb1	1816	1817	14714
pb1	1817	1818	15406
pb1	1818	1819	15411
pb1	1819	1820	15555
pb1	1820	1821	15640
pb1	1821	1822	13427
pb1	1822	1823	13571
pb1	1823	1824	13395
pb1	1824	1825	13296
pb1	1825	1826	13382
pb1	1826	1827	13118
pb1	1827	1828	13060
pb1	1828	1829	12992
pb1	1829	1830	13125
pb1	1830	1831	13179
pb1	1831	1832	13078
pb1	1832	1833	13134
pb1	1833	1834	13045
pb1	1834	1835	13096
pb1	1835	1836	13243
pb1	1836	1837	13234
pb1	1837	1838	13197
pb1	1838	1839	13258
pb1	1839	1840	13142
pb1	1840	1841	13938
pb1	1841	1842	13928
pb1	1842	1843	14044
pb1	1843	1844	14003
pb1	1844	1845	13974
pb1	1845	1846	13905
pb1	1846	1847	13877
pb1	1847	1848	13706
pb1	1848	1849	13746
pb1	1849	1850	13558
pb1	1850	1851	13582
pb1	1851	1852	13593
pb1	1852	1853	13682
pb1	1853	1854	13670
pb1	1854	1855	13678
pb1	1855	1856	13722
pb1	1856	1857	13723
pb1	1857	1858	13802
pb1	1858	1859	13923
pb1	1859	1860	13956
pb1	1860	1861	13964
pb1	1861	1862	13946
pb1	1862	1863	13942
pb1	1863	1864	14035
pb1	1864	1865	14023
pb1	1865	1866	14049
pb1	1866	1867	14080
pb1	1867	1868	14009
pb1	1868	1869	14205
pb1	1869	1870	14227
pb1	1870	1871	14231
pb1	1871	1872	14232
pb1	1872	1873	14428
pb1	1873	1874	14458
pb1	1874	1875	14422
pb1	1875	1876	14343
pb1	1876	1877	14433
pb1	1877	1878	14245
pb1	1878	1879	14637
pb1	1879	1880	14546
pb1	1880	1881	15164
pb1	1881	1882	14981
pb1	1882	1883	15319
pb1	1883	1884	15407
pb1	1884	1885	15536
pb1	1885	1886	15531
pb1	1886	1887	15672
pb1	1887	1888	15470
pb1	1888	1889	15445
pb1	1889	1890	14893
pb1	1890	1891	14864
pb1	1891	1892	15040
pb1	1892	1894	15513
pb1	1894	1895	15267
pb1	1895	1896	15865
pb1	1896	1897	15986
pb1	1897	1898	16435
pb1	1898	1899	16440
pb1	1899	1900	16367
pb1	1900	1901	16233
pb1	1901	1902	15450
pb1	1902	1903	15901
pb1	1903	1904	16244
pb1	1904	1905	16009
pb1	1905	1906	15994
pb1	1906	1907	15796
pb1	1907	1908	15884
pb1	1908	1909	15652
pb1	1909	1910	15654
pb1	1910	1911	15715
pb1	1911	1912	15363
pb1	1912	1913	15218
pb1	1913	1914	15136
pb1	1914	1915	15214
pb1	1915	1916	15258
pb1	1916	1917	15223
pb1	1917	1918	15226
pb1	1918	1919	15165
pb1	1919	1920	15156
pb1	1920	1921	15067
pb1	1921	1922	15364
pb1	1922	1923	15453
pb1	1923	1924	15436
pb1	1924	1925	15394
pb1	1925	1926	15686
pb1	1926	1927	15685
pb1	1927	1928	16115
pb1	1928	1929	16132
pb1	1929	1930	17287
pb1	1930	1931	17004
pb1	1931	1932	17216
pb1	1932	1933	17284
pb1	1933	1934	17323
pb1	1934	1935	17012
pb1	1935	1936	17157
pb1	1936	1937	17084
pb1	1937	1938	18524
pb1	1938	1939	18271
pb1	1939	1940	19024
pb1	1940	1941	18945
pb1	1941	1942	19131
pb1	1942	1943	19285
pb1	1943	1944	19639
pb1	1944	1945	19563
pb1	1945	1946	19399
pb1	1946	1947	19426
pb1	1947	1948	17402
pb1	1948	1949	17861
pb1	1949	1950	17767
pb1	1950	1951	17925
pb1	1951	1952	17932
pb1	1952	1953	17762
pb1	1953	1954	17849
pb1	1954	1955	17816
pb1	1955	1956	18306
pb1	1956	1957	18402
pb1	1957	1958	18009
pb1	1958	1959	18201
pb1	1959	1960	18104
pb1	1960	1961	18203
pb1	1961	1962	18241
pb1	1962	1963	17977
pb1	1963	1964	17921
pb1	1964	1965	17728
pb1	1965	1966	17880
pb1	1966	1967	18168
pb1	1967	1968	18170
pb1	1968	1969	18240
pb1	1969	1970	18121
pb1	1970	1971	18136
pb1	1971	1972	18130
pb1	1972	1973	18176
pb1	1973	1974	18107
pb1	1974	1975	17972
pb1	1975	1976	17670
pb1	1976	1977	18020
pb1	1977	1978	18200
pb1	1978	1979	18208
pb1	1979	1980	18220
pb1	1980	1981	18206
pb1	1981	1982	18203
pb1	1982	1983	18417
pb1	1983	1984	18420
pb1	1984	1985	18598
pb1	1985	1986	17994
pb1	1986	1987	17853
pb1	1987	1988	17878
pb1	1988	1989	17924
pb1	1989	1990	19012
pb1	1990	1991	18952
pb1	1991	1992	19113
pb1	1992	1993	19132
pb1	1993	1994	19061
pb1	1994	1995	19047
pb1	1995	1996	18982
pb1	1996	1997	19196
pb1	1997	1998	19099
pb1	1998	1999	18233
pb1	1999	2000	18229
pb1	2000	2001	17941
pb1	2001	2002	18159
pb1	2002	2003	18043
pb1	2003	2004	18197
pb1	2004	2005	18283
pb1	2005	2006	18241
pb1	2006	2007	18227
pb1	2007	2008	18205
pb1	2008	2009	18216
pb1	2009	2010	18135
pb1	2010	2011	17768
pb1	2011	2012	17775
pb1	2012	2013	17516
pb1	2013	2014	17603
pb1	2014	2015	17372
pb1	2015	2016	18059
pb1	2016	2017	18048
pb1	2017	2018	18073
pb1	2018	2019	17981
pb1	2019	2020	17969
pb1	2020	2021	17939
pb1	2021	2022	17900
pb1	2022	2023	17751
pb1	2023	2024	17718
pb1	2024	2025	17626
pb1	2025	2026	17811
pb1	2026	2027	17747
pb1	2027	2028	17744
pb1	2028	2029	18011
pb1	2029	2030	17987
pb1	2030	2031	17979
pb1	2031	2032	17886
pb1	2032	2033	17853
pb1	2033	2034	17428
pb1	2034	2035	16651
pb1	2035	2036	16554
pb1	2036	2037	16587
pb1	2037	2038	16307
pb1	2038	2039	16394
pb1	2039	2040	16436
pb1	2040	2041	16408
pb1	2041	2042	16370
pb1	2042	2043	16096
pb1	2043	2044	16288
pb1	2044	2045	16300
pb1	2045	2046	16879
pb1	2046	2047	16804
pb1	2047	2048	16420
pb1	2048	2049	16500
pb1	2049	2050	16546
pb1	2050	2051	16959
pb1	2051	2052	16949
pb1	2052	2053	16583
pb1	2053	2054	16493
pb1	2054	2055	15037
pb1	2055	2056	15400
pb1	2056	2057	15601
pb1	2057	2058	15455
pb1	2058	2059	15508
pb1	2059	2060	14964
pb1	2060	2061	14989
pb1	2061	2062	14999
pb1	2062	2063	15112
pb1	2063	2064	15131
pb1	2064	2065	14705
pb1	2065	2066	14487
pb1	2066	2068	14391
pb1	2068	2069	14479
pb1	2069	2070	14741
pb1	2070	2071	14676
pb1	2071	2072	14504
pb1	2072	2073	14469
pb1	2073	2074	14497
pb1	2074	2075	14664
pb1	2075	2077	14624
pb1	2077	2078	14459
pb1	2078	2079	13799
pb1	2079	2080	13993
pb1	2080	2081	13852
pb1	2081	2082	13828
pb1	2082	2083	13871
pb1	2083	2084	13489
pb1	2084	2085	13955
pb1	2085	2086	14188
pb1	2086	2087	14161
pb1	2087	2088	14176
pb1	2088	2089	14121
pb1	2089	2090	14210
pb1	2090	2091	14187
pb1	2091	2092	14146
pb1	2092	2093	14063
pb1	2093	2094	13396
pb1	2094	2095	13338
pb1	2095	2096	13266
pb1	2096	2097	13401
pb1	2097	2098	12607
pb1	2098	2099	12560
pb1	2099	2100	12540
pb1	2100	2101	12482
pb1	2101	2102	12511
pb1	2102	2103	12506
pb1	2103	2104	12460
pb1	2104	2105	12530
pb1	2105	2106	12233
pb1	2106	2107	12295
pb1	2107	2108	12300
pb1	2108	2109	12298
pb1	2109	2110	12297
pb1	2110	2111	12286
pb1	2111	2112	12282
pb1	2112	2113	12293
pb1	2113	2114	12130
pb1	2114	2115	12139
pb1	2115	2116	12105
pb1	2116	2117	12112
pb1	2117	2118	12119
pb1	2118	2119	12140
pb1	2119	2120	12178
pb1	2120	2121	12305
pb1	2121	2122	12299
pb1	2122	2123	12342
pb1	2123	2124	12484
pb1	2124	2125	12426
pb1	2125	2126	12346
pb1	2126	2127	12273
pb1	2127	2128	12249
pb1	2128	2129	12293
pb1	2129	2130	12529
pb1	2130	2131	12424
pb1	2131	2132	12678
pb1	2132	2133	12513
pb1	2133	2134	13331
pb1	2134	2135	13372
pb1	2135	2136	13612
pb1	2136	2137	13620
pb1	2137	2138	13605
pb1	2138	2139	13684
pb1	2139	2140	12843
pb1	2140	2141	12621
pb1	2141	2142	12564
pb1	2142	2143	11182
pb1	2143	2144	11187
pb1	2144	2145	10606
pb1	2145	2146	10653
pb1	2146	2147	10518
pb1	2147	2148	10454
pb1	2148	2149	10533
pb1	2149	2150	10463
pb1	2150	2151	10534
pb1	2151	2152	10655
pb1	2152	2153	10691
pb1	2153	2154	10719
pb1	2154	2155	10702
pb1	2155	2156	10634
pb1	2156	2157	10731
pb1	2157	2159	10763
pb1	2159	2160	10743
pb1	2160	2161	10640
pb1	2161	2162	10791
pb1	2162	2163	10754
pb1	2163	2164	10811
pb1	2164	2165	10823
pb1	2165	2166	10770
pb1	2166	2167	10969
pb1	2167	2168	10942
pb1	2168	2169	10932
pb1	2169	2170	10978
pb1	2170	2171	10820
pb1	2171	2172	10978
pb1	2172	2173	10923
pb1	2173	2174	10919
pb1	2174	2175	10747
pb1	2175	2176	10456
pb1	2176	2177	10451
pb1	2177	2178	10770
pb1	2178	2179	10874
pb1	2179	2180	10748
pb1	2180	2181	10672
pb1	2181	2183	10699
pb1	2183	2184	10698
pb1	2184	2185	10697
pb1	2185	2186	10690
pb1	2186	2187	10214
pb1	2187	2188	10187
pb1	2188	2189	10099
pb1	2189	2190	10260
pb1	2190	2191	10255
pb1	2191	2192	10422
pb1	2192	2193	10523
pb1	2193	2194	10493
pb1	2194	2195	10479
pb1	2195	2196	10335
pb1	2196	2197	10228
pb1	2197	2198	10179
pb1	2198	2199	10166
pb1	2199	2200	10152
pb1	2200	2201	9895
pb1	2201	2202	9904
pb1	2202	2203	9929
pb1	2203	2204	9938
pb1	2204	2205	9976
pb1	2205	2206	9937
pb1	2206	2207	9910
pb1	2207	2208	9885
pb1	2208	2209	9933
pb1	2209	2210	9858
pb1	2210	2211	9907
pb1	2211	2212	9846
pb1	2212	2213	9850
pb1	2213	2214	9776
pb1	2214	2215	9784
pb1	2215	2216	9920
pb1	2216	2217	9897
pb1	2217	2218	9805
pb1	2218	2219	9718
pb1	2219	2220	9621
pb1	2220	2221	9650
pb1	2221	2222	9660
pb1	2222	2223	9651
pb1	2223	2224	9647
pb1	2224	2225	9336
pb1	2225	2226	10048
pb1	2226	2227	10052
pb1	2227	2228	10041
pb1	2228	2229	10032
pb1	2229	2230	9855
pb1	2230	2231	9885
pb1	2231	2232	9915
pb1	2232	2233	9902
pb1	2233	2234	9659
pb1	2234	2235	7804
pb1	2235	2236	7757
pb1	2236	2237	7713
pb1	2237	2238	7720
pb1	2238	2239	7763
pb1	2239	2240	7563
pb1	2240	2241	7559
pb1	2241	2242	7384
pb1	2242	2243	7434
pb1	2243	2244	7463
pb1	2244	2245	7462
pb1	2245	2246	7439
pb1	2246	2247	7399
pb1	2247	2248	7402
pb1	2248	2249	7172
pb1	2249	2250	7316
pb1	2250	2251	7315
pb1	2251	2252	7275
pb1	2252	2253	7308
pb1	2253	2254	7377
pb1	2254	2256	7390
pb1	2256	2257	7364
pb1	2257	2258	7324
pb1	2258	2259	7091
pb1	2259	2260	6889
pb1	2260	2261	6866
pb1	2261	2262	6902
pb1	2262	2263	6625
pb1	2263	2264	6707
pb1	2264	2265	6706
pb1	2265	2267	6710
pb1	2267	2268	6559
pb1	2268	2269	6523
pb1	2269	2270	6710
pb1	2270	2271	6530
pb1	2271	2272	6517
pb1	2272	2273	6325
pb1	2273	2274	6253
pb1	2274	2275	6259
pb1	2275	2276	6208
pb1	2276	2277	6191
pb1	2277	2278	6189
pb1	2278	2279	5452
pb1	2279	2280	5493
pb1	2280	2281	5277
pb1	2281	2282	5250
pb1	2282	2283	5262
pb1	2283	2284	5162
pb1	2284	2285	5099
pb1	2285	2286	5066
pb1	2286	2287	5027
pb1	2287	2288	4954
pb1	2288	2289	4853
pb1	2289	2290	4847
pb1	2290	2291	4827
pb1	2291	2292	4837
pb1	2292	2293	4812
pb1	2293	2294	4760
pb1	2294	2295	4754
pb1	2295	2296	4650
pb1	2296	2297	4531
pb1	2297	2298	4521
pb1	2298	2299	4245
pb1	2299	2300	4232
pb1	2300	2301	4018
pb1	2301	2302	3994
pb1	2302	2303	3966
pb1	2303	2304	3877
pb1	2304	2305	3827
pb1	2305	2306	3777
pb1	2306	2307	3764
pb1	2307	2308	3727
pb1	2308	2309	3471
pb1	2309	2310	3352
pb1	2310	2311	3350
pb1	2311	2312	3340
pb1	2312	2313	3324
pb1	2313	2314	3295
pb1	2314	2315	3092
pb1	2315	2316	3087
pb1	2316	2317	3056
pb1	2317	2318	3052
pb1	2318	2319	3045
pb1	2319	2320	2837
pb1	2320	2321	2764
pb1	2321	2322	2736
pb1	2322	2323	2713
pb1	2323	2324	2700
pb1	2324	2325	2655
pb1	2325	2326	2617
pb1	2326	2327	2590
pb1	2327	2328	2579
pb1	2328	2329	2556
pb1	2329	2330	2442
pb1	2330	2331	2414
pb1	2331	2332	2366
pb1	2332	2333	2360
pb1	2333	2334	2333
pb1	2334	2335	2310
pb1	2335	2336	2281
pb1	2336	2337	2001
pb1	2337	2338	1954
pb1	2338	2339	1937
pb1	2339	2340	1925
pb1	2340	2341	851
