gene	pos	cvg
ns	1	216
ns	2	252
ns	3	256
ns	4	257
ns	5	275
ns	6	277
ns	7	279
ns	8	279
ns	9	282
ns	10	282
ns	11	286
ns	12	287
ns	13	287
ns	14	287
ns	15	296
ns	16	300
ns	17	310
ns	18	310
ns	19	310
ns	20	315
ns	21	320
ns	22	352
ns	23	357
ns	24	358
ns	25	358
ns	26	361
ns	27	365
ns	28	366
ns	29	380
ns	30	406
ns	31	431
ns	32	628
ns	33	639
ns	34	669
ns	35	671
ns	36	675
ns	37	685
ns	38	686
ns	39	689
ns	40	692
ns	41	692
ns	42	723
ns	43	724
ns	44	735
ns	45	736
ns	46	736
ns	47	736
ns	48	736
ns	49	747
ns	50	755
ns	51	744
ns	52	752
ns	53	754
ns	54	777
ns	55	775
ns	56	776
ns	57	776
ns	58	771
ns	59	761
ns	60	766
ns	61	772
ns	62	786
ns	63	772
ns	64	781
ns	65	778
ns	66	774
ns	67	783
ns	68	789
ns	69	787
ns	70	789
ns	71	785
ns	72	788
ns	73	786
ns	74	786
ns	75	789
ns	76	788
ns	77	794
ns	78	798
ns	79	802
ns	80	803
ns	81	804
ns	82	804
ns	83	806
ns	84	806
ns	85	806
ns	86	810
ns	87	813
ns	88	809
ns	89	811
ns	90	808
ns	91	806
ns	92	807
ns	93	807
ns	94	807
ns	95	801
ns	96	798
ns	97	798
ns	98	809
ns	99	810
ns	100	809
ns	101	809
ns	102	820
ns	103	822
ns	104	822
ns	105	815
ns	106	774
ns	107	774
ns	108	771
ns	109	774
ns	110	768
ns	111	737
ns	112	736
ns	113	736
ns	114	745
ns	115	751
ns	116	750
ns	117	747
ns	118	736
ns	119	734
ns	120	745
ns	121	754
ns	122	756
ns	123	720
ns	124	713
ns	125	706
ns	126	704
ns	127	702
ns	128	702
ns	129	668
ns	130	663
ns	131	664
ns	132	662
ns	133	658
ns	134	660
ns	135	663
ns	136	662
ns	137	662
ns	138	661
ns	139	660
ns	140	651
ns	141	667
ns	142	670
ns	143	670
ns	144	669
ns	145	666
ns	146	668
ns	147	667
ns	148	671
ns	149	664
ns	150	616
ns	151	606
ns	152	587
ns	153	587
ns	154	583
ns	155	583
ns	156	579
ns	157	593
ns	158	591
ns	159	590
ns	160	589
ns	161	584
ns	162	580
ns	163	579
ns	164	569
ns	165	569
ns	166	560
ns	167	559
ns	168	547
ns	169	547
ns	170	548
ns	171	543
ns	172	569
ns	173	563
ns	174	569
ns	175	569
ns	176	564
ns	177	575
ns	178	574
ns	179	565
ns	180	527
ns	181	479
ns	182	493
ns	183	491
ns	184	487
ns	185	490
ns	186	472
ns	187	473
ns	188	472
ns	189	473
ns	190	480
ns	191	473
ns	192	470
ns	193	466
ns	194	459
ns	195	460
ns	196	463
ns	197	461
ns	198	460
ns	199	461
ns	200	462
ns	201	463
ns	202	476
ns	203	470
ns	204	470
ns	205	471
ns	206	472
ns	207	478
ns	208	476
ns	209	496
ns	210	495
ns	211	489
ns	212	504
ns	213	504
ns	214	509
ns	215	514
ns	216	515
ns	217	520
ns	218	507
ns	219	519
ns	220	514
ns	221	507
ns	222	509
ns	223	488
ns	224	492
ns	225	493
ns	226	489
ns	227	488
ns	228	484
ns	229	484
ns	230	481
ns	231	483
ns	232	482
ns	233	489
ns	234	490
ns	235	486
ns	236	475
ns	237	472
ns	238	488
ns	239	490
ns	240	509
ns	241	505
ns	242	517
ns	243	520
ns	244	523
ns	245	520
ns	246	525
ns	247	530
ns	248	535
ns	249	515
ns	250	514
ns	251	507
ns	252	507
ns	253	501
ns	254	499
ns	255	526
ns	256	529
ns	257	537
ns	258	545
ns	259	546
ns	260	546
ns	261	547
ns	262	548
ns	263	547
ns	264	532
ns	265	556
ns	266	549
ns	267	547
ns	268	547
ns	269	545
ns	270	551
ns	271	546
ns	272	554
ns	273	538
ns	274	529
ns	275	525
ns	276	528
ns	277	527
ns	278	529
ns	279	530
ns	280	529
ns	281	523
ns	282	538
ns	283	542
ns	284	539
ns	285	538
ns	286	541
ns	287	543
ns	288	544
ns	289	542
ns	290	555
ns	291	549
ns	292	582
ns	293	584
ns	294	583
ns	295	585
ns	296	581
ns	297	585
ns	298	588
ns	299	582
ns	300	587
ns	301	561
ns	302	560
ns	303	562
ns	304	555
ns	305	557
ns	306	553
ns	307	575
ns	308	574
ns	309	589
ns	310	581
ns	311	582
ns	312	584
ns	313	584
ns	314	584
ns	315	580
ns	316	558
ns	317	562
ns	318	544
ns	319	561
ns	320	579
ns	321	578
ns	322	577
ns	323	579
ns	324	578
ns	325	582
ns	326	574
ns	327	573
ns	328	562
ns	329	558
ns	330	539
ns	331	569
ns	332	591
ns	333	588
ns	334	586
ns	335	581
ns	336	575
ns	337	575
ns	338	577
ns	339	578
ns	340	550
ns	341	533
ns	342	529
ns	343	534
ns	344	532
ns	345	531
ns	346	529
ns	347	522
ns	348	522
ns	349	523
ns	350	523
ns	351	526
ns	352	502
ns	353	503
ns	354	492
ns	355	494
ns	356	491
ns	357	491
ns	358	489
ns	359	488
ns	360	483
ns	361	483
ns	362	481
ns	363	481
ns	364	482
ns	365	478
ns	366	477
ns	367	476
ns	368	480
ns	369	476
ns	370	471
ns	371	472
ns	372	463
ns	373	459
ns	374	459
ns	375	455
ns	376	450
ns	377	451
ns	378	442
ns	379	460
ns	380	453
ns	381	453
ns	382	443
ns	383	430
ns	384	432
ns	385	422
ns	386	422
ns	387	389
ns	388	358
ns	389	371
ns	390	375
ns	391	381
ns	392	366
ns	393	343
ns	394	342
ns	395	339
ns	396	338
ns	397	313
ns	398	248
ns	399	236
ns	400	221
ns	401	220
ns	402	212
ns	403	213
ns	404	217
ns	405	218
ns	406	226
ns	407	215
ns	408	249
ns	409	248
ns	410	247
ns	411	252
ns	412	249
ns	413	255
ns	414	255
ns	415	252
ns	416	255
ns	417	247
ns	418	248
ns	419	248
ns	420	271
ns	421	275
ns	422	273
ns	423	271
ns	424	275
ns	425	280
ns	426	278
ns	427	280
ns	428	281
ns	429	278
ns	430	286
ns	431	287
ns	432	288
ns	433	287
ns	434	293
ns	435	310
ns	436	311
ns	437	313
ns	438	314
ns	439	312
ns	440	312
ns	441	310
ns	442	310
ns	443	312
ns	444	309
ns	445	309
ns	446	321
ns	447	322
ns	448	324
ns	449	333
ns	450	335
ns	451	337
ns	452	330
ns	453	330
ns	454	421
ns	455	416
ns	456	419
ns	457	419
ns	458	422
ns	459	454
ns	460	455
ns	461	472
ns	462	478
ns	463	457
ns	464	555
ns	465	559
ns	466	560
ns	467	561
ns	468	558
ns	469	567
ns	470	568
ns	471	568
ns	472	569
ns	473	563
ns	474	565
ns	475	576
ns	476	582
ns	477	594
ns	478	606
ns	479	603
ns	480	636
ns	481	638
ns	482	646
ns	483	647
ns	484	647
ns	485	646
ns	486	652
ns	487	673
ns	488	671
ns	489	667
ns	490	669
ns	491	665
ns	492	669
ns	493	678
ns	494	676
ns	495	678
ns	496	676
ns	497	676
ns	498	688
ns	499	689
ns	500	684
ns	501	686
ns	502	688
ns	503	702
ns	504	711
ns	505	715
ns	506	716
ns	507	709
ns	508	741
ns	509	746
ns	510	776
ns	511	774
ns	512	785
ns	513	785
ns	514	787
ns	515	794
ns	516	797
ns	517	794
ns	518	792
ns	519	785
ns	520	804
ns	521	795
ns	522	846
ns	523	874
ns	524	876
ns	525	874
ns	526	870
ns	527	872
ns	528	904
ns	529	907
ns	530	926
ns	531	916
ns	532	989
ns	533	1009
ns	534	1020
ns	535	1101
ns	536	1097
ns	537	1093
ns	538	1092
ns	539	1070
ns	540	1065
ns	541	1026
ns	542	1012
ns	543	1013
ns	544	971
ns	545	973
ns	546	973
ns	547	979
ns	548	991
ns	549	994
ns	550	994
ns	551	1002
ns	552	1003
ns	553	1008
ns	554	995
ns	555	996
ns	556	1010
ns	557	1005
ns	558	1013
ns	559	1014
ns	560	1014
ns	561	1011
ns	562	1003
ns	563	1003
ns	564	1014
ns	565	1006
ns	566	1020
ns	567	1013
ns	568	1013
ns	569	1025
ns	570	1016
ns	571	1017
ns	572	1015
ns	573	1013
ns	574	1011
ns	575	1006
ns	576	1006
ns	577	1025
ns	578	1024
ns	579	1036
ns	580	1033
ns	581	1043
ns	582	1063
ns	583	1063
ns	584	1064
ns	585	1058
ns	586	1036
ns	587	1063
ns	588	1047
ns	589	1059
ns	590	1120
ns	591	1129
ns	592	1129
ns	593	1130
ns	594	1139
ns	595	1150
ns	596	1146
ns	597	1111
ns	598	1118
ns	599	1015
ns	600	1058
ns	601	1056
ns	602	1052
ns	603	1051
ns	604	1046
ns	605	1046
ns	606	1049
ns	607	1036
ns	608	1068
ns	609	1017
ns	610	1017
ns	611	1018
ns	612	1022
ns	613	1027
ns	614	1011
ns	615	1015
ns	616	1023
ns	617	989
ns	618	1032
ns	619	1027
ns	620	1043
ns	621	1044
ns	622	1034
ns	623	1038
ns	624	1001
ns	625	997
ns	626	990
ns	627	930
ns	628	930
ns	629	922
ns	630	930
ns	631	927
ns	632	922
ns	633	920
ns	634	914
ns	635	925
ns	636	921
ns	637	921
ns	638	913
ns	639	904
ns	640	922
ns	641	921
ns	642	915
ns	643	942
ns	644	949
ns	645	952
ns	646	950
ns	647	939
ns	648	945
ns	649	912
ns	650	921
ns	651	918
ns	652	858
ns	653	858
ns	654	850
ns	655	852
ns	656	849
ns	657	843
ns	658	839
ns	659	795
ns	660	804
ns	661	821
ns	662	813
ns	663	820
ns	664	815
ns	665	809
ns	666	815
ns	667	811
ns	668	813
ns	669	777
ns	670	805
ns	671	804
ns	672	800
ns	673	803
ns	674	804
ns	675	805
ns	676	804
ns	677	803
ns	678	796
ns	679	754
ns	680	754
ns	681	762
ns	682	760
ns	683	749
ns	684	748
ns	685	743
ns	686	741
ns	687	744
ns	688	748
ns	689	750
ns	690	752
ns	691	750
ns	692	754
ns	693	766
ns	694	754
ns	695	754
ns	696	752
ns	697	771
ns	698	773
ns	699	775
ns	700	790
ns	701	789
ns	702	788
ns	703	790
ns	704	787
ns	705	787
ns	706	775
ns	707	769
ns	708	768
ns	709	753
ns	710	753
ns	711	754
ns	712	759
ns	713	759
ns	714	773
ns	715	752
ns	716	754
ns	717	758
ns	718	760
ns	719	757
ns	720	753
ns	721	763
ns	722	770
ns	723	756
ns	724	754
ns	725	780
ns	726	783
ns	727	780
ns	728	781
ns	729	780
ns	730	764
ns	731	750
ns	732	750
ns	733	748
ns	734	733
ns	735	763
ns	736	762
ns	737	767
ns	738	765
ns	739	765
ns	740	772
ns	741	758
ns	742	760
ns	743	760
ns	744	725
ns	745	748
ns	746	736
ns	747	737
ns	748	731
ns	749	728
ns	750	732
ns	751	725
ns	752	722
ns	753	724
ns	754	692
ns	755	734
ns	756	730
ns	757	734
ns	758	730
ns	759	721
ns	760	721
ns	761	735
ns	762	742
ns	763	725
ns	764	696
ns	765	690
ns	766	712
ns	767	711
ns	768	688
ns	769	685
ns	770	666
ns	771	673
ns	772	671
ns	773	660
ns	774	660
ns	775	642
ns	776	661
ns	777	661
ns	778	662
ns	779	664
ns	780	653
ns	781	655
ns	782	654
ns	783	653
ns	784	653
ns	785	638
ns	786	642
ns	787	640
ns	788	641
ns	789	644
ns	790	647
ns	791	646
ns	792	642
ns	793	632
ns	794	625
ns	795	597
ns	796	598
ns	797	598
ns	798	597
ns	799	590
ns	800	577
ns	801	580
ns	802	585
ns	803	607
ns	804	607
ns	805	607
ns	806	612
ns	807	612
ns	808	612
ns	809	611
ns	810	605
ns	811	600
ns	812	468
ns	813	467
ns	814	458
ns	815	453
ns	816	458
ns	817	441
ns	818	441
ns	819	435
ns	820	426
ns	821	427
ns	822	424
ns	823	424
ns	824	422
ns	825	375
ns	826	375
ns	827	375
ns	828	374
ns	829	370
ns	830	328
ns	831	327
ns	832	326
ns	833	323
ns	834	330
ns	835	296
ns	836	294
ns	837	290
ns	838	290
ns	839	291
ns	840	289
ns	841	286
ns	842	284
ns	843	233
ns	844	233
ns	845	233
ns	846	230
ns	847	229
ns	848	222
ns	849	217
ns	850	208
ns	851	208
ns	852	208
ns	853	208
ns	854	202
ns	855	202
ns	856	202
ns	857	194
ns	858	190
ns	859	184
ns	860	183
ns	861	182
ns	862	182
ns	863	163
ns	864	160
ns	865	154
ns	866	154
ns	867	151
ns	868	135
ns	869	135
ns	870	135
ns	871	135
ns	872	134
ns	873	130
ns	874	129
ns	875	129
ns	876	117
ns	877	116
ns	878	114
ns	879	113
ns	880	111
ns	881	109
ns	882	109
ns	883	105
ns	884	105
ns	885	105
ns	886	83
ns	887	78
ns	888	78
ns	889	78
ns	890	13
na	1	7
na	2	8
na	3	8
na	4	8
na	5	11
na	6	14
na	7	14
na	8	14
na	9	14
na	10	14
na	11	15
na	12	15
na	13	15
na	14	21
na	15	21
na	16	21
na	17	21
na	18	21
na	19	22
na	20	22
na	21	22
na	22	22
na	23	22
na	24	22
na	25	26
na	26	26
na	27	26
na	28	26
na	29	26
na	30	26
na	31	26
na	32	26
na	33	26
na	34	27
na	35	27
na	36	28
na	37	30
na	38	56
na	39	59
na	40	61
na	41	64
na	42	66
na	43	66
na	44	67
na	45	69
na	46	80
na	47	80
na	48	80
na	49	81
na	50	81
na	51	84
na	52	86
na	53	86
na	54	86
na	55	89
na	56	90
na	57	88
na	58	88
na	59	92
na	60	92
na	61	99
na	62	99
na	63	101
na	64	103
na	65	105
na	66	107
na	67	108
na	68	108
na	69	108
na	70	110
na	71	110
na	72	111
na	73	112
na	74	114
na	75	116
na	76	123
na	77	125
na	78	129
na	79	132
na	80	132
na	81	134
na	82	137
na	83	135
na	84	136
na	85	136
na	86	139
na	87	142
na	88	142
na	89	145
na	90	145
na	91	145
na	92	145
na	93	146
na	94	146
na	95	147
na	96	147
na	97	147
na	98	147
na	99	147
na	100	148
na	101	149
na	102	149
na	103	150
na	104	164
na	105	164
na	106	162
na	107	163
na	108	164
na	109	176
na	110	177
na	111	177
na	112	227
na	113	222
na	114	227
na	115	227
na	116	226
na	117	226
na	118	229
na	119	228
na	120	229
na	121	217
na	122	220
na	123	217
na	124	219
na	125	219
na	126	220
na	127	224
na	128	224
na	129	224
na	130	224
na	131	226
na	132	228
na	133	226
na	134	227
na	135	227
na	136	227
na	137	227
na	138	231
na	139	234
na	140	235
na	141	235
na	142	235
na	143	234
na	144	241
na	145	239
na	146	239
na	147	240
na	148	239
na	149	242
na	150	239
na	151	238
na	152	237
na	153	233
na	154	229
na	155	236
na	156	236
na	157	236
na	158	235
na	159	239
na	160	239
na	161	238
na	162	235
na	163	234
na	164	234
na	165	234
na	166	236
na	167	240
na	168	233
na	169	233
na	170	234
na	171	236
na	172	235
na	173	236
na	174	234
na	175	238
na	176	238
na	177	262
na	178	259
na	179	259
na	180	260
na	181	260
na	182	259
na	183	258
na	184	256
na	185	256
na	186	245
na	187	244
na	188	241
na	189	238
na	190	237
na	191	240
na	192	239
na	193	238
na	194	239
na	195	239
na	196	246
na	197	245
na	198	246
na	199	247
na	200	241
na	201	239
na	202	237
na	203	232
na	204	233
na	205	227
na	206	227
na	207	227
na	208	234
na	209	235
na	210	234
na	211	233
na	212	241
na	213	239
na	214	241
na	215	234
na	216	234
na	217	229
na	218	241
na	219	243
na	220	241
na	221	226
na	222	224
na	223	243
na	224	242
na	225	233
na	226	231
na	227	242
na	228	250
na	229	253
na	230	249
na	231	240
na	232	234
na	233	234
na	234	236
na	235	236
na	236	224
na	237	214
na	238	221
na	239	224
na	240	225
na	241	225
na	242	226
na	243	225
na	244	234
na	245	234
na	246	237
na	247	239
na	248	239
na	249	245
na	250	246
na	251	246
na	252	246
na	253	241
na	254	251
na	255	248
na	256	257
na	257	257
na	258	260
na	259	257
na	260	259
na	261	259
na	262	258
na	263	250
na	264	249
na	265	256
na	266	254
na	267	254
na	268	255
na	269	257
na	270	259
na	271	260
na	272	260
na	273	260
na	274	253
na	275	252
na	276	250
na	277	251
na	278	251
na	279	261
na	280	261
na	281	264
na	282	262
na	283	269
na	284	273
na	285	272
na	286	271
na	287	272
na	288	268
na	289	266
na	290	267
na	291	268
na	292	269
na	293	269
na	294	270
na	295	281
na	296	282
na	297	282
na	298	282
na	299	281
na	300	282
na	301	286
na	302	286
na	303	286
na	304	294
na	305	291
na	306	294
na	307	294
na	308	294
na	309	292
na	310	298
na	311	311
na	312	333
na	313	331
na	314	327
na	315	341
na	316	345
na	317	352
na	318	351
na	319	349
na	320	358
na	321	318
na	322	319
na	323	327
na	324	319
na	325	319
na	326	326
na	327	329
na	328	328
na	329	329
na	330	332
na	331	341
na	332	345
na	333	368
na	334	381
na	335	367
na	336	367
na	337	367
na	338	370
na	339	370
na	340	373
na	341	376
na	342	363
na	343	338
na	344	330
na	345	332
na	346	341
na	347	353
na	348	353
na	349	353
na	350	353
na	351	353
na	352	354
na	353	356
na	354	365
na	355	363
na	356	353
na	357	352
na	358	352
na	359	347
na	360	359
na	361	359
na	362	358
na	363	353
na	364	349
na	365	351
na	366	351
na	367	351
na	368	352
na	369	345
na	370	347
na	371	347
na	372	339
na	373	339
na	374	339
na	375	339
na	376	335
na	377	348
na	378	349
na	379	353
na	380	353
na	381	355
na	382	356
na	383	355
na	384	363
na	385	367
na	386	361
na	387	361
na	388	357
na	389	358
na	390	361
na	391	361
na	392	361
na	393	357
na	394	356
na	395	354
na	396	369
na	397	367
na	398	368
na	399	368
na	400	366
na	401	365
na	402	365
na	403	365
na	404	365
na	405	347
na	406	347
na	407	347
na	408	341
na	409	341
na	410	338
na	411	340
na	412	344
na	413	337
na	414	336
na	415	333
na	416	334
na	417	336
na	418	337
na	419	339
na	420	338
na	421	334
na	422	328
na	423	329
na	424	335
na	425	333
na	426	333
na	427	329
na	428	327
na	429	326
na	430	327
na	431	325
na	432	326
na	433	325
na	434	326
na	435	325
na	436	322
na	437	335
na	438	336
na	439	331
na	440	333
na	441	328
na	442	328
na	443	325
na	444	320
na	445	314
na	446	284
na	447	284
na	448	284
na	449	287
na	450	287
na	451	275
na	452	279
na	453	276
na	454	280
na	455	279
na	456	277
na	457	275
na	458	261
na	459	258
na	460	256
na	461	246
na	462	237
na	463	236
na	464	223
na	465	249
na	466	242
na	467	241
na	468	241
na	469	239
na	470	241
na	471	243
na	472	239
na	473	240
na	474	215
na	475	215
na	476	212
na	477	211
na	478	214
na	479	223
na	480	223
na	481	220
na	482	222
na	483	222
na	484	227
na	485	227
na	486	225
na	487	225
na	488	191
na	489	195
na	490	192
na	491	187
na	492	196
na	493	195
na	494	194
na	495	196
na	496	195
na	497	196
na	498	189
na	499	189
na	500	189
na	501	181
na	502	184
na	503	186
na	504	186
na	505	192
na	506	193
na	507	196
na	508	197
na	509	201
na	510	203
na	511	200
na	512	200
na	513	199
na	514	199
na	515	197
na	516	202
na	517	201
na	518	201
na	519	200
na	520	201
na	521	200
na	522	212
na	523	211
na	524	212
na	525	215
na	526	206
na	527	206
na	528	203
na	529	201
na	530	200
na	531	195
na	532	203
na	533	200
na	534	195
na	535	195
na	536	189
na	537	191
na	538	190
na	539	193
na	540	190
na	541	190
na	542	194
na	543	196
na	544	194
na	545	196
na	546	192
na	547	192
na	548	185
na	549	187
na	550	187
na	551	193
na	552	194
na	553	193
na	554	192
na	555	194
na	556	195
na	557	196
na	558	190
na	559	193
na	560	192
na	561	193
na	562	192
na	563	192
na	564	192
na	565	195
na	566	188
na	567	189
na	568	184
na	569	184
na	570	186
na	571	189
na	572	189
na	573	189
na	574	188
na	575	188
na	576	188
na	577	186
na	578	186
na	579	188
na	580	188
na	581	187
na	582	187
na	583	187
na	584	187
na	585	184
na	586	184
na	587	183
na	588	178
na	589	172
na	590	172
na	591	172
na	592	172
na	593	172
na	594	173
na	595	173
na	596	171
na	597	173
na	598	172
na	599	170
na	600	170
na	601	170
na	602	170
na	603	168
na	604	162
na	605	162
na	606	159
na	607	159
na	608	158
na	609	157
na	610	157
na	611	155
na	612	155
na	613	148
na	614	140
na	615	143
na	616	143
na	617	142
na	618	138
na	619	138
na	620	138
na	621	137
na	622	134
na	623	131
na	624	128
na	625	128
na	626	115
na	627	115
na	628	115
na	629	114
na	630	113
na	631	111
na	632	111
na	633	110
na	634	109
na	635	111
na	636	112
na	637	110
na	638	110
na	639	107
na	640	103
na	641	103
na	642	91
na	643	88
na	644	89
na	645	81
na	646	81
na	647	77
na	648	76
na	649	76
na	650	79
na	651	76
na	652	75
na	653	70
na	654	70
na	655	70
na	656	70
na	657	70
na	658	67
na	659	63
na	660	63
na	661	59
na	662	59
na	663	59
na	664	108
na	665	104
na	666	112
na	667	112
na	668	113
na	669	112
na	670	112
na	671	121
na	672	120
na	673	120
na	674	109
na	675	109
na	676	109
na	677	110
na	678	110
na	679	111
na	680	111
na	681	111
na	682	125
na	683	129
na	684	130
na	685	130
na	686	134
na	687	141
na	688	140
na	689	144
na	690	145
na	691	143
na	692	145
na	693	143
na	694	149
na	695	148
na	696	154
na	697	156
na	698	153
na	699	153
na	700	155
na	701	156
na	702	158
na	703	163
na	704	169
na	705	168
na	706	168
na	707	168
na	708	173
na	709	173
na	710	174
na	711	174
na	712	174
na	713	174
na	714	174
na	715	175
na	716	175
na	717	176
na	718	184
na	719	189
na	720	189
na	721	188
na	722	186
na	723	185
na	724	185
na	725	184
na	726	188
na	727	195
na	728	184
na	729	185
na	730	185
na	731	185
na	732	189
na	733	192
na	734	196
na	735	194
na	736	189
na	737	190
na	738	195
na	739	197
na	740	197
na	741	199
na	742	199
na	743	199
na	744	200
na	745	199
na	746	199
na	747	189
na	748	199
na	749	194
na	750	194
na	751	194
na	752	192
na	753	192
na	754	192
na	755	196
na	756	196
na	757	184
na	758	191
na	759	197
na	760	211
na	761	211
na	762	212
na	763	212
na	764	210
na	765	214
na	766	215
na	767	210
na	768	210
na	769	194
na	770	196
na	771	204
na	772	205
na	773	205
na	774	201
na	775	201
na	776	202
na	777	201
na	778	202
na	779	204
na	780	201
na	781	201
na	782	202
na	783	203
na	784	202
na	785	201
na	786	202
na	787	204
na	788	202
na	789	200
na	790	203
na	791	204
na	792	207
na	793	209
na	794	210
na	795	213
na	796	214
na	797	213
na	798	213
na	799	212
na	800	214
na	801	213
na	802	213
na	803	213
na	804	211
na	805	206
na	806	206
na	807	205
na	808	204
na	809	203
na	810	203
na	811	203
na	812	206
na	813	207
na	814	206
na	815	200
na	816	201
na	817	205
na	818	198
na	819	202
na	820	203
na	821	204
na	822	208
na	823	204
na	824	204
na	825	206
na	826	204
na	827	210
na	828	202
na	829	201
na	830	201
na	831	196
na	832	198
na	833	198
na	834	198
na	835	198
na	836	202
na	837	218
na	838	219
na	839	218
na	840	219
na	841	214
na	842	226
na	843	225
na	844	234
na	845	247
na	846	238
na	847	241
na	848	242
na	849	244
na	850	243
na	851	239
na	852	245
na	853	228
na	854	233
na	855	228
na	856	226
na	857	225
na	858	223
na	859	231
na	860	239
na	861	239
na	862	242
na	863	234
na	864	235
na	865	241
na	866	239
na	867	237
na	868	235
na	869	230
na	870	232
na	871	235
na	872	235
na	873	236
na	874	233
na	875	234
na	876	233
na	877	232
na	878	231
na	879	238
na	880	236
na	881	243
na	882	246
na	883	248
na	884	248
na	885	250
na	886	252
na	887	252
na	888	247
na	889	249
na	890	241
na	891	242
na	892	238
na	893	244
na	894	244
na	895	242
na	896	241
na	897	241
na	898	245
na	899	238
na	900	236
na	901	233
na	902	229
na	903	228
na	904	228
na	905	229
na	906	229
na	907	229
na	908	229
na	909	220
na	910	218
na	911	214
na	912	223
na	913	225
na	914	226
na	915	226
na	916	222
na	917	222
na	918	219
na	919	217
na	920	217
na	921	205
na	922	204
na	923	201
na	924	201
na	925	201
na	926	204
na	927	206
na	928	206
na	929	204
na	930	206
na	931	203
na	932	204
na	933	200
na	934	202
na	935	201
na	936	195
na	937	198
na	938	197
na	939	195
na	940	196
na	941	193
na	942	193
na	943	187
na	944	187
na	945	188
na	946	188
na	947	188
na	948	187
na	949	186
na	950	186
na	951	186
na	952	187
na	953	183
na	954	182
na	955	199
na	956	200
na	957	199
na	958	203
na	959	204
na	960	204
na	961	204
na	962	194
na	963	206
na	964	200
na	965	219
na	966	215
na	967	220
na	968	225
na	969	223
na	970	221
na	971	219
na	972	193
na	973	187
na	974	183
na	975	171
na	976	171
na	977	173
na	978	171
na	979	171
na	980	170
na	981	171
na	982	168
na	983	168
na	984	169
na	985	169
na	986	169
na	987	171
na	988	176
na	989	173
na	990	173
na	991	173
na	992	171
na	993	170
na	994	170
na	995	169
na	996	169
na	997	165
na	998	165
na	999	166
na	1000	166
na	1001	168
na	1002	168
na	1003	167
na	1004	167
na	1005	167
na	1006	169
na	1007	170
na	1008	169
na	1009	168
na	1010	168
na	1011	168
na	1012	170
na	1013	169
na	1014	169
na	1015	166
na	1016	165
na	1017	168
na	1018	168
na	1019	168
na	1020	162
na	1021	157
na	1022	157
na	1023	157
na	1024	159
na	1025	156
na	1026	156
na	1027	159
na	1028	156
na	1029	155
na	1030	153
na	1031	143
na	1032	144
na	1033	140
na	1034	148
na	1035	148
na	1036	154
na	1037	166
na	1038	164
na	1039	168
na	1040	164
na	1041	163
na	1042	162
na	1043	150
na	1044	150
na	1045	149
na	1046	152
na	1047	152
na	1048	140
na	1049	140
na	1050	140
na	1051	140
na	1052	139
na	1053	138
na	1054	140
na	1055	128
na	1056	131
na	1057	130
na	1058	133
na	1059	132
na	1060	131
na	1061	131
na	1062	131
na	1063	131
na	1064	128
na	1065	126
na	1066	126
na	1067	126
na	1068	126
na	1069	129
na	1070	131
na	1071	132
na	1072	131
na	1073	129
na	1074	135
na	1075	138
na	1076	139
na	1077	138
na	1078	139
na	1079	155
na	1080	156
na	1081	169
na	1082	167
na	1083	164
na	1084	164
na	1085	163
na	1086	164
na	1087	170
na	1088	165
na	1089	166
na	1090	160
na	1091	161
na	1092	160
na	1093	163
na	1094	165
na	1095	161
na	1096	158
na	1097	151
na	1098	151
na	1099	152
na	1100	152
na	1101	153
na	1102	158
na	1103	159
na	1104	161
na	1105	165
na	1106	165
na	1107	162
na	1108	161
na	1109	161
na	1110	160
na	1111	167
na	1112	164
na	1113	166
na	1114	165
na	1115	165
na	1116	176
na	1117	178
na	1118	194
na	1119	194
na	1120	193
na	1121	193
na	1122	195
na	1123	195
na	1124	198
na	1125	187
na	1126	187
na	1127	184
na	1128	189
na	1129	195
na	1130	195
na	1131	195
na	1132	197
na	1133	198
na	1134	198
na	1135	199
na	1136	200
na	1137	201
na	1138	198
na	1139	199
na	1140	199
na	1141	202
na	1142	206
na	1143	206
na	1144	206
na	1145	207
na	1146	207
na	1147	212
na	1148	210
na	1149	214
na	1150	214
na	1151	214
na	1152	214
na	1153	214
na	1154	214
na	1155	213
na	1156	208
na	1157	208
na	1158	196
na	1159	196
na	1160	199
na	1161	198
na	1162	198
na	1163	197
na	1164	201
na	1165	201
na	1166	199
na	1167	200
na	1168	200
na	1169	193
na	1170	193
na	1171	192
na	1172	193
na	1173	186
na	1174	186
na	1175	188
na	1176	188
na	1177	192
na	1178	191
na	1179	190
na	1180	189
na	1181	185
na	1182	184
na	1183	183
na	1184	181
na	1185	182
na	1186	179
na	1187	177
na	1188	178
na	1189	178
na	1190	184
na	1191	184
na	1192	182
na	1193	184
na	1194	185
na	1195	199
na	1196	200
na	1197	190
na	1198	191
na	1199	188
na	1200	188
na	1201	188
na	1202	183
na	1203	183
na	1204	171
na	1205	171
na	1206	190
na	1207	190
na	1208	188
na	1209	189
na	1210	191
na	1211	194
na	1212	194
na	1213	191
na	1214	191
na	1215	177
na	1216	203
na	1217	207
na	1218	207
na	1219	205
na	1220	204
na	1221	218
na	1222	221
na	1223	226
na	1224	226
na	1225	192
na	1226	192
na	1227	193
na	1228	194
na	1229	193
na	1230	183
na	1231	181
na	1232	180
na	1233	183
na	1234	189
na	1235	190
na	1236	191
na	1237	190
na	1238	191
na	1239	192
na	1240	192
na	1241	192
na	1242	192
na	1243	189
na	1244	190
na	1245	190
na	1246	199
na	1247	199
na	1248	196
na	1249	195
na	1250	195
na	1251	198
na	1252	198
na	1253	197
na	1254	196
na	1255	192
na	1256	193
na	1257	195
na	1258	197
na	1259	197
na	1260	201
na	1261	201
na	1262	202
na	1263	202
na	1264	202
na	1265	202
na	1266	202
na	1267	200
na	1268	200
na	1269	193
na	1270	215
na	1271	215
na	1272	215
na	1273	214
na	1274	208
na	1275	214
na	1276	215
na	1277	217
na	1278	216
na	1279	198
na	1280	196
na	1281	197
na	1282	198
na	1283	202
na	1284	201
na	1285	200
na	1286	198
na	1287	199
na	1288	210
na	1289	210
na	1290	210
na	1291	210
na	1292	199
na	1293	200
na	1294	202
na	1295	206
na	1296	207
na	1297	195
na	1298	213
na	1299	214
na	1300	215
na	1301	216
na	1302	212
na	1303	217
na	1304	218
na	1305	218
na	1306	219
na	1307	208
na	1308	207
na	1309	210
na	1310	216
na	1311	222
na	1312	220
na	1313	220
na	1314	223
na	1315	223
na	1316	223
na	1317	223
na	1318	217
na	1319	220
na	1320	213
na	1321	213
na	1322	213
na	1323	209
na	1324	209
na	1325	209
na	1326	202
na	1327	202
na	1328	200
na	1329	200
na	1330	201
na	1331	203
na	1332	203
na	1333	201
na	1334	199
na	1335	192
na	1336	195
na	1337	195
na	1338	194
na	1339	192
na	1340	192
na	1341	192
na	1342	188
na	1343	188
na	1344	185
na	1345	188
na	1346	187
na	1347	186
na	1348	185
na	1349	185
na	1350	185
na	1351	184
na	1352	181
na	1353	180
na	1354	173
na	1355	173
na	1356	173
na	1357	174
na	1358	171
na	1359	171
na	1360	170
na	1361	170
na	1362	171
na	1363	169
na	1364	172
na	1365	174
na	1366	171
na	1367	174
na	1368	169
na	1369	169
na	1370	161
na	1371	158
na	1372	156
na	1373	153
na	1374	147
na	1375	147
na	1376	138
na	1377	138
na	1378	138
na	1379	139
na	1380	139
na	1381	139
na	1382	136
na	1383	136
na	1384	134
na	1385	133
na	1386	132
na	1387	128
na	1388	126
na	1389	128
na	1390	128
na	1391	128
na	1392	128
na	1393	128
na	1394	114
na	1395	113
na	1396	112
na	1397	110
na	1398	109
na	1399	112
na	1400	110
na	1401	111
na	1402	111
na	1403	111
na	1404	114
na	1405	114
na	1406	114
na	1407	113
na	1408	84
na	1409	84
na	1410	83
na	1411	83
na	1412	83
na	1413	80
na	1414	78
na	1415	77
na	1416	76
na	1417	76
na	1418	73
na	1419	73
na	1420	72
na	1421	71
na	1422	71
na	1423	71
na	1424	71
na	1425	69
na	1426	56
na	1427	56
na	1428	53
na	1429	51
na	1430	51
na	1431	42
na	1432	42
na	1433	32
na	1434	32
na	1435	30
na	1436	30
na	1437	30
na	1438	29
na	1439	29
na	1440	29
na	1441	29
na	1442	29
na	1443	25
na	1444	25
na	1445	25
na	1446	25
na	1447	25
na	1448	25
na	1449	25
na	1450	25
na	1451	25
na	1452	24
na	1453	24
na	1454	21
na	1455	21
na	1456	21
na	1457	5
pb2	1	3
pb2	2	6
pb2	3	6
pb2	4	6
pb2	5	6
pb2	6	6
pb2	7	6
pb2	8	6
pb2	9	6
pb2	10	6
pb2	11	6
pb2	12	6
pb2	13	6
pb2	14	6
pb2	15	6
pb2	16	7
pb2	17	7
pb2	18	7
pb2	19	7
pb2	20	7
pb2	21	7
pb2	22	7
pb2	23	7
pb2	24	13
pb2	25	13
pb2	26	13
pb2	27	13
pb2	28	13
pb2	29	13
pb2	30	13
pb2	31	13
pb2	32	13
pb2	33	14
pb2	34	14
pb2	35	21
pb2	36	21
pb2	37	22
pb2	38	26
pb2	39	26
pb2	40	26
pb2	41	26
pb2	42	26
pb2	43	28
pb2	44	28
pb2	45	28
pb2	46	28
pb2	47	28
pb2	48	30
pb2	49	30
pb2	50	30
pb2	51	30
pb2	52	32
pb2	53	32
pb2	54	32
pb2	55	34
pb2	56	34
pb2	57	34
pb2	58	34
pb2	59	34
pb2	60	34
pb2	61	34
pb2	62	35
pb2	63	35
pb2	64	35
pb2	65	35
pb2	66	38
pb2	67	38
pb2	68	38
pb2	69	38
pb2	70	38
pb2	71	38
pb2	72	38
pb2	73	38
pb2	74	38
pb2	75	36
pb2	76	37
pb2	77	38
pb2	78	38
pb2	79	38
pb2	80	38
pb2	81	38
pb2	82	43
pb2	83	43
pb2	84	43
pb2	85	44
pb2	86	44
pb2	87	44
pb2	88	44
pb2	89	44
pb2	90	44
pb2	91	42
pb2	92	42
pb2	93	44
pb2	94	44
pb2	95	44
pb2	96	43
pb2	97	45
pb2	98	45
pb2	99	45
pb2	100	47
pb2	101	47
pb2	102	45
pb2	103	45
pb2	104	44
pb2	105	44
pb2	106	45
pb2	107	44
pb2	108	44
pb2	109	42
pb2	110	42
pb2	111	43
pb2	112	42
pb2	113	42
pb2	114	42
pb2	115	42
pb2	116	42
pb2	117	42
pb2	118	43
pb2	119	44
pb2	120	42
pb2	121	44
pb2	122	44
pb2	123	47
pb2	124	50
pb2	125	48
pb2	126	48
pb2	127	46
pb2	128	46
pb2	129	46
pb2	130	46
pb2	131	47
pb2	132	47
pb2	133	48
pb2	134	48
pb2	135	49
pb2	136	49
pb2	137	49
pb2	138	49
pb2	139	49
pb2	140	52
pb2	141	52
pb2	142	50
pb2	143	51
pb2	144	51
pb2	145	51
pb2	146	51
pb2	147	51
pb2	148	50
pb2	149	49
pb2	150	49
pb2	151	45
pb2	152	46
pb2	153	48
pb2	154	49
pb2	155	49
pb2	156	49
pb2	157	50
pb2	158	50
pb2	159	50
pb2	160	50
pb2	161	47
pb2	162	47
pb2	163	47
pb2	164	47
pb2	165	47
pb2	166	47
pb2	167	47
pb2	168	47
pb2	169	47
pb2	170	47
pb2	171	47
pb2	172	46
pb2	173	47
pb2	174	49
pb2	175	49
pb2	176	49
pb2	177	49
pb2	178	49
pb2	179	49
pb2	180	49
pb2	181	49
pb2	182	49
pb2	183	48
pb2	184	49
pb2	185	49
pb2	186	51
pb2	187	51
pb2	188	51
pb2	189	50
pb2	190	50
pb2	191	48
pb2	192	51
pb2	193	50
pb2	194	51
pb2	195	47
pb2	196	47
pb2	197	47
pb2	198	45
pb2	199	44
pb2	200	44
pb2	201	43
pb2	202	43
pb2	203	44
pb2	204	42
pb2	205	42
pb2	206	41
pb2	207	41
pb2	208	41
pb2	209	39
pb2	210	39
pb2	211	39
pb2	212	39
pb2	213	38
pb2	214	38
pb2	215	38
pb2	216	37
pb2	217	41
pb2	218	42
pb2	219	42
pb2	220	42
pb2	221	42
pb2	222	41
pb2	223	41
pb2	224	39
pb2	225	39
pb2	226	39
pb2	227	38
pb2	228	37
pb2	229	37
pb2	230	36
pb2	231	36
pb2	232	36
pb2	233	36
pb2	234	36
pb2	235	36
pb2	236	38
pb2	237	38
pb2	238	37
pb2	239	37
pb2	240	37
pb2	241	37
pb2	242	35
pb2	243	35
pb2	244	37
pb2	245	37
pb2	246	37
pb2	247	37
pb2	248	37
pb2	249	36
pb2	250	35
pb2	251	35
pb2	252	35
pb2	253	37
pb2	254	38
pb2	255	38
pb2	256	40
pb2	257	39
pb2	258	39
pb2	259	39
pb2	260	39
pb2	261	43
pb2	262	43
pb2	263	43
pb2	264	43
pb2	265	43
pb2	266	43
pb2	267	43
pb2	268	42
pb2	269	42
pb2	270	42
pb2	271	42
pb2	272	42
pb2	273	42
pb2	274	40
pb2	275	38
pb2	276	36
pb2	277	36
pb2	278	36
pb2	279	36
pb2	280	35
pb2	281	35
pb2	282	34
pb2	283	34
pb2	284	32
pb2	285	33
pb2	286	34
pb2	287	34
pb2	288	34
pb2	289	34
pb2	290	34
pb2	291	32
pb2	292	32
pb2	293	32
pb2	294	31
pb2	295	32
pb2	296	32
pb2	297	32
pb2	298	38
pb2	299	39
pb2	300	39
pb2	301	39
pb2	302	40
pb2	303	40
pb2	304	40
pb2	305	40
pb2	306	38
pb2	307	36
pb2	308	36
pb2	309	36
pb2	310	36
pb2	311	36
pb2	312	36
pb2	313	36
pb2	314	36
pb2	315	37
pb2	316	37
pb2	317	37
pb2	318	37
pb2	319	35
pb2	320	35
pb2	321	37
pb2	322	37
pb2	323	37
pb2	324	37
pb2	325	36
pb2	326	36
pb2	327	36
pb2	328	36
pb2	329	36
pb2	330	34
pb2	331	32
pb2	332	32
pb2	333	31
pb2	334	31
pb2	335	31
pb2	336	30
pb2	337	30
pb2	338	28
pb2	339	28
pb2	340	28
pb2	341	28
pb2	342	28
pb2	343	28
pb2	344	26
pb2	345	26
pb2	346	26
pb2	347	26
pb2	348	26
pb2	349	26
pb2	350	26
pb2	351	23
pb2	352	23
pb2	353	21
pb2	354	15
pb2	355	15
pb2	356	15
pb2	357	15
pb2	358	15
pb2	359	15
pb2	360	15
pb2	361	15
pb2	362	15
pb2	363	15
pb2	364	15
pb2	365	15
pb2	366	15
pb2	367	15
pb2	368	6
pb2	369	4
pb2	370	4
pb2	371	4
pb2	372	4
pb2	373	4
pb2	374	4
pb2	375	4
pb2	376	4
pb2	377	4
pb2	378	2
pb2	379	2
pb2	380	2
pb2	381	2
pb2	382	2
pb2	383	2
pb2	384	2
pb2	385	2
pb2	386	2
pb2	387	2
pb2	388	2
pb2	389	2
pb2	390	2
pb2	391	2
pb2	392	2
pb2	393	2
pb2	394	2
pb2	395	2
pb2	396	2
pb2	397	2
pb2	398	2
pb2	399	2
pb2	400	2
pb2	401	2
pb2	402	2
pb2	403	2
pb2	404	2
pb2	405	2
pb2	406	2
pb2	407	2
pb2	408	2
pb2	409	2
pb2	410	2
pb2	411	2
pb2	412	3
pb2	413	3
pb2	414	3
pb2	415	3
pb2	416	3
pb2	417	3
pb2	418	3
pb2	419	3
pb2	420	3
pb2	421	3
pb2	422	3
pb2	423	3
pb2	424	3
pb2	425	3
pb2	426	2
pb2	427	2
pb2	428	2
pb2	429	2
pb2	430	2
pb2	431	2
pb2	432	2
pb2	433	2
pb2	434	2
pb2	435	2
pb2	436	2
pb2	437	2
pb2	438	2
pb2	439	2
pb2	440	2
pb2	441	2
pb2	442	2
pb2	443	2
pb2	444	2
pb2	445	2
pb2	446	2
pb2	447	2
pb2	448	2
pb2	449	2
pb2	450	1
pb2	451	1
pb2	452	1
pb2	453	1
pb2	454	1
pb2	455	1
pb2	456	1
pb2	457	1
pb2	458	1
pb2	459	1
pb2	460	1
pb2	461	1
pb2	462	1
pb2	463	3
pb2	464	3
pb2	465	3
pb2	466	3
pb2	467	3
pb2	468	3
pb2	469	3
pb2	470	3
pb2	471	3
pb2	472	3
pb2	473	3
pb2	474	3
pb2	475	3
pb2	476	3
pb2	477	3
pb2	478	3
pb2	479	3
pb2	480	3
pb2	481	3
pb2	482	3
pb2	483	3
pb2	484	3
pb2	485	3
pb2	486	3
pb2	487	3
pb2	488	3
pb2	489	3
pb2	490	3
pb2	491	3
pb2	492	3
pb2	493	3
pb2	494	3
pb2	495	3
pb2	496	3
pb2	497	3
pb2	498	3
pb2	499	3
pb2	500	3
pb2	501	3
pb2	502	3
pb2	503	3
pb2	504	3
pb2	505	3
pb2	506	3
pb2	507	3
pb2	508	3
pb2	509	3
pb2	510	3
pb2	511	3
pb2	512	3
pb2	513	3
pb2	514	3
pb2	515	3
pb2	516	3
pb2	517	3
pb2	518	3
pb2	519	3
pb2	520	3
pb2	521	3
pb2	522	3
pb2	523	3
pb2	524	3
pb2	525	3
pb2	526	3
pb2	527	3
pb2	528	3
pb2	529	3
pb2	530	3
pb2	531	3
pb2	532	3
pb2	533	3
pb2	534	3
pb2	535	3
pb2	536	3
pb2	537	3
pb2	538	3
pb2	539	3
pb2	540	3
pb2	541	3
pb2	542	3
pb2	543	3
pb2	544	3
pb2	545	3
pb2	546	3
pb2	547	3
pb2	548	3
pb2	549	3
pb2	550	3
pb2	551	3
pb2	552	3
pb2	553	3
pb2	554	3
pb2	555	3
pb2	556	3
pb2	557	2
pb2	558	2
pb2	559	2
pb2	560	1
pb2	561	1
pb2	562	1
pb2	563	1
pb2	564	1
pb2	565	1
pb2	566	1
pb2	567	1
pb2	568	1
pb2	569	1
pb2	570	1
pb2	571	1
pb2	572	1
pb2	573	1
pb2	574	1
pb2	575	1
pb2	576	1
pb2	577	1
pb2	578	1
pb2	579	1
pb2	580	1
pb2	581	1
pb2	582	1
pb2	583	1
pb2	584	1
pb2	585	1
pb2	586	1
pb2	587	1
pb2	588	1
pb2	589	1
pb2	590	1
pb2	591	1
pb2	592	1
pb2	593	1
pb2	594	1
pb2	595	1
pb2	596	1
pb2	597	1
pb2	598	1
pb2	599	1
pb2	637	2
pb2	638	2
pb2	639	2
pb2	640	2
pb2	641	2
pb2	642	2
pb2	643	2
pb2	644	2
pb2	645	2
pb2	646	2
pb2	647	2
pb2	648	2
pb2	649	2
pb2	650	2
pb2	651	2
pb2	652	4
pb2	653	4
pb2	654	4
pb2	655	4
pb2	656	4
pb2	657	4
pb2	658	4
pb2	659	4
pb2	660	4
pb2	661	4
pb2	662	4
pb2	663	4
pb2	664	4
pb2	665	4
pb2	666	4
pb2	667	4
pb2	668	4
pb2	669	4
pb2	670	4
pb2	671	4
pb2	672	4
pb2	673	4
pb2	674	4
pb2	675	4
pb2	676	4
pb2	677	4
pb2	678	4
pb2	679	4
pb2	680	4
pb2	681	4
pb2	682	5
pb2	683	5
pb2	684	5
pb2	685	5
pb2	686	5
pb2	687	5
pb2	688	5
pb2	689	5
pb2	690	5
pb2	691	6
pb2	692	6
pb2	693	6
pb2	694	6
pb2	695	7
pb2	696	8
pb2	697	8
pb2	698	8
pb2	699	8
pb2	700	8
pb2	701	8
pb2	702	8
pb2	703	8
pb2	704	8
pb2	705	8
pb2	706	8
pb2	707	8
pb2	708	8
pb2	709	8
pb2	710	8
pb2	711	8
pb2	712	8
pb2	713	8
pb2	714	8
pb2	715	8
pb2	716	8
pb2	717	8
pb2	718	23
pb2	719	23
pb2	720	23
pb2	721	23
pb2	722	23
pb2	723	23
pb2	724	23
pb2	725	23
pb2	726	23
pb2	727	24
pb2	728	24
pb2	729	24
pb2	730	24
pb2	731	24
pb2	732	24
pb2	733	24
pb2	734	24
pb2	735	24
pb2	736	26
pb2	737	26
pb2	738	26
pb2	739	26
pb2	740	26
pb2	741	26
pb2	742	26
pb2	743	26
pb2	744	26
pb2	745	26
pb2	746	27
pb2	747	27
pb2	748	27
pb2	749	27
pb2	750	27
pb2	751	32
pb2	752	32
pb2	753	37
pb2	754	38
pb2	755	39
pb2	756	43
pb2	757	44
pb2	758	44
pb2	759	44
pb2	760	44
pb2	761	44
pb2	762	44
pb2	763	48
pb2	764	48
pb2	765	48
pb2	766	48
pb2	767	48
pb2	768	48
pb2	769	48
pb2	770	48
pb2	771	48
pb2	772	48
pb2	773	49
pb2	774	51
pb2	775	51
pb2	776	51
pb2	777	51
pb2	778	51
pb2	779	51
pb2	780	50
pb2	781	50
pb2	782	50
pb2	783	49
pb2	784	51
pb2	785	51
pb2	786	51
pb2	787	51
pb2	788	51
pb2	789	49
pb2	790	49
pb2	791	49
pb2	792	49
pb2	793	53
pb2	794	53
pb2	795	53
pb2	796	53
pb2	797	53
pb2	798	53
pb2	799	54
pb2	800	56
pb2	801	56
pb2	802	56
pb2	803	56
pb2	804	58
pb2	805	58
pb2	806	58
pb2	807	58
pb2	808	58
pb2	809	58
pb2	810	57
pb2	811	58
pb2	812	58
pb2	813	58
pb2	814	58
pb2	815	58
pb2	816	38
pb2	817	38
pb2	818	38
pb2	819	38
pb2	820	38
pb2	821	38
pb2	822	38
pb2	823	38
pb2	824	38
pb2	825	38
pb2	826	38
pb2	827	38
pb2	828	38
pb2	829	38
pb2	830	38
pb2	831	38
pb2	832	51
pb2	833	51
pb2	834	51
pb2	835	51
pb2	836	51
pb2	837	51
pb2	838	50
pb2	839	50
pb2	840	50
pb2	841	51
pb2	842	51
pb2	843	51
pb2	844	51
pb2	845	51
pb2	846	51
pb2	847	50
pb2	848	50
pb2	849	50
pb2	850	50
pb2	851	50
pb2	852	50
pb2	853	50
pb2	854	49
pb2	855	49
pb2	856	49
pb2	857	47
pb2	858	47
pb2	859	47
pb2	860	50
pb2	861	47
pb2	862	46
pb2	863	46
pb2	864	46
pb2	865	52
pb2	866	52
pb2	867	52
pb2	868	52
pb2	869	52
pb2	870	53
pb2	871	53
pb2	872	53
pb2	873	53
pb2	874	51
pb2	875	47
pb2	876	47
pb2	877	47
pb2	878	47
pb2	879	46
pb2	880	46
pb2	881	46
pb2	882	46
pb2	883	46
pb2	884	46
pb2	885	44
pb2	886	44
pb2	887	44
pb2	888	44
pb2	889	46
pb2	890	43
pb2	891	42
pb2	892	42
pb2	893	38
pb2	894	38
pb2	895	38
pb2	896	38
pb2	897	38
pb2	898	36
pb2	899	38
pb2	900	38
pb2	901	37
pb2	902	37
pb2	903	37
pb2	904	37
pb2	905	37
pb2	906	37
pb2	907	36
pb2	908	33
pb2	909	33
pb2	910	33
pb2	911	33
pb2	912	33
pb2	913	33
pb2	914	32
pb2	915	32
pb2	916	31
pb2	917	31
pb2	918	31
pb2	919	31
pb2	920	31
pb2	921	31
pb2	922	32
pb2	923	31
pb2	924	31
pb2	925	31
pb2	926	31
pb2	927	33
pb2	928	32
pb2	929	31
pb2	930	31
pb2	931	31
pb2	932	31
pb2	933	31
pb2	934	32
pb2	935	32
pb2	936	32
pb2	937	32
pb2	938	32
pb2	939	32
pb2	940	32
pb2	941	32
pb2	942	32
pb2	943	32
pb2	944	32
pb2	945	32
pb2	946	32
pb2	947	32
pb2	948	31
pb2	949	31
pb2	950	31
pb2	951	31
pb2	952	31
pb2	953	31
pb2	954	33
pb2	955	31
pb2	956	32
pb2	957	33
pb2	958	33
pb2	959	33
pb2	960	33
pb2	961	27
pb2	962	27
pb2	963	27
pb2	964	27
pb2	965	27
pb2	966	27
pb2	967	28
pb2	968	28
pb2	969	28
pb2	970	27
pb2	971	27
pb2	972	27
pb2	973	26
pb2	974	26
pb2	975	19
pb2	976	19
pb2	977	19
pb2	978	19
pb2	979	19
pb2	980	19
pb2	981	19
pb2	982	19
pb2	983	19
pb2	984	19
pb2	985	19
pb2	986	19
pb2	987	19
pb2	988	21
pb2	989	21
pb2	990	21
pb2	991	21
pb2	992	21
pb2	993	21
pb2	994	25
pb2	995	26
pb2	996	26
pb2	997	26
pb2	998	26
pb2	999	25
pb2	1000	25
pb2	1001	25
pb2	1002	25
pb2	1003	25
pb2	1004	25
pb2	1005	22
pb2	1006	22
pb2	1007	22
pb2	1008	22
pb2	1009	23
pb2	1010	23
pb2	1011	23
pb2	1012	22
pb2	1013	25
pb2	1014	25
pb2	1015	25
pb2	1016	23
pb2	1017	23
pb2	1018	24
pb2	1019	24
pb2	1020	24
pb2	1021	24
pb2	1022	23
pb2	1023	22
pb2	1024	23
pb2	1025	23
pb2	1026	23
pb2	1027	23
pb2	1028	23
pb2	1029	23
pb2	1030	23
pb2	1031	23
pb2	1032	23
pb2	1033	24
pb2	1034	25
pb2	1035	26
pb2	1036	26
pb2	1037	26
pb2	1038	26
pb2	1039	29
pb2	1040	29
pb2	1041	29
pb2	1042	29
pb2	1043	29
pb2	1044	29
pb2	1045	29
pb2	1046	29
pb2	1047	29
pb2	1048	30
pb2	1049	30
pb2	1050	30
pb2	1051	30
pb2	1052	30
pb2	1053	28
pb2	1054	28
pb2	1055	27
pb2	1056	27
pb2	1057	29
pb2	1058	29
pb2	1059	29
pb2	1060	29
pb2	1061	29
pb2	1062	28
pb2	1063	28
pb2	1064	28
pb2	1065	28
pb2	1066	30
pb2	1067	30
pb2	1068	30
pb2	1069	30
pb2	1070	30
pb2	1071	30
pb2	1072	30
pb2	1073	30
pb2	1074	30
pb2	1075	33
pb2	1076	33
pb2	1077	33
pb2	1078	33
pb2	1079	32
pb2	1080	32
pb2	1081	32
pb2	1082	32
pb2	1083	32
pb2	1084	32
pb2	1085	35
pb2	1086	35
pb2	1087	34
pb2	1088	33
pb2	1089	33
pb2	1090	34
pb2	1091	34
pb2	1092	34
pb2	1093	36
pb2	1094	36
pb2	1095	36
pb2	1096	46
pb2	1097	45
pb2	1098	52
pb2	1099	54
pb2	1100	56
pb2	1101	63
pb2	1102	73
pb2	1103	97
pb2	1104	99
pb2	1105	100
pb2	1106	105
pb2	1107	105
pb2	1108	123
pb2	1109	123
pb2	1110	122
pb2	1111	124
pb2	1112	120
pb2	1113	125
pb2	1114	126
pb2	1115	132
pb2	1116	136
pb2	1117	135
pb2	1118	137
pb2	1119	137
pb2	1120	139
pb2	1121	139
pb2	1122	145
pb2	1123	152
pb2	1124	152
pb2	1125	156
pb2	1126	157
pb2	1127	165
pb2	1128	166
pb2	1129	166
pb2	1130	171
pb2	1131	169
pb2	1132	170
pb2	1133	170
pb2	1134	170
pb2	1135	174
pb2	1136	175
pb2	1137	175
pb2	1138	175
pb2	1139	180
pb2	1140	180
pb2	1141	182
pb2	1142	182
pb2	1143	182
pb2	1144	209
pb2	1145	213
pb2	1146	213
pb2	1147	213
pb2	1148	213
pb2	1149	216
pb2	1150	217
pb2	1151	217
pb2	1152	219
pb2	1153	212
pb2	1154	210
pb2	1155	212
pb2	1156	212
pb2	1157	213
pb2	1158	213
pb2	1159	213
pb2	1160	229
pb2	1161	228
pb2	1162	228
pb2	1163	229
pb2	1164	230
pb2	1165	229
pb2	1166	230
pb2	1167	230
pb2	1168	231
pb2	1169	224
pb2	1170	228
pb2	1171	231
pb2	1172	231
pb2	1173	232
pb2	1174	233
pb2	1175	244
pb2	1176	250
pb2	1177	251
pb2	1178	252
pb2	1179	252
pb2	1180	253
pb2	1181	254
pb2	1182	253
pb2	1183	253
pb2	1184	231
pb2	1185	237
pb2	1186	240
pb2	1187	247
pb2	1188	246
pb2	1189	241
pb2	1190	239
pb2	1191	241
pb2	1192	241
pb2	1193	242
pb2	1194	239
pb2	1195	240
pb2	1196	233
pb2	1197	237
pb2	1198	237
pb2	1199	237
pb2	1200	239
pb2	1201	241
pb2	1202	236
pb2	1203	244
pb2	1204	241
pb2	1205	241
pb2	1206	242
pb2	1207	242
pb2	1208	243
pb2	1209	246
pb2	1210	246
pb2	1211	247
pb2	1212	237
pb2	1213	235
pb2	1214	232
pb2	1215	236
pb2	1216	241
pb2	1217	252
pb2	1218	250
pb2	1219	255
pb2	1220	254
pb2	1221	256
pb2	1222	257
pb2	1223	258
pb2	1224	255
pb2	1225	254
pb2	1226	244
pb2	1227	248
pb2	1228	248
pb2	1229	246
pb2	1230	244
pb2	1231	240
pb2	1232	241
pb2	1233	243
pb2	1234	257
pb2	1235	257
pb2	1236	263
pb2	1237	262
pb2	1238	261
pb2	1239	262
pb2	1240	260
pb2	1241	261
pb2	1242	257
pb2	1243	258
pb2	1244	250
pb2	1245	245
pb2	1246	245
pb2	1247	241
pb2	1248	239
pb2	1249	235
pb2	1250	232
pb2	1251	233
pb2	1252	222
pb2	1253	229
pb2	1254	225
pb2	1255	227
pb2	1256	231
pb2	1257	234
pb2	1258	236
pb2	1259	235
pb2	1260	233
pb2	1261	233
pb2	1262	225
pb2	1263	224
pb2	1264	224
pb2	1265	225
pb2	1266	211
pb2	1267	211
pb2	1268	210
pb2	1269	210
pb2	1270	211
pb2	1271	214
pb2	1272	216
pb2	1273	216
pb2	1274	215
pb2	1275	211
pb2	1276	208
pb2	1277	210
pb2	1278	214
pb2	1279	215
pb2	1280	214
pb2	1281	218
pb2	1282	218
pb2	1283	218
pb2	1284	218
pb2	1285	215
pb2	1286	213
pb2	1287	209
pb2	1288	209
pb2	1289	211
pb2	1290	203
pb2	1291	200
pb2	1292	200
pb2	1293	202
pb2	1294	196
pb2	1295	194
pb2	1296	197
pb2	1297	198
pb2	1298	199
pb2	1299	196
pb2	1300	196
pb2	1301	201
pb2	1302	201
pb2	1303	201
pb2	1304	195
pb2	1305	196
pb2	1306	199
pb2	1307	199
pb2	1308	204
pb2	1309	204
pb2	1310	203
pb2	1311	205
pb2	1312	204
pb2	1313	205
pb2	1314	205
pb2	1315	208
pb2	1316	208
pb2	1317	204
pb2	1318	206
pb2	1319	205
pb2	1320	205
pb2	1321	203
pb2	1322	197
pb2	1323	199
pb2	1324	197
pb2	1325	192
pb2	1326	198
pb2	1327	197
pb2	1328	199
pb2	1329	202
pb2	1330	202
pb2	1331	200
pb2	1332	199
pb2	1333	197
pb2	1334	197
pb2	1335	183
pb2	1336	183
pb2	1337	175
pb2	1338	189
pb2	1339	189
pb2	1340	192
pb2	1341	191
pb2	1342	188
pb2	1343	188
pb2	1344	190
pb2	1345	189
pb2	1346	189
pb2	1347	186
pb2	1348	171
pb2	1349	176
pb2	1350	174
pb2	1351	174
pb2	1352	176
pb2	1353	174
pb2	1354	175
pb2	1355	178
pb2	1356	175
pb2	1357	175
pb2	1358	171
pb2	1359	171
pb2	1360	172
pb2	1361	171
pb2	1362	171
pb2	1363	174
pb2	1364	175
pb2	1365	175
pb2	1366	174
pb2	1367	172
pb2	1368	173
pb2	1369	173
pb2	1370	176
pb2	1371	176
pb2	1372	174
pb2	1373	176
pb2	1374	176
pb2	1375	177
pb2	1376	182
pb2	1377	180
pb2	1378	188
pb2	1379	188
pb2	1380	187
pb2	1381	185
pb2	1382	179
pb2	1383	181
pb2	1384	188
pb2	1385	189
pb2	1386	189
pb2	1387	192
pb2	1388	193
pb2	1389	195
pb2	1390	200
pb2	1391	204
pb2	1392	206
pb2	1393	203
pb2	1394	205
pb2	1395	206
pb2	1396	211
pb2	1397	208
pb2	1398	211
pb2	1399	208
pb2	1400	207
pb2	1401	206
pb2	1402	206
pb2	1403	208
pb2	1404	208
pb2	1405	204
pb2	1406	201
pb2	1407	206
pb2	1408	206
pb2	1409	208
pb2	1410	209
pb2	1411	209
pb2	1412	215
pb2	1413	216
pb2	1414	216
pb2	1415	217
pb2	1416	212
pb2	1417	214
pb2	1418	216
pb2	1419	223
pb2	1420	223
pb2	1421	220
pb2	1422	213
pb2	1423	211
pb2	1424	216
pb2	1425	216
pb2	1426	216
pb2	1427	215
pb2	1428	214
pb2	1429	215
pb2	1430	218
pb2	1431	217
pb2	1432	217
pb2	1433	217
pb2	1434	216
pb2	1435	216
pb2	1436	219
pb2	1437	216
pb2	1438	221
pb2	1439	223
pb2	1440	219
pb2	1441	219
pb2	1442	219
pb2	1443	219
pb2	1444	221
pb2	1445	215
pb2	1446	223
pb2	1447	231
pb2	1448	233
pb2	1449	234
pb2	1450	234
pb2	1451	231
pb2	1452	231
pb2	1453	231
pb2	1454	231
pb2	1455	232
pb2	1456	228
pb2	1457	242
pb2	1458	243
pb2	1459	239
pb2	1460	239
pb2	1461	236
pb2	1462	234
pb2	1463	235
pb2	1464	234
pb2	1465	236
pb2	1466	219
pb2	1467	220
pb2	1468	219
pb2	1469	221
pb2	1470	221
pb2	1471	221
pb2	1472	218
pb2	1473	221
pb2	1474	220
pb2	1475	221
pb2	1476	218
pb2	1477	216
pb2	1478	219
pb2	1479	210
pb2	1480	212
pb2	1481	210
pb2	1482	202
pb2	1483	215
pb2	1484	216
pb2	1485	216
pb2	1486	222
pb2	1487	219
pb2	1488	221
pb2	1489	220
pb2	1490	215
pb2	1491	246
pb2	1492	240
pb2	1493	248
pb2	1494	248
pb2	1495	245
pb2	1496	255
pb2	1497	253
pb2	1498	251
pb2	1499	252
pb2	1500	220
pb2	1501	227
pb2	1502	224
pb2	1503	225
pb2	1504	226
pb2	1505	218
pb2	1506	217
pb2	1507	215
pb2	1508	215
pb2	1509	215
pb2	1510	213
pb2	1511	209
pb2	1512	156
pb2	1513	156
pb2	1514	156
pb2	1515	154
pb2	1516	154
pb2	1517	154
pb2	1518	153
pb2	1519	153
pb2	1520	153
pb2	1521	153
pb2	1522	153
pb2	1523	153
pb2	1524	153
pb2	1525	153
pb2	1526	153
pb2	1527	153
pb2	1528	153
pb2	1529	153
pb2	1530	152
pb2	1531	153
pb2	1532	153
pb2	1533	153
pb2	1534	153
pb2	1535	153
pb2	1536	153
pb2	1537	153
pb2	1538	153
pb2	1539	153
pb2	1540	211
pb2	1541	211
pb2	1542	211
pb2	1543	211
pb2	1544	211
pb2	1545	211
pb2	1546	211
pb2	1547	211
pb2	1548	193
pb2	1549	196
pb2	1550	196
pb2	1551	196
pb2	1552	196
pb2	1553	196
pb2	1554	196
pb2	1555	211
pb2	1556	221
pb2	1557	221
pb2	1558	246
pb2	1559	248
pb2	1560	248
pb2	1561	247
pb2	1562	247
pb2	1563	251
pb2	1564	250
pb2	1565	242
pb2	1566	242
pb2	1567	230
pb2	1568	233
pb2	1569	232
pb2	1570	234
pb2	1571	234
pb2	1572	232
pb2	1573	232
pb2	1574	234
pb2	1575	234
pb2	1576	234
pb2	1577	222
pb2	1578	229
pb2	1579	228
pb2	1580	226
pb2	1581	225
pb2	1582	225
pb2	1583	229
pb2	1584	229
pb2	1585	227
pb2	1586	225
pb2	1587	222
pb2	1588	224
pb2	1589	225
pb2	1590	222
pb2	1591	222
pb2	1592	220
pb2	1593	220
pb2	1594	220
pb2	1595	228
pb2	1596	230
pb2	1597	229
pb2	1598	232
pb2	1599	228
pb2	1600	229
pb2	1601	232
pb2	1602	232
pb2	1603	230
pb2	1604	224
pb2	1605	222
pb2	1606	222
pb2	1607	221
pb2	1608	224
pb2	1609	222
pb2	1610	223
pb2	1611	222
pb2	1612	224
pb2	1613	225
pb2	1614	232
pb2	1615	230
pb2	1616	231
pb2	1617	223
pb2	1618	223
pb2	1619	221
pb2	1620	223
pb2	1621	222
pb2	1622	221
pb2	1623	220
pb2	1624	223
pb2	1625	228
pb2	1626	228
pb2	1627	229
pb2	1628	228
pb2	1629	225
pb2	1630	224
pb2	1631	223
pb2	1632	221
pb2	1633	222
pb2	1634	215
pb2	1635	213
pb2	1636	205
pb2	1637	207
pb2	1638	210
pb2	1639	209
pb2	1640	196
pb2	1641	193
pb2	1642	186
pb2	1643	188
pb2	1644	185
pb2	1645	183
pb2	1646	182
pb2	1647	182
pb2	1648	180
pb2	1649	189
pb2	1650	183
pb2	1651	180
pb2	1652	176
pb2	1653	169
pb2	1654	174
pb2	1655	174
pb2	1656	178
pb2	1657	172
pb2	1658	171
pb2	1659	171
pb2	1660	177
pb2	1661	176
pb2	1662	175
pb2	1663	175
pb2	1664	176
pb2	1665	187
pb2	1666	190
pb2	1667	188
pb2	1668	187
pb2	1669	186
pb2	1670	191
pb2	1671	193
pb2	1672	192
pb2	1673	196
pb2	1674	179
pb2	1675	178
pb2	1676	178
pb2	1677	178
pb2	1678	178
pb2	1679	169
pb2	1680	178
pb2	1681	172
pb2	1682	164
pb2	1683	166
pb2	1684	166
pb2	1685	164
pb2	1686	156
pb2	1687	165
pb2	1688	166
pb2	1689	166
pb2	1690	166
pb2	1691	166
pb2	1692	168
pb2	1693	169
pb2	1694	169
pb2	1695	171
pb2	1696	162
pb2	1697	164
pb2	1698	164
pb2	1699	165
pb2	1700	165
pb2	1701	165
pb2	1702	165
pb2	1703	165
pb2	1704	160
pb2	1705	163
pb2	1706	163
pb2	1707	163
pb2	1708	163
pb2	1709	163
pb2	1710	161
pb2	1711	167
pb2	1712	166
pb2	1713	165
pb2	1714	165
pb2	1715	164
pb2	1716	164
pb2	1717	164
pb2	1718	169
pb2	1719	170
pb2	1720	170
pb2	1721	170
pb2	1722	170
pb2	1723	173
pb2	1724	173
pb2	1725	171
pb2	1726	169
pb2	1727	171
pb2	1728	174
pb2	1729	173
pb2	1730	172
pb2	1731	172
pb2	1732	170
pb2	1733	170
pb2	1734	170
pb2	1735	178
pb2	1736	174
pb2	1737	182
pb2	1738	180
pb2	1739	178
pb2	1740	200
pb2	1741	201
pb2	1742	200
pb2	1743	204
pb2	1744	188
pb2	1745	191
pb2	1746	180
pb2	1747	182
pb2	1748	178
pb2	1749	176
pb2	1750	178
pb2	1751	177
pb2	1752	177
pb2	1753	177
pb2	1754	171
pb2	1755	174
pb2	1756	172
pb2	1757	173
pb2	1758	176
pb2	1759	176
pb2	1760	177
pb2	1761	177
pb2	1762	177
pb2	1763	175
pb2	1764	174
pb2	1765	173
pb2	1766	173
pb2	1767	175
pb2	1768	175
pb2	1769	173
pb2	1770	174
pb2	1771	179
pb2	1772	185
pb2	1773	182
pb2	1774	182
pb2	1775	182
pb2	1776	184
pb2	1777	184
pb2	1778	180
pb2	1779	186
pb2	1780	186
pb2	1781	183
pb2	1782	182
pb2	1783	183
pb2	1784	183
pb2	1785	183
pb2	1786	182
pb2	1787	182
pb2	1788	173
pb2	1789	173
pb2	1790	173
pb2	1791	174
pb2	1792	172
pb2	1793	172
pb2	1794	174
pb2	1795	174
pb2	1796	176
pb2	1797	172
pb2	1798	174
pb2	1799	174
pb2	1800	174
pb2	1801	174
pb2	1802	168
pb2	1803	167
pb2	1804	141
pb2	1805	141
pb2	1806	137
pb2	1807	137
pb2	1808	137
pb2	1809	118
pb2	1810	118
pb2	1811	118
pb2	1812	118
pb2	1813	118
pb2	1814	118
pb2	1815	118
pb2	1816	120
pb2	1817	120
pb2	1818	120
pb2	1819	120
pb2	1820	118
pb2	1821	114
pb2	1822	114
pb2	1823	115
pb2	1824	114
pb2	1825	112
pb2	1826	110
pb2	1827	106
pb2	1828	106
pb2	1829	106
pb2	1830	106
pb2	1831	103
pb2	1832	100
pb2	1833	98
pb2	1834	98
pb2	1835	98
pb2	1836	98
pb2	1837	97
pb2	1838	97
pb2	1839	97
pb2	1840	97
pb2	1841	98
pb2	1842	98
pb2	1843	98
pb2	1844	96
pb2	1845	94
pb2	1846	94
pb2	1847	94
pb2	1848	93
pb2	1849	96
pb2	1850	96
pb2	1851	96
pb2	1852	93
pb2	1853	92
pb2	1854	85
pb2	1855	91
pb2	1856	92
pb2	1857	92
pb2	1858	92
pb2	1859	90
pb2	1860	90
pb2	1861	89
pb2	1862	88
pb2	1863	84
pb2	1864	84
pb2	1865	84
pb2	1866	80
pb2	1867	82
pb2	1868	82
pb2	1869	82
pb2	1870	82
pb2	1871	83
pb2	1872	84
pb2	1873	70
pb2	1874	69
pb2	1875	68
pb2	1876	68
pb2	1877	66
pb2	1878	53
pb2	1879	53
pb2	1880	53
pb2	1881	51
pb2	1882	51
pb2	1883	51
pb2	1884	51
pb2	1885	51
pb2	1886	51
pb2	1887	51
pb2	1888	55
pb2	1889	55
pb2	1890	55
pb2	1891	55
pb2	1892	55
pb2	1893	49
pb2	1894	49
pb2	1895	49
pb2	1896	49
pb2	1897	49
pb2	1898	49
pb2	1899	49
pb2	1900	54
pb2	1901	54
pb2	1902	54
pb2	1903	54
pb2	1904	54
pb2	1905	54
pb2	1906	52
pb2	1907	53
pb2	1908	54
pb2	1909	54
pb2	1910	52
pb2	1911	51
pb2	1912	53
pb2	1913	55
pb2	1914	56
pb2	1915	55
pb2	1916	55
pb2	1917	53
pb2	1918	55
pb2	1919	55
pb2	1920	55
pb2	1921	55
pb2	1922	54
pb2	1923	51
pb2	1924	51
pb2	1925	51
pb2	1926	51
pb2	1927	51
pb2	1928	51
pb2	1929	41
pb2	1930	41
pb2	1931	41
pb2	1932	41
pb2	1933	41
pb2	1934	41
pb2	1935	41
pb2	1936	41
pb2	1937	41
pb2	1938	41
pb2	1939	41
pb2	1940	41
pb2	1941	41
pb2	1942	41
pb2	1943	41
pb2	1944	41
pb2	1945	41
pb2	1946	41
pb2	1947	41
pb2	1948	41
pb2	1949	41
pb2	1950	41
pb2	1951	42
pb2	1952	42
pb2	1953	42
pb2	1954	92
pb2	1955	92
pb2	1956	92
pb2	1957	97
pb2	1958	98
pb2	1959	99
pb2	1960	99
pb2	1961	106
pb2	1962	109
pb2	1963	110
pb2	1964	117
pb2	1965	119
pb2	1966	118
pb2	1967	118
pb2	1968	118
pb2	1969	118
pb2	1970	118
pb2	1971	116
pb2	1972	116
pb2	1973	116
pb2	1974	116
pb2	1975	124
pb2	1976	127
pb2	1977	128
pb2	1978	128
pb2	1979	128
pb2	1980	127
pb2	1981	127
pb2	1982	127
pb2	1983	121
pb2	1984	121
pb2	1985	121
pb2	1986	121
pb2	1987	121
pb2	1988	121
pb2	1989	121
pb2	1990	121
pb2	1991	121
pb2	1992	121
pb2	1993	147
pb2	1994	149
pb2	1995	154
pb2	1996	154
pb2	1997	156
pb2	1998	163
pb2	1999	161
pb2	2000	161
pb2	2001	156
pb2	2002	168
pb2	2003	169
pb2	2004	169
pb2	2005	171
pb2	2006	170
pb2	2007	170
pb2	2008	170
pb2	2009	169
pb2	2010	168
pb2	2011	181
pb2	2012	182
pb2	2013	184
pb2	2014	183
pb2	2015	181
pb2	2016	185
pb2	2017	186
pb2	2018	189
pb2	2019	192
pb2	2020	192
pb2	2021	194
pb2	2022	195
pb2	2023	195
pb2	2024	195
pb2	2025	194
pb2	2026	203
pb2	2027	202
pb2	2028	204
pb2	2029	208
pb2	2030	209
pb2	2031	214
pb2	2032	214
pb2	2033	215
pb2	2034	216
pb2	2035	212
pb2	2036	212
pb2	2037	211
pb2	2038	211
pb2	2039	212
pb2	2040	210
pb2	2041	210
pb2	2042	207
pb2	2043	201
pb2	2044	202
pb2	2045	202
pb2	2046	200
pb2	2047	200
pb2	2048	200
pb2	2049	201
pb2	2050	201
pb2	2051	193
pb2	2052	193
pb2	2053	190
pb2	2054	191
pb2	2055	184
pb2	2056	184
pb2	2057	182
pb2	2058	182
pb2	2059	182
pb2	2060	178
pb2	2061	179
pb2	2062	177
pb2	2063	177
pb2	2064	176
pb2	2065	177
pb2	2066	182
pb2	2067	177
pb2	2068	180
pb2	2069	176
pb2	2070	174
pb2	2071	175
pb2	2072	168
pb2	2073	168
pb2	2074	165
pb2	2075	165
pb2	2076	156
pb2	2077	161
pb2	2078	161
pb2	2079	161
pb2	2080	166
pb2	2081	167
pb2	2082	164
pb2	2083	167
pb2	2084	162
pb2	2085	163
pb2	2086	164
pb2	2087	157
pb2	2088	156
pb2	2089	156
pb2	2090	161
pb2	2091	161
pb2	2092	161
pb2	2093	160
pb2	2094	158
pb2	2095	170
pb2	2096	168
pb2	2097	167
pb2	2098	167
pb2	2099	164
pb2	2100	163
pb2	2101	163
pb2	2102	163
pb2	2103	162
pb2	2104	152
pb2	2105	149
pb2	2106	150
pb2	2107	152
pb2	2108	150
pb2	2109	150
pb2	2110	149
pb2	2111	149
pb2	2112	150
pb2	2113	150
pb2	2114	149
pb2	2115	147
pb2	2116	147
pb2	2117	147
pb2	2118	147
pb2	2119	146
pb2	2120	146
pb2	2121	145
pb2	2122	147
pb2	2123	149
pb2	2124	149
pb2	2125	153
pb2	2126	151
pb2	2127	153
pb2	2128	157
pb2	2129	157
pb2	2130	156
pb2	2131	154
pb2	2132	153
pb2	2133	151
pb2	2134	152
pb2	2135	155
pb2	2136	149
pb2	2137	148
pb2	2138	148
pb2	2139	148
pb2	2140	147
pb2	2141	163
pb2	2142	160
pb2	2143	159
pb2	2144	159
pb2	2145	154
pb2	2146	155
pb2	2147	155
pb2	2148	154
pb2	2149	153
pb2	2150	135
pb2	2151	139
pb2	2152	138
pb2	2153	138
pb2	2154	139
pb2	2155	131
pb2	2156	136
pb2	2157	137
pb2	2158	136
pb2	2159	136
pb2	2160	132
pb2	2161	132
pb2	2162	130
pb2	2163	132
pb2	2164	130
pb2	2165	128
pb2	2166	128
pb2	2167	126
pb2	2168	127
pb2	2169	126
pb2	2170	120
pb2	2171	130
pb2	2172	127
pb2	2173	129
pb2	2174	129
pb2	2175	128
pb2	2176	130
pb2	2177	128
pb2	2178	129
pb2	2179	129
pb2	2180	121
pb2	2181	123
pb2	2182	124
pb2	2183	124
pb2	2184	125
pb2	2185	127
pb2	2186	127
pb2	2187	131
pb2	2188	130
pb2	2189	129
pb2	2190	129
pb2	2191	129
pb2	2192	129
pb2	2193	129
pb2	2194	128
pb2	2195	127
pb2	2196	128
pb2	2197	144
pb2	2198	139
pb2	2199	140
pb2	2200	140
pb2	2201	136
pb2	2202	135
pb2	2203	136
pb2	2204	136
pb2	2205	136
pb2	2206	133
pb2	2207	130
pb2	2208	130
pb2	2209	130
pb2	2210	130
pb2	2211	129
pb2	2212	136
pb2	2213	139
pb2	2214	138
pb2	2215	136
pb2	2216	137
pb2	2217	136
pb2	2218	136
pb2	2219	138
pb2	2220	139
pb2	2221	146
pb2	2222	141
pb2	2223	143
pb2	2224	140
pb2	2225	136
pb2	2226	141
pb2	2227	141
pb2	2228	137
pb2	2229	138
pb2	2230	137
pb2	2231	135
pb2	2232	134
pb2	2233	135
pb2	2234	135
pb2	2235	135
pb2	2236	137
pb2	2237	137
pb2	2238	138
pb2	2239	140
pb2	2240	139
pb2	2241	139
pb2	2242	140
pb2	2243	139
pb2	2244	139
pb2	2245	138
pb2	2246	136
pb2	2247	134
pb2	2248	134
pb2	2249	146
pb2	2250	146
pb2	2251	152
pb2	2252	151
pb2	2253	145
pb2	2254	144
pb2	2255	148
pb2	2256	145
pb2	2257	147
pb2	2258	135
pb2	2259	135
pb2	2260	132
pb2	2261	132
pb2	2262	130
pb2	2263	130
pb2	2264	130
pb2	2265	130
pb2	2266	120
pb2	2267	122
pb2	2268	123
pb2	2269	123
pb2	2270	122
pb2	2271	122
pb2	2272	120
pb2	2273	120
pb2	2274	116
pb2	2275	116
pb2	2276	110
pb2	2277	110
pb2	2278	109
pb2	2279	109
pb2	2280	109
pb2	2281	107
pb2	2282	107
pb2	2283	107
pb2	2284	107
pb2	2285	107
pb2	2286	105
pb2	2287	103
pb2	2288	103
pb2	2289	103
pb2	2290	102
pb2	2291	101
pb2	2292	101
pb2	2293	98
pb2	2294	96
pb2	2295	92
pb2	2296	92
pb2	2297	92
pb2	2298	92
pb2	2299	92
pb2	2300	92
pb2	2301	92
pb2	2302	92
pb2	2303	92
pb2	2304	92
pb2	2305	90
pb2	2306	84
pb2	2307	84
pb2	2308	81
pb2	2309	81
pb2	2310	80
pb2	2311	72
pb2	2312	72
pb2	2313	72
pb2	2314	71
pb2	2315	70
pb2	2316	61
pb2	2317	61
pb2	2318	61
pb2	2319	61
pb2	2320	61
pb2	2321	61
pb2	2322	61
pb2	2323	61
pb2	2324	61
pb2	2325	61
pb2	2326	42
pb2	2327	42
pb2	2328	42
pb2	2329	42
pb2	2330	42
pb2	2331	41
pb2	2332	40
pb2	2333	40
pb2	2334	40
pb2	2335	40
pb2	2336	40
pb2	2337	32
pb2	2338	30
pb2	2339	30
pb2	2340	30
pb2	2341	8
pa	1	1
pa	2	1
pa	3	1
pa	4	1
pa	5	1
pa	6	1
pa	7	2
pa	8	2
pa	9	2
pa	10	2
pa	11	2
pa	12	4
pa	13	4
pa	14	4
pa	15	4
pa	16	4
pa	17	5
pa	18	5
pa	19	5
pa	20	5
pa	21	5
pa	22	5
pa	23	5
pa	24	5
pa	25	5
pa	26	5
pa	27	5
pa	28	5
pa	29	5
pa	30	5
pa	31	5
pa	32	5
pa	33	5
pa	34	5
pa	35	5
pa	36	5
pa	37	5
pa	38	5
pa	39	5
pa	40	5
pa	41	5
pa	42	5
pa	43	5
pa	44	5
pa	45	5
pa	46	5
pa	47	6
pa	48	6
pa	49	6
pa	50	6
pa	51	6
pa	52	6
pa	53	6
pa	54	6
pa	55	6
pa	56	6
pa	57	6
pa	58	6
pa	59	6
pa	60	6
pa	61	6
pa	62	6
pa	63	6
pa	64	7
pa	65	7
pa	66	7
pa	67	7
pa	68	7
pa	69	7
pa	70	7
pa	71	7
pa	72	7
pa	73	7
pa	74	7
pa	75	7
pa	76	7
pa	77	7
pa	78	7
pa	79	7
pa	80	7
pa	81	7
pa	82	7
pa	83	7
pa	84	7
pa	85	7
pa	86	7
pa	87	7
pa	88	7
pa	89	7
pa	90	7
pa	91	7
pa	92	6
pa	93	6
pa	94	7
pa	95	7
pa	96	7
pa	97	7
pa	98	7
pa	99	7
pa	100	7
pa	101	7
pa	102	7
pa	103	7
pa	104	7
pa	105	7
pa	106	7
pa	107	7
pa	108	7
pa	109	7
pa	110	7
pa	111	7
pa	112	7
pa	113	7
pa	114	7
pa	115	7
pa	116	7
pa	117	7
pa	118	7
pa	119	7
pa	120	7
pa	121	10
pa	122	10
pa	123	10
pa	124	10
pa	125	10
pa	126	10
pa	127	10
pa	128	10
pa	129	10
pa	130	10
pa	131	10
pa	132	10
pa	133	11
pa	134	11
pa	135	11
pa	136	11
pa	137	11
pa	138	11
pa	139	11
pa	140	11
pa	141	11
pa	142	11
pa	143	11
pa	144	7
pa	145	7
pa	146	7
pa	147	7
pa	148	7
pa	149	7
pa	150	7
pa	151	9
pa	152	9
pa	153	9
pa	154	9
pa	155	9
pa	156	9
pa	157	9
pa	158	9
pa	159	8
pa	160	8
pa	161	8
pa	162	8
pa	163	8
pa	164	8
pa	165	8
pa	166	8
pa	167	8
pa	168	8
pa	169	8
pa	170	10
pa	171	10
pa	172	10
pa	173	10
pa	174	10
pa	175	10
pa	176	10
pa	177	10
pa	178	10
pa	179	10
pa	180	10
pa	181	10
pa	182	10
pa	183	10
pa	184	10
pa	185	10
pa	186	10
pa	187	10
pa	188	10
pa	189	10
pa	190	10
pa	191	10
pa	192	10
pa	193	10
pa	194	10
pa	195	9
pa	196	9
pa	197	9
pa	198	9
pa	199	9
pa	200	9
pa	201	9
pa	202	9
pa	203	9
pa	204	8
pa	205	8
pa	206	8
pa	207	8
pa	208	8
pa	209	8
pa	210	8
pa	211	8
pa	212	8
pa	213	8
pa	214	8
pa	215	9
pa	216	9
pa	217	9
pa	218	9
pa	219	9
pa	220	9
pa	221	9
pa	222	9
pa	223	9
pa	224	9
pa	225	9
pa	226	9
pa	227	9
pa	228	9
pa	229	9
pa	230	9
pa	231	9
pa	232	9
pa	233	9
pa	234	8
pa	235	8
pa	236	8
pa	237	8
pa	238	8
pa	239	8
pa	240	8
pa	241	8
pa	242	8
pa	243	8
pa	244	8
pa	245	8
pa	246	8
pa	247	8
pa	248	8
pa	249	8
pa	250	8
pa	251	8
pa	252	8
pa	253	8
pa	254	8
pa	255	8
pa	256	8
pa	257	8
pa	258	6
pa	259	6
pa	260	6
pa	261	5
pa	262	6
pa	263	6
pa	264	6
pa	265	6
pa	266	6
pa	267	6
pa	268	6
pa	269	6
pa	270	6
pa	271	6
pa	272	6
pa	273	6
pa	274	3
pa	275	3
pa	276	3
pa	277	3
pa	278	3
pa	279	3
pa	280	3
pa	281	3
pa	282	3
pa	283	3
pa	284	3
pa	285	3
pa	286	3
pa	287	3
pa	288	3
pa	289	3
pa	290	3
pa	291	2
pa	292	2
pa	293	2
pa	294	2
pa	295	2
pa	296	2
pa	297	2
pa	298	3
pa	299	3
pa	300	3
pa	301	3
pa	302	3
pa	303	3
pa	304	3
pa	305	3
pa	306	3
pa	307	3
pa	308	3
pa	309	3
pa	310	3
pa	311	3
pa	312	3
pa	313	3
pa	314	3
pa	315	3
pa	316	3
pa	317	3
pa	318	3
pa	319	3
pa	320	3
pa	321	3
pa	322	3
pa	323	3
pa	324	3
pa	325	3
pa	326	3
pa	327	2
pa	328	2
pa	329	2
pa	330	2
pa	331	2
pa	332	2
pa	333	2
pa	334	2
pa	335	2
pa	336	2
pa	337	2
pa	338	2
pa	339	2
pa	340	2
pa	341	2
pa	342	2
pa	343	2
pa	344	2
pa	345	2
pa	346	2
pa	347	2
pa	348	2
pa	349	2
pa	350	2
pa	351	2
pa	352	2
pa	353	2
pa	354	2
pa	355	2
pa	356	2
pa	357	2
pa	358	2
pa	359	2
pa	360	2
pa	361	2
pa	362	2
pa	363	1
pa	364	1
pa	365	1
pa	366	1
pa	367	1
pa	368	1
pa	369	1
pa	370	1
pa	371	2
pa	372	2
pa	373	2
pa	374	2
pa	375	2
pa	376	2
pa	377	2
pa	378	2
pa	379	2
pa	380	2
pa	381	2
pa	382	2
pa	383	2
pa	384	2
pa	385	2
pa	386	2
pa	387	2
pa	388	2
pa	389	2
pa	390	1
pa	391	1
pa	392	1
pa	393	1
pa	394	1
pa	395	1
pa	396	1
pa	397	1
pa	398	1
pa	399	1
pa	400	1
pa	401	1
pa	402	1
pa	403	1
pa	404	1
pa	405	1
pa	406	1
pa	407	1
pa	408	1
pa	409	1
pa	410	1
pa	411	1
pa	412	1
pa	413	1
pa	414	1
pa	415	1
pa	416	1
pa	417	1
pa	418	1
pa	419	3
pa	420	4
pa	421	4
pa	422	4
pa	423	4
pa	424	4
pa	425	4
pa	426	4
pa	427	4
pa	428	4
pa	429	4
pa	430	4
pa	431	4
pa	432	4
pa	433	4
pa	434	4
pa	435	4
pa	436	4
pa	437	4
pa	438	4
pa	439	4
pa	440	4
pa	441	4
pa	442	4
pa	443	4
pa	444	4
pa	445	4
pa	446	4
pa	447	4
pa	448	4
pa	449	4
pa	450	4
pa	451	4
pa	452	4
pa	453	4
pa	454	4
pa	455	4
pa	456	3
pa	457	3
pa	458	3
pa	459	3
pa	460	5
pa	461	5
pa	462	5
pa	463	5
pa	464	5
pa	465	5
pa	466	5
pa	467	5
pa	468	5
pa	469	5
pa	470	5
pa	471	5
pa	472	5
pa	473	5
pa	474	5
pa	475	5
pa	476	7
pa	477	7
pa	478	7
pa	479	7
pa	480	7
pa	481	6
pa	482	6
pa	483	6
pa	484	6
pa	485	6
pa	486	6
pa	487	6
pa	488	6
pa	489	6
pa	490	6
pa	491	6
pa	492	6
pa	493	6
pa	494	6
pa	495	5
pa	496	5
pa	497	5
pa	498	5
pa	499	5
pa	500	5
pa	501	5
pa	502	5
pa	503	6
pa	504	6
pa	505	6
pa	506	6
pa	507	6
pa	508	6
pa	509	6
pa	510	6
pa	511	6
pa	512	6
pa	513	6
pa	514	6
pa	515	6
pa	516	6
pa	517	6
pa	518	6
pa	519	6
pa	520	6
pa	521	6
pa	522	5
pa	523	5
pa	524	6
pa	525	6
pa	526	6
pa	527	6
pa	528	6
pa	529	6
pa	530	6
pa	531	6
pa	532	6
pa	533	6
pa	534	5
pa	535	5
pa	536	5
pa	537	5
pa	538	5
pa	539	5
pa	540	5
pa	541	5
pa	542	5
pa	543	5
pa	544	5
pa	545	5
pa	546	4
pa	547	4
pa	548	4
pa	549	4
pa	550	4
pa	551	4
pa	552	5
pa	553	5
pa	554	7
pa	555	7
pa	556	7
pa	557	7
pa	558	7
pa	559	7
pa	560	7
pa	561	7
pa	562	7
pa	563	7
pa	564	7
pa	565	7
pa	566	7
pa	567	7
pa	568	7
pa	569	7
pa	570	7
pa	571	7
pa	572	7
pa	573	7
pa	574	7
pa	575	7
pa	576	7
pa	577	7
pa	578	7
pa	579	7
pa	580	11
pa	581	13
pa	582	13
pa	583	14
pa	584	13
pa	585	13
pa	586	13
pa	587	13
pa	588	14
pa	589	14
pa	590	14
pa	591	14
pa	592	14
pa	593	14
pa	594	15
pa	595	15
pa	596	16
pa	597	16
pa	598	16
pa	599	16
pa	600	17
pa	601	17
pa	602	15
pa	603	15
pa	604	15
pa	605	15
pa	606	15
pa	607	15
pa	608	15
pa	609	15
pa	610	15
pa	611	15
pa	612	15
pa	613	15
pa	614	15
pa	615	15
pa	616	15
pa	617	15
pa	618	16
pa	619	16
pa	620	16
pa	621	16
pa	622	16
pa	623	16
pa	624	16
pa	625	17
pa	626	17
pa	627	17
pa	628	17
pa	629	18
pa	630	18
pa	631	18
pa	632	18
pa	633	18
pa	634	18
pa	635	18
pa	636	17
pa	637	17
pa	638	17
pa	639	17
pa	640	17
pa	641	17
pa	642	17
pa	643	17
pa	644	17
pa	645	18
pa	646	18
pa	647	18
pa	648	18
pa	649	18
pa	650	19
pa	651	19
pa	652	19
pa	653	19
pa	654	18
pa	655	18
pa	656	18
pa	657	18
pa	658	18
pa	659	18
pa	660	18
pa	661	18
pa	662	18
pa	663	19
pa	664	19
pa	665	19
pa	666	19
pa	667	19
pa	668	19
pa	669	19
pa	670	19
pa	671	17
pa	672	17
pa	673	17
pa	674	17
pa	675	17
pa	676	17
pa	677	19
pa	678	19
pa	679	19
pa	680	19
pa	681	19
pa	682	19
pa	683	18
pa	684	18
pa	685	18
pa	686	18
pa	687	18
pa	688	18
pa	689	18
pa	690	17
pa	691	16
pa	692	16
pa	693	16
pa	694	16
pa	695	16
pa	696	16
pa	697	16
pa	698	16
pa	699	16
pa	700	16
pa	701	16
pa	702	16
pa	703	16
pa	704	16
pa	705	16
pa	706	16
pa	707	16
pa	708	16
pa	709	16
pa	710	16
pa	711	17
pa	712	17
pa	713	17
pa	714	17
pa	715	17
pa	716	17
pa	717	16
pa	718	14
pa	719	14
pa	720	16
pa	721	16
pa	722	15
pa	723	14
pa	724	13
pa	725	13
pa	726	13
pa	727	13
pa	728	13
pa	729	13
pa	730	13
pa	731	13
pa	732	12
pa	733	11
pa	734	10
pa	735	10
pa	736	10
pa	737	10
pa	738	10
pa	739	10
pa	740	10
pa	741	10
pa	742	10
pa	743	10
pa	744	10
pa	745	9
pa	746	9
pa	747	9
pa	748	9
pa	749	9
pa	750	8
pa	751	8
pa	752	8
pa	753	10
pa	754	10
pa	755	10
pa	756	10
pa	757	10
pa	758	10
pa	759	10
pa	760	10
pa	761	10
pa	762	10
pa	763	10
pa	764	10
pa	765	10
pa	766	10
pa	767	10
pa	768	10
pa	769	10
pa	770	10
pa	771	10
pa	772	10
pa	773	10
pa	774	10
pa	775	10
pa	776	10
pa	777	10
pa	778	10
pa	779	10
pa	780	9
pa	781	11
pa	782	11
pa	783	11
pa	784	11
pa	785	11
pa	786	13
pa	787	13
pa	788	13
pa	789	13
pa	790	13
pa	791	13
pa	792	13
pa	793	13
pa	794	13
pa	795	11
pa	796	11
pa	797	10
pa	798	10
pa	799	10
pa	800	10
pa	801	10
pa	802	10
pa	803	10
pa	804	10
pa	805	9
pa	806	9
pa	807	9
pa	808	9
pa	809	9
pa	810	11
pa	811	10
pa	812	10
pa	813	10
pa	814	10
pa	815	10
pa	816	10
pa	817	10
pa	818	10
pa	819	10
pa	820	10
pa	821	10
pa	822	10
pa	823	10
pa	824	10
pa	825	10
pa	826	10
pa	827	10
pa	828	10
pa	829	10
pa	830	9
pa	831	9
pa	832	9
pa	833	9
pa	834	9
pa	835	9
pa	836	9
pa	837	9
pa	838	9
pa	839	9
pa	840	9
pa	841	9
pa	842	9
pa	843	9
pa	844	9
pa	845	9
pa	846	9
pa	847	11
pa	848	11
pa	849	11
pa	850	11
pa	851	11
pa	852	7
pa	853	7
pa	854	7
pa	855	7
pa	856	7
pa	857	7
pa	858	7
pa	859	7
pa	860	7
pa	861	7
pa	862	7
pa	863	7
pa	864	5
pa	865	5
pa	866	5
pa	867	5
pa	868	5
pa	869	5
pa	870	5
pa	871	5
pa	872	7
pa	873	7
pa	874	7
pa	875	7
pa	876	7
pa	877	7
pa	878	7
pa	879	7
pa	880	7
pa	881	7
pa	882	7
pa	883	7
pa	884	7
pa	885	7
pa	886	7
pa	887	7
pa	888	7
pa	889	7
pa	890	7
pa	891	7
pa	892	7
pa	893	7
pa	894	7
pa	895	7
pa	896	7
pa	897	7
pa	898	7
pa	899	7
pa	900	7
pa	901	7
pa	902	7
pa	903	7
pa	904	7
pa	905	7
pa	906	7
pa	907	7
pa	908	7
pa	909	6
pa	910	6
pa	911	6
pa	912	6
pa	913	6
pa	914	6
pa	915	6
pa	916	6
pa	917	6
pa	918	7
pa	919	6
pa	920	5
pa	921	5
pa	922	5
pa	923	5
pa	924	5
pa	925	5
pa	926	5
pa	927	5
pa	928	6
pa	929	6
pa	930	6
pa	931	6
pa	932	6
pa	933	6
pa	934	6
pa	935	6
pa	936	8
pa	937	8
pa	938	8
pa	939	8
pa	940	8
pa	941	8
pa	942	8
pa	943	8
pa	944	8
pa	945	8
pa	946	8
pa	947	8
pa	948	8
pa	949	8
pa	950	8
pa	951	8
pa	952	8
pa	953	8
pa	954	8
pa	955	8
pa	956	8
pa	957	8
pa	958	8
pa	959	8
pa	960	8
pa	961	8
pa	962	8
pa	963	8
pa	964	8
pa	965	8
pa	966	8
pa	967	8
pa	968	8
pa	969	8
pa	970	8
pa	971	38
pa	972	38
pa	973	39
pa	974	208
pa	975	334
pa	976	538
pa	977	540
pa	978	542
pa	979	607
pa	980	703
pa	981	969
pa	982	976
pa	983	988
pa	984	1132
pa	985	1276
pa	986	1515
pa	987	1526
pa	988	1653
pa	989	1752
pa	990	2072
pa	991	2102
pa	992	2103
pa	993	2111
pa	994	2144
pa	995	2219
pa	996	2224
pa	997	2293
pa	998	2341
pa	999	2374
pa	1000	2796
pa	1001	2816
pa	1002	2853
pa	1003	2894
pa	1004	2904
pa	1005	2925
pa	1006	2928
pa	1007	2936
pa	1008	3116
pa	1009	3334
pa	1010	3490
pa	1011	3542
pa	1012	3544
pa	1013	3547
pa	1014	3563
pa	1015	3825
pa	1016	3978
pa	1017	4449
pa	1018	4479
pa	1019	4511
pa	1020	4539
pa	1021	4753
pa	1022	4895
pa	1023	4957
pa	1024	4957
pa	1025	5040
pa	1026	5029
pa	1027	5176
pa	1028	5183
pa	1029	5215
pa	1030	5201
pa	1031	5225
pa	1032	5308
pa	1033	5381
pa	1034	5423
pa	1035	5428
pa	1036	5399
pa	1037	5432
pa	1038	5460
pa	1039	5507
pa	1040	5532
pa	1041	5534
pa	1042	5493
pa	1043	5500
pa	1044	5545
pa	1045	5631
pa	1046	5692
pa	1047	5714
pa	1048	5775
pa	1049	5854
pa	1050	5871
pa	1051	5904
pa	1052	5932
pa	1053	5896
pa	1054	5917
pa	1055	5846
pa	1056	5898
pa	1057	6623
pa	1058	6624
pa	1059	6682
pa	1060	6672
pa	1061	6668
pa	1062	6688
pa	1063	6691
pa	1064	6701
pa	1065	6805
pa	1066	6422
pa	1067	6461
pa	1068	6458
pa	1069	6484
pa	1070	6505
pa	1071	6501
pa	1072	6503
pa	1073	6493
pa	1074	6353
pa	1075	6382
pa	1076	6353
pa	1077	6377
pa	1078	6418
pa	1079	6413
pa	1080	6470
pa	1081	6489
pa	1082	6496
pa	1083	6485
pa	1084	6485
pa	1085	6534
pa	1086	6541
pa	1087	6509
pa	1088	6477
pa	1089	6459
pa	1090	6464
pa	1091	6471
pa	1092	6564
pa	1093	6525
pa	1094	6493
pa	1095	6461
pa	1096	6460
pa	1097	6453
pa	1098	6449
pa	1099	6457
pa	1100	6491
pa	1101	6487
pa	1102	6431
pa	1103	6398
pa	1104	6551
pa	1105	6555
pa	1106	6515
pa	1107	6574
pa	1108	6497
pa	1109	6504
pa	1110	6462
pa	1111	6460
pa	1112	6473
pa	1113	6313
pa	1114	6347
pa	1115	6402
pa	1116	6374
pa	1117	7056
pa	1118	6981
pa	1119	7044
pa	1120	7045
pa	1121	6999
pa	1122	7021
pa	1123	7025
pa	1124	7137
pa	1125	7126
pa	1126	6544
pa	1127	6562
pa	1128	6564
pa	1129	6579
pa	1130	6655
pa	1131	6558
pa	1132	6757
pa	1133	6678
pa	1134	6701
pa	1135	7067
pa	1136	7102
pa	1137	7032
pa	1138	7049
pa	1139	6897
pa	1140	7132
pa	1141	6920
pa	1142	7017
pa	1143	7017
pa	1144	6691
pa	1145	6667
pa	1146	6633
pa	1147	6663
pa	1148	6711
pa	1149	6507
pa	1150	6507
pa	1151	6460
pa	1152	6500
pa	1153	6552
pa	1154	6523
pa	1155	6506
pa	1156	6561
pa	1157	6584
pa	1158	6587
pa	1159	6592
pa	1160	6548
pa	1161	6542
pa	1162	6615
pa	1163	6828
pa	1164	6887
pa	1165	6873
pa	1166	6862
pa	1167	6826
pa	1168	6790
pa	1169	6776
pa	1170	6796
pa	1171	6828
pa	1172	6618
pa	1173	7048
pa	1174	7028
pa	1175	7347
pa	1176	7355
pa	1177	7346
pa	1178	7328
pa	1179	7363
pa	1180	7549
pa	1181	7554
pa	1182	7120
pa	1183	7141
pa	1184	7023
pa	1185	7019
pa	1186	7060
pa	1187	7062
pa	1188	7023
pa	1189	6985
pa	1190	8036
pa	1191	8067
pa	1192	8301
pa	1193	8322
pa	1194	8410
pa	1195	8496
pa	1196	8501
pa	1197	8518
pa	1198	8855
pa	1199	8218
pa	1200	9189
pa	1201	9151
pa	1202	9200
pa	1203	9358
pa	1204	9338
pa	1205	9429
pa	1206	9409
pa	1207	9117
pa	1208	9146
pa	1209	8920
pa	1210	8928
pa	1211	8947
pa	1212	8903
pa	1213	8966
pa	1214	8992
pa	1215	9106
pa	1216	9150
pa	1217	9128
pa	1218	9054
pa	1219	9120
pa	1220	9285
pa	1221	9584
pa	1222	9629
pa	1223	9575
pa	1224	9544
pa	1225	9528
pa	1226	9576
pa	1227	9576
pa	1228	9643
pa	1229	9482
pa	1230	9357
pa	1231	9397
pa	1232	9410
pa	1233	9462
pa	1234	9495
pa	1235	9507
pa	1236	9548
pa	1237	9587
pa	1238	9729
pa	1239	9753
pa	1240	9748
pa	1241	9760
pa	1242	9947
pa	1243	10017
pa	1244	10040
pa	1245	10038
pa	1246	10019
pa	1247	9883
pa	1248	10083
pa	1249	10265
pa	1250	10293
pa	1251	10125
pa	1252	10417
pa	1253	10450
pa	1254	10590
pa	1255	10592
pa	1256	10587
pa	1257	11512
pa	1258	11429
pa	1259	11493
pa	1260	11511
pa	1261	11252
pa	1262	11300
pa	1263	11438
pa	1264	11549
pa	1265	11605
pa	1266	10986
pa	1267	11063
pa	1268	11292
pa	1269	11351
pa	1270	11667
pa	1271	11651
pa	1272	11443
pa	1273	11430
pa	1274	11442
pa	1275	11652
pa	1276	11589
pa	1277	11617
pa	1278	11384
pa	1279	11534
pa	1280	11713
pa	1281	11766
pa	1282	11761
pa	1283	11768
pa	1284	11841
pa	1285	11872
pa	1286	11856
pa	1287	11866
pa	1288	11667
pa	1289	12583
pa	1290	12664
pa	1291	12652
pa	1292	12650
pa	1293	12519
pa	1294	12976
pa	1295	12909
pa	1296	12872
pa	1297	12876
pa	1298	12320
pa	1299	12527
pa	1300	12554
pa	1301	12556
pa	1302	12577
pa	1303	12310
pa	1304	12951
pa	1305	12909
pa	1306	12904
pa	1307	12512
pa	1308	12711
pa	1309	12936
pa	1310	13036
pa	1311	13124
pa	1312	13142
pa	1313	12613
pa	1314	12578
pa	1315	12633
pa	1316	13105
pa	1317	13109
pa	1318	12997
pa	1319	12983
pa	1320	12964
pa	1321	13038
pa	1322	12974
pa	1323	12960
pa	1324	12958
pa	1325	12643
pa	1326	12824
pa	1327	13380
pa	1328	13390
pa	1329	13375
pa	1330	13411
pa	1331	13384
pa	1332	13398
pa	1333	13418
pa	1334	13337
pa	1335	13747
pa	1336	13355
pa	1337	13769
pa	1338	13782
pa	1339	13800
pa	1340	13528
pa	1341	13526
pa	1342	13561
pa	1343	13546
pa	1344	13363
pa	1345	13307
pa	1346	12965
pa	1347	13013
pa	1348	12981
pa	1349	13010
pa	1350	13029
pa	1351	12804
pa	1352	12761
pa	1353	12849
pa	1354	12867
pa	1355	12844
pa	1356	12900
pa	1357	12863
pa	1358	12814
pa	1359	12745
pa	1360	12723
pa	1361	12703
pa	1362	12485
pa	1363	12277
pa	1364	12535
pa	1365	12330
pa	1366	12440
pa	1367	12411
pa	1368	12334
pa	1369	12422
pa	1370	12307
pa	1371	12281
pa	1372	12282
pa	1373	11554
pa	1374	11850
pa	1375	11729
pa	1376	11731
pa	1377	11788
pa	1378	11674
pa	1379	11679
pa	1380	11860
pa	1381	11766
pa	1382	11772
pa	1383	11567
pa	1384	11291
pa	1385	11347
pa	1386	11260
pa	1387	11282
pa	1388	11321
pa	1389	11073
pa	1390	11416
pa	1391	11536
pa	1392	11515
pa	1393	11635
pa	1394	11507
pa	1395	11597
pa	1396	11533
pa	1397	11263
pa	1398	11326
pa	1399	10487
pa	1400	10611
pa	1401	10613
pa	1402	10501
pa	1403	10478
pa	1404	10327
pa	1405	10264
pa	1406	10188
pa	1407	10050
pa	1408	9976
pa	1409	10035
pa	1410	9412
pa	1411	9632
pa	1412	9504
pa	1413	9556
pa	1414	9522
pa	1415	10552
pa	1416	11570
pa	1417	11550
pa	1418	11524
pa	1419	11803
pa	1420	11598
pa	1421	12327
pa	1422	12277
pa	1423	12269
pa	1424	12289
pa	1425	10969
pa	1426	11521
pa	1427	11585
pa	1428	11332
pa	1429	11408
pa	1430	10928
pa	1431	11497
pa	1432	11604
pa	1433	11610
pa	1434	11757
pa	1435	11377
pa	1436	11489
pa	1437	11508
pa	1438	11501
pa	1439	11495
pa	1440	11209
pa	1441	11218
pa	1442	11205
pa	1443	11151
pa	1444	11117
pa	1445	11096
pa	1446	11010
pa	1447	11023
pa	1448	11069
pa	1449	11066
pa	1450	11524
pa	1451	11529
pa	1452	11546
pa	1453	11630
pa	1454	11636
pa	1455	11677
pa	1456	11766
pa	1457	11763
pa	1458	11727
pa	1459	11399
pa	1460	11588
pa	1461	11889
pa	1462	11870
pa	1463	11870
pa	1464	11831
pa	1465	11784
pa	1466	11775
pa	1467	11831
pa	1468	11854
pa	1469	11683
pa	1470	11656
pa	1471	11663
pa	1472	12026
pa	1473	12043
pa	1474	12061
pa	1475	12062
pa	1476	12037
pa	1477	12086
pa	1478	12171
pa	1479	12160
pa	1480	12114
pa	1481	11728
pa	1482	11775
pa	1483	12018
pa	1484	12109
pa	1485	12078
pa	1486	11980
pa	1487	11866
pa	1488	11996
pa	1489	12051
pa	1490	12045
pa	1491	12021
pa	1492	11556
pa	1493	11646
pa	1494	11650
pa	1495	11671
pa	1496	11699
pa	1497	11465
pa	1498	11496
pa	1499	11522
pa	1500	11532
pa	1501	11630
pa	1502	11517
pa	1503	11378
pa	1504	11299
pa	1505	11277
pa	1506	11213
pa	1507	11024
pa	1508	11041
pa	1509	11093
pa	1510	11042
pa	1511	10960
pa	1512	10989
pa	1513	10976
pa	1514	11093
pa	1515	11048
pa	1516	11016
pa	1517	11015
pa	1518	10879
pa	1519	11095
pa	1520	11130
pa	1521	11837
pa	1522	12108
pa	1523	11839
pa	1524	12016
pa	1525	11973
pa	1526	11925
pa	1527	11995
pa	1528	11657
pa	1529	11392
pa	1530	11234
pa	1531	10152
pa	1532	10049
pa	1533	9941
pa	1534	9923
pa	1535	10221
pa	1536	10296
pa	1537	10353
pa	1538	10254
pa	1539	10103
pa	1540	10218
pa	1541	10191
pa	1542	10149
pa	1543	10143
pa	1544	9987
pa	1545	9824
pa	1546	9676
pa	1547	9841
pa	1548	9943
pa	1549	9848
pa	1550	9802
pa	1551	9767
pa	1552	10066
pa	1553	10099
pa	1554	10182
pa	1555	10185
pa	1556	9971
pa	1557	9951
pa	1558	9940
pa	1559	9954
pa	1560	10322
pa	1561	9994
pa	1562	10000
pa	1563	9963
pa	1564	10006
pa	1565	10269
pa	1566	10264
pa	1567	10189
pa	1568	10287
pa	1569	9718
pa	1570	9770
pa	1571	9731
pa	1572	9655
pa	1573	9821
pa	1574	9565
pa	1575	9458
pa	1576	9470
pa	1577	9317
pa	1578	9354
pa	1579	9213
pa	1580	9176
pa	1581	9301
pa	1582	8882
pa	1583	8920
pa	1584	8830
pa	1585	8854
pa	1586	8820
pa	1587	8737
pa	1588	8840
pa	1589	9248
pa	1590	9072
pa	1591	9078
pa	1592	9074
pa	1593	9098
pa	1594	9282
pa	1595	9270
pa	1596	9334
pa	1597	9171
pa	1598	8875
pa	1599	9068
pa	1600	9090
pa	1601	9106
pa	1602	9101
pa	1603	9137
pa	1604	8968
pa	1605	8993
pa	1606	8957
pa	1607	8995
pa	1608	8874
pa	1609	8885
pa	1610	9159
pa	1611	9221
pa	1612	9242
pa	1613	9266
pa	1614	9260
pa	1615	9308
pa	1616	9641
pa	1617	9758
pa	1618	9755
pa	1619	9441
pa	1620	9445
pa	1621	9613
pa	1622	9588
pa	1623	9543
pa	1624	9624
pa	1625	9273
pa	1626	9290
pa	1627	9348
pa	1628	9347
pa	1629	9484
pa	1630	9346
pa	1631	9494
pa	1632	9496
pa	1633	9553
pa	1634	9623
pa	1635	9678
pa	1636	9883
pa	1637	9878
pa	1638	9801
pa	1639	9820
pa	1640	9709
pa	1641	10014
pa	1642	9988
pa	1643	9875
pa	1644	9852
pa	1645	9587
pa	1646	9717
pa	1647	9664
pa	1648	9702
pa	1649	10160
pa	1650	10032
pa	1651	10205
pa	1652	10208
pa	1653	10207
pa	1654	10264
pa	1655	10251
pa	1656	10278
pa	1657	10392
pa	1658	10076
pa	1659	10173
pa	1660	10211
pa	1661	10333
pa	1662	10352
pa	1663	10439
pa	1664	10684
pa	1665	10637
pa	1666	10643
pa	1667	10642
pa	1668	10647
pa	1669	11139
pa	1670	11019
pa	1671	11201
pa	1672	11050
pa	1673	10870
pa	1674	10908
pa	1675	10860
pa	1676	11031
pa	1677	11089
pa	1678	10566
pa	1679	10727
pa	1680	10541
pa	1681	11106
pa	1682	11178
pa	1683	11156
pa	1684	11146
pa	1685	10942
pa	1686	10835
pa	1687	10983
pa	1688	10931
pa	1689	10934
pa	1690	10558
pa	1691	10507
pa	1692	10568
pa	1693	10945
pa	1694	11170
pa	1695	11510
pa	1696	11392
pa	1697	11305
pa	1698	11311
pa	1699	11361
pa	1700	11369
pa	1701	11265
pa	1702	11390
pa	1703	11162
pa	1704	10969
pa	1705	11134
pa	1706	11143
pa	1707	11243
pa	1708	11340
pa	1709	11500
pa	1710	11718
pa	1711	11609
pa	1712	11494
pa	1713	11687
pa	1714	11552
pa	1715	11844
pa	1716	12016
pa	1717	12140
pa	1718	11973
pa	1719	11747
pa	1720	11635
pa	1721	11667
pa	1722	11615
pa	1723	11500
pa	1724	11439
pa	1725	10982
pa	1726	10817
pa	1727	10786
pa	1728	10808
pa	1729	10805
pa	1730	10790
pa	1731	10728
pa	1732	10665
pa	1733	10684
pa	1734	10668
pa	1735	10696
pa	1736	10746
pa	1737	10738
pa	1738	10732
pa	1739	10711
pa	1740	10696
pa	1741	10764
pa	1742	10742
pa	1743	10619
pa	1744	10529
pa	1745	10553
pa	1746	10615
pa	1747	10656
pa	1748	10644
pa	1749	10854
pa	1750	10821
pa	1751	10793
pa	1752	10791
pa	1753	10791
pa	1754	10785
pa	1755	10903
pa	1756	10906
pa	1757	11189
pa	1758	10833
pa	1759	10868
pa	1760	10840
pa	1761	10785
pa	1762	11001
pa	1763	10560
pa	1764	10412
pa	1765	10173
pa	1766	9465
pa	1767	9440
pa	1768	9315
pa	1769	9339
pa	1770	9350
pa	1771	8919
pa	1772	8897
pa	1773	8805
pa	1774	8811
pa	1775	8970
pa	1776	8959
pa	1777	8978
pa	1778	8888
pa	1779	8949
pa	1780	9061
pa	1781	9056
pa	1782	9063
pa	1783	9062
pa	1784	8538
pa	1785	8548
pa	1786	8444
pa	1787	8673
pa	1788	8515
pa	1789	8622
pa	1790	8642
pa	1791	8668
pa	1792	8655
pa	1793	8627
pa	1794	8651
pa	1795	8672
pa	1796	8123
pa	1797	8308
pa	1798	7964
pa	1799	7972
pa	1800	7886
pa	1801	7877
pa	1802	7800
pa	1803	7850
pa	1804	7696
pa	1805	7756
pa	1806	7357
pa	1807	7265
pa	1808	7270
pa	1809	7414
pa	1810	7420
pa	1811	7410
pa	1812	6976
pa	1813	6965
pa	1814	6571
pa	1815	6579
pa	1816	6610
pa	1817	6596
pa	1818	6147
pa	1819	6022
pa	1820	5983
pa	1821	6149
pa	1822	6134
pa	1823	6151
pa	1824	6105
pa	1825	6180
pa	1826	6219
pa	1827	6199
pa	1828	6298
pa	1829	6267
pa	1830	5776
pa	1831	5663
pa	1832	5607
pa	1833	5589
pa	1834	5782
pa	1835	5712
pa	1836	5697
pa	1837	5639
pa	1838	5642
pa	1839	5702
pa	1840	5745
pa	1841	5683
pa	1842	5687
pa	1843	5336
pa	1844	5359
pa	1845	5350
pa	1846	5365
pa	1847	5457
pa	1848	5331
pa	1849	5253
pa	1850	5258
pa	1851	5235
pa	1852	5283
pa	1853	5154
pa	1854	5113
pa	1855	5146
pa	1856	5067
pa	1857	5063
pa	1858	5091
pa	1859	5090
pa	1860	5059
pa	1861	5038
pa	1862	4957
pa	1863	5000
pa	1864	4986
pa	1865	4982
pa	1866	5005
pa	1867	4971
pa	1868	5158
pa	1869	5350
pa	1870	5414
pa	1871	5429
pa	1872	5419
pa	1873	5449
pa	1874	5461
pa	1875	5421
pa	1876	5425
pa	1877	5303
pa	1878	5276
pa	1879	5167
pa	1880	5183
pa	1881	5242
pa	1882	5239
pa	1883	5402
pa	1884	5385
pa	1885	5546
pa	1886	5587
pa	1887	5591
pa	1888	5645
pa	1889	5680
pa	1890	5656
pa	1891	5669
pa	1892	5495
pa	1893	5544
pa	1894	5480
pa	1895	5596
pa	1896	5888
pa	1897	5899
pa	1898	5918
pa	1899	5908
pa	1900	5898
pa	1901	5950
pa	1902	5926
pa	1903	6130
pa	1904	6286
pa	1905	6162
pa	1906	6327
pa	1907	6366
pa	1908	6329
pa	1909	6426
pa	1910	6409
pa	1911	6519
pa	1912	6464
pa	1913	6288
pa	1914	6224
pa	1915	6178
pa	1916	6266
pa	1917	6284
pa	1918	6259
pa	1919	6382
pa	1920	6371
pa	1921	6398
pa	1922	6633
pa	1923	6644
pa	1924	6691
pa	1925	6626
pa	1926	6641
pa	1927	6672
pa	1928	6578
pa	1929	7006
pa	1930	7103
pa	1931	6995
pa	1932	7425
pa	1933	7400
pa	1934	7475
pa	1935	7480
pa	1936	7442
pa	1937	7461
pa	1938	7232
pa	1939	7147
pa	1940	7205
pa	1941	7009
pa	1942	7013
pa	1943	6961
pa	1944	6960
pa	1945	6932
pa	1946	6907
pa	1947	7074
pa	1948	7087
pa	1949	7154
pa	1950	7178
pa	1951	7211
pa	1952	7281
pa	1953	7292
pa	1954	7326
pa	1955	7322
pa	1956	7167
pa	1957	7444
pa	1958	7440
pa	1959	7627
pa	1960	7630
pa	1961	7611
pa	1962	7714
pa	1963	7704
pa	1964	7714
pa	1965	7738
pa	1966	7703
pa	1967	10395
pa	1968	10410
pa	1969	10756
pa	1970	10764
pa	1971	11014
pa	1972	10989
pa	1973	11074
pa	1974	11089
pa	1975	10938
pa	1976	10190
pa	1977	9862
pa	1978	9875
pa	1979	9991
pa	1980	10054
pa	1981	10072
pa	1982	10057
pa	1983	10040
pa	1984	10103
pa	1985	10105
pa	1986	10328
pa	1987	10385
pa	1988	10330
pa	1989	10262
pa	1990	10259
pa	1991	10272
pa	1992	10282
pa	1993	10288
pa	1994	10349
pa	1995	10375
pa	1996	10302
pa	1997	10348
pa	1998	10356
pa	1999	10363
pa	2000	10436
pa	2001	10421
pa	2002	10426
pa	2003	10453
pa	2004	10356
pa	2005	10501
pa	2006	10497
pa	2007	10608
pa	2008	10625
pa	2009	10637
pa	2010	10661
pa	2011	10694
pa	2012	10708
pa	2013	10751
pa	2014	10681
pa	2015	10705
pa	2016	10589
pa	2017	10654
pa	2018	10629
pa	2019	10793
pa	2020	10751
pa	2021	10757
pa	2022	10790
pa	2023	10825
pa	2024	11046
pa	2025	11087
pa	2026	11075
pa	2027	11177
pa	2028	10941
pa	2029	11461
pa	2030	11428
pa	2031	11415
pa	2032	11422
pa	2033	11131
pa	2034	11228
pa	2035	11303
pa	2036	11369
pa	2037	11357
pa	2038	12056
pa	2039	11801
pa	2040	11811
pa	2041	11806
pa	2042	11869
pa	2043	11803
pa	2044	11784
pa	2045	11640
pa	2046	11607
pa	2047	10890
pa	2048	11520
pa	2049	11686
pa	2050	11665
pa	2051	11603
pa	2052	11567
pa	2053	11591
pa	2054	11519
pa	2055	11593
pa	2056	11779
pa	2057	11447
pa	2058	11281
pa	2059	11279
pa	2060	11292
pa	2061	11244
pa	2062	11211
pa	2063	11290
pa	2064	11211
pa	2065	11150
pa	2066	11329
pa	2067	11370
pa	2068	11381
pa	2069	11964
pa	2070	11962
pa	2071	11974
pa	2072	12008
pa	2073	11992
pa	2074	12005
pa	2075	11997
pa	2076	11995
pa	2077	12459
pa	2078	12416
pa	2079	12695
pa	2080	12665
pa	2081	12577
pa	2082	13966
pa	2083	14035
pa	2084	14060
pa	2085	14079
pa	2086	13567
pa	2087	13620
pa	2088	13319
pa	2089	13462
pa	2090	14116
pa	2091	13563
pa	2092	14761
pa	2093	14817
pa	2094	14816
pa	2095	14910
pa	2096	14823
pa	2097	14851
pa	2098	14837
pa	2099	14359
pa	2100	14786
pa	2101	14284
pa	2102	14398
pa	2103	14463
pa	2104	14433
pa	2105	14429
pa	2106	14975
pa	2107	15095
pa	2108	15284
pa	2109	15006
pa	2110	15040
pa	2111	15047
pa	2112	15016
pa	2113	15015
pa	2114	15030
pa	2115	15349
pa	2116	15337
pa	2117	14938
pa	2118	14908
pa	2119	14871
pa	2120	15055
pa	2121	15149
pa	2122	15382
pa	2123	15324
pa	2124	15193
pa	2125	15421
pa	2126	15450
pa	2127	16258
pa	2128	16255
pa	2129	16187
pa	2130	16248
pa	2131	16064
pa	2132	16222
pa	2133	16224
pa	2134	16260
pa	2135	16243
pa	2136	15877
pa	2137	16042
pa	2138	16057
pa	2139	16029
pa	2140	16123
pa	2141	16071
pa	2142	16387
pa	2143	16368
pa	2144	16399
pa	2145	16437
pa	2146	16293
pa	2147	16328
pa	2148	16340
pa	2149	16274
pa	2150	16329
pa	2151	16080
pa	2152	16125
pa	2153	16302
pa	2154	16417
pa	2155	16395
pa	2156	16303
pa	2157	16292
pa	2158	16234
pa	2159	16458
pa	2160	16241
pa	2161	16209
pa	2162	16039
pa	2163	15846
pa	2164	15789
pa	2165	15949
pa	2166	15802
pa	2167	15969
pa	2168	15540
pa	2169	15722
pa	2170	15642
pa	2171	15594
pa	2172	15544
pa	2173	15442
pa	2174	14871
pa	2175	14863
pa	2176	14301
pa	2177	13907
pa	2178	13377
pa	2179	12918
pa	2180	12884
pa	2181	12880
pa	2182	12858
pa	2183	12560
pa	2184	12373
pa	2185	12328
pa	2186	12312
pa	2187	12187
pa	2188	12084
pa	2189	12053
pa	2190	12034
pa	2191	11941
pa	2192	11906
pa	2193	11367
pa	2194	11191
pa	2195	11065
pa	2196	10928
pa	2197	10827
pa	2198	10247
pa	2199	10226
pa	2200	10189
pa	2201	10135
pa	2202	10021
pa	2203	9671
pa	2204	9656
pa	2205	9481
pa	2206	9423
pa	2207	7223
pa	2208	6817
pa	2209	6346
pa	2210	6246
pa	2211	6222
pa	2212	5921
pa	2213	5911
pa	2214	5893
pa	2215	5855
pa	2216	5778
pa	2217	3286
pa	2218	3268
pa	2219	3201
pa	2220	3154
pa	2221	3142
pa	2222	2924
pa	2223	2904
pa	2224	2785
pa	2225	2765
pa	2226	2685
pa	2227	2598
pa	2228	2544
pa	2229	2334
pa	2230	2195
pa	2231	2149
pa	2232	2097
pa	2233	577
ha	1	325
ha	2	401
ha	3	403
ha	4	404
ha	5	428
ha	6	451
ha	7	453
ha	8	455
ha	9	467
ha	10	468
ha	11	487
ha	12	495
ha	13	556
ha	14	564
ha	15	566
ha	16	574
ha	17	579
ha	18	584
ha	19	594
ha	20	600
ha	21	617
ha	22	617
ha	23	634
ha	24	636
ha	25	639
ha	26	642
ha	27	643
ha	28	644
ha	29	656
ha	30	659
ha	31	682
ha	32	685
ha	33	686
ha	34	686
ha	35	687
ha	36	807
ha	37	820
ha	38	822
ha	39	841
ha	40	842
ha	41	903
ha	42	903
ha	43	907
ha	44	908
ha	45	911
ha	46	916
ha	47	923
ha	48	924
ha	49	930
ha	50	925
ha	51	927
ha	52	930
ha	53	941
ha	54	944
ha	55	940
ha	56	1005
ha	57	1029
ha	58	1099
ha	59	1100
ha	60	1098
ha	61	1101
ha	62	1110
ha	63	1117
ha	64	1116
ha	65	1088
ha	66	1076
ha	67	1251
ha	68	1289
ha	69	1288
ha	70	1289
ha	71	1286
ha	72	1297
ha	73	1299
ha	74	1307
ha	75	1318
ha	76	1237
ha	77	1250
ha	78	1254
ha	79	1257
ha	80	1265
ha	81	1261
ha	82	1304
ha	83	1301
ha	84	1290
ha	85	1301
ha	86	1300
ha	87	1323
ha	88	1328
ha	89	1328
ha	90	1326
ha	91	1280
ha	92	1316
ha	93	1323
ha	94	1321
ha	95	1331
ha	96	1308
ha	97	1327
ha	98	1326
ha	99	1334
ha	100	1322
ha	101	1318
ha	102	1317
ha	103	1319
ha	104	1326
ha	105	1323
ha	106	1366
ha	107	1358
ha	108	1375
ha	109	1372
ha	110	1375
ha	111	1387
ha	112	1381
ha	113	1379
ha	114	1378
ha	115	1326
ha	116	1352
ha	117	1343
ha	118	1345
ha	119	1345
ha	120	1332
ha	121	1362
ha	122	1363
ha	123	1364
ha	124	1370
ha	125	1353
ha	126	1346
ha	127	1347
ha	128	1336
ha	129	1360
ha	130	1334
ha	131	1340
ha	132	1333
ha	133	1326
ha	134	1344
ha	135	1335
ha	136	1342
ha	137	1351
ha	138	1308
ha	139	1295
ha	140	1285
ha	141	1269
ha	142	1270
ha	143	1250
ha	144	1248
ha	145	1247
ha	146	1226
ha	147	1220
ha	148	1219
ha	149	1205
ha	150	1246
ha	151	1238
ha	152	1234
ha	153	1228
ha	154	1227
ha	155	1234
ha	156	1227
ha	157	1213
ha	158	1210
ha	159	1088
ha	160	1104
ha	161	1148
ha	162	1171
ha	163	1169
ha	164	1175
ha	165	1165
ha	166	1177
ha	167	1181
ha	168	1180
ha	169	1186
ha	170	1105
ha	171	1096
ha	172	1101
ha	173	1104
ha	174	1085
ha	175	1078
ha	176	1068
ha	177	1064
ha	178	1060
ha	179	1052
ha	180	1047
ha	181	1037
ha	182	1040
ha	183	1032
ha	184	1015
ha	185	1017
ha	186	994
ha	187	1011
ha	188	995
ha	189	1004
ha	190	1010
ha	191	1005
ha	192	1005
ha	193	1002
ha	194	992
ha	195	988
ha	196	972
ha	197	971
ha	198	948
ha	199	963
ha	200	953
ha	201	958
ha	202	962
ha	203	1001
ha	204	1010
ha	205	975
ha	206	965
ha	207	960
ha	208	956
ha	209	952
ha	210	950
ha	211	951
ha	212	909
ha	213	903
ha	214	904
ha	215	907
ha	216	908
ha	217	902
ha	218	883
ha	219	881
ha	220	887
ha	221	886
ha	222	873
ha	223	858
ha	224	857
ha	225	856
ha	226	869
ha	227	874
ha	228	901
ha	229	889
ha	230	885
ha	231	878
ha	232	872
ha	233	875
ha	234	874
ha	235	911
ha	236	910
ha	237	885
ha	238	906
ha	239	904
ha	240	947
ha	241	944
ha	242	944
ha	243	972
ha	244	934
ha	245	954
ha	246	942
ha	247	936
ha	248	949
ha	249	931
ha	250	918
ha	251	916
ha	252	898
ha	253	898
ha	254	887
ha	255	888
ha	256	899
ha	257	897
ha	258	894
ha	259	895
ha	260	899
ha	261	899
ha	262	905
ha	263	905
ha	264	909
ha	265	899
ha	266	884
ha	267	883
ha	268	904
ha	269	898
ha	270	900
ha	271	895
ha	272	896
ha	273	896
ha	274	902
ha	275	899
ha	276	896
ha	277	882
ha	278	878
ha	279	875
ha	280	875
ha	281	876
ha	282	875
ha	283	893
ha	284	894
ha	285	903
ha	286	915
ha	287	913
ha	288	911
ha	289	911
ha	290	895
ha	291	901
ha	292	883
ha	293	901
ha	294	891
ha	295	897
ha	296	899
ha	297	898
ha	298	903
ha	299	911
ha	300	904
ha	301	898
ha	302	881
ha	303	886
ha	304	1052
ha	305	1041
ha	306	1066
ha	307	1070
ha	308	1068
ha	309	1136
ha	310	1132
ha	311	1163
ha	312	1159
ha	313	951
ha	314	953
ha	315	944
ha	316	937
ha	317	942
ha	318	892
ha	319	894
ha	320	871
ha	321	871
ha	322	875
ha	323	874
ha	324	877
ha	325	877
ha	326	875
ha	327	886
ha	328	886
ha	329	886
ha	330	889
ha	331	883
ha	332	903
ha	333	909
ha	334	905
ha	335	901
ha	336	905
ha	337	908
ha	338	910
ha	339	908
ha	340	909
ha	341	902
ha	342	906
ha	343	970
ha	344	972
ha	345	981
ha	346	980
ha	347	987
ha	348	1012
ha	349	1015
ha	350	1015
ha	351	1015
ha	352	954
ha	353	954
ha	354	933
ha	355	935
ha	356	919
ha	357	915
ha	358	920
ha	359	924
ha	360	914
ha	361	928
ha	362	930
ha	363	932
ha	364	924
ha	365	933
ha	366	905
ha	367	911
ha	368	889
ha	369	901
ha	370	897
ha	371	900
ha	372	899
ha	373	894
ha	374	916
ha	375	917
ha	376	900
ha	377	905
ha	378	897
ha	379	903
ha	380	900
ha	381	900
ha	382	894
ha	383	871
ha	384	864
ha	385	868
ha	386	852
ha	387	842
ha	388	853
ha	389	849
ha	390	842
ha	391	846
ha	392	836
ha	393	839
ha	394	840
ha	395	807
ha	396	837
ha	397	817
ha	398	837
ha	399	841
ha	400	832
ha	401	834
ha	402	833
ha	403	833
ha	404	836
ha	405	785
ha	406	796
ha	407	783
ha	408	784
ha	409	779
ha	410	790
ha	411	791
ha	412	791
ha	413	791
ha	414	780
ha	415	787
ha	416	810
ha	417	811
ha	418	813
ha	419	817
ha	420	804
ha	421	818
ha	422	828
ha	423	827
ha	424	798
ha	425	787
ha	426	812
ha	427	866
ha	428	868
ha	429	868
ha	430	868
ha	431	871
ha	432	870
ha	433	874
ha	434	861
ha	435	866
ha	436	816
ha	437	818
ha	438	817
ha	439	803
ha	440	801
ha	441	801
ha	442	799
ha	443	799
ha	444	787
ha	445	772
ha	446	788
ha	447	795
ha	448	810
ha	449	810
ha	450	809
ha	451	812
ha	452	809
ha	453	811
ha	454	812
ha	455	789
ha	456	795
ha	457	785
ha	458	786
ha	459	840
ha	460	844
ha	461	853
ha	462	848
ha	463	847
ha	464	848
ha	465	840
ha	466	845
ha	467	842
ha	468	772
ha	469	773
ha	470	760
ha	471	761
ha	472	760
ha	473	761
ha	474	759
ha	475	748
ha	476	758
ha	477	760
ha	478	763
ha	479	780
ha	480	821
ha	481	820
ha	482	825
ha	483	811
ha	484	850
ha	485	859
ha	486	862
ha	487	857
ha	488	838
ha	489	794
ha	490	795
ha	491	791
ha	492	788
ha	493	735
ha	494	737
ha	495	724
ha	496	726
ha	497	726
ha	498	722
ha	499	723
ha	500	727
ha	501	736
ha	502	737
ha	503	729
ha	504	732
ha	505	739
ha	506	738
ha	507	742
ha	508	745
ha	509	737
ha	510	752
ha	511	740
ha	512	750
ha	513	750
ha	514	752
ha	515	763
ha	516	762
ha	517	770
ha	518	774
ha	519	765
ha	520	771
ha	521	759
ha	522	773
ha	523	776
ha	524	768
ha	525	761
ha	526	755
ha	527	766
ha	528	768
ha	529	768
ha	530	760
ha	531	750
ha	532	750
ha	533	751
ha	534	746
ha	535	754
ha	536	727
ha	537	729
ha	538	731
ha	539	730
ha	540	773
ha	541	772
ha	542	769
ha	543	767
ha	544	757
ha	545	755
ha	546	762
ha	547	778
ha	548	771
ha	549	754
ha	550	745
ha	551	754
ha	552	785
ha	553	759
ha	554	760
ha	555	757
ha	556	733
ha	557	736
ha	558	722
ha	559	729
ha	560	717
ha	561	667
ha	562	669
ha	563	708
ha	564	724
ha	565	728
ha	566	728
ha	567	723
ha	568	818
ha	569	820
ha	570	829
ha	571	825
ha	572	780
ha	573	786
ha	574	782
ha	575	782
ha	576	781
ha	577	721
ha	578	718
ha	579	723
ha	580	718
ha	581	721
ha	582	726
ha	583	727
ha	584	729
ha	585	729
ha	586	723
ha	587	736
ha	588	733
ha	589	748
ha	590	785
ha	591	822
ha	592	858
ha	593	857
ha	594	865
ha	595	866
ha	596	886
ha	597	886
ha	598	881
ha	599	900
ha	600	858
ha	601	883
ha	602	871
ha	603	872
ha	604	874
ha	605	867
ha	606	874
ha	607	868
ha	608	863
ha	609	865
ha	610	834
ha	611	837
ha	612	835
ha	613	856
ha	614	871
ha	615	864
ha	616	871
ha	617	871
ha	618	873
ha	619	888
ha	620	885
ha	621	886
ha	622	891
ha	623	879
ha	624	909
ha	625	889
ha	626	898
ha	627	898
ha	628	884
ha	629	887
ha	630	892
ha	631	881
ha	632	884
ha	633	842
ha	634	841
ha	635	828
ha	636	826
ha	637	836
ha	638	833
ha	639	835
ha	640	832
ha	641	827
ha	642	825
ha	643	826
ha	644	830
ha	645	824
ha	646	831
ha	647	828
ha	648	862
ha	649	862
ha	650	856
ha	651	858
ha	652	850
ha	653	847
ha	654	846
ha	655	822
ha	656	824
ha	657	811
ha	658	808
ha	659	812
ha	660	813
ha	661	818
ha	662	812
ha	663	836
ha	664	847
ha	665	847
ha	666	857
ha	667	865
ha	668	855
ha	669	856
ha	670	846
ha	671	847
ha	672	847
ha	673	833
ha	674	840
ha	675	827
ha	676	810
ha	677	810
ha	678	813
ha	679	831
ha	680	832
ha	681	836
ha	682	834
ha	683	829
ha	684	826
ha	685	828
ha	686	842
ha	687	874
ha	688	862
ha	689	865
ha	690	850
ha	691	853
ha	692	868
ha	693	873
ha	694	874
ha	695	855
ha	696	827
ha	697	831
ha	698	834
ha	699	844
ha	700	841
ha	701	829
ha	702	827
ha	703	821
ha	704	838
ha	705	838
ha	706	843
ha	707	847
ha	708	840
ha	709	840
ha	710	843
ha	711	846
ha	712	848
ha	713	825
ha	714	819
ha	715	817
ha	716	813
ha	717	797
ha	718	802
ha	719	829
ha	720	826
ha	721	824
ha	722	823
ha	723	827
ha	724	831
ha	725	831
ha	726	818
ha	727	816
ha	728	811
ha	729	808
ha	730	812
ha	731	822
ha	732	821
ha	733	804
ha	734	803
ha	735	805
ha	736	813
ha	737	803
ha	738	800
ha	739	795
ha	740	782
ha	741	764
ha	742	802
ha	743	806
ha	744	820
ha	745	822
ha	746	821
ha	747	838
ha	748	833
ha	749	837
ha	750	841
ha	751	821
ha	752	818
ha	753	805
ha	754	806
ha	755	821
ha	756	812
ha	757	812
ha	758	802
ha	759	798
ha	760	842
ha	761	844
ha	762	846
ha	763	844
ha	764	829
ha	765	832
ha	766	828
ha	767	830
ha	768	830
ha	769	775
ha	770	807
ha	771	820
ha	772	823
ha	773	832
ha	774	826
ha	775	833
ha	776	834
ha	777	841
ha	778	841
ha	779	836
ha	780	810
ha	781	819
ha	782	827
ha	783	828
ha	784	830
ha	785	828
ha	786	839
ha	787	837
ha	788	835
ha	789	835
ha	790	818
ha	791	814
ha	792	813
ha	793	818
ha	794	818
ha	795	799
ha	796	809
ha	797	807
ha	798	807
ha	799	803
ha	800	803
ha	801	798
ha	802	800
ha	803	784
ha	804	794
ha	805	785
ha	806	780
ha	807	778
ha	808	776
ha	809	781
ha	810	782
ha	811	756
ha	812	753
ha	813	715
ha	814	713
ha	815	704
ha	816	708
ha	817	709
ha	818	705
ha	819	704
ha	820	700
ha	821	938
ha	822	1031
ha	823	1028
ha	824	1079
ha	825	1081
ha	826	1131
ha	827	1213
ha	828	1218
ha	829	1235
ha	830	1164
ha	831	1158
ha	832	1162
ha	833	1162
ha	834	1168
ha	835	1201
ha	836	1186
ha	837	1181
ha	838	1192
ha	839	1178
ha	840	1192
ha	841	1195
ha	842	1227
ha	843	1227
ha	844	1214
ha	845	1249
ha	846	1247
ha	847	1271
ha	848	1274
ha	849	1295
ha	850	1335
ha	851	1365
ha	852	1366
ha	853	1375
ha	854	1376
ha	855	1377
ha	856	1390
ha	857	1388
ha	858	1397
ha	859	1439
ha	860	1424
ha	861	1457
ha	862	1458
ha	863	1456
ha	864	1468
ha	865	1457
ha	866	1519
ha	867	1519
ha	868	1512
ha	869	1526
ha	870	1509
ha	871	1541
ha	872	1539
ha	873	1542
ha	874	1549
ha	875	1495
ha	876	1519
ha	877	1517
ha	878	1528
ha	879	1551
ha	880	1547
ha	881	1578
ha	882	1579
ha	883	1630
ha	884	1848
ha	885	1894
ha	886	1900
ha	887	1887
ha	888	1868
ha	889	1873
ha	890	1857
ha	891	1857
ha	892	1838
ha	893	1743
ha	894	1689
ha	895	1748
ha	896	1755
ha	897	1762
ha	898	1762
ha	899	1742
ha	900	1744
ha	901	1754
ha	902	1755
ha	903	1776
ha	904	1697
ha	905	1690
ha	906	1689
ha	907	1698
ha	908	1726
ha	909	1739
ha	910	1718
ha	911	1696
ha	912	1687
ha	913	1679
ha	914	1679
ha	915	1716
ha	916	1708
ha	917	1667
ha	918	1690
ha	919	1688
ha	920	1691
ha	921	1688
ha	922	1680
ha	923	1667
ha	924	1563
ha	925	1539
ha	926	1545
ha	927	1532
ha	928	1546
ha	929	1556
ha	930	1552
ha	931	1577
ha	932	1585
ha	933	1598
ha	934	1605
ha	935	1611
ha	936	1664
ha	937	1654
ha	938	1644
ha	939	1648
ha	940	1622
ha	941	1633
ha	942	1611
ha	943	1605
ha	944	1666
ha	945	1651
ha	946	1661
ha	947	1691
ha	948	1688
ha	949	1762
ha	950	1745
ha	951	1745
ha	952	1750
ha	953	1721
ha	954	1915
ha	955	1942
ha	956	1959
ha	957	1991
ha	958	1934
ha	959	1942
ha	960	1920
ha	961	1956
ha	962	1993
ha	963	1909
ha	964	1903
ha	965	1904
ha	966	1881
ha	967	1908
ha	968	1896
ha	969	2039
ha	970	2033
ha	971	2032
ha	972	2018
ha	973	1982
ha	974	1990
ha	975	1983
ha	976	1976
ha	977	1975
ha	978	1843
ha	979	1844
ha	980	1843
ha	981	1887
ha	982	1943
ha	983	1948
ha	984	1958
ha	985	1964
ha	986	1984
ha	987	1993
ha	988	2011
ha	989	2017
ha	990	2010
ha	991	1983
ha	992	1973
ha	993	1971
ha	994	1973
ha	995	1972
ha	996	1975
ha	997	1981
ha	998	1984
ha	999	1991
ha	1000	1988
ha	1001	1994
ha	1002	1996
ha	1003	2005
ha	1004	1995
ha	1005	2016
ha	1006	2029
ha	1007	2025
ha	1008	2030
ha	1009	2041
ha	1010	2055
ha	1011	2057
ha	1012	2074
ha	1013	2047
ha	1014	2032
ha	1015	2032
ha	1016	2029
ha	1017	2029
ha	1018	2024
ha	1019	2009
ha	1020	2005
ha	1021	1990
ha	1022	2011
ha	1023	2014
ha	1024	2060
ha	1025	2070
ha	1026	2060
ha	1027	2128
ha	1028	2128
ha	1029	2180
ha	1030	2179
ha	1031	2155
ha	1032	2142
ha	1033	2101
ha	1034	2076
ha	1035	2079
ha	1036	2036
ha	1037	2063
ha	1038	2085
ha	1039	2051
ha	1040	2053
ha	1041	2043
ha	1042	2047
ha	1043	2072
ha	1044	2089
ha	1045	2063
ha	1046	2054
ha	1047	1950
ha	1048	1946
ha	1049	1936
ha	1050	1957
ha	1051	1959
ha	1052	1923
ha	1053	1941
ha	1054	1942
ha	1055	1932
ha	1056	1945
ha	1057	1947
ha	1058	1933
ha	1059	1923
ha	1060	1923
ha	1061	1919
ha	1062	1923
ha	1063	1876
ha	1064	1882
ha	1065	1860
ha	1066	1846
ha	1067	1846
ha	1068	1840
ha	1069	1893
ha	1070	1889
ha	1071	1887
ha	1072	1891
ha	1073	1876
ha	1074	1874
ha	1075	1883
ha	1076	1887
ha	1077	1876
ha	1078	1840
ha	1079	1867
ha	1080	1879
ha	1081	1895
ha	1082	1897
ha	1083	1885
ha	1084	1868
ha	1085	1982
ha	1086	2148
ha	1087	2185
ha	1088	2162
ha	1089	2167
ha	1090	2184
ha	1091	2175
ha	1092	2165
ha	1093	2138
ha	1094	2146
ha	1095	1704
ha	1096	1683
ha	1097	1666
ha	1098	1682
ha	1099	1669
ha	1100	1661
ha	1101	1662
ha	1102	1655
ha	1103	1647
ha	1104	1652
ha	1105	1631
ha	1106	1620
ha	1107	1605
ha	1108	1618
ha	1109	1620
ha	1110	1635
ha	1111	1631
ha	1112	1621
ha	1113	1606
ha	1114	1621
ha	1115	1643
ha	1116	1643
ha	1117	1635
ha	1118	1636
ha	1119	1626
ha	1120	1629
ha	1121	1657
ha	1122	1680
ha	1123	1651
ha	1124	1644
ha	1125	1672
ha	1126	1756
ha	1127	1758
ha	1128	1765
ha	1129	1769
ha	1130	1820
ha	1131	1824
ha	1132	1822
ha	1133	1813
ha	1134	1788
ha	1135	1800
ha	1136	1769
ha	1137	1768
ha	1138	1845
ha	1139	1808
ha	1140	1772
ha	1141	1772
ha	1142	1766
ha	1143	1823
ha	1144	1786
ha	1145	1741
ha	1146	1735
ha	1147	1664
ha	1148	1727
ha	1149	1743
ha	1150	1764
ha	1151	1763
ha	1152	1703
ha	1153	1725
ha	1154	1735
ha	1155	1745
ha	1156	1763
ha	1157	1723
ha	1158	1747
ha	1159	1728
ha	1160	1770
ha	1161	1771
ha	1162	1773
ha	1163	1746
ha	1164	1723
ha	1165	1713
ha	1166	1714
ha	1167	1718
ha	1168	1669
ha	1169	1686
ha	1170	1681
ha	1171	1673
ha	1172	1684
ha	1173	1676
ha	1174	1714
ha	1175	1704
ha	1176	1697
ha	1177	1697
ha	1178	1710
ha	1179	1689
ha	1180	1687
ha	1181	1669
ha	1182	1668
ha	1183	1641
ha	1184	1644
ha	1185	1688
ha	1186	1685
ha	1187	1677
ha	1188	1675
ha	1189	1677
ha	1190	1678
ha	1191	1702
ha	1192	1724
ha	1193	1745
ha	1194	1732
ha	1195	1712
ha	1196	1741
ha	1197	1827
ha	1198	1828
ha	1199	1835
ha	1200	1798
ha	1201	1771
ha	1202	1748
ha	1203	1792
ha	1204	1784
ha	1205	1816
ha	1206	1726
ha	1207	1713
ha	1208	1720
ha	1209	1791
ha	1210	1806
ha	1211	1809
ha	1212	1760
ha	1213	1753
ha	1214	1727
ha	1215	1731
ha	1216	1786
ha	1217	1788
ha	1218	1731
ha	1219	1711
ha	1220	1701
ha	1221	1760
ha	1222	1775
ha	1223	1774
ha	1224	1786
ha	1225	1727
ha	1226	1755
ha	1227	1760
ha	1228	1758
ha	1229	1756
ha	1230	1716
ha	1231	1701
ha	1232	1710
ha	1233	1707
ha	1234	1721
ha	1235	1674
ha	1236	1668
ha	1237	1711
ha	1238	1722
ha	1239	1727
ha	1240	1727
ha	1241	1716
ha	1242	1709
ha	1243	1716
ha	1244	1699
ha	1245	1726
ha	1246	1703
ha	1247	1725
ha	1248	1714
ha	1249	1755
ha	1250	1752
ha	1251	1747
ha	1252	1731
ha	1253	1727
ha	1254	1701
ha	1255	1703
ha	1256	1686
ha	1257	1679
ha	1258	1620
ha	1259	1695
ha	1260	1691
ha	1261	1691
ha	1262	1697
ha	1263	1704
ha	1264	1704
ha	1265	1697
ha	1266	1695
ha	1267	1687
ha	1268	1722
ha	1269	1600
ha	1270	1649
ha	1271	1644
ha	1272	1634
ha	1273	1646
ha	1274	1647
ha	1275	1646
ha	1276	1627
ha	1277	1527
ha	1278	1562
ha	1279	1600
ha	1280	1572
ha	1281	1571
ha	1282	1558
ha	1283	1569
ha	1284	1572
ha	1285	1582
ha	1286	1573
ha	1287	1563
ha	1288	1575
ha	1289	1509
ha	1290	1555
ha	1291	1565
ha	1292	1574
ha	1293	1571
ha	1294	1556
ha	1295	1567
ha	1296	1563
ha	1297	1592
ha	1298	1602
ha	1299	1545
ha	1300	1537
ha	1301	1536
ha	1302	1543
ha	1303	1554
ha	1304	1551
ha	1305	1556
ha	1306	1563
ha	1307	1569
ha	1308	1611
ha	1309	1627
ha	1310	1633
ha	1311	1634
ha	1312	1632
ha	1313	1652
ha	1314	1654
ha	1315	1652
ha	1316	1659
ha	1317	1643
ha	1318	1634
ha	1319	1646
ha	1320	1652
ha	1321	1663
ha	1322	1652
ha	1323	1699
ha	1324	1706
ha	1325	1736
ha	1326	1797
ha	1327	1807
ha	1328	1821
ha	1329	1859
ha	1330	1853
ha	1331	1860
ha	1332	1855
ha	1333	1903
ha	1334	1962
ha	1335	1927
ha	1336	1922
ha	1337	1901
ha	1338	1913
ha	1339	1975
ha	1340	1981
ha	1341	2046
ha	1342	2135
ha	1343	2118
ha	1344	2155
ha	1345	2157
ha	1346	2165
ha	1347	2208
ha	1348	2126
ha	1349	2135
ha	1350	2123
ha	1351	2022
ha	1352	2041
ha	1353	2031
ha	1354	2033
ha	1355	2089
ha	1356	2091
ha	1357	2098
ha	1358	2094
ha	1359	2099
ha	1360	2099
ha	1361	2103
ha	1362	2103
ha	1363	2115
ha	1364	2107
ha	1365	2101
ha	1366	2106
ha	1367	2109
ha	1368	2123
ha	1369	2126
ha	1370	2143
ha	1371	2132
ha	1372	2139
ha	1373	2154
ha	1374	2161
ha	1375	2193
ha	1376	2195
ha	1377	2199
ha	1378	2214
ha	1379	2202
ha	1380	2231
ha	1381	2262
ha	1382	2280
ha	1383	2381
ha	1384	2357
ha	1385	2399
ha	1386	2405
ha	1387	2433
ha	1388	2438
ha	1389	2419
ha	1390	2391
ha	1391	2371
ha	1392	2317
ha	1393	2325
ha	1394	2304
ha	1395	2303
ha	1396	2295
ha	1397	2295
ha	1398	2365
ha	1399	2388
ha	1400	2408
ha	1401	2435
ha	1402	2433
ha	1403	2453
ha	1404	2484
ha	1405	2490
ha	1406	2582
ha	1407	2572
ha	1408	2577
ha	1409	2573
ha	1410	2557
ha	1411	2553
ha	1412	2530
ha	1413	2521
ha	1414	2590
ha	1415	2554
ha	1416	2534
ha	1417	2541
ha	1418	2532
ha	1419	2543
ha	1420	2546
ha	1421	2545
ha	1422	2550
ha	1423	2542
ha	1424	2481
ha	1425	2500
ha	1426	2526
ha	1427	2585
ha	1428	2590
ha	1429	2550
ha	1430	2544
ha	1431	2634
ha	1432	2588
ha	1433	2628
ha	1434	2609
ha	1435	2650
ha	1436	2642
ha	1437	2595
ha	1438	2747
ha	1439	2770
ha	1440	2704
ha	1441	2697
ha	1442	2652
ha	1443	2695
ha	1444	2742
ha	1445	2748
ha	1446	2728
ha	1447	2593
ha	1448	2512
ha	1449	2716
ha	1450	2714
ha	1451	2734
ha	1452	2741
ha	1453	2634
ha	1454	2635
ha	1455	2634
ha	1456	2658
ha	1457	2687
ha	1458	2503
ha	1459	2504
ha	1460	2500
ha	1461	2470
ha	1462	2605
ha	1463	2664
ha	1464	2675
ha	1465	2652
ha	1466	2610
ha	1467	2610
ha	1468	2599
ha	1469	2607
ha	1470	2602
ha	1471	2558
ha	1472	2485
ha	1473	2521
ha	1474	2523
ha	1475	2540
ha	1476	2542
ha	1477	2514
ha	1478	2527
ha	1479	2529
ha	1480	2531
ha	1481	2571
ha	1482	2564
ha	1483	2556
ha	1484	2536
ha	1485	2556
ha	1486	2564
ha	1487	2565
ha	1488	2564
ha	1489	2570
ha	1490	2558
ha	1491	2557
ha	1492	2536
ha	1493	2513
ha	1494	2517
ha	1495	2507
ha	1496	2505
ha	1497	2497
ha	1498	2481
ha	1499	2497
ha	1500	2509
ha	1501	2509
ha	1502	2519
ha	1503	2522
ha	1504	2550
ha	1505	2587
ha	1506	2592
ha	1507	2596
ha	1508	2578
ha	1509	2576
ha	1510	2569
ha	1511	2563
ha	1512	2502
ha	1513	2470
ha	1514	2324
ha	1515	2352
ha	1516	2253
ha	1517	2254
ha	1518	2221
ha	1519	2229
ha	1520	2221
ha	1521	2219
ha	1522	2229
ha	1523	2223
ha	1524	2065
ha	1525	2050
ha	1526	2039
ha	1527	2035
ha	1528	2030
ha	1529	2043
ha	1530	1990
ha	1531	1985
ha	1532	1990
ha	1533	1978
ha	1534	2025
ha	1535	2019
ha	1536	1995
ha	1537	1993
ha	1538	1929
ha	1539	1937
ha	1540	1926
ha	1541	1891
ha	1542	1886
ha	1543	1783
ha	1544	1784
ha	1545	1762
ha	1546	1817
ha	1547	1812
ha	1548	1768
ha	1549	1739
ha	1550	1664
ha	1551	1664
ha	1552	1602
ha	1553	1613
ha	1554	1592
ha	1555	1348
ha	1556	1342
ha	1557	1248
ha	1558	1242
ha	1559	1238
ha	1560	1234
ha	1561	1230
ha	1562	1191
ha	1563	1200
ha	1564	1222
ha	1565	1210
ha	1566	1180
ha	1567	1171
ha	1568	1172
ha	1569	1175
ha	1570	1167
ha	1571	1122
ha	1572	1129
ha	1573	1039
ha	1574	1052
ha	1575	1053
ha	1576	1049
ha	1577	1112
ha	1578	1102
ha	1579	1104
ha	1580	1102
ha	1581	1081
ha	1582	1086
ha	1583	1085
ha	1584	1089
ha	1585	1090
ha	1586	1027
ha	1587	1043
ha	1588	1040
ha	1589	1047
ha	1590	1043
ha	1591	1047
ha	1592	1053
ha	1593	1049
ha	1594	1053
ha	1595	1052
ha	1596	1031
ha	1597	1020
ha	1598	1022
ha	1599	1019
ha	1600	1007
ha	1601	988
ha	1602	1052
ha	1603	1064
ha	1604	1076
ha	1605	1077
ha	1606	1075
ha	1607	1084
ha	1608	1146
ha	1609	1143
ha	1610	1151
ha	1611	1133
ha	1612	1078
ha	1613	1099
ha	1614	1197
ha	1615	1208
ha	1616	1201
ha	1617	1166
ha	1618	1189
ha	1619	1191
ha	1620	1183
ha	1621	1161
ha	1622	1216
ha	1623	1160
ha	1624	1182
ha	1625	1192
ha	1626	1208
ha	1627	1216
ha	1628	1219
ha	1629	1226
ha	1630	1284
ha	1631	1251
ha	1632	1297
ha	1633	1293
ha	1634	1298
ha	1635	1307
ha	1636	1296
ha	1637	1293
ha	1638	1293
ha	1639	1267
ha	1640	1269
ha	1641	1255
ha	1642	1261
ha	1643	1260
ha	1644	1257
ha	1645	1259
ha	1646	1258
ha	1647	1276
ha	1648	1281
ha	1649	1280
ha	1650	1381
ha	1651	1373
ha	1652	1373
ha	1653	1375
ha	1654	1373
ha	1655	1387
ha	1656	1383
ha	1657	1374
ha	1658	1374
ha	1659	1326
ha	1660	1353
ha	1661	1354
ha	1662	1361
ha	1663	1359
ha	1664	1363
ha	1665	1364
ha	1666	1392
ha	1667	1397
ha	1668	1398
ha	1669	1389
ha	1670	1379
ha	1671	1381
ha	1672	1385
ha	1673	1384
ha	1674	1383
ha	1675	1350
ha	1676	1402
ha	1677	1447
ha	1678	1447
ha	1679	1451
ha	1680	1438
ha	1681	1571
ha	1682	1574
ha	1683	1616
ha	1684	1607
ha	1685	1644
ha	1686	1607
ha	1687	1605
ha	1688	1602
ha	1689	1606
ha	1690	1559
ha	1691	1523
ha	1692	1449
ha	1693	1459
ha	1694	1403
ha	1695	1435
ha	1696	1433
ha	1697	1433
ha	1698	1446
ha	1699	1431
ha	1700	1426
ha	1701	1428
ha	1702	1417
ha	1703	1415
ha	1704	1419
ha	1705	1406
ha	1706	1415
ha	1707	1386
ha	1708	1389
ha	1709	1433
ha	1710	1437
ha	1711	1439
ha	1712	1436
ha	1713	1299
ha	1714	1320
ha	1715	1301
ha	1716	1302
ha	1717	1302
ha	1718	1261
ha	1719	1272
ha	1720	1268
ha	1721	1264
ha	1722	1255
ha	1723	1158
ha	1724	1155
ha	1725	1149
ha	1726	1147
ha	1727	1142
ha	1728	1107
ha	1729	1106
ha	1730	1103
ha	1731	1096
ha	1732	1094
ha	1733	1092
ha	1734	1076
ha	1735	1066
ha	1736	1060
ha	1737	1057
ha	1738	1052
ha	1739	1050
ha	1740	1014
ha	1741	1009
ha	1742	1007
ha	1743	1001
ha	1744	1001
ha	1745	988
ha	1746	987
ha	1747	981
ha	1748	978
ha	1749	964
ha	1750	919
ha	1751	905
ha	1752	889
ha	1753	883
ha	1754	866
ha	1755	786
ha	1756	778
ha	1757	772
ha	1758	768
ha	1759	729
ha	1760	720
ha	1761	719
ha	1762	621
ha	1763	619
ha	1764	599
ha	1765	588
ha	1766	578
ha	1767	576
ha	1768	574
ha	1769	563
ha	1770	558
ha	1771	555
ha	1772	424
ha	1773	408
ha	1774	391
ha	1775	385
ha	1776	85
mp	1	2
mp	2	2
mp	3	2
mp	4	2
mp	5	2
mp	6	2
mp	7	2
mp	8	2
mp	9	2
mp	10	2
mp	11	2
mp	12	2
mp	13	2
mp	14	2
mp	15	2
mp	16	2
mp	17	2
mp	18	2
mp	19	2
mp	20	2
mp	21	2
mp	22	2
mp	23	2
mp	24	2
mp	25	2
mp	26	2
mp	27	2
mp	28	2
mp	29	2
mp	30	2
mp	31	2
mp	32	2
mp	33	2
mp	34	2
mp	35	2
mp	36	2
mp	37	2
mp	38	2
mp	39	2
mp	40	2
mp	41	2
mp	42	2
mp	43	2
mp	44	2
mp	45	2
mp	46	2
mp	47	2
mp	48	2
mp	49	2
mp	50	2
mp	51	2
mp	52	2
mp	53	2
mp	54	2
mp	55	2
mp	56	2
mp	57	2
mp	58	2
mp	59	3
mp	60	1
mp	61	1
mp	62	1
mp	63	2
mp	64	2
mp	65	2
mp	66	2
mp	67	2
mp	68	2
mp	69	2
mp	70	2
mp	71	2
mp	72	2
mp	73	2
mp	74	2
mp	75	2
mp	76	2
mp	77	2
mp	78	2
mp	79	2
mp	80	2
mp	81	2
mp	82	2
mp	83	2
mp	84	2
mp	85	2
mp	86	2
mp	87	2
mp	88	2
mp	89	2
mp	90	2
mp	91	2
mp	92	2
mp	93	2
mp	94	2
mp	95	2
mp	96	2
mp	97	2
mp	98	2
mp	99	2
mp	100	2
mp	101	2
mp	102	2
mp	103	2
mp	104	2
mp	105	2
mp	106	2
mp	107	2
mp	108	2
mp	109	2
mp	110	2
mp	111	2
mp	112	2
mp	113	2
mp	114	2
mp	115	2
mp	116	2
mp	117	2
mp	118	2
mp	119	2
mp	120	2
mp	121	2
mp	122	2
mp	123	2
mp	124	2
mp	125	2
mp	126	2
mp	127	2
mp	128	2
mp	129	2
mp	130	3
mp	131	3
mp	132	3
mp	133	3
mp	134	2
mp	135	2
mp	136	2
mp	137	2
mp	138	2
mp	139	2
mp	140	2
mp	141	2
mp	142	2
mp	143	2
mp	144	2
mp	145	2
mp	146	2
mp	147	2
mp	148	2
mp	149	2
mp	150	2
mp	151	2
mp	152	2
mp	153	2
mp	154	2
mp	155	3
mp	156	3
mp	157	3
mp	158	3
mp	159	3
mp	160	3
mp	161	3
mp	162	3
mp	163	3
mp	164	3
mp	165	3
mp	166	3
mp	167	3
mp	168	3
mp	169	3
mp	170	3
mp	171	3
mp	172	3
mp	173	3
mp	174	3
mp	175	3
mp	176	3
mp	177	3
mp	178	3
mp	179	3
mp	180	3
mp	181	3
mp	182	3
mp	183	3
mp	184	3
mp	185	3
mp	186	3
mp	187	3
mp	188	3
mp	189	3
mp	190	3
mp	191	3
mp	192	3
mp	193	3
mp	194	3
mp	195	3
mp	196	3
mp	197	3
mp	198	3
mp	199	3
mp	200	4
mp	201	4
mp	202	4
mp	203	4
mp	204	4
mp	205	4
mp	206	4
mp	207	7
mp	208	6
mp	209	6
mp	210	6
mp	211	6
mp	212	6
mp	213	6
mp	214	6
mp	215	6
mp	216	6
mp	217	7
mp	218	7
mp	219	7
mp	220	7
mp	221	7
mp	222	7
mp	223	7
mp	224	7
mp	225	7
mp	226	7
mp	227	7
mp	228	7
mp	229	7
mp	230	7
mp	231	7
mp	232	9
mp	233	9
mp	234	9
mp	235	9
mp	236	9
mp	237	9
mp	238	9
mp	239	9
mp	240	9
mp	241	9
mp	242	9
mp	243	9
mp	244	9
mp	245	9
mp	246	9
mp	247	9
mp	248	9
mp	249	9
mp	250	10
mp	251	10
mp	252	10
mp	253	10
mp	254	10
mp	255	10
mp	256	10
mp	257	10
mp	258	10
mp	259	10
mp	260	10
mp	261	10
mp	262	10
mp	263	10
mp	264	10
mp	265	10
mp	266	9
mp	267	9
mp	268	9
mp	269	9
mp	270	9
mp	271	9
mp	272	8
mp	273	8
mp	274	8
mp	275	8
mp	276	8
mp	277	8
mp	278	8
mp	279	8
mp	280	8
mp	281	8
mp	282	8
mp	283	8
mp	284	8
mp	285	8
mp	286	8
mp	287	8
mp	288	8
mp	289	8
mp	290	8
mp	291	8
mp	292	8
mp	293	8
mp	294	8
mp	295	8
mp	296	8
mp	297	8
mp	298	8
mp	299	7
mp	300	7
mp	301	7
mp	302	7
mp	303	7
mp	304	7
mp	305	7
mp	306	6
mp	307	6
mp	308	6
mp	309	6
mp	310	6
mp	311	6
mp	312	4
mp	313	4
mp	314	4
mp	315	4
mp	316	4
mp	317	4
mp	318	4
mp	319	2
mp	320	2
mp	321	2
mp	322	2
mp	323	2
mp	324	2
mp	325	2
mp	326	2
mp	327	2
mp	328	2
mp	329	2
mp	330	2
mp	331	2
mp	332	2
mp	333	2
mp	334	2
mp	335	2
mp	336	2
mp	337	2
mp	338	2
mp	339	2
mp	340	2
mp	341	2
mp	342	2
mp	343	2
mp	344	2
mp	345	2
mp	346	2
mp	347	2
mp	348	2
mp	349	2
mp	350	2
mp	351	1
mp	352	1
mp	353	1
mp	354	1
mp	355	1
mp	356	1
mp	357	1
mp	358	1
mp	359	1
mp	360	1
mp	361	1
mp	362	1
mp	363	1
mp	364	1
mp	365	1
mp	366	1
mp	367	1
mp	368	1
mp	369	1
mp	370	1
mp	371	1
mp	372	1
mp	373	1
mp	374	1
mp	375	1
mp	376	1
mp	377	1
mp	378	1
mp	379	1
mp	380	1
mp	381	1
mp	382	1
mp	383	1
mp	384	2
mp	385	2
mp	386	2
mp	387	2
mp	388	2
mp	389	2
mp	390	2
mp	391	2
mp	392	2
mp	393	2
mp	394	3
mp	395	3
mp	396	3
mp	397	3
mp	398	3
mp	399	3
mp	400	2
mp	401	2
mp	402	2
mp	403	2
mp	404	2
mp	405	3
mp	406	3
mp	407	3
mp	408	3
mp	409	3
mp	410	5
mp	411	5
mp	412	5
mp	413	6
mp	414	6
mp	415	6
mp	416	6
mp	417	6
mp	418	6
mp	419	6
mp	420	6
mp	421	8
mp	422	8
mp	423	10
mp	424	10
mp	425	10
mp	426	10
mp	427	10
mp	428	10
mp	429	10
mp	430	10
mp	431	10
mp	432	11
mp	433	11
mp	434	11
mp	435	11
mp	436	11
mp	437	11
mp	438	11
mp	439	11
mp	440	11
mp	441	11
mp	442	11
mp	443	11
mp	444	11
mp	445	11
mp	446	11
mp	447	11
mp	448	11
mp	449	11
mp	450	11
mp	451	11
mp	452	11
mp	453	11
mp	454	11
mp	455	11
mp	456	11
mp	457	11
mp	458	11
mp	459	11
mp	460	11
mp	461	11
mp	462	11
mp	463	11
mp	464	11
mp	465	11
mp	466	11
mp	467	11
mp	468	11
mp	469	11
mp	470	11
mp	471	11
mp	472	11
mp	473	11
mp	474	11
mp	475	11
mp	476	11
mp	477	11
mp	478	11
mp	479	11
mp	480	11
mp	481	12
mp	482	12
mp	483	12
mp	484	12
mp	485	12
mp	486	12
mp	487	12
mp	488	12
mp	489	12
mp	490	12
mp	491	12
mp	492	12
mp	493	12
mp	494	12
mp	495	12
mp	496	12
mp	497	11
mp	498	11
mp	499	11
mp	500	11
mp	501	9
mp	502	9
mp	503	9
mp	504	9
mp	505	9
mp	506	9
mp	507	9
mp	508	9
mp	509	9
mp	510	9
mp	511	9
mp	512	9
mp	513	9
mp	514	9
mp	515	9
mp	516	9
mp	517	9
mp	518	9
mp	519	9
mp	520	9
mp	521	9
mp	522	9
mp	523	9
mp	524	9
mp	525	9
mp	526	9
mp	527	9
mp	528	9
mp	529	7
mp	530	7
mp	531	7
mp	532	7
mp	533	5
mp	534	5
mp	535	6
mp	536	6
mp	537	6
mp	538	6
mp	539	6
mp	540	6
mp	541	6
mp	542	6
mp	543	6
mp	544	6
mp	545	5
mp	546	5
mp	547	5
mp	548	5
mp	549	5
mp	550	5
mp	551	5
mp	552	5
mp	553	5
mp	554	5
mp	555	5
mp	556	5
mp	557	5
mp	558	6
mp	559	6
mp	560	6
mp	561	6
mp	562	6
mp	563	7
mp	564	6
mp	565	7
mp	566	7
mp	567	7
mp	568	9
mp	569	9
mp	570	9
mp	571	8
mp	572	7
mp	573	7
mp	574	7
mp	575	7
mp	576	8
mp	577	8
mp	578	8
mp	579	8
mp	580	8
mp	581	8
mp	582	7
mp	583	7
mp	584	7
mp	585	7
mp	586	7
mp	587	7
mp	588	7
mp	589	7
mp	590	7
mp	591	7
mp	592	7
mp	593	7
mp	594	7
mp	595	7
mp	596	8
mp	597	8
mp	598	8
mp	599	8
mp	600	8
mp	601	8
mp	602	8
mp	603	8
mp	604	8
mp	605	8
mp	606	8
mp	607	8
mp	608	8
mp	609	8
mp	610	8
mp	611	8
mp	612	8
mp	613	8
mp	614	8
mp	615	8
mp	616	8
mp	617	8
mp	618	8
mp	619	8
mp	620	8
mp	621	8
mp	622	8
mp	623	8
mp	624	8
mp	625	8
mp	626	8
mp	627	8
mp	628	8
mp	629	8
mp	630	8
mp	631	9
mp	632	9
mp	633	9
mp	634	9
mp	635	9
mp	636	9
mp	637	9
mp	638	6
mp	639	6
mp	640	6
mp	641	6
mp	642	6
mp	643	6
mp	644	6
mp	645	6
mp	646	6
mp	647	7
mp	648	6
mp	649	6
mp	650	6
mp	651	6
mp	652	6
mp	653	6
mp	654	6
mp	655	6
mp	656	6
mp	657	6
mp	658	6
mp	659	6
mp	660	6
mp	661	6
mp	662	6
mp	663	6
mp	664	6
mp	665	6
mp	666	6
mp	667	6
mp	668	6
mp	669	6
mp	670	6
mp	671	6
mp	672	6
mp	673	6
mp	674	6
mp	675	6
mp	676	6
mp	677	6
mp	678	6
mp	679	6
mp	680	6
mp	681	6
mp	682	6
mp	683	6
mp	684	7
mp	685	7
mp	686	7
mp	687	5
mp	688	5
mp	689	4
mp	690	4
mp	691	6
mp	692	6
mp	693	6
mp	694	6
mp	695	6
mp	696	6
mp	697	6
mp	698	6
mp	699	6
mp	700	6
mp	701	6
mp	702	5
mp	703	5
mp	704	5
mp	705	5
mp	706	5
mp	707	5
mp	708	5
mp	709	5
mp	710	5
mp	711	5
mp	712	5
mp	713	5
mp	714	5
mp	715	5
mp	716	5
mp	717	5
mp	718	5
mp	719	5
mp	720	5
mp	721	5
mp	722	5
mp	723	5
mp	724	5
mp	725	5
mp	726	5
mp	727	5
mp	728	5
mp	729	5
mp	730	5
mp	731	5
mp	732	5
mp	733	5
mp	734	5
mp	735	5
mp	736	5
mp	737	5
mp	738	5
mp	739	5
mp	740	5
mp	741	5
mp	742	5
mp	743	5
mp	744	5
mp	745	5
mp	746	5
mp	747	5
mp	748	5
mp	749	5
mp	750	5
mp	751	5
mp	752	5
mp	753	5
mp	754	4
mp	755	4
mp	756	4
mp	757	4
mp	758	4
mp	759	4
mp	760	4
mp	761	4
mp	762	4
mp	763	4
mp	764	4
mp	765	4
mp	766	4
mp	767	4
mp	768	4
mp	769	4
mp	770	4
mp	771	4
mp	772	4
mp	773	5
mp	774	5
mp	775	5
mp	776	5
mp	777	5
mp	778	5
mp	779	5
mp	780	5
mp	781	5
mp	782	5
mp	783	5
mp	784	5
mp	785	5
mp	786	5
mp	787	5
mp	788	5
mp	789	5
mp	790	5
mp	791	5
mp	792	4
mp	793	4
mp	794	4
mp	795	4
mp	796	4
mp	797	4
mp	798	4
mp	799	4
mp	800	4
mp	801	4
mp	802	4
mp	803	4
mp	804	6
mp	805	6
mp	806	6
mp	807	6
mp	808	4
mp	809	4
mp	810	4
mp	811	4
mp	812	4
mp	813	4
mp	814	4
mp	815	4
mp	816	4
mp	817	4
mp	818	4
mp	819	4
mp	820	4
mp	821	4
mp	822	4
mp	823	4
mp	824	4
mp	825	4
mp	826	4
mp	827	4
mp	828	4
mp	829	4
mp	830	4
mp	831	4
mp	832	3
mp	833	3
mp	834	3
mp	835	3
mp	836	3
mp	837	3
mp	838	3
mp	839	3
mp	840	3
mp	841	3
mp	842	3
mp	843	3
mp	844	3
mp	845	3
mp	846	3
mp	847	3
mp	848	3
mp	849	3
mp	850	3
mp	851	3
mp	852	3
mp	853	3
mp	854	3
mp	855	3
mp	856	3
mp	857	3
mp	858	3
mp	859	3
mp	860	3
mp	861	3
mp	862	3
mp	863	3
mp	864	3
mp	865	3
mp	866	3
mp	867	3
mp	868	3
mp	869	3
mp	870	2
mp	871	2
mp	872	2
mp	873	2
mp	874	2
mp	875	2
mp	876	2
mp	877	2
mp	878	4
mp	879	4
mp	880	4
mp	881	4
mp	882	4
mp	883	4
mp	884	4
mp	885	4
mp	886	5
mp	887	5
mp	888	5
mp	889	5
mp	890	5
mp	891	5
mp	892	5
mp	893	5
mp	894	4
mp	895	4
mp	896	4
mp	897	5
mp	898	5
mp	899	5
mp	900	5
mp	901	5
mp	902	5
mp	903	5
mp	904	5
mp	905	5
mp	906	5
mp	907	5
mp	908	6
mp	909	8
mp	910	8
mp	911	8
mp	912	8
mp	913	8
mp	914	8
mp	915	8
mp	916	8
mp	917	10
mp	918	10
mp	919	10
mp	920	10
mp	921	10
mp	922	9
mp	923	11
mp	924	11
mp	925	11
mp	926	11
mp	927	11
mp	928	12
mp	929	12
mp	930	12
mp	931	12
mp	932	12
mp	933	12
mp	934	12
mp	935	12
mp	936	12
mp	937	12
mp	938	12
mp	939	12
mp	940	12
mp	941	12
mp	942	12
mp	943	12
mp	944	12
mp	945	12
mp	946	12
mp	947	12
mp	948	12
mp	949	12
mp	950	12
mp	951	12
mp	952	12
mp	953	12
mp	954	12
mp	955	12
mp	956	12
mp	957	10
mp	958	10
mp	959	10
mp	960	10
mp	961	10
mp	962	10
mp	963	10
mp	964	10
mp	965	10
mp	966	10
mp	967	9
mp	968	8
mp	969	7
mp	970	7
mp	971	7
mp	972	7
mp	973	7
mp	974	7
mp	975	7
mp	976	7
mp	977	7
mp	978	7
mp	979	7
mp	980	7
mp	981	7
mp	982	7
mp	983	7
mp	984	7
mp	985	7
mp	986	7
mp	987	7
mp	988	7
mp	989	7
mp	990	7
mp	991	7
mp	992	7
mp	993	7
mp	994	7
mp	995	7
mp	996	7
mp	997	7
mp	998	7
mp	999	7
mp	1000	6
mp	1001	6
mp	1002	6
mp	1003	6
mp	1004	6
mp	1005	4
mp	1006	4
mp	1007	4
mp	1008	4
mp	1009	4
mp	1010	4
mp	1011	4
mp	1012	4
mp	1013	4
mp	1014	4
mp	1015	4
mp	1016	4
mp	1017	4
mp	1018	2
mp	1019	2
mp	1020	2
mp	1021	2
mp	1022	2
mp	1023	2
mp	1024	2
mp	1025	2
mp	1026	2
np	1	15
np	2	23
np	3	23
np	4	23
np	5	23
np	6	24
np	7	24
np	8	24
np	9	27
np	10	27
np	11	29
np	12	30
np	13	30
np	14	30
np	15	30
np	16	34
np	17	35
np	18	36
np	19	36
np	20	37
np	21	37
np	22	38
np	23	39
np	24	42
np	25	42
np	26	44
np	27	44
np	28	44
np	29	44
np	30	44
np	31	44
np	32	45
np	33	46
np	34	46
np	35	46
np	36	48
np	37	48
np	38	48
np	39	48
np	40	48
np	41	51
np	42	52
np	43	53
np	44	53
np	45	53
np	46	53
np	47	54
np	48	54
np	49	54
np	50	54
np	51	54
np	52	54
np	53	56
np	54	56
np	55	56
np	56	56
np	57	56
np	58	56
np	59	56
np	60	56
np	61	54
np	62	55
np	63	55
np	64	56
np	65	56
np	66	55
np	67	52
np	68	52
np	69	56
np	70	56
np	71	59
np	72	59
np	73	58
np	74	58
np	75	58
np	76	64
np	77	64
np	78	64
np	79	64
np	80	64
np	81	68
np	82	69
np	83	69
np	84	69
np	85	71
np	86	71
np	87	71
np	88	71
np	89	71
np	90	70
np	91	71
np	92	71
np	93	71
np	94	71
np	95	72
np	96	71
np	97	71
np	98	66
np	99	65
np	100	65
np	101	65
np	102	65
np	103	65
np	104	65
np	105	64
np	106	64
np	107	64
np	108	64
np	109	64
np	110	64
np	111	64
np	112	67
np	113	67
np	114	67
np	115	67
np	116	68
np	117	69
np	118	70
np	119	69
np	120	69
np	121	68
np	122	70
np	123	70
np	124	70
np	125	70
np	126	69
np	127	69
np	128	69
np	129	68
np	130	69
np	131	69
np	132	69
np	133	69
np	134	69
np	135	68
np	136	68
np	137	68
np	138	68
np	139	65
np	140	63
np	141	63
np	142	63
np	143	63
np	144	64
np	145	65
np	146	65
np	147	65
np	148	65
np	149	65
np	150	65
np	151	61
np	152	60
np	153	59
np	154	59
np	155	59
np	156	59
np	157	59
np	158	59
np	159	66
np	160	67
np	161	69
np	162	71
np	163	71
np	164	79
np	165	79
np	166	81
np	167	80
np	168	83
np	169	81
np	170	81
np	171	90
np	172	89
np	173	80
np	174	80
np	175	77
np	176	78
np	177	79
np	178	71
np	179	71
np	180	69
np	181	70
np	182	67
np	183	67
np	184	69
np	185	69
np	186	70
np	187	71
np	188	71
np	189	72
np	190	71
np	191	69
np	192	70
np	193	65
np	194	65
np	195	66
np	196	65
np	197	65
np	198	67
np	199	69
np	200	71
np	201	72
np	202	70
np	203	74
np	204	74
np	205	74
np	206	76
np	207	76
np	208	76
np	209	77
np	210	77
np	211	77
np	212	75
np	213	79
np	214	82
np	215	83
np	216	83
np	217	83
np	218	83
np	219	83
np	220	83
np	221	81
np	222	85
np	223	81
np	224	84
np	225	84
np	226	84
np	227	87
np	228	87
np	229	91
np	230	93
np	231	91
np	232	92
np	233	92
np	234	93
np	235	94
np	236	93
np	237	93
np	238	91
np	239	95
np	240	96
np	241	96
np	242	96
np	243	95
np	244	95
np	245	94
np	246	94
np	247	95
np	248	95
np	249	95
np	250	93
np	251	93
np	252	93
np	253	94
np	254	94
np	255	94
np	256	95
np	257	95
np	258	95
np	259	93
np	260	93
np	261	93
np	262	93
np	263	89
np	264	92
np	265	90
np	266	90
np	267	91
np	268	89
np	269	89
np	270	91
np	271	93
np	272	91
np	273	91
np	274	91
np	275	92
np	276	93
np	277	94
np	278	95
np	279	94
np	280	93
np	281	93
np	282	92
np	283	92
np	284	92
np	285	92
np	286	93
np	287	93
np	288	94
np	289	93
np	290	93
np	291	96
np	292	97
np	293	97
np	294	97
np	295	97
np	296	99
np	297	97
np	298	98
np	299	98
np	300	96
np	301	97
np	302	97
np	303	97
np	304	96
np	305	92
np	306	92
np	307	92
np	308	90
np	309	90
np	310	88
np	311	87
np	312	88
np	313	88
np	314	86
np	315	87
np	316	84
np	317	81
np	318	81
np	319	80
np	320	78
np	321	78
np	322	78
np	323	78
np	324	78
np	325	78
np	326	82
np	327	81
np	328	95
np	329	94
np	330	94
np	331	96
np	332	96
np	333	97
np	334	99
np	335	97
np	336	97
np	337	85
np	338	86
np	339	85
np	340	80
np	341	82
np	342	82
np	343	81
np	344	81
np	345	79
np	346	80
np	347	80
np	348	80
np	349	79
np	350	80
np	351	80
np	352	82
np	353	81
np	354	81
np	355	82
np	356	85
np	357	85
np	358	85
np	359	85
np	360	85
np	361	86
np	362	86
np	363	85
np	364	85
np	365	84
np	366	84
np	367	82
np	368	83
np	369	83
np	370	84
np	371	84
np	372	84
np	373	82
np	374	79
np	375	80
np	376	80
np	377	80
np	378	80
np	379	79
np	380	81
np	381	80
np	382	80
np	383	80
np	384	79
np	385	80
np	386	80
np	387	80
np	388	80
np	389	74
np	390	74
np	391	74
np	392	74
np	393	74
np	394	70
np	395	70
np	396	71
np	397	71
np	398	74
np	399	79
np	400	80
np	401	81
np	402	80
np	403	80
np	404	79
np	405	79
np	406	79
np	407	80
np	408	80
np	409	81
np	410	81
np	411	84
np	412	84
np	413	83
np	414	83
np	415	89
np	416	92
np	417	91
np	418	91
np	419	91
np	420	90
np	421	86
np	422	86
np	423	84
np	424	84
np	425	83
np	426	88
np	427	88
np	428	86
np	429	86
np	430	85
np	431	87
np	432	86
np	433	86
np	434	87
np	435	82
np	436	82
np	437	82
np	438	81
np	439	81
np	440	81
np	441	81
np	442	82
np	443	80
np	444	81
np	445	81
np	446	83
np	447	83
np	448	85
np	449	84
np	450	84
np	451	85
np	452	86
np	453	86
np	454	87
np	455	87
np	456	87
np	457	87
np	458	87
np	459	87
np	460	87
np	461	87
np	462	87
np	463	87
np	464	89
np	465	89
np	466	89
np	467	91
np	468	91
np	469	92
np	470	91
np	471	91
np	472	91
np	473	91
np	474	94
np	475	94
np	476	93
np	477	93
np	478	92
np	479	90
np	480	90
np	481	90
np	482	93
np	483	91
np	484	95
np	485	95
np	486	97
np	487	97
np	488	96
np	489	101
np	490	101
np	491	101
np	492	101
np	493	99
np	494	106
np	495	105
np	496	103
np	497	103
np	498	103
np	499	103
np	500	103
np	501	102
np	502	103
np	503	103
np	504	102
np	505	101
np	506	99
np	507	99
np	508	99
np	509	99
np	510	98
np	511	97
np	512	97
np	513	98
np	514	95
np	515	95
np	516	95
np	517	97
np	518	97
np	519	97
np	520	97
np	521	93
np	522	94
np	523	93
np	524	93
np	525	96
np	526	95
np	527	96
np	528	96
np	529	96
np	530	97
np	531	96
np	532	96
np	533	91
np	534	91
np	535	90
np	536	91
np	537	91
np	538	91
np	539	99
np	540	98
np	541	100
np	542	100
np	543	100
np	544	101
np	545	101
np	546	101
np	547	100
np	548	64
np	549	65
np	550	60
np	551	61
np	552	61
np	553	59
np	554	59
np	555	61
np	556	63
np	557	63
np	558	63
np	559	63
np	560	62
np	561	65
np	562	65
np	563	65
np	564	65
np	565	63
np	566	63
np	567	63
np	568	62
np	569	61
np	570	58
np	571	58
np	572	58
np	573	57
np	574	57
np	575	57
np	576	57
np	577	57
np	578	57
np	579	56
np	580	56
np	581	56
np	582	56
np	583	56
np	584	56
np	585	56
np	586	56
np	587	54
np	588	54
np	589	58
np	590	59
np	591	58
np	592	61
np	593	61
np	594	61
np	595	62
np	596	62
np	597	62
np	598	61
np	599	63
np	600	63
np	601	63
np	602	61
np	603	59
np	604	60
np	605	60
np	606	60
np	607	60
np	608	60
np	609	57
np	610	57
np	611	59
np	612	59
np	613	59
np	614	55
np	615	54
np	616	54
np	617	54
np	618	54
np	619	52
np	620	50
np	621	49
np	622	46
np	623	46
np	624	46
np	625	46
np	626	49
np	627	50
np	628	50
np	629	50
np	630	50
np	631	50
np	632	50
np	633	49
np	634	48
np	635	47
np	636	42
np	637	42
np	638	42
np	639	42
np	640	45
np	641	45
np	642	45
np	643	45
np	644	43
np	645	42
np	646	42
np	647	42
np	648	42
np	649	43
np	650	43
np	651	43
np	652	43
np	653	41
np	654	41
np	655	41
np	656	41
np	657	41
np	658	40
np	659	40
np	660	40
np	661	40
np	662	40
np	663	41
np	664	41
np	665	41
np	666	41
np	667	41
np	668	41
np	669	39
np	670	39
np	671	39
np	672	38
np	673	37
np	674	37
np	675	34
np	676	34
np	677	34
np	678	34
np	679	37
np	680	37
np	681	37
np	682	37
np	683	37
np	684	29
np	685	29
np	686	29
np	687	29
np	688	29
np	689	29
np	690	29
np	691	31
np	692	31
np	693	31
np	694	31
np	695	26
np	696	26
np	697	26
np	698	26
np	699	25
np	700	25
np	701	25
np	702	25
np	703	26
np	704	26
np	705	26
np	706	25
np	707	25
np	708	25
np	709	25
np	710	24
np	711	25
np	712	25
np	713	25
np	714	25
np	715	24
np	716	24
np	717	24
np	718	23
np	719	23
np	720	23
np	721	23
np	722	23
np	723	23
np	724	2
np	725	28
np	726	26
np	727	26
np	728	27
np	729	27
np	730	27
np	731	27
np	732	27
np	733	28
np	734	29
np	735	29
np	736	29
np	737	29
np	738	29
np	739	29
np	740	29
np	741	28
np	742	28
np	743	29
np	744	29
np	745	29
np	746	29
np	747	27
np	748	30
np	749	30
np	750	30
np	751	29
np	752	29
np	753	30
np	754	30
np	755	30
np	756	30
np	757	34
np	758	33
np	759	33
np	760	33
np	761	33
np	762	29
np	763	32
np	764	32
np	765	32
np	766	32
np	767	32
np	768	31
np	769	31
np	770	31
np	771	31
np	772	29
np	773	29
np	774	29
np	775	38
np	776	38
np	777	38
np	778	39
np	779	39
np	780	39
np	781	39
np	782	39
np	783	39
np	784	39
np	785	39
np	786	39
np	787	40
np	788	39
np	789	38
np	790	38
np	791	38
np	792	38
np	793	38
np	794	38
np	795	38
np	796	39
np	797	39
np	798	39
np	799	39
np	800	39
np	801	42
np	802	44
np	803	44
np	804	44
np	805	46
np	806	46
np	807	46
np	808	46
np	809	46
np	810	46
np	811	45
np	812	45
np	813	45
np	814	45
np	815	45
np	816	45
np	817	45
np	818	46
np	819	46
np	820	44
np	821	44
np	822	44
np	823	46
np	824	46
np	825	46
np	826	47
np	827	46
np	828	47
np	829	47
np	830	47
np	831	46
np	832	46
np	833	46
np	834	46
np	835	46
np	836	44
np	837	44
np	838	43
np	839	44
np	840	44
np	841	42
np	842	42
np	843	44
np	844	42
np	845	43
np	846	43
np	847	42
np	848	44
np	849	45
np	850	45
np	851	45
np	852	45
np	853	47
np	854	47
np	855	47
np	856	49
np	857	48
np	858	48
np	859	48
np	860	49
np	861	49
np	862	49
np	863	48
np	864	49
np	865	47
np	866	47
np	867	47
np	868	45
np	869	46
np	870	46
np	871	48
np	872	48
np	873	48
np	874	48
np	875	50
np	876	47
np	877	47
np	878	47
np	879	47
np	880	47
np	881	47
np	882	47
np	883	47
np	884	49
np	885	49
np	886	49
np	887	50
np	888	50
np	889	50
np	890	51
np	891	50
np	892	50
np	893	49
np	894	49
np	895	55
np	896	55
np	897	55
np	898	56
np	899	56
np	900	59
np	901	59
np	902	60
np	903	59
np	904	57
np	905	59
np	906	59
np	907	62
np	908	62
np	909	60
np	910	60
np	911	59
np	912	59
np	913	59
np	914	58
np	915	60
np	916	58
np	917	57
np	918	56
np	919	58
np	920	58
np	921	57
np	922	56
np	923	56
np	924	54
np	925	55
np	926	55
np	927	55
np	928	56
np	929	56
np	930	56
np	931	56
np	932	55
np	933	56
np	934	56
np	935	56
np	936	56
np	937	57
np	938	57
np	939	59
np	940	59
np	941	59
np	942	56
np	943	55
np	944	57
np	945	58
np	946	58
np	947	58
np	948	57
np	949	58
np	950	59
np	951	60
np	952	59
np	953	56
np	954	56
np	955	56
np	956	55
np	957	55
np	958	55
np	959	55
np	960	55
np	961	55
np	962	56
np	963	58
np	964	58
np	965	58
np	966	58
np	967	58
np	968	58
np	969	58
np	970	58
np	971	58
np	972	58
np	973	54
np	974	54
np	975	53
np	976	53
np	977	53
np	978	53
np	979	56
np	980	56
np	981	56
np	982	56
np	983	56
np	984	55
np	985	53
np	986	53
np	987	49
np	988	50
np	989	51
np	990	51
np	991	51
np	992	51
np	993	44
np	994	45
np	995	45
np	996	45
np	997	45
np	998	43
np	999	39
np	1000	39
np	1001	39
np	1002	39
np	1003	39
np	1004	39
np	1005	39
np	1006	40
np	1007	40
np	1008	40
np	1009	41
np	1010	41
np	1011	41
np	1012	41
np	1013	40
np	1014	37
np	1015	37
np	1016	37
np	1017	37
np	1018	37
np	1019	37
np	1020	37
np	1021	37
np	1022	37
np	1023	37
np	1024	36
np	1025	36
np	1026	33
np	1027	33
np	1028	36
np	1029	38
np	1030	39
np	1031	36
np	1032	43
np	1033	43
np	1034	47
np	1035	47
np	1036	48
np	1037	48
np	1038	44
np	1039	44
np	1040	43
np	1041	43
np	1042	43
np	1043	43
np	1044	36
np	1045	36
np	1046	36
np	1047	36
np	1048	36
np	1049	36
np	1050	36
np	1051	36
np	1052	36
np	1053	36
np	1054	41
np	1055	41
np	1056	41
np	1057	41
np	1058	41
np	1059	41
np	1060	41
np	1061	41
np	1062	41
np	1063	44
np	1064	48
np	1065	47
np	1066	47
np	1067	47
np	1068	46
np	1069	48
np	1070	48
np	1071	49
np	1072	49
np	1073	47
np	1074	45
np	1075	46
np	1076	46
np	1077	46
np	1078	46
np	1079	46
np	1080	45
np	1081	47
np	1082	49
np	1083	49
np	1084	49
np	1085	49
np	1086	49
np	1087	48
np	1088	48
np	1089	49
np	1090	49
np	1091	49
np	1092	47
np	1093	54
np	1094	54
np	1095	54
np	1096	54
np	1097	57
np	1098	57
np	1099	57
np	1100	54
np	1101	53
np	1102	52
np	1103	52
np	1104	52
np	1105	55
np	1106	56
np	1107	56
np	1108	56
np	1109	58
np	1110	58
np	1111	59
np	1112	58
np	1113	59
np	1114	59
np	1115	59
np	1116	59
np	1117	61
np	1118	62
np	1119	62
np	1120	62
np	1121	63
np	1122	64
np	1123	64
np	1124	68
np	1125	69
np	1126	65
np	1127	65
np	1128	65
np	1129	66
np	1130	66
np	1131	64
np	1132	64
np	1133	65
np	1134	65
np	1135	66
np	1136	64
np	1137	65
np	1138	65
np	1139	66
np	1140	65
np	1141	64
np	1142	64
np	1143	66
np	1144	67
np	1145	68
np	1146	68
np	1147	68
np	1148	68
np	1149	68
np	1150	67
np	1151	65
np	1152	62
np	1153	64
np	1154	64
np	1155	67
np	1156	67
np	1157	67
np	1158	68
np	1159	68
np	1160	67
np	1161	67
np	1162	67
np	1163	68
np	1164	64
np	1165	63
np	1166	63
np	1167	63
np	1168	63
np	1169	62
np	1170	65
np	1171	65
np	1172	66
np	1173	66
np	1174	66
np	1175	66
np	1176	67
np	1177	67
np	1178	75
np	1179	75
np	1180	78
np	1181	75
np	1182	75
np	1183	76
np	1184	77
np	1185	77
np	1186	75
np	1187	74
np	1188	79
np	1189	79
np	1190	81
np	1191	83
np	1192	83
np	1193	84
np	1194	85
np	1195	85
np	1196	89
np	1197	97
np	1198	97
np	1199	96
np	1200	95
np	1201	95
np	1202	95
np	1203	95
np	1204	96
np	1205	97
np	1206	93
np	1207	93
np	1208	93
np	1209	93
np	1210	93
np	1211	92
np	1212	93
np	1213	94
np	1214	95
np	1215	95
np	1216	94
np	1217	94
np	1218	94
np	1219	91
np	1220	89
np	1221	88
np	1222	88
np	1223	91
np	1224	91
np	1225	91
np	1226	90
np	1227	90
np	1228	89
np	1229	91
np	1230	91
np	1231	91
np	1232	91
np	1233	91
np	1234	93
np	1235	93
np	1236	97
np	1237	97
np	1238	96
np	1239	96
np	1240	96
np	1241	96
np	1242	96
np	1243	94
np	1244	96
np	1245	94
np	1246	94
np	1247	91
np	1248	91
np	1249	91
np	1250	91
np	1251	90
np	1252	91
np	1253	91
np	1254	88
np	1255	90
np	1256	89
np	1257	92
np	1258	92
np	1259	92
np	1260	91
np	1261	92
np	1262	96
np	1263	97
np	1264	95
np	1265	99
np	1266	99
np	1267	99
np	1268	99
np	1269	99
np	1270	99
np	1271	92
np	1272	95
np	1273	95
np	1274	92
np	1275	94
np	1276	93
np	1277	94
np	1278	94
np	1279	94
np	1280	97
np	1281	95
np	1282	88
np	1283	90
np	1284	85
np	1285	85
np	1286	85
np	1287	85
np	1288	85
np	1289	82
np	1290	82
np	1291	81
np	1292	81
np	1293	81
np	1294	69
np	1295	67
np	1296	67
np	1297	67
np	1298	67
np	1299	67
np	1300	64
np	1301	64
np	1302	65
np	1303	65
np	1304	66
np	1305	67
np	1306	67
np	1307	67
np	1308	66
np	1309	65
np	1310	65
np	1311	61
np	1312	61
np	1313	61
np	1314	60
np	1315	60
np	1316	62
np	1317	62
np	1318	62
np	1319	62
np	1320	61
np	1321	62
np	1322	62
np	1323	62
np	1324	61
np	1325	61
np	1326	58
np	1327	58
np	1328	55
np	1329	55
np	1330	55
np	1331	53
np	1332	52
np	1333	52
np	1334	51
np	1335	51
np	1336	53
np	1337	53
np	1338	53
np	1339	52
np	1340	52
np	1341	52
np	1342	52
np	1343	53
np	1344	51
np	1345	51
np	1346	50
np	1347	50
np	1348	50
np	1349	50
np	1350	47
np	1351	43
np	1352	43
np	1353	42
np	1354	45
np	1355	46
np	1356	44
np	1357	44
np	1358	44
np	1359	44
np	1360	44
np	1361	43
np	1362	43
np	1363	42
np	1364	39
np	1365	39
np	1366	39
np	1367	41
np	1368	41
np	1369	41
np	1370	41
np	1371	38
np	1372	39
np	1373	37
np	1374	41
np	1375	40
np	1376	42
np	1377	40
np	1378	42
np	1379	42
np	1380	42
np	1381	41
np	1382	41
np	1383	38
np	1384	38
np	1385	35
np	1386	36
np	1387	37
np	1388	37
np	1389	37
np	1390	39
np	1391	38
np	1392	38
np	1393	38
np	1394	38
np	1395	38
np	1396	38
np	1397	38
np	1398	38
np	1399	38
np	1400	38
np	1401	40
np	1402	42
np	1403	44
np	1404	44
np	1405	44
np	1406	44
np	1407	43
np	1408	43
np	1409	44
np	1410	45
np	1411	46
np	1412	47
np	1413	46
np	1414	46
np	1415	47
np	1416	45
np	1417	45
np	1418	45
np	1419	45
np	1420	45
np	1421	43
np	1422	43
np	1423	42
np	1424	43
np	1425	43
np	1426	41
np	1427	41
np	1428	41
np	1429	41
np	1430	41
np	1431	41
np	1432	41
np	1433	41
np	1434	42
np	1435	42
np	1436	42
np	1437	42
np	1438	42
np	1439	41
np	1440	41
np	1441	39
np	1442	39
np	1443	41
np	1444	41
np	1445	41
np	1446	41
np	1447	41
np	1448	41
np	1449	41
np	1450	41
np	1451	41
np	1452	40
np	1453	40
np	1454	40
np	1455	40
np	1456	39
np	1457	39
np	1458	39
np	1459	37
np	1460	37
np	1461	37
np	1462	37
np	1463	37
np	1464	37
np	1465	37
np	1466	37
np	1467	39
np	1468	39
np	1469	39
np	1470	40
np	1471	38
np	1472	38
np	1473	38
np	1474	38
np	1475	38
np	1476	39
np	1477	39
np	1478	40
np	1479	40
np	1480	40
np	1481	40
np	1482	40
np	1483	40
np	1484	40
np	1485	40
np	1486	39
np	1487	35
np	1488	35
np	1489	35
np	1490	37
np	1491	37
np	1492	37
np	1493	37
np	1494	38
np	1495	38
np	1496	38
np	1497	37
np	1498	39
np	1499	39
np	1500	39
np	1501	43
np	1502	41
np	1503	41
np	1504	41
np	1505	41
np	1506	41
np	1507	39
np	1508	38
np	1509	38
np	1510	38
np	1511	38
np	1512	38
np	1513	38
np	1514	38
np	1515	38
np	1516	38
np	1517	36
np	1518	36
np	1519	36
np	1520	36
np	1521	36
np	1522	36
np	1523	36
np	1524	36
np	1525	35
np	1526	35
np	1527	33
np	1528	33
np	1529	21
np	1530	21
np	1531	21
np	1532	21
np	1533	21
np	1534	21
np	1535	21
np	1536	21
np	1537	15
np	1538	15
np	1539	15
np	1540	15
np	1541	15
np	1542	15
np	1543	15
np	1544	15
np	1545	13
np	1546	13
np	1547	13
np	1548	13
np	1549	12
np	1550	12
np	1551	12
np	1552	12
np	1553	12
np	1554	12
np	1555	12
np	1556	10
np	1557	10
np	1558	8
np	1559	8
np	1560	8
np	1561	6
np	1562	6
np	1563	6
np	1564	6
np	1565	4
pb1	1	453
pb1	2	503
pb1	3	509
pb1	4	510
pb1	5	532
pb1	6	532
pb1	7	535
pb1	8	535
pb1	9	549
pb1	10	553
pb1	11	566
pb1	12	570
pb1	13	577
pb1	14	578
pb1	15	590
pb1	16	594
pb1	17	654
pb1	18	660
pb1	19	673
pb1	20	692
pb1	21	695
pb1	22	700
pb1	23	720
pb1	24	723
pb1	25	726
pb1	26	727
pb1	27	731
pb1	28	748
pb1	29	776
pb1	30	783
pb1	31	784
pb1	32	784
pb1	33	800
pb1	34	803
pb1	35	809
pb1	36	811
pb1	37	813
pb1	38	817
pb1	39	826
pb1	40	850
pb1	41	853
pb1	42	858
pb1	43	876
pb1	44	876
pb1	45	884
pb1	46	888
pb1	47	888
pb1	48	896
pb1	49	899
pb1	50	965
pb1	51	965
pb1	52	965
pb1	53	967
pb1	54	968
pb1	55	971
pb1	56	972
pb1	57	971
pb1	58	981
pb1	59	975
pb1	60	979
pb1	61	979
pb1	62	978
pb1	63	977
pb1	64	996
pb1	65	1004
pb1	66	1004
pb1	67	1006
pb1	68	1003
pb1	69	1004
pb1	70	1004
pb1	71	1029
pb1	72	1034
pb1	73	1049
pb1	74	1070
pb1	75	1077
pb1	76	1076
pb1	77	1081
pb1	78	1143
pb1	79	1145
pb1	80	1179
pb1	81	1175
pb1	82	1181
pb1	83	1203
pb1	84	1188
pb1	85	1193
pb1	86	1204
pb1	87	1190
pb1	88	1226
pb1	89	1207
pb1	90	1373
pb1	91	1373
pb1	92	1374
pb1	93	1376
pb1	94	1375
pb1	95	1406
pb1	96	1434
pb1	97	1415
pb1	98	1427
pb1	99	1318
pb1	100	1328
pb1	101	1333
pb1	102	1336
pb1	103	1333
pb1	104	1327
pb1	105	1325
pb1	106	1367
pb1	107	1360
pb1	108	1354
pb1	109	1415
pb1	110	1404
pb1	111	1415
pb1	112	1414
pb1	113	1402
pb1	114	1403
pb1	115	1354
pb1	116	1402
pb1	117	1412
pb1	118	1381
pb1	119	1386
pb1	120	1382
pb1	121	1382
pb1	122	1442
pb1	123	1439
pb1	124	1438
pb1	125	1418
pb1	126	1387
pb1	127	1403
pb1	128	1417
pb1	129	1430
pb1	130	1427
pb1	131	1454
pb1	132	1412
pb1	133	1501
pb1	134	1531
pb1	135	1544
pb1	136	1529
pb1	137	1511
pb1	138	1533
pb1	139	1543
pb1	140	1580
pb1	141	1510
pb1	142	1481
pb1	143	1456
pb1	144	1455
pb1	145	1459
pb1	146	1448
pb1	147	1450
pb1	148	1400
pb1	149	1406
pb1	150	1376
pb1	151	1377
pb1	152	1367
pb1	153	1382
pb1	154	1379
pb1	155	1390
pb1	156	1389
pb1	157	1369
pb1	158	1388
pb1	159	1336
pb1	160	1326
pb1	161	1335
pb1	162	1287
pb1	163	1370
pb1	164	1372
pb1	165	1420
pb1	166	1418
pb1	167	1388
pb1	168	1393
pb1	169	1389
pb1	170	1425
pb1	171	1431
pb1	172	1357
pb1	173	1355
pb1	174	1313
pb1	175	1322
pb1	176	1331
pb1	177	1322
pb1	178	1322
pb1	179	1287
pb1	180	1297
pb1	181	1303
pb1	182	1317
pb1	183	1314
pb1	184	1288
pb1	185	1281
pb1	186	1283
pb1	187	1281
pb1	188	1268
pb1	189	1266
pb1	190	1249
pb1	191	1261
pb1	192	1248
pb1	193	1245
pb1	194	1250
pb1	195	1243
pb1	196	1242
pb1	197	1234
pb1	198	1256
pb1	199	1244
pb1	200	1244
pb1	201	1221
pb1	202	1219
pb1	203	1199
pb1	204	1198
pb1	205	1180
pb1	206	1177
pb1	207	1159
pb1	208	1153
pb1	209	1152
pb1	210	1144
pb1	211	1146
pb1	212	1144
pb1	213	1116
pb1	214	1134
pb1	215	1118
pb1	216	1111
pb1	217	1116
pb1	218	1086
pb1	219	1089
pb1	220	1088
pb1	221	1081
pb1	222	1081
pb1	223	975
pb1	224	1000
pb1	225	1001
pb1	226	987
pb1	227	987
pb1	228	977
pb1	229	977
pb1	230	974
pb1	231	964
pb1	232	965
pb1	233	915
pb1	234	911
pb1	235	906
pb1	236	900
pb1	237	899
pb1	238	891
pb1	239	888
pb1	240	868
pb1	241	888
pb1	242	883
pb1	243	895
pb1	244	928
pb1	245	900
pb1	246	865
pb1	247	871
pb1	248	863
pb1	249	865
pb1	250	859
pb1	251	845
pb1	252	838
pb1	253	794
pb1	254	789
pb1	255	791
pb1	256	789
pb1	257	776
pb1	258	768
pb1	259	772
pb1	260	764
pb1	261	748
pb1	262	742
pb1	263	753
pb1	264	761
pb1	265	758
pb1	266	785
pb1	267	783
pb1	268	779
pb1	269	792
pb1	270	810
pb1	271	824
pb1	272	829
pb1	273	828
pb1	274	844
pb1	275	803
pb1	276	822
pb1	277	819
pb1	278	820
pb1	279	767
pb1	280	769
pb1	281	747
pb1	282	747
pb1	283	723
pb1	284	713
pb1	285	703
pb1	286	701
pb1	287	699
pb1	288	707
pb1	289	695
pb1	290	692
pb1	291	694
pb1	292	698
pb1	293	700
pb1	294	710
pb1	295	712
pb1	296	717
pb1	297	713
pb1	298	718
pb1	299	717
pb1	300	722
pb1	301	725
pb1	302	719
pb1	303	714
pb1	304	712
pb1	305	794
pb1	306	804
pb1	307	802
pb1	308	801
pb1	309	789
pb1	310	791
pb1	311	791
pb1	312	795
pb1	313	803
pb1	314	754
pb1	315	773
pb1	316	772
pb1	317	797
pb1	318	801
pb1	319	817
pb1	320	830
pb1	321	837
pb1	322	841
pb1	323	840
pb1	324	805
pb1	325	817
pb1	326	819
pb1	327	824
pb1	328	831
pb1	329	818
pb1	330	826
pb1	331	820
pb1	332	838
pb1	333	841
pb1	334	843
pb1	335	841
pb1	336	838
pb1	337	833
pb1	338	828
pb1	339	859
pb1	340	856
pb1	341	863
pb1	342	856
pb1	343	859
pb1	344	878
pb1	345	879
pb1	346	881
pb1	347	882
pb1	348	871
pb1	349	870
pb1	350	873
pb1	351	873
pb1	352	873
pb1	353	868
pb1	354	878
pb1	355	876
pb1	356	874
pb1	357	883
pb1	358	888
pb1	359	888
pb1	360	885
pb1	361	885
pb1	362	882
pb1	363	894
pb1	364	903
pb1	365	898
pb1	366	896
pb1	367	906
pb1	368	900
pb1	369	925
pb1	370	933
pb1	371	950
pb1	372	949
pb1	373	945
pb1	374	941
pb1	375	941
pb1	376	951
pb1	377	953
pb1	378	921
pb1	379	921
pb1	380	892
pb1	381	904
pb1	382	906
pb1	383	900
pb1	384	901
pb1	385	895
pb1	386	921
pb1	387	920
pb1	388	920
pb1	389	917
pb1	390	928
pb1	391	924
pb1	392	920
pb1	393	920
pb1	394	915
pb1	395	867
pb1	396	871
pb1	397	878
pb1	398	883
pb1	399	881
pb1	400	881
pb1	401	880
pb1	402	880
pb1	403	879
pb1	404	880
pb1	405	896
pb1	406	961
pb1	407	990
pb1	408	988
pb1	409	978
pb1	410	981
pb1	411	996
pb1	412	1002
pb1	413	1018
pb1	414	985
pb1	415	924
pb1	416	915
pb1	417	904
pb1	418	907
pb1	419	906
pb1	420	868
pb1	421	874
pb1	422	860
pb1	423	896
pb1	424	908
pb1	425	919
pb1	426	915
pb1	427	907
pb1	428	907
pb1	429	912
pb1	430	899
pb1	431	898
pb1	432	900
pb1	433	887
pb1	434	883
pb1	435	875
pb1	436	876
pb1	437	874
pb1	438	879
pb1	439	887
pb1	440	894
pb1	441	893
pb1	442	899
pb1	443	915
pb1	444	910
pb1	445	908
pb1	446	907
pb1	447	897
pb1	448	910
pb1	449	910
pb1	450	907
pb1	451	909
pb1	452	896
pb1	453	954
pb1	454	954
pb1	455	935
pb1	456	930
pb1	457	922
pb1	458	1094
pb1	459	1110
pb1	460	1115
pb1	461	1307
pb1	462	1260
pb1	463	1294
pb1	464	1296
pb1	465	1293
pb1	466	1293
pb1	467	1174
pb1	468	1185
pb1	469	1191
pb1	470	1115
pb1	471	1140
pb1	472	1133
pb1	473	1134
pb1	474	1135
pb1	475	1136
pb1	476	1168
pb1	477	1170
pb1	478	1167
pb1	479	1171
pb1	480	1174
pb1	481	1173
pb1	482	1172
pb1	483	1179
pb1	484	1161
pb1	485	1237
pb1	486	1237
pb1	487	1248
pb1	488	1247
pb1	489	1241
pb1	490	1232
pb1	491	1237
pb1	492	1230
pb1	493	1241
pb1	494	1229
pb1	495	1230
pb1	496	1227
pb1	497	1234
pb1	498	1239
pb1	499	1271
pb1	500	1272
pb1	501	1275
pb1	502	1280
pb1	503	1273
pb1	504	1278
pb1	505	1277
pb1	506	1279
pb1	507	1281
pb1	508	1257
pb1	509	1346
pb1	510	1353
pb1	511	1405
pb1	512	1408
pb1	513	1411
pb1	514	1423
pb1	515	1426
pb1	516	1419
pb1	517	1423
pb1	518	1322
pb1	519	1323
pb1	520	1288
pb1	521	1293
pb1	522	1371
pb1	523	1380
pb1	524	1380
pb1	525	1387
pb1	526	1382
pb1	527	1394
pb1	528	1407
pb1	529	1446
pb1	530	1439
pb1	531	1399
pb1	532	1452
pb1	533	1453
pb1	534	1490
pb1	535	1499
pb1	536	1482
pb1	537	1485
pb1	538	1494
pb1	539	1519
pb1	540	1535
pb1	541	1502
pb1	542	1517
pb1	543	1512
pb1	544	1525
pb1	545	1529
pb1	546	1584
pb1	547	1597
pb1	548	1587
pb1	549	1575
pb1	550	1562
pb1	551	1551
pb1	552	1550
pb1	553	1572
pb1	554	1593
pb1	555	1533
pb1	556	1523
pb1	557	1519
pb1	558	1517
pb1	559	1524
pb1	560	1523
pb1	561	1537
pb1	562	1550
pb1	563	1546
pb1	564	1555
pb1	565	1545
pb1	566	1587
pb1	567	1596
pb1	568	1590
pb1	569	1594
pb1	570	1568
pb1	571	1567
pb1	572	1576
pb1	573	1569
pb1	574	1599
pb1	575	1570
pb1	576	1606
pb1	577	1618
pb1	578	1646
pb1	579	1653
pb1	580	1654
pb1	581	1641
pb1	582	1663
pb1	583	1655
pb1	584	1664
pb1	585	1655
pb1	586	1657
pb1	587	1668
pb1	588	1686
pb1	589	1688
pb1	590	1696
pb1	591	1691
pb1	592	1687
pb1	593	1788
pb1	594	1775
pb1	595	1828
pb1	596	1818
pb1	597	1801
pb1	598	1798
pb1	599	1815
pb1	600	1841
pb1	601	1844
pb1	602	1783
pb1	603	1790
pb1	604	1747
pb1	605	1750
pb1	606	1744
pb1	607	1739
pb1	608	1725
pb1	609	1689
pb1	610	1683
pb1	611	1666
pb1	612	1649
pb1	613	1640
pb1	614	1638
pb1	615	1650
pb1	616	1654
pb1	617	1653
pb1	618	1647
pb1	619	1644
pb1	620	1652
pb1	621	1646
pb1	622	1647
pb1	623	1642
pb1	624	1638
pb1	625	1634
pb1	626	1676
pb1	627	1676
pb1	628	1684
pb1	629	1679
pb1	630	1685
pb1	631	1675
pb1	632	1739
pb1	633	1749
pb1	634	1742
pb1	635	1729
pb1	636	1696
pb1	637	1703
pb1	638	1703
pb1	639	1686
pb1	640	1695
pb1	641	1591
pb1	642	1587
pb1	643	1571
pb1	644	1531
pb1	645	1543
pb1	646	1543
pb1	647	1533
pb1	648	1536
pb1	649	1530
pb1	650	1526
pb1	651	1514
pb1	652	1515
pb1	653	1497
pb1	654	1490
pb1	655	1484
pb1	656	1518
pb1	657	1502
pb1	658	1500
pb1	659	1461
pb1	660	1483
pb1	661	1484
pb1	662	1475
pb1	663	1487
pb1	664	1473
pb1	665	1440
pb1	666	1447
pb1	667	1429
pb1	668	1429
pb1	669	1402
pb1	670	1378
pb1	671	1376
pb1	672	1343
pb1	673	1342
pb1	674	1388
pb1	675	1437
pb1	676	1443
pb1	677	1458
pb1	678	1446
pb1	679	1446
pb1	680	1452
pb1	681	1440
pb1	682	1419
pb1	683	1394
pb1	684	1266
pb1	685	1268
pb1	686	1306
pb1	687	1295
pb1	688	1306
pb1	689	1289
pb1	690	1295
pb1	691	1303
pb1	692	1321
pb1	693	1309
pb1	694	1306
pb1	695	1240
pb1	696	1324
pb1	697	1314
pb1	698	1324
pb1	699	1320
pb1	700	1280
pb1	701	1292
pb1	702	1226
pb1	703	1222
pb1	704	1227
pb1	705	1154
pb1	706	1155
pb1	707	1152
pb1	708	1153
pb1	709	1157
pb1	710	1148
pb1	711	1146
pb1	712	1149
pb1	713	1135
pb1	714	1106
pb1	715	1114
pb1	716	1107
pb1	717	1105
pb1	718	1114
pb1	719	1114
pb1	720	1110
pb1	721	1102
pb1	722	1088
pb1	723	1079
pb1	724	1078
pb1	725	1078
pb1	726	1078
pb1	727	1070
pb1	728	1075
pb1	729	1084
pb1	730	1095
pb1	731	1094
pb1	732	1100
pb1	733	1093
pb1	734	1092
pb1	735	1095
pb1	736	1073
pb1	737	1073
pb1	738	1050
pb1	739	1043
pb1	740	1042
pb1	741	1032
pb1	742	1029
pb1	743	1027
pb1	744	1027
pb1	745	1033
pb1	746	1045
pb1	747	1044
pb1	748	1047
pb1	749	1050
pb1	750	1032
pb1	751	1035
pb1	752	1055
pb1	753	1045
pb1	754	1047
pb1	755	1003
pb1	756	999
pb1	757	1009
pb1	758	1015
pb1	759	1018
pb1	760	1028
pb1	761	1009
pb1	762	1014
pb1	763	1009
pb1	764	1005
pb1	765	1069
pb1	766	1067
pb1	767	1071
pb1	768	1059
pb1	769	1030
pb1	770	1038
pb1	771	1028
pb1	772	1036
pb1	773	1034
pb1	774	961
pb1	775	1034
pb1	776	1040
pb1	777	1046
pb1	778	1063
pb1	779	1054
pb1	780	1058
pb1	781	1049
pb1	782	1043
pb1	783	1039
pb1	784	945
pb1	785	944
pb1	786	930
pb1	787	933
pb1	788	935
pb1	789	935
pb1	790	933
pb1	791	934
pb1	792	931
pb1	793	937
pb1	794	953
pb1	795	947
pb1	796	951
pb1	797	932
pb1	798	965
pb1	799	968
pb1	800	973
pb1	801	977
pb1	802	981
pb1	803	962
pb1	804	984
pb1	805	972
pb1	806	974
pb1	807	936
pb1	808	934
pb1	809	943
pb1	810	937
pb1	811	933
pb1	812	966
pb1	813	953
pb1	814	953
pb1	815	949
pb1	816	945
pb1	817	951
pb1	818	950
pb1	819	943
pb1	820	947
pb1	821	934
pb1	822	926
pb1	823	933
pb1	824	926
pb1	825	920
pb1	826	921
pb1	827	960
pb1	828	980
pb1	829	977
pb1	830	976
pb1	831	979
pb1	832	983
pb1	833	985
pb1	834	983
pb1	835	978
pb1	836	933
pb1	837	945
pb1	838	936
pb1	839	962
pb1	840	966
pb1	841	979
pb1	842	974
pb1	843	972
pb1	844	978
pb1	845	1005
pb1	846	976
pb1	847	978
pb1	848	981
pb1	849	1033
pb1	850	1052
pb1	851	1063
pb1	852	1069
pb1	853	1077
pb1	854	1058
pb1	855	1066
pb1	856	1073
pb1	857	1063
pb1	858	1052
pb1	859	1023
pb1	860	1034
pb1	861	1044
pb1	862	1034
pb1	863	1038
pb1	864	1034
pb1	865	1051
pb1	866	1051
pb1	867	1048
pb1	868	1041
pb1	869	1037
pb1	870	1039
pb1	871	1042
pb1	872	1041
pb1	873	1037
pb1	874	1031
pb1	875	1030
pb1	876	1036
pb1	877	1037
pb1	878	1037
pb1	879	1022
pb1	880	1024
pb1	881	1019
pb1	882	1023
pb1	883	1019
pb1	884	1030
pb1	885	1026
pb1	886	1019
pb1	887	1019
pb1	888	1033
pb1	889	1039
pb1	890	1047
pb1	891	1048
pb1	892	1049
pb1	893	1032
pb1	894	1043
pb1	895	1038
pb1	896	1050
pb1	897	1043
pb1	898	1048
pb1	899	1060
pb1	900	1072
pb1	901	1082
pb1	902	1117
pb1	903	1123
pb1	904	1173
pb1	905	1176
pb1	906	1196
pb1	907	1199
pb1	908	1357
pb1	909	1341
pb1	910	1355
pb1	911	1353
pb1	912	1317
pb1	913	1338
pb1	914	1311
pb1	915	1307
pb1	916	1284
pb1	917	1233
pb1	918	1279
pb1	919	1278
pb1	920	1328
pb1	921	1331
pb1	922	1314
pb1	923	1314
pb1	924	1324
pb1	925	1304
pb1	926	1348
pb1	927	1317
pb1	928	1321
pb1	929	1355
pb1	930	1358
pb1	931	1386
pb1	932	1396
pb1	933	1392
pb1	934	1410
pb1	935	1399
pb1	936	1459
pb1	937	1454
pb1	938	1429
pb1	939	1431
pb1	940	1409
pb1	941	1413
pb1	942	1451
pb1	943	1448
pb1	944	1448
pb1	945	1409
pb1	946	1408
pb1	947	1421
pb1	948	1426
pb1	949	1427
pb1	950	1417
pb1	951	1432
pb1	952	1422
pb1	953	1420
pb1	954	1416
pb1	955	1412
pb1	956	1401
pb1	957	1412
pb1	958	1409
pb1	959	1413
pb1	960	1404
pb1	961	1401
pb1	962	1396
pb1	963	1396
pb1	964	1392
pb1	965	1391
pb1	966	1378
pb1	967	1381
pb1	968	1372
pb1	969	1369
pb1	970	1369
pb1	971	1371
pb1	972	1370
pb1	973	1370
pb1	974	1366
pb1	975	1387
pb1	976	1378
pb1	977	1374
pb1	978	1372
pb1	979	1366
pb1	980	1368
pb1	981	1379
pb1	982	1379
pb1	983	1377
pb1	984	1351
pb1	985	1351
pb1	986	1374
pb1	987	1425
pb1	988	1450
pb1	989	1459
pb1	990	1444
pb1	991	1443
pb1	992	1452
pb1	993	1474
pb1	994	1474
pb1	995	1408
pb1	996	1463
pb1	997	1329
pb1	998	1333
pb1	999	1321
pb1	1000	1327
pb1	1001	1335
pb1	1002	1282
pb1	1003	1275
pb1	1004	1271
pb1	1005	1216
pb1	1006	1214
pb1	1007	1203
pb1	1008	1206
pb1	1009	1191
pb1	1010	1169
pb1	1011	1156
pb1	1012	1169
pb1	1013	1166
pb1	1014	1151
pb1	1015	1171
pb1	1016	1169
pb1	1017	1170
pb1	1018	1169
pb1	1019	1159
pb1	1020	1238
pb1	1021	1216
pb1	1022	1219
pb1	1023	1220
pb1	1024	1211
pb1	1025	1221
pb1	1026	1221
pb1	1027	1213
pb1	1028	1203
pb1	1029	1121
pb1	1030	1191
pb1	1031	1187
pb1	1032	1197
pb1	1033	1196
pb1	1034	1181
pb1	1035	1184
pb1	1036	1182
pb1	1037	1240
pb1	1038	1232
pb1	1039	1156
pb1	1040	1151
pb1	1041	1117
pb1	1042	1130
pb1	1043	1179
pb1	1044	1178
pb1	1045	1232
pb1	1046	1250
pb1	1047	1244
pb1	1048	1265
pb1	1049	1262
pb1	1050	1254
pb1	1051	1253
pb1	1052	1188
pb1	1053	1179
pb1	1054	1105
pb1	1055	1058
pb1	1056	1059
pb1	1057	1047
pb1	1058	1033
pb1	1059	1037
pb1	1060	1042
pb1	1061	1047
pb1	1062	1047
pb1	1063	1040
pb1	1064	1049
pb1	1065	1054
pb1	1066	1066
pb1	1067	1075
pb1	1068	1070
pb1	1069	1068
pb1	1070	1063
pb1	1071	1061
pb1	1072	1058
pb1	1073	1063
pb1	1074	1087
pb1	1075	1083
pb1	1076	1089
pb1	1077	1113
pb1	1078	1125
pb1	1079	1127
pb1	1080	1122
pb1	1081	1118
pb1	1082	1108
pb1	1083	1068
pb1	1084	1099
pb1	1085	1109
pb1	1086	1119
pb1	1087	1102
pb1	1088	1104
pb1	1089	1103
pb1	1090	1106
pb1	1091	1109
pb1	1092	1122
pb1	1093	1081
pb1	1094	1075
pb1	1095	1064
pb1	1096	1070
pb1	1097	1067
pb1	1098	1067
pb1	1099	1061
pb1	1100	1064
pb1	1101	1040
pb1	1102	1035
pb1	1103	1033
pb1	1104	1040
pb1	1105	1031
pb1	1106	1034
pb1	1107	1010
pb1	1108	1008
pb1	1109	992
pb1	1110	989
pb1	1111	1001
pb1	1112	1001
pb1	1113	1005
pb1	1114	971
pb1	1115	947
pb1	1116	946
pb1	1117	952
pb1	1118	953
pb1	1119	949
pb1	1120	934
pb1	1121	966
pb1	1122	923
pb1	1123	935
pb1	1124	936
pb1	1125	932
pb1	1126	930
pb1	1127	925
pb1	1128	920
pb1	1129	920
pb1	1130	858
pb1	1131	806
pb1	1132	808
pb1	1133	813
pb1	1134	813
pb1	1135	819
pb1	1136	814
pb1	1137	806
pb1	1138	802
pb1	1139	791
pb1	1140	789
pb1	1141	773
pb1	1142	762
pb1	1143	766
pb1	1144	762
pb1	1145	761
pb1	1146	760
pb1	1147	749
pb1	1148	730
pb1	1149	732
pb1	1150	713
pb1	1151	708
pb1	1152	687
pb1	1153	702
pb1	1154	702
pb1	1155	719
pb1	1156	706
pb1	1157	700
pb1	1158	682
pb1	1159	690
pb1	1160	687
pb1	1161	685
pb1	1162	672
pb1	1163	615
pb1	1164	625
pb1	1165	588
pb1	1166	600
pb1	1167	613
pb1	1168	598
pb1	1169	599
pb1	1170	594
pb1	1171	585
pb1	1172	578
pb1	1173	591
pb1	1174	590
pb1	1175	594
pb1	1176	593
pb1	1177	597
pb1	1178	598
pb1	1179	594
pb1	1180	590
pb1	1181	579
pb1	1182	577
pb1	1183	574
pb1	1184	572
pb1	1185	571
pb1	1186	555
pb1	1187	536
pb1	1188	532
pb1	1189	533
pb1	1190	534
pb1	1191	536
pb1	1192	539
pb1	1193	538
pb1	1194	529
pb1	1195	524
pb1	1196	561
pb1	1197	594
pb1	1198	590
pb1	1199	588
pb1	1200	591
pb1	1201	594
pb1	1202	624
pb1	1203	637
pb1	1204	641
pb1	1205	640
pb1	1206	641
pb1	1207	1012
pb1	1208	1049
pb1	1209	1132
pb1	1210	1181
pb1	1211	1180
pb1	1212	1195
pb1	1213	1214
pb1	1214	1214
pb1	1215	1255
pb1	1216	1254
pb1	1217	1173
pb1	1218	1170
pb1	1219	1168
pb1	1220	1193
pb1	1221	1195
pb1	1222	1191
pb1	1223	1195
pb1	1224	1187
pb1	1225	1289
pb1	1226	1293
pb1	1227	1313
pb1	1228	1320
pb1	1229	1336
pb1	1230	1355
pb1	1231	1354
pb1	1232	1354
pb1	1233	1361
pb1	1234	1338
pb1	1235	1428
pb1	1236	1429
pb1	1237	1433
pb1	1238	1446
pb1	1239	1443
pb1	1240	1451
pb1	1241	1464
pb1	1242	1465
pb1	1243	1461
pb1	1244	1438
pb1	1245	1473
pb1	1246	1503
pb1	1247	1563
pb1	1248	1592
pb1	1249	1595
pb1	1250	1597
pb1	1251	1638
pb1	1252	1863
pb1	1253	1884
pb1	1254	1888
pb1	1255	1892
pb1	1256	1931
pb1	1257	2506
pb1	1258	2597
pb1	1259	3172
pb1	1260	3482
pb1	1261	3512
pb1	1262	3545
pb1	1263	3546
pb1	1264	3782
pb1	1265	3786
pb1	1266	4030
pb1	1267	4059
pb1	1268	4021
pb1	1269	4102
pb1	1270	4099
pb1	1271	4294
pb1	1272	4316
pb1	1273	4295
pb1	1274	4517
pb1	1275	4517
pb1	1276	6320
pb1	1277	6452
pb1	1278	6516
pb1	1279	6543
pb1	1280	6546
pb1	1281	6588
pb1	1282	6608
pb1	1283	6627
pb1	1284	6532
pb1	1285	6451
pb1	1286	6368
pb1	1287	6392
pb1	1288	6442
pb1	1289	6459
pb1	1290	6466
pb1	1291	6638
pb1	1292	6713
pb1	1293	6935
pb1	1294	6959
pb1	1295	6959
pb1	1296	7013
pb1	1297	7055
pb1	1298	7179
pb1	1299	7191
pb1	1300	7179
pb1	1301	7180
pb1	1302	7164
pb1	1303	7200
pb1	1304	7329
pb1	1305	7353
pb1	1306	7362
pb1	1307	7385
pb1	1308	7425
pb1	1309	7465
pb1	1310	7473
pb1	1311	7611
pb1	1312	7637
pb1	1313	7625
pb1	1314	7654
pb1	1315	7668
pb1	1316	7678
pb1	1317	7824
pb1	1318	7767
pb1	1319	7832
pb1	1320	7787
pb1	1321	7777
pb1	1322	7801
pb1	1323	7767
pb1	1324	8167
pb1	1325	8290
pb1	1326	8186
pb1	1327	8219
pb1	1328	8233
pb1	1329	8295
pb1	1330	8389
pb1	1331	8361
pb1	1332	8523
pb1	1333	8163
pb1	1334	8184
pb1	1335	8183
pb1	1336	8080
pb1	1337	8108
pb1	1338	8062
pb1	1339	8071
pb1	1340	8106
pb1	1341	7873
pb1	1342	7881
pb1	1343	7889
pb1	1344	7864
pb1	1345	8075
pb1	1346	8049
pb1	1347	8144
pb1	1348	8097
pb1	1349	8077
pb1	1350	8102
pb1	1351	8079
pb1	1352	8116
pb1	1353	8071
pb1	1354	7918
pb1	1355	7908
pb1	1356	7818
pb1	1357	7831
pb1	1358	7827
pb1	1359	7810
pb1	1360	7831
pb1	1361	7722
pb1	1362	7721
pb1	1363	7680
pb1	1364	7658
pb1	1365	7658
pb1	1366	7636
pb1	1367	7712
pb1	1368	7705
pb1	1369	7842
pb1	1370	7820
pb1	1371	8109
pb1	1372	8133
pb1	1373	8341
pb1	1374	8329
pb1	1375	8683
pb1	1376	8594
pb1	1377	8549
pb1	1378	8321
pb1	1379	8299
pb1	1380	7953
pb1	1381	7924
pb1	1382	7764
pb1	1383	7635
pb1	1384	7648
pb1	1385	7235
pb1	1386	7252
pb1	1387	7258
pb1	1388	7235
pb1	1389	7287
pb1	1390	7213
pb1	1391	7175
pb1	1392	7145
pb1	1393	7150
pb1	1394	7167
pb1	1395	7159
pb1	1396	7099
pb1	1397	7102
pb1	1398	7011
pb1	1399	7062
pb1	1400	7063
pb1	1401	7060
pb1	1402	7022
pb1	1403	6951
pb1	1404	6896
pb1	1405	6837
pb1	1406	6780
pb1	1407	6660
pb1	1408	6571
pb1	1409	6555
pb1	1410	6413
pb1	1411	6460
pb1	1412	6325
pb1	1413	6404
pb1	1414	6423
pb1	1415	6385
pb1	1416	6378
pb1	1417	6068
pb1	1418	6154
pb1	1419	6531
pb1	1420	6431
pb1	1421	6420
pb1	1422	6679
pb1	1423	6574
pb1	1424	6557
pb1	1425	6546
pb1	1426	6354
pb1	1427	6193
pb1	1428	5372
pb1	1429	5328
pb1	1430	5407
pb1	1431	4921
pb1	1432	4834
pb1	1433	4833
pb1	1434	4848
pb1	1435	4849
pb1	1436	4837
pb1	1437	4792
pb1	1438	4801
pb1	1439	4639
pb1	1440	4661
pb1	1441	4662
pb1	1442	4642
pb1	1443	4647
pb1	1444	4656
pb1	1445	4793
pb1	1446	4809
pb1	1447	4820
pb1	1448	4823
pb1	1449	4782
pb1	1450	4761
pb1	1451	4785
pb1	1452	4785
pb1	1453	4774
pb1	1454	4280
pb1	1455	4276
pb1	1456	4252
pb1	1457	4264
pb1	1458	4187
pb1	1459	4120
pb1	1460	4123
pb1	1461	4135
pb1	1462	4129
pb1	1463	4119
pb1	1464	4115
pb1	1465	4040
pb1	1466	3997
pb1	1467	4106
pb1	1468	4124
pb1	1469	4153
pb1	1470	4147
pb1	1471	4218
pb1	1472	4333
pb1	1473	4323
pb1	1474	4322
pb1	1475	4280
pb1	1476	3985
pb1	1477	3976
pb1	1478	3915
pb1	1479	3917
pb1	1480	3825
pb1	1481	3683
pb1	1482	3707
pb1	1483	3720
pb1	1484	3725
pb1	1485	3682
pb1	1486	3667
pb1	1487	3721
pb1	1488	3729
pb1	1489	3756
pb1	1490	3740
pb1	1491	3645
pb1	1492	3660
pb1	1493	3631
pb1	1494	3621
pb1	1495	3603
pb1	1496	3434
pb1	1497	3449
pb1	1498	3407
pb1	1499	3376
pb1	1500	3388
pb1	1501	3364
pb1	1502	3362
pb1	1503	3365
pb1	1504	3400
pb1	1505	3413
pb1	1506	3425
pb1	1507	3413
pb1	1508	3416
pb1	1509	3415
pb1	1510	3449
pb1	1511	3455
pb1	1512	3466
pb1	1513	3383
pb1	1514	3364
pb1	1515	3370
pb1	1516	3363
pb1	1517	3385
pb1	1518	3452
pb1	1519	3412
pb1	1520	3422
pb1	1521	3422
pb1	1522	3420
pb1	1523	3458
pb1	1524	3428
pb1	1525	3387
pb1	1526	3274
pb1	1527	3168
pb1	1528	3183
pb1	1529	3160
pb1	1530	3163
pb1	1531	3171
pb1	1532	3125
pb1	1533	3112
pb1	1534	3106
pb1	1535	3118
pb1	1536	3315
pb1	1537	3292
pb1	1538	3359
pb1	1539	3376
pb1	1540	3351
pb1	1541	3550
pb1	1542	3566
pb1	1543	3546
pb1	1544	3530
pb1	1545	3143
pb1	1546	3178
pb1	1547	3094
pb1	1548	3072
pb1	1549	3074
pb1	1550	2944
pb1	1551	2966
pb1	1552	2986
pb1	1553	2983
pb1	1554	2980
pb1	1555	2917
pb1	1556	3048
pb1	1557	3046
pb1	1558	3033
pb1	1559	3033
pb1	1560	2991
pb1	1561	2992
pb1	1562	3002
pb1	1563	3001
pb1	1564	3006
pb1	1565	2887
pb1	1566	2937
pb1	1567	2958
pb1	1568	2897
pb1	1569	2898
pb1	1570	2904
pb1	1571	2909
pb1	1572	2911
pb1	1573	2857
pb1	1574	2857
pb1	1575	2921
pb1	1576	2903
pb1	1577	2922
pb1	1578	2925
pb1	1579	2926
pb1	1580	2926
pb1	1581	2909
pb1	1582	2902
pb1	1583	2929
pb1	1584	2880
pb1	1585	2923
pb1	1586	2928
pb1	1587	2919
pb1	1588	2998
pb1	1589	2993
pb1	1590	3017
pb1	1591	3012
pb1	1592	2967
pb1	1593	2995
pb1	1594	2955
pb1	1595	3004
pb1	1596	3001
pb1	1597	2935
pb1	1598	2916
pb1	1599	2888
pb1	1600	2897
pb1	1601	2934
pb1	1602	2904
pb1	1603	2902
pb1	1604	2862
pb1	1605	2860
pb1	1606	2857
pb1	1607	2918
pb1	1608	2913
pb1	1609	3094
pb1	1610	3007
pb1	1611	3125
pb1	1612	3185
pb1	1613	3166
pb1	1614	3161
pb1	1615	3169
pb1	1616	3067
pb1	1617	3117
pb1	1618	2916
pb1	1619	2909
pb1	1620	2911
pb1	1621	2753
pb1	1622	2810
pb1	1623	2854
pb1	1624	2966
pb1	1625	2981
pb1	1626	2966
pb1	1627	2972
pb1	1628	2962
pb1	1629	2935
pb1	1630	2997
pb1	1631	2994
pb1	1632	3029
pb1	1633	2899
pb1	1634	2919
pb1	1635	2871
pb1	1636	2874
pb1	1637	2935
pb1	1638	2993
pb1	1639	2951
pb1	1640	2878
pb1	1641	2869
pb1	1642	2877
pb1	1643	2889
pb1	1644	2929
pb1	1645	2927
pb1	1646	2851
pb1	1647	2807
pb1	1648	2828
pb1	1649	2845
pb1	1650	2843
pb1	1651	2823
pb1	1652	2827
pb1	1653	2789
pb1	1654	2820
pb1	1655	2849
pb1	1656	2846
pb1	1657	2863
pb1	1658	2850
pb1	1659	2859
pb1	1660	2859
pb1	1661	2833
pb1	1662	2827
pb1	1663	2792
pb1	1664	2845
pb1	1665	2847
pb1	1666	2851
pb1	1667	2849
pb1	1668	2846
pb1	1669	2874
pb1	1670	2857
pb1	1671	2877
pb1	1672	2904
pb1	1673	2777
pb1	1674	2846
pb1	1675	2818
pb1	1676	2831
pb1	1677	2874
pb1	1678	2807
pb1	1679	2803
pb1	1680	2795
pb1	1681	2787
pb1	1682	2797
pb1	1683	2775
pb1	1684	2929
pb1	1685	2930
pb1	1686	2930
pb1	1687	2913
pb1	1688	2925
pb1	1689	3134
pb1	1690	3110
pb1	1691	3147
pb1	1692	3244
pb1	1693	3190
pb1	1694	3220
pb1	1695	3258
pb1	1696	3257
pb1	1697	3281
pb1	1698	3148
pb1	1699	3209
pb1	1700	3179
pb1	1701	3189
pb1	1702	2989
pb1	1703	2982
pb1	1704	3023
pb1	1705	3029
pb1	1706	3014
pb1	1707	3097
pb1	1708	3088
pb1	1709	3089
pb1	1710	3095
pb1	1711	3093
pb1	1712	3140
pb1	1713	3106
pb1	1714	3169
pb1	1715	3178
pb1	1716	3039
pb1	1717	3036
pb1	1718	3040
pb1	1719	3041
pb1	1720	3025
pb1	1721	3031
pb1	1722	3001
pb1	1723	2989
pb1	1724	2945
pb1	1725	2986
pb1	1726	3004
pb1	1727	2997
pb1	1728	3001
pb1	1729	3024
pb1	1730	2993
pb1	1731	2994
pb1	1732	2986
pb1	1733	3004
pb1	1734	2979
pb1	1735	2953
pb1	1736	2960
pb1	1737	2988
pb1	1738	2951
pb1	1739	2983
pb1	1740	2976
pb1	1741	2985
pb1	1742	2993
pb1	1743	2978
pb1	1744	2970
pb1	1745	2976
pb1	1746	2950
pb1	1747	2955
pb1	1748	2930
pb1	1749	2936
pb1	1750	2940
pb1	1751	2921
pb1	1752	2999
pb1	1753	3010
pb1	1754	3009
pb1	1755	3013
pb1	1756	2983
pb1	1757	2962
pb1	1758	2980
pb1	1759	2965
pb1	1760	2949
pb1	1761	2933
pb1	1762	2919
pb1	1763	2931
pb1	1764	2945
pb1	1765	3025
pb1	1766	3008
pb1	1767	2971
pb1	1768	2966
pb1	1769	2885
pb1	1770	2897
pb1	1771	2827
pb1	1772	2820
pb1	1773	2800
pb1	1774	2668
pb1	1775	2772
pb1	1776	2794
pb1	1777	2795
pb1	1778	2803
pb1	1779	2766
pb1	1780	2783
pb1	1781	2798
pb1	1782	2804
pb1	1783	2806
pb1	1784	2746
pb1	1785	2641
pb1	1786	2679
pb1	1787	2697
pb1	1788	2683
pb1	1789	2725
pb1	1790	2641
pb1	1791	2691
pb1	1792	2673
pb1	1793	2679
pb1	1794	2678
pb1	1795	2677
pb1	1796	2649
pb1	1797	2678
pb1	1798	2641
pb1	1799	2654
pb1	1800	2580
pb1	1801	2591
pb1	1802	2622
pb1	1803	2617
pb1	1804	2554
pb1	1805	2546
pb1	1806	2504
pb1	1807	2524
pb1	1808	2538
pb1	1809	2540
pb1	1810	2543
pb1	1811	2531
pb1	1812	2529
pb1	1813	2690
pb1	1814	2696
pb1	1815	2698
pb1	1816	2809
pb1	1817	2710
pb1	1818	2771
pb1	1819	2764
pb1	1820	2762
pb1	1821	2766
pb1	1822	2510
pb1	1823	2552
pb1	1824	2569
pb1	1825	2454
pb1	1826	2467
pb1	1827	2424
pb1	1828	2427
pb1	1829	2424
pb1	1830	2431
pb1	1831	2431
pb1	1832	2393
pb1	1833	2369
pb1	1834	2477
pb1	1835	2475
pb1	1836	2568
pb1	1837	2565
pb1	1838	2570
pb1	1839	2557
pb1	1840	2547
pb1	1841	2889
pb1	1842	2891
pb1	1843	2866
pb1	1844	2840
pb1	1845	2781
pb1	1846	2781
pb1	1847	2777
pb1	1848	2806
pb1	1849	2853
pb1	1850	2669
pb1	1851	2702
pb1	1852	2675
pb1	1853	2744
pb1	1854	2732
pb1	1855	2713
pb1	1856	2710
pb1	1857	2720
pb1	1858	2722
pb1	1859	2734
pb1	1860	2748
pb1	1861	2729
pb1	1862	2711
pb1	1863	2712
pb1	1864	2738
pb1	1865	2760
pb1	1866	2745
pb1	1867	2786
pb1	1868	2765
pb1	1869	2781
pb1	1870	2782
pb1	1871	2770
pb1	1872	2759
pb1	1873	2738
pb1	1874	2765
pb1	1875	2776
pb1	1876	2745
pb1	1877	2822
pb1	1878	2811
pb1	1879	2825
pb1	1880	2825
pb1	1881	2820
pb1	1882	2907
pb1	1883	2913
pb1	1884	2926
pb1	1885	2927
pb1	1886	2828
pb1	1887	2861
pb1	1888	2875
pb1	1889	2875
pb1	1890	2866
pb1	1891	2830
pb1	1892	2860
pb1	1893	2889
pb1	1894	2890
pb1	1895	2883
pb1	1896	3074
pb1	1897	3031
pb1	1898	3051
pb1	1899	3049
pb1	1900	2996
pb1	1901	2977
pb1	1902	2907
pb1	1903	2963
pb1	1904	2971
pb1	1905	2811
pb1	1906	2820
pb1	1907	2807
pb1	1908	2808
pb1	1909	2762
pb1	1910	2762
pb1	1911	2772
pb1	1912	2710
pb1	1913	2702
pb1	1914	2700
pb1	1915	2722
pb1	1916	2723
pb1	1917	2721
pb1	1918	2720
pb1	1919	2708
pb1	1920	2692
pb1	1921	2675
pb1	1922	2766
pb1	1923	2776
pb1	1924	2766
pb1	1925	2763
pb1	1926	2758
pb1	1927	2760
pb1	1928	2796
pb1	1929	2784
pb1	1930	2844
pb1	1931	2712
pb1	1932	2708
pb1	1933	2708
pb1	1934	2708
pb1	1935	2697
pb1	1936	2704
pb1	1937	2643
pb1	1938	2713
pb1	1939	2699
pb1	1940	2723
pb1	1941	2707
pb1	1942	2717
pb1	1943	2721
pb1	1944	2849
pb1	1945	2851
pb1	1946	2864
pb1	1947	2881
pb1	1948	2774
pb1	1949	2869
pb1	1950	2851
pb1	1951	2892
pb1	1952	2894
pb1	1953	2786
pb1	1954	2822
pb1	1955	2783
pb1	1956	2852
pb1	1957	2864
pb1	1958	2785
pb1	1959	2800
pb1	1960	2772
pb1	1961	2781
pb1	1962	2785
pb1	1963	2743
pb1	1964	2732
pb1	1965	2672
pb1	1966	2725
pb1	1967	2733
pb1	1968	2729
pb1	1969	2713
pb1	1970	2706
pb1	1971	2713
pb1	1972	2712
pb1	1973	2835
pb1	1974	2810
pb1	1975	2796
pb1	1976	2780
pb1	1977	2810
pb1	1978	2871
pb1	1979	2877
pb1	1980	2872
pb1	1981	2858
pb1	1982	2792
pb1	1983	2803
pb1	1984	2814
pb1	1985	2839
pb1	1986	2799
pb1	1987	2796
pb1	1988	2804
pb1	1989	2822
pb1	1990	3153
pb1	1991	3146
pb1	1992	3219
pb1	1993	3227
pb1	1994	3193
pb1	1995	3177
pb1	1996	3173
pb1	1997	3171
pb1	1998	3154
pb1	1999	2953
pb1	2000	2972
pb1	2001	2917
pb1	2002	2926
pb1	2003	2917
pb1	2004	2929
pb1	2005	2950
pb1	2006	3025
pb1	2007	3016
pb1	2008	3163
pb1	2009	3208
pb1	2010	3181
pb1	2011	3192
pb1	2012	3187
pb1	2013	3180
pb1	2014	3244
pb1	2015	3170
pb1	2016	3518
pb1	2017	3435
pb1	2018	3439
pb1	2019	3425
pb1	2020	3416
pb1	2021	3422
pb1	2022	3424
pb1	2023	3380
pb1	2024	3386
pb1	2025	3189
pb1	2026	3343
pb1	2027	3312
pb1	2028	3307
pb1	2029	3331
pb1	2030	3338
pb1	2031	3354
pb1	2032	3354
pb1	2033	3343
pb1	2034	3382
pb1	2035	3287
pb1	2036	3290
pb1	2037	3302
pb1	2038	3297
pb1	2039	3376
pb1	2040	3391
pb1	2041	3404
pb1	2042	3402
pb1	2043	3378
pb1	2044	3437
pb1	2045	3451
pb1	2046	3679
pb1	2047	3877
pb1	2048	3799
pb1	2049	3833
pb1	2050	3829
pb1	2051	3867
pb1	2052	3863
pb1	2053	3810
pb1	2054	3812
pb1	2055	3626
pb1	2056	3479
pb1	2057	3577
pb1	2058	3555
pb1	2059	3570
pb1	2060	3528
pb1	2061	3545
pb1	2062	3542
pb1	2063	3576
pb1	2064	3595
pb1	2065	3554
pb1	2066	3557
pb1	2067	3555
pb1	2068	3576
pb1	2069	3591
pb1	2070	3592
pb1	2071	3600
pb1	2072	3549
pb1	2073	3539
pb1	2074	3540
pb1	2075	3559
pb1	2076	3580
pb1	2077	3566
pb1	2078	3559
pb1	2079	3525
pb1	2080	3591
pb1	2081	3586
pb1	2082	3574
pb1	2083	3619
pb1	2084	3564
pb1	2085	3628
pb1	2086	3608
pb1	2087	3602
pb1	2088	3607
pb1	2089	3576
pb1	2090	3575
pb1	2091	3603
pb1	2092	3551
pb1	2093	3498
pb1	2094	3468
pb1	2095	3428
pb1	2096	3414
pb1	2097	3402
pb1	2098	3343
pb1	2099	3347
pb1	2100	3329
pb1	2101	3289
pb1	2102	3292
pb1	2103	3266
pb1	2104	3250
pb1	2105	3283
pb1	2106	3233
pb1	2107	3268
pb1	2108	3202
pb1	2109	3208
pb1	2110	3207
pb1	2111	3198
pb1	2112	3204
pb1	2113	3208
pb1	2114	3146
pb1	2115	3141
pb1	2116	3069
pb1	2117	3060
pb1	2118	3050
pb1	2119	3075
pb1	2120	3085
pb1	2121	3097
pb1	2122	3098
pb1	2123	3108
pb1	2124	3127
pb1	2125	3125
pb1	2126	3138
pb1	2127	3144
pb1	2128	3080
pb1	2129	3119
pb1	2130	3141
pb1	2131	3267
pb1	2132	3297
pb1	2133	3259
pb1	2134	3407
pb1	2135	3401
pb1	2136	3410
pb1	2137	3405
pb1	2138	3299
pb1	2139	3322
pb1	2140	2976
pb1	2141	2968
pb1	2142	2967
pb1	2143	2676
pb1	2144	2677
pb1	2145	2570
pb1	2146	2579
pb1	2147	2578
pb1	2148	2536
pb1	2149	2552
pb1	2150	2513
pb1	2151	2516
pb1	2152	2515
pb1	2153	2514
pb1	2154	2522
pb1	2155	2521
pb1	2156	2472
pb1	2157	2486
pb1	2158	2480
pb1	2159	2474
pb1	2160	2472
pb1	2161	2448
pb1	2162	2475
pb1	2163	2475
pb1	2164	2472
pb1	2165	2473
pb1	2166	2452
pb1	2167	2521
pb1	2168	2514
pb1	2169	2518
pb1	2170	2519
pb1	2171	2487
pb1	2172	2505
pb1	2173	2508
pb1	2174	2512
pb1	2175	2488
pb1	2176	2350
pb1	2177	2322
pb1	2178	2344
pb1	2179	2379
pb1	2180	2326
pb1	2181	2413
pb1	2182	2374
pb1	2183	2366
pb1	2184	2365
pb1	2185	2316
pb1	2186	2317
pb1	2187	2286
pb1	2188	2283
pb1	2189	2255
pb1	2190	2237
pb1	2191	2169
pb1	2192	2185
pb1	2193	2202
pb1	2194	2199
pb1	2195	2211
pb1	2196	2113
pb1	2197	2086
pb1	2198	2097
pb1	2199	2095
pb1	2200	2093
pb1	2201	2067
pb1	2202	2049
pb1	2203	2070
pb1	2204	2068
pb1	2205	2146
pb1	2206	2140
pb1	2207	2135
pb1	2208	2123
pb1	2209	2199
pb1	2210	2189
pb1	2211	2191
pb1	2212	2168
pb1	2213	2167
pb1	2214	2102
pb1	2215	2106
pb1	2216	2169
pb1	2217	2169
pb1	2218	2116
pb1	2219	2109
pb1	2220	2104
pb1	2221	2111
pb1	2222	2112
pb1	2223	2110
pb1	2224	2104
pb1	2225	2048
pb1	2226	2075
pb1	2227	2074
pb1	2228	2072
pb1	2229	2072
pb1	2230	2060
pb1	2231	2079
pb1	2232	2078
pb1	2233	2090
pb1	2234	2071
pb1	2235	2026
pb1	2236	2010
pb1	2237	2001
pb1	2238	1993
pb1	2239	2022
pb1	2240	1976
pb1	2241	1976
pb1	2242	1930
pb1	2243	1926
pb1	2244	1922
pb1	2245	1909
pb1	2246	1900
pb1	2247	1899
pb1	2248	1903
pb1	2249	1839
pb1	2250	1862
pb1	2251	1866
pb1	2252	1858
pb1	2253	1859
pb1	2254	1872
pb1	2255	1857
pb1	2256	1856
pb1	2257	1848
pb1	2258	1831
pb1	2259	1777
pb1	2260	1717
pb1	2261	1714
pb1	2262	1707
pb1	2263	1611
pb1	2264	1632
pb1	2265	1627
pb1	2266	1630
pb1	2267	1630
pb1	2268	1573
pb1	2269	1560
pb1	2270	1605
pb1	2271	1542
pb1	2272	1537
pb1	2273	1479
pb1	2274	1466
pb1	2275	1470
pb1	2276	1463
pb1	2277	1452
pb1	2278	1447
pb1	2279	1280
pb1	2280	1284
pb1	2281	1223
pb1	2282	1208
pb1	2283	1208
pb1	2284	1177
pb1	2285	1169
pb1	2286	1162
pb1	2287	1152
pb1	2288	1139
pb1	2289	1097
pb1	2290	1095
pb1	2291	1092
pb1	2292	1088
pb1	2293	1084
pb1	2294	1077
pb1	2295	1069
pb1	2296	1063
pb1	2297	1021
pb1	2298	1021
pb1	2299	957
pb1	2300	956
pb1	2301	950
pb1	2302	948
pb1	2303	943
pb1	2304	918
pb1	2305	916
pb1	2306	896
pb1	2307	895
pb1	2308	881
pb1	2309	795
pb1	2310	769
pb1	2311	762
pb1	2312	761
pb1	2313	759
pb1	2314	751
pb1	2315	714
pb1	2316	709
pb1	2317	706
pb1	2318	705
pb1	2319	705
pb1	2320	682
pb1	2321	675
pb1	2322	667
pb1	2323	663
pb1	2324	656
pb1	2325	644
pb1	2326	639
pb1	2327	627
pb1	2328	626
pb1	2329	615
pb1	2330	596
pb1	2331	586
pb1	2332	572
pb1	2333	572
pb1	2334	567
pb1	2335	565
pb1	2336	556
pb1	2337	492
pb1	2338	483
pb1	2339	475
pb1	2340	473
pb1	2341	175
