gene	pos	cvg	rep
ns	1	76	replicate-2
ns	2	98	replicate-2
ns	3	98	replicate-2
ns	4	98	replicate-2
ns	5	109	replicate-2
ns	6	114	replicate-2
ns	7	115	replicate-2
ns	8	115	replicate-2
ns	9	115	replicate-2
ns	10	115	replicate-2
ns	11	120	replicate-2
ns	12	122	replicate-2
ns	13	127	replicate-2
ns	14	128	replicate-2
ns	15	140	replicate-2
ns	16	142	replicate-2
ns	17	150	replicate-2
ns	18	150	replicate-2
ns	19	150	replicate-2
ns	20	157	replicate-2
ns	21	161	replicate-2
ns	22	190	replicate-2
ns	23	201	replicate-2
ns	24	205	replicate-2
ns	25	208	replicate-2
ns	26	211	replicate-2
ns	27	214	replicate-2
ns	28	214	replicate-2
ns	29	227	replicate-2
ns	30	240	replicate-2
ns	31	260	replicate-2
ns	32	388	replicate-2
ns	33	393	replicate-2
ns	34	411	replicate-2
ns	35	419	replicate-2
ns	36	421	replicate-2
ns	37	428	replicate-2
ns	38	430	replicate-2
ns	39	430	replicate-2
ns	40	431	replicate-2
ns	41	433	replicate-2
ns	42	471	replicate-2
ns	43	473	replicate-2
ns	44	479	replicate-2
ns	45	479	replicate-2
ns	46	482	replicate-2
ns	47	483	replicate-2
ns	48	484	replicate-2
ns	49	490	replicate-2
ns	50	502	replicate-2
ns	51	499	replicate-2
ns	52	507	replicate-2
ns	53	508	replicate-2
ns	54	519	replicate-2
ns	55	518	replicate-2
ns	56	522	replicate-2
ns	57	523	replicate-2
ns	58	523	replicate-2
ns	59	521	replicate-2
ns	60	530	replicate-2
ns	61	530	replicate-2
ns	62	532	replicate-2
ns	63	529	replicate-2
ns	64	547	replicate-2
ns	65	545	replicate-2
ns	66	542	replicate-2
ns	67	544	replicate-2
ns	68	547	replicate-2
ns	69	557	replicate-2
ns	70	559	replicate-2
ns	71	560	replicate-2
ns	72	563	replicate-2
ns	73	561	replicate-2
ns	74	560	replicate-2
ns	75	558	replicate-2
ns	76	555	replicate-2
ns	77	554	replicate-2
ns	78	561	replicate-2
ns	79	561	replicate-2
ns	80	561	replicate-2
ns	81	564	replicate-2
ns	82	564	replicate-2
ns	83	566	replicate-2
ns	84	566	replicate-2
ns	85	565	replicate-2
ns	86	563	replicate-2
ns	87	567	replicate-2
ns	88	559	replicate-2
ns	89	554	replicate-2
ns	90	556	replicate-2
ns	91	561	replicate-2
ns	92	558	replicate-2
ns	93	559	replicate-2
ns	94	557	replicate-2
ns	95	548	replicate-2
ns	96	554	replicate-2
ns	97	555	replicate-2
ns	98	557	replicate-2
ns	99	554	replicate-2
ns	100	552	replicate-2
ns	101	548	replicate-2
ns	102	567	replicate-2
ns	103	564	replicate-2
ns	104	561	replicate-2
ns	105	561	replicate-2
ns	106	550	replicate-2
ns	107	554	replicate-2
ns	108	550	replicate-2
ns	109	558	replicate-2
ns	110	551	replicate-2
ns	111	543	replicate-2
ns	112	536	replicate-2
ns	113	532	replicate-2
ns	114	534	replicate-2
ns	115	543	replicate-2
ns	116	546	replicate-2
ns	117	537	replicate-2
ns	118	528	replicate-2
ns	119	520	replicate-2
ns	120	544	replicate-2
ns	121	548	replicate-2
ns	122	549	replicate-2
ns	123	535	replicate-2
ns	124	527	replicate-2
ns	125	528	replicate-2
ns	126	527	replicate-2
ns	127	516	replicate-2
ns	128	517	replicate-2
ns	129	500	replicate-2
ns	130	491	replicate-2
ns	131	490	replicate-2
ns	132	489	replicate-2
ns	133	484	replicate-2
ns	134	491	replicate-2
ns	135	497	replicate-2
ns	136	500	replicate-2
ns	137	497	replicate-2
ns	138	494	replicate-2
ns	139	492	replicate-2
ns	140	492	replicate-2
ns	141	500	replicate-2
ns	142	497	replicate-2
ns	143	495	replicate-2
ns	144	493	replicate-2
ns	145	487	replicate-2
ns	146	485	replicate-2
ns	147	481	replicate-2
ns	148	476	replicate-2
ns	149	470	replicate-2
ns	150	462	replicate-2
ns	151	470	replicate-2
ns	152	468	replicate-2
ns	153	469	replicate-2
ns	154	467	replicate-2
ns	155	471	replicate-2
ns	156	468	replicate-2
ns	157	473	replicate-2
ns	158	468	replicate-2
ns	159	472	replicate-2
ns	160	471	replicate-2
ns	161	463	replicate-2
ns	162	459	replicate-2
ns	163	460	replicate-2
ns	164	465	replicate-2
ns	165	467	replicate-2
ns	166	465	replicate-2
ns	167	466	replicate-2
ns	168	453	replicate-2
ns	169	461	replicate-2
ns	170	459	replicate-2
ns	171	454	replicate-2
ns	172	482	replicate-2
ns	173	481	replicate-2
ns	174	485	replicate-2
ns	175	476	replicate-2
ns	176	474	replicate-2
ns	177	495	replicate-2
ns	178	490	replicate-2
ns	179	483	replicate-2
ns	180	471	replicate-2
ns	181	449	replicate-2
ns	182	460	replicate-2
ns	183	462	replicate-2
ns	184	459	replicate-2
ns	185	461	replicate-2
ns	186	453	replicate-2
ns	187	458	replicate-2
ns	188	458	replicate-2
ns	189	461	replicate-2
ns	190	462	replicate-2
ns	191	460	replicate-2
ns	192	460	replicate-2
ns	193	459	replicate-2
ns	194	448	replicate-2
ns	195	448	replicate-2
ns	196	448	replicate-2
ns	197	451	replicate-2
ns	198	451	replicate-2
ns	199	454	replicate-2
ns	200	453	replicate-2
ns	201	452	replicate-2
ns	202	452	replicate-2
ns	203	449	replicate-2
ns	204	454	replicate-2
ns	205	456	replicate-2
ns	206	455	replicate-2
ns	207	466	replicate-2
ns	208	466	replicate-2
ns	209	475	replicate-2
ns	210	477	replicate-2
ns	211	474	replicate-2
ns	212	487	replicate-2
ns	213	488	replicate-2
ns	214	494	replicate-2
ns	215	494	replicate-2
ns	216	488	replicate-2
ns	217	490	replicate-2
ns	218	478	replicate-2
ns	219	491	replicate-2
ns	220	487	replicate-2
ns	221	474	replicate-2
ns	222	478	replicate-2
ns	223	468	replicate-2
ns	224	472	replicate-2
ns	225	474	replicate-2
ns	226	473	replicate-2
ns	227	475	replicate-2
ns	228	470	replicate-2
ns	229	472	replicate-2
ns	230	482	replicate-2
ns	231	488	replicate-2
ns	232	488	replicate-2
ns	233	493	replicate-2
ns	234	499	replicate-2
ns	235	498	replicate-2
ns	236	486	replicate-2
ns	237	488	replicate-2
ns	238	497	replicate-2
ns	239	499	replicate-2
ns	240	507	replicate-2
ns	241	505	replicate-2
ns	242	516	replicate-2
ns	243	515	replicate-2
ns	244	520	replicate-2
ns	245	517	replicate-2
ns	246	522	replicate-2
ns	247	525	replicate-2
ns	248	524	replicate-2
ns	249	514	replicate-2
ns	250	517	replicate-2
ns	251	513	replicate-2
ns	252	514	replicate-2
ns	253	510	replicate-2
ns	254	510	replicate-2
ns	255	529	replicate-2
ns	256	527	replicate-2
ns	257	538	replicate-2
ns	258	545	replicate-2
ns	259	547	replicate-2
ns	260	543	replicate-2
ns	261	542	replicate-2
ns	262	547	replicate-2
ns	263	549	replicate-2
ns	264	533	replicate-2
ns	265	559	replicate-2
ns	266	550	replicate-2
ns	267	553	replicate-2
ns	268	558	replicate-2
ns	269	557	replicate-2
ns	270	558	replicate-2
ns	271	557	replicate-2
ns	272	559	replicate-2
ns	273	556	replicate-2
ns	274	553	replicate-2
ns	275	547	replicate-2
ns	276	551	replicate-2
ns	277	555	replicate-2
ns	278	559	replicate-2
ns	279	559	replicate-2
ns	280	558	replicate-2
ns	281	555	replicate-2
ns	282	565	replicate-2
ns	283	567	replicate-2
ns	284	564	replicate-2
ns	285	567	replicate-2
ns	286	569	replicate-2
ns	287	569	replicate-2
ns	288	575	replicate-2
ns	289	572	replicate-2
ns	290	582	replicate-2
ns	291	571	replicate-2
ns	292	631	replicate-2
ns	293	641	replicate-2
ns	294	647	replicate-2
ns	295	645	replicate-2
ns	296	646	replicate-2
ns	297	650	replicate-2
ns	298	652	replicate-2
ns	299	635	replicate-2
ns	300	641	replicate-2
ns	301	615	replicate-2
ns	302	617	replicate-2
ns	303	617	replicate-2
ns	304	618	replicate-2
ns	305	615	replicate-2
ns	306	615	replicate-2
ns	307	639	replicate-2
ns	308	636	replicate-2
ns	309	650	replicate-2
ns	310	641	replicate-2
ns	311	642	replicate-2
ns	312	643	replicate-2
ns	313	643	replicate-2
ns	314	646	replicate-2
ns	315	647	replicate-2
ns	316	608	replicate-2
ns	317	617	replicate-2
ns	318	601	replicate-2
ns	319	610	replicate-2
ns	320	630	replicate-2
ns	321	628	replicate-2
ns	322	632	replicate-2
ns	323	639	replicate-2
ns	324	641	replicate-2
ns	325	641	replicate-2
ns	326	651	replicate-2
ns	327	650	replicate-2
ns	328	636	replicate-2
ns	329	634	replicate-2
ns	330	613	replicate-2
ns	331	655	replicate-2
ns	332	684	replicate-2
ns	333	679	replicate-2
ns	334	687	replicate-2
ns	335	690	replicate-2
ns	336	690	replicate-2
ns	337	692	replicate-2
ns	338	701	replicate-2
ns	339	709	replicate-2
ns	340	673	replicate-2
ns	341	657	replicate-2
ns	342	652	replicate-2
ns	343	662	replicate-2
ns	344	662	replicate-2
ns	345	673	replicate-2
ns	346	673	replicate-2
ns	347	663	replicate-2
ns	348	660	replicate-2
ns	349	669	replicate-2
ns	350	669	replicate-2
ns	351	674	replicate-2
ns	352	667	replicate-2
ns	353	672	replicate-2
ns	354	662	replicate-2
ns	355	665	replicate-2
ns	356	664	replicate-2
ns	357	668	replicate-2
ns	358	662	replicate-2
ns	359	664	replicate-2
ns	360	664	replicate-2
ns	361	662	replicate-2
ns	362	656	replicate-2
ns	363	661	replicate-2
ns	364	676	replicate-2
ns	365	676	replicate-2
ns	366	676	replicate-2
ns	367	681	replicate-2
ns	368	678	replicate-2
ns	369	687	replicate-2
ns	370	684	replicate-2
ns	371	685	replicate-2
ns	372	682	replicate-2
ns	373	685	replicate-2
ns	374	700	replicate-2
ns	375	699	replicate-2
ns	376	694	replicate-2
ns	377	688	replicate-2
ns	378	714	replicate-2
ns	379	753	replicate-2
ns	380	747	replicate-2
ns	381	744	replicate-2
ns	382	735	replicate-2
ns	383	727	replicate-2
ns	384	743	replicate-2
ns	385	739	replicate-2
ns	386	743	replicate-2
ns	387	716	replicate-2
ns	388	708	replicate-2
ns	389	792	replicate-2
ns	390	800	replicate-2
ns	391	810	replicate-2
ns	392	799	replicate-2
ns	393	783	replicate-2
ns	394	783	replicate-2
ns	395	769	replicate-2
ns	396	771	replicate-2
ns	397	753	replicate-2
ns	398	747	replicate-2
ns	399	756	replicate-2
ns	400	748	replicate-2
ns	401	749	replicate-2
ns	402	740	replicate-2
ns	403	750	replicate-2
ns	404	780	replicate-2
ns	405	779	replicate-2
ns	406	817	replicate-2
ns	407	796	replicate-2
ns	408	832	replicate-2
ns	409	835	replicate-2
ns	410	839	replicate-2
ns	411	842	replicate-2
ns	412	842	replicate-2
ns	413	877	replicate-2
ns	414	879	replicate-2
ns	415	871	replicate-2
ns	416	875	replicate-2
ns	417	861	replicate-2
ns	418	863	replicate-2
ns	419	862	replicate-2
ns	420	879	replicate-2
ns	421	881	replicate-2
ns	422	884	replicate-2
ns	423	883	replicate-2
ns	424	892	replicate-2
ns	425	911	replicate-2
ns	426	911	replicate-2
ns	427	921	replicate-2
ns	428	925	replicate-2
ns	429	913	replicate-2
ns	430	924	replicate-2
ns	431	922	replicate-2
ns	432	926	replicate-2
ns	433	921	replicate-2
ns	434	935	replicate-2
ns	435	957	replicate-2
ns	436	961	replicate-2
ns	437	969	replicate-2
ns	438	972	replicate-2
ns	439	964	replicate-2
ns	440	959	replicate-2
ns	441	958	replicate-2
ns	442	953	replicate-2
ns	443	953	replicate-2
ns	444	937	replicate-2
ns	445	939	replicate-2
ns	446	950	replicate-2
ns	447	957	replicate-2
ns	448	957	replicate-2
ns	449	965	replicate-2
ns	450	964	replicate-2
ns	451	962	replicate-2
ns	452	944	replicate-2
ns	453	932	replicate-2
ns	454	1080	replicate-2
ns	455	1080	replicate-2
ns	456	1071	replicate-2
ns	457	1070	replicate-2
ns	458	1076	replicate-2
ns	459	1140	replicate-2
ns	460	1146	replicate-2
ns	461	1163	replicate-2
ns	462	1165	replicate-2
ns	463	1079	replicate-2
ns	464	1178	replicate-2
ns	465	1182	replicate-2
ns	466	1181	replicate-2
ns	467	1178	replicate-2
ns	468	1145	replicate-2
ns	469	1156	replicate-2
ns	470	1154	replicate-2
ns	471	1148	replicate-2
ns	472	1142	replicate-2
ns	473	1111	replicate-2
ns	474	1121	replicate-2
ns	475	1122	replicate-2
ns	476	1124	replicate-2
ns	477	1127	replicate-2
ns	478	1131	replicate-2
ns	479	1127	replicate-2
ns	480	1151	replicate-2
ns	481	1150	replicate-2
ns	482	1149	replicate-2
ns	483	1150	replicate-2
ns	484	1143	replicate-2
ns	485	1140	replicate-2
ns	486	1138	replicate-2
ns	487	1141	replicate-2
ns	488	1135	replicate-2
ns	489	1121	replicate-2
ns	490	1114	replicate-2
ns	491	1109	replicate-2
ns	492	1105	replicate-2
ns	493	1115	replicate-2
ns	494	1120	replicate-2
ns	495	1120	replicate-2
ns	496	1102	replicate-2
ns	497	1110	replicate-2
ns	498	1121	replicate-2
ns	499	1122	replicate-2
ns	500	1110	replicate-2
ns	501	1112	replicate-2
ns	502	1105	replicate-2
ns	503	1113	replicate-2
ns	504	1098	replicate-2
ns	505	1098	replicate-2
ns	506	1091	replicate-2
ns	507	1083	replicate-2
ns	508	1095	replicate-2
ns	509	1089	replicate-2
ns	510	1118	replicate-2
ns	511	1110	replicate-2
ns	512	1099	replicate-2
ns	513	1093	replicate-2
ns	514	1090	replicate-2
ns	515	1101	replicate-2
ns	516	1104	replicate-2
ns	517	1092	replicate-2
ns	518	1063	replicate-2
ns	519	1047	replicate-2
ns	520	1056	replicate-2
ns	521	1046	replicate-2
ns	522	1090	replicate-2
ns	523	1100	replicate-2
ns	524	1106	replicate-2
ns	525	1120	replicate-2
ns	526	1115	replicate-2
ns	527	1112	replicate-2
ns	528	1143	replicate-2
ns	529	1138	replicate-2
ns	530	1147	replicate-2
ns	531	1122	replicate-2
ns	532	1178	replicate-2
ns	533	1193	replicate-2
ns	534	1206	replicate-2
ns	535	1284	replicate-2
ns	536	1267	replicate-2
ns	537	1248	replicate-2
ns	538	1251	replicate-2
ns	539	1217	replicate-2
ns	540	1212	replicate-2
ns	541	1134	replicate-2
ns	542	1115	replicate-2
ns	543	1116	replicate-2
ns	544	1052	replicate-2
ns	545	1054	replicate-2
ns	546	1058	replicate-2
ns	547	1062	replicate-2
ns	548	1082	replicate-2
ns	549	1086	replicate-2
ns	550	1090	replicate-2
ns	551	1107	replicate-2
ns	552	1110	replicate-2
ns	553	1110	replicate-2
ns	554	1097	replicate-2
ns	555	1092	replicate-2
ns	556	1098	replicate-2
ns	557	1083	replicate-2
ns	558	1085	replicate-2
ns	559	1089	replicate-2
ns	560	1088	replicate-2
ns	561	1089	replicate-2
ns	562	1082	replicate-2
ns	563	1088	replicate-2
ns	564	1097	replicate-2
ns	565	1081	replicate-2
ns	566	1093	replicate-2
ns	567	1094	replicate-2
ns	568	1092	replicate-2
ns	569	1102	replicate-2
ns	570	1097	replicate-2
ns	571	1106	replicate-2
ns	572	1109	replicate-2
ns	573	1098	replicate-2
ns	574	1104	replicate-2
ns	575	1093	replicate-2
ns	576	1096	replicate-2
ns	577	1112	replicate-2
ns	578	1095	replicate-2
ns	579	1141	replicate-2
ns	580	1139	replicate-2
ns	581	1151	replicate-2
ns	582	1167	replicate-2
ns	583	1160	replicate-2
ns	584	1150	replicate-2
ns	585	1143	replicate-2
ns	586	1121	replicate-2
ns	587	1140	replicate-2
ns	588	1118	replicate-2
ns	589	1127	replicate-2
ns	590	1210	replicate-2
ns	591	1218	replicate-2
ns	592	1222	replicate-2
ns	593	1222	replicate-2
ns	594	1228	replicate-2
ns	595	1240	replicate-2
ns	596	1229	replicate-2
ns	597	1190	replicate-2
ns	598	1201	replicate-2
ns	599	1082	replicate-2
ns	600	1124	replicate-2
ns	601	1121	replicate-2
ns	602	1119	replicate-2
ns	603	1117	replicate-2
ns	604	1096	replicate-2
ns	605	1090	replicate-2
ns	606	1089	replicate-2
ns	607	1071	replicate-2
ns	608	1077	replicate-2
ns	609	1030	replicate-2
ns	610	1031	replicate-2
ns	611	1029	replicate-2
ns	612	1027	replicate-2
ns	613	1024	replicate-2
ns	614	1018	replicate-2
ns	615	1021	replicate-2
ns	616	1027	replicate-2
ns	617	1006	replicate-2
ns	618	1050	replicate-2
ns	619	1039	replicate-2
ns	620	1055	replicate-2
ns	621	1057	replicate-2
ns	622	1044	replicate-2
ns	623	1045	replicate-2
ns	624	1012	replicate-2
ns	625	1017	replicate-2
ns	626	1009	replicate-2
ns	627	967	replicate-2
ns	628	970	replicate-2
ns	629	965	replicate-2
ns	630	962	replicate-2
ns	631	959	replicate-2
ns	632	965	replicate-2
ns	633	960	replicate-2
ns	634	951	replicate-2
ns	635	966	replicate-2
ns	636	962	replicate-2
ns	637	958	replicate-2
ns	638	944	replicate-2
ns	639	939	replicate-2
ns	640	946	replicate-2
ns	641	947	replicate-2
ns	642	930	replicate-2
ns	643	966	replicate-2
ns	644	957	replicate-2
ns	645	951	replicate-2
ns	646	947	replicate-2
ns	647	935	replicate-2
ns	648	939	replicate-2
ns	649	883	replicate-2
ns	650	897	replicate-2
ns	651	897	replicate-2
ns	652	842	replicate-2
ns	653	838	replicate-2
ns	654	832	replicate-2
ns	655	842	replicate-2
ns	656	838	replicate-2
ns	657	825	replicate-2
ns	658	826	replicate-2
ns	659	792	replicate-2
ns	660	810	replicate-2
ns	661	822	replicate-2
ns	662	815	replicate-2
ns	663	815	replicate-2
ns	664	804	replicate-2
ns	665	795	replicate-2
ns	666	798	replicate-2
ns	667	796	replicate-2
ns	668	810	replicate-2
ns	669	772	replicate-2
ns	670	816	replicate-2
ns	671	816	replicate-2
ns	672	821	replicate-2
ns	673	824	replicate-2
ns	674	815	replicate-2
ns	675	817	replicate-2
ns	676	814	replicate-2
ns	677	809	replicate-2
ns	678	807	replicate-2
ns	679	765	replicate-2
ns	680	759	replicate-2
ns	681	759	replicate-2
ns	682	756	replicate-2
ns	683	754	replicate-2
ns	684	759	replicate-2
ns	685	764	replicate-2
ns	686	768	replicate-2
ns	687	769	replicate-2
ns	688	770	replicate-2
ns	689	763	replicate-2
ns	690	758	replicate-2
ns	691	760	replicate-2
ns	692	763	replicate-2
ns	693	771	replicate-2
ns	694	764	replicate-2
ns	695	770	replicate-2
ns	696	769	replicate-2
ns	697	787	replicate-2
ns	698	798	replicate-2
ns	699	805	replicate-2
ns	700	818	replicate-2
ns	701	812	replicate-2
ns	702	809	replicate-2
ns	703	805	replicate-2
ns	704	807	replicate-2
ns	705	817	replicate-2
ns	706	803	replicate-2
ns	707	805	replicate-2
ns	708	801	replicate-2
ns	709	803	replicate-2
ns	710	802	replicate-2
ns	711	806	replicate-2
ns	712	810	replicate-2
ns	713	825	replicate-2
ns	714	828	replicate-2
ns	715	815	replicate-2
ns	716	820	replicate-2
ns	717	826	replicate-2
ns	718	830	replicate-2
ns	719	826	replicate-2
ns	720	821	replicate-2
ns	721	841	replicate-2
ns	722	836	replicate-2
ns	723	822	replicate-2
ns	724	817	replicate-2
ns	725	842	replicate-2
ns	726	843	replicate-2
ns	727	841	replicate-2
ns	728	846	replicate-2
ns	729	845	replicate-2
ns	730	826	replicate-2
ns	731	809	replicate-2
ns	732	813	replicate-2
ns	733	813	replicate-2
ns	734	801	replicate-2
ns	735	833	replicate-2
ns	736	837	replicate-2
ns	737	847	replicate-2
ns	738	849	replicate-2
ns	739	855	replicate-2
ns	740	862	replicate-2
ns	741	854	replicate-2
ns	742	859	replicate-2
ns	743	860	replicate-2
ns	744	805	replicate-2
ns	745	828	replicate-2
ns	746	819	replicate-2
ns	747	831	replicate-2
ns	748	835	replicate-2
ns	749	835	replicate-2
ns	750	848	replicate-2
ns	751	853	replicate-2
ns	752	853	replicate-2
ns	753	858	replicate-2
ns	754	845	replicate-2
ns	755	915	replicate-2
ns	756	916	replicate-2
ns	757	918	replicate-2
ns	758	926	replicate-2
ns	759	941	replicate-2
ns	760	940	replicate-2
ns	761	967	replicate-2
ns	762	969	replicate-2
ns	763	958	replicate-2
ns	764	947	replicate-2
ns	765	946	replicate-2
ns	766	961	replicate-2
ns	767	966	replicate-2
ns	768	957	replicate-2
ns	769	956	replicate-2
ns	770	926	replicate-2
ns	771	945	replicate-2
ns	772	944	replicate-2
ns	773	937	replicate-2
ns	774	946	replicate-2
ns	775	929	replicate-2
ns	776	957	replicate-2
ns	777	956	replicate-2
ns	778	959	replicate-2
ns	779	973	replicate-2
ns	780	965	replicate-2
ns	781	965	replicate-2
ns	782	964	replicate-2
ns	783	962	replicate-2
ns	784	965	replicate-2
ns	785	932	replicate-2
ns	786	957	replicate-2
ns	787	956	replicate-2
ns	788	954	replicate-2
ns	789	952	replicate-2
ns	790	964	replicate-2
ns	791	979	replicate-2
ns	792	972	replicate-2
ns	793	969	replicate-2
ns	794	984	replicate-2
ns	795	970	replicate-2
ns	796	972	replicate-2
ns	797	972	replicate-2
ns	798	977	replicate-2
ns	799	973	replicate-2
ns	800	946	replicate-2
ns	801	947	replicate-2
ns	802	959	replicate-2
ns	803	1011	replicate-2
ns	804	1011	replicate-2
ns	805	1012	replicate-2
ns	806	1019	replicate-2
ns	807	1014	replicate-2
ns	808	1030	replicate-2
ns	809	1023	replicate-2
ns	810	1015	replicate-2
ns	811	1020	replicate-2
ns	812	884	replicate-2
ns	813	880	replicate-2
ns	814	869	replicate-2
ns	815	874	replicate-2
ns	816	892	replicate-2
ns	817	864	replicate-2
ns	818	863	replicate-2
ns	819	857	replicate-2
ns	820	855	replicate-2
ns	821	867	replicate-2
ns	822	857	replicate-2
ns	823	861	replicate-2
ns	824	857	replicate-2
ns	825	807	replicate-2
ns	826	813	replicate-2
ns	827	806	replicate-2
ns	828	808	replicate-2
ns	829	805	replicate-2
ns	830	763	replicate-2
ns	831	762	replicate-2
ns	832	756	replicate-2
ns	833	756	replicate-2
ns	834	774	replicate-2
ns	835	735	replicate-2
ns	836	735	replicate-2
ns	837	731	replicate-2
ns	838	731	replicate-2
ns	839	731	replicate-2
ns	840	720	replicate-2
ns	841	707	replicate-2
ns	842	700	replicate-2
ns	843	635	replicate-2
ns	844	634	replicate-2
ns	845	632	replicate-2
ns	846	630	replicate-2
ns	847	625	replicate-2
ns	848	604	replicate-2
ns	849	603	replicate-2
ns	850	600	replicate-2
ns	851	596	replicate-2
ns	852	592	replicate-2
ns	853	589	replicate-2
ns	854	580	replicate-2
ns	855	580	replicate-2
ns	856	580	replicate-2
ns	857	560	replicate-2
ns	858	553	replicate-2
ns	859	545	replicate-2
ns	860	542	replicate-2
ns	861	541	replicate-2
ns	862	541	replicate-2
ns	863	509	replicate-2
ns	864	496	replicate-2
ns	865	487	replicate-2
ns	866	484	replicate-2
ns	867	474	replicate-2
ns	868	452	replicate-2
ns	869	443	replicate-2
ns	870	440	replicate-2
ns	871	435	replicate-2
ns	872	434	replicate-2
ns	873	425	replicate-2
ns	874	416	replicate-2
ns	875	413	replicate-2
ns	876	374	replicate-2
ns	877	373	replicate-2
ns	878	362	replicate-2
ns	879	354	replicate-2
ns	880	339	replicate-2
ns	881	327	replicate-2
ns	882	326	replicate-2
ns	883	320	replicate-2
ns	884	317	replicate-2
ns	885	311	replicate-2
ns	886	244	replicate-2
ns	887	231	replicate-2
ns	888	222	replicate-2
ns	889	219	replicate-2
ns	890	53	replicate-2
na	1	2	replicate-2
na	2	3	replicate-2
na	3	3	replicate-2
na	4	3	replicate-2
na	5	4	replicate-2
na	6	5	replicate-2
na	7	7	replicate-2
na	8	7	replicate-2
na	9	7	replicate-2
na	10	7	replicate-2
na	11	7	replicate-2
na	12	7	replicate-2
na	13	7	replicate-2
na	14	10	replicate-2
na	15	10	replicate-2
na	16	10	replicate-2
na	17	10	replicate-2
na	18	10	replicate-2
na	19	10	replicate-2
na	20	10	replicate-2
na	21	10	replicate-2
na	22	10	replicate-2
na	23	10	replicate-2
na	24	11	replicate-2
na	25	11	replicate-2
na	26	11	replicate-2
na	27	11	replicate-2
na	28	11	replicate-2
na	29	11	replicate-2
na	30	11	replicate-2
na	31	11	replicate-2
na	32	11	replicate-2
na	33	11	replicate-2
na	34	11	replicate-2
na	35	11	replicate-2
na	36	11	replicate-2
na	37	11	replicate-2
na	38	12	replicate-2
na	39	12	replicate-2
na	40	12	replicate-2
na	41	12	replicate-2
na	42	12	replicate-2
na	43	12	replicate-2
na	44	12	replicate-2
na	45	12	replicate-2
na	46	12	replicate-2
na	47	10	replicate-2
na	48	10	replicate-2
na	49	10	replicate-2
na	50	10	replicate-2
na	51	10	replicate-2
na	52	10	replicate-2
na	53	10	replicate-2
na	54	11	replicate-2
na	55	11	replicate-2
na	56	11	replicate-2
na	57	11	replicate-2
na	58	10	replicate-2
na	59	10	replicate-2
na	60	10	replicate-2
na	61	10	replicate-2
na	62	10	replicate-2
na	63	10	replicate-2
na	64	10	replicate-2
na	65	10	replicate-2
na	66	10	replicate-2
na	67	10	replicate-2
na	68	9	replicate-2
na	69	9	replicate-2
na	70	7	replicate-2
na	71	7	replicate-2
na	72	7	replicate-2
na	73	7	replicate-2
na	74	7	replicate-2
na	75	7	replicate-2
na	76	7	replicate-2
na	77	7	replicate-2
na	78	7	replicate-2
na	79	7	replicate-2
na	80	7	replicate-2
na	81	7	replicate-2
na	82	7	replicate-2
na	83	7	replicate-2
na	84	7	replicate-2
na	85	7	replicate-2
na	86	7	replicate-2
na	87	8	replicate-2
na	88	8	replicate-2
na	89	8	replicate-2
na	90	8	replicate-2
na	91	8	replicate-2
na	92	8	replicate-2
na	93	8	replicate-2
na	94	8	replicate-2
na	95	8	replicate-2
na	96	8	replicate-2
na	97	8	replicate-2
na	98	9	replicate-2
na	99	9	replicate-2
na	100	9	replicate-2
na	101	9	replicate-2
na	102	9	replicate-2
na	103	9	replicate-2
na	104	9	replicate-2
na	105	9	replicate-2
na	106	9	replicate-2
na	107	9	replicate-2
na	108	8	replicate-2
na	109	8	replicate-2
na	110	8	replicate-2
na	111	8	replicate-2
na	112	7	replicate-2
na	113	7	replicate-2
na	114	6	replicate-2
na	115	6	replicate-2
na	116	6	replicate-2
na	117	6	replicate-2
na	118	6	replicate-2
na	119	6	replicate-2
na	120	6	replicate-2
na	121	6	replicate-2
na	122	6	replicate-2
na	123	6	replicate-2
na	124	6	replicate-2
na	125	5	replicate-2
na	126	5	replicate-2
na	127	5	replicate-2
na	128	5	replicate-2
na	129	5	replicate-2
na	130	5	replicate-2
na	131	5	replicate-2
na	132	4	replicate-2
na	133	4	replicate-2
na	134	4	replicate-2
na	135	4	replicate-2
na	136	4	replicate-2
na	137	4	replicate-2
na	138	4	replicate-2
na	139	4	replicate-2
na	140	3	replicate-2
na	141	3	replicate-2
na	142	3	replicate-2
na	143	3	replicate-2
na	144	3	replicate-2
na	145	3	replicate-2
na	146	3	replicate-2
na	147	3	replicate-2
na	148	3	replicate-2
na	149	3	replicate-2
na	150	3	replicate-2
na	151	3	replicate-2
na	152	3	replicate-2
na	153	3	replicate-2
na	154	3	replicate-2
na	155	3	replicate-2
na	156	3	replicate-2
na	157	3	replicate-2
na	158	3	replicate-2
na	159	3	replicate-2
na	160	3	replicate-2
na	161	3	replicate-2
na	162	3	replicate-2
na	163	3	replicate-2
na	164	3	replicate-2
na	165	3	replicate-2
na	166	3	replicate-2
na	167	3	replicate-2
na	168	2	replicate-2
na	169	2	replicate-2
na	170	2	replicate-2
na	171	2	replicate-2
na	172	2	replicate-2
na	173	2	replicate-2
na	174	2	replicate-2
na	175	2	replicate-2
na	176	1	replicate-2
na	177	1	replicate-2
na	178	1	replicate-2
na	179	1	replicate-2
na	180	1	replicate-2
na	181	1	replicate-2
na	182	1	replicate-2
na	183	1	replicate-2
na	184	1	replicate-2
na	185	1	replicate-2
na	186	1	replicate-2
na	187	1	replicate-2
na	188	1	replicate-2
na	189	1	replicate-2
na	190	1	replicate-2
na	191	1	replicate-2
na	192	1	replicate-2
na	193	1	replicate-2
na	194	1	replicate-2
na	195	1	replicate-2
na	196	1	replicate-2
na	311	1	replicate-2
na	312	1	replicate-2
na	313	1	replicate-2
na	314	1	replicate-2
na	315	3	replicate-2
na	316	3	replicate-2
na	317	3	replicate-2
na	318	3	replicate-2
na	319	3	replicate-2
na	320	4	replicate-2
na	321	4	replicate-2
na	322	4	replicate-2
na	323	4	replicate-2
na	324	4	replicate-2
na	325	4	replicate-2
na	326	4	replicate-2
na	327	4	replicate-2
na	328	4	replicate-2
na	329	4	replicate-2
na	330	4	replicate-2
na	331	4	replicate-2
na	332	4	replicate-2
na	333	5	replicate-2
na	334	7	replicate-2
na	335	7	replicate-2
na	336	7	replicate-2
na	337	7	replicate-2
na	338	7	replicate-2
na	339	7	replicate-2
na	340	7	replicate-2
na	341	7	replicate-2
na	342	7	replicate-2
na	343	7	replicate-2
na	344	7	replicate-2
na	345	7	replicate-2
na	346	7	replicate-2
na	347	7	replicate-2
na	348	8	replicate-2
na	349	8	replicate-2
na	350	8	replicate-2
na	351	8	replicate-2
na	352	8	replicate-2
na	353	8	replicate-2
na	354	8	replicate-2
na	355	8	replicate-2
na	356	8	replicate-2
na	357	10	replicate-2
na	358	10	replicate-2
na	359	10	replicate-2
na	360	10	replicate-2
na	361	10	replicate-2
na	362	10	replicate-2
na	363	10	replicate-2
na	364	10	replicate-2
na	365	10	replicate-2
na	366	10	replicate-2
na	367	10	replicate-2
na	368	10	replicate-2
na	369	10	replicate-2
na	370	10	replicate-2
na	371	10	replicate-2
na	372	11	replicate-2
na	373	12	replicate-2
na	374	12	replicate-2
na	375	12	replicate-2
na	376	12	replicate-2
na	377	12	replicate-2
na	378	12	replicate-2
na	379	12	replicate-2
na	380	12	replicate-2
na	381	12	replicate-2
na	382	12	replicate-2
na	383	12	replicate-2
na	384	12	replicate-2
na	385	12	replicate-2
na	386	12	replicate-2
na	387	14	replicate-2
na	388	14	replicate-2
na	389	14	replicate-2
na	390	14	replicate-2
na	391	14	replicate-2
na	392	14	replicate-2
na	393	14	replicate-2
na	394	14	replicate-2
na	395	14	replicate-2
na	396	14	replicate-2
na	397	14	replicate-2
na	398	14	replicate-2
na	399	14	replicate-2
na	400	14	replicate-2
na	401	14	replicate-2
na	402	15	replicate-2
na	403	15	replicate-2
na	404	18	replicate-2
na	405	19	replicate-2
na	406	19	replicate-2
na	407	19	replicate-2
na	408	19	replicate-2
na	409	18	replicate-2
na	410	16	replicate-2
na	411	17	replicate-2
na	412	18	replicate-2
na	413	18	replicate-2
na	414	18	replicate-2
na	415	17	replicate-2
na	416	17	replicate-2
na	417	17	replicate-2
na	418	17	replicate-2
na	419	17	replicate-2
na	420	17	replicate-2
na	421	17	replicate-2
na	422	12	replicate-2
na	423	12	replicate-2
na	424	12	replicate-2
na	425	12	replicate-2
na	426	12	replicate-2
na	427	12	replicate-2
na	428	12	replicate-2
na	429	12	replicate-2
na	430	12	replicate-2
na	431	12	replicate-2
na	432	12	replicate-2
na	433	12	replicate-2
na	434	12	replicate-2
na	435	27	replicate-2
na	436	27	replicate-2
na	437	27	replicate-2
na	438	27	replicate-2
na	439	30	replicate-2
na	440	30	replicate-2
na	441	30	replicate-2
na	442	31	replicate-2
na	443	31	replicate-2
na	444	31	replicate-2
na	445	31	replicate-2
na	446	30	replicate-2
na	447	30	replicate-2
na	448	30	replicate-2
na	449	30	replicate-2
na	450	32	replicate-2
na	451	33	replicate-2
na	452	33	replicate-2
na	453	34	replicate-2
na	454	36	replicate-2
na	455	37	replicate-2
na	456	37	replicate-2
na	457	39	replicate-2
na	458	39	replicate-2
na	459	39	replicate-2
na	460	39	replicate-2
na	461	39	replicate-2
na	462	38	replicate-2
na	463	38	replicate-2
na	464	38	replicate-2
na	465	43	replicate-2
na	466	43	replicate-2
na	467	43	replicate-2
na	468	43	replicate-2
na	469	43	replicate-2
na	470	43	replicate-2
na	471	43	replicate-2
na	472	43	replicate-2
na	473	43	replicate-2
na	474	45	replicate-2
na	475	45	replicate-2
na	476	45	replicate-2
na	477	45	replicate-2
na	478	45	replicate-2
na	479	49	replicate-2
na	480	49	replicate-2
na	481	47	replicate-2
na	482	50	replicate-2
na	483	50	replicate-2
na	484	51	replicate-2
na	485	50	replicate-2
na	486	52	replicate-2
na	487	52	replicate-2
na	488	50	replicate-2
na	489	51	replicate-2
na	490	51	replicate-2
na	491	53	replicate-2
na	492	53	replicate-2
na	493	52	replicate-2
na	494	52	replicate-2
na	495	52	replicate-2
na	496	52	replicate-2
na	497	52	replicate-2
na	498	50	replicate-2
na	499	50	replicate-2
na	500	50	replicate-2
na	501	48	replicate-2
na	502	48	replicate-2
na	503	48	replicate-2
na	504	48	replicate-2
na	505	48	replicate-2
na	506	46	replicate-2
na	507	46	replicate-2
na	508	45	replicate-2
na	509	45	replicate-2
na	510	45	replicate-2
na	511	44	replicate-2
na	512	44	replicate-2
na	513	46	replicate-2
na	514	46	replicate-2
na	515	46	replicate-2
na	516	46	replicate-2
na	517	48	replicate-2
na	518	50	replicate-2
na	519	50	replicate-2
na	520	50	replicate-2
na	521	50	replicate-2
na	522	54	replicate-2
na	523	54	replicate-2
na	524	52	replicate-2
na	525	53	replicate-2
na	526	50	replicate-2
na	527	52	replicate-2
na	528	50	replicate-2
na	529	50	replicate-2
na	530	51	replicate-2
na	531	49	replicate-2
na	532	51	replicate-2
na	533	50	replicate-2
na	534	49	replicate-2
na	535	49	replicate-2
na	536	49	replicate-2
na	537	50	replicate-2
na	538	50	replicate-2
na	539	50	replicate-2
na	540	49	replicate-2
na	541	49	replicate-2
na	542	52	replicate-2
na	543	52	replicate-2
na	544	51	replicate-2
na	545	51	replicate-2
na	546	50	replicate-2
na	547	51	replicate-2
na	548	50	replicate-2
na	549	52	replicate-2
na	550	52	replicate-2
na	551	51	replicate-2
na	552	53	replicate-2
na	553	53	replicate-2
na	554	53	replicate-2
na	555	54	replicate-2
na	556	56	replicate-2
na	557	58	replicate-2
na	558	58	replicate-2
na	559	62	replicate-2
na	560	59	replicate-2
na	561	59	replicate-2
na	562	59	replicate-2
na	563	59	replicate-2
na	564	59	replicate-2
na	565	60	replicate-2
na	566	58	replicate-2
na	567	58	replicate-2
na	568	61	replicate-2
na	569	61	replicate-2
na	570	62	replicate-2
na	571	62	replicate-2
na	572	62	replicate-2
na	573	63	replicate-2
na	574	59	replicate-2
na	575	58	replicate-2
na	576	58	replicate-2
na	577	58	replicate-2
na	578	58	replicate-2
na	579	58	replicate-2
na	580	58	replicate-2
na	581	57	replicate-2
na	582	55	replicate-2
na	583	55	replicate-2
na	584	56	replicate-2
na	585	55	replicate-2
na	586	55	replicate-2
na	587	55	replicate-2
na	588	54	replicate-2
na	589	53	replicate-2
na	590	53	replicate-2
na	591	53	replicate-2
na	592	53	replicate-2
na	593	54	replicate-2
na	594	53	replicate-2
na	595	53	replicate-2
na	596	53	replicate-2
na	597	53	replicate-2
na	598	53	replicate-2
na	599	53	replicate-2
na	600	56	replicate-2
na	601	58	replicate-2
na	602	59	replicate-2
na	603	60	replicate-2
na	604	61	replicate-2
na	605	61	replicate-2
na	606	62	replicate-2
na	607	62	replicate-2
na	608	62	replicate-2
na	609	62	replicate-2
na	610	62	replicate-2
na	611	62	replicate-2
na	612	62	replicate-2
na	613	61	replicate-2
na	614	61	replicate-2
na	615	61	replicate-2
na	616	61	replicate-2
na	617	60	replicate-2
na	618	57	replicate-2
na	619	57	replicate-2
na	620	55	replicate-2
na	621	56	replicate-2
na	622	55	replicate-2
na	623	57	replicate-2
na	624	57	replicate-2
na	625	57	replicate-2
na	626	57	replicate-2
na	627	57	replicate-2
na	628	57	replicate-2
na	629	57	replicate-2
na	630	57	replicate-2
na	631	56	replicate-2
na	632	56	replicate-2
na	633	58	replicate-2
na	634	58	replicate-2
na	635	59	replicate-2
na	636	60	replicate-2
na	637	60	replicate-2
na	638	60	replicate-2
na	639	58	replicate-2
na	640	58	replicate-2
na	641	58	replicate-2
na	642	54	replicate-2
na	643	54	replicate-2
na	644	54	replicate-2
na	645	54	replicate-2
na	646	52	replicate-2
na	647	53	replicate-2
na	648	51	replicate-2
na	649	54	replicate-2
na	650	53	replicate-2
na	651	53	replicate-2
na	652	53	replicate-2
na	653	52	replicate-2
na	654	57	replicate-2
na	655	55	replicate-2
na	656	56	replicate-2
na	657	56	replicate-2
na	658	55	replicate-2
na	659	55	replicate-2
na	660	54	replicate-2
na	661	53	replicate-2
na	662	53	replicate-2
na	663	55	replicate-2
na	664	70	replicate-2
na	665	68	replicate-2
na	666	70	replicate-2
na	667	72	replicate-2
na	668	72	replicate-2
na	669	69	replicate-2
na	670	68	replicate-2
na	671	69	replicate-2
na	672	69	replicate-2
na	673	67	replicate-2
na	674	60	replicate-2
na	675	59	replicate-2
na	676	61	replicate-2
na	677	62	replicate-2
na	678	62	replicate-2
na	679	62	replicate-2
na	680	62	replicate-2
na	681	63	replicate-2
na	682	64	replicate-2
na	683	69	replicate-2
na	684	69	replicate-2
na	685	71	replicate-2
na	686	72	replicate-2
na	687	77	replicate-2
na	688	77	replicate-2
na	689	77	replicate-2
na	690	77	replicate-2
na	691	75	replicate-2
na	692	75	replicate-2
na	693	72	replicate-2
na	694	74	replicate-2
na	695	74	replicate-2
na	696	72	replicate-2
na	697	72	replicate-2
na	698	70	replicate-2
na	699	71	replicate-2
na	700	71	replicate-2
na	701	71	replicate-2
na	702	71	replicate-2
na	703	71	replicate-2
na	704	72	replicate-2
na	705	72	replicate-2
na	706	72	replicate-2
na	707	71	replicate-2
na	708	70	replicate-2
na	709	70	replicate-2
na	710	70	replicate-2
na	711	70	replicate-2
na	712	72	replicate-2
na	713	71	replicate-2
na	714	72	replicate-2
na	715	72	replicate-2
na	716	72	replicate-2
na	717	71	replicate-2
na	718	73	replicate-2
na	719	76	replicate-2
na	720	76	replicate-2
na	721	78	replicate-2
na	722	82	replicate-2
na	723	82	replicate-2
na	724	82	replicate-2
na	725	82	replicate-2
na	726	82	replicate-2
na	727	83	replicate-2
na	728	77	replicate-2
na	729	78	replicate-2
na	730	79	replicate-2
na	731	78	replicate-2
na	732	77	replicate-2
na	733	77	replicate-2
na	734	75	replicate-2
na	735	74	replicate-2
na	736	77	replicate-2
na	737	77	replicate-2
na	738	80	replicate-2
na	739	82	replicate-2
na	740	81	replicate-2
na	741	79	replicate-2
na	742	78	replicate-2
na	743	80	replicate-2
na	744	79	replicate-2
na	745	78	replicate-2
na	746	77	replicate-2
na	747	74	replicate-2
na	748	75	replicate-2
na	749	74	replicate-2
na	750	75	replicate-2
na	751	76	replicate-2
na	752	76	replicate-2
na	753	77	replicate-2
na	754	77	replicate-2
na	755	77	replicate-2
na	756	75	replicate-2
na	757	71	replicate-2
na	758	73	replicate-2
na	759	73	replicate-2
na	760	78	replicate-2
na	761	79	replicate-2
na	762	80	replicate-2
na	763	80	replicate-2
na	764	79	replicate-2
na	765	80	replicate-2
na	766	78	replicate-2
na	767	76	replicate-2
na	768	76	replicate-2
na	769	74	replicate-2
na	770	75	replicate-2
na	771	75	replicate-2
na	772	75	replicate-2
na	773	77	replicate-2
na	774	74	replicate-2
na	775	74	replicate-2
na	776	75	replicate-2
na	777	75	replicate-2
na	778	75	replicate-2
na	779	74	replicate-2
na	780	71	replicate-2
na	781	71	replicate-2
na	782	70	replicate-2
na	783	68	replicate-2
na	784	68	replicate-2
na	785	68	replicate-2
na	786	67	replicate-2
na	787	67	replicate-2
na	788	67	replicate-2
na	789	66	replicate-2
na	790	66	replicate-2
na	791	66	replicate-2
na	792	63	replicate-2
na	793	62	replicate-2
na	794	62	replicate-2
na	795	65	replicate-2
na	796	65	replicate-2
na	797	64	replicate-2
na	798	64	replicate-2
na	799	60	replicate-2
na	800	63	replicate-2
na	801	63	replicate-2
na	802	64	replicate-2
na	803	64	replicate-2
na	804	59	replicate-2
na	805	57	replicate-2
na	806	57	replicate-2
na	807	57	replicate-2
na	808	57	replicate-2
na	809	58	replicate-2
na	810	58	replicate-2
na	811	58	replicate-2
na	812	59	replicate-2
na	813	58	replicate-2
na	814	58	replicate-2
na	815	58	replicate-2
na	816	56	replicate-2
na	817	56	replicate-2
na	818	54	replicate-2
na	819	59	replicate-2
na	820	59	replicate-2
na	821	60	replicate-2
na	822	60	replicate-2
na	823	60	replicate-2
na	824	62	replicate-2
na	825	62	replicate-2
na	826	62	replicate-2
na	827	63	replicate-2
na	828	61	replicate-2
na	829	61	replicate-2
na	830	59	replicate-2
na	831	59	replicate-2
na	832	59	replicate-2
na	833	58	replicate-2
na	834	58	replicate-2
na	835	57	replicate-2
na	836	58	replicate-2
na	837	60	replicate-2
na	838	60	replicate-2
na	839	61	replicate-2
na	840	60	replicate-2
na	841	56	replicate-2
na	842	57	replicate-2
na	843	58	replicate-2
na	844	62	replicate-2
na	845	70	replicate-2
na	846	70	replicate-2
na	847	70	replicate-2
na	848	70	replicate-2
na	849	71	replicate-2
na	850	70	replicate-2
na	851	69	replicate-2
na	852	70	replicate-2
na	853	67	replicate-2
na	854	68	replicate-2
na	855	66	replicate-2
na	856	68	replicate-2
na	857	70	replicate-2
na	858	70	replicate-2
na	859	70	replicate-2
na	860	70	replicate-2
na	861	70	replicate-2
na	862	70	replicate-2
na	863	69	replicate-2
na	864	69	replicate-2
na	865	72	replicate-2
na	866	72	replicate-2
na	867	72	replicate-2
na	868	70	replicate-2
na	869	67	replicate-2
na	870	67	replicate-2
na	871	68	replicate-2
na	872	68	replicate-2
na	873	68	replicate-2
na	874	66	replicate-2
na	875	67	replicate-2
na	876	67	replicate-2
na	877	67	replicate-2
na	878	67	replicate-2
na	879	67	replicate-2
na	880	65	replicate-2
na	881	69	replicate-2
na	882	69	replicate-2
na	883	70	replicate-2
na	884	67	replicate-2
na	885	68	replicate-2
na	886	67	replicate-2
na	887	67	replicate-2
na	888	66	replicate-2
na	889	67	replicate-2
na	890	66	replicate-2
na	891	66	replicate-2
na	892	66	replicate-2
na	893	70	replicate-2
na	894	70	replicate-2
na	895	69	replicate-2
na	896	70	replicate-2
na	897	69	replicate-2
na	898	69	replicate-2
na	899	66	replicate-2
na	900	66	replicate-2
na	901	65	replicate-2
na	902	65	replicate-2
na	903	66	replicate-2
na	904	65	replicate-2
na	905	65	replicate-2
na	906	64	replicate-2
na	907	60	replicate-2
na	908	59	replicate-2
na	909	59	replicate-2
na	910	58	replicate-2
na	911	57	replicate-2
na	912	57	replicate-2
na	913	56	replicate-2
na	914	55	replicate-2
na	915	55	replicate-2
na	916	55	replicate-2
na	917	55	replicate-2
na	918	54	replicate-2
na	919	54	replicate-2
na	920	55	replicate-2
na	921	51	replicate-2
na	922	49	replicate-2
na	923	48	replicate-2
na	924	48	replicate-2
na	925	48	replicate-2
na	926	47	replicate-2
na	927	47	replicate-2
na	928	47	replicate-2
na	929	47	replicate-2
na	930	47	replicate-2
na	931	43	replicate-2
na	932	39	replicate-2
na	933	39	replicate-2
na	934	39	replicate-2
na	935	39	replicate-2
na	936	39	replicate-2
na	937	39	replicate-2
na	938	39	replicate-2
na	939	40	replicate-2
na	940	41	replicate-2
na	941	41	replicate-2
na	942	40	replicate-2
na	943	37	replicate-2
na	944	37	replicate-2
na	945	37	replicate-2
na	946	37	replicate-2
na	947	38	replicate-2
na	948	37	replicate-2
na	949	37	replicate-2
na	950	37	replicate-2
na	951	37	replicate-2
na	952	36	replicate-2
na	953	33	replicate-2
na	954	35	replicate-2
na	955	42	replicate-2
na	956	42	replicate-2
na	957	42	replicate-2
na	958	42	replicate-2
na	959	42	replicate-2
na	960	42	replicate-2
na	961	42	replicate-2
na	962	38	replicate-2
na	963	38	replicate-2
na	964	35	replicate-2
na	965	31	replicate-2
na	966	31	replicate-2
na	967	31	replicate-2
na	968	31	replicate-2
na	969	42	replicate-2
na	970	42	replicate-2
na	971	42	replicate-2
na	972	37	replicate-2
na	973	37	replicate-2
na	974	37	replicate-2
na	975	37	replicate-2
na	976	37	replicate-2
na	977	36	replicate-2
na	978	36	replicate-2
na	979	36	replicate-2
na	980	36	replicate-2
na	981	37	replicate-2
na	982	37	replicate-2
na	983	38	replicate-2
na	984	38	replicate-2
na	985	38	replicate-2
na	986	33	replicate-2
na	987	33	replicate-2
na	988	33	replicate-2
na	989	33	replicate-2
na	990	38	replicate-2
na	991	38	replicate-2
na	992	39	replicate-2
na	993	37	replicate-2
na	994	37	replicate-2
na	995	37	replicate-2
na	996	37	replicate-2
na	997	37	replicate-2
na	998	37	replicate-2
na	999	37	replicate-2
na	1000	38	replicate-2
na	1001	38	replicate-2
na	1002	39	replicate-2
na	1003	39	replicate-2
na	1004	38	replicate-2
na	1005	39	replicate-2
na	1006	39	replicate-2
na	1007	39	replicate-2
na	1008	38	replicate-2
na	1009	38	replicate-2
na	1010	38	replicate-2
na	1011	38	replicate-2
na	1012	38	replicate-2
na	1013	37	replicate-2
na	1014	38	replicate-2
na	1015	38	replicate-2
na	1016	38	replicate-2
na	1017	39	replicate-2
na	1018	39	replicate-2
na	1019	39	replicate-2
na	1020	39	replicate-2
na	1021	44	replicate-2
na	1022	45	replicate-2
na	1023	45	replicate-2
na	1024	45	replicate-2
na	1025	46	replicate-2
na	1026	46	replicate-2
na	1027	49	replicate-2
na	1028	49	replicate-2
na	1029	49	replicate-2
na	1030	47	replicate-2
na	1031	47	replicate-2
na	1032	47	replicate-2
na	1033	47	replicate-2
na	1034	48	replicate-2
na	1035	48	replicate-2
na	1036	50	replicate-2
na	1037	54	replicate-2
na	1038	54	replicate-2
na	1039	55	replicate-2
na	1040	55	replicate-2
na	1041	55	replicate-2
na	1042	54	replicate-2
na	1043	51	replicate-2
na	1044	52	replicate-2
na	1045	52	replicate-2
na	1046	50	replicate-2
na	1047	51	replicate-2
na	1048	50	replicate-2
na	1049	50	replicate-2
na	1050	49	replicate-2
na	1051	49	replicate-2
na	1052	49	replicate-2
na	1053	50	replicate-2
na	1054	50	replicate-2
na	1055	44	replicate-2
na	1056	44	replicate-2
na	1057	43	replicate-2
na	1058	45	replicate-2
na	1059	46	replicate-2
na	1060	46	replicate-2
na	1061	46	replicate-2
na	1062	46	replicate-2
na	1063	45	replicate-2
na	1064	45	replicate-2
na	1065	45	replicate-2
na	1066	45	replicate-2
na	1067	45	replicate-2
na	1068	44	replicate-2
na	1069	44	replicate-2
na	1070	44	replicate-2
na	1071	45	replicate-2
na	1072	45	replicate-2
na	1073	45	replicate-2
na	1074	45	replicate-2
na	1075	45	replicate-2
na	1076	45	replicate-2
na	1077	46	replicate-2
na	1078	46	replicate-2
na	1079	46	replicate-2
na	1080	46	replicate-2
na	1081	46	replicate-2
na	1082	46	replicate-2
na	1083	40	replicate-2
na	1084	39	replicate-2
na	1085	39	replicate-2
na	1086	39	replicate-2
na	1087	38	replicate-2
na	1088	33	replicate-2
na	1089	34	replicate-2
na	1090	34	replicate-2
na	1091	34	replicate-2
na	1092	34	replicate-2
na	1093	35	replicate-2
na	1094	35	replicate-2
na	1095	33	replicate-2
na	1096	33	replicate-2
na	1097	29	replicate-2
na	1098	29	replicate-2
na	1099	30	replicate-2
na	1100	28	replicate-2
na	1101	28	replicate-2
na	1102	25	replicate-2
na	1103	25	replicate-2
na	1104	25	replicate-2
na	1105	23	replicate-2
na	1106	23	replicate-2
na	1107	23	replicate-2
na	1108	23	replicate-2
na	1109	23	replicate-2
na	1110	21	replicate-2
na	1111	21	replicate-2
na	1112	21	replicate-2
na	1113	22	replicate-2
na	1114	22	replicate-2
na	1115	22	replicate-2
na	1116	22	replicate-2
na	1117	22	replicate-2
na	1118	21	replicate-2
na	1119	21	replicate-2
na	1120	21	replicate-2
na	1121	21	replicate-2
na	1122	21	replicate-2
na	1123	21	replicate-2
na	1124	21	replicate-2
na	1125	21	replicate-2
na	1126	21	replicate-2
na	1127	21	replicate-2
na	1128	21	replicate-2
na	1129	21	replicate-2
na	1130	21	replicate-2
na	1131	25	replicate-2
na	1132	25	replicate-2
na	1133	27	replicate-2
na	1134	28	replicate-2
na	1135	28	replicate-2
na	1136	28	replicate-2
na	1137	28	replicate-2
na	1138	27	replicate-2
na	1139	27	replicate-2
na	1140	27	replicate-2
na	1141	27	replicate-2
na	1142	24	replicate-2
na	1143	24	replicate-2
na	1144	24	replicate-2
na	1145	24	replicate-2
na	1146	24	replicate-2
na	1147	24	replicate-2
na	1148	24	replicate-2
na	1149	24	replicate-2
na	1150	23	replicate-2
na	1151	22	replicate-2
na	1152	24	replicate-2
na	1153	24	replicate-2
na	1154	24	replicate-2
na	1155	24	replicate-2
na	1156	23	replicate-2
na	1157	22	replicate-2
na	1158	21	replicate-2
na	1159	21	replicate-2
na	1160	21	replicate-2
na	1161	21	replicate-2
na	1162	21	replicate-2
na	1163	20	replicate-2
na	1164	20	replicate-2
na	1165	20	replicate-2
na	1166	20	replicate-2
na	1167	20	replicate-2
na	1168	20	replicate-2
na	1169	19	replicate-2
na	1170	19	replicate-2
na	1171	19	replicate-2
na	1172	19	replicate-2
na	1173	19	replicate-2
na	1174	19	replicate-2
na	1175	18	replicate-2
na	1176	18	replicate-2
na	1177	18	replicate-2
na	1178	18	replicate-2
na	1179	18	replicate-2
na	1180	18	replicate-2
na	1181	16	replicate-2
na	1182	16	replicate-2
na	1183	16	replicate-2
na	1184	16	replicate-2
na	1185	16	replicate-2
na	1186	16	replicate-2
na	1187	16	replicate-2
na	1188	16	replicate-2
na	1189	16	replicate-2
na	1190	16	replicate-2
na	1191	16	replicate-2
na	1192	16	replicate-2
na	1193	16	replicate-2
na	1194	16	replicate-2
na	1195	16	replicate-2
na	1196	14	replicate-2
na	1197	14	replicate-2
na	1198	14	replicate-2
na	1199	14	replicate-2
na	1200	14	replicate-2
na	1201	13	replicate-2
na	1202	13	replicate-2
na	1203	13	replicate-2
na	1204	10	replicate-2
na	1205	10	replicate-2
na	1206	10	replicate-2
na	1207	10	replicate-2
na	1208	10	replicate-2
na	1209	10	replicate-2
na	1210	10	replicate-2
na	1211	10	replicate-2
na	1212	10	replicate-2
na	1213	10	replicate-2
na	1214	10	replicate-2
na	1215	9	replicate-2
na	1216	9	replicate-2
na	1217	9	replicate-2
na	1218	9	replicate-2
na	1219	9	replicate-2
na	1220	9	replicate-2
na	1221	9	replicate-2
na	1222	9	replicate-2
na	1223	9	replicate-2
na	1224	9	replicate-2
na	1225	5	replicate-2
na	1226	5	replicate-2
na	1227	5	replicate-2
na	1228	5	replicate-2
na	1229	3	replicate-2
na	1230	3	replicate-2
na	1231	3	replicate-2
na	1232	3	replicate-2
na	1233	3	replicate-2
na	1234	3	replicate-2
na	1235	3	replicate-2
na	1236	3	replicate-2
na	1237	3	replicate-2
na	1238	4	replicate-2
na	1239	4	replicate-2
na	1240	4	replicate-2
na	1241	4	replicate-2
na	1242	4	replicate-2
na	1243	4	replicate-2
na	1244	4	replicate-2
na	1245	4	replicate-2
na	1246	4	replicate-2
na	1247	4	replicate-2
na	1248	3	replicate-2
na	1249	3	replicate-2
na	1250	3	replicate-2
na	1251	3	replicate-2
na	1252	3	replicate-2
na	1253	3	replicate-2
na	1254	3	replicate-2
na	1255	3	replicate-2
na	1256	3	replicate-2
na	1257	3	replicate-2
na	1258	3	replicate-2
na	1259	3	replicate-2
na	1260	3	replicate-2
na	1261	3	replicate-2
na	1262	3	replicate-2
na	1263	3	replicate-2
na	1264	3	replicate-2
na	1265	3	replicate-2
na	1266	4	replicate-2
na	1267	4	replicate-2
na	1268	4	replicate-2
na	1269	4	replicate-2
na	1270	4	replicate-2
na	1271	4	replicate-2
na	1272	4	replicate-2
na	1273	4	replicate-2
na	1274	3	replicate-2
na	1275	3	replicate-2
na	1276	3	replicate-2
na	1277	3	replicate-2
na	1278	3	replicate-2
na	1279	3	replicate-2
na	1280	3	replicate-2
na	1281	3	replicate-2
na	1282	3	replicate-2
na	1283	3	replicate-2
na	1284	3	replicate-2
na	1285	4	replicate-2
na	1286	4	replicate-2
na	1287	4	replicate-2
na	1288	4	replicate-2
na	1289	4	replicate-2
na	1290	4	replicate-2
na	1291	4	replicate-2
na	1292	4	replicate-2
na	1293	4	replicate-2
na	1294	4	replicate-2
na	1295	4	replicate-2
na	1296	4	replicate-2
na	1297	4	replicate-2
na	1298	3	replicate-2
na	1299	3	replicate-2
na	1300	3	replicate-2
na	1301	3	replicate-2
na	1302	5	replicate-2
na	1303	5	replicate-2
na	1304	5	replicate-2
na	1305	5	replicate-2
na	1306	5	replicate-2
na	1307	5	replicate-2
na	1308	4	replicate-2
na	1309	4	replicate-2
na	1310	4	replicate-2
na	1311	7	replicate-2
na	1312	7	replicate-2
na	1313	7	replicate-2
na	1314	7	replicate-2
na	1315	7	replicate-2
na	1316	7	replicate-2
na	1317	7	replicate-2
na	1318	7	replicate-2
na	1319	7	replicate-2
na	1320	7	replicate-2
na	1321	7	replicate-2
na	1322	7	replicate-2
na	1323	7	replicate-2
na	1324	7	replicate-2
na	1325	7	replicate-2
na	1326	9	replicate-2
na	1327	9	replicate-2
na	1328	9	replicate-2
na	1329	9	replicate-2
na	1330	9	replicate-2
na	1331	9	replicate-2
na	1332	9	replicate-2
na	1333	9	replicate-2
na	1334	9	replicate-2
na	1335	9	replicate-2
na	1336	9	replicate-2
na	1337	9	replicate-2
na	1338	9	replicate-2
na	1339	9	replicate-2
na	1340	9	replicate-2
na	1341	11	replicate-2
na	1342	11	replicate-2
na	1343	11	replicate-2
na	1344	11	replicate-2
na	1345	11	replicate-2
na	1346	11	replicate-2
na	1347	11	replicate-2
na	1348	11	replicate-2
na	1349	11	replicate-2
na	1350	11	replicate-2
na	1351	11	replicate-2
na	1352	11	replicate-2
na	1353	12	replicate-2
na	1354	12	replicate-2
na	1355	12	replicate-2
na	1356	12	replicate-2
na	1357	12	replicate-2
na	1358	12	replicate-2
na	1359	12	replicate-2
na	1360	12	replicate-2
na	1361	12	replicate-2
na	1362	12	replicate-2
na	1363	12	replicate-2
na	1364	12	replicate-2
na	1365	12	replicate-2
na	1366	12	replicate-2
na	1367	12	replicate-2
na	1368	12	replicate-2
na	1369	12	replicate-2
na	1370	12	replicate-2
na	1371	13	replicate-2
na	1372	13	replicate-2
na	1373	13	replicate-2
na	1374	13	replicate-2
na	1375	15	replicate-2
na	1376	15	replicate-2
na	1377	15	replicate-2
na	1378	15	replicate-2
na	1379	16	replicate-2
na	1380	16	replicate-2
na	1381	16	replicate-2
na	1382	16	replicate-2
na	1383	16	replicate-2
na	1384	16	replicate-2
na	1385	20	replicate-2
na	1386	20	replicate-2
na	1387	21	replicate-2
na	1388	21	replicate-2
na	1389	21	replicate-2
na	1390	21	replicate-2
na	1391	21	replicate-2
na	1392	21	replicate-2
na	1393	21	replicate-2
na	1394	20	replicate-2
na	1395	20	replicate-2
na	1396	20	replicate-2
na	1397	20	replicate-2
na	1398	20	replicate-2
na	1399	20	replicate-2
na	1400	19	replicate-2
na	1401	19	replicate-2
na	1402	19	replicate-2
na	1403	19	replicate-2
na	1404	19	replicate-2
na	1405	19	replicate-2
na	1406	19	replicate-2
na	1407	19	replicate-2
na	1408	19	replicate-2
na	1409	19	replicate-2
na	1410	19	replicate-2
na	1411	19	replicate-2
na	1412	19	replicate-2
na	1413	17	replicate-2
na	1414	17	replicate-2
na	1415	17	replicate-2
na	1416	16	replicate-2
na	1417	16	replicate-2
na	1418	16	replicate-2
na	1419	16	replicate-2
na	1420	16	replicate-2
na	1421	15	replicate-2
na	1422	13	replicate-2
na	1423	13	replicate-2
na	1424	13	replicate-2
na	1425	13	replicate-2
na	1426	12	replicate-2
na	1427	12	replicate-2
na	1428	12	replicate-2
na	1429	11	replicate-2
na	1430	11	replicate-2
na	1431	10	replicate-2
na	1432	10	replicate-2
na	1433	10	replicate-2
na	1434	10	replicate-2
na	1435	10	replicate-2
na	1436	10	replicate-2
na	1437	9	replicate-2
na	1438	9	replicate-2
na	1439	9	replicate-2
na	1440	9	replicate-2
na	1441	9	replicate-2
na	1442	9	replicate-2
na	1443	9	replicate-2
na	1444	9	replicate-2
na	1445	9	replicate-2
na	1446	9	replicate-2
na	1447	9	replicate-2
na	1448	9	replicate-2
na	1449	9	replicate-2
na	1450	8	replicate-2
na	1451	8	replicate-2
na	1452	8	replicate-2
na	1453	8	replicate-2
na	1454	6	replicate-2
na	1455	6	replicate-2
na	1456	6	replicate-2
na	1457	1	replicate-2
pb2	24	1	replicate-2
pb2	25	1	replicate-2
pb2	26	1	replicate-2
pb2	27	1	replicate-2
pb2	28	1	replicate-2
pb2	29	1	replicate-2
pb2	30	1	replicate-2
pb2	31	1	replicate-2
pb2	32	1	replicate-2
pb2	33	1	replicate-2
pb2	34	1	replicate-2
pb2	35	1	replicate-2
pb2	36	1	replicate-2
pb2	37	1	replicate-2
pb2	38	1	replicate-2
pb2	39	1	replicate-2
pb2	40	1	replicate-2
pb2	41	1	replicate-2
pb2	42	1	replicate-2
pb2	43	1	replicate-2
pb2	44	1	replicate-2
pb2	45	1	replicate-2
pb2	46	1	replicate-2
pb2	47	1	replicate-2
pb2	48	1	replicate-2
pb2	49	1	replicate-2
pb2	50	1	replicate-2
pb2	51	1	replicate-2
pb2	52	1	replicate-2
pb2	53	1	replicate-2
pb2	54	1	replicate-2
pb2	55	1	replicate-2
pb2	56	1	replicate-2
pb2	57	1	replicate-2
pb2	58	1	replicate-2
pb2	59	1	replicate-2
pb2	60	1	replicate-2
pb2	61	1	replicate-2
pb2	62	1	replicate-2
pb2	63	1	replicate-2
pb2	64	1	replicate-2
pb2	65	1	replicate-2
pb2	66	1	replicate-2
pb2	67	1	replicate-2
pb2	68	1	replicate-2
pb2	69	1	replicate-2
pb2	70	1	replicate-2
pb2	71	1	replicate-2
pb2	72	1	replicate-2
pb2	73	1	replicate-2
pb2	74	1	replicate-2
pb2	75	1	replicate-2
pb2	76	1	replicate-2
pb2	77	1	replicate-2
pb2	78	1	replicate-2
pb2	79	1	replicate-2
pb2	80	1	replicate-2
pb2	81	2	replicate-2
pb2	82	2	replicate-2
pb2	83	2	replicate-2
pb2	84	2	replicate-2
pb2	85	2	replicate-2
pb2	86	2	replicate-2
pb2	87	2	replicate-2
pb2	88	2	replicate-2
pb2	89	2	replicate-2
pb2	90	2	replicate-2
pb2	91	2	replicate-2
pb2	92	2	replicate-2
pb2	93	2	replicate-2
pb2	94	2	replicate-2
pb2	95	2	replicate-2
pb2	96	2	replicate-2
pb2	97	2	replicate-2
pb2	98	2	replicate-2
pb2	99	2	replicate-2
pb2	100	2	replicate-2
pb2	101	2	replicate-2
pb2	102	2	replicate-2
pb2	103	2	replicate-2
pb2	104	2	replicate-2
pb2	105	2	replicate-2
pb2	106	2	replicate-2
pb2	107	2	replicate-2
pb2	108	2	replicate-2
pb2	109	2	replicate-2
pb2	110	2	replicate-2
pb2	111	2	replicate-2
pb2	112	2	replicate-2
pb2	113	2	replicate-2
pb2	114	2	replicate-2
pb2	115	2	replicate-2
pb2	116	2	replicate-2
pb2	117	2	replicate-2
pb2	118	2	replicate-2
pb2	119	2	replicate-2
pb2	120	2	replicate-2
pb2	121	2	replicate-2
pb2	122	2	replicate-2
pb2	123	2	replicate-2
pb2	124	2	replicate-2
pb2	125	2	replicate-2
pb2	126	2	replicate-2
pb2	127	2	replicate-2
pb2	128	2	replicate-2
pb2	129	2	replicate-2
pb2	130	2	replicate-2
pb2	131	3	replicate-2
pb2	132	3	replicate-2
pb2	133	3	replicate-2
pb2	134	3	replicate-2
pb2	135	3	replicate-2
pb2	136	3	replicate-2
pb2	137	3	replicate-2
pb2	138	3	replicate-2
pb2	139	3	replicate-2
pb2	140	3	replicate-2
pb2	141	3	replicate-2
pb2	142	3	replicate-2
pb2	143	3	replicate-2
pb2	144	3	replicate-2
pb2	145	3	replicate-2
pb2	146	3	replicate-2
pb2	147	3	replicate-2
pb2	148	3	replicate-2
pb2	149	3	replicate-2
pb2	150	3	replicate-2
pb2	151	3	replicate-2
pb2	152	3	replicate-2
pb2	153	3	replicate-2
pb2	154	3	replicate-2
pb2	155	3	replicate-2
pb2	156	3	replicate-2
pb2	157	3	replicate-2
pb2	158	3	replicate-2
pb2	159	3	replicate-2
pb2	160	3	replicate-2
pb2	161	3	replicate-2
pb2	162	3	replicate-2
pb2	163	3	replicate-2
pb2	164	3	replicate-2
pb2	165	3	replicate-2
pb2	166	3	replicate-2
pb2	167	3	replicate-2
pb2	168	3	replicate-2
pb2	169	3	replicate-2
pb2	170	3	replicate-2
pb2	171	2	replicate-2
pb2	172	3	replicate-2
pb2	173	3	replicate-2
pb2	174	4	replicate-2
pb2	175	4	replicate-2
pb2	176	4	replicate-2
pb2	177	4	replicate-2
pb2	178	4	replicate-2
pb2	179	4	replicate-2
pb2	180	4	replicate-2
pb2	181	4	replicate-2
pb2	182	4	replicate-2
pb2	183	4	replicate-2
pb2	184	4	replicate-2
pb2	185	4	replicate-2
pb2	186	4	replicate-2
pb2	187	4	replicate-2
pb2	188	4	replicate-2
pb2	189	4	replicate-2
pb2	190	4	replicate-2
pb2	191	4	replicate-2
pb2	192	3	replicate-2
pb2	193	3	replicate-2
pb2	194	3	replicate-2
pb2	195	3	replicate-2
pb2	196	3	replicate-2
pb2	197	3	replicate-2
pb2	198	3	replicate-2
pb2	199	4	replicate-2
pb2	200	4	replicate-2
pb2	201	4	replicate-2
pb2	202	4	replicate-2
pb2	203	4	replicate-2
pb2	204	4	replicate-2
pb2	205	4	replicate-2
pb2	206	4	replicate-2
pb2	207	4	replicate-2
pb2	208	4	replicate-2
pb2	209	4	replicate-2
pb2	210	4	replicate-2
pb2	211	4	replicate-2
pb2	212	4	replicate-2
pb2	213	4	replicate-2
pb2	214	5	replicate-2
pb2	215	5	replicate-2
pb2	216	5	replicate-2
pb2	217	5	replicate-2
pb2	218	5	replicate-2
pb2	219	5	replicate-2
pb2	220	5	replicate-2
pb2	221	5	replicate-2
pb2	222	5	replicate-2
pb2	223	5	replicate-2
pb2	224	5	replicate-2
pb2	225	5	replicate-2
pb2	226	5	replicate-2
pb2	227	6	replicate-2
pb2	228	6	replicate-2
pb2	229	6	replicate-2
pb2	230	6	replicate-2
pb2	231	6	replicate-2
pb2	232	5	replicate-2
pb2	233	5	replicate-2
pb2	234	5	replicate-2
pb2	235	5	replicate-2
pb2	236	5	replicate-2
pb2	237	5	replicate-2
pb2	238	5	replicate-2
pb2	239	5	replicate-2
pb2	240	5	replicate-2
pb2	241	5	replicate-2
pb2	242	5	replicate-2
pb2	243	4	replicate-2
pb2	244	4	replicate-2
pb2	245	4	replicate-2
pb2	246	4	replicate-2
pb2	247	4	replicate-2
pb2	248	4	replicate-2
pb2	249	4	replicate-2
pb2	250	4	replicate-2
pb2	251	4	replicate-2
pb2	252	4	replicate-2
pb2	253	4	replicate-2
pb2	254	4	replicate-2
pb2	255	4	replicate-2
pb2	256	4	replicate-2
pb2	257	4	replicate-2
pb2	258	4	replicate-2
pb2	259	4	replicate-2
pb2	260	4	replicate-2
pb2	261	4	replicate-2
pb2	262	4	replicate-2
pb2	263	4	replicate-2
pb2	264	4	replicate-2
pb2	265	4	replicate-2
pb2	266	4	replicate-2
pb2	267	3	replicate-2
pb2	268	4	replicate-2
pb2	269	4	replicate-2
pb2	270	4	replicate-2
pb2	271	4	replicate-2
pb2	272	4	replicate-2
pb2	273	4	replicate-2
pb2	274	4	replicate-2
pb2	275	4	replicate-2
pb2	276	4	replicate-2
pb2	277	4	replicate-2
pb2	278	4	replicate-2
pb2	279	4	replicate-2
pb2	280	5	replicate-2
pb2	281	5	replicate-2
pb2	282	5	replicate-2
pb2	283	5	replicate-2
pb2	284	5	replicate-2
pb2	285	5	replicate-2
pb2	286	5	replicate-2
pb2	287	5	replicate-2
pb2	288	5	replicate-2
pb2	289	4	replicate-2
pb2	290	4	replicate-2
pb2	291	4	replicate-2
pb2	292	6	replicate-2
pb2	293	6	replicate-2
pb2	294	6	replicate-2
pb2	295	5	replicate-2
pb2	296	5	replicate-2
pb2	297	6	replicate-2
pb2	298	6	replicate-2
pb2	299	6	replicate-2
pb2	300	6	replicate-2
pb2	301	6	replicate-2
pb2	302	6	replicate-2
pb2	303	6	replicate-2
pb2	304	6	replicate-2
pb2	305	6	replicate-2
pb2	306	6	replicate-2
pb2	307	7	replicate-2
pb2	308	7	replicate-2
pb2	309	7	replicate-2
pb2	310	7	replicate-2
pb2	311	7	replicate-2
pb2	312	7	replicate-2
pb2	313	7	replicate-2
pb2	314	7	replicate-2
pb2	315	7	replicate-2
pb2	316	7	replicate-2
pb2	317	7	replicate-2
pb2	318	7	replicate-2
pb2	319	7	replicate-2
pb2	320	7	replicate-2
pb2	321	7	replicate-2
pb2	322	7	replicate-2
pb2	323	7	replicate-2
pb2	324	9	replicate-2
pb2	325	9	replicate-2
pb2	326	9	replicate-2
pb2	327	9	replicate-2
pb2	328	9	replicate-2
pb2	329	9	replicate-2
pb2	330	9	replicate-2
pb2	331	9	replicate-2
pb2	332	9	replicate-2
pb2	333	9	replicate-2
pb2	334	9	replicate-2
pb2	335	9	replicate-2
pb2	336	8	replicate-2
pb2	337	8	replicate-2
pb2	338	8	replicate-2
pb2	339	8	replicate-2
pb2	340	8	replicate-2
pb2	341	8	replicate-2
pb2	342	8	replicate-2
pb2	343	8	replicate-2
pb2	344	8	replicate-2
pb2	345	8	replicate-2
pb2	346	8	replicate-2
pb2	347	8	replicate-2
pb2	348	8	replicate-2
pb2	349	8	replicate-2
pb2	350	8	replicate-2
pb2	351	8	replicate-2
pb2	352	8	replicate-2
pb2	353	7	replicate-2
pb2	354	5	replicate-2
pb2	355	5	replicate-2
pb2	356	5	replicate-2
pb2	357	5	replicate-2
pb2	358	5	replicate-2
pb2	359	5	replicate-2
pb2	360	5	replicate-2
pb2	361	5	replicate-2
pb2	362	5	replicate-2
pb2	363	5	replicate-2
pb2	364	5	replicate-2
pb2	365	5	replicate-2
pb2	366	5	replicate-2
pb2	367	4	replicate-2
pb2	368	4	replicate-2
pb2	369	2	replicate-2
pb2	370	2	replicate-2
pb2	371	2	replicate-2
pb2	372	1	replicate-2
pb2	373	1	replicate-2
pb2	374	1	replicate-2
pb2	375	1	replicate-2
pb2	376	1	replicate-2
pb2	377	1	replicate-2
pb2	378	1	replicate-2
pb2	379	1	replicate-2
pb2	380	1	replicate-2
pb2	381	1	replicate-2
pb2	382	1	replicate-2
pb2	383	1	replicate-2
pb2	384	1	replicate-2
pb2	385	1	replicate-2
pb2	386	1	replicate-2
pb2	387	1	replicate-2
pb2	388	1	replicate-2
pb2	389	1	replicate-2
pb2	390	1	replicate-2
pb2	391	1	replicate-2
pb2	392	1	replicate-2
pb2	393	1	replicate-2
pb2	394	1	replicate-2
pb2	395	1	replicate-2
pb2	396	1	replicate-2
pb2	397	1	replicate-2
pb2	398	1	replicate-2
pb2	399	1	replicate-2
pb2	400	1	replicate-2
pb2	401	1	replicate-2
pb2	402	1	replicate-2
pb2	403	1	replicate-2
pb2	404	1	replicate-2
pb2	405	1	replicate-2
pb2	406	1	replicate-2
pb2	407	1	replicate-2
pb2	408	1	replicate-2
pb2	409	1	replicate-2
pb2	410	1	replicate-2
pb2	411	1	replicate-2
pb2	412	1	replicate-2
pb2	413	1	replicate-2
pb2	414	1	replicate-2
pb2	415	1	replicate-2
pb2	442	1	replicate-2
pb2	443	1	replicate-2
pb2	444	1	replicate-2
pb2	445	1	replicate-2
pb2	446	1	replicate-2
pb2	447	1	replicate-2
pb2	448	1	replicate-2
pb2	449	1	replicate-2
pb2	450	1	replicate-2
pb2	451	1	replicate-2
pb2	452	1	replicate-2
pb2	453	1	replicate-2
pb2	454	1	replicate-2
pb2	455	1	replicate-2
pb2	456	1	replicate-2
pb2	457	1	replicate-2
pb2	458	1	replicate-2
pb2	459	1	replicate-2
pb2	460	1	replicate-2
pb2	461	1	replicate-2
pb2	462	1	replicate-2
pb2	463	1	replicate-2
pb2	464	1	replicate-2
pb2	465	1	replicate-2
pb2	466	1	replicate-2
pb2	467	1	replicate-2
pb2	468	1	replicate-2
pb2	469	1	replicate-2
pb2	470	1	replicate-2
pb2	471	1	replicate-2
pb2	472	1	replicate-2
pb2	473	1	replicate-2
pb2	474	1	replicate-2
pb2	475	1	replicate-2
pb2	476	1	replicate-2
pb2	477	1	replicate-2
pb2	478	1	replicate-2
pb2	479	1	replicate-2
pb2	480	1	replicate-2
pb2	481	1	replicate-2
pb2	482	1	replicate-2
pb2	483	1	replicate-2
pb2	484	1	replicate-2
pb2	485	1	replicate-2
pb2	486	1	replicate-2
pb2	487	1	replicate-2
pb2	488	1	replicate-2
pb2	489	1	replicate-2
pb2	490	1	replicate-2
pb2	491	1	replicate-2
pb2	492	1	replicate-2
pb2	493	1	replicate-2
pb2	494	1	replicate-2
pb2	495	1	replicate-2
pb2	496	1	replicate-2
pb2	497	1	replicate-2
pb2	498	1	replicate-2
pb2	499	1	replicate-2
pb2	500	1	replicate-2
pb2	501	1	replicate-2
pb2	502	1	replicate-2
pb2	503	1	replicate-2
pb2	504	1	replicate-2
pb2	505	1	replicate-2
pb2	506	1	replicate-2
pb2	507	1	replicate-2
pb2	508	1	replicate-2
pb2	509	1	replicate-2
pb2	510	1	replicate-2
pb2	511	1	replicate-2
pb2	512	1	replicate-2
pb2	513	1	replicate-2
pb2	514	1	replicate-2
pb2	515	1	replicate-2
pb2	516	1	replicate-2
pb2	517	1	replicate-2
pb2	518	1	replicate-2
pb2	519	1	replicate-2
pb2	520	1	replicate-2
pb2	521	1	replicate-2
pb2	522	1	replicate-2
pb2	523	1	replicate-2
pb2	524	1	replicate-2
pb2	525	1	replicate-2
pb2	526	1	replicate-2
pb2	527	1	replicate-2
pb2	528	1	replicate-2
pb2	529	1	replicate-2
pb2	530	1	replicate-2
pb2	531	1	replicate-2
pb2	532	1	replicate-2
pb2	533	1	replicate-2
pb2	534	1	replicate-2
pb2	535	1	replicate-2
pb2	536	1	replicate-2
pb2	537	1	replicate-2
pb2	538	1	replicate-2
pb2	539	1	replicate-2
pb2	540	1	replicate-2
pb2	541	1	replicate-2
pb2	542	1	replicate-2
pb2	543	1	replicate-2
pb2	544	1	replicate-2
pb2	545	1	replicate-2
pb2	546	1	replicate-2
pb2	547	1	replicate-2
pb2	548	1	replicate-2
pb2	549	1	replicate-2
pb2	550	1	replicate-2
pb2	551	1	replicate-2
pb2	552	1	replicate-2
pb2	553	1	replicate-2
pb2	554	1	replicate-2
pb2	555	1	replicate-2
pb2	556	1	replicate-2
pb2	557	1	replicate-2
pb2	558	1	replicate-2
pb2	559	1	replicate-2
pb2	560	1	replicate-2
pb2	561	1	replicate-2
pb2	562	1	replicate-2
pb2	563	1	replicate-2
pb2	564	1	replicate-2
pb2	565	1	replicate-2
pb2	566	1	replicate-2
pb2	567	1	replicate-2
pb2	568	1	replicate-2
pb2	569	2	replicate-2
pb2	570	2	replicate-2
pb2	571	2	replicate-2
pb2	572	2	replicate-2
pb2	573	2	replicate-2
pb2	574	2	replicate-2
pb2	575	2	replicate-2
pb2	576	2	replicate-2
pb2	577	2	replicate-2
pb2	578	2	replicate-2
pb2	579	2	replicate-2
pb2	580	2	replicate-2
pb2	581	2	replicate-2
pb2	582	2	replicate-2
pb2	583	2	replicate-2
pb2	584	2	replicate-2
pb2	585	2	replicate-2
pb2	586	2	replicate-2
pb2	587	2	replicate-2
pb2	588	1	replicate-2
pb2	589	1	replicate-2
pb2	590	1	replicate-2
pb2	591	1	replicate-2
pb2	592	1	replicate-2
pb2	593	1	replicate-2
pb2	594	1	replicate-2
pb2	595	1	replicate-2
pb2	596	1	replicate-2
pb2	597	1	replicate-2
pb2	598	1	replicate-2
pb2	599	1	replicate-2
pb2	600	1	replicate-2
pb2	601	1	replicate-2
pb2	602	1	replicate-2
pb2	603	1	replicate-2
pb2	604	1	replicate-2
pb2	605	1	replicate-2
pb2	606	1	replicate-2
pb2	607	1	replicate-2
pb2	608	1	replicate-2
pb2	609	1	replicate-2
pb2	610	1	replicate-2
pb2	611	1	replicate-2
pb2	612	1	replicate-2
pb2	613	1	replicate-2
pb2	614	1	replicate-2
pb2	615	1	replicate-2
pb2	616	1	replicate-2
pb2	617	1	replicate-2
pb2	618	1	replicate-2
pb2	619	1	replicate-2
pb2	620	1	replicate-2
pb2	621	1	replicate-2
pb2	622	1	replicate-2
pb2	623	1	replicate-2
pb2	624	1	replicate-2
pb2	625	1	replicate-2
pb2	626	1	replicate-2
pb2	627	1	replicate-2
pb2	628	1	replicate-2
pb2	629	1	replicate-2
pb2	630	1	replicate-2
pb2	631	1	replicate-2
pb2	632	1	replicate-2
pb2	633	1	replicate-2
pb2	634	1	replicate-2
pb2	635	1	replicate-2
pb2	636	1	replicate-2
pb2	637	1	replicate-2
pb2	638	1	replicate-2
pb2	639	1	replicate-2
pb2	640	1	replicate-2
pb2	641	1	replicate-2
pb2	642	1	replicate-2
pb2	643	1	replicate-2
pb2	644	1	replicate-2
pb2	645	1	replicate-2
pb2	793	1	replicate-2
pb2	794	1	replicate-2
pb2	795	1	replicate-2
pb2	796	1	replicate-2
pb2	797	1	replicate-2
pb2	798	1	replicate-2
pb2	799	1	replicate-2
pb2	800	1	replicate-2
pb2	801	1	replicate-2
pb2	802	2	replicate-2
pb2	803	2	replicate-2
pb2	804	2	replicate-2
pb2	805	2	replicate-2
pb2	806	2	replicate-2
pb2	807	2	replicate-2
pb2	808	2	replicate-2
pb2	809	2	replicate-2
pb2	810	2	replicate-2
pb2	811	2	replicate-2
pb2	812	2	replicate-2
pb2	813	2	replicate-2
pb2	814	2	replicate-2
pb2	815	2	replicate-2
pb2	816	2	replicate-2
pb2	817	2	replicate-2
pb2	818	2	replicate-2
pb2	819	2	replicate-2
pb2	820	2	replicate-2
pb2	821	2	replicate-2
pb2	822	2	replicate-2
pb2	823	2	replicate-2
pb2	824	2	replicate-2
pb2	825	2	replicate-2
pb2	826	2	replicate-2
pb2	827	2	replicate-2
pb2	828	2	replicate-2
pb2	829	2	replicate-2
pb2	830	2	replicate-2
pb2	831	2	replicate-2
pb2	832	3	replicate-2
pb2	833	3	replicate-2
pb2	834	3	replicate-2
pb2	835	3	replicate-2
pb2	836	3	replicate-2
pb2	837	3	replicate-2
pb2	838	3	replicate-2
pb2	839	3	replicate-2
pb2	840	3	replicate-2
pb2	841	3	replicate-2
pb2	842	3	replicate-2
pb2	843	3	replicate-2
pb2	844	3	replicate-2
pb2	845	3	replicate-2
pb2	846	3	replicate-2
pb2	847	3	replicate-2
pb2	848	3	replicate-2
pb2	849	3	replicate-2
pb2	850	3	replicate-2
pb2	851	3	replicate-2
pb2	852	4	replicate-2
pb2	853	4	replicate-2
pb2	854	4	replicate-2
pb2	855	4	replicate-2
pb2	856	4	replicate-2
pb2	857	4	replicate-2
pb2	858	4	replicate-2
pb2	859	4	replicate-2
pb2	860	4	replicate-2
pb2	861	4	replicate-2
pb2	862	4	replicate-2
pb2	863	4	replicate-2
pb2	864	4	replicate-2
pb2	865	4	replicate-2
pb2	866	4	replicate-2
pb2	867	4	replicate-2
pb2	868	4	replicate-2
pb2	869	4	replicate-2
pb2	870	4	replicate-2
pb2	871	4	replicate-2
pb2	872	3	replicate-2
pb2	873	3	replicate-2
pb2	874	3	replicate-2
pb2	875	3	replicate-2
pb2	876	3	replicate-2
pb2	877	3	replicate-2
pb2	878	3	replicate-2
pb2	879	3	replicate-2
pb2	880	3	replicate-2
pb2	881	2	replicate-2
pb2	882	2	replicate-2
pb2	883	2	replicate-2
pb2	884	2	replicate-2
pb2	885	2	replicate-2
pb2	886	2	replicate-2
pb2	887	2	replicate-2
pb2	888	2	replicate-2
pb2	889	2	replicate-2
pb2	890	2	replicate-2
pb2	891	2	replicate-2
pb2	892	2	replicate-2
pb2	893	3	replicate-2
pb2	894	3	replicate-2
pb2	895	3	replicate-2
pb2	896	3	replicate-2
pb2	897	3	replicate-2
pb2	898	3	replicate-2
pb2	899	3	replicate-2
pb2	900	3	replicate-2
pb2	901	3	replicate-2
pb2	902	3	replicate-2
pb2	903	3	replicate-2
pb2	904	3	replicate-2
pb2	905	3	replicate-2
pb2	906	3	replicate-2
pb2	907	3	replicate-2
pb2	908	3	replicate-2
pb2	909	3	replicate-2
pb2	910	3	replicate-2
pb2	911	3	replicate-2
pb2	912	3	replicate-2
pb2	913	3	replicate-2
pb2	914	3	replicate-2
pb2	915	3	replicate-2
pb2	916	3	replicate-2
pb2	917	3	replicate-2
pb2	918	3	replicate-2
pb2	919	2	replicate-2
pb2	920	2	replicate-2
pb2	921	2	replicate-2
pb2	922	1	replicate-2
pb2	923	1	replicate-2
pb2	924	1	replicate-2
pb2	925	1	replicate-2
pb2	926	1	replicate-2
pb2	927	1	replicate-2
pb2	928	1	replicate-2
pb2	929	1	replicate-2
pb2	930	1	replicate-2
pb2	931	1	replicate-2
pb2	932	1	replicate-2
pb2	933	1	replicate-2
pb2	934	1	replicate-2
pb2	935	1	replicate-2
pb2	936	1	replicate-2
pb2	937	1	replicate-2
pb2	938	1	replicate-2
pb2	939	1	replicate-2
pb2	940	1	replicate-2
pb2	941	1	replicate-2
pb2	942	1	replicate-2
pb2	943	1	replicate-2
pb2	944	1	replicate-2
pb2	945	1	replicate-2
pb2	946	1	replicate-2
pb2	947	1	replicate-2
pb2	948	1	replicate-2
pb2	949	1	replicate-2
pb2	950	1	replicate-2
pb2	951	1	replicate-2
pb2	952	1	replicate-2
pb2	953	1	replicate-2
pb2	954	1	replicate-2
pb2	955	1	replicate-2
pb2	956	1	replicate-2
pb2	957	1	replicate-2
pb2	958	1	replicate-2
pb2	959	1	replicate-2
pb2	960	1	replicate-2
pb2	961	1	replicate-2
pb2	962	1	replicate-2
pb2	1162	1	replicate-2
pb2	1163	1	replicate-2
pb2	1164	1	replicate-2
pb2	1165	1	replicate-2
pb2	1166	1	replicate-2
pb2	1167	1	replicate-2
pb2	1168	1	replicate-2
pb2	1169	1	replicate-2
pb2	1170	1	replicate-2
pb2	1171	1	replicate-2
pb2	1172	1	replicate-2
pb2	1173	1	replicate-2
pb2	1174	1	replicate-2
pb2	1175	1	replicate-2
pb2	1176	1	replicate-2
pb2	1177	1	replicate-2
pb2	1178	1	replicate-2
pb2	1179	1	replicate-2
pb2	1180	1	replicate-2
pb2	1181	1	replicate-2
pb2	1182	1	replicate-2
pb2	1183	1	replicate-2
pb2	1184	1	replicate-2
pb2	1185	1	replicate-2
pb2	1186	1	replicate-2
pb2	1187	1	replicate-2
pb2	1188	1	replicate-2
pb2	1189	1	replicate-2
pb2	1190	1	replicate-2
pb2	1191	1	replicate-2
pb2	1192	1	replicate-2
pb2	1193	1	replicate-2
pb2	1194	1	replicate-2
pb2	1195	1	replicate-2
pb2	1196	1	replicate-2
pb2	1197	1	replicate-2
pb2	1198	1	replicate-2
pb2	1199	1	replicate-2
pb2	1200	1	replicate-2
pb2	1201	1	replicate-2
pb2	1202	1	replicate-2
pb2	1203	1	replicate-2
pb2	1204	1	replicate-2
pb2	1205	1	replicate-2
pb2	1206	1	replicate-2
pb2	1207	1	replicate-2
pb2	1208	1	replicate-2
pb2	1209	1	replicate-2
pb2	1210	1	replicate-2
pb2	1211	1	replicate-2
pb2	1212	1	replicate-2
pb2	1213	1	replicate-2
pb2	1214	1	replicate-2
pb2	1215	1	replicate-2
pb2	1216	1	replicate-2
pb2	1217	1	replicate-2
pb2	1218	1	replicate-2
pb2	1219	1	replicate-2
pb2	1220	1	replicate-2
pb2	1221	1	replicate-2
pb2	1222	1	replicate-2
pb2	1223	1	replicate-2
pb2	1224	1	replicate-2
pb2	1225	2	replicate-2
pb2	1226	2	replicate-2
pb2	1227	2	replicate-2
pb2	1228	2	replicate-2
pb2	1229	2	replicate-2
pb2	1230	2	replicate-2
pb2	1231	2	replicate-2
pb2	1232	3	replicate-2
pb2	1233	3	replicate-2
pb2	1234	3	replicate-2
pb2	1235	3	replicate-2
pb2	1236	3	replicate-2
pb2	1237	3	replicate-2
pb2	1238	3	replicate-2
pb2	1239	3	replicate-2
pb2	1240	3	replicate-2
pb2	1241	3	replicate-2
pb2	1242	3	replicate-2
pb2	1243	3	replicate-2
pb2	1244	3	replicate-2
pb2	1245	3	replicate-2
pb2	1246	3	replicate-2
pb2	1247	3	replicate-2
pb2	1248	3	replicate-2
pb2	1249	3	replicate-2
pb2	1250	4	replicate-2
pb2	1251	4	replicate-2
pb2	1252	4	replicate-2
pb2	1253	4	replicate-2
pb2	1254	4	replicate-2
pb2	1255	4	replicate-2
pb2	1256	4	replicate-2
pb2	1257	4	replicate-2
pb2	1258	4	replicate-2
pb2	1259	4	replicate-2
pb2	1260	4	replicate-2
pb2	1261	4	replicate-2
pb2	1262	4	replicate-2
pb2	1263	4	replicate-2
pb2	1264	4	replicate-2
pb2	1265	4	replicate-2
pb2	1266	4	replicate-2
pb2	1267	4	replicate-2
pb2	1268	4	replicate-2
pb2	1269	4	replicate-2
pb2	1270	4	replicate-2
pb2	1271	4	replicate-2
pb2	1272	4	replicate-2
pb2	1273	4	replicate-2
pb2	1274	4	replicate-2
pb2	1275	4	replicate-2
pb2	1276	4	replicate-2
pb2	1277	4	replicate-2
pb2	1278	2	replicate-2
pb2	1279	2	replicate-2
pb2	1280	2	replicate-2
pb2	1281	2	replicate-2
pb2	1282	2	replicate-2
pb2	1283	2	replicate-2
pb2	1284	2	replicate-2
pb2	1285	2	replicate-2
pb2	1286	2	replicate-2
pb2	1287	2	replicate-2
pb2	1288	2	replicate-2
pb2	1289	2	replicate-2
pb2	1290	2	replicate-2
pb2	1291	2	replicate-2
pb2	1292	2	replicate-2
pb2	1293	2	replicate-2
pb2	1294	2	replicate-2
pb2	1295	2	replicate-2
pb2	1296	2	replicate-2
pb2	1297	2	replicate-2
pb2	1298	2	replicate-2
pb2	1299	2	replicate-2
pb2	1300	2	replicate-2
pb2	1301	2	replicate-2
pb2	1302	2	replicate-2
pb2	1303	2	replicate-2
pb2	1304	2	replicate-2
pb2	1305	2	replicate-2
pb2	1306	2	replicate-2
pb2	1307	2	replicate-2
pb2	1308	2	replicate-2
pb2	1309	2	replicate-2
pb2	1310	2	replicate-2
pb2	1311	2	replicate-2
pb2	1312	2	replicate-2
pb2	1313	2	replicate-2
pb2	1314	2	replicate-2
pb2	1315	2	replicate-2
pb2	1316	2	replicate-2
pb2	1317	2	replicate-2
pb2	1318	2	replicate-2
pb2	1319	2	replicate-2
pb2	1320	2	replicate-2
pb2	1321	2	replicate-2
pb2	1322	2	replicate-2
pb2	1323	2	replicate-2
pb2	1324	2	replicate-2
pb2	1325	2	replicate-2
pb2	1326	2	replicate-2
pb2	1327	2	replicate-2
pb2	1328	2	replicate-2
pb2	1329	2	replicate-2
pb2	1330	2	replicate-2
pb2	1331	2	replicate-2
pb2	1332	2	replicate-2
pb2	1333	2	replicate-2
pb2	1334	2	replicate-2
pb2	1335	2	replicate-2
pb2	1336	2	replicate-2
pb2	1337	2	replicate-2
pb2	1338	2	replicate-2
pb2	1339	2	replicate-2
pb2	1340	2	replicate-2
pb2	1341	2	replicate-2
pb2	1342	2	replicate-2
pb2	1343	2	replicate-2
pb2	1344	2	replicate-2
pb2	1345	2	replicate-2
pb2	1346	2	replicate-2
pb2	1957	2	replicate-2
pb2	1958	2	replicate-2
pb2	1959	2	replicate-2
pb2	1960	2	replicate-2
pb2	1961	2	replicate-2
pb2	1962	2	replicate-2
pb2	1963	2	replicate-2
pb2	1964	2	replicate-2
pb2	1965	2	replicate-2
pb2	1966	2	replicate-2
pb2	1967	2	replicate-2
pb2	1968	2	replicate-2
pb2	1969	2	replicate-2
pb2	1970	2	replicate-2
pb2	1971	2	replicate-2
pb2	1972	2	replicate-2
pb2	1973	2	replicate-2
pb2	1974	2	replicate-2
pb2	1975	2	replicate-2
pb2	1976	2	replicate-2
pb2	1977	2	replicate-2
pb2	1978	2	replicate-2
pb2	1979	2	replicate-2
pb2	1980	2	replicate-2
pb2	1981	2	replicate-2
pb2	1982	2	replicate-2
pb2	1983	2	replicate-2
pb2	1984	2	replicate-2
pb2	1985	2	replicate-2
pb2	1986	2	replicate-2
pb2	1987	2	replicate-2
pb2	1988	2	replicate-2
pb2	1989	2	replicate-2
pb2	1990	2	replicate-2
pb2	1991	2	replicate-2
pb2	1992	2	replicate-2
pb2	1993	3	replicate-2
pb2	1994	3	replicate-2
pb2	1995	3	replicate-2
pb2	1996	3	replicate-2
pb2	1997	3	replicate-2
pb2	1998	3	replicate-2
pb2	1999	3	replicate-2
pb2	2000	3	replicate-2
pb2	2001	3	replicate-2
pb2	2002	3	replicate-2
pb2	2003	3	replicate-2
pb2	2004	3	replicate-2
pb2	2005	3	replicate-2
pb2	2006	3	replicate-2
pb2	2007	3	replicate-2
pb2	2008	3	replicate-2
pb2	2009	3	replicate-2
pb2	2010	3	replicate-2
pb2	2011	3	replicate-2
pb2	2012	3	replicate-2
pb2	2013	3	replicate-2
pb2	2014	3	replicate-2
pb2	2015	3	replicate-2
pb2	2016	3	replicate-2
pb2	2017	3	replicate-2
pb2	2018	3	replicate-2
pb2	2019	3	replicate-2
pb2	2020	3	replicate-2
pb2	2021	3	replicate-2
pb2	2022	3	replicate-2
pb2	2023	3	replicate-2
pb2	2024	3	replicate-2
pb2	2025	3	replicate-2
pb2	2026	3	replicate-2
pb2	2027	3	replicate-2
pb2	2028	3	replicate-2
pb2	2029	3	replicate-2
pb2	2030	3	replicate-2
pb2	2031	3	replicate-2
pb2	2032	3	replicate-2
pb2	2033	3	replicate-2
pb2	2034	3	replicate-2
pb2	2035	3	replicate-2
pb2	2036	3	replicate-2
pb2	2037	3	replicate-2
pb2	2038	3	replicate-2
pb2	2039	3	replicate-2
pb2	2040	3	replicate-2
pb2	2041	3	replicate-2
pb2	2042	3	replicate-2
pb2	2043	3	replicate-2
pb2	2044	4	replicate-2
pb2	2045	4	replicate-2
pb2	2046	4	replicate-2
pb2	2047	4	replicate-2
pb2	2048	4	replicate-2
pb2	2049	4	replicate-2
pb2	2050	4	replicate-2
pb2	2051	4	replicate-2
pb2	2052	4	replicate-2
pb2	2053	4	replicate-2
pb2	2054	4	replicate-2
pb2	2055	4	replicate-2
pb2	2056	4	replicate-2
pb2	2057	4	replicate-2
pb2	2058	4	replicate-2
pb2	2059	4	replicate-2
pb2	2060	4	replicate-2
pb2	2061	4	replicate-2
pb2	2062	4	replicate-2
pb2	2063	4	replicate-2
pb2	2064	4	replicate-2
pb2	2065	4	replicate-2
pb2	2066	4	replicate-2
pb2	2067	3	replicate-2
pb2	2068	3	replicate-2
pb2	2069	3	replicate-2
pb2	2070	3	replicate-2
pb2	2071	3	replicate-2
pb2	2072	3	replicate-2
pb2	2073	3	replicate-2
pb2	2074	3	replicate-2
pb2	2075	3	replicate-2
pb2	2076	3	replicate-2
pb2	2077	3	replicate-2
pb2	2078	3	replicate-2
pb2	2079	3	replicate-2
pb2	2080	3	replicate-2
pb2	2081	3	replicate-2
pb2	2082	3	replicate-2
pb2	2083	3	replicate-2
pb2	2084	3	replicate-2
pb2	2085	3	replicate-2
pb2	2086	3	replicate-2
pb2	2087	3	replicate-2
pb2	2088	3	replicate-2
pb2	2089	3	replicate-2
pb2	2090	3	replicate-2
pb2	2091	3	replicate-2
pb2	2092	3	replicate-2
pb2	2093	3	replicate-2
pb2	2094	1	replicate-2
pb2	2095	1	replicate-2
pb2	2096	1	replicate-2
pb2	2097	1	replicate-2
pb2	2098	1	replicate-2
pb2	2099	1	replicate-2
pb2	2100	1	replicate-2
pb2	2101	1	replicate-2
pb2	2102	1	replicate-2
pb2	2103	1	replicate-2
pb2	2104	1	replicate-2
pb2	2105	1	replicate-2
pb2	2106	1	replicate-2
pb2	2107	1	replicate-2
pb2	2108	1	replicate-2
pb2	2109	1	replicate-2
pb2	2110	1	replicate-2
pb2	2111	1	replicate-2
pb2	2112	1	replicate-2
pb2	2113	1	replicate-2
pb2	2114	1	replicate-2
pb2	2115	1	replicate-2
pb2	2116	1	replicate-2
pb2	2117	1	replicate-2
pb2	2118	1	replicate-2
pb2	2119	1	replicate-2
pb2	2120	1	replicate-2
pb2	2121	1	replicate-2
pb2	2122	1	replicate-2
pb2	2123	1	replicate-2
pb2	2124	1	replicate-2
pb2	2125	1	replicate-2
pb2	2126	1	replicate-2
pb2	2127	1	replicate-2
pb2	2128	1	replicate-2
pb2	2129	1	replicate-2
pb2	2130	1	replicate-2
pb2	2131	1	replicate-2
pb2	2132	1	replicate-2
pb2	2133	1	replicate-2
pb2	2134	1	replicate-2
pb2	2135	1	replicate-2
pb2	2136	1	replicate-2
pb2	2137	1	replicate-2
pb2	2138	1	replicate-2
pa	1	1	replicate-2
pa	2	2	replicate-2
pa	3	2	replicate-2
pa	4	2	replicate-2
pa	5	2	replicate-2
pa	6	2	replicate-2
pa	7	2	replicate-2
pa	8	2	replicate-2
pa	9	2	replicate-2
pa	10	2	replicate-2
pa	11	2	replicate-2
pa	12	2	replicate-2
pa	13	2	replicate-2
pa	14	2	replicate-2
pa	15	2	replicate-2
pa	16	2	replicate-2
pa	17	2	replicate-2
pa	18	2	replicate-2
pa	19	2	replicate-2
pa	20	2	replicate-2
pa	21	3	replicate-2
pa	22	3	replicate-2
pa	23	3	replicate-2
pa	24	3	replicate-2
pa	25	4	replicate-2
pa	26	4	replicate-2
pa	27	4	replicate-2
pa	28	4	replicate-2
pa	29	4	replicate-2
pa	30	4	replicate-2
pa	31	4	replicate-2
pa	32	4	replicate-2
pa	33	4	replicate-2
pa	34	4	replicate-2
pa	35	4	replicate-2
pa	36	4	replicate-2
pa	37	4	replicate-2
pa	38	4	replicate-2
pa	39	4	replicate-2
pa	40	4	replicate-2
pa	41	4	replicate-2
pa	42	4	replicate-2
pa	43	4	replicate-2
pa	44	4	replicate-2
pa	45	4	replicate-2
pa	46	4	replicate-2
pa	47	5	replicate-2
pa	48	5	replicate-2
pa	49	5	replicate-2
pa	50	5	replicate-2
pa	51	5	replicate-2
pa	52	5	replicate-2
pa	53	4	replicate-2
pa	54	4	replicate-2
pa	55	4	replicate-2
pa	56	4	replicate-2
pa	57	4	replicate-2
pa	58	4	replicate-2
pa	59	4	replicate-2
pa	60	4	replicate-2
pa	61	4	replicate-2
pa	62	4	replicate-2
pa	63	4	replicate-2
pa	64	4	replicate-2
pa	65	4	replicate-2
pa	66	4	replicate-2
pa	67	4	replicate-2
pa	68	4	replicate-2
pa	69	4	replicate-2
pa	70	4	replicate-2
pa	71	4	replicate-2
pa	72	4	replicate-2
pa	73	4	replicate-2
pa	74	4	replicate-2
pa	75	4	replicate-2
pa	76	4	replicate-2
pa	77	4	replicate-2
pa	78	4	replicate-2
pa	79	4	replicate-2
pa	80	4	replicate-2
pa	81	4	replicate-2
pa	82	4	replicate-2
pa	83	4	replicate-2
pa	84	4	replicate-2
pa	85	4	replicate-2
pa	86	4	replicate-2
pa	87	5	replicate-2
pa	88	6	replicate-2
pa	89	6	replicate-2
pa	90	6	replicate-2
pa	91	6	replicate-2
pa	92	6	replicate-2
pa	93	6	replicate-2
pa	94	8	replicate-2
pa	95	8	replicate-2
pa	96	8	replicate-2
pa	97	8	replicate-2
pa	98	8	replicate-2
pa	99	8	replicate-2
pa	100	8	replicate-2
pa	101	8	replicate-2
pa	102	8	replicate-2
pa	103	8	replicate-2
pa	104	8	replicate-2
pa	105	8	replicate-2
pa	106	8	replicate-2
pa	107	8	replicate-2
pa	108	8	replicate-2
pa	109	8	replicate-2
pa	110	8	replicate-2
pa	111	8	replicate-2
pa	112	8	replicate-2
pa	113	8	replicate-2
pa	114	8	replicate-2
pa	115	8	replicate-2
pa	116	7	replicate-2
pa	117	7	replicate-2
pa	118	7	replicate-2
pa	119	7	replicate-2
pa	120	7	replicate-2
pa	121	8	replicate-2
pa	122	8	replicate-2
pa	123	8	replicate-2
pa	124	8	replicate-2
pa	125	8	replicate-2
pa	126	8	replicate-2
pa	127	8	replicate-2
pa	128	8	replicate-2
pa	129	8	replicate-2
pa	130	8	replicate-2
pa	131	8	replicate-2
pa	132	8	replicate-2
pa	133	10	replicate-2
pa	134	10	replicate-2
pa	135	10	replicate-2
pa	136	10	replicate-2
pa	137	10	replicate-2
pa	138	12	replicate-2
pa	139	12	replicate-2
pa	140	14	replicate-2
pa	141	14	replicate-2
pa	142	14	replicate-2
pa	143	14	replicate-2
pa	144	13	replicate-2
pa	145	13	replicate-2
pa	146	13	replicate-2
pa	147	13	replicate-2
pa	148	13	replicate-2
pa	149	13	replicate-2
pa	150	13	replicate-2
pa	151	15	replicate-2
pa	152	15	replicate-2
pa	153	15	replicate-2
pa	154	15	replicate-2
pa	155	14	replicate-2
pa	156	14	replicate-2
pa	157	14	replicate-2
pa	158	14	replicate-2
pa	159	14	replicate-2
pa	160	14	replicate-2
pa	161	14	replicate-2
pa	162	14	replicate-2
pa	163	14	replicate-2
pa	164	14	replicate-2
pa	165	14	replicate-2
pa	166	14	replicate-2
pa	167	14	replicate-2
pa	168	14	replicate-2
pa	169	14	replicate-2
pa	170	14	replicate-2
pa	171	13	replicate-2
pa	172	13	replicate-2
pa	173	13	replicate-2
pa	174	13	replicate-2
pa	175	13	replicate-2
pa	176	13	replicate-2
pa	177	13	replicate-2
pa	178	13	replicate-2
pa	179	12	replicate-2
pa	180	12	replicate-2
pa	181	12	replicate-2
pa	182	12	replicate-2
pa	183	12	replicate-2
pa	184	12	replicate-2
pa	185	13	replicate-2
pa	186	13	replicate-2
pa	187	13	replicate-2
pa	188	13	replicate-2
pa	189	13	replicate-2
pa	190	13	replicate-2
pa	191	13	replicate-2
pa	192	12	replicate-2
pa	193	12	replicate-2
pa	194	12	replicate-2
pa	195	11	replicate-2
pa	196	11	replicate-2
pa	197	11	replicate-2
pa	198	11	replicate-2
pa	199	11	replicate-2
pa	200	11	replicate-2
pa	201	11	replicate-2
pa	202	11	replicate-2
pa	203	11	replicate-2
pa	204	11	replicate-2
pa	205	11	replicate-2
pa	206	11	replicate-2
pa	207	8	replicate-2
pa	208	8	replicate-2
pa	209	8	replicate-2
pa	210	8	replicate-2
pa	211	8	replicate-2
pa	212	8	replicate-2
pa	213	8	replicate-2
pa	214	9	replicate-2
pa	215	9	replicate-2
pa	216	9	replicate-2
pa	217	9	replicate-2
pa	218	9	replicate-2
pa	219	9	replicate-2
pa	220	9	replicate-2
pa	221	9	replicate-2
pa	222	9	replicate-2
pa	223	9	replicate-2
pa	224	9	replicate-2
pa	225	9	replicate-2
pa	226	9	replicate-2
pa	227	9	replicate-2
pa	228	9	replicate-2
pa	229	9	replicate-2
pa	230	9	replicate-2
pa	231	9	replicate-2
pa	232	9	replicate-2
pa	233	9	replicate-2
pa	234	9	replicate-2
pa	235	9	replicate-2
pa	236	9	replicate-2
pa	237	9	replicate-2
pa	238	9	replicate-2
pa	239	9	replicate-2
pa	240	9	replicate-2
pa	241	9	replicate-2
pa	242	8	replicate-2
pa	243	8	replicate-2
pa	244	8	replicate-2
pa	245	8	replicate-2
pa	246	8	replicate-2
pa	247	8	replicate-2
pa	248	8	replicate-2
pa	249	9	replicate-2
pa	250	9	replicate-2
pa	251	9	replicate-2
pa	252	9	replicate-2
pa	253	9	replicate-2
pa	254	9	replicate-2
pa	255	9	replicate-2
pa	256	9	replicate-2
pa	257	8	replicate-2
pa	258	7	replicate-2
pa	259	7	replicate-2
pa	260	7	replicate-2
pa	261	7	replicate-2
pa	262	7	replicate-2
pa	263	7	replicate-2
pa	264	7	replicate-2
pa	265	7	replicate-2
pa	266	6	replicate-2
pa	267	6	replicate-2
pa	268	6	replicate-2
pa	269	6	replicate-2
pa	270	6	replicate-2
pa	271	6	replicate-2
pa	272	6	replicate-2
pa	273	6	replicate-2
pa	274	6	replicate-2
pa	275	6	replicate-2
pa	276	6	replicate-2
pa	277	6	replicate-2
pa	278	7	replicate-2
pa	279	7	replicate-2
pa	280	7	replicate-2
pa	281	7	replicate-2
pa	282	7	replicate-2
pa	283	7	replicate-2
pa	284	7	replicate-2
pa	285	7	replicate-2
pa	286	7	replicate-2
pa	287	7	replicate-2
pa	288	7	replicate-2
pa	289	7	replicate-2
pa	290	7	replicate-2
pa	291	7	replicate-2
pa	292	7	replicate-2
pa	293	7	replicate-2
pa	294	7	replicate-2
pa	295	7	replicate-2
pa	296	6	replicate-2
pa	297	6	replicate-2
pa	298	7	replicate-2
pa	299	7	replicate-2
pa	300	7	replicate-2
pa	301	6	replicate-2
pa	302	6	replicate-2
pa	303	6	replicate-2
pa	304	6	replicate-2
pa	305	6	replicate-2
pa	306	6	replicate-2
pa	307	6	replicate-2
pa	308	6	replicate-2
pa	309	6	replicate-2
pa	310	6	replicate-2
pa	311	6	replicate-2
pa	312	6	replicate-2
pa	313	6	replicate-2
pa	314	6	replicate-2
pa	315	5	replicate-2
pa	316	5	replicate-2
pa	317	4	replicate-2
pa	318	3	replicate-2
pa	319	3	replicate-2
pa	320	3	replicate-2
pa	321	3	replicate-2
pa	322	3	replicate-2
pa	323	3	replicate-2
pa	324	3	replicate-2
pa	325	3	replicate-2
pa	326	3	replicate-2
pa	327	3	replicate-2
pa	328	3	replicate-2
pa	329	3	replicate-2
pa	330	3	replicate-2
pa	331	4	replicate-2
pa	332	4	replicate-2
pa	333	4	replicate-2
pa	334	4	replicate-2
pa	335	4	replicate-2
pa	336	4	replicate-2
pa	337	4	replicate-2
pa	338	5	replicate-2
pa	339	5	replicate-2
pa	340	5	replicate-2
pa	341	5	replicate-2
pa	342	5	replicate-2
pa	343	5	replicate-2
pa	344	5	replicate-2
pa	345	5	replicate-2
pa	346	5	replicate-2
pa	347	5	replicate-2
pa	348	5	replicate-2
pa	349	5	replicate-2
pa	350	5	replicate-2
pa	351	5	replicate-2
pa	352	5	replicate-2
pa	353	5	replicate-2
pa	354	5	replicate-2
pa	355	5	replicate-2
pa	356	5	replicate-2
pa	357	5	replicate-2
pa	358	5	replicate-2
pa	359	5	replicate-2
pa	360	5	replicate-2
pa	361	5	replicate-2
pa	362	5	replicate-2
pa	363	5	replicate-2
pa	364	5	replicate-2
pa	365	5	replicate-2
pa	366	5	replicate-2
pa	367	5	replicate-2
pa	368	5	replicate-2
pa	369	5	replicate-2
pa	370	5	replicate-2
pa	371	5	replicate-2
pa	372	5	replicate-2
pa	373	5	replicate-2
pa	374	5	replicate-2
pa	375	5	replicate-2
pa	376	5	replicate-2
pa	377	5	replicate-2
pa	378	5	replicate-2
pa	379	5	replicate-2
pa	380	4	replicate-2
pa	381	4	replicate-2
pa	382	4	replicate-2
pa	383	4	replicate-2
pa	384	4	replicate-2
pa	385	4	replicate-2
pa	386	4	replicate-2
pa	387	4	replicate-2
pa	388	4	replicate-2
pa	389	4	replicate-2
pa	390	1	replicate-2
pa	391	1	replicate-2
pa	392	1	replicate-2
pa	393	1	replicate-2
pa	394	1	replicate-2
pa	395	1	replicate-2
pa	396	1	replicate-2
pa	397	1	replicate-2
pa	398	1	replicate-2
pa	399	1	replicate-2
pa	400	1	replicate-2
pa	401	1	replicate-2
pa	402	1	replicate-2
pa	403	1	replicate-2
pa	404	1	replicate-2
pa	405	1	replicate-2
pa	406	1	replicate-2
pa	407	1	replicate-2
pa	408	1	replicate-2
pa	409	1	replicate-2
pa	410	1	replicate-2
pa	411	1	replicate-2
pa	412	1	replicate-2
pa	413	1	replicate-2
pa	414	1	replicate-2
pa	415	1	replicate-2
pa	416	1	replicate-2
pa	417	1	replicate-2
pa	418	1	replicate-2
pa	419	2	replicate-2
pa	420	2	replicate-2
pa	421	2	replicate-2
pa	422	2	replicate-2
pa	423	2	replicate-2
pa	424	2	replicate-2
pa	425	2	replicate-2
pa	426	2	replicate-2
pa	427	2	replicate-2
pa	428	2	replicate-2
pa	429	2	replicate-2
pa	430	2	replicate-2
pa	431	2	replicate-2
pa	432	2	replicate-2
pa	433	2	replicate-2
pa	434	2	replicate-2
pa	435	2	replicate-2
pa	436	2	replicate-2
pa	437	2	replicate-2
pa	438	2	replicate-2
pa	439	2	replicate-2
pa	440	2	replicate-2
pa	441	2	replicate-2
pa	442	2	replicate-2
pa	443	2	replicate-2
pa	444	2	replicate-2
pa	445	2	replicate-2
pa	446	2	replicate-2
pa	447	2	replicate-2
pa	448	2	replicate-2
pa	449	2	replicate-2
pa	450	2	replicate-2
pa	451	2	replicate-2
pa	452	2	replicate-2
pa	453	2	replicate-2
pa	454	2	replicate-2
pa	455	2	replicate-2
pa	456	1	replicate-2
pa	457	1	replicate-2
pa	458	1	replicate-2
pa	459	1	replicate-2
pa	460	1	replicate-2
pa	461	1	replicate-2
pa	462	1	replicate-2
pa	463	1	replicate-2
pa	464	1	replicate-2
pa	465	1	replicate-2
pa	466	1	replicate-2
pa	467	1	replicate-2
pa	468	1	replicate-2
pa	469	1	replicate-2
pa	470	1	replicate-2
pa	471	1	replicate-2
pa	472	1	replicate-2
pa	473	1	replicate-2
pa	474	1	replicate-2
pa	475	2	replicate-2
pa	476	2	replicate-2
pa	477	2	replicate-2
pa	478	2	replicate-2
pa	479	2	replicate-2
pa	480	2	replicate-2
pa	481	2	replicate-2
pa	482	2	replicate-2
pa	483	2	replicate-2
pa	484	2	replicate-2
pa	485	2	replicate-2
pa	486	2	replicate-2
pa	487	2	replicate-2
pa	488	2	replicate-2
pa	489	2	replicate-2
pa	490	2	replicate-2
pa	491	2	replicate-2
pa	492	2	replicate-2
pa	493	2	replicate-2
pa	494	2	replicate-2
pa	495	1	replicate-2
pa	496	1	replicate-2
pa	497	1	replicate-2
pa	498	1	replicate-2
pa	499	1	replicate-2
pa	500	1	replicate-2
pa	501	1	replicate-2
pa	502	5	replicate-2
pa	503	6	replicate-2
pa	504	6	replicate-2
pa	505	6	replicate-2
pa	506	6	replicate-2
pa	507	6	replicate-2
pa	508	6	replicate-2
pa	509	7	replicate-2
pa	510	7	replicate-2
pa	511	7	replicate-2
pa	512	7	replicate-2
pa	513	7	replicate-2
pa	514	7	replicate-2
pa	515	7	replicate-2
pa	516	7	replicate-2
pa	517	7	replicate-2
pa	518	7	replicate-2
pa	519	7	replicate-2
pa	520	7	replicate-2
pa	521	7	replicate-2
pa	522	7	replicate-2
pa	523	7	replicate-2
pa	524	7	replicate-2
pa	525	8	replicate-2
pa	526	8	replicate-2
pa	527	8	replicate-2
pa	528	8	replicate-2
pa	529	8	replicate-2
pa	530	8	replicate-2
pa	531	8	replicate-2
pa	532	8	replicate-2
pa	533	8	replicate-2
pa	534	8	replicate-2
pa	535	8	replicate-2
pa	536	8	replicate-2
pa	537	8	replicate-2
pa	538	8	replicate-2
pa	539	8	replicate-2
pa	540	8	replicate-2
pa	541	8	replicate-2
pa	542	8	replicate-2
pa	543	8	replicate-2
pa	544	8	replicate-2
pa	545	8	replicate-2
pa	546	8	replicate-2
pa	547	8	replicate-2
pa	548	8	replicate-2
pa	549	8	replicate-2
pa	550	12	replicate-2
pa	551	12	replicate-2
pa	552	12	replicate-2
pa	553	12	replicate-2
pa	554	13	replicate-2
pa	555	13	replicate-2
pa	556	13	replicate-2
pa	557	13	replicate-2
pa	558	13	replicate-2
pa	559	13	replicate-2
pa	560	13	replicate-2
pa	561	13	replicate-2
pa	562	13	replicate-2
pa	563	13	replicate-2
pa	564	13	replicate-2
pa	565	13	replicate-2
pa	566	13	replicate-2
pa	567	13	replicate-2
pa	568	13	replicate-2
pa	569	13	replicate-2
pa	570	13	replicate-2
pa	571	13	replicate-2
pa	572	13	replicate-2
pa	573	12	replicate-2
pa	574	12	replicate-2
pa	575	12	replicate-2
pa	576	12	replicate-2
pa	577	12	replicate-2
pa	578	12	replicate-2
pa	579	12	replicate-2
pa	580	246	replicate-2
pa	581	279	replicate-2
pa	582	281	replicate-2
pa	583	295	replicate-2
pa	584	296	replicate-2
pa	585	312	replicate-2
pa	586	315	replicate-2
pa	587	317	replicate-2
pa	588	331	replicate-2
pa	589	334	replicate-2
pa	590	332	replicate-2
pa	591	335	replicate-2
pa	592	338	replicate-2
pa	593	384	replicate-2
pa	594	384	replicate-2
pa	595	386	replicate-2
pa	596	386	replicate-2
pa	597	391	replicate-2
pa	598	394	replicate-2
pa	599	396	replicate-2
pa	600	396	replicate-2
pa	601	397	replicate-2
pa	602	397	replicate-2
pa	603	431	replicate-2
pa	604	435	replicate-2
pa	605	437	replicate-2
pa	606	439	replicate-2
pa	607	442	replicate-2
pa	608	443	replicate-2
pa	609	444	replicate-2
pa	610	444	replicate-2
pa	611	447	replicate-2
pa	612	449	replicate-2
pa	613	455	replicate-2
pa	614	455	replicate-2
pa	615	455	replicate-2
pa	616	458	replicate-2
pa	617	462	replicate-2
pa	618	465	replicate-2
pa	619	466	replicate-2
pa	620	466	replicate-2
pa	621	466	replicate-2
pa	622	464	replicate-2
pa	623	476	replicate-2
pa	624	477	replicate-2
pa	625	497	replicate-2
pa	626	496	replicate-2
pa	627	496	replicate-2
pa	628	503	replicate-2
pa	629	507	replicate-2
pa	630	504	replicate-2
pa	631	505	replicate-2
pa	632	499	replicate-2
pa	633	499	replicate-2
pa	634	496	replicate-2
pa	635	499	replicate-2
pa	636	500	replicate-2
pa	637	505	replicate-2
pa	638	508	replicate-2
pa	639	510	replicate-2
pa	640	511	replicate-2
pa	641	510	replicate-2
pa	642	507	replicate-2
pa	643	508	replicate-2
pa	644	508	replicate-2
pa	645	557	replicate-2
pa	646	551	replicate-2
pa	647	559	replicate-2
pa	648	560	replicate-2
pa	649	563	replicate-2
pa	650	566	replicate-2
pa	651	564	replicate-2
pa	652	572	replicate-2
pa	653	574	replicate-2
pa	654	545	replicate-2
pa	655	549	replicate-2
pa	656	550	replicate-2
pa	657	555	replicate-2
pa	658	548	replicate-2
pa	659	546	replicate-2
pa	660	548	replicate-2
pa	661	539	replicate-2
pa	662	544	replicate-2
pa	663	546	replicate-2
pa	664	549	replicate-2
pa	665	544	replicate-2
pa	666	542	replicate-2
pa	667	542	replicate-2
pa	668	544	replicate-2
pa	669	545	replicate-2
pa	670	546	replicate-2
pa	671	540	replicate-2
pa	672	543	replicate-2
pa	673	542	replicate-2
pa	674	542	replicate-2
pa	675	542	replicate-2
pa	676	545	replicate-2
pa	677	552	replicate-2
pa	678	552	replicate-2
pa	679	546	replicate-2
pa	680	545	replicate-2
pa	681	548	replicate-2
pa	682	560	replicate-2
pa	683	564	replicate-2
pa	684	559	replicate-2
pa	685	558	replicate-2
pa	686	550	replicate-2
pa	687	552	replicate-2
pa	688	535	replicate-2
pa	689	532	replicate-2
pa	690	533	replicate-2
pa	691	528	replicate-2
pa	692	535	replicate-2
pa	693	540	replicate-2
pa	694	538	replicate-2
pa	695	540	replicate-2
pa	696	534	replicate-2
pa	697	527	replicate-2
pa	698	533	replicate-2
pa	699	533	replicate-2
pa	700	534	replicate-2
pa	701	517	replicate-2
pa	702	515	replicate-2
pa	703	520	replicate-2
pa	704	520	replicate-2
pa	705	514	replicate-2
pa	706	511	replicate-2
pa	707	499	replicate-2
pa	708	526	replicate-2
pa	709	521	replicate-2
pa	710	523	replicate-2
pa	711	523	replicate-2
pa	712	525	replicate-2
pa	713	525	replicate-2
pa	714	519	replicate-2
pa	715	538	replicate-2
pa	716	535	replicate-2
pa	717	518	replicate-2
pa	718	503	replicate-2
pa	719	513	replicate-2
pa	720	512	replicate-2
pa	721	512	replicate-2
pa	722	509	replicate-2
pa	723	505	replicate-2
pa	724	493	replicate-2
pa	725	485	replicate-2
pa	726	480	replicate-2
pa	727	473	replicate-2
pa	728	481	replicate-2
pa	729	478	replicate-2
pa	730	477	replicate-2
pa	731	476	replicate-2
pa	732	480	replicate-2
pa	733	477	replicate-2
pa	734	469	replicate-2
pa	735	467	replicate-2
pa	736	467	replicate-2
pa	737	452	replicate-2
pa	738	450	replicate-2
pa	739	450	replicate-2
pa	740	449	replicate-2
pa	741	450	replicate-2
pa	742	444	replicate-2
pa	743	447	replicate-2
pa	744	446	replicate-2
pa	745	445	replicate-2
pa	746	459	replicate-2
pa	747	462	replicate-2
pa	748	470	replicate-2
pa	749	469	replicate-2
pa	750	457	replicate-2
pa	751	461	replicate-2
pa	752	429	replicate-2
pa	753	437	replicate-2
pa	754	431	replicate-2
pa	755	427	replicate-2
pa	756	428	replicate-2
pa	757	424	replicate-2
pa	758	430	replicate-2
pa	759	433	replicate-2
pa	760	430	replicate-2
pa	761	429	replicate-2
pa	762	428	replicate-2
pa	763	431	replicate-2
pa	764	432	replicate-2
pa	765	431	replicate-2
pa	766	433	replicate-2
pa	767	430	replicate-2
pa	768	426	replicate-2
pa	769	425	replicate-2
pa	770	428	replicate-2
pa	771	431	replicate-2
pa	772	429	replicate-2
pa	773	434	replicate-2
pa	774	435	replicate-2
pa	775	434	replicate-2
pa	776	432	replicate-2
pa	777	431	replicate-2
pa	778	437	replicate-2
pa	779	431	replicate-2
pa	780	407	replicate-2
pa	781	409	replicate-2
pa	782	396	replicate-2
pa	783	401	replicate-2
pa	784	395	replicate-2
pa	785	393	replicate-2
pa	786	395	replicate-2
pa	787	387	replicate-2
pa	788	390	replicate-2
pa	789	391	replicate-2
pa	790	387	replicate-2
pa	791	391	replicate-2
pa	792	387	replicate-2
pa	793	386	replicate-2
pa	794	384	replicate-2
pa	795	361	replicate-2
pa	796	359	replicate-2
pa	797	358	replicate-2
pa	798	358	replicate-2
pa	799	358	replicate-2
pa	800	352	replicate-2
pa	801	345	replicate-2
pa	802	348	replicate-2
pa	803	347	replicate-2
pa	804	347	replicate-2
pa	805	345	replicate-2
pa	806	341	replicate-2
pa	807	342	replicate-2
pa	808	342	replicate-2
pa	809	340	replicate-2
pa	810	338	replicate-2
pa	811	332	replicate-2
pa	812	331	replicate-2
pa	813	319	replicate-2
pa	814	317	replicate-2
pa	815	317	replicate-2
pa	816	310	replicate-2
pa	817	309	replicate-2
pa	818	293	replicate-2
pa	819	289	replicate-2
pa	820	289	replicate-2
pa	821	284	replicate-2
pa	822	284	replicate-2
pa	823	281	replicate-2
pa	824	265	replicate-2
pa	825	265	replicate-2
pa	826	262	replicate-2
pa	827	263	replicate-2
pa	828	262	replicate-2
pa	829	258	replicate-2
pa	830	257	replicate-2
pa	831	255	replicate-2
pa	832	254	replicate-2
pa	833	207	replicate-2
pa	834	204	replicate-2
pa	835	197	replicate-2
pa	836	195	replicate-2
pa	837	182	replicate-2
pa	838	182	replicate-2
pa	839	183	replicate-2
pa	840	182	replicate-2
pa	841	181	replicate-2
pa	842	178	replicate-2
pa	843	167	replicate-2
pa	844	164	replicate-2
pa	845	163	replicate-2
pa	846	163	replicate-2
pa	847	161	replicate-2
pa	848	160	replicate-2
pa	849	157	replicate-2
pa	850	156	replicate-2
pa	851	156	replicate-2
pa	852	7	replicate-2
pa	853	7	replicate-2
pa	854	7	replicate-2
pa	855	7	replicate-2
pa	856	7	replicate-2
pa	857	7	replicate-2
pa	858	7	replicate-2
pa	859	7	replicate-2
pa	860	7	replicate-2
pa	861	7	replicate-2
pa	862	7	replicate-2
pa	863	7	replicate-2
pa	864	7	replicate-2
pa	865	7	replicate-2
pa	866	7	replicate-2
pa	867	7	replicate-2
pa	868	7	replicate-2
pa	869	7	replicate-2
pa	870	7	replicate-2
pa	871	7	replicate-2
pa	872	7	replicate-2
pa	873	8	replicate-2
pa	874	8	replicate-2
pa	875	8	replicate-2
pa	876	8	replicate-2
pa	877	8	replicate-2
pa	878	8	replicate-2
pa	879	8	replicate-2
pa	880	8	replicate-2
pa	881	8	replicate-2
pa	882	8	replicate-2
pa	883	8	replicate-2
pa	884	8	replicate-2
pa	885	7	replicate-2
pa	886	7	replicate-2
pa	887	7	replicate-2
pa	888	7	replicate-2
pa	889	7	replicate-2
pa	890	7	replicate-2
pa	891	7	replicate-2
pa	892	7	replicate-2
pa	893	7	replicate-2
pa	894	7	replicate-2
pa	895	9	replicate-2
pa	896	9	replicate-2
pa	897	9	replicate-2
pa	898	9	replicate-2
pa	899	9	replicate-2
pa	900	9	replicate-2
pa	901	9	replicate-2
pa	902	9	replicate-2
pa	903	9	replicate-2
pa	904	9	replicate-2
pa	905	9	replicate-2
pa	906	9	replicate-2
pa	907	9	replicate-2
pa	908	9	replicate-2
pa	909	9	replicate-2
pa	910	9	replicate-2
pa	911	9	replicate-2
pa	912	9	replicate-2
pa	913	10	replicate-2
pa	914	10	replicate-2
pa	915	11	replicate-2
pa	916	11	replicate-2
pa	917	11	replicate-2
pa	918	11	replicate-2
pa	919	11	replicate-2
pa	920	11	replicate-2
pa	921	10	replicate-2
pa	922	11	replicate-2
pa	923	11	replicate-2
pa	924	13	replicate-2
pa	925	13	replicate-2
pa	926	13	replicate-2
pa	927	13	replicate-2
pa	928	13	replicate-2
pa	929	13	replicate-2
pa	930	13	replicate-2
pa	931	14	replicate-2
pa	932	14	replicate-2
pa	933	14	replicate-2
pa	934	18	replicate-2
pa	935	18	replicate-2
pa	936	19	replicate-2
pa	937	19	replicate-2
pa	938	18	replicate-2
pa	939	17	replicate-2
pa	940	17	replicate-2
pa	941	17	replicate-2
pa	942	17	replicate-2
pa	943	17	replicate-2
pa	944	17	replicate-2
pa	945	15	replicate-2
pa	946	15	replicate-2
pa	947	15	replicate-2
pa	948	15	replicate-2
pa	949	15	replicate-2
pa	950	15	replicate-2
pa	951	15	replicate-2
pa	952	15	replicate-2
pa	953	15	replicate-2
pa	954	15	replicate-2
pa	955	15	replicate-2
pa	956	15	replicate-2
pa	957	15	replicate-2
pa	958	15	replicate-2
pa	959	15	replicate-2
pa	960	15	replicate-2
pa	961	15	replicate-2
pa	962	15	replicate-2
pa	963	14	replicate-2
pa	964	13	replicate-2
pa	965	13	replicate-2
pa	966	13	replicate-2
pa	967	13	replicate-2
pa	968	13	replicate-2
pa	969	13	replicate-2
pa	970	13	replicate-2
pa	971	27	replicate-2
pa	972	27	replicate-2
pa	973	27	replicate-2
pa	974	86	replicate-2
pa	975	124	replicate-2
pa	976	209	replicate-2
pa	977	210	replicate-2
pa	978	210	replicate-2
pa	979	240	replicate-2
pa	980	274	replicate-2
pa	981	390	replicate-2
pa	982	394	replicate-2
pa	983	398	replicate-2
pa	984	449	replicate-2
pa	985	522	replicate-2
pa	986	642	replicate-2
pa	987	646	replicate-2
pa	988	701	replicate-2
pa	989	744	replicate-2
pa	990	896	replicate-2
pa	991	912	replicate-2
pa	992	915	replicate-2
pa	993	918	replicate-2
pa	994	920	replicate-2
pa	995	1026	replicate-2
pa	996	1027	replicate-2
pa	997	1122	replicate-2
pa	998	1147	replicate-2
pa	999	1163	replicate-2
pa	1000	1378	replicate-2
pa	1001	1384	replicate-2
pa	1002	1430	replicate-2
pa	1003	1460	replicate-2
pa	1004	1463	replicate-2
pa	1005	1488	replicate-2
pa	1006	1491	replicate-2
pa	1007	1498	replicate-2
pa	1008	1580	replicate-2
pa	1009	1708	replicate-2
pa	1010	1820	replicate-2
pa	1011	1843	replicate-2
pa	1012	1849	replicate-2
pa	1013	1850	replicate-2
pa	1014	1856	replicate-2
pa	1015	1963	replicate-2
pa	1016	2075	replicate-2
pa	1017	2311	replicate-2
pa	1018	2317	replicate-2
pa	1019	2340	replicate-2
pa	1020	2350	replicate-2
pa	1021	2453	replicate-2
pa	1022	2534	replicate-2
pa	1023	2566	replicate-2
pa	1024	2568	replicate-2
pa	1025	2621	replicate-2
pa	1026	2630	replicate-2
pa	1027	2737	replicate-2
pa	1028	2735	replicate-2
pa	1029	2758	replicate-2
pa	1030	2761	replicate-2
pa	1031	2771	replicate-2
pa	1032	2824	replicate-2
pa	1033	2845	replicate-2
pa	1034	2865	replicate-2
pa	1035	2869	replicate-2
pa	1036	2863	replicate-2
pa	1037	2876	replicate-2
pa	1038	2886	replicate-2
pa	1039	2888	replicate-2
pa	1040	2897	replicate-2
pa	1041	2901	replicate-2
pa	1042	2900	replicate-2
pa	1043	2904	replicate-2
pa	1044	2924	replicate-2
pa	1045	2979	replicate-2
pa	1046	3022	replicate-2
pa	1047	3033	replicate-2
pa	1048	3067	replicate-2
pa	1049	3097	replicate-2
pa	1050	3113	replicate-2
pa	1051	3119	replicate-2
pa	1052	3130	replicate-2
pa	1053	3117	replicate-2
pa	1054	3117	replicate-2
pa	1055	3084	replicate-2
pa	1056	3102	replicate-2
pa	1057	3499	replicate-2
pa	1058	3499	replicate-2
pa	1059	3534	replicate-2
pa	1060	3525	replicate-2
pa	1061	3523	replicate-2
pa	1062	3525	replicate-2
pa	1063	3523	replicate-2
pa	1064	3519	replicate-2
pa	1065	3585	replicate-2
pa	1066	3445	replicate-2
pa	1067	3458	replicate-2
pa	1068	3450	replicate-2
pa	1069	3462	replicate-2
pa	1070	3466	replicate-2
pa	1071	3454	replicate-2
pa	1072	3445	replicate-2
pa	1073	3423	replicate-2
pa	1074	3408	replicate-2
pa	1075	3426	replicate-2
pa	1076	3414	replicate-2
pa	1077	3420	replicate-2
pa	1078	3447	replicate-2
pa	1079	3453	replicate-2
pa	1080	3477	replicate-2
pa	1081	3479	replicate-2
pa	1082	3471	replicate-2
pa	1083	3453	replicate-2
pa	1084	3437	replicate-2
pa	1085	3481	replicate-2
pa	1086	3513	replicate-2
pa	1087	3494	replicate-2
pa	1088	3489	replicate-2
pa	1089	3482	replicate-2
pa	1090	3480	replicate-2
pa	1091	3479	replicate-2
pa	1092	3555	replicate-2
pa	1093	3531	replicate-2
pa	1094	3530	replicate-2
pa	1095	3532	replicate-2
pa	1096	3518	replicate-2
pa	1097	3503	replicate-2
pa	1098	3551	replicate-2
pa	1099	3535	replicate-2
pa	1100	3535	replicate-2
pa	1101	3502	replicate-2
pa	1102	3487	replicate-2
pa	1103	3479	replicate-2
pa	1104	3573	replicate-2
pa	1105	3560	replicate-2
pa	1106	3518	replicate-2
pa	1107	3516	replicate-2
pa	1108	3448	replicate-2
pa	1109	3467	replicate-2
pa	1110	3435	replicate-2
pa	1111	3419	replicate-2
pa	1112	3418	replicate-2
pa	1113	3352	replicate-2
pa	1114	3358	replicate-2
pa	1115	3365	replicate-2
pa	1116	3387	replicate-2
pa	1117	3681	replicate-2
pa	1118	3661	replicate-2
pa	1119	3696	replicate-2
pa	1120	3694	replicate-2
pa	1121	3657	replicate-2
pa	1122	3590	replicate-2
pa	1123	3581	replicate-2
pa	1124	3609	replicate-2
pa	1125	3632	replicate-2
pa	1126	3452	replicate-2
pa	1127	3470	replicate-2
pa	1128	3495	replicate-2
pa	1129	3510	replicate-2
pa	1130	3562	replicate-2
pa	1131	3523	replicate-2
pa	1132	3614	replicate-2
pa	1133	3597	replicate-2
pa	1134	3601	replicate-2
pa	1135	3783	replicate-2
pa	1136	3794	replicate-2
pa	1137	3762	replicate-2
pa	1138	3774	replicate-2
pa	1139	3746	replicate-2
pa	1140	3856	replicate-2
pa	1141	3761	replicate-2
pa	1142	3807	replicate-2
pa	1143	3810	replicate-2
pa	1144	3696	replicate-2
pa	1145	3694	replicate-2
pa	1146	3685	replicate-2
pa	1147	3700	replicate-2
pa	1148	3719	replicate-2
pa	1149	3642	replicate-2
pa	1150	3645	replicate-2
pa	1151	3639	replicate-2
pa	1152	3652	replicate-2
pa	1153	3670	replicate-2
pa	1154	3632	replicate-2
pa	1155	3625	replicate-2
pa	1156	3636	replicate-2
pa	1157	3636	replicate-2
pa	1158	3641	replicate-2
pa	1159	3671	replicate-2
pa	1160	3662	replicate-2
pa	1161	3663	replicate-2
pa	1162	3706	replicate-2
pa	1163	3791	replicate-2
pa	1164	3812	replicate-2
pa	1165	3803	replicate-2
pa	1166	3804	replicate-2
pa	1167	3796	replicate-2
pa	1168	3784	replicate-2
pa	1169	3775	replicate-2
pa	1170	3779	replicate-2
pa	1171	3780	replicate-2
pa	1172	3693	replicate-2
pa	1173	3911	replicate-2
pa	1174	3903	replicate-2
pa	1175	4056	replicate-2
pa	1176	4059	replicate-2
pa	1177	4045	replicate-2
pa	1178	4037	replicate-2
pa	1179	4055	replicate-2
pa	1180	4155	replicate-2
pa	1181	4146	replicate-2
pa	1182	3991	replicate-2
pa	1183	4002	replicate-2
pa	1184	3940	replicate-2
pa	1185	3961	replicate-2
pa	1186	3996	replicate-2
pa	1187	4000	replicate-2
pa	1188	3986	replicate-2
pa	1189	3954	replicate-2
pa	1190	4541	replicate-2
pa	1191	4550	replicate-2
pa	1192	4669	replicate-2
pa	1193	4686	replicate-2
pa	1194	4714	replicate-2
pa	1195	4728	replicate-2
pa	1196	4727	replicate-2
pa	1197	4736	replicate-2
pa	1198	4851	replicate-2
pa	1199	4551	replicate-2
pa	1200	5075	replicate-2
pa	1201	5063	replicate-2
pa	1202	5086	replicate-2
pa	1203	5128	replicate-2
pa	1204	5121	replicate-2
pa	1205	5143	replicate-2
pa	1206	5120	replicate-2
pa	1207	4971	replicate-2
pa	1208	4981	replicate-2
pa	1209	4861	replicate-2
pa	1210	4853	replicate-2
pa	1211	4859	replicate-2
pa	1212	4851	replicate-2
pa	1213	4904	replicate-2
pa	1214	4912	replicate-2
pa	1215	4964	replicate-2
pa	1216	4976	replicate-2
pa	1217	4976	replicate-2
pa	1218	4933	replicate-2
pa	1219	4962	replicate-2
pa	1220	5019	replicate-2
pa	1221	5152	replicate-2
pa	1222	5158	replicate-2
pa	1223	5138	replicate-2
pa	1224	5119	replicate-2
pa	1225	5125	replicate-2
pa	1226	5133	replicate-2
pa	1227	5119	replicate-2
pa	1228	5134	replicate-2
pa	1229	5066	replicate-2
pa	1230	4997	replicate-2
pa	1231	5016	replicate-2
pa	1232	5021	replicate-2
pa	1233	5049	replicate-2
pa	1234	5076	replicate-2
pa	1235	5079	replicate-2
pa	1236	5087	replicate-2
pa	1237	5084	replicate-2
pa	1238	5135	replicate-2
pa	1239	5151	replicate-2
pa	1240	5136	replicate-2
pa	1241	5145	replicate-2
pa	1242	5234	replicate-2
pa	1243	5238	replicate-2
pa	1244	5239	replicate-2
pa	1245	5238	replicate-2
pa	1246	5231	replicate-2
pa	1247	5197	replicate-2
pa	1248	5257	replicate-2
pa	1249	5318	replicate-2
pa	1250	5330	replicate-2
pa	1251	5243	replicate-2
pa	1252	5336	replicate-2
pa	1253	5332	replicate-2
pa	1254	5376	replicate-2
pa	1255	5351	replicate-2
pa	1256	5358	replicate-2
pa	1257	5737	replicate-2
pa	1258	5697	replicate-2
pa	1259	5719	replicate-2
pa	1260	5702	replicate-2
pa	1261	5610	replicate-2
pa	1262	5619	replicate-2
pa	1263	5651	replicate-2
pa	1264	5683	replicate-2
pa	1265	5689	replicate-2
pa	1266	5397	replicate-2
pa	1267	5414	replicate-2
pa	1268	5498	replicate-2
pa	1269	5520	replicate-2
pa	1270	5709	replicate-2
pa	1271	5730	replicate-2
pa	1272	5644	replicate-2
pa	1273	5639	replicate-2
pa	1274	5625	replicate-2
pa	1275	5729	replicate-2
pa	1276	5711	replicate-2
pa	1277	5726	replicate-2
pa	1278	5576	replicate-2
pa	1279	5594	replicate-2
pa	1280	5530	replicate-2
pa	1281	5541	replicate-2
pa	1282	5535	replicate-2
pa	1283	5535	replicate-2
pa	1284	5569	replicate-2
pa	1285	5596	replicate-2
pa	1286	5596	replicate-2
pa	1287	5608	replicate-2
pa	1288	5575	replicate-2
pa	1289	5978	replicate-2
pa	1290	6061	replicate-2
pa	1291	6075	replicate-2
pa	1292	6070	replicate-2
pa	1293	5992	replicate-2
pa	1294	6174	replicate-2
pa	1295	6121	replicate-2
pa	1296	6102	replicate-2
pa	1297	6101	replicate-2
pa	1298	5829	replicate-2
pa	1299	5903	replicate-2
pa	1300	5928	replicate-2
pa	1301	5929	replicate-2
pa	1302	5937	replicate-2
pa	1303	5847	replicate-2
pa	1304	6175	replicate-2
pa	1305	6141	replicate-2
pa	1306	6134	replicate-2
pa	1307	6154	replicate-2
pa	1308	6029	replicate-2
pa	1309	6141	replicate-2
pa	1310	6222	replicate-2
pa	1311	6259	replicate-2
pa	1312	6277	replicate-2
pa	1313	6108	replicate-2
pa	1314	6097	replicate-2
pa	1315	6108	replicate-2
pa	1316	6304	replicate-2
pa	1317	6313	replicate-2
pa	1318	6295	replicate-2
pa	1319	6289	replicate-2
pa	1320	6330	replicate-2
pa	1321	6385	replicate-2
pa	1322	6363	replicate-2
pa	1323	6356	replicate-2
pa	1324	6363	replicate-2
pa	1325	6250	replicate-2
pa	1326	6315	replicate-2
pa	1327	6490	replicate-2
pa	1328	6493	replicate-2
pa	1329	6503	replicate-2
pa	1330	6536	replicate-2
pa	1331	6525	replicate-2
pa	1332	6541	replicate-2
pa	1333	6551	replicate-2
pa	1334	6512	replicate-2
pa	1335	6696	replicate-2
pa	1336	6578	replicate-2
pa	1337	6738	replicate-2
pa	1338	6747	replicate-2
pa	1339	6768	replicate-2
pa	1340	6666	replicate-2
pa	1341	6661	replicate-2
pa	1342	6686	replicate-2
pa	1343	6710	replicate-2
pa	1344	6688	replicate-2
pa	1345	6659	replicate-2
pa	1346	6565	replicate-2
pa	1347	6609	replicate-2
pa	1348	6597	replicate-2
pa	1349	6606	replicate-2
pa	1350	6622	replicate-2
pa	1351	6513	replicate-2
pa	1352	6501	replicate-2
pa	1353	6604	replicate-2
pa	1354	6604	replicate-2
pa	1355	6591	replicate-2
pa	1356	6671	replicate-2
pa	1357	6665	replicate-2
pa	1358	6642	replicate-2
pa	1359	6622	replicate-2
pa	1360	6620	replicate-2
pa	1361	6628	replicate-2
pa	1362	6551	replicate-2
pa	1363	6485	replicate-2
pa	1364	6646	replicate-2
pa	1365	6557	replicate-2
pa	1366	6623	replicate-2
pa	1367	6591	replicate-2
pa	1368	6520	replicate-2
pa	1369	6555	replicate-2
pa	1370	6393	replicate-2
pa	1371	6379	replicate-2
pa	1372	6405	replicate-2
pa	1373	6008	replicate-2
pa	1374	6207	replicate-2
pa	1375	6197	replicate-2
pa	1376	6222	replicate-2
pa	1377	6259	replicate-2
pa	1378	6212	replicate-2
pa	1379	6246	replicate-2
pa	1380	6374	replicate-2
pa	1381	6363	replicate-2
pa	1382	6381	replicate-2
pa	1383	6314	replicate-2
pa	1384	6209	replicate-2
pa	1385	6242	replicate-2
pa	1386	6219	replicate-2
pa	1387	6250	replicate-2
pa	1388	6274	replicate-2
pa	1389	6196	replicate-2
pa	1390	6389	replicate-2
pa	1391	6483	replicate-2
pa	1392	6472	replicate-2
pa	1393	6606	replicate-2
pa	1394	6551	replicate-2
pa	1395	6644	replicate-2
pa	1396	6639	replicate-2
pa	1397	6577	replicate-2
pa	1398	6606	replicate-2
pa	1399	6298	replicate-2
pa	1400	6395	replicate-2
pa	1401	6440	replicate-2
pa	1402	6399	replicate-2
pa	1403	6436	replicate-2
pa	1404	6373	replicate-2
pa	1405	6352	replicate-2
pa	1406	6331	replicate-2
pa	1407	6272	replicate-2
pa	1408	6244	replicate-2
pa	1409	6276	replicate-2
pa	1410	6001	replicate-2
pa	1411	6176	replicate-2
pa	1412	6124	replicate-2
pa	1413	6196	replicate-2
pa	1414	6200	replicate-2
pa	1415	6316	replicate-2
pa	1416	6606	replicate-2
pa	1417	6585	replicate-2
pa	1418	6581	replicate-2
pa	1419	6852	replicate-2
pa	1420	6704	replicate-2
pa	1421	7006	replicate-2
pa	1422	6962	replicate-2
pa	1423	6940	replicate-2
pa	1424	6972	replicate-2
pa	1425	6515	replicate-2
pa	1426	6749	replicate-2
pa	1427	6791	replicate-2
pa	1428	6625	replicate-2
pa	1429	6690	replicate-2
pa	1430	6493	replicate-2
pa	1431	6736	replicate-2
pa	1432	6772	replicate-2
pa	1433	6776	replicate-2
pa	1434	6849	replicate-2
pa	1435	6610	replicate-2
pa	1436	6653	replicate-2
pa	1437	6662	replicate-2
pa	1438	6642	replicate-2
pa	1439	6626	replicate-2
pa	1440	6429	replicate-2
pa	1441	6431	replicate-2
pa	1442	6434	replicate-2
pa	1443	6396	replicate-2
pa	1444	6375	replicate-2
pa	1445	6352	replicate-2
pa	1446	6325	replicate-2
pa	1447	6330	replicate-2
pa	1448	6336	replicate-2
pa	1449	6321	replicate-2
pa	1450	6487	replicate-2
pa	1451	6485	replicate-2
pa	1452	6488	replicate-2
pa	1453	6524	replicate-2
pa	1454	6523	replicate-2
pa	1455	6499	replicate-2
pa	1456	6535	replicate-2
pa	1457	6532	replicate-2
pa	1458	6497	replicate-2
pa	1459	6301	replicate-2
pa	1460	6289	replicate-2
pa	1461	6382	replicate-2
pa	1462	6358	replicate-2
pa	1463	6350	replicate-2
pa	1464	6305	replicate-2
pa	1465	6257	replicate-2
pa	1466	6231	replicate-2
pa	1467	6242	replicate-2
pa	1468	6240	replicate-2
pa	1469	6137	replicate-2
pa	1470	6117	replicate-2
pa	1471	6095	replicate-2
pa	1472	6214	replicate-2
pa	1473	6236	replicate-2
pa	1474	6262	replicate-2
pa	1475	6257	replicate-2
pa	1476	6241	replicate-2
pa	1477	6245	replicate-2
pa	1478	6252	replicate-2
pa	1479	6238	replicate-2
pa	1480	6219	replicate-2
pa	1481	6045	replicate-2
pa	1482	6058	replicate-2
pa	1483	6095	replicate-2
pa	1484	6116	replicate-2
pa	1485	6099	replicate-2
pa	1486	6043	replicate-2
pa	1487	5987	replicate-2
pa	1488	6030	replicate-2
pa	1489	6045	replicate-2
pa	1490	6035	replicate-2
pa	1491	6031	replicate-2
pa	1492	5874	replicate-2
pa	1493	5894	replicate-2
pa	1494	5891	replicate-2
pa	1495	5864	replicate-2
pa	1496	5876	replicate-2
pa	1497	5766	replicate-2
pa	1498	5745	replicate-2
pa	1499	5718	replicate-2
pa	1500	5710	replicate-2
pa	1501	5727	replicate-2
pa	1502	5623	replicate-2
pa	1503	5557	replicate-2
pa	1504	5505	replicate-2
pa	1505	5495	replicate-2
pa	1506	5474	replicate-2
pa	1507	5422	replicate-2
pa	1508	5429	replicate-2
pa	1509	5431	replicate-2
pa	1510	5411	replicate-2
pa	1511	5376	replicate-2
pa	1512	5382	replicate-2
pa	1513	5354	replicate-2
pa	1514	5395	replicate-2
pa	1515	5334	replicate-2
pa	1516	5295	replicate-2
pa	1517	5280	replicate-2
pa	1518	5228	replicate-2
pa	1519	5309	replicate-2
pa	1520	5276	replicate-2
pa	1521	5619	replicate-2
pa	1522	5783	replicate-2
pa	1523	5696	replicate-2
pa	1524	5807	replicate-2
pa	1525	5798	replicate-2
pa	1526	5764	replicate-2
pa	1527	5814	replicate-2
pa	1528	5630	replicate-2
pa	1529	5529	replicate-2
pa	1530	5477	replicate-2
pa	1531	5012	replicate-2
pa	1532	4998	replicate-2
pa	1533	4990	replicate-2
pa	1534	4981	replicate-2
pa	1535	5103	replicate-2
pa	1536	5165	replicate-2
pa	1537	5169	replicate-2
pa	1538	5136	replicate-2
pa	1539	5039	replicate-2
pa	1540	5084	replicate-2
pa	1541	5068	replicate-2
pa	1542	5056	replicate-2
pa	1543	5041	replicate-2
pa	1544	4986	replicate-2
pa	1545	4938	replicate-2
pa	1546	4918	replicate-2
pa	1547	4984	replicate-2
pa	1548	5077	replicate-2
pa	1549	5057	replicate-2
pa	1550	5081	replicate-2
pa	1551	5068	replicate-2
pa	1552	5295	replicate-2
pa	1553	5312	replicate-2
pa	1554	5313	replicate-2
pa	1555	5328	replicate-2
pa	1556	5266	replicate-2
pa	1557	5268	replicate-2
pa	1558	5278	replicate-2
pa	1559	5284	replicate-2
pa	1560	5462	replicate-2
pa	1561	5355	replicate-2
pa	1562	5358	replicate-2
pa	1563	5365	replicate-2
pa	1564	5377	replicate-2
pa	1565	5512	replicate-2
pa	1566	5522	replicate-2
pa	1567	5502	replicate-2
pa	1568	5558	replicate-2
pa	1569	5349	replicate-2
pa	1570	5373	replicate-2
pa	1571	5365	replicate-2
pa	1572	5324	replicate-2
pa	1573	5432	replicate-2
pa	1574	5350	replicate-2
pa	1575	5293	replicate-2
pa	1576	5300	replicate-2
pa	1577	5246	replicate-2
pa	1578	5268	replicate-2
pa	1579	5233	replicate-2
pa	1580	5225	replicate-2
pa	1581	5254	replicate-2
pa	1582	5124	replicate-2
pa	1583	5135	replicate-2
pa	1584	5088	replicate-2
pa	1585	5118	replicate-2
pa	1586	5112	replicate-2
pa	1587	5068	replicate-2
pa	1588	5102	replicate-2
pa	1589	5261	replicate-2
pa	1590	5203	replicate-2
pa	1591	5182	replicate-2
pa	1592	5178	replicate-2
pa	1593	5190	replicate-2
pa	1594	5265	replicate-2
pa	1595	5255	replicate-2
pa	1596	5288	replicate-2
pa	1597	5232	replicate-2
pa	1598	5109	replicate-2
pa	1599	5188	replicate-2
pa	1600	5225	replicate-2
pa	1601	5249	replicate-2
pa	1602	5259	replicate-2
pa	1603	5272	replicate-2
pa	1604	5187	replicate-2
pa	1605	5202	replicate-2
pa	1606	5188	replicate-2
pa	1607	5193	replicate-2
pa	1608	5134	replicate-2
pa	1609	5109	replicate-2
pa	1610	5138	replicate-2
pa	1611	5173	replicate-2
pa	1612	5170	replicate-2
pa	1613	5172	replicate-2
pa	1614	5151	replicate-2
pa	1615	5169	replicate-2
pa	1616	5289	replicate-2
pa	1617	5319	replicate-2
pa	1618	5315	replicate-2
pa	1619	5157	replicate-2
pa	1620	5168	replicate-2
pa	1621	5230	replicate-2
pa	1622	5173	replicate-2
pa	1623	5140	replicate-2
pa	1624	5156	replicate-2
pa	1625	4954	replicate-2
pa	1626	4890	replicate-2
pa	1627	4900	replicate-2
pa	1628	4903	replicate-2
pa	1629	4955	replicate-2
pa	1630	4897	replicate-2
pa	1631	4952	replicate-2
pa	1632	4951	replicate-2
pa	1633	4996	replicate-2
pa	1634	5030	replicate-2
pa	1635	5039	replicate-2
pa	1636	5147	replicate-2
pa	1637	5137	replicate-2
pa	1638	5114	replicate-2
pa	1639	5122	replicate-2
pa	1640	5060	replicate-2
pa	1641	5180	replicate-2
pa	1642	5156	replicate-2
pa	1643	5104	replicate-2
pa	1644	5107	replicate-2
pa	1645	5013	replicate-2
pa	1646	5072	replicate-2
pa	1647	5039	replicate-2
pa	1648	5054	replicate-2
pa	1649	5230	replicate-2
pa	1650	5169	replicate-2
pa	1651	5263	replicate-2
pa	1652	5270	replicate-2
pa	1653	5274	replicate-2
pa	1654	5297	replicate-2
pa	1655	5284	replicate-2
pa	1656	5281	replicate-2
pa	1657	5318	replicate-2
pa	1658	5140	replicate-2
pa	1659	5191	replicate-2
pa	1660	5190	replicate-2
pa	1661	5233	replicate-2
pa	1662	5237	replicate-2
pa	1663	5270	replicate-2
pa	1664	5389	replicate-2
pa	1665	5372	replicate-2
pa	1666	5355	replicate-2
pa	1667	5373	replicate-2
pa	1668	5370	replicate-2
pa	1669	5600	replicate-2
pa	1670	5560	replicate-2
pa	1671	5625	replicate-2
pa	1672	5564	replicate-2
pa	1673	5502	replicate-2
pa	1674	5517	replicate-2
pa	1675	5499	replicate-2
pa	1676	5563	replicate-2
pa	1677	5571	replicate-2
pa	1678	5255	replicate-2
pa	1679	5315	replicate-2
pa	1680	5203	replicate-2
pa	1681	5443	replicate-2
pa	1682	5480	replicate-2
pa	1683	5457	replicate-2
pa	1684	5445	replicate-2
pa	1685	5342	replicate-2
pa	1686	5303	replicate-2
pa	1687	5357	replicate-2
pa	1688	5326	replicate-2
pa	1689	5323	replicate-2
pa	1690	5138	replicate-2
pa	1691	5084	replicate-2
pa	1692	5097	replicate-2
pa	1693	5235	replicate-2
pa	1694	5307	replicate-2
pa	1695	5440	replicate-2
pa	1696	5389	replicate-2
pa	1697	5356	replicate-2
pa	1698	5349	replicate-2
pa	1699	5341	replicate-2
pa	1700	5352	replicate-2
pa	1701	5325	replicate-2
pa	1702	5333	replicate-2
pa	1703	5200	replicate-2
pa	1704	5117	replicate-2
pa	1705	5173	replicate-2
pa	1706	5185	replicate-2
pa	1707	5231	replicate-2
pa	1708	5229	replicate-2
pa	1709	5299	replicate-2
pa	1710	5372	replicate-2
pa	1711	5310	replicate-2
pa	1712	5278	replicate-2
pa	1713	5357	replicate-2
pa	1714	5279	replicate-2
pa	1715	5375	replicate-2
pa	1716	5477	replicate-2
pa	1717	5514	replicate-2
pa	1718	5439	replicate-2
pa	1719	5367	replicate-2
pa	1720	5343	replicate-2
pa	1721	5371	replicate-2
pa	1722	5351	replicate-2
pa	1723	5309	replicate-2
pa	1724	5289	replicate-2
pa	1725	5116	replicate-2
pa	1726	5054	replicate-2
pa	1727	5006	replicate-2
pa	1728	5034	replicate-2
pa	1729	5029	replicate-2
pa	1730	5004	replicate-2
pa	1731	4972	replicate-2
pa	1732	4916	replicate-2
pa	1733	4925	replicate-2
pa	1734	4955	replicate-2
pa	1735	4955	replicate-2
pa	1736	4976	replicate-2
pa	1737	4972	replicate-2
pa	1738	4970	replicate-2
pa	1739	4962	replicate-2
pa	1740	4949	replicate-2
pa	1741	4988	replicate-2
pa	1742	4982	replicate-2
pa	1743	4930	replicate-2
pa	1744	4893	replicate-2
pa	1745	4892	replicate-2
pa	1746	4934	replicate-2
pa	1747	4959	replicate-2
pa	1748	4969	replicate-2
pa	1749	5110	replicate-2
pa	1750	5095	replicate-2
pa	1751	5077	replicate-2
pa	1752	5069	replicate-2
pa	1753	5084	replicate-2
pa	1754	5104	replicate-2
pa	1755	5198	replicate-2
pa	1756	5230	replicate-2
pa	1757	5402	replicate-2
pa	1758	5257	replicate-2
pa	1759	5284	replicate-2
pa	1760	5285	replicate-2
pa	1761	5288	replicate-2
pa	1762	5465	replicate-2
pa	1763	5358	replicate-2
pa	1764	5368	replicate-2
pa	1765	5287	replicate-2
pa	1766	5076	replicate-2
pa	1767	5077	replicate-2
pa	1768	5030	replicate-2
pa	1769	5068	replicate-2
pa	1770	5086	replicate-2
pa	1771	4973	replicate-2
pa	1772	4988	replicate-2
pa	1773	4950	replicate-2
pa	1774	4961	replicate-2
pa	1775	5132	replicate-2
pa	1776	5133	replicate-2
pa	1777	5136	replicate-2
pa	1778	5118	replicate-2
pa	1779	5172	replicate-2
pa	1780	5240	replicate-2
pa	1781	5239	replicate-2
pa	1782	5236	replicate-2
pa	1783	5243	replicate-2
pa	1784	5069	replicate-2
pa	1785	5079	replicate-2
pa	1786	5045	replicate-2
pa	1787	5246	replicate-2
pa	1788	5198	replicate-2
pa	1789	5334	replicate-2
pa	1790	5349	replicate-2
pa	1791	5375	replicate-2
pa	1792	5368	replicate-2
pa	1793	5332	replicate-2
pa	1794	5332	replicate-2
pa	1795	5359	replicate-2
pa	1796	5167	replicate-2
pa	1797	5321	replicate-2
pa	1798	5228	replicate-2
pa	1799	5234	replicate-2
pa	1800	5218	replicate-2
pa	1801	5222	replicate-2
pa	1802	5187	replicate-2
pa	1803	5260	replicate-2
pa	1804	5205	replicate-2
pa	1805	5252	replicate-2
pa	1806	5105	replicate-2
pa	1807	5069	replicate-2
pa	1808	5070	replicate-2
pa	1809	5256	replicate-2
pa	1810	5297	replicate-2
pa	1811	5296	replicate-2
pa	1812	5161	replicate-2
pa	1813	5162	replicate-2
pa	1814	5003	replicate-2
pa	1815	5029	replicate-2
pa	1816	5075	replicate-2
pa	1817	5086	replicate-2
pa	1818	4976	replicate-2
pa	1819	4937	replicate-2
pa	1820	4924	replicate-2
pa	1821	5032	replicate-2
pa	1822	5028	replicate-2
pa	1823	5091	replicate-2
pa	1824	5094	replicate-2
pa	1825	5190	replicate-2
pa	1826	5223	replicate-2
pa	1827	5257	replicate-2
pa	1828	5349	replicate-2
pa	1829	5328	replicate-2
pa	1830	5255	replicate-2
pa	1831	5230	replicate-2
pa	1832	5204	replicate-2
pa	1833	5171	replicate-2
pa	1834	5307	replicate-2
pa	1835	5296	replicate-2
pa	1836	5266	replicate-2
pa	1837	5171	replicate-2
pa	1838	5164	replicate-2
pa	1839	5190	replicate-2
pa	1840	5210	replicate-2
pa	1841	5191	replicate-2
pa	1842	5202	replicate-2
pa	1843	5046	replicate-2
pa	1844	5041	replicate-2
pa	1845	5054	replicate-2
pa	1846	5067	replicate-2
pa	1847	5124	replicate-2
pa	1848	5072	replicate-2
pa	1849	5036	replicate-2
pa	1850	5030	replicate-2
pa	1851	5011	replicate-2
pa	1852	5024	replicate-2
pa	1853	4983	replicate-2
pa	1854	4991	replicate-2
pa	1855	4976	replicate-2
pa	1856	4924	replicate-2
pa	1857	4922	replicate-2
pa	1858	4946	replicate-2
pa	1859	4949	replicate-2
pa	1860	4948	replicate-2
pa	1861	4944	replicate-2
pa	1862	4914	replicate-2
pa	1863	4947	replicate-2
pa	1864	4937	replicate-2
pa	1865	4944	replicate-2
pa	1866	4950	replicate-2
pa	1867	4916	replicate-2
pa	1868	5098	replicate-2
pa	1869	5223	replicate-2
pa	1870	5258	replicate-2
pa	1871	5329	replicate-2
pa	1872	5314	replicate-2
pa	1873	5322	replicate-2
pa	1874	5320	replicate-2
pa	1875	5330	replicate-2
pa	1876	5292	replicate-2
pa	1877	5168	replicate-2
pa	1878	5103	replicate-2
pa	1879	5056	replicate-2
pa	1880	5066	replicate-2
pa	1881	5093	replicate-2
pa	1882	5115	replicate-2
pa	1883	5171	replicate-2
pa	1884	5147	replicate-2
pa	1885	5169	replicate-2
pa	1886	5193	replicate-2
pa	1887	5198	replicate-2
pa	1888	5206	replicate-2
pa	1889	5223	replicate-2
pa	1890	5176	replicate-2
pa	1891	5190	replicate-2
pa	1892	5046	replicate-2
pa	1893	5086	replicate-2
pa	1894	5042	replicate-2
pa	1895	5044	replicate-2
pa	1896	5195	replicate-2
pa	1897	5181	replicate-2
pa	1898	5185	replicate-2
pa	1899	5172	replicate-2
pa	1900	5161	replicate-2
pa	1901	5207	replicate-2
pa	1902	5148	replicate-2
pa	1903	5230	replicate-2
pa	1904	5260	replicate-2
pa	1905	5124	replicate-2
pa	1906	5188	replicate-2
pa	1907	5209	replicate-2
pa	1908	5155	replicate-2
pa	1909	5180	replicate-2
pa	1910	5121	replicate-2
pa	1911	5160	replicate-2
pa	1912	5087	replicate-2
pa	1913	4914	replicate-2
pa	1914	4834	replicate-2
pa	1915	4736	replicate-2
pa	1916	4759	replicate-2
pa	1917	4753	replicate-2
pa	1918	4713	replicate-2
pa	1919	4752	replicate-2
pa	1920	4716	replicate-2
pa	1921	4702	replicate-2
pa	1922	4858	replicate-2
pa	1923	4868	replicate-2
pa	1924	4900	replicate-2
pa	1925	4875	replicate-2
pa	1926	4809	replicate-2
pa	1927	4814	replicate-2
pa	1928	4755	replicate-2
pa	1929	4918	replicate-2
pa	1930	4933	replicate-2
pa	1931	4773	replicate-2
pa	1932	4930	replicate-2
pa	1933	4906	replicate-2
pa	1934	4960	replicate-2
pa	1935	4953	replicate-2
pa	1936	4915	replicate-2
pa	1937	4923	replicate-2
pa	1938	4693	replicate-2
pa	1939	4635	replicate-2
pa	1940	4665	replicate-2
pa	1941	4521	replicate-2
pa	1942	4504	replicate-2
pa	1943	4454	replicate-2
pa	1944	4456	replicate-2
pa	1945	4429	replicate-2
pa	1946	4419	replicate-2
pa	1947	4494	replicate-2
pa	1948	4495	replicate-2
pa	1949	4524	replicate-2
pa	1950	4521	replicate-2
pa	1951	4533	replicate-2
pa	1952	4564	replicate-2
pa	1953	4561	replicate-2
pa	1954	4570	replicate-2
pa	1955	4579	replicate-2
pa	1956	4457	replicate-2
pa	1957	4567	replicate-2
pa	1958	4569	replicate-2
pa	1959	4637	replicate-2
pa	1960	4618	replicate-2
pa	1961	4620	replicate-2
pa	1962	4672	replicate-2
pa	1963	4658	replicate-2
pa	1964	4648	replicate-2
pa	1965	4648	replicate-2
pa	1966	4571	replicate-2
pa	1967	5354	replicate-2
pa	1968	5335	replicate-2
pa	1969	5442	replicate-2
pa	1970	5444	replicate-2
pa	1971	5519	replicate-2
pa	1972	5511	replicate-2
pa	1973	5537	replicate-2
pa	1974	5548	replicate-2
pa	1975	5470	replicate-2
pa	1976	4906	replicate-2
pa	1977	4702	replicate-2
pa	1978	4678	replicate-2
pa	1979	4721	replicate-2
pa	1980	4723	replicate-2
pa	1981	4731	replicate-2
pa	1982	4730	replicate-2
pa	1983	4697	replicate-2
pa	1984	4702	replicate-2
pa	1985	4674	replicate-2
pa	1986	4736	replicate-2
pa	1987	4812	replicate-2
pa	1988	4794	replicate-2
pa	1989	4746	replicate-2
pa	1990	4732	replicate-2
pa	1991	4732	replicate-2
pa	1992	4728	replicate-2
pa	1993	4745	replicate-2
pa	1994	4768	replicate-2
pa	1995	4807	replicate-2
pa	1996	4706	replicate-2
pa	1997	4773	replicate-2
pa	1998	4815	replicate-2
pa	1999	4829	replicate-2
pa	2000	4876	replicate-2
pa	2001	4868	replicate-2
pa	2002	4870	replicate-2
pa	2003	4880	replicate-2
pa	2004	4803	replicate-2
pa	2005	4831	replicate-2
pa	2006	4823	replicate-2
pa	2007	4843	replicate-2
pa	2008	4842	replicate-2
pa	2009	4811	replicate-2
pa	2010	4814	replicate-2
pa	2011	4812	replicate-2
pa	2012	4823	replicate-2
pa	2013	4846	replicate-2
pa	2014	4817	replicate-2
pa	2015	4820	replicate-2
pa	2016	4763	replicate-2
pa	2017	4753	replicate-2
pa	2018	4742	replicate-2
pa	2019	4776	replicate-2
pa	2020	4776	replicate-2
pa	2021	4760	replicate-2
pa	2022	4765	replicate-2
pa	2023	4803	replicate-2
pa	2024	4844	replicate-2
pa	2025	4863	replicate-2
pa	2026	4841	replicate-2
pa	2027	4889	replicate-2
pa	2028	4829	replicate-2
pa	2029	4986	replicate-2
pa	2030	4975	replicate-2
pa	2031	4994	replicate-2
pa	2032	5020	replicate-2
pa	2033	4922	replicate-2
pa	2034	4955	replicate-2
pa	2035	4981	replicate-2
pa	2036	5000	replicate-2
pa	2037	4975	replicate-2
pa	2038	5162	replicate-2
pa	2039	5051	replicate-2
pa	2040	5066	replicate-2
pa	2041	5055	replicate-2
pa	2042	5102	replicate-2
pa	2043	5075	replicate-2
pa	2044	5054	replicate-2
pa	2045	4977	replicate-2
pa	2046	4961	replicate-2
pa	2047	4588	replicate-2
pa	2048	4673	replicate-2
pa	2049	4720	replicate-2
pa	2050	4710	replicate-2
pa	2051	4684	replicate-2
pa	2052	4669	replicate-2
pa	2053	4689	replicate-2
pa	2054	4656	replicate-2
pa	2055	4655	replicate-2
pa	2056	4738	replicate-2
pa	2057	4556	replicate-2
pa	2058	4511	replicate-2
pa	2059	4517	replicate-2
pa	2060	4522	replicate-2
pa	2061	4494	replicate-2
pa	2062	4487	replicate-2
pa	2063	4514	replicate-2
pa	2064	4471	replicate-2
pa	2065	4441	replicate-2
pa	2066	4463	replicate-2
pa	2067	4496	replicate-2
pa	2068	4501	replicate-2
pa	2069	4604	replicate-2
pa	2070	4615	replicate-2
pa	2071	4609	replicate-2
pa	2072	4607	replicate-2
pa	2073	4601	replicate-2
pa	2074	4607	replicate-2
pa	2075	4608	replicate-2
pa	2076	4600	replicate-2
pa	2077	4680	replicate-2
pa	2078	4607	replicate-2
pa	2079	4658	replicate-2
pa	2080	4637	replicate-2
pa	2081	4600	replicate-2
pa	2082	4833	replicate-2
pa	2083	4846	replicate-2
pa	2084	4863	replicate-2
pa	2085	4891	replicate-2
pa	2086	4649	replicate-2
pa	2087	4599	replicate-2
pa	2088	4490	replicate-2
pa	2089	4521	replicate-2
pa	2090	4621	replicate-2
pa	2091	4388	replicate-2
pa	2092	4648	replicate-2
pa	2093	4654	replicate-2
pa	2094	4664	replicate-2
pa	2095	4687	replicate-2
pa	2096	4658	replicate-2
pa	2097	4669	replicate-2
pa	2098	4675	replicate-2
pa	2099	4436	replicate-2
pa	2100	4509	replicate-2
pa	2101	4265	replicate-2
pa	2102	4319	replicate-2
pa	2103	4333	replicate-2
pa	2104	4327	replicate-2
pa	2105	4328	replicate-2
pa	2106	4477	replicate-2
pa	2107	4500	replicate-2
pa	2108	4535	replicate-2
pa	2109	4434	replicate-2
pa	2110	4418	replicate-2
pa	2111	4417	replicate-2
pa	2112	4411	replicate-2
pa	2113	4413	replicate-2
pa	2114	4387	replicate-2
pa	2115	4358	replicate-2
pa	2116	4364	replicate-2
pa	2117	4269	replicate-2
pa	2118	4254	replicate-2
pa	2119	4248	replicate-2
pa	2120	4296	replicate-2
pa	2121	4321	replicate-2
pa	2122	4367	replicate-2
pa	2123	4356	replicate-2
pa	2124	4317	replicate-2
pa	2125	4406	replicate-2
pa	2126	4419	replicate-2
pa	2127	4550	replicate-2
pa	2128	4551	replicate-2
pa	2129	4523	replicate-2
pa	2130	4544	replicate-2
pa	2131	4486	replicate-2
pa	2132	4510	replicate-2
pa	2133	4519	replicate-2
pa	2134	4542	replicate-2
pa	2135	4530	replicate-2
pa	2136	4353	replicate-2
pa	2137	4371	replicate-2
pa	2138	4375	replicate-2
pa	2139	4365	replicate-2
pa	2140	4379	replicate-2
pa	2141	4369	replicate-2
pa	2142	4431	replicate-2
pa	2143	4426	replicate-2
pa	2144	4442	replicate-2
pa	2145	4497	replicate-2
pa	2146	4458	replicate-2
pa	2147	4452	replicate-2
pa	2148	4459	replicate-2
pa	2149	4446	replicate-2
pa	2150	4454	replicate-2
pa	2151	4367	replicate-2
pa	2152	4366	replicate-2
pa	2153	4380	replicate-2
pa	2154	4401	replicate-2
pa	2155	4386	replicate-2
pa	2156	4359	replicate-2
pa	2157	4349	replicate-2
pa	2158	4345	replicate-2
pa	2159	4357	replicate-2
pa	2160	4309	replicate-2
pa	2161	4291	replicate-2
pa	2162	4253	replicate-2
pa	2163	4186	replicate-2
pa	2164	4158	replicate-2
pa	2165	4192	replicate-2
pa	2166	4151	replicate-2
pa	2167	4181	replicate-2
pa	2168	4089	replicate-2
pa	2169	4134	replicate-2
pa	2170	4091	replicate-2
pa	2171	4076	replicate-2
pa	2172	4055	replicate-2
pa	2173	4044	replicate-2
pa	2174	3851	replicate-2
pa	2175	3852	replicate-2
pa	2176	3672	replicate-2
pa	2177	3558	replicate-2
pa	2178	3377	replicate-2
pa	2179	3251	replicate-2
pa	2180	3238	replicate-2
pa	2181	3239	replicate-2
pa	2182	3227	replicate-2
pa	2183	3138	replicate-2
pa	2184	3100	replicate-2
pa	2185	3098	replicate-2
pa	2186	3093	replicate-2
pa	2187	3059	replicate-2
pa	2188	3024	replicate-2
pa	2189	3019	replicate-2
pa	2190	3017	replicate-2
pa	2191	2998	replicate-2
pa	2192	2984	replicate-2
pa	2193	2862	replicate-2
pa	2194	2797	replicate-2
pa	2195	2765	replicate-2
pa	2196	2709	replicate-2
pa	2197	2688	replicate-2
pa	2198	2512	replicate-2
pa	2199	2503	replicate-2
pa	2200	2494	replicate-2
pa	2201	2466	replicate-2
pa	2202	2438	replicate-2
pa	2203	2351	replicate-2
pa	2204	2349	replicate-2
pa	2205	2307	replicate-2
pa	2206	2289	replicate-2
pa	2207	1700	replicate-2
pa	2208	1577	replicate-2
pa	2209	1485	replicate-2
pa	2210	1462	replicate-2
pa	2211	1458	replicate-2
pa	2212	1367	replicate-2
pa	2213	1363	replicate-2
pa	2214	1356	replicate-2
pa	2215	1349	replicate-2
pa	2216	1335	replicate-2
pa	2217	1028	replicate-2
pa	2218	934	replicate-2
pa	2219	934	replicate-2
pa	2220	934	replicate-2
pa	2221	934	replicate-2
pa	2222	883	replicate-2
pa	2223	860	replicate-2
pa	2224	845	replicate-2
pa	2225	842	replicate-2
pa	2226	832	replicate-2
pa	2227	810	replicate-2
pa	2228	798	replicate-2
pa	2229	730	replicate-2
pa	2230	684	replicate-2
pa	2231	673	replicate-2
pa	2232	660	replicate-2
pa	2233	153	replicate-2
ha	1	39	replicate-2
ha	2	54	replicate-2
ha	3	61	replicate-2
ha	4	61	replicate-2
ha	5	77	replicate-2
ha	6	104	replicate-2
ha	7	112	replicate-2
ha	8	116	replicate-2
ha	9	121	replicate-2
ha	10	121	replicate-2
ha	11	131	replicate-2
ha	12	136	replicate-2
ha	13	184	replicate-2
ha	14	186	replicate-2
ha	15	186	replicate-2
ha	16	188	replicate-2
ha	17	191	replicate-2
ha	18	197	replicate-2
ha	19	208	replicate-2
ha	20	208	replicate-2
ha	21	216	replicate-2
ha	22	216	replicate-2
ha	23	253	replicate-2
ha	24	254	replicate-2
ha	25	255	replicate-2
ha	26	257	replicate-2
ha	27	257	replicate-2
ha	28	259	replicate-2
ha	29	281	replicate-2
ha	30	282	replicate-2
ha	31	313	replicate-2
ha	32	317	replicate-2
ha	33	317	replicate-2
ha	34	319	replicate-2
ha	35	319	replicate-2
ha	36	417	replicate-2
ha	37	422	replicate-2
ha	38	424	replicate-2
ha	39	442	replicate-2
ha	40	445	replicate-2
ha	41	512	replicate-2
ha	42	512	replicate-2
ha	43	513	replicate-2
ha	44	514	replicate-2
ha	45	514	replicate-2
ha	46	519	replicate-2
ha	47	525	replicate-2
ha	48	527	replicate-2
ha	49	535	replicate-2
ha	50	537	replicate-2
ha	51	538	replicate-2
ha	52	543	replicate-2
ha	53	549	replicate-2
ha	54	562	replicate-2
ha	55	562	replicate-2
ha	56	583	replicate-2
ha	57	630	replicate-2
ha	58	662	replicate-2
ha	59	666	replicate-2
ha	60	668	replicate-2
ha	61	665	replicate-2
ha	62	675	replicate-2
ha	63	683	replicate-2
ha	64	685	replicate-2
ha	65	684	replicate-2
ha	66	687	replicate-2
ha	67	792	replicate-2
ha	68	830	replicate-2
ha	69	831	replicate-2
ha	70	830	replicate-2
ha	71	825	replicate-2
ha	72	829	replicate-2
ha	73	829	replicate-2
ha	74	829	replicate-2
ha	75	832	replicate-2
ha	76	813	replicate-2
ha	77	823	replicate-2
ha	78	828	replicate-2
ha	79	828	replicate-2
ha	80	829	replicate-2
ha	81	829	replicate-2
ha	82	887	replicate-2
ha	83	886	replicate-2
ha	84	885	replicate-2
ha	85	888	replicate-2
ha	86	886	replicate-2
ha	87	901	replicate-2
ha	88	902	replicate-2
ha	89	899	replicate-2
ha	90	900	replicate-2
ha	91	889	replicate-2
ha	92	916	replicate-2
ha	93	922	replicate-2
ha	94	931	replicate-2
ha	95	930	replicate-2
ha	96	934	replicate-2
ha	97	948	replicate-2
ha	98	951	replicate-2
ha	99	957	replicate-2
ha	100	956	replicate-2
ha	101	957	replicate-2
ha	102	958	replicate-2
ha	103	967	replicate-2
ha	104	972	replicate-2
ha	105	972	replicate-2
ha	106	1018	replicate-2
ha	107	1008	replicate-2
ha	108	1028	replicate-2
ha	109	1034	replicate-2
ha	110	1034	replicate-2
ha	111	1044	replicate-2
ha	112	1042	replicate-2
ha	113	1046	replicate-2
ha	114	1046	replicate-2
ha	115	1022	replicate-2
ha	116	1040	replicate-2
ha	117	1035	replicate-2
ha	118	1040	replicate-2
ha	119	1043	replicate-2
ha	120	1034	replicate-2
ha	121	1054	replicate-2
ha	122	1055	replicate-2
ha	123	1053	replicate-2
ha	124	1060	replicate-2
ha	125	1062	replicate-2
ha	126	1061	replicate-2
ha	127	1065	replicate-2
ha	128	1057	replicate-2
ha	129	1092	replicate-2
ha	130	1084	replicate-2
ha	131	1104	replicate-2
ha	132	1088	replicate-2
ha	133	1087	replicate-2
ha	134	1097	replicate-2
ha	135	1091	replicate-2
ha	136	1101	replicate-2
ha	137	1117	replicate-2
ha	138	1077	replicate-2
ha	139	1084	replicate-2
ha	140	1068	replicate-2
ha	141	1060	replicate-2
ha	142	1075	replicate-2
ha	143	1062	replicate-2
ha	144	1063	replicate-2
ha	145	1060	replicate-2
ha	146	1056	replicate-2
ha	147	1056	replicate-2
ha	148	1055	replicate-2
ha	149	1053	replicate-2
ha	150	1122	replicate-2
ha	151	1118	replicate-2
ha	152	1121	replicate-2
ha	153	1123	replicate-2
ha	154	1115	replicate-2
ha	155	1113	replicate-2
ha	156	1115	replicate-2
ha	157	1101	replicate-2
ha	158	1095	replicate-2
ha	159	1048	replicate-2
ha	160	1050	replicate-2
ha	161	1095	replicate-2
ha	162	1136	replicate-2
ha	163	1129	replicate-2
ha	164	1127	replicate-2
ha	165	1126	replicate-2
ha	166	1139	replicate-2
ha	167	1155	replicate-2
ha	168	1156	replicate-2
ha	169	1156	replicate-2
ha	170	1113	replicate-2
ha	171	1111	replicate-2
ha	172	1110	replicate-2
ha	173	1117	replicate-2
ha	174	1111	replicate-2
ha	175	1114	replicate-2
ha	176	1111	replicate-2
ha	177	1105	replicate-2
ha	178	1100	replicate-2
ha	179	1091	replicate-2
ha	180	1087	replicate-2
ha	181	1082	replicate-2
ha	182	1091	replicate-2
ha	183	1088	replicate-2
ha	184	1080	replicate-2
ha	185	1080	replicate-2
ha	186	1059	replicate-2
ha	187	1076	replicate-2
ha	188	1063	replicate-2
ha	189	1079	replicate-2
ha	190	1081	replicate-2
ha	191	1073	replicate-2
ha	192	1074	replicate-2
ha	193	1074	replicate-2
ha	194	1074	replicate-2
ha	195	1073	replicate-2
ha	196	1066	replicate-2
ha	197	1069	replicate-2
ha	198	1055	replicate-2
ha	199	1072	replicate-2
ha	200	1070	replicate-2
ha	201	1074	replicate-2
ha	202	1081	replicate-2
ha	203	1132	replicate-2
ha	204	1161	replicate-2
ha	205	1133	replicate-2
ha	206	1135	replicate-2
ha	207	1131	replicate-2
ha	208	1156	replicate-2
ha	209	1154	replicate-2
ha	210	1151	replicate-2
ha	211	1157	replicate-2
ha	212	1114	replicate-2
ha	213	1109	replicate-2
ha	214	1111	replicate-2
ha	215	1113	replicate-2
ha	216	1103	replicate-2
ha	217	1090	replicate-2
ha	218	1076	replicate-2
ha	219	1070	replicate-2
ha	220	1082	replicate-2
ha	221	1087	replicate-2
ha	222	1087	replicate-2
ha	223	1074	replicate-2
ha	224	1077	replicate-2
ha	225	1083	replicate-2
ha	226	1093	replicate-2
ha	227	1104	replicate-2
ha	228	1138	replicate-2
ha	229	1127	replicate-2
ha	230	1137	replicate-2
ha	231	1135	replicate-2
ha	232	1132	replicate-2
ha	233	1142	replicate-2
ha	234	1139	replicate-2
ha	235	1162	replicate-2
ha	236	1170	replicate-2
ha	237	1156	replicate-2
ha	238	1178	replicate-2
ha	239	1185	replicate-2
ha	240	1234	replicate-2
ha	241	1247	replicate-2
ha	242	1241	replicate-2
ha	243	1260	replicate-2
ha	244	1214	replicate-2
ha	245	1221	replicate-2
ha	246	1211	replicate-2
ha	247	1197	replicate-2
ha	248	1197	replicate-2
ha	249	1181	replicate-2
ha	250	1180	replicate-2
ha	251	1192	replicate-2
ha	252	1189	replicate-2
ha	253	1188	replicate-2
ha	254	1184	replicate-2
ha	255	1193	replicate-2
ha	256	1203	replicate-2
ha	257	1195	replicate-2
ha	258	1188	replicate-2
ha	259	1197	replicate-2
ha	260	1215	replicate-2
ha	261	1213	replicate-2
ha	262	1223	replicate-2
ha	263	1219	replicate-2
ha	264	1224	replicate-2
ha	265	1211	replicate-2
ha	266	1191	replicate-2
ha	267	1179	replicate-2
ha	268	1186	replicate-2
ha	269	1186	replicate-2
ha	270	1186	replicate-2
ha	271	1175	replicate-2
ha	272	1183	replicate-2
ha	273	1184	replicate-2
ha	274	1196	replicate-2
ha	275	1193	replicate-2
ha	276	1196	replicate-2
ha	277	1185	replicate-2
ha	278	1181	replicate-2
ha	279	1176	replicate-2
ha	280	1175	replicate-2
ha	281	1183	replicate-2
ha	282	1176	replicate-2
ha	283	1186	replicate-2
ha	284	1190	replicate-2
ha	285	1198	replicate-2
ha	286	1214	replicate-2
ha	287	1213	replicate-2
ha	288	1213	replicate-2
ha	289	1215	replicate-2
ha	290	1194	replicate-2
ha	291	1198	replicate-2
ha	292	1170	replicate-2
ha	293	1189	replicate-2
ha	294	1182	replicate-2
ha	295	1177	replicate-2
ha	296	1183	replicate-2
ha	297	1183	replicate-2
ha	298	1186	replicate-2
ha	299	1186	replicate-2
ha	300	1181	replicate-2
ha	301	1167	replicate-2
ha	302	1136	replicate-2
ha	303	1150	replicate-2
ha	304	1289	replicate-2
ha	305	1283	replicate-2
ha	306	1306	replicate-2
ha	307	1301	replicate-2
ha	308	1299	replicate-2
ha	309	1411	replicate-2
ha	310	1411	replicate-2
ha	311	1437	replicate-2
ha	312	1448	replicate-2
ha	313	1212	replicate-2
ha	314	1216	replicate-2
ha	315	1212	replicate-2
ha	316	1211	replicate-2
ha	317	1208	replicate-2
ha	318	1122	replicate-2
ha	319	1123	replicate-2
ha	320	1091	replicate-2
ha	321	1088	replicate-2
ha	322	1117	replicate-2
ha	323	1117	replicate-2
ha	324	1116	replicate-2
ha	325	1114	replicate-2
ha	326	1107	replicate-2
ha	327	1110	replicate-2
ha	328	1109	replicate-2
ha	329	1112	replicate-2
ha	330	1106	replicate-2
ha	331	1086	replicate-2
ha	332	1103	replicate-2
ha	333	1114	replicate-2
ha	334	1120	replicate-2
ha	335	1134	replicate-2
ha	336	1144	replicate-2
ha	337	1152	replicate-2
ha	338	1155	replicate-2
ha	339	1154	replicate-2
ha	340	1170	replicate-2
ha	341	1164	replicate-2
ha	342	1146	replicate-2
ha	343	1250	replicate-2
ha	344	1249	replicate-2
ha	345	1269	replicate-2
ha	346	1276	replicate-2
ha	347	1281	replicate-2
ha	348	1311	replicate-2
ha	349	1310	replicate-2
ha	350	1311	replicate-2
ha	351	1320	replicate-2
ha	352	1252	replicate-2
ha	353	1254	replicate-2
ha	354	1240	replicate-2
ha	355	1239	replicate-2
ha	356	1221	replicate-2
ha	357	1226	replicate-2
ha	358	1227	replicate-2
ha	359	1242	replicate-2
ha	360	1237	replicate-2
ha	361	1240	replicate-2
ha	362	1236	replicate-2
ha	363	1237	replicate-2
ha	364	1238	replicate-2
ha	365	1240	replicate-2
ha	366	1214	replicate-2
ha	367	1216	replicate-2
ha	368	1195	replicate-2
ha	369	1208	replicate-2
ha	370	1205	replicate-2
ha	371	1209	replicate-2
ha	372	1203	replicate-2
ha	373	1198	replicate-2
ha	374	1225	replicate-2
ha	375	1216	replicate-2
ha	376	1205	replicate-2
ha	377	1226	replicate-2
ha	378	1218	replicate-2
ha	379	1222	replicate-2
ha	380	1217	replicate-2
ha	381	1211	replicate-2
ha	382	1205	replicate-2
ha	383	1179	replicate-2
ha	384	1165	replicate-2
ha	385	1173	replicate-2
ha	386	1152	replicate-2
ha	387	1147	replicate-2
ha	388	1154	replicate-2
ha	389	1150	replicate-2
ha	390	1144	replicate-2
ha	391	1151	replicate-2
ha	392	1136	replicate-2
ha	393	1136	replicate-2
ha	394	1128	replicate-2
ha	395	1101	replicate-2
ha	396	1172	replicate-2
ha	397	1155	replicate-2
ha	398	1172	replicate-2
ha	399	1177	replicate-2
ha	400	1155	replicate-2
ha	401	1157	replicate-2
ha	402	1152	replicate-2
ha	403	1153	replicate-2
ha	404	1158	replicate-2
ha	405	1102	replicate-2
ha	406	1112	replicate-2
ha	407	1108	replicate-2
ha	408	1112	replicate-2
ha	409	1108	replicate-2
ha	410	1123	replicate-2
ha	411	1123	replicate-2
ha	412	1126	replicate-2
ha	413	1124	replicate-2
ha	414	1110	replicate-2
ha	415	1126	replicate-2
ha	416	1146	replicate-2
ha	417	1150	replicate-2
ha	418	1156	replicate-2
ha	419	1162	replicate-2
ha	420	1146	replicate-2
ha	421	1152	replicate-2
ha	422	1160	replicate-2
ha	423	1158	replicate-2
ha	424	1145	replicate-2
ha	425	1113	replicate-2
ha	426	1145	replicate-2
ha	427	1204	replicate-2
ha	428	1205	replicate-2
ha	429	1202	replicate-2
ha	430	1210	replicate-2
ha	431	1210	replicate-2
ha	432	1212	replicate-2
ha	433	1221	replicate-2
ha	434	1217	replicate-2
ha	435	1221	replicate-2
ha	436	1168	replicate-2
ha	437	1168	replicate-2
ha	438	1175	replicate-2
ha	439	1175	replicate-2
ha	440	1176	replicate-2
ha	441	1185	replicate-2
ha	442	1187	replicate-2
ha	443	1185	replicate-2
ha	444	1180	replicate-2
ha	445	1169	replicate-2
ha	446	1167	replicate-2
ha	447	1170	replicate-2
ha	448	1190	replicate-2
ha	449	1197	replicate-2
ha	450	1191	replicate-2
ha	451	1192	replicate-2
ha	452	1192	replicate-2
ha	453	1190	replicate-2
ha	454	1195	replicate-2
ha	455	1177	replicate-2
ha	456	1186	replicate-2
ha	457	1173	replicate-2
ha	458	1186	replicate-2
ha	459	1232	replicate-2
ha	460	1247	replicate-2
ha	461	1267	replicate-2
ha	462	1259	replicate-2
ha	463	1256	replicate-2
ha	464	1261	replicate-2
ha	465	1255	replicate-2
ha	466	1257	replicate-2
ha	467	1261	replicate-2
ha	468	1184	replicate-2
ha	469	1200	replicate-2
ha	470	1190	replicate-2
ha	471	1192	replicate-2
ha	472	1183	replicate-2
ha	473	1178	replicate-2
ha	474	1187	replicate-2
ha	475	1183	replicate-2
ha	476	1187	replicate-2
ha	477	1191	replicate-2
ha	478	1189	replicate-2
ha	479	1197	replicate-2
ha	480	1244	replicate-2
ha	481	1247	replicate-2
ha	482	1257	replicate-2
ha	483	1243	replicate-2
ha	484	1286	replicate-2
ha	485	1296	replicate-2
ha	486	1292	replicate-2
ha	487	1308	replicate-2
ha	488	1287	replicate-2
ha	489	1234	replicate-2
ha	490	1243	replicate-2
ha	491	1241	replicate-2
ha	492	1240	replicate-2
ha	493	1169	replicate-2
ha	494	1170	replicate-2
ha	495	1157	replicate-2
ha	496	1157	replicate-2
ha	497	1154	replicate-2
ha	498	1150	replicate-2
ha	499	1149	replicate-2
ha	500	1149	replicate-2
ha	501	1161	replicate-2
ha	502	1157	replicate-2
ha	503	1156	replicate-2
ha	504	1164	replicate-2
ha	505	1166	replicate-2
ha	506	1169	replicate-2
ha	507	1178	replicate-2
ha	508	1184	replicate-2
ha	509	1177	replicate-2
ha	510	1194	replicate-2
ha	511	1178	replicate-2
ha	512	1184	replicate-2
ha	513	1187	replicate-2
ha	514	1183	replicate-2
ha	515	1196	replicate-2
ha	516	1194	replicate-2
ha	517	1211	replicate-2
ha	518	1222	replicate-2
ha	519	1206	replicate-2
ha	520	1224	replicate-2
ha	521	1218	replicate-2
ha	522	1238	replicate-2
ha	523	1250	replicate-2
ha	524	1237	replicate-2
ha	525	1230	replicate-2
ha	526	1234	replicate-2
ha	527	1235	replicate-2
ha	528	1235	replicate-2
ha	529	1234	replicate-2
ha	530	1234	replicate-2
ha	531	1218	replicate-2
ha	532	1215	replicate-2
ha	533	1213	replicate-2
ha	534	1207	replicate-2
ha	535	1216	replicate-2
ha	536	1204	replicate-2
ha	537	1193	replicate-2
ha	538	1195	replicate-2
ha	539	1189	replicate-2
ha	540	1236	replicate-2
ha	541	1236	replicate-2
ha	542	1245	replicate-2
ha	543	1248	replicate-2
ha	544	1245	replicate-2
ha	545	1240	replicate-2
ha	546	1235	replicate-2
ha	547	1241	replicate-2
ha	548	1222	replicate-2
ha	549	1197	replicate-2
ha	550	1179	replicate-2
ha	551	1190	replicate-2
ha	552	1235	replicate-2
ha	553	1222	replicate-2
ha	554	1228	replicate-2
ha	555	1220	replicate-2
ha	556	1203	replicate-2
ha	557	1201	replicate-2
ha	558	1171	replicate-2
ha	559	1182	replicate-2
ha	560	1162	replicate-2
ha	561	1108	replicate-2
ha	562	1105	replicate-2
ha	563	1129	replicate-2
ha	564	1148	replicate-2
ha	565	1153	replicate-2
ha	566	1145	replicate-2
ha	567	1138	replicate-2
ha	568	1260	replicate-2
ha	569	1261	replicate-2
ha	570	1266	replicate-2
ha	571	1265	replicate-2
ha	572	1238	replicate-2
ha	573	1233	replicate-2
ha	574	1223	replicate-2
ha	575	1233	replicate-2
ha	576	1232	replicate-2
ha	577	1121	replicate-2
ha	578	1115	replicate-2
ha	579	1121	replicate-2
ha	580	1121	replicate-2
ha	581	1122	replicate-2
ha	582	1111	replicate-2
ha	583	1116	replicate-2
ha	584	1124	replicate-2
ha	585	1120	replicate-2
ha	586	1115	replicate-2
ha	587	1127	replicate-2
ha	588	1120	replicate-2
ha	589	1146	replicate-2
ha	590	1189	replicate-2
ha	591	1224	replicate-2
ha	592	1256	replicate-2
ha	593	1254	replicate-2
ha	594	1256	replicate-2
ha	595	1257	replicate-2
ha	596	1256	replicate-2
ha	597	1251	replicate-2
ha	598	1227	replicate-2
ha	599	1231	replicate-2
ha	600	1165	replicate-2
ha	601	1196	replicate-2
ha	602	1180	replicate-2
ha	603	1184	replicate-2
ha	604	1188	replicate-2
ha	605	1178	replicate-2
ha	606	1190	replicate-2
ha	607	1184	replicate-2
ha	608	1176	replicate-2
ha	609	1171	replicate-2
ha	610	1137	replicate-2
ha	611	1147	replicate-2
ha	612	1140	replicate-2
ha	613	1159	replicate-2
ha	614	1172	replicate-2
ha	615	1167	replicate-2
ha	616	1188	replicate-2
ha	617	1188	replicate-2
ha	618	1190	replicate-2
ha	619	1201	replicate-2
ha	620	1192	replicate-2
ha	621	1186	replicate-2
ha	622	1192	replicate-2
ha	623	1174	replicate-2
ha	624	1231	replicate-2
ha	625	1210	replicate-2
ha	626	1214	replicate-2
ha	627	1200	replicate-2
ha	628	1195	replicate-2
ha	629	1195	replicate-2
ha	630	1187	replicate-2
ha	631	1168	replicate-2
ha	632	1171	replicate-2
ha	633	1097	replicate-2
ha	634	1103	replicate-2
ha	635	1077	replicate-2
ha	636	1077	replicate-2
ha	637	1093	replicate-2
ha	638	1085	replicate-2
ha	639	1086	replicate-2
ha	640	1083	replicate-2
ha	641	1080	replicate-2
ha	642	1077	replicate-2
ha	643	1078	replicate-2
ha	644	1080	replicate-2
ha	645	1067	replicate-2
ha	646	1084	replicate-2
ha	647	1079	replicate-2
ha	648	1147	replicate-2
ha	649	1145	replicate-2
ha	650	1136	replicate-2
ha	651	1135	replicate-2
ha	652	1124	replicate-2
ha	653	1114	replicate-2
ha	654	1119	replicate-2
ha	655	1094	replicate-2
ha	656	1093	replicate-2
ha	657	1072	replicate-2
ha	658	1057	replicate-2
ha	659	1053	replicate-2
ha	660	1052	replicate-2
ha	661	1051	replicate-2
ha	662	1013	replicate-2
ha	663	1026	replicate-2
ha	664	1033	replicate-2
ha	665	1030	replicate-2
ha	666	1050	replicate-2
ha	667	1064	replicate-2
ha	668	1066	replicate-2
ha	669	1066	replicate-2
ha	670	1056	replicate-2
ha	671	1061	replicate-2
ha	672	1056	replicate-2
ha	673	1034	replicate-2
ha	674	1036	replicate-2
ha	675	1023	replicate-2
ha	676	1018	replicate-2
ha	677	1012	replicate-2
ha	678	1016	replicate-2
ha	679	1013	replicate-2
ha	680	1018	replicate-2
ha	681	1016	replicate-2
ha	682	1009	replicate-2
ha	683	998	replicate-2
ha	684	1001	replicate-2
ha	685	995	replicate-2
ha	686	1009	replicate-2
ha	687	1043	replicate-2
ha	688	1036	replicate-2
ha	689	1046	replicate-2
ha	690	1029	replicate-2
ha	691	1031	replicate-2
ha	692	1038	replicate-2
ha	693	1028	replicate-2
ha	694	1036	replicate-2
ha	695	1019	replicate-2
ha	696	975	replicate-2
ha	697	975	replicate-2
ha	698	980	replicate-2
ha	699	989	replicate-2
ha	700	990	replicate-2
ha	701	967	replicate-2
ha	702	980	replicate-2
ha	703	964	replicate-2
ha	704	977	replicate-2
ha	705	977	replicate-2
ha	706	978	replicate-2
ha	707	979	replicate-2
ha	708	953	replicate-2
ha	709	953	replicate-2
ha	710	950	replicate-2
ha	711	953	replicate-2
ha	712	946	replicate-2
ha	713	930	replicate-2
ha	714	933	replicate-2
ha	715	926	replicate-2
ha	716	929	replicate-2
ha	717	912	replicate-2
ha	718	919	replicate-2
ha	719	936	replicate-2
ha	720	941	replicate-2
ha	721	943	replicate-2
ha	722	937	replicate-2
ha	723	945	replicate-2
ha	724	945	replicate-2
ha	725	938	replicate-2
ha	726	931	replicate-2
ha	727	930	replicate-2
ha	728	921	replicate-2
ha	729	920	replicate-2
ha	730	922	replicate-2
ha	731	936	replicate-2
ha	732	937	replicate-2
ha	733	919	replicate-2
ha	734	915	replicate-2
ha	735	915	replicate-2
ha	736	924	replicate-2
ha	737	898	replicate-2
ha	738	903	replicate-2
ha	739	903	replicate-2
ha	740	895	replicate-2
ha	741	877	replicate-2
ha	742	903	replicate-2
ha	743	900	replicate-2
ha	744	905	replicate-2
ha	745	904	replicate-2
ha	746	913	replicate-2
ha	747	931	replicate-2
ha	748	926	replicate-2
ha	749	926	replicate-2
ha	750	931	replicate-2
ha	751	892	replicate-2
ha	752	883	replicate-2
ha	753	885	replicate-2
ha	754	886	replicate-2
ha	755	897	replicate-2
ha	756	878	replicate-2
ha	757	878	replicate-2
ha	758	869	replicate-2
ha	759	868	replicate-2
ha	760	909	replicate-2
ha	761	912	replicate-2
ha	762	914	replicate-2
ha	763	909	replicate-2
ha	764	894	replicate-2
ha	765	898	replicate-2
ha	766	903	replicate-2
ha	767	903	replicate-2
ha	768	904	replicate-2
ha	769	859	replicate-2
ha	770	889	replicate-2
ha	771	901	replicate-2
ha	772	909	replicate-2
ha	773	914	replicate-2
ha	774	896	replicate-2
ha	775	908	replicate-2
ha	776	907	replicate-2
ha	777	897	replicate-2
ha	778	894	replicate-2
ha	779	888	replicate-2
ha	780	845	replicate-2
ha	781	839	replicate-2
ha	782	845	replicate-2
ha	783	847	replicate-2
ha	784	848	replicate-2
ha	785	851	replicate-2
ha	786	856	replicate-2
ha	787	857	replicate-2
ha	788	862	replicate-2
ha	789	861	replicate-2
ha	790	857	replicate-2
ha	791	857	replicate-2
ha	792	858	replicate-2
ha	793	868	replicate-2
ha	794	869	replicate-2
ha	795	830	replicate-2
ha	796	826	replicate-2
ha	797	824	replicate-2
ha	798	840	replicate-2
ha	799	835	replicate-2
ha	800	835	replicate-2
ha	801	833	replicate-2
ha	802	835	replicate-2
ha	803	824	replicate-2
ha	804	838	replicate-2
ha	805	832	replicate-2
ha	806	824	replicate-2
ha	807	825	replicate-2
ha	808	828	replicate-2
ha	809	829	replicate-2
ha	810	831	replicate-2
ha	811	827	replicate-2
ha	812	825	replicate-2
ha	813	791	replicate-2
ha	814	794	replicate-2
ha	815	796	replicate-2
ha	816	841	replicate-2
ha	817	871	replicate-2
ha	818	866	replicate-2
ha	819	897	replicate-2
ha	820	896	replicate-2
ha	821	2385	replicate-2
ha	822	2895	replicate-2
ha	823	2933	replicate-2
ha	824	3261	replicate-2
ha	825	3297	replicate-2
ha	826	3639	replicate-2
ha	827	4177	replicate-2
ha	828	4233	replicate-2
ha	829	4380	replicate-2
ha	830	4408	replicate-2
ha	831	4476	replicate-2
ha	832	4508	replicate-2
ha	833	4566	replicate-2
ha	834	4622	replicate-2
ha	835	5081	replicate-2
ha	836	5097	replicate-2
ha	837	5145	replicate-2
ha	838	5222	replicate-2
ha	839	5228	replicate-2
ha	840	5370	replicate-2
ha	841	5415	replicate-2
ha	842	5518	replicate-2
ha	843	5534	replicate-2
ha	844	5578	replicate-2
ha	845	5769	replicate-2
ha	846	5779	replicate-2
ha	847	5967	replicate-2
ha	848	5992	replicate-2
ha	849	6108	replicate-2
ha	850	6368	replicate-2
ha	851	6576	replicate-2
ha	852	6604	replicate-2
ha	853	6630	replicate-2
ha	854	6694	replicate-2
ha	855	6757	replicate-2
ha	856	6878	replicate-2
ha	857	6917	replicate-2
ha	858	6952	replicate-2
ha	859	7132	replicate-2
ha	860	7124	replicate-2
ha	861	7401	replicate-2
ha	862	7410	replicate-2
ha	863	7438	replicate-2
ha	864	7511	replicate-2
ha	865	7508	replicate-2
ha	866	7869	replicate-2
ha	867	7888	replicate-2
ha	868	7932	replicate-2
ha	869	8100	replicate-2
ha	870	8103	replicate-2
ha	871	8295	replicate-2
ha	872	8296	replicate-2
ha	873	8301	replicate-2
ha	874	8339	replicate-2
ha	875	8260	replicate-2
ha	876	8439	replicate-2
ha	877	8436	replicate-2
ha	878	8509	replicate-2
ha	879	8713	replicate-2
ha	880	8691	replicate-2
ha	881	8901	replicate-2
ha	882	8895	replicate-2
ha	883	9199	replicate-2
ha	884	10154	replicate-2
ha	885	10411	replicate-2
ha	886	10428	replicate-2
ha	887	10433	replicate-2
ha	888	10384	replicate-2
ha	889	10394	replicate-2
ha	890	10465	replicate-2
ha	891	10471	replicate-2
ha	892	10415	replicate-2
ha	893	10264	replicate-2
ha	894	10067	replicate-2
ha	895	10578	replicate-2
ha	896	10606	replicate-2
ha	897	10682	replicate-2
ha	898	10692	replicate-2
ha	899	10515	replicate-2
ha	900	10504	replicate-2
ha	901	10639	replicate-2
ha	902	10545	replicate-2
ha	903	10611	replicate-2
ha	904	10361	replicate-2
ha	905	10339	replicate-2
ha	906	10315	replicate-2
ha	907	10379	replicate-2
ha	908	10553	replicate-2
ha	909	10684	replicate-2
ha	910	10642	replicate-2
ha	911	10622	replicate-2
ha	912	10573	replicate-2
ha	913	10460	replicate-2
ha	914	10392	replicate-2
ha	915	10818	replicate-2
ha	916	10775	replicate-2
ha	917	10663	replicate-2
ha	918	10844	replicate-2
ha	919	10852	replicate-2
ha	920	10861	replicate-2
ha	921	10850	replicate-2
ha	922	10823	replicate-2
ha	923	10790	replicate-2
ha	924	10608	replicate-2
ha	925	10527	replicate-2
ha	926	10559	replicate-2
ha	927	10466	replicate-2
ha	928	10542	replicate-2
ha	929	10618	replicate-2
ha	930	10591	replicate-2
ha	931	10832	replicate-2
ha	932	10825	replicate-2
ha	933	10910	replicate-2
ha	934	10961	replicate-2
ha	935	10972	replicate-2
ha	936	11317	replicate-2
ha	937	11279	replicate-2
ha	938	11286	replicate-2
ha	939	11305	replicate-2
ha	940	11162	replicate-2
ha	941	11237	replicate-2
ha	942	11106	replicate-2
ha	943	11060	replicate-2
ha	944	11383	replicate-2
ha	945	11227	replicate-2
ha	946	11249	replicate-2
ha	947	11358	replicate-2
ha	948	11344	replicate-2
ha	949	11692	replicate-2
ha	950	11337	replicate-2
ha	951	11307	replicate-2
ha	952	11617	replicate-2
ha	953	11392	replicate-2
ha	954	12513	replicate-2
ha	955	12668	replicate-2
ha	956	12635	replicate-2
ha	957	12822	replicate-2
ha	958	12534	replicate-2
ha	959	12576	replicate-2
ha	960	12382	replicate-2
ha	961	12536	replicate-2
ha	962	12802	replicate-2
ha	963	12413	replicate-2
ha	964	12410	replicate-2
ha	965	12413	replicate-2
ha	966	12323	replicate-2
ha	967	12461	replicate-2
ha	968	12378	replicate-2
ha	969	13646	replicate-2
ha	970	13555	replicate-2
ha	971	13346	replicate-2
ha	972	13196	replicate-2
ha	973	13061	replicate-2
ha	974	13073	replicate-2
ha	975	13043	replicate-2
ha	976	13034	replicate-2
ha	977	12992	replicate-2
ha	978	12250	replicate-2
ha	979	12207	replicate-2
ha	980	12122	replicate-2
ha	981	12357	replicate-2
ha	982	12604	replicate-2
ha	983	12586	replicate-2
ha	984	12624	replicate-2
ha	985	12584	replicate-2
ha	986	12745	replicate-2
ha	987	12820	replicate-2
ha	988	12887	replicate-2
ha	989	12889	replicate-2
ha	990	12875	replicate-2
ha	991	12762	replicate-2
ha	992	12726	replicate-2
ha	993	12716	replicate-2
ha	994	12730	replicate-2
ha	995	12839	replicate-2
ha	996	12868	replicate-2
ha	997	12852	replicate-2
ha	998	12859	replicate-2
ha	999	12884	replicate-2
ha	1000	12848	replicate-2
ha	1001	12821	replicate-2
ha	1002	12791	replicate-2
ha	1003	12878	replicate-2
ha	1004	12940	replicate-2
ha	1005	13102	replicate-2
ha	1006	13175	replicate-2
ha	1007	13148	replicate-2
ha	1008	13302	replicate-2
ha	1009	13429	replicate-2
ha	1010	13527	replicate-2
ha	1011	13503	replicate-2
ha	1012	13747	replicate-2
ha	1013	13656	replicate-2
ha	1014	13648	replicate-2
ha	1015	13635	replicate-2
ha	1016	13617	replicate-2
ha	1017	13595	replicate-2
ha	1018	13557	replicate-2
ha	1019	13393	replicate-2
ha	1020	13362	replicate-2
ha	1021	13242	replicate-2
ha	1022	13299	replicate-2
ha	1023	13337	replicate-2
ha	1024	13466	replicate-2
ha	1025	13510	replicate-2
ha	1026	13425	replicate-2
ha	1027	13732	replicate-2
ha	1028	13702	replicate-2
ha	1029	14065	replicate-2
ha	1030	14055	replicate-2
ha	1031	13866	replicate-2
ha	1032	13745	replicate-2
ha	1033	13539	replicate-2
ha	1034	13343	replicate-2
ha	1035	13358	replicate-2
ha	1036	13196	replicate-2
ha	1037	13441	replicate-2
ha	1038	13550	replicate-2
ha	1039	13428	replicate-2
ha	1040	13457	replicate-2
ha	1041	13398	replicate-2
ha	1042	13437	replicate-2
ha	1043	13510	replicate-2
ha	1044	13596	replicate-2
ha	1045	13510	replicate-2
ha	1046	13405	replicate-2
ha	1047	12914	replicate-2
ha	1048	12857	replicate-2
ha	1049	12782	replicate-2
ha	1050	12944	replicate-2
ha	1051	13015	replicate-2
ha	1052	12800	replicate-2
ha	1053	12913	replicate-2
ha	1054	12951	replicate-2
ha	1055	12868	replicate-2
ha	1056	12960	replicate-2
ha	1057	13006	replicate-2
ha	1058	12872	replicate-2
ha	1059	12746	replicate-2
ha	1060	12697	replicate-2
ha	1061	12667	replicate-2
ha	1062	12787	replicate-2
ha	1063	12516	replicate-2
ha	1064	12597	replicate-2
ha	1065	12519	replicate-2
ha	1066	12431	replicate-2
ha	1067	12328	replicate-2
ha	1068	12286	replicate-2
ha	1069	12746	replicate-2
ha	1070	12612	replicate-2
ha	1071	12588	replicate-2
ha	1072	12631	replicate-2
ha	1073	12552	replicate-2
ha	1074	12577	replicate-2
ha	1075	12618	replicate-2
ha	1076	12619	replicate-2
ha	1077	12581	replicate-2
ha	1078	12369	replicate-2
ha	1079	12564	replicate-2
ha	1080	12566	replicate-2
ha	1081	12556	replicate-2
ha	1082	12524	replicate-2
ha	1083	12452	replicate-2
ha	1084	12331	replicate-2
ha	1085	13151	replicate-2
ha	1086	14340	replicate-2
ha	1087	14758	replicate-2
ha	1088	14573	replicate-2
ha	1089	14594	replicate-2
ha	1090	14713	replicate-2
ha	1091	14709	replicate-2
ha	1092	14582	replicate-2
ha	1093	14423	replicate-2
ha	1094	14441	replicate-2
ha	1095	12062	replicate-2
ha	1096	11987	replicate-2
ha	1097	11911	replicate-2
ha	1098	11980	replicate-2
ha	1099	11902	replicate-2
ha	1100	11958	replicate-2
ha	1101	11935	replicate-2
ha	1102	11912	replicate-2
ha	1103	11810	replicate-2
ha	1104	11848	replicate-2
ha	1105	11805	replicate-2
ha	1106	11771	replicate-2
ha	1107	11637	replicate-2
ha	1108	11727	replicate-2
ha	1109	11706	replicate-2
ha	1110	11887	replicate-2
ha	1111	11817	replicate-2
ha	1112	11732	replicate-2
ha	1113	11725	replicate-2
ha	1114	12011	replicate-2
ha	1115	12178	replicate-2
ha	1116	12151	replicate-2
ha	1117	12071	replicate-2
ha	1118	12109	replicate-2
ha	1119	11990	replicate-2
ha	1120	11959	replicate-2
ha	1121	12199	replicate-2
ha	1122	12345	replicate-2
ha	1123	12142	replicate-2
ha	1124	12054	replicate-2
ha	1125	12323	replicate-2
ha	1126	12989	replicate-2
ha	1127	13072	replicate-2
ha	1128	13168	replicate-2
ha	1129	13157	replicate-2
ha	1130	13586	replicate-2
ha	1131	13713	replicate-2
ha	1132	13771	replicate-2
ha	1133	13744	replicate-2
ha	1134	13665	replicate-2
ha	1135	13780	replicate-2
ha	1136	13578	replicate-2
ha	1137	13627	replicate-2
ha	1138	14248	replicate-2
ha	1139	13990	replicate-2
ha	1140	13735	replicate-2
ha	1141	13741	replicate-2
ha	1142	13763	replicate-2
ha	1143	14276	replicate-2
ha	1144	14131	replicate-2
ha	1145	13858	replicate-2
ha	1146	13858	replicate-2
ha	1147	13590	replicate-2
ha	1148	14232	replicate-2
ha	1149	14245	replicate-2
ha	1150	14426	replicate-2
ha	1151	14416	replicate-2
ha	1152	14032	replicate-2
ha	1153	14244	replicate-2
ha	1154	14260	replicate-2
ha	1155	14405	replicate-2
ha	1156	14454	replicate-2
ha	1157	14137	replicate-2
ha	1158	14271	replicate-2
ha	1159	14162	replicate-2
ha	1160	14476	replicate-2
ha	1161	14521	replicate-2
ha	1162	14595	replicate-2
ha	1163	14451	replicate-2
ha	1164	14351	replicate-2
ha	1165	14335	replicate-2
ha	1166	14303	replicate-2
ha	1167	14357	replicate-2
ha	1168	14195	replicate-2
ha	1169	14326	replicate-2
ha	1170	14334	replicate-2
ha	1171	14283	replicate-2
ha	1172	14405	replicate-2
ha	1173	14346	replicate-2
ha	1174	14632	replicate-2
ha	1175	14495	replicate-2
ha	1176	14452	replicate-2
ha	1177	14438	replicate-2
ha	1178	14543	replicate-2
ha	1179	14338	replicate-2
ha	1180	14254	replicate-2
ha	1181	14120	replicate-2
ha	1182	14115	replicate-2
ha	1183	13956	replicate-2
ha	1184	13904	replicate-2
ha	1185	14158	replicate-2
ha	1186	14140	replicate-2
ha	1187	14061	replicate-2
ha	1188	13983	replicate-2
ha	1189	14002	replicate-2
ha	1190	13986	replicate-2
ha	1191	14169	replicate-2
ha	1192	14377	replicate-2
ha	1193	14586	replicate-2
ha	1194	14559	replicate-2
ha	1195	14390	replicate-2
ha	1196	14543	replicate-2
ha	1197	15237	replicate-2
ha	1198	15131	replicate-2
ha	1199	15127	replicate-2
ha	1200	14859	replicate-2
ha	1201	14708	replicate-2
ha	1202	14513	replicate-2
ha	1203	14923	replicate-2
ha	1204	14904	replicate-2
ha	1205	15069	replicate-2
ha	1206	14585	replicate-2
ha	1207	14597	replicate-2
ha	1208	14694	replicate-2
ha	1209	15226	replicate-2
ha	1210	15358	replicate-2
ha	1211	15339	replicate-2
ha	1212	15031	replicate-2
ha	1213	14962	replicate-2
ha	1214	14787	replicate-2
ha	1215	14804	replicate-2
ha	1216	15119	replicate-2
ha	1217	15155	replicate-2
ha	1218	14811	replicate-2
ha	1219	14690	replicate-2
ha	1220	14572	replicate-2
ha	1221	14906	replicate-2
ha	1222	14987	replicate-2
ha	1223	14957	replicate-2
ha	1224	14987	replicate-2
ha	1225	14694	replicate-2
ha	1226	15059	replicate-2
ha	1227	15069	replicate-2
ha	1228	15057	replicate-2
ha	1229	15015	replicate-2
ha	1230	14736	replicate-2
ha	1231	14643	replicate-2
ha	1232	14837	replicate-2
ha	1233	14762	replicate-2
ha	1234	14843	replicate-2
ha	1235	14552	replicate-2
ha	1236	14576	replicate-2
ha	1237	14788	replicate-2
ha	1238	14843	replicate-2
ha	1239	14853	replicate-2
ha	1240	14837	replicate-2
ha	1241	14637	replicate-2
ha	1242	14529	replicate-2
ha	1243	14581	replicate-2
ha	1244	14354	replicate-2
ha	1245	14606	replicate-2
ha	1246	14458	replicate-2
ha	1247	14647	replicate-2
ha	1248	14607	replicate-2
ha	1249	15060	replicate-2
ha	1250	15018	replicate-2
ha	1251	14975	replicate-2
ha	1252	14871	replicate-2
ha	1253	14830	replicate-2
ha	1254	14612	replicate-2
ha	1255	14597	replicate-2
ha	1256	14471	replicate-2
ha	1257	14419	replicate-2
ha	1258	14071	replicate-2
ha	1259	14673	replicate-2
ha	1260	14646	replicate-2
ha	1261	14639	replicate-2
ha	1262	14690	replicate-2
ha	1263	14744	replicate-2
ha	1264	14662	replicate-2
ha	1265	14540	replicate-2
ha	1266	14520	replicate-2
ha	1267	14457	replicate-2
ha	1268	14827	replicate-2
ha	1269	14031	replicate-2
ha	1270	14680	replicate-2
ha	1271	14675	replicate-2
ha	1272	14660	replicate-2
ha	1273	14763	replicate-2
ha	1274	14744	replicate-2
ha	1275	14695	replicate-2
ha	1276	14590	replicate-2
ha	1277	14133	replicate-2
ha	1278	14288	replicate-2
ha	1279	14409	replicate-2
ha	1280	14284	replicate-2
ha	1281	14257	replicate-2
ha	1282	14076	replicate-2
ha	1283	14178	replicate-2
ha	1284	14099	replicate-2
ha	1285	14058	replicate-2
ha	1286	13947	replicate-2
ha	1287	13915	replicate-2
ha	1288	13964	replicate-2
ha	1289	13393	replicate-2
ha	1290	13840	replicate-2
ha	1291	13878	replicate-2
ha	1292	13847	replicate-2
ha	1293	13806	replicate-2
ha	1294	13567	replicate-2
ha	1295	13610	replicate-2
ha	1296	13437	replicate-2
ha	1297	13556	replicate-2
ha	1298	13424	replicate-2
ha	1299	12874	replicate-2
ha	1300	12810	replicate-2
ha	1301	12783	replicate-2
ha	1302	12764	replicate-2
ha	1303	12833	replicate-2
ha	1304	12733	replicate-2
ha	1305	12680	replicate-2
ha	1306	12646	replicate-2
ha	1307	12444	replicate-2
ha	1308	12577	replicate-2
ha	1309	12613	replicate-2
ha	1310	12594	replicate-2
ha	1311	12516	replicate-2
ha	1312	12393	replicate-2
ha	1313	12513	replicate-2
ha	1314	12520	replicate-2
ha	1315	12498	replicate-2
ha	1316	12519	replicate-2
ha	1317	12370	replicate-2
ha	1318	12261	replicate-2
ha	1319	12264	replicate-2
ha	1320	12185	replicate-2
ha	1321	12201	replicate-2
ha	1322	12007	replicate-2
ha	1323	12142	replicate-2
ha	1324	12146	replicate-2
ha	1325	12214	replicate-2
ha	1326	12564	replicate-2
ha	1327	12747	replicate-2
ha	1328	12756	replicate-2
ha	1329	12727	replicate-2
ha	1330	12669	replicate-2
ha	1331	12655	replicate-2
ha	1332	12393	replicate-2
ha	1333	12548	replicate-2
ha	1334	12716	replicate-2
ha	1335	12439	replicate-2
ha	1336	12419	replicate-2
ha	1337	12282	replicate-2
ha	1338	12319	replicate-2
ha	1339	12598	replicate-2
ha	1340	12564	replicate-2
ha	1341	12915	replicate-2
ha	1342	13252	replicate-2
ha	1343	12995	replicate-2
ha	1344	13130	replicate-2
ha	1345	13069	replicate-2
ha	1346	12973	replicate-2
ha	1347	13059	replicate-2
ha	1348	12458	replicate-2
ha	1349	12434	replicate-2
ha	1350	12368	replicate-2
ha	1351	11687	replicate-2
ha	1352	11747	replicate-2
ha	1353	11685	replicate-2
ha	1354	11620	replicate-2
ha	1355	11854	replicate-2
ha	1356	11829	replicate-2
ha	1357	11859	replicate-2
ha	1358	11756	replicate-2
ha	1359	11789	replicate-2
ha	1360	11812	replicate-2
ha	1361	11905	replicate-2
ha	1362	11717	replicate-2
ha	1363	11687	replicate-2
ha	1364	11491	replicate-2
ha	1365	11264	replicate-2
ha	1366	11288	replicate-2
ha	1367	11401	replicate-2
ha	1368	11611	replicate-2
ha	1369	11673	replicate-2
ha	1370	11805	replicate-2
ha	1371	12097	replicate-2
ha	1372	12069	replicate-2
ha	1373	12036	replicate-2
ha	1374	12030	replicate-2
ha	1375	12613	replicate-2
ha	1376	12718	replicate-2
ha	1377	12911	replicate-2
ha	1378	13535	replicate-2
ha	1379	14530	replicate-2
ha	1380	14719	replicate-2
ha	1381	14886	replicate-2
ha	1382	14952	replicate-2
ha	1383	15509	replicate-2
ha	1384	15342	replicate-2
ha	1385	15625	replicate-2
ha	1386	15612	replicate-2
ha	1387	15733	replicate-2
ha	1388	15769	replicate-2
ha	1389	15758	replicate-2
ha	1390	15734	replicate-2
ha	1391	15732	replicate-2
ha	1392	15663	replicate-2
ha	1393	15772	replicate-2
ha	1394	15634	replicate-2
ha	1395	15642	replicate-2
ha	1396	15598	replicate-2
ha	1397	15723	replicate-2
ha	1398	16192	replicate-2
ha	1399	16316	replicate-2
ha	1400	16513	replicate-2
ha	1401	16800	replicate-2
ha	1402	16845	replicate-2
ha	1403	16927	replicate-2
ha	1404	17107	replicate-2
ha	1405	17196	replicate-2
ha	1406	17637	replicate-2
ha	1407	17641	replicate-2
ha	1408	17671	replicate-2
ha	1409	17656	replicate-2
ha	1410	17561	replicate-2
ha	1411	17558	replicate-2
ha	1412	17299	replicate-2
ha	1413	17105	replicate-2
ha	1414	17468	replicate-2
ha	1415	17459	replicate-2
ha	1416	17331	replicate-2
ha	1417	17372	replicate-2
ha	1418	17414	replicate-2
ha	1419	17539	replicate-2
ha	1420	17523	replicate-2
ha	1421	17534	replicate-2
ha	1422	17582	replicate-2
ha	1423	17540	replicate-2
ha	1424	17277	replicate-2
ha	1425	17352	replicate-2
ha	1426	17459	replicate-2
ha	1427	17701	replicate-2
ha	1428	17714	replicate-2
ha	1429	17493	replicate-2
ha	1430	17406	replicate-2
ha	1431	17822	replicate-2
ha	1432	17754	replicate-2
ha	1433	17919	replicate-2
ha	1434	17802	replicate-2
ha	1435	17613	replicate-2
ha	1436	17585	replicate-2
ha	1437	17334	replicate-2
ha	1438	18146	replicate-2
ha	1439	18158	replicate-2
ha	1440	17593	replicate-2
ha	1441	17592	replicate-2
ha	1442	17345	replicate-2
ha	1443	17560	replicate-2
ha	1444	17884	replicate-2
ha	1445	17898	replicate-2
ha	1446	17776	replicate-2
ha	1447	16765	replicate-2
ha	1448	16157	replicate-2
ha	1449	17482	replicate-2
ha	1450	17532	replicate-2
ha	1451	17671	replicate-2
ha	1452	17659	replicate-2
ha	1453	16900	replicate-2
ha	1454	16888	replicate-2
ha	1455	16892	replicate-2
ha	1456	17085	replicate-2
ha	1457	17274	replicate-2
ha	1458	16136	replicate-2
ha	1459	16161	replicate-2
ha	1460	16154	replicate-2
ha	1461	16023	replicate-2
ha	1462	16719	replicate-2
ha	1463	17023	replicate-2
ha	1464	17127	replicate-2
ha	1465	16971	replicate-2
ha	1466	16698	replicate-2
ha	1467	16729	replicate-2
ha	1468	16679	replicate-2
ha	1469	16690	replicate-2
ha	1470	16676	replicate-2
ha	1471	16331	replicate-2
ha	1472	15952	replicate-2
ha	1473	16235	replicate-2
ha	1474	16238	replicate-2
ha	1475	16451	replicate-2
ha	1476	16521	replicate-2
ha	1477	16444	replicate-2
ha	1478	16506	replicate-2
ha	1479	16521	replicate-2
ha	1480	16523	replicate-2
ha	1481	16751	replicate-2
ha	1482	16731	replicate-2
ha	1483	16850	replicate-2
ha	1484	16766	replicate-2
ha	1485	16983	replicate-2
ha	1486	17061	replicate-2
ha	1487	17089	replicate-2
ha	1488	17102	replicate-2
ha	1489	17231	replicate-2
ha	1490	17159	replicate-2
ha	1491	17164	replicate-2
ha	1492	17048	replicate-2
ha	1493	16989	replicate-2
ha	1494	17081	replicate-2
ha	1495	16987	replicate-2
ha	1496	16998	replicate-2
ha	1497	17101	replicate-2
ha	1498	16977	replicate-2
ha	1499	17384	replicate-2
ha	1500	17397	replicate-2
ha	1501	17374	replicate-2
ha	1502	17483	replicate-2
ha	1503	17402	replicate-2
ha	1504	17563	replicate-2
ha	1505	17948	replicate-2
ha	1506	18010	replicate-2
ha	1507	18148	replicate-2
ha	1508	17636	replicate-2
ha	1509	17717	replicate-2
ha	1510	17681	replicate-2
ha	1511	17728	replicate-2
ha	1512	17404	replicate-2
ha	1513	17164	replicate-2
ha	1514	16481	replicate-2
ha	1515	16876	replicate-2
ha	1516	16399	replicate-2
ha	1517	16511	replicate-2
ha	1518	16425	replicate-2
ha	1519	16555	replicate-2
ha	1520	16540	replicate-2
ha	1521	16707	replicate-2
ha	1522	16711	replicate-2
ha	1523	16657	replicate-2
ha	1524	15993	replicate-2
ha	1525	15921	replicate-2
ha	1526	15880	replicate-2
ha	1527	15958	replicate-2
ha	1528	15980	replicate-2
ha	1529	16245	replicate-2
ha	1530	15969	replicate-2
ha	1531	16087	replicate-2
ha	1532	16207	replicate-2
ha	1533	16214	replicate-2
ha	1534	16794	replicate-2
ha	1535	16820	replicate-2
ha	1536	16767	replicate-2
ha	1537	16751	replicate-2
ha	1538	16513	replicate-2
ha	1539	16592	replicate-2
ha	1540	16562	replicate-2
ha	1541	16689	replicate-2
ha	1542	16706	replicate-2
ha	1543	16430	replicate-2
ha	1544	16583	replicate-2
ha	1545	16507	replicate-2
ha	1546	17412	replicate-2
ha	1547	17389	replicate-2
ha	1548	17562	replicate-2
ha	1549	17439	replicate-2
ha	1550	17131	replicate-2
ha	1551	17174	replicate-2
ha	1552	16936	replicate-2
ha	1553	17063	replicate-2
ha	1554	16994	replicate-2
ha	1555	15684	replicate-2
ha	1556	15672	replicate-2
ha	1557	15281	replicate-2
ha	1558	15295	replicate-2
ha	1559	15311	replicate-2
ha	1560	15298	replicate-2
ha	1561	15188	replicate-2
ha	1562	15128	replicate-2
ha	1563	15242	replicate-2
ha	1564	15617	replicate-2
ha	1565	15591	replicate-2
ha	1566	15496	replicate-2
ha	1567	15378	replicate-2
ha	1568	15436	replicate-2
ha	1569	15371	replicate-2
ha	1570	15268	replicate-2
ha	1571	14920	replicate-2
ha	1572	15035	replicate-2
ha	1573	14564	replicate-2
ha	1574	14670	replicate-2
ha	1575	14669	replicate-2
ha	1576	14653	replicate-2
ha	1577	15072	replicate-2
ha	1578	15090	replicate-2
ha	1579	15119	replicate-2
ha	1580	15092	replicate-2
ha	1581	14937	replicate-2
ha	1582	14952	replicate-2
ha	1583	14800	replicate-2
ha	1584	14832	replicate-2
ha	1585	14848	replicate-2
ha	1586	14286	replicate-2
ha	1587	14428	replicate-2
ha	1588	14416	replicate-2
ha	1589	14496	replicate-2
ha	1590	14538	replicate-2
ha	1591	14636	replicate-2
ha	1592	14656	replicate-2
ha	1593	14745	replicate-2
ha	1594	14792	replicate-2
ha	1595	14772	replicate-2
ha	1596	14576	replicate-2
ha	1597	14332	replicate-2
ha	1598	14279	replicate-2
ha	1599	14202	replicate-2
ha	1600	14164	replicate-2
ha	1601	14023	replicate-2
ha	1602	14412	replicate-2
ha	1603	14432	replicate-2
ha	1604	14443	replicate-2
ha	1605	14461	replicate-2
ha	1606	14475	replicate-2
ha	1607	14476	replicate-2
ha	1608	14695	replicate-2
ha	1609	14657	replicate-2
ha	1610	14632	replicate-2
ha	1611	14471	replicate-2
ha	1612	13894	replicate-2
ha	1613	14009	replicate-2
ha	1614	14513	replicate-2
ha	1615	14565	replicate-2
ha	1616	14537	replicate-2
ha	1617	13927	replicate-2
ha	1618	14009	replicate-2
ha	1619	13958	replicate-2
ha	1620	13909	replicate-2
ha	1621	13683	replicate-2
ha	1622	13728	replicate-2
ha	1623	12932	replicate-2
ha	1624	13060	replicate-2
ha	1625	13174	replicate-2
ha	1626	13281	replicate-2
ha	1627	13174	replicate-2
ha	1628	13188	replicate-2
ha	1629	13200	replicate-2
ha	1630	13488	replicate-2
ha	1631	13147	replicate-2
ha	1632	13557	replicate-2
ha	1633	13500	replicate-2
ha	1634	13516	replicate-2
ha	1635	13586	replicate-2
ha	1636	13417	replicate-2
ha	1637	13385	replicate-2
ha	1638	13396	replicate-2
ha	1639	12866	replicate-2
ha	1640	12879	replicate-2
ha	1641	12674	replicate-2
ha	1642	12696	replicate-2
ha	1643	12708	replicate-2
ha	1644	12630	replicate-2
ha	1645	12660	replicate-2
ha	1646	12631	replicate-2
ha	1647	12696	replicate-2
ha	1648	12694	replicate-2
ha	1649	12763	replicate-2
ha	1650	13233	replicate-2
ha	1651	13215	replicate-2
ha	1652	13187	replicate-2
ha	1653	13185	replicate-2
ha	1654	13135	replicate-2
ha	1655	13145	replicate-2
ha	1656	12998	replicate-2
ha	1657	12859	replicate-2
ha	1658	12830	replicate-2
ha	1659	12143	replicate-2
ha	1660	12239	replicate-2
ha	1661	12250	replicate-2
ha	1662	12280	replicate-2
ha	1663	12241	replicate-2
ha	1664	12162	replicate-2
ha	1665	12156	replicate-2
ha	1666	12275	replicate-2
ha	1667	12230	replicate-2
ha	1668	12199	replicate-2
ha	1669	12053	replicate-2
ha	1670	11911	replicate-2
ha	1671	11852	replicate-2
ha	1672	11849	replicate-2
ha	1673	11811	replicate-2
ha	1674	11781	replicate-2
ha	1675	11453	replicate-2
ha	1676	11751	replicate-2
ha	1677	11975	replicate-2
ha	1678	11935	replicate-2
ha	1679	11933	replicate-2
ha	1680	11898	replicate-2
ha	1681	12334	replicate-2
ha	1682	12340	replicate-2
ha	1683	12466	replicate-2
ha	1684	12289	replicate-2
ha	1685	11987	replicate-2
ha	1686	11619	replicate-2
ha	1687	11612	replicate-2
ha	1688	11649	replicate-2
ha	1689	11624	replicate-2
ha	1690	11218	replicate-2
ha	1691	10874	replicate-2
ha	1692	10429	replicate-2
ha	1693	10453	replicate-2
ha	1694	10043	replicate-2
ha	1695	10196	replicate-2
ha	1696	10155	replicate-2
ha	1697	10141	replicate-2
ha	1698	10226	replicate-2
ha	1699	10122	replicate-2
ha	1700	10103	replicate-2
ha	1701	10095	replicate-2
ha	1702	10004	replicate-2
ha	1703	10001	replicate-2
ha	1704	9849	replicate-2
ha	1705	9731	replicate-2
ha	1706	9728	replicate-2
ha	1707	9658	replicate-2
ha	1708	9689	replicate-2
ha	1709	9827	replicate-2
ha	1710	9842	replicate-2
ha	1711	9867	replicate-2
ha	1712	9831	replicate-2
ha	1713	8917	replicate-2
ha	1714	9003	replicate-2
ha	1715	8845	replicate-2
ha	1716	8846	replicate-2
ha	1717	8843	replicate-2
ha	1718	8475	replicate-2
ha	1719	8520	replicate-2
ha	1720	8459	replicate-2
ha	1721	8420	replicate-2
ha	1722	8374	replicate-2
ha	1723	7733	replicate-2
ha	1724	7712	replicate-2
ha	1725	7670	replicate-2
ha	1726	7672	replicate-2
ha	1727	7649	replicate-2
ha	1728	7398	replicate-2
ha	1729	7328	replicate-2
ha	1730	7292	replicate-2
ha	1731	7196	replicate-2
ha	1732	7186	replicate-2
ha	1733	7161	replicate-2
ha	1734	7021	replicate-2
ha	1735	6937	replicate-2
ha	1736	6851	replicate-2
ha	1737	6834	replicate-2
ha	1738	6808	replicate-2
ha	1739	6798	replicate-2
ha	1740	6561	replicate-2
ha	1741	6528	replicate-2
ha	1742	6509	replicate-2
ha	1743	6464	replicate-2
ha	1744	6454	replicate-2
ha	1745	6358	replicate-2
ha	1746	6342	replicate-2
ha	1747	6294	replicate-2
ha	1748	6271	replicate-2
ha	1749	6194	replicate-2
ha	1750	5935	replicate-2
ha	1751	5793	replicate-2
ha	1752	5726	replicate-2
ha	1753	5695	replicate-2
ha	1754	5496	replicate-2
ha	1755	5079	replicate-2
ha	1756	5012	replicate-2
ha	1757	4978	replicate-2
ha	1758	4954	replicate-2
ha	1759	4782	replicate-2
ha	1760	4732	replicate-2
ha	1761	4703	replicate-2
ha	1762	4125	replicate-2
ha	1763	4100	replicate-2
ha	1764	4010	replicate-2
ha	1765	3964	replicate-2
ha	1766	3903	replicate-2
ha	1767	3848	replicate-2
ha	1768	3841	replicate-2
ha	1769	3744	replicate-2
ha	1770	3695	replicate-2
ha	1771	3656	replicate-2
ha	1772	2677	replicate-2
ha	1773	2566	replicate-2
ha	1774	2484	replicate-2
ha	1775	2472	replicate-2
ha	1776	457	replicate-2
mp	405	1	replicate-2
mp	406	1	replicate-2
mp	407	1	replicate-2
mp	408	1	replicate-2
mp	409	1	replicate-2
mp	410	1	replicate-2
mp	411	1	replicate-2
mp	412	1	replicate-2
mp	413	1	replicate-2
mp	414	1	replicate-2
mp	415	1	replicate-2
mp	416	2	replicate-2
mp	417	2	replicate-2
mp	418	2	replicate-2
mp	419	2	replicate-2
mp	420	2	replicate-2
mp	421	2	replicate-2
mp	422	2	replicate-2
mp	423	2	replicate-2
mp	424	2	replicate-2
mp	425	2	replicate-2
mp	426	2	replicate-2
mp	427	2	replicate-2
mp	428	2	replicate-2
mp	429	2	replicate-2
mp	430	2	replicate-2
mp	431	2	replicate-2
mp	432	2	replicate-2
mp	433	2	replicate-2
mp	434	2	replicate-2
mp	435	2	replicate-2
mp	436	2	replicate-2
mp	437	2	replicate-2
mp	438	2	replicate-2
mp	439	2	replicate-2
mp	440	2	replicate-2
mp	441	2	replicate-2
mp	442	2	replicate-2
mp	443	2	replicate-2
mp	444	2	replicate-2
mp	445	2	replicate-2
mp	446	2	replicate-2
mp	447	2	replicate-2
mp	448	2	replicate-2
mp	449	2	replicate-2
mp	450	2	replicate-2
mp	451	2	replicate-2
mp	452	2	replicate-2
mp	453	2	replicate-2
mp	454	2	replicate-2
mp	455	2	replicate-2
mp	456	2	replicate-2
mp	457	2	replicate-2
mp	458	2	replicate-2
mp	459	2	replicate-2
mp	460	2	replicate-2
mp	461	2	replicate-2
mp	462	2	replicate-2
mp	463	2	replicate-2
mp	464	2	replicate-2
mp	465	2	replicate-2
mp	466	2	replicate-2
mp	467	2	replicate-2
mp	468	2	replicate-2
mp	469	2	replicate-2
mp	470	2	replicate-2
mp	471	2	replicate-2
mp	472	2	replicate-2
mp	473	2	replicate-2
mp	474	2	replicate-2
mp	475	2	replicate-2
mp	476	2	replicate-2
mp	477	2	replicate-2
mp	478	2	replicate-2
mp	479	2	replicate-2
mp	480	2	replicate-2
mp	481	2	replicate-2
mp	482	2	replicate-2
mp	483	2	replicate-2
mp	484	2	replicate-2
mp	485	2	replicate-2
mp	486	2	replicate-2
mp	487	1	replicate-2
mp	488	1	replicate-2
mp	489	1	replicate-2
mp	490	1	replicate-2
mp	491	1	replicate-2
mp	492	1	replicate-2
mp	493	1	replicate-2
mp	494	1	replicate-2
mp	495	1	replicate-2
mp	496	1	replicate-2
mp	497	1	replicate-2
mp	536	1	replicate-2
mp	537	1	replicate-2
mp	538	1	replicate-2
mp	539	1	replicate-2
mp	540	1	replicate-2
mp	541	1	replicate-2
mp	542	1	replicate-2
mp	543	1	replicate-2
mp	544	1	replicate-2
mp	545	1	replicate-2
mp	546	1	replicate-2
mp	547	1	replicate-2
mp	548	1	replicate-2
mp	549	1	replicate-2
mp	550	1	replicate-2
mp	551	1	replicate-2
mp	552	1	replicate-2
mp	553	1	replicate-2
mp	554	1	replicate-2
mp	555	1	replicate-2
mp	556	1	replicate-2
mp	557	1	replicate-2
mp	558	1	replicate-2
mp	559	1	replicate-2
mp	560	1	replicate-2
mp	561	1	replicate-2
mp	562	1	replicate-2
mp	563	1	replicate-2
mp	564	1	replicate-2
mp	565	1	replicate-2
mp	566	1	replicate-2
mp	567	1	replicate-2
mp	568	1	replicate-2
mp	569	1	replicate-2
mp	570	1	replicate-2
mp	571	1	replicate-2
mp	572	1	replicate-2
mp	573	1	replicate-2
mp	574	1	replicate-2
mp	575	1	replicate-2
mp	576	1	replicate-2
mp	577	1	replicate-2
mp	578	1	replicate-2
mp	579	1	replicate-2
mp	580	1	replicate-2
mp	581	1	replicate-2
mp	582	1	replicate-2
mp	583	1	replicate-2
mp	584	1	replicate-2
mp	585	1	replicate-2
mp	586	1	replicate-2
mp	587	1	replicate-2
mp	588	1	replicate-2
mp	589	1	replicate-2
mp	590	1	replicate-2
mp	591	1	replicate-2
mp	592	1	replicate-2
mp	593	1	replicate-2
mp	594	1	replicate-2
mp	595	1	replicate-2
mp	596	1	replicate-2
mp	597	1	replicate-2
mp	598	1	replicate-2
mp	599	1	replicate-2
mp	600	1	replicate-2
mp	601	1	replicate-2
mp	602	1	replicate-2
mp	603	1	replicate-2
mp	604	1	replicate-2
mp	605	1	replicate-2
mp	606	1	replicate-2
mp	607	1	replicate-2
mp	608	1	replicate-2
mp	609	1	replicate-2
mp	610	1	replicate-2
mp	611	1	replicate-2
mp	612	1	replicate-2
mp	613	2	replicate-2
mp	614	2	replicate-2
mp	615	2	replicate-2
mp	616	2	replicate-2
mp	617	2	replicate-2
mp	618	2	replicate-2
mp	619	1	replicate-2
mp	620	1	replicate-2
mp	621	1	replicate-2
mp	622	1	replicate-2
mp	623	1	replicate-2
mp	624	1	replicate-2
mp	625	1	replicate-2
mp	626	1	replicate-2
mp	627	1	replicate-2
mp	628	1	replicate-2
mp	629	1	replicate-2
mp	630	1	replicate-2
mp	631	1	replicate-2
mp	632	1	replicate-2
mp	633	1	replicate-2
mp	634	1	replicate-2
mp	635	1	replicate-2
mp	636	1	replicate-2
mp	637	1	replicate-2
mp	638	1	replicate-2
mp	639	1	replicate-2
mp	640	1	replicate-2
mp	641	1	replicate-2
mp	642	1	replicate-2
mp	643	1	replicate-2
mp	644	1	replicate-2
mp	645	1	replicate-2
mp	646	1	replicate-2
mp	647	8	replicate-2
mp	648	9	replicate-2
mp	649	9	replicate-2
mp	650	9	replicate-2
mp	651	9	replicate-2
mp	652	9	replicate-2
mp	653	9	replicate-2
mp	654	11	replicate-2
mp	655	11	replicate-2
mp	656	11	replicate-2
mp	657	11	replicate-2
mp	658	11	replicate-2
mp	659	11	replicate-2
mp	660	11	replicate-2
mp	661	11	replicate-2
mp	662	11	replicate-2
mp	663	11	replicate-2
mp	664	11	replicate-2
mp	665	11	replicate-2
mp	666	11	replicate-2
mp	667	12	replicate-2
mp	668	12	replicate-2
mp	669	13	replicate-2
mp	670	13	replicate-2
mp	671	15	replicate-2
mp	672	15	replicate-2
mp	673	15	replicate-2
mp	674	15	replicate-2
mp	675	15	replicate-2
mp	676	16	replicate-2
mp	677	16	replicate-2
mp	678	18	replicate-2
mp	679	18	replicate-2
mp	680	18	replicate-2
mp	681	18	replicate-2
mp	682	18	replicate-2
mp	683	18	replicate-2
mp	684	19	replicate-2
mp	685	19	replicate-2
mp	686	19	replicate-2
mp	687	19	replicate-2
mp	688	19	replicate-2
mp	689	20	replicate-2
mp	690	20	replicate-2
mp	691	24	replicate-2
mp	692	24	replicate-2
mp	693	23	replicate-2
mp	694	24	replicate-2
mp	695	25	replicate-2
mp	696	25	replicate-2
mp	697	28	replicate-2
mp	698	28	replicate-2
mp	699	28	replicate-2
mp	700	28	replicate-2
mp	701	28	replicate-2
mp	702	28	replicate-2
mp	703	27	replicate-2
mp	704	27	replicate-2
mp	705	28	replicate-2
mp	706	28	replicate-2
mp	707	28	replicate-2
mp	708	29	replicate-2
mp	709	28	replicate-2
mp	710	28	replicate-2
mp	711	28	replicate-2
mp	712	28	replicate-2
mp	713	28	replicate-2
mp	714	28	replicate-2
mp	715	27	replicate-2
mp	716	27	replicate-2
mp	717	27	replicate-2
mp	718	27	replicate-2
mp	719	27	replicate-2
mp	720	27	replicate-2
mp	721	28	replicate-2
mp	722	28	replicate-2
mp	723	28	replicate-2
mp	724	28	replicate-2
mp	725	28	replicate-2
mp	726	28	replicate-2
mp	727	28	replicate-2
mp	728	28	replicate-2
mp	729	28	replicate-2
mp	730	28	replicate-2
mp	731	28	replicate-2
mp	732	28	replicate-2
mp	733	28	replicate-2
mp	734	28	replicate-2
mp	735	28	replicate-2
mp	736	28	replicate-2
mp	737	28	replicate-2
mp	738	28	replicate-2
mp	739	28	replicate-2
mp	740	29	replicate-2
mp	741	29	replicate-2
mp	742	27	replicate-2
mp	743	27	replicate-2
mp	744	27	replicate-2
mp	745	27	replicate-2
mp	746	27	replicate-2
mp	747	27	replicate-2
mp	748	27	replicate-2
mp	749	27	replicate-2
mp	750	26	replicate-2
mp	751	27	replicate-2
mp	752	27	replicate-2
mp	753	26	replicate-2
mp	754	26	replicate-2
mp	755	26	replicate-2
mp	756	26	replicate-2
mp	757	27	replicate-2
mp	758	27	replicate-2
mp	759	27	replicate-2
mp	760	24	replicate-2
mp	761	24	replicate-2
mp	762	22	replicate-2
mp	763	22	replicate-2
mp	764	22	replicate-2
mp	765	22	replicate-2
mp	766	22	replicate-2
mp	767	23	replicate-2
mp	768	23	replicate-2
mp	769	23	replicate-2
mp	770	23	replicate-2
mp	771	23	replicate-2
mp	772	23	replicate-2
mp	773	23	replicate-2
mp	774	24	replicate-2
mp	775	24	replicate-2
mp	776	24	replicate-2
mp	777	24	replicate-2
mp	778	24	replicate-2
mp	779	24	replicate-2
mp	780	24	replicate-2
mp	781	24	replicate-2
mp	782	24	replicate-2
mp	783	25	replicate-2
mp	784	26	replicate-2
mp	785	26	replicate-2
mp	786	26	replicate-2
mp	787	26	replicate-2
mp	788	26	replicate-2
mp	789	26	replicate-2
mp	790	25	replicate-2
mp	791	25	replicate-2
mp	792	24	replicate-2
mp	793	25	replicate-2
mp	794	25	replicate-2
mp	795	25	replicate-2
mp	796	25	replicate-2
mp	797	25	replicate-2
mp	798	25	replicate-2
mp	799	25	replicate-2
mp	800	25	replicate-2
mp	801	25	replicate-2
mp	802	23	replicate-2
mp	803	22	replicate-2
mp	804	23	replicate-2
mp	805	22	replicate-2
mp	806	22	replicate-2
mp	807	21	replicate-2
mp	808	21	replicate-2
mp	809	23	replicate-2
mp	810	24	replicate-2
mp	811	23	replicate-2
mp	812	24	replicate-2
mp	813	26	replicate-2
mp	814	22	replicate-2
mp	815	23	replicate-2
mp	816	23	replicate-2
mp	817	23	replicate-2
mp	818	23	replicate-2
mp	819	23	replicate-2
mp	820	23	replicate-2
mp	821	24	replicate-2
mp	822	24	replicate-2
mp	823	24	replicate-2
mp	824	24	replicate-2
mp	825	24	replicate-2
mp	826	26	replicate-2
mp	827	26	replicate-2
mp	828	26	replicate-2
mp	829	26	replicate-2
mp	830	27	replicate-2
mp	831	27	replicate-2
mp	832	27	replicate-2
mp	833	27	replicate-2
mp	834	28	replicate-2
mp	835	28	replicate-2
mp	836	28	replicate-2
mp	837	27	replicate-2
mp	838	27	replicate-2
mp	839	27	replicate-2
mp	840	27	replicate-2
mp	841	27	replicate-2
mp	842	27	replicate-2
mp	843	27	replicate-2
mp	844	28	replicate-2
mp	845	28	replicate-2
mp	846	27	replicate-2
mp	847	27	replicate-2
mp	848	27	replicate-2
mp	849	28	replicate-2
mp	850	28	replicate-2
mp	851	28	replicate-2
mp	852	29	replicate-2
mp	853	29	replicate-2
mp	854	30	replicate-2
mp	855	29	replicate-2
mp	856	29	replicate-2
mp	857	29	replicate-2
mp	858	29	replicate-2
mp	859	29	replicate-2
mp	860	28	replicate-2
mp	861	28	replicate-2
mp	862	28	replicate-2
mp	863	28	replicate-2
mp	864	28	replicate-2
mp	865	29	replicate-2
mp	866	30	replicate-2
mp	867	32	replicate-2
mp	868	32	replicate-2
mp	869	32	replicate-2
mp	870	32	replicate-2
mp	871	32	replicate-2
mp	872	31	replicate-2
mp	873	31	replicate-2
mp	874	32	replicate-2
mp	875	32	replicate-2
mp	876	32	replicate-2
mp	877	32	replicate-2
mp	878	32	replicate-2
mp	879	29	replicate-2
mp	880	29	replicate-2
mp	881	29	replicate-2
mp	882	29	replicate-2
mp	883	29	replicate-2
mp	884	27	replicate-2
mp	885	27	replicate-2
mp	886	27	replicate-2
mp	887	27	replicate-2
mp	888	28	replicate-2
mp	889	28	replicate-2
mp	890	28	replicate-2
mp	891	27	replicate-2
mp	892	27	replicate-2
mp	893	27	replicate-2
mp	894	27	replicate-2
mp	895	27	replicate-2
mp	896	26	replicate-2
mp	897	26	replicate-2
mp	898	26	replicate-2
mp	899	29	replicate-2
mp	900	29	replicate-2
mp	901	29	replicate-2
mp	902	29	replicate-2
mp	903	29	replicate-2
mp	904	29	replicate-2
mp	905	28	replicate-2
mp	906	28	replicate-2
mp	907	27	replicate-2
mp	908	27	replicate-2
mp	909	27	replicate-2
mp	910	26	replicate-2
mp	911	26	replicate-2
mp	912	25	replicate-2
mp	913	25	replicate-2
mp	914	23	replicate-2
mp	915	23	replicate-2
mp	916	23	replicate-2
mp	917	24	replicate-2
mp	918	24	replicate-2
mp	919	24	replicate-2
mp	920	24	replicate-2
mp	921	25	replicate-2
mp	922	25	replicate-2
mp	923	26	replicate-2
mp	924	24	replicate-2
mp	925	24	replicate-2
mp	926	23	replicate-2
mp	927	23	replicate-2
mp	928	25	replicate-2
mp	929	25	replicate-2
mp	930	26	replicate-2
mp	931	26	replicate-2
mp	932	24	replicate-2
mp	933	24	replicate-2
mp	934	23	replicate-2
mp	935	22	replicate-2
mp	936	23	replicate-2
mp	937	24	replicate-2
mp	938	25	replicate-2
mp	939	24	replicate-2
mp	940	24	replicate-2
mp	941	24	replicate-2
mp	942	24	replicate-2
mp	943	24	replicate-2
mp	944	25	replicate-2
mp	945	25	replicate-2
mp	946	25	replicate-2
mp	947	25	replicate-2
mp	948	25	replicate-2
mp	949	24	replicate-2
mp	950	24	replicate-2
mp	951	24	replicate-2
mp	952	23	replicate-2
mp	953	23	replicate-2
mp	954	23	replicate-2
mp	955	23	replicate-2
mp	956	23	replicate-2
mp	957	23	replicate-2
mp	958	23	replicate-2
mp	959	23	replicate-2
mp	960	22	replicate-2
mp	961	22	replicate-2
mp	962	21	replicate-2
mp	963	21	replicate-2
mp	964	21	replicate-2
mp	965	21	replicate-2
mp	966	21	replicate-2
mp	967	20	replicate-2
mp	968	20	replicate-2
mp	969	19	replicate-2
mp	970	19	replicate-2
mp	971	19	replicate-2
mp	972	19	replicate-2
mp	973	19	replicate-2
mp	974	19	replicate-2
mp	975	18	replicate-2
mp	976	17	replicate-2
mp	977	16	replicate-2
mp	978	16	replicate-2
mp	979	16	replicate-2
mp	980	16	replicate-2
mp	981	16	replicate-2
mp	982	15	replicate-2
mp	983	15	replicate-2
mp	984	15	replicate-2
mp	985	15	replicate-2
mp	986	15	replicate-2
mp	987	15	replicate-2
mp	988	15	replicate-2
mp	989	15	replicate-2
mp	990	15	replicate-2
mp	991	14	replicate-2
mp	992	14	replicate-2
mp	993	14	replicate-2
mp	994	14	replicate-2
mp	995	14	replicate-2
mp	996	14	replicate-2
mp	997	12	replicate-2
mp	998	12	replicate-2
mp	999	12	replicate-2
mp	1000	10	replicate-2
mp	1001	10	replicate-2
mp	1002	10	replicate-2
mp	1003	10	replicate-2
mp	1004	10	replicate-2
mp	1005	9	replicate-2
mp	1006	9	replicate-2
mp	1007	9	replicate-2
mp	1008	9	replicate-2
mp	1009	9	replicate-2
mp	1010	8	replicate-2
mp	1011	8	replicate-2
mp	1012	8	replicate-2
mp	1013	8	replicate-2
mp	1014	8	replicate-2
mp	1015	7	replicate-2
mp	1016	7	replicate-2
mp	1017	7	replicate-2
mp	1018	7	replicate-2
mp	1019	7	replicate-2
mp	1020	7	replicate-2
mp	1021	7	replicate-2
mp	1022	7	replicate-2
mp	1023	6	replicate-2
mp	1024	6	replicate-2
mp	1025	6	replicate-2
mp	1026	6	replicate-2
mp	1027	1	replicate-2
np	166	1	replicate-2
np	167	1	replicate-2
np	168	1	replicate-2
np	169	1	replicate-2
np	170	1	replicate-2
np	171	1	replicate-2
np	172	1	replicate-2
np	173	1	replicate-2
np	174	1	replicate-2
np	175	1	replicate-2
np	176	1	replicate-2
np	177	1	replicate-2
np	178	1	replicate-2
np	179	1	replicate-2
np	180	1	replicate-2
np	181	1	replicate-2
np	182	1	replicate-2
np	183	1	replicate-2
np	184	1	replicate-2
np	185	1	replicate-2
np	186	1	replicate-2
np	187	1	replicate-2
np	188	1	replicate-2
np	189	1	replicate-2
np	190	1	replicate-2
np	191	1	replicate-2
np	192	1	replicate-2
np	193	1	replicate-2
np	194	1	replicate-2
np	195	1	replicate-2
np	196	1	replicate-2
np	197	1	replicate-2
np	198	1	replicate-2
np	199	1	replicate-2
np	200	1	replicate-2
np	201	1	replicate-2
np	202	1	replicate-2
np	203	1	replicate-2
np	204	1	replicate-2
np	205	1	replicate-2
np	206	1	replicate-2
np	207	1	replicate-2
np	208	1	replicate-2
np	209	1	replicate-2
np	210	1	replicate-2
np	211	1	replicate-2
np	212	1	replicate-2
np	213	1	replicate-2
np	214	1	replicate-2
np	215	1	replicate-2
np	216	1	replicate-2
np	217	1	replicate-2
np	218	1	replicate-2
np	219	1	replicate-2
np	220	1	replicate-2
np	221	1	replicate-2
np	222	1	replicate-2
np	223	1	replicate-2
np	224	1	replicate-2
np	225	1	replicate-2
np	226	1	replicate-2
np	227	1	replicate-2
np	228	1	replicate-2
np	229	1	replicate-2
np	230	1	replicate-2
np	231	1	replicate-2
np	232	1	replicate-2
np	233	1	replicate-2
np	234	1	replicate-2
np	235	1	replicate-2
np	236	1	replicate-2
np	237	1	replicate-2
np	238	1	replicate-2
np	239	1	replicate-2
np	240	1	replicate-2
np	241	1	replicate-2
np	242	1	replicate-2
np	243	1	replicate-2
np	244	1	replicate-2
np	245	1	replicate-2
np	246	1	replicate-2
np	247	1	replicate-2
np	248	1	replicate-2
np	249	1	replicate-2
np	250	1	replicate-2
np	251	1	replicate-2
np	252	1	replicate-2
np	253	1	replicate-2
np	254	1	replicate-2
np	255	1	replicate-2
np	256	1	replicate-2
np	257	1	replicate-2
np	258	1	replicate-2
np	259	1	replicate-2
np	260	1	replicate-2
np	261	1	replicate-2
np	262	1	replicate-2
np	263	1	replicate-2
np	264	1	replicate-2
np	265	1	replicate-2
np	266	1	replicate-2
np	267	1	replicate-2
np	268	1	replicate-2
np	269	1	replicate-2
np	270	1	replicate-2
np	271	1	replicate-2
np	272	1	replicate-2
np	273	1	replicate-2
np	274	1	replicate-2
np	275	1	replicate-2
np	276	1	replicate-2
np	277	1	replicate-2
np	278	1	replicate-2
np	279	2	replicate-2
np	280	2	replicate-2
np	281	2	replicate-2
np	282	2	replicate-2
np	283	2	replicate-2
np	284	2	replicate-2
np	285	1	replicate-2
np	286	1	replicate-2
np	287	1	replicate-2
np	288	1	replicate-2
np	289	1	replicate-2
np	290	1	replicate-2
np	291	1	replicate-2
np	292	1	replicate-2
np	293	1	replicate-2
np	294	1	replicate-2
np	295	1	replicate-2
np	296	1	replicate-2
np	297	1	replicate-2
np	298	1	replicate-2
np	299	1	replicate-2
np	300	1	replicate-2
np	301	1	replicate-2
np	302	1	replicate-2
np	303	1	replicate-2
np	304	1	replicate-2
np	305	1	replicate-2
np	306	1	replicate-2
np	307	1	replicate-2
np	308	1	replicate-2
np	309	1	replicate-2
np	310	1	replicate-2
np	311	1	replicate-2
np	312	1	replicate-2
np	313	1	replicate-2
np	314	1	replicate-2
np	315	1	replicate-2
np	316	1	replicate-2
np	317	1	replicate-2
np	318	1	replicate-2
np	319	1	replicate-2
np	320	1	replicate-2
np	321	1	replicate-2
np	322	1	replicate-2
np	323	1	replicate-2
np	324	1	replicate-2
np	325	1	replicate-2
np	326	1	replicate-2
np	327	1	replicate-2
np	328	1	replicate-2
np	329	1	replicate-2
np	330	1	replicate-2
np	331	1	replicate-2
np	332	1	replicate-2
np	469	1	replicate-2
np	470	1	replicate-2
np	471	1	replicate-2
np	472	1	replicate-2
np	473	1	replicate-2
np	474	1	replicate-2
np	475	1	replicate-2
np	476	1	replicate-2
np	477	1	replicate-2
np	478	1	replicate-2
np	479	1	replicate-2
np	480	1	replicate-2
np	481	1	replicate-2
np	482	1	replicate-2
np	483	1	replicate-2
np	484	1	replicate-2
np	485	1	replicate-2
np	486	1	replicate-2
np	487	1	replicate-2
np	488	1	replicate-2
np	489	1	replicate-2
np	490	1	replicate-2
np	491	1	replicate-2
np	492	1	replicate-2
np	493	1	replicate-2
np	494	1	replicate-2
np	495	1	replicate-2
np	496	1	replicate-2
np	497	1	replicate-2
np	498	1	replicate-2
np	499	1	replicate-2
np	500	1	replicate-2
np	501	1	replicate-2
np	502	1	replicate-2
np	503	1	replicate-2
np	504	1	replicate-2
np	505	1	replicate-2
np	506	1	replicate-2
np	507	1	replicate-2
np	508	1	replicate-2
np	509	1	replicate-2
np	510	1	replicate-2
np	511	1	replicate-2
np	512	1	replicate-2
np	513	1	replicate-2
np	514	1	replicate-2
np	515	1	replicate-2
np	516	1	replicate-2
np	517	1	replicate-2
np	518	1	replicate-2
np	519	1	replicate-2
np	520	1	replicate-2
np	521	1	replicate-2
np	522	1	replicate-2
np	523	1	replicate-2
np	524	1	replicate-2
np	525	1	replicate-2
np	526	1	replicate-2
np	527	1	replicate-2
np	528	1	replicate-2
np	529	1	replicate-2
np	530	1	replicate-2
np	531	1	replicate-2
np	532	1	replicate-2
np	533	1	replicate-2
np	534	1	replicate-2
np	535	1	replicate-2
np	536	1	replicate-2
np	537	1	replicate-2
np	538	1	replicate-2
np	539	1	replicate-2
np	814	1	replicate-2
np	815	1	replicate-2
np	816	1	replicate-2
np	817	1	replicate-2
np	818	1	replicate-2
np	819	1	replicate-2
np	820	1	replicate-2
np	821	1	replicate-2
np	822	1	replicate-2
np	823	1	replicate-2
np	824	1	replicate-2
np	825	1	replicate-2
np	826	1	replicate-2
np	827	1	replicate-2
np	828	1	replicate-2
np	829	1	replicate-2
np	830	1	replicate-2
np	831	1	replicate-2
np	832	1	replicate-2
np	833	1	replicate-2
np	834	1	replicate-2
np	835	1	replicate-2
np	836	2	replicate-2
np	837	2	replicate-2
np	838	2	replicate-2
np	839	2	replicate-2
np	840	2	replicate-2
np	841	2	replicate-2
np	842	2	replicate-2
np	843	2	replicate-2
np	844	2	replicate-2
np	845	2	replicate-2
np	846	2	replicate-2
np	847	2	replicate-2
np	848	2	replicate-2
np	849	2	replicate-2
np	850	2	replicate-2
np	851	2	replicate-2
np	852	2	replicate-2
np	853	2	replicate-2
np	854	2	replicate-2
np	855	2	replicate-2
np	856	2	replicate-2
np	857	2	replicate-2
np	858	2	replicate-2
np	859	2	replicate-2
np	860	2	replicate-2
np	861	2	replicate-2
np	862	2	replicate-2
np	863	2	replicate-2
np	864	2	replicate-2
np	865	2	replicate-2
np	866	2	replicate-2
np	867	2	replicate-2
np	868	2	replicate-2
np	869	2	replicate-2
np	870	2	replicate-2
np	871	2	replicate-2
np	872	2	replicate-2
np	873	2	replicate-2
np	874	2	replicate-2
np	875	2	replicate-2
np	876	2	replicate-2
np	877	2	replicate-2
np	878	2	replicate-2
np	879	2	replicate-2
np	880	2	replicate-2
np	881	2	replicate-2
np	882	2	replicate-2
np	883	2	replicate-2
np	884	2	replicate-2
np	885	2	replicate-2
pb1	1	19	replicate-2
pb1	2	22	replicate-2
pb1	3	22	replicate-2
pb1	4	22	replicate-2
pb1	5	23	replicate-2
pb1	6	24	replicate-2
pb1	7	24	replicate-2
pb1	8	24	replicate-2
pb1	9	28	replicate-2
pb1	10	29	replicate-2
pb1	11	32	replicate-2
pb1	12	32	replicate-2
pb1	13	32	replicate-2
pb1	14	32	replicate-2
pb1	15	36	replicate-2
pb1	16	36	replicate-2
pb1	17	47	replicate-2
pb1	18	47	replicate-2
pb1	19	49	replicate-2
pb1	20	49	replicate-2
pb1	21	49	replicate-2
pb1	22	49	replicate-2
pb1	23	56	replicate-2
pb1	24	56	replicate-2
pb1	25	56	replicate-2
pb1	26	56	replicate-2
pb1	27	57	replicate-2
pb1	28	57	replicate-2
pb1	29	62	replicate-2
pb1	30	62	replicate-2
pb1	31	62	replicate-2
pb1	32	62	replicate-2
pb1	33	64	replicate-2
pb1	34	66	replicate-2
pb1	35	66	replicate-2
pb1	36	66	replicate-2
pb1	37	66	replicate-2
pb1	38	66	replicate-2
pb1	39	66	replicate-2
pb1	40	68	replicate-2
pb1	41	69	replicate-2
pb1	42	69	replicate-2
pb1	43	71	replicate-2
pb1	44	71	replicate-2
pb1	45	74	replicate-2
pb1	46	74	replicate-2
pb1	47	75	replicate-2
pb1	48	76	replicate-2
pb1	49	75	replicate-2
pb1	50	84	replicate-2
pb1	51	84	replicate-2
pb1	52	84	replicate-2
pb1	53	86	replicate-2
pb1	54	88	replicate-2
pb1	55	89	replicate-2
pb1	56	89	replicate-2
pb1	57	89	replicate-2
pb1	58	90	replicate-2
pb1	59	92	replicate-2
pb1	60	92	replicate-2
pb1	61	93	replicate-2
pb1	62	92	replicate-2
pb1	63	93	replicate-2
pb1	64	97	replicate-2
pb1	65	97	replicate-2
pb1	66	97	replicate-2
pb1	67	97	replicate-2
pb1	68	97	replicate-2
pb1	69	96	replicate-2
pb1	70	96	replicate-2
pb1	71	99	replicate-2
pb1	72	102	replicate-2
pb1	73	106	replicate-2
pb1	74	108	replicate-2
pb1	75	111	replicate-2
pb1	76	111	replicate-2
pb1	77	111	replicate-2
pb1	78	124	replicate-2
pb1	79	125	replicate-2
pb1	80	129	replicate-2
pb1	81	129	replicate-2
pb1	82	129	replicate-2
pb1	83	129	replicate-2
pb1	84	127	replicate-2
pb1	85	127	replicate-2
pb1	86	127	replicate-2
pb1	87	130	replicate-2
pb1	88	141	replicate-2
pb1	89	143	replicate-2
pb1	90	181	replicate-2
pb1	91	182	replicate-2
pb1	92	183	replicate-2
pb1	93	183	replicate-2
pb1	94	183	replicate-2
pb1	95	189	replicate-2
pb1	96	189	replicate-2
pb1	97	189	replicate-2
pb1	98	194	replicate-2
pb1	99	191	replicate-2
pb1	100	192	replicate-2
pb1	101	194	replicate-2
pb1	102	194	replicate-2
pb1	103	194	replicate-2
pb1	104	192	replicate-2
pb1	105	190	replicate-2
pb1	106	207	replicate-2
pb1	107	208	replicate-2
pb1	108	204	replicate-2
pb1	109	212	replicate-2
pb1	110	212	replicate-2
pb1	111	211	replicate-2
pb1	112	211	replicate-2
pb1	113	210	replicate-2
pb1	114	210	replicate-2
pb1	115	209	replicate-2
pb1	116	212	replicate-2
pb1	117	214	replicate-2
pb1	118	215	replicate-2
pb1	119	218	replicate-2
pb1	120	219	replicate-2
pb1	121	219	replicate-2
pb1	122	226	replicate-2
pb1	123	225	replicate-2
pb1	124	225	replicate-2
pb1	125	225	replicate-2
pb1	126	225	replicate-2
pb1	127	229	replicate-2
pb1	128	229	replicate-2
pb1	129	230	replicate-2
pb1	130	230	replicate-2
pb1	131	233	replicate-2
pb1	132	234	replicate-2
pb1	133	259	replicate-2
pb1	134	260	replicate-2
pb1	135	261	replicate-2
pb1	136	262	replicate-2
pb1	137	265	replicate-2
pb1	138	266	replicate-2
pb1	139	266	replicate-2
pb1	140	270	replicate-2
pb1	141	262	replicate-2
pb1	142	263	replicate-2
pb1	143	259	replicate-2
pb1	144	257	replicate-2
pb1	145	257	replicate-2
pb1	146	257	replicate-2
pb1	147	258	replicate-2
pb1	148	249	replicate-2
pb1	149	252	replicate-2
pb1	150	249	replicate-2
pb1	151	251	replicate-2
pb1	152	249	replicate-2
pb1	153	262	replicate-2
pb1	154	261	replicate-2
pb1	155	263	replicate-2
pb1	156	262	replicate-2
pb1	157	261	replicate-2
pb1	158	267	replicate-2
pb1	159	255	replicate-2
pb1	160	255	replicate-2
pb1	161	255	replicate-2
pb1	162	248	replicate-2
pb1	163	256	replicate-2
pb1	164	255	replicate-2
pb1	165	269	replicate-2
pb1	166	270	replicate-2
pb1	167	267	replicate-2
pb1	168	264	replicate-2
pb1	169	261	replicate-2
pb1	170	278	replicate-2
pb1	171	279	replicate-2
pb1	172	271	replicate-2
pb1	173	271	replicate-2
pb1	174	262	replicate-2
pb1	175	264	replicate-2
pb1	176	266	replicate-2
pb1	177	265	replicate-2
pb1	178	263	replicate-2
pb1	179	261	replicate-2
pb1	180	265	replicate-2
pb1	181	269	replicate-2
pb1	182	271	replicate-2
pb1	183	272	replicate-2
pb1	184	266	replicate-2
pb1	185	268	replicate-2
pb1	186	267	replicate-2
pb1	187	266	replicate-2
pb1	188	264	replicate-2
pb1	189	264	replicate-2
pb1	190	261	replicate-2
pb1	191	261	replicate-2
pb1	192	263	replicate-2
pb1	193	260	replicate-2
pb1	194	259	replicate-2
pb1	195	253	replicate-2
pb1	196	250	replicate-2
pb1	197	249	replicate-2
pb1	198	250	replicate-2
pb1	199	247	replicate-2
pb1	200	245	replicate-2
pb1	201	245	replicate-2
pb1	202	246	replicate-2
pb1	203	242	replicate-2
pb1	204	238	replicate-2
pb1	205	231	replicate-2
pb1	206	232	replicate-2
pb1	207	228	replicate-2
pb1	208	229	replicate-2
pb1	209	227	replicate-2
pb1	210	225	replicate-2
pb1	211	225	replicate-2
pb1	212	228	replicate-2
pb1	213	222	replicate-2
pb1	214	224	replicate-2
pb1	215	217	replicate-2
pb1	216	211	replicate-2
pb1	217	210	replicate-2
pb1	218	204	replicate-2
pb1	219	204	replicate-2
pb1	220	203	replicate-2
pb1	221	201	replicate-2
pb1	222	201	replicate-2
pb1	223	182	replicate-2
pb1	224	195	replicate-2
pb1	225	195	replicate-2
pb1	226	195	replicate-2
pb1	227	196	replicate-2
pb1	228	193	replicate-2
pb1	229	190	replicate-2
pb1	230	191	replicate-2
pb1	231	194	replicate-2
pb1	232	195	replicate-2
pb1	233	188	replicate-2
pb1	234	189	replicate-2
pb1	235	189	replicate-2
pb1	236	190	replicate-2
pb1	237	193	replicate-2
pb1	238	192	replicate-2
pb1	239	194	replicate-2
pb1	240	190	replicate-2
pb1	241	194	replicate-2
pb1	242	193	replicate-2
pb1	243	194	replicate-2
pb1	244	201	replicate-2
pb1	245	199	replicate-2
pb1	246	186	replicate-2
pb1	247	189	replicate-2
pb1	248	189	replicate-2
pb1	249	189	replicate-2
pb1	250	189	replicate-2
pb1	251	183	replicate-2
pb1	252	182	replicate-2
pb1	253	170	replicate-2
pb1	254	169	replicate-2
pb1	255	169	replicate-2
pb1	256	171	replicate-2
pb1	257	170	replicate-2
pb1	258	170	replicate-2
pb1	259	172	replicate-2
pb1	260	173	replicate-2
pb1	261	168	replicate-2
pb1	262	168	replicate-2
pb1	263	169	replicate-2
pb1	264	170	replicate-2
pb1	265	171	replicate-2
pb1	266	184	replicate-2
pb1	267	184	replicate-2
pb1	268	184	replicate-2
pb1	269	185	replicate-2
pb1	270	195	replicate-2
pb1	271	197	replicate-2
pb1	272	200	replicate-2
pb1	273	198	replicate-2
pb1	274	202	replicate-2
pb1	275	198	replicate-2
pb1	276	202	replicate-2
pb1	277	202	replicate-2
pb1	278	207	replicate-2
pb1	279	202	replicate-2
pb1	280	209	replicate-2
pb1	281	202	replicate-2
pb1	282	202	replicate-2
pb1	283	201	replicate-2
pb1	284	204	replicate-2
pb1	285	202	replicate-2
pb1	286	202	replicate-2
pb1	287	200	replicate-2
pb1	288	208	replicate-2
pb1	289	209	replicate-2
pb1	290	208	replicate-2
pb1	291	215	replicate-2
pb1	292	214	replicate-2
pb1	293	215	replicate-2
pb1	294	217	replicate-2
pb1	295	218	replicate-2
pb1	296	219	replicate-2
pb1	297	217	replicate-2
pb1	298	221	replicate-2
pb1	299	221	replicate-2
pb1	300	226	replicate-2
pb1	301	226	replicate-2
pb1	302	224	replicate-2
pb1	303	222	replicate-2
pb1	304	220	replicate-2
pb1	305	246	replicate-2
pb1	306	248	replicate-2
pb1	307	246	replicate-2
pb1	308	245	replicate-2
pb1	309	243	replicate-2
pb1	310	245	replicate-2
pb1	311	244	replicate-2
pb1	312	244	replicate-2
pb1	313	245	replicate-2
pb1	314	231	replicate-2
pb1	315	237	replicate-2
pb1	316	236	replicate-2
pb1	317	242	replicate-2
pb1	318	242	replicate-2
pb1	319	250	replicate-2
pb1	320	257	replicate-2
pb1	321	258	replicate-2
pb1	322	258	replicate-2
pb1	323	257	replicate-2
pb1	324	251	replicate-2
pb1	325	256	replicate-2
pb1	326	256	replicate-2
pb1	327	257	replicate-2
pb1	328	257	replicate-2
pb1	329	253	replicate-2
pb1	330	253	replicate-2
pb1	331	256	replicate-2
pb1	332	260	replicate-2
pb1	333	262	replicate-2
pb1	334	263	replicate-2
pb1	335	261	replicate-2
pb1	336	262	replicate-2
pb1	337	260	replicate-2
pb1	338	263	replicate-2
pb1	339	276	replicate-2
pb1	340	272	replicate-2
pb1	341	271	replicate-2
pb1	342	268	replicate-2
pb1	343	268	replicate-2
pb1	344	274	replicate-2
pb1	345	274	replicate-2
pb1	346	276	replicate-2
pb1	347	272	replicate-2
pb1	348	270	replicate-2
pb1	349	268	replicate-2
pb1	350	271	replicate-2
pb1	351	272	replicate-2
pb1	352	273	replicate-2
pb1	353	276	replicate-2
pb1	354	276	replicate-2
pb1	355	275	replicate-2
pb1	356	274	replicate-2
pb1	357	275	replicate-2
pb1	358	275	replicate-2
pb1	359	276	replicate-2
pb1	360	275	replicate-2
pb1	361	277	replicate-2
pb1	362	279	replicate-2
pb1	363	283	replicate-2
pb1	364	282	replicate-2
pb1	365	279	replicate-2
pb1	366	279	replicate-2
pb1	367	284	replicate-2
pb1	368	282	replicate-2
pb1	369	288	replicate-2
pb1	370	293	replicate-2
pb1	371	297	replicate-2
pb1	372	298	replicate-2
pb1	373	296	replicate-2
pb1	374	291	replicate-2
pb1	375	292	replicate-2
pb1	376	297	replicate-2
pb1	377	299	replicate-2
pb1	378	290	replicate-2
pb1	379	292	replicate-2
pb1	380	287	replicate-2
pb1	381	295	replicate-2
pb1	382	296	replicate-2
pb1	383	293	replicate-2
pb1	384	295	replicate-2
pb1	385	290	replicate-2
pb1	386	288	replicate-2
pb1	387	286	replicate-2
pb1	388	286	replicate-2
pb1	389	285	replicate-2
pb1	390	285	replicate-2
pb1	391	289	replicate-2
pb1	392	287	replicate-2
pb1	393	285	replicate-2
pb1	394	283	replicate-2
pb1	395	278	replicate-2
pb1	396	280	replicate-2
pb1	397	278	replicate-2
pb1	398	279	replicate-2
pb1	399	280	replicate-2
pb1	400	283	replicate-2
pb1	401	281	replicate-2
pb1	402	282	replicate-2
pb1	403	283	replicate-2
pb1	404	281	replicate-2
pb1	405	286	replicate-2
pb1	406	289	replicate-2
pb1	407	297	replicate-2
pb1	408	298	replicate-2
pb1	409	293	replicate-2
pb1	410	293	replicate-2
pb1	411	303	replicate-2
pb1	412	303	replicate-2
pb1	413	304	replicate-2
pb1	414	298	replicate-2
pb1	415	282	replicate-2
pb1	416	273	replicate-2
pb1	417	274	replicate-2
pb1	418	277	replicate-2
pb1	419	280	replicate-2
pb1	420	275	replicate-2
pb1	421	281	replicate-2
pb1	422	279	replicate-2
pb1	423	285	replicate-2
pb1	424	294	replicate-2
pb1	425	297	replicate-2
pb1	426	298	replicate-2
pb1	427	290	replicate-2
pb1	428	289	replicate-2
pb1	429	275	replicate-2
pb1	430	274	replicate-2
pb1	431	267	replicate-2
pb1	432	265	replicate-2
pb1	433	259	replicate-2
pb1	434	255	replicate-2
pb1	435	253	replicate-2
pb1	436	253	replicate-2
pb1	437	250	replicate-2
pb1	438	250	replicate-2
pb1	439	249	replicate-2
pb1	440	250	replicate-2
pb1	441	249	replicate-2
pb1	442	250	replicate-2
pb1	443	251	replicate-2
pb1	444	250	replicate-2
pb1	445	249	replicate-2
pb1	446	249	replicate-2
pb1	447	249	replicate-2
pb1	448	255	replicate-2
pb1	449	255	replicate-2
pb1	450	255	replicate-2
pb1	451	255	replicate-2
pb1	452	254	replicate-2
pb1	453	261	replicate-2
pb1	454	262	replicate-2
pb1	455	260	replicate-2
pb1	456	261	replicate-2
pb1	457	259	replicate-2
pb1	458	287	replicate-2
pb1	459	291	replicate-2
pb1	460	289	replicate-2
pb1	461	325	replicate-2
pb1	462	313	replicate-2
pb1	463	321	replicate-2
pb1	464	321	replicate-2
pb1	465	321	replicate-2
pb1	466	326	replicate-2
pb1	467	295	replicate-2
pb1	468	295	replicate-2
pb1	469	296	replicate-2
pb1	470	266	replicate-2
pb1	471	269	replicate-2
pb1	472	264	replicate-2
pb1	473	264	replicate-2
pb1	474	264	replicate-2
pb1	475	262	replicate-2
pb1	476	266	replicate-2
pb1	477	264	replicate-2
pb1	478	264	replicate-2
pb1	479	264	replicate-2
pb1	480	263	replicate-2
pb1	481	261	replicate-2
pb1	482	260	replicate-2
pb1	483	261	replicate-2
pb1	484	257	replicate-2
pb1	485	267	replicate-2
pb1	486	264	replicate-2
pb1	487	265	replicate-2
pb1	488	265	replicate-2
pb1	489	264	replicate-2
pb1	490	261	replicate-2
pb1	491	261	replicate-2
pb1	492	260	replicate-2
pb1	493	262	replicate-2
pb1	494	254	replicate-2
pb1	495	255	replicate-2
pb1	496	255	replicate-2
pb1	497	255	replicate-2
pb1	498	256	replicate-2
pb1	499	260	replicate-2
pb1	500	255	replicate-2
pb1	501	257	replicate-2
pb1	502	257	replicate-2
pb1	503	255	replicate-2
pb1	504	252	replicate-2
pb1	505	254	replicate-2
pb1	506	256	replicate-2
pb1	507	257	replicate-2
pb1	508	259	replicate-2
pb1	509	285	replicate-2
pb1	510	287	replicate-2
pb1	511	292	replicate-2
pb1	512	291	replicate-2
pb1	513	291	replicate-2
pb1	514	298	replicate-2
pb1	515	298	replicate-2
pb1	516	292	replicate-2
pb1	517	294	replicate-2
pb1	518	271	replicate-2
pb1	519	269	replicate-2
pb1	520	256	replicate-2
pb1	521	256	replicate-2
pb1	522	267	replicate-2
pb1	523	263	replicate-2
pb1	524	262	replicate-2
pb1	525	263	replicate-2
pb1	526	264	replicate-2
pb1	527	266	replicate-2
pb1	528	268	replicate-2
pb1	529	268	replicate-2
pb1	530	268	replicate-2
pb1	531	255	replicate-2
pb1	532	263	replicate-2
pb1	533	258	replicate-2
pb1	534	262	replicate-2
pb1	535	262	replicate-2
pb1	536	257	replicate-2
pb1	537	261	replicate-2
pb1	538	261	replicate-2
pb1	539	261	replicate-2
pb1	540	263	replicate-2
pb1	541	262	replicate-2
pb1	542	271	replicate-2
pb1	543	266	replicate-2
pb1	544	269	replicate-2
pb1	545	268	replicate-2
pb1	546	275	replicate-2
pb1	547	274	replicate-2
pb1	548	271	replicate-2
pb1	549	268	replicate-2
pb1	550	265	replicate-2
pb1	551	268	replicate-2
pb1	552	267	replicate-2
pb1	553	269	replicate-2
pb1	554	271	replicate-2
pb1	555	265	replicate-2
pb1	556	266	replicate-2
pb1	557	258	replicate-2
pb1	558	254	replicate-2
pb1	559	257	replicate-2
pb1	560	257	replicate-2
pb1	561	261	replicate-2
pb1	562	261	replicate-2
pb1	563	264	replicate-2
pb1	564	269	replicate-2
pb1	565	267	replicate-2
pb1	566	272	replicate-2
pb1	567	272	replicate-2
pb1	568	269	replicate-2
pb1	569	268	replicate-2
pb1	570	266	replicate-2
pb1	571	265	replicate-2
pb1	572	269	replicate-2
pb1	573	271	replicate-2
pb1	574	276	replicate-2
pb1	575	272	replicate-2
pb1	576	278	replicate-2
pb1	577	277	replicate-2
pb1	578	279	replicate-2
pb1	579	282	replicate-2
pb1	580	285	replicate-2
pb1	581	280	replicate-2
pb1	582	284	replicate-2
pb1	583	283	replicate-2
pb1	584	286	replicate-2
pb1	585	286	replicate-2
pb1	586	283	replicate-2
pb1	587	284	replicate-2
pb1	588	287	replicate-2
pb1	589	289	replicate-2
pb1	590	289	replicate-2
pb1	591	287	replicate-2
pb1	592	285	replicate-2
pb1	593	292	replicate-2
pb1	594	292	replicate-2
pb1	595	302	replicate-2
pb1	596	300	replicate-2
pb1	597	298	replicate-2
pb1	598	300	replicate-2
pb1	599	298	replicate-2
pb1	600	298	replicate-2
pb1	601	300	replicate-2
pb1	602	295	replicate-2
pb1	603	295	replicate-2
pb1	604	287	replicate-2
pb1	605	288	replicate-2
pb1	606	287	replicate-2
pb1	607	286	replicate-2
pb1	608	282	replicate-2
pb1	609	276	replicate-2
pb1	610	277	replicate-2
pb1	611	276	replicate-2
pb1	612	273	replicate-2
pb1	613	273	replicate-2
pb1	614	274	replicate-2
pb1	615	279	replicate-2
pb1	616	278	replicate-2
pb1	617	278	replicate-2
pb1	618	281	replicate-2
pb1	619	281	replicate-2
pb1	620	281	replicate-2
pb1	621	281	replicate-2
pb1	622	283	replicate-2
pb1	623	282	replicate-2
pb1	624	281	replicate-2
pb1	625	284	replicate-2
pb1	626	293	replicate-2
pb1	627	290	replicate-2
pb1	628	291	replicate-2
pb1	629	289	replicate-2
pb1	630	291	replicate-2
pb1	631	286	replicate-2
pb1	632	295	replicate-2
pb1	633	296	replicate-2
pb1	634	295	replicate-2
pb1	635	293	replicate-2
pb1	636	284	replicate-2
pb1	637	284	replicate-2
pb1	638	285	replicate-2
pb1	639	281	replicate-2
pb1	640	282	replicate-2
pb1	641	274	replicate-2
pb1	642	272	replicate-2
pb1	643	265	replicate-2
pb1	644	266	replicate-2
pb1	645	272	replicate-2
pb1	646	271	replicate-2
pb1	647	269	replicate-2
pb1	648	269	replicate-2
pb1	649	263	replicate-2
pb1	650	264	replicate-2
pb1	651	260	replicate-2
pb1	652	260	replicate-2
pb1	653	258	replicate-2
pb1	654	258	replicate-2
pb1	655	253	replicate-2
pb1	656	261	replicate-2
pb1	657	257	replicate-2
pb1	658	255	replicate-2
pb1	659	253	replicate-2
pb1	660	261	replicate-2
pb1	661	261	replicate-2
pb1	662	258	replicate-2
pb1	663	260	replicate-2
pb1	664	256	replicate-2
pb1	665	253	replicate-2
pb1	666	256	replicate-2
pb1	667	256	replicate-2
pb1	668	255	replicate-2
pb1	669	256	replicate-2
pb1	670	254	replicate-2
pb1	671	254	replicate-2
pb1	672	252	replicate-2
pb1	673	254	replicate-2
pb1	674	271	replicate-2
pb1	675	273	replicate-2
pb1	676	271	replicate-2
pb1	677	272	replicate-2
pb1	678	275	replicate-2
pb1	679	275	replicate-2
pb1	680	273	replicate-2
pb1	681	273	replicate-2
pb1	682	266	replicate-2
pb1	683	265	replicate-2
pb1	684	257	replicate-2
pb1	685	261	replicate-2
pb1	686	262	replicate-2
pb1	687	259	replicate-2
pb1	688	260	replicate-2
pb1	689	256	replicate-2
pb1	690	259	replicate-2
pb1	691	264	replicate-2
pb1	692	271	replicate-2
pb1	693	274	replicate-2
pb1	694	279	replicate-2
pb1	695	272	replicate-2
pb1	696	288	replicate-2
pb1	697	287	replicate-2
pb1	698	290	replicate-2
pb1	699	290	replicate-2
pb1	700	272	replicate-2
pb1	701	272	replicate-2
pb1	702	264	replicate-2
pb1	703	263	replicate-2
pb1	704	263	replicate-2
pb1	705	249	replicate-2
pb1	706	250	replicate-2
pb1	707	250	replicate-2
pb1	708	247	replicate-2
pb1	709	247	replicate-2
pb1	710	245	replicate-2
pb1	711	245	replicate-2
pb1	712	245	replicate-2
pb1	713	240	replicate-2
pb1	714	236	replicate-2
pb1	715	239	replicate-2
pb1	716	239	replicate-2
pb1	717	239	replicate-2
pb1	718	240	replicate-2
pb1	719	241	replicate-2
pb1	720	241	replicate-2
pb1	721	241	replicate-2
pb1	722	239	replicate-2
pb1	723	234	replicate-2
pb1	724	235	replicate-2
pb1	725	234	replicate-2
pb1	726	234	replicate-2
pb1	727	234	replicate-2
pb1	728	233	replicate-2
pb1	729	233	replicate-2
pb1	730	235	replicate-2
pb1	731	234	replicate-2
pb1	732	234	replicate-2
pb1	733	232	replicate-2
pb1	734	233	replicate-2
pb1	735	231	replicate-2
pb1	736	229	replicate-2
pb1	737	229	replicate-2
pb1	738	227	replicate-2
pb1	739	227	replicate-2
pb1	740	227	replicate-2
pb1	741	226	replicate-2
pb1	742	226	replicate-2
pb1	743	225	replicate-2
pb1	744	225	replicate-2
pb1	745	225	replicate-2
pb1	746	228	replicate-2
pb1	747	227	replicate-2
pb1	748	229	replicate-2
pb1	749	229	replicate-2
pb1	750	223	replicate-2
pb1	751	221	replicate-2
pb1	752	222	replicate-2
pb1	753	215	replicate-2
pb1	754	217	replicate-2
pb1	755	211	replicate-2
pb1	756	209	replicate-2
pb1	757	212	replicate-2
pb1	758	214	replicate-2
pb1	759	215	replicate-2
pb1	760	217	replicate-2
pb1	761	207	replicate-2
pb1	762	209	replicate-2
pb1	763	210	replicate-2
pb1	764	203	replicate-2
pb1	765	214	replicate-2
pb1	766	213	replicate-2
pb1	767	208	replicate-2
pb1	768	207	replicate-2
pb1	769	197	replicate-2
pb1	770	202	replicate-2
pb1	771	200	replicate-2
pb1	772	200	replicate-2
pb1	773	202	replicate-2
pb1	774	186	replicate-2
pb1	775	200	replicate-2
pb1	776	199	replicate-2
pb1	777	204	replicate-2
pb1	778	204	replicate-2
pb1	779	200	replicate-2
pb1	780	202	replicate-2
pb1	781	203	replicate-2
pb1	782	202	replicate-2
pb1	783	204	replicate-2
pb1	784	189	replicate-2
pb1	785	190	replicate-2
pb1	786	192	replicate-2
pb1	787	196	replicate-2
pb1	788	198	replicate-2
pb1	789	196	replicate-2
pb1	790	196	replicate-2
pb1	791	194	replicate-2
pb1	792	192	replicate-2
pb1	793	193	replicate-2
pb1	794	194	replicate-2
pb1	795	192	replicate-2
pb1	796	193	replicate-2
pb1	797	190	replicate-2
pb1	798	199	replicate-2
pb1	799	198	replicate-2
pb1	800	199	replicate-2
pb1	801	199	replicate-2
pb1	802	202	replicate-2
pb1	803	204	replicate-2
pb1	804	204	replicate-2
pb1	805	203	replicate-2
pb1	806	203	replicate-2
pb1	807	198	replicate-2
pb1	808	196	replicate-2
pb1	809	198	replicate-2
pb1	810	198	replicate-2
pb1	811	201	replicate-2
pb1	812	204	replicate-2
pb1	813	206	replicate-2
pb1	814	207	replicate-2
pb1	815	206	replicate-2
pb1	816	205	replicate-2
pb1	817	205	replicate-2
pb1	818	206	replicate-2
pb1	819	204	replicate-2
pb1	820	207	replicate-2
pb1	821	209	replicate-2
pb1	822	208	replicate-2
pb1	823	206	replicate-2
pb1	824	206	replicate-2
pb1	825	205	replicate-2
pb1	826	204	replicate-2
pb1	827	213	replicate-2
pb1	828	213	replicate-2
pb1	829	214	replicate-2
pb1	830	214	replicate-2
pb1	831	214	replicate-2
pb1	832	216	replicate-2
pb1	833	215	replicate-2
pb1	834	215	replicate-2
pb1	835	213	replicate-2
pb1	836	205	replicate-2
pb1	837	211	replicate-2
pb1	838	212	replicate-2
pb1	839	216	replicate-2
pb1	840	217	replicate-2
pb1	841	220	replicate-2
pb1	842	219	replicate-2
pb1	843	220	replicate-2
pb1	844	218	replicate-2
pb1	845	220	replicate-2
pb1	846	216	replicate-2
pb1	847	216	replicate-2
pb1	848	219	replicate-2
pb1	849	223	replicate-2
pb1	850	223	replicate-2
pb1	851	222	replicate-2
pb1	852	222	replicate-2
pb1	853	224	replicate-2
pb1	854	225	replicate-2
pb1	855	230	replicate-2
pb1	856	229	replicate-2
pb1	857	228	replicate-2
pb1	858	227	replicate-2
pb1	859	221	replicate-2
pb1	860	219	replicate-2
pb1	861	219	replicate-2
pb1	862	223	replicate-2
pb1	863	224	replicate-2
pb1	864	222	replicate-2
pb1	865	226	replicate-2
pb1	866	226	replicate-2
pb1	867	224	replicate-2
pb1	868	227	replicate-2
pb1	869	227	replicate-2
pb1	870	231	replicate-2
pb1	871	234	replicate-2
pb1	872	236	replicate-2
pb1	873	234	replicate-2
pb1	874	230	replicate-2
pb1	875	228	replicate-2
pb1	876	229	replicate-2
pb1	877	232	replicate-2
pb1	878	233	replicate-2
pb1	879	232	replicate-2
pb1	880	235	replicate-2
pb1	881	235	replicate-2
pb1	882	235	replicate-2
pb1	883	235	replicate-2
pb1	884	237	replicate-2
pb1	885	235	replicate-2
pb1	886	233	replicate-2
pb1	887	236	replicate-2
pb1	888	240	replicate-2
pb1	889	240	replicate-2
pb1	890	239	replicate-2
pb1	891	241	replicate-2
pb1	892	241	replicate-2
pb1	893	242	replicate-2
pb1	894	247	replicate-2
pb1	895	246	replicate-2
pb1	896	246	replicate-2
pb1	897	245	replicate-2
pb1	898	246	replicate-2
pb1	899	247	replicate-2
pb1	900	247	replicate-2
pb1	901	249	replicate-2
pb1	902	258	replicate-2
pb1	903	249	replicate-2
pb1	904	256	replicate-2
pb1	905	257	replicate-2
pb1	906	255	replicate-2
pb1	907	258	replicate-2
pb1	908	280	replicate-2
pb1	909	278	replicate-2
pb1	910	277	replicate-2
pb1	911	277	replicate-2
pb1	912	268	replicate-2
pb1	913	271	replicate-2
pb1	914	263	replicate-2
pb1	915	264	replicate-2
pb1	916	259	replicate-2
pb1	917	253	replicate-2
pb1	918	260	replicate-2
pb1	919	261	replicate-2
pb1	920	267	replicate-2
pb1	921	267	replicate-2
pb1	922	259	replicate-2
pb1	923	260	replicate-2
pb1	924	258	replicate-2
pb1	925	254	replicate-2
pb1	926	261	replicate-2
pb1	927	257	replicate-2
pb1	928	261	replicate-2
pb1	929	264	replicate-2
pb1	930	263	replicate-2
pb1	931	271	replicate-2
pb1	932	272	replicate-2
pb1	933	270	replicate-2
pb1	934	276	replicate-2
pb1	935	278	replicate-2
pb1	936	294	replicate-2
pb1	937	295	replicate-2
pb1	938	290	replicate-2
pb1	939	292	replicate-2
pb1	940	292	replicate-2
pb1	941	293	replicate-2
pb1	942	298	replicate-2
pb1	943	303	replicate-2
pb1	944	302	replicate-2
pb1	945	292	replicate-2
pb1	946	292	replicate-2
pb1	947	299	replicate-2
pb1	948	301	replicate-2
pb1	949	300	replicate-2
pb1	950	301	replicate-2
pb1	951	302	replicate-2
pb1	952	295	replicate-2
pb1	953	294	replicate-2
pb1	954	294	replicate-2
pb1	955	294	replicate-2
pb1	956	291	replicate-2
pb1	957	291	replicate-2
pb1	958	290	replicate-2
pb1	959	291	replicate-2
pb1	960	291	replicate-2
pb1	961	292	replicate-2
pb1	962	291	replicate-2
pb1	963	291	replicate-2
pb1	964	291	replicate-2
pb1	965	291	replicate-2
pb1	966	290	replicate-2
pb1	967	289	replicate-2
pb1	968	287	replicate-2
pb1	969	288	replicate-2
pb1	970	288	replicate-2
pb1	971	288	replicate-2
pb1	972	287	replicate-2
pb1	973	287	replicate-2
pb1	974	287	replicate-2
pb1	975	289	replicate-2
pb1	976	288	replicate-2
pb1	977	288	replicate-2
pb1	978	290	replicate-2
pb1	979	289	replicate-2
pb1	980	288	replicate-2
pb1	981	293	replicate-2
pb1	982	292	replicate-2
pb1	983	294	replicate-2
pb1	984	288	replicate-2
pb1	985	288	replicate-2
pb1	986	297	replicate-2
pb1	987	313	replicate-2
pb1	988	323	replicate-2
pb1	989	325	replicate-2
pb1	990	327	replicate-2
pb1	991	329	replicate-2
pb1	992	333	replicate-2
pb1	993	336	replicate-2
pb1	994	335	replicate-2
pb1	995	320	replicate-2
pb1	996	332	replicate-2
pb1	997	317	replicate-2
pb1	998	315	replicate-2
pb1	999	316	replicate-2
pb1	1000	321	replicate-2
pb1	1001	316	replicate-2
pb1	1002	313	replicate-2
pb1	1003	310	replicate-2
pb1	1004	309	replicate-2
pb1	1005	293	replicate-2
pb1	1006	290	replicate-2
pb1	1007	290	replicate-2
pb1	1008	290	replicate-2
pb1	1009	286	replicate-2
pb1	1010	283	replicate-2
pb1	1011	277	replicate-2
pb1	1012	285	replicate-2
pb1	1013	282	replicate-2
pb1	1014	280	replicate-2
pb1	1015	284	replicate-2
pb1	1016	284	replicate-2
pb1	1017	282	replicate-2
pb1	1018	283	replicate-2
pb1	1019	279	replicate-2
pb1	1020	296	replicate-2
pb1	1021	289	replicate-2
pb1	1022	290	replicate-2
pb1	1023	291	replicate-2
pb1	1024	289	replicate-2
pb1	1025	298	replicate-2
pb1	1026	296	replicate-2
pb1	1027	291	replicate-2
pb1	1028	286	replicate-2
pb1	1029	262	replicate-2
pb1	1030	266	replicate-2
pb1	1031	266	replicate-2
pb1	1032	269	replicate-2
pb1	1033	269	replicate-2
pb1	1034	265	replicate-2
pb1	1035	267	replicate-2
pb1	1036	267	replicate-2
pb1	1037	279	replicate-2
pb1	1038	279	replicate-2
pb1	1039	261	replicate-2
pb1	1040	261	replicate-2
pb1	1041	256	replicate-2
pb1	1042	258	replicate-2
pb1	1043	266	replicate-2
pb1	1044	266	replicate-2
pb1	1045	282	replicate-2
pb1	1046	292	replicate-2
pb1	1047	294	replicate-2
pb1	1048	294	replicate-2
pb1	1049	297	replicate-2
pb1	1050	298	replicate-2
pb1	1051	298	replicate-2
pb1	1052	285	replicate-2
pb1	1053	283	replicate-2
pb1	1054	275	replicate-2
pb1	1055	267	replicate-2
pb1	1056	266	replicate-2
pb1	1057	264	replicate-2
pb1	1058	265	replicate-2
pb1	1059	267	replicate-2
pb1	1060	267	replicate-2
pb1	1061	267	replicate-2
pb1	1062	270	replicate-2
pb1	1063	268	replicate-2
pb1	1064	270	replicate-2
pb1	1065	272	replicate-2
pb1	1066	281	replicate-2
pb1	1067	289	replicate-2
pb1	1068	289	replicate-2
pb1	1069	291	replicate-2
pb1	1070	291	replicate-2
pb1	1071	292	replicate-2
pb1	1072	289	replicate-2
pb1	1073	290	replicate-2
pb1	1074	290	replicate-2
pb1	1075	290	replicate-2
pb1	1076	291	replicate-2
pb1	1077	299	replicate-2
pb1	1078	301	replicate-2
pb1	1079	305	replicate-2
pb1	1080	303	replicate-2
pb1	1081	302	replicate-2
pb1	1082	301	replicate-2
pb1	1083	300	replicate-2
pb1	1084	306	replicate-2
pb1	1085	312	replicate-2
pb1	1086	317	replicate-2
pb1	1087	313	replicate-2
pb1	1088	314	replicate-2
pb1	1089	314	replicate-2
pb1	1090	315	replicate-2
pb1	1091	316	replicate-2
pb1	1092	314	replicate-2
pb1	1093	308	replicate-2
pb1	1094	308	replicate-2
pb1	1095	304	replicate-2
pb1	1096	301	replicate-2
pb1	1097	300	replicate-2
pb1	1098	300	replicate-2
pb1	1099	299	replicate-2
pb1	1100	297	replicate-2
pb1	1101	291	replicate-2
pb1	1102	289	replicate-2
pb1	1103	288	replicate-2
pb1	1104	287	replicate-2
pb1	1105	286	replicate-2
pb1	1106	293	replicate-2
pb1	1107	288	replicate-2
pb1	1108	286	replicate-2
pb1	1109	284	replicate-2
pb1	1110	284	replicate-2
pb1	1111	289	replicate-2
pb1	1112	289	replicate-2
pb1	1113	296	replicate-2
pb1	1114	294	replicate-2
pb1	1115	296	replicate-2
pb1	1116	296	replicate-2
pb1	1117	298	replicate-2
pb1	1118	297	replicate-2
pb1	1119	296	replicate-2
pb1	1120	294	replicate-2
pb1	1121	310	replicate-2
pb1	1122	308	replicate-2
pb1	1123	310	replicate-2
pb1	1124	306	replicate-2
pb1	1125	307	replicate-2
pb1	1126	305	replicate-2
pb1	1127	310	replicate-2
pb1	1128	313	replicate-2
pb1	1129	315	replicate-2
pb1	1130	309	replicate-2
pb1	1131	301	replicate-2
pb1	1132	306	replicate-2
pb1	1133	306	replicate-2
pb1	1134	303	replicate-2
pb1	1135	305	replicate-2
pb1	1136	305	replicate-2
pb1	1137	303	replicate-2
pb1	1138	299	replicate-2
pb1	1139	291	replicate-2
pb1	1140	295	replicate-2
pb1	1141	291	replicate-2
pb1	1142	289	replicate-2
pb1	1143	289	replicate-2
pb1	1144	288	replicate-2
pb1	1145	289	replicate-2
pb1	1146	289	replicate-2
pb1	1147	292	replicate-2
pb1	1148	290	replicate-2
pb1	1149	294	replicate-2
pb1	1150	293	replicate-2
pb1	1151	289	replicate-2
pb1	1152	289	replicate-2
pb1	1153	295	replicate-2
pb1	1154	303	replicate-2
pb1	1155	309	replicate-2
pb1	1156	311	replicate-2
pb1	1157	311	replicate-2
pb1	1158	310	replicate-2
pb1	1159	317	replicate-2
pb1	1160	316	replicate-2
pb1	1161	313	replicate-2
pb1	1162	311	replicate-2
pb1	1163	300	replicate-2
pb1	1164	301	replicate-2
pb1	1165	298	replicate-2
pb1	1166	300	replicate-2
pb1	1167	304	replicate-2
pb1	1168	302	replicate-2
pb1	1169	301	replicate-2
pb1	1170	299	replicate-2
pb1	1171	296	replicate-2
pb1	1172	295	replicate-2
pb1	1173	295	replicate-2
pb1	1174	295	replicate-2
pb1	1175	295	replicate-2
pb1	1176	293	replicate-2
pb1	1177	293	replicate-2
pb1	1178	295	replicate-2
pb1	1179	293	replicate-2
pb1	1180	286	replicate-2
pb1	1181	284	replicate-2
pb1	1182	287	replicate-2
pb1	1183	286	replicate-2
pb1	1184	288	replicate-2
pb1	1185	289	replicate-2
pb1	1186	288	replicate-2
pb1	1187	286	replicate-2
pb1	1188	286	replicate-2
pb1	1189	287	replicate-2
pb1	1190	288	replicate-2
pb1	1191	289	replicate-2
pb1	1192	290	replicate-2
pb1	1193	293	replicate-2
pb1	1194	289	replicate-2
pb1	1195	289	replicate-2
pb1	1196	291	replicate-2
pb1	1197	292	replicate-2
pb1	1198	293	replicate-2
pb1	1199	296	replicate-2
pb1	1200	299	replicate-2
pb1	1201	300	replicate-2
pb1	1202	307	replicate-2
pb1	1203	308	replicate-2
pb1	1204	312	replicate-2
pb1	1205	310	replicate-2
pb1	1206	308	replicate-2
pb1	1207	353	replicate-2
pb1	1208	365	replicate-2
pb1	1209	371	replicate-2
pb1	1210	379	replicate-2
pb1	1211	376	replicate-2
pb1	1212	377	replicate-2
pb1	1213	385	replicate-2
pb1	1214	383	replicate-2
pb1	1215	385	replicate-2
pb1	1216	378	replicate-2
pb1	1217	327	replicate-2
pb1	1218	322	replicate-2
pb1	1219	314	replicate-2
pb1	1220	314	replicate-2
pb1	1221	313	replicate-2
pb1	1222	312	replicate-2
pb1	1223	312	replicate-2
pb1	1224	308	replicate-2
pb1	1225	314	replicate-2
pb1	1226	317	replicate-2
pb1	1227	317	replicate-2
pb1	1228	317	replicate-2
pb1	1229	316	replicate-2
pb1	1230	315	replicate-2
pb1	1231	316	replicate-2
pb1	1232	317	replicate-2
pb1	1233	317	replicate-2
pb1	1234	300	replicate-2
pb1	1235	312	replicate-2
pb1	1236	314	replicate-2
pb1	1237	314	replicate-2
pb1	1238	313	replicate-2
pb1	1239	312	replicate-2
pb1	1240	315	replicate-2
pb1	1241	313	replicate-2
pb1	1242	313	replicate-2
pb1	1243	313	replicate-2
pb1	1244	297	replicate-2
pb1	1245	308	replicate-2
pb1	1246	393	replicate-2
pb1	1247	586	replicate-2
pb1	1248	639	replicate-2
pb1	1249	646	replicate-2
pb1	1250	647	replicate-2
pb1	1251	787	replicate-2
pb1	1252	1447	replicate-2
pb1	1253	1476	replicate-2
pb1	1254	1484	replicate-2
pb1	1255	1530	replicate-2
pb1	1256	1687	replicate-2
pb1	1257	3449	replicate-2
pb1	1258	3617	replicate-2
pb1	1259	5023	replicate-2
pb1	1260	5906	replicate-2
pb1	1261	6109	replicate-2
pb1	1262	6245	replicate-2
pb1	1263	6257	replicate-2
pb1	1264	6795	replicate-2
pb1	1265	6800	replicate-2
pb1	1266	7865	replicate-2
pb1	1267	7923	replicate-2
pb1	1268	7923	replicate-2
pb1	1269	8554	replicate-2
pb1	1270	8580	replicate-2
pb1	1271	10099	replicate-2
pb1	1272	10139	replicate-2
pb1	1273	10157	replicate-2
pb1	1274	10393	replicate-2
pb1	1275	10463	replicate-2
pb1	1276	14945	replicate-2
pb1	1277	15216	replicate-2
pb1	1278	15405	replicate-2
pb1	1279	15478	replicate-2
pb1	1280	15559	replicate-2
pb1	1281	15635	replicate-2
pb1	1282	15663	replicate-2
pb1	1283	15752	replicate-2
pb1	1284	15780	replicate-2
pb1	1285	15898	replicate-2
pb1	1286	16065	replicate-2
pb1	1287	16130	replicate-2
pb1	1288	16260	replicate-2
pb1	1289	16326	replicate-2
pb1	1290	16367	replicate-2
pb1	1291	16829	replicate-2
pb1	1292	17060	replicate-2
pb1	1293	17671	replicate-2
pb1	1294	17763	replicate-2
pb1	1295	17805	replicate-2
pb1	1296	17961	replicate-2
pb1	1297	18072	replicate-2
pb1	1298	18394	replicate-2
pb1	1299	18440	replicate-2
pb1	1300	18472	replicate-2
pb1	1301	18507	replicate-2
pb1	1302	18542	replicate-2
pb1	1303	18677	replicate-2
pb1	1304	19000	replicate-2
pb1	1305	19100	replicate-2
pb1	1306	19210	replicate-2
pb1	1307	19237	replicate-2
pb1	1308	19305	replicate-2
pb1	1309	19427	replicate-2
pb1	1310	19445	replicate-2
pb1	1311	19826	replicate-2
pb1	1312	19926	replicate-2
pb1	1313	19921	replicate-2
pb1	1314	20028	replicate-2
pb1	1315	20116	replicate-2
pb1	1316	20166	replicate-2
pb1	1317	20564	replicate-2
pb1	1318	20515	replicate-2
pb1	1319	20678	replicate-2
pb1	1320	20579	replicate-2
pb1	1321	20521	replicate-2
pb1	1322	20529	replicate-2
pb1	1323	20416	replicate-2
pb1	1324	21527	replicate-2
pb1	1325	21964	replicate-2
pb1	1326	21768	replicate-2
pb1	1327	21742	replicate-2
pb1	1328	21802	replicate-2
pb1	1329	22032	replicate-2
pb1	1330	22261	replicate-2
pb1	1331	22259	replicate-2
pb1	1332	22732	replicate-2
pb1	1333	22213	replicate-2
pb1	1334	22360	replicate-2
pb1	1335	22408	replicate-2
pb1	1336	22226	replicate-2
pb1	1337	22408	replicate-2
pb1	1338	22418	replicate-2
pb1	1339	22468	replicate-2
pb1	1340	22529	replicate-2
pb1	1341	22237	replicate-2
pb1	1342	22272	replicate-2
pb1	1343	22463	replicate-2
pb1	1344	22393	replicate-2
pb1	1345	22699	replicate-2
pb1	1346	22647	replicate-2
pb1	1347	22714	replicate-2
pb1	1348	22798	replicate-2
pb1	1349	22754	replicate-2
pb1	1350	22721	replicate-2
pb1	1351	22673	replicate-2
pb1	1352	22675	replicate-2
pb1	1353	22518	replicate-2
pb1	1354	22296	replicate-2
pb1	1355	22353	replicate-2
pb1	1356	22254	replicate-2
pb1	1357	22251	replicate-2
pb1	1358	22228	replicate-2
pb1	1359	22188	replicate-2
pb1	1360	22327	replicate-2
pb1	1361	22193	replicate-2
pb1	1362	22141	replicate-2
pb1	1363	22088	replicate-2
pb1	1364	22066	replicate-2
pb1	1365	22067	replicate-2
pb1	1366	22026	replicate-2
pb1	1367	22263	replicate-2
pb1	1368	22237	replicate-2
pb1	1369	22611	replicate-2
pb1	1370	22529	replicate-2
pb1	1371	23319	replicate-2
pb1	1372	23352	replicate-2
pb1	1373	23628	replicate-2
pb1	1374	23597	replicate-2
pb1	1375	24599	replicate-2
pb1	1376	24446	replicate-2
pb1	1377	24293	replicate-2
pb1	1378	23651	replicate-2
pb1	1379	23518	replicate-2
pb1	1380	22745	replicate-2
pb1	1381	22725	replicate-2
pb1	1382	22427	replicate-2
pb1	1383	21880	replicate-2
pb1	1384	21904	replicate-2
pb1	1385	20982	replicate-2
pb1	1386	20964	replicate-2
pb1	1387	20856	replicate-2
pb1	1388	20794	replicate-2
pb1	1389	20993	replicate-2
pb1	1390	20875	replicate-2
pb1	1391	20744	replicate-2
pb1	1392	20633	replicate-2
pb1	1393	20617	replicate-2
pb1	1394	20651	replicate-2
pb1	1395	20649	replicate-2
pb1	1396	20703	replicate-2
pb1	1397	20775	replicate-2
pb1	1398	20559	replicate-2
pb1	1399	20748	replicate-2
pb1	1400	20752	replicate-2
pb1	1401	20742	replicate-2
pb1	1402	20624	replicate-2
pb1	1403	20491	replicate-2
pb1	1404	20356	replicate-2
pb1	1405	20268	replicate-2
pb1	1406	20132	replicate-2
pb1	1407	19836	replicate-2
pb1	1408	19766	replicate-2
pb1	1409	19752	replicate-2
pb1	1410	19476	replicate-2
pb1	1411	19601	replicate-2
pb1	1412	19253	replicate-2
pb1	1413	19556	replicate-2
pb1	1414	19655	replicate-2
pb1	1415	19604	replicate-2
pb1	1416	19540	replicate-2
pb1	1417	18855	replicate-2
pb1	1418	19460	replicate-2
pb1	1419	21125	replicate-2
pb1	1420	20825	replicate-2
pb1	1421	20811	replicate-2
pb1	1422	21791	replicate-2
pb1	1423	21883	replicate-2
pb1	1424	21903	replicate-2
pb1	1425	21880	replicate-2
pb1	1426	21404	replicate-2
pb1	1427	20969	replicate-2
pb1	1428	19222	replicate-2
pb1	1429	19065	replicate-2
pb1	1430	19335	replicate-2
pb1	1431	18615	replicate-2
pb1	1432	18446	replicate-2
pb1	1433	18471	replicate-2
pb1	1434	18514	replicate-2
pb1	1435	18502	replicate-2
pb1	1436	18456	replicate-2
pb1	1437	18362	replicate-2
pb1	1438	18400	replicate-2
pb1	1439	18065	replicate-2
pb1	1440	18177	replicate-2
pb1	1441	18208	replicate-2
pb1	1442	18150	replicate-2
pb1	1443	18191	replicate-2
pb1	1444	18231	replicate-2
pb1	1445	18842	replicate-2
pb1	1446	18931	replicate-2
pb1	1447	19049	replicate-2
pb1	1448	19091	replicate-2
pb1	1449	19198	replicate-2
pb1	1450	19153	replicate-2
pb1	1451	19327	replicate-2
pb1	1452	19292	replicate-2
pb1	1453	19223	replicate-2
pb1	1454	18144	replicate-2
pb1	1455	18162	replicate-2
pb1	1456	18147	replicate-2
pb1	1457	18214	replicate-2
pb1	1458	18106	replicate-2
pb1	1459	17935	replicate-2
pb1	1460	17963	replicate-2
pb1	1461	18014	replicate-2
pb1	1462	17995	replicate-2
pb1	1463	17905	replicate-2
pb1	1464	17916	replicate-2
pb1	1465	17816	replicate-2
pb1	1466	17734	replicate-2
pb1	1467	18289	replicate-2
pb1	1468	18440	replicate-2
pb1	1469	18587	replicate-2
pb1	1470	18606	replicate-2
pb1	1471	18954	replicate-2
pb1	1472	19641	replicate-2
pb1	1473	19648	replicate-2
pb1	1474	19629	replicate-2
pb1	1475	19533	replicate-2
pb1	1476	18822	replicate-2
pb1	1477	18717	replicate-2
pb1	1478	18501	replicate-2
pb1	1479	18550	replicate-2
pb1	1480	18270	replicate-2
pb1	1481	17943	replicate-2
pb1	1482	18130	replicate-2
pb1	1483	18179	replicate-2
pb1	1484	18268	replicate-2
pb1	1485	18192	replicate-2
pb1	1486	18207	replicate-2
pb1	1487	18462	replicate-2
pb1	1488	18466	replicate-2
pb1	1489	18581	replicate-2
pb1	1490	18574	replicate-2
pb1	1491	18399	replicate-2
pb1	1492	18480	replicate-2
pb1	1493	18447	replicate-2
pb1	1494	18453	replicate-2
pb1	1495	18440	replicate-2
pb1	1496	18047	replicate-2
pb1	1497	18105	replicate-2
pb1	1498	18027	replicate-2
pb1	1499	18050	replicate-2
pb1	1500	18128	replicate-2
pb1	1501	18041	replicate-2
pb1	1502	18027	replicate-2
pb1	1503	17999	replicate-2
pb1	1504	18192	replicate-2
pb1	1505	18248	replicate-2
pb1	1506	18283	replicate-2
pb1	1507	18211	replicate-2
pb1	1508	18229	replicate-2
pb1	1509	18258	replicate-2
pb1	1510	18472	replicate-2
pb1	1511	18621	replicate-2
pb1	1512	18787	replicate-2
pb1	1513	18497	replicate-2
pb1	1514	18564	replicate-2
pb1	1515	18578	replicate-2
pb1	1516	18561	replicate-2
pb1	1517	18697	replicate-2
pb1	1518	19072	replicate-2
pb1	1519	18908	replicate-2
pb1	1520	18901	replicate-2
pb1	1521	18884	replicate-2
pb1	1522	18908	replicate-2
pb1	1523	19242	replicate-2
pb1	1524	19175	replicate-2
pb1	1525	19022	replicate-2
pb1	1526	18719	replicate-2
pb1	1527	18248	replicate-2
pb1	1528	18336	replicate-2
pb1	1529	18257	replicate-2
pb1	1530	18091	replicate-2
pb1	1531	18248	replicate-2
pb1	1532	18119	replicate-2
pb1	1533	18115	replicate-2
pb1	1534	18113	replicate-2
pb1	1535	18102	replicate-2
pb1	1536	19241	replicate-2
pb1	1537	19190	replicate-2
pb1	1538	19429	replicate-2
pb1	1539	19472	replicate-2
pb1	1540	19313	replicate-2
pb1	1541	20342	replicate-2
pb1	1542	20449	replicate-2
pb1	1543	20380	replicate-2
pb1	1544	20337	replicate-2
pb1	1545	18816	replicate-2
pb1	1546	18995	replicate-2
pb1	1547	18698	replicate-2
pb1	1548	18677	replicate-2
pb1	1549	18700	replicate-2
pb1	1550	17935	replicate-2
pb1	1551	18183	replicate-2
pb1	1552	18262	replicate-2
pb1	1553	18287	replicate-2
pb1	1554	18264	replicate-2
pb1	1555	18067	replicate-2
pb1	1556	18841	replicate-2
pb1	1557	18791	replicate-2
pb1	1558	18715	replicate-2
pb1	1559	18737	replicate-2
pb1	1560	18571	replicate-2
pb1	1561	18562	replicate-2
pb1	1562	18596	replicate-2
pb1	1563	18566	replicate-2
pb1	1564	18587	replicate-2
pb1	1565	17782	replicate-2
pb1	1566	18098	replicate-2
pb1	1567	18264	replicate-2
pb1	1568	18086	replicate-2
pb1	1569	18148	replicate-2
pb1	1570	18207	replicate-2
pb1	1571	18230	replicate-2
pb1	1572	18279	replicate-2
pb1	1573	18075	replicate-2
pb1	1574	18072	replicate-2
pb1	1575	18428	replicate-2
pb1	1576	18385	replicate-2
pb1	1577	18451	replicate-2
pb1	1578	18491	replicate-2
pb1	1579	18540	replicate-2
pb1	1580	18546	replicate-2
pb1	1581	18433	replicate-2
pb1	1582	18439	replicate-2
pb1	1583	18563	replicate-2
pb1	1584	18244	replicate-2
pb1	1585	18402	replicate-2
pb1	1586	18417	replicate-2
pb1	1587	18369	replicate-2
pb1	1588	18768	replicate-2
pb1	1589	18740	replicate-2
pb1	1590	18812	replicate-2
pb1	1591	18797	replicate-2
pb1	1592	18623	replicate-2
pb1	1593	18701	replicate-2
pb1	1594	18431	replicate-2
pb1	1595	18670	replicate-2
pb1	1596	18594	replicate-2
pb1	1597	18226	replicate-2
pb1	1598	18156	replicate-2
pb1	1599	18020	replicate-2
pb1	1600	18065	replicate-2
pb1	1601	18274	replicate-2
pb1	1602	18089	replicate-2
pb1	1603	18101	replicate-2
pb1	1604	17940	replicate-2
pb1	1605	17963	replicate-2
pb1	1606	17934	replicate-2
pb1	1607	18219	replicate-2
pb1	1608	18189	replicate-2
pb1	1609	19035	replicate-2
pb1	1610	18611	replicate-2
pb1	1611	19280	replicate-2
pb1	1612	19634	replicate-2
pb1	1613	19539	replicate-2
pb1	1614	19407	replicate-2
pb1	1615	19431	replicate-2
pb1	1616	18835	replicate-2
pb1	1617	18988	replicate-2
pb1	1618	17794	replicate-2
pb1	1619	17756	replicate-2
pb1	1620	17803	replicate-2
pb1	1621	16926	replicate-2
pb1	1622	17189	replicate-2
pb1	1623	17343	replicate-2
pb1	1624	17766	replicate-2
pb1	1625	17845	replicate-2
pb1	1626	17765	replicate-2
pb1	1627	17789	replicate-2
pb1	1628	17766	replicate-2
pb1	1629	17630	replicate-2
pb1	1630	17840	replicate-2
pb1	1631	17915	replicate-2
pb1	1632	18037	replicate-2
pb1	1633	17367	replicate-2
pb1	1634	17441	replicate-2
pb1	1635	17148	replicate-2
pb1	1636	17164	replicate-2
pb1	1637	17405	replicate-2
pb1	1638	17638	replicate-2
pb1	1639	17381	replicate-2
pb1	1640	17006	replicate-2
pb1	1641	16900	replicate-2
pb1	1642	16967	replicate-2
pb1	1643	17040	replicate-2
pb1	1644	17104	replicate-2
pb1	1645	17097	replicate-2
pb1	1646	16758	replicate-2
pb1	1647	16483	replicate-2
pb1	1648	16543	replicate-2
pb1	1649	16650	replicate-2
pb1	1650	16605	replicate-2
pb1	1651	16513	replicate-2
pb1	1652	16526	replicate-2
pb1	1653	16288	replicate-2
pb1	1654	16520	replicate-2
pb1	1655	16557	replicate-2
pb1	1656	16546	replicate-2
pb1	1657	16676	replicate-2
pb1	1658	16619	replicate-2
pb1	1659	16643	replicate-2
pb1	1660	16625	replicate-2
pb1	1661	16508	replicate-2
pb1	1662	16458	replicate-2
pb1	1663	16280	replicate-2
pb1	1664	16572	replicate-2
pb1	1665	16569	replicate-2
pb1	1666	16609	replicate-2
pb1	1667	16620	replicate-2
pb1	1668	16607	replicate-2
pb1	1669	16804	replicate-2
pb1	1670	16652	replicate-2
pb1	1671	16672	replicate-2
pb1	1672	16766	replicate-2
pb1	1673	16053	replicate-2
pb1	1674	16502	replicate-2
pb1	1675	16335	replicate-2
pb1	1676	16449	replicate-2
pb1	1677	16607	replicate-2
pb1	1678	16292	replicate-2
pb1	1679	16289	replicate-2
pb1	1680	16261	replicate-2
pb1	1681	16245	replicate-2
pb1	1682	16265	replicate-2
pb1	1683	16058	replicate-2
pb1	1684	16914	replicate-2
pb1	1685	16866	replicate-2
pb1	1686	16827	replicate-2
pb1	1687	16708	replicate-2
pb1	1688	16754	replicate-2
pb1	1689	17337	replicate-2
pb1	1690	17226	replicate-2
pb1	1691	17411	replicate-2
pb1	1692	17785	replicate-2
pb1	1693	17505	replicate-2
pb1	1694	17688	replicate-2
pb1	1695	17822	replicate-2
pb1	1696	17707	replicate-2
pb1	1697	17780	replicate-2
pb1	1698	17173	replicate-2
pb1	1699	17481	replicate-2
pb1	1700	17276	replicate-2
pb1	1701	17328	replicate-2
pb1	1702	16679	replicate-2
pb1	1703	16649	replicate-2
pb1	1704	16714	replicate-2
pb1	1705	16732	replicate-2
pb1	1706	16672	replicate-2
pb1	1707	17151	replicate-2
pb1	1708	17083	replicate-2
pb1	1709	17076	replicate-2
pb1	1710	17106	replicate-2
pb1	1711	17094	replicate-2
pb1	1712	17268	replicate-2
pb1	1713	16998	replicate-2
pb1	1714	17305	replicate-2
pb1	1715	17367	replicate-2
pb1	1716	16712	replicate-2
pb1	1717	16771	replicate-2
pb1	1718	16710	replicate-2
pb1	1719	16726	replicate-2
pb1	1720	16555	replicate-2
pb1	1721	16603	replicate-2
pb1	1722	16433	replicate-2
pb1	1723	16444	replicate-2
pb1	1724	16163	replicate-2
pb1	1725	16372	replicate-2
pb1	1726	16507	replicate-2
pb1	1727	16506	replicate-2
pb1	1728	16554	replicate-2
pb1	1729	16673	replicate-2
pb1	1730	16537	replicate-2
pb1	1731	16552	replicate-2
pb1	1732	16522	replicate-2
pb1	1733	16670	replicate-2
pb1	1734	16655	replicate-2
pb1	1735	16493	replicate-2
pb1	1736	16511	replicate-2
pb1	1737	16710	replicate-2
pb1	1738	16657	replicate-2
pb1	1739	16798	replicate-2
pb1	1740	16774	replicate-2
pb1	1741	16820	replicate-2
pb1	1742	16892	replicate-2
pb1	1743	16838	replicate-2
pb1	1744	16814	replicate-2
pb1	1745	16839	replicate-2
pb1	1746	16743	replicate-2
pb1	1747	16734	replicate-2
pb1	1748	16659	replicate-2
pb1	1749	16692	replicate-2
pb1	1750	16726	replicate-2
pb1	1751	16637	replicate-2
pb1	1752	17021	replicate-2
pb1	1753	17012	replicate-2
pb1	1754	16978	replicate-2
pb1	1755	16984	replicate-2
pb1	1756	16910	replicate-2
pb1	1757	16819	replicate-2
pb1	1758	16872	replicate-2
pb1	1759	16794	replicate-2
pb1	1760	16736	replicate-2
pb1	1761	16761	replicate-2
pb1	1762	16711	replicate-2
pb1	1763	16782	replicate-2
pb1	1764	16813	replicate-2
pb1	1765	17260	replicate-2
pb1	1766	17144	replicate-2
pb1	1767	16930	replicate-2
pb1	1768	16881	replicate-2
pb1	1769	16546	replicate-2
pb1	1770	16618	replicate-2
pb1	1771	16110	replicate-2
pb1	1772	16111	replicate-2
pb1	1773	16005	replicate-2
pb1	1774	15409	replicate-2
pb1	1775	15875	replicate-2
pb1	1776	15960	replicate-2
pb1	1777	15968	replicate-2
pb1	1778	16096	replicate-2
pb1	1779	15919	replicate-2
pb1	1780	15943	replicate-2
pb1	1781	16058	replicate-2
pb1	1782	16104	replicate-2
pb1	1783	16110	replicate-2
pb1	1784	15803	replicate-2
pb1	1785	15324	replicate-2
pb1	1786	15521	replicate-2
pb1	1787	15617	replicate-2
pb1	1788	15541	replicate-2
pb1	1789	15649	replicate-2
pb1	1790	15272	replicate-2
pb1	1791	15459	replicate-2
pb1	1792	15384	replicate-2
pb1	1793	15477	replicate-2
pb1	1794	15553	replicate-2
pb1	1795	15635	replicate-2
pb1	1796	15511	replicate-2
pb1	1797	15807	replicate-2
pb1	1798	15691	replicate-2
pb1	1799	15775	replicate-2
pb1	1800	15498	replicate-2
pb1	1801	15541	replicate-2
pb1	1802	15626	replicate-2
pb1	1803	15598	replicate-2
pb1	1804	15215	replicate-2
pb1	1805	15221	replicate-2
pb1	1806	15002	replicate-2
pb1	1807	15137	replicate-2
pb1	1808	15326	replicate-2
pb1	1809	15272	replicate-2
pb1	1810	15289	replicate-2
pb1	1811	15150	replicate-2
pb1	1812	15073	replicate-2
pb1	1813	16203	replicate-2
pb1	1814	16223	replicate-2
pb1	1815	16249	replicate-2
pb1	1816	16974	replicate-2
pb1	1817	16473	replicate-2
pb1	1818	16925	replicate-2
pb1	1819	16893	replicate-2
pb1	1820	16917	replicate-2
pb1	1821	16939	replicate-2
pb1	1822	15590	replicate-2
pb1	1823	15774	replicate-2
pb1	1824	15837	replicate-2
pb1	1825	15307	replicate-2
pb1	1826	15361	replicate-2
pb1	1827	15223	replicate-2
pb1	1828	15256	replicate-2
pb1	1829	15230	replicate-2
pb1	1830	15339	replicate-2
pb1	1831	15328	replicate-2
pb1	1832	15039	replicate-2
pb1	1833	14852	replicate-2
pb1	1834	15405	replicate-2
pb1	1835	15458	replicate-2
pb1	1836	16038	replicate-2
pb1	1837	16065	replicate-2
pb1	1838	16147	replicate-2
pb1	1839	16053	replicate-2
pb1	1840	16100	replicate-2
pb1	1841	17885	replicate-2
pb1	1842	17863	replicate-2
pb1	1843	17623	replicate-2
pb1	1844	17510	replicate-2
pb1	1845	17139	replicate-2
pb1	1846	17162	replicate-2
pb1	1847	17131	replicate-2
pb1	1848	17311	replicate-2
pb1	1849	17556	replicate-2
pb1	1850	16394	replicate-2
pb1	1851	16595	replicate-2
pb1	1852	16537	replicate-2
pb1	1853	16918	replicate-2
pb1	1854	16913	replicate-2
pb1	1855	16818	replicate-2
pb1	1856	16792	replicate-2
pb1	1857	16790	replicate-2
pb1	1858	16798	replicate-2
pb1	1859	16867	replicate-2
pb1	1860	16941	replicate-2
pb1	1861	16825	replicate-2
pb1	1862	16635	replicate-2
pb1	1863	16626	replicate-2
pb1	1864	16723	replicate-2
pb1	1865	16764	replicate-2
pb1	1866	16735	replicate-2
pb1	1867	16876	replicate-2
pb1	1868	16794	replicate-2
pb1	1869	16873	replicate-2
pb1	1870	16865	replicate-2
pb1	1871	16817	replicate-2
pb1	1872	16822	replicate-2
pb1	1873	16867	replicate-2
pb1	1874	17006	replicate-2
pb1	1875	17014	replicate-2
pb1	1876	16965	replicate-2
pb1	1877	17302	replicate-2
pb1	1878	17266	replicate-2
pb1	1879	17519	replicate-2
pb1	1880	17462	replicate-2
pb1	1881	17451	replicate-2
pb1	1882	17663	replicate-2
pb1	1883	17698	replicate-2
pb1	1884	17853	replicate-2
pb1	1885	17855	replicate-2
pb1	1886	17344	replicate-2
pb1	1887	17518	replicate-2
pb1	1888	17463	replicate-2
pb1	1889	17464	replicate-2
pb1	1890	17426	replicate-2
pb1	1891	17301	replicate-2
pb1	1892	17463	replicate-2
pb1	1893	17601	replicate-2
pb1	1894	17570	replicate-2
pb1	1895	17656	replicate-2
pb1	1896	18743	replicate-2
pb1	1897	18584	replicate-2
pb1	1898	18746	replicate-2
pb1	1899	18722	replicate-2
pb1	1900	18544	replicate-2
pb1	1901	18426	replicate-2
pb1	1902	18058	replicate-2
pb1	1903	18506	replicate-2
pb1	1904	18607	replicate-2
pb1	1905	17684	replicate-2
pb1	1906	17694	replicate-2
pb1	1907	17637	replicate-2
pb1	1908	17654	replicate-2
pb1	1909	17180	replicate-2
pb1	1910	17063	replicate-2
pb1	1911	17125	replicate-2
pb1	1912	16705	replicate-2
pb1	1913	16596	replicate-2
pb1	1914	16570	replicate-2
pb1	1915	16667	replicate-2
pb1	1916	16701	replicate-2
pb1	1917	16769	replicate-2
pb1	1918	16823	replicate-2
pb1	1919	16745	replicate-2
pb1	1920	16734	replicate-2
pb1	1921	16600	replicate-2
pb1	1922	17004	replicate-2
pb1	1923	17086	replicate-2
pb1	1924	17063	replicate-2
pb1	1925	17015	replicate-2
pb1	1926	16998	replicate-2
pb1	1927	16915	replicate-2
pb1	1928	17106	replicate-2
pb1	1929	16983	replicate-2
pb1	1930	17298	replicate-2
pb1	1931	16677	replicate-2
pb1	1932	16641	replicate-2
pb1	1933	16634	replicate-2
pb1	1934	16670	replicate-2
pb1	1935	16638	replicate-2
pb1	1936	16668	replicate-2
pb1	1937	16431	replicate-2
pb1	1938	16713	replicate-2
pb1	1939	16627	replicate-2
pb1	1940	16886	replicate-2
pb1	1941	16846	replicate-2
pb1	1942	16939	replicate-2
pb1	1943	16979	replicate-2
pb1	1944	17510	replicate-2
pb1	1945	17489	replicate-2
pb1	1946	17573	replicate-2
pb1	1947	17665	replicate-2
pb1	1948	17171	replicate-2
pb1	1949	17610	replicate-2
pb1	1950	17561	replicate-2
pb1	1951	17691	replicate-2
pb1	1952	17671	replicate-2
pb1	1953	17141	replicate-2
pb1	1954	17370	replicate-2
pb1	1955	17246	replicate-2
pb1	1956	17704	replicate-2
pb1	1957	17760	replicate-2
pb1	1958	17437	replicate-2
pb1	1959	17534	replicate-2
pb1	1960	17334	replicate-2
pb1	1961	17375	replicate-2
pb1	1962	17305	replicate-2
pb1	1963	17122	replicate-2
pb1	1964	17078	replicate-2
pb1	1965	16850	replicate-2
pb1	1966	16952	replicate-2
pb1	1967	17019	replicate-2
pb1	1968	16993	replicate-2
pb1	1969	16904	replicate-2
pb1	1970	16796	replicate-2
pb1	1971	16858	replicate-2
pb1	1972	16865	replicate-2
pb1	1973	17319	replicate-2
pb1	1974	17225	replicate-2
pb1	1975	17121	replicate-2
pb1	1976	17044	replicate-2
pb1	1977	17137	replicate-2
pb1	1978	17393	replicate-2
pb1	1979	17417	replicate-2
pb1	1980	17413	replicate-2
pb1	1981	17326	replicate-2
pb1	1982	16919	replicate-2
pb1	1983	16903	replicate-2
pb1	1984	16905	replicate-2
pb1	1985	16953	replicate-2
pb1	1986	16665	replicate-2
pb1	1987	16503	replicate-2
pb1	1988	16479	replicate-2
pb1	1989	16525	replicate-2
pb1	1990	17699	replicate-2
pb1	1991	17639	replicate-2
pb1	1992	17860	replicate-2
pb1	1993	17827	replicate-2
pb1	1994	17565	replicate-2
pb1	1995	17502	replicate-2
pb1	1996	17451	replicate-2
pb1	1997	17477	replicate-2
pb1	1998	17377	replicate-2
pb1	1999	16195	replicate-2
pb1	2000	16250	replicate-2
pb1	2001	16021	replicate-2
pb1	2002	16089	replicate-2
pb1	2003	16014	replicate-2
pb1	2004	16071	replicate-2
pb1	2005	16145	replicate-2
pb1	2006	16348	replicate-2
pb1	2007	16210	replicate-2
pb1	2008	16602	replicate-2
pb1	2009	16746	replicate-2
pb1	2010	16621	replicate-2
pb1	2011	16578	replicate-2
pb1	2012	16560	replicate-2
pb1	2013	16476	replicate-2
pb1	2014	16647	replicate-2
pb1	2015	16231	replicate-2
pb1	2016	17469	replicate-2
pb1	2017	17116	replicate-2
pb1	2018	17140	replicate-2
pb1	2019	17079	replicate-2
pb1	2020	17016	replicate-2
pb1	2021	17038	replicate-2
pb1	2022	17044	replicate-2
pb1	2023	16723	replicate-2
pb1	2024	16725	replicate-2
pb1	2025	15542	replicate-2
pb1	2026	16183	replicate-2
pb1	2027	16027	replicate-2
pb1	2028	16001	replicate-2
pb1	2029	16116	replicate-2
pb1	2030	16150	replicate-2
pb1	2031	16171	replicate-2
pb1	2032	16135	replicate-2
pb1	2033	16104	replicate-2
pb1	2034	16233	replicate-2
pb1	2035	15693	replicate-2
pb1	2036	15696	replicate-2
pb1	2037	15750	replicate-2
pb1	2038	15774	replicate-2
pb1	2039	16101	replicate-2
pb1	2040	16153	replicate-2
pb1	2041	16245	replicate-2
pb1	2042	16246	replicate-2
pb1	2043	16092	replicate-2
pb1	2044	16264	replicate-2
pb1	2045	16243	replicate-2
pb1	2046	17020	replicate-2
pb1	2047	17704	replicate-2
pb1	2048	17320	replicate-2
pb1	2049	17528	replicate-2
pb1	2050	17539	replicate-2
pb1	2051	17736	replicate-2
pb1	2052	17723	replicate-2
pb1	2053	17581	replicate-2
pb1	2054	17543	replicate-2
pb1	2055	16805	replicate-2
pb1	2056	16313	replicate-2
pb1	2057	16661	replicate-2
pb1	2058	16583	replicate-2
pb1	2059	16702	replicate-2
pb1	2060	16514	replicate-2
pb1	2061	16606	replicate-2
pb1	2062	16602	replicate-2
pb1	2063	16752	replicate-2
pb1	2064	16828	replicate-2
pb1	2065	16706	replicate-2
pb1	2066	16638	replicate-2
pb1	2067	16611	replicate-2
pb1	2068	16705	replicate-2
pb1	2069	16764	replicate-2
pb1	2070	16851	replicate-2
pb1	2071	16933	replicate-2
pb1	2072	16731	replicate-2
pb1	2073	16700	replicate-2
pb1	2074	16716	replicate-2
pb1	2075	16718	replicate-2
pb1	2076	16807	replicate-2
pb1	2077	16752	replicate-2
pb1	2078	16697	replicate-2
pb1	2079	16617	replicate-2
pb1	2080	16800	replicate-2
pb1	2081	16752	replicate-2
pb1	2082	16677	replicate-2
pb1	2083	16801	replicate-2
pb1	2084	16612	replicate-2
pb1	2085	16795	replicate-2
pb1	2086	16724	replicate-2
pb1	2087	16722	replicate-2
pb1	2088	16789	replicate-2
pb1	2089	16601	replicate-2
pb1	2090	16612	replicate-2
pb1	2091	16704	replicate-2
pb1	2092	16523	replicate-2
pb1	2093	16381	replicate-2
pb1	2094	16335	replicate-2
pb1	2095	16184	replicate-2
pb1	2096	16137	replicate-2
pb1	2097	16089	replicate-2
pb1	2098	15920	replicate-2
pb1	2099	15885	replicate-2
pb1	2100	15800	replicate-2
pb1	2101	15696	replicate-2
pb1	2102	15725	replicate-2
pb1	2103	15633	replicate-2
pb1	2104	15553	replicate-2
pb1	2105	15695	replicate-2
pb1	2106	15520	replicate-2
pb1	2107	15741	replicate-2
pb1	2108	15618	replicate-2
pb1	2109	15651	replicate-2
pb1	2110	15660	replicate-2
pb1	2111	15662	replicate-2
pb1	2112	15721	replicate-2
pb1	2113	15695	replicate-2
pb1	2114	15481	replicate-2
pb1	2115	15463	replicate-2
pb1	2116	15123	replicate-2
pb1	2117	15073	replicate-2
pb1	2118	14978	replicate-2
pb1	2119	15060	replicate-2
pb1	2120	15112	replicate-2
pb1	2121	15209	replicate-2
pb1	2122	15121	replicate-2
pb1	2123	15171	replicate-2
pb1	2124	15251	replicate-2
pb1	2125	15222	replicate-2
pb1	2126	15236	replicate-2
pb1	2127	15216	replicate-2
pb1	2128	14980	replicate-2
pb1	2129	15086	replicate-2
pb1	2130	15192	replicate-2
pb1	2131	15648	replicate-2
pb1	2132	15750	replicate-2
pb1	2133	15490	replicate-2
pb1	2134	16044	replicate-2
pb1	2135	15984	replicate-2
pb1	2136	16028	replicate-2
pb1	2137	16023	replicate-2
pb1	2138	15631	replicate-2
pb1	2139	15755	replicate-2
pb1	2140	14290	replicate-2
pb1	2141	14221	replicate-2
pb1	2142	14193	replicate-2
pb1	2143	13244	replicate-2
pb1	2144	13248	replicate-2
pb1	2145	12784	replicate-2
pb1	2146	12829	replicate-2
pb1	2147	12808	replicate-2
pb1	2148	12521	replicate-2
pb1	2149	12565	replicate-2
pb1	2150	12465	replicate-2
pb1	2151	12523	replicate-2
pb1	2152	12597	replicate-2
pb1	2153	12619	replicate-2
pb1	2154	12653	replicate-2
pb1	2155	12633	replicate-2
pb1	2156	12494	replicate-2
pb1	2157	12577	replicate-2
pb1	2158	12609	replicate-2
pb1	2159	12569	replicate-2
pb1	2160	12558	replicate-2
pb1	2161	12475	replicate-2
pb1	2162	12591	replicate-2
pb1	2163	12594	replicate-2
pb1	2164	12612	replicate-2
pb1	2165	12667	replicate-2
pb1	2166	12618	replicate-2
pb1	2167	12869	replicate-2
pb1	2168	12822	replicate-2
pb1	2169	12851	replicate-2
pb1	2170	12870	replicate-2
pb1	2171	12717	replicate-2
pb1	2172	12766	replicate-2
pb1	2173	12736	replicate-2
pb1	2174	12733	replicate-2
pb1	2175	12608	replicate-2
pb1	2176	12148	replicate-2
pb1	2177	12094	replicate-2
pb1	2178	12261	replicate-2
pb1	2179	12430	replicate-2
pb1	2180	12135	replicate-2
pb1	2181	12541	replicate-2
pb1	2182	12387	replicate-2
pb1	2183	12365	replicate-2
pb1	2184	12382	replicate-2
pb1	2185	12243	replicate-2
pb1	2186	12248	replicate-2
pb1	2187	12026	replicate-2
pb1	2188	11928	replicate-2
pb1	2189	11780	replicate-2
pb1	2190	11820	replicate-2
pb1	2191	11654	replicate-2
pb1	2192	11734	replicate-2
pb1	2193	11862	replicate-2
pb1	2194	11871	replicate-2
pb1	2195	11894	replicate-2
pb1	2196	11669	replicate-2
pb1	2197	11558	replicate-2
pb1	2198	11552	replicate-2
pb1	2199	11590	replicate-2
pb1	2200	11600	replicate-2
pb1	2201	11447	replicate-2
pb1	2202	11350	replicate-2
pb1	2203	11416	replicate-2
pb1	2204	11408	replicate-2
pb1	2205	11616	replicate-2
pb1	2206	11570	replicate-2
pb1	2207	11497	replicate-2
pb1	2208	11461	replicate-2
pb1	2209	11629	replicate-2
pb1	2210	11594	replicate-2
pb1	2211	11602	replicate-2
pb1	2212	11468	replicate-2
pb1	2213	11509	replicate-2
pb1	2214	11227	replicate-2
pb1	2215	11236	replicate-2
pb1	2216	11317	replicate-2
pb1	2217	11311	replicate-2
pb1	2218	10980	replicate-2
pb1	2219	10923	replicate-2
pb1	2220	10897	replicate-2
pb1	2221	10933	replicate-2
pb1	2222	10958	replicate-2
pb1	2223	10962	replicate-2
pb1	2224	10940	replicate-2
pb1	2225	10702	replicate-2
pb1	2226	10769	replicate-2
pb1	2227	10788	replicate-2
pb1	2228	10744	replicate-2
pb1	2229	10781	replicate-2
pb1	2230	10732	replicate-2
pb1	2231	10790	replicate-2
pb1	2232	10788	replicate-2
pb1	2233	10807	replicate-2
pb1	2234	10717	replicate-2
pb1	2235	10391	replicate-2
pb1	2236	10332	replicate-2
pb1	2237	10342	replicate-2
pb1	2238	10311	replicate-2
pb1	2239	10422	replicate-2
pb1	2240	10192	replicate-2
pb1	2241	10203	replicate-2
pb1	2242	10023	replicate-2
pb1	2243	10088	replicate-2
pb1	2244	10145	replicate-2
pb1	2245	10159	replicate-2
pb1	2246	10139	replicate-2
pb1	2247	10116	replicate-2
pb1	2248	10129	replicate-2
pb1	2249	9791	replicate-2
pb1	2250	9871	replicate-2
pb1	2251	9862	replicate-2
pb1	2252	9844	replicate-2
pb1	2253	9867	replicate-2
pb1	2254	9894	replicate-2
pb1	2255	9892	replicate-2
pb1	2256	9875	replicate-2
pb1	2257	9829	replicate-2
pb1	2258	9754	replicate-2
pb1	2259	9455	replicate-2
pb1	2260	9212	replicate-2
pb1	2261	9182	replicate-2
pb1	2262	9155	replicate-2
pb1	2263	8797	replicate-2
pb1	2264	8877	replicate-2
pb1	2265	8871	replicate-2
pb1	2266	8878	replicate-2
pb1	2267	8876	replicate-2
pb1	2268	8614	replicate-2
pb1	2269	8556	replicate-2
pb1	2270	8705	replicate-2
pb1	2271	8455	replicate-2
pb1	2272	8380	replicate-2
pb1	2273	8150	replicate-2
pb1	2274	8053	replicate-2
pb1	2275	8077	replicate-2
pb1	2276	8030	replicate-2
pb1	2277	7973	replicate-2
pb1	2278	7966	replicate-2
pb1	2279	6928	replicate-2
pb1	2280	6929	replicate-2
pb1	2281	6701	replicate-2
pb1	2282	6657	replicate-2
pb1	2283	6671	replicate-2
pb1	2284	6520	replicate-2
pb1	2285	6476	replicate-2
pb1	2286	6444	replicate-2
pb1	2287	6392	replicate-2
pb1	2288	6312	replicate-2
pb1	2289	6121	replicate-2
pb1	2290	6119	replicate-2
pb1	2291	6101	replicate-2
pb1	2292	6091	replicate-2
pb1	2293	6076	replicate-2
pb1	2294	6045	replicate-2
pb1	2295	6012	replicate-2
pb1	2296	5960	replicate-2
pb1	2297	5666	replicate-2
pb1	2298	5652	replicate-2
pb1	2299	5305	replicate-2
pb1	2300	5295	replicate-2
pb1	2301	5230	replicate-2
pb1	2302	5184	replicate-2
pb1	2303	5174	replicate-2
pb1	2304	5037	replicate-2
pb1	2305	5025	replicate-2
pb1	2306	4952	replicate-2
pb1	2307	4946	replicate-2
pb1	2308	4905	replicate-2
pb1	2309	4329	replicate-2
pb1	2310	4126	replicate-2
pb1	2311	4092	replicate-2
pb1	2312	4081	replicate-2
pb1	2313	4065	replicate-2
pb1	2314	4033	replicate-2
pb1	2315	3710	replicate-2
pb1	2316	3701	replicate-2
pb1	2317	3658	replicate-2
pb1	2318	3650	replicate-2
pb1	2319	3641	replicate-2
pb1	2320	3482	replicate-2
pb1	2321	3423	replicate-2
pb1	2322	3383	replicate-2
pb1	2323	3346	replicate-2
pb1	2324	3329	replicate-2
pb1	2325	3286	replicate-2
pb1	2326	3261	replicate-2
pb1	2327	3212	replicate-2
pb1	2328	3199	replicate-2
pb1	2329	3162	replicate-2
pb1	2330	3000	replicate-2
pb1	2331	2960	replicate-2
pb1	2332	2927	replicate-2
pb1	2333	2923	replicate-2
pb1	2334	2874	replicate-2
pb1	2335	2856	replicate-2
pb1	2336	2833	replicate-2
pb1	2337	2514	replicate-2
pb1	2338	2433	replicate-2
pb1	2339	2409	replicate-2
pb1	2340	2400	replicate-2
pb1	2341	1033	replicate-2
ns	1	1090	replicate-1
ns	2	1406	replicate-1
ns	3	1417	replicate-1
ns	4	1421	replicate-1
ns	5	1656	replicate-1
ns	6	1699	replicate-1
ns	7	1708	replicate-1
ns	8	1720	replicate-1
ns	9	1745	replicate-1
ns	10	1746	replicate-1
ns	11	1818	replicate-1
ns	12	1829	replicate-1
ns	13	1850	replicate-1
ns	14	1851	replicate-1
ns	15	2020	replicate-1
ns	16	2041	replicate-1
ns	17	2153	replicate-1
ns	18	2153	replicate-1
ns	19	2164	replicate-1
ns	20	2270	replicate-1
ns	21	2357	replicate-1
ns	22	2889	replicate-1
ns	23	3036	replicate-1
ns	24	3046	replicate-1
ns	25	3072	replicate-1
ns	26	3090	replicate-1
ns	27	3167	replicate-1
ns	28	3171	replicate-1
ns	29	3405	replicate-1
ns	30	3617	replicate-1
ns	31	3947	replicate-1
ns	32	7059	replicate-1
ns	33	7094	replicate-1
ns	34	7329	replicate-1
ns	35	7342	replicate-1
ns	36	7358	replicate-1
ns	37	7504	replicate-1
ns	38	7523	replicate-1
ns	39	7550	replicate-1
ns	40	7576	replicate-1
ns	41	7586	replicate-1
ns	42	8407	replicate-1
ns	43	8416	replicate-1
ns	44	8520	replicate-1
ns	45	8522	replicate-1
ns	46	8541	replicate-1
ns	47	8548	replicate-1
ns	48	8564	replicate-1
ns	49	8716	replicate-1
ns	50	8921	replicate-1
ns	51	8908	replicate-1
ns	52	9012	replicate-1
ns	53	9018	replicate-1
ns	54	9320	replicate-1
ns	55	9331	replicate-1
ns	56	9390	replicate-1
ns	57	9414	replicate-1
ns	58	9414	replicate-1
ns	59	9432	replicate-1
ns	60	9499	replicate-1
ns	61	9496	replicate-1
ns	62	9569	replicate-1
ns	63	9548	replicate-1
ns	64	9752	replicate-1
ns	65	9716	replicate-1
ns	66	9701	replicate-1
ns	67	9791	replicate-1
ns	68	9937	replicate-1
ns	69	10038	replicate-1
ns	70	10032	replicate-1
ns	71	10055	replicate-1
ns	72	10082	replicate-1
ns	73	10120	replicate-1
ns	74	10132	replicate-1
ns	75	10123	replicate-1
ns	76	10116	replicate-1
ns	77	10098	replicate-1
ns	78	10227	replicate-1
ns	79	10229	replicate-1
ns	80	10272	replicate-1
ns	81	10261	replicate-1
ns	82	10230	replicate-1
ns	83	10219	replicate-1
ns	84	10182	replicate-1
ns	85	10132	replicate-1
ns	86	10073	replicate-1
ns	87	10156	replicate-1
ns	88	10127	replicate-1
ns	89	10107	replicate-1
ns	90	10031	replicate-1
ns	91	10046	replicate-1
ns	92	10008	replicate-1
ns	93	9953	replicate-1
ns	94	9880	replicate-1
ns	95	9799	replicate-1
ns	96	9849	replicate-1
ns	97	9942	replicate-1
ns	98	10072	replicate-1
ns	99	9986	replicate-1
ns	100	9884	replicate-1
ns	101	9805	replicate-1
ns	102	10126	replicate-1
ns	103	9971	replicate-1
ns	104	9871	replicate-1
ns	105	9845	replicate-1
ns	106	9662	replicate-1
ns	107	9714	replicate-1
ns	108	9694	replicate-1
ns	109	9792	replicate-1
ns	110	9721	replicate-1
ns	111	9706	replicate-1
ns	112	9617	replicate-1
ns	113	9583	replicate-1
ns	114	9661	replicate-1
ns	115	9707	replicate-1
ns	116	9615	replicate-1
ns	117	9538	replicate-1
ns	118	9437	replicate-1
ns	119	9277	replicate-1
ns	120	9468	replicate-1
ns	121	9597	replicate-1
ns	122	9621	replicate-1
ns	123	9524	replicate-1
ns	124	9409	replicate-1
ns	125	9335	replicate-1
ns	126	9229	replicate-1
ns	127	8988	replicate-1
ns	128	8912	replicate-1
ns	129	8441	replicate-1
ns	130	8371	replicate-1
ns	131	8361	replicate-1
ns	132	8308	replicate-1
ns	133	8242	replicate-1
ns	134	8249	replicate-1
ns	135	8279	replicate-1
ns	136	8303	replicate-1
ns	137	8296	replicate-1
ns	138	8263	replicate-1
ns	139	8147	replicate-1
ns	140	8134	replicate-1
ns	141	8289	replicate-1
ns	142	8229	replicate-1
ns	143	8228	replicate-1
ns	144	8250	replicate-1
ns	145	8160	replicate-1
ns	146	8156	replicate-1
ns	147	8101	replicate-1
ns	148	8024	replicate-1
ns	149	7947	replicate-1
ns	150	7912	replicate-1
ns	151	7987	replicate-1
ns	152	7950	replicate-1
ns	153	7899	replicate-1
ns	154	7853	replicate-1
ns	155	7863	replicate-1
ns	156	7781	replicate-1
ns	157	7951	replicate-1
ns	158	7868	replicate-1
ns	159	7866	replicate-1
ns	160	7853	replicate-1
ns	161	7748	replicate-1
ns	162	7671	replicate-1
ns	163	7672	replicate-1
ns	164	7643	replicate-1
ns	165	7663	replicate-1
ns	166	7630	replicate-1
ns	167	7609	replicate-1
ns	168	7479	replicate-1
ns	169	7548	replicate-1
ns	170	7529	replicate-1
ns	171	7396	replicate-1
ns	172	7924	replicate-1
ns	173	7773	replicate-1
ns	174	7833	replicate-1
ns	175	7717	replicate-1
ns	176	7749	replicate-1
ns	177	7960	replicate-1
ns	178	7987	replicate-1
ns	179	7936	replicate-1
ns	180	7889	replicate-1
ns	181	7650	replicate-1
ns	182	7779	replicate-1
ns	183	7807	replicate-1
ns	184	7767	replicate-1
ns	185	7880	replicate-1
ns	186	7775	replicate-1
ns	187	7798	replicate-1
ns	188	7824	replicate-1
ns	189	7821	replicate-1
ns	190	7833	replicate-1
ns	191	7725	replicate-1
ns	192	7712	replicate-1
ns	193	7759	replicate-1
ns	194	7577	replicate-1
ns	195	7590	replicate-1
ns	196	7564	replicate-1
ns	197	7562	replicate-1
ns	198	7544	replicate-1
ns	199	7593	replicate-1
ns	200	7616	replicate-1
ns	201	7616	replicate-1
ns	202	7695	replicate-1
ns	203	7693	replicate-1
ns	204	7807	replicate-1
ns	205	7878	replicate-1
ns	206	7915	replicate-1
ns	207	8043	replicate-1
ns	208	8040	replicate-1
ns	209	8064	replicate-1
ns	210	8059	replicate-1
ns	211	7983	replicate-1
ns	212	8150	replicate-1
ns	213	8174	replicate-1
ns	214	8187	replicate-1
ns	215	8272	replicate-1
ns	216	8181	replicate-1
ns	217	8229	replicate-1
ns	218	8192	replicate-1
ns	219	8374	replicate-1
ns	220	8361	replicate-1
ns	221	8271	replicate-1
ns	222	8372	replicate-1
ns	223	8173	replicate-1
ns	224	8217	replicate-1
ns	225	8210	replicate-1
ns	226	8223	replicate-1
ns	227	8350	replicate-1
ns	228	8262	replicate-1
ns	229	8296	replicate-1
ns	230	8387	replicate-1
ns	231	8512	replicate-1
ns	232	8515	replicate-1
ns	233	8624	replicate-1
ns	234	8635	replicate-1
ns	235	8586	replicate-1
ns	236	8416	replicate-1
ns	237	8495	replicate-1
ns	238	8496	replicate-1
ns	239	8481	replicate-1
ns	240	8643	replicate-1
ns	241	8605	replicate-1
ns	242	8722	replicate-1
ns	243	8719	replicate-1
ns	244	8816	replicate-1
ns	245	8804	replicate-1
ns	246	8855	replicate-1
ns	247	8861	replicate-1
ns	248	8881	replicate-1
ns	249	8707	replicate-1
ns	250	8728	replicate-1
ns	251	8689	replicate-1
ns	252	8721	replicate-1
ns	253	8648	replicate-1
ns	254	8651	replicate-1
ns	255	8983	replicate-1
ns	256	8998	replicate-1
ns	257	9118	replicate-1
ns	258	9169	replicate-1
ns	259	9196	replicate-1
ns	260	9210	replicate-1
ns	261	9202	replicate-1
ns	262	9227	replicate-1
ns	263	9272	replicate-1
ns	264	9056	replicate-1
ns	265	9385	replicate-1
ns	266	9296	replicate-1
ns	267	9350	replicate-1
ns	268	9374	replicate-1
ns	269	9465	replicate-1
ns	270	9564	replicate-1
ns	271	9574	replicate-1
ns	272	9601	replicate-1
ns	273	9530	replicate-1
ns	274	9454	replicate-1
ns	275	9346	replicate-1
ns	276	9452	replicate-1
ns	277	9495	replicate-1
ns	278	9548	replicate-1
ns	279	9591	replicate-1
ns	280	9599	replicate-1
ns	281	9561	replicate-1
ns	282	9710	replicate-1
ns	283	9742	replicate-1
ns	284	9720	replicate-1
ns	285	9719	replicate-1
ns	286	9764	replicate-1
ns	287	9723	replicate-1
ns	288	9775	replicate-1
ns	289	9811	replicate-1
ns	290	10018	replicate-1
ns	291	9835	replicate-1
ns	292	10497	replicate-1
ns	293	10645	replicate-1
ns	294	10698	replicate-1
ns	295	10712	replicate-1
ns	296	10847	replicate-1
ns	297	10906	replicate-1
ns	298	10957	replicate-1
ns	299	10711	replicate-1
ns	300	10841	replicate-1
ns	301	10436	replicate-1
ns	302	10511	replicate-1
ns	303	10507	replicate-1
ns	304	10485	replicate-1
ns	305	10479	replicate-1
ns	306	10490	replicate-1
ns	307	10883	replicate-1
ns	308	10857	replicate-1
ns	309	11016	replicate-1
ns	310	10970	replicate-1
ns	311	10989	replicate-1
ns	312	11054	replicate-1
ns	313	11058	replicate-1
ns	314	11112	replicate-1
ns	315	11112	replicate-1
ns	316	10518	replicate-1
ns	317	10723	replicate-1
ns	318	10448	replicate-1
ns	319	10621	replicate-1
ns	320	11057	replicate-1
ns	321	11085	replicate-1
ns	322	11167	replicate-1
ns	323	11152	replicate-1
ns	324	11174	replicate-1
ns	325	11234	replicate-1
ns	326	11226	replicate-1
ns	327	11244	replicate-1
ns	328	11009	replicate-1
ns	329	10987	replicate-1
ns	330	10599	replicate-1
ns	331	11119	replicate-1
ns	332	11466	replicate-1
ns	333	11492	replicate-1
ns	334	11614	replicate-1
ns	335	11617	replicate-1
ns	336	11585	replicate-1
ns	337	11628	replicate-1
ns	338	11708	replicate-1
ns	339	11769	replicate-1
ns	340	11306	replicate-1
ns	341	11021	replicate-1
ns	342	10909	replicate-1
ns	343	11038	replicate-1
ns	344	11115	replicate-1
ns	345	11185	replicate-1
ns	346	11155	replicate-1
ns	347	11082	replicate-1
ns	348	10986	replicate-1
ns	349	11006	replicate-1
ns	350	10979	replicate-1
ns	351	10966	replicate-1
ns	352	10738	replicate-1
ns	353	10796	replicate-1
ns	354	10654	replicate-1
ns	355	10654	replicate-1
ns	356	10632	replicate-1
ns	357	10661	replicate-1
ns	358	10600	replicate-1
ns	359	10595	replicate-1
ns	360	10660	replicate-1
ns	361	10648	replicate-1
ns	362	10555	replicate-1
ns	363	10592	replicate-1
ns	364	10697	replicate-1
ns	365	10655	replicate-1
ns	366	10604	replicate-1
ns	367	10673	replicate-1
ns	368	10675	replicate-1
ns	369	10701	replicate-1
ns	370	10634	replicate-1
ns	371	10694	replicate-1
ns	372	10648	replicate-1
ns	373	10635	replicate-1
ns	374	10738	replicate-1
ns	375	10702	replicate-1
ns	376	10668	replicate-1
ns	377	10640	replicate-1
ns	378	10747	replicate-1
ns	379	11150	replicate-1
ns	380	11060	replicate-1
ns	381	11020	replicate-1
ns	382	10899	replicate-1
ns	383	10759	replicate-1
ns	384	10865	replicate-1
ns	385	10776	replicate-1
ns	386	10786	replicate-1
ns	387	10369	replicate-1
ns	388	10003	replicate-1
ns	389	10674	replicate-1
ns	390	10710	replicate-1
ns	391	10762	replicate-1
ns	392	10437	replicate-1
ns	393	10249	replicate-1
ns	394	10153	replicate-1
ns	395	9894	replicate-1
ns	396	9855	replicate-1
ns	397	9457	replicate-1
ns	398	8875	replicate-1
ns	399	8856	replicate-1
ns	400	8703	replicate-1
ns	401	8720	replicate-1
ns	402	8406	replicate-1
ns	403	8401	replicate-1
ns	404	8509	replicate-1
ns	405	8464	replicate-1
ns	406	8669	replicate-1
ns	407	8409	replicate-1
ns	408	8794	replicate-1
ns	409	8812	replicate-1
ns	410	8853	replicate-1
ns	411	8889	replicate-1
ns	412	8877	replicate-1
ns	413	8968	replicate-1
ns	414	8976	replicate-1
ns	415	8856	replicate-1
ns	416	8931	replicate-1
ns	417	8703	replicate-1
ns	418	8741	replicate-1
ns	419	8718	replicate-1
ns	420	8928	replicate-1
ns	421	8907	replicate-1
ns	422	8842	replicate-1
ns	423	8819	replicate-1
ns	424	8876	replicate-1
ns	425	9172	replicate-1
ns	426	9139	replicate-1
ns	427	9171	replicate-1
ns	428	9225	replicate-1
ns	429	9125	replicate-1
ns	430	9257	replicate-1
ns	431	9242	replicate-1
ns	432	9289	replicate-1
ns	433	9256	replicate-1
ns	434	9353	replicate-1
ns	435	9531	replicate-1
ns	436	9625	replicate-1
ns	437	9690	replicate-1
ns	438	9760	replicate-1
ns	439	9815	replicate-1
ns	440	9766	replicate-1
ns	441	9805	replicate-1
ns	442	9767	replicate-1
ns	443	9780	replicate-1
ns	444	9573	replicate-1
ns	445	9537	replicate-1
ns	446	9717	replicate-1
ns	447	9756	replicate-1
ns	448	9762	replicate-1
ns	449	9870	replicate-1
ns	450	9917	replicate-1
ns	451	9889	replicate-1
ns	452	9630	replicate-1
ns	453	9522	replicate-1
ns	454	11273	replicate-1
ns	455	11174	replicate-1
ns	456	11045	replicate-1
ns	457	10999	replicate-1
ns	458	11050	replicate-1
ns	459	11524	replicate-1
ns	460	11521	replicate-1
ns	461	11836	replicate-1
ns	462	11887	replicate-1
ns	463	11026	replicate-1
ns	464	12042	replicate-1
ns	465	12033	replicate-1
ns	466	12061	replicate-1
ns	467	12107	replicate-1
ns	468	11814	replicate-1
ns	469	11880	replicate-1
ns	470	11856	replicate-1
ns	471	11894	replicate-1
ns	472	11882	replicate-1
ns	473	11659	replicate-1
ns	474	11745	replicate-1
ns	475	11877	replicate-1
ns	476	11944	replicate-1
ns	477	11954	replicate-1
ns	478	12010	replicate-1
ns	479	11919	replicate-1
ns	480	12200	replicate-1
ns	481	12118	replicate-1
ns	482	12143	replicate-1
ns	483	12194	replicate-1
ns	484	12137	replicate-1
ns	485	12105	replicate-1
ns	486	12126	replicate-1
ns	487	12302	replicate-1
ns	488	12232	replicate-1
ns	489	12151	replicate-1
ns	490	12150	replicate-1
ns	491	12078	replicate-1
ns	492	12103	replicate-1
ns	493	12142	replicate-1
ns	494	12217	replicate-1
ns	495	12269	replicate-1
ns	496	12165	replicate-1
ns	497	12204	replicate-1
ns	498	12340	replicate-1
ns	499	12379	replicate-1
ns	500	12299	replicate-1
ns	501	12269	replicate-1
ns	502	12204	replicate-1
ns	503	12262	replicate-1
ns	504	12171	replicate-1
ns	505	12162	replicate-1
ns	506	12144	replicate-1
ns	507	12014	replicate-1
ns	508	12081	replicate-1
ns	509	11916	replicate-1
ns	510	12164	replicate-1
ns	511	12073	replicate-1
ns	512	12026	replicate-1
ns	513	11953	replicate-1
ns	514	11969	replicate-1
ns	515	12049	replicate-1
ns	516	12101	replicate-1
ns	517	11973	replicate-1
ns	518	11857	replicate-1
ns	519	11771	replicate-1
ns	520	11932	replicate-1
ns	521	11843	replicate-1
ns	522	12557	replicate-1
ns	523	12725	replicate-1
ns	524	12773	replicate-1
ns	525	13018	replicate-1
ns	526	12991	replicate-1
ns	527	12945	replicate-1
ns	528	13222	replicate-1
ns	529	13233	replicate-1
ns	530	13392	replicate-1
ns	531	13190	replicate-1
ns	532	13815	replicate-1
ns	533	14108	replicate-1
ns	534	14253	replicate-1
ns	535	15208	replicate-1
ns	536	15062	replicate-1
ns	537	14825	replicate-1
ns	538	14764	replicate-1
ns	539	14549	replicate-1
ns	540	14513	replicate-1
ns	541	13884	replicate-1
ns	542	13776	replicate-1
ns	543	13749	replicate-1
ns	544	13088	replicate-1
ns	545	13128	replicate-1
ns	546	13212	replicate-1
ns	547	13241	replicate-1
ns	548	13407	replicate-1
ns	549	13418	replicate-1
ns	550	13410	replicate-1
ns	551	13570	replicate-1
ns	552	13516	replicate-1
ns	553	13543	replicate-1
ns	554	13484	replicate-1
ns	555	13479	replicate-1
ns	556	13621	replicate-1
ns	557	13482	replicate-1
ns	558	13468	replicate-1
ns	559	13506	replicate-1
ns	560	13535	replicate-1
ns	561	13519	replicate-1
ns	562	13419	replicate-1
ns	563	13431	replicate-1
ns	564	13548	replicate-1
ns	565	13417	replicate-1
ns	566	13621	replicate-1
ns	567	13572	replicate-1
ns	568	13569	replicate-1
ns	569	13779	replicate-1
ns	570	13725	replicate-1
ns	571	13790	replicate-1
ns	572	13781	replicate-1
ns	573	13707	replicate-1
ns	574	13729	replicate-1
ns	575	13597	replicate-1
ns	576	13617	replicate-1
ns	577	13764	replicate-1
ns	578	13649	replicate-1
ns	579	14119	replicate-1
ns	580	14104	replicate-1
ns	581	14214	replicate-1
ns	582	14461	replicate-1
ns	583	14484	replicate-1
ns	584	14383	replicate-1
ns	585	14345	replicate-1
ns	586	14174	replicate-1
ns	587	14442	replicate-1
ns	588	14132	replicate-1
ns	589	14221	replicate-1
ns	590	15218	replicate-1
ns	591	15326	replicate-1
ns	592	15273	replicate-1
ns	593	15244	replicate-1
ns	594	15202	replicate-1
ns	595	15282	replicate-1
ns	596	15130	replicate-1
ns	597	14733	replicate-1
ns	598	14819	replicate-1
ns	599	13718	replicate-1
ns	600	14233	replicate-1
ns	601	14153	replicate-1
ns	602	14179	replicate-1
ns	603	14196	replicate-1
ns	604	14035	replicate-1
ns	605	13977	replicate-1
ns	606	13991	replicate-1
ns	607	13864	replicate-1
ns	608	14047	replicate-1
ns	609	13557	replicate-1
ns	610	13643	replicate-1
ns	611	13621	replicate-1
ns	612	13591	replicate-1
ns	613	13552	replicate-1
ns	614	13461	replicate-1
ns	615	13546	replicate-1
ns	616	13595	replicate-1
ns	617	13363	replicate-1
ns	618	13783	replicate-1
ns	619	13650	replicate-1
ns	620	13837	replicate-1
ns	621	13843	replicate-1
ns	622	13759	replicate-1
ns	623	13764	replicate-1
ns	624	13428	replicate-1
ns	625	13423	replicate-1
ns	626	13393	replicate-1
ns	627	12873	replicate-1
ns	628	12908	replicate-1
ns	629	12962	replicate-1
ns	630	13037	replicate-1
ns	631	13077	replicate-1
ns	632	13035	replicate-1
ns	633	13032	replicate-1
ns	634	12993	replicate-1
ns	635	13054	replicate-1
ns	636	12993	replicate-1
ns	637	12957	replicate-1
ns	638	12776	replicate-1
ns	639	12667	replicate-1
ns	640	12810	replicate-1
ns	641	12854	replicate-1
ns	642	12733	replicate-1
ns	643	13153	replicate-1
ns	644	13046	replicate-1
ns	645	13001	replicate-1
ns	646	12976	replicate-1
ns	647	12914	replicate-1
ns	648	12978	replicate-1
ns	649	12519	replicate-1
ns	650	12619	replicate-1
ns	651	12632	replicate-1
ns	652	12066	replicate-1
ns	653	12106	replicate-1
ns	654	12031	replicate-1
ns	655	12106	replicate-1
ns	656	12112	replicate-1
ns	657	11924	replicate-1
ns	658	11942	replicate-1
ns	659	11451	replicate-1
ns	660	11599	replicate-1
ns	661	11596	replicate-1
ns	662	11544	replicate-1
ns	663	11604	replicate-1
ns	664	11516	replicate-1
ns	665	11416	replicate-1
ns	666	11493	replicate-1
ns	667	11350	replicate-1
ns	668	11599	replicate-1
ns	669	11223	replicate-1
ns	670	11530	replicate-1
ns	671	11559	replicate-1
ns	672	11662	replicate-1
ns	673	11664	replicate-1
ns	674	11652	replicate-1
ns	675	11695	replicate-1
ns	676	11634	replicate-1
ns	677	11596	replicate-1
ns	678	11505	replicate-1
ns	679	10950	replicate-1
ns	680	10950	replicate-1
ns	681	10902	replicate-1
ns	682	10882	replicate-1
ns	683	10806	replicate-1
ns	684	10831	replicate-1
ns	685	10861	replicate-1
ns	686	10817	replicate-1
ns	687	10839	replicate-1
ns	688	10908	replicate-1
ns	689	10938	replicate-1
ns	690	10906	replicate-1
ns	691	10943	replicate-1
ns	692	10991	replicate-1
ns	693	11112	replicate-1
ns	694	11073	replicate-1
ns	695	11144	replicate-1
ns	696	11144	replicate-1
ns	697	11296	replicate-1
ns	698	11400	replicate-1
ns	699	11400	replicate-1
ns	700	11530	replicate-1
ns	701	11492	replicate-1
ns	702	11389	replicate-1
ns	703	11363	replicate-1
ns	704	11431	replicate-1
ns	705	11570	replicate-1
ns	706	11360	replicate-1
ns	707	11423	replicate-1
ns	708	11401	replicate-1
ns	709	11408	replicate-1
ns	710	11426	replicate-1
ns	711	11483	replicate-1
ns	712	11509	replicate-1
ns	713	11550	replicate-1
ns	714	11647	replicate-1
ns	715	11437	replicate-1
ns	716	11607	replicate-1
ns	717	11781	replicate-1
ns	718	11945	replicate-1
ns	719	11951	replicate-1
ns	720	11894	replicate-1
ns	721	11992	replicate-1
ns	722	11939	replicate-1
ns	723	11755	replicate-1
ns	724	11718	replicate-1
ns	725	11843	replicate-1
ns	726	11862	replicate-1
ns	727	11873	replicate-1
ns	728	11965	replicate-1
ns	729	11986	replicate-1
ns	730	11676	replicate-1
ns	731	11566	replicate-1
ns	732	11696	replicate-1
ns	733	11734	replicate-1
ns	734	11586	replicate-1
ns	735	11891	replicate-1
ns	736	11920	replicate-1
ns	737	12033	replicate-1
ns	738	12141	replicate-1
ns	739	12285	replicate-1
ns	740	12317	replicate-1
ns	741	12286	replicate-1
ns	742	12367	replicate-1
ns	743	12374	replicate-1
ns	744	11846	replicate-1
ns	745	12002	replicate-1
ns	746	11880	replicate-1
ns	747	12091	replicate-1
ns	748	12100	replicate-1
ns	749	12185	replicate-1
ns	750	12280	replicate-1
ns	751	12324	replicate-1
ns	752	12346	replicate-1
ns	753	12379	replicate-1
ns	754	11925	replicate-1
ns	755	12187	replicate-1
ns	756	12198	replicate-1
ns	757	12243	replicate-1
ns	758	12326	replicate-1
ns	759	12373	replicate-1
ns	760	12371	replicate-1
ns	761	12440	replicate-1
ns	762	12507	replicate-1
ns	763	12322	replicate-1
ns	764	11694	replicate-1
ns	765	11665	replicate-1
ns	766	11811	replicate-1
ns	767	11830	replicate-1
ns	768	11587	replicate-1
ns	769	11618	replicate-1
ns	770	11144	replicate-1
ns	771	11207	replicate-1
ns	772	11168	replicate-1
ns	773	11004	replicate-1
ns	774	11041	replicate-1
ns	775	10729	replicate-1
ns	776	10823	replicate-1
ns	777	10827	replicate-1
ns	778	10904	replicate-1
ns	779	11045	replicate-1
ns	780	10800	replicate-1
ns	781	10867	replicate-1
ns	782	10886	replicate-1
ns	783	10876	replicate-1
ns	784	10885	replicate-1
ns	785	10351	replicate-1
ns	786	10417	replicate-1
ns	787	10398	replicate-1
ns	788	10398	replicate-1
ns	789	10406	replicate-1
ns	790	10408	replicate-1
ns	791	10475	replicate-1
ns	792	10467	replicate-1
ns	793	10437	replicate-1
ns	794	10529	replicate-1
ns	795	10355	replicate-1
ns	796	10376	replicate-1
ns	797	10396	replicate-1
ns	798	10484	replicate-1
ns	799	10428	replicate-1
ns	800	10071	replicate-1
ns	801	10066	replicate-1
ns	802	10096	replicate-1
ns	803	10239	replicate-1
ns	804	10215	replicate-1
ns	805	10148	replicate-1
ns	806	10183	replicate-1
ns	807	10219	replicate-1
ns	808	10262	replicate-1
ns	809	10262	replicate-1
ns	810	10229	replicate-1
ns	811	10162	replicate-1
ns	812	8160	replicate-1
ns	813	8173	replicate-1
ns	814	8104	replicate-1
ns	815	8101	replicate-1
ns	816	8243	replicate-1
ns	817	7930	replicate-1
ns	818	7933	replicate-1
ns	819	7892	replicate-1
ns	820	7798	replicate-1
ns	821	7814	replicate-1
ns	822	7787	replicate-1
ns	823	7798	replicate-1
ns	824	7771	replicate-1
ns	825	7014	replicate-1
ns	826	7035	replicate-1
ns	827	7039	replicate-1
ns	828	7042	replicate-1
ns	829	6998	replicate-1
ns	830	6372	replicate-1
ns	831	6381	replicate-1
ns	832	6380	replicate-1
ns	833	6306	replicate-1
ns	834	6338	replicate-1
ns	835	5794	replicate-1
ns	836	5776	replicate-1
ns	837	5722	replicate-1
ns	838	5711	replicate-1
ns	839	5709	replicate-1
ns	840	5572	replicate-1
ns	841	5484	replicate-1
ns	842	5429	replicate-1
ns	843	4630	replicate-1
ns	844	4604	replicate-1
ns	845	4591	replicate-1
ns	846	4584	replicate-1
ns	847	4576	replicate-1
ns	848	4389	replicate-1
ns	849	4367	replicate-1
ns	850	4312	replicate-1
ns	851	4286	replicate-1
ns	852	4279	replicate-1
ns	853	4263	replicate-1
ns	854	4226	replicate-1
ns	855	4225	replicate-1
ns	856	4219	replicate-1
ns	857	4066	replicate-1
ns	858	4012	replicate-1
ns	859	3934	replicate-1
ns	860	3929	replicate-1
ns	861	3922	replicate-1
ns	862	3885	replicate-1
ns	863	3718	replicate-1
ns	864	3614	replicate-1
ns	865	3494	replicate-1
ns	866	3476	replicate-1
ns	867	3398	replicate-1
ns	868	3151	replicate-1
ns	869	3101	replicate-1
ns	870	3097	replicate-1
ns	871	3089	replicate-1
ns	872	3074	replicate-1
ns	873	3049	replicate-1
ns	874	3037	replicate-1
ns	875	3030	replicate-1
ns	876	2747	replicate-1
ns	877	2743	replicate-1
ns	878	2681	replicate-1
ns	879	2638	replicate-1
ns	880	2566	replicate-1
ns	881	2518	replicate-1
ns	882	2516	replicate-1
ns	883	2464	replicate-1
ns	884	2440	replicate-1
ns	885	2422	replicate-1
ns	886	1820	replicate-1
ns	887	1743	replicate-1
ns	888	1690	replicate-1
ns	889	1684	replicate-1
ns	890	346	replicate-1
na	5	1	replicate-1
na	6	3	replicate-1
na	7	3	replicate-1
na	8	3	replicate-1
na	9	3	replicate-1
na	10	3	replicate-1
na	11	3	replicate-1
na	12	3	replicate-1
na	13	3	replicate-1
na	14	5	replicate-1
na	15	5	replicate-1
na	16	5	replicate-1
na	17	5	replicate-1
na	18	5	replicate-1
na	19	5	replicate-1
na	20	5	replicate-1
na	21	5	replicate-1
na	22	5	replicate-1
na	23	5	replicate-1
na	24	5	replicate-1
na	25	5	replicate-1
na	26	5	replicate-1
na	27	5	replicate-1
na	28	5	replicate-1
na	29	5	replicate-1
na	30	5	replicate-1
na	31	5	replicate-1
na	32	5	replicate-1
na	33	5	replicate-1
na	34	5	replicate-1
na	35	5	replicate-1
na	36	5	replicate-1
na	37	5	replicate-1
na	38	5	replicate-1
na	39	5	replicate-1
na	40	5	replicate-1
na	41	5	replicate-1
na	42	5	replicate-1
na	43	5	replicate-1
na	44	5	replicate-1
na	45	5	replicate-1
na	46	5	replicate-1
na	47	5	replicate-1
na	48	5	replicate-1
na	49	5	replicate-1
na	50	5	replicate-1
na	51	5	replicate-1
na	52	5	replicate-1
na	53	5	replicate-1
na	54	6	replicate-1
na	55	6	replicate-1
na	56	6	replicate-1
na	57	6	replicate-1
na	58	6	replicate-1
na	59	6	replicate-1
na	60	6	replicate-1
na	61	6	replicate-1
na	62	6	replicate-1
na	63	6	replicate-1
na	64	6	replicate-1
na	65	6	replicate-1
na	66	6	replicate-1
na	67	6	replicate-1
na	68	6	replicate-1
na	69	6	replicate-1
na	70	5	replicate-1
na	71	5	replicate-1
na	72	4	replicate-1
na	73	4	replicate-1
na	74	4	replicate-1
na	75	4	replicate-1
na	76	4	replicate-1
na	77	4	replicate-1
na	78	3	replicate-1
na	79	3	replicate-1
na	80	3	replicate-1
na	81	3	replicate-1
na	82	3	replicate-1
na	83	3	replicate-1
na	84	3	replicate-1
na	85	3	replicate-1
na	86	3	replicate-1
na	87	3	replicate-1
na	88	3	replicate-1
na	89	3	replicate-1
na	90	3	replicate-1
na	91	3	replicate-1
na	92	3	replicate-1
na	93	3	replicate-1
na	94	3	replicate-1
na	95	3	replicate-1
na	96	3	replicate-1
na	97	3	replicate-1
na	98	4	replicate-1
na	99	4	replicate-1
na	100	3	replicate-1
na	101	3	replicate-1
na	102	3	replicate-1
na	103	3	replicate-1
na	104	3	replicate-1
na	105	3	replicate-1
na	106	3	replicate-1
na	107	3	replicate-1
na	108	3	replicate-1
na	109	3	replicate-1
na	110	4	replicate-1
na	111	4	replicate-1
na	112	4	replicate-1
na	113	4	replicate-1
na	114	4	replicate-1
na	115	4	replicate-1
na	116	4	replicate-1
na	117	4	replicate-1
na	118	4	replicate-1
na	119	4	replicate-1
na	120	4	replicate-1
na	121	4	replicate-1
na	122	4	replicate-1
na	123	4	replicate-1
na	124	4	replicate-1
na	125	4	replicate-1
na	126	4	replicate-1
na	127	4	replicate-1
na	128	4	replicate-1
na	129	4	replicate-1
na	130	4	replicate-1
na	131	4	replicate-1
na	132	4	replicate-1
na	133	4	replicate-1
na	134	4	replicate-1
na	135	4	replicate-1
na	136	4	replicate-1
na	137	4	replicate-1
na	138	4	replicate-1
na	139	4	replicate-1
na	140	3	replicate-1
na	141	3	replicate-1
na	142	3	replicate-1
na	143	3	replicate-1
na	144	3	replicate-1
na	145	3	replicate-1
na	146	3	replicate-1
na	147	3	replicate-1
na	148	3	replicate-1
na	149	3	replicate-1
na	150	3	replicate-1
na	151	3	replicate-1
na	152	3	replicate-1
na	153	3	replicate-1
na	154	3	replicate-1
na	155	3	replicate-1
na	156	3	replicate-1
na	157	3	replicate-1
na	158	3	replicate-1
na	159	3	replicate-1
na	160	3	replicate-1
na	161	3	replicate-1
na	162	3	replicate-1
na	163	4	replicate-1
na	164	4	replicate-1
na	165	4	replicate-1
na	166	4	replicate-1
na	167	4	replicate-1
na	168	4	replicate-1
na	169	4	replicate-1
na	170	4	replicate-1
na	171	4	replicate-1
na	172	4	replicate-1
na	173	4	replicate-1
na	174	4	replicate-1
na	175	4	replicate-1
na	176	4	replicate-1
na	177	4	replicate-1
na	178	4	replicate-1
na	179	4	replicate-1
na	180	4	replicate-1
na	181	4	replicate-1
na	182	4	replicate-1
na	183	4	replicate-1
na	184	3	replicate-1
na	185	3	replicate-1
na	186	3	replicate-1
na	187	3	replicate-1
na	188	3	replicate-1
na	189	3	replicate-1
na	190	3	replicate-1
na	191	3	replicate-1
na	192	3	replicate-1
na	193	3	replicate-1
na	194	3	replicate-1
na	195	3	replicate-1
na	196	3	replicate-1
na	197	3	replicate-1
na	198	3	replicate-1
na	199	3	replicate-1
na	200	3	replicate-1
na	201	3	replicate-1
na	202	3	replicate-1
na	203	3	replicate-1
na	204	3	replicate-1
na	205	3	replicate-1
na	206	3	replicate-1
na	207	3	replicate-1
na	208	3	replicate-1
na	209	3	replicate-1
na	210	3	replicate-1
na	211	3	replicate-1
na	212	3	replicate-1
na	213	3	replicate-1
na	214	3	replicate-1
na	274	1	replicate-1
na	275	1	replicate-1
na	276	1	replicate-1
na	277	1	replicate-1
na	278	1	replicate-1
na	279	1	replicate-1
na	280	1	replicate-1
na	281	1	replicate-1
na	282	1	replicate-1
na	283	1	replicate-1
na	284	1	replicate-1
na	285	1	replicate-1
na	286	1	replicate-1
na	287	1	replicate-1
na	288	1	replicate-1
na	289	1	replicate-1
na	290	1	replicate-1
na	291	1	replicate-1
na	292	1	replicate-1
na	293	1	replicate-1
na	294	1	replicate-1
na	295	1	replicate-1
na	296	1	replicate-1
na	297	1	replicate-1
na	298	1	replicate-1
na	299	1	replicate-1
na	300	1	replicate-1
na	301	1	replicate-1
na	302	1	replicate-1
na	303	1	replicate-1
na	304	1	replicate-1
na	305	1	replicate-1
na	306	1	replicate-1
na	307	1	replicate-1
na	308	1	replicate-1
na	309	1	replicate-1
na	310	1	replicate-1
na	311	2	replicate-1
na	312	2	replicate-1
na	313	2	replicate-1
na	314	2	replicate-1
na	315	2	replicate-1
na	316	2	replicate-1
na	317	2	replicate-1
na	318	2	replicate-1
na	319	2	replicate-1
na	320	2	replicate-1
na	321	2	replicate-1
na	322	2	replicate-1
na	323	2	replicate-1
na	324	3	replicate-1
na	325	3	replicate-1
na	326	3	replicate-1
na	327	3	replicate-1
na	328	3	replicate-1
na	329	3	replicate-1
na	330	3	replicate-1
na	331	3	replicate-1
na	332	3	replicate-1
na	333	4	replicate-1
na	334	4	replicate-1
na	335	4	replicate-1
na	336	4	replicate-1
na	337	4	replicate-1
na	338	4	replicate-1
na	339	4	replicate-1
na	340	4	replicate-1
na	341	4	replicate-1
na	342	4	replicate-1
na	343	4	replicate-1
na	344	4	replicate-1
na	345	4	replicate-1
na	346	4	replicate-1
na	347	4	replicate-1
na	348	6	replicate-1
na	349	6	replicate-1
na	350	6	replicate-1
na	351	6	replicate-1
na	352	6	replicate-1
na	353	6	replicate-1
na	354	6	replicate-1
na	355	6	replicate-1
na	356	6	replicate-1
na	357	6	replicate-1
na	358	6	replicate-1
na	359	6	replicate-1
na	360	6	replicate-1
na	361	6	replicate-1
na	362	6	replicate-1
na	363	6	replicate-1
na	364	6	replicate-1
na	365	6	replicate-1
na	366	6	replicate-1
na	367	6	replicate-1
na	368	6	replicate-1
na	369	6	replicate-1
na	370	6	replicate-1
na	371	6	replicate-1
na	372	6	replicate-1
na	373	6	replicate-1
na	374	6	replicate-1
na	375	6	replicate-1
na	376	6	replicate-1
na	377	6	replicate-1
na	378	6	replicate-1
na	379	6	replicate-1
na	380	6	replicate-1
na	381	6	replicate-1
na	382	6	replicate-1
na	383	6	replicate-1
na	384	6	replicate-1
na	385	6	replicate-1
na	386	6	replicate-1
na	387	8	replicate-1
na	388	8	replicate-1
na	389	8	replicate-1
na	390	8	replicate-1
na	391	8	replicate-1
na	392	8	replicate-1
na	393	7	replicate-1
na	394	7	replicate-1
na	395	7	replicate-1
na	396	7	replicate-1
na	397	7	replicate-1
na	398	7	replicate-1
na	399	7	replicate-1
na	400	7	replicate-1
na	401	7	replicate-1
na	402	7	replicate-1
na	403	7	replicate-1
na	404	7	replicate-1
na	405	7	replicate-1
na	406	7	replicate-1
na	407	7	replicate-1
na	408	7	replicate-1
na	409	7	replicate-1
na	410	6	replicate-1
na	411	6	replicate-1
na	412	6	replicate-1
na	413	6	replicate-1
na	414	5	replicate-1
na	415	5	replicate-1
na	416	5	replicate-1
na	417	5	replicate-1
na	418	5	replicate-1
na	419	5	replicate-1
na	420	5	replicate-1
na	421	5	replicate-1
na	422	3	replicate-1
na	423	3	replicate-1
na	424	3	replicate-1
na	425	3	replicate-1
na	426	3	replicate-1
na	427	3	replicate-1
na	428	3	replicate-1
na	429	3	replicate-1
na	430	3	replicate-1
na	431	3	replicate-1
na	432	3	replicate-1
na	433	3	replicate-1
na	434	3	replicate-1
na	435	5	replicate-1
na	436	5	replicate-1
na	437	5	replicate-1
na	438	5	replicate-1
na	439	6	replicate-1
na	440	6	replicate-1
na	441	6	replicate-1
na	442	7	replicate-1
na	443	7	replicate-1
na	444	7	replicate-1
na	445	7	replicate-1
na	446	7	replicate-1
na	447	7	replicate-1
na	448	7	replicate-1
na	449	7	replicate-1
na	450	7	replicate-1
na	451	9	replicate-1
na	452	8	replicate-1
na	453	8	replicate-1
na	454	8	replicate-1
na	455	8	replicate-1
na	456	8	replicate-1
na	457	8	replicate-1
na	458	8	replicate-1
na	459	8	replicate-1
na	460	8	replicate-1
na	461	8	replicate-1
na	462	8	replicate-1
na	463	8	replicate-1
na	464	8	replicate-1
na	465	11	replicate-1
na	466	11	replicate-1
na	467	11	replicate-1
na	468	11	replicate-1
na	469	11	replicate-1
na	470	10	replicate-1
na	471	10	replicate-1
na	472	10	replicate-1
na	473	10	replicate-1
na	474	11	replicate-1
na	475	11	replicate-1
na	476	11	replicate-1
na	477	12	replicate-1
na	478	12	replicate-1
na	479	18	replicate-1
na	480	18	replicate-1
na	481	18	replicate-1
na	482	18	replicate-1
na	483	21	replicate-1
na	484	23	replicate-1
na	485	23	replicate-1
na	486	23	replicate-1
na	487	23	replicate-1
na	488	23	replicate-1
na	489	23	replicate-1
na	490	23	replicate-1
na	491	23	replicate-1
na	492	23	replicate-1
na	493	25	replicate-1
na	494	25	replicate-1
na	495	25	replicate-1
na	496	25	replicate-1
na	497	25	replicate-1
na	498	25	replicate-1
na	499	24	replicate-1
na	500	23	replicate-1
na	501	23	replicate-1
na	502	23	replicate-1
na	503	23	replicate-1
na	504	23	replicate-1
na	505	23	replicate-1
na	506	23	replicate-1
na	507	23	replicate-1
na	508	23	replicate-1
na	509	23	replicate-1
na	510	27	replicate-1
na	511	28	replicate-1
na	512	28	replicate-1
na	513	28	replicate-1
na	514	28	replicate-1
na	515	28	replicate-1
na	516	29	replicate-1
na	517	29	replicate-1
na	518	29	replicate-1
na	519	29	replicate-1
na	520	29	replicate-1
na	521	29	replicate-1
na	522	30	replicate-1
na	523	30	replicate-1
na	524	29	replicate-1
na	525	29	replicate-1
na	526	29	replicate-1
na	527	30	replicate-1
na	528	30	replicate-1
na	529	31	replicate-1
na	530	31	replicate-1
na	531	30	replicate-1
na	532	31	replicate-1
na	533	31	replicate-1
na	534	31	replicate-1
na	535	31	replicate-1
na	536	31	replicate-1
na	537	31	replicate-1
na	538	33	replicate-1
na	539	33	replicate-1
na	540	33	replicate-1
na	541	33	replicate-1
na	542	34	replicate-1
na	543	34	replicate-1
na	544	34	replicate-1
na	545	35	replicate-1
na	546	35	replicate-1
na	547	37	replicate-1
na	548	37	replicate-1
na	549	37	replicate-1
na	550	37	replicate-1
na	551	39	replicate-1
na	552	39	replicate-1
na	553	39	replicate-1
na	554	39	replicate-1
na	555	39	replicate-1
na	556	39	replicate-1
na	557	39	replicate-1
na	558	39	replicate-1
na	559	38	replicate-1
na	560	38	replicate-1
na	561	39	replicate-1
na	562	39	replicate-1
na	563	39	replicate-1
na	564	38	replicate-1
na	565	38	replicate-1
na	566	38	replicate-1
na	567	37	replicate-1
na	568	37	replicate-1
na	569	38	replicate-1
na	570	39	replicate-1
na	571	41	replicate-1
na	572	41	replicate-1
na	573	41	replicate-1
na	574	39	replicate-1
na	575	39	replicate-1
na	576	38	replicate-1
na	577	38	replicate-1
na	578	38	replicate-1
na	579	38	replicate-1
na	580	37	replicate-1
na	581	36	replicate-1
na	582	35	replicate-1
na	583	35	replicate-1
na	584	36	replicate-1
na	585	38	replicate-1
na	586	38	replicate-1
na	587	38	replicate-1
na	588	41	replicate-1
na	589	43	replicate-1
na	590	43	replicate-1
na	591	43	replicate-1
na	592	43	replicate-1
na	593	44	replicate-1
na	594	42	replicate-1
na	595	42	replicate-1
na	596	39	replicate-1
na	597	38	replicate-1
na	598	37	replicate-1
na	599	37	replicate-1
na	600	37	replicate-1
na	601	37	replicate-1
na	602	37	replicate-1
na	603	37	replicate-1
na	604	36	replicate-1
na	605	36	replicate-1
na	606	36	replicate-1
na	607	36	replicate-1
na	608	36	replicate-1
na	609	36	replicate-1
na	610	37	replicate-1
na	611	37	replicate-1
na	612	37	replicate-1
na	613	37	replicate-1
na	614	37	replicate-1
na	615	37	replicate-1
na	616	37	replicate-1
na	617	36	replicate-1
na	618	35	replicate-1
na	619	35	replicate-1
na	620	35	replicate-1
na	621	35	replicate-1
na	622	35	replicate-1
na	623	30	replicate-1
na	624	30	replicate-1
na	625	30	replicate-1
na	626	30	replicate-1
na	627	34	replicate-1
na	628	34	replicate-1
na	629	34	replicate-1
na	630	35	replicate-1
na	631	35	replicate-1
na	632	35	replicate-1
na	633	35	replicate-1
na	634	35	replicate-1
na	635	34	replicate-1
na	636	34	replicate-1
na	637	33	replicate-1
na	638	33	replicate-1
na	639	33	replicate-1
na	640	33	replicate-1
na	641	29	replicate-1
na	642	29	replicate-1
na	643	29	replicate-1
na	644	30	replicate-1
na	645	28	replicate-1
na	646	28	replicate-1
na	647	25	replicate-1
na	648	25	replicate-1
na	649	25	replicate-1
na	650	25	replicate-1
na	651	25	replicate-1
na	652	25	replicate-1
na	653	24	replicate-1
na	654	24	replicate-1
na	655	24	replicate-1
na	656	25	replicate-1
na	657	25	replicate-1
na	658	25	replicate-1
na	659	24	replicate-1
na	660	25	replicate-1
na	661	25	replicate-1
na	662	25	replicate-1
na	663	22	replicate-1
na	664	23	replicate-1
na	665	22	replicate-1
na	666	22	replicate-1
na	667	20	replicate-1
na	668	19	replicate-1
na	669	19	replicate-1
na	670	19	replicate-1
na	671	19	replicate-1
na	672	19	replicate-1
na	673	19	replicate-1
na	674	19	replicate-1
na	675	18	replicate-1
na	676	18	replicate-1
na	677	18	replicate-1
na	678	18	replicate-1
na	679	18	replicate-1
na	680	18	replicate-1
na	681	18	replicate-1
na	682	18	replicate-1
na	683	19	replicate-1
na	684	19	replicate-1
na	685	19	replicate-1
na	686	18	replicate-1
na	687	20	replicate-1
na	688	21	replicate-1
na	689	21	replicate-1
na	690	21	replicate-1
na	691	20	replicate-1
na	692	20	replicate-1
na	693	19	replicate-1
na	694	19	replicate-1
na	695	19	replicate-1
na	696	18	replicate-1
na	697	18	replicate-1
na	698	17	replicate-1
na	699	17	replicate-1
na	700	17	replicate-1
na	701	18	replicate-1
na	702	18	replicate-1
na	703	17	replicate-1
na	704	16	replicate-1
na	705	17	replicate-1
na	706	17	replicate-1
na	707	17	replicate-1
na	708	17	replicate-1
na	709	17	replicate-1
na	710	17	replicate-1
na	711	17	replicate-1
na	712	16	replicate-1
na	713	14	replicate-1
na	714	14	replicate-1
na	715	14	replicate-1
na	716	13	replicate-1
na	717	13	replicate-1
na	718	13	replicate-1
na	719	13	replicate-1
na	720	13	replicate-1
na	721	13	replicate-1
na	722	13	replicate-1
na	723	14	replicate-1
na	724	14	replicate-1
na	725	14	replicate-1
na	726	14	replicate-1
na	727	14	replicate-1
na	728	13	replicate-1
na	729	13	replicate-1
na	730	13	replicate-1
na	731	13	replicate-1
na	732	13	replicate-1
na	733	13	replicate-1
na	734	13	replicate-1
na	735	13	replicate-1
na	736	11	replicate-1
na	737	10	replicate-1
na	738	10	replicate-1
na	739	10	replicate-1
na	740	10	replicate-1
na	741	10	replicate-1
na	742	11	replicate-1
na	743	11	replicate-1
na	744	11	replicate-1
na	745	11	replicate-1
na	746	11	replicate-1
na	747	11	replicate-1
na	748	12	replicate-1
na	749	11	replicate-1
na	750	11	replicate-1
na	751	11	replicate-1
na	752	11	replicate-1
na	753	11	replicate-1
na	754	11	replicate-1
na	755	11	replicate-1
na	756	11	replicate-1
na	757	10	replicate-1
na	758	10	replicate-1
na	759	10	replicate-1
na	760	10	replicate-1
na	761	10	replicate-1
na	762	12	replicate-1
na	763	12	replicate-1
na	764	12	replicate-1
na	765	12	replicate-1
na	766	12	replicate-1
na	767	9	replicate-1
na	768	9	replicate-1
na	769	9	replicate-1
na	770	9	replicate-1
na	771	9	replicate-1
na	772	9	replicate-1
na	773	9	replicate-1
na	774	9	replicate-1
na	775	9	replicate-1
na	776	9	replicate-1
na	777	9	replicate-1
na	778	9	replicate-1
na	779	8	replicate-1
na	780	8	replicate-1
na	781	8	replicate-1
na	782	8	replicate-1
na	783	8	replicate-1
na	784	8	replicate-1
na	785	7	replicate-1
na	786	7	replicate-1
na	787	7	replicate-1
na	788	7	replicate-1
na	789	7	replicate-1
na	790	5	replicate-1
na	791	5	replicate-1
na	792	11	replicate-1
na	793	11	replicate-1
na	794	11	replicate-1
na	795	11	replicate-1
na	796	11	replicate-1
na	797	0	replicate-1
na	798	12	replicate-1
na	799	12	replicate-1
na	800	12	replicate-1
na	801	14	replicate-1
na	802	15	replicate-1
na	803	15	replicate-1
na	804	15	replicate-1
na	805	15	replicate-1
na	806	15	replicate-1
na	807	15	replicate-1
na	808	14	replicate-1
na	809	14	replicate-1
na	810	14	replicate-1
na	811	14	replicate-1
na	812	14	replicate-1
na	813	14	replicate-1
na	814	14	replicate-1
na	815	14	replicate-1
na	816	14	replicate-1
na	817	14	replicate-1
na	818	14	replicate-1
na	819	17	replicate-1
na	820	17	replicate-1
na	821	17	replicate-1
na	822	17	replicate-1
na	823	17	replicate-1
na	824	17	replicate-1
na	825	19	replicate-1
na	826	19	replicate-1
na	827	20	replicate-1
na	828	20	replicate-1
na	829	20	replicate-1
na	830	20	replicate-1
na	831	20	replicate-1
na	832	20	replicate-1
na	833	20	replicate-1
na	834	20	replicate-1
na	835	20	replicate-1
na	836	20	replicate-1
na	837	23	replicate-1
na	838	23	replicate-1
na	839	23	replicate-1
na	840	23	replicate-1
na	841	23	replicate-1
na	842	23	replicate-1
na	843	23	replicate-1
na	844	23	replicate-1
na	845	24	replicate-1
na	846	24	replicate-1
na	847	23	replicate-1
na	848	20	replicate-1
na	849	20	replicate-1
na	850	20	replicate-1
na	851	20	replicate-1
na	852	20	replicate-1
na	853	19	replicate-1
na	854	18	replicate-1
na	855	19	replicate-1
na	856	19	replicate-1
na	857	19	replicate-1
na	858	19	replicate-1
na	859	19	replicate-1
na	860	19	replicate-1
na	861	19	replicate-1
na	862	19	replicate-1
na	863	19	replicate-1
na	864	19	replicate-1
na	865	19	replicate-1
na	866	19	replicate-1
na	867	19	replicate-1
na	868	19	replicate-1
na	869	18	replicate-1
na	870	18	replicate-1
na	871	18	replicate-1
na	872	18	replicate-1
na	873	18	replicate-1
na	874	17	replicate-1
na	875	12	replicate-1
na	876	12	replicate-1
na	877	12	replicate-1
na	878	12	replicate-1
na	879	12	replicate-1
na	880	12	replicate-1
na	881	12	replicate-1
na	882	12	replicate-1
na	883	12	replicate-1
na	884	12	replicate-1
na	885	13	replicate-1
na	886	13	replicate-1
na	887	13	replicate-1
na	888	13	replicate-1
na	889	14	replicate-1
na	890	14	replicate-1
na	891	14	replicate-1
na	892	14	replicate-1
na	893	15	replicate-1
na	894	15	replicate-1
na	895	15	replicate-1
na	896	15	replicate-1
na	897	13	replicate-1
na	898	12	replicate-1
na	899	11	replicate-1
na	900	11	replicate-1
na	901	11	replicate-1
na	902	11	replicate-1
na	903	11	replicate-1
na	904	11	replicate-1
na	905	11	replicate-1
na	906	11	replicate-1
na	907	11	replicate-1
na	908	11	replicate-1
na	909	11	replicate-1
na	910	11	replicate-1
na	911	10	replicate-1
na	912	10	replicate-1
na	913	10	replicate-1
na	914	10	replicate-1
na	915	10	replicate-1
na	916	10	replicate-1
na	917	10	replicate-1
na	918	10	replicate-1
na	919	10	replicate-1
na	920	10	replicate-1
na	921	9	replicate-1
na	922	9	replicate-1
na	923	9	replicate-1
na	924	9	replicate-1
na	925	9	replicate-1
na	926	9	replicate-1
na	927	10	replicate-1
na	928	10	replicate-1
na	929	10	replicate-1
na	930	9	replicate-1
na	931	9	replicate-1
na	932	8	replicate-1
na	933	8	replicate-1
na	934	8	replicate-1
na	935	8	replicate-1
na	936	8	replicate-1
na	937	8	replicate-1
na	938	8	replicate-1
na	939	8	replicate-1
na	940	8	replicate-1
na	941	8	replicate-1
na	942	8	replicate-1
na	943	10	replicate-1
na	944	10	replicate-1
na	945	10	replicate-1
na	946	10	replicate-1
na	947	10	replicate-1
na	948	10	replicate-1
na	949	10	replicate-1
na	950	10	replicate-1
na	951	10	replicate-1
na	952	10	replicate-1
na	953	9	replicate-1
na	954	9	replicate-1
na	955	11	replicate-1
na	956	12	replicate-1
na	957	12	replicate-1
na	958	11	replicate-1
na	959	11	replicate-1
na	960	11	replicate-1
na	961	10	replicate-1
na	962	10	replicate-1
na	963	10	replicate-1
na	964	9	replicate-1
na	965	8	replicate-1
na	966	8	replicate-1
na	967	8	replicate-1
na	968	8	replicate-1
na	969	8	replicate-1
na	970	8	replicate-1
na	971	8	replicate-1
na	972	9	replicate-1
na	973	9	replicate-1
na	974	9	replicate-1
na	975	9	replicate-1
na	976	8	replicate-1
na	977	8	replicate-1
na	978	8	replicate-1
na	979	8	replicate-1
na	980	8	replicate-1
na	981	9	replicate-1
na	982	9	replicate-1
na	983	9	replicate-1
na	984	9	replicate-1
na	985	9	replicate-1
na	986	9	replicate-1
na	987	9	replicate-1
na	988	9	replicate-1
na	989	9	replicate-1
na	990	9	replicate-1
na	991	9	replicate-1
na	992	9	replicate-1
na	993	9	replicate-1
na	994	9	replicate-1
na	995	9	replicate-1
na	996	9	replicate-1
na	997	9	replicate-1
na	998	9	replicate-1
na	999	11	replicate-1
na	1000	12	replicate-1
na	1001	12	replicate-1
na	1002	12	replicate-1
na	1003	12	replicate-1
na	1004	12	replicate-1
na	1005	12	replicate-1
na	1006	11	replicate-1
na	1007	11	replicate-1
na	1008	11	replicate-1
na	1009	11	replicate-1
na	1010	11	replicate-1
na	1011	12	replicate-1
na	1012	12	replicate-1
na	1013	12	replicate-1
na	1014	12	replicate-1
na	1015	12	replicate-1
na	1016	12	replicate-1
na	1017	12	replicate-1
na	1018	12	replicate-1
na	1019	12	replicate-1
na	1020	12	replicate-1
na	1021	12	replicate-1
na	1022	12	replicate-1
na	1023	12	replicate-1
na	1024	12	replicate-1
na	1025	11	replicate-1
na	1026	11	replicate-1
na	1027	12	replicate-1
na	1028	12	replicate-1
na	1029	12	replicate-1
na	1030	12	replicate-1
na	1031	12	replicate-1
na	1032	12	replicate-1
na	1033	12	replicate-1
na	1034	16	replicate-1
na	1035	16	replicate-1
na	1036	16	replicate-1
na	1037	16	replicate-1
na	1038	16	replicate-1
na	1039	16	replicate-1
na	1040	16	replicate-1
na	1041	16	replicate-1
na	1042	16	replicate-1
na	1043	16	replicate-1
na	1044	16	replicate-1
na	1045	16	replicate-1
na	1046	16	replicate-1
na	1047	16	replicate-1
na	1048	15	replicate-1
na	1049	14	replicate-1
na	1050	14	replicate-1
na	1051	14	replicate-1
na	1052	14	replicate-1
na	1053	11	replicate-1
na	1054	11	replicate-1
na	1055	9	replicate-1
na	1056	9	replicate-1
na	1057	9	replicate-1
na	1058	9	replicate-1
na	1059	9	replicate-1
na	1060	9	replicate-1
na	1061	9	replicate-1
na	1062	9	replicate-1
na	1063	9	replicate-1
na	1064	9	replicate-1
na	1065	9	replicate-1
na	1066	9	replicate-1
na	1067	9	replicate-1
na	1068	9	replicate-1
na	1069	9	replicate-1
na	1070	9	replicate-1
na	1071	9	replicate-1
na	1072	9	replicate-1
na	1073	9	replicate-1
na	1074	9	replicate-1
na	1075	9	replicate-1
na	1076	6	replicate-1
na	1077	6	replicate-1
na	1078	6	replicate-1
na	1079	6	replicate-1
na	1080	6	replicate-1
na	1081	7	replicate-1
na	1082	7	replicate-1
na	1083	7	replicate-1
na	1084	7	replicate-1
na	1085	8	replicate-1
na	1086	8	replicate-1
na	1087	8	replicate-1
na	1088	6	replicate-1
na	1089	6	replicate-1
na	1090	6	replicate-1
na	1091	5	replicate-1
na	1092	5	replicate-1
na	1093	5	replicate-1
na	1094	5	replicate-1
na	1095	5	replicate-1
na	1096	5	replicate-1
na	1097	5	replicate-1
na	1098	5	replicate-1
na	1099	5	replicate-1
na	1100	4	replicate-1
na	1101	4	replicate-1
na	1102	4	replicate-1
na	1103	3	replicate-1
na	1104	3	replicate-1
na	1105	3	replicate-1
na	1106	3	replicate-1
na	1107	4	replicate-1
na	1108	4	replicate-1
na	1109	4	replicate-1
na	1110	4	replicate-1
na	1111	4	replicate-1
na	1112	4	replicate-1
na	1113	4	replicate-1
na	1114	4	replicate-1
na	1115	4	replicate-1
na	1116	4	replicate-1
na	1117	4	replicate-1
na	1118	4	replicate-1
na	1119	4	replicate-1
na	1120	4	replicate-1
na	1121	4	replicate-1
na	1122	4	replicate-1
na	1123	4	replicate-1
na	1124	4	replicate-1
na	1125	4	replicate-1
na	1126	4	replicate-1
na	1127	4	replicate-1
na	1128	4	replicate-1
na	1129	4	replicate-1
na	1130	4	replicate-1
na	1131	6	replicate-1
na	1132	6	replicate-1
na	1133	6	replicate-1
na	1134	6	replicate-1
na	1135	6	replicate-1
na	1136	5	replicate-1
na	1137	5	replicate-1
na	1138	5	replicate-1
na	1139	5	replicate-1
na	1140	5	replicate-1
na	1141	5	replicate-1
na	1142	5	replicate-1
na	1143	5	replicate-1
na	1144	5	replicate-1
na	1145	5	replicate-1
na	1146	5	replicate-1
na	1147	5	replicate-1
na	1148	5	replicate-1
na	1149	5	replicate-1
na	1150	5	replicate-1
na	1151	4	replicate-1
na	1152	4	replicate-1
na	1153	4	replicate-1
na	1154	4	replicate-1
na	1155	4	replicate-1
na	1156	4	replicate-1
na	1157	4	replicate-1
na	1158	4	replicate-1
na	1159	4	replicate-1
na	1160	4	replicate-1
na	1161	4	replicate-1
na	1162	4	replicate-1
na	1163	4	replicate-1
na	1164	4	replicate-1
na	1165	4	replicate-1
na	1166	4	replicate-1
na	1167	4	replicate-1
na	1168	4	replicate-1
na	1169	4	replicate-1
na	1170	5	replicate-1
na	1171	5	replicate-1
na	1172	5	replicate-1
na	1173	3	replicate-1
na	1174	3	replicate-1
na	1175	3	replicate-1
na	1176	3	replicate-1
na	1177	3	replicate-1
na	1178	3	replicate-1
na	1179	3	replicate-1
na	1180	3	replicate-1
na	1181	2	replicate-1
na	1182	2	replicate-1
na	1183	2	replicate-1
na	1184	2	replicate-1
na	1185	2	replicate-1
na	1186	2	replicate-1
na	1187	2	replicate-1
na	1188	3	replicate-1
na	1189	3	replicate-1
na	1190	3	replicate-1
na	1191	3	replicate-1
na	1192	3	replicate-1
na	1193	4	replicate-1
na	1194	4	replicate-1
na	1195	4	replicate-1
na	1196	4	replicate-1
na	1197	4	replicate-1
na	1198	4	replicate-1
na	1199	4	replicate-1
na	1200	4	replicate-1
na	1201	4	replicate-1
na	1202	4	replicate-1
na	1203	4	replicate-1
na	1204	4	replicate-1
na	1205	4	replicate-1
na	1206	5	replicate-1
na	1207	5	replicate-1
na	1208	5	replicate-1
na	1209	4	replicate-1
na	1210	4	replicate-1
na	1211	4	replicate-1
na	1212	4	replicate-1
na	1213	4	replicate-1
na	1214	4	replicate-1
na	1215	4	replicate-1
na	1216	5	replicate-1
na	1217	5	replicate-1
na	1218	5	replicate-1
na	1219	5	replicate-1
na	1220	5	replicate-1
na	1221	6	replicate-1
na	1222	6	replicate-1
na	1223	6	replicate-1
na	1224	6	replicate-1
na	1225	7	replicate-1
na	1226	7	replicate-1
na	1227	7	replicate-1
na	1228	7	replicate-1
na	1229	7	replicate-1
na	1230	7	replicate-1
na	1231	7	replicate-1
na	1232	7	replicate-1
na	1233	7	replicate-1
na	1234	7	replicate-1
na	1235	7	replicate-1
na	1236	7	replicate-1
na	1237	8	replicate-1
na	1238	8	replicate-1
na	1239	8	replicate-1
na	1240	8	replicate-1
na	1241	8	replicate-1
na	1242	8	replicate-1
na	1243	8	replicate-1
na	1244	8	replicate-1
na	1245	9	replicate-1
na	1246	9	replicate-1
na	1247	9	replicate-1
na	1248	9	replicate-1
na	1249	9	replicate-1
na	1250	9	replicate-1
na	1251	9	replicate-1
na	1252	8	replicate-1
na	1253	8	replicate-1
na	1254	8	replicate-1
na	1255	8	replicate-1
na	1256	8	replicate-1
na	1257	8	replicate-1
na	1258	8	replicate-1
na	1259	8	replicate-1
na	1260	8	replicate-1
na	1261	8	replicate-1
na	1262	8	replicate-1
na	1263	8	replicate-1
na	1264	8	replicate-1
na	1265	8	replicate-1
na	1266	8	replicate-1
na	1267	8	replicate-1
na	1268	8	replicate-1
na	1269	8	replicate-1
na	1270	8	replicate-1
na	1271	8	replicate-1
na	1272	9	replicate-1
na	1273	9	replicate-1
na	1274	9	replicate-1
na	1275	9	replicate-1
na	1276	9	replicate-1
na	1277	9	replicate-1
na	1278	9	replicate-1
na	1279	8	replicate-1
na	1280	8	replicate-1
na	1281	8	replicate-1
na	1282	7	replicate-1
na	1283	7	replicate-1
na	1284	7	replicate-1
na	1285	7	replicate-1
na	1286	7	replicate-1
na	1287	7	replicate-1
na	1288	7	replicate-1
na	1289	7	replicate-1
na	1290	7	replicate-1
na	1291	7	replicate-1
na	1292	7	replicate-1
na	1293	7	replicate-1
na	1294	7	replicate-1
na	1295	7	replicate-1
na	1296	7	replicate-1
na	1297	7	replicate-1
na	1298	7	replicate-1
na	1299	7	replicate-1
na	1300	7	replicate-1
na	1301	7	replicate-1
na	1302	7	replicate-1
na	1303	7	replicate-1
na	1304	7	replicate-1
na	1305	7	replicate-1
na	1306	7	replicate-1
na	1307	7	replicate-1
na	1308	5	replicate-1
na	1309	5	replicate-1
na	1310	4	replicate-1
na	1311	4	replicate-1
na	1312	4	replicate-1
na	1313	4	replicate-1
na	1314	4	replicate-1
na	1315	4	replicate-1
na	1316	4	replicate-1
na	1317	3	replicate-1
na	1318	3	replicate-1
na	1319	3	replicate-1
na	1320	4	replicate-1
na	1321	4	replicate-1
na	1322	4	replicate-1
na	1323	4	replicate-1
na	1324	4	replicate-1
na	1325	4	replicate-1
na	1326	6	replicate-1
na	1327	7	replicate-1
na	1328	7	replicate-1
na	1329	7	replicate-1
na	1330	7	replicate-1
na	1331	7	replicate-1
na	1332	7	replicate-1
na	1333	7	replicate-1
na	1334	7	replicate-1
na	1335	7	replicate-1
na	1336	7	replicate-1
na	1337	7	replicate-1
na	1338	7	replicate-1
na	1339	7	replicate-1
na	1340	7	replicate-1
na	1341	9	replicate-1
na	1342	9	replicate-1
na	1343	10	replicate-1
na	1344	10	replicate-1
na	1345	11	replicate-1
na	1346	11	replicate-1
na	1347	11	replicate-1
na	1348	11	replicate-1
na	1349	11	replicate-1
na	1350	11	replicate-1
na	1351	11	replicate-1
na	1352	10	replicate-1
na	1353	11	replicate-1
na	1354	11	replicate-1
na	1355	11	replicate-1
na	1356	11	replicate-1
na	1357	11	replicate-1
na	1358	11	replicate-1
na	1359	11	replicate-1
na	1360	11	replicate-1
na	1361	11	replicate-1
na	1362	14	replicate-1
na	1363	14	replicate-1
na	1364	14	replicate-1
na	1365	14	replicate-1
na	1366	15	replicate-1
na	1367	15	replicate-1
na	1368	14	replicate-1
na	1369	14	replicate-1
na	1370	14	replicate-1
na	1371	15	replicate-1
na	1372	15	replicate-1
na	1373	15	replicate-1
na	1374	15	replicate-1
na	1375	16	replicate-1
na	1376	16	replicate-1
na	1377	16	replicate-1
na	1378	16	replicate-1
na	1379	16	replicate-1
na	1380	16	replicate-1
na	1381	16	replicate-1
na	1382	16	replicate-1
na	1383	17	replicate-1
na	1384	17	replicate-1
na	1385	17	replicate-1
na	1386	17	replicate-1
na	1387	17	replicate-1
na	1388	17	replicate-1
na	1389	17	replicate-1
na	1390	17	replicate-1
na	1391	18	replicate-1
na	1392	18	replicate-1
na	1393	17	replicate-1
na	1394	17	replicate-1
na	1395	17	replicate-1
na	1396	17	replicate-1
na	1397	18	replicate-1
na	1398	18	replicate-1
na	1399	18	replicate-1
na	1400	18	replicate-1
na	1401	18	replicate-1
na	1402	18	replicate-1
na	1403	18	replicate-1
na	1404	18	replicate-1
na	1405	18	replicate-1
na	1406	18	replicate-1
na	1407	18	replicate-1
na	1408	15	replicate-1
na	1409	16	replicate-1
na	1410	16	replicate-1
na	1411	16	replicate-1
na	1412	16	replicate-1
na	1413	15	replicate-1
na	1414	15	replicate-1
na	1415	15	replicate-1
na	1416	15	replicate-1
na	1417	15	replicate-1
na	1418	14	replicate-1
na	1419	13	replicate-1
na	1420	13	replicate-1
na	1421	13	replicate-1
na	1422	13	replicate-1
na	1423	13	replicate-1
na	1424	13	replicate-1
na	1425	13	replicate-1
na	1426	8	replicate-1
na	1427	8	replicate-1
na	1428	8	replicate-1
na	1429	8	replicate-1
na	1430	8	replicate-1
na	1431	8	replicate-1
na	1432	8	replicate-1
na	1433	7	replicate-1
na	1434	7	replicate-1
na	1435	7	replicate-1
na	1436	6	replicate-1
na	1437	6	replicate-1
na	1438	6	replicate-1
na	1439	6	replicate-1
na	1440	6	replicate-1
na	1441	6	replicate-1
na	1442	6	replicate-1
na	1443	6	replicate-1
na	1444	6	replicate-1
na	1445	6	replicate-1
na	1446	6	replicate-1
na	1447	6	replicate-1
na	1448	6	replicate-1
na	1449	6	replicate-1
na	1450	6	replicate-1
na	1451	6	replicate-1
na	1452	6	replicate-1
na	1453	6	replicate-1
na	1454	6	replicate-1
na	1455	6	replicate-1
na	1456	6	replicate-1
na	1457	2	replicate-1
pb2	1	2	replicate-1
pb2	2	2	replicate-1
pb2	3	2	replicate-1
pb2	4	2	replicate-1
pb2	5	2	replicate-1
pb2	6	4	replicate-1
pb2	7	4	replicate-1
pb2	8	4	replicate-1
pb2	9	4	replicate-1
pb2	10	4	replicate-1
pb2	11	4	replicate-1
pb2	12	4	replicate-1
pb2	13	4	replicate-1
pb2	14	4	replicate-1
pb2	15	4	replicate-1
pb2	16	4	replicate-1
pb2	17	4	replicate-1
pb2	18	4	replicate-1
pb2	19	4	replicate-1
pb2	20	4	replicate-1
pb2	21	4	replicate-1
pb2	22	4	replicate-1
pb2	23	4	replicate-1
pb2	24	5	replicate-1
pb2	25	5	replicate-1
pb2	26	5	replicate-1
pb2	27	5	replicate-1
pb2	28	5	replicate-1
pb2	29	5	replicate-1
pb2	30	5	replicate-1
pb2	31	5	replicate-1
pb2	32	5	replicate-1
pb2	33	5	replicate-1
pb2	34	5	replicate-1
pb2	35	5	replicate-1
pb2	36	5	replicate-1
pb2	37	5	replicate-1
pb2	38	5	replicate-1
pb2	39	5	replicate-1
pb2	40	5	replicate-1
pb2	41	5	replicate-1
pb2	42	5	replicate-1
pb2	43	5	replicate-1
pb2	44	5	replicate-1
pb2	45	5	replicate-1
pb2	46	5	replicate-1
pb2	47	5	replicate-1
pb2	48	5	replicate-1
pb2	49	5	replicate-1
pb2	50	5	replicate-1
pb2	51	5	replicate-1
pb2	52	5	replicate-1
pb2	53	5	replicate-1
pb2	54	5	replicate-1
pb2	55	5	replicate-1
pb2	56	5	replicate-1
pb2	57	5	replicate-1
pb2	58	5	replicate-1
pb2	59	5	replicate-1
pb2	60	5	replicate-1
pb2	61	5	replicate-1
pb2	62	5	replicate-1
pb2	63	5	replicate-1
pb2	64	5	replicate-1
pb2	65	5	replicate-1
pb2	66	5	replicate-1
pb2	67	5	replicate-1
pb2	68	5	replicate-1
pb2	69	5	replicate-1
pb2	70	5	replicate-1
pb2	71	5	replicate-1
pb2	72	5	replicate-1
pb2	73	5	replicate-1
pb2	74	5	replicate-1
pb2	75	5	replicate-1
pb2	76	5	replicate-1
pb2	77	5	replicate-1
pb2	78	5	replicate-1
pb2	79	5	replicate-1
pb2	80	5	replicate-1
pb2	81	5	replicate-1
pb2	82	5	replicate-1
pb2	83	5	replicate-1
pb2	84	5	replicate-1
pb2	85	5	replicate-1
pb2	86	5	replicate-1
pb2	87	1	replicate-1
pb2	88	1	replicate-1
pb2	89	1	replicate-1
pb2	90	1	replicate-1
pb2	91	1	replicate-1
pb2	92	1	replicate-1
pb2	93	1	replicate-1
pb2	94	1	replicate-1
pb2	95	1	replicate-1
pb2	96	1	replicate-1
pb2	97	1	replicate-1
pb2	98	1	replicate-1
pb2	99	1	replicate-1
pb2	100	1	replicate-1
pb2	101	1	replicate-1
pb2	102	1	replicate-1
pb2	103	1	replicate-1
pb2	104	1	replicate-1
pb2	105	1	replicate-1
pb2	106	1	replicate-1
pb2	107	1	replicate-1
pb2	108	1	replicate-1
pb2	109	1	replicate-1
pb2	110	1	replicate-1
pb2	111	1	replicate-1
pb2	112	1	replicate-1
pb2	113	1	replicate-1
pb2	130	1	replicate-1
pb2	131	1	replicate-1
pb2	132	1	replicate-1
pb2	133	1	replicate-1
pb2	134	1	replicate-1
pb2	135	1	replicate-1
pb2	136	1	replicate-1
pb2	137	1	replicate-1
pb2	138	1	replicate-1
pb2	139	1	replicate-1
pb2	140	1	replicate-1
pb2	141	1	replicate-1
pb2	142	1	replicate-1
pb2	143	1	replicate-1
pb2	144	1	replicate-1
pb2	145	1	replicate-1
pb2	146	1	replicate-1
pb2	147	1	replicate-1
pb2	148	2	replicate-1
pb2	149	2	replicate-1
pb2	150	2	replicate-1
pb2	151	2	replicate-1
pb2	152	2	replicate-1
pb2	153	2	replicate-1
pb2	154	2	replicate-1
pb2	155	2	replicate-1
pb2	156	2	replicate-1
pb2	157	2	replicate-1
pb2	158	2	replicate-1
pb2	159	2	replicate-1
pb2	160	2	replicate-1
pb2	161	2	replicate-1
pb2	162	2	replicate-1
pb2	163	2	replicate-1
pb2	164	2	replicate-1
pb2	165	2	replicate-1
pb2	166	2	replicate-1
pb2	167	2	replicate-1
pb2	168	2	replicate-1
pb2	169	2	replicate-1
pb2	170	2	replicate-1
pb2	171	2	replicate-1
pb2	172	2	replicate-1
pb2	173	2	replicate-1
pb2	174	2	replicate-1
pb2	175	2	replicate-1
pb2	176	2	replicate-1
pb2	177	2	replicate-1
pb2	178	2	replicate-1
pb2	179	2	replicate-1
pb2	180	2	replicate-1
pb2	181	2	replicate-1
pb2	182	2	replicate-1
pb2	183	2	replicate-1
pb2	184	2	replicate-1
pb2	185	2	replicate-1
pb2	186	2	replicate-1
pb2	187	2	replicate-1
pb2	188	2	replicate-1
pb2	189	2	replicate-1
pb2	190	2	replicate-1
pb2	191	2	replicate-1
pb2	192	2	replicate-1
pb2	193	2	replicate-1
pb2	194	2	replicate-1
pb2	195	2	replicate-1
pb2	196	2	replicate-1
pb2	197	2	replicate-1
pb2	198	2	replicate-1
pb2	199	2	replicate-1
pb2	200	2	replicate-1
pb2	201	2	replicate-1
pb2	202	2	replicate-1
pb2	203	2	replicate-1
pb2	204	2	replicate-1
pb2	205	2	replicate-1
pb2	206	2	replicate-1
pb2	207	2	replicate-1
pb2	208	2	replicate-1
pb2	209	2	replicate-1
pb2	210	2	replicate-1
pb2	211	2	replicate-1
pb2	212	2	replicate-1
pb2	213	2	replicate-1
pb2	214	4	replicate-1
pb2	215	4	replicate-1
pb2	216	4	replicate-1
pb2	217	4	replicate-1
pb2	218	4	replicate-1
pb2	219	4	replicate-1
pb2	220	4	replicate-1
pb2	221	4	replicate-1
pb2	222	4	replicate-1
pb2	223	4	replicate-1
pb2	224	4	replicate-1
pb2	225	4	replicate-1
pb2	226	4	replicate-1
pb2	227	4	replicate-1
pb2	228	4	replicate-1
pb2	229	4	replicate-1
pb2	230	4	replicate-1
pb2	231	4	replicate-1
pb2	232	4	replicate-1
pb2	233	4	replicate-1
pb2	234	4	replicate-1
pb2	235	4	replicate-1
pb2	236	4	replicate-1
pb2	237	4	replicate-1
pb2	238	4	replicate-1
pb2	239	4	replicate-1
pb2	240	4	replicate-1
pb2	241	4	replicate-1
pb2	242	4	replicate-1
pb2	243	4	replicate-1
pb2	244	4	replicate-1
pb2	245	4	replicate-1
pb2	246	4	replicate-1
pb2	247	4	replicate-1
pb2	248	4	replicate-1
pb2	249	4	replicate-1
pb2	250	4	replicate-1
pb2	251	4	replicate-1
pb2	252	4	replicate-1
pb2	253	4	replicate-1
pb2	254	4	replicate-1
pb2	255	4	replicate-1
pb2	256	4	replicate-1
pb2	257	4	replicate-1
pb2	258	4	replicate-1
pb2	259	4	replicate-1
pb2	260	4	replicate-1
pb2	261	4	replicate-1
pb2	262	4	replicate-1
pb2	263	6	replicate-1
pb2	264	6	replicate-1
pb2	265	6	replicate-1
pb2	266	6	replicate-1
pb2	267	6	replicate-1
pb2	268	6	replicate-1
pb2	269	6	replicate-1
pb2	270	6	replicate-1
pb2	271	6	replicate-1
pb2	272	6	replicate-1
pb2	273	6	replicate-1
pb2	274	6	replicate-1
pb2	275	6	replicate-1
pb2	276	6	replicate-1
pb2	277	6	replicate-1
pb2	278	5	replicate-1
pb2	279	5	replicate-1
pb2	280	5	replicate-1
pb2	281	5	replicate-1
pb2	282	5	replicate-1
pb2	283	5	replicate-1
pb2	284	5	replicate-1
pb2	285	5	replicate-1
pb2	286	5	replicate-1
pb2	287	5	replicate-1
pb2	288	5	replicate-1
pb2	289	4	replicate-1
pb2	290	4	replicate-1
pb2	291	4	replicate-1
pb2	292	4	replicate-1
pb2	293	4	replicate-1
pb2	294	4	replicate-1
pb2	295	4	replicate-1
pb2	296	4	replicate-1
pb2	297	4	replicate-1
pb2	298	4	replicate-1
pb2	299	4	replicate-1
pb2	300	4	replicate-1
pb2	301	4	replicate-1
pb2	302	4	replicate-1
pb2	303	4	replicate-1
pb2	304	4	replicate-1
pb2	305	4	replicate-1
pb2	306	4	replicate-1
pb2	307	4	replicate-1
pb2	308	4	replicate-1
pb2	309	4	replicate-1
pb2	310	4	replicate-1
pb2	311	4	replicate-1
pb2	312	4	replicate-1
pb2	313	4	replicate-1
pb2	314	4	replicate-1
pb2	315	4	replicate-1
pb2	316	4	replicate-1
pb2	317	4	replicate-1
pb2	318	4	replicate-1
pb2	319	4	replicate-1
pb2	320	4	replicate-1
pb2	321	4	replicate-1
pb2	322	4	replicate-1
pb2	323	4	replicate-1
pb2	324	4	replicate-1
pb2	325	4	replicate-1
pb2	326	4	replicate-1
pb2	327	4	replicate-1
pb2	328	2	replicate-1
pb2	329	2	replicate-1
pb2	330	2	replicate-1
pb2	331	2	replicate-1
pb2	332	2	replicate-1
pb2	333	2	replicate-1
pb2	334	2	replicate-1
pb2	335	2	replicate-1
pb2	336	2	replicate-1
pb2	337	2	replicate-1
pb2	338	2	replicate-1
pb2	339	2	replicate-1
pb2	340	2	replicate-1
pb2	341	2	replicate-1
pb2	342	2	replicate-1
pb2	343	2	replicate-1
pb2	344	2	replicate-1
pb2	345	2	replicate-1
pb2	346	2	replicate-1
pb2	347	2	replicate-1
pb2	348	2	replicate-1
pb2	349	2	replicate-1
pb2	350	2	replicate-1
pb2	351	2	replicate-1
pb2	352	2	replicate-1
pb2	353	2	replicate-1
pb2	414	2	replicate-1
pb2	415	2	replicate-1
pb2	416	2	replicate-1
pb2	417	2	replicate-1
pb2	418	2	replicate-1
pb2	419	2	replicate-1
pb2	420	2	replicate-1
pb2	421	2	replicate-1
pb2	422	2	replicate-1
pb2	423	2	replicate-1
pb2	424	2	replicate-1
pb2	425	2	replicate-1
pb2	426	2	replicate-1
pb2	427	2	replicate-1
pb2	428	2	replicate-1
pb2	429	2	replicate-1
pb2	430	2	replicate-1
pb2	431	2	replicate-1
pb2	432	2	replicate-1
pb2	433	2	replicate-1
pb2	434	2	replicate-1
pb2	435	2	replicate-1
pb2	436	2	replicate-1
pb2	437	2	replicate-1
pb2	438	2	replicate-1
pb2	439	2	replicate-1
pb2	440	2	replicate-1
pb2	441	2	replicate-1
pb2	442	2	replicate-1
pb2	443	2	replicate-1
pb2	444	2	replicate-1
pb2	445	4	replicate-1
pb2	446	4	replicate-1
pb2	447	4	replicate-1
pb2	448	4	replicate-1
pb2	449	4	replicate-1
pb2	450	4	replicate-1
pb2	451	4	replicate-1
pb2	452	4	replicate-1
pb2	453	4	replicate-1
pb2	454	4	replicate-1
pb2	455	4	replicate-1
pb2	456	4	replicate-1
pb2	457	4	replicate-1
pb2	458	4	replicate-1
pb2	459	4	replicate-1
pb2	460	4	replicate-1
pb2	461	4	replicate-1
pb2	462	4	replicate-1
pb2	463	4	replicate-1
pb2	464	4	replicate-1
pb2	465	4	replicate-1
pb2	466	4	replicate-1
pb2	467	4	replicate-1
pb2	468	4	replicate-1
pb2	469	4	replicate-1
pb2	470	4	replicate-1
pb2	471	4	replicate-1
pb2	472	4	replicate-1
pb2	473	4	replicate-1
pb2	474	4	replicate-1
pb2	475	4	replicate-1
pb2	476	4	replicate-1
pb2	477	4	replicate-1
pb2	478	4	replicate-1
pb2	479	4	replicate-1
pb2	480	4	replicate-1
pb2	481	4	replicate-1
pb2	482	4	replicate-1
pb2	483	4	replicate-1
pb2	484	4	replicate-1
pb2	485	4	replicate-1
pb2	486	4	replicate-1
pb2	487	4	replicate-1
pb2	488	4	replicate-1
pb2	489	4	replicate-1
pb2	490	4	replicate-1
pb2	491	4	replicate-1
pb2	492	4	replicate-1
pb2	493	4	replicate-1
pb2	494	4	replicate-1
pb2	495	4	replicate-1
pb2	496	4	replicate-1
pb2	497	4	replicate-1
pb2	498	4	replicate-1
pb2	499	4	replicate-1
pb2	500	4	replicate-1
pb2	501	4	replicate-1
pb2	502	4	replicate-1
pb2	503	4	replicate-1
pb2	504	4	replicate-1
pb2	505	4	replicate-1
pb2	506	4	replicate-1
pb2	507	4	replicate-1
pb2	508	4	replicate-1
pb2	509	4	replicate-1
pb2	510	4	replicate-1
pb2	511	4	replicate-1
pb2	512	4	replicate-1
pb2	513	4	replicate-1
pb2	514	4	replicate-1
pb2	515	4	replicate-1
pb2	516	4	replicate-1
pb2	517	4	replicate-1
pb2	518	4	replicate-1
pb2	519	4	replicate-1
pb2	520	4	replicate-1
pb2	521	2	replicate-1
pb2	522	2	replicate-1
pb2	523	2	replicate-1
pb2	524	2	replicate-1
pb2	525	2	replicate-1
pb2	526	2	replicate-1
pb2	527	2	replicate-1
pb2	528	2	replicate-1
pb2	529	2	replicate-1
pb2	530	2	replicate-1
pb2	531	2	replicate-1
pb2	532	2	replicate-1
pb2	533	2	replicate-1
pb2	534	2	replicate-1
pb2	535	2	replicate-1
pb2	536	2	replicate-1
pb2	537	2	replicate-1
pb2	538	2	replicate-1
pb2	539	2	replicate-1
pb2	540	2	replicate-1
pb2	541	2	replicate-1
pb2	542	2	replicate-1
pb2	742	1	replicate-1
pb2	743	1	replicate-1
pb2	744	1	replicate-1
pb2	745	1	replicate-1
pb2	746	1	replicate-1
pb2	747	1	replicate-1
pb2	748	1	replicate-1
pb2	749	1	replicate-1
pb2	750	1	replicate-1
pb2	751	1	replicate-1
pb2	752	1	replicate-1
pb2	753	1	replicate-1
pb2	754	1	replicate-1
pb2	755	1	replicate-1
pb2	756	1	replicate-1
pb2	757	1	replicate-1
pb2	758	1	replicate-1
pb2	759	1	replicate-1
pb2	760	1	replicate-1
pb2	761	1	replicate-1
pb2	762	1	replicate-1
pb2	763	1	replicate-1
pb2	764	1	replicate-1
pb2	765	1	replicate-1
pb2	766	1	replicate-1
pb2	767	1	replicate-1
pb2	768	1	replicate-1
pb2	769	1	replicate-1
pb2	770	1	replicate-1
pb2	771	1	replicate-1
pb2	772	1	replicate-1
pb2	773	1	replicate-1
pb2	774	1	replicate-1
pb2	775	1	replicate-1
pb2	776	1	replicate-1
pb2	777	1	replicate-1
pb2	778	1	replicate-1
pb2	779	1	replicate-1
pb2	780	1	replicate-1
pb2	781	1	replicate-1
pb2	782	1	replicate-1
pb2	783	1	replicate-1
pb2	784	1	replicate-1
pb2	785	1	replicate-1
pb2	786	1	replicate-1
pb2	787	1	replicate-1
pb2	788	1	replicate-1
pb2	789	1	replicate-1
pb2	790	1	replicate-1
pb2	791	1	replicate-1
pb2	792	1	replicate-1
pb2	793	1	replicate-1
pb2	794	1	replicate-1
pb2	795	1	replicate-1
pb2	796	1	replicate-1
pb2	797	1	replicate-1
pb2	798	1	replicate-1
pb2	799	1	replicate-1
pb2	800	1	replicate-1
pb2	801	1	replicate-1
pb2	802	1	replicate-1
pb2	803	1	replicate-1
pb2	804	1	replicate-1
pb2	805	1	replicate-1
pb2	806	1	replicate-1
pb2	807	1	replicate-1
pb2	808	1	replicate-1
pb2	809	1	replicate-1
pb2	810	1	replicate-1
pb2	811	1	replicate-1
pb2	812	1	replicate-1
pb2	813	1	replicate-1
pb2	814	1	replicate-1
pb2	815	1	replicate-1
pb2	816	1	replicate-1
pb2	817	1	replicate-1
pb2	818	1	replicate-1
pb2	819	1	replicate-1
pb2	820	1	replicate-1
pb2	821	1	replicate-1
pb2	822	1	replicate-1
pb2	823	1	replicate-1
pb2	824	1	replicate-1
pb2	825	1	replicate-1
pb2	826	1	replicate-1
pb2	827	1	replicate-1
pb2	828	1	replicate-1
pb2	829	1	replicate-1
pb2	830	1	replicate-1
pb2	831	1	replicate-1
pb2	832	2	replicate-1
pb2	833	3	replicate-1
pb2	834	3	replicate-1
pb2	835	3	replicate-1
pb2	836	3	replicate-1
pb2	837	3	replicate-1
pb2	838	3	replicate-1
pb2	839	3	replicate-1
pb2	840	3	replicate-1
pb2	841	3	replicate-1
pb2	842	3	replicate-1
pb2	843	3	replicate-1
pb2	844	3	replicate-1
pb2	845	3	replicate-1
pb2	846	3	replicate-1
pb2	847	3	replicate-1
pb2	848	3	replicate-1
pb2	849	3	replicate-1
pb2	850	3	replicate-1
pb2	851	3	replicate-1
pb2	852	3	replicate-1
pb2	853	3	replicate-1
pb2	854	3	replicate-1
pb2	855	3	replicate-1
pb2	856	3	replicate-1
pb2	857	3	replicate-1
pb2	858	3	replicate-1
pb2	859	3	replicate-1
pb2	860	3	replicate-1
pb2	861	3	replicate-1
pb2	862	3	replicate-1
pb2	863	3	replicate-1
pb2	864	3	replicate-1
pb2	865	4	replicate-1
pb2	866	4	replicate-1
pb2	867	4	replicate-1
pb2	868	4	replicate-1
pb2	869	4	replicate-1
pb2	870	4	replicate-1
pb2	871	4	replicate-1
pb2	872	4	replicate-1
pb2	873	4	replicate-1
pb2	874	4	replicate-1
pb2	875	4	replicate-1
pb2	876	4	replicate-1
pb2	877	4	replicate-1
pb2	878	4	replicate-1
pb2	879	4	replicate-1
pb2	880	4	replicate-1
pb2	881	3	replicate-1
pb2	882	3	replicate-1
pb2	883	3	replicate-1
pb2	884	3	replicate-1
pb2	885	3	replicate-1
pb2	886	3	replicate-1
pb2	887	3	replicate-1
pb2	888	3	replicate-1
pb2	889	3	replicate-1
pb2	890	3	replicate-1
pb2	891	3	replicate-1
pb2	892	3	replicate-1
pb2	893	3	replicate-1
pb2	894	3	replicate-1
pb2	895	3	replicate-1
pb2	896	3	replicate-1
pb2	897	3	replicate-1
pb2	898	3	replicate-1
pb2	899	3	replicate-1
pb2	900	3	replicate-1
pb2	901	3	replicate-1
pb2	902	3	replicate-1
pb2	903	3	replicate-1
pb2	904	3	replicate-1
pb2	905	3	replicate-1
pb2	906	3	replicate-1
pb2	907	3	replicate-1
pb2	908	3	replicate-1
pb2	909	3	replicate-1
pb2	910	3	replicate-1
pb2	911	3	replicate-1
pb2	912	3	replicate-1
pb2	913	3	replicate-1
pb2	914	3	replicate-1
pb2	915	3	replicate-1
pb2	916	3	replicate-1
pb2	917	3	replicate-1
pb2	918	3	replicate-1
pb2	919	3	replicate-1
pb2	920	3	replicate-1
pb2	921	3	replicate-1
pb2	922	3	replicate-1
pb2	923	3	replicate-1
pb2	924	3	replicate-1
pb2	925	3	replicate-1
pb2	926	3	replicate-1
pb2	927	3	replicate-1
pb2	928	3	replicate-1
pb2	929	3	replicate-1
pb2	930	3	replicate-1
pb2	931	3	replicate-1
pb2	932	3	replicate-1
pb2	933	3	replicate-1
pb2	934	3	replicate-1
pb2	935	3	replicate-1
pb2	936	2	replicate-1
pb2	937	2	replicate-1
pb2	938	2	replicate-1
pb2	939	2	replicate-1
pb2	940	2	replicate-1
pb2	941	2	replicate-1
pb2	942	2	replicate-1
pb2	943	2	replicate-1
pb2	944	2	replicate-1
pb2	945	2	replicate-1
pb2	946	2	replicate-1
pb2	947	2	replicate-1
pb2	948	2	replicate-1
pb2	949	2	replicate-1
pb2	950	2	replicate-1
pb2	951	2	replicate-1
pb2	952	2	replicate-1
pb2	953	2	replicate-1
pb2	954	2	replicate-1
pb2	955	2	replicate-1
pb2	956	2	replicate-1
pb2	957	2	replicate-1
pb2	958	2	replicate-1
pb2	959	2	replicate-1
pb2	960	2	replicate-1
pb2	1075	1	replicate-1
pb2	1076	1	replicate-1
pb2	1077	1	replicate-1
pb2	1078	1	replicate-1
pb2	1079	1	replicate-1
pb2	1080	1	replicate-1
pb2	1081	1	replicate-1
pb2	1082	1	replicate-1
pb2	1083	2	replicate-1
pb2	1084	3	replicate-1
pb2	1085	3	replicate-1
pb2	1086	3	replicate-1
pb2	1087	3	replicate-1
pb2	1088	3	replicate-1
pb2	1089	3	replicate-1
pb2	1090	3	replicate-1
pb2	1091	3	replicate-1
pb2	1092	3	replicate-1
pb2	1093	3	replicate-1
pb2	1094	3	replicate-1
pb2	1095	9	replicate-1
pb2	1096	189	replicate-1
pb2	1097	191	replicate-1
pb2	1098	205	replicate-1
pb2	1099	224	replicate-1
pb2	1100	229	replicate-1
pb2	1101	272	replicate-1
pb2	1102	410	replicate-1
pb2	1103	855	replicate-1
pb2	1104	919	replicate-1
pb2	1105	936	replicate-1
pb2	1106	986	replicate-1
pb2	1107	990	replicate-1
pb2	1108	1171	replicate-1
pb2	1109	1182	replicate-1
pb2	1110	1194	replicate-1
pb2	1111	1285	replicate-1
pb2	1112	1301	replicate-1
pb2	1113	1379	replicate-1
pb2	1114	1388	replicate-1
pb2	1115	1512	replicate-1
pb2	1116	1615	replicate-1
pb2	1117	1625	replicate-1
pb2	1118	1683	replicate-1
pb2	1119	1692	replicate-1
pb2	1120	1725	replicate-1
pb2	1121	1738	replicate-1
pb2	1122	1860	replicate-1
pb2	1123	1969	replicate-1
pb2	1124	1974	replicate-1
pb2	1125	1998	replicate-1
pb2	1126	2023	replicate-1
pb2	1127	2118	replicate-1
pb2	1128	2146	replicate-1
pb2	1129	2151	replicate-1
pb2	1130	2172	replicate-1
pb2	1131	2179	replicate-1
pb2	1132	2182	replicate-1
pb2	1133	2225	replicate-1
pb2	1134	2233	replicate-1
pb2	1135	2244	replicate-1
pb2	1136	2253	replicate-1
pb2	1137	2254	replicate-1
pb2	1138	2260	replicate-1
pb2	1139	2280	replicate-1
pb2	1140	2288	replicate-1
pb2	1141	2301	replicate-1
pb2	1142	2304	replicate-1
pb2	1143	2311	replicate-1
pb2	1144	2605	replicate-1
pb2	1145	2653	replicate-1
pb2	1146	2660	replicate-1
pb2	1147	2667	replicate-1
pb2	1148	2666	replicate-1
pb2	1149	2700	replicate-1
pb2	1150	2709	replicate-1
pb2	1151	2722	replicate-1
pb2	1152	2731	replicate-1
pb2	1153	2698	replicate-1
pb2	1154	2701	replicate-1
pb2	1155	2704	replicate-1
pb2	1156	2751	replicate-1
pb2	1157	2759	replicate-1
pb2	1158	2752	replicate-1
pb2	1159	2770	replicate-1
pb2	1160	2951	replicate-1
pb2	1161	2948	replicate-1
pb2	1162	2947	replicate-1
pb2	1163	2956	replicate-1
pb2	1164	2960	replicate-1
pb2	1165	2958	replicate-1
pb2	1166	3000	replicate-1
pb2	1167	3003	replicate-1
pb2	1168	3020	replicate-1
pb2	1169	2935	replicate-1
pb2	1170	2985	replicate-1
pb2	1171	3006	replicate-1
pb2	1172	3000	replicate-1
pb2	1173	3008	replicate-1
pb2	1174	3017	replicate-1
pb2	1175	3260	replicate-1
pb2	1176	3340	replicate-1
pb2	1177	3344	replicate-1
pb2	1178	3346	replicate-1
pb2	1179	3327	replicate-1
pb2	1180	3363	replicate-1
pb2	1181	3368	replicate-1
pb2	1182	3321	replicate-1
pb2	1183	3349	replicate-1
pb2	1184	3105	replicate-1
pb2	1185	3099	replicate-1
pb2	1186	3096	replicate-1
pb2	1187	3160	replicate-1
pb2	1188	3162	replicate-1
pb2	1189	3145	replicate-1
pb2	1190	3138	replicate-1
pb2	1191	3124	replicate-1
pb2	1192	3094	replicate-1
pb2	1193	3126	replicate-1
pb2	1194	3120	replicate-1
pb2	1195	3132	replicate-1
pb2	1196	3082	replicate-1
pb2	1197	3103	replicate-1
pb2	1198	3110	replicate-1
pb2	1199	3091	replicate-1
pb2	1200	3078	replicate-1
pb2	1201	3079	replicate-1
pb2	1202	3058	replicate-1
pb2	1203	3173	replicate-1
pb2	1204	3146	replicate-1
pb2	1205	3136	replicate-1
pb2	1206	3045	replicate-1
pb2	1207	3043	replicate-1
pb2	1208	3046	replicate-1
pb2	1209	3011	replicate-1
pb2	1210	3007	replicate-1
pb2	1211	3004	replicate-1
pb2	1212	2909	replicate-1
pb2	1213	2900	replicate-1
pb2	1214	2886	replicate-1
pb2	1215	2934	replicate-1
pb2	1216	2969	replicate-1
pb2	1217	3077	replicate-1
pb2	1218	3058	replicate-1
pb2	1219	3102	replicate-1
pb2	1220	3112	replicate-1
pb2	1221	3156	replicate-1
pb2	1222	3264	replicate-1
pb2	1223	3285	replicate-1
pb2	1224	3207	replicate-1
pb2	1225	3206	replicate-1
pb2	1226	3058	replicate-1
pb2	1227	3082	replicate-1
pb2	1228	3083	replicate-1
pb2	1229	3092	replicate-1
pb2	1230	3085	replicate-1
pb2	1231	3090	replicate-1
pb2	1232	3115	replicate-1
pb2	1233	3154	replicate-1
pb2	1234	3309	replicate-1
pb2	1235	3307	replicate-1
pb2	1236	3303	replicate-1
pb2	1237	3286	replicate-1
pb2	1238	3370	replicate-1
pb2	1239	3422	replicate-1
pb2	1240	3383	replicate-1
pb2	1241	3490	replicate-1
pb2	1242	3459	replicate-1
pb2	1243	3517	replicate-1
pb2	1244	3466	replicate-1
pb2	1245	3454	replicate-1
pb2	1246	3462	replicate-1
pb2	1247	3408	replicate-1
pb2	1248	3442	replicate-1
pb2	1249	3442	replicate-1
pb2	1250	3339	replicate-1
pb2	1251	3371	replicate-1
pb2	1252	3300	replicate-1
pb2	1253	3349	replicate-1
pb2	1254	3331	replicate-1
pb2	1255	3317	replicate-1
pb2	1256	3386	replicate-1
pb2	1257	3547	replicate-1
pb2	1258	3584	replicate-1
pb2	1259	3570	replicate-1
pb2	1260	3521	replicate-1
pb2	1261	3503	replicate-1
pb2	1262	3451	replicate-1
pb2	1263	3454	replicate-1
pb2	1264	3449	replicate-1
pb2	1265	3435	replicate-1
pb2	1266	3264	replicate-1
pb2	1267	3341	replicate-1
pb2	1268	3343	replicate-1
pb2	1269	3349	replicate-1
pb2	1270	3394	replicate-1
pb2	1271	3378	replicate-1
pb2	1272	3387	replicate-1
pb2	1273	3381	replicate-1
pb2	1274	3383	replicate-1
pb2	1275	3346	replicate-1
pb2	1276	3356	replicate-1
pb2	1277	3355	replicate-1
pb2	1278	3385	replicate-1
pb2	1279	3377	replicate-1
pb2	1280	3364	replicate-1
pb2	1281	3434	replicate-1
pb2	1282	3433	replicate-1
pb2	1283	3433	replicate-1
pb2	1284	3428	replicate-1
pb2	1285	3416	replicate-1
pb2	1286	3415	replicate-1
pb2	1287	3398	replicate-1
pb2	1288	3416	replicate-1
pb2	1289	3420	replicate-1
pb2	1290	3411	replicate-1
pb2	1291	3347	replicate-1
pb2	1292	3340	replicate-1
pb2	1293	3333	replicate-1
pb2	1294	3295	replicate-1
pb2	1295	3367	replicate-1
pb2	1296	3372	replicate-1
pb2	1297	3384	replicate-1
pb2	1298	3386	replicate-1
pb2	1299	3340	replicate-1
pb2	1300	3334	replicate-1
pb2	1301	3336	replicate-1
pb2	1302	3338	replicate-1
pb2	1303	3345	replicate-1
pb2	1304	3245	replicate-1
pb2	1305	3244	replicate-1
pb2	1306	3270	replicate-1
pb2	1307	3274	replicate-1
pb2	1308	3311	replicate-1
pb2	1309	3296	replicate-1
pb2	1310	3272	replicate-1
pb2	1311	3293	replicate-1
pb2	1312	3263	replicate-1
pb2	1313	3354	replicate-1
pb2	1314	3354	replicate-1
pb2	1315	3387	replicate-1
pb2	1316	3403	replicate-1
pb2	1317	3323	replicate-1
pb2	1318	3315	replicate-1
pb2	1319	3317	replicate-1
pb2	1320	3358	replicate-1
pb2	1321	3390	replicate-1
pb2	1322	3310	replicate-1
pb2	1323	3313	replicate-1
pb2	1324	3303	replicate-1
pb2	1325	3260	replicate-1
pb2	1326	3335	replicate-1
pb2	1327	3349	replicate-1
pb2	1328	3358	replicate-1
pb2	1329	3438	replicate-1
pb2	1330	3409	replicate-1
pb2	1331	3404	replicate-1
pb2	1332	3411	replicate-1
pb2	1333	3401	replicate-1
pb2	1334	3395	replicate-1
pb2	1335	3218	replicate-1
pb2	1336	3214	replicate-1
pb2	1337	3129	replicate-1
pb2	1338	3420	replicate-1
pb2	1339	3418	replicate-1
pb2	1340	3468	replicate-1
pb2	1341	3486	replicate-1
pb2	1342	3494	replicate-1
pb2	1343	3481	replicate-1
pb2	1344	3487	replicate-1
pb2	1345	3492	replicate-1
pb2	1346	3485	replicate-1
pb2	1347	3435	replicate-1
pb2	1348	3200	replicate-1
pb2	1349	3322	replicate-1
pb2	1350	3338	replicate-1
pb2	1351	3351	replicate-1
pb2	1352	3401	replicate-1
pb2	1353	3397	replicate-1
pb2	1354	3383	replicate-1
pb2	1355	3381	replicate-1
pb2	1356	3328	replicate-1
pb2	1357	3336	replicate-1
pb2	1358	3289	replicate-1
pb2	1359	3308	replicate-1
pb2	1360	3314	replicate-1
pb2	1361	3290	replicate-1
pb2	1362	3313	replicate-1
pb2	1363	3342	replicate-1
pb2	1364	3392	replicate-1
pb2	1365	3412	replicate-1
pb2	1366	3409	replicate-1
pb2	1367	3401	replicate-1
pb2	1368	3441	replicate-1
pb2	1369	3473	replicate-1
pb2	1370	3477	replicate-1
pb2	1371	3491	replicate-1
pb2	1372	3457	replicate-1
pb2	1373	3498	replicate-1
pb2	1374	3499	replicate-1
pb2	1375	3503	replicate-1
pb2	1376	3551	replicate-1
pb2	1377	3556	replicate-1
pb2	1378	3574	replicate-1
pb2	1379	3573	replicate-1
pb2	1380	3577	replicate-1
pb2	1381	3563	replicate-1
pb2	1382	3525	replicate-1
pb2	1383	3578	replicate-1
pb2	1384	3626	replicate-1
pb2	1385	3611	replicate-1
pb2	1386	3670	replicate-1
pb2	1387	3661	replicate-1
pb2	1388	3725	replicate-1
pb2	1389	3731	replicate-1
pb2	1390	3777	replicate-1
pb2	1391	3749	replicate-1
pb2	1392	3765	replicate-1
pb2	1393	3671	replicate-1
pb2	1394	3728	replicate-1
pb2	1395	3701	replicate-1
pb2	1396	3782	replicate-1
pb2	1397	3764	replicate-1
pb2	1398	3806	replicate-1
pb2	1399	3792	replicate-1
pb2	1400	3776	replicate-1
pb2	1401	3789	replicate-1
pb2	1402	3795	replicate-1
pb2	1403	3818	replicate-1
pb2	1404	3776	replicate-1
pb2	1405	3733	replicate-1
pb2	1406	3716	replicate-1
pb2	1407	3776	replicate-1
pb2	1408	3773	replicate-1
pb2	1409	3799	replicate-1
pb2	1410	3812	replicate-1
pb2	1411	3816	replicate-1
pb2	1412	3972	replicate-1
pb2	1413	3989	replicate-1
pb2	1414	4042	replicate-1
pb2	1415	4039	replicate-1
pb2	1416	3943	replicate-1
pb2	1417	3963	replicate-1
pb2	1418	3986	replicate-1
pb2	1419	4067	replicate-1
pb2	1420	4066	replicate-1
pb2	1421	4013	replicate-1
pb2	1422	3960	replicate-1
pb2	1423	3969	replicate-1
pb2	1424	4123	replicate-1
pb2	1425	4132	replicate-1
pb2	1426	4108	replicate-1
pb2	1427	4090	replicate-1
pb2	1428	4061	replicate-1
pb2	1429	4085	replicate-1
pb2	1430	4107	replicate-1
pb2	1431	4134	replicate-1
pb2	1432	4151	replicate-1
pb2	1433	4072	replicate-1
pb2	1434	4092	replicate-1
pb2	1435	4093	replicate-1
pb2	1436	4160	replicate-1
pb2	1437	4155	replicate-1
pb2	1438	4181	replicate-1
pb2	1439	4197	replicate-1
pb2	1440	4168	replicate-1
pb2	1441	4173	replicate-1
pb2	1442	4205	replicate-1
pb2	1443	4211	replicate-1
pb2	1444	4219	replicate-1
pb2	1445	4155	replicate-1
pb2	1446	4214	replicate-1
pb2	1447	4327	replicate-1
pb2	1448	4406	replicate-1
pb2	1449	4413	replicate-1
pb2	1450	4420	replicate-1
pb2	1451	4403	replicate-1
pb2	1452	4415	replicate-1
pb2	1453	4398	replicate-1
pb2	1454	4423	replicate-1
pb2	1455	4424	replicate-1
pb2	1456	4326	replicate-1
pb2	1457	4546	replicate-1
pb2	1458	4547	replicate-1
pb2	1459	4564	replicate-1
pb2	1460	4555	replicate-1
pb2	1461	4475	replicate-1
pb2	1462	4458	replicate-1
pb2	1463	4499	replicate-1
pb2	1464	4466	replicate-1
pb2	1465	4496	replicate-1
pb2	1466	4257	replicate-1
pb2	1467	4317	replicate-1
pb2	1468	4307	replicate-1
pb2	1469	4372	replicate-1
pb2	1470	4379	replicate-1
pb2	1471	4350	replicate-1
pb2	1472	4330	replicate-1
pb2	1473	4390	replicate-1
pb2	1474	4357	replicate-1
pb2	1475	4357	replicate-1
pb2	1476	4311	replicate-1
pb2	1477	4339	replicate-1
pb2	1478	4410	replicate-1
pb2	1479	4344	replicate-1
pb2	1480	4365	replicate-1
pb2	1481	4371	replicate-1
pb2	1482	4315	replicate-1
pb2	1483	4467	replicate-1
pb2	1484	4469	replicate-1
pb2	1485	4472	replicate-1
pb2	1486	4548	replicate-1
pb2	1487	4463	replicate-1
pb2	1488	4490	replicate-1
pb2	1489	4452	replicate-1
pb2	1490	4436	replicate-1
pb2	1491	5355	replicate-1
pb2	1492	5249	replicate-1
pb2	1493	5379	replicate-1
pb2	1494	5379	replicate-1
pb2	1495	5317	replicate-1
pb2	1496	5480	replicate-1
pb2	1497	5477	replicate-1
pb2	1498	5485	replicate-1
pb2	1499	5470	replicate-1
pb2	1500	4719	replicate-1
pb2	1501	4739	replicate-1
pb2	1502	4639	replicate-1
pb2	1503	4653	replicate-1
pb2	1504	4639	replicate-1
pb2	1505	4610	replicate-1
pb2	1506	4644	replicate-1
pb2	1507	4665	replicate-1
pb2	1508	4709	replicate-1
pb2	1509	4722	replicate-1
pb2	1510	4949	replicate-1
pb2	1511	4925	replicate-1
pb2	1512	4997	replicate-1
pb2	1513	5005	replicate-1
pb2	1514	4851	replicate-1
pb2	1515	4855	replicate-1
pb2	1516	4825	replicate-1
pb2	1517	4832	replicate-1
pb2	1518	4844	replicate-1
pb2	1519	4669	replicate-1
pb2	1520	4656	replicate-1
pb2	1521	4540	replicate-1
pb2	1522	4537	replicate-1
pb2	1523	4519	replicate-1
pb2	1524	4527	replicate-1
pb2	1525	4519	replicate-1
pb2	1526	4532	replicate-1
pb2	1527	4665	replicate-1
pb2	1528	4707	replicate-1
pb2	1529	4739	replicate-1
pb2	1530	4762	replicate-1
pb2	1531	4801	replicate-1
pb2	1532	4813	replicate-1
pb2	1533	4827	replicate-1
pb2	1534	4840	replicate-1
pb2	1535	4847	replicate-1
pb2	1536	4629	replicate-1
pb2	1537	4707	replicate-1
pb2	1538	4698	replicate-1
pb2	1539	4731	replicate-1
pb2	1540	4733	replicate-1
pb2	1541	4730	replicate-1
pb2	1542	4733	replicate-1
pb2	1543	4737	replicate-1
pb2	1544	4698	replicate-1
pb2	1545	4722	replicate-1
pb2	1546	4666	replicate-1
pb2	1547	4606	replicate-1
pb2	1548	4501	replicate-1
pb2	1549	4521	replicate-1
pb2	1550	4514	replicate-1
pb2	1551	4576	replicate-1
pb2	1552	4566	replicate-1
pb2	1553	4643	replicate-1
pb2	1554	4669	replicate-1
pb2	1555	4623	replicate-1
pb2	1556	4939	replicate-1
pb2	1557	4933	replicate-1
pb2	1558	5354	replicate-1
pb2	1559	5346	replicate-1
pb2	1560	5262	replicate-1
pb2	1561	5273	replicate-1
pb2	1562	5197	replicate-1
pb2	1563	5234	replicate-1
pb2	1564	5232	replicate-1
pb2	1565	4956	replicate-1
pb2	1566	4968	replicate-1
pb2	1567	4663	replicate-1
pb2	1568	4753	replicate-1
pb2	1569	4728	replicate-1
pb2	1570	4770	replicate-1
pb2	1571	4778	replicate-1
pb2	1572	4749	replicate-1
pb2	1573	4771	replicate-1
pb2	1574	4767	replicate-1
pb2	1575	4748	replicate-1
pb2	1576	4756	replicate-1
pb2	1577	4655	replicate-1
pb2	1578	4693	replicate-1
pb2	1579	4690	replicate-1
pb2	1580	4657	replicate-1
pb2	1581	4690	replicate-1
pb2	1582	4681	replicate-1
pb2	1583	4701	replicate-1
pb2	1584	4702	replicate-1
pb2	1585	4692	replicate-1
pb2	1586	4684	replicate-1
pb2	1587	4666	replicate-1
pb2	1588	4669	replicate-1
pb2	1589	4692	replicate-1
pb2	1590	4678	replicate-1
pb2	1591	4701	replicate-1
pb2	1592	4667	replicate-1
pb2	1593	4669	replicate-1
pb2	1594	4675	replicate-1
pb2	1595	4869	replicate-1
pb2	1596	4878	replicate-1
pb2	1597	4830	replicate-1
pb2	1598	4843	replicate-1
pb2	1599	4768	replicate-1
pb2	1600	4827	replicate-1
pb2	1601	4821	replicate-1
pb2	1602	4842	replicate-1
pb2	1603	4774	replicate-1
pb2	1604	4567	replicate-1
pb2	1605	4532	replicate-1
pb2	1606	4533	replicate-1
pb2	1607	4489	replicate-1
pb2	1608	4550	replicate-1
pb2	1609	4481	replicate-1
pb2	1610	4482	replicate-1
pb2	1611	4440	replicate-1
pb2	1612	4460	replicate-1
pb2	1613	4483	replicate-1
pb2	1614	4587	replicate-1
pb2	1615	4554	replicate-1
pb2	1616	4546	replicate-1
pb2	1617	4487	replicate-1
pb2	1618	4479	replicate-1
pb2	1619	4465	replicate-1
pb2	1620	4500	replicate-1
pb2	1621	4455	replicate-1
pb2	1622	4457	replicate-1
pb2	1623	4384	replicate-1
pb2	1624	4382	replicate-1
pb2	1625	4393	replicate-1
pb2	1626	4390	replicate-1
pb2	1627	4470	replicate-1
pb2	1628	4471	replicate-1
pb2	1629	4408	replicate-1
pb2	1630	4423	replicate-1
pb2	1631	4419	replicate-1
pb2	1632	4424	replicate-1
pb2	1633	4407	replicate-1
pb2	1634	4359	replicate-1
pb2	1635	4373	replicate-1
pb2	1636	4273	replicate-1
pb2	1637	4254	replicate-1
pb2	1638	4269	replicate-1
pb2	1639	4267	replicate-1
pb2	1640	4152	replicate-1
pb2	1641	4176	replicate-1
pb2	1642	4070	replicate-1
pb2	1643	4062	replicate-1
pb2	1644	4084	replicate-1
pb2	1645	4064	replicate-1
pb2	1646	4062	replicate-1
pb2	1647	4030	replicate-1
pb2	1648	4028	replicate-1
pb2	1649	4183	replicate-1
pb2	1650	4087	replicate-1
pb2	1651	4091	replicate-1
pb2	1652	4089	replicate-1
pb2	1653	4034	replicate-1
pb2	1654	4090	replicate-1
pb2	1655	4080	replicate-1
pb2	1656	4081	replicate-1
pb2	1657	4051	replicate-1
pb2	1658	3887	replicate-1
pb2	1659	3901	replicate-1
pb2	1660	4135	replicate-1
pb2	1661	4102	replicate-1
pb2	1662	4173	replicate-1
pb2	1663	4106	replicate-1
pb2	1664	4160	replicate-1
pb2	1665	4423	replicate-1
pb2	1666	4523	replicate-1
pb2	1667	4528	replicate-1
pb2	1668	4559	replicate-1
pb2	1669	4392	replicate-1
pb2	1670	4749	replicate-1
pb2	1671	4752	replicate-1
pb2	1672	4925	replicate-1
pb2	1673	4992	replicate-1
pb2	1674	4736	replicate-1
pb2	1675	4729	replicate-1
pb2	1676	4743	replicate-1
pb2	1677	4765	replicate-1
pb2	1678	4749	replicate-1
pb2	1679	4482	replicate-1
pb2	1680	4568	replicate-1
pb2	1681	4466	replicate-1
pb2	1682	4482	replicate-1
pb2	1683	4529	replicate-1
pb2	1684	4547	replicate-1
pb2	1685	4517	replicate-1
pb2	1686	4475	replicate-1
pb2	1687	4620	replicate-1
pb2	1688	4617	replicate-1
pb2	1689	4568	replicate-1
pb2	1690	4502	replicate-1
pb2	1691	4513	replicate-1
pb2	1692	4507	replicate-1
pb2	1693	4508	replicate-1
pb2	1694	4495	replicate-1
pb2	1695	4571	replicate-1
pb2	1696	4480	replicate-1
pb2	1697	4493	replicate-1
pb2	1698	4497	replicate-1
pb2	1699	4504	replicate-1
pb2	1700	4490	replicate-1
pb2	1701	4476	replicate-1
pb2	1702	4466	replicate-1
pb2	1703	4463	replicate-1
pb2	1704	4419	replicate-1
pb2	1705	4450	replicate-1
pb2	1706	4441	replicate-1
pb2	1707	4402	replicate-1
pb2	1708	4380	replicate-1
pb2	1709	4345	replicate-1
pb2	1710	4328	replicate-1
pb2	1711	4342	replicate-1
pb2	1712	4297	replicate-1
pb2	1713	4290	replicate-1
pb2	1714	4269	replicate-1
pb2	1715	4249	replicate-1
pb2	1716	4253	replicate-1
pb2	1717	4270	replicate-1
pb2	1718	4306	replicate-1
pb2	1719	4328	replicate-1
pb2	1720	4292	replicate-1
pb2	1721	4318	replicate-1
pb2	1722	4332	replicate-1
pb2	1723	4369	replicate-1
pb2	1724	4365	replicate-1
pb2	1725	4368	replicate-1
pb2	1726	4390	replicate-1
pb2	1727	4329	replicate-1
pb2	1728	4327	replicate-1
pb2	1729	4322	replicate-1
pb2	1730	4341	replicate-1
pb2	1731	4327	replicate-1
pb2	1732	4296	replicate-1
pb2	1733	4299	replicate-1
pb2	1734	4281	replicate-1
pb2	1735	4488	replicate-1
pb2	1736	4453	replicate-1
pb2	1737	4603	replicate-1
pb2	1738	4604	replicate-1
pb2	1739	4539	replicate-1
pb2	1740	4996	replicate-1
pb2	1741	4993	replicate-1
pb2	1742	4978	replicate-1
pb2	1743	5022	replicate-1
pb2	1744	4573	replicate-1
pb2	1745	4686	replicate-1
pb2	1746	4435	replicate-1
pb2	1747	4372	replicate-1
pb2	1748	4323	replicate-1
pb2	1749	3873	replicate-1
pb2	1750	3840	replicate-1
pb2	1751	3819	replicate-1
pb2	1752	3773	replicate-1
pb2	1753	3814	replicate-1
pb2	1754	3706	replicate-1
pb2	1755	3762	replicate-1
pb2	1756	3722	replicate-1
pb2	1757	3730	replicate-1
pb2	1758	3691	replicate-1
pb2	1759	3683	replicate-1
pb2	1760	3713	replicate-1
pb2	1761	3713	replicate-1
pb2	1762	3717	replicate-1
pb2	1763	3693	replicate-1
pb2	1764	3753	replicate-1
pb2	1765	3786	replicate-1
pb2	1766	3797	replicate-1
pb2	1767	3803	replicate-1
pb2	1768	3794	replicate-1
pb2	1769	3773	replicate-1
pb2	1770	3784	replicate-1
pb2	1771	3791	replicate-1
pb2	1772	3857	replicate-1
pb2	1773	3787	replicate-1
pb2	1774	3777	replicate-1
pb2	1775	3769	replicate-1
pb2	1776	3789	replicate-1
pb2	1777	3834	replicate-1
pb2	1778	3860	replicate-1
pb2	1779	4010	replicate-1
pb2	1780	3998	replicate-1
pb2	1781	3972	replicate-1
pb2	1782	3969	replicate-1
pb2	1783	3968	replicate-1
pb2	1784	3956	replicate-1
pb2	1785	3980	replicate-1
pb2	1786	3964	replicate-1
pb2	1787	3897	replicate-1
pb2	1788	3839	replicate-1
pb2	1789	3846	replicate-1
pb2	1790	3837	replicate-1
pb2	1791	3885	replicate-1
pb2	1792	3873	replicate-1
pb2	1793	3887	replicate-1
pb2	1794	3877	replicate-1
pb2	1795	4170	replicate-1
pb2	1796	4219	replicate-1
pb2	1797	4171	replicate-1
pb2	1798	4218	replicate-1
pb2	1799	4202	replicate-1
pb2	1800	4433	replicate-1
pb2	1801	4448	replicate-1
pb2	1802	4432	replicate-1
pb2	1803	4468	replicate-1
pb2	1804	4034	replicate-1
pb2	1805	4052	replicate-1
pb2	1806	4013	replicate-1
pb2	1807	4090	replicate-1
pb2	1808	4104	replicate-1
pb2	1809	4061	replicate-1
pb2	1810	3951	replicate-1
pb2	1811	4018	replicate-1
pb2	1812	4140	replicate-1
pb2	1813	4152	replicate-1
pb2	1814	4151	replicate-1
pb2	1815	4165	replicate-1
pb2	1816	4127	replicate-1
pb2	1817	4154	replicate-1
pb2	1818	4132	replicate-1
pb2	1819	4095	replicate-1
pb2	1820	4133	replicate-1
pb2	1821	4064	replicate-1
pb2	1822	4200	replicate-1
pb2	1823	4175	replicate-1
pb2	1824	4305	replicate-1
pb2	1825	4316	replicate-1
pb2	1826	4304	replicate-1
pb2	1827	4320	replicate-1
pb2	1828	4339	replicate-1
pb2	1829	4283	replicate-1
pb2	1830	4287	replicate-1
pb2	1831	4259	replicate-1
pb2	1832	4181	replicate-1
pb2	1833	4131	replicate-1
pb2	1834	4131	replicate-1
pb2	1835	4167	replicate-1
pb2	1836	4165	replicate-1
pb2	1837	4154	replicate-1
pb2	1838	4168	replicate-1
pb2	1839	4169	replicate-1
pb2	1840	4184	replicate-1
pb2	1841	4219	replicate-1
pb2	1842	4211	replicate-1
pb2	1843	4272	replicate-1
pb2	1844	4258	replicate-1
pb2	1845	4320	replicate-1
pb2	1846	4319	replicate-1
pb2	1847	4298	replicate-1
pb2	1848	4298	replicate-1
pb2	1849	4293	replicate-1
pb2	1850	4300	replicate-1
pb2	1851	4284	replicate-1
pb2	1852	4208	replicate-1
pb2	1853	4294	replicate-1
pb2	1854	4423	replicate-1
pb2	1855	4407	replicate-1
pb2	1856	4411	replicate-1
pb2	1857	4406	replicate-1
pb2	1858	4405	replicate-1
pb2	1859	4427	replicate-1
pb2	1860	4421	replicate-1
pb2	1861	4342	replicate-1
pb2	1862	4382	replicate-1
pb2	1863	4082	replicate-1
pb2	1864	4366	replicate-1
pb2	1865	4367	replicate-1
pb2	1866	4387	replicate-1
pb2	1867	4398	replicate-1
pb2	1868	4301	replicate-1
pb2	1869	4324	replicate-1
pb2	1870	4317	replicate-1
pb2	1871	4427	replicate-1
pb2	1872	4369	replicate-1
pb2	1873	4016	replicate-1
pb2	1874	4011	replicate-1
pb2	1875	3992	replicate-1
pb2	1876	3977	replicate-1
pb2	1877	3959	replicate-1
pb2	1878	3911	replicate-1
pb2	1879	3941	replicate-1
pb2	1880	3724	replicate-1
pb2	1881	3738	replicate-1
pb2	1882	3718	replicate-1
pb2	1883	3708	replicate-1
pb2	1884	3768	replicate-1
pb2	1885	3753	replicate-1
pb2	1886	3766	replicate-1
pb2	1887	3757	replicate-1
pb2	1888	3691	replicate-1
pb2	1889	3701	replicate-1
pb2	1890	3687	replicate-1
pb2	1891	3670	replicate-1
pb2	1892	3684	replicate-1
pb2	1893	3656	replicate-1
pb2	1894	3646	replicate-1
pb2	1895	3648	replicate-1
pb2	1896	3635	replicate-1
pb2	1897	3680	replicate-1
pb2	1898	3680	replicate-1
pb2	1899	3683	replicate-1
pb2	1900	3721	replicate-1
pb2	1901	3711	replicate-1
pb2	1902	3697	replicate-1
pb2	1903	3716	replicate-1
pb2	1904	3713	replicate-1
pb2	1905	3704	replicate-1
pb2	1906	3764	replicate-1
pb2	1907	3754	replicate-1
pb2	1908	3803	replicate-1
pb2	1909	3799	replicate-1
pb2	1910	3744	replicate-1
pb2	1911	3780	replicate-1
pb2	1912	3765	replicate-1
pb2	1913	3849	replicate-1
pb2	1914	3830	replicate-1
pb2	1915	3693	replicate-1
pb2	1916	3702	replicate-1
pb2	1917	3632	replicate-1
pb2	1918	3696	replicate-1
pb2	1919	3696	replicate-1
pb2	1920	3663	replicate-1
pb2	1921	3672	replicate-1
pb2	1922	3553	replicate-1
pb2	1923	3583	replicate-1
pb2	1924	3558	replicate-1
pb2	1925	3629	replicate-1
pb2	1926	3640	replicate-1
pb2	1927	3561	replicate-1
pb2	1928	3583	replicate-1
pb2	1929	3565	replicate-1
pb2	1930	3517	replicate-1
pb2	1931	3585	replicate-1
pb2	1932	3559	replicate-1
pb2	1933	3569	replicate-1
pb2	1934	3507	replicate-1
pb2	1935	3534	replicate-1
pb2	1936	3529	replicate-1
pb2	1937	3516	replicate-1
pb2	1938	3521	replicate-1
pb2	1939	3541	replicate-1
pb2	1940	3472	replicate-1
pb2	1941	3533	replicate-1
pb2	1942	3533	replicate-1
pb2	1943	3558	replicate-1
pb2	1944	3530	replicate-1
pb2	1945	3539	replicate-1
pb2	1946	3510	replicate-1
pb2	1947	3516	replicate-1
pb2	1948	3490	replicate-1
pb2	1949	3489	replicate-1
pb2	1950	3433	replicate-1
pb2	1951	3423	replicate-1
pb2	1952	3508	replicate-1
pb2	1953	3511	replicate-1
pb2	1954	3514	replicate-1
pb2	1955	3529	replicate-1
pb2	1956	3523	replicate-1
pb2	1957	3628	replicate-1
pb2	1958	3635	replicate-1
pb2	1959	3623	replicate-1
pb2	1960	3580	replicate-1
pb2	1961	3497	replicate-1
pb2	1962	3513	replicate-1
pb2	1963	3489	replicate-1
pb2	1964	3567	replicate-1
pb2	1965	3544	replicate-1
pb2	1966	3410	replicate-1
pb2	1967	3400	replicate-1
pb2	1968	3409	replicate-1
pb2	1969	3424	replicate-1
pb2	1970	3296	replicate-1
pb2	1971	3446	replicate-1
pb2	1972	3464	replicate-1
pb2	1973	3353	replicate-1
pb2	1974	3331	replicate-1
pb2	1975	3277	replicate-1
pb2	1976	3293	replicate-1
pb2	1977	3286	replicate-1
pb2	1978	3272	replicate-1
pb2	1979	3264	replicate-1
pb2	1980	3193	replicate-1
pb2	1981	3126	replicate-1
pb2	1982	3223	replicate-1
pb2	1983	3223	replicate-1
pb2	1984	3231	replicate-1
pb2	1985	3301	replicate-1
pb2	1986	3265	replicate-1
pb2	1987	3301	replicate-1
pb2	1988	3296	replicate-1
pb2	1989	3270	replicate-1
pb2	1990	3428	replicate-1
pb2	1991	3333	replicate-1
pb2	1992	3368	replicate-1
pb2	1993	3377	replicate-1
pb2	1994	3300	replicate-1
pb2	1995	3338	replicate-1
pb2	1996	3296	replicate-1
pb2	1997	3377	replicate-1
pb2	1998	3455	replicate-1
pb2	1999	3388	replicate-1
pb2	2000	3450	replicate-1
pb2	2001	3517	replicate-1
pb2	2002	3485	replicate-1
pb2	2003	3477	replicate-1
pb2	2004	3450	replicate-1
pb2	2005	3397	replicate-1
pb2	2006	3349	replicate-1
pb2	2007	3361	replicate-1
pb2	2008	3390	replicate-1
pb2	2009	3401	replicate-1
pb2	2010	3352	replicate-1
pb2	2011	3372	replicate-1
pb2	2012	3426	replicate-1
pb2	2013	3424	replicate-1
pb2	2014	3406	replicate-1
pb2	2015	3400	replicate-1
pb2	2016	3430	replicate-1
pb2	2017	3392	replicate-1
pb2	2018	3436	replicate-1
pb2	2019	3455	replicate-1
pb2	2020	3418	replicate-1
pb2	2021	3420	replicate-1
pb2	2022	3437	replicate-1
pb2	2023	3431	replicate-1
pb2	2024	3437	replicate-1
pb2	2025	3407	replicate-1
pb2	2026	3534	replicate-1
pb2	2027	3489	replicate-1
pb2	2028	3547	replicate-1
pb2	2029	3552	replicate-1
pb2	2030	3559	replicate-1
pb2	2031	3573	replicate-1
pb2	2032	3587	replicate-1
pb2	2033	3627	replicate-1
pb2	2034	3646	replicate-1
pb2	2035	3553	replicate-1
pb2	2036	3543	replicate-1
pb2	2037	3501	replicate-1
pb2	2038	3509	replicate-1
pb2	2039	3518	replicate-1
pb2	2040	3523	replicate-1
pb2	2041	3511	replicate-1
pb2	2042	3527	replicate-1
pb2	2043	3505	replicate-1
pb2	2044	3542	replicate-1
pb2	2045	3583	replicate-1
pb2	2046	3577	replicate-1
pb2	2047	3622	replicate-1
pb2	2048	3648	replicate-1
pb2	2049	3648	replicate-1
pb2	2050	3658	replicate-1
pb2	2051	3597	replicate-1
pb2	2052	3622	replicate-1
pb2	2053	3571	replicate-1
pb2	2054	3589	replicate-1
pb2	2055	3532	replicate-1
pb2	2056	3510	replicate-1
pb2	2057	3484	replicate-1
pb2	2058	3478	replicate-1
pb2	2059	3480	replicate-1
pb2	2060	3484	replicate-1
pb2	2061	3493	replicate-1
pb2	2062	3458	replicate-1
pb2	2063	3434	replicate-1
pb2	2064	3430	replicate-1
pb2	2065	3506	replicate-1
pb2	2066	3527	replicate-1
pb2	2067	3537	replicate-1
pb2	2068	3527	replicate-1
pb2	2069	3411	replicate-1
pb2	2070	3413	replicate-1
pb2	2071	3429	replicate-1
pb2	2072	3446	replicate-1
pb2	2073	3438	replicate-1
pb2	2074	3378	replicate-1
pb2	2075	3409	replicate-1
pb2	2076	3397	replicate-1
pb2	2077	3472	replicate-1
pb2	2078	3492	replicate-1
pb2	2079	3478	replicate-1
pb2	2080	3527	replicate-1
pb2	2081	3554	replicate-1
pb2	2082	3551	replicate-1
pb2	2083	3568	replicate-1
pb2	2084	3472	replicate-1
pb2	2085	3489	replicate-1
pb2	2086	3479	replicate-1
pb2	2087	3396	replicate-1
pb2	2088	3408	replicate-1
pb2	2089	3322	replicate-1
pb2	2090	3373	replicate-1
pb2	2091	3370	replicate-1
pb2	2092	3392	replicate-1
pb2	2093	3371	replicate-1
pb2	2094	3352	replicate-1
pb2	2095	3530	replicate-1
pb2	2096	3482	replicate-1
pb2	2097	3507	replicate-1
pb2	2098	3510	replicate-1
pb2	2099	3478	replicate-1
pb2	2100	3433	replicate-1
pb2	2101	3411	replicate-1
pb2	2102	3399	replicate-1
pb2	2103	3335	replicate-1
pb2	2104	3205	replicate-1
pb2	2105	3187	replicate-1
pb2	2106	3181	replicate-1
pb2	2107	3197	replicate-1
pb2	2108	3200	replicate-1
pb2	2109	3215	replicate-1
pb2	2110	3199	replicate-1
pb2	2111	3192	replicate-1
pb2	2112	3191	replicate-1
pb2	2113	3170	replicate-1
pb2	2114	3136	replicate-1
pb2	2115	3108	replicate-1
pb2	2116	3085	replicate-1
pb2	2117	3061	replicate-1
pb2	2118	3071	replicate-1
pb2	2119	3069	replicate-1
pb2	2120	3073	replicate-1
pb2	2121	3048	replicate-1
pb2	2122	3025	replicate-1
pb2	2123	3025	replicate-1
pb2	2124	3020	replicate-1
pb2	2125	3079	replicate-1
pb2	2126	3075	replicate-1
pb2	2127	3066	replicate-1
pb2	2128	3083	replicate-1
pb2	2129	3075	replicate-1
pb2	2130	3102	replicate-1
pb2	2131	3084	replicate-1
pb2	2132	3060	replicate-1
pb2	2133	3086	replicate-1
pb2	2134	3099	replicate-1
pb2	2135	3133	replicate-1
pb2	2136	3124	replicate-1
pb2	2137	3079	replicate-1
pb2	2138	3068	replicate-1
pb2	2139	3020	replicate-1
pb2	2140	3025	replicate-1
pb2	2141	3270	replicate-1
pb2	2142	3252	replicate-1
pb2	2143	3183	replicate-1
pb2	2144	3153	replicate-1
pb2	2145	3098	replicate-1
pb2	2146	3192	replicate-1
pb2	2147	3171	replicate-1
pb2	2148	3151	replicate-1
pb2	2149	3148	replicate-1
pb2	2150	2784	replicate-1
pb2	2151	2833	replicate-1
pb2	2152	2824	replicate-1
pb2	2153	2867	replicate-1
pb2	2154	2864	replicate-1
pb2	2155	2760	replicate-1
pb2	2156	2869	replicate-1
pb2	2157	2871	replicate-1
pb2	2158	2868	replicate-1
pb2	2159	2856	replicate-1
pb2	2160	2754	replicate-1
pb2	2161	2788	replicate-1
pb2	2162	2714	replicate-1
pb2	2163	2743	replicate-1
pb2	2164	2741	replicate-1
pb2	2165	2626	replicate-1
pb2	2166	2649	replicate-1
pb2	2167	2641	replicate-1
pb2	2168	2645	replicate-1
pb2	2169	2641	replicate-1
pb2	2170	2604	replicate-1
pb2	2171	2685	replicate-1
pb2	2172	2646	replicate-1
pb2	2173	2649	replicate-1
pb2	2174	2647	replicate-1
pb2	2175	2648	replicate-1
pb2	2176	2651	replicate-1
pb2	2177	2636	replicate-1
pb2	2178	2629	replicate-1
pb2	2179	2620	replicate-1
pb2	2180	2452	replicate-1
pb2	2181	2487	replicate-1
pb2	2182	2475	replicate-1
pb2	2183	2477	replicate-1
pb2	2184	2408	replicate-1
pb2	2185	2419	replicate-1
pb2	2186	2421	replicate-1
pb2	2187	2427	replicate-1
pb2	2188	2419	replicate-1
pb2	2189	2419	replicate-1
pb2	2190	2405	replicate-1
pb2	2191	2389	replicate-1
pb2	2192	2359	replicate-1
pb2	2193	2339	replicate-1
pb2	2194	2320	replicate-1
pb2	2195	2309	replicate-1
pb2	2196	2262	replicate-1
pb2	2197	2299	replicate-1
pb2	2198	2195	replicate-1
pb2	2199	2149	replicate-1
pb2	2200	2140	replicate-1
pb2	2201	2119	replicate-1
pb2	2202	2124	replicate-1
pb2	2203	2113	replicate-1
pb2	2204	2105	replicate-1
pb2	2205	2075	replicate-1
pb2	2206	1987	replicate-1
pb2	2207	1981	replicate-1
pb2	2208	1984	replicate-1
pb2	2209	1967	replicate-1
pb2	2210	1952	replicate-1
pb2	2211	1928	replicate-1
pb2	2212	1936	replicate-1
pb2	2213	1955	replicate-1
pb2	2214	1949	replicate-1
pb2	2215	1917	replicate-1
pb2	2216	1905	replicate-1
pb2	2217	1906	replicate-1
pb2	2218	1913	replicate-1
pb2	2219	1920	replicate-1
pb2	2220	1868	replicate-1
pb2	2221	1908	replicate-1
pb2	2222	1816	replicate-1
pb2	2223	1849	replicate-1
pb2	2224	1750	replicate-1
pb2	2225	1692	replicate-1
pb2	2226	1734	replicate-1
pb2	2227	1732	replicate-1
pb2	2228	1703	replicate-1
pb2	2229	1751	replicate-1
pb2	2230	1760	replicate-1
pb2	2231	1757	replicate-1
pb2	2232	1775	replicate-1
pb2	2233	1828	replicate-1
pb2	2234	1823	replicate-1
pb2	2235	1817	replicate-1
pb2	2236	1853	replicate-1
pb2	2237	1879	replicate-1
pb2	2238	1896	replicate-1
pb2	2239	2035	replicate-1
pb2	2240	2036	replicate-1
pb2	2241	2040	replicate-1
pb2	2242	2090	replicate-1
pb2	2243	2085	replicate-1
pb2	2244	2113	replicate-1
pb2	2245	2115	replicate-1
pb2	2246	2093	replicate-1
pb2	2247	2118	replicate-1
pb2	2248	2102	replicate-1
pb2	2249	2246	replicate-1
pb2	2250	2247	replicate-1
pb2	2251	2285	replicate-1
pb2	2252	2293	replicate-1
pb2	2253	2281	replicate-1
pb2	2254	2273	replicate-1
pb2	2255	2293	replicate-1
pb2	2256	2257	replicate-1
pb2	2257	2323	replicate-1
pb2	2258	2206	replicate-1
pb2	2259	2211	replicate-1
pb2	2260	2201	replicate-1
pb2	2261	2206	replicate-1
pb2	2262	2192	replicate-1
pb2	2263	2193	replicate-1
pb2	2264	2166	replicate-1
pb2	2265	2196	replicate-1
pb2	2266	2119	replicate-1
pb2	2267	2140	replicate-1
pb2	2268	2133	replicate-1
pb2	2269	2136	replicate-1
pb2	2270	2128	replicate-1
pb2	2271	2125	replicate-1
pb2	2272	2117	replicate-1
pb2	2273	2118	replicate-1
pb2	2274	2075	replicate-1
pb2	2275	2067	replicate-1
pb2	2276	2024	replicate-1
pb2	2277	2023	replicate-1
pb2	2278	2013	replicate-1
pb2	2279	2010	replicate-1
pb2	2280	2007	replicate-1
pb2	2281	2001	replicate-1
pb2	2282	2009	replicate-1
pb2	2283	2002	replicate-1
pb2	2284	1999	replicate-1
pb2	2285	2009	replicate-1
pb2	2286	1967	replicate-1
pb2	2287	1963	replicate-1
pb2	2288	1954	replicate-1
pb2	2289	1958	replicate-1
pb2	2290	1950	replicate-1
pb2	2291	1920	replicate-1
pb2	2292	1897	replicate-1
pb2	2293	1890	replicate-1
pb2	2294	1837	replicate-1
pb2	2295	1828	replicate-1
pb2	2296	1818	replicate-1
pb2	2297	1802	replicate-1
pb2	2298	1801	replicate-1
pb2	2299	1795	replicate-1
pb2	2300	1788	replicate-1
pb2	2301	1777	replicate-1
pb2	2302	1773	replicate-1
pb2	2303	1764	replicate-1
pb2	2304	1741	replicate-1
pb2	2305	1663	replicate-1
pb2	2306	1503	replicate-1
pb2	2307	1493	replicate-1
pb2	2308	1421	replicate-1
pb2	2309	1415	replicate-1
pb2	2310	1372	replicate-1
pb2	2311	1307	replicate-1
pb2	2312	1299	replicate-1
pb2	2313	1292	replicate-1
pb2	2314	1279	replicate-1
pb2	2315	1275	replicate-1
pb2	2316	1111	replicate-1
pb2	2317	1107	replicate-1
pb2	2318	1066	replicate-1
pb2	2319	1065	replicate-1
pb2	2320	1063	replicate-1
pb2	2321	1038	replicate-1
pb2	2322	1038	replicate-1
pb2	2323	1034	replicate-1
pb2	2324	1026	replicate-1
pb2	2325	1012	replicate-1
pb2	2326	739	replicate-1
pb2	2327	725	replicate-1
pb2	2328	714	replicate-1
pb2	2329	713	replicate-1
pb2	2330	705	replicate-1
pb2	2331	697	replicate-1
pb2	2332	692	replicate-1
pb2	2333	689	replicate-1
pb2	2334	685	replicate-1
pb2	2335	678	replicate-1
pb2	2336	669	replicate-1
pb2	2337	572	replicate-1
pb2	2338	555	replicate-1
pb2	2339	552	replicate-1
pb2	2340	543	replicate-1
pb2	2341	105	replicate-1
pa	1	5	replicate-1
pa	2	6	replicate-1
pa	3	6	replicate-1
pa	4	6	replicate-1
pa	5	6	replicate-1
pa	6	6	replicate-1
pa	7	16	replicate-1
pa	8	16	replicate-1
pa	9	16	replicate-1
pa	10	16	replicate-1
pa	11	16	replicate-1
pa	12	16	replicate-1
pa	13	16	replicate-1
pa	14	16	replicate-1
pa	15	16	replicate-1
pa	16	16	replicate-1
pa	17	16	replicate-1
pa	18	16	replicate-1
pa	19	16	replicate-1
pa	20	16	replicate-1
pa	21	17	replicate-1
pa	22	17	replicate-1
pa	23	18	replicate-1
pa	24	18	replicate-1
pa	25	20	replicate-1
pa	26	20	replicate-1
pa	27	21	replicate-1
pa	28	21	replicate-1
pa	29	21	replicate-1
pa	30	21	replicate-1
pa	31	21	replicate-1
pa	32	23	replicate-1
pa	33	23	replicate-1
pa	34	23	replicate-1
pa	35	25	replicate-1
pa	36	25	replicate-1
pa	37	25	replicate-1
pa	38	25	replicate-1
pa	39	25	replicate-1
pa	40	27	replicate-1
pa	41	27	replicate-1
pa	42	28	replicate-1
pa	43	28	replicate-1
pa	44	28	replicate-1
pa	45	28	replicate-1
pa	46	28	replicate-1
pa	47	28	replicate-1
pa	48	28	replicate-1
pa	49	28	replicate-1
pa	50	28	replicate-1
pa	51	28	replicate-1
pa	52	29	replicate-1
pa	53	33	replicate-1
pa	54	33	replicate-1
pa	55	33	replicate-1
pa	56	32	replicate-1
pa	57	32	replicate-1
pa	58	32	replicate-1
pa	59	32	replicate-1
pa	60	32	replicate-1
pa	61	32	replicate-1
pa	62	32	replicate-1
pa	63	32	replicate-1
pa	64	32	replicate-1
pa	65	32	replicate-1
pa	66	32	replicate-1
pa	67	32	replicate-1
pa	68	33	replicate-1
pa	69	33	replicate-1
pa	70	32	replicate-1
pa	71	32	replicate-1
pa	72	32	replicate-1
pa	73	32	replicate-1
pa	74	32	replicate-1
pa	75	32	replicate-1
pa	76	33	replicate-1
pa	77	33	replicate-1
pa	78	33	replicate-1
pa	79	33	replicate-1
pa	80	33	replicate-1
pa	81	33	replicate-1
pa	82	33	replicate-1
pa	83	33	replicate-1
pa	84	33	replicate-1
pa	85	33	replicate-1
pa	86	33	replicate-1
pa	87	33	replicate-1
pa	88	31	replicate-1
pa	89	31	replicate-1
pa	90	29	replicate-1
pa	91	31	replicate-1
pa	92	31	replicate-1
pa	93	32	replicate-1
pa	94	30	replicate-1
pa	95	30	replicate-1
pa	96	30	replicate-1
pa	97	31	replicate-1
pa	98	31	replicate-1
pa	99	31	replicate-1
pa	100	31	replicate-1
pa	101	31	replicate-1
pa	102	29	replicate-1
pa	103	29	replicate-1
pa	104	29	replicate-1
pa	105	29	replicate-1
pa	106	29	replicate-1
pa	107	29	replicate-1
pa	108	29	replicate-1
pa	109	28	replicate-1
pa	110	28	replicate-1
pa	111	29	replicate-1
pa	112	29	replicate-1
pa	113	29	replicate-1
pa	114	29	replicate-1
pa	115	29	replicate-1
pa	116	30	replicate-1
pa	117	30	replicate-1
pa	118	29	replicate-1
pa	119	29	replicate-1
pa	120	29	replicate-1
pa	121	32	replicate-1
pa	122	32	replicate-1
pa	123	32	replicate-1
pa	124	32	replicate-1
pa	125	30	replicate-1
pa	126	31	replicate-1
pa	127	31	replicate-1
pa	128	30	replicate-1
pa	129	30	replicate-1
pa	130	30	replicate-1
pa	131	38	replicate-1
pa	132	38	replicate-1
pa	133	41	replicate-1
pa	134	41	replicate-1
pa	135	41	replicate-1
pa	136	42	replicate-1
pa	137	42	replicate-1
pa	138	43	replicate-1
pa	139	43	replicate-1
pa	140	45	replicate-1
pa	141	46	replicate-1
pa	142	45	replicate-1
pa	143	47	replicate-1
pa	144	47	replicate-1
pa	145	51	replicate-1
pa	146	51	replicate-1
pa	147	51	replicate-1
pa	148	50	replicate-1
pa	149	50	replicate-1
pa	150	50	replicate-1
pa	151	49	replicate-1
pa	152	49	replicate-1
pa	153	48	replicate-1
pa	154	46	replicate-1
pa	155	41	replicate-1
pa	156	40	replicate-1
pa	157	40	replicate-1
pa	158	45	replicate-1
pa	159	45	replicate-1
pa	160	45	replicate-1
pa	161	45	replicate-1
pa	162	44	replicate-1
pa	163	44	replicate-1
pa	164	44	replicate-1
pa	165	46	replicate-1
pa	166	45	replicate-1
pa	167	45	replicate-1
pa	168	45	replicate-1
pa	169	45	replicate-1
pa	170	45	replicate-1
pa	171	45	replicate-1
pa	172	45	replicate-1
pa	173	46	replicate-1
pa	174	46	replicate-1
pa	175	46	replicate-1
pa	176	46	replicate-1
pa	177	48	replicate-1
pa	178	48	replicate-1
pa	179	48	replicate-1
pa	180	47	replicate-1
pa	181	45	replicate-1
pa	182	46	replicate-1
pa	183	45	replicate-1
pa	184	45	replicate-1
pa	185	45	replicate-1
pa	186	45	replicate-1
pa	187	47	replicate-1
pa	188	48	replicate-1
pa	189	48	replicate-1
pa	190	48	replicate-1
pa	191	48	replicate-1
pa	192	48	replicate-1
pa	193	48	replicate-1
pa	194	46	replicate-1
pa	195	46	replicate-1
pa	196	46	replicate-1
pa	197	46	replicate-1
pa	198	46	replicate-1
pa	199	45	replicate-1
pa	200	48	replicate-1
pa	201	49	replicate-1
pa	202	48	replicate-1
pa	203	49	replicate-1
pa	204	48	replicate-1
pa	205	50	replicate-1
pa	206	49	replicate-1
pa	207	50	replicate-1
pa	208	48	replicate-1
pa	209	48	replicate-1
pa	210	45	replicate-1
pa	211	45	replicate-1
pa	212	45	replicate-1
pa	213	45	replicate-1
pa	214	49	replicate-1
pa	215	50	replicate-1
pa	216	49	replicate-1
pa	217	49	replicate-1
pa	218	49	replicate-1
pa	219	49	replicate-1
pa	220	49	replicate-1
pa	221	49	replicate-1
pa	222	49	replicate-1
pa	223	47	replicate-1
pa	224	47	replicate-1
pa	225	47	replicate-1
pa	226	47	replicate-1
pa	227	49	replicate-1
pa	228	49	replicate-1
pa	229	49	replicate-1
pa	230	53	replicate-1
pa	231	53	replicate-1
pa	232	52	replicate-1
pa	233	51	replicate-1
pa	234	51	replicate-1
pa	235	54	replicate-1
pa	236	52	replicate-1
pa	237	54	replicate-1
pa	238	54	replicate-1
pa	239	53	replicate-1
pa	240	53	replicate-1
pa	241	52	replicate-1
pa	242	52	replicate-1
pa	243	52	replicate-1
pa	244	49	replicate-1
pa	245	49	replicate-1
pa	246	48	replicate-1
pa	247	48	replicate-1
pa	248	48	replicate-1
pa	249	49	replicate-1
pa	250	49	replicate-1
pa	251	49	replicate-1
pa	252	49	replicate-1
pa	253	49	replicate-1
pa	254	49	replicate-1
pa	255	49	replicate-1
pa	256	47	replicate-1
pa	257	47	replicate-1
pa	258	47	replicate-1
pa	259	47	replicate-1
pa	260	47	replicate-1
pa	261	47	replicate-1
pa	262	47	replicate-1
pa	263	47	replicate-1
pa	264	47	replicate-1
pa	265	46	replicate-1
pa	266	46	replicate-1
pa	267	47	replicate-1
pa	268	47	replicate-1
pa	269	47	replicate-1
pa	270	47	replicate-1
pa	271	47	replicate-1
pa	272	47	replicate-1
pa	273	47	replicate-1
pa	274	38	replicate-1
pa	275	38	replicate-1
pa	276	38	replicate-1
pa	277	38	replicate-1
pa	278	38	replicate-1
pa	279	38	replicate-1
pa	280	38	replicate-1
pa	281	38	replicate-1
pa	282	38	replicate-1
pa	283	38	replicate-1
pa	284	35	replicate-1
pa	285	34	replicate-1
pa	286	34	replicate-1
pa	287	34	replicate-1
pa	288	34	replicate-1
pa	289	34	replicate-1
pa	290	33	replicate-1
pa	291	32	replicate-1
pa	292	32	replicate-1
pa	293	32	replicate-1
pa	294	32	replicate-1
pa	295	32	replicate-1
pa	296	30	replicate-1
pa	297	29	replicate-1
pa	298	29	replicate-1
pa	299	29	replicate-1
pa	300	29	replicate-1
pa	301	23	replicate-1
pa	302	23	replicate-1
pa	303	14	replicate-1
pa	304	14	replicate-1
pa	305	14	replicate-1
pa	306	14	replicate-1
pa	307	14	replicate-1
pa	308	14	replicate-1
pa	309	14	replicate-1
pa	310	14	replicate-1
pa	311	14	replicate-1
pa	312	14	replicate-1
pa	313	14	replicate-1
pa	314	14	replicate-1
pa	315	14	replicate-1
pa	316	14	replicate-1
pa	317	13	replicate-1
pa	318	13	replicate-1
pa	319	13	replicate-1
pa	320	13	replicate-1
pa	321	13	replicate-1
pa	322	13	replicate-1
pa	323	13	replicate-1
pa	324	13	replicate-1
pa	325	13	replicate-1
pa	326	13	replicate-1
pa	327	12	replicate-1
pa	328	12	replicate-1
pa	329	12	replicate-1
pa	330	12	replicate-1
pa	331	12	replicate-1
pa	332	12	replicate-1
pa	333	12	replicate-1
pa	334	12	replicate-1
pa	335	12	replicate-1
pa	336	12	replicate-1
pa	337	12	replicate-1
pa	338	12	replicate-1
pa	339	12	replicate-1
pa	340	11	replicate-1
pa	341	11	replicate-1
pa	342	10	replicate-1
pa	343	12	replicate-1
pa	344	12	replicate-1
pa	345	13	replicate-1
pa	346	13	replicate-1
pa	347	13	replicate-1
pa	348	13	replicate-1
pa	349	14	replicate-1
pa	350	14	replicate-1
pa	351	13	replicate-1
pa	352	13	replicate-1
pa	353	13	replicate-1
pa	354	14	replicate-1
pa	355	12	replicate-1
pa	356	12	replicate-1
pa	357	12	replicate-1
pa	358	12	replicate-1
pa	359	12	replicate-1
pa	360	12	replicate-1
pa	361	12	replicate-1
pa	362	12	replicate-1
pa	363	10	replicate-1
pa	364	10	replicate-1
pa	365	10	replicate-1
pa	366	10	replicate-1
pa	367	10	replicate-1
pa	368	10	replicate-1
pa	369	10	replicate-1
pa	370	10	replicate-1
pa	371	10	replicate-1
pa	372	10	replicate-1
pa	373	9	replicate-1
pa	374	9	replicate-1
pa	375	9	replicate-1
pa	376	8	replicate-1
pa	377	8	replicate-1
pa	378	8	replicate-1
pa	379	8	replicate-1
pa	380	8	replicate-1
pa	381	8	replicate-1
pa	382	8	replicate-1
pa	383	8	replicate-1
pa	384	8	replicate-1
pa	385	8	replicate-1
pa	386	8	replicate-1
pa	387	8	replicate-1
pa	388	8	replicate-1
pa	389	8	replicate-1
pa	390	3	replicate-1
pa	391	3	replicate-1
pa	392	3	replicate-1
pa	393	3	replicate-1
pa	394	3	replicate-1
pa	395	3	replicate-1
pa	396	3	replicate-1
pa	397	3	replicate-1
pa	398	3	replicate-1
pa	399	3	replicate-1
pa	400	3	replicate-1
pa	401	3	replicate-1
pa	402	3	replicate-1
pa	403	3	replicate-1
pa	404	3	replicate-1
pa	405	3	replicate-1
pa	406	3	replicate-1
pa	407	3	replicate-1
pa	408	3	replicate-1
pa	409	3	replicate-1
pa	410	3	replicate-1
pa	411	3	replicate-1
pa	412	3	replicate-1
pa	413	3	replicate-1
pa	414	3	replicate-1
pa	415	3	replicate-1
pa	416	3	replicate-1
pa	417	3	replicate-1
pa	418	3	replicate-1
pa	419	7	replicate-1
pa	420	7	replicate-1
pa	421	7	replicate-1
pa	422	7	replicate-1
pa	423	7	replicate-1
pa	424	7	replicate-1
pa	425	7	replicate-1
pa	426	7	replicate-1
pa	427	7	replicate-1
pa	428	8	replicate-1
pa	429	8	replicate-1
pa	430	8	replicate-1
pa	431	8	replicate-1
pa	432	8	replicate-1
pa	433	8	replicate-1
pa	434	8	replicate-1
pa	435	8	replicate-1
pa	436	8	replicate-1
pa	437	8	replicate-1
pa	438	8	replicate-1
pa	439	8	replicate-1
pa	440	8	replicate-1
pa	441	8	replicate-1
pa	442	8	replicate-1
pa	443	8	replicate-1
pa	444	8	replicate-1
pa	445	8	replicate-1
pa	446	8	replicate-1
pa	447	8	replicate-1
pa	448	7	replicate-1
pa	449	7	replicate-1
pa	450	7	replicate-1
pa	451	7	replicate-1
pa	452	7	replicate-1
pa	453	7	replicate-1
pa	454	7	replicate-1
pa	455	7	replicate-1
pa	456	6	replicate-1
pa	457	6	replicate-1
pa	458	6	replicate-1
pa	459	6	replicate-1
pa	460	9	replicate-1
pa	461	9	replicate-1
pa	462	9	replicate-1
pa	463	9	replicate-1
pa	464	9	replicate-1
pa	465	9	replicate-1
pa	466	10	replicate-1
pa	467	10	replicate-1
pa	468	10	replicate-1
pa	469	10	replicate-1
pa	470	10	replicate-1
pa	471	10	replicate-1
pa	472	10	replicate-1
pa	473	10	replicate-1
pa	474	10	replicate-1
pa	475	10	replicate-1
pa	476	10	replicate-1
pa	477	10	replicate-1
pa	478	10	replicate-1
pa	479	10	replicate-1
pa	480	10	replicate-1
pa	481	10	replicate-1
pa	482	10	replicate-1
pa	483	10	replicate-1
pa	484	13	replicate-1
pa	485	13	replicate-1
pa	486	13	replicate-1
pa	487	13	replicate-1
pa	488	13	replicate-1
pa	489	13	replicate-1
pa	490	13	replicate-1
pa	491	13	replicate-1
pa	492	13	replicate-1
pa	493	12	replicate-1
pa	494	12	replicate-1
pa	495	12	replicate-1
pa	496	12	replicate-1
pa	497	12	replicate-1
pa	498	12	replicate-1
pa	499	12	replicate-1
pa	500	12	replicate-1
pa	501	12	replicate-1
pa	502	14	replicate-1
pa	503	14	replicate-1
pa	504	15	replicate-1
pa	505	15	replicate-1
pa	506	15	replicate-1
pa	507	15	replicate-1
pa	508	15	replicate-1
pa	509	17	replicate-1
pa	510	17	replicate-1
pa	511	17	replicate-1
pa	512	17	replicate-1
pa	513	17	replicate-1
pa	514	17	replicate-1
pa	515	17	replicate-1
pa	516	17	replicate-1
pa	517	17	replicate-1
pa	518	17	replicate-1
pa	519	17	replicate-1
pa	520	17	replicate-1
pa	521	17	replicate-1
pa	522	16	replicate-1
pa	523	16	replicate-1
pa	524	16	replicate-1
pa	525	16	replicate-1
pa	526	17	replicate-1
pa	527	17	replicate-1
pa	528	17	replicate-1
pa	529	18	replicate-1
pa	530	19	replicate-1
pa	531	19	replicate-1
pa	532	19	replicate-1
pa	533	19	replicate-1
pa	534	19	replicate-1
pa	535	19	replicate-1
pa	536	19	replicate-1
pa	537	19	replicate-1
pa	538	20	replicate-1
pa	539	22	replicate-1
pa	540	22	replicate-1
pa	541	22	replicate-1
pa	542	22	replicate-1
pa	543	22	replicate-1
pa	544	22	replicate-1
pa	545	22	replicate-1
pa	546	21	replicate-1
pa	547	21	replicate-1
pa	548	21	replicate-1
pa	549	21	replicate-1
pa	550	22	replicate-1
pa	551	22	replicate-1
pa	552	23	replicate-1
pa	553	23	replicate-1
pa	554	22	replicate-1
pa	555	22	replicate-1
pa	556	22	replicate-1
pa	557	22	replicate-1
pa	558	22	replicate-1
pa	559	22	replicate-1
pa	560	23	replicate-1
pa	561	23	replicate-1
pa	562	23	replicate-1
pa	563	23	replicate-1
pa	564	23	replicate-1
pa	565	23	replicate-1
pa	566	23	replicate-1
pa	567	23	replicate-1
pa	568	23	replicate-1
pa	569	23	replicate-1
pa	570	23	replicate-1
pa	571	23	replicate-1
pa	572	21	replicate-1
pa	573	21	replicate-1
pa	574	21	replicate-1
pa	575	21	replicate-1
pa	576	20	replicate-1
pa	577	20	replicate-1
pa	578	20	replicate-1
pa	579	20	replicate-1
pa	580	45	replicate-1
pa	581	49	replicate-1
pa	582	49	replicate-1
pa	583	50	replicate-1
pa	584	50	replicate-1
pa	585	51	replicate-1
pa	586	51	replicate-1
pa	587	52	replicate-1
pa	588	52	replicate-1
pa	589	51	replicate-1
pa	590	50	replicate-1
pa	591	50	replicate-1
pa	592	50	replicate-1
pa	593	59	replicate-1
pa	594	58	replicate-1
pa	595	58	replicate-1
pa	596	58	replicate-1
pa	597	58	replicate-1
pa	598	59	replicate-1
pa	599	59	replicate-1
pa	600	59	replicate-1
pa	601	60	replicate-1
pa	602	60	replicate-1
pa	603	64	replicate-1
pa	604	64	replicate-1
pa	605	66	replicate-1
pa	606	66	replicate-1
pa	607	66	replicate-1
pa	608	66	replicate-1
pa	609	65	replicate-1
pa	610	65	replicate-1
pa	611	66	replicate-1
pa	612	67	replicate-1
pa	613	67	replicate-1
pa	614	67	replicate-1
pa	615	68	replicate-1
pa	616	68	replicate-1
pa	617	68	replicate-1
pa	618	68	replicate-1
pa	619	68	replicate-1
pa	620	68	replicate-1
pa	621	68	replicate-1
pa	622	68	replicate-1
pa	623	68	replicate-1
pa	624	68	replicate-1
pa	625	71	replicate-1
pa	626	71	replicate-1
pa	627	71	replicate-1
pa	628	71	replicate-1
pa	629	70	replicate-1
pa	630	70	replicate-1
pa	631	70	replicate-1
pa	632	70	replicate-1
pa	633	68	replicate-1
pa	634	64	replicate-1
pa	635	66	replicate-1
pa	636	67	replicate-1
pa	637	67	replicate-1
pa	638	67	replicate-1
pa	639	67	replicate-1
pa	640	67	replicate-1
pa	641	67	replicate-1
pa	642	68	replicate-1
pa	643	69	replicate-1
pa	644	69	replicate-1
pa	645	72	replicate-1
pa	646	70	replicate-1
pa	647	72	replicate-1
pa	648	71	replicate-1
pa	649	71	replicate-1
pa	650	73	replicate-1
pa	651	72	replicate-1
pa	652	74	replicate-1
pa	653	74	replicate-1
pa	654	67	replicate-1
pa	655	67	replicate-1
pa	656	68	replicate-1
pa	657	69	replicate-1
pa	658	69	replicate-1
pa	659	69	replicate-1
pa	660	69	replicate-1
pa	661	69	replicate-1
pa	662	71	replicate-1
pa	663	71	replicate-1
pa	664	73	replicate-1
pa	665	73	replicate-1
pa	666	73	replicate-1
pa	667	72	replicate-1
pa	668	74	replicate-1
pa	669	74	replicate-1
pa	670	73	replicate-1
pa	671	71	replicate-1
pa	672	71	replicate-1
pa	673	71	replicate-1
pa	674	71	replicate-1
pa	675	72	replicate-1
pa	676	72	replicate-1
pa	677	73	replicate-1
pa	678	73	replicate-1
pa	679	72	replicate-1
pa	680	72	replicate-1
pa	681	72	replicate-1
pa	682	76	replicate-1
pa	683	75	replicate-1
pa	684	74	replicate-1
pa	685	74	replicate-1
pa	686	73	replicate-1
pa	687	73	replicate-1
pa	688	69	replicate-1
pa	689	69	replicate-1
pa	690	69	replicate-1
pa	691	69	replicate-1
pa	692	72	replicate-1
pa	693	72	replicate-1
pa	694	72	replicate-1
pa	695	72	replicate-1
pa	696	71	replicate-1
pa	697	70	replicate-1
pa	698	70	replicate-1
pa	699	70	replicate-1
pa	700	72	replicate-1
pa	701	70	replicate-1
pa	702	68	replicate-1
pa	703	68	replicate-1
pa	704	68	replicate-1
pa	705	68	replicate-1
pa	706	67	replicate-1
pa	707	64	replicate-1
pa	708	63	replicate-1
pa	709	62	replicate-1
pa	710	63	replicate-1
pa	711	63	replicate-1
pa	712	63	replicate-1
pa	713	62	replicate-1
pa	714	63	replicate-1
pa	715	64	replicate-1
pa	716	62	replicate-1
pa	717	59	replicate-1
pa	718	58	replicate-1
pa	719	63	replicate-1
pa	720	63	replicate-1
pa	721	63	replicate-1
pa	722	59	replicate-1
pa	723	59	replicate-1
pa	724	57	replicate-1
pa	725	56	replicate-1
pa	726	54	replicate-1
pa	727	50	replicate-1
pa	728	50	replicate-1
pa	729	49	replicate-1
pa	730	49	replicate-1
pa	731	50	replicate-1
pa	732	50	replicate-1
pa	733	49	replicate-1
pa	734	52	replicate-1
pa	735	52	replicate-1
pa	736	52	replicate-1
pa	737	51	replicate-1
pa	738	51	replicate-1
pa	739	52	replicate-1
pa	740	51	replicate-1
pa	741	50	replicate-1
pa	742	50	replicate-1
pa	743	54	replicate-1
pa	744	54	replicate-1
pa	745	54	replicate-1
pa	746	58	replicate-1
pa	747	58	replicate-1
pa	748	58	replicate-1
pa	749	58	replicate-1
pa	750	56	replicate-1
pa	751	56	replicate-1
pa	752	55	replicate-1
pa	753	55	replicate-1
pa	754	55	replicate-1
pa	755	55	replicate-1
pa	756	55	replicate-1
pa	757	55	replicate-1
pa	758	56	replicate-1
pa	759	56	replicate-1
pa	760	56	replicate-1
pa	761	56	replicate-1
pa	762	56	replicate-1
pa	763	57	replicate-1
pa	764	57	replicate-1
pa	765	56	replicate-1
pa	766	56	replicate-1
pa	767	51	replicate-1
pa	768	51	replicate-1
pa	769	51	replicate-1
pa	770	52	replicate-1
pa	771	54	replicate-1
pa	772	54	replicate-1
pa	773	55	replicate-1
pa	774	55	replicate-1
pa	775	54	replicate-1
pa	776	54	replicate-1
pa	777	54	replicate-1
pa	778	55	replicate-1
pa	779	55	replicate-1
pa	780	54	replicate-1
pa	781	56	replicate-1
pa	782	54	replicate-1
pa	783	54	replicate-1
pa	784	54	replicate-1
pa	785	54	replicate-1
pa	786	54	replicate-1
pa	787	52	replicate-1
pa	788	51	replicate-1
pa	789	50	replicate-1
pa	790	49	replicate-1
pa	791	50	replicate-1
pa	792	50	replicate-1
pa	793	50	replicate-1
pa	794	50	replicate-1
pa	795	47	replicate-1
pa	796	47	replicate-1
pa	797	45	replicate-1
pa	798	45	replicate-1
pa	799	45	replicate-1
pa	800	38	replicate-1
pa	801	38	replicate-1
pa	802	40	replicate-1
pa	803	40	replicate-1
pa	804	40	replicate-1
pa	805	40	replicate-1
pa	806	40	replicate-1
pa	807	40	replicate-1
pa	808	40	replicate-1
pa	809	41	replicate-1
pa	810	42	replicate-1
pa	811	40	replicate-1
pa	812	40	replicate-1
pa	813	39	replicate-1
pa	814	40	replicate-1
pa	815	40	replicate-1
pa	816	40	replicate-1
pa	817	38	replicate-1
pa	818	36	replicate-1
pa	819	36	replicate-1
pa	820	36	replicate-1
pa	821	36	replicate-1
pa	822	36	replicate-1
pa	823	35	replicate-1
pa	824	33	replicate-1
pa	825	33	replicate-1
pa	826	33	replicate-1
pa	827	33	replicate-1
pa	828	33	replicate-1
pa	829	33	replicate-1
pa	830	24	replicate-1
pa	831	24	replicate-1
pa	832	24	replicate-1
pa	833	24	replicate-1
pa	834	22	replicate-1
pa	835	24	replicate-1
pa	836	24	replicate-1
pa	837	24	replicate-1
pa	838	24	replicate-1
pa	839	24	replicate-1
pa	840	24	replicate-1
pa	841	24	replicate-1
pa	842	24	replicate-1
pa	843	24	replicate-1
pa	844	24	replicate-1
pa	845	24	replicate-1
pa	846	24	replicate-1
pa	847	24	replicate-1
pa	848	24	replicate-1
pa	849	24	replicate-1
pa	850	23	replicate-1
pa	851	23	replicate-1
pa	852	12	replicate-1
pa	853	12	replicate-1
pa	854	13	replicate-1
pa	855	13	replicate-1
pa	856	13	replicate-1
pa	857	13	replicate-1
pa	858	13	replicate-1
pa	859	13	replicate-1
pa	860	13	replicate-1
pa	861	13	replicate-1
pa	862	13	replicate-1
pa	863	13	replicate-1
pa	864	12	replicate-1
pa	865	12	replicate-1
pa	866	12	replicate-1
pa	867	12	replicate-1
pa	868	12	replicate-1
pa	869	12	replicate-1
pa	870	12	replicate-1
pa	871	12	replicate-1
pa	872	13	replicate-1
pa	873	13	replicate-1
pa	874	14	replicate-1
pa	875	14	replicate-1
pa	876	16	replicate-1
pa	877	16	replicate-1
pa	878	16	replicate-1
pa	879	16	replicate-1
pa	880	16	replicate-1
pa	881	16	replicate-1
pa	882	16	replicate-1
pa	883	16	replicate-1
pa	884	16	replicate-1
pa	885	13	replicate-1
pa	886	13	replicate-1
pa	887	13	replicate-1
pa	888	13	replicate-1
pa	889	13	replicate-1
pa	890	13	replicate-1
pa	891	13	replicate-1
pa	892	13	replicate-1
pa	893	13	replicate-1
pa	894	13	replicate-1
pa	895	16	replicate-1
pa	896	16	replicate-1
pa	897	16	replicate-1
pa	898	16	replicate-1
pa	899	16	replicate-1
pa	900	16	replicate-1
pa	901	17	replicate-1
pa	902	17	replicate-1
pa	903	17	replicate-1
pa	904	17	replicate-1
pa	905	16	replicate-1
pa	906	16	replicate-1
pa	907	16	replicate-1
pa	908	15	replicate-1
pa	909	15	replicate-1
pa	910	15	replicate-1
pa	911	15	replicate-1
pa	912	15	replicate-1
pa	913	17	replicate-1
pa	914	19	replicate-1
pa	915	19	replicate-1
pa	916	19	replicate-1
pa	917	19	replicate-1
pa	918	19	replicate-1
pa	919	19	replicate-1
pa	920	19	replicate-1
pa	921	19	replicate-1
pa	922	20	replicate-1
pa	923	20	replicate-1
pa	924	20	replicate-1
pa	925	20	replicate-1
pa	926	20	replicate-1
pa	927	19	replicate-1
pa	928	26	replicate-1
pa	929	26	replicate-1
pa	930	26	replicate-1
pa	931	25	replicate-1
pa	932	25	replicate-1
pa	933	24	replicate-1
pa	934	27	replicate-1
pa	935	27	replicate-1
pa	936	27	replicate-1
pa	937	27	replicate-1
pa	938	27	replicate-1
pa	939	24	replicate-1
pa	940	24	replicate-1
pa	941	24	replicate-1
pa	942	24	replicate-1
pa	943	24	replicate-1
pa	944	24	replicate-1
pa	945	24	replicate-1
pa	946	24	replicate-1
pa	947	25	replicate-1
pa	948	25	replicate-1
pa	949	25	replicate-1
pa	950	23	replicate-1
pa	951	23	replicate-1
pa	952	23	replicate-1
pa	953	23	replicate-1
pa	954	23	replicate-1
pa	955	22	replicate-1
pa	956	22	replicate-1
pa	957	22	replicate-1
pa	958	22	replicate-1
pa	959	23	replicate-1
pa	960	23	replicate-1
pa	961	23	replicate-1
pa	962	23	replicate-1
pa	963	23	replicate-1
pa	964	23	replicate-1
pa	965	24	replicate-1
pa	966	24	replicate-1
pa	967	24	replicate-1
pa	968	24	replicate-1
pa	969	24	replicate-1
pa	970	25	replicate-1
pa	971	42	replicate-1
pa	972	42	replicate-1
pa	973	42	replicate-1
pa	974	213	replicate-1
pa	975	325	replicate-1
pa	976	601	replicate-1
pa	977	607	replicate-1
pa	978	609	replicate-1
pa	979	680	replicate-1
pa	980	790	replicate-1
pa	981	1102	replicate-1
pa	982	1109	replicate-1
pa	983	1117	replicate-1
pa	984	1260	replicate-1
pa	985	1463	replicate-1
pa	986	1761	replicate-1
pa	987	1766	replicate-1
pa	988	1921	replicate-1
pa	989	2014	replicate-1
pa	990	2373	replicate-1
pa	991	2415	replicate-1
pa	992	2419	replicate-1
pa	993	2435	replicate-1
pa	994	2448	replicate-1
pa	995	2688	replicate-1
pa	996	2695	replicate-1
pa	997	2937	replicate-1
pa	998	3002	replicate-1
pa	999	3036	replicate-1
pa	1000	3600	replicate-1
pa	1001	3616	replicate-1
pa	1002	3783	replicate-1
pa	1003	3841	replicate-1
pa	1004	3847	replicate-1
pa	1005	3907	replicate-1
pa	1006	3913	replicate-1
pa	1007	3920	replicate-1
pa	1008	4130	replicate-1
pa	1009	4515	replicate-1
pa	1010	4829	replicate-1
pa	1011	4907	replicate-1
pa	1012	4921	replicate-1
pa	1013	4926	replicate-1
pa	1014	4955	replicate-1
pa	1015	5205	replicate-1
pa	1016	5436	replicate-1
pa	1017	6033	replicate-1
pa	1018	6060	replicate-1
pa	1019	6114	replicate-1
pa	1020	6165	replicate-1
pa	1021	6482	replicate-1
pa	1022	6638	replicate-1
pa	1023	6709	replicate-1
pa	1024	6720	replicate-1
pa	1025	6836	replicate-1
pa	1026	6835	replicate-1
pa	1027	7047	replicate-1
pa	1028	7055	replicate-1
pa	1029	7094	replicate-1
pa	1030	7098	replicate-1
pa	1031	7109	replicate-1
pa	1032	7233	replicate-1
pa	1033	7334	replicate-1
pa	1034	7366	replicate-1
pa	1035	7379	replicate-1
pa	1036	7387	replicate-1
pa	1037	7425	replicate-1
pa	1038	7451	replicate-1
pa	1039	7484	replicate-1
pa	1040	7496	replicate-1
pa	1041	7498	replicate-1
pa	1042	7497	replicate-1
pa	1043	7503	replicate-1
pa	1044	7580	replicate-1
pa	1045	7722	replicate-1
pa	1046	7833	replicate-1
pa	1047	7864	replicate-1
pa	1048	7943	replicate-1
pa	1049	8035	replicate-1
pa	1050	8069	replicate-1
pa	1051	8102	replicate-1
pa	1052	8139	replicate-1
pa	1053	8113	replicate-1
pa	1054	8172	replicate-1
pa	1055	8084	replicate-1
pa	1056	8137	replicate-1
pa	1057	9103	replicate-1
pa	1058	9083	replicate-1
pa	1059	9153	replicate-1
pa	1060	9132	replicate-1
pa	1061	9127	replicate-1
pa	1062	9155	replicate-1
pa	1063	9165	replicate-1
pa	1064	9149	replicate-1
pa	1065	9268	replicate-1
pa	1066	8879	replicate-1
pa	1067	8909	replicate-1
pa	1068	8901	replicate-1
pa	1069	8950	replicate-1
pa	1070	8994	replicate-1
pa	1071	8972	replicate-1
pa	1072	8958	replicate-1
pa	1073	8923	replicate-1
pa	1074	8853	replicate-1
pa	1075	8904	replicate-1
pa	1076	8852	replicate-1
pa	1077	8893	replicate-1
pa	1078	8955	replicate-1
pa	1079	8993	replicate-1
pa	1080	9041	replicate-1
pa	1081	9030	replicate-1
pa	1082	9015	replicate-1
pa	1083	8954	replicate-1
pa	1084	8919	replicate-1
pa	1085	9028	replicate-1
pa	1086	9088	replicate-1
pa	1087	9058	replicate-1
pa	1088	9035	replicate-1
pa	1089	9028	replicate-1
pa	1090	9025	replicate-1
pa	1091	9032	replicate-1
pa	1092	9232	replicate-1
pa	1093	9184	replicate-1
pa	1094	9163	replicate-1
pa	1095	9120	replicate-1
pa	1096	9099	replicate-1
pa	1097	9057	replicate-1
pa	1098	9210	replicate-1
pa	1099	9156	replicate-1
pa	1100	9135	replicate-1
pa	1101	9002	replicate-1
pa	1102	8945	replicate-1
pa	1103	8917	replicate-1
pa	1104	9205	replicate-1
pa	1105	9181	replicate-1
pa	1106	9100	replicate-1
pa	1107	9142	replicate-1
pa	1108	8909	replicate-1
pa	1109	8904	replicate-1
pa	1110	8796	replicate-1
pa	1111	8752	replicate-1
pa	1112	8773	replicate-1
pa	1113	8494	replicate-1
pa	1114	8529	replicate-1
pa	1115	8592	replicate-1
pa	1116	8605	replicate-1
pa	1117	9420	replicate-1
pa	1118	9383	replicate-1
pa	1119	9474	replicate-1
pa	1120	9475	replicate-1
pa	1121	9423	replicate-1
pa	1122	9326	replicate-1
pa	1123	9311	replicate-1
pa	1124	9378	replicate-1
pa	1125	9429	replicate-1
pa	1126	8668	replicate-1
pa	1127	8764	replicate-1
pa	1128	8787	replicate-1
pa	1129	8832	replicate-1
pa	1130	8921	replicate-1
pa	1131	8847	replicate-1
pa	1132	9057	replicate-1
pa	1133	8930	replicate-1
pa	1134	8979	replicate-1
pa	1135	9459	replicate-1
pa	1136	9528	replicate-1
pa	1137	9455	replicate-1
pa	1138	9496	replicate-1
pa	1139	9378	replicate-1
pa	1140	9633	replicate-1
pa	1141	9429	replicate-1
pa	1142	9549	replicate-1
pa	1143	9551	replicate-1
pa	1144	9218	replicate-1
pa	1145	9192	replicate-1
pa	1146	9142	replicate-1
pa	1147	9186	replicate-1
pa	1148	9254	replicate-1
pa	1149	9040	replicate-1
pa	1150	9058	replicate-1
pa	1151	9034	replicate-1
pa	1152	9058	replicate-1
pa	1153	9090	replicate-1
pa	1154	9056	replicate-1
pa	1155	9018	replicate-1
pa	1156	9065	replicate-1
pa	1157	9074	replicate-1
pa	1158	9090	replicate-1
pa	1159	9170	replicate-1
pa	1160	9119	replicate-1
pa	1161	9137	replicate-1
pa	1162	9278	replicate-1
pa	1163	9481	replicate-1
pa	1164	9557	replicate-1
pa	1165	9530	replicate-1
pa	1166	9521	replicate-1
pa	1167	9487	replicate-1
pa	1168	9465	replicate-1
pa	1169	9445	replicate-1
pa	1170	9472	replicate-1
pa	1171	9501	replicate-1
pa	1172	9326	replicate-1
pa	1173	9877	replicate-1
pa	1174	9852	replicate-1
pa	1175	10169	replicate-1
pa	1176	10163	replicate-1
pa	1177	10182	replicate-1
pa	1178	10175	replicate-1
pa	1179	10241	replicate-1
pa	1180	10475	replicate-1
pa	1181	10460	replicate-1
pa	1182	9943	replicate-1
pa	1183	10023	replicate-1
pa	1184	9869	replicate-1
pa	1185	9901	replicate-1
pa	1186	9960	replicate-1
pa	1187	9977	replicate-1
pa	1188	9933	replicate-1
pa	1189	9854	replicate-1
pa	1190	11379	replicate-1
pa	1191	11429	replicate-1
pa	1192	11684	replicate-1
pa	1193	11697	replicate-1
pa	1194	11795	replicate-1
pa	1195	11917	replicate-1
pa	1196	11891	replicate-1
pa	1197	11900	replicate-1
pa	1198	12286	replicate-1
pa	1199	11462	replicate-1
pa	1200	12717	replicate-1
pa	1201	12650	replicate-1
pa	1202	12688	replicate-1
pa	1203	12897	replicate-1
pa	1204	12911	replicate-1
pa	1205	12994	replicate-1
pa	1206	12960	replicate-1
pa	1207	12658	replicate-1
pa	1208	12687	replicate-1
pa	1209	12354	replicate-1
pa	1210	12364	replicate-1
pa	1211	12380	replicate-1
pa	1212	12319	replicate-1
pa	1213	12409	replicate-1
pa	1214	12423	replicate-1
pa	1215	12579	replicate-1
pa	1216	12626	replicate-1
pa	1217	12603	replicate-1
pa	1218	12475	replicate-1
pa	1219	12556	replicate-1
pa	1220	12751	replicate-1
pa	1221	13132	replicate-1
pa	1222	13180	replicate-1
pa	1223	13095	replicate-1
pa	1224	13022	replicate-1
pa	1225	12998	replicate-1
pa	1226	13024	replicate-1
pa	1227	12988	replicate-1
pa	1228	13052	replicate-1
pa	1229	12787	replicate-1
pa	1230	12645	replicate-1
pa	1231	12690	replicate-1
pa	1232	12716	replicate-1
pa	1233	12799	replicate-1
pa	1234	12857	replicate-1
pa	1235	12883	replicate-1
pa	1236	12926	replicate-1
pa	1237	12937	replicate-1
pa	1238	13114	replicate-1
pa	1239	13140	replicate-1
pa	1240	13144	replicate-1
pa	1241	13175	replicate-1
pa	1242	13382	replicate-1
pa	1243	13398	replicate-1
pa	1244	13414	replicate-1
pa	1245	13418	replicate-1
pa	1246	13398	replicate-1
pa	1247	13282	replicate-1
pa	1248	13502	replicate-1
pa	1249	13628	replicate-1
pa	1250	13646	replicate-1
pa	1251	13482	replicate-1
pa	1252	13799	replicate-1
pa	1253	13790	replicate-1
pa	1254	13926	replicate-1
pa	1255	13904	replicate-1
pa	1256	13919	replicate-1
pa	1257	14950	replicate-1
pa	1258	14798	replicate-1
pa	1259	14842	replicate-1
pa	1260	14835	replicate-1
pa	1261	14591	replicate-1
pa	1262	14631	replicate-1
pa	1263	14759	replicate-1
pa	1264	14858	replicate-1
pa	1265	14833	replicate-1
pa	1266	14079	replicate-1
pa	1267	14142	replicate-1
pa	1268	14450	replicate-1
pa	1269	14521	replicate-1
pa	1270	15092	replicate-1
pa	1271	15144	replicate-1
pa	1272	14902	replicate-1
pa	1273	14832	replicate-1
pa	1274	14798	replicate-1
pa	1275	15096	replicate-1
pa	1276	15015	replicate-1
pa	1277	15081	replicate-1
pa	1278	14737	replicate-1
pa	1279	14801	replicate-1
pa	1280	14710	replicate-1
pa	1281	14761	replicate-1
pa	1282	14746	replicate-1
pa	1283	14738	replicate-1
pa	1284	14872	replicate-1
pa	1285	14898	replicate-1
pa	1286	14895	replicate-1
pa	1287	14923	replicate-1
pa	1288	14764	replicate-1
pa	1289	15876	replicate-1
pa	1290	16033	replicate-1
pa	1291	16037	replicate-1
pa	1292	16044	replicate-1
pa	1293	15859	replicate-1
pa	1294	16382	replicate-1
pa	1295	16250	replicate-1
pa	1296	16187	replicate-1
pa	1297	16201	replicate-1
pa	1298	15418	replicate-1
pa	1299	15628	replicate-1
pa	1300	15672	replicate-1
pa	1301	15673	replicate-1
pa	1302	15685	replicate-1
pa	1303	15442	replicate-1
pa	1304	16265	replicate-1
pa	1305	16179	replicate-1
pa	1306	16194	replicate-1
pa	1307	16235	replicate-1
pa	1308	15941	replicate-1
pa	1309	16188	replicate-1
pa	1310	16340	replicate-1
pa	1311	16437	replicate-1
pa	1312	16472	replicate-1
pa	1313	15912	replicate-1
pa	1314	15897	replicate-1
pa	1315	15956	replicate-1
pa	1316	16463	replicate-1
pa	1317	16505	replicate-1
pa	1318	16416	replicate-1
pa	1319	16414	replicate-1
pa	1320	16501	replicate-1
pa	1321	16655	replicate-1
pa	1322	16607	replicate-1
pa	1323	16596	replicate-1
pa	1324	16626	replicate-1
pa	1325	16283	replicate-1
pa	1326	16518	replicate-1
pa	1327	17133	replicate-1
pa	1328	17127	replicate-1
pa	1329	17141	replicate-1
pa	1330	17219	replicate-1
pa	1331	17174	replicate-1
pa	1332	17151	replicate-1
pa	1333	17154	replicate-1
pa	1334	17008	replicate-1
pa	1335	17556	replicate-1
pa	1336	17093	replicate-1
pa	1337	17634	replicate-1
pa	1338	17673	replicate-1
pa	1339	17711	replicate-1
pa	1340	17461	replicate-1
pa	1341	17482	replicate-1
pa	1342	17529	replicate-1
pa	1343	17582	replicate-1
pa	1344	17444	replicate-1
pa	1345	17360	replicate-1
pa	1346	16948	replicate-1
pa	1347	17057	replicate-1
pa	1348	16982	replicate-1
pa	1349	17017	replicate-1
pa	1350	17087	replicate-1
pa	1351	16821	replicate-1
pa	1352	16775	replicate-1
pa	1353	16979	replicate-1
pa	1354	16967	replicate-1
pa	1355	16941	replicate-1
pa	1356	17070	replicate-1
pa	1357	17062	replicate-1
pa	1358	16991	replicate-1
pa	1359	16932	replicate-1
pa	1360	16912	replicate-1
pa	1361	16915	replicate-1
pa	1362	16661	replicate-1
pa	1363	16408	replicate-1
pa	1364	16822	replicate-1
pa	1365	16570	replicate-1
pa	1366	16700	replicate-1
pa	1367	16635	replicate-1
pa	1368	16462	replicate-1
pa	1369	16613	replicate-1
pa	1370	16199	replicate-1
pa	1371	16178	replicate-1
pa	1372	16223	replicate-1
pa	1373	15082	replicate-1
pa	1374	15526	replicate-1
pa	1375	15447	replicate-1
pa	1376	15502	replicate-1
pa	1377	15566	replicate-1
pa	1378	15476	replicate-1
pa	1379	15506	replicate-1
pa	1380	15802	replicate-1
pa	1381	15723	replicate-1
pa	1382	15755	replicate-1
pa	1383	15541	replicate-1
pa	1384	15195	replicate-1
pa	1385	15255	replicate-1
pa	1386	15171	replicate-1
pa	1387	15250	replicate-1
pa	1388	15286	replicate-1
pa	1389	15059	replicate-1
pa	1390	15459	replicate-1
pa	1391	15665	replicate-1
pa	1392	15642	replicate-1
pa	1393	15902	replicate-1
pa	1394	15790	replicate-1
pa	1395	15951	replicate-1
pa	1396	15896	replicate-1
pa	1397	15764	replicate-1
pa	1398	15882	replicate-1
pa	1399	14978	replicate-1
pa	1400	15200	replicate-1
pa	1401	15255	replicate-1
pa	1402	15202	replicate-1
pa	1403	15229	replicate-1
pa	1404	15076	replicate-1
pa	1405	14938	replicate-1
pa	1406	14823	replicate-1
pa	1407	14629	replicate-1
pa	1408	14605	replicate-1
pa	1409	14707	replicate-1
pa	1410	13916	replicate-1
pa	1411	14393	replicate-1
pa	1412	14265	replicate-1
pa	1413	14471	replicate-1
pa	1414	14484	replicate-1
pa	1415	14799	replicate-1
pa	1416	15680	replicate-1
pa	1417	15650	replicate-1
pa	1418	15582	replicate-1
pa	1419	16289	replicate-1
pa	1420	15827	replicate-1
pa	1421	16596	replicate-1
pa	1422	16479	replicate-1
pa	1423	16412	replicate-1
pa	1424	16500	replicate-1
pa	1425	15297	replicate-1
pa	1426	15961	replicate-1
pa	1427	16031	replicate-1
pa	1428	15482	replicate-1
pa	1429	15598	replicate-1
pa	1430	15027	replicate-1
pa	1431	15615	replicate-1
pa	1432	15704	replicate-1
pa	1433	15707	replicate-1
pa	1434	15926	replicate-1
pa	1435	15393	replicate-1
pa	1436	15535	replicate-1
pa	1437	15571	replicate-1
pa	1438	15526	replicate-1
pa	1439	15522	replicate-1
pa	1440	15092	replicate-1
pa	1441	15091	replicate-1
pa	1442	15100	replicate-1
pa	1443	15025	replicate-1
pa	1444	14965	replicate-1
pa	1445	14944	replicate-1
pa	1446	14849	replicate-1
pa	1447	14864	replicate-1
pa	1448	14887	replicate-1
pa	1449	14860	replicate-1
pa	1450	15313	replicate-1
pa	1451	15322	replicate-1
pa	1452	15314	replicate-1
pa	1453	15448	replicate-1
pa	1454	15456	replicate-1
pa	1455	15510	replicate-1
pa	1456	15596	replicate-1
pa	1457	15576	replicate-1
pa	1458	15540	replicate-1
pa	1459	14979	replicate-1
pa	1460	15103	replicate-1
pa	1461	15354	replicate-1
pa	1462	15313	replicate-1
pa	1463	15315	replicate-1
pa	1464	15262	replicate-1
pa	1465	15183	replicate-1
pa	1466	15131	replicate-1
pa	1467	15180	replicate-1
pa	1468	15194	replicate-1
pa	1469	14948	replicate-1
pa	1470	14883	replicate-1
pa	1471	14831	replicate-1
pa	1472	15211	replicate-1
pa	1473	15268	replicate-1
pa	1474	15322	replicate-1
pa	1475	15297	replicate-1
pa	1476	15247	replicate-1
pa	1477	15269	replicate-1
pa	1478	15331	replicate-1
pa	1479	15312	replicate-1
pa	1480	15262	replicate-1
pa	1481	14859	replicate-1
pa	1482	14916	replicate-1
pa	1483	15096	replicate-1
pa	1484	15195	replicate-1
pa	1485	15129	replicate-1
pa	1486	15032	replicate-1
pa	1487	14850	replicate-1
pa	1488	14947	replicate-1
pa	1489	15001	replicate-1
pa	1490	14989	replicate-1
pa	1491	14960	replicate-1
pa	1492	14418	replicate-1
pa	1493	14511	replicate-1
pa	1494	14504	replicate-1
pa	1495	14497	replicate-1
pa	1496	14530	replicate-1
pa	1497	14218	replicate-1
pa	1498	14215	replicate-1
pa	1499	14200	replicate-1
pa	1500	14193	replicate-1
pa	1501	14248	replicate-1
pa	1502	14024	replicate-1
pa	1503	13864	replicate-1
pa	1504	13810	replicate-1
pa	1505	13801	replicate-1
pa	1506	13731	replicate-1
pa	1507	13524	replicate-1
pa	1508	13516	replicate-1
pa	1509	13483	replicate-1
pa	1510	13431	replicate-1
pa	1511	13341	replicate-1
pa	1512	13370	replicate-1
pa	1513	13323	replicate-1
pa	1514	13452	replicate-1
pa	1515	13358	replicate-1
pa	1516	13296	replicate-1
pa	1517	13275	replicate-1
pa	1518	13088	replicate-1
pa	1519	13286	replicate-1
pa	1520	13293	replicate-1
pa	1521	14183	replicate-1
pa	1522	14515	replicate-1
pa	1523	14209	replicate-1
pa	1524	14458	replicate-1
pa	1525	14427	replicate-1
pa	1526	14394	replicate-1
pa	1527	14479	replicate-1
pa	1528	14018	replicate-1
pa	1529	13701	replicate-1
pa	1530	13530	replicate-1
pa	1531	12342	replicate-1
pa	1532	12278	replicate-1
pa	1533	12224	replicate-1
pa	1534	12156	replicate-1
pa	1535	12598	replicate-1
pa	1536	12683	replicate-1
pa	1537	12725	replicate-1
pa	1538	12663	replicate-1
pa	1539	12478	replicate-1
pa	1540	12555	replicate-1
pa	1541	12501	replicate-1
pa	1542	12442	replicate-1
pa	1543	12462	replicate-1
pa	1544	12299	replicate-1
pa	1545	12090	replicate-1
pa	1546	11977	replicate-1
pa	1547	12157	replicate-1
pa	1548	12313	replicate-1
pa	1549	12231	replicate-1
pa	1550	12276	replicate-1
pa	1551	12252	replicate-1
pa	1552	12704	replicate-1
pa	1553	12763	replicate-1
pa	1554	12858	replicate-1
pa	1555	12874	replicate-1
pa	1556	12605	replicate-1
pa	1557	12575	replicate-1
pa	1558	12561	replicate-1
pa	1559	12571	replicate-1
pa	1560	13058	replicate-1
pa	1561	12675	replicate-1
pa	1562	12695	replicate-1
pa	1563	12644	replicate-1
pa	1564	12679	replicate-1
pa	1565	12967	replicate-1
pa	1566	13028	replicate-1
pa	1567	12998	replicate-1
pa	1568	13157	replicate-1
pa	1569	12545	replicate-1
pa	1570	12598	replicate-1
pa	1571	12581	replicate-1
pa	1572	12476	replicate-1
pa	1573	12696	replicate-1
pa	1574	12441	replicate-1
pa	1575	12316	replicate-1
pa	1576	12336	replicate-1
pa	1577	12164	replicate-1
pa	1578	12256	replicate-1
pa	1579	12100	replicate-1
pa	1580	12059	replicate-1
pa	1581	12197	replicate-1
pa	1582	11801	replicate-1
pa	1583	11817	replicate-1
pa	1584	11748	replicate-1
pa	1585	11797	replicate-1
pa	1586	11767	replicate-1
pa	1587	11604	replicate-1
pa	1588	11672	replicate-1
pa	1589	12202	replicate-1
pa	1590	11971	replicate-1
pa	1591	11929	replicate-1
pa	1592	11891	replicate-1
pa	1593	11911	replicate-1
pa	1594	12118	replicate-1
pa	1595	12104	replicate-1
pa	1596	12182	replicate-1
pa	1597	11993	replicate-1
pa	1598	11641	replicate-1
pa	1599	11881	replicate-1
pa	1600	11965	replicate-1
pa	1601	12007	replicate-1
pa	1602	11986	replicate-1
pa	1603	12052	replicate-1
pa	1604	11820	replicate-1
pa	1605	11867	replicate-1
pa	1606	11809	replicate-1
pa	1607	11858	replicate-1
pa	1608	11686	replicate-1
pa	1609	11657	replicate-1
pa	1610	11891	replicate-1
pa	1611	11953	replicate-1
pa	1612	11930	replicate-1
pa	1613	11932	replicate-1
pa	1614	11850	replicate-1
pa	1615	11877	replicate-1
pa	1616	12240	replicate-1
pa	1617	12343	replicate-1
pa	1618	12360	replicate-1
pa	1619	11995	replicate-1
pa	1620	11995	replicate-1
pa	1621	12169	replicate-1
pa	1622	12078	replicate-1
pa	1623	12002	replicate-1
pa	1624	12061	replicate-1
pa	1625	11528	replicate-1
pa	1626	11430	replicate-1
pa	1627	11456	replicate-1
pa	1628	11447	replicate-1
pa	1629	11570	replicate-1
pa	1630	11430	replicate-1
pa	1631	11523	replicate-1
pa	1632	11512	replicate-1
pa	1633	11583	replicate-1
pa	1634	11687	replicate-1
pa	1635	11727	replicate-1
pa	1636	11958	replicate-1
pa	1637	11937	replicate-1
pa	1638	11879	replicate-1
pa	1639	11893	replicate-1
pa	1640	11752	replicate-1
pa	1641	12070	replicate-1
pa	1642	12041	replicate-1
pa	1643	11898	replicate-1
pa	1644	11872	replicate-1
pa	1645	11594	replicate-1
pa	1646	11716	replicate-1
pa	1647	11667	replicate-1
pa	1648	11698	replicate-1
pa	1649	12191	replicate-1
pa	1650	12073	replicate-1
pa	1651	12311	replicate-1
pa	1652	12319	replicate-1
pa	1653	12333	replicate-1
pa	1654	12394	replicate-1
pa	1655	12351	replicate-1
pa	1656	12351	replicate-1
pa	1657	12490	replicate-1
pa	1658	12092	replicate-1
pa	1659	12228	replicate-1
pa	1660	12238	replicate-1
pa	1661	12366	replicate-1
pa	1662	12409	replicate-1
pa	1663	12501	replicate-1
pa	1664	12744	replicate-1
pa	1665	12707	replicate-1
pa	1666	12680	replicate-1
pa	1667	12663	replicate-1
pa	1668	12656	replicate-1
pa	1669	13264	replicate-1
pa	1670	13113	replicate-1
pa	1671	13303	replicate-1
pa	1672	13175	replicate-1
pa	1673	12977	replicate-1
pa	1674	13025	replicate-1
pa	1675	12964	replicate-1
pa	1676	13124	replicate-1
pa	1677	13168	replicate-1
pa	1678	12480	replicate-1
pa	1679	12600	replicate-1
pa	1680	12373	replicate-1
pa	1681	12883	replicate-1
pa	1682	12971	replicate-1
pa	1683	12931	replicate-1
pa	1684	12924	replicate-1
pa	1685	12730	replicate-1
pa	1686	12621	replicate-1
pa	1687	12764	replicate-1
pa	1688	12652	replicate-1
pa	1689	12652	replicate-1
pa	1690	12227	replicate-1
pa	1691	12156	replicate-1
pa	1692	12190	replicate-1
pa	1693	12551	replicate-1
pa	1694	12764	replicate-1
pa	1695	13088	replicate-1
pa	1696	12903	replicate-1
pa	1697	12815	replicate-1
pa	1698	12805	replicate-1
pa	1699	12820	replicate-1
pa	1700	12859	replicate-1
pa	1701	12722	replicate-1
pa	1702	12794	replicate-1
pa	1703	12536	replicate-1
pa	1704	12292	replicate-1
pa	1705	12445	replicate-1
pa	1706	12488	replicate-1
pa	1707	12638	replicate-1
pa	1708	12716	replicate-1
pa	1709	12845	replicate-1
pa	1710	13068	replicate-1
pa	1711	12888	replicate-1
pa	1712	12789	replicate-1
pa	1713	12953	replicate-1
pa	1714	12773	replicate-1
pa	1715	13029	replicate-1
pa	1716	13219	replicate-1
pa	1717	13298	replicate-1
pa	1718	13083	replicate-1
pa	1719	12870	replicate-1
pa	1720	12778	replicate-1
pa	1721	12802	replicate-1
pa	1722	12780	replicate-1
pa	1723	12688	replicate-1
pa	1724	12635	replicate-1
pa	1725	12146	replicate-1
pa	1726	11899	replicate-1
pa	1727	11810	replicate-1
pa	1728	11870	replicate-1
pa	1729	11868	replicate-1
pa	1730	11835	replicate-1
pa	1731	11762	replicate-1
pa	1732	11656	replicate-1
pa	1733	11674	replicate-1
pa	1734	11698	replicate-1
pa	1735	11697	replicate-1
pa	1736	11765	replicate-1
pa	1737	11768	replicate-1
pa	1738	11748	replicate-1
pa	1739	11738	replicate-1
pa	1740	11707	replicate-1
pa	1741	11799	replicate-1
pa	1742	11775	replicate-1
pa	1743	11671	replicate-1
pa	1744	11577	replicate-1
pa	1745	11604	replicate-1
pa	1746	11680	replicate-1
pa	1747	11743	replicate-1
pa	1748	11753	replicate-1
pa	1749	12034	replicate-1
pa	1750	11992	replicate-1
pa	1751	11943	replicate-1
pa	1752	11924	replicate-1
pa	1753	11944	replicate-1
pa	1754	12013	replicate-1
pa	1755	12130	replicate-1
pa	1756	12150	replicate-1
pa	1757	12454	replicate-1
pa	1758	12115	replicate-1
pa	1759	12161	replicate-1
pa	1760	12163	replicate-1
pa	1761	12163	replicate-1
pa	1762	12504	replicate-1
pa	1763	12185	replicate-1
pa	1764	12096	replicate-1
pa	1765	11865	replicate-1
pa	1766	11271	replicate-1
pa	1767	11267	replicate-1
pa	1768	11104	replicate-1
pa	1769	11150	replicate-1
pa	1770	11164	replicate-1
pa	1771	10787	replicate-1
pa	1772	10782	replicate-1
pa	1773	10683	replicate-1
pa	1774	10700	replicate-1
pa	1775	11005	replicate-1
pa	1776	10987	replicate-1
pa	1777	11002	replicate-1
pa	1778	10910	replicate-1
pa	1779	11046	replicate-1
pa	1780	11212	replicate-1
pa	1781	11212	replicate-1
pa	1782	11210	replicate-1
pa	1783	11195	replicate-1
pa	1784	10655	replicate-1
pa	1785	10661	replicate-1
pa	1786	10575	replicate-1
pa	1787	10986	replicate-1
pa	1788	10843	replicate-1
pa	1789	11072	replicate-1
pa	1790	11096	replicate-1
pa	1791	11144	replicate-1
pa	1792	11127	replicate-1
pa	1793	11071	replicate-1
pa	1794	11052	replicate-1
pa	1795	11115	replicate-1
pa	1796	10499	replicate-1
pa	1797	10820	replicate-1
pa	1798	10489	replicate-1
pa	1799	10493	replicate-1
pa	1800	10436	replicate-1
pa	1801	10430	replicate-1
pa	1802	10369	replicate-1
pa	1803	10494	replicate-1
pa	1804	10285	replicate-1
pa	1805	10415	replicate-1
pa	1806	10036	replicate-1
pa	1807	9950	replicate-1
pa	1808	9977	replicate-1
pa	1809	10318	replicate-1
pa	1810	10385	replicate-1
pa	1811	10386	replicate-1
pa	1812	10029	replicate-1
pa	1813	10061	replicate-1
pa	1814	9694	replicate-1
pa	1815	9747	replicate-1
pa	1816	9782	replicate-1
pa	1817	9774	replicate-1
pa	1818	9391	replicate-1
pa	1819	9323	replicate-1
pa	1820	9320	replicate-1
pa	1821	9505	replicate-1
pa	1822	9470	replicate-1
pa	1823	9572	replicate-1
pa	1824	9565	replicate-1
pa	1825	9704	replicate-1
pa	1826	9765	replicate-1
pa	1827	9804	replicate-1
pa	1828	9997	replicate-1
pa	1829	9969	replicate-1
pa	1830	9771	replicate-1
pa	1831	9741	replicate-1
pa	1832	9664	replicate-1
pa	1833	9628	replicate-1
pa	1834	9872	replicate-1
pa	1835	9830	replicate-1
pa	1836	9780	replicate-1
pa	1837	9595	replicate-1
pa	1838	9583	replicate-1
pa	1839	9621	replicate-1
pa	1840	9686	replicate-1
pa	1841	9624	replicate-1
pa	1842	9637	replicate-1
pa	1843	9235	replicate-1
pa	1844	9293	replicate-1
pa	1845	9318	replicate-1
pa	1846	9360	replicate-1
pa	1847	9496	replicate-1
pa	1848	9363	replicate-1
pa	1849	9293	replicate-1
pa	1850	9291	replicate-1
pa	1851	9224	replicate-1
pa	1852	9257	replicate-1
pa	1853	9154	replicate-1
pa	1854	9109	replicate-1
pa	1855	9041	replicate-1
pa	1856	8955	replicate-1
pa	1857	8968	replicate-1
pa	1858	9007	replicate-1
pa	1859	9018	replicate-1
pa	1860	9002	replicate-1
pa	1861	9011	replicate-1
pa	1862	8957	replicate-1
pa	1863	9052	replicate-1
pa	1864	9029	replicate-1
pa	1865	9013	replicate-1
pa	1866	9073	replicate-1
pa	1867	9005	replicate-1
pa	1868	9407	replicate-1
pa	1869	9737	replicate-1
pa	1870	9844	replicate-1
pa	1871	9956	replicate-1
pa	1872	9914	replicate-1
pa	1873	9930	replicate-1
pa	1874	9938	replicate-1
pa	1875	9945	replicate-1
pa	1876	9869	replicate-1
pa	1877	9549	replicate-1
pa	1878	9431	replicate-1
pa	1879	9336	replicate-1
pa	1880	9390	replicate-1
pa	1881	9469	replicate-1
pa	1882	9493	replicate-1
pa	1883	9661	replicate-1
pa	1884	9598	replicate-1
pa	1885	9697	replicate-1
pa	1886	9748	replicate-1
pa	1887	9761	replicate-1
pa	1888	9843	replicate-1
pa	1889	9878	replicate-1
pa	1890	9786	replicate-1
pa	1891	9830	replicate-1
pa	1892	9545	replicate-1
pa	1893	9621	replicate-1
pa	1894	9526	replicate-1
pa	1895	9659	replicate-1
pa	1896	10047	replicate-1
pa	1897	10025	replicate-1
pa	1898	10032	replicate-1
pa	1899	9986	replicate-1
pa	1900	9980	replicate-1
pa	1901	10110	replicate-1
pa	1902	9995	replicate-1
pa	1903	10201	replicate-1
pa	1904	10317	replicate-1
pa	1905	10153	replicate-1
pa	1906	10447	replicate-1
pa	1907	10424	replicate-1
pa	1908	10366	replicate-1
pa	1909	10479	replicate-1
pa	1910	10380	replicate-1
pa	1911	10477	replicate-1
pa	1912	10345	replicate-1
pa	1913	10011	replicate-1
pa	1914	9874	replicate-1
pa	1915	9662	replicate-1
pa	1916	9707	replicate-1
pa	1917	9731	replicate-1
pa	1918	9615	replicate-1
pa	1919	9733	replicate-1
pa	1920	9712	replicate-1
pa	1921	9725	replicate-1
pa	1922	10115	replicate-1
pa	1923	10142	replicate-1
pa	1924	10183	replicate-1
pa	1925	10137	replicate-1
pa	1926	10071	replicate-1
pa	1927	10114	replicate-1
pa	1928	10011	replicate-1
pa	1929	10590	replicate-1
pa	1930	10663	replicate-1
pa	1931	10371	replicate-1
pa	1932	10793	replicate-1
pa	1933	10757	replicate-1
pa	1934	10891	replicate-1
pa	1935	10901	replicate-1
pa	1936	10837	replicate-1
pa	1937	10856	replicate-1
pa	1938	10337	replicate-1
pa	1939	10208	replicate-1
pa	1940	10265	replicate-1
pa	1941	9971	replicate-1
pa	1942	9956	replicate-1
pa	1943	9858	replicate-1
pa	1944	9870	replicate-1
pa	1945	9824	replicate-1
pa	1946	9776	replicate-1
pa	1947	9955	replicate-1
pa	1948	9974	replicate-1
pa	1949	10040	replicate-1
pa	1950	10019	replicate-1
pa	1951	10068	replicate-1
pa	1952	10140	replicate-1
pa	1953	10141	replicate-1
pa	1954	10158	replicate-1
pa	1955	10153	replicate-1
pa	1956	9949	replicate-1
pa	1957	10231	replicate-1
pa	1958	10230	replicate-1
pa	1959	10449	replicate-1
pa	1960	10414	replicate-1
pa	1961	10407	replicate-1
pa	1962	10545	replicate-1
pa	1963	10494	replicate-1
pa	1964	10477	replicate-1
pa	1965	10488	replicate-1
pa	1966	10369	replicate-1
pa	1967	12927	replicate-1
pa	1968	12861	replicate-1
pa	1969	13252	replicate-1
pa	1970	13246	replicate-1
pa	1971	13481	replicate-1
pa	1972	13476	replicate-1
pa	1973	13551	replicate-1
pa	1974	13590	replicate-1
pa	1975	13407	replicate-1
pa	1976	12355	replicate-1
pa	1977	11829	replicate-1
pa	1978	11766	replicate-1
pa	1979	11850	replicate-1
pa	1980	11915	replicate-1
pa	1981	11918	replicate-1
pa	1982	11914	replicate-1
pa	1983	11874	replicate-1
pa	1984	11917	replicate-1
pa	1985	11848	replicate-1
pa	1986	12002	replicate-1
pa	1987	12249	replicate-1
pa	1988	12188	replicate-1
pa	1989	12116	replicate-1
pa	1990	12129	replicate-1
pa	1991	12118	replicate-1
pa	1992	12125	replicate-1
pa	1993	12187	replicate-1
pa	1994	12245	replicate-1
pa	1995	12446	replicate-1
pa	1996	12228	replicate-1
pa	1997	12441	replicate-1
pa	1998	12589	replicate-1
pa	1999	12635	replicate-1
pa	2000	12776	replicate-1
pa	2001	12772	replicate-1
pa	2002	12789	replicate-1
pa	2003	12824	replicate-1
pa	2004	12654	replicate-1
pa	2005	12760	replicate-1
pa	2006	12721	replicate-1
pa	2007	12809	replicate-1
pa	2008	12823	replicate-1
pa	2009	12760	replicate-1
pa	2010	12795	replicate-1
pa	2011	12812	replicate-1
pa	2012	12827	replicate-1
pa	2013	12901	replicate-1
pa	2014	12820	replicate-1
pa	2015	12816	replicate-1
pa	2016	12660	replicate-1
pa	2017	12689	replicate-1
pa	2018	12653	replicate-1
pa	2019	12762	replicate-1
pa	2020	12716	replicate-1
pa	2021	12707	replicate-1
pa	2022	12774	replicate-1
pa	2023	12836	replicate-1
pa	2024	13005	replicate-1
pa	2025	13054	replicate-1
pa	2026	12993	replicate-1
pa	2027	13129	replicate-1
pa	2028	12962	replicate-1
pa	2029	13515	replicate-1
pa	2030	13486	replicate-1
pa	2031	13515	replicate-1
pa	2032	13556	replicate-1
pa	2033	13264	replicate-1
pa	2034	13350	replicate-1
pa	2035	13417	replicate-1
pa	2036	13441	replicate-1
pa	2037	13396	replicate-1
pa	2038	14059	replicate-1
pa	2039	13786	replicate-1
pa	2040	13811	replicate-1
pa	2041	13808	replicate-1
pa	2042	13904	replicate-1
pa	2043	13863	replicate-1
pa	2044	13836	replicate-1
pa	2045	13678	replicate-1
pa	2046	13639	replicate-1
pa	2047	12786	replicate-1
pa	2048	13247	replicate-1
pa	2049	13403	replicate-1
pa	2050	13390	replicate-1
pa	2051	13304	replicate-1
pa	2052	13257	replicate-1
pa	2053	13290	replicate-1
pa	2054	13178	replicate-1
pa	2055	13213	replicate-1
pa	2056	13412	replicate-1
pa	2057	12935	replicate-1
pa	2058	12816	replicate-1
pa	2059	12830	replicate-1
pa	2060	12863	replicate-1
pa	2061	12772	replicate-1
pa	2062	12729	replicate-1
pa	2063	12798	replicate-1
pa	2064	12710	replicate-1
pa	2065	12605	replicate-1
pa	2066	12652	replicate-1
pa	2067	12732	replicate-1
pa	2068	12760	replicate-1
pa	2069	13292	replicate-1
pa	2070	13315	replicate-1
pa	2071	13334	replicate-1
pa	2072	13352	replicate-1
pa	2073	13335	replicate-1
pa	2074	13362	replicate-1
pa	2075	13359	replicate-1
pa	2076	13335	replicate-1
pa	2077	13651	replicate-1
pa	2078	13475	replicate-1
pa	2079	13689	replicate-1
pa	2080	13621	replicate-1
pa	2081	13513	replicate-1
pa	2082	14681	replicate-1
pa	2083	14734	replicate-1
pa	2084	14815	replicate-1
pa	2085	14870	replicate-1
pa	2086	14297	replicate-1
pa	2087	14234	replicate-1
pa	2088	13877	replicate-1
pa	2089	14014	replicate-1
pa	2090	14596	replicate-1
pa	2091	13957	replicate-1
pa	2092	15004	replicate-1
pa	2093	15027	replicate-1
pa	2094	15078	replicate-1
pa	2095	15160	replicate-1
pa	2096	15050	replicate-1
pa	2097	15094	replicate-1
pa	2098	15113	replicate-1
pa	2099	14471	replicate-1
pa	2100	14789	replicate-1
pa	2101	14178	replicate-1
pa	2102	14355	replicate-1
pa	2103	14438	replicate-1
pa	2104	14405	replicate-1
pa	2105	14404	replicate-1
pa	2106	14925	replicate-1
pa	2107	14997	replicate-1
pa	2108	15126	replicate-1
pa	2109	14811	replicate-1
pa	2110	14820	replicate-1
pa	2111	14809	replicate-1
pa	2112	14780	replicate-1
pa	2113	14777	replicate-1
pa	2114	14763	replicate-1
pa	2115	14835	replicate-1
pa	2116	14833	replicate-1
pa	2117	14564	replicate-1
pa	2118	14549	replicate-1
pa	2119	14516	replicate-1
pa	2120	14679	replicate-1
pa	2121	14764	replicate-1
pa	2122	14975	replicate-1
pa	2123	14919	replicate-1
pa	2124	14812	replicate-1
pa	2125	15124	replicate-1
pa	2126	15213	replicate-1
pa	2127	15840	replicate-1
pa	2128	15841	replicate-1
pa	2129	15761	replicate-1
pa	2130	15819	replicate-1
pa	2131	15621	replicate-1
pa	2132	15755	replicate-1
pa	2133	15764	replicate-1
pa	2134	15830	replicate-1
pa	2135	15831	replicate-1
pa	2136	15367	replicate-1
pa	2137	15488	replicate-1
pa	2138	15499	replicate-1
pa	2139	15477	replicate-1
pa	2140	15561	replicate-1
pa	2141	15544	replicate-1
pa	2142	15817	replicate-1
pa	2143	15813	replicate-1
pa	2144	15874	replicate-1
pa	2145	16001	replicate-1
pa	2146	15821	replicate-1
pa	2147	15860	replicate-1
pa	2148	15874	replicate-1
pa	2149	15826	replicate-1
pa	2150	15877	replicate-1
pa	2151	15557	replicate-1
pa	2152	15559	replicate-1
pa	2153	15704	replicate-1
pa	2154	15815	replicate-1
pa	2155	15763	replicate-1
pa	2156	15699	replicate-1
pa	2157	15721	replicate-1
pa	2158	15651	replicate-1
pa	2159	15755	replicate-1
pa	2160	15533	replicate-1
pa	2161	15468	replicate-1
pa	2162	15298	replicate-1
pa	2163	15132	replicate-1
pa	2164	15076	replicate-1
pa	2165	15174	replicate-1
pa	2166	15039	replicate-1
pa	2167	15162	replicate-1
pa	2168	14723	replicate-1
pa	2169	14889	replicate-1
pa	2170	14763	replicate-1
pa	2171	14689	replicate-1
pa	2172	14634	replicate-1
pa	2173	14520	replicate-1
pa	2174	13909	replicate-1
pa	2175	13909	replicate-1
pa	2176	13320	replicate-1
pa	2177	12966	replicate-1
pa	2178	12402	replicate-1
pa	2179	12014	replicate-1
pa	2180	11995	replicate-1
pa	2181	11986	replicate-1
pa	2182	11950	replicate-1
pa	2183	11637	replicate-1
pa	2184	11475	replicate-1
pa	2185	11446	replicate-1
pa	2186	11430	replicate-1
pa	2187	11312	replicate-1
pa	2188	11221	replicate-1
pa	2189	11190	replicate-1
pa	2190	11168	replicate-1
pa	2191	11094	replicate-1
pa	2192	11043	replicate-1
pa	2193	10549	replicate-1
pa	2194	10358	replicate-1
pa	2195	10226	replicate-1
pa	2196	10059	replicate-1
pa	2197	10017	replicate-1
pa	2198	9451	replicate-1
pa	2199	9418	replicate-1
pa	2200	9373	replicate-1
pa	2201	9284	replicate-1
pa	2202	9171	replicate-1
pa	2203	8824	replicate-1
pa	2204	8807	replicate-1
pa	2205	8597	replicate-1
pa	2206	8525	replicate-1
pa	2207	6420	replicate-1
pa	2208	5973	replicate-1
pa	2209	5507	replicate-1
pa	2210	5415	replicate-1
pa	2211	5382	replicate-1
pa	2212	5105	replicate-1
pa	2213	5089	replicate-1
pa	2214	5072	replicate-1
pa	2215	5029	replicate-1
pa	2216	4979	replicate-1
pa	2217	4005	replicate-1
pa	2218	3601	replicate-1
pa	2219	3601	replicate-1
pa	2220	3601	replicate-1
pa	2221	3601	replicate-1
pa	2222	3439	replicate-1
pa	2223	3380	replicate-1
pa	2224	3290	replicate-1
pa	2225	3271	replicate-1
pa	2226	3199	replicate-1
pa	2227	3088	replicate-1
pa	2228	3048	replicate-1
pa	2229	2788	replicate-1
pa	2230	2674	replicate-1
pa	2231	2623	replicate-1
pa	2232	2559	replicate-1
pa	2233	660	replicate-1
ha	1	55	replicate-1
ha	2	62	replicate-1
ha	3	64	replicate-1
ha	4	67	replicate-1
ha	5	80	replicate-1
ha	6	105	replicate-1
ha	7	109	replicate-1
ha	8	112	replicate-1
ha	9	115	replicate-1
ha	10	116	replicate-1
ha	11	124	replicate-1
ha	12	135	replicate-1
ha	13	184	replicate-1
ha	14	192	replicate-1
ha	15	192	replicate-1
ha	16	195	replicate-1
ha	17	198	replicate-1
ha	18	202	replicate-1
ha	19	210	replicate-1
ha	20	210	replicate-1
ha	21	215	replicate-1
ha	22	215	replicate-1
ha	23	253	replicate-1
ha	24	254	replicate-1
ha	25	254	replicate-1
ha	26	258	replicate-1
ha	27	259	replicate-1
ha	28	262	replicate-1
ha	29	280	replicate-1
ha	30	282	replicate-1
ha	31	309	replicate-1
ha	32	311	replicate-1
ha	33	311	replicate-1
ha	34	312	replicate-1
ha	35	313	replicate-1
ha	36	399	replicate-1
ha	37	408	replicate-1
ha	38	410	replicate-1
ha	39	426	replicate-1
ha	40	427	replicate-1
ha	41	468	replicate-1
ha	42	470	replicate-1
ha	43	472	replicate-1
ha	44	476	replicate-1
ha	45	478	replicate-1
ha	46	483	replicate-1
ha	47	484	replicate-1
ha	48	487	replicate-1
ha	49	493	replicate-1
ha	50	493	replicate-1
ha	51	493	replicate-1
ha	52	494	replicate-1
ha	53	501	replicate-1
ha	54	507	replicate-1
ha	55	507	replicate-1
ha	56	524	replicate-1
ha	57	566	replicate-1
ha	58	594	replicate-1
ha	59	596	replicate-1
ha	60	597	replicate-1
ha	61	599	replicate-1
ha	62	605	replicate-1
ha	63	614	replicate-1
ha	64	613	replicate-1
ha	65	609	replicate-1
ha	66	614	replicate-1
ha	67	695	replicate-1
ha	68	742	replicate-1
ha	69	742	replicate-1
ha	70	744	replicate-1
ha	71	744	replicate-1
ha	72	749	replicate-1
ha	73	750	replicate-1
ha	74	748	replicate-1
ha	75	751	replicate-1
ha	76	737	replicate-1
ha	77	743	replicate-1
ha	78	743	replicate-1
ha	79	747	replicate-1
ha	80	746	replicate-1
ha	81	745	replicate-1
ha	82	803	replicate-1
ha	83	801	replicate-1
ha	84	799	replicate-1
ha	85	801	replicate-1
ha	86	800	replicate-1
ha	87	813	replicate-1
ha	88	807	replicate-1
ha	89	807	replicate-1
ha	90	808	replicate-1
ha	91	773	replicate-1
ha	92	802	replicate-1
ha	93	806	replicate-1
ha	94	806	replicate-1
ha	95	811	replicate-1
ha	96	810	replicate-1
ha	97	839	replicate-1
ha	98	837	replicate-1
ha	99	846	replicate-1
ha	100	848	replicate-1
ha	101	848	replicate-1
ha	102	845	replicate-1
ha	103	845	replicate-1
ha	104	848	replicate-1
ha	105	847	replicate-1
ha	106	894	replicate-1
ha	107	889	replicate-1
ha	108	901	replicate-1
ha	109	902	replicate-1
ha	110	903	replicate-1
ha	111	905	replicate-1
ha	112	904	replicate-1
ha	113	901	replicate-1
ha	114	900	replicate-1
ha	115	868	replicate-1
ha	116	892	replicate-1
ha	117	881	replicate-1
ha	118	881	replicate-1
ha	119	883	replicate-1
ha	120	880	replicate-1
ha	121	897	replicate-1
ha	122	901	replicate-1
ha	123	898	replicate-1
ha	124	904	replicate-1
ha	125	896	replicate-1
ha	126	902	replicate-1
ha	127	904	replicate-1
ha	128	893	replicate-1
ha	129	921	replicate-1
ha	130	912	replicate-1
ha	131	950	replicate-1
ha	132	943	replicate-1
ha	133	935	replicate-1
ha	134	949	replicate-1
ha	135	948	replicate-1
ha	136	952	replicate-1
ha	137	960	replicate-1
ha	138	925	replicate-1
ha	139	931	replicate-1
ha	140	911	replicate-1
ha	141	909	replicate-1
ha	142	921	replicate-1
ha	143	898	replicate-1
ha	144	897	replicate-1
ha	145	887	replicate-1
ha	146	879	replicate-1
ha	147	878	replicate-1
ha	148	877	replicate-1
ha	149	873	replicate-1
ha	150	922	replicate-1
ha	151	921	replicate-1
ha	152	920	replicate-1
ha	153	920	replicate-1
ha	154	922	replicate-1
ha	155	929	replicate-1
ha	156	931	replicate-1
ha	157	926	replicate-1
ha	158	921	replicate-1
ha	159	863	replicate-1
ha	160	870	replicate-1
ha	161	924	replicate-1
ha	162	958	replicate-1
ha	163	950	replicate-1
ha	164	953	replicate-1
ha	165	956	replicate-1
ha	166	962	replicate-1
ha	167	970	replicate-1
ha	168	976	replicate-1
ha	169	976	replicate-1
ha	170	936	replicate-1
ha	171	929	replicate-1
ha	172	934	replicate-1
ha	173	931	replicate-1
ha	174	924	replicate-1
ha	175	929	replicate-1
ha	176	935	replicate-1
ha	177	930	replicate-1
ha	178	925	replicate-1
ha	179	921	replicate-1
ha	180	920	replicate-1
ha	181	906	replicate-1
ha	182	913	replicate-1
ha	183	913	replicate-1
ha	184	906	replicate-1
ha	185	907	replicate-1
ha	186	901	replicate-1
ha	187	923	replicate-1
ha	188	913	replicate-1
ha	189	916	replicate-1
ha	190	918	replicate-1
ha	191	920	replicate-1
ha	192	922	replicate-1
ha	193	920	replicate-1
ha	194	920	replicate-1
ha	195	919	replicate-1
ha	196	933	replicate-1
ha	197	941	replicate-1
ha	198	938	replicate-1
ha	199	947	replicate-1
ha	200	939	replicate-1
ha	201	943	replicate-1
ha	202	945	replicate-1
ha	203	983	replicate-1
ha	204	1004	replicate-1
ha	205	993	replicate-1
ha	206	991	replicate-1
ha	207	984	replicate-1
ha	208	998	replicate-1
ha	209	1000	replicate-1
ha	210	997	replicate-1
ha	211	1002	replicate-1
ha	212	952	replicate-1
ha	213	946	replicate-1
ha	214	949	replicate-1
ha	215	951	replicate-1
ha	216	942	replicate-1
ha	217	936	replicate-1
ha	218	929	replicate-1
ha	219	928	replicate-1
ha	220	946	replicate-1
ha	221	945	replicate-1
ha	222	933	replicate-1
ha	223	930	replicate-1
ha	224	933	replicate-1
ha	225	935	replicate-1
ha	226	956	replicate-1
ha	227	957	replicate-1
ha	228	985	replicate-1
ha	229	984	replicate-1
ha	230	979	replicate-1
ha	231	975	replicate-1
ha	232	967	replicate-1
ha	233	972	replicate-1
ha	234	971	replicate-1
ha	235	1005	replicate-1
ha	236	1012	replicate-1
ha	237	996	replicate-1
ha	238	1018	replicate-1
ha	239	1026	replicate-1
ha	240	1058	replicate-1
ha	241	1068	replicate-1
ha	242	1064	replicate-1
ha	243	1087	replicate-1
ha	244	1042	replicate-1
ha	245	1039	replicate-1
ha	246	1023	replicate-1
ha	247	1006	replicate-1
ha	248	1014	replicate-1
ha	249	988	replicate-1
ha	250	977	replicate-1
ha	251	985	replicate-1
ha	252	973	replicate-1
ha	253	978	replicate-1
ha	254	975	replicate-1
ha	255	984	replicate-1
ha	256	994	replicate-1
ha	257	997	replicate-1
ha	258	992	replicate-1
ha	259	999	replicate-1
ha	260	1008	replicate-1
ha	261	1013	replicate-1
ha	262	1017	replicate-1
ha	263	1018	replicate-1
ha	264	1023	replicate-1
ha	265	1016	replicate-1
ha	266	1007	replicate-1
ha	267	1009	replicate-1
ha	268	1025	replicate-1
ha	269	1019	replicate-1
ha	270	1020	replicate-1
ha	271	1011	replicate-1
ha	272	1017	replicate-1
ha	273	1022	replicate-1
ha	274	1024	replicate-1
ha	275	1019	replicate-1
ha	276	1029	replicate-1
ha	277	1014	replicate-1
ha	278	1008	replicate-1
ha	279	996	replicate-1
ha	280	995	replicate-1
ha	281	1005	replicate-1
ha	282	998	replicate-1
ha	283	1011	replicate-1
ha	284	1016	replicate-1
ha	285	1018	replicate-1
ha	286	1027	replicate-1
ha	287	1021	replicate-1
ha	288	1023	replicate-1
ha	289	1021	replicate-1
ha	290	1009	replicate-1
ha	291	1012	replicate-1
ha	292	988	replicate-1
ha	293	1014	replicate-1
ha	294	1007	replicate-1
ha	295	999	replicate-1
ha	296	1001	replicate-1
ha	297	1001	replicate-1
ha	298	1000	replicate-1
ha	299	1012	replicate-1
ha	300	1001	replicate-1
ha	301	990	replicate-1
ha	302	966	replicate-1
ha	303	968	replicate-1
ha	304	1108	replicate-1
ha	305	1110	replicate-1
ha	306	1124	replicate-1
ha	307	1136	replicate-1
ha	308	1121	replicate-1
ha	309	1208	replicate-1
ha	310	1209	replicate-1
ha	311	1228	replicate-1
ha	312	1240	replicate-1
ha	313	1007	replicate-1
ha	314	1015	replicate-1
ha	315	1003	replicate-1
ha	316	992	replicate-1
ha	317	994	replicate-1
ha	318	956	replicate-1
ha	319	958	replicate-1
ha	320	925	replicate-1
ha	321	917	replicate-1
ha	322	934	replicate-1
ha	323	935	replicate-1
ha	324	940	replicate-1
ha	325	938	replicate-1
ha	326	927	replicate-1
ha	327	933	replicate-1
ha	328	934	replicate-1
ha	329	936	replicate-1
ha	330	935	replicate-1
ha	331	919	replicate-1
ha	332	938	replicate-1
ha	333	946	replicate-1
ha	334	947	replicate-1
ha	335	948	replicate-1
ha	336	948	replicate-1
ha	337	955	replicate-1
ha	338	956	replicate-1
ha	339	946	replicate-1
ha	340	953	replicate-1
ha	341	941	replicate-1
ha	342	941	replicate-1
ha	343	1008	replicate-1
ha	344	1010	replicate-1
ha	345	1025	replicate-1
ha	346	1023	replicate-1
ha	347	1025	replicate-1
ha	348	1047	replicate-1
ha	349	1042	replicate-1
ha	350	1038	replicate-1
ha	351	1041	replicate-1
ha	352	1007	replicate-1
ha	353	1011	replicate-1
ha	354	1005	replicate-1
ha	355	1001	replicate-1
ha	356	982	replicate-1
ha	357	977	replicate-1
ha	358	971	replicate-1
ha	359	978	replicate-1
ha	360	974	replicate-1
ha	361	979	replicate-1
ha	362	983	replicate-1
ha	363	982	replicate-1
ha	364	978	replicate-1
ha	365	980	replicate-1
ha	366	971	replicate-1
ha	367	982	replicate-1
ha	368	963	replicate-1
ha	369	979	replicate-1
ha	370	975	replicate-1
ha	371	976	replicate-1
ha	372	979	replicate-1
ha	373	980	replicate-1
ha	374	996	replicate-1
ha	375	976	replicate-1
ha	376	961	replicate-1
ha	377	977	replicate-1
ha	378	967	replicate-1
ha	379	965	replicate-1
ha	380	952	replicate-1
ha	381	952	replicate-1
ha	382	950	replicate-1
ha	383	920	replicate-1
ha	384	902	replicate-1
ha	385	912	replicate-1
ha	386	899	replicate-1
ha	387	894	replicate-1
ha	388	902	replicate-1
ha	389	899	replicate-1
ha	390	898	replicate-1
ha	391	901	replicate-1
ha	392	883	replicate-1
ha	393	884	replicate-1
ha	394	888	replicate-1
ha	395	874	replicate-1
ha	396	904	replicate-1
ha	397	899	replicate-1
ha	398	911	replicate-1
ha	399	912	replicate-1
ha	400	894	replicate-1
ha	401	895	replicate-1
ha	402	888	replicate-1
ha	403	891	replicate-1
ha	404	893	replicate-1
ha	405	844	replicate-1
ha	406	860	replicate-1
ha	407	837	replicate-1
ha	408	840	replicate-1
ha	409	839	replicate-1
ha	410	854	replicate-1
ha	411	862	replicate-1
ha	412	862	replicate-1
ha	413	865	replicate-1
ha	414	848	replicate-1
ha	415	866	replicate-1
ha	416	883	replicate-1
ha	417	883	replicate-1
ha	418	885	replicate-1
ha	419	888	replicate-1
ha	420	874	replicate-1
ha	421	884	replicate-1
ha	422	890	replicate-1
ha	423	893	replicate-1
ha	424	863	replicate-1
ha	425	848	replicate-1
ha	426	876	replicate-1
ha	427	906	replicate-1
ha	428	911	replicate-1
ha	429	910	replicate-1
ha	430	901	replicate-1
ha	431	900	replicate-1
ha	432	901	replicate-1
ha	433	903	replicate-1
ha	434	893	replicate-1
ha	435	899	replicate-1
ha	436	869	replicate-1
ha	437	871	replicate-1
ha	438	873	replicate-1
ha	439	868	replicate-1
ha	440	865	replicate-1
ha	441	869	replicate-1
ha	442	866	replicate-1
ha	443	863	replicate-1
ha	444	862	replicate-1
ha	445	849	replicate-1
ha	446	852	replicate-1
ha	447	855	replicate-1
ha	448	861	replicate-1
ha	449	867	replicate-1
ha	450	860	replicate-1
ha	451	859	replicate-1
ha	452	859	replicate-1
ha	453	863	replicate-1
ha	454	859	replicate-1
ha	455	834	replicate-1
ha	456	835	replicate-1
ha	457	828	replicate-1
ha	458	837	replicate-1
ha	459	912	replicate-1
ha	460	918	replicate-1
ha	461	934	replicate-1
ha	462	927	replicate-1
ha	463	931	replicate-1
ha	464	934	replicate-1
ha	465	928	replicate-1
ha	466	938	replicate-1
ha	467	940	replicate-1
ha	468	862	replicate-1
ha	469	875	replicate-1
ha	470	861	replicate-1
ha	471	867	replicate-1
ha	472	861	replicate-1
ha	473	856	replicate-1
ha	474	859	replicate-1
ha	475	848	replicate-1
ha	476	848	replicate-1
ha	477	846	replicate-1
ha	478	839	replicate-1
ha	479	847	replicate-1
ha	480	888	replicate-1
ha	481	890	replicate-1
ha	482	904	replicate-1
ha	483	888	replicate-1
ha	484	921	replicate-1
ha	485	928	replicate-1
ha	486	929	replicate-1
ha	487	933	replicate-1
ha	488	923	replicate-1
ha	489	874	replicate-1
ha	490	873	replicate-1
ha	491	865	replicate-1
ha	492	867	replicate-1
ha	493	810	replicate-1
ha	494	810	replicate-1
ha	495	804	replicate-1
ha	496	805	replicate-1
ha	497	808	replicate-1
ha	498	806	replicate-1
ha	499	808	replicate-1
ha	500	806	replicate-1
ha	501	819	replicate-1
ha	502	822	replicate-1
ha	503	813	replicate-1
ha	504	812	replicate-1
ha	505	815	replicate-1
ha	506	816	replicate-1
ha	507	821	replicate-1
ha	508	828	replicate-1
ha	509	823	replicate-1
ha	510	832	replicate-1
ha	511	824	replicate-1
ha	512	832	replicate-1
ha	513	831	replicate-1
ha	514	833	replicate-1
ha	515	848	replicate-1
ha	516	851	replicate-1
ha	517	854	replicate-1
ha	518	869	replicate-1
ha	519	850	replicate-1
ha	520	855	replicate-1
ha	521	851	replicate-1
ha	522	865	replicate-1
ha	523	874	replicate-1
ha	524	861	replicate-1
ha	525	860	replicate-1
ha	526	853	replicate-1
ha	527	868	replicate-1
ha	528	865	replicate-1
ha	529	863	replicate-1
ha	530	853	replicate-1
ha	531	842	replicate-1
ha	532	842	replicate-1
ha	533	840	replicate-1
ha	534	840	replicate-1
ha	535	853	replicate-1
ha	536	836	replicate-1
ha	537	835	replicate-1
ha	538	832	replicate-1
ha	539	828	replicate-1
ha	540	876	replicate-1
ha	541	876	replicate-1
ha	542	883	replicate-1
ha	543	883	replicate-1
ha	544	875	replicate-1
ha	545	874	replicate-1
ha	546	872	replicate-1
ha	547	887	replicate-1
ha	548	874	replicate-1
ha	549	840	replicate-1
ha	550	828	replicate-1
ha	551	830	replicate-1
ha	552	855	replicate-1
ha	553	834	replicate-1
ha	554	838	replicate-1
ha	555	837	replicate-1
ha	556	811	replicate-1
ha	557	813	replicate-1
ha	558	805	replicate-1
ha	559	812	replicate-1
ha	560	799	replicate-1
ha	561	750	replicate-1
ha	562	751	replicate-1
ha	563	791	replicate-1
ha	564	812	replicate-1
ha	565	823	replicate-1
ha	566	822	replicate-1
ha	567	828	replicate-1
ha	568	955	replicate-1
ha	569	955	replicate-1
ha	570	968	replicate-1
ha	571	967	replicate-1
ha	572	944	replicate-1
ha	573	935	replicate-1
ha	574	934	replicate-1
ha	575	941	replicate-1
ha	576	943	replicate-1
ha	577	871	replicate-1
ha	578	868	replicate-1
ha	579	870	replicate-1
ha	580	870	replicate-1
ha	581	870	replicate-1
ha	582	870	replicate-1
ha	583	878	replicate-1
ha	584	879	replicate-1
ha	585	879	replicate-1
ha	586	874	replicate-1
ha	587	889	replicate-1
ha	588	884	replicate-1
ha	589	893	replicate-1
ha	590	932	replicate-1
ha	591	951	replicate-1
ha	592	994	replicate-1
ha	593	989	replicate-1
ha	594	989	replicate-1
ha	595	995	replicate-1
ha	596	999	replicate-1
ha	597	998	replicate-1
ha	598	984	replicate-1
ha	599	995	replicate-1
ha	600	933	replicate-1
ha	601	954	replicate-1
ha	602	939	replicate-1
ha	603	939	replicate-1
ha	604	941	replicate-1
ha	605	937	replicate-1
ha	606	951	replicate-1
ha	607	953	replicate-1
ha	608	938	replicate-1
ha	609	941	replicate-1
ha	610	922	replicate-1
ha	611	928	replicate-1
ha	612	924	replicate-1
ha	613	940	replicate-1
ha	614	951	replicate-1
ha	615	940	replicate-1
ha	616	955	replicate-1
ha	617	957	replicate-1
ha	618	954	replicate-1
ha	619	959	replicate-1
ha	620	955	replicate-1
ha	621	954	replicate-1
ha	622	966	replicate-1
ha	623	951	replicate-1
ha	624	1001	replicate-1
ha	625	983	replicate-1
ha	626	999	replicate-1
ha	627	994	replicate-1
ha	628	985	replicate-1
ha	629	988	replicate-1
ha	630	990	replicate-1
ha	631	972	replicate-1
ha	632	973	replicate-1
ha	633	917	replicate-1
ha	634	918	replicate-1
ha	635	897	replicate-1
ha	636	898	replicate-1
ha	637	908	replicate-1
ha	638	902	replicate-1
ha	639	907	replicate-1
ha	640	907	replicate-1
ha	641	903	replicate-1
ha	642	901	replicate-1
ha	643	905	replicate-1
ha	644	904	replicate-1
ha	645	894	replicate-1
ha	646	903	replicate-1
ha	647	898	replicate-1
ha	648	932	replicate-1
ha	649	932	replicate-1
ha	650	916	replicate-1
ha	651	914	replicate-1
ha	652	891	replicate-1
ha	653	885	replicate-1
ha	654	887	replicate-1
ha	655	873	replicate-1
ha	656	873	replicate-1
ha	657	856	replicate-1
ha	658	842	replicate-1
ha	659	840	replicate-1
ha	660	836	replicate-1
ha	661	831	replicate-1
ha	662	808	replicate-1
ha	663	825	replicate-1
ha	664	832	replicate-1
ha	665	832	replicate-1
ha	666	866	replicate-1
ha	667	872	replicate-1
ha	668	859	replicate-1
ha	669	851	replicate-1
ha	670	840	replicate-1
ha	671	841	replicate-1
ha	672	830	replicate-1
ha	673	818	replicate-1
ha	674	815	replicate-1
ha	675	809	replicate-1
ha	676	801	replicate-1
ha	677	801	replicate-1
ha	678	804	replicate-1
ha	679	811	replicate-1
ha	680	814	replicate-1
ha	681	814	replicate-1
ha	682	808	replicate-1
ha	683	800	replicate-1
ha	684	795	replicate-1
ha	685	794	replicate-1
ha	686	808	replicate-1
ha	687	833	replicate-1
ha	688	816	replicate-1
ha	689	825	replicate-1
ha	690	809	replicate-1
ha	691	802	replicate-1
ha	692	809	replicate-1
ha	693	800	replicate-1
ha	694	809	replicate-1
ha	695	783	replicate-1
ha	696	740	replicate-1
ha	697	741	replicate-1
ha	698	743	replicate-1
ha	699	753	replicate-1
ha	700	753	replicate-1
ha	701	726	replicate-1
ha	702	733	replicate-1
ha	703	725	replicate-1
ha	704	729	replicate-1
ha	705	727	replicate-1
ha	706	736	replicate-1
ha	707	738	replicate-1
ha	708	729	replicate-1
ha	709	731	replicate-1
ha	710	732	replicate-1
ha	711	735	replicate-1
ha	712	730	replicate-1
ha	713	717	replicate-1
ha	714	710	replicate-1
ha	715	711	replicate-1
ha	716	714	replicate-1
ha	717	712	replicate-1
ha	718	712	replicate-1
ha	719	744	replicate-1
ha	720	749	replicate-1
ha	721	749	replicate-1
ha	722	750	replicate-1
ha	723	743	replicate-1
ha	724	749	replicate-1
ha	725	750	replicate-1
ha	726	751	replicate-1
ha	727	752	replicate-1
ha	728	740	replicate-1
ha	729	739	replicate-1
ha	730	740	replicate-1
ha	731	752	replicate-1
ha	732	752	replicate-1
ha	733	747	replicate-1
ha	734	742	replicate-1
ha	735	739	replicate-1
ha	736	742	replicate-1
ha	737	729	replicate-1
ha	738	725	replicate-1
ha	739	727	replicate-1
ha	740	730	replicate-1
ha	741	716	replicate-1
ha	742	734	replicate-1
ha	743	734	replicate-1
ha	744	738	replicate-1
ha	745	741	replicate-1
ha	746	741	replicate-1
ha	747	754	replicate-1
ha	748	754	replicate-1
ha	749	749	replicate-1
ha	750	750	replicate-1
ha	751	719	replicate-1
ha	752	717	replicate-1
ha	753	707	replicate-1
ha	754	710	replicate-1
ha	755	725	replicate-1
ha	756	717	replicate-1
ha	757	722	replicate-1
ha	758	711	replicate-1
ha	759	705	replicate-1
ha	760	733	replicate-1
ha	761	730	replicate-1
ha	762	731	replicate-1
ha	763	729	replicate-1
ha	764	713	replicate-1
ha	765	717	replicate-1
ha	766	719	replicate-1
ha	767	720	replicate-1
ha	768	722	replicate-1
ha	769	692	replicate-1
ha	770	722	replicate-1
ha	771	744	replicate-1
ha	772	749	replicate-1
ha	773	757	replicate-1
ha	774	750	replicate-1
ha	775	755	replicate-1
ha	776	756	replicate-1
ha	777	757	replicate-1
ha	778	754	replicate-1
ha	779	757	replicate-1
ha	780	721	replicate-1
ha	781	723	replicate-1
ha	782	726	replicate-1
ha	783	727	replicate-1
ha	784	729	replicate-1
ha	785	729	replicate-1
ha	786	744	replicate-1
ha	787	740	replicate-1
ha	788	740	replicate-1
ha	789	739	replicate-1
ha	790	731	replicate-1
ha	791	729	replicate-1
ha	792	730	replicate-1
ha	793	736	replicate-1
ha	794	739	replicate-1
ha	795	725	replicate-1
ha	796	728	replicate-1
ha	797	730	replicate-1
ha	798	734	replicate-1
ha	799	728	replicate-1
ha	800	726	replicate-1
ha	801	724	replicate-1
ha	802	730	replicate-1
ha	803	719	replicate-1
ha	804	731	replicate-1
ha	805	730	replicate-1
ha	806	731	replicate-1
ha	807	734	replicate-1
ha	808	736	replicate-1
ha	809	740	replicate-1
ha	810	745	replicate-1
ha	811	739	replicate-1
ha	812	739	replicate-1
ha	813	712	replicate-1
ha	814	712	replicate-1
ha	815	711	replicate-1
ha	816	733	replicate-1
ha	817	749	replicate-1
ha	818	746	replicate-1
ha	819	770	replicate-1
ha	820	770	replicate-1
ha	821	1827	replicate-1
ha	822	2244	replicate-1
ha	823	2258	replicate-1
ha	824	2501	replicate-1
ha	825	2536	replicate-1
ha	826	2751	replicate-1
ha	827	3155	replicate-1
ha	828	3188	replicate-1
ha	829	3272	replicate-1
ha	830	3293	replicate-1
ha	831	3326	replicate-1
ha	832	3350	replicate-1
ha	833	3399	replicate-1
ha	834	3453	replicate-1
ha	835	3758	replicate-1
ha	836	3753	replicate-1
ha	837	3803	replicate-1
ha	838	3854	replicate-1
ha	839	3855	replicate-1
ha	840	3964	replicate-1
ha	841	4007	replicate-1
ha	842	4081	replicate-1
ha	843	4098	replicate-1
ha	844	4136	replicate-1
ha	845	4250	replicate-1
ha	846	4261	replicate-1
ha	847	4396	replicate-1
ha	848	4410	replicate-1
ha	849	4494	replicate-1
ha	850	4678	replicate-1
ha	851	4800	replicate-1
ha	852	4815	replicate-1
ha	853	4844	replicate-1
ha	854	4875	replicate-1
ha	855	4922	replicate-1
ha	856	5014	replicate-1
ha	857	5045	replicate-1
ha	858	5083	replicate-1
ha	859	5221	replicate-1
ha	860	5222	replicate-1
ha	861	5427	replicate-1
ha	862	5432	replicate-1
ha	863	5458	replicate-1
ha	864	5531	replicate-1
ha	865	5534	replicate-1
ha	866	5804	replicate-1
ha	867	5814	replicate-1
ha	868	5850	replicate-1
ha	869	5966	replicate-1
ha	870	5965	replicate-1
ha	871	6137	replicate-1
ha	872	6133	replicate-1
ha	873	6138	replicate-1
ha	874	6149	replicate-1
ha	875	6055	replicate-1
ha	876	6163	replicate-1
ha	877	6148	replicate-1
ha	878	6181	replicate-1
ha	879	6308	replicate-1
ha	880	6284	replicate-1
ha	881	6431	replicate-1
ha	882	6424	replicate-1
ha	883	6608	replicate-1
ha	884	7468	replicate-1
ha	885	7645	replicate-1
ha	886	7696	replicate-1
ha	887	7677	replicate-1
ha	888	7651	replicate-1
ha	889	7664	replicate-1
ha	890	7665	replicate-1
ha	891	7667	replicate-1
ha	892	7624	replicate-1
ha	893	7435	replicate-1
ha	894	7283	replicate-1
ha	895	7692	replicate-1
ha	896	7704	replicate-1
ha	897	7752	replicate-1
ha	898	7765	replicate-1
ha	899	7649	replicate-1
ha	900	7648	replicate-1
ha	901	7733	replicate-1
ha	902	7704	replicate-1
ha	903	7758	replicate-1
ha	904	7560	replicate-1
ha	905	7556	replicate-1
ha	906	7539	replicate-1
ha	907	7570	replicate-1
ha	908	7718	replicate-1
ha	909	7836	replicate-1
ha	910	7791	replicate-1
ha	911	7768	replicate-1
ha	912	7727	replicate-1
ha	913	7654	replicate-1
ha	914	7632	replicate-1
ha	915	7881	replicate-1
ha	916	7842	replicate-1
ha	917	7779	replicate-1
ha	918	7894	replicate-1
ha	919	7894	replicate-1
ha	920	7909	replicate-1
ha	921	7900	replicate-1
ha	922	7879	replicate-1
ha	923	7850	replicate-1
ha	924	7680	replicate-1
ha	925	7623	replicate-1
ha	926	7650	replicate-1
ha	927	7581	replicate-1
ha	928	7617	replicate-1
ha	929	7668	replicate-1
ha	930	7655	replicate-1
ha	931	7796	replicate-1
ha	932	7791	replicate-1
ha	933	7839	replicate-1
ha	934	7873	replicate-1
ha	935	7882	replicate-1
ha	936	8119	replicate-1
ha	937	8093	replicate-1
ha	938	8086	replicate-1
ha	939	8106	replicate-1
ha	940	7992	replicate-1
ha	941	8039	replicate-1
ha	942	7924	replicate-1
ha	943	7904	replicate-1
ha	944	8078	replicate-1
ha	945	7933	replicate-1
ha	946	7952	replicate-1
ha	947	8047	replicate-1
ha	948	8045	replicate-1
ha	949	8275	replicate-1
ha	950	8197	replicate-1
ha	951	8226	replicate-1
ha	952	8265	replicate-1
ha	953	8072	replicate-1
ha	954	8965	replicate-1
ha	955	9065	replicate-1
ha	956	9028	replicate-1
ha	957	9174	replicate-1
ha	958	8923	replicate-1
ha	959	8950	replicate-1
ha	960	8827	replicate-1
ha	961	8910	replicate-1
ha	962	9091	replicate-1
ha	963	8633	replicate-1
ha	964	8568	replicate-1
ha	965	8563	replicate-1
ha	966	8452	replicate-1
ha	967	8530	replicate-1
ha	968	8482	replicate-1
ha	969	9249	replicate-1
ha	970	9171	replicate-1
ha	971	9055	replicate-1
ha	972	8992	replicate-1
ha	973	8915	replicate-1
ha	974	8926	replicate-1
ha	975	8915	replicate-1
ha	976	8882	replicate-1
ha	977	8864	replicate-1
ha	978	8285	replicate-1
ha	979	8280	replicate-1
ha	980	8200	replicate-1
ha	981	8365	replicate-1
ha	982	8584	replicate-1
ha	983	8569	replicate-1
ha	984	8582	replicate-1
ha	985	8560	replicate-1
ha	986	8668	replicate-1
ha	987	8708	replicate-1
ha	988	8784	replicate-1
ha	989	8769	replicate-1
ha	990	8715	replicate-1
ha	991	8537	replicate-1
ha	992	8513	replicate-1
ha	993	8513	replicate-1
ha	994	8515	replicate-1
ha	995	8567	replicate-1
ha	996	8586	replicate-1
ha	997	8564	replicate-1
ha	998	8561	replicate-1
ha	999	8602	replicate-1
ha	1000	8582	replicate-1
ha	1001	8568	replicate-1
ha	1002	8564	replicate-1
ha	1003	8611	replicate-1
ha	1004	8606	replicate-1
ha	1005	8699	replicate-1
ha	1006	8754	replicate-1
ha	1007	8732	replicate-1
ha	1008	8826	replicate-1
ha	1009	8905	replicate-1
ha	1010	8998	replicate-1
ha	1011	8981	replicate-1
ha	1012	9100	replicate-1
ha	1013	9000	replicate-1
ha	1014	8977	replicate-1
ha	1015	8966	replicate-1
ha	1016	8962	replicate-1
ha	1017	8948	replicate-1
ha	1018	8916	replicate-1
ha	1019	8824	replicate-1
ha	1020	8806	replicate-1
ha	1021	8698	replicate-1
ha	1022	8727	replicate-1
ha	1023	8759	replicate-1
ha	1024	8918	replicate-1
ha	1025	8965	replicate-1
ha	1026	8916	replicate-1
ha	1027	9133	replicate-1
ha	1028	9130	replicate-1
ha	1029	9379	replicate-1
ha	1030	9396	replicate-1
ha	1031	9262	replicate-1
ha	1032	9185	replicate-1
ha	1033	9033	replicate-1
ha	1034	8889	replicate-1
ha	1035	8910	replicate-1
ha	1036	8731	replicate-1
ha	1037	8924	replicate-1
ha	1038	8962	replicate-1
ha	1039	8884	replicate-1
ha	1040	8923	replicate-1
ha	1041	8885	replicate-1
ha	1042	8908	replicate-1
ha	1043	9002	replicate-1
ha	1044	9062	replicate-1
ha	1045	9014	replicate-1
ha	1046	8955	replicate-1
ha	1047	8579	replicate-1
ha	1048	8547	replicate-1
ha	1049	8515	replicate-1
ha	1050	8624	replicate-1
ha	1051	8652	replicate-1
ha	1052	8495	replicate-1
ha	1053	8552	replicate-1
ha	1054	8584	replicate-1
ha	1055	8523	replicate-1
ha	1056	8589	replicate-1
ha	1057	8608	replicate-1
ha	1058	8531	replicate-1
ha	1059	8461	replicate-1
ha	1060	8422	replicate-1
ha	1061	8402	replicate-1
ha	1062	8480	replicate-1
ha	1063	8277	replicate-1
ha	1064	8320	replicate-1
ha	1065	8288	replicate-1
ha	1066	8220	replicate-1
ha	1067	8151	replicate-1
ha	1068	8133	replicate-1
ha	1069	8379	replicate-1
ha	1070	8307	replicate-1
ha	1071	8293	replicate-1
ha	1072	8325	replicate-1
ha	1073	8275	replicate-1
ha	1074	8285	replicate-1
ha	1075	8314	replicate-1
ha	1076	8339	replicate-1
ha	1077	8283	replicate-1
ha	1078	8111	replicate-1
ha	1079	8213	replicate-1
ha	1080	8222	replicate-1
ha	1081	8225	replicate-1
ha	1082	8217	replicate-1
ha	1083	8168	replicate-1
ha	1084	8069	replicate-1
ha	1085	8740	replicate-1
ha	1086	9463	replicate-1
ha	1087	9731	replicate-1
ha	1088	9614	replicate-1
ha	1089	9648	replicate-1
ha	1090	9719	replicate-1
ha	1091	9719	replicate-1
ha	1092	9656	replicate-1
ha	1093	9548	replicate-1
ha	1094	9531	replicate-1
ha	1095	7822	replicate-1
ha	1096	7789	replicate-1
ha	1097	7729	replicate-1
ha	1098	7777	replicate-1
ha	1099	7739	replicate-1
ha	1100	7742	replicate-1
ha	1101	7745	replicate-1
ha	1102	7727	replicate-1
ha	1103	7653	replicate-1
ha	1104	7679	replicate-1
ha	1105	7640	replicate-1
ha	1106	7609	replicate-1
ha	1107	7518	replicate-1
ha	1108	7580	replicate-1
ha	1109	7562	replicate-1
ha	1110	7674	replicate-1
ha	1111	7653	replicate-1
ha	1112	7607	replicate-1
ha	1113	7596	replicate-1
ha	1114	7771	replicate-1
ha	1115	7873	replicate-1
ha	1116	7868	replicate-1
ha	1117	7802	replicate-1
ha	1118	7842	replicate-1
ha	1119	7746	replicate-1
ha	1120	7736	replicate-1
ha	1121	7850	replicate-1
ha	1122	7939	replicate-1
ha	1123	7806	replicate-1
ha	1124	7740	replicate-1
ha	1125	7951	replicate-1
ha	1126	8355	replicate-1
ha	1127	8409	replicate-1
ha	1128	8457	replicate-1
ha	1129	8455	replicate-1
ha	1130	8771	replicate-1
ha	1131	8855	replicate-1
ha	1132	8909	replicate-1
ha	1133	8887	replicate-1
ha	1134	8837	replicate-1
ha	1135	8859	replicate-1
ha	1136	8744	replicate-1
ha	1137	8769	replicate-1
ha	1138	9232	replicate-1
ha	1139	8993	replicate-1
ha	1140	8787	replicate-1
ha	1141	8788	replicate-1
ha	1142	8801	replicate-1
ha	1143	9105	replicate-1
ha	1144	8971	replicate-1
ha	1145	8745	replicate-1
ha	1146	8725	replicate-1
ha	1147	8441	replicate-1
ha	1148	8820	replicate-1
ha	1149	8881	replicate-1
ha	1150	8974	replicate-1
ha	1151	8977	replicate-1
ha	1152	8699	replicate-1
ha	1153	8841	replicate-1
ha	1154	8871	replicate-1
ha	1155	8952	replicate-1
ha	1156	9002	replicate-1
ha	1157	8817	replicate-1
ha	1158	8961	replicate-1
ha	1159	8909	replicate-1
ha	1160	9148	replicate-1
ha	1161	9182	replicate-1
ha	1162	9234	replicate-1
ha	1163	9147	replicate-1
ha	1164	9061	replicate-1
ha	1165	9029	replicate-1
ha	1166	9008	replicate-1
ha	1167	9040	replicate-1
ha	1168	8930	replicate-1
ha	1169	9023	replicate-1
ha	1170	9022	replicate-1
ha	1171	8984	replicate-1
ha	1172	9125	replicate-1
ha	1173	9086	replicate-1
ha	1174	9317	replicate-1
ha	1175	9233	replicate-1
ha	1176	9193	replicate-1
ha	1177	9188	replicate-1
ha	1178	9292	replicate-1
ha	1179	9140	replicate-1
ha	1180	9086	replicate-1
ha	1181	9001	replicate-1
ha	1182	8994	replicate-1
ha	1183	8860	replicate-1
ha	1184	8867	replicate-1
ha	1185	9114	replicate-1
ha	1186	9098	replicate-1
ha	1187	9074	replicate-1
ha	1188	9022	replicate-1
ha	1189	9043	replicate-1
ha	1190	9037	replicate-1
ha	1191	9193	replicate-1
ha	1192	9391	replicate-1
ha	1193	9548	replicate-1
ha	1194	9505	replicate-1
ha	1195	9374	replicate-1
ha	1196	9562	replicate-1
ha	1197	10187	replicate-1
ha	1198	10190	replicate-1
ha	1199	10216	replicate-1
ha	1200	10074	replicate-1
ha	1201	9949	replicate-1
ha	1202	9824	replicate-1
ha	1203	10170	replicate-1
ha	1204	10165	replicate-1
ha	1205	10349	replicate-1
ha	1206	9998	replicate-1
ha	1207	10016	replicate-1
ha	1208	10083	replicate-1
ha	1209	10579	replicate-1
ha	1210	10690	replicate-1
ha	1211	10665	replicate-1
ha	1212	10434	replicate-1
ha	1213	10364	replicate-1
ha	1214	10295	replicate-1
ha	1215	10313	replicate-1
ha	1216	10560	replicate-1
ha	1217	10583	replicate-1
ha	1218	10281	replicate-1
ha	1219	10226	replicate-1
ha	1220	10143	replicate-1
ha	1221	10447	replicate-1
ha	1222	10496	replicate-1
ha	1223	10478	replicate-1
ha	1224	10535	replicate-1
ha	1225	10322	replicate-1
ha	1226	10623	replicate-1
ha	1227	10627	replicate-1
ha	1228	10626	replicate-1
ha	1229	10606	replicate-1
ha	1230	10416	replicate-1
ha	1231	10367	replicate-1
ha	1232	10509	replicate-1
ha	1233	10482	replicate-1
ha	1234	10562	replicate-1
ha	1235	10424	replicate-1
ha	1236	10435	replicate-1
ha	1237	10647	replicate-1
ha	1238	10676	replicate-1
ha	1239	10683	replicate-1
ha	1240	10676	replicate-1
ha	1241	10542	replicate-1
ha	1242	10467	replicate-1
ha	1243	10509	replicate-1
ha	1244	10328	replicate-1
ha	1245	10484	replicate-1
ha	1246	10337	replicate-1
ha	1247	10457	replicate-1
ha	1248	10411	replicate-1
ha	1249	10787	replicate-1
ha	1250	10747	replicate-1
ha	1251	10732	replicate-1
ha	1252	10671	replicate-1
ha	1253	10649	replicate-1
ha	1254	10501	replicate-1
ha	1255	10493	replicate-1
ha	1256	10419	replicate-1
ha	1257	10383	replicate-1
ha	1258	10143	replicate-1
ha	1259	10619	replicate-1
ha	1260	10620	replicate-1
ha	1261	10619	replicate-1
ha	1262	10688	replicate-1
ha	1263	10737	replicate-1
ha	1264	10698	replicate-1
ha	1265	10661	replicate-1
ha	1266	10650	replicate-1
ha	1267	10612	replicate-1
ha	1268	10875	replicate-1
ha	1269	10264	replicate-1
ha	1270	10690	replicate-1
ha	1271	10674	replicate-1
ha	1272	10652	replicate-1
ha	1273	10722	replicate-1
ha	1274	10720	replicate-1
ha	1275	10696	replicate-1
ha	1276	10621	replicate-1
ha	1277	10165	replicate-1
ha	1278	10342	replicate-1
ha	1279	10603	replicate-1
ha	1280	10510	replicate-1
ha	1281	10495	replicate-1
ha	1282	10384	replicate-1
ha	1283	10474	replicate-1
ha	1284	10428	replicate-1
ha	1285	10442	replicate-1
ha	1286	10360	replicate-1
ha	1287	10360	replicate-1
ha	1288	10413	replicate-1
ha	1289	9982	replicate-1
ha	1290	10406	replicate-1
ha	1291	10432	replicate-1
ha	1292	10400	replicate-1
ha	1293	10372	replicate-1
ha	1294	10220	replicate-1
ha	1295	10258	replicate-1
ha	1296	10117	replicate-1
ha	1297	10256	replicate-1
ha	1298	10195	replicate-1
ha	1299	9795	replicate-1
ha	1300	9766	replicate-1
ha	1301	9753	replicate-1
ha	1302	9742	replicate-1
ha	1303	9785	replicate-1
ha	1304	9714	replicate-1
ha	1305	9676	replicate-1
ha	1306	9683	replicate-1
ha	1307	9536	replicate-1
ha	1308	9652	replicate-1
ha	1309	9709	replicate-1
ha	1310	9704	replicate-1
ha	1311	9631	replicate-1
ha	1312	9543	replicate-1
ha	1313	9670	replicate-1
ha	1314	9680	replicate-1
ha	1315	9666	replicate-1
ha	1316	9688	replicate-1
ha	1317	9587	replicate-1
ha	1318	9469	replicate-1
ha	1319	9483	replicate-1
ha	1320	9455	replicate-1
ha	1321	9453	replicate-1
ha	1322	9342	replicate-1
ha	1323	9499	replicate-1
ha	1324	9537	replicate-1
ha	1325	9644	replicate-1
ha	1326	9977	replicate-1
ha	1327	10155	replicate-1
ha	1328	10163	replicate-1
ha	1329	10125	replicate-1
ha	1330	10090	replicate-1
ha	1331	10090	replicate-1
ha	1332	9872	replicate-1
ha	1333	10028	replicate-1
ha	1334	10201	replicate-1
ha	1335	9994	replicate-1
ha	1336	10011	replicate-1
ha	1337	9941	replicate-1
ha	1338	9976	replicate-1
ha	1339	10284	replicate-1
ha	1340	10281	replicate-1
ha	1341	10647	replicate-1
ha	1342	11086	replicate-1
ha	1343	10922	replicate-1
ha	1344	11058	replicate-1
ha	1345	11000	replicate-1
ha	1346	10956	replicate-1
ha	1347	11071	replicate-1
ha	1348	10658	replicate-1
ha	1349	10650	replicate-1
ha	1350	10591	replicate-1
ha	1351	10026	replicate-1
ha	1352	10106	replicate-1
ha	1353	10047	replicate-1
ha	1354	9992	replicate-1
ha	1355	10202	replicate-1
ha	1356	10164	replicate-1
ha	1357	10194	replicate-1
ha	1358	10134	replicate-1
ha	1359	10173	replicate-1
ha	1360	10193	replicate-1
ha	1361	10282	replicate-1
ha	1362	10166	replicate-1
ha	1363	10109	replicate-1
ha	1364	9908	replicate-1
ha	1365	9773	replicate-1
ha	1366	9796	replicate-1
ha	1367	9883	replicate-1
ha	1368	10028	replicate-1
ha	1369	10047	replicate-1
ha	1370	10173	replicate-1
ha	1371	10351	replicate-1
ha	1372	10318	replicate-1
ha	1373	10306	replicate-1
ha	1374	10297	replicate-1
ha	1375	10813	replicate-1
ha	1376	10898	replicate-1
ha	1377	11029	replicate-1
ha	1378	11446	replicate-1
ha	1379	12238	replicate-1
ha	1380	12449	replicate-1
ha	1381	12619	replicate-1
ha	1382	12676	replicate-1
ha	1383	13186	replicate-1
ha	1384	13070	replicate-1
ha	1385	13338	replicate-1
ha	1386	13316	replicate-1
ha	1387	13437	replicate-1
ha	1388	13459	replicate-1
ha	1389	13415	replicate-1
ha	1390	13399	replicate-1
ha	1391	13391	replicate-1
ha	1392	13304	replicate-1
ha	1393	13384	replicate-1
ha	1394	13296	replicate-1
ha	1395	13288	replicate-1
ha	1396	13257	replicate-1
ha	1397	13322	replicate-1
ha	1398	13704	replicate-1
ha	1399	13810	replicate-1
ha	1400	13961	replicate-1
ha	1401	14231	replicate-1
ha	1402	14265	replicate-1
ha	1403	14332	replicate-1
ha	1404	14496	replicate-1
ha	1405	14575	replicate-1
ha	1406	15029	replicate-1
ha	1407	15067	replicate-1
ha	1408	15114	replicate-1
ha	1409	15094	replicate-1
ha	1410	15027	replicate-1
ha	1411	15046	replicate-1
ha	1412	14825	replicate-1
ha	1413	14705	replicate-1
ha	1414	15027	replicate-1
ha	1415	15026	replicate-1
ha	1416	14936	replicate-1
ha	1417	15005	replicate-1
ha	1418	15030	replicate-1
ha	1419	15185	replicate-1
ha	1420	15230	replicate-1
ha	1421	15238	replicate-1
ha	1422	15263	replicate-1
ha	1423	15243	replicate-1
ha	1424	14992	replicate-1
ha	1425	15081	replicate-1
ha	1426	15179	replicate-1
ha	1427	15377	replicate-1
ha	1428	15401	replicate-1
ha	1429	15265	replicate-1
ha	1430	15215	replicate-1
ha	1431	15636	replicate-1
ha	1432	15631	replicate-1
ha	1433	15773	replicate-1
ha	1434	15647	replicate-1
ha	1435	15507	replicate-1
ha	1436	15466	replicate-1
ha	1437	15196	replicate-1
ha	1438	15975	replicate-1
ha	1439	16006	replicate-1
ha	1440	15598	replicate-1
ha	1441	15600	replicate-1
ha	1442	15382	replicate-1
ha	1443	15578	replicate-1
ha	1444	15911	replicate-1
ha	1445	15964	replicate-1
ha	1446	15830	replicate-1
ha	1447	14882	replicate-1
ha	1448	14355	replicate-1
ha	1449	15471	replicate-1
ha	1450	15499	replicate-1
ha	1451	15627	replicate-1
ha	1452	15618	replicate-1
ha	1453	14950	replicate-1
ha	1454	14969	replicate-1
ha	1455	14973	replicate-1
ha	1456	15096	replicate-1
ha	1457	15262	replicate-1
ha	1458	14325	replicate-1
ha	1459	14376	replicate-1
ha	1460	14377	replicate-1
ha	1461	14280	replicate-1
ha	1462	14879	replicate-1
ha	1463	15062	replicate-1
ha	1464	15164	replicate-1
ha	1465	15062	replicate-1
ha	1466	14816	replicate-1
ha	1467	14822	replicate-1
ha	1468	14781	replicate-1
ha	1469	14787	replicate-1
ha	1470	14771	replicate-1
ha	1471	14500	replicate-1
ha	1472	14153	replicate-1
ha	1473	14336	replicate-1
ha	1474	14344	replicate-1
ha	1475	14534	replicate-1
ha	1476	14620	replicate-1
ha	1477	14590	replicate-1
ha	1478	14662	replicate-1
ha	1479	14644	replicate-1
ha	1480	14638	replicate-1
ha	1481	14842	replicate-1
ha	1482	14787	replicate-1
ha	1483	14854	replicate-1
ha	1484	14801	replicate-1
ha	1485	14961	replicate-1
ha	1486	15025	replicate-1
ha	1487	15070	replicate-1
ha	1488	15071	replicate-1
ha	1489	15136	replicate-1
ha	1490	15050	replicate-1
ha	1491	15026	replicate-1
ha	1492	14936	replicate-1
ha	1493	14857	replicate-1
ha	1494	14936	replicate-1
ha	1495	14849	replicate-1
ha	1496	14858	replicate-1
ha	1497	14953	replicate-1
ha	1498	14843	replicate-1
ha	1499	15144	replicate-1
ha	1500	15153	replicate-1
ha	1501	15112	replicate-1
ha	1502	15164	replicate-1
ha	1503	15072	replicate-1
ha	1504	15222	replicate-1
ha	1505	15485	replicate-1
ha	1506	15540	replicate-1
ha	1507	15614	replicate-1
ha	1508	15120	replicate-1
ha	1509	15139	replicate-1
ha	1510	15101	replicate-1
ha	1511	15102	replicate-1
ha	1512	14778	replicate-1
ha	1513	14533	replicate-1
ha	1514	13786	replicate-1
ha	1515	14007	replicate-1
ha	1516	13488	replicate-1
ha	1517	13565	replicate-1
ha	1518	13467	replicate-1
ha	1519	13540	replicate-1
ha	1520	13490	replicate-1
ha	1521	13573	replicate-1
ha	1522	13567	replicate-1
ha	1523	13503	replicate-1
ha	1524	12740	replicate-1
ha	1525	12629	replicate-1
ha	1526	12578	replicate-1
ha	1527	12620	replicate-1
ha	1528	12605	replicate-1
ha	1529	12752	replicate-1
ha	1530	12500	replicate-1
ha	1531	12521	replicate-1
ha	1532	12583	replicate-1
ha	1533	12589	replicate-1
ha	1534	12930	replicate-1
ha	1535	12945	replicate-1
ha	1536	12879	replicate-1
ha	1537	12842	replicate-1
ha	1538	12604	replicate-1
ha	1539	12590	replicate-1
ha	1540	12505	replicate-1
ha	1541	12474	replicate-1
ha	1542	12441	replicate-1
ha	1543	11965	replicate-1
ha	1544	12050	replicate-1
ha	1545	11951	replicate-1
ha	1546	12416	replicate-1
ha	1547	12394	replicate-1
ha	1548	12306	replicate-1
ha	1549	12162	replicate-1
ha	1550	11830	replicate-1
ha	1551	11859	replicate-1
ha	1552	11587	replicate-1
ha	1553	11669	replicate-1
ha	1554	11551	replicate-1
ha	1555	9990	replicate-1
ha	1556	9985	replicate-1
ha	1557	9537	replicate-1
ha	1558	9514	replicate-1
ha	1559	9506	replicate-1
ha	1560	9488	replicate-1
ha	1561	9425	replicate-1
ha	1562	9198	replicate-1
ha	1563	9261	replicate-1
ha	1564	9370	replicate-1
ha	1565	9331	replicate-1
ha	1566	9225	replicate-1
ha	1567	9189	replicate-1
ha	1568	9202	replicate-1
ha	1569	9158	replicate-1
ha	1570	9080	replicate-1
ha	1571	8734	replicate-1
ha	1572	8823	replicate-1
ha	1573	8287	replicate-1
ha	1574	8352	replicate-1
ha	1575	8345	replicate-1
ha	1576	8327	replicate-1
ha	1577	8657	replicate-1
ha	1578	8639	replicate-1
ha	1579	8674	replicate-1
ha	1580	8656	replicate-1
ha	1581	8485	replicate-1
ha	1582	8467	replicate-1
ha	1583	8356	replicate-1
ha	1584	8372	replicate-1
ha	1585	8380	replicate-1
ha	1586	7944	replicate-1
ha	1587	8035	replicate-1
ha	1588	8019	replicate-1
ha	1589	8084	replicate-1
ha	1590	8087	replicate-1
ha	1591	8164	replicate-1
ha	1592	8190	replicate-1
ha	1593	8201	replicate-1
ha	1594	8242	replicate-1
ha	1595	8218	replicate-1
ha	1596	8123	replicate-1
ha	1597	7919	replicate-1
ha	1598	7844	replicate-1
ha	1599	7807	replicate-1
ha	1600	7792	replicate-1
ha	1601	7688	replicate-1
ha	1602	8036	replicate-1
ha	1603	8076	replicate-1
ha	1604	8099	replicate-1
ha	1605	8104	replicate-1
ha	1606	8095	replicate-1
ha	1607	8117	replicate-1
ha	1608	8328	replicate-1
ha	1609	8275	replicate-1
ha	1610	8270	replicate-1
ha	1611	8183	replicate-1
ha	1612	7729	replicate-1
ha	1613	7855	replicate-1
ha	1614	8343	replicate-1
ha	1615	8382	replicate-1
ha	1616	8350	replicate-1
ha	1617	7916	replicate-1
ha	1618	7967	replicate-1
ha	1619	7941	replicate-1
ha	1620	7886	replicate-1
ha	1621	7736	replicate-1
ha	1622	7839	replicate-1
ha	1623	7278	replicate-1
ha	1624	7390	replicate-1
ha	1625	7414	replicate-1
ha	1626	7492	replicate-1
ha	1627	7417	replicate-1
ha	1628	7441	replicate-1
ha	1629	7472	replicate-1
ha	1630	7729	replicate-1
ha	1631	7522	replicate-1
ha	1632	7763	replicate-1
ha	1633	7721	replicate-1
ha	1634	7752	replicate-1
ha	1635	7852	replicate-1
ha	1636	7763	replicate-1
ha	1637	7765	replicate-1
ha	1638	7781	replicate-1
ha	1639	7517	replicate-1
ha	1640	7537	replicate-1
ha	1641	7411	replicate-1
ha	1642	7430	replicate-1
ha	1643	7442	replicate-1
ha	1644	7393	replicate-1
ha	1645	7429	replicate-1
ha	1646	7418	replicate-1
ha	1647	7475	replicate-1
ha	1648	7487	replicate-1
ha	1649	7519	replicate-1
ha	1650	7965	replicate-1
ha	1651	7961	replicate-1
ha	1652	7954	replicate-1
ha	1653	7961	replicate-1
ha	1654	7941	replicate-1
ha	1655	7972	replicate-1
ha	1656	7882	replicate-1
ha	1657	7826	replicate-1
ha	1658	7817	replicate-1
ha	1659	7449	replicate-1
ha	1660	7530	replicate-1
ha	1661	7543	replicate-1
ha	1662	7569	replicate-1
ha	1663	7563	replicate-1
ha	1664	7541	replicate-1
ha	1665	7550	replicate-1
ha	1666	7704	replicate-1
ha	1667	7681	replicate-1
ha	1668	7668	replicate-1
ha	1669	7595	replicate-1
ha	1670	7527	replicate-1
ha	1671	7525	replicate-1
ha	1672	7533	replicate-1
ha	1673	7529	replicate-1
ha	1674	7527	replicate-1
ha	1675	7330	replicate-1
ha	1676	7603	replicate-1
ha	1677	7813	replicate-1
ha	1678	7799	replicate-1
ha	1679	7804	replicate-1
ha	1680	7839	replicate-1
ha	1681	8437	replicate-1
ha	1682	8501	replicate-1
ha	1683	8636	replicate-1
ha	1684	8524	replicate-1
ha	1685	8507	replicate-1
ha	1686	8316	replicate-1
ha	1687	8322	replicate-1
ha	1688	8347	replicate-1
ha	1689	8354	replicate-1
ha	1690	8122	replicate-1
ha	1691	7896	replicate-1
ha	1692	7604	replicate-1
ha	1693	7647	replicate-1
ha	1694	7347	replicate-1
ha	1695	7519	replicate-1
ha	1696	7551	replicate-1
ha	1697	7548	replicate-1
ha	1698	7675	replicate-1
ha	1699	7647	replicate-1
ha	1700	7638	replicate-1
ha	1701	7616	replicate-1
ha	1702	7534	replicate-1
ha	1703	7548	replicate-1
ha	1704	7465	replicate-1
ha	1705	7444	replicate-1
ha	1706	7489	replicate-1
ha	1707	7467	replicate-1
ha	1708	7484	replicate-1
ha	1709	7706	replicate-1
ha	1710	7740	replicate-1
ha	1711	7760	replicate-1
ha	1712	7739	replicate-1
ha	1713	7139	replicate-1
ha	1714	7269	replicate-1
ha	1715	7189	replicate-1
ha	1716	7204	replicate-1
ha	1717	7207	replicate-1
ha	1718	6955	replicate-1
ha	1719	6992	replicate-1
ha	1720	6952	replicate-1
ha	1721	6935	replicate-1
ha	1722	6910	replicate-1
ha	1723	6424	replicate-1
ha	1724	6411	replicate-1
ha	1725	6405	replicate-1
ha	1726	6409	replicate-1
ha	1727	6383	replicate-1
ha	1728	6216	replicate-1
ha	1729	6182	replicate-1
ha	1730	6157	replicate-1
ha	1731	6110	replicate-1
ha	1732	6100	replicate-1
ha	1733	6071	replicate-1
ha	1734	5940	replicate-1
ha	1735	5868	replicate-1
ha	1736	5826	replicate-1
ha	1737	5813	replicate-1
ha	1738	5795	replicate-1
ha	1739	5785	replicate-1
ha	1740	5603	replicate-1
ha	1741	5574	replicate-1
ha	1742	5549	replicate-1
ha	1743	5511	replicate-1
ha	1744	5504	replicate-1
ha	1745	5438	replicate-1
ha	1746	5432	replicate-1
ha	1747	5409	replicate-1
ha	1748	5390	replicate-1
ha	1749	5320	replicate-1
ha	1750	5114	replicate-1
ha	1751	5022	replicate-1
ha	1752	4976	replicate-1
ha	1753	4941	replicate-1
ha	1754	4792	replicate-1
ha	1755	4392	replicate-1
ha	1756	4321	replicate-1
ha	1757	4290	replicate-1
ha	1758	4265	replicate-1
ha	1759	4103	replicate-1
ha	1760	4047	replicate-1
ha	1761	4019	replicate-1
ha	1762	3534	replicate-1
ha	1763	3522	replicate-1
ha	1764	3436	replicate-1
ha	1765	3398	replicate-1
ha	1766	3358	replicate-1
ha	1767	3292	replicate-1
ha	1768	3282	replicate-1
ha	1769	3234	replicate-1
ha	1770	3179	replicate-1
ha	1771	3150	replicate-1
ha	1772	2320	replicate-1
ha	1773	2233	replicate-1
ha	1774	2176	replicate-1
ha	1775	2156	replicate-1
ha	1776	473	replicate-1
mp	24	1	replicate-1
mp	25	1	replicate-1
mp	26	1	replicate-1
mp	27	1	replicate-1
mp	28	1	replicate-1
mp	29	1	replicate-1
mp	30	1	replicate-1
mp	31	1	replicate-1
mp	32	1	replicate-1
mp	33	1	replicate-1
mp	34	1	replicate-1
mp	35	1	replicate-1
mp	36	1	replicate-1
mp	37	1	replicate-1
mp	38	1	replicate-1
mp	39	1	replicate-1
mp	40	1	replicate-1
mp	41	1	replicate-1
mp	42	1	replicate-1
mp	43	1	replicate-1
mp	44	1	replicate-1
mp	45	1	replicate-1
mp	46	1	replicate-1
mp	47	1	replicate-1
mp	48	1	replicate-1
mp	49	1	replicate-1
mp	50	1	replicate-1
mp	51	1	replicate-1
mp	52	1	replicate-1
mp	53	1	replicate-1
mp	54	1	replicate-1
mp	55	1	replicate-1
mp	56	1	replicate-1
mp	57	1	replicate-1
mp	58	1	replicate-1
mp	59	1	replicate-1
mp	60	1	replicate-1
mp	61	2	replicate-1
mp	62	2	replicate-1
mp	63	2	replicate-1
mp	64	2	replicate-1
mp	65	2	replicate-1
mp	66	2	replicate-1
mp	67	2	replicate-1
mp	68	2	replicate-1
mp	69	2	replicate-1
mp	70	2	replicate-1
mp	71	2	replicate-1
mp	72	2	replicate-1
mp	73	2	replicate-1
mp	74	2	replicate-1
mp	75	2	replicate-1
mp	76	2	replicate-1
mp	77	2	replicate-1
mp	78	2	replicate-1
mp	79	2	replicate-1
mp	80	2	replicate-1
mp	81	2	replicate-1
mp	82	2	replicate-1
mp	83	3	replicate-1
mp	84	3	replicate-1
mp	85	3	replicate-1
mp	86	3	replicate-1
mp	87	3	replicate-1
mp	88	3	replicate-1
mp	89	3	replicate-1
mp	90	3	replicate-1
mp	91	3	replicate-1
mp	92	3	replicate-1
mp	93	3	replicate-1
mp	94	3	replicate-1
mp	95	3	replicate-1
mp	96	3	replicate-1
mp	97	3	replicate-1
mp	98	3	replicate-1
mp	99	3	replicate-1
mp	100	3	replicate-1
mp	101	3	replicate-1
mp	102	3	replicate-1
mp	103	3	replicate-1
mp	104	3	replicate-1
mp	105	4	replicate-1
mp	106	4	replicate-1
mp	107	4	replicate-1
mp	108	4	replicate-1
mp	109	4	replicate-1
mp	110	4	replicate-1
mp	111	4	replicate-1
mp	112	4	replicate-1
mp	113	4	replicate-1
mp	114	4	replicate-1
mp	115	4	replicate-1
mp	116	4	replicate-1
mp	117	4	replicate-1
mp	118	4	replicate-1
mp	119	3	replicate-1
mp	120	3	replicate-1
mp	121	3	replicate-1
mp	122	3	replicate-1
mp	123	3	replicate-1
mp	124	2	replicate-1
mp	125	2	replicate-1
mp	126	2	replicate-1
mp	127	2	replicate-1
mp	128	2	replicate-1
mp	129	2	replicate-1
mp	130	2	replicate-1
mp	131	2	replicate-1
mp	132	2	replicate-1
mp	133	2	replicate-1
mp	134	2	replicate-1
mp	135	2	replicate-1
mp	136	2	replicate-1
mp	137	2	replicate-1
mp	138	2	replicate-1
mp	139	2	replicate-1
mp	140	2	replicate-1
mp	141	2	replicate-1
mp	142	2	replicate-1
mp	143	2	replicate-1
mp	144	1	replicate-1
mp	145	1	replicate-1
mp	146	1	replicate-1
mp	147	1	replicate-1
mp	148	1	replicate-1
mp	149	1	replicate-1
mp	150	1	replicate-1
mp	151	1	replicate-1
mp	152	1	replicate-1
mp	153	1	replicate-1
mp	154	1	replicate-1
mp	155	2	replicate-1
mp	156	2	replicate-1
mp	157	2	replicate-1
mp	158	2	replicate-1
mp	159	2	replicate-1
mp	160	2	replicate-1
mp	161	2	replicate-1
mp	162	2	replicate-1
mp	163	2	replicate-1
mp	164	2	replicate-1
mp	165	2	replicate-1
mp	166	2	replicate-1
mp	167	2	replicate-1
mp	168	2	replicate-1
mp	169	2	replicate-1
mp	170	2	replicate-1
mp	171	2	replicate-1
mp	172	2	replicate-1
mp	173	2	replicate-1
mp	174	2	replicate-1
mp	175	2	replicate-1
mp	176	2	replicate-1
mp	177	2	replicate-1
mp	178	2	replicate-1
mp	179	2	replicate-1
mp	180	2	replicate-1
mp	181	2	replicate-1
mp	182	2	replicate-1
mp	183	2	replicate-1
mp	184	2	replicate-1
mp	185	2	replicate-1
mp	186	2	replicate-1
mp	187	2	replicate-1
mp	188	2	replicate-1
mp	189	2	replicate-1
mp	190	2	replicate-1
mp	191	2	replicate-1
mp	192	2	replicate-1
mp	193	2	replicate-1
mp	194	2	replicate-1
mp	195	2	replicate-1
mp	196	2	replicate-1
mp	197	2	replicate-1
mp	198	2	replicate-1
mp	199	2	replicate-1
mp	200	2	replicate-1
mp	201	2	replicate-1
mp	202	2	replicate-1
mp	203	2	replicate-1
mp	204	2	replicate-1
mp	205	2	replicate-1
mp	206	2	replicate-1
mp	207	2	replicate-1
mp	208	2	replicate-1
mp	209	2	replicate-1
mp	210	3	replicate-1
mp	211	3	replicate-1
mp	212	3	replicate-1
mp	213	3	replicate-1
mp	214	3	replicate-1
mp	215	3	replicate-1
mp	216	3	replicate-1
mp	217	2	replicate-1
mp	218	2	replicate-1
mp	219	2	replicate-1
mp	220	2	replicate-1
mp	221	2	replicate-1
mp	222	2	replicate-1
mp	223	2	replicate-1
mp	224	2	replicate-1
mp	225	2	replicate-1
mp	226	2	replicate-1
mp	227	2	replicate-1
mp	228	2	replicate-1
mp	229	2	replicate-1
mp	230	2	replicate-1
mp	231	2	replicate-1
mp	232	2	replicate-1
mp	233	2	replicate-1
mp	234	2	replicate-1
mp	235	2	replicate-1
mp	236	2	replicate-1
mp	237	2	replicate-1
mp	238	2	replicate-1
mp	239	2	replicate-1
mp	240	2	replicate-1
mp	241	2	replicate-1
mp	242	2	replicate-1
mp	243	2	replicate-1
mp	244	3	replicate-1
mp	245	3	replicate-1
mp	246	3	replicate-1
mp	247	3	replicate-1
mp	248	3	replicate-1
mp	249	3	replicate-1
mp	250	3	replicate-1
mp	251	3	replicate-1
mp	252	4	replicate-1
mp	253	4	replicate-1
mp	254	4	replicate-1
mp	255	4	replicate-1
mp	256	4	replicate-1
mp	257	4	replicate-1
mp	258	4	replicate-1
mp	259	4	replicate-1
mp	260	4	replicate-1
mp	261	5	replicate-1
mp	262	5	replicate-1
mp	263	6	replicate-1
mp	264	6	replicate-1
mp	265	6	replicate-1
mp	266	6	replicate-1
mp	267	7	replicate-1
mp	268	7	replicate-1
mp	269	7	replicate-1
mp	270	7	replicate-1
mp	271	7	replicate-1
mp	272	6	replicate-1
mp	273	6	replicate-1
mp	274	6	replicate-1
mp	275	6	replicate-1
mp	276	6	replicate-1
mp	277	6	replicate-1
mp	278	6	replicate-1
mp	279	6	replicate-1
mp	280	6	replicate-1
mp	281	6	replicate-1
mp	282	6	replicate-1
mp	283	6	replicate-1
mp	284	5	replicate-1
mp	285	5	replicate-1
mp	286	5	replicate-1
mp	287	5	replicate-1
mp	288	5	replicate-1
mp	289	5	replicate-1
mp	290	5	replicate-1
mp	291	5	replicate-1
mp	292	5	replicate-1
mp	293	5	replicate-1
mp	294	5	replicate-1
mp	295	5	replicate-1
mp	296	5	replicate-1
mp	297	5	replicate-1
mp	298	5	replicate-1
mp	299	5	replicate-1
mp	300	5	replicate-1
mp	301	5	replicate-1
mp	302	5	replicate-1
mp	303	5	replicate-1
mp	304	6	replicate-1
mp	305	6	replicate-1
mp	306	6	replicate-1
mp	307	6	replicate-1
mp	308	5	replicate-1
mp	309	6	replicate-1
mp	310	6	replicate-1
mp	311	6	replicate-1
mp	312	6	replicate-1
mp	313	5	replicate-1
mp	314	5	replicate-1
mp	315	5	replicate-1
mp	316	5	replicate-1
mp	317	5	replicate-1
mp	318	5	replicate-1
mp	319	5	replicate-1
mp	320	5	replicate-1
mp	321	6	replicate-1
mp	322	7	replicate-1
mp	323	7	replicate-1
mp	324	7	replicate-1
mp	325	7	replicate-1
mp	326	7	replicate-1
mp	327	7	replicate-1
mp	328	7	replicate-1
mp	329	7	replicate-1
mp	330	7	replicate-1
mp	331	7	replicate-1
mp	332	7	replicate-1
mp	333	7	replicate-1
mp	334	7	replicate-1
mp	335	7	replicate-1
mp	336	7	replicate-1
mp	337	7	replicate-1
mp	338	7	replicate-1
mp	339	7	replicate-1
mp	340	7	replicate-1
mp	341	7	replicate-1
mp	342	7	replicate-1
mp	343	7	replicate-1
mp	344	7	replicate-1
mp	345	7	replicate-1
mp	346	7	replicate-1
mp	347	7	replicate-1
mp	348	10	replicate-1
mp	349	10	replicate-1
mp	350	10	replicate-1
mp	351	9	replicate-1
mp	352	9	replicate-1
mp	353	9	replicate-1
mp	354	9	replicate-1
mp	355	9	replicate-1
mp	356	9	replicate-1
mp	357	9	replicate-1
mp	358	9	replicate-1
mp	359	9	replicate-1
mp	360	9	replicate-1
mp	361	9	replicate-1
mp	362	9	replicate-1
mp	363	9	replicate-1
mp	364	9	replicate-1
mp	365	9	replicate-1
mp	366	9	replicate-1
mp	367	9	replicate-1
mp	368	9	replicate-1
mp	369	9	replicate-1
mp	370	9	replicate-1
mp	371	9	replicate-1
mp	372	9	replicate-1
mp	373	9	replicate-1
mp	374	9	replicate-1
mp	375	9	replicate-1
mp	376	9	replicate-1
mp	377	9	replicate-1
mp	378	9	replicate-1
mp	379	9	replicate-1
mp	380	9	replicate-1
mp	381	10	replicate-1
mp	382	10	replicate-1
mp	383	10	replicate-1
mp	384	11	replicate-1
mp	385	11	replicate-1
mp	386	11	replicate-1
mp	387	11	replicate-1
mp	388	11	replicate-1
mp	389	11	replicate-1
mp	390	13	replicate-1
mp	391	13	replicate-1
mp	392	13	replicate-1
mp	393	13	replicate-1
mp	394	13	replicate-1
mp	395	13	replicate-1
mp	396	12	replicate-1
mp	397	12	replicate-1
mp	398	12	replicate-1
mp	399	12	replicate-1
mp	400	12	replicate-1
mp	401	12	replicate-1
mp	402	15	replicate-1
mp	403	16	replicate-1
mp	404	17	replicate-1
mp	405	17	replicate-1
mp	406	16	replicate-1
mp	407	16	replicate-1
mp	408	16	replicate-1
mp	409	16	replicate-1
mp	410	16	replicate-1
mp	411	16	replicate-1
mp	412	16	replicate-1
mp	413	16	replicate-1
mp	414	16	replicate-1
mp	415	16	replicate-1
mp	416	16	replicate-1
mp	417	15	replicate-1
mp	418	14	replicate-1
mp	419	14	replicate-1
mp	420	14	replicate-1
mp	421	14	replicate-1
mp	422	13	replicate-1
mp	423	13	replicate-1
mp	424	13	replicate-1
mp	425	13	replicate-1
mp	426	12	replicate-1
mp	427	12	replicate-1
mp	428	12	replicate-1
mp	429	12	replicate-1
mp	430	12	replicate-1
mp	431	12	replicate-1
mp	432	12	replicate-1
mp	433	12	replicate-1
mp	434	12	replicate-1
mp	435	13	replicate-1
mp	436	13	replicate-1
mp	437	13	replicate-1
mp	438	13	replicate-1
mp	439	13	replicate-1
mp	440	13	replicate-1
mp	441	13	replicate-1
mp	442	13	replicate-1
mp	443	13	replicate-1
mp	444	13	replicate-1
mp	445	13	replicate-1
mp	446	14	replicate-1
mp	447	14	replicate-1
mp	448	14	replicate-1
mp	449	14	replicate-1
mp	450	14	replicate-1
mp	451	14	replicate-1
mp	452	14	replicate-1
mp	453	14	replicate-1
mp	454	14	replicate-1
mp	455	14	replicate-1
mp	456	14	replicate-1
mp	457	15	replicate-1
mp	458	15	replicate-1
mp	459	15	replicate-1
mp	460	15	replicate-1
mp	461	15	replicate-1
mp	462	15	replicate-1
mp	463	15	replicate-1
mp	464	15	replicate-1
mp	465	15	replicate-1
mp	466	15	replicate-1
mp	467	13	replicate-1
mp	468	13	replicate-1
mp	469	11	replicate-1
mp	470	11	replicate-1
mp	471	11	replicate-1
mp	472	10	replicate-1
mp	473	10	replicate-1
mp	474	10	replicate-1
mp	475	10	replicate-1
mp	476	10	replicate-1
mp	477	10	replicate-1
mp	478	10	replicate-1
mp	479	10	replicate-1
mp	480	10	replicate-1
mp	481	11	replicate-1
mp	482	11	replicate-1
mp	483	11	replicate-1
mp	484	10	replicate-1
mp	485	10	replicate-1
mp	486	10	replicate-1
mp	487	9	replicate-1
mp	488	9	replicate-1
mp	489	9	replicate-1
mp	490	9	replicate-1
mp	491	9	replicate-1
mp	492	9	replicate-1
mp	493	9	replicate-1
mp	494	9	replicate-1
mp	495	9	replicate-1
mp	496	9	replicate-1
mp	497	9	replicate-1
mp	498	9	replicate-1
mp	499	9	replicate-1
mp	500	9	replicate-1
mp	501	9	replicate-1
mp	502	9	replicate-1
mp	503	8	replicate-1
mp	504	7	replicate-1
mp	505	7	replicate-1
mp	506	7	replicate-1
mp	507	7	replicate-1
mp	508	6	replicate-1
mp	509	6	replicate-1
mp	510	6	replicate-1
mp	511	6	replicate-1
mp	512	6	replicate-1
mp	513	6	replicate-1
mp	514	6	replicate-1
mp	515	7	replicate-1
mp	516	7	replicate-1
mp	517	7	replicate-1
mp	518	6	replicate-1
mp	519	6	replicate-1
mp	520	6	replicate-1
mp	521	6	replicate-1
mp	522	6	replicate-1
mp	523	6	replicate-1
mp	524	7	replicate-1
mp	525	7	replicate-1
mp	526	7	replicate-1
mp	527	6	replicate-1
mp	528	6	replicate-1
mp	529	6	replicate-1
mp	530	6	replicate-1
mp	531	6	replicate-1
mp	532	5	replicate-1
mp	533	5	replicate-1
mp	534	5	replicate-1
mp	535	5	replicate-1
mp	536	5	replicate-1
mp	537	5	replicate-1
mp	538	5	replicate-1
mp	539	5	replicate-1
mp	540	5	replicate-1
mp	541	5	replicate-1
mp	542	5	replicate-1
mp	543	5	replicate-1
mp	544	5	replicate-1
mp	545	5	replicate-1
mp	546	5	replicate-1
mp	547	5	replicate-1
mp	548	5	replicate-1
mp	549	5	replicate-1
mp	550	4	replicate-1
mp	551	4	replicate-1
mp	552	4	replicate-1
mp	553	5	replicate-1
mp	554	5	replicate-1
mp	555	5	replicate-1
mp	556	5	replicate-1
mp	557	5	replicate-1
mp	558	6	replicate-1
mp	559	6	replicate-1
mp	560	6	replicate-1
mp	561	6	replicate-1
mp	562	6	replicate-1
mp	563	6	replicate-1
mp	564	6	replicate-1
mp	565	6	replicate-1
mp	566	6	replicate-1
mp	567	6	replicate-1
mp	568	8	replicate-1
mp	569	8	replicate-1
mp	570	8	replicate-1
mp	571	8	replicate-1
mp	572	8	replicate-1
mp	573	8	replicate-1
mp	574	8	replicate-1
mp	575	8	replicate-1
mp	576	8	replicate-1
mp	577	8	replicate-1
mp	578	8	replicate-1
mp	579	8	replicate-1
mp	580	7	replicate-1
mp	581	8	replicate-1
mp	582	8	replicate-1
mp	583	7	replicate-1
mp	584	7	replicate-1
mp	585	7	replicate-1
mp	586	7	replicate-1
mp	587	7	replicate-1
mp	588	7	replicate-1
mp	589	6	replicate-1
mp	590	6	replicate-1
mp	591	6	replicate-1
mp	592	6	replicate-1
mp	593	6	replicate-1
mp	594	6	replicate-1
mp	595	6	replicate-1
mp	596	6	replicate-1
mp	597	6	replicate-1
mp	598	6	replicate-1
mp	599	6	replicate-1
mp	600	6	replicate-1
mp	601	6	replicate-1
mp	602	6	replicate-1
mp	603	6	replicate-1
mp	604	6	replicate-1
mp	605	6	replicate-1
mp	606	6	replicate-1
mp	607	6	replicate-1
mp	608	6	replicate-1
mp	609	6	replicate-1
mp	610	6	replicate-1
mp	611	6	replicate-1
mp	612	6	replicate-1
mp	613	6	replicate-1
mp	614	6	replicate-1
mp	615	6	replicate-1
mp	616	6	replicate-1
mp	617	6	replicate-1
mp	618	5	replicate-1
mp	619	5	replicate-1
mp	620	5	replicate-1
mp	621	5	replicate-1
mp	622	5	replicate-1
mp	623	5	replicate-1
mp	624	5	replicate-1
mp	625	5	replicate-1
mp	626	5	replicate-1
mp	627	5	replicate-1
mp	628	5	replicate-1
mp	629	6	replicate-1
mp	630	6	replicate-1
mp	631	6	replicate-1
mp	632	6	replicate-1
mp	633	6	replicate-1
mp	634	6	replicate-1
mp	635	6	replicate-1
mp	636	6	replicate-1
mp	637	5	replicate-1
mp	638	5	replicate-1
mp	639	5	replicate-1
mp	640	5	replicate-1
mp	641	5	replicate-1
mp	642	5	replicate-1
mp	643	5	replicate-1
mp	644	7	replicate-1
mp	645	7	replicate-1
mp	646	7	replicate-1
mp	647	7	replicate-1
mp	648	7	replicate-1
mp	649	8	replicate-1
mp	650	8	replicate-1
mp	651	8	replicate-1
mp	652	8	replicate-1
mp	653	8	replicate-1
mp	654	10	replicate-1
mp	655	10	replicate-1
mp	656	10	replicate-1
mp	657	9	replicate-1
mp	658	8	replicate-1
mp	659	9	replicate-1
mp	660	9	replicate-1
mp	661	9	replicate-1
mp	662	10	replicate-1
mp	663	10	replicate-1
mp	664	10	replicate-1
mp	665	10	replicate-1
mp	666	10	replicate-1
mp	667	10	replicate-1
mp	668	10	replicate-1
mp	669	11	replicate-1
mp	670	11	replicate-1
mp	671	10	replicate-1
mp	672	10	replicate-1
mp	673	10	replicate-1
mp	674	10	replicate-1
mp	675	11	replicate-1
mp	676	11	replicate-1
mp	677	11	replicate-1
mp	678	11	replicate-1
mp	679	11	replicate-1
mp	680	11	replicate-1
mp	681	12	replicate-1
mp	682	12	replicate-1
mp	683	12	replicate-1
mp	684	12	replicate-1
mp	685	12	replicate-1
mp	686	12	replicate-1
mp	687	12	replicate-1
mp	688	12	replicate-1
mp	689	12	replicate-1
mp	690	12	replicate-1
mp	691	12	replicate-1
mp	692	12	replicate-1
mp	693	12	replicate-1
mp	694	11	replicate-1
mp	695	11	replicate-1
mp	696	11	replicate-1
mp	697	11	replicate-1
mp	698	11	replicate-1
mp	699	12	replicate-1
mp	700	12	replicate-1
mp	701	12	replicate-1
mp	702	12	replicate-1
mp	703	12	replicate-1
mp	704	12	replicate-1
mp	705	12	replicate-1
mp	706	12	replicate-1
mp	707	12	replicate-1
mp	708	12	replicate-1
mp	709	12	replicate-1
mp	710	12	replicate-1
mp	711	12	replicate-1
mp	712	12	replicate-1
mp	713	12	replicate-1
mp	714	12	replicate-1
mp	715	12	replicate-1
mp	716	13	replicate-1
mp	717	13	replicate-1
mp	718	13	replicate-1
mp	719	13	replicate-1
mp	720	12	replicate-1
mp	721	12	replicate-1
mp	722	12	replicate-1
mp	723	12	replicate-1
mp	724	12	replicate-1
mp	725	12	replicate-1
mp	726	12	replicate-1
mp	727	13	replicate-1
mp	728	13	replicate-1
mp	729	12	replicate-1
mp	730	12	replicate-1
mp	731	12	replicate-1
mp	732	12	replicate-1
mp	733	12	replicate-1
mp	734	12	replicate-1
mp	735	12	replicate-1
mp	736	12	replicate-1
mp	737	12	replicate-1
mp	738	12	replicate-1
mp	739	12	replicate-1
mp	740	12	replicate-1
mp	741	12	replicate-1
mp	742	12	replicate-1
mp	743	12	replicate-1
mp	744	13	replicate-1
mp	745	13	replicate-1
mp	746	13	replicate-1
mp	747	13	replicate-1
mp	748	13	replicate-1
mp	749	13	replicate-1
mp	750	13	replicate-1
mp	751	12	replicate-1
mp	752	11	replicate-1
mp	753	11	replicate-1
mp	754	11	replicate-1
mp	755	11	replicate-1
mp	756	12	replicate-1
mp	757	12	replicate-1
mp	758	12	replicate-1
mp	759	12	replicate-1
mp	760	11	replicate-1
mp	761	10	replicate-1
mp	762	9	replicate-1
mp	763	10	replicate-1
mp	764	10	replicate-1
mp	765	10	replicate-1
mp	766	10	replicate-1
mp	767	10	replicate-1
mp	768	10	replicate-1
mp	769	10	replicate-1
mp	770	10	replicate-1
mp	771	10	replicate-1
mp	772	10	replicate-1
mp	773	10	replicate-1
mp	774	10	replicate-1
mp	775	10	replicate-1
mp	776	10	replicate-1
mp	777	10	replicate-1
mp	778	10	replicate-1
mp	779	10	replicate-1
mp	780	10	replicate-1
mp	781	10	replicate-1
mp	782	10	replicate-1
mp	783	10	replicate-1
mp	784	10	replicate-1
mp	785	10	replicate-1
mp	786	10	replicate-1
mp	787	10	replicate-1
mp	788	10	replicate-1
mp	789	10	replicate-1
mp	790	10	replicate-1
mp	791	10	replicate-1
mp	792	9	replicate-1
mp	793	9	replicate-1
mp	794	9	replicate-1
mp	795	9	replicate-1
mp	796	8	replicate-1
mp	797	8	replicate-1
mp	798	8	replicate-1
mp	799	8	replicate-1
mp	800	8	replicate-1
mp	801	7	replicate-1
mp	802	6	replicate-1
mp	803	6	replicate-1
mp	804	6	replicate-1
mp	805	6	replicate-1
mp	806	6	replicate-1
mp	807	6	replicate-1
mp	808	6	replicate-1
mp	809	7	replicate-1
mp	810	6	replicate-1
mp	811	6	replicate-1
mp	812	7	replicate-1
mp	813	7	replicate-1
mp	814	7	replicate-1
mp	815	7	replicate-1
mp	816	7	replicate-1
mp	817	7	replicate-1
mp	818	7	replicate-1
mp	819	7	replicate-1
mp	820	7	replicate-1
mp	821	7	replicate-1
mp	822	7	replicate-1
mp	823	7	replicate-1
mp	824	7	replicate-1
mp	825	7	replicate-1
mp	826	7	replicate-1
mp	827	8	replicate-1
mp	828	8	replicate-1
mp	829	8	replicate-1
mp	830	8	replicate-1
mp	831	8	replicate-1
mp	832	7	replicate-1
mp	833	7	replicate-1
mp	834	7	replicate-1
mp	835	7	replicate-1
mp	836	7	replicate-1
mp	837	7	replicate-1
mp	838	7	replicate-1
mp	839	7	replicate-1
mp	840	7	replicate-1
mp	841	7	replicate-1
mp	842	7	replicate-1
mp	843	6	replicate-1
mp	844	6	replicate-1
mp	845	6	replicate-1
mp	846	6	replicate-1
mp	847	6	replicate-1
mp	848	6	replicate-1
mp	849	6	replicate-1
mp	850	6	replicate-1
mp	851	6	replicate-1
mp	852	6	replicate-1
mp	853	6	replicate-1
mp	854	6	replicate-1
mp	855	6	replicate-1
mp	856	7	replicate-1
mp	857	7	replicate-1
mp	858	7	replicate-1
mp	859	7	replicate-1
mp	860	7	replicate-1
mp	861	7	replicate-1
mp	862	7	replicate-1
mp	863	7	replicate-1
mp	864	7	replicate-1
mp	865	7	replicate-1
mp	866	7	replicate-1
mp	867	8	replicate-1
mp	868	8	replicate-1
mp	869	8	replicate-1
mp	870	8	replicate-1
mp	871	8	replicate-1
mp	872	8	replicate-1
mp	873	8	replicate-1
mp	874	8	replicate-1
mp	875	8	replicate-1
mp	876	9	replicate-1
mp	877	9	replicate-1
mp	878	9	replicate-1
mp	879	9	replicate-1
mp	880	9	replicate-1
mp	881	9	replicate-1
mp	882	8	replicate-1
mp	883	8	replicate-1
mp	884	7	replicate-1
mp	885	7	replicate-1
mp	886	7	replicate-1
mp	887	7	replicate-1
mp	888	8	replicate-1
mp	889	8	replicate-1
mp	890	8	replicate-1
mp	891	8	replicate-1
mp	892	8	replicate-1
mp	893	8	replicate-1
mp	894	7	replicate-1
mp	895	7	replicate-1
mp	896	7	replicate-1
mp	897	8	replicate-1
mp	898	8	replicate-1
mp	899	8	replicate-1
mp	900	8	replicate-1
mp	901	8	replicate-1
mp	902	8	replicate-1
mp	903	8	replicate-1
mp	904	9	replicate-1
mp	905	9	replicate-1
mp	906	9	replicate-1
mp	907	9	replicate-1
mp	908	8	replicate-1
mp	909	8	replicate-1
mp	910	8	replicate-1
mp	911	8	replicate-1
mp	912	8	replicate-1
mp	913	8	replicate-1
mp	914	8	replicate-1
mp	915	8	replicate-1
mp	916	8	replicate-1
mp	917	8	replicate-1
mp	918	8	replicate-1
mp	919	8	replicate-1
mp	920	7	replicate-1
mp	921	7	replicate-1
mp	922	6	replicate-1
mp	923	6	replicate-1
mp	924	6	replicate-1
mp	925	6	replicate-1
mp	926	6	replicate-1
mp	927	6	replicate-1
mp	928	7	replicate-1
mp	929	7	replicate-1
mp	930	7	replicate-1
mp	931	7	replicate-1
mp	932	7	replicate-1
mp	933	7	replicate-1
mp	934	7	replicate-1
mp	935	7	replicate-1
mp	936	7	replicate-1
mp	937	7	replicate-1
mp	938	7	replicate-1
mp	939	7	replicate-1
mp	940	7	replicate-1
mp	941	7	replicate-1
mp	942	7	replicate-1
mp	943	7	replicate-1
mp	944	7	replicate-1
mp	945	7	replicate-1
mp	946	7	replicate-1
mp	947	7	replicate-1
mp	948	7	replicate-1
mp	949	7	replicate-1
mp	950	7	replicate-1
mp	951	7	replicate-1
mp	952	7	replicate-1
mp	953	7	replicate-1
mp	954	7	replicate-1
mp	955	7	replicate-1
mp	956	7	replicate-1
mp	957	7	replicate-1
mp	958	7	replicate-1
mp	959	7	replicate-1
mp	960	7	replicate-1
mp	961	7	replicate-1
mp	962	6	replicate-1
mp	963	6	replicate-1
mp	964	7	replicate-1
mp	965	7	replicate-1
mp	966	7	replicate-1
mp	967	6	replicate-1
mp	968	6	replicate-1
mp	969	6	replicate-1
mp	970	6	replicate-1
mp	971	6	replicate-1
mp	972	6	replicate-1
mp	973	6	replicate-1
mp	974	6	replicate-1
mp	975	6	replicate-1
mp	976	6	replicate-1
mp	977	6	replicate-1
mp	978	6	replicate-1
mp	979	6	replicate-1
mp	980	6	replicate-1
mp	981	6	replicate-1
mp	982	6	replicate-1
mp	983	6	replicate-1
mp	984	6	replicate-1
mp	985	6	replicate-1
mp	986	6	replicate-1
mp	987	6	replicate-1
mp	988	5	replicate-1
mp	989	5	replicate-1
mp	990	4	replicate-1
mp	991	4	replicate-1
mp	992	4	replicate-1
mp	993	4	replicate-1
mp	994	4	replicate-1
mp	995	4	replicate-1
mp	996	4	replicate-1
mp	997	4	replicate-1
mp	998	4	replicate-1
mp	999	4	replicate-1
mp	1000	4	replicate-1
mp	1001	4	replicate-1
mp	1002	3	replicate-1
mp	1003	3	replicate-1
mp	1004	3	replicate-1
mp	1005	2	replicate-1
mp	1006	1	replicate-1
mp	1007	1	replicate-1
mp	1008	1	replicate-1
mp	1009	1	replicate-1
mp	1010	1	replicate-1
mp	1011	1	replicate-1
mp	1012	1	replicate-1
mp	1013	1	replicate-1
mp	1014	1	replicate-1
mp	1015	1	replicate-1
mp	1016	1	replicate-1
mp	1017	1	replicate-1
mp	1018	1	replicate-1
mp	1019	1	replicate-1
mp	1020	1	replicate-1
mp	1021	1	replicate-1
mp	1022	1	replicate-1
mp	1023	1	replicate-1
mp	1024	1	replicate-1
mp	1025	1	replicate-1
mp	1026	1	replicate-1
np	1	3	replicate-1
np	2	6	replicate-1
np	3	6	replicate-1
np	4	6	replicate-1
np	5	6	replicate-1
np	6	6	replicate-1
np	7	6	replicate-1
np	8	6	replicate-1
np	9	6	replicate-1
np	10	6	replicate-1
np	11	9	replicate-1
np	12	9	replicate-1
np	13	11	replicate-1
np	14	11	replicate-1
np	15	11	replicate-1
np	16	13	replicate-1
np	17	13	replicate-1
np	18	15	replicate-1
np	19	15	replicate-1
np	20	18	replicate-1
np	21	18	replicate-1
np	22	19	replicate-1
np	23	19	replicate-1
np	24	20	replicate-1
np	25	20	replicate-1
np	26	21	replicate-1
np	27	21	replicate-1
np	28	22	replicate-1
np	29	22	replicate-1
np	30	22	replicate-1
np	31	22	replicate-1
np	32	22	replicate-1
np	33	22	replicate-1
np	34	22	replicate-1
np	35	22	replicate-1
np	36	22	replicate-1
np	37	22	replicate-1
np	38	22	replicate-1
np	39	22	replicate-1
np	40	22	replicate-1
np	41	23	replicate-1
np	42	23	replicate-1
np	43	23	replicate-1
np	44	23	replicate-1
np	45	23	replicate-1
np	46	23	replicate-1
np	47	23	replicate-1
np	48	23	replicate-1
np	49	23	replicate-1
np	50	23	replicate-1
np	51	23	replicate-1
np	52	23	replicate-1
np	53	24	replicate-1
np	54	24	replicate-1
np	55	24	replicate-1
np	56	24	replicate-1
np	57	23	replicate-1
np	58	22	replicate-1
np	59	22	replicate-1
np	60	22	replicate-1
np	61	22	replicate-1
np	62	22	replicate-1
np	63	22	replicate-1
np	64	21	replicate-1
np	65	21	replicate-1
np	66	21	replicate-1
np	67	21	replicate-1
np	68	21	replicate-1
np	69	20	replicate-1
np	70	20	replicate-1
np	71	20	replicate-1
np	72	20	replicate-1
np	73	18	replicate-1
np	74	18	replicate-1
np	75	18	replicate-1
np	76	17	replicate-1
np	77	16	replicate-1
np	78	16	replicate-1
np	79	16	replicate-1
np	80	16	replicate-1
np	81	16	replicate-1
np	82	16	replicate-1
np	83	16	replicate-1
np	84	15	replicate-1
np	85	15	replicate-1
np	86	15	replicate-1
np	87	11	replicate-1
np	88	11	replicate-1
np	89	11	replicate-1
np	90	11	replicate-1
np	91	11	replicate-1
np	92	11	replicate-1
np	93	11	replicate-1
np	94	11	replicate-1
np	95	11	replicate-1
np	96	10	replicate-1
np	97	10	replicate-1
np	98	10	replicate-1
np	99	10	replicate-1
np	100	14	replicate-1
np	101	14	replicate-1
np	102	14	replicate-1
np	103	14	replicate-1
np	104	14	replicate-1
np	105	14	replicate-1
np	106	14	replicate-1
np	107	14	replicate-1
np	108	12	replicate-1
np	109	12	replicate-1
np	110	11	replicate-1
np	111	12	replicate-1
np	112	12	replicate-1
np	113	12	replicate-1
np	114	12	replicate-1
np	115	12	replicate-1
np	116	11	replicate-1
np	117	11	replicate-1
np	118	12	replicate-1
np	119	13	replicate-1
np	120	13	replicate-1
np	121	13	replicate-1
np	122	13	replicate-1
np	123	13	replicate-1
np	124	13	replicate-1
np	125	15	replicate-1
np	126	15	replicate-1
np	127	14	replicate-1
np	128	14	replicate-1
np	129	14	replicate-1
np	130	14	replicate-1
np	131	14	replicate-1
np	132	14	replicate-1
np	133	14	replicate-1
np	134	14	replicate-1
np	135	14	replicate-1
np	136	13	replicate-1
np	137	13	replicate-1
np	138	13	replicate-1
np	139	13	replicate-1
np	140	13	replicate-1
np	141	14	replicate-1
np	142	15	replicate-1
np	143	15	replicate-1
np	144	15	replicate-1
np	145	15	replicate-1
np	146	15	replicate-1
np	147	15	replicate-1
np	148	15	replicate-1
np	149	15	replicate-1
np	150	15	replicate-1
np	151	14	replicate-1
np	152	14	replicate-1
np	153	12	replicate-1
np	154	12	replicate-1
np	155	12	replicate-1
np	156	12	replicate-1
np	157	12	replicate-1
np	158	12	replicate-1
np	159	11	replicate-1
np	160	15	replicate-1
np	161	15	replicate-1
np	162	15	replicate-1
np	163	16	replicate-1
np	164	18	replicate-1
np	165	18	replicate-1
np	166	20	replicate-1
np	167	20	replicate-1
np	168	21	replicate-1
np	169	22	replicate-1
np	170	22	replicate-1
np	171	30	replicate-1
np	172	32	replicate-1
np	173	32	replicate-1
np	174	32	replicate-1
np	175	32	replicate-1
np	176	32	replicate-1
np	177	32	replicate-1
np	178	32	replicate-1
np	179	32	replicate-1
np	180	32	replicate-1
np	181	32	replicate-1
np	182	32	replicate-1
np	183	32	replicate-1
np	184	32	replicate-1
np	185	32	replicate-1
np	186	32	replicate-1
np	187	32	replicate-1
np	188	32	replicate-1
np	189	32	replicate-1
np	190	32	replicate-1
np	191	32	replicate-1
np	192	33	replicate-1
np	193	33	replicate-1
np	194	34	replicate-1
np	195	34	replicate-1
np	196	35	replicate-1
np	197	35	replicate-1
np	198	36	replicate-1
np	199	37	replicate-1
np	200	38	replicate-1
np	201	37	replicate-1
np	202	37	replicate-1
np	203	38	replicate-1
np	204	38	replicate-1
np	205	38	replicate-1
np	206	38	replicate-1
np	207	38	replicate-1
np	208	39	replicate-1
np	209	39	replicate-1
np	210	39	replicate-1
np	211	40	replicate-1
np	212	40	replicate-1
np	213	39	replicate-1
np	214	39	replicate-1
np	215	39	replicate-1
np	216	39	replicate-1
np	217	39	replicate-1
np	218	38	replicate-1
np	219	37	replicate-1
np	220	37	replicate-1
np	221	37	replicate-1
np	222	37	replicate-1
np	223	36	replicate-1
np	224	38	replicate-1
np	225	38	replicate-1
np	226	39	replicate-1
np	227	39	replicate-1
np	228	38	replicate-1
np	229	40	replicate-1
np	230	42	replicate-1
np	231	42	replicate-1
np	232	44	replicate-1
np	233	44	replicate-1
np	234	44	replicate-1
np	235	44	replicate-1
np	236	44	replicate-1
np	237	44	replicate-1
np	238	42	replicate-1
np	239	35	replicate-1
np	240	35	replicate-1
np	241	33	replicate-1
np	242	33	replicate-1
np	243	34	replicate-1
np	244	34	replicate-1
np	245	34	replicate-1
np	246	34	replicate-1
np	247	34	replicate-1
np	248	34	replicate-1
np	249	34	replicate-1
np	250	33	replicate-1
np	251	33	replicate-1
np	252	30	replicate-1
np	253	33	replicate-1
np	254	33	replicate-1
np	255	33	replicate-1
np	256	31	replicate-1
np	257	31	replicate-1
np	258	31	replicate-1
np	259	31	replicate-1
np	260	30	replicate-1
np	261	30	replicate-1
np	262	30	replicate-1
np	263	30	replicate-1
np	264	30	replicate-1
np	265	31	replicate-1
np	266	31	replicate-1
np	267	31	replicate-1
np	268	31	replicate-1
np	269	31	replicate-1
np	270	31	replicate-1
np	271	32	replicate-1
np	272	31	replicate-1
np	273	30	replicate-1
np	274	30	replicate-1
np	275	29	replicate-1
np	276	29	replicate-1
np	277	31	replicate-1
np	278	31	replicate-1
np	279	32	replicate-1
np	280	32	replicate-1
np	281	31	replicate-1
np	282	31	replicate-1
np	283	31	replicate-1
np	284	30	replicate-1
np	285	28	replicate-1
np	286	28	replicate-1
np	287	28	replicate-1
np	288	27	replicate-1
np	289	27	replicate-1
np	290	27	replicate-1
np	291	27	replicate-1
np	292	28	replicate-1
np	293	29	replicate-1
np	294	29	replicate-1
np	295	26	replicate-1
np	296	26	replicate-1
np	297	26	replicate-1
np	298	26	replicate-1
np	299	26	replicate-1
np	300	25	replicate-1
np	301	25	replicate-1
np	302	25	replicate-1
np	303	25	replicate-1
np	304	25	replicate-1
np	305	25	replicate-1
np	306	25	replicate-1
np	307	25	replicate-1
np	308	25	replicate-1
np	309	24	replicate-1
np	310	24	replicate-1
np	311	24	replicate-1
np	312	24	replicate-1
np	313	24	replicate-1
np	314	24	replicate-1
np	315	24	replicate-1
np	316	23	replicate-1
np	317	20	replicate-1
np	318	16	replicate-1
np	319	16	replicate-1
np	320	16	replicate-1
np	321	16	replicate-1
np	322	16	replicate-1
np	323	16	replicate-1
np	324	16	replicate-1
np	325	17	replicate-1
np	326	17	replicate-1
np	327	17	replicate-1
np	328	17	replicate-1
np	329	17	replicate-1
np	330	17	replicate-1
np	331	17	replicate-1
np	332	17	replicate-1
np	333	7	replicate-1
np	334	7	replicate-1
np	335	7	replicate-1
np	336	6	replicate-1
np	337	6	replicate-1
np	338	6	replicate-1
np	339	6	replicate-1
np	340	6	replicate-1
np	341	6	replicate-1
np	342	6	replicate-1
np	343	6	replicate-1
np	344	6	replicate-1
np	345	6	replicate-1
np	346	6	replicate-1
np	347	6	replicate-1
np	348	6	replicate-1
np	349	6	replicate-1
np	350	6	replicate-1
np	351	6	replicate-1
np	352	6	replicate-1
np	353	6	replicate-1
np	354	6	replicate-1
np	355	7	replicate-1
np	356	7	replicate-1
np	357	7	replicate-1
np	358	7	replicate-1
np	359	7	replicate-1
np	360	8	replicate-1
np	361	8	replicate-1
np	362	8	replicate-1
np	363	8	replicate-1
np	364	8	replicate-1
np	365	8	replicate-1
np	366	7	replicate-1
np	367	7	replicate-1
np	368	8	replicate-1
np	369	8	replicate-1
np	370	8	replicate-1
np	371	8	replicate-1
np	372	9	replicate-1
np	373	9	replicate-1
np	374	8	replicate-1
np	375	8	replicate-1
np	376	9	replicate-1
np	377	9	replicate-1
np	378	9	replicate-1
np	379	9	replicate-1
np	380	8	replicate-1
np	381	8	replicate-1
np	382	7	replicate-1
np	383	7	replicate-1
np	384	7	replicate-1
np	385	7	replicate-1
np	386	7	replicate-1
np	387	7	replicate-1
np	388	8	replicate-1
np	389	8	replicate-1
np	390	9	replicate-1
np	391	9	replicate-1
np	392	9	replicate-1
np	393	9	replicate-1
np	394	9	replicate-1
np	395	8	replicate-1
np	396	8	replicate-1
np	397	9	replicate-1
np	398	9	replicate-1
np	399	9	replicate-1
np	400	9	replicate-1
np	401	9	replicate-1
np	402	9	replicate-1
np	403	9	replicate-1
np	404	10	replicate-1
np	405	10	replicate-1
np	406	10	replicate-1
np	407	10	replicate-1
np	408	10	replicate-1
np	409	10	replicate-1
np	410	10	replicate-1
np	411	10	replicate-1
np	412	10	replicate-1
np	413	10	replicate-1
np	414	10	replicate-1
np	415	11	replicate-1
np	416	12	replicate-1
np	417	12	replicate-1
np	418	13	replicate-1
np	419	14	replicate-1
np	420	13	replicate-1
np	421	13	replicate-1
np	422	13	replicate-1
np	423	13	replicate-1
np	424	13	replicate-1
np	425	13	replicate-1
np	426	13	replicate-1
np	427	13	replicate-1
np	428	13	replicate-1
np	429	13	replicate-1
np	430	16	replicate-1
np	431	16	replicate-1
np	432	16	replicate-1
np	433	16	replicate-1
np	434	17	replicate-1
np	435	17	replicate-1
np	436	17	replicate-1
np	437	17	replicate-1
np	438	17	replicate-1
np	439	17	replicate-1
np	440	17	replicate-1
np	441	17	replicate-1
np	442	18	replicate-1
np	443	18	replicate-1
np	444	19	replicate-1
np	445	18	replicate-1
np	446	18	replicate-1
np	447	18	replicate-1
np	448	18	replicate-1
np	449	17	replicate-1
np	450	17	replicate-1
np	451	17	replicate-1
np	452	19	replicate-1
np	453	19	replicate-1
np	454	19	replicate-1
np	455	19	replicate-1
np	456	19	replicate-1
np	457	18	replicate-1
np	458	18	replicate-1
np	459	18	replicate-1
np	460	18	replicate-1
np	461	18	replicate-1
np	462	19	replicate-1
np	463	19	replicate-1
np	464	19	replicate-1
np	465	19	replicate-1
np	466	19	replicate-1
np	467	19	replicate-1
np	468	18	replicate-1
np	469	20	replicate-1
np	470	20	replicate-1
np	471	20	replicate-1
np	472	20	replicate-1
np	473	20	replicate-1
np	474	19	replicate-1
np	475	19	replicate-1
np	476	19	replicate-1
np	477	19	replicate-1
np	478	19	replicate-1
np	479	19	replicate-1
np	480	18	replicate-1
np	481	18	replicate-1
np	482	18	replicate-1
np	483	18	replicate-1
np	484	18	replicate-1
np	485	18	replicate-1
np	486	19	replicate-1
np	487	19	replicate-1
np	488	19	replicate-1
np	489	19	replicate-1
np	490	19	replicate-1
np	491	19	replicate-1
np	492	19	replicate-1
np	493	19	replicate-1
np	494	19	replicate-1
np	495	19	replicate-1
np	496	20	replicate-1
np	497	20	replicate-1
np	498	20	replicate-1
np	499	20	replicate-1
np	500	20	replicate-1
np	501	19	replicate-1
np	502	19	replicate-1
np	503	19	replicate-1
np	504	19	replicate-1
np	505	19	replicate-1
np	506	19	replicate-1
np	507	19	replicate-1
np	508	19	replicate-1
np	509	19	replicate-1
np	510	19	replicate-1
np	511	19	replicate-1
np	512	19	replicate-1
np	513	19	replicate-1
np	514	18	replicate-1
np	515	18	replicate-1
np	516	18	replicate-1
np	517	17	replicate-1
np	518	17	replicate-1
np	519	15	replicate-1
np	520	15	replicate-1
np	521	16	replicate-1
np	522	16	replicate-1
np	523	16	replicate-1
np	524	14	replicate-1
np	525	14	replicate-1
np	526	13	replicate-1
np	527	13	replicate-1
np	528	13	replicate-1
np	529	13	replicate-1
np	530	13	replicate-1
np	531	13	replicate-1
np	532	13	replicate-1
np	533	13	replicate-1
np	534	13	replicate-1
np	535	13	replicate-1
np	536	13	replicate-1
np	537	13	replicate-1
np	538	13	replicate-1
np	539	13	replicate-1
np	540	12	replicate-1
np	541	12	replicate-1
np	542	12	replicate-1
np	543	12	replicate-1
np	544	12	replicate-1
np	545	12	replicate-1
np	546	12	replicate-1
np	547	12	replicate-1
np	548	11	replicate-1
np	549	11	replicate-1
np	550	11	replicate-1
np	551	11	replicate-1
np	552	11	replicate-1
np	553	11	replicate-1
np	554	11	replicate-1
np	555	11	replicate-1
np	556	11	replicate-1
np	557	11	replicate-1
np	558	10	replicate-1
np	559	10	replicate-1
np	560	10	replicate-1
np	561	10	replicate-1
np	562	10	replicate-1
np	563	10	replicate-1
np	564	10	replicate-1
np	565	10	replicate-1
np	566	10	replicate-1
np	567	10	replicate-1
np	568	8	replicate-1
np	569	7	replicate-1
np	570	5	replicate-1
np	571	5	replicate-1
np	572	5	replicate-1
np	573	5	replicate-1
np	574	5	replicate-1
np	575	5	replicate-1
np	576	5	replicate-1
np	577	5	replicate-1
np	578	5	replicate-1
np	579	5	replicate-1
np	580	5	replicate-1
np	581	5	replicate-1
np	582	5	replicate-1
np	583	5	replicate-1
np	584	5	replicate-1
np	585	5	replicate-1
np	586	5	replicate-1
np	587	5	replicate-1
np	588	4	replicate-1
np	589	4	replicate-1
np	590	4	replicate-1
np	591	4	replicate-1
np	592	4	replicate-1
np	593	4	replicate-1
np	594	4	replicate-1
np	595	4	replicate-1
np	596	4	replicate-1
np	597	4	replicate-1
np	598	4	replicate-1
np	599	1	replicate-1
np	600	1	replicate-1
np	601	1	replicate-1
np	602	1	replicate-1
np	626	1	replicate-1
np	627	1	replicate-1
np	628	1	replicate-1
np	629	1	replicate-1
np	630	1	replicate-1
np	631	1	replicate-1
np	632	1	replicate-1
np	633	1	replicate-1
np	634	1	replicate-1
np	635	1	replicate-1
np	636	1	replicate-1
np	637	1	replicate-1
np	638	1	replicate-1
np	639	1	replicate-1
np	640	1	replicate-1
np	641	2	replicate-1
np	642	2	replicate-1
np	643	2	replicate-1
np	644	2	replicate-1
np	645	2	replicate-1
np	646	2	replicate-1
np	647	2	replicate-1
np	648	2	replicate-1
np	649	2	replicate-1
np	650	2	replicate-1
np	651	2	replicate-1
np	652	2	replicate-1
np	653	2	replicate-1
np	654	2	replicate-1
np	655	2	replicate-1
np	656	2	replicate-1
np	657	2	replicate-1
np	658	2	replicate-1
np	659	2	replicate-1
np	660	2	replicate-1
np	661	3	replicate-1
np	662	4	replicate-1
np	663	4	replicate-1
np	664	4	replicate-1
np	665	4	replicate-1
np	666	4	replicate-1
np	667	4	replicate-1
np	668	4	replicate-1
np	669	4	replicate-1
np	670	4	replicate-1
np	671	4	replicate-1
np	672	4	replicate-1
np	673	4	replicate-1
np	674	4	replicate-1
np	675	4	replicate-1
np	676	4	replicate-1
np	677	4	replicate-1
np	678	4	replicate-1
np	679	4	replicate-1
np	680	4	replicate-1
np	681	4	replicate-1
np	682	4	replicate-1
np	683	4	replicate-1
np	684	3	replicate-1
np	685	3	replicate-1
np	686	3	replicate-1
np	687	3	replicate-1
np	688	3	replicate-1
np	689	3	replicate-1
np	690	3	replicate-1
np	691	4	replicate-1
np	692	4	replicate-1
np	693	4	replicate-1
np	694	4	replicate-1
np	695	4	replicate-1
np	696	4	replicate-1
np	697	4	replicate-1
np	698	4	replicate-1
np	699	4	replicate-1
np	700	4	replicate-1
np	701	4	replicate-1
np	702	4	replicate-1
np	703	4	replicate-1
np	704	4	replicate-1
np	705	4	replicate-1
np	706	4	replicate-1
np	707	4	replicate-1
np	708	4	replicate-1
np	709	4	replicate-1
np	710	4	replicate-1
np	711	4	replicate-1
np	712	4	replicate-1
np	713	4	replicate-1
np	714	4	replicate-1
np	715	4	replicate-1
np	716	4	replicate-1
np	717	4	replicate-1
np	718	4	replicate-1
np	719	4	replicate-1
np	720	2	replicate-1
np	721	2	replicate-1
np	722	2	replicate-1
np	723	2	replicate-1
np	724	0	replicate-1
np	725	3	replicate-1
np	726	3	replicate-1
np	727	3	replicate-1
np	728	3	replicate-1
np	729	3	replicate-1
np	730	3	replicate-1
np	731	3	replicate-1
np	732	3	replicate-1
np	733	3	replicate-1
np	734	3	replicate-1
np	735	3	replicate-1
np	736	3	replicate-1
np	737	3	replicate-1
np	738	3	replicate-1
np	739	3	replicate-1
np	740	3	replicate-1
np	741	3	replicate-1
np	742	3	replicate-1
np	743	3	replicate-1
np	744	2	replicate-1
np	745	2	replicate-1
np	746	2	replicate-1
np	747	2	replicate-1
np	748	3	replicate-1
np	749	3	replicate-1
np	750	3	replicate-1
np	751	3	replicate-1
np	752	3	replicate-1
np	753	3	replicate-1
np	754	3	replicate-1
np	755	3	replicate-1
np	756	3	replicate-1
np	757	4	replicate-1
np	758	4	replicate-1
np	759	4	replicate-1
np	760	4	replicate-1
np	761	4	replicate-1
np	762	4	replicate-1
np	763	4	replicate-1
np	764	4	replicate-1
np	765	4	replicate-1
np	766	4	replicate-1
np	767	4	replicate-1
np	768	4	replicate-1
np	769	4	replicate-1
np	770	4	replicate-1
np	771	4	replicate-1
np	772	4	replicate-1
np	773	4	replicate-1
np	774	4	replicate-1
np	775	5	replicate-1
np	776	5	replicate-1
np	777	5	replicate-1
np	778	5	replicate-1
np	779	5	replicate-1
np	780	5	replicate-1
np	781	5	replicate-1
np	782	5	replicate-1
np	783	5	replicate-1
np	784	5	replicate-1
np	785	5	replicate-1
np	786	5	replicate-1
np	787	5	replicate-1
np	788	5	replicate-1
np	789	5	replicate-1
np	790	5	replicate-1
np	791	5	replicate-1
np	792	5	replicate-1
np	793	7	replicate-1
np	794	7	replicate-1
np	795	7	replicate-1
np	796	7	replicate-1
np	797	7	replicate-1
np	798	7	replicate-1
np	799	7	replicate-1
np	800	7	replicate-1
np	801	6	replicate-1
np	802	7	replicate-1
np	803	7	replicate-1
np	804	7	replicate-1
np	805	7	replicate-1
np	806	7	replicate-1
np	807	7	replicate-1
np	808	7	replicate-1
np	809	7	replicate-1
np	810	7	replicate-1
np	811	7	replicate-1
np	812	8	replicate-1
np	813	8	replicate-1
np	814	8	replicate-1
np	815	8	replicate-1
np	816	10	replicate-1
np	817	10	replicate-1
np	818	10	replicate-1
np	819	10	replicate-1
np	820	10	replicate-1
np	821	10	replicate-1
np	822	9	replicate-1
np	823	9	replicate-1
np	824	9	replicate-1
np	825	8	replicate-1
np	826	8	replicate-1
np	827	8	replicate-1
np	828	8	replicate-1
np	829	8	replicate-1
np	830	8	replicate-1
np	831	8	replicate-1
np	832	8	replicate-1
np	833	8	replicate-1
np	834	8	replicate-1
np	835	9	replicate-1
np	836	10	replicate-1
np	837	10	replicate-1
np	838	10	replicate-1
np	839	10	replicate-1
np	840	10	replicate-1
np	841	10	replicate-1
np	842	10	replicate-1
np	843	11	replicate-1
np	844	11	replicate-1
np	845	11	replicate-1
np	846	10	replicate-1
np	847	11	replicate-1
np	848	13	replicate-1
np	849	13	replicate-1
np	850	13	replicate-1
np	851	13	replicate-1
np	852	13	replicate-1
np	853	13	replicate-1
np	854	13	replicate-1
np	855	13	replicate-1
np	856	13	replicate-1
np	857	13	replicate-1
np	858	13	replicate-1
np	859	13	replicate-1
np	860	13	replicate-1
np	861	13	replicate-1
np	862	13	replicate-1
np	863	13	replicate-1
np	864	13	replicate-1
np	865	13	replicate-1
np	866	13	replicate-1
np	867	12	replicate-1
np	868	12	replicate-1
np	869	12	replicate-1
np	870	12	replicate-1
np	871	12	replicate-1
np	872	12	replicate-1
np	873	12	replicate-1
np	874	12	replicate-1
np	875	12	replicate-1
np	876	12	replicate-1
np	877	12	replicate-1
np	878	12	replicate-1
np	879	12	replicate-1
np	880	12	replicate-1
np	881	12	replicate-1
np	882	11	replicate-1
np	883	11	replicate-1
np	884	11	replicate-1
np	885	11	replicate-1
np	886	11	replicate-1
np	887	11	replicate-1
np	888	11	replicate-1
np	889	11	replicate-1
np	890	11	replicate-1
np	891	11	replicate-1
np	892	11	replicate-1
np	893	9	replicate-1
np	894	9	replicate-1
np	895	9	replicate-1
np	896	9	replicate-1
np	897	9	replicate-1
np	898	9	replicate-1
np	899	8	replicate-1
np	900	8	replicate-1
np	901	8	replicate-1
np	902	8	replicate-1
np	903	8	replicate-1
np	904	5	replicate-1
np	905	5	replicate-1
np	906	5	replicate-1
np	907	5	replicate-1
np	908	5	replicate-1
np	909	5	replicate-1
np	910	5	replicate-1
np	911	5	replicate-1
np	912	5	replicate-1
np	913	5	replicate-1
np	914	5	replicate-1
np	915	5	replicate-1
np	916	4	replicate-1
np	917	4	replicate-1
np	918	4	replicate-1
np	919	4	replicate-1
np	920	3	replicate-1
np	921	1	replicate-1
np	922	1	replicate-1
np	923	1	replicate-1
np	924	1	replicate-1
np	925	1	replicate-1
np	926	1	replicate-1
np	927	1	replicate-1
np	928	1	replicate-1
np	929	1	replicate-1
np	930	1	replicate-1
np	931	1	replicate-1
np	932	1	replicate-1
np	933	1	replicate-1
np	934	1	replicate-1
np	935	1	replicate-1
np	936	1	replicate-1
np	937	1	replicate-1
np	938	1	replicate-1
np	939	2	replicate-1
np	940	2	replicate-1
np	941	2	replicate-1
np	942	2	replicate-1
np	943	2	replicate-1
np	944	2	replicate-1
np	945	2	replicate-1
np	946	2	replicate-1
np	947	2	replicate-1
np	948	2	replicate-1
np	949	2	replicate-1
np	950	2	replicate-1
np	951	2	replicate-1
np	952	2	replicate-1
np	953	2	replicate-1
np	954	2	replicate-1
np	955	2	replicate-1
np	956	2	replicate-1
np	957	2	replicate-1
np	958	2	replicate-1
np	959	2	replicate-1
np	960	2	replicate-1
np	961	1	replicate-1
np	962	1	replicate-1
np	963	1	replicate-1
np	964	1	replicate-1
np	965	1	replicate-1
np	966	1	replicate-1
np	967	1	replicate-1
np	968	1	replicate-1
np	969	1	replicate-1
np	970	1	replicate-1
np	971	1	replicate-1
np	972	1	replicate-1
np	973	1	replicate-1
np	974	1	replicate-1
np	975	1	replicate-1
np	976	1	replicate-1
np	977	1	replicate-1
np	978	1	replicate-1
np	979	1	replicate-1
np	980	1	replicate-1
np	981	1	replicate-1
np	982	1	replicate-1
np	983	1	replicate-1
np	984	1	replicate-1
np	985	1	replicate-1
np	986	1	replicate-1
np	987	1	replicate-1
np	988	1	replicate-1
np	989	1	replicate-1
np	990	1	replicate-1
np	991	1	replicate-1
np	992	1	replicate-1
np	993	1	replicate-1
np	994	1	replicate-1
np	995	1	replicate-1
np	996	1	replicate-1
np	997	1	replicate-1
np	998	1	replicate-1
np	999	1	replicate-1
np	1000	1	replicate-1
np	1001	1	replicate-1
np	1002	1	replicate-1
np	1003	1	replicate-1
np	1004	1	replicate-1
np	1005	1	replicate-1
np	1006	1	replicate-1
np	1007	1	replicate-1
np	1008	1	replicate-1
np	1009	1	replicate-1
np	1010	1	replicate-1
np	1030	1	replicate-1
np	1031	1	replicate-1
np	1032	1	replicate-1
np	1033	1	replicate-1
np	1034	1	replicate-1
np	1035	1	replicate-1
np	1036	1	replicate-1
np	1037	1	replicate-1
np	1038	1	replicate-1
np	1039	1	replicate-1
np	1040	1	replicate-1
np	1041	1	replicate-1
np	1042	1	replicate-1
np	1043	1	replicate-1
np	1044	1	replicate-1
np	1045	1	replicate-1
np	1046	1	replicate-1
np	1047	1	replicate-1
np	1048	1	replicate-1
np	1049	1	replicate-1
np	1050	1	replicate-1
np	1051	1	replicate-1
np	1052	1	replicate-1
np	1053	1	replicate-1
np	1054	1	replicate-1
np	1055	1	replicate-1
np	1056	1	replicate-1
np	1057	1	replicate-1
np	1058	1	replicate-1
np	1059	1	replicate-1
np	1060	1	replicate-1
np	1061	1	replicate-1
np	1062	1	replicate-1
np	1063	1	replicate-1
np	1064	2	replicate-1
np	1065	2	replicate-1
np	1066	2	replicate-1
np	1067	2	replicate-1
np	1068	2	replicate-1
np	1069	3	replicate-1
np	1070	3	replicate-1
np	1071	3	replicate-1
np	1072	3	replicate-1
np	1073	3	replicate-1
np	1074	3	replicate-1
np	1075	3	replicate-1
np	1076	3	replicate-1
np	1077	3	replicate-1
np	1078	3	replicate-1
np	1079	3	replicate-1
np	1080	3	replicate-1
np	1081	3	replicate-1
np	1082	3	replicate-1
np	1083	3	replicate-1
np	1084	3	replicate-1
np	1085	3	replicate-1
np	1086	3	replicate-1
np	1087	3	replicate-1
np	1088	3	replicate-1
np	1089	3	replicate-1
np	1090	3	replicate-1
np	1091	3	replicate-1
np	1092	3	replicate-1
np	1093	3	replicate-1
np	1094	3	replicate-1
np	1095	3	replicate-1
np	1096	3	replicate-1
np	1097	4	replicate-1
np	1098	4	replicate-1
np	1099	4	replicate-1
np	1100	4	replicate-1
np	1101	4	replicate-1
np	1102	4	replicate-1
np	1103	4	replicate-1
np	1104	4	replicate-1
np	1105	4	replicate-1
np	1106	4	replicate-1
np	1107	4	replicate-1
np	1108	4	replicate-1
np	1109	4	replicate-1
np	1110	4	replicate-1
np	1111	4	replicate-1
np	1112	4	replicate-1
np	1113	4	replicate-1
np	1114	4	replicate-1
np	1115	4	replicate-1
np	1116	4	replicate-1
np	1117	4	replicate-1
np	1118	4	replicate-1
np	1119	4	replicate-1
np	1120	4	replicate-1
np	1121	4	replicate-1
np	1122	5	replicate-1
np	1123	5	replicate-1
np	1124	5	replicate-1
np	1125	5	replicate-1
np	1126	5	replicate-1
np	1127	5	replicate-1
np	1128	5	replicate-1
np	1129	5	replicate-1
np	1130	5	replicate-1
np	1131	5	replicate-1
np	1132	5	replicate-1
np	1133	5	replicate-1
np	1134	5	replicate-1
np	1135	5	replicate-1
np	1136	5	replicate-1
np	1137	5	replicate-1
np	1138	5	replicate-1
np	1139	5	replicate-1
np	1140	5	replicate-1
np	1141	5	replicate-1
np	1142	5	replicate-1
np	1143	5	replicate-1
np	1144	5	replicate-1
np	1145	5	replicate-1
np	1146	5	replicate-1
np	1147	5	replicate-1
np	1148	5	replicate-1
np	1149	5	replicate-1
np	1150	5	replicate-1
np	1151	5	replicate-1
np	1152	5	replicate-1
np	1153	5	replicate-1
np	1154	5	replicate-1
np	1155	5	replicate-1
np	1156	5	replicate-1
np	1157	5	replicate-1
np	1158	5	replicate-1
np	1159	5	replicate-1
np	1160	5	replicate-1
np	1161	5	replicate-1
np	1162	5	replicate-1
np	1163	5	replicate-1
np	1164	5	replicate-1
np	1165	5	replicate-1
np	1166	5	replicate-1
np	1167	5	replicate-1
np	1168	7	replicate-1
np	1169	7	replicate-1
np	1170	7	replicate-1
np	1171	7	replicate-1
np	1172	7	replicate-1
np	1173	7	replicate-1
np	1174	7	replicate-1
np	1175	7	replicate-1
np	1176	7	replicate-1
np	1177	9	replicate-1
np	1178	9	replicate-1
np	1179	10	replicate-1
np	1180	11	replicate-1
np	1181	11	replicate-1
np	1182	10	replicate-1
np	1183	10	replicate-1
np	1184	10	replicate-1
np	1185	10	replicate-1
np	1186	11	replicate-1
np	1187	11	replicate-1
np	1188	11	replicate-1
np	1189	11	replicate-1
np	1190	11	replicate-1
np	1191	11	replicate-1
np	1192	13	replicate-1
np	1193	14	replicate-1
np	1194	14	replicate-1
np	1195	15	replicate-1
np	1196	14	replicate-1
np	1197	14	replicate-1
np	1198	14	replicate-1
np	1199	14	replicate-1
np	1200	14	replicate-1
np	1201	14	replicate-1
np	1202	17	replicate-1
np	1203	17	replicate-1
np	1204	17	replicate-1
np	1205	17	replicate-1
np	1206	17	replicate-1
np	1207	17	replicate-1
np	1208	17	replicate-1
np	1209	16	replicate-1
np	1210	16	replicate-1
np	1211	16	replicate-1
np	1212	16	replicate-1
np	1213	16	replicate-1
np	1214	16	replicate-1
np	1215	16	replicate-1
np	1216	16	replicate-1
np	1217	16	replicate-1
np	1218	16	replicate-1
np	1219	16	replicate-1
np	1220	16	replicate-1
np	1221	16	replicate-1
np	1222	17	replicate-1
np	1223	17	replicate-1
np	1224	18	replicate-1
np	1225	18	replicate-1
np	1226	18	replicate-1
np	1227	18	replicate-1
np	1228	18	replicate-1
np	1229	18	replicate-1
np	1230	18	replicate-1
np	1231	18	replicate-1
np	1232	18	replicate-1
np	1233	17	replicate-1
np	1234	21	replicate-1
np	1235	21	replicate-1
np	1236	21	replicate-1
np	1237	21	replicate-1
np	1238	21	replicate-1
np	1239	21	replicate-1
np	1240	21	replicate-1
np	1241	21	replicate-1
np	1242	21	replicate-1
np	1243	21	replicate-1
np	1244	21	replicate-1
np	1245	21	replicate-1
np	1246	21	replicate-1
np	1247	21	replicate-1
np	1248	21	replicate-1
np	1249	21	replicate-1
np	1250	21	replicate-1
np	1251	21	replicate-1
np	1252	21	replicate-1
np	1253	21	replicate-1
np	1254	20	replicate-1
np	1255	20	replicate-1
np	1256	20	replicate-1
np	1257	17	replicate-1
np	1258	17	replicate-1
np	1259	17	replicate-1
np	1260	17	replicate-1
np	1261	17	replicate-1
np	1262	17	replicate-1
np	1263	17	replicate-1
np	1264	15	replicate-1
np	1265	15	replicate-1
np	1266	12	replicate-1
np	1267	13	replicate-1
np	1268	13	replicate-1
np	1269	13	replicate-1
np	1270	13	replicate-1
np	1271	12	replicate-1
np	1272	12	replicate-1
np	1273	12	replicate-1
np	1274	12	replicate-1
np	1275	12	replicate-1
np	1276	12	replicate-1
np	1277	12	replicate-1
np	1278	9	replicate-1
np	1279	9	replicate-1
np	1280	9	replicate-1
np	1281	9	replicate-1
np	1282	9	replicate-1
np	1283	9	replicate-1
np	1284	9	replicate-1
np	1285	9	replicate-1
np	1286	9	replicate-1
np	1287	9	replicate-1
np	1288	9	replicate-1
np	1289	9	replicate-1
np	1290	9	replicate-1
np	1291	11	replicate-1
np	1292	11	replicate-1
np	1293	11	replicate-1
np	1294	11	replicate-1
np	1295	11	replicate-1
np	1296	10	replicate-1
np	1297	10	replicate-1
np	1298	10	replicate-1
np	1299	10	replicate-1
np	1300	10	replicate-1
np	1301	10	replicate-1
np	1302	10	replicate-1
np	1303	10	replicate-1
np	1304	10	replicate-1
np	1305	9	replicate-1
np	1306	9	replicate-1
np	1307	9	replicate-1
np	1308	9	replicate-1
np	1309	9	replicate-1
np	1310	8	replicate-1
np	1311	8	replicate-1
np	1312	7	replicate-1
np	1313	7	replicate-1
np	1314	5	replicate-1
np	1315	6	replicate-1
np	1316	7	replicate-1
np	1317	8	replicate-1
np	1318	8	replicate-1
np	1319	8	replicate-1
np	1320	7	replicate-1
np	1321	7	replicate-1
np	1322	7	replicate-1
np	1323	7	replicate-1
np	1324	6	replicate-1
np	1325	6	replicate-1
np	1326	6	replicate-1
np	1327	6	replicate-1
np	1328	6	replicate-1
np	1329	6	replicate-1
np	1330	6	replicate-1
np	1331	6	replicate-1
np	1332	6	replicate-1
np	1333	6	replicate-1
np	1334	6	replicate-1
np	1335	6	replicate-1
np	1336	6	replicate-1
np	1337	6	replicate-1
np	1338	6	replicate-1
np	1339	6	replicate-1
np	1340	6	replicate-1
np	1341	6	replicate-1
np	1342	8	replicate-1
np	1343	8	replicate-1
np	1344	8	replicate-1
np	1345	8	replicate-1
np	1346	8	replicate-1
np	1347	8	replicate-1
np	1348	9	replicate-1
np	1349	9	replicate-1
np	1350	9	replicate-1
np	1351	9	replicate-1
np	1352	9	replicate-1
np	1353	9	replicate-1
np	1354	9	replicate-1
np	1355	9	replicate-1
np	1356	9	replicate-1
np	1357	9	replicate-1
np	1358	9	replicate-1
np	1359	9	replicate-1
np	1360	11	replicate-1
np	1361	11	replicate-1
np	1362	11	replicate-1
np	1363	11	replicate-1
np	1364	11	replicate-1
np	1365	12	replicate-1
np	1366	12	replicate-1
np	1367	12	replicate-1
np	1368	11	replicate-1
np	1369	12	replicate-1
np	1370	12	replicate-1
np	1371	12	replicate-1
np	1372	12	replicate-1
np	1373	12	replicate-1
np	1374	12	replicate-1
np	1375	13	replicate-1
np	1376	13	replicate-1
np	1377	14	replicate-1
np	1378	14	replicate-1
np	1379	14	replicate-1
np	1380	14	replicate-1
np	1381	13	replicate-1
np	1382	12	replicate-1
np	1383	12	replicate-1
np	1384	14	replicate-1
np	1385	15	replicate-1
np	1386	15	replicate-1
np	1387	15	replicate-1
np	1388	15	replicate-1
np	1389	16	replicate-1
np	1390	17	replicate-1
np	1391	17	replicate-1
np	1392	17	replicate-1
np	1393	17	replicate-1
np	1394	17	replicate-1
np	1395	18	replicate-1
np	1396	18	replicate-1
np	1397	18	replicate-1
np	1398	18	replicate-1
np	1399	17	replicate-1
np	1400	17	replicate-1
np	1401	18	replicate-1
np	1402	18	replicate-1
np	1403	18	replicate-1
np	1404	18	replicate-1
np	1405	19	replicate-1
np	1406	20	replicate-1
np	1407	20	replicate-1
np	1408	22	replicate-1
np	1409	22	replicate-1
np	1410	22	replicate-1
np	1411	25	replicate-1
np	1412	25	replicate-1
np	1413	26	replicate-1
np	1414	26	replicate-1
np	1415	27	replicate-1
np	1416	28	replicate-1
np	1417	28	replicate-1
np	1418	28	replicate-1
np	1419	29	replicate-1
np	1420	30	replicate-1
np	1421	30	replicate-1
np	1422	30	replicate-1
np	1423	30	replicate-1
np	1424	29	replicate-1
np	1425	29	replicate-1
np	1426	29	replicate-1
np	1427	29	replicate-1
np	1428	29	replicate-1
np	1429	29	replicate-1
np	1430	30	replicate-1
np	1431	30	replicate-1
np	1432	30	replicate-1
np	1433	30	replicate-1
np	1434	33	replicate-1
np	1435	33	replicate-1
np	1436	34	replicate-1
np	1437	34	replicate-1
np	1438	35	replicate-1
np	1439	34	replicate-1
np	1440	34	replicate-1
np	1441	32	replicate-1
np	1442	32	replicate-1
np	1443	32	replicate-1
np	1444	33	replicate-1
np	1445	33	replicate-1
np	1446	33	replicate-1
np	1447	33	replicate-1
np	1448	33	replicate-1
np	1449	33	replicate-1
np	1450	33	replicate-1
np	1451	33	replicate-1
np	1452	33	replicate-1
np	1453	32	replicate-1
np	1454	31	replicate-1
np	1455	31	replicate-1
np	1456	31	replicate-1
np	1457	31	replicate-1
np	1458	31	replicate-1
np	1459	31	replicate-1
np	1460	31	replicate-1
np	1461	30	replicate-1
np	1462	29	replicate-1
np	1463	30	replicate-1
np	1464	30	replicate-1
np	1465	30	replicate-1
np	1466	29	replicate-1
np	1467	29	replicate-1
np	1468	30	replicate-1
np	1469	31	replicate-1
np	1470	31	replicate-1
np	1471	31	replicate-1
np	1472	31	replicate-1
np	1473	30	replicate-1
np	1474	31	replicate-1
np	1475	30	replicate-1
np	1476	31	replicate-1
np	1477	32	replicate-1
np	1478	34	replicate-1
np	1479	35	replicate-1
np	1480	36	replicate-1
np	1481	37	replicate-1
np	1482	37	replicate-1
np	1483	37	replicate-1
np	1484	37	replicate-1
np	1485	37	replicate-1
np	1486	36	replicate-1
np	1487	35	replicate-1
np	1488	34	replicate-1
np	1489	34	replicate-1
np	1490	33	replicate-1
np	1491	33	replicate-1
np	1492	32	replicate-1
np	1493	32	replicate-1
np	1494	32	replicate-1
np	1495	32	replicate-1
np	1496	32	replicate-1
np	1497	30	replicate-1
np	1498	30	replicate-1
np	1499	29	replicate-1
np	1500	28	replicate-1
np	1501	28	replicate-1
np	1502	28	replicate-1
np	1503	28	replicate-1
np	1504	28	replicate-1
np	1505	28	replicate-1
np	1506	28	replicate-1
np	1507	27	replicate-1
np	1508	28	replicate-1
np	1509	28	replicate-1
np	1510	27	replicate-1
np	1511	27	replicate-1
np	1512	27	replicate-1
np	1513	27	replicate-1
np	1514	27	replicate-1
np	1515	27	replicate-1
np	1516	27	replicate-1
np	1517	27	replicate-1
np	1518	27	replicate-1
np	1519	27	replicate-1
np	1520	27	replicate-1
np	1521	27	replicate-1
np	1522	27	replicate-1
np	1523	27	replicate-1
np	1524	25	replicate-1
np	1525	25	replicate-1
np	1526	25	replicate-1
np	1527	24	replicate-1
np	1528	24	replicate-1
np	1529	16	replicate-1
np	1530	16	replicate-1
np	1531	16	replicate-1
np	1532	16	replicate-1
np	1533	16	replicate-1
np	1534	15	replicate-1
np	1535	15	replicate-1
np	1536	14	replicate-1
np	1537	11	replicate-1
np	1538	11	replicate-1
np	1539	9	replicate-1
np	1540	9	replicate-1
np	1541	9	replicate-1
np	1542	9	replicate-1
np	1543	9	replicate-1
np	1544	9	replicate-1
np	1545	7	replicate-1
np	1546	7	replicate-1
np	1547	7	replicate-1
np	1548	7	replicate-1
np	1549	7	replicate-1
np	1550	6	replicate-1
np	1551	6	replicate-1
np	1552	6	replicate-1
np	1553	5	replicate-1
np	1554	5	replicate-1
np	1555	5	replicate-1
np	1556	4	replicate-1
np	1557	4	replicate-1
np	1558	4	replicate-1
np	1559	4	replicate-1
np	1560	4	replicate-1
np	1561	3	replicate-1
np	1562	3	replicate-1
np	1563	3	replicate-1
np	1564	3	replicate-1
np	1565	1	replicate-1
pb1	1	30	replicate-1
pb1	2	33	replicate-1
pb1	3	33	replicate-1
pb1	4	33	replicate-1
pb1	5	46	replicate-1
pb1	6	47	replicate-1
pb1	7	47	replicate-1
pb1	8	48	replicate-1
pb1	9	51	replicate-1
pb1	10	52	replicate-1
pb1	11	60	replicate-1
pb1	12	61	replicate-1
pb1	13	61	replicate-1
pb1	14	62	replicate-1
pb1	15	71	replicate-1
pb1	16	71	replicate-1
pb1	17	83	replicate-1
pb1	18	88	replicate-1
pb1	19	93	replicate-1
pb1	20	97	replicate-1
pb1	21	97	replicate-1
pb1	22	97	replicate-1
pb1	23	105	replicate-1
pb1	24	105	replicate-1
pb1	25	105	replicate-1
pb1	26	105	replicate-1
pb1	27	105	replicate-1
pb1	28	114	replicate-1
pb1	29	124	replicate-1
pb1	30	125	replicate-1
pb1	31	125	replicate-1
pb1	32	125	replicate-1
pb1	33	134	replicate-1
pb1	34	139	replicate-1
pb1	35	143	replicate-1
pb1	36	143	replicate-1
pb1	37	143	replicate-1
pb1	38	143	replicate-1
pb1	39	145	replicate-1
pb1	40	153	replicate-1
pb1	41	155	replicate-1
pb1	42	156	replicate-1
pb1	43	159	replicate-1
pb1	44	159	replicate-1
pb1	45	159	replicate-1
pb1	46	160	replicate-1
pb1	47	160	replicate-1
pb1	48	160	replicate-1
pb1	49	160	replicate-1
pb1	50	175	replicate-1
pb1	51	181	replicate-1
pb1	52	181	replicate-1
pb1	53	185	replicate-1
pb1	54	190	replicate-1
pb1	55	190	replicate-1
pb1	56	192	replicate-1
pb1	57	191	replicate-1
pb1	58	193	replicate-1
pb1	59	192	replicate-1
pb1	60	193	replicate-1
pb1	61	193	replicate-1
pb1	62	193	replicate-1
pb1	63	189	replicate-1
pb1	64	192	replicate-1
pb1	65	194	replicate-1
pb1	66	194	replicate-1
pb1	67	196	replicate-1
pb1	68	195	replicate-1
pb1	69	195	replicate-1
pb1	70	194	replicate-1
pb1	71	208	replicate-1
pb1	72	209	replicate-1
pb1	73	218	replicate-1
pb1	74	222	replicate-1
pb1	75	226	replicate-1
pb1	76	226	replicate-1
pb1	77	226	replicate-1
pb1	78	242	replicate-1
pb1	79	242	replicate-1
pb1	80	255	replicate-1
pb1	81	257	replicate-1
pb1	82	250	replicate-1
pb1	83	260	replicate-1
pb1	84	258	replicate-1
pb1	85	260	replicate-1
pb1	86	262	replicate-1
pb1	87	259	replicate-1
pb1	88	278	replicate-1
pb1	89	282	replicate-1
pb1	90	333	replicate-1
pb1	91	335	replicate-1
pb1	92	334	replicate-1
pb1	93	332	replicate-1
pb1	94	333	replicate-1
pb1	95	346	replicate-1
pb1	96	351	replicate-1
pb1	97	347	replicate-1
pb1	98	358	replicate-1
pb1	99	340	replicate-1
pb1	100	348	replicate-1
pb1	101	349	replicate-1
pb1	102	347	replicate-1
pb1	103	348	replicate-1
pb1	104	345	replicate-1
pb1	105	345	replicate-1
pb1	106	361	replicate-1
pb1	107	363	replicate-1
pb1	108	364	replicate-1
pb1	109	387	replicate-1
pb1	110	384	replicate-1
pb1	111	383	replicate-1
pb1	112	382	replicate-1
pb1	113	382	replicate-1
pb1	114	384	replicate-1
pb1	115	376	replicate-1
pb1	116	395	replicate-1
pb1	117	400	replicate-1
pb1	118	397	replicate-1
pb1	119	398	replicate-1
pb1	120	396	replicate-1
pb1	121	398	replicate-1
pb1	122	406	replicate-1
pb1	123	404	replicate-1
pb1	124	404	replicate-1
pb1	125	401	replicate-1
pb1	126	389	replicate-1
pb1	127	392	replicate-1
pb1	128	399	replicate-1
pb1	129	401	replicate-1
pb1	130	402	replicate-1
pb1	131	409	replicate-1
pb1	132	408	replicate-1
pb1	133	435	replicate-1
pb1	134	442	replicate-1
pb1	135	447	replicate-1
pb1	136	448	replicate-1
pb1	137	451	replicate-1
pb1	138	459	replicate-1
pb1	139	464	replicate-1
pb1	140	479	replicate-1
pb1	141	450	replicate-1
pb1	142	442	replicate-1
pb1	143	438	replicate-1
pb1	144	439	replicate-1
pb1	145	441	replicate-1
pb1	146	440	replicate-1
pb1	147	439	replicate-1
pb1	148	423	replicate-1
pb1	149	434	replicate-1
pb1	150	436	replicate-1
pb1	151	446	replicate-1
pb1	152	443	replicate-1
pb1	153	457	replicate-1
pb1	154	454	replicate-1
pb1	155	456	replicate-1
pb1	156	456	replicate-1
pb1	157	450	replicate-1
pb1	158	458	replicate-1
pb1	159	443	replicate-1
pb1	160	439	replicate-1
pb1	161	441	replicate-1
pb1	162	425	replicate-1
pb1	163	461	replicate-1
pb1	164	456	replicate-1
pb1	165	466	replicate-1
pb1	166	465	replicate-1
pb1	167	456	replicate-1
pb1	168	462	replicate-1
pb1	169	465	replicate-1
pb1	170	478	replicate-1
pb1	171	480	replicate-1
pb1	172	454	replicate-1
pb1	173	454	replicate-1
pb1	174	449	replicate-1
pb1	175	451	replicate-1
pb1	176	453	replicate-1
pb1	177	451	replicate-1
pb1	178	451	replicate-1
pb1	179	440	replicate-1
pb1	180	441	replicate-1
pb1	181	444	replicate-1
pb1	182	444	replicate-1
pb1	183	444	replicate-1
pb1	184	439	replicate-1
pb1	185	439	replicate-1
pb1	186	440	replicate-1
pb1	187	442	replicate-1
pb1	188	444	replicate-1
pb1	189	448	replicate-1
pb1	190	443	replicate-1
pb1	191	445	replicate-1
pb1	192	446	replicate-1
pb1	193	449	replicate-1
pb1	194	457	replicate-1
pb1	195	453	replicate-1
pb1	196	445	replicate-1
pb1	197	441	replicate-1
pb1	198	446	replicate-1
pb1	199	441	replicate-1
pb1	200	439	replicate-1
pb1	201	432	replicate-1
pb1	202	432	replicate-1
pb1	203	426	replicate-1
pb1	204	435	replicate-1
pb1	205	430	replicate-1
pb1	206	433	replicate-1
pb1	207	431	replicate-1
pb1	208	426	replicate-1
pb1	209	423	replicate-1
pb1	210	419	replicate-1
pb1	211	421	replicate-1
pb1	212	420	replicate-1
pb1	213	412	replicate-1
pb1	214	417	replicate-1
pb1	215	416	replicate-1
pb1	216	415	replicate-1
pb1	217	420	replicate-1
pb1	218	416	replicate-1
pb1	219	416	replicate-1
pb1	220	418	replicate-1
pb1	221	414	replicate-1
pb1	222	413	replicate-1
pb1	223	373	replicate-1
pb1	224	380	replicate-1
pb1	225	381	replicate-1
pb1	226	380	replicate-1
pb1	227	383	replicate-1
pb1	228	380	replicate-1
pb1	229	386	replicate-1
pb1	230	387	replicate-1
pb1	231	385	replicate-1
pb1	232	386	replicate-1
pb1	233	368	replicate-1
pb1	234	369	replicate-1
pb1	235	366	replicate-1
pb1	236	370	replicate-1
pb1	237	374	replicate-1
pb1	238	371	replicate-1
pb1	239	370	replicate-1
pb1	240	366	replicate-1
pb1	241	374	replicate-1
pb1	242	373	replicate-1
pb1	243	376	replicate-1
pb1	244	386	replicate-1
pb1	245	379	replicate-1
pb1	246	371	replicate-1
pb1	247	373	replicate-1
pb1	248	373	replicate-1
pb1	249	374	replicate-1
pb1	250	371	replicate-1
pb1	251	367	replicate-1
pb1	252	361	replicate-1
pb1	253	348	replicate-1
pb1	254	347	replicate-1
pb1	255	347	replicate-1
pb1	256	345	replicate-1
pb1	257	330	replicate-1
pb1	258	327	replicate-1
pb1	259	329	replicate-1
pb1	260	329	replicate-1
pb1	261	321	replicate-1
pb1	262	319	replicate-1
pb1	263	319	replicate-1
pb1	264	322	replicate-1
pb1	265	324	replicate-1
pb1	266	343	replicate-1
pb1	267	345	replicate-1
pb1	268	345	replicate-1
pb1	269	345	replicate-1
pb1	270	362	replicate-1
pb1	271	366	replicate-1
pb1	272	362	replicate-1
pb1	273	362	replicate-1
pb1	274	367	replicate-1
pb1	275	356	replicate-1
pb1	276	362	replicate-1
pb1	277	359	replicate-1
pb1	278	358	replicate-1
pb1	279	344	replicate-1
pb1	280	346	replicate-1
pb1	281	341	replicate-1
pb1	282	341	replicate-1
pb1	283	333	replicate-1
pb1	284	333	replicate-1
pb1	285	331	replicate-1
pb1	286	332	replicate-1
pb1	287	331	replicate-1
pb1	288	343	replicate-1
pb1	289	342	replicate-1
pb1	290	338	replicate-1
pb1	291	339	replicate-1
pb1	292	339	replicate-1
pb1	293	336	replicate-1
pb1	294	336	replicate-1
pb1	295	335	replicate-1
pb1	296	335	replicate-1
pb1	297	330	replicate-1
pb1	298	328	replicate-1
pb1	299	329	replicate-1
pb1	300	331	replicate-1
pb1	301	328	replicate-1
pb1	302	327	replicate-1
pb1	303	327	replicate-1
pb1	304	327	replicate-1
pb1	305	368	replicate-1
pb1	306	372	replicate-1
pb1	307	372	replicate-1
pb1	308	373	replicate-1
pb1	309	365	replicate-1
pb1	310	368	replicate-1
pb1	311	365	replicate-1
pb1	312	365	replicate-1
pb1	313	368	replicate-1
pb1	314	345	replicate-1
pb1	315	358	replicate-1
pb1	316	360	replicate-1
pb1	317	374	replicate-1
pb1	318	373	replicate-1
pb1	319	377	replicate-1
pb1	320	378	replicate-1
pb1	321	381	replicate-1
pb1	322	383	replicate-1
pb1	323	383	replicate-1
pb1	324	371	replicate-1
pb1	325	374	replicate-1
pb1	326	375	replicate-1
pb1	327	378	replicate-1
pb1	328	375	replicate-1
pb1	329	375	replicate-1
pb1	330	380	replicate-1
pb1	331	379	replicate-1
pb1	332	384	replicate-1
pb1	333	384	replicate-1
pb1	334	389	replicate-1
pb1	335	387	replicate-1
pb1	336	385	replicate-1
pb1	337	383	replicate-1
pb1	338	392	replicate-1
pb1	339	410	replicate-1
pb1	340	406	replicate-1
pb1	341	408	replicate-1
pb1	342	400	replicate-1
pb1	343	399	replicate-1
pb1	344	407	replicate-1
pb1	345	408	replicate-1
pb1	346	408	replicate-1
pb1	347	402	replicate-1
pb1	348	390	replicate-1
pb1	349	389	replicate-1
pb1	350	388	replicate-1
pb1	351	389	replicate-1
pb1	352	390	replicate-1
pb1	353	385	replicate-1
pb1	354	384	replicate-1
pb1	355	385	replicate-1
pb1	356	387	replicate-1
pb1	357	391	replicate-1
pb1	358	394	replicate-1
pb1	359	394	replicate-1
pb1	360	395	replicate-1
pb1	361	396	replicate-1
pb1	362	393	replicate-1
pb1	363	402	replicate-1
pb1	364	406	replicate-1
pb1	365	405	replicate-1
pb1	366	405	replicate-1
pb1	367	409	replicate-1
pb1	368	409	replicate-1
pb1	369	414	replicate-1
pb1	370	420	replicate-1
pb1	371	422	replicate-1
pb1	372	424	replicate-1
pb1	373	420	replicate-1
pb1	374	423	replicate-1
pb1	375	425	replicate-1
pb1	376	429	replicate-1
pb1	377	429	replicate-1
pb1	378	423	replicate-1
pb1	379	426	replicate-1
pb1	380	413	replicate-1
pb1	381	414	replicate-1
pb1	382	418	replicate-1
pb1	383	417	replicate-1
pb1	384	419	replicate-1
pb1	385	415	replicate-1
pb1	386	415	replicate-1
pb1	387	412	replicate-1
pb1	388	412	replicate-1
pb1	389	409	replicate-1
pb1	390	418	replicate-1
pb1	391	421	replicate-1
pb1	392	417	replicate-1
pb1	393	417	replicate-1
pb1	394	417	replicate-1
pb1	395	407	replicate-1
pb1	396	408	replicate-1
pb1	397	409	replicate-1
pb1	398	406	replicate-1
pb1	399	403	replicate-1
pb1	400	411	replicate-1
pb1	401	411	replicate-1
pb1	402	412	replicate-1
pb1	403	414	replicate-1
pb1	404	414	replicate-1
pb1	405	418	replicate-1
pb1	406	427	replicate-1
pb1	407	431	replicate-1
pb1	408	430	replicate-1
pb1	409	420	replicate-1
pb1	410	423	replicate-1
pb1	411	426	replicate-1
pb1	412	432	replicate-1
pb1	413	437	replicate-1
pb1	414	432	replicate-1
pb1	415	402	replicate-1
pb1	416	394	replicate-1
pb1	417	393	replicate-1
pb1	418	400	replicate-1
pb1	419	402	replicate-1
pb1	420	392	replicate-1
pb1	421	389	replicate-1
pb1	422	385	replicate-1
pb1	423	391	replicate-1
pb1	424	399	replicate-1
pb1	425	400	replicate-1
pb1	426	396	replicate-1
pb1	427	388	replicate-1
pb1	428	387	replicate-1
pb1	429	377	replicate-1
pb1	430	367	replicate-1
pb1	431	364	replicate-1
pb1	432	361	replicate-1
pb1	433	347	replicate-1
pb1	434	336	replicate-1
pb1	435	330	replicate-1
pb1	436	329	replicate-1
pb1	437	327	replicate-1
pb1	438	324	replicate-1
pb1	439	325	replicate-1
pb1	440	326	replicate-1
pb1	441	327	replicate-1
pb1	442	326	replicate-1
pb1	443	330	replicate-1
pb1	444	328	replicate-1
pb1	445	328	replicate-1
pb1	446	328	replicate-1
pb1	447	324	replicate-1
pb1	448	329	replicate-1
pb1	449	329	replicate-1
pb1	450	329	replicate-1
pb1	451	327	replicate-1
pb1	452	322	replicate-1
pb1	453	356	replicate-1
pb1	454	356	replicate-1
pb1	455	350	replicate-1
pb1	456	353	replicate-1
pb1	457	346	replicate-1
pb1	458	405	replicate-1
pb1	459	408	replicate-1
pb1	460	409	replicate-1
pb1	461	481	replicate-1
pb1	462	463	replicate-1
pb1	463	483	replicate-1
pb1	464	484	replicate-1
pb1	465	481	replicate-1
pb1	466	478	replicate-1
pb1	467	427	replicate-1
pb1	468	425	replicate-1
pb1	469	425	replicate-1
pb1	470	395	replicate-1
pb1	471	408	replicate-1
pb1	472	402	replicate-1
pb1	473	401	replicate-1
pb1	474	401	replicate-1
pb1	475	400	replicate-1
pb1	476	413	replicate-1
pb1	477	414	replicate-1
pb1	478	412	replicate-1
pb1	479	413	replicate-1
pb1	480	411	replicate-1
pb1	481	411	replicate-1
pb1	482	410	replicate-1
pb1	483	419	replicate-1
pb1	484	418	replicate-1
pb1	485	431	replicate-1
pb1	486	430	replicate-1
pb1	487	433	replicate-1
pb1	488	432	replicate-1
pb1	489	435	replicate-1
pb1	490	434	replicate-1
pb1	491	438	replicate-1
pb1	492	435	replicate-1
pb1	493	439	replicate-1
pb1	494	431	replicate-1
pb1	495	433	replicate-1
pb1	496	432	replicate-1
pb1	497	433	replicate-1
pb1	498	435	replicate-1
pb1	499	450	replicate-1
pb1	500	452	replicate-1
pb1	501	453	replicate-1
pb1	502	451	replicate-1
pb1	503	449	replicate-1
pb1	504	451	replicate-1
pb1	505	451	replicate-1
pb1	506	453	replicate-1
pb1	507	454	replicate-1
pb1	508	442	replicate-1
pb1	509	474	replicate-1
pb1	510	474	replicate-1
pb1	511	499	replicate-1
pb1	512	498	replicate-1
pb1	513	500	replicate-1
pb1	514	502	replicate-1
pb1	515	503	replicate-1
pb1	516	500	replicate-1
pb1	517	502	replicate-1
pb1	518	452	replicate-1
pb1	519	450	replicate-1
pb1	520	441	replicate-1
pb1	521	444	replicate-1
pb1	522	461	replicate-1
pb1	523	460	replicate-1
pb1	524	462	replicate-1
pb1	525	464	replicate-1
pb1	526	462	replicate-1
pb1	527	467	replicate-1
pb1	528	473	replicate-1
pb1	529	481	replicate-1
pb1	530	482	replicate-1
pb1	531	473	replicate-1
pb1	532	488	replicate-1
pb1	533	490	replicate-1
pb1	534	498	replicate-1
pb1	535	498	replicate-1
pb1	536	497	replicate-1
pb1	537	496	replicate-1
pb1	538	489	replicate-1
pb1	539	492	replicate-1
pb1	540	494	replicate-1
pb1	541	487	replicate-1
pb1	542	494	replicate-1
pb1	543	487	replicate-1
pb1	544	491	replicate-1
pb1	545	491	replicate-1
pb1	546	515	replicate-1
pb1	547	519	replicate-1
pb1	548	514	replicate-1
pb1	549	510	replicate-1
pb1	550	498	replicate-1
pb1	551	496	replicate-1
pb1	552	490	replicate-1
pb1	553	496	replicate-1
pb1	554	493	replicate-1
pb1	555	471	replicate-1
pb1	556	474	replicate-1
pb1	557	472	replicate-1
pb1	558	473	replicate-1
pb1	559	478	replicate-1
pb1	560	475	replicate-1
pb1	561	486	replicate-1
pb1	562	489	replicate-1
pb1	563	501	replicate-1
pb1	564	497	replicate-1
pb1	565	494	replicate-1
pb1	566	508	replicate-1
pb1	567	511	replicate-1
pb1	568	512	replicate-1
pb1	569	512	replicate-1
pb1	570	503	replicate-1
pb1	571	500	replicate-1
pb1	572	502	replicate-1
pb1	573	504	replicate-1
pb1	574	513	replicate-1
pb1	575	507	replicate-1
pb1	576	518	replicate-1
pb1	577	521	replicate-1
pb1	578	528	replicate-1
pb1	579	532	replicate-1
pb1	580	532	replicate-1
pb1	581	529	replicate-1
pb1	582	536	replicate-1
pb1	583	529	replicate-1
pb1	584	532	replicate-1
pb1	585	528	replicate-1
pb1	586	523	replicate-1
pb1	587	527	replicate-1
pb1	588	538	replicate-1
pb1	589	545	replicate-1
pb1	590	546	replicate-1
pb1	591	543	replicate-1
pb1	592	537	replicate-1
pb1	593	549	replicate-1
pb1	594	540	replicate-1
pb1	595	555	replicate-1
pb1	596	545	replicate-1
pb1	597	542	replicate-1
pb1	598	544	replicate-1
pb1	599	544	replicate-1
pb1	600	551	replicate-1
pb1	601	556	replicate-1
pb1	602	540	replicate-1
pb1	603	547	replicate-1
pb1	604	524	replicate-1
pb1	605	522	replicate-1
pb1	606	522	replicate-1
pb1	607	525	replicate-1
pb1	608	517	replicate-1
pb1	609	507	replicate-1
pb1	610	507	replicate-1
pb1	611	507	replicate-1
pb1	612	499	replicate-1
pb1	613	494	replicate-1
pb1	614	495	replicate-1
pb1	615	502	replicate-1
pb1	616	501	replicate-1
pb1	617	502	replicate-1
pb1	618	500	replicate-1
pb1	619	495	replicate-1
pb1	620	497	replicate-1
pb1	621	497	replicate-1
pb1	622	498	replicate-1
pb1	623	494	replicate-1
pb1	624	495	replicate-1
pb1	625	491	replicate-1
pb1	626	505	replicate-1
pb1	627	503	replicate-1
pb1	628	504	replicate-1
pb1	629	496	replicate-1
pb1	630	505	replicate-1
pb1	631	498	replicate-1
pb1	632	521	replicate-1
pb1	633	525	replicate-1
pb1	634	523	replicate-1
pb1	635	523	replicate-1
pb1	636	515	replicate-1
pb1	637	518	replicate-1
pb1	638	516	replicate-1
pb1	639	512	replicate-1
pb1	640	512	replicate-1
pb1	641	493	replicate-1
pb1	642	495	replicate-1
pb1	643	498	replicate-1
pb1	644	484	replicate-1
pb1	645	490	replicate-1
pb1	646	491	replicate-1
pb1	647	487	replicate-1
pb1	648	486	replicate-1
pb1	649	482	replicate-1
pb1	650	480	replicate-1
pb1	651	481	replicate-1
pb1	652	484	replicate-1
pb1	653	472	replicate-1
pb1	654	470	replicate-1
pb1	655	465	replicate-1
pb1	656	470	replicate-1
pb1	657	467	replicate-1
pb1	658	471	replicate-1
pb1	659	454	replicate-1
pb1	660	456	replicate-1
pb1	661	463	replicate-1
pb1	662	459	replicate-1
pb1	663	462	replicate-1
pb1	664	455	replicate-1
pb1	665	437	replicate-1
pb1	666	436	replicate-1
pb1	667	432	replicate-1
pb1	668	436	replicate-1
pb1	669	428	replicate-1
pb1	670	422	replicate-1
pb1	671	424	replicate-1
pb1	672	417	replicate-1
pb1	673	418	replicate-1
pb1	674	437	replicate-1
pb1	675	444	replicate-1
pb1	676	445	replicate-1
pb1	677	451	replicate-1
pb1	678	453	replicate-1
pb1	679	461	replicate-1
pb1	680	464	replicate-1
pb1	681	458	replicate-1
pb1	682	447	replicate-1
pb1	683	442	replicate-1
pb1	684	423	replicate-1
pb1	685	429	replicate-1
pb1	686	428	replicate-1
pb1	687	417	replicate-1
pb1	688	413	replicate-1
pb1	689	401	replicate-1
pb1	690	405	replicate-1
pb1	691	414	replicate-1
pb1	692	416	replicate-1
pb1	693	414	replicate-1
pb1	694	418	replicate-1
pb1	695	402	replicate-1
pb1	696	430	replicate-1
pb1	697	428	replicate-1
pb1	698	432	replicate-1
pb1	699	433	replicate-1
pb1	700	421	replicate-1
pb1	701	418	replicate-1
pb1	702	391	replicate-1
pb1	703	390	replicate-1
pb1	704	392	replicate-1
pb1	705	360	replicate-1
pb1	706	363	replicate-1
pb1	707	361	replicate-1
pb1	708	360	replicate-1
pb1	709	361	replicate-1
pb1	710	358	replicate-1
pb1	711	359	replicate-1
pb1	712	359	replicate-1
pb1	713	350	replicate-1
pb1	714	331	replicate-1
pb1	715	332	replicate-1
pb1	716	329	replicate-1
pb1	717	327	replicate-1
pb1	718	332	replicate-1
pb1	719	333	replicate-1
pb1	720	332	replicate-1
pb1	721	332	replicate-1
pb1	722	331	replicate-1
pb1	723	329	replicate-1
pb1	724	331	replicate-1
pb1	725	332	replicate-1
pb1	726	333	replicate-1
pb1	727	337	replicate-1
pb1	728	338	replicate-1
pb1	729	340	replicate-1
pb1	730	346	replicate-1
pb1	731	344	replicate-1
pb1	732	344	replicate-1
pb1	733	336	replicate-1
pb1	734	336	replicate-1
pb1	735	336	replicate-1
pb1	736	325	replicate-1
pb1	737	325	replicate-1
pb1	738	314	replicate-1
pb1	739	309	replicate-1
pb1	740	310	replicate-1
pb1	741	309	replicate-1
pb1	742	309	replicate-1
pb1	743	308	replicate-1
pb1	744	310	replicate-1
pb1	745	310	replicate-1
pb1	746	310	replicate-1
pb1	747	312	replicate-1
pb1	748	313	replicate-1
pb1	749	317	replicate-1
pb1	750	311	replicate-1
pb1	751	309	replicate-1
pb1	752	316	replicate-1
pb1	753	311	replicate-1
pb1	754	312	replicate-1
pb1	755	302	replicate-1
pb1	756	302	replicate-1
pb1	757	302	replicate-1
pb1	758	303	replicate-1
pb1	759	309	replicate-1
pb1	760	319	replicate-1
pb1	761	311	replicate-1
pb1	762	309	replicate-1
pb1	763	304	replicate-1
pb1	764	299	replicate-1
pb1	765	313	replicate-1
pb1	766	311	replicate-1
pb1	767	312	replicate-1
pb1	768	310	replicate-1
pb1	769	297	replicate-1
pb1	770	297	replicate-1
pb1	771	297	replicate-1
pb1	772	303	replicate-1
pb1	773	301	replicate-1
pb1	774	289	replicate-1
pb1	775	314	replicate-1
pb1	776	312	replicate-1
pb1	777	312	replicate-1
pb1	778	311	replicate-1
pb1	779	312	replicate-1
pb1	780	312	replicate-1
pb1	781	312	replicate-1
pb1	782	309	replicate-1
pb1	783	309	replicate-1
pb1	784	290	replicate-1
pb1	785	287	replicate-1
pb1	786	281	replicate-1
pb1	787	283	replicate-1
pb1	788	285	replicate-1
pb1	789	284	replicate-1
pb1	790	286	replicate-1
pb1	791	288	replicate-1
pb1	792	283	replicate-1
pb1	793	281	replicate-1
pb1	794	282	replicate-1
pb1	795	279	replicate-1
pb1	796	279	replicate-1
pb1	797	276	replicate-1
pb1	798	292	replicate-1
pb1	799	293	replicate-1
pb1	800	294	replicate-1
pb1	801	292	replicate-1
pb1	802	294	replicate-1
pb1	803	292	replicate-1
pb1	804	296	replicate-1
pb1	805	288	replicate-1
pb1	806	287	replicate-1
pb1	807	284	replicate-1
pb1	808	281	replicate-1
pb1	809	282	replicate-1
pb1	810	282	replicate-1
pb1	811	282	replicate-1
pb1	812	291	replicate-1
pb1	813	286	replicate-1
pb1	814	287	replicate-1
pb1	815	287	replicate-1
pb1	816	285	replicate-1
pb1	817	286	replicate-1
pb1	818	285	replicate-1
pb1	819	285	replicate-1
pb1	820	285	replicate-1
pb1	821	280	replicate-1
pb1	822	278	replicate-1
pb1	823	281	replicate-1
pb1	824	282	replicate-1
pb1	825	282	replicate-1
pb1	826	285	replicate-1
pb1	827	295	replicate-1
pb1	828	298	replicate-1
pb1	829	298	replicate-1
pb1	830	301	replicate-1
pb1	831	300	replicate-1
pb1	832	300	replicate-1
pb1	833	303	replicate-1
pb1	834	302	replicate-1
pb1	835	302	replicate-1
pb1	836	288	replicate-1
pb1	837	292	replicate-1
pb1	838	290	replicate-1
pb1	839	291	replicate-1
pb1	840	290	replicate-1
pb1	841	292	replicate-1
pb1	842	290	replicate-1
pb1	843	291	replicate-1
pb1	844	292	replicate-1
pb1	845	296	replicate-1
pb1	846	287	replicate-1
pb1	847	286	replicate-1
pb1	848	290	replicate-1
pb1	849	301	replicate-1
pb1	850	299	replicate-1
pb1	851	300	replicate-1
pb1	852	301	replicate-1
pb1	853	302	replicate-1
pb1	854	302	replicate-1
pb1	855	312	replicate-1
pb1	856	311	replicate-1
pb1	857	308	replicate-1
pb1	858	302	replicate-1
pb1	859	297	replicate-1
pb1	860	299	replicate-1
pb1	861	303	replicate-1
pb1	862	302	replicate-1
pb1	863	304	replicate-1
pb1	864	304	replicate-1
pb1	865	307	replicate-1
pb1	866	310	replicate-1
pb1	867	312	replicate-1
pb1	868	314	replicate-1
pb1	869	311	replicate-1
pb1	870	308	replicate-1
pb1	871	309	replicate-1
pb1	872	310	replicate-1
pb1	873	305	replicate-1
pb1	874	296	replicate-1
pb1	875	290	replicate-1
pb1	876	293	replicate-1
pb1	877	292	replicate-1
pb1	878	292	replicate-1
pb1	879	291	replicate-1
pb1	880	291	replicate-1
pb1	881	294	replicate-1
pb1	882	297	replicate-1
pb1	883	299	replicate-1
pb1	884	306	replicate-1
pb1	885	307	replicate-1
pb1	886	303	replicate-1
pb1	887	306	replicate-1
pb1	888	307	replicate-1
pb1	889	308	replicate-1
pb1	890	309	replicate-1
pb1	891	311	replicate-1
pb1	892	311	replicate-1
pb1	893	305	replicate-1
pb1	894	310	replicate-1
pb1	895	310	replicate-1
pb1	896	315	replicate-1
pb1	897	319	replicate-1
pb1	898	321	replicate-1
pb1	899	322	replicate-1
pb1	900	326	replicate-1
pb1	901	328	replicate-1
pb1	902	330	replicate-1
pb1	903	328	replicate-1
pb1	904	342	replicate-1
pb1	905	341	replicate-1
pb1	906	350	replicate-1
pb1	907	355	replicate-1
pb1	908	422	replicate-1
pb1	909	418	replicate-1
pb1	910	421	replicate-1
pb1	911	420	replicate-1
pb1	912	415	replicate-1
pb1	913	422	replicate-1
pb1	914	407	replicate-1
pb1	915	408	replicate-1
pb1	916	401	replicate-1
pb1	917	392	replicate-1
pb1	918	403	replicate-1
pb1	919	403	replicate-1
pb1	920	421	replicate-1
pb1	921	421	replicate-1
pb1	922	421	replicate-1
pb1	923	420	replicate-1
pb1	924	418	replicate-1
pb1	925	416	replicate-1
pb1	926	424	replicate-1
pb1	927	420	replicate-1
pb1	928	420	replicate-1
pb1	929	427	replicate-1
pb1	930	428	replicate-1
pb1	931	439	replicate-1
pb1	932	443	replicate-1
pb1	933	440	replicate-1
pb1	934	450	replicate-1
pb1	935	452	replicate-1
pb1	936	472	replicate-1
pb1	937	478	replicate-1
pb1	938	468	replicate-1
pb1	939	467	replicate-1
pb1	940	464	replicate-1
pb1	941	466	replicate-1
pb1	942	488	replicate-1
pb1	943	489	replicate-1
pb1	944	488	replicate-1
pb1	945	468	replicate-1
pb1	946	471	replicate-1
pb1	947	476	replicate-1
pb1	948	479	replicate-1
pb1	949	477	replicate-1
pb1	950	477	replicate-1
pb1	951	477	replicate-1
pb1	952	477	replicate-1
pb1	953	479	replicate-1
pb1	954	479	replicate-1
pb1	955	476	replicate-1
pb1	956	474	replicate-1
pb1	957	477	replicate-1
pb1	958	475	replicate-1
pb1	959	481	replicate-1
pb1	960	475	replicate-1
pb1	961	476	replicate-1
pb1	962	476	replicate-1
pb1	963	475	replicate-1
pb1	964	476	replicate-1
pb1	965	475	replicate-1
pb1	966	470	replicate-1
pb1	967	470	replicate-1
pb1	968	467	replicate-1
pb1	969	466	replicate-1
pb1	970	466	replicate-1
pb1	971	465	replicate-1
pb1	972	464	replicate-1
pb1	973	461	replicate-1
pb1	974	461	replicate-1
pb1	975	469	replicate-1
pb1	976	468	replicate-1
pb1	977	469	replicate-1
pb1	978	469	replicate-1
pb1	979	469	replicate-1
pb1	980	469	replicate-1
pb1	981	474	replicate-1
pb1	982	475	replicate-1
pb1	983	474	replicate-1
pb1	984	463	replicate-1
pb1	985	464	replicate-1
pb1	986	474	replicate-1
pb1	987	493	replicate-1
pb1	988	498	replicate-1
pb1	989	498	replicate-1
pb1	990	494	replicate-1
pb1	991	494	replicate-1
pb1	992	496	replicate-1
pb1	993	513	replicate-1
pb1	994	514	replicate-1
pb1	995	487	replicate-1
pb1	996	507	replicate-1
pb1	997	468	replicate-1
pb1	998	473	replicate-1
pb1	999	476	replicate-1
pb1	1000	482	replicate-1
pb1	1001	487	replicate-1
pb1	1002	476	replicate-1
pb1	1003	475	replicate-1
pb1	1004	474	replicate-1
pb1	1005	468	replicate-1
pb1	1006	467	replicate-1
pb1	1007	464	replicate-1
pb1	1008	464	replicate-1
pb1	1009	456	replicate-1
pb1	1010	453	replicate-1
pb1	1011	448	replicate-1
pb1	1012	452	replicate-1
pb1	1013	451	replicate-1
pb1	1014	442	replicate-1
pb1	1015	444	replicate-1
pb1	1016	444	replicate-1
pb1	1017	442	replicate-1
pb1	1018	441	replicate-1
pb1	1019	439	replicate-1
pb1	1020	466	replicate-1
pb1	1021	460	replicate-1
pb1	1022	466	replicate-1
pb1	1023	465	replicate-1
pb1	1024	466	replicate-1
pb1	1025	470	replicate-1
pb1	1026	467	replicate-1
pb1	1027	466	replicate-1
pb1	1028	454	replicate-1
pb1	1029	408	replicate-1
pb1	1030	433	replicate-1
pb1	1031	432	replicate-1
pb1	1032	435	replicate-1
pb1	1033	436	replicate-1
pb1	1034	430	replicate-1
pb1	1035	434	replicate-1
pb1	1036	432	replicate-1
pb1	1037	446	replicate-1
pb1	1038	445	replicate-1
pb1	1039	421	replicate-1
pb1	1040	419	replicate-1
pb1	1041	410	replicate-1
pb1	1042	413	replicate-1
pb1	1043	431	replicate-1
pb1	1044	435	replicate-1
pb1	1045	443	replicate-1
pb1	1046	450	replicate-1
pb1	1047	450	replicate-1
pb1	1048	458	replicate-1
pb1	1049	456	replicate-1
pb1	1050	453	replicate-1
pb1	1051	449	replicate-1
pb1	1052	427	replicate-1
pb1	1053	424	replicate-1
pb1	1054	402	replicate-1
pb1	1055	379	replicate-1
pb1	1056	380	replicate-1
pb1	1057	377	replicate-1
pb1	1058	376	replicate-1
pb1	1059	376	replicate-1
pb1	1060	376	replicate-1
pb1	1061	377	replicate-1
pb1	1062	378	replicate-1
pb1	1063	376	replicate-1
pb1	1064	378	replicate-1
pb1	1065	377	replicate-1
pb1	1066	385	replicate-1
pb1	1067	392	replicate-1
pb1	1068	394	replicate-1
pb1	1069	396	replicate-1
pb1	1070	395	replicate-1
pb1	1071	396	replicate-1
pb1	1072	399	replicate-1
pb1	1073	402	replicate-1
pb1	1074	405	replicate-1
pb1	1075	405	replicate-1
pb1	1076	406	replicate-1
pb1	1077	405	replicate-1
pb1	1078	411	replicate-1
pb1	1079	414	replicate-1
pb1	1080	413	replicate-1
pb1	1081	406	replicate-1
pb1	1082	403	replicate-1
pb1	1083	399	replicate-1
pb1	1084	410	replicate-1
pb1	1085	412	replicate-1
pb1	1086	422	replicate-1
pb1	1087	410	replicate-1
pb1	1088	411	replicate-1
pb1	1089	412	replicate-1
pb1	1090	413	replicate-1
pb1	1091	417	replicate-1
pb1	1092	421	replicate-1
pb1	1093	396	replicate-1
pb1	1094	399	replicate-1
pb1	1095	399	replicate-1
pb1	1096	401	replicate-1
pb1	1097	399	replicate-1
pb1	1098	393	replicate-1
pb1	1099	389	replicate-1
pb1	1100	388	replicate-1
pb1	1101	387	replicate-1
pb1	1102	388	replicate-1
pb1	1103	386	replicate-1
pb1	1104	384	replicate-1
pb1	1105	389	replicate-1
pb1	1106	396	replicate-1
pb1	1107	395	replicate-1
pb1	1108	393	replicate-1
pb1	1109	390	replicate-1
pb1	1110	392	replicate-1
pb1	1111	402	replicate-1
pb1	1112	400	replicate-1
pb1	1113	402	replicate-1
pb1	1114	391	replicate-1
pb1	1115	394	replicate-1
pb1	1116	393	replicate-1
pb1	1117	394	replicate-1
pb1	1118	394	replicate-1
pb1	1119	399	replicate-1
pb1	1120	388	replicate-1
pb1	1121	395	replicate-1
pb1	1122	393	replicate-1
pb1	1123	399	replicate-1
pb1	1124	400	replicate-1
pb1	1125	400	replicate-1
pb1	1126	394	replicate-1
pb1	1127	399	replicate-1
pb1	1128	400	replicate-1
pb1	1129	407	replicate-1
pb1	1130	396	replicate-1
pb1	1131	373	replicate-1
pb1	1132	377	replicate-1
pb1	1133	379	replicate-1
pb1	1134	378	replicate-1
pb1	1135	377	replicate-1
pb1	1136	375	replicate-1
pb1	1137	374	replicate-1
pb1	1138	368	replicate-1
pb1	1139	364	replicate-1
pb1	1140	368	replicate-1
pb1	1141	360	replicate-1
pb1	1142	353	replicate-1
pb1	1143	355	replicate-1
pb1	1144	355	replicate-1
pb1	1145	355	replicate-1
pb1	1146	355	replicate-1
pb1	1147	352	replicate-1
pb1	1148	349	replicate-1
pb1	1149	353	replicate-1
pb1	1150	349	replicate-1
pb1	1151	349	replicate-1
pb1	1152	343	replicate-1
pb1	1153	348	replicate-1
pb1	1154	358	replicate-1
pb1	1155	369	replicate-1
pb1	1156	368	replicate-1
pb1	1157	363	replicate-1
pb1	1158	355	replicate-1
pb1	1159	359	replicate-1
pb1	1160	358	replicate-1
pb1	1161	356	replicate-1
pb1	1162	351	replicate-1
pb1	1163	339	replicate-1
pb1	1164	345	replicate-1
pb1	1165	335	replicate-1
pb1	1166	336	replicate-1
pb1	1167	342	replicate-1
pb1	1168	333	replicate-1
pb1	1169	333	replicate-1
pb1	1170	335	replicate-1
pb1	1171	335	replicate-1
pb1	1172	333	replicate-1
pb1	1173	332	replicate-1
pb1	1174	333	replicate-1
pb1	1175	327	replicate-1
pb1	1176	325	replicate-1
pb1	1177	325	replicate-1
pb1	1178	326	replicate-1
pb1	1179	323	replicate-1
pb1	1180	321	replicate-1
pb1	1181	322	replicate-1
pb1	1182	321	replicate-1
pb1	1183	319	replicate-1
pb1	1184	317	replicate-1
pb1	1185	317	replicate-1
pb1	1186	310	replicate-1
pb1	1187	308	replicate-1
pb1	1188	309	replicate-1
pb1	1189	310	replicate-1
pb1	1190	313	replicate-1
pb1	1191	313	replicate-1
pb1	1192	313	replicate-1
pb1	1193	315	replicate-1
pb1	1194	312	replicate-1
pb1	1195	314	replicate-1
pb1	1196	323	replicate-1
pb1	1197	328	replicate-1
pb1	1198	329	replicate-1
pb1	1199	330	replicate-1
pb1	1200	329	replicate-1
pb1	1201	331	replicate-1
pb1	1202	332	replicate-1
pb1	1203	334	replicate-1
pb1	1204	331	replicate-1
pb1	1205	334	replicate-1
pb1	1206	334	replicate-1
pb1	1207	458	replicate-1
pb1	1208	468	replicate-1
pb1	1209	497	replicate-1
pb1	1210	505	replicate-1
pb1	1211	495	replicate-1
pb1	1212	502	replicate-1
pb1	1213	508	replicate-1
pb1	1214	506	replicate-1
pb1	1215	527	replicate-1
pb1	1216	524	replicate-1
pb1	1217	473	replicate-1
pb1	1218	473	replicate-1
pb1	1219	470	replicate-1
pb1	1220	478	replicate-1
pb1	1221	476	replicate-1
pb1	1222	473	replicate-1
pb1	1223	478	replicate-1
pb1	1224	477	replicate-1
pb1	1225	510	replicate-1
pb1	1226	513	replicate-1
pb1	1227	515	replicate-1
pb1	1228	516	replicate-1
pb1	1229	525	replicate-1
pb1	1230	526	replicate-1
pb1	1231	528	replicate-1
pb1	1232	525	replicate-1
pb1	1233	527	replicate-1
pb1	1234	510	replicate-1
pb1	1235	538	replicate-1
pb1	1236	537	replicate-1
pb1	1237	539	replicate-1
pb1	1238	538	replicate-1
pb1	1239	535	replicate-1
pb1	1240	537	replicate-1
pb1	1241	541	replicate-1
pb1	1242	539	replicate-1
pb1	1243	542	replicate-1
pb1	1244	533	replicate-1
pb1	1245	549	replicate-1
pb1	1246	581	replicate-1
pb1	1247	660	replicate-1
pb1	1248	685	replicate-1
pb1	1249	691	replicate-1
pb1	1250	693	replicate-1
pb1	1251	747	replicate-1
pb1	1252	1060	replicate-1
pb1	1253	1075	replicate-1
pb1	1254	1080	replicate-1
pb1	1255	1105	replicate-1
pb1	1256	1165	replicate-1
pb1	1257	1867	replicate-1
pb1	1258	1950	replicate-1
pb1	1259	2559	replicate-1
pb1	1260	2925	replicate-1
pb1	1261	2975	replicate-1
pb1	1262	3036	replicate-1
pb1	1263	3044	replicate-1
pb1	1264	3284	replicate-1
pb1	1265	3291	replicate-1
pb1	1266	3772	replicate-1
pb1	1267	3798	replicate-1
pb1	1268	3787	replicate-1
pb1	1269	4074	replicate-1
pb1	1270	4086	replicate-1
pb1	1271	4706	replicate-1
pb1	1272	4720	replicate-1
pb1	1273	4741	replicate-1
pb1	1274	4873	replicate-1
pb1	1275	4895	replicate-1
pb1	1276	6663	replicate-1
pb1	1277	6798	replicate-1
pb1	1278	6891	replicate-1
pb1	1279	6935	replicate-1
pb1	1280	6925	replicate-1
pb1	1281	6961	replicate-1
pb1	1282	6977	replicate-1
pb1	1283	7012	replicate-1
pb1	1284	7010	replicate-1
pb1	1285	7042	replicate-1
pb1	1286	7060	replicate-1
pb1	1287	7090	replicate-1
pb1	1288	7152	replicate-1
pb1	1289	7180	replicate-1
pb1	1290	7194	replicate-1
pb1	1291	7378	replicate-1
pb1	1292	7475	replicate-1
pb1	1293	7756	replicate-1
pb1	1294	7799	replicate-1
pb1	1295	7817	replicate-1
pb1	1296	7875	replicate-1
pb1	1297	7936	replicate-1
pb1	1298	8065	replicate-1
pb1	1299	8090	replicate-1
pb1	1300	8099	replicate-1
pb1	1301	8103	replicate-1
pb1	1302	8113	replicate-1
pb1	1303	8193	replicate-1
pb1	1304	8320	replicate-1
pb1	1305	8352	replicate-1
pb1	1306	8391	replicate-1
pb1	1307	8402	replicate-1
pb1	1308	8432	replicate-1
pb1	1309	8483	replicate-1
pb1	1310	8480	replicate-1
pb1	1311	8615	replicate-1
pb1	1312	8664	replicate-1
pb1	1313	8649	replicate-1
pb1	1314	8677	replicate-1
pb1	1315	8705	replicate-1
pb1	1316	8740	replicate-1
pb1	1317	8923	replicate-1
pb1	1318	8867	replicate-1
pb1	1319	8938	replicate-1
pb1	1320	8851	replicate-1
pb1	1321	8864	replicate-1
pb1	1322	8866	replicate-1
pb1	1323	8811	replicate-1
pb1	1324	9256	replicate-1
pb1	1325	9388	replicate-1
pb1	1326	9251	replicate-1
pb1	1327	9230	replicate-1
pb1	1328	9233	replicate-1
pb1	1329	9321	replicate-1
pb1	1330	9394	replicate-1
pb1	1331	9350	replicate-1
pb1	1332	9517	replicate-1
pb1	1333	9065	replicate-1
pb1	1334	9123	replicate-1
pb1	1335	9131	replicate-1
pb1	1336	9069	replicate-1
pb1	1337	9119	replicate-1
pb1	1338	9083	replicate-1
pb1	1339	9111	replicate-1
pb1	1340	9113	replicate-1
pb1	1341	8853	replicate-1
pb1	1342	8888	replicate-1
pb1	1343	8971	replicate-1
pb1	1344	8917	replicate-1
pb1	1345	9010	replicate-1
pb1	1346	8967	replicate-1
pb1	1347	8979	replicate-1
pb1	1348	9050	replicate-1
pb1	1349	9042	replicate-1
pb1	1350	9023	replicate-1
pb1	1351	8993	replicate-1
pb1	1352	8924	replicate-1
pb1	1353	8854	replicate-1
pb1	1354	8739	replicate-1
pb1	1355	8760	replicate-1
pb1	1356	8706	replicate-1
pb1	1357	8701	replicate-1
pb1	1358	8695	replicate-1
pb1	1359	8675	replicate-1
pb1	1360	8731	replicate-1
pb1	1361	8699	replicate-1
pb1	1362	8691	replicate-1
pb1	1363	8670	replicate-1
pb1	1364	8667	replicate-1
pb1	1365	8666	replicate-1
pb1	1366	8650	replicate-1
pb1	1367	8716	replicate-1
pb1	1368	8699	replicate-1
pb1	1369	8891	replicate-1
pb1	1370	8878	replicate-1
pb1	1371	9185	replicate-1
pb1	1372	9206	replicate-1
pb1	1373	9347	replicate-1
pb1	1374	9333	replicate-1
pb1	1375	9723	replicate-1
pb1	1376	9630	replicate-1
pb1	1377	9586	replicate-1
pb1	1378	9264	replicate-1
pb1	1379	9220	replicate-1
pb1	1380	8796	replicate-1
pb1	1381	8781	replicate-1
pb1	1382	8639	replicate-1
pb1	1383	8431	replicate-1
pb1	1384	8465	replicate-1
pb1	1385	8062	replicate-1
pb1	1386	8067	replicate-1
pb1	1387	8024	replicate-1
pb1	1388	8000	replicate-1
pb1	1389	8064	replicate-1
pb1	1390	8001	replicate-1
pb1	1391	7937	replicate-1
pb1	1392	7900	replicate-1
pb1	1393	7891	replicate-1
pb1	1394	7903	replicate-1
pb1	1395	7894	replicate-1
pb1	1396	7824	replicate-1
pb1	1397	7873	replicate-1
pb1	1398	7794	replicate-1
pb1	1399	7868	replicate-1
pb1	1400	7873	replicate-1
pb1	1401	7870	replicate-1
pb1	1402	7839	replicate-1
pb1	1403	7732	replicate-1
pb1	1404	7677	replicate-1
pb1	1405	7630	replicate-1
pb1	1406	7549	replicate-1
pb1	1407	7428	replicate-1
pb1	1408	7398	replicate-1
pb1	1409	7382	replicate-1
pb1	1410	7282	replicate-1
pb1	1411	7347	replicate-1
pb1	1412	7208	replicate-1
pb1	1413	7325	replicate-1
pb1	1414	7359	replicate-1
pb1	1415	7336	replicate-1
pb1	1416	7312	replicate-1
pb1	1417	7075	replicate-1
pb1	1418	7250	replicate-1
pb1	1419	7777	replicate-1
pb1	1420	7604	replicate-1
pb1	1421	7585	replicate-1
pb1	1422	7760	replicate-1
pb1	1423	7807	replicate-1
pb1	1424	7827	replicate-1
pb1	1425	7816	replicate-1
pb1	1426	7665	replicate-1
pb1	1427	7482	replicate-1
pb1	1428	6661	replicate-1
pb1	1429	6591	replicate-1
pb1	1430	6682	replicate-1
pb1	1431	6355	replicate-1
pb1	1432	6281	replicate-1
pb1	1433	6287	replicate-1
pb1	1434	6298	replicate-1
pb1	1435	6287	replicate-1
pb1	1436	6274	replicate-1
pb1	1437	6225	replicate-1
pb1	1438	6233	replicate-1
pb1	1439	6049	replicate-1
pb1	1440	6086	replicate-1
pb1	1441	6102	replicate-1
pb1	1442	6069	replicate-1
pb1	1443	6092	replicate-1
pb1	1444	6102	replicate-1
pb1	1445	6319	replicate-1
pb1	1446	6347	replicate-1
pb1	1447	6380	replicate-1
pb1	1448	6384	replicate-1
pb1	1449	6410	replicate-1
pb1	1450	6411	replicate-1
pb1	1451	6472	replicate-1
pb1	1452	6471	replicate-1
pb1	1453	6460	replicate-1
pb1	1454	5947	replicate-1
pb1	1455	5929	replicate-1
pb1	1456	5920	replicate-1
pb1	1457	5944	replicate-1
pb1	1458	5899	replicate-1
pb1	1459	5624	replicate-1
pb1	1460	5853	replicate-1
pb1	1461	5865	replicate-1
pb1	1462	5856	replicate-1
pb1	1463	5839	replicate-1
pb1	1464	5844	replicate-1
pb1	1465	5784	replicate-1
pb1	1466	5741	replicate-1
pb1	1467	5947	replicate-1
pb1	1468	5989	replicate-1
pb1	1469	6019	replicate-1
pb1	1470	6005	replicate-1
pb1	1471	6106	replicate-1
pb1	1472	6334	replicate-1
pb1	1473	6329	replicate-1
pb1	1474	6323	replicate-1
pb1	1475	6290	replicate-1
pb1	1476	6004	replicate-1
pb1	1477	5956	replicate-1
pb1	1478	5900	replicate-1
pb1	1479	5928	replicate-1
pb1	1480	5818	replicate-1
pb1	1481	5679	replicate-1
pb1	1482	5728	replicate-1
pb1	1483	5722	replicate-1
pb1	1484	5750	replicate-1
pb1	1485	5713	replicate-1
pb1	1486	5712	replicate-1
pb1	1487	5796	replicate-1
pb1	1488	5803	replicate-1
pb1	1489	5820	replicate-1
pb1	1490	5796	replicate-1
pb1	1491	5705	replicate-1
pb1	1492	5748	replicate-1
pb1	1493	5729	replicate-1
pb1	1494	5725	replicate-1
pb1	1495	5725	replicate-1
pb1	1496	5540	replicate-1
pb1	1497	5575	replicate-1
pb1	1498	5522	replicate-1
pb1	1499	5492	replicate-1
pb1	1500	5513	replicate-1
pb1	1501	5479	replicate-1
pb1	1502	5473	replicate-1
pb1	1503	5472	replicate-1
pb1	1504	5513	replicate-1
pb1	1505	5544	replicate-1
pb1	1506	5556	replicate-1
pb1	1507	5532	replicate-1
pb1	1508	5523	replicate-1
pb1	1509	5523	replicate-1
pb1	1510	5588	replicate-1
pb1	1511	5622	replicate-1
pb1	1512	5662	replicate-1
pb1	1513	5552	replicate-1
pb1	1514	5535	replicate-1
pb1	1515	5539	replicate-1
pb1	1516	5528	replicate-1
pb1	1517	5550	replicate-1
pb1	1518	5666	replicate-1
pb1	1519	5606	replicate-1
pb1	1520	5613	replicate-1
pb1	1521	5609	replicate-1
pb1	1522	5619	replicate-1
pb1	1523	5750	replicate-1
pb1	1524	5709	replicate-1
pb1	1525	5683	replicate-1
pb1	1526	5580	replicate-1
pb1	1527	5424	replicate-1
pb1	1528	5458	replicate-1
pb1	1529	5430	replicate-1
pb1	1530	5337	replicate-1
pb1	1531	5396	replicate-1
pb1	1532	5327	replicate-1
pb1	1533	5316	replicate-1
pb1	1534	5321	replicate-1
pb1	1535	5316	replicate-1
pb1	1536	5615	replicate-1
pb1	1537	5579	replicate-1
pb1	1538	5696	replicate-1
pb1	1539	5722	replicate-1
pb1	1540	5660	replicate-1
pb1	1541	5970	replicate-1
pb1	1542	5984	replicate-1
pb1	1543	5957	replicate-1
pb1	1544	5952	replicate-1
pb1	1545	5399	replicate-1
pb1	1546	5494	replicate-1
pb1	1547	5377	replicate-1
pb1	1548	5354	replicate-1
pb1	1549	5349	replicate-1
pb1	1550	5053	replicate-1
pb1	1551	5110	replicate-1
pb1	1552	5140	replicate-1
pb1	1553	5150	replicate-1
pb1	1554	5142	replicate-1
pb1	1555	5067	replicate-1
pb1	1556	5315	replicate-1
pb1	1557	5298	replicate-1
pb1	1558	5271	replicate-1
pb1	1559	5274	replicate-1
pb1	1560	5220	replicate-1
pb1	1561	5221	replicate-1
pb1	1562	5239	replicate-1
pb1	1563	5224	replicate-1
pb1	1564	5247	replicate-1
pb1	1565	5033	replicate-1
pb1	1566	5096	replicate-1
pb1	1567	5143	replicate-1
pb1	1568	5088	replicate-1
pb1	1569	5088	replicate-1
pb1	1570	5101	replicate-1
pb1	1571	5111	replicate-1
pb1	1572	5135	replicate-1
pb1	1573	5095	replicate-1
pb1	1574	5086	replicate-1
pb1	1575	5199	replicate-1
pb1	1576	5181	replicate-1
pb1	1577	5214	replicate-1
pb1	1578	5231	replicate-1
pb1	1579	5243	replicate-1
pb1	1580	5235	replicate-1
pb1	1581	5200	replicate-1
pb1	1582	5201	replicate-1
pb1	1583	5231	replicate-1
pb1	1584	5128	replicate-1
pb1	1585	5185	replicate-1
pb1	1586	5177	replicate-1
pb1	1587	5162	replicate-1
pb1	1588	5308	replicate-1
pb1	1589	5293	replicate-1
pb1	1590	5307	replicate-1
pb1	1591	5304	replicate-1
pb1	1592	5253	replicate-1
pb1	1593	5304	replicate-1
pb1	1594	5255	replicate-1
pb1	1595	5327	replicate-1
pb1	1596	5296	replicate-1
pb1	1597	5168	replicate-1
pb1	1598	5153	replicate-1
pb1	1599	5112	replicate-1
pb1	1600	5123	replicate-1
pb1	1601	5201	replicate-1
pb1	1602	5147	replicate-1
pb1	1603	5141	replicate-1
pb1	1604	5106	replicate-1
pb1	1605	5132	replicate-1
pb1	1606	5127	replicate-1
pb1	1607	5231	replicate-1
pb1	1608	5229	replicate-1
pb1	1609	5540	replicate-1
pb1	1610	5394	replicate-1
pb1	1611	5606	replicate-1
pb1	1612	5732	replicate-1
pb1	1613	5712	replicate-1
pb1	1614	5674	replicate-1
pb1	1615	5673	replicate-1
pb1	1616	5515	replicate-1
pb1	1617	5593	replicate-1
pb1	1618	5196	replicate-1
pb1	1619	5191	replicate-1
pb1	1620	5214	replicate-1
pb1	1621	4958	replicate-1
pb1	1622	5051	replicate-1
pb1	1623	5122	replicate-1
pb1	1624	5300	replicate-1
pb1	1625	5305	replicate-1
pb1	1626	5234	replicate-1
pb1	1627	5251	replicate-1
pb1	1628	5239	replicate-1
pb1	1629	5176	replicate-1
pb1	1630	5254	replicate-1
pb1	1631	5288	replicate-1
pb1	1632	5315	replicate-1
pb1	1633	5087	replicate-1
pb1	1634	5102	replicate-1
pb1	1635	5023	replicate-1
pb1	1636	5018	replicate-1
pb1	1637	5140	replicate-1
pb1	1638	5212	replicate-1
pb1	1639	5157	replicate-1
pb1	1640	5046	replicate-1
pb1	1641	5019	replicate-1
pb1	1642	5032	replicate-1
pb1	1643	5073	replicate-1
pb1	1644	5100	replicate-1
pb1	1645	5101	replicate-1
pb1	1646	4992	replicate-1
pb1	1647	4921	replicate-1
pb1	1648	4948	replicate-1
pb1	1649	4985	replicate-1
pb1	1650	4976	replicate-1
pb1	1651	4952	replicate-1
pb1	1652	4966	replicate-1
pb1	1653	4877	replicate-1
pb1	1654	4951	replicate-1
pb1	1655	4956	replicate-1
pb1	1656	4950	replicate-1
pb1	1657	5000	replicate-1
pb1	1658	5004	replicate-1
pb1	1659	5004	replicate-1
pb1	1660	5003	replicate-1
pb1	1661	4956	replicate-1
pb1	1662	4937	replicate-1
pb1	1663	4899	replicate-1
pb1	1664	4985	replicate-1
pb1	1665	4989	replicate-1
pb1	1666	5017	replicate-1
pb1	1667	5019	replicate-1
pb1	1668	5011	replicate-1
pb1	1669	5071	replicate-1
pb1	1670	5020	replicate-1
pb1	1671	5027	replicate-1
pb1	1672	5056	replicate-1
pb1	1673	4848	replicate-1
pb1	1674	5000	replicate-1
pb1	1675	4944	replicate-1
pb1	1676	4954	replicate-1
pb1	1677	5000	replicate-1
pb1	1678	4908	replicate-1
pb1	1679	4907	replicate-1
pb1	1680	4888	replicate-1
pb1	1681	4874	replicate-1
pb1	1682	4881	replicate-1
pb1	1683	4818	replicate-1
pb1	1684	5065	replicate-1
pb1	1685	5046	replicate-1
pb1	1686	5023	replicate-1
pb1	1687	4994	replicate-1
pb1	1688	5008	replicate-1
pb1	1689	5274	replicate-1
pb1	1690	5254	replicate-1
pb1	1691	5311	replicate-1
pb1	1692	5465	replicate-1
pb1	1693	5392	replicate-1
pb1	1694	5457	replicate-1
pb1	1695	5500	replicate-1
pb1	1696	5476	replicate-1
pb1	1697	5516	replicate-1
pb1	1698	5308	replicate-1
pb1	1699	5433	replicate-1
pb1	1700	5369	replicate-1
pb1	1701	5390	replicate-1
pb1	1702	5116	replicate-1
pb1	1703	5101	replicate-1
pb1	1704	5095	replicate-1
pb1	1705	5103	replicate-1
pb1	1706	5078	replicate-1
pb1	1707	5242	replicate-1
pb1	1708	5209	replicate-1
pb1	1709	5207	replicate-1
pb1	1710	5213	replicate-1
pb1	1711	5208	replicate-1
pb1	1712	5265	replicate-1
pb1	1713	5176	replicate-1
pb1	1714	5248	replicate-1
pb1	1715	5266	replicate-1
pb1	1716	5092	replicate-1
pb1	1717	5126	replicate-1
pb1	1718	5123	replicate-1
pb1	1719	5127	replicate-1
pb1	1720	5076	replicate-1
pb1	1721	5092	replicate-1
pb1	1722	5029	replicate-1
pb1	1723	5038	replicate-1
pb1	1724	4963	replicate-1
pb1	1725	5015	replicate-1
pb1	1726	5068	replicate-1
pb1	1727	5080	replicate-1
pb1	1728	5096	replicate-1
pb1	1729	5129	replicate-1
pb1	1730	5092	replicate-1
pb1	1731	5104	replicate-1
pb1	1732	5099	replicate-1
pb1	1733	5161	replicate-1
pb1	1734	5140	replicate-1
pb1	1735	5120	replicate-1
pb1	1736	5145	replicate-1
pb1	1737	5220	replicate-1
pb1	1738	5211	replicate-1
pb1	1739	5238	replicate-1
pb1	1740	5241	replicate-1
pb1	1741	5255	replicate-1
pb1	1742	5279	replicate-1
pb1	1743	5259	replicate-1
pb1	1744	5255	replicate-1
pb1	1745	5264	replicate-1
pb1	1746	5226	replicate-1
pb1	1747	5227	replicate-1
pb1	1748	5210	replicate-1
pb1	1749	5215	replicate-1
pb1	1750	5227	replicate-1
pb1	1751	5191	replicate-1
pb1	1752	5316	replicate-1
pb1	1753	5304	replicate-1
pb1	1754	5292	replicate-1
pb1	1755	5297	replicate-1
pb1	1756	5280	replicate-1
pb1	1757	5243	replicate-1
pb1	1758	5260	replicate-1
pb1	1759	5235	replicate-1
pb1	1760	5233	replicate-1
pb1	1761	5241	replicate-1
pb1	1762	5205	replicate-1
pb1	1763	5224	replicate-1
pb1	1764	5227	replicate-1
pb1	1765	5373	replicate-1
pb1	1766	5337	replicate-1
pb1	1767	5276	replicate-1
pb1	1768	5254	replicate-1
pb1	1769	5132	replicate-1
pb1	1770	5167	replicate-1
pb1	1771	5005	replicate-1
pb1	1772	5000	replicate-1
pb1	1773	4956	replicate-1
pb1	1774	4761	replicate-1
pb1	1775	4905	replicate-1
pb1	1776	4963	replicate-1
pb1	1777	4967	replicate-1
pb1	1778	5012	replicate-1
pb1	1779	4957	replicate-1
pb1	1780	4972	replicate-1
pb1	1781	4999	replicate-1
pb1	1782	5019	replicate-1
pb1	1783	5018	replicate-1
pb1	1784	4930	replicate-1
pb1	1785	4751	replicate-1
pb1	1786	4813	replicate-1
pb1	1787	4822	replicate-1
pb1	1788	4794	replicate-1
pb1	1789	4821	replicate-1
pb1	1790	4679	replicate-1
pb1	1791	4763	replicate-1
pb1	1792	4739	replicate-1
pb1	1793	4745	replicate-1
pb1	1794	4765	replicate-1
pb1	1795	4775	replicate-1
pb1	1796	4732	replicate-1
pb1	1797	4819	replicate-1
pb1	1798	4788	replicate-1
pb1	1799	4796	replicate-1
pb1	1800	4698	replicate-1
pb1	1801	4704	replicate-1
pb1	1802	4740	replicate-1
pb1	1803	4733	replicate-1
pb1	1804	4589	replicate-1
pb1	1805	4597	replicate-1
pb1	1806	4548	replicate-1
pb1	1807	4600	replicate-1
pb1	1808	4668	replicate-1
pb1	1809	4648	replicate-1
pb1	1810	4650	replicate-1
pb1	1811	4614	replicate-1
pb1	1812	4584	replicate-1
pb1	1813	4934	replicate-1
pb1	1814	4946	replicate-1
pb1	1815	4943	replicate-1
pb1	1816	5157	replicate-1
pb1	1817	4958	replicate-1
pb1	1818	5095	replicate-1
pb1	1819	5091	replicate-1
pb1	1820	5113	replicate-1
pb1	1821	5113	replicate-1
pb1	1822	4716	replicate-1
pb1	1823	4803	replicate-1
pb1	1824	4827	replicate-1
pb1	1825	4649	replicate-1
pb1	1826	4666	replicate-1
pb1	1827	4616	replicate-1
pb1	1828	4625	replicate-1
pb1	1829	4619	replicate-1
pb1	1830	4655	replicate-1
pb1	1831	4659	replicate-1
pb1	1832	4564	replicate-1
pb1	1833	4515	replicate-1
pb1	1834	4692	replicate-1
pb1	1835	4707	replicate-1
pb1	1836	4909	replicate-1
pb1	1837	4914	replicate-1
pb1	1838	4939	replicate-1
pb1	1839	4913	replicate-1
pb1	1840	4927	replicate-1
pb1	1841	5453	replicate-1
pb1	1842	5461	replicate-1
pb1	1843	5376	replicate-1
pb1	1844	5331	replicate-1
pb1	1845	5203	replicate-1
pb1	1846	5211	replicate-1
pb1	1847	5182	replicate-1
pb1	1848	5228	replicate-1
pb1	1849	5306	replicate-1
pb1	1850	4965	replicate-1
pb1	1851	5026	replicate-1
pb1	1852	5004	replicate-1
pb1	1853	5131	replicate-1
pb1	1854	5125	replicate-1
pb1	1855	5112	replicate-1
pb1	1856	5109	replicate-1
pb1	1857	5107	replicate-1
pb1	1858	5115	replicate-1
pb1	1859	5136	replicate-1
pb1	1860	5155	replicate-1
pb1	1861	5117	replicate-1
pb1	1862	5053	replicate-1
pb1	1863	5043	replicate-1
pb1	1864	5083	replicate-1
pb1	1865	5098	replicate-1
pb1	1866	5057	replicate-1
pb1	1867	5095	replicate-1
pb1	1868	5064	replicate-1
pb1	1869	5105	replicate-1
pb1	1870	5096	replicate-1
pb1	1871	5078	replicate-1
pb1	1872	5074	replicate-1
pb1	1873	5067	replicate-1
pb1	1874	5127	replicate-1
pb1	1875	5138	replicate-1
pb1	1876	5125	replicate-1
pb1	1877	5218	replicate-1
pb1	1878	5189	replicate-1
pb1	1879	5281	replicate-1
pb1	1880	5263	replicate-1
pb1	1881	5264	replicate-1
pb1	1882	5316	replicate-1
pb1	1883	5329	replicate-1
pb1	1884	5363	replicate-1
pb1	1885	5345	replicate-1
pb1	1886	5139	replicate-1
pb1	1887	5199	replicate-1
pb1	1888	5183	replicate-1
pb1	1889	5178	replicate-1
pb1	1890	5146	replicate-1
pb1	1891	5080	replicate-1
pb1	1892	5134	replicate-1
pb1	1893	5212	replicate-1
pb1	1894	5202	replicate-1
pb1	1895	5230	replicate-1
pb1	1896	5547	replicate-1
pb1	1897	5486	replicate-1
pb1	1898	5537	replicate-1
pb1	1899	5539	replicate-1
pb1	1900	5463	replicate-1
pb1	1901	5403	replicate-1
pb1	1902	5289	replicate-1
pb1	1903	5436	replicate-1
pb1	1904	5471	replicate-1
pb1	1905	5166	replicate-1
pb1	1906	5174	replicate-1
pb1	1907	5163	replicate-1
pb1	1908	5172	replicate-1
pb1	1909	5052	replicate-1
pb1	1910	5052	replicate-1
pb1	1911	5071	replicate-1
pb1	1912	4904	replicate-1
pb1	1913	4863	replicate-1
pb1	1914	4859	replicate-1
pb1	1915	4895	replicate-1
pb1	1916	4908	replicate-1
pb1	1917	4918	replicate-1
pb1	1918	4934	replicate-1
pb1	1919	4911	replicate-1
pb1	1920	4910	replicate-1
pb1	1921	4863	replicate-1
pb1	1922	5024	replicate-1
pb1	1923	5054	replicate-1
pb1	1924	5049	replicate-1
pb1	1925	5032	replicate-1
pb1	1926	5028	replicate-1
pb1	1927	5006	replicate-1
pb1	1928	5076	replicate-1
pb1	1929	5045	replicate-1
pb1	1930	5128	replicate-1
pb1	1931	4905	replicate-1
pb1	1932	4908	replicate-1
pb1	1933	4904	replicate-1
pb1	1934	4919	replicate-1
pb1	1935	4911	replicate-1
pb1	1936	4929	replicate-1
pb1	1937	4865	replicate-1
pb1	1938	4947	replicate-1
pb1	1939	4917	replicate-1
pb1	1940	4988	replicate-1
pb1	1941	4974	replicate-1
pb1	1942	5005	replicate-1
pb1	1943	5014	replicate-1
pb1	1944	5142	replicate-1
pb1	1945	5147	replicate-1
pb1	1946	5191	replicate-1
pb1	1947	5214	replicate-1
pb1	1948	5016	replicate-1
pb1	1949	5106	replicate-1
pb1	1950	5085	replicate-1
pb1	1951	5141	replicate-1
pb1	1952	5134	replicate-1
pb1	1953	4962	replicate-1
pb1	1954	5054	replicate-1
pb1	1955	5007	replicate-1
pb1	1956	5152	replicate-1
pb1	1957	5174	replicate-1
pb1	1958	5075	replicate-1
pb1	1959	5087	replicate-1
pb1	1960	5025	replicate-1
pb1	1961	5047	replicate-1
pb1	1962	5036	replicate-1
pb1	1963	4969	replicate-1
pb1	1964	4960	replicate-1
pb1	1965	4897	replicate-1
pb1	1966	4944	replicate-1
pb1	1967	4966	replicate-1
pb1	1968	4963	replicate-1
pb1	1969	4937	replicate-1
pb1	1970	4912	replicate-1
pb1	1971	4926	replicate-1
pb1	1972	4940	replicate-1
pb1	1973	5109	replicate-1
pb1	1974	5079	replicate-1
pb1	1975	5039	replicate-1
pb1	1976	5020	replicate-1
pb1	1977	5072	replicate-1
pb1	1978	5162	replicate-1
pb1	1979	5157	replicate-1
pb1	1980	5150	replicate-1
pb1	1981	5117	replicate-1
pb1	1982	4986	replicate-1
pb1	1983	4986	replicate-1
pb1	1984	4993	replicate-1
pb1	1985	5042	replicate-1
pb1	1986	4962	replicate-1
pb1	1987	4923	replicate-1
pb1	1988	4918	replicate-1
pb1	1989	4942	replicate-1
pb1	1990	5382	replicate-1
pb1	1991	5358	replicate-1
pb1	1992	5487	replicate-1
pb1	1993	5472	replicate-1
pb1	1994	5442	replicate-1
pb1	1995	5428	replicate-1
pb1	1996	5414	replicate-1
pb1	1997	5430	replicate-1
pb1	1998	5390	replicate-1
pb1	1999	5020	replicate-1
pb1	2000	5065	replicate-1
pb1	2001	4984	replicate-1
pb1	2002	5002	replicate-1
pb1	2003	4986	replicate-1
pb1	2004	4991	replicate-1
pb1	2005	5027	replicate-1
pb1	2006	5107	replicate-1
pb1	2007	5072	replicate-1
pb1	2008	5272	replicate-1
pb1	2009	5335	replicate-1
pb1	2010	5293	replicate-1
pb1	2011	5300	replicate-1
pb1	2012	5296	replicate-1
pb1	2013	5270	replicate-1
pb1	2014	5338	replicate-1
pb1	2015	5194	replicate-1
pb1	2016	5704	replicate-1
pb1	2017	5587	replicate-1
pb1	2018	5581	replicate-1
pb1	2019	5561	replicate-1
pb1	2020	5533	replicate-1
pb1	2021	5546	replicate-1
pb1	2022	5563	replicate-1
pb1	2023	5491	replicate-1
pb1	2024	5493	replicate-1
pb1	2025	5139	replicate-1
pb1	2026	5360	replicate-1
pb1	2027	5342	replicate-1
pb1	2028	5337	replicate-1
pb1	2029	5385	replicate-1
pb1	2030	5396	replicate-1
pb1	2031	5406	replicate-1
pb1	2032	5397	replicate-1
pb1	2033	5394	replicate-1
pb1	2034	5455	replicate-1
pb1	2035	5288	replicate-1
pb1	2036	5284	replicate-1
pb1	2037	5297	replicate-1
pb1	2038	5303	replicate-1
pb1	2039	5443	replicate-1
pb1	2040	5451	replicate-1
pb1	2041	5467	replicate-1
pb1	2042	5480	replicate-1
pb1	2043	5423	replicate-1
pb1	2044	5485	replicate-1
pb1	2045	5500	replicate-1
pb1	2046	5878	replicate-1
pb1	2047	6170	replicate-1
pb1	2048	6051	replicate-1
pb1	2049	6136	replicate-1
pb1	2050	6134	replicate-1
pb1	2051	6205	replicate-1
pb1	2052	6195	replicate-1
pb1	2053	6147	replicate-1
pb1	2054	6141	replicate-1
pb1	2055	5891	replicate-1
pb1	2056	5719	replicate-1
pb1	2057	5868	replicate-1
pb1	2058	5837	replicate-1
pb1	2059	5875	replicate-1
pb1	2060	5823	replicate-1
pb1	2061	5855	replicate-1
pb1	2062	5856	replicate-1
pb1	2063	5928	replicate-1
pb1	2064	5944	replicate-1
pb1	2065	5917	replicate-1
pb1	2066	5885	replicate-1
pb1	2067	5868	replicate-1
pb1	2068	5886	replicate-1
pb1	2069	5925	replicate-1
pb1	2070	5937	replicate-1
pb1	2071	5965	replicate-1
pb1	2072	5905	replicate-1
pb1	2073	5882	replicate-1
pb1	2074	5890	replicate-1
pb1	2075	5920	replicate-1
pb1	2076	5964	replicate-1
pb1	2077	5952	replicate-1
pb1	2078	5934	replicate-1
pb1	2079	5894	replicate-1
pb1	2080	5983	replicate-1
pb1	2081	5968	replicate-1
pb1	2082	5937	replicate-1
pb1	2083	5983	replicate-1
pb1	2084	5914	replicate-1
pb1	2085	5975	replicate-1
pb1	2086	5954	replicate-1
pb1	2087	5949	replicate-1
pb1	2088	5971	replicate-1
pb1	2089	5927	replicate-1
pb1	2090	5948	replicate-1
pb1	2091	5972	replicate-1
pb1	2092	5875	replicate-1
pb1	2093	5814	replicate-1
pb1	2094	5789	replicate-1
pb1	2095	5741	replicate-1
pb1	2096	5721	replicate-1
pb1	2097	5700	replicate-1
pb1	2098	5629	replicate-1
pb1	2099	5636	replicate-1
pb1	2100	5599	replicate-1
pb1	2101	5545	replicate-1
pb1	2102	5560	replicate-1
pb1	2103	5533	replicate-1
pb1	2104	5493	replicate-1
pb1	2105	5523	replicate-1
pb1	2106	5460	replicate-1
pb1	2107	5531	replicate-1
pb1	2108	5481	replicate-1
pb1	2109	5502	replicate-1
pb1	2110	5504	replicate-1
pb1	2111	5489	replicate-1
pb1	2112	5496	replicate-1
pb1	2113	5491	replicate-1
pb1	2114	5411	replicate-1
pb1	2115	5403	replicate-1
pb1	2116	5251	replicate-1
pb1	2117	5232	replicate-1
pb1	2118	5196	replicate-1
pb1	2119	5214	replicate-1
pb1	2120	5239	replicate-1
pb1	2121	5264	replicate-1
pb1	2122	5234	replicate-1
pb1	2123	5234	replicate-1
pb1	2124	5256	replicate-1
pb1	2125	5230	replicate-1
pb1	2126	5216	replicate-1
pb1	2127	5220	replicate-1
pb1	2128	5136	replicate-1
pb1	2129	5205	replicate-1
pb1	2130	5232	replicate-1
pb1	2131	5407	replicate-1
pb1	2132	5432	replicate-1
pb1	2133	5324	replicate-1
pb1	2134	5554	replicate-1
pb1	2135	5519	replicate-1
pb1	2136	5514	replicate-1
pb1	2137	5505	replicate-1
pb1	2138	5351	replicate-1
pb1	2139	5359	replicate-1
pb1	2140	4735	replicate-1
pb1	2141	4712	replicate-1
pb1	2142	4699	replicate-1
pb1	2143	4309	replicate-1
pb1	2144	4306	replicate-1
pb1	2145	4127	replicate-1
pb1	2146	4140	replicate-1
pb1	2147	4122	replicate-1
pb1	2148	4028	replicate-1
pb1	2149	4045	replicate-1
pb1	2150	4012	replicate-1
pb1	2151	4023	replicate-1
pb1	2152	4043	replicate-1
pb1	2153	4050	replicate-1
pb1	2154	4061	replicate-1
pb1	2155	4045	replicate-1
pb1	2156	3973	replicate-1
pb1	2157	3991	replicate-1
pb1	2158	3982	replicate-1
pb1	2159	3972	replicate-1
pb1	2160	3972	replicate-1
pb1	2161	3957	replicate-1
pb1	2162	4012	replicate-1
pb1	2163	4004	replicate-1
pb1	2164	4016	replicate-1
pb1	2165	4044	replicate-1
pb1	2166	4038	replicate-1
pb1	2167	4157	replicate-1
pb1	2168	4145	replicate-1
pb1	2169	4148	replicate-1
pb1	2170	4147	replicate-1
pb1	2171	4089	replicate-1
pb1	2172	4118	replicate-1
pb1	2173	4126	replicate-1
pb1	2174	4122	replicate-1
pb1	2175	4080	replicate-1
pb1	2176	3909	replicate-1
pb1	2177	3892	replicate-1
pb1	2178	3951	replicate-1
pb1	2179	4016	replicate-1
pb1	2180	3908	replicate-1
pb1	2181	4071	replicate-1
pb1	2182	4032	replicate-1
pb1	2183	4029	replicate-1
pb1	2184	4021	replicate-1
pb1	2185	3966	replicate-1
pb1	2186	3974	replicate-1
pb1	2187	3929	replicate-1
pb1	2188	3925	replicate-1
pb1	2189	3874	replicate-1
pb1	2190	3893	replicate-1
pb1	2191	3815	replicate-1
pb1	2192	3837	replicate-1
pb1	2193	3875	replicate-1
pb1	2194	3886	replicate-1
pb1	2195	3899	replicate-1
pb1	2196	3840	replicate-1
pb1	2197	3771	replicate-1
pb1	2198	3766	replicate-1
pb1	2199	3775	replicate-1
pb1	2200	3783	replicate-1
pb1	2201	3749	replicate-1
pb1	2202	3719	replicate-1
pb1	2203	3764	replicate-1
pb1	2204	3762	replicate-1
pb1	2205	3850	replicate-1
pb1	2206	3830	replicate-1
pb1	2207	3821	replicate-1
pb1	2208	3808	replicate-1
pb1	2209	3880	replicate-1
pb1	2210	3873	replicate-1
pb1	2211	3870	replicate-1
pb1	2212	3816	replicate-1
pb1	2213	3820	replicate-1
pb1	2214	3726	replicate-1
pb1	2215	3733	replicate-1
pb1	2216	3780	replicate-1
pb1	2217	3783	replicate-1
pb1	2218	3664	replicate-1
pb1	2219	3647	replicate-1
pb1	2220	3641	replicate-1
pb1	2221	3659	replicate-1
pb1	2222	3669	replicate-1
pb1	2223	3669	replicate-1
pb1	2224	3653	replicate-1
pb1	2225	3551	replicate-1
pb1	2226	3603	replicate-1
pb1	2227	3595	replicate-1
pb1	2228	3581	replicate-1
pb1	2229	3593	replicate-1
pb1	2230	3574	replicate-1
pb1	2231	3597	replicate-1
pb1	2232	3593	replicate-1
pb1	2233	3621	replicate-1
pb1	2234	3580	replicate-1
pb1	2235	3480	replicate-1
pb1	2236	3470	replicate-1
pb1	2237	3471	replicate-1
pb1	2238	3453	replicate-1
pb1	2239	3489	replicate-1
pb1	2240	3439	replicate-1
pb1	2241	3443	replicate-1
pb1	2242	3372	replicate-1
pb1	2243	3386	replicate-1
pb1	2244	3394	replicate-1
pb1	2245	3407	replicate-1
pb1	2246	3395	replicate-1
pb1	2247	3388	replicate-1
pb1	2248	3384	replicate-1
pb1	2249	3275	replicate-1
pb1	2250	3327	replicate-1
pb1	2251	3327	replicate-1
pb1	2252	3313	replicate-1
pb1	2253	3336	replicate-1
pb1	2254	3365	replicate-1
pb1	2255	3363	replicate-1
pb1	2256	3363	replicate-1
pb1	2257	3348	replicate-1
pb1	2258	3321	replicate-1
pb1	2259	3213	replicate-1
pb1	2260	3126	replicate-1
pb1	2261	3110	replicate-1
pb1	2262	3116	replicate-1
pb1	2263	3011	replicate-1
pb1	2264	3050	replicate-1
pb1	2265	3041	replicate-1
pb1	2266	3046	replicate-1
pb1	2267	3056	replicate-1
pb1	2268	2968	replicate-1
pb1	2269	2953	replicate-1
pb1	2270	3035	replicate-1
pb1	2271	2953	replicate-1
pb1	2272	2945	replicate-1
pb1	2273	2879	replicate-1
pb1	2274	2830	replicate-1
pb1	2275	2842	replicate-1
pb1	2276	2824	replicate-1
pb1	2277	2805	replicate-1
pb1	2278	2802	replicate-1
pb1	2279	2443	replicate-1
pb1	2280	2460	replicate-1
pb1	2281	2405	replicate-1
pb1	2282	2374	replicate-1
pb1	2283	2374	replicate-1
pb1	2284	2321	replicate-1
pb1	2285	2306	replicate-1
pb1	2286	2283	replicate-1
pb1	2287	2254	replicate-1
pb1	2288	2227	replicate-1
pb1	2289	2176	replicate-1
pb1	2290	2177	replicate-1
pb1	2291	2165	replicate-1
pb1	2292	2160	replicate-1
pb1	2293	2157	replicate-1
pb1	2294	2142	replicate-1
pb1	2295	2139	replicate-1
pb1	2296	2122	replicate-1
pb1	2297	2008	replicate-1
pb1	2298	2005	replicate-1
pb1	2299	1888	replicate-1
pb1	2300	1881	replicate-1
pb1	2301	1864	replicate-1
pb1	2302	1843	replicate-1
pb1	2303	1837	replicate-1
pb1	2304	1792	replicate-1
pb1	2305	1784	replicate-1
pb1	2306	1757	replicate-1
pb1	2307	1752	replicate-1
pb1	2308	1737	replicate-1
pb1	2309	1577	replicate-1
pb1	2310	1500	replicate-1
pb1	2311	1491	replicate-1
pb1	2312	1491	replicate-1
pb1	2313	1487	replicate-1
pb1	2314	1473	replicate-1
pb1	2315	1349	replicate-1
pb1	2316	1346	replicate-1
pb1	2317	1338	replicate-1
pb1	2318	1333	replicate-1
pb1	2319	1331	replicate-1
pb1	2320	1279	replicate-1
pb1	2321	1267	replicate-1
pb1	2322	1255	replicate-1
pb1	2323	1248	replicate-1
pb1	2324	1237	replicate-1
pb1	2325	1220	replicate-1
pb1	2326	1209	replicate-1
pb1	2327	1200	replicate-1
pb1	2328	1192	replicate-1
pb1	2329	1174	replicate-1
pb1	2330	1115	replicate-1
pb1	2331	1106	replicate-1
pb1	2332	1085	replicate-1
pb1	2333	1082	replicate-1
pb1	2334	1066	replicate-1
pb1	2335	1058	replicate-1
pb1	2336	1035	replicate-1
pb1	2337	941	replicate-1
pb1	2338	909	replicate-1
pb1	2339	898	replicate-1
pb1	2340	889	replicate-1
pb1	2341	381	replicate-1
