gene	pos	cvg
ns	1	2108
ns	2	2651
ns	3	2662
ns	4	2669
ns	5	2967
ns	6	2990
ns	7	3002
ns	8	3011
ns	9	3036
ns	10	3042
ns	11	3092
ns	12	3120
ns	13	3153
ns	14	3162
ns	15	3307
ns	16	3335
ns	17	3408
ns	18	3422
ns	19	3431
ns	20	3509
ns	21	3562
ns	22	3919
ns	23	4006
ns	24	4029
ns	25	4059
ns	26	4090
ns	27	4128
ns	28	4147
ns	29	4346
ns	30	4532
ns	31	4763
ns	32	6531
ns	33	6608
ns	34	6796
ns	35	6824
ns	36	6845
ns	37	6966
ns	38	6990
ns	39	7022
ns	40	7042
ns	41	7061
ns	42	7480
ns	43	7503
ns	44	7603
ns	45	7619
ns	46	7647
ns	47	7674
ns	48	7699
ns	49	7810
ns	50	7912
ns	51	7858
ns	52	7923
ns	53	7930
ns	54	8133
ns	55	8154
ns	56	8209
ns	57	8244
ns	58	8223
ns	59	8212
ns	60	8266
ns	61	8220
ns	62	8255
ns	63	8191
ns	64	8343
ns	65	8306
ns	66	8272
ns	67	8366
ns	68	8476
ns	69	8573
ns	70	8543
ns	71	8554
ns	72	8570
ns	73	8525
ns	74	8538
ns	75	8531
ns	76	8505
ns	77	8466
ns	78	8540
ns	79	8527
ns	80	8551
ns	81	8552
ns	82	8538
ns	83	8516
ns	84	8474
ns	85	8423
ns	86	8343
ns	87	8361
ns	88	8319
ns	89	8277
ns	90	8219
ns	91	8262
ns	92	8252
ns	93	8261
ns	94	8214
ns	95	8104
ns	96	8129
ns	97	8095
ns	98	8178
ns	99	8109
ns	100	8016
ns	101	7969
ns	102	8131
ns	103	8062
ns	104	7979
ns	105	7943
ns	106	7510
ns	107	7542
ns	108	7538
ns	109	7585
ns	110	7509
ns	111	7395
ns	112	7351
ns	113	7303
ns	114	7371
ns	115	7407
ns	116	7355
ns	117	7315
ns	118	7192
ns	119	7130
ns	120	7279
ns	121	7347
ns	122	7397
ns	123	7237
ns	124	7097
ns	125	7019
ns	126	6940
ns	127	6798
ns	128	6778
ns	129	6382
ns	130	6287
ns	131	6263
ns	132	6235
ns	133	6176
ns	134	6226
ns	135	6252
ns	136	6296
ns	137	6301
ns	138	6295
ns	139	6261
ns	140	6226
ns	141	6338
ns	142	6329
ns	143	6346
ns	144	6408
ns	145	6366
ns	146	6361
ns	147	6322
ns	148	6272
ns	149	6235
ns	150	6101
ns	151	6163
ns	152	6122
ns	153	6052
ns	154	6018
ns	155	6028
ns	156	5957
ns	157	6069
ns	158	6017
ns	159	6022
ns	160	5992
ns	161	5892
ns	162	5855
ns	163	5855
ns	164	5825
ns	165	5841
ns	166	5733
ns	167	5723
ns	168	5596
ns	169	5655
ns	170	5649
ns	171	5584
ns	172	5870
ns	173	5719
ns	174	5773
ns	175	5679
ns	176	5684
ns	177	5851
ns	178	5815
ns	179	5756
ns	180	5771
ns	181	5368
ns	182	5471
ns	183	5508
ns	184	5484
ns	185	5547
ns	186	5371
ns	187	5390
ns	188	5401
ns	189	5419
ns	190	5441
ns	191	5368
ns	192	5354
ns	193	5382
ns	194	5232
ns	195	5249
ns	196	5236
ns	197	5217
ns	198	5208
ns	199	5242
ns	200	5252
ns	201	5222
ns	202	5276
ns	203	5239
ns	204	5318
ns	205	5340
ns	206	5358
ns	207	5435
ns	208	5424
ns	209	5450
ns	210	5442
ns	211	5362
ns	212	5485
ns	213	5493
ns	214	5493
ns	215	5569
ns	216	5434
ns	217	5464
ns	218	5383
ns	219	5502
ns	220	5469
ns	221	5295
ns	222	5323
ns	223	5134
ns	224	5172
ns	225	5143
ns	226	5151
ns	227	5223
ns	228	5128
ns	229	5164
ns	230	5200
ns	231	5281
ns	232	5249
ns	233	5297
ns	234	5317
ns	235	5276
ns	236	5120
ns	237	5154
ns	238	5145
ns	239	5138
ns	240	5211
ns	241	5188
ns	242	5257
ns	243	5243
ns	244	5306
ns	245	5280
ns	246	5313
ns	247	5309
ns	248	5301
ns	249	5151
ns	250	5153
ns	251	5112
ns	252	5122
ns	253	5096
ns	254	5096
ns	255	5299
ns	256	5284
ns	257	5392
ns	258	5431
ns	259	5469
ns	260	5467
ns	261	5464
ns	262	5485
ns	263	5511
ns	264	5292
ns	265	5513
ns	266	5410
ns	267	5420
ns	268	5409
ns	269	5455
ns	270	5521
ns	271	5531
ns	272	5562
ns	273	5511
ns	274	5443
ns	275	5357
ns	276	5406
ns	277	5439
ns	278	5492
ns	279	5524
ns	280	5523
ns	281	5504
ns	282	5590
ns	283	5602
ns	284	5577
ns	285	5569
ns	286	5581
ns	287	5542
ns	288	5562
ns	289	5583
ns	290	5699
ns	291	5582
ns	292	5939
ns	293	6040
ns	294	6064
ns	295	6101
ns	296	6178
ns	297	6204
ns	298	6225
ns	299	6056
ns	300	6133
ns	301	5892
ns	302	5935
ns	303	5930
ns	304	5907
ns	305	5895
ns	306	5913
ns	307	6150
ns	308	6124
ns	309	6212
ns	310	6185
ns	311	6186
ns	312	6238
ns	313	6226
ns	314	6270
ns	315	6263
ns	316	5898
ns	317	5994
ns	318	5793
ns	319	5870
ns	320	6110
ns	321	6128
ns	322	6214
ns	323	6209
ns	324	6237
ns	325	6268
ns	326	6255
ns	327	6268
ns	328	6128
ns	329	6106
ns	330	5814
ns	331	6083
ns	332	6255
ns	333	6254
ns	334	6314
ns	335	6305
ns	336	6277
ns	337	6291
ns	338	6350
ns	339	6400
ns	340	6099
ns	341	5922
ns	342	5848
ns	343	5892
ns	344	5926
ns	345	5947
ns	346	5935
ns	347	5890
ns	348	5806
ns	349	5785
ns	350	5768
ns	351	5771
ns	352	5639
ns	353	5648
ns	354	5564
ns	355	5566
ns	356	5554
ns	357	5557
ns	358	5516
ns	359	5502
ns	360	5515
ns	361	5508
ns	362	5408
ns	363	5400
ns	364	5411
ns	365	5394
ns	366	5348
ns	367	5363
ns	368	5349
ns	369	5337
ns	370	5290
ns	371	5296
ns	372	5240
ns	373	5179
ns	374	5212
ns	375	5186
ns	376	5149
ns	377	5117
ns	378	5091
ns	379	5199
ns	380	5148
ns	381	5125
ns	382	5052
ns	383	4935
ns	384	4959
ns	385	4895
ns	386	4895
ns	387	4620
ns	388	4329
ns	389	4527
ns	390	4544
ns	391	4553
ns	392	4380
ns	393	4205
ns	394	4175
ns	395	4086
ns	396	4057
ns	397	3770
ns	398	3188
ns	399	3114
ns	400	3011
ns	401	3006
ns	402	2828
ns	403	2826
ns	404	2894
ns	405	2887
ns	406	2994
ns	407	2788
ns	408	2924
ns	409	2929
ns	410	2915
ns	411	2916
ns	412	2905
ns	413	2948
ns	414	2955
ns	415	2902
ns	416	2927
ns	417	2822
ns	418	2868
ns	419	2865
ns	420	2965
ns	421	2956
ns	422	2931
ns	423	2932
ns	424	2961
ns	425	3059
ns	426	3048
ns	427	3060
ns	428	3072
ns	429	3011
ns	430	3057
ns	431	3058
ns	432	3073
ns	433	3048
ns	434	3121
ns	435	3216
ns	436	3240
ns	437	3265
ns	438	3283
ns	439	3300
ns	440	3309
ns	441	3329
ns	442	3319
ns	443	3321
ns	444	3258
ns	445	3266
ns	446	3351
ns	447	3393
ns	448	3405
ns	449	3466
ns	450	3495
ns	451	3495
ns	452	3415
ns	453	3394
ns	454	4308
ns	455	4293
ns	456	4264
ns	457	4254
ns	458	4277
ns	459	4634
ns	460	4662
ns	461	4830
ns	462	4859
ns	463	4534
ns	464	5218
ns	465	5237
ns	466	5249
ns	467	5265
ns	468	5181
ns	469	5239
ns	470	5246
ns	471	5279
ns	472	5282
ns	473	5211
ns	474	5247
ns	475	5319
ns	476	5357
ns	477	5377
ns	478	5415
ns	479	5384
ns	480	5553
ns	481	5524
ns	482	5563
ns	483	5601
ns	484	5580
ns	485	5578
ns	486	5607
ns	487	5727
ns	488	5720
ns	489	5684
ns	490	5694
ns	491	5667
ns	492	5705
ns	493	5739
ns	494	5770
ns	495	5820
ns	496	5787
ns	497	5815
ns	498	5906
ns	499	5911
ns	500	5881
ns	501	5875
ns	502	5876
ns	503	5935
ns	504	5919
ns	505	5918
ns	506	5913
ns	507	5859
ns	508	5959
ns	509	5880
ns	510	6052
ns	511	6020
ns	512	6027
ns	513	5989
ns	514	6004
ns	515	6070
ns	516	6105
ns	517	6085
ns	518	6036
ns	519	6000
ns	520	6080
ns	521	6027
ns	522	6440
ns	523	6538
ns	524	6567
ns	525	6705
ns	526	6691
ns	527	6684
ns	528	6885
ns	529	6889
ns	530	7024
ns	531	6925
ns	532	7329
ns	533	7518
ns	534	7611
ns	535	8279
ns	536	8205
ns	537	8128
ns	538	8108
ns	539	7976
ns	540	7955
ns	541	7655
ns	542	7611
ns	543	7629
ns	544	7208
ns	545	7233
ns	546	7232
ns	547	7276
ns	548	7374
ns	549	7391
ns	550	7392
ns	551	7451
ns	552	7432
ns	553	7472
ns	554	7454
ns	555	7459
ns	556	7555
ns	557	7500
ns	558	7507
ns	559	7533
ns	560	7536
ns	561	7550
ns	562	7522
ns	563	7527
ns	564	7592
ns	565	7514
ns	566	7617
ns	567	7598
ns	568	7586
ns	569	7673
ns	570	7633
ns	571	7685
ns	572	7673
ns	573	7618
ns	574	7614
ns	575	7529
ns	576	7535
ns	577	7617
ns	578	7578
ns	579	7729
ns	580	7717
ns	581	7760
ns	582	7880
ns	583	7863
ns	584	7792
ns	585	7755
ns	586	7645
ns	587	7827
ns	588	7649
ns	589	7715
ns	590	8293
ns	591	8376
ns	592	8356
ns	593	8342
ns	594	8321
ns	595	8330
ns	596	8239
ns	597	7958
ns	598	8017
ns	599	7298
ns	600	7611
ns	601	7578
ns	602	7595
ns	603	7591
ns	604	7486
ns	605	7470
ns	606	7518
ns	607	7444
ns	608	7660
ns	609	7310
ns	610	7331
ns	611	7305
ns	612	7316
ns	613	7310
ns	614	7288
ns	615	7276
ns	616	7333
ns	617	7085
ns	618	7552
ns	619	7485
ns	620	7640
ns	621	7637
ns	622	7560
ns	623	7557
ns	624	7332
ns	625	7347
ns	626	7300
ns	627	6790
ns	628	6792
ns	629	6809
ns	630	6862
ns	631	6883
ns	632	6849
ns	633	6859
ns	634	6854
ns	635	6914
ns	636	6869
ns	637	6868
ns	638	6792
ns	639	6744
ns	640	6867
ns	641	6901
ns	642	6873
ns	643	7092
ns	644	7051
ns	645	7030
ns	646	7020
ns	647	6961
ns	648	6940
ns	649	6559
ns	650	6646
ns	651	6661
ns	652	6510
ns	653	6400
ns	654	6465
ns	655	6490
ns	656	6495
ns	657	6467
ns	658	6476
ns	659	6219
ns	660	6362
ns	661	6358
ns	662	6316
ns	663	6329
ns	664	6285
ns	665	6246
ns	666	6309
ns	667	6227
ns	668	6346
ns	669	6097
ns	670	6303
ns	671	6314
ns	672	6374
ns	673	6388
ns	674	6335
ns	675	6293
ns	676	6238
ns	677	6198
ns	678	6159
ns	679	5820
ns	680	5831
ns	681	5773
ns	682	5767
ns	683	5711
ns	684	5716
ns	685	5751
ns	686	5723
ns	687	5708
ns	688	5736
ns	689	5707
ns	690	5663
ns	691	5658
ns	692	5684
ns	693	5712
ns	694	5663
ns	695	5685
ns	696	5685
ns	697	5786
ns	698	5834
ns	699	5821
ns	700	5895
ns	701	5863
ns	702	5807
ns	703	5782
ns	704	5808
ns	705	5836
ns	706	5707
ns	707	5729
ns	708	5708
ns	709	5660
ns	710	5653
ns	711	5688
ns	712	5680
ns	713	5718
ns	714	5775
ns	715	5607
ns	716	5655
ns	717	5724
ns	718	5771
ns	719	5756
ns	720	5713
ns	721	5841
ns	722	5845
ns	723	5698
ns	724	5676
ns	725	5785
ns	726	5775
ns	727	5779
ns	728	5802
ns	729	5806
ns	730	5630
ns	731	5557
ns	732	5603
ns	733	5614
ns	734	5502
ns	735	5783
ns	736	5796
ns	737	5886
ns	738	5938
ns	739	5998
ns	740	6006
ns	741	5979
ns	742	6019
ns	743	6017
ns	744	5731
ns	745	5863
ns	746	5760
ns	747	5841
ns	748	5852
ns	749	5883
ns	750	5955
ns	751	5955
ns	752	5962
ns	753	5987
ns	754	5795
ns	755	6084
ns	756	6096
ns	757	6111
ns	758	6125
ns	759	6193
ns	760	6192
ns	761	6291
ns	762	6326
ns	763	6240
ns	764	5974
ns	765	5978
ns	766	6107
ns	767	6124
ns	768	5984
ns	769	5995
ns	770	5778
ns	771	5844
ns	772	5823
ns	773	5744
ns	774	5741
ns	775	5576
ns	776	5673
ns	777	5667
ns	778	5693
ns	779	5755
ns	780	5608
ns	781	5616
ns	782	5614
ns	783	5606
ns	784	5626
ns	785	5365
ns	786	5435
ns	787	5411
ns	788	5398
ns	789	5386
ns	790	5402
ns	791	5428
ns	792	5413
ns	793	5391
ns	794	5408
ns	795	5306
ns	796	5299
ns	797	5299
ns	798	5312
ns	799	5279
ns	800	5094
ns	801	5081
ns	802	5111
ns	803	5275
ns	804	5253
ns	805	5212
ns	806	5225
ns	807	5222
ns	808	5247
ns	809	5200
ns	810	5168
ns	811	5123
ns	812	4100
ns	813	4064
ns	814	4012
ns	815	3978
ns	816	4033
ns	817	3860
ns	818	3841
ns	819	3790
ns	820	3715
ns	821	3745
ns	822	3735
ns	823	3739
ns	824	3715
ns	825	3398
ns	826	3415
ns	827	3409
ns	828	3415
ns	829	3374
ns	830	2992
ns	831	2986
ns	832	2973
ns	833	2929
ns	834	2987
ns	835	2752
ns	836	2728
ns	837	2693
ns	838	2682
ns	839	2677
ns	840	2580
ns	841	2524
ns	842	2492
ns	843	2023
ns	844	2005
ns	845	1996
ns	846	1991
ns	847	1980
ns	848	1925
ns	849	1846
ns	850	1835
ns	851	1799
ns	852	1788
ns	853	1776
ns	854	1695
ns	855	1693
ns	856	1689
ns	857	1574
ns	858	1559
ns	859	1513
ns	860	1511
ns	861	1510
ns	862	1491
ns	863	1402
ns	864	1356
ns	865	1317
ns	866	1301
ns	867	1244
ns	868	1122
ns	869	1092
ns	870	1089
ns	871	1077
ns	872	1071
ns	873	1043
ns	874	1031
ns	875	1027
ns	876	931
ns	877	925
ns	878	899
ns	879	882
ns	880	854
ns	881	837
ns	882	834
ns	883	814
ns	884	807
ns	885	801
ns	886	636
ns	887	602
ns	888	580
ns	889	573
ns	890	110
na	1	941
na	2	1171
na	3	1185
na	4	1201
na	5	1314
na	6	1388
na	7	1397
na	8	1402
na	9	1416
na	10	1420
na	11	1425
na	12	1436
na	13	1449
na	14	1573
na	15	1588
na	16	1614
na	17	1637
na	18	1646
na	19	1705
na	20	1718
na	21	1723
na	22	1726
na	23	1740
na	24	1745
na	25	1778
na	26	1779
na	27	1783
na	28	1792
na	29	1800
na	30	1848
na	31	1858
na	32	1872
na	33	1878
na	34	1881
na	35	1915
na	36	1918
na	37	1959
na	38	2861
na	39	3013
na	40	3036
na	41	3053
na	42	3075
na	43	3113
na	44	3161
na	45	3189
na	46	3331
na	47	3342
na	48	3369
na	49	3382
na	50	3389
na	51	3453
na	52	3535
na	53	3552
na	54	3550
na	55	3542
na	56	3549
na	57	3568
na	58	3570
na	59	3636
na	60	3582
na	61	3676
na	62	3669
na	63	3674
na	64	3700
na	65	3711
na	66	3795
na	67	3779
na	68	3789
na	69	3786
na	70	3774
na	71	3776
na	72	4583
na	73	4748
na	74	4727
na	75	4717
na	76	4749
na	77	4748
na	78	4736
na	79	4741
na	80	5375
na	81	5350
na	82	5429
na	83	5277
na	84	5255
na	85	5200
na	86	5204
na	87	5293
na	88	5290
na	89	5335
na	90	5326
na	91	5298
na	92	5305
na	93	5313
na	94	5318
na	95	5330
na	96	5311
na	97	5344
na	98	5345
na	99	5365
na	100	5370
na	101	5365
na	102	5345
na	103	5355
na	104	5515
na	105	5516
na	106	5498
na	107	5511
na	108	5531
na	109	5736
na	110	5753
na	111	5718
na	112	6411
na	113	6347
na	114	6412
na	115	6396
na	116	6413
na	117	6405
na	118	6455
na	119	6502
na	120	6522
na	121	6229
na	122	6330
na	123	6302
na	124	6327
na	125	6316
na	126	6386
na	127	6336
na	128	6298
na	129	6324
na	130	6421
na	131	6456
na	132	6527
na	133	6523
na	134	6609
na	135	6707
na	136	6689
na	137	6687
na	138	6670
na	139	6709
na	140	6693
na	141	6709
na	142	6720
na	143	6708
na	144	6733
na	145	6656
na	146	6654
na	147	6598
na	148	6509
na	149	6513
na	150	6419
na	151	6357
na	152	6336
na	153	6190
na	154	6144
na	155	6186
na	156	6168
na	157	6160
na	158	6134
na	159	6197
na	160	6150
na	161	6130
na	162	6062
na	163	5857
na	164	5782
na	165	5752
na	166	5762
na	167	5813
na	168	5690
na	169	5757
na	170	5743
na	171	5769
na	172	5685
na	173	5673
na	174	5649
na	175	5720
na	176	5686
na	177	5843
na	178	5775
na	179	5814
na	180	5804
na	181	5799
na	182	5769
na	183	5793
na	184	5686
na	185	5613
na	186	5421
na	187	5424
na	188	5414
na	189	5397
na	190	5380
na	191	5462
na	192	5456
na	193	5408
na	194	5457
na	195	5374
na	196	5455
na	197	5444
na	198	5493
na	199	5430
na	200	5228
na	201	5208
na	202	5245
na	203	5170
na	204	5176
na	205	5020
na	206	5074
na	207	5106
na	208	5179
na	209	5186
na	210	5205
na	211	5136
na	212	5332
na	213	5328
na	214	5337
na	215	5235
na	216	5221
na	217	5117
na	218	5333
na	219	5314
na	220	5270
na	221	5140
na	222	5151
na	223	5460
na	224	5495
na	225	5411
na	226	5402
na	227	5469
na	228	5642
na	229	5705
na	230	5679
na	231	5471
na	232	5212
na	233	5215
na	234	5241
na	235	5276
na	236	5107
na	237	4968
na	238	5017
na	239	5084
na	240	5123
na	241	5143
na	242	5344
na	243	5388
na	244	5634
na	245	5700
na	246	5946
na	247	5951
na	248	5957
na	249	6063
na	250	6072
na	251	6107
na	252	6125
na	253	6087
na	254	6302
na	255	6391
na	256	6558
na	257	6550
na	258	6657
na	259	6680
na	260	6736
na	261	6780
na	262	6843
na	263	6740
na	264	6709
na	265	6782
na	266	6759
na	267	6789
na	268	6785
na	269	6804
na	270	6844
na	271	6837
na	272	6846
na	273	6909
na	274	6840
na	275	6872
na	276	6885
na	277	6875
na	278	6863
na	279	7017
na	280	7005
na	281	7037
na	282	7010
na	283	7080
na	284	7125
na	285	7246
na	286	7272
na	287	7217
na	288	7164
na	289	7218
na	290	7197
na	291	7221
na	292	7176
na	293	7194
na	294	7093
na	295	7198
na	296	7183
na	297	7180
na	298	7135
na	299	7069
na	300	7023
na	301	7028
na	302	7012
na	303	6893
na	304	6942
na	305	6896
na	306	6908
na	307	6901
na	308	6845
na	309	6794
na	310	6804
na	311	7014
na	312	7351
na	313	7301
na	314	7221
na	315	7550
na	316	7536
na	317	7569
na	318	7515
na	319	7413
na	320	7469
na	321	6635
na	322	6658
na	323	6629
na	324	6355
na	325	6312
na	326	6470
na	327	6505
na	328	6475
na	329	6434
na	330	6309
na	331	6386
na	332	6401
na	333	6755
na	334	7162
na	335	6924
na	336	6815
na	337	6824
na	338	6756
na	339	6764
na	340	6725
na	341	6724
na	342	6437
na	343	5984
na	344	5942
na	345	5982
na	346	6230
na	347	6323
na	348	6342
na	349	6330
na	350	6293
na	351	6278
na	352	6313
na	353	6315
na	354	6411
na	355	6411
na	356	6140
na	357	6195
na	358	6297
na	359	6299
na	360	6481
na	361	6475
na	362	6482
na	363	6420
na	364	6403
na	365	6443
na	366	6456
na	367	6433
na	368	6467
na	369	6341
na	370	6451
na	371	6468
na	372	6407
na	373	6402
na	374	6334
na	375	6339
na	376	6258
na	377	6349
na	378	6371
na	379	6319
na	380	6311
na	381	6329
na	382	6346
na	383	6429
na	384	6458
na	385	6472
na	386	6402
na	387	6454
na	388	6478
na	389	6461
na	390	6459
na	391	6485
na	392	6490
na	393	6450
na	394	6489
na	395	6483
na	396	6745
na	397	6688
na	398	6734
na	399	6716
na	400	6706
na	401	6627
na	402	6639
na	403	6503
na	404	6447
na	405	6061
na	406	6035
na	407	5998
na	408	5897
na	409	5906
na	410	5886
na	411	5827
na	412	5860
na	413	5721
na	414	5661
na	415	5651
na	416	5639
na	417	5649
na	418	5686
na	419	5725
na	420	5748
na	421	5627
na	422	5660
na	423	5629
na	424	5730
na	425	5688
na	426	5713
na	427	5644
na	428	5640
na	429	5655
na	430	5683
na	431	5654
na	432	5685
na	433	5625
na	434	5560
na	435	5586
na	436	5561
na	437	5826
na	438	5822
na	439	5770
na	440	5759
na	441	5617
na	442	5616
na	443	5585
na	444	5447
na	445	5399
na	446	5015
na	447	4979
na	448	4954
na	449	5058
na	450	5065
na	451	4941
na	452	5109
na	453	5083
na	454	5151
na	455	5146
na	456	5117
na	457	5100
na	458	4881
na	459	4819
na	460	4772
na	461	4602
na	462	4570
na	463	4599
na	464	4496
na	465	4866
na	466	4853
na	467	4869
na	468	4858
na	469	4844
na	470	4855
na	471	4870
na	472	4815
na	473	4832
na	474	4433
na	475	4437
na	476	4420
na	477	4423
na	478	4435
na	479	4760
na	480	4771
na	481	4733
na	482	4864
na	483	4889
na	484	5002
na	485	5004
na	486	4980
na	487	4992
na	488	4269
na	489	4310
na	490	4312
na	491	4155
na	492	4223
na	493	4141
na	494	4154
na	495	4155
na	496	4149
na	497	4187
na	498	4092
na	499	4111
na	500	4124
na	501	4019
na	502	4093
na	503	4098
na	504	4091
na	505	4119
na	506	4068
na	507	4168
na	508	4136
na	509	4156
na	510	4261
na	511	4250
na	512	4219
na	513	4283
na	514	4253
na	515	4238
na	516	4279
na	517	4277
na	518	4285
na	519	4313
na	520	4287
na	521	4285
na	522	4520
na	523	4514
na	524	4461
na	525	4531
na	526	4311
na	527	4386
na	528	4344
na	529	4355
na	530	4401
na	531	4216
na	532	4339
na	533	4340
na	534	4319
na	535	4325
na	536	4265
na	537	4314
na	538	4391
na	539	4477
na	540	4443
na	541	4452
na	542	4507
na	543	4580
na	544	4614
na	545	4681
na	546	4644
na	547	4723
na	548	4641
na	549	4720
na	550	4718
na	551	4768
na	552	4806
na	553	4780
na	554	4743
na	555	4839
na	556	4874
na	557	4980
na	558	4939
na	559	5018
na	560	5007
na	561	5047
na	562	5047
na	563	5028
na	564	5014
na	565	5056
na	566	4984
na	567	5030
na	568	5035
na	569	5017
na	570	5051
na	571	5142
na	572	5142
na	573	5170
na	574	5113
na	575	5104
na	576	5101
na	577	5046
na	578	5051
na	579	5056
na	580	5088
na	581	5105
na	582	5063
na	583	5073
na	584	5097
na	585	5046
na	586	5071
na	587	5050
na	588	5085
na	589	5127
na	590	5163
na	591	5160
na	592	5209
na	593	5325
na	594	5288
na	595	5306
na	596	5212
na	597	5171
na	598	5155
na	599	5133
na	600	5140
na	601	5156
na	602	5156
na	603	5149
na	604	5082
na	605	5092
na	606	5078
na	607	5076
na	608	4991
na	609	5016
na	610	5004
na	611	4980
na	612	4958
na	613	4902
na	614	4864
na	615	4908
na	616	4890
na	617	4936
na	618	4788
na	619	4749
na	620	4731
na	621	4719
na	622	4729
na	623	4692
na	624	4622
na	625	4614
na	626	4288
na	627	4327
na	628	4312
na	629	4332
na	630	4365
na	631	4364
na	632	4300
na	633	4369
na	634	4359
na	635	4353
na	636	4382
na	637	4310
na	638	4316
na	639	4204
na	640	4160
na	641	4171
na	642	3907
na	643	3851
na	644	3873
na	645	3636
na	646	3632
na	647	3514
na	648	3512
na	649	3597
na	650	3591
na	651	3566
na	652	3594
na	653	3502
na	654	3568
na	655	3586
na	656	3624
na	657	3568
na	658	3538
na	659	3279
na	660	3309
na	661	3162
na	662	3169
na	663	3095
na	664	3719
na	665	3622
na	666	3776
na	667	3736
na	668	3745
na	669	3731
na	670	3693
na	671	3800
na	672	3757
na	673	3686
na	674	3302
na	675	3270
na	676	3309
na	677	3345
na	678	3345
na	679	3358
na	680	3356
na	681	3366
na	682	3701
na	683	3747
na	684	3790
na	685	3887
na	686	3908
na	687	4061
na	688	4059
na	689	4168
na	690	4187
na	691	4057
na	692	4089
na	693	4034
na	694	4148
na	695	4107
na	696	4212
na	697	4261
na	698	4219
na	699	4246
na	700	4241
na	701	4244
na	702	4282
na	703	4257
na	704	4417
na	705	4339
na	706	4363
na	707	4363
na	708	4459
na	709	4456
na	710	4450
na	711	4425
na	712	4421
na	713	4365
na	714	4370
na	715	4361
na	716	4348
na	717	4294
na	718	4445
na	719	4634
na	720	4635
na	721	4638
na	722	4635
na	723	4600
na	724	4592
na	725	4592
na	726	4634
na	727	4702
na	728	4507
na	729	4527
na	730	4554
na	731	4550
na	732	4599
na	733	4643
na	734	4661
na	735	4638
na	736	4596
na	737	4609
na	738	4711
na	739	4758
na	740	4759
na	741	4754
na	742	4690
na	743	4653
na	744	4639
na	745	4611
na	746	4643
na	747	4521
na	748	4735
na	749	4662
na	750	4648
na	751	4630
na	752	4617
na	753	4642
na	754	4628
na	755	4614
na	756	4602
na	757	4289
na	758	4387
na	759	4389
na	760	4579
na	761	4564
na	762	4532
na	763	4501
na	764	4463
na	765	4515
na	766	4525
na	767	4419
na	768	4361
na	769	4171
na	770	4177
na	771	4222
na	772	4222
na	773	4190
na	774	4072
na	775	4100
na	776	4105
na	777	4076
na	778	4089
na	779	4090
na	780	3923
na	781	3910
na	782	3888
na	783	3882
na	784	3852
na	785	3876
na	786	3894
na	787	3921
na	788	3940
na	789	3914
na	790	3976
na	791	3940
na	792	3920
na	793	3892
na	794	3835
na	795	3912
na	796	3894
na	797	3860
na	798	3846
na	799	3800
na	800	3857
na	801	3829
na	802	3805
na	803	3751
na	804	3706
na	805	3663
na	806	3660
na	807	3689
na	808	3666
na	809	3572
na	810	3580
na	811	3584
na	812	3622
na	813	3603
na	814	3639
na	815	3556
na	816	3486
na	817	3481
na	818	3403
na	819	3444
na	820	3439
na	821	3438
na	822	3483
na	823	3429
na	824	3434
na	825	3438
na	826	3416
na	827	3438
na	828	3356
na	829	3322
na	830	3299
na	831	3261
na	832	3364
na	833	3333
na	834	3377
na	835	3368
na	836	3351
na	837	3634
na	838	3628
na	839	3649
na	840	3644
na	841	3531
na	842	3646
na	843	3639
na	844	3913
na	845	4149
na	846	4059
na	847	4084
na	848	4071
na	849	4139
na	850	4116
na	851	4069
na	852	4103
na	853	3846
na	854	3929
na	855	3822
na	856	3868
na	857	3921
na	858	3902
na	859	4027
na	860	4143
na	861	4120
na	862	4173
na	863	4111
na	864	4125
na	865	4208
na	866	4219
na	867	4265
na	868	4233
na	869	4060
na	870	4114
na	871	4139
na	872	4152
na	873	4168
na	874	4131
na	875	4140
na	876	4156
na	877	4181
na	878	4190
na	879	4234
na	880	4259
na	881	4388
na	882	4479
na	883	4504
na	884	4513
na	885	4540
na	886	4543
na	887	4634
na	888	4574
na	889	4714
na	890	4538
na	891	4612
na	892	4564
na	893	4726
na	894	4705
na	895	4736
na	896	4745
na	897	4676
na	898	4794
na	899	4710
na	900	4806
na	901	4776
na	902	4694
na	903	4723
na	904	4714
na	905	4712
na	906	4699
na	907	4628
na	908	4635
na	909	4575
na	910	4543
na	911	4518
na	912	4704
na	913	4783
na	914	4778
na	915	4794
na	916	4824
na	917	4788
na	918	4719
na	919	4651
na	920	4657
na	921	4440
na	922	4452
na	923	4399
na	924	4413
na	925	4409
na	926	4400
na	927	4405
na	928	4408
na	929	4412
na	930	4443
na	931	4311
na	932	4336
na	933	4323
na	934	4358
na	935	4358
na	936	4327
na	937	4321
na	938	4313
na	939	4271
na	940	4299
na	941	4285
na	942	4295
na	943	4206
na	944	4167
na	945	4143
na	946	4131
na	947	4122
na	948	4136
na	949	4079
na	950	4092
na	951	4083
na	952	4029
na	953	4069
na	954	4055
na	955	4298
na	956	4305
na	957	4327
na	958	4359
na	959	4338
na	960	4337
na	961	4354
na	962	4186
na	963	4484
na	964	4258
na	965	4551
na	966	4526
na	967	4544
na	968	4616
na	969	4581
na	970	4598
na	971	4607
na	972	4322
na	973	4283
na	974	4178
na	975	3792
na	976	3810
na	977	3760
na	978	3749
na	979	3775
na	980	3759
na	981	3848
na	982	3831
na	983	3902
na	984	4000
na	985	4029
na	986	4061
na	987	4092
na	988	4114
na	989	4075
na	990	4073
na	991	4035
na	992	4052
na	993	3984
na	994	3976
na	995	3985
na	996	3989
na	997	3962
na	998	3971
na	999	3985
na	1000	3986
na	1001	4031
na	1002	4032
na	1003	4039
na	1004	4048
na	1005	4056
na	1006	4135
na	1007	4145
na	1008	4178
na	1009	4179
na	1010	4116
na	1011	4123
na	1012	4139
na	1013	4117
na	1014	4103
na	1015	4013
na	1016	3943
na	1017	3971
na	1018	3967
na	1019	3978
na	1020	3955
na	1021	4005
na	1022	3995
na	1023	4005
na	1024	4045
na	1025	3969
na	1026	3955
na	1027	4022
na	1028	3990
na	1029	4001
na	1030	3914
na	1031	3837
na	1032	3867
na	1033	3839
na	1034	3988
na	1035	3956
na	1036	3960
na	1037	4042
na	1038	3989
na	1039	4120
na	1040	4019
na	1041	4001
na	1042	3981
na	1043	3765
na	1044	3765
na	1045	3704
na	1046	3748
na	1047	3795
na	1048	3647
na	1049	3642
na	1050	3632
na	1051	3627
na	1052	3623
na	1053	3601
na	1054	3658
na	1055	3278
na	1056	3324
na	1057	3255
na	1058	3244
na	1059	3238
na	1060	3211
na	1061	3232
na	1062	3222
na	1063	3179
na	1064	3119
na	1065	3067
na	1066	3073
na	1067	3071
na	1068	3079
na	1069	3165
na	1070	3156
na	1071	3192
na	1072	3177
na	1073	3203
na	1074	3274
na	1075	3289
na	1076	3296
na	1077	3293
na	1078	3239
na	1079	3489
na	1080	3504
na	1081	3801
na	1082	3795
na	1083	3748
na	1084	3745
na	1085	3748
na	1086	3762
na	1087	3902
na	1088	3748
na	1089	3814
na	1090	3658
na	1091	3681
na	1092	3695
na	1093	3764
na	1094	3797
na	1095	3748
na	1096	3708
na	1097	3578
na	1098	3614
na	1099	3635
na	1100	3582
na	1101	3560
na	1102	3624
na	1103	3622
na	1104	3640
na	1105	3694
na	1106	3688
na	1107	3694
na	1108	3666
na	1109	3676
na	1110	3652
na	1111	3789
na	1112	3740
na	1113	3724
na	1114	3720
na	1115	3705
na	1116	3926
na	1117	3977
na	1118	4116
na	1119	4112
na	1120	4078
na	1121	4070
na	1122	4093
na	1123	4125
na	1124	4188
na	1125	4037
na	1126	4064
na	1127	3927
na	1128	4062
na	1129	4178
na	1130	4231
na	1131	4217
na	1132	4285
na	1133	4330
na	1134	4410
na	1135	4415
na	1136	4437
na	1137	4408
na	1138	4242
na	1139	4348
na	1140	4380
na	1141	4432
na	1142	4458
na	1143	4433
na	1144	4467
na	1145	4492
na	1146	4516
na	1147	4599
na	1148	4540
na	1149	4707
na	1150	4694
na	1151	4672
na	1152	4661
na	1153	4627
na	1154	4606
na	1155	4612
na	1156	4559
na	1157	4568
na	1158	4434
na	1159	4447
na	1160	4509
na	1161	4514
na	1162	4523
na	1163	4507
na	1164	4555
na	1165	4525
na	1166	4533
na	1167	4503
na	1168	4506
na	1169	4428
na	1170	4419
na	1171	4374
na	1172	4385
na	1173	4229
na	1174	4252
na	1175	4272
na	1176	4246
na	1177	4281
na	1178	4256
na	1179	4265
na	1180	4282
na	1181	4249
na	1182	4244
na	1183	4261
na	1184	4205
na	1185	4217
na	1186	4180
na	1187	4119
na	1188	4135
na	1189	4103
na	1190	4147
na	1191	4134
na	1192	4047
na	1193	4051
na	1194	4070
na	1195	4212
na	1196	4211
na	1197	4050
na	1198	4070
na	1199	3961
na	1200	3961
na	1201	3961
na	1202	3872
na	1203	3881
na	1204	3715
na	1205	3620
na	1206	4020
na	1207	4009
na	1208	3992
na	1209	3978
na	1210	3948
na	1211	3960
na	1212	3963
na	1213	3856
na	1214	3850
na	1215	3402
na	1216	3815
na	1217	3879
na	1218	3882
na	1219	3909
na	1220	3877
na	1221	4083
na	1222	4093
na	1223	4124
na	1224	4143
na	1225	3613
na	1226	3633
na	1227	3613
na	1228	3648
na	1229	3639
na	1230	3439
na	1231	3438
na	1232	3402
na	1233	3401
na	1234	3482
na	1235	3469
na	1236	3492
na	1237	3527
na	1238	3536
na	1239	3582
na	1240	3587
na	1241	3595
na	1242	3595
na	1243	3540
na	1244	3574
na	1245	3569
na	1246	3722
na	1247	3721
na	1248	3722
na	1249	3730
na	1250	3721
na	1251	3779
na	1252	3769
na	1253	3722
na	1254	3721
na	1255	3614
na	1256	3644
na	1257	3620
na	1258	3624
na	1259	3623
na	1260	3673
na	1261	3683
na	1262	3702
na	1263	3699
na	1264	3717
na	1265	3843
na	1266	3867
na	1267	3862
na	1268	3864
na	1269	3729
na	1270	4057
na	1271	4042
na	1272	4038
na	1273	4050
na	1274	3931
na	1275	3914
na	1276	3957
na	1277	3981
na	1278	3963
na	1279	3735
na	1280	3716
na	1281	3712
na	1282	3741
na	1283	3887
na	1284	3867
na	1285	3857
na	1286	3833
na	1287	3798
na	1288	3869
na	1289	3876
na	1290	3882
na	1291	3852
na	1292	3669
na	1293	3719
na	1294	3714
na	1295	3717
na	1296	3714
na	1297	3618
na	1298	3733
na	1299	3729
na	1300	3733
na	1301	3735
na	1302	3615
na	1303	3646
na	1304	3616
na	1305	3611
na	1306	3602
na	1307	3453
na	1308	3424
na	1309	3448
na	1310	3427
na	1311	3488
na	1312	3406
na	1313	3373
na	1314	3372
na	1315	3359
na	1316	3341
na	1317	3340
na	1318	3218
na	1319	3233
na	1320	3058
na	1321	3054
na	1322	3050
na	1323	2999
na	1324	3018
na	1325	2999
na	1326	3062
na	1327	3057
na	1328	3043
na	1329	3042
na	1330	3028
na	1331	3026
na	1332	3034
na	1333	3039
na	1334	2976
na	1335	2830
na	1336	2870
na	1337	2867
na	1338	2920
na	1339	2928
na	1340	2923
na	1341	2909
na	1342	2923
na	1343	2943
na	1344	2829
na	1345	2849
na	1346	2852
na	1347	2859
na	1348	2856
na	1349	2848
na	1350	2850
na	1351	2846
na	1352	2794
na	1353	2792
na	1354	2699
na	1355	2693
na	1356	2660
na	1357	2673
na	1358	2692
na	1359	2735
na	1360	2754
na	1361	2702
na	1362	2770
na	1363	2769
na	1364	2753
na	1365	2762
na	1366	2732
na	1367	2802
na	1368	2740
na	1369	2802
na	1370	2691
na	1371	2637
na	1372	2621
na	1373	2606
na	1374	2551
na	1375	2577
na	1376	2477
na	1377	2481
na	1378	2463
na	1379	2518
na	1380	2529
na	1381	2528
na	1382	2505
na	1383	2518
na	1384	2514
na	1385	2563
na	1386	2539
na	1387	2558
na	1388	2520
na	1389	2524
na	1390	2539
na	1391	2539
na	1392	2534
na	1393	2520
na	1394	2393
na	1395	2386
na	1396	2376
na	1397	2376
na	1398	2315
na	1399	2333
na	1400	2314
na	1401	2339
na	1402	2336
na	1403	2311
na	1404	2342
na	1405	2316
na	1406	2312
na	1407	2302
na	1408	1963
na	1409	1966
na	1410	1946
na	1411	1939
na	1412	1931
na	1413	1870
na	1414	1852
na	1415	1848
na	1416	1804
na	1417	1800
na	1418	1731
na	1419	1687
na	1420	1679
na	1421	1632
na	1422	1621
na	1423	1609
na	1424	1602
na	1425	1552
na	1426	1293
na	1427	1287
na	1428	1269
na	1429	1223
na	1430	1219
na	1431	1094
na	1432	1085
na	1433	922
na	1434	920
na	1435	913
na	1436	880
na	1437	876
na	1438	840
na	1439	837
na	1440	836
na	1441	830
na	1442	818
na	1443	675
na	1444	675
na	1445	675
na	1446	674
na	1447	658
na	1448	656
na	1449	651
na	1450	634
na	1451	620
na	1452	555
na	1453	539
na	1454	448
na	1455	437
na	1456	434
na	1457	165
pb2	1	957
pb2	2	1187
pb2	3	1192
pb2	4	1195
pb2	5	1291
pb2	6	1300
pb2	7	1304
pb2	8	1305
pb2	9	1308
pb2	10	1313
pb2	11	1373
pb2	12	1392
pb2	13	1395
pb2	14	1420
pb2	15	1426
pb2	16	1612
pb2	17	1624
pb2	18	1627
pb2	19	1719
pb2	20	1743
pb2	21	2059
pb2	22	2086
pb2	23	2127
pb2	24	2393
pb2	25	2541
pb2	26	2758
pb2	27	2788
pb2	28	2845
pb2	29	2857
pb2	30	3006
pb2	31	3030
pb2	32	3040
pb2	33	3093
pb2	34	3106
pb2	35	3774
pb2	36	3795
pb2	37	3833
pb2	38	4093
pb2	39	4116
pb2	40	4220
pb2	41	4233
pb2	42	4262
pb2	43	4417
pb2	44	4439
pb2	45	4472
pb2	46	4491
pb2	47	4496
pb2	48	4572
pb2	49	4579
pb2	50	4602
pb2	51	4609
pb2	52	4770
pb2	53	4893
pb2	54	4898
pb2	55	4889
pb2	56	4892
pb2	57	4909
pb2	58	4964
pb2	59	4972
pb2	60	5023
pb2	61	5023
pb2	62	4996
pb2	63	4975
pb2	64	4982
pb2	65	4976
pb2	66	5187
pb2	67	5180
pb2	68	5174
pb2	69	5141
pb2	70	5136
pb2	71	5136
pb2	72	5123
pb2	73	5065
pb2	74	5085
pb2	75	5015
pb2	76	5166
pb2	77	5184
pb2	78	5190
pb2	79	5199
pb2	80	5207
pb2	81	5231
pb2	82	5573
pb2	83	5624
pb2	84	5675
pb2	85	5951
pb2	86	5841
pb2	87	6061
pb2	88	5996
pb2	89	6067
pb2	90	6047
pb2	91	5900
pb2	92	5855
pb2	93	5769
pb2	94	5667
pb2	95	5720
pb2	96	5647
pb2	97	5495
pb2	98	5622
pb2	99	5599
pb2	100	5830
pb2	101	5826
pb2	102	5811
pb2	103	5833
pb2	104	5747
pb2	105	5828
pb2	106	5800
pb2	107	5650
pb2	108	5671
pb2	109	5537
pb2	110	5525
pb2	111	5610
pb2	112	5876
pb2	113	5875
pb2	114	5817
pb2	115	5806
pb2	116	5953
pb2	117	5990
pb2	118	6248
pb2	119	6228
pb2	120	6270
pb2	121	6111
pb2	122	6091
pb2	123	6208
pb2	124	6204
pb2	125	6120
pb2	126	6331
pb2	127	6194
pb2	128	6207
pb2	129	6224
pb2	130	6149
pb2	131	6400
pb2	132	6279
pb2	133	6286
pb2	134	6318
pb2	135	6144
pb2	136	6162
pb2	137	6178
pb2	138	6138
pb2	139	6122
pb2	140	6020
pb2	141	6052
pb2	142	6060
pb2	143	6031
pb2	144	6030
pb2	145	6309
pb2	146	6316
pb2	147	6324
pb2	148	6298
pb2	149	6145
pb2	150	6154
pb2	151	6038
pb2	152	6143
pb2	153	6176
pb2	154	6026
pb2	155	6008
pb2	156	5939
pb2	157	6013
pb2	158	6024
pb2	159	6012
pb2	160	6046
pb2	161	5910
pb2	162	5995
pb2	163	5962
pb2	164	6178
pb2	165	6202
pb2	166	6152
pb2	167	6149
pb2	168	6212
pb2	169	6250
pb2	170	6227
pb2	171	6203
pb2	172	6155
pb2	173	6063
pb2	174	6084
pb2	175	6045
pb2	176	6042
pb2	177	5995
pb2	178	5870
pb2	179	5909
pb2	180	5953
pb2	181	5990
pb2	182	5986
pb2	183	5898
pb2	184	5996
pb2	185	6011
pb2	186	6266
pb2	187	6234
pb2	188	6204
pb2	189	6172
pb2	190	6151
pb2	191	6146
pb2	192	6302
pb2	193	6205
pb2	194	6204
pb2	195	6125
pb2	196	6104
pb2	197	6141
pb2	198	6203
pb2	199	6144
pb2	200	6246
pb2	201	6124
pb2	202	6191
pb2	203	6167
pb2	204	6110
pb2	205	6135
pb2	206	6097
pb2	207	6134
pb2	208	6109
pb2	209	5999
pb2	210	6021
pb2	211	6005
pb2	212	6105
pb2	213	6057
pb2	214	6041
pb2	215	6110
pb2	216	6055
pb2	217	6165
pb2	218	6118
pb2	219	6138
pb2	220	6209
pb2	221	6146
pb2	222	6137
pb2	223	6108
pb2	224	6062
pb2	225	6088
pb2	226	6030
pb2	227	6077
pb2	228	6184
pb2	229	6235
pb2	230	6236
pb2	231	6247
pb2	232	6317
pb2	233	6306
pb2	234	6292
pb2	235	6286
pb2	236	6330
pb2	237	6410
pb2	238	6295
pb2	239	6292
pb2	240	6288
pb2	241	6426
pb2	242	6484
pb2	243	6474
pb2	244	6490
pb2	245	6394
pb2	246	6357
pb2	247	6509
pb2	248	6619
pb2	249	6621
pb2	250	6476
pb2	251	6334
pb2	252	6267
pb2	253	6276
pb2	254	6347
pb2	255	6353
pb2	256	6413
pb2	257	6277
pb2	258	6339
pb2	259	6350
pb2	260	6416
pb2	261	6516
pb2	262	6452
pb2	263	6434
pb2	264	6377
pb2	265	6260
pb2	266	6346
pb2	267	6407
pb2	268	6405
pb2	269	6439
pb2	270	6345
pb2	271	6384
pb2	272	6394
pb2	273	6426
pb2	274	6455
pb2	275	6321
pb2	276	6286
pb2	277	6321
pb2	278	6330
pb2	279	6271
pb2	280	6533
pb2	281	6584
pb2	282	6686
pb2	283	6692
pb2	284	6770
pb2	285	6826
pb2	286	7014
pb2	287	7022
pb2	288	7001
pb2	289	6562
pb2	290	6844
pb2	291	6698
pb2	292	6855
pb2	293	6715
pb2	294	6683
pb2	295	6481
pb2	296	6486
pb2	297	6540
pb2	298	6726
pb2	299	6563
pb2	300	6670
pb2	301	6558
pb2	302	6604
pb2	303	6565
pb2	304	6657
pb2	305	6654
pb2	306	6606
pb2	307	6485
pb2	308	6437
pb2	309	6517
pb2	310	6534
pb2	311	6572
pb2	312	6513
pb2	313	6520
pb2	314	6498
pb2	315	6559
pb2	316	6566
pb2	317	6581
pb2	318	6437
pb2	319	6417
pb2	320	6423
pb2	321	6561
pb2	322	6521
pb2	323	6543
pb2	324	6596
pb2	325	6553
pb2	326	6515
pb2	327	6501
pb2	328	6435
pb2	329	6468
pb2	330	6301
pb2	331	6204
pb2	332	6178
pb2	333	5934
pb2	334	5925
pb2	335	5970
pb2	336	5933
pb2	337	5947
pb2	338	5781
pb2	339	5697
pb2	340	5649
pb2	341	5761
pb2	342	5762
pb2	343	5691
pb2	344	5614
pb2	345	5582
pb2	346	5560
pb2	347	5652
pb2	348	5631
pb2	349	5616
pb2	350	5585
pb2	351	5114
pb2	352	5208
pb2	353	5073
pb2	354	5147
pb2	355	5136
pb2	356	4820
pb2	357	4854
pb2	358	4762
pb2	359	5240
pb2	360	5219
pb2	361	4987
pb2	362	4947
pb2	363	4774
pb2	364	4803
pb2	365	4784
pb2	366	4884
pb2	367	4923
pb2	368	3983
pb2	369	4060
pb2	370	4058
pb2	371	4074
pb2	372	4087
pb2	373	3972
pb2	374	3936
pb2	375	3425
pb2	376	3329
pb2	377	3314
pb2	378	3171
pb2	379	3152
pb2	380	3151
pb2	381	3138
pb2	382	3154
pb2	383	3149
pb2	384	3130
pb2	385	3120
pb2	386	3108
pb2	387	3077
pb2	388	3064
pb2	389	3053
pb2	390	3051
pb2	391	3121
pb2	392	3122
pb2	393	3115
pb2	394	3109
pb2	395	3106
pb2	396	3079
pb2	397	3072
pb2	398	3194
pb2	399	3285
pb2	400	3246
pb2	401	3244
pb2	402	3248
pb2	403	3280
pb2	404	3263
pb2	405	3336
pb2	406	3415
pb2	407	3318
pb2	408	3248
pb2	409	3213
pb2	410	3218
pb2	411	3203
pb2	412	3200
pb2	413	3358
pb2	414	3377
pb2	415	3303
pb2	416	3288
pb2	417	3278
pb2	418	3279
pb2	419	3454
pb2	420	3436
pb2	421	3438
pb2	422	3385
pb2	423	3217
pb2	424	3409
pb2	425	3398
pb2	426	3394
pb2	427	3381
pb2	428	3138
pb2	429	3261
pb2	430	3170
pb2	431	3215
pb2	432	3197
pb2	433	3075
pb2	434	3078
pb2	435	3057
pb2	436	3040
pb2	437	3001
pb2	438	2973
pb2	439	2904
pb2	440	2881
pb2	441	2938
pb2	442	2985
pb2	443	2990
pb2	444	2982
pb2	445	2979
pb2	446	3191
pb2	447	3249
pb2	448	3333
pb2	449	3323
pb2	450	3289
pb2	451	3279
pb2	452	3400
pb2	453	3598
pb2	454	3692
pb2	455	3514
pb2	456	3529
pb2	457	3531
pb2	458	3727
pb2	459	3765
pb2	460	3784
pb2	461	3776
pb2	462	3822
pb2	463	3865
pb2	464	4353
pb2	465	4421
pb2	466	4422
pb2	467	4404
pb2	468	4366
pb2	469	4377
pb2	470	4329
pb2	471	4342
pb2	472	4325
pb2	473	4241
pb2	474	4283
pb2	475	4321
pb2	476	4333
pb2	477	4338
pb2	478	4331
pb2	479	4461
pb2	480	4463
pb2	481	4534
pb2	482	4526
pb2	483	4496
pb2	484	4534
pb2	485	4492
pb2	486	4565
pb2	487	4538
pb2	488	4474
pb2	489	4500
pb2	490	4465
pb2	491	4602
pb2	492	4605
pb2	493	4630
pb2	494	4642
pb2	495	4635
pb2	496	4627
pb2	497	4614
pb2	498	4603
pb2	499	4607
pb2	500	4493
pb2	501	4500
pb2	502	4538
pb2	503	4524
pb2	504	4515
pb2	505	4530
pb2	506	4509
pb2	507	4732
pb2	508	4745
pb2	509	4825
pb2	510	4808
pb2	511	4741
pb2	512	4745
pb2	513	4741
pb2	514	4780
pb2	515	4866
pb2	516	4617
pb2	517	4538
pb2	518	4455
pb2	519	4461
pb2	520	4512
pb2	521	4461
pb2	522	4395
pb2	523	4384
pb2	524	4284
pb2	525	4234
pb2	526	4279
pb2	527	4253
pb2	528	4275
pb2	529	4207
pb2	530	4235
pb2	531	4257
pb2	532	4301
pb2	533	4297
pb2	534	4273
pb2	535	4252
pb2	536	4223
pb2	537	4229
pb2	538	4237
pb2	539	4408
pb2	540	4371
pb2	541	4427
pb2	542	4382
pb2	543	4322
pb2	544	4317
pb2	545	4353
pb2	546	4318
pb2	547	4333
pb2	548	4152
pb2	549	4153
pb2	550	4201
pb2	551	4291
pb2	552	4293
pb2	553	4407
pb2	554	4360
pb2	555	4349
pb2	556	4350
pb2	557	4275
pb2	558	4273
pb2	559	4187
pb2	560	4132
pb2	561	4106
pb2	562	4051
pb2	563	4054
pb2	564	4045
pb2	565	4115
pb2	566	4136
pb2	567	4160
pb2	568	4147
pb2	569	4141
pb2	570	4104
pb2	571	4274
pb2	572	4256
pb2	573	4230
pb2	574	4158
pb2	575	4168
pb2	576	4226
pb2	577	4192
pb2	578	4209
pb2	579	4199
pb2	580	4102
pb2	581	4149
pb2	582	4132
pb2	583	4122
pb2	584	4130
pb2	585	4056
pb2	586	4073
pb2	587	4045
pb2	588	4150
pb2	589	4175
pb2	590	4089
pb2	591	4076
pb2	592	4056
pb2	593	4012
pb2	594	4118
pb2	595	4108
pb2	596	4128
pb2	597	4111
pb2	598	4181
pb2	599	4204
pb2	600	4193
pb2	601	4264
pb2	602	4266
pb2	603	4187
pb2	604	4725
pb2	605	4697
pb2	606	4698
pb2	607	4670
pb2	608	4660
pb2	609	4691
pb2	610	4692
pb2	611	4634
pb2	612	4709
pb2	613	4422
pb2	614	4461
pb2	615	4476
pb2	616	4488
pb2	617	4498
pb2	618	4460
pb2	619	4445
pb2	620	4477
pb2	621	4442
pb2	622	4445
pb2	623	4469
pb2	624	4457
pb2	625	4651
pb2	626	4722
pb2	627	4866
pb2	628	4910
pb2	629	4889
pb2	630	4931
pb2	631	4923
pb2	632	4984
pb2	633	5131
pb2	634	5386
pb2	635	5416
pb2	636	5423
pb2	637	5549
pb2	638	5608
pb2	639	5650
pb2	640	5658
pb2	641	5645
pb2	642	5658
pb2	643	5459
pb2	644	5528
pb2	645	5774
pb2	646	5981
pb2	647	5943
pb2	648	5941
pb2	649	6003
pb2	650	6266
pb2	651	6245
pb2	652	6178
pb2	653	6221
pb2	654	6063
pb2	655	6142
pb2	656	6009
pb2	657	6043
pb2	658	6051
pb2	659	5899
pb2	660	5962
pb2	661	6015
pb2	662	6010
pb2	663	6079
pb2	664	6047
pb2	665	6059
pb2	666	6061
pb2	667	6047
pb2	668	6170
pb2	669	6167
pb2	670	6140
pb2	671	6133
pb2	672	6072
pb2	673	6127
pb2	674	6231
pb2	675	6317
pb2	676	6289
pb2	677	6306
pb2	678	6355
pb2	679	6434
pb2	680	6446
pb2	681	6564
pb2	682	6541
pb2	683	6497
pb2	684	6407
pb2	685	6431
pb2	686	6414
pb2	687	6469
pb2	688	6483
pb2	689	6471
pb2	690	6427
pb2	691	6578
pb2	692	6650
pb2	693	6639
pb2	694	6744
pb2	695	6834
pb2	696	6884
pb2	697	6842
pb2	698	6833
pb2	699	6777
pb2	700	6707
pb2	701	6717
pb2	702	6723
pb2	703	6617
pb2	704	7062
pb2	705	7037
pb2	706	7608
pb2	707	7622
pb2	708	7713
pb2	709	7671
pb2	710	8138
pb2	711	8265
pb2	712	8190
pb2	713	8065
pb2	714	7746
pb2	715	7666
pb2	716	7505
pb2	717	7500
pb2	718	7615
pb2	719	7396
pb2	720	7505
pb2	721	7519
pb2	722	7496
pb2	723	7812
pb2	724	7864
pb2	725	7960
pb2	726	7957
pb2	727	7946
pb2	728	7963
pb2	729	7987
pb2	730	7993
pb2	731	8020
pb2	732	7905
pb2	733	7819
pb2	734	7790
pb2	735	7920
pb2	736	7966
pb2	737	8071
pb2	738	8023
pb2	739	7965
pb2	740	7964
pb2	741	7941
pb2	742	7999
pb2	743	8024
pb2	744	8002
pb2	745	7893
pb2	746	7894
pb2	747	7913
pb2	748	8102
pb2	749	8071
pb2	750	8099
pb2	751	8211
pb2	752	8141
pb2	753	8570
pb2	754	8595
pb2	755	8736
pb2	756	9088
pb2	757	8927
pb2	758	8945
pb2	759	9036
pb2	760	9088
pb2	761	9545
pb2	762	9320
pb2	763	9466
pb2	764	9424
pb2	765	9299
pb2	766	9336
pb2	767	9416
pb2	768	9394
pb2	769	9442
pb2	770	9231
pb2	771	9111
pb2	772	9158
pb2	773	9121
pb2	774	9104
pb2	775	9194
pb2	776	9074
pb2	777	9133
pb2	778	9131
pb2	779	9157
pb2	780	9140
pb2	781	8998
pb2	782	8945
pb2	783	8994
pb2	784	8934
pb2	785	8955
pb2	786	8907
pb2	787	9116
pb2	788	9419
pb2	789	9405
pb2	790	9492
pb2	791	9482
pb2	792	9325
pb2	793	9437
pb2	794	9338
pb2	795	9346
pb2	796	9179
pb2	797	8894
pb2	798	8855
pb2	799	8846
pb2	800	9110
pb2	801	9118
pb2	802	8958
pb2	803	9023
pb2	804	9063
pb2	805	9055
pb2	806	9059
pb2	807	9039
pb2	808	8967
pb2	809	8741
pb2	810	8742
pb2	811	8742
pb2	812	8791
pb2	813	8729
pb2	814	9070
pb2	815	9067
pb2	816	9056
pb2	817	9024
pb2	818	9040
pb2	819	9205
pb2	820	9141
pb2	821	8964
pb2	822	8975
pb2	823	8717
pb2	824	8774
pb2	825	8801
pb2	826	8900
pb2	827	8837
pb2	828	8585
pb2	829	8543
pb2	830	8668
pb2	831	8623
pb2	832	8265
pb2	833	8320
pb2	834	8061
pb2	835	8092
pb2	836	8056
pb2	837	7995
pb2	838	7969
pb2	839	8006
pb2	840	7827
pb2	841	7990
pb2	842	7863
pb2	843	7947
pb2	844	7905
pb2	845	7947
pb2	846	7922
pb2	847	7915
pb2	848	7879
pb2	849	7590
pb2	850	7549
pb2	851	7416
pb2	852	7628
pb2	853	7533
pb2	854	7504
pb2	855	7461
pb2	856	7445
pb2	857	7450
pb2	858	7437
pb2	859	7432
pb2	860	7405
pb2	861	6994
pb2	862	6979
pb2	863	6951
pb2	864	6853
pb2	865	7628
pb2	866	7551
pb2	867	7595
pb2	868	7590
pb2	869	7587
pb2	870	7621
pb2	871	7603
pb2	872	7373
pb2	873	7423
pb2	874	6576
pb2	875	6326
pb2	876	6351
pb2	877	6317
pb2	878	6311
pb2	879	6318
pb2	880	6238
pb2	881	6179
pb2	882	6182
pb2	883	6046
pb2	884	6163
pb2	885	6018
pb2	886	5980
pb2	887	6001
pb2	888	5940
pb2	889	6030
pb2	890	6002
pb2	891	6092
pb2	892	6075
pb2	893	5915
pb2	894	5914
pb2	895	5899
pb2	896	5884
pb2	897	5874
pb2	898	5850
pb2	899	5983
pb2	900	5841
pb2	901	5809
pb2	902	5825
pb2	903	5839
pb2	904	5804
pb2	905	5949
pb2	906	6000
pb2	907	6013
pb2	908	5675
pb2	909	5765
pb2	910	5867
pb2	911	5842
pb2	912	5857
pb2	913	5910
pb2	914	5837
pb2	915	5847
pb2	916	5754
pb2	917	5752
pb2	918	5684
pb2	919	5693
pb2	920	5596
pb2	921	5612
pb2	922	5642
pb2	923	5602
pb2	924	5616
pb2	925	5609
pb2	926	5564
pb2	927	5609
pb2	928	5526
pb2	929	5583
pb2	930	5575
pb2	931	5585
pb2	932	5585
pb2	933	5515
pb2	934	5500
pb2	935	5510
pb2	936	5419
pb2	937	5470
pb2	938	5360
pb2	939	5463
pb2	940	5506
pb2	941	5466
pb2	942	5457
pb2	943	5431
pb2	944	5340
pb2	945	5270
pb2	946	5313
pb2	947	5327
pb2	948	5186
pb2	949	5182
pb2	950	5176
pb2	951	5234
pb2	952	5482
pb2	953	5472
pb2	954	5525
pb2	955	5275
pb2	956	5251
pb2	957	5351
pb2	958	5314
pb2	959	5303
pb2	960	5268
pb2	961	4796
pb2	962	4761
pb2	963	4657
pb2	964	4683
pb2	965	4620
pb2	966	4565
pb2	967	4632
pb2	968	4653
pb2	969	4622
pb2	970	4593
pb2	971	4554
pb2	972	4578
pb2	973	4636
pb2	974	4653
pb2	975	4651
pb2	976	4547
pb2	977	4544
pb2	978	4589
pb2	979	4587
pb2	980	4704
pb2	981	4704
pb2	982	4487
pb2	983	4400
pb2	984	4416
pb2	985	4455
pb2	986	4496
pb2	987	4484
pb2	988	4438
pb2	989	4300
pb2	990	4213
pb2	991	4395
pb2	992	4426
pb2	993	4411
pb2	994	4419
pb2	995	4385
pb2	996	4444
pb2	997	4431
pb2	998	4515
pb2	999	4513
pb2	1000	4348
pb2	1001	4358
pb2	1002	4345
pb2	1003	4422
pb2	1004	4454
pb2	1005	4445
pb2	1006	4488
pb2	1007	4401
pb2	1008	4416
pb2	1009	4431
pb2	1010	4438
pb2	1011	4492
pb2	1012	4462
pb2	1013	4665
pb2	1014	4671
pb2	1015	4708
pb2	1016	4748
pb2	1017	4766
pb2	1018	4821
pb2	1019	4841
pb2	1020	4830
pb2	1021	4767
pb2	1022	4796
pb2	1023	4659
pb2	1024	4640
pb2	1025	4708
pb2	1026	4712
pb2	1027	4737
pb2	1028	4771
pb2	1029	4783
pb2	1030	4838
pb2	1031	4862
pb2	1032	4927
pb2	1033	4896
pb2	1034	4930
pb2	1035	4954
pb2	1036	4956
pb2	1037	4994
pb2	1038	4963
pb2	1039	5167
pb2	1040	5127
pb2	1041	5151
pb2	1042	5139
pb2	1043	5168
pb2	1044	5165
pb2	1045	5152
pb2	1046	5240
pb2	1047	5262
pb2	1048	5183
pb2	1049	5094
pb2	1050	5079
pb2	1051	5163
pb2	1052	5114
pb2	1053	5076
pb2	1054	5078
pb2	1055	4991
pb2	1056	4901
pb2	1057	4935
pb2	1058	4876
pb2	1059	4955
pb2	1060	4916
pb2	1061	4881
pb2	1062	4888
pb2	1063	4871
pb2	1064	4870
pb2	1065	4880
pb2	1066	4871
pb2	1067	4870
pb2	1068	4807
pb2	1069	4755
pb2	1070	4833
pb2	1071	4991
pb2	1072	5101
pb2	1073	5080
pb2	1074	5094
pb2	1075	5104
pb2	1076	5079
pb2	1077	5078
pb2	1078	5074
pb2	1079	5101
pb2	1080	4854
pb2	1081	4809
pb2	1082	4792
pb2	1083	5084
pb2	1084	5044
pb2	1085	5265
pb2	1086	5245
pb2	1087	5226
pb2	1088	5192
pb2	1089	5170
pb2	1090	5163
pb2	1091	5228
pb2	1092	4948
pb2	1093	5131
pb2	1094	4922
pb2	1095	5057
pb2	1096	5567
pb2	1097	5614
pb2	1098	5659
pb2	1099	5706
pb2	1100	5741
pb2	1101	6363
pb2	1102	6714
pb2	1103	8545
pb2	1104	8855
pb2	1105	9073
pb2	1106	9198
pb2	1107	9217
pb2	1108	9568
pb2	1109	9579
pb2	1110	9489
pb2	1111	9667
pb2	1112	9187
pb2	1113	9568
pb2	1114	9557
pb2	1115	9980
pb2	1116	10218
pb2	1117	10189
pb2	1118	10368
pb2	1119	10362
pb2	1120	10429
pb2	1121	10464
pb2	1122	10602
pb2	1123	10829
pb2	1124	10790
pb2	1125	10867
pb2	1126	11010
pb2	1127	11257
pb2	1128	11299
pb2	1129	11282
pb2	1130	11385
pb2	1131	11340
pb2	1132	11275
pb2	1133	11385
pb2	1134	11431
pb2	1135	11509
pb2	1136	11509
pb2	1137	11504
pb2	1138	11517
pb2	1139	11562
pb2	1140	11643
pb2	1141	11694
pb2	1142	11724
pb2	1143	11744
pb2	1144	12574
pb2	1145	12670
pb2	1146	12752
pb2	1147	12859
pb2	1148	12841
pb2	1149	13037
pb2	1150	13063
pb2	1151	13120
pb2	1152	13187
pb2	1153	12643
pb2	1154	12590
pb2	1155	12552
pb2	1156	12659
pb2	1157	12696
pb2	1158	12614
pb2	1159	12597
pb2	1160	13011
pb2	1161	12981
pb2	1162	12940
pb2	1163	12959
pb2	1164	12937
pb2	1165	12742
pb2	1166	12856
pb2	1167	12784
pb2	1168	12804
pb2	1169	12367
pb2	1170	12506
pb2	1171	12523
pb2	1172	12459
pb2	1173	12469
pb2	1174	12465
pb2	1175	13047
pb2	1176	13265
pb2	1177	13210
pb2	1178	13211
pb2	1179	12997
pb2	1180	12994
pb2	1181	12903
pb2	1182	12843
pb2	1183	12896
pb2	1184	11695
pb2	1185	11579
pb2	1186	11518
pb2	1187	11728
pb2	1188	11711
pb2	1189	11599
pb2	1190	11587
pb2	1191	11439
pb2	1192	11303
pb2	1193	11326
pb2	1194	11275
pb2	1195	11271
pb2	1196	11020
pb2	1197	10995
pb2	1198	10988
pb2	1199	10896
pb2	1200	10835
pb2	1201	10832
pb2	1202	10661
pb2	1203	10932
pb2	1204	10783
pb2	1205	10775
pb2	1206	10532
pb2	1207	10374
pb2	1208	10314
pb2	1209	10221
pb2	1210	10158
pb2	1211	10088
pb2	1212	9662
pb2	1213	9640
pb2	1214	9577
pb2	1215	9667
pb2	1216	9731
pb2	1217	9959
pb2	1218	9888
pb2	1219	9845
pb2	1220	9867
pb2	1221	9919
pb2	1222	10184
pb2	1223	10202
pb2	1224	10060
pb2	1225	10069
pb2	1226	9589
pb2	1227	9692
pb2	1228	9721
pb2	1229	9719
pb2	1230	9628
pb2	1231	9575
pb2	1232	9651
pb2	1233	9756
pb2	1234	10126
pb2	1235	10086
pb2	1236	10083
pb2	1237	10035
pb2	1238	10265
pb2	1239	10347
pb2	1240	10172
pb2	1241	10451
pb2	1242	10196
pb2	1243	10257
pb2	1244	9980
pb2	1245	9862
pb2	1246	9916
pb2	1247	9715
pb2	1248	9810
pb2	1249	9827
pb2	1250	9439
pb2	1251	9503
pb2	1252	9279
pb2	1253	9527
pb2	1254	9478
pb2	1255	9444
pb2	1256	9588
pb2	1257	10104
pb2	1258	10213
pb2	1259	10205
pb2	1260	10059
pb2	1261	10053
pb2	1262	9833
pb2	1263	9891
pb2	1264	9903
pb2	1265	9904
pb2	1266	9234
pb2	1267	9407
pb2	1268	9380
pb2	1269	9421
pb2	1270	9472
pb2	1271	9477
pb2	1272	9480
pb2	1273	9569
pb2	1274	9636
pb2	1275	9501
pb2	1276	9590
pb2	1277	9620
pb2	1278	9683
pb2	1279	9676
pb2	1280	9628
pb2	1281	9792
pb2	1282	9785
pb2	1283	9756
pb2	1284	9757
pb2	1285	9632
pb2	1286	9628
pb2	1287	9545
pb2	1288	9582
pb2	1289	9579
pb2	1290	9569
pb2	1291	9383
pb2	1292	9316
pb2	1293	9316
pb2	1294	9257
pb2	1295	9392
pb2	1296	9368
pb2	1297	9400
pb2	1298	9388
pb2	1299	9231
pb2	1300	9205
pb2	1301	9152
pb2	1302	9142
pb2	1303	9154
pb2	1304	8793
pb2	1305	8786
pb2	1306	8770
pb2	1307	8763
pb2	1308	8869
pb2	1309	8854
pb2	1310	8803
pb2	1311	8904
pb2	1312	8838
pb2	1313	8982
pb2	1314	8951
pb2	1315	8966
pb2	1316	8992
pb2	1317	8689
pb2	1318	8654
pb2	1319	8638
pb2	1320	8624
pb2	1321	8626
pb2	1322	8222
pb2	1323	8196
pb2	1324	8145
pb2	1325	7952
pb2	1326	8146
pb2	1327	8128
pb2	1328	8053
pb2	1329	8076
pb2	1330	7928
pb2	1331	7930
pb2	1332	7920
pb2	1333	7876
pb2	1334	7838
pb2	1335	7250
pb2	1336	7202
pb2	1337	6870
pb2	1338	7280
pb2	1339	7163
pb2	1340	7244
pb2	1341	7303
pb2	1342	7287
pb2	1343	7253
pb2	1344	7223
pb2	1345	7186
pb2	1346	7139
pb2	1347	6707
pb2	1348	5826
pb2	1349	5819
pb2	1350	5802
pb2	1351	5818
pb2	1352	5884
pb2	1353	5855
pb2	1354	5854
pb2	1355	5828
pb2	1356	5656
pb2	1357	5661
pb2	1358	5434
pb2	1359	5455
pb2	1360	5448
pb2	1361	5311
pb2	1362	5375
pb2	1363	5432
pb2	1364	5496
pb2	1365	5580
pb2	1366	5548
pb2	1367	5525
pb2	1368	5598
pb2	1369	5638
pb2	1370	5620
pb2	1371	5391
pb2	1372	5429
pb2	1373	5521
pb2	1374	5561
pb2	1375	5586
pb2	1376	5690
pb2	1377	5501
pb2	1378	5544
pb2	1379	5546
pb2	1380	5544
pb2	1381	5566
pb2	1382	5528
pb2	1383	5645
pb2	1384	5776
pb2	1385	5752
pb2	1386	5872
pb2	1387	5886
pb2	1388	6022
pb2	1389	6086
pb2	1390	6184
pb2	1391	6164
pb2	1392	6209
pb2	1393	6012
pb2	1394	6128
pb2	1395	6070
pb2	1396	6269
pb2	1397	6242
pb2	1398	6395
pb2	1399	6355
pb2	1400	6347
pb2	1401	6390
pb2	1402	6445
pb2	1403	6488
pb2	1404	6399
pb2	1405	6348
pb2	1406	6277
pb2	1407	6455
pb2	1408	6465
pb2	1409	6516
pb2	1410	6512
pb2	1411	6520
pb2	1412	6767
pb2	1413	6848
pb2	1414	6855
pb2	1415	6874
pb2	1416	6691
pb2	1417	6743
pb2	1418	6834
pb2	1419	7019
pb2	1420	7042
pb2	1421	6960
pb2	1422	6855
pb2	1423	6925
pb2	1424	7106
pb2	1425	7122
pb2	1426	7085
pb2	1427	7035
pb2	1428	7018
pb2	1429	7098
pb2	1430	7215
pb2	1431	7275
pb2	1432	7340
pb2	1433	7314
pb2	1434	7327
pb2	1435	7337
pb2	1436	7540
pb2	1437	7520
pb2	1438	7518
pb2	1439	7523
pb2	1440	7443
pb2	1441	7432
pb2	1442	7468
pb2	1443	7517
pb2	1444	7522
pb2	1445	7348
pb2	1446	7467
pb2	1447	7662
pb2	1448	7789
pb2	1449	7797
pb2	1450	7812
pb2	1451	7766
pb2	1452	7788
pb2	1453	7729
pb2	1454	7782
pb2	1455	7771
pb2	1456	7596
pb2	1457	7965
pb2	1458	7820
pb2	1459	7789
pb2	1460	7767
pb2	1461	7716
pb2	1462	7682
pb2	1463	7710
pb2	1464	7641
pb2	1465	7686
pb2	1466	7277
pb2	1467	7405
pb2	1468	7354
pb2	1469	7476
pb2	1470	7503
pb2	1471	7470
pb2	1472	7376
pb2	1473	7458
pb2	1474	7402
pb2	1475	7380
pb2	1476	7289
pb2	1477	7352
pb2	1478	7513
pb2	1479	7312
pb2	1480	7388
pb2	1481	7384
pb2	1482	7243
pb2	1483	7508
pb2	1484	7530
pb2	1485	7557
pb2	1486	7766
pb2	1487	7654
pb2	1488	7690
pb2	1489	7679
pb2	1490	7654
pb2	1491	9410
pb2	1492	9223
pb2	1493	9489
pb2	1494	9483
pb2	1495	9395
pb2	1496	9830
pb2	1497	9799
pb2	1498	9821
pb2	1499	9817
pb2	1500	8474
pb2	1501	8572
pb2	1502	8398
pb2	1503	8457
pb2	1504	8424
pb2	1505	8411
pb2	1506	8482
pb2	1507	8529
pb2	1508	8544
pb2	1509	8584
pb2	1510	9141
pb2	1511	9129
pb2	1512	9294
pb2	1513	9338
pb2	1514	9094
pb2	1515	9128
pb2	1516	9086
pb2	1517	9161
pb2	1518	9167
pb2	1519	8893
pb2	1520	8878
pb2	1521	8727
pb2	1522	8724
pb2	1523	8667
pb2	1524	8657
pb2	1525	8645
pb2	1526	8622
pb2	1527	8922
pb2	1528	8918
pb2	1529	8992
pb2	1530	9032
pb2	1531	9060
pb2	1532	9061
pb2	1533	9092
pb2	1534	9100
pb2	1535	9107
pb2	1536	8861
pb2	1537	9029
pb2	1538	9043
pb2	1539	9062
pb2	1540	9070
pb2	1541	9066
pb2	1542	9062
pb2	1543	9067
pb2	1544	9002
pb2	1545	9021
pb2	1546	8860
pb2	1547	8704
pb2	1548	8543
pb2	1549	8581
pb2	1550	8557
pb2	1551	8679
pb2	1552	8682
pb2	1553	8806
pb2	1554	8837
pb2	1555	8774
pb2	1556	9269
pb2	1557	9252
pb2	1558	9963
pb2	1559	9955
pb2	1560	9805
pb2	1561	9801
pb2	1562	9648
pb2	1563	9778
pb2	1564	9794
pb2	1565	9319
pb2	1566	9413
pb2	1567	8936
pb2	1568	9060
pb2	1569	8919
pb2	1570	9000
pb2	1571	8979
pb2	1572	8898
pb2	1573	8926
pb2	1574	8909
pb2	1575	8859
pb2	1576	8863
pb2	1577	8688
pb2	1578	8764
pb2	1579	8771
pb2	1580	8713
pb2	1581	8803
pb2	1582	8740
pb2	1583	8838
pb2	1584	8850
pb2	1585	8840
pb2	1586	8832
pb2	1587	8811
pb2	1588	8784
pb2	1589	8860
pb2	1590	8812
pb2	1591	8858
pb2	1592	8700
pb2	1593	8670
pb2	1594	8668
pb2	1595	8955
pb2	1596	8872
pb2	1597	8783
pb2	1598	8813
pb2	1599	8628
pb2	1600	8678
pb2	1601	8597
pb2	1602	8624
pb2	1603	8491
pb2	1604	8108
pb2	1605	8019
pb2	1606	8027
pb2	1607	7933
pb2	1608	7996
pb2	1609	7853
pb2	1610	7866
pb2	1611	7794
pb2	1612	7801
pb2	1613	7806
pb2	1614	7984
pb2	1615	7866
pb2	1616	7900
pb2	1617	7776
pb2	1618	7778
pb2	1619	7800
pb2	1620	7856
pb2	1621	7754
pb2	1622	7791
pb2	1623	7707
pb2	1624	7708
pb2	1625	7757
pb2	1626	7761
pb2	1627	7897
pb2	1628	7938
pb2	1629	7872
pb2	1630	7864
pb2	1631	7824
pb2	1632	7835
pb2	1633	7797
pb2	1634	7702
pb2	1635	7733
pb2	1636	7547
pb2	1637	7525
pb2	1638	7562
pb2	1639	7535
pb2	1640	7297
pb2	1641	7321
pb2	1642	7244
pb2	1643	7207
pb2	1644	7236
pb2	1645	7216
pb2	1646	7170
pb2	1647	7111
pb2	1648	7100
pb2	1649	7221
pb2	1650	7075
pb2	1651	7083
pb2	1652	7089
pb2	1653	6939
pb2	1654	6987
pb2	1655	6945
pb2	1656	6881
pb2	1657	6305
pb2	1658	6026
pb2	1659	6025
pb2	1660	6346
pb2	1661	6320
pb2	1662	6484
pb2	1663	6453
pb2	1664	6549
pb2	1665	6847
pb2	1666	6951
pb2	1667	6954
pb2	1668	7005
pb2	1669	6781
pb2	1670	7098
pb2	1671	7145
pb2	1672	7130
pb2	1673	7399
pb2	1674	7108
pb2	1675	7109
pb2	1676	7217
pb2	1677	7273
pb2	1678	7330
pb2	1679	6960
pb2	1680	7082
pb2	1681	6940
pb2	1682	6850
pb2	1683	6882
pb2	1684	6847
pb2	1685	6815
pb2	1686	6784
pb2	1687	7036
pb2	1688	7027
pb2	1689	6997
pb2	1690	6920
pb2	1691	6970
pb2	1692	6953
pb2	1693	6965
pb2	1694	6956
pb2	1695	7035
pb2	1696	6849
pb2	1697	6881
pb2	1698	6908
pb2	1699	6930
pb2	1700	6891
pb2	1701	6874
pb2	1702	6856
pb2	1703	6947
pb2	1704	6810
pb2	1705	6902
pb2	1706	6892
pb2	1707	6869
pb2	1708	6869
pb2	1709	6873
pb2	1710	6865
pb2	1711	6887
pb2	1712	6773
pb2	1713	6777
pb2	1714	6772
pb2	1715	6678
pb2	1716	6676
pb2	1717	6685
pb2	1718	6825
pb2	1719	6857
pb2	1720	6820
pb2	1721	6878
pb2	1722	6879
pb2	1723	6942
pb2	1724	6933
pb2	1725	6936
pb2	1726	6957
pb2	1727	6900
pb2	1728	6912
pb2	1729	6912
pb2	1730	6961
pb2	1731	6924
pb2	1732	6841
pb2	1733	6852
pb2	1734	6813
pb2	1735	7248
pb2	1736	7203
pb2	1737	7474
pb2	1738	7471
pb2	1739	7340
pb2	1740	8279
pb2	1741	8272
pb2	1742	8294
pb2	1743	8381
pb2	1744	7699
pb2	1745	7967
pb2	1746	7548
pb2	1747	7579
pb2	1748	7534
pb2	1749	6952
pb2	1750	6914
pb2	1751	6900
pb2	1752	6859
pb2	1753	6975
pb2	1754	6803
pb2	1755	6935
pb2	1756	6884
pb2	1757	6921
pb2	1758	6883
pb2	1759	6900
pb2	1760	6951
pb2	1761	6968
pb2	1762	6971
pb2	1763	6936
pb2	1764	7041
pb2	1765	7100
pb2	1766	7127
pb2	1767	7167
pb2	1768	7140
pb2	1769	7107
pb2	1770	7152
pb2	1771	7155
pb2	1772	7275
pb2	1773	7174
pb2	1774	7189
pb2	1775	7167
pb2	1776	7194
pb2	1777	7239
pb2	1778	7221
pb2	1779	7495
pb2	1780	7485
pb2	1781	7445
pb2	1782	7440
pb2	1783	7435
pb2	1784	7424
pb2	1785	7412
pb2	1786	7391
pb2	1787	7347
pb2	1788	7108
pb2	1789	7145
pb2	1790	7133
pb2	1791	7113
pb2	1792	7072
pb2	1793	7100
pb2	1794	7152
pb2	1795	7575
pb2	1796	7676
pb2	1797	7631
pb2	1798	7678
pb2	1799	7640
pb2	1800	7936
pb2	1801	7974
pb2	1802	7874
pb2	1803	7901
pb2	1804	6856
pb2	1805	6877
pb2	1806	6794
pb2	1807	6917
pb2	1808	6917
pb2	1809	6786
pb2	1810	6613
pb2	1811	6738
pb2	1812	6838
pb2	1813	6854
pb2	1814	6839
pb2	1815	6874
pb2	1816	6788
pb2	1817	6846
pb2	1818	6792
pb2	1819	6728
pb2	1820	6799
pb2	1821	6636
pb2	1822	6741
pb2	1823	6659
pb2	1824	6763
pb2	1825	6701
pb2	1826	6658
pb2	1827	6652
pb2	1828	6653
pb2	1829	6448
pb2	1830	6461
pb2	1831	6360
pb2	1832	6174
pb2	1833	5986
pb2	1834	5946
pb2	1835	6001
pb2	1836	5968
pb2	1837	5951
pb2	1838	5943
pb2	1839	5926
pb2	1840	5977
pb2	1841	6014
pb2	1842	6003
pb2	1843	6096
pb2	1844	6060
pb2	1845	6169
pb2	1846	6183
pb2	1847	6139
pb2	1848	6117
pb2	1849	6107
pb2	1850	6095
pb2	1851	6074
pb2	1852	5957
pb2	1853	6055
pb2	1854	6193
pb2	1855	6184
pb2	1856	6203
pb2	1857	6212
pb2	1858	6190
pb2	1859	6155
pb2	1860	6145
pb2	1861	6033
pb2	1862	6093
pb2	1863	5665
pb2	1864	6080
pb2	1865	6092
pb2	1866	6106
pb2	1867	6116
pb2	1868	6005
pb2	1869	6058
pb2	1870	6046
pb2	1871	6265
pb2	1872	6153
pb2	1873	5623
pb2	1874	5609
pb2	1875	5609
pb2	1876	5576
pb2	1877	5531
pb2	1878	5467
pb2	1879	5584
pb2	1880	5298
pb2	1881	5397
pb2	1882	5442
pb2	1883	5413
pb2	1884	5546
pb2	1885	5575
pb2	1886	5600
pb2	1887	5654
pb2	1888	5610
pb2	1889	5639
pb2	1890	5654
pb2	1891	5746
pb2	1892	5764
pb2	1893	5736
pb2	1894	5732
pb2	1895	5760
pb2	1896	5737
pb2	1897	5799
pb2	1898	5810
pb2	1899	5818
pb2	1900	5860
pb2	1901	5876
pb2	1902	5856
pb2	1903	5887
pb2	1904	5845
pb2	1905	5829
pb2	1906	5925
pb2	1907	5897
pb2	1908	5959
pb2	1909	5952
pb2	1910	5903
pb2	1911	5980
pb2	1912	5966
pb2	1913	6117
pb2	1914	6113
pb2	1915	5942
pb2	1916	5977
pb2	1917	5857
pb2	1918	5944
pb2	1919	5901
pb2	1920	5852
pb2	1921	5907
pb2	1922	5745
pb2	1923	5812
pb2	1924	5792
pb2	1925	5943
pb2	1926	5947
pb2	1927	5781
pb2	1928	5911
pb2	1929	5936
pb2	1930	5867
pb2	1931	5948
pb2	1932	5909
pb2	1933	5883
pb2	1934	5776
pb2	1935	5808
pb2	1936	5693
pb2	1937	5768
pb2	1938	5664
pb2	1939	5686
pb2	1940	5612
pb2	1941	5751
pb2	1942	5754
pb2	1943	5738
pb2	1944	5729
pb2	1945	5753
pb2	1946	5655
pb2	1947	5692
pb2	1948	5652
pb2	1949	5656
pb2	1950	5565
pb2	1951	5583
pb2	1952	5741
pb2	1953	5708
pb2	1954	5697
pb2	1955	5703
pb2	1956	5693
pb2	1957	5869
pb2	1958	5886
pb2	1959	5843
pb2	1960	5810
pb2	1961	5643
pb2	1962	5654
pb2	1963	5597
pb2	1964	5734
pb2	1965	5685
pb2	1966	5460
pb2	1967	5422
pb2	1968	5456
pb2	1969	5473
pb2	1970	5217
pb2	1971	5409
pb2	1972	5424
pb2	1973	5250
pb2	1974	5238
pb2	1975	5130
pb2	1976	5141
pb2	1977	5119
pb2	1978	5096
pb2	1979	5082
pb2	1980	4965
pb2	1981	4846
pb2	1982	4962
pb2	1983	4945
pb2	1984	4947
pb2	1985	5109
pb2	1986	5028
pb2	1987	5095
pb2	1988	5088
pb2	1989	5013
pb2	1990	5212
pb2	1991	5057
pb2	1992	5117
pb2	1993	5108
pb2	1994	4953
pb2	1995	5091
pb2	1996	5072
pb2	1997	5201
pb2	1998	5474
pb2	1999	5340
pb2	2000	5434
pb2	2001	5532
pb2	2002	5518
pb2	2003	5505
pb2	2004	5480
pb2	2005	5344
pb2	2006	5269
pb2	2007	5293
pb2	2008	5372
pb2	2009	5363
pb2	2010	5318
pb2	2011	5341
pb2	2012	5421
pb2	2013	5428
pb2	2014	5434
pb2	2015	5409
pb2	2016	5465
pb2	2017	5383
pb2	2018	5460
pb2	2019	5500
pb2	2020	5487
pb2	2021	5473
pb2	2022	5527
pb2	2023	5518
pb2	2024	5544
pb2	2025	5531
pb2	2026	5722
pb2	2027	5657
pb2	2028	5659
pb2	2029	5713
pb2	2030	5693
pb2	2031	5731
pb2	2032	5754
pb2	2033	5782
pb2	2034	5793
pb2	2035	5620
pb2	2036	5616
pb2	2037	5598
pb2	2038	5622
pb2	2039	5589
pb2	2040	5590
pb2	2041	5575
pb2	2042	5629
pb2	2043	5594
pb2	2044	5655
pb2	2045	5712
pb2	2046	5711
pb2	2047	5786
pb2	2048	5780
pb2	2049	5762
pb2	2050	5756
pb2	2051	5677
pb2	2052	5698
pb2	2053	5559
pb2	2054	5583
pb2	2055	5463
pb2	2056	5403
pb2	2057	5372
pb2	2058	5333
pb2	2059	5332
pb2	2060	5306
pb2	2061	5288
pb2	2062	5211
pb2	2063	5176
pb2	2064	5154
pb2	2065	5252
pb2	2066	5263
pb2	2067	5268
pb2	2068	5263
pb2	2069	5084
pb2	2070	5068
pb2	2071	5089
pb2	2072	5100
pb2	2073	5081
pb2	2074	4911
pb2	2075	4974
pb2	2076	4948
pb2	2077	5050
pb2	2078	5087
pb2	2079	5030
pb2	2080	5121
pb2	2081	5126
pb2	2082	5110
pb2	2083	5153
pb2	2084	5003
pb2	2085	5018
pb2	2086	4983
pb2	2087	4820
pb2	2088	4843
pb2	2089	4677
pb2	2090	4746
pb2	2091	4710
pb2	2092	4725
pb2	2093	4603
pb2	2094	4512
pb2	2095	4853
pb2	2096	4736
pb2	2097	4786
pb2	2098	4808
pb2	2099	4811
pb2	2100	4808
pb2	2101	4792
pb2	2102	4811
pb2	2103	4731
pb2	2104	4524
pb2	2105	4474
pb2	2106	4445
pb2	2107	4477
pb2	2108	4544
pb2	2109	4590
pb2	2110	4596
pb2	2111	4569
pb2	2112	4583
pb2	2113	4558
pb2	2114	4512
pb2	2115	4552
pb2	2116	4570
pb2	2117	4579
pb2	2118	4640
pb2	2119	4675
pb2	2120	4706
pb2	2121	4709
pb2	2122	4704
pb2	2123	4734
pb2	2124	4733
pb2	2125	4850
pb2	2126	4856
pb2	2127	4879
pb2	2128	4938
pb2	2129	4928
pb2	2130	4994
pb2	2131	4979
pb2	2132	4964
pb2	2133	5018
pb2	2134	5059
pb2	2135	5191
pb2	2136	5176
pb2	2137	5112
pb2	2138	5094
pb2	2139	5001
pb2	2140	5041
pb2	2141	5319
pb2	2142	5283
pb2	2143	5129
pb2	2144	5092
pb2	2145	5023
pb2	2146	5185
pb2	2147	5213
pb2	2148	5215
pb2	2149	5264
pb2	2150	4918
pb2	2151	4929
pb2	2152	4936
pb2	2153	5022
pb2	2154	5024
pb2	2155	4801
pb2	2156	4849
pb2	2157	4800
pb2	2158	4762
pb2	2159	4749
pb2	2160	4721
pb2	2161	4780
pb2	2162	4631
pb2	2163	4662
pb2	2164	4660
pb2	2165	4533
pb2	2166	4573
pb2	2167	4554
pb2	2168	4557
pb2	2169	4558
pb2	2170	4467
pb2	2171	4570
pb2	2172	4491
pb2	2173	4468
pb2	2174	4455
pb2	2175	4435
pb2	2176	4432
pb2	2177	4420
pb2	2178	4379
pb2	2179	4357
pb2	2180	4093
pb2	2181	4125
pb2	2182	4088
pb2	2183	4072
pb2	2184	3984
pb2	2185	4012
pb2	2186	3985
pb2	2187	3992
pb2	2188	3980
pb2	2189	3976
pb2	2190	3942
pb2	2191	3892
pb2	2192	3811
pb2	2193	3709
pb2	2194	3653
pb2	2195	3625
pb2	2196	3531
pb2	2197	3578
pb2	2198	3388
pb2	2199	3278
pb2	2200	3208
pb2	2201	3132
pb2	2202	3133
pb2	2203	3091
pb2	2204	3053
pb2	2205	2994
pb2	2206	2880
pb2	2207	2826
pb2	2208	2818
pb2	2209	2791
pb2	2210	2763
pb2	2211	2739
pb2	2212	2761
pb2	2213	2805
pb2	2214	2769
pb2	2215	2745
pb2	2216	2691
pb2	2217	2676
pb2	2218	2674
pb2	2219	2671
pb2	2220	2607
pb2	2221	2682
pb2	2222	2496
pb2	2223	2547
pb2	2224	2334
pb2	2225	2261
pb2	2226	2335
pb2	2227	2335
pb2	2228	2279
pb2	2229	2373
pb2	2230	2394
pb2	2231	2411
pb2	2232	2457
pb2	2233	2573
pb2	2234	2576
pb2	2235	2570
pb2	2236	2630
pb2	2237	2697
pb2	2238	2734
pb2	2239	2946
pb2	2240	2976
pb2	2241	2974
pb2	2242	3080
pb2	2243	3104
pb2	2244	3156
pb2	2245	3167
pb2	2246	3155
pb2	2247	3202
pb2	2248	3127
pb2	2249	3364
pb2	2250	3341
pb2	2251	3391
pb2	2252	3432
pb2	2253	3448
pb2	2254	3442
pb2	2255	3483
pb2	2256	3486
pb2	2257	3623
pb2	2258	3449
pb2	2259	3468
pb2	2260	3450
pb2	2261	3468
pb2	2262	3453
pb2	2263	3455
pb2	2264	3427
pb2	2265	3434
pb2	2266	3371
pb2	2267	3404
pb2	2268	3412
pb2	2269	3411
pb2	2270	3410
pb2	2271	3425
pb2	2272	3428
pb2	2273	3434
pb2	2274	3375
pb2	2275	3376
pb2	2276	3338
pb2	2277	3344
pb2	2278	3329
pb2	2279	3324
pb2	2280	3319
pb2	2281	3315
pb2	2282	3324
pb2	2283	3322
pb2	2284	3314
pb2	2285	3321
pb2	2286	3272
pb2	2287	3260
pb2	2288	3247
pb2	2289	3257
pb2	2290	3256
pb2	2291	3193
pb2	2292	3187
pb2	2293	3180
pb2	2294	3068
pb2	2295	3055
pb2	2296	3037
pb2	2297	3031
pb2	2298	3027
pb2	2299	3012
pb2	2300	3005
pb2	2301	3000
pb2	2302	2982
pb2	2303	2960
pb2	2304	2902
pb2	2305	2791
pb2	2306	2517
pb2	2307	2495
pb2	2308	2359
pb2	2309	2347
pb2	2310	2261
pb2	2311	2122
pb2	2312	2108
pb2	2313	2085
pb2	2314	2012
pb2	2315	1990
pb2	2316	1683
pb2	2317	1629
pb2	2318	1553
pb2	2319	1552
pb2	2320	1544
pb2	2321	1499
pb2	2322	1493
pb2	2323	1484
pb2	2324	1471
pb2	2325	1428
pb2	2326	899
pb2	2327	858
pb2	2328	831
pb2	2329	829
pb2	2330	813
pb2	2331	791
pb2	2332	782
pb2	2333	780
pb2	2334	768
pb2	2335	766
pb2	2336	760
pb2	2337	621
pb2	2338	587
pb2	2339	580
pb2	2340	575
pb2	2341	80
pa	1	482
pa	2	594
pa	3	602
pa	4	604
pa	5	649
pa	6	666
pa	7	1159
pa	8	1184
pa	9	1210
pa	10	1212
pa	11	1234
pa	12	1302
pa	13	1315
pa	14	1322
pa	15	1324
pa	16	1325
pa	17	1388
pa	18	1430
pa	19	1445
pa	20	1454
pa	21	1459
pa	22	1468
pa	23	1507
pa	24	1516
pa	25	1658
pa	26	1668
pa	27	1705
pa	28	1714
pa	29	1726
pa	30	1727
pa	31	1749
pa	32	1795
pa	33	1816
pa	34	1827
pa	35	1877
pa	36	1889
pa	37	1923
pa	38	1927
pa	39	1943
pa	40	1962
pa	41	1968
pa	42	2007
pa	43	2025
pa	44	2032
pa	45	2042
pa	46	2051
pa	47	2131
pa	48	2169
pa	49	2172
pa	50	2183
pa	51	2186
pa	52	2190
pa	53	2264
pa	54	2268
pa	55	2286
pa	56	2275
pa	57	2260
pa	58	2249
pa	59	2249
pa	60	2245
pa	61	2241
pa	62	2192
pa	63	2197
pa	64	2197
pa	65	2190
pa	66	2194
pa	67	2193
pa	68	2203
pa	69	2203
pa	70	2197
pa	71	2186
pa	72	2192
pa	73	2203
pa	74	2209
pa	75	2216
pa	76	2221
pa	77	2200
pa	78	2178
pa	79	2161
pa	80	2149
pa	81	2218
pa	82	2203
pa	83	2198
pa	84	2175
pa	85	2148
pa	86	2137
pa	87	2211
pa	88	2219
pa	89	2144
pa	90	2080
pa	91	2161
pa	92	2175
pa	93	2232
pa	94	2210
pa	95	2211
pa	96	2188
pa	97	2162
pa	98	2166
pa	99	2153
pa	100	2127
pa	101	2092
pa	102	1991
pa	103	1994
pa	104	2004
pa	105	2013
pa	106	2019
pa	107	1996
pa	108	1987
pa	109	1994
pa	110	1976
pa	111	1979
pa	112	1946
pa	113	1937
pa	114	1926
pa	115	1910
pa	116	1933
pa	117	1918
pa	118	1912
pa	119	1928
pa	120	1926
pa	121	1953
pa	122	1934
pa	123	1940
pa	124	1925
pa	125	1909
pa	126	1911
pa	127	1905
pa	128	1907
pa	129	1902
pa	130	1888
pa	131	1956
pa	132	1948
pa	133	2073
pa	134	2102
pa	135	2143
pa	136	2162
pa	137	2149
pa	138	2198
pa	139	2197
pa	140	2167
pa	141	2164
pa	142	2091
pa	143	2106
pa	144	2054
pa	145	2321
pa	146	2343
pa	147	2341
pa	148	2358
pa	149	2351
pa	150	2354
pa	151	2368
pa	152	2353
pa	153	2370
pa	154	2366
pa	155	2250
pa	156	2291
pa	157	2285
pa	158	2441
pa	159	2429
pa	160	2434
pa	161	2462
pa	162	2471
pa	163	2459
pa	164	2446
pa	165	2496
pa	166	2466
pa	167	2392
pa	168	2389
pa	169	2400
pa	170	2408
pa	171	2411
pa	172	2458
pa	173	2459
pa	174	2426
pa	175	2449
pa	176	2466
pa	177	2505
pa	178	2507
pa	179	2505
pa	180	2513
pa	181	2516
pa	182	2613
pa	183	2653
pa	184	2660
pa	185	2731
pa	186	2727
pa	187	2772
pa	188	2768
pa	189	2762
pa	190	2789
pa	191	2736
pa	192	2737
pa	193	2735
pa	194	2701
pa	195	2711
pa	196	2701
pa	197	2713
pa	198	2716
pa	199	2719
pa	200	2753
pa	201	2757
pa	202	2761
pa	203	2784
pa	204	2744
pa	205	2748
pa	206	2721
pa	207	2697
pa	208	2792
pa	209	2719
pa	210	2615
pa	211	2531
pa	212	2493
pa	213	2512
pa	214	2527
pa	215	2508
pa	216	2502
pa	217	2483
pa	218	2498
pa	219	2510
pa	220	2537
pa	221	2553
pa	222	2554
pa	223	2561
pa	224	2608
pa	225	2654
pa	226	2687
pa	227	2713
pa	228	2729
pa	229	2747
pa	230	2848
pa	231	2849
pa	232	2905
pa	233	2910
pa	234	2883
pa	235	3176
pa	236	3150
pa	237	3256
pa	238	3266
pa	239	3204
pa	240	3212
pa	241	3184
pa	242	3170
pa	243	3206
pa	244	3041
pa	245	3045
pa	246	3003
pa	247	2992
pa	248	3026
pa	249	3081
pa	250	3086
pa	251	3102
pa	252	3095
pa	253	3105
pa	254	3118
pa	255	3126
pa	256	3113
pa	257	3067
pa	258	2990
pa	259	3047
pa	260	3055
pa	261	3062
pa	262	3090
pa	263	3088
pa	264	3090
pa	265	3175
pa	266	3174
pa	267	3139
pa	268	3073
pa	269	3085
pa	270	3185
pa	271	3198
pa	272	3199
pa	273	3216
pa	274	3131
pa	275	3263
pa	276	3305
pa	277	3419
pa	278	3429
pa	279	3312
pa	280	3309
pa	281	3320
pa	282	3552
pa	283	3585
pa	284	3544
pa	285	3550
pa	286	3504
pa	287	3600
pa	288	3624
pa	289	3626
pa	290	3647
pa	291	3434
pa	292	3740
pa	293	3746
pa	294	3968
pa	295	4031
pa	296	3977
pa	297	4023
pa	298	4047
pa	299	4043
pa	300	4061
pa	301	3740
pa	302	3788
pa	303	3665
pa	304	3692
pa	305	3699
pa	306	3822
pa	307	3833
pa	308	3866
pa	309	3874
pa	310	3841
pa	311	3844
pa	312	3886
pa	313	3810
pa	314	3857
pa	315	3760
pa	316	3741
pa	317	3762
pa	318	3768
pa	319	3794
pa	320	3807
pa	321	3759
pa	322	3785
pa	323	3773
pa	324	3810
pa	325	3831
pa	326	3833
pa	327	3849
pa	328	3831
pa	329	3817
pa	330	3869
pa	331	3917
pa	332	3912
pa	333	3888
pa	334	3888
pa	335	3906
pa	336	3955
pa	337	3948
pa	338	3991
pa	339	3968
pa	340	3918
pa	341	3992
pa	342	3999
pa	343	4006
pa	344	3980
pa	345	3911
pa	346	4035
pa	347	4042
pa	348	4029
pa	349	4069
pa	350	4030
pa	351	4154
pa	352	4149
pa	353	4133
pa	354	4148
pa	355	4092
pa	356	4397
pa	357	4401
pa	358	4421
pa	359	4427
pa	360	4400
pa	361	4395
pa	362	4398
pa	363	4406
pa	364	4416
pa	365	4125
pa	366	4095
pa	367	4042
pa	368	4023
pa	369	4016
pa	370	3936
pa	371	3949
pa	372	3922
pa	373	3897
pa	374	3894
pa	375	3889
pa	376	3871
pa	377	3854
pa	378	3833
pa	379	3838
pa	380	3810
pa	381	3839
pa	382	3835
pa	383	3830
pa	384	3832
pa	385	3824
pa	386	3859
pa	387	3858
pa	388	3862
pa	389	3766
pa	390	3759
pa	391	3739
pa	392	3791
pa	393	3778
pa	394	3776
pa	395	3741
pa	396	3778
pa	397	3747
pa	398	3762
pa	399	3701
pa	400	3708
pa	401	3537
pa	402	3675
pa	403	3921
pa	404	3886
pa	405	3998
pa	406	4011
pa	407	3998
pa	408	4005
pa	409	4254
pa	410	4317
pa	411	4300
pa	412	4016
pa	413	3891
pa	414	3767
pa	415	3729
pa	416	3933
pa	417	3944
pa	418	3717
pa	419	3640
pa	420	3416
pa	421	3464
pa	422	3452
pa	423	3464
pa	424	3423
pa	425	3299
pa	426	3294
pa	427	3329
pa	428	3341
pa	429	3341
pa	430	3314
pa	431	3313
pa	432	3319
pa	433	3320
pa	434	3326
pa	435	3400
pa	436	3419
pa	437	3416
pa	438	3411
pa	439	3418
pa	440	3431
pa	441	3426
pa	442	3433
pa	443	3455
pa	444	3423
pa	445	3433
pa	446	3462
pa	447	3488
pa	448	3512
pa	449	3510
pa	450	3531
pa	451	3541
pa	452	3567
pa	453	3532
pa	454	3577
pa	455	3513
pa	456	3694
pa	457	3661
pa	458	3698
pa	459	3705
pa	460	3689
pa	461	3641
pa	462	3679
pa	463	3635
pa	464	3663
pa	465	3564
pa	466	3411
pa	467	3406
pa	468	3470
pa	469	3452
pa	470	3531
pa	471	3531
pa	472	3535
pa	473	3525
pa	474	3519
pa	475	3567
pa	476	3590
pa	477	3547
pa	478	3585
pa	479	3613
pa	480	3580
pa	481	3630
pa	482	3635
pa	483	3636
pa	484	3771
pa	485	3780
pa	486	3797
pa	487	3726
pa	488	3676
pa	489	3702
pa	490	3703
pa	491	3712
pa	492	3745
pa	493	3712
pa	494	3789
pa	495	3777
pa	496	3836
pa	497	3838
pa	498	3803
pa	499	3834
pa	500	3849
pa	501	3736
pa	502	3874
pa	503	3802
pa	504	3841
pa	505	3774
pa	506	3751
pa	507	3747
pa	508	3679
pa	509	3724
pa	510	3692
pa	511	3553
pa	512	3501
pa	513	3455
pa	514	3471
pa	515	3454
pa	516	3456
pa	517	3469
pa	518	3425
pa	519	3410
pa	520	3413
pa	521	3396
pa	522	3385
pa	523	3364
pa	524	3376
pa	525	3368
pa	526	3313
pa	527	3346
pa	528	3340
pa	529	3348
pa	530	3345
pa	531	3314
pa	532	3306
pa	533	3333
pa	534	3503
pa	535	3492
pa	536	3414
pa	537	3407
pa	538	3392
pa	539	3414
pa	540	3370
pa	541	3331
pa	542	3319
pa	543	3068
pa	544	2967
pa	545	3020
pa	546	3035
pa	547	3043
pa	548	2964
pa	549	3038
pa	550	3033
pa	551	3030
pa	552	3076
pa	553	2958
pa	554	3220
pa	555	3076
pa	556	3060
pa	557	3058
pa	558	2896
pa	559	2892
pa	560	2945
pa	561	2880
pa	562	2887
pa	563	2504
pa	564	2504
pa	565	2578
pa	566	2579
pa	567	2580
pa	568	2548
pa	569	2445
pa	570	2486
pa	571	2493
pa	572	2487
pa	573	2495
pa	574	2470
pa	575	2518
pa	576	2527
pa	577	2521
pa	578	2529
pa	579	2514
pa	580	2650
pa	581	2772
pa	582	2743
pa	583	2785
pa	584	2738
pa	585	2786
pa	586	2793
pa	587	2782
pa	588	2784
pa	589	2671
pa	590	2508
pa	591	2507
pa	592	2479
pa	593	2591
pa	594	2554
pa	595	2536
pa	596	2534
pa	597	2524
pa	598	2545
pa	599	2575
pa	600	2577
pa	601	2585
pa	602	2510
pa	603	2575
pa	604	2586
pa	605	2596
pa	606	2605
pa	607	2611
pa	608	2604
pa	609	2584
pa	610	2569
pa	611	2579
pa	612	2459
pa	613	2484
pa	614	2492
pa	615	2484
pa	616	2497
pa	617	2474
pa	618	2461
pa	619	2468
pa	620	2463
pa	621	2457
pa	622	2395
pa	623	2431
pa	624	2426
pa	625	2458
pa	626	2453
pa	627	2467
pa	628	2481
pa	629	2439
pa	630	2398
pa	631	2397
pa	632	2356
pa	633	2332
pa	634	2243
pa	635	2298
pa	636	2294
pa	637	2270
pa	638	2283
pa	639	2297
pa	640	2292
pa	641	2290
pa	642	2285
pa	643	2262
pa	644	2235
pa	645	2349
pa	646	2294
pa	647	2309
pa	648	2295
pa	649	2301
pa	650	2301
pa	651	2291
pa	652	2302
pa	653	2311
pa	654	2135
pa	655	2124
pa	656	2103
pa	657	2121
pa	658	2113
pa	659	2106
pa	660	2105
pa	661	2058
pa	662	2090
pa	663	2098
pa	664	2090
pa	665	2069
pa	666	2063
pa	667	2079
pa	668	2086
pa	669	2083
pa	670	2085
pa	671	2087
pa	672	2115
pa	673	2114
pa	674	2103
pa	675	2099
pa	676	2091
pa	677	2142
pa	678	2145
pa	679	2132
pa	680	2107
pa	681	2121
pa	682	2128
pa	683	2120
pa	684	2096
pa	685	2096
pa	686	2062
pa	687	2058
pa	688	2039
pa	689	2030
pa	690	2046
pa	691	2004
pa	692	2047
pa	693	2064
pa	694	2036
pa	695	2048
pa	696	2038
pa	697	1981
pa	698	2020
pa	699	2010
pa	700	2025
pa	701	1984
pa	702	1979
pa	703	1993
pa	704	1991
pa	705	1998
pa	706	1986
pa	707	1952
pa	708	2065
pa	709	2013
pa	710	2015
pa	711	2012
pa	712	2013
pa	713	2042
pa	714	2087
pa	715	2166
pa	716	2141
pa	717	2080
pa	718	2050
pa	719	2137
pa	720	2147
pa	721	2162
pa	722	2140
pa	723	2160
pa	724	2104
pa	725	2094
pa	726	2058
pa	727	2017
pa	728	2050
pa	729	2056
pa	730	2034
pa	731	2049
pa	732	2026
pa	733	2031
pa	734	2027
pa	735	2019
pa	736	2028
pa	737	1933
pa	738	1938
pa	739	1927
pa	740	1921
pa	741	1931
pa	742	1919
pa	743	1982
pa	744	1989
pa	745	1973
pa	746	2049
pa	747	2066
pa	748	2082
pa	749	2086
pa	750	2066
pa	751	2097
pa	752	1998
pa	753	2033
pa	754	2034
pa	755	2001
pa	756	1974
pa	757	1956
pa	758	1957
pa	759	1981
pa	760	1984
pa	761	1958
pa	762	1954
pa	763	1978
pa	764	1973
pa	765	1969
pa	766	1982
pa	767	1963
pa	768	1938
pa	769	1939
pa	770	1920
pa	771	1986
pa	772	1969
pa	773	1988
pa	774	1992
pa	775	1975
pa	776	1967
pa	777	1961
pa	778	1986
pa	779	1973
pa	780	1859
pa	781	1880
pa	782	1844
pa	783	1871
pa	784	1854
pa	785	1838
pa	786	1851
pa	787	1823
pa	788	1840
pa	789	1831
pa	790	1824
pa	791	1858
pa	792	1866
pa	793	1858
pa	794	1856
pa	795	1799
pa	796	1780
pa	797	1730
pa	798	1718
pa	799	1721
pa	800	1665
pa	801	1655
pa	802	1706
pa	803	1729
pa	804	1772
pa	805	1777
pa	806	1776
pa	807	1785
pa	808	1770
pa	809	1818
pa	810	1815
pa	811	1756
pa	812	1786
pa	813	1722
pa	814	1746
pa	815	1802
pa	816	1759
pa	817	1765
pa	818	1694
pa	819	1635
pa	820	1636
pa	821	1622
pa	822	1622
pa	823	1593
pa	824	1719
pa	825	1715
pa	826	1795
pa	827	1785
pa	828	1852
pa	829	1866
pa	830	1875
pa	831	1870
pa	832	1881
pa	833	1767
pa	834	1821
pa	835	1801
pa	836	1806
pa	837	1791
pa	838	1841
pa	839	1853
pa	840	1876
pa	841	1904
pa	842	1917
pa	843	1933
pa	844	1937
pa	845	1955
pa	846	2041
pa	847	2049
pa	848	2067
pa	849	2068
pa	850	2070
pa	851	2161
pa	852	2165
pa	853	2165
pa	854	2152
pa	855	2097
pa	856	2112
pa	857	2099
pa	858	2107
pa	859	2119
pa	860	2085
pa	861	2127
pa	862	2132
pa	863	2188
pa	864	2215
pa	865	2240
pa	866	2263
pa	867	2274
pa	868	2284
pa	869	2299
pa	870	2290
pa	871	2295
pa	872	2279
pa	873	2301
pa	874	2293
pa	875	2274
pa	876	2328
pa	877	2334
pa	878	2337
pa	879	2338
pa	880	2342
pa	881	2344
pa	882	2336
pa	883	2375
pa	884	2435
pa	885	2418
pa	886	2441
pa	887	2446
pa	888	2474
pa	889	2505
pa	890	2490
pa	891	2492
pa	892	2481
pa	893	2384
pa	894	2378
pa	895	2368
pa	896	2445
pa	897	2441
pa	898	2391
pa	899	2458
pa	900	2449
pa	901	2457
pa	902	2449
pa	903	2446
pa	904	2447
pa	905	2412
pa	906	2450
pa	907	2433
pa	908	2409
pa	909	2364
pa	910	2404
pa	911	2439
pa	912	2457
pa	913	2474
pa	914	2463
pa	915	2434
pa	916	2449
pa	917	2452
pa	918	2496
pa	919	2484
pa	920	2466
pa	921	2396
pa	922	2432
pa	923	2426
pa	924	2502
pa	925	2549
pa	926	2687
pa	927	2680
pa	928	2658
pa	929	2653
pa	930	2650
pa	931	2935
pa	932	2904
pa	933	2781
pa	934	2835
pa	935	2673
pa	936	2804
pa	937	2801
pa	938	2803
pa	939	2806
pa	940	2480
pa	941	2574
pa	942	2571
pa	943	2557
pa	944	2563
pa	945	2475
pa	946	2492
pa	947	2492
pa	948	2497
pa	949	2491
pa	950	2406
pa	951	2406
pa	952	2399
pa	953	2403
pa	954	2402
pa	955	2382
pa	956	2384
pa	957	2395
pa	958	2407
pa	959	2404
pa	960	2414
pa	961	2425
pa	962	2436
pa	963	2443
pa	964	2454
pa	965	2485
pa	966	2515
pa	967	2550
pa	968	2584
pa	969	2605
pa	970	2632
pa	971	2661
pa	972	2667
pa	973	2662
pa	974	2800
pa	975	2903
pa	976	3046
pa	977	3037
pa	978	3031
pa	979	3104
pa	980	3176
pa	981	3419
pa	982	3419
pa	983	3402
pa	984	3500
pa	985	3610
pa	986	3821
pa	987	3819
pa	988	3922
pa	989	3987
pa	990	4193
pa	991	4225
pa	992	4229
pa	993	4212
pa	994	4141
pa	995	4115
pa	996	4073
pa	997	4140
pa	998	4113
pa	999	4056
pa	1000	4481
pa	1001	4497
pa	1002	4530
pa	1003	4570
pa	1004	4551
pa	1005	4554
pa	1006	4543
pa	1007	4548
pa	1008	4711
pa	1009	4845
pa	1010	5057
pa	1011	5080
pa	1012	5080
pa	1013	5079
pa	1014	5069
pa	1015	5294
pa	1016	5427
pa	1017	5932
pa	1018	5884
pa	1019	5897
pa	1020	5908
pa	1021	6127
pa	1022	6254
pa	1023	6307
pa	1024	6238
pa	1025	6383
pa	1026	6258
pa	1027	6497
pa	1028	6486
pa	1029	6627
pa	1030	6634
pa	1031	6592
pa	1032	6701
pa	1033	6785
pa	1034	6802
pa	1035	6805
pa	1036	6786
pa	1037	6839
pa	1038	6884
pa	1039	6912
pa	1040	6927
pa	1041	6927
pa	1042	6872
pa	1043	6844
pa	1044	6896
pa	1045	6997
pa	1046	7065
pa	1047	7087
pa	1048	7112
pa	1049	7176
pa	1050	7201
pa	1051	7257
pa	1052	7273
pa	1053	7203
pa	1054	7227
pa	1055	7110
pa	1056	7131
pa	1057	7751
pa	1058	7711
pa	1059	7751
pa	1060	7724
pa	1061	7711
pa	1062	7760
pa	1063	7780
pa	1064	7743
pa	1065	7819
pa	1066	7256
pa	1067	7232
pa	1068	7227
pa	1069	7250
pa	1070	7177
pa	1071	7084
pa	1072	7014
pa	1073	6943
pa	1074	6761
pa	1075	6738
pa	1076	6669
pa	1077	6677
pa	1078	6697
pa	1079	6591
pa	1080	6605
pa	1081	6548
pa	1082	6507
pa	1083	6411
pa	1084	6372
pa	1085	6409
pa	1086	6465
pa	1087	6414
pa	1088	6378
pa	1089	6337
pa	1090	6319
pa	1091	6288
pa	1092	6383
pa	1093	6286
pa	1094	6216
pa	1095	6143
pa	1096	6123
pa	1097	6062
pa	1098	6156
pa	1099	6109
pa	1100	6075
pa	1101	5909
pa	1102	5858
pa	1103	5830
pa	1104	5994
pa	1105	5939
pa	1106	5851
pa	1107	5819
pa	1108	5574
pa	1109	5538
pa	1110	5417
pa	1111	5367
pa	1112	5372
pa	1113	5106
pa	1114	5101
pa	1115	5108
pa	1116	5062
pa	1117	5574
pa	1118	5464
pa	1119	5520
pa	1120	5510
pa	1121	5477
pa	1122	5323
pa	1123	5319
pa	1124	5366
pa	1125	5396
pa	1126	4844
pa	1127	4918
pa	1128	4882
pa	1129	4899
pa	1130	4937
pa	1131	4839
pa	1132	4964
pa	1133	4879
pa	1134	4925
pa	1135	5298
pa	1136	5354
pa	1137	5328
pa	1138	5364
pa	1139	5328
pa	1140	5531
pa	1141	5432
pa	1142	5494
pa	1143	5500
pa	1144	5261
pa	1145	5245
pa	1146	5252
pa	1147	5310
pa	1148	5295
pa	1149	5196
pa	1150	5248
pa	1151	5222
pa	1152	5268
pa	1153	5304
pa	1154	5262
pa	1155	5256
pa	1156	5335
pa	1157	5334
pa	1158	5345
pa	1159	5414
pa	1160	5432
pa	1161	5477
pa	1162	5544
pa	1163	5675
pa	1164	5725
pa	1165	5712
pa	1166	5742
pa	1167	5755
pa	1168	5898
pa	1169	5883
pa	1170	6032
pa	1171	6093
pa	1172	5998
pa	1173	6269
pa	1174	6324
pa	1175	6607
pa	1176	6615
pa	1177	6575
pa	1178	6572
pa	1179	6598
pa	1180	6745
pa	1181	6748
pa	1182	6548
pa	1183	6617
pa	1184	6538
pa	1185	6583
pa	1186	6627
pa	1187	6665
pa	1188	6645
pa	1189	6599
pa	1190	7610
pa	1191	7660
pa	1192	7897
pa	1193	7865
pa	1194	7899
pa	1195	7927
pa	1196	7868
pa	1197	7856
pa	1198	8098
pa	1199	7580
pa	1200	8566
pa	1201	8522
pa	1202	8562
pa	1203	8704
pa	1204	8744
pa	1205	8811
pa	1206	8760
pa	1207	8623
pa	1208	8678
pa	1209	8529
pa	1210	8538
pa	1211	8540
pa	1212	8493
pa	1213	8552
pa	1214	8555
pa	1215	8663
pa	1216	8665
pa	1217	8638
pa	1218	8555
pa	1219	8594
pa	1220	8667
pa	1221	8877
pa	1222	8874
pa	1223	8804
pa	1224	8771
pa	1225	8749
pa	1226	8827
pa	1227	8781
pa	1228	8795
pa	1229	8628
pa	1230	8549
pa	1231	8585
pa	1232	8589
pa	1233	8600
pa	1234	8699
pa	1235	8730
pa	1236	8756
pa	1237	8767
pa	1238	8843
pa	1239	8835
pa	1240	8822
pa	1241	8838
pa	1242	8899
pa	1243	8907
pa	1244	8903
pa	1245	8863
pa	1246	8848
pa	1247	8762
pa	1248	8857
pa	1249	8878
pa	1250	8873
pa	1251	8685
pa	1252	8875
pa	1253	8837
pa	1254	8777
pa	1255	8724
pa	1256	8697
pa	1257	9076
pa	1258	8820
pa	1259	8709
pa	1260	8552
pa	1261	8294
pa	1262	8305
pa	1263	8350
pa	1264	8420
pa	1265	8405
pa	1266	7945
pa	1267	7958
pa	1268	8143
pa	1269	8150
pa	1270	8799
pa	1271	8944
pa	1272	8748
pa	1273	8733
pa	1274	8664
pa	1275	8682
pa	1276	8576
pa	1277	8554
pa	1278	8280
pa	1279	8290
pa	1280	7844
pa	1281	7881
pa	1282	7783
pa	1283	7781
pa	1284	7739
pa	1285	7764
pa	1286	7785
pa	1287	7787
pa	1288	7680
pa	1289	8290
pa	1290	8358
pa	1291	8364
pa	1292	8381
pa	1293	8312
pa	1294	8649
pa	1295	8625
pa	1296	8643
pa	1297	8640
pa	1298	8261
pa	1299	8396
pa	1300	8468
pa	1301	8470
pa	1302	8492
pa	1303	8353
pa	1304	8841
pa	1305	8835
pa	1306	8865
pa	1307	8967
pa	1308	8911
pa	1309	9113
pa	1310	9258
pa	1311	9388
pa	1312	9469
pa	1313	9169
pa	1314	9218
pa	1315	9327
pa	1316	9637
pa	1317	9698
pa	1318	9717
pa	1319	9733
pa	1320	9817
pa	1321	9970
pa	1322	10015
pa	1323	9996
pa	1324	10013
pa	1325	9862
pa	1326	10028
pa	1327	10396
pa	1328	10412
pa	1329	10486
pa	1330	10582
pa	1331	10587
pa	1332	10593
pa	1333	10602
pa	1334	10493
pa	1335	10807
pa	1336	10546
pa	1337	10828
pa	1338	10909
pa	1339	10974
pa	1340	10935
pa	1341	10931
pa	1342	10960
pa	1343	11014
pa	1344	10956
pa	1345	10904
pa	1346	10678
pa	1347	10762
pa	1348	10774
pa	1349	10829
pa	1350	10880
pa	1351	10801
pa	1352	10767
pa	1353	10823
pa	1354	10761
pa	1355	10711
pa	1356	10794
pa	1357	10779
pa	1358	10740
pa	1359	10715
pa	1360	10729
pa	1361	10741
pa	1362	10592
pa	1363	10386
pa	1364	10607
pa	1365	10409
pa	1366	10513
pa	1367	10466
pa	1368	10368
pa	1369	10447
pa	1370	10317
pa	1371	10283
pa	1372	10290
pa	1373	9843
pa	1374	10071
pa	1375	10013
pa	1376	10001
pa	1377	10031
pa	1378	9932
pa	1379	9891
pa	1380	10019
pa	1381	9976
pa	1382	9997
pa	1383	9832
pa	1384	9540
pa	1385	9581
pa	1386	9513
pa	1387	9548
pa	1388	9542
pa	1389	9369
pa	1390	9549
pa	1391	9659
pa	1392	9604
pa	1393	9739
pa	1394	9605
pa	1395	9684
pa	1396	9612
pa	1397	9437
pa	1398	9520
pa	1399	8814
pa	1400	8865
pa	1401	8879
pa	1402	8789
pa	1403	8789
pa	1404	8681
pa	1405	8608
pa	1406	8514
pa	1407	8356
pa	1408	8376
pa	1409	8424
pa	1410	7919
pa	1411	8104
pa	1412	7980
pa	1413	8066
pa	1414	8000
pa	1415	8868
pa	1416	9646
pa	1417	9637
pa	1418	9642
pa	1419	9841
pa	1420	9710
pa	1421	10264
pa	1422	10208
pa	1423	10233
pa	1424	10246
pa	1425	8954
pa	1426	9507
pa	1427	9498
pa	1428	9309
pa	1429	9387
pa	1430	9069
pa	1431	9598
pa	1432	9632
pa	1433	9635
pa	1434	9811
pa	1435	9540
pa	1436	9636
pa	1437	9669
pa	1438	9691
pa	1439	9723
pa	1440	9516
pa	1441	9551
pa	1442	9569
pa	1443	9580
pa	1444	9620
pa	1445	9689
pa	1446	9667
pa	1447	9687
pa	1448	9707
pa	1449	9749
pa	1450	10068
pa	1451	10102
pa	1452	10120
pa	1453	10214
pa	1454	10226
pa	1455	10302
pa	1456	10414
pa	1457	10426
pa	1458	10412
pa	1459	10209
pa	1460	10274
pa	1461	10412
pa	1462	10423
pa	1463	10445
pa	1464	10478
pa	1465	10444
pa	1466	10437
pa	1467	10505
pa	1468	10493
pa	1469	10335
pa	1470	10346
pa	1471	10379
pa	1472	10596
pa	1473	10639
pa	1474	10741
pa	1475	10705
pa	1476	10664
pa	1477	10634
pa	1478	10647
pa	1479	10625
pa	1480	10551
pa	1481	10256
pa	1482	10252
pa	1483	10345
pa	1484	10399
pa	1485	10371
pa	1486	10240
pa	1487	10122
pa	1488	10180
pa	1489	10165
pa	1490	10158
pa	1491	10124
pa	1492	9736
pa	1493	9748
pa	1494	9739
pa	1495	9735
pa	1496	9743
pa	1497	9515
pa	1498	9449
pa	1499	9393
pa	1500	9326
pa	1501	9343
pa	1502	9155
pa	1503	8995
pa	1504	8926
pa	1505	8919
pa	1506	8810
pa	1507	8618
pa	1508	8583
pa	1509	8482
pa	1510	8424
pa	1511	8329
pa	1512	8336
pa	1513	8238
pa	1514	8236
pa	1515	8119
pa	1516	8018
pa	1517	8001
pa	1518	7802
pa	1519	7886
pa	1520	7795
pa	1521	8290
pa	1522	8470
pa	1523	8208
pa	1524	8316
pa	1525	8243
pa	1526	8200
pa	1527	8201
pa	1528	7910
pa	1529	7714
pa	1530	7626
pa	1531	6858
pa	1532	6800
pa	1533	6757
pa	1534	6730
pa	1535	6941
pa	1536	7006
pa	1537	7012
pa	1538	6966
pa	1539	6850
pa	1540	6930
pa	1541	6935
pa	1542	6894
pa	1543	6892
pa	1544	6807
pa	1545	6678
pa	1546	6580
pa	1547	6674
pa	1548	6784
pa	1549	6724
pa	1550	6753
pa	1551	6723
pa	1552	6990
pa	1553	6990
pa	1554	7044
pa	1555	7081
pa	1556	6942
pa	1557	6920
pa	1558	6923
pa	1559	6933
pa	1560	7251
pa	1561	6999
pa	1562	7026
pa	1563	7003
pa	1564	7070
pa	1565	7269
pa	1566	7342
pa	1567	7333
pa	1568	7394
pa	1569	6996
pa	1570	7060
pa	1571	7059
pa	1572	7026
pa	1573	7198
pa	1574	7020
pa	1575	6927
pa	1576	6981
pa	1577	6908
pa	1578	6999
pa	1579	6918
pa	1580	6889
pa	1581	6962
pa	1582	6783
pa	1583	6828
pa	1584	6768
pa	1585	6811
pa	1586	6797
pa	1587	6727
pa	1588	6794
pa	1589	7161
pa	1590	7020
pa	1591	6993
pa	1592	6996
pa	1593	7030
pa	1594	7181
pa	1595	7155
pa	1596	7226
pa	1597	7177
pa	1598	7028
pa	1599	7227
pa	1600	7319
pa	1601	7393
pa	1602	7420
pa	1603	7498
pa	1604	7369
pa	1605	7426
pa	1606	7413
pa	1607	7437
pa	1608	7355
pa	1609	7320
pa	1610	7526
pa	1611	7583
pa	1612	7573
pa	1613	7555
pa	1614	7515
pa	1615	7549
pa	1616	7758
pa	1617	7824
pa	1618	7818
pa	1619	7638
pa	1620	7676
pa	1621	7759
pa	1622	7722
pa	1623	7679
pa	1624	7706
pa	1625	7397
pa	1626	7309
pa	1627	7326
pa	1628	7281
pa	1629	7354
pa	1630	7265
pa	1631	7341
pa	1632	7324
pa	1633	7325
pa	1634	7437
pa	1635	7524
pa	1636	7701
pa	1637	7587
pa	1638	7525
pa	1639	7529
pa	1640	7410
pa	1641	7636
pa	1642	7619
pa	1643	7545
pa	1644	7538
pa	1645	7331
pa	1646	7426
pa	1647	7402
pa	1648	7427
pa	1649	7746
pa	1650	7680
pa	1651	7851
pa	1652	7871
pa	1653	7904
pa	1654	7965
pa	1655	7951
pa	1656	7939
pa	1657	8032
pa	1658	7805
pa	1659	7888
pa	1660	7936
pa	1661	8037
pa	1662	8034
pa	1663	8114
pa	1664	8286
pa	1665	8249
pa	1666	8247
pa	1667	8251
pa	1668	8268
pa	1669	8672
pa	1670	8583
pa	1671	8812
pa	1672	8788
pa	1673	8644
pa	1674	8716
pa	1675	8707
pa	1676	8854
pa	1677	8901
pa	1678	8453
pa	1679	8599
pa	1680	8461
pa	1681	8915
pa	1682	8976
pa	1683	8961
pa	1684	8967
pa	1685	8843
pa	1686	8829
pa	1687	8910
pa	1688	8855
pa	1689	8878
pa	1690	8541
pa	1691	8473
pa	1692	8495
pa	1693	8746
pa	1694	8857
pa	1695	9088
pa	1696	9012
pa	1697	8999
pa	1698	8977
pa	1699	8989
pa	1700	9020
pa	1701	8926
pa	1702	8965
pa	1703	8744
pa	1704	8600
pa	1705	8716
pa	1706	8748
pa	1707	8848
pa	1708	8897
pa	1709	9029
pa	1710	9180
pa	1711	9081
pa	1712	8996
pa	1713	9134
pa	1714	8999
pa	1715	9156
pa	1716	9279
pa	1717	9358
pa	1718	9234
pa	1719	9076
pa	1720	8978
pa	1721	9014
pa	1722	8996
pa	1723	8902
pa	1724	8858
pa	1725	8515
pa	1726	8336
pa	1727	8278
pa	1728	8282
pa	1729	8275
pa	1730	8240
pa	1731	8186
pa	1732	8144
pa	1733	8149
pa	1734	8133
pa	1735	8136
pa	1736	8184
pa	1737	8189
pa	1738	8161
pa	1739	8127
pa	1740	8106
pa	1741	8095
pa	1742	8066
pa	1743	7982
pa	1744	7872
pa	1745	7840
pa	1746	7905
pa	1747	7917
pa	1748	7909
pa	1749	8072
pa	1750	7994
pa	1751	7926
pa	1752	7875
pa	1753	7857
pa	1754	7837
pa	1755	7877
pa	1756	7858
pa	1757	8052
pa	1758	7736
pa	1759	7747
pa	1760	7756
pa	1761	7798
pa	1762	7966
pa	1763	7591
pa	1764	7555
pa	1765	7393
pa	1766	6913
pa	1767	6927
pa	1768	6822
pa	1769	6828
pa	1770	6832
pa	1771	6549
pa	1772	6525
pa	1773	6461
pa	1774	6470
pa	1775	6652
pa	1776	6660
pa	1777	6619
pa	1778	6544
pa	1779	6608
pa	1780	6692
pa	1781	6632
pa	1782	6626
pa	1783	6616
pa	1784	6233
pa	1785	6226
pa	1786	6168
pa	1787	6343
pa	1788	6256
pa	1789	6323
pa	1790	6299
pa	1791	6322
pa	1792	6334
pa	1793	6272
pa	1794	6236
pa	1795	6243
pa	1796	5905
pa	1797	6075
pa	1798	5868
pa	1799	5865
pa	1800	5850
pa	1801	5855
pa	1802	5808
pa	1803	5876
pa	1804	5758
pa	1805	5859
pa	1806	5593
pa	1807	5520
pa	1808	5530
pa	1809	5690
pa	1810	5718
pa	1811	5710
pa	1812	5482
pa	1813	5494
pa	1814	5244
pa	1815	5257
pa	1816	5289
pa	1817	5273
pa	1818	5029
pa	1819	4960
pa	1820	4947
pa	1821	5137
pa	1822	5146
pa	1823	5167
pa	1824	5128
pa	1825	5147
pa	1826	5227
pa	1827	5167
pa	1828	5255
pa	1829	5252
pa	1830	4984
pa	1831	4876
pa	1832	4867
pa	1833	4859
pa	1834	5071
pa	1835	5009
pa	1836	4983
pa	1837	4929
pa	1838	4907
pa	1839	4929
pa	1840	4978
pa	1841	4902
pa	1842	4914
pa	1843	4667
pa	1844	4690
pa	1845	4711
pa	1846	4726
pa	1847	4798
pa	1848	4673
pa	1849	4637
pa	1850	4640
pa	1851	4612
pa	1852	4705
pa	1853	4647
pa	1854	4599
pa	1855	4592
pa	1856	4540
pa	1857	4583
pa	1858	4654
pa	1859	4676
pa	1860	4704
pa	1861	4725
pa	1862	4690
pa	1863	4736
pa	1864	4715
pa	1865	4699
pa	1866	4746
pa	1867	4705
pa	1868	4882
pa	1869	5034
pa	1870	5084
pa	1871	5117
pa	1872	5119
pa	1873	5141
pa	1874	5142
pa	1875	5078
pa	1876	5076
pa	1877	4930
pa	1878	4900
pa	1879	4818
pa	1880	4867
pa	1881	4936
pa	1882	4935
pa	1883	5070
pa	1884	5064
pa	1885	5077
pa	1886	5107
pa	1887	5134
pa	1888	5231
pa	1889	5242
pa	1890	5200
pa	1891	5256
pa	1892	5105
pa	1893	5162
pa	1894	5078
pa	1895	5145
pa	1896	5333
pa	1897	5323
pa	1898	5328
pa	1899	5333
pa	1900	5310
pa	1901	5422
pa	1902	5371
pa	1903	5533
pa	1904	5612
pa	1905	5537
pa	1906	5725
pa	1907	5706
pa	1908	5682
pa	1909	5739
pa	1910	5690
pa	1911	5746
pa	1912	5658
pa	1913	5508
pa	1914	5429
pa	1915	5341
pa	1916	5431
pa	1917	5442
pa	1918	5428
pa	1919	5515
pa	1920	5482
pa	1921	5479
pa	1922	5638
pa	1923	5656
pa	1924	5700
pa	1925	5659
pa	1926	5667
pa	1927	5648
pa	1928	5561
pa	1929	5841
pa	1930	5923
pa	1931	5842
pa	1932	6155
pa	1933	6137
pa	1934	6220
pa	1935	6209
pa	1936	6165
pa	1937	6198
pa	1938	5944
pa	1939	5836
pa	1940	5837
pa	1941	5636
pa	1942	5619
pa	1943	5570
pa	1944	5593
pa	1945	5597
pa	1946	5572
pa	1947	5701
pa	1948	5716
pa	1949	5736
pa	1950	5719
pa	1951	5711
pa	1952	5744
pa	1953	5727
pa	1954	5761
pa	1955	5769
pa	1956	5637
pa	1957	5849
pa	1958	5859
pa	1959	6048
pa	1960	6060
pa	1961	6084
pa	1962	6191
pa	1963	6118
pa	1964	6088
pa	1965	6087
pa	1966	6000
pa	1967	7597
pa	1968	7519
pa	1969	7744
pa	1970	7741
pa	1971	7938
pa	1972	7926
pa	1973	7973
pa	1974	7997
pa	1975	7910
pa	1976	7296
pa	1977	7033
pa	1978	7006
pa	1979	7063
pa	1980	7087
pa	1981	7105
pa	1982	7107
pa	1983	7081
pa	1984	7118
pa	1985	6998
pa	1986	7092
pa	1987	7124
pa	1988	7060
pa	1989	7028
pa	1990	7059
pa	1991	7069
pa	1992	7063
pa	1993	7092
pa	1994	7159
pa	1995	7192
pa	1996	7169
pa	1997	7296
pa	1998	7368
pa	1999	7407
pa	2000	7495
pa	2001	7482
pa	2002	7516
pa	2003	7521
pa	2004	7467
pa	2005	7582
pa	2006	7565
pa	2007	7641
pa	2008	7661
pa	2009	7658
pa	2010	7683
pa	2011	7729
pa	2012	7760
pa	2013	7792
pa	2014	7732
pa	2015	7735
pa	2016	7625
pa	2017	7673
pa	2018	7615
pa	2019	7729
pa	2020	7703
pa	2021	7687
pa	2022	7725
pa	2023	7746
pa	2024	7825
pa	2025	7851
pa	2026	7783
pa	2027	7815
pa	2028	7698
pa	2029	8020
pa	2030	8003
pa	2031	8019
pa	2032	8002
pa	2033	7827
pa	2034	7902
pa	2035	7917
pa	2036	7918
pa	2037	7853
pa	2038	8243
pa	2039	8063
pa	2040	8084
pa	2041	8069
pa	2042	8141
pa	2043	8111
pa	2044	8079
pa	2045	7959
pa	2046	7944
pa	2047	7388
pa	2048	7701
pa	2049	7783
pa	2050	7759
pa	2051	7665
pa	2052	7637
pa	2053	7642
pa	2054	7604
pa	2055	7601
pa	2056	7633
pa	2057	7360
pa	2058	7237
pa	2059	7242
pa	2060	7247
pa	2061	7172
pa	2062	7150
pa	2063	7177
pa	2064	7087
pa	2065	6999
pa	2066	6985
pa	2067	6988
pa	2068	6971
pa	2069	7233
pa	2070	7213
pa	2071	7230
pa	2072	7192
pa	2073	7171
pa	2074	7155
pa	2075	7138
pa	2076	7104
pa	2077	7307
pa	2078	7184
pa	2079	7292
pa	2080	7288
pa	2081	7213
pa	2082	7745
pa	2083	7764
pa	2084	7732
pa	2085	7752
pa	2086	7365
pa	2087	7360
pa	2088	7119
pa	2089	7203
pa	2090	7456
pa	2091	7066
pa	2092	7521
pa	2093	7548
pa	2094	7570
pa	2095	7646
pa	2096	7601
pa	2097	7681
pa	2098	7747
pa	2099	7345
pa	2100	7556
pa	2101	7204
pa	2102	7399
pa	2103	7504
pa	2104	7503
pa	2105	7503
pa	2106	7892
pa	2107	8020
pa	2108	8185
pa	2109	8054
pa	2110	8105
pa	2111	8102
pa	2112	8103
pa	2113	8160
pa	2114	8148
pa	2115	8155
pa	2116	8242
pa	2117	8178
pa	2118	8163
pa	2119	8166
pa	2120	8357
pa	2121	8495
pa	2122	8657
pa	2123	8645
pa	2124	8746
pa	2125	9083
pa	2126	9216
pa	2127	9572
pa	2128	9609
pa	2129	9552
pa	2130	9618
pa	2131	9536
pa	2132	9624
pa	2133	9644
pa	2134	9700
pa	2135	9709
pa	2136	9453
pa	2137	9601
pa	2138	9635
pa	2139	9638
pa	2140	9816
pa	2141	9886
pa	2142	10126
pa	2143	10128
pa	2144	10297
pa	2145	10437
pa	2146	10341
pa	2147	10326
pa	2148	10326
pa	2149	10284
pa	2150	10359
pa	2151	10219
pa	2152	10234
pa	2153	10342
pa	2154	10467
pa	2155	10480
pa	2156	10448
pa	2157	10471
pa	2158	10394
pa	2159	10481
pa	2160	10347
pa	2161	10313
pa	2162	10166
pa	2163	10086
pa	2164	10051
pa	2165	10144
pa	2166	10054
pa	2167	10150
pa	2168	9945
pa	2169	10007
pa	2170	9865
pa	2171	9785
pa	2172	9708
pa	2173	9650
pa	2174	9269
pa	2175	9289
pa	2176	8946
pa	2177	8726
pa	2178	8400
pa	2179	8166
pa	2180	8160
pa	2181	8158
pa	2182	8129
pa	2183	7928
pa	2184	7814
pa	2185	7782
pa	2186	7762
pa	2187	7720
pa	2188	7651
pa	2189	7624
pa	2190	7596
pa	2191	7526
pa	2192	7463
pa	2193	7143
pa	2194	6998
pa	2195	6892
pa	2196	6798
pa	2197	6764
pa	2198	6393
pa	2199	6371
pa	2200	6343
pa	2201	6282
pa	2202	6201
pa	2203	5984
pa	2204	5957
pa	2205	5841
pa	2206	5807
pa	2207	4682
pa	2208	4434
pa	2209	4203
pa	2210	4147
pa	2211	4119
pa	2212	3911
pa	2213	3882
pa	2214	3858
pa	2215	3801
pa	2216	3727
pa	2217	2150
pa	2218	2130
pa	2219	2088
pa	2220	2064
pa	2221	2054
pa	2222	1927
pa	2223	1908
pa	2224	1839
pa	2225	1830
pa	2226	1787
pa	2227	1712
pa	2228	1688
pa	2229	1560
pa	2230	1476
pa	2231	1451
pa	2232	1440
pa	2233	354
ha	1	2716
ha	2	3244
ha	3	3271
ha	4	3283
ha	5	3488
ha	6	3701
ha	7	3741
ha	8	3782
ha	9	3831
ha	10	3844
ha	11	3956
ha	12	4038
ha	13	4419
ha	14	4467
ha	15	4489
ha	16	4529
ha	17	4602
ha	18	4644
ha	19	4741
ha	20	4751
ha	21	4806
ha	22	4816
ha	23	5039
ha	24	5052
ha	25	5064
ha	26	5080
ha	27	5096
ha	28	5112
ha	29	5254
ha	30	5270
ha	31	5425
ha	32	5449
ha	33	5456
ha	34	5491
ha	35	5496
ha	36	6218
ha	37	6273
ha	38	6294
ha	39	6457
ha	40	6511
ha	41	6932
ha	42	6955
ha	43	6981
ha	44	6989
ha	45	7011
ha	46	7084
ha	47	7112
ha	48	7163
ha	49	7200
ha	50	7137
ha	51	7131
ha	52	7151
ha	53	7240
ha	54	7224
ha	55	7192
ha	56	7703
ha	57	7952
ha	58	8555
ha	59	8588
ha	60	8617
ha	61	8634
ha	62	8645
ha	63	8800
ha	64	8793
ha	65	8666
ha	66	8551
ha	67	9185
ha	68	9432
ha	69	9422
ha	70	9404
ha	71	9340
ha	72	9307
ha	73	9241
ha	74	9178
ha	75	9274
ha	76	8895
ha	77	9021
ha	78	9106
ha	79	9160
ha	80	9203
ha	81	9208
ha	82	9805
ha	83	9850
ha	84	9808
ha	85	9896
ha	86	9782
ha	87	9929
ha	88	9900
ha	89	9871
ha	90	9935
ha	91	9638
ha	92	9969
ha	93	10011
ha	94	9983
ha	95	10011
ha	96	9984
ha	97	10144
ha	98	10090
ha	99	10109
ha	100	10062
ha	101	9974
ha	102	9933
ha	103	9951
ha	104	9896
ha	105	9875
ha	106	10293
ha	107	10203
ha	108	10367
ha	109	10351
ha	110	10473
ha	111	10647
ha	112	10666
ha	113	10658
ha	114	10638
ha	115	10368
ha	116	10585
ha	117	10501
ha	118	10515
ha	119	10485
ha	120	10390
ha	121	10594
ha	122	10618
ha	123	10608
ha	124	10687
ha	125	10644
ha	126	10571
ha	127	10565
ha	128	10464
ha	129	10577
ha	130	10378
ha	131	10293
ha	132	10170
ha	133	10020
ha	134	10069
ha	135	10009
ha	136	10035
ha	137	10104
ha	138	9719
ha	139	9665
ha	140	9580
ha	141	9450
ha	142	9498
ha	143	9328
ha	144	9252
ha	145	9227
ha	146	9127
ha	147	9109
ha	148	9124
ha	149	9040
ha	150	9696
ha	151	9625
ha	152	9642
ha	153	9642
ha	154	9680
ha	155	9760
ha	156	9822
ha	157	9697
ha	158	9701
ha	159	8761
ha	160	8847
ha	161	9311
ha	162	9407
ha	163	9403
ha	164	9370
ha	165	9323
ha	166	9375
ha	167	9444
ha	168	9404
ha	169	9374
ha	170	8702
ha	171	8654
ha	172	8645
ha	173	8658
ha	174	8593
ha	175	8646
ha	176	8623
ha	177	8583
ha	178	8542
ha	179	8424
ha	180	8363
ha	181	8258
ha	182	8324
ha	183	8291
ha	184	8128
ha	185	8139
ha	186	8070
ha	187	8220
ha	188	8066
ha	189	8199
ha	190	8215
ha	191	8214
ha	192	8242
ha	193	8256
ha	194	8224
ha	195	8203
ha	196	8181
ha	197	8187
ha	198	8051
ha	199	8244
ha	200	8172
ha	201	8231
ha	202	8205
ha	203	8602
ha	204	8765
ha	205	8552
ha	206	8648
ha	207	8593
ha	208	8789
ha	209	8817
ha	210	8794
ha	211	8802
ha	212	8328
ha	213	8395
ha	214	8488
ha	215	8577
ha	216	8479
ha	217	8539
ha	218	8536
ha	219	8534
ha	220	8676
ha	221	8712
ha	222	8627
ha	223	8513
ha	224	8605
ha	225	8622
ha	226	8819
ha	227	8894
ha	228	9171
ha	229	9125
ha	230	9165
ha	231	9168
ha	232	9205
ha	233	9260
ha	234	9256
ha	235	9518
ha	236	9543
ha	237	9312
ha	238	9554
ha	239	9636
ha	240	10121
ha	241	10231
ha	242	10285
ha	243	10654
ha	244	10277
ha	245	10400
ha	246	10264
ha	247	10140
ha	248	10243
ha	249	10032
ha	250	9893
ha	251	10014
ha	252	9965
ha	253	9975
ha	254	9934
ha	255	9958
ha	256	10040
ha	257	10039
ha	258	10016
ha	259	10109
ha	260	10251
ha	261	10277
ha	262	10375
ha	263	10418
ha	264	10436
ha	265	10356
ha	266	10238
ha	267	10165
ha	268	10337
ha	269	10276
ha	270	10239
ha	271	10110
ha	272	10112
ha	273	10130
ha	274	10199
ha	275	10171
ha	276	10225
ha	277	10055
ha	278	10039
ha	279	10026
ha	280	10017
ha	281	10108
ha	282	10076
ha	283	10180
ha	284	10199
ha	285	10299
ha	286	10448
ha	287	10435
ha	288	10460
ha	289	10472
ha	290	10274
ha	291	10325
ha	292	10104
ha	293	10292
ha	294	10279
ha	295	10269
ha	296	10295
ha	297	10276
ha	298	10295
ha	299	10371
ha	300	10252
ha	301	10178
ha	302	9862
ha	303	9942
ha	304	11172
ha	305	11143
ha	306	11252
ha	307	11288
ha	308	11221
ha	309	12247
ha	310	12288
ha	311	12477
ha	312	12612
ha	313	10397
ha	314	10474
ha	315	10338
ha	316	10320
ha	317	10371
ha	318	9689
ha	319	9715
ha	320	9405
ha	321	9313
ha	322	9536
ha	323	9533
ha	324	9541
ha	325	9518
ha	326	9448
ha	327	9484
ha	328	9477
ha	329	9478
ha	330	9464
ha	331	9162
ha	332	9376
ha	333	9468
ha	334	9476
ha	335	9481
ha	336	9506
ha	337	9557
ha	338	9633
ha	339	9545
ha	340	9616
ha	341	9560
ha	342	9457
ha	343	10080
ha	344	10090
ha	345	10239
ha	346	10280
ha	347	10367
ha	348	10632
ha	349	10628
ha	350	10607
ha	351	10602
ha	352	10113
ha	353	10155
ha	354	10116
ha	355	10134
ha	356	9956
ha	357	9884
ha	358	9905
ha	359	10000
ha	360	9990
ha	361	10099
ha	362	10086
ha	363	10052
ha	364	9986
ha	365	10020
ha	366	9647
ha	367	9685
ha	368	9427
ha	369	9540
ha	370	9478
ha	371	9496
ha	372	9492
ha	373	9427
ha	374	9571
ha	375	9461
ha	376	9297
ha	377	9433
ha	378	9333
ha	379	9338
ha	380	9241
ha	381	9209
ha	382	9097
ha	383	8842
ha	384	8610
ha	385	8706
ha	386	8578
ha	387	8491
ha	388	8588
ha	389	8579
ha	390	8587
ha	391	8699
ha	392	8527
ha	393	8563
ha	394	8545
ha	395	8192
ha	396	8654
ha	397	8446
ha	398	8518
ha	399	8513
ha	400	8373
ha	401	8368
ha	402	8269
ha	403	8284
ha	404	8287
ha	405	7742
ha	406	7841
ha	407	7674
ha	408	7676
ha	409	7635
ha	410	7708
ha	411	7693
ha	412	7693
ha	413	7657
ha	414	7495
ha	415	7614
ha	416	7794
ha	417	7803
ha	418	7846
ha	419	7881
ha	420	7764
ha	421	7844
ha	422	7815
ha	423	7784
ha	424	7603
ha	425	7399
ha	426	7516
ha	427	7854
ha	428	7888
ha	429	7882
ha	430	7885
ha	431	7870
ha	432	7851
ha	433	7883
ha	434	7779
ha	435	7829
ha	436	7518
ha	437	7559
ha	438	7594
ha	439	7534
ha	440	7518
ha	441	7616
ha	442	7625
ha	443	7631
ha	444	7579
ha	445	7488
ha	446	7540
ha	447	7536
ha	448	7674
ha	449	7708
ha	450	7645
ha	451	7623
ha	452	7594
ha	453	7625
ha	454	7573
ha	455	7496
ha	456	7536
ha	457	7401
ha	458	7478
ha	459	8153
ha	460	8211
ha	461	8379
ha	462	8269
ha	463	8309
ha	464	8319
ha	465	8309
ha	466	8420
ha	467	8461
ha	468	7822
ha	469	8024
ha	470	7896
ha	471	7966
ha	472	7994
ha	473	7995
ha	474	8130
ha	475	8079
ha	476	8153
ha	477	8175
ha	478	8167
ha	479	8264
ha	480	8665
ha	481	8684
ha	482	8770
ha	483	8650
ha	484	9027
ha	485	9074
ha	486	9112
ha	487	9186
ha	488	9036
ha	489	8537
ha	490	8547
ha	491	8535
ha	492	8548
ha	493	8111
ha	494	8110
ha	495	8075
ha	496	8090
ha	497	8139
ha	498	8139
ha	499	8143
ha	500	8114
ha	501	8241
ha	502	8203
ha	503	8130
ha	504	8149
ha	505	8216
ha	506	8222
ha	507	8298
ha	508	8436
ha	509	8407
ha	510	8553
ha	511	8460
ha	512	8499
ha	513	8502
ha	514	8480
ha	515	8567
ha	516	8590
ha	517	8677
ha	518	8764
ha	519	8604
ha	520	8719
ha	521	8657
ha	522	8746
ha	523	8826
ha	524	8751
ha	525	8651
ha	526	8647
ha	527	8745
ha	528	8735
ha	529	8746
ha	530	8733
ha	531	8615
ha	532	8565
ha	533	8550
ha	534	8487
ha	535	8552
ha	536	8350
ha	537	8314
ha	538	8311
ha	539	8282
ha	540	8619
ha	541	8633
ha	542	8664
ha	543	8667
ha	544	8529
ha	545	8509
ha	546	8463
ha	547	8583
ha	548	8475
ha	549	8063
ha	550	7887
ha	551	7978
ha	552	8227
ha	553	8052
ha	554	8013
ha	555	7954
ha	556	7733
ha	557	7728
ha	558	7542
ha	559	7608
ha	560	7455
ha	561	6943
ha	562	6900
ha	563	7145
ha	564	7269
ha	565	7334
ha	566	7268
ha	567	7246
ha	568	8102
ha	569	8037
ha	570	8076
ha	571	8047
ha	572	7746
ha	573	7671
ha	574	7589
ha	575	7632
ha	576	7638
ha	577	6836
ha	578	6804
ha	579	6822
ha	580	6835
ha	581	6888
ha	582	6913
ha	583	6953
ha	584	6967
ha	585	6951
ha	586	6917
ha	587	7010
ha	588	6974
ha	589	7138
ha	590	7423
ha	591	7670
ha	592	7935
ha	593	7917
ha	594	7952
ha	595	7964
ha	596	7989
ha	597	7982
ha	598	7880
ha	599	7950
ha	600	7370
ha	601	7566
ha	602	7452
ha	603	7489
ha	604	7505
ha	605	7448
ha	606	7543
ha	607	7526
ha	608	7460
ha	609	7455
ha	610	7289
ha	611	7333
ha	612	7309
ha	613	7428
ha	614	7494
ha	615	7409
ha	616	7471
ha	617	7500
ha	618	7548
ha	619	7566
ha	620	7472
ha	621	7444
ha	622	7451
ha	623	7258
ha	624	7370
ha	625	7241
ha	626	7315
ha	627	7320
ha	628	7214
ha	629	7222
ha	630	7221
ha	631	7165
ha	632	7201
ha	633	6904
ha	634	6932
ha	635	6880
ha	636	6821
ha	637	6899
ha	638	6840
ha	639	6833
ha	640	6725
ha	641	6603
ha	642	6484
ha	643	6479
ha	644	6475
ha	645	6273
ha	646	6319
ha	647	6211
ha	648	6401
ha	649	6356
ha	650	6272
ha	651	6243
ha	652	6137
ha	653	6082
ha	654	6042
ha	655	5874
ha	656	5886
ha	657	5734
ha	658	5631
ha	659	5610
ha	660	5620
ha	661	5577
ha	662	5399
ha	663	5576
ha	664	5570
ha	665	5492
ha	666	5648
ha	667	5683
ha	668	5630
ha	669	5651
ha	670	5598
ha	671	5649
ha	672	5640
ha	673	5502
ha	674	5532
ha	675	5449
ha	676	5400
ha	677	5426
ha	678	5479
ha	679	5497
ha	680	5495
ha	681	5501
ha	682	5458
ha	683	5428
ha	684	5422
ha	685	5383
ha	686	5624
ha	687	5814
ha	688	5729
ha	689	5761
ha	690	5673
ha	691	5696
ha	692	5797
ha	693	5751
ha	694	5798
ha	695	5653
ha	696	5359
ha	697	5401
ha	698	5413
ha	699	5541
ha	700	5599
ha	701	5527
ha	702	5561
ha	703	5561
ha	704	5687
ha	705	5680
ha	706	5730
ha	707	5780
ha	708	5719
ha	709	5710
ha	710	5721
ha	711	5755
ha	712	5754
ha	713	5659
ha	714	5645
ha	715	5685
ha	716	5713
ha	717	5707
ha	718	5695
ha	719	5804
ha	720	5798
ha	721	5772
ha	722	5779
ha	723	5781
ha	724	5764
ha	725	5770
ha	726	5740
ha	727	5748
ha	728	5703
ha	729	5713
ha	730	5738
ha	731	5829
ha	732	5812
ha	733	5731
ha	734	5724
ha	735	5739
ha	736	5755
ha	737	5636
ha	738	5635
ha	739	5663
ha	740	5675
ha	741	5560
ha	742	5750
ha	743	5760
ha	744	5816
ha	745	5833
ha	746	5836
ha	747	5928
ha	748	5919
ha	749	5944
ha	750	5991
ha	751	5704
ha	752	5676
ha	753	5540
ha	754	5554
ha	755	5694
ha	756	5561
ha	757	5542
ha	758	5429
ha	759	5432
ha	760	5658
ha	761	5630
ha	762	5652
ha	763	5608
ha	764	5438
ha	765	5487
ha	766	5508
ha	767	5466
ha	768	5463
ha	769	5107
ha	770	5371
ha	771	5489
ha	772	5608
ha	773	5669
ha	774	5677
ha	775	5710
ha	776	5723
ha	777	5739
ha	778	5725
ha	779	5732
ha	780	5500
ha	781	5490
ha	782	5551
ha	783	5570
ha	784	5589
ha	785	5613
ha	786	5643
ha	787	5631
ha	788	5650
ha	789	5670
ha	790	5575
ha	791	5543
ha	792	5554
ha	793	5595
ha	794	5609
ha	795	5477
ha	796	5555
ha	797	5607
ha	798	5692
ha	799	5701
ha	800	5723
ha	801	5708
ha	802	5753
ha	803	5642
ha	804	5745
ha	805	5705
ha	806	5644
ha	807	5660
ha	808	5671
ha	809	5711
ha	810	5733
ha	811	5631
ha	812	5632
ha	813	5390
ha	814	5417
ha	815	5444
ha	816	5521
ha	817	5601
ha	818	5565
ha	819	5599
ha	820	5573
ha	821	6824
ha	822	7266
ha	823	7262
ha	824	7537
ha	825	7585
ha	826	7814
ha	827	8306
ha	828	8315
ha	829	8421
ha	830	8032
ha	831	7935
ha	832	7934
ha	833	7913
ha	834	7950
ha	835	8185
ha	836	7985
ha	837	8014
ha	838	8099
ha	839	8007
ha	840	8096
ha	841	8108
ha	842	8113
ha	843	8109
ha	844	7967
ha	845	8103
ha	846	8083
ha	847	8186
ha	848	8189
ha	849	8204
ha	850	8366
ha	851	8468
ha	852	8451
ha	853	8440
ha	854	8473
ha	855	8626
ha	856	8667
ha	857	8687
ha	858	8662
ha	859	8737
ha	860	8626
ha	861	8768
ha	862	8757
ha	863	8759
ha	864	8778
ha	865	8715
ha	866	8814
ha	867	8814
ha	868	8739
ha	869	8799
ha	870	8658
ha	871	8715
ha	872	8677
ha	873	8547
ha	874	8529
ha	875	8200
ha	876	8289
ha	877	8255
ha	878	8242
ha	879	8365
ha	880	8295
ha	881	8450
ha	882	8436
ha	883	8639
ha	884	9480
ha	885	9599
ha	886	9426
ha	887	9317
ha	888	9012
ha	889	8911
ha	890	8762
ha	891	8778
ha	892	8623
ha	893	8310
ha	894	7783
ha	895	8083
ha	896	7852
ha	897	7868
ha	898	7816
ha	899	7564
ha	900	7537
ha	901	7572
ha	902	7425
ha	903	7482
ha	904	7097
ha	905	7058
ha	906	7017
ha	907	7069
ha	908	7216
ha	909	7314
ha	910	7192
ha	911	7051
ha	912	6945
ha	913	6956
ha	914	6910
ha	915	7180
ha	916	7162
ha	917	7013
ha	918	7114
ha	919	7097
ha	920	7124
ha	921	7110
ha	922	7057
ha	923	6993
ha	924	6517
ha	925	6410
ha	926	6454
ha	927	6388
ha	928	6426
ha	929	6493
ha	930	6475
ha	931	6691
ha	932	6723
ha	933	6846
ha	934	6892
ha	935	6936
ha	936	7187
ha	937	7177
ha	938	7200
ha	939	7246
ha	940	7142
ha	941	7235
ha	942	7158
ha	943	7139
ha	944	7314
ha	945	7207
ha	946	7254
ha	947	7361
ha	948	7381
ha	949	7682
ha	950	7638
ha	951	7621
ha	952	7678
ha	953	7487
ha	954	8540
ha	955	8659
ha	956	8663
ha	957	8850
ha	958	8667
ha	959	8719
ha	960	8577
ha	961	8695
ha	962	8943
ha	963	8699
ha	964	8685
ha	965	8724
ha	966	8643
ha	967	8808
ha	968	8742
ha	969	9656
ha	970	9609
ha	971	9556
ha	972	9536
ha	973	9511
ha	974	9564
ha	975	9592
ha	976	9584
ha	977	9588
ha	978	9061
ha	979	9042
ha	980	8982
ha	981	9204
ha	982	9408
ha	983	9402
ha	984	9424
ha	985	9395
ha	986	9509
ha	987	9565
ha	988	9652
ha	989	9611
ha	990	9614
ha	991	9519
ha	992	9523
ha	993	9490
ha	994	9532
ha	995	9609
ha	996	9615
ha	997	9603
ha	998	9631
ha	999	9655
ha	1000	9636
ha	1001	9618
ha	1002	9590
ha	1003	9643
ha	1004	9660
ha	1005	9763
ha	1006	9779
ha	1007	9768
ha	1008	9777
ha	1009	9837
ha	1010	9943
ha	1011	9917
ha	1012	10061
ha	1013	9943
ha	1014	9918
ha	1015	9907
ha	1016	9898
ha	1017	9932
ha	1018	9904
ha	1019	9809
ha	1020	9781
ha	1021	9644
ha	1022	9728
ha	1023	9755
ha	1024	9903
ha	1025	9967
ha	1026	9897
ha	1027	10131
ha	1028	10100
ha	1029	10433
ha	1030	10419
ha	1031	10249
ha	1032	10148
ha	1033	9942
ha	1034	9774
ha	1035	9882
ha	1036	9664
ha	1037	9811
ha	1038	9801
ha	1039	9658
ha	1040	9670
ha	1041	9471
ha	1042	9464
ha	1043	9470
ha	1044	9524
ha	1045	9392
ha	1046	9342
ha	1047	8873
ha	1048	8808
ha	1049	8671
ha	1050	8750
ha	1051	8733
ha	1052	8409
ha	1053	8537
ha	1054	8527
ha	1055	8382
ha	1056	8444
ha	1057	8423
ha	1058	8303
ha	1059	8201
ha	1060	8129
ha	1061	8066
ha	1062	8179
ha	1063	7989
ha	1064	8039
ha	1065	8001
ha	1066	7958
ha	1067	7905
ha	1068	7856
ha	1069	8206
ha	1070	8135
ha	1071	8139
ha	1072	8176
ha	1073	8127
ha	1074	8141
ha	1075	8168
ha	1076	8167
ha	1077	8116
ha	1078	7951
ha	1079	7972
ha	1080	7991
ha	1081	7994
ha	1082	8010
ha	1083	7977
ha	1084	7879
ha	1085	8585
ha	1086	9386
ha	1087	9582
ha	1088	9521
ha	1089	9576
ha	1090	9780
ha	1091	9901
ha	1092	9871
ha	1093	9847
ha	1094	9878
ha	1095	8473
ha	1096	8465
ha	1097	8459
ha	1098	8531
ha	1099	8444
ha	1100	8445
ha	1101	8437
ha	1102	8386
ha	1103	8304
ha	1104	8330
ha	1105	8387
ha	1106	8365
ha	1107	8266
ha	1108	8329
ha	1109	8296
ha	1110	8402
ha	1111	8273
ha	1112	8214
ha	1113	8202
ha	1114	8386
ha	1115	8510
ha	1116	8476
ha	1117	8391
ha	1118	8460
ha	1119	8329
ha	1120	8364
ha	1121	8541
ha	1122	8660
ha	1123	8507
ha	1124	8440
ha	1125	8674
ha	1126	9137
ha	1127	9167
ha	1128	9202
ha	1129	9171
ha	1130	9473
ha	1131	9552
ha	1132	9592
ha	1133	9581
ha	1134	9515
ha	1135	9612
ha	1136	9449
ha	1137	9429
ha	1138	9812
ha	1139	9663
ha	1140	9418
ha	1141	9431
ha	1142	9448
ha	1143	9803
ha	1144	9671
ha	1145	9409
ha	1146	9368
ha	1147	9093
ha	1148	9474
ha	1149	10066
ha	1150	10237
ha	1151	10229
ha	1152	9960
ha	1153	10162
ha	1154	10187
ha	1155	10301
ha	1156	10363
ha	1157	10072
ha	1158	10204
ha	1159	10138
ha	1160	10335
ha	1161	10424
ha	1162	10496
ha	1163	10368
ha	1164	10299
ha	1165	10268
ha	1166	10266
ha	1167	10320
ha	1168	10187
ha	1169	10340
ha	1170	10366
ha	1171	10320
ha	1172	10411
ha	1173	10386
ha	1174	10627
ha	1175	10536
ha	1176	10482
ha	1177	10489
ha	1178	10638
ha	1179	10503
ha	1180	10437
ha	1181	10340
ha	1182	10379
ha	1183	10232
ha	1184	10191
ha	1185	10409
ha	1186	10385
ha	1187	10357
ha	1188	10305
ha	1189	10327
ha	1190	10305
ha	1191	10450
ha	1192	10562
ha	1193	10721
ha	1194	10677
ha	1195	10512
ha	1196	10606
ha	1197	11016
ha	1198	11031
ha	1199	11066
ha	1200	10900
ha	1201	10781
ha	1202	10636
ha	1203	10906
ha	1204	10906
ha	1205	11032
ha	1206	10530
ha	1207	10507
ha	1208	10485
ha	1209	10882
ha	1210	10934
ha	1211	10873
ha	1212	10564
ha	1213	10457
ha	1214	10233
ha	1215	10205
ha	1216	10362
ha	1217	10362
ha	1218	10093
ha	1219	9964
ha	1220	9807
ha	1221	10079
ha	1222	10072
ha	1223	9960
ha	1224	10018
ha	1225	9714
ha	1226	9956
ha	1227	9944
ha	1228	9951
ha	1229	9905
ha	1230	9698
ha	1231	9672
ha	1232	9843
ha	1233	9801
ha	1234	9906
ha	1235	9729
ha	1236	9805
ha	1237	10038
ha	1238	10092
ha	1239	10084
ha	1240	10070
ha	1241	9947
ha	1242	9860
ha	1243	9876
ha	1244	9627
ha	1245	9742
ha	1246	9473
ha	1247	9600
ha	1248	9549
ha	1249	9890
ha	1250	9857
ha	1251	9883
ha	1252	9852
ha	1253	9849
ha	1254	9669
ha	1255	9666
ha	1256	9603
ha	1257	9588
ha	1258	9340
ha	1259	9724
ha	1260	9746
ha	1261	9782
ha	1262	9827
ha	1263	9881
ha	1264	9824
ha	1265	9788
ha	1266	9775
ha	1267	9775
ha	1268	10059
ha	1269	9359
ha	1270	9764
ha	1271	9751
ha	1272	9785
ha	1273	9909
ha	1274	9911
ha	1275	9882
ha	1276	9790
ha	1277	9378
ha	1278	9552
ha	1279	9712
ha	1280	9604
ha	1281	9607
ha	1282	9522
ha	1283	9649
ha	1284	9619
ha	1285	9664
ha	1286	9601
ha	1287	9639
ha	1288	9730
ha	1289	9362
ha	1290	9754
ha	1291	9798
ha	1292	9740
ha	1293	9738
ha	1294	9560
ha	1295	9615
ha	1296	9446
ha	1297	9599
ha	1298	9543
ha	1299	9170
ha	1300	9099
ha	1301	9075
ha	1302	9061
ha	1303	9130
ha	1304	9093
ha	1305	9059
ha	1306	9074
ha	1307	8935
ha	1308	9066
ha	1309	9145
ha	1310	9129
ha	1311	9073
ha	1312	8967
ha	1313	9105
ha	1314	9107
ha	1315	9068
ha	1316	9061
ha	1317	8927
ha	1318	8869
ha	1319	8878
ha	1320	8843
ha	1321	8843
ha	1322	8758
ha	1323	8925
ha	1324	8948
ha	1325	9049
ha	1326	9373
ha	1327	9535
ha	1328	9525
ha	1329	9501
ha	1330	9462
ha	1331	9464
ha	1332	9274
ha	1333	9444
ha	1334	9635
ha	1335	9421
ha	1336	9420
ha	1337	9331
ha	1338	9377
ha	1339	9669
ha	1340	9647
ha	1341	9945
ha	1342	10311
ha	1343	10060
ha	1344	10162
ha	1345	10090
ha	1346	10069
ha	1347	10200
ha	1348	9786
ha	1349	9816
ha	1350	9779
ha	1351	9166
ha	1352	9261
ha	1353	9177
ha	1354	9156
ha	1355	9372
ha	1356	9286
ha	1357	9285
ha	1358	9255
ha	1359	9236
ha	1360	9267
ha	1361	9345
ha	1362	9181
ha	1363	9068
ha	1364	8864
ha	1365	8744
ha	1366	8802
ha	1367	8848
ha	1368	8960
ha	1369	8985
ha	1370	9107
ha	1371	9092
ha	1372	9062
ha	1373	8966
ha	1374	8888
ha	1375	9105
ha	1376	9139
ha	1377	9205
ha	1378	9558
ha	1379	10426
ha	1380	10601
ha	1381	10711
ha	1382	10736
ha	1383	11237
ha	1384	11076
ha	1385	11328
ha	1386	11260
ha	1387	11413
ha	1388	11462
ha	1389	11409
ha	1390	11368
ha	1391	11403
ha	1392	11325
ha	1393	11470
ha	1394	11366
ha	1395	11357
ha	1396	11313
ha	1397	11351
ha	1398	11684
ha	1399	11797
ha	1400	11926
ha	1401	12178
ha	1402	12161
ha	1403	12180
ha	1404	12138
ha	1405	12142
ha	1406	12489
ha	1407	12433
ha	1408	12422
ha	1409	12400
ha	1410	12343
ha	1411	12293
ha	1412	12117
ha	1413	11932
ha	1414	12175
ha	1415	12150
ha	1416	12033
ha	1417	12098
ha	1418	12112
ha	1419	12271
ha	1420	12325
ha	1421	12320
ha	1422	12301
ha	1423	12276
ha	1424	12034
ha	1425	12077
ha	1426	12120
ha	1427	12299
ha	1428	12321
ha	1429	12279
ha	1430	12202
ha	1431	12592
ha	1432	12539
ha	1433	12680
ha	1434	12509
ha	1435	12428
ha	1436	12384
ha	1437	12094
ha	1438	12818
ha	1439	12860
ha	1440	12364
ha	1441	12352
ha	1442	12169
ha	1443	12434
ha	1444	12751
ha	1445	12771
ha	1446	12599
ha	1447	11778
ha	1448	11312
ha	1449	12304
ha	1450	12315
ha	1451	12422
ha	1452	12425
ha	1453	11868
ha	1454	11866
ha	1455	11877
ha	1456	12064
ha	1457	12240
ha	1458	11387
ha	1459	11518
ha	1460	11545
ha	1461	11403
ha	1462	11983
ha	1463	12255
ha	1464	12369
ha	1465	12259
ha	1466	12031
ha	1467	12016
ha	1468	11993
ha	1469	12048
ha	1470	12064
ha	1471	11825
ha	1472	11520
ha	1473	11812
ha	1474	11836
ha	1475	12057
ha	1476	12130
ha	1477	12122
ha	1478	12147
ha	1479	12142
ha	1480	12106
ha	1481	12281
ha	1482	12259
ha	1483	12406
ha	1484	12346
ha	1485	12572
ha	1486	12646
ha	1487	12680
ha	1488	12680
ha	1489	12760
ha	1490	12734
ha	1491	12758
ha	1492	12670
ha	1493	12682
ha	1494	12959
ha	1495	12952
ha	1496	13033
ha	1497	13102
ha	1498	13194
ha	1499	13162
ha	1500	13122
ha	1501	13084
ha	1502	13224
ha	1503	13148
ha	1504	13139
ha	1505	13309
ha	1506	13391
ha	1507	13330
ha	1508	13265
ha	1509	13237
ha	1510	13208
ha	1511	13160
ha	1512	12691
ha	1513	12540
ha	1514	12018
ha	1515	12222
ha	1516	11816
ha	1517	11878
ha	1518	11798
ha	1519	11908
ha	1520	11882
ha	1521	11976
ha	1522	11955
ha	1523	11894
ha	1524	11202
ha	1525	11081
ha	1526	11032
ha	1527	11112
ha	1528	11119
ha	1529	11262
ha	1530	11052
ha	1531	11100
ha	1532	11219
ha	1533	11227
ha	1534	11488
ha	1535	11482
ha	1536	11362
ha	1537	11331
ha	1538	11033
ha	1539	11001
ha	1540	10882
ha	1541	10809
ha	1542	10763
ha	1543	10372
ha	1544	10450
ha	1545	10333
ha	1546	10782
ha	1547	10754
ha	1548	10661
ha	1549	10551
ha	1550	10219
ha	1551	10270
ha	1552	10017
ha	1553	10089
ha	1554	9975
ha	1555	8706
ha	1556	8685
ha	1557	8311
ha	1558	8285
ha	1559	8288
ha	1560	8275
ha	1561	8223
ha	1562	7964
ha	1563	8027
ha	1564	8128
ha	1565	8100
ha	1566	7989
ha	1567	7915
ha	1568	7898
ha	1569	7859
ha	1570	7784
ha	1571	7484
ha	1572	7536
ha	1573	7073
ha	1574	7112
ha	1575	7133
ha	1576	7125
ha	1577	7437
ha	1578	7408
ha	1579	7415
ha	1580	7365
ha	1581	7192
ha	1582	7186
ha	1583	7063
ha	1584	7065
ha	1585	7059
ha	1586	6639
ha	1587	6765
ha	1588	6764
ha	1589	6860
ha	1590	6880
ha	1591	7000
ha	1592	7053
ha	1593	7045
ha	1594	7055
ha	1595	7055
ha	1596	6939
ha	1597	6688
ha	1598	6614
ha	1599	6557
ha	1600	6516
ha	1601	6389
ha	1602	6749
ha	1603	6871
ha	1604	6853
ha	1605	6829
ha	1606	6826
ha	1607	6919
ha	1608	7167
ha	1609	7115
ha	1610	7151
ha	1611	7070
ha	1612	6725
ha	1613	6853
ha	1614	7405
ha	1615	7451
ha	1616	7454
ha	1617	7109
ha	1618	7228
ha	1619	7264
ha	1620	7267
ha	1621	7167
ha	1622	7316
ha	1623	6884
ha	1624	7036
ha	1625	7035
ha	1626	7144
ha	1627	7145
ha	1628	7179
ha	1629	7253
ha	1630	7574
ha	1631	7443
ha	1632	7800
ha	1633	7857
ha	1634	7977
ha	1635	8065
ha	1636	8005
ha	1637	8044
ha	1638	8086
ha	1639	7825
ha	1640	7912
ha	1641	7852
ha	1642	7898
ha	1643	7934
ha	1644	7916
ha	1645	7976
ha	1646	7978
ha	1647	8054
ha	1648	8076
ha	1649	8171
ha	1650	8671
ha	1651	8679
ha	1652	8694
ha	1653	8697
ha	1654	8720
ha	1655	8788
ha	1656	8735
ha	1657	8673
ha	1658	8696
ha	1659	8435
ha	1660	8576
ha	1661	8623
ha	1662	8663
ha	1663	8674
ha	1664	8671
ha	1665	8699
ha	1666	8899
ha	1667	8904
ha	1668	8905
ha	1669	8857
ha	1670	8790
ha	1671	8765
ha	1672	8795
ha	1673	8812
ha	1674	8794
ha	1675	8574
ha	1676	8825
ha	1677	9076
ha	1678	9054
ha	1679	9111
ha	1680	9048
ha	1681	9640
ha	1682	9678
ha	1683	9838
ha	1684	9717
ha	1685	9710
ha	1686	9474
ha	1687	9486
ha	1688	9507
ha	1689	9540
ha	1690	9246
ha	1691	8972
ha	1692	8584
ha	1693	8663
ha	1694	8373
ha	1695	8573
ha	1696	8645
ha	1697	8646
ha	1698	8769
ha	1699	8704
ha	1700	8676
ha	1701	8633
ha	1702	8567
ha	1703	8582
ha	1704	8529
ha	1705	8452
ha	1706	8472
ha	1707	8405
ha	1708	8424
ha	1709	8592
ha	1710	8631
ha	1711	8626
ha	1712	8613
ha	1713	7795
ha	1714	7898
ha	1715	7779
ha	1716	7798
ha	1717	7803
ha	1718	7501
ha	1719	7550
ha	1720	7501
ha	1721	7471
ha	1722	7421
ha	1723	6859
ha	1724	6851
ha	1725	6813
ha	1726	6802
ha	1727	6763
ha	1728	6578
ha	1729	6531
ha	1730	6507
ha	1731	6447
ha	1732	6437
ha	1733	6401
ha	1734	6295
ha	1735	6227
ha	1736	6161
ha	1737	6141
ha	1738	6116
ha	1739	6088
ha	1740	5880
ha	1741	5837
ha	1742	5814
ha	1743	5765
ha	1744	5742
ha	1745	5662
ha	1746	5645
ha	1747	5614
ha	1748	5591
ha	1749	5519
ha	1750	5319
ha	1751	5200
ha	1752	5147
ha	1753	5135
ha	1754	4948
ha	1755	4544
ha	1756	4470
ha	1757	4431
ha	1758	4395
ha	1759	4203
ha	1760	4118
ha	1761	4084
ha	1762	3518
ha	1763	3498
ha	1764	3423
ha	1765	3361
ha	1766	3293
ha	1767	3255
ha	1768	3244
ha	1769	3150
ha	1770	3112
ha	1771	3075
ha	1772	2282
ha	1773	2193
ha	1774	2116
ha	1775	2090
ha	1776	391
mp	1	108
mp	2	121
mp	3	121
mp	4	121
mp	5	126
mp	6	128
mp	7	138
mp	8	139
mp	9	150
mp	10	151
mp	11	177
mp	12	179
mp	13	180
mp	14	180
mp	15	183
mp	16	186
mp	17	188
mp	18	201
mp	19	208
mp	20	211
mp	21	218
mp	22	219
mp	23	222
mp	24	226
mp	25	228
mp	26	231
mp	27	232
mp	28	234
mp	29	234
mp	30	246
mp	31	246
mp	32	262
mp	33	273
mp	34	274
mp	35	277
mp	36	277
mp	37	282
mp	38	284
mp	39	284
mp	40	286
mp	41	287
mp	42	287
mp	43	289
mp	44	292
mp	45	292
mp	46	295
mp	47	298
mp	48	300
mp	49	302
mp	50	302
mp	51	308
mp	52	310
mp	53	310
mp	54	310
mp	55	311
mp	56	312
mp	57	314
mp	58	323
mp	59	331
mp	60	325
mp	61	336
mp	62	339
mp	63	357
mp	64	359
mp	65	362
mp	66	362
mp	67	360
mp	68	359
mp	69	360
mp	70	356
mp	71	356
mp	72	355
mp	73	358
mp	74	357
mp	75	357
mp	76	358
mp	77	358
mp	78	359
mp	79	360
mp	80	358
mp	81	357
mp	82	367
mp	83	368
mp	84	357
mp	85	354
mp	86	332
mp	87	329
mp	88	319
mp	89	323
mp	90	320
mp	91	317
mp	92	315
mp	93	315
mp	94	313
mp	95	307
mp	96	302
mp	97	296
mp	98	294
mp	99	297
mp	100	298
mp	101	297
mp	102	295
mp	103	291
mp	104	287
mp	105	298
mp	106	291
mp	107	293
mp	108	286
mp	109	285
mp	110	292
mp	111	292
mp	112	289
mp	113	290
mp	114	281
mp	115	281
mp	116	282
mp	117	279
mp	118	281
mp	119	281
mp	120	283
mp	121	281
mp	122	284
mp	123	287
mp	124	288
mp	125	291
mp	126	294
mp	127	294
mp	128	292
mp	129	287
mp	130	286
mp	131	280
mp	132	275
mp	133	277
mp	134	258
mp	135	260
mp	136	254
mp	137	259
mp	138	273
mp	139	272
mp	140	271
mp	141	269
mp	142	266
mp	143	267
mp	144	266
mp	145	265
mp	146	262
mp	147	263
mp	148	258
mp	149	273
mp	150	273
mp	151	274
mp	152	273
mp	153	274
mp	154	271
mp	155	274
mp	156	267
mp	157	262
mp	158	249
mp	159	268
mp	160	285
mp	161	285
mp	162	284
mp	163	285
mp	164	286
mp	165	299
mp	166	305
mp	167	301
mp	168	297
mp	169	275
mp	170	274
mp	171	279
mp	172	279
mp	173	280
mp	174	269
mp	175	265
mp	176	263
mp	177	264
mp	178	272
mp	179	270
mp	180	271
mp	181	274
mp	182	272
mp	183	274
mp	184	277
mp	185	290
mp	186	289
mp	187	286
mp	188	284
mp	189	283
mp	190	293
mp	191	293
mp	192	295
mp	193	293
mp	194	285
mp	195	285
mp	196	288
mp	197	287
mp	198	287
mp	199	284
mp	200	281
mp	201	283
mp	202	283
mp	203	287
mp	204	288
mp	205	291
mp	206	292
mp	207	289
mp	208	282
mp	209	283
mp	210	289
mp	211	291
mp	212	298
mp	213	300
mp	214	306
mp	215	308
mp	216	310
mp	217	305
mp	218	305
mp	219	315
mp	220	317
mp	221	315
mp	222	310
mp	223	321
mp	224	322
mp	225	328
mp	226	327
mp	227	330
mp	228	335
mp	229	343
mp	230	346
mp	231	346
mp	232	346
mp	233	349
mp	234	360
mp	235	359
mp	236	361
mp	237	369
mp	238	368
mp	239	366
mp	240	365
mp	241	358
mp	242	364
mp	243	365
mp	244	368
mp	245	374
mp	246	365
mp	247	363
mp	248	365
mp	249	366
mp	250	374
mp	251	378
mp	252	380
mp	253	381
mp	254	376
mp	255	376
mp	256	378
mp	257	380
mp	258	381
mp	259	379
mp	260	371
mp	261	374
mp	262	375
mp	263	391
mp	264	391
mp	265	398
mp	266	395
mp	267	398
mp	268	402
mp	269	403
mp	270	400
mp	271	401
mp	272	400
mp	273	400
mp	274	400
mp	275	400
mp	276	400
mp	277	405
mp	278	409
mp	279	409
mp	280	415
mp	281	405
mp	282	406
mp	283	406
mp	284	401
mp	285	404
mp	286	394
mp	287	395
mp	288	394
mp	289	386
mp	290	389
mp	291	380
mp	292	398
mp	293	396
mp	294	394
mp	295	394
mp	296	386
mp	297	382
mp	298	415
mp	299	417
mp	300	418
mp	301	414
mp	302	408
mp	303	408
mp	304	418
mp	305	419
mp	306	421
mp	307	420
mp	308	385
mp	309	388
mp	310	390
mp	311	393
mp	312	398
mp	313	388
mp	314	397
mp	315	395
mp	316	396
mp	317	393
mp	318	393
mp	319	388
mp	320	392
mp	321	382
mp	322	423
mp	323	411
mp	324	410
mp	325	411
mp	326	407
mp	327	414
mp	328	415
mp	329	415
mp	330	416
mp	331	393
mp	332	398
mp	333	404
mp	334	409
mp	335	411
mp	336	409
mp	337	411
mp	338	403
mp	339	413
mp	340	413
mp	341	420
mp	342	424
mp	343	436
mp	344	450
mp	345	450
mp	346	449
mp	347	455
mp	348	462
mp	349	451
mp	350	460
mp	351	449
mp	352	459
mp	353	455
mp	354	454
mp	355	456
mp	356	455
mp	357	467
mp	358	469
mp	359	472
mp	360	474
mp	361	474
mp	362	471
mp	363	470
mp	364	468
mp	365	473
mp	366	467
mp	367	456
mp	368	462
mp	369	466
mp	370	467
mp	371	470
mp	372	470
mp	373	467
mp	374	473
mp	375	466
mp	376	483
mp	377	481
mp	378	497
mp	379	500
mp	380	504
mp	381	507
mp	382	509
mp	383	502
mp	384	501
mp	385	473
mp	386	473
mp	387	478
mp	388	466
mp	389	465
mp	390	467
mp	391	466
mp	392	473
mp	393	472
mp	394	472
mp	395	474
mp	396	470
mp	397	476
mp	398	475
mp	399	474
mp	400	474
mp	401	471
mp	402	484
mp	403	492
mp	404	492
mp	405	505
mp	406	501
mp	407	499
mp	408	496
mp	409	494
mp	410	505
mp	411	510
mp	412	507
mp	413	538
mp	414	528
mp	415	548
mp	416	588
mp	417	592
mp	418	611
mp	419	597
mp	420	577
mp	421	591
mp	422	568
mp	423	569
mp	424	566
mp	425	522
mp	426	536
mp	427	537
mp	428	535
mp	429	536
mp	430	519
mp	431	522
mp	432	521
mp	433	521
mp	434	517
mp	435	501
mp	436	495
mp	437	494
mp	438	492
mp	439	497
mp	440	493
mp	441	499
mp	442	494
mp	443	495
mp	444	497
mp	445	493
mp	446	496
mp	447	493
mp	448	486
mp	449	489
mp	450	479
mp	451	481
mp	452	495
mp	453	494
mp	454	491
mp	455	491
mp	456	494
mp	457	499
mp	458	511
mp	459	510
mp	460	509
mp	461	499
mp	462	499
mp	463	503
mp	464	508
mp	465	508
mp	466	523
mp	467	483
mp	468	500
mp	469	493
mp	470	494
mp	471	493
mp	472	478
mp	473	466
mp	474	475
mp	475	475
mp	476	465
mp	477	464
mp	478	462
mp	479	461
mp	480	455
mp	481	455
mp	482	450
mp	483	419
mp	484	420
mp	485	412
mp	486	403
mp	487	401
mp	488	407
mp	489	409
mp	490	408
mp	491	412
mp	492	405
mp	493	405
mp	494	410
mp	495	408
mp	496	407
mp	497	409
mp	498	405
mp	499	410
mp	500	408
mp	501	406
mp	502	407
mp	503	403
mp	504	403
mp	505	403
mp	506	400
mp	507	402
mp	508	399
mp	509	402
mp	510	397
mp	511	417
mp	512	410
mp	513	433
mp	514	438
mp	515	440
mp	516	436
mp	517	438
mp	518	429
mp	519	428
mp	520	427
mp	521	424
mp	522	420
mp	523	412
mp	524	402
mp	525	404
mp	526	398
mp	527	377
mp	528	377
mp	529	375
mp	530	367
mp	531	372
mp	532	365
mp	533	349
mp	534	348
mp	535	354
mp	536	351
mp	537	343
mp	538	338
mp	539	344
mp	540	344
mp	541	351
mp	542	351
mp	543	345
mp	544	343
mp	545	325
mp	546	328
mp	547	329
mp	548	332
mp	549	323
mp	550	314
mp	551	315
mp	552	315
mp	553	319
mp	554	315
mp	555	318
mp	556	321
mp	557	315
mp	558	330
mp	559	324
mp	560	322
mp	561	324
mp	562	325
mp	563	349
mp	564	346
mp	565	358
mp	566	357
mp	567	346
mp	568	367
mp	569	367
mp	570	368
mp	571	369
mp	572	351
mp	573	400
mp	574	399
mp	575	407
mp	576	412
mp	577	396
mp	578	396
mp	579	399
mp	580	410
mp	581	425
mp	582	398
mp	583	386
mp	584	382
mp	585	379
mp	586	395
mp	587	399
mp	588	407
mp	589	387
mp	590	392
mp	591	393
mp	592	399
mp	593	411
mp	594	406
mp	595	400
mp	596	399
mp	597	395
mp	598	397
mp	599	393
mp	600	400
mp	601	402
mp	602	401
mp	603	401
mp	604	399
mp	605	403
mp	606	411
mp	607	410
mp	608	410
mp	609	409
mp	610	412
mp	611	412
mp	612	415
mp	613	414
mp	614	419
mp	615	416
mp	616	421
mp	617	423
mp	618	419
mp	619	418
mp	620	417
mp	621	416
mp	622	412
mp	623	414
mp	624	414
mp	625	414
mp	626	412
mp	627	412
mp	628	416
mp	629	420
mp	630	427
mp	631	424
mp	632	415
mp	633	413
mp	634	414
mp	635	415
mp	636	415
mp	637	416
mp	638	408
mp	639	400
mp	640	406
mp	641	413
mp	642	412
mp	643	411
mp	644	406
mp	645	404
mp	646	403
mp	647	404
mp	648	397
mp	649	411
mp	650	408
mp	651	401
mp	652	398
mp	653	390
mp	654	395
mp	655	397
mp	656	397
mp	657	387
mp	658	373
mp	659	364
mp	660	369
mp	661	366
mp	662	374
mp	663	359
mp	664	361
mp	665	362
mp	666	357
mp	667	357
mp	668	354
mp	669	349
mp	670	353
mp	671	348
mp	672	344
mp	673	343
mp	674	340
mp	675	342
mp	676	328
mp	677	322
mp	678	329
mp	679	329
mp	680	323
mp	681	326
mp	682	327
mp	683	325
mp	684	320
mp	685	312
mp	686	309
mp	687	309
mp	688	293
mp	689	299
mp	690	298
mp	691	317
mp	692	320
mp	693	310
mp	694	310
mp	695	309
mp	696	318
mp	697	331
mp	698	326
mp	699	325
mp	700	313
mp	701	311
mp	702	315
mp	703	314
mp	704	315
mp	705	315
mp	706	306
mp	707	307
mp	708	312
mp	709	315
mp	710	318
mp	711	312
mp	712	311
mp	713	311
mp	714	319
mp	715	316
mp	716	314
mp	717	304
mp	718	295
mp	719	295
mp	720	293
mp	721	288
mp	722	286
mp	723	285
mp	724	292
mp	725	290
mp	726	289
mp	727	290
mp	728	292
mp	729	290
mp	730	288
mp	731	291
mp	732	288
mp	733	284
mp	734	284
mp	735	283
mp	736	286
mp	737	286
mp	738	284
mp	739	290
mp	740	291
mp	741	291
mp	742	289
mp	743	288
mp	744	294
mp	745	294
mp	746	292
mp	747	289
mp	748	288
mp	749	286
mp	750	283
mp	751	285
mp	752	288
mp	753	279
mp	754	280
mp	755	278
mp	756	282
mp	757	284
mp	758	285
mp	759	292
mp	760	284
mp	761	292
mp	762	289
mp	763	290
mp	764	295
mp	765	290
mp	766	290
mp	767	288
mp	768	273
mp	769	271
mp	770	268
mp	771	266
mp	772	265
mp	773	264
mp	774	267
mp	775	279
mp	776	281
mp	777	281
mp	778	283
mp	779	276
mp	780	275
mp	781	277
mp	782	274
mp	783	279
mp	784	273
mp	785	273
mp	786	274
mp	787	273
mp	788	276
mp	789	281
mp	790	275
mp	791	276
mp	792	277
mp	793	273
mp	794	276
mp	795	276
mp	796	273
mp	797	274
mp	798	274
mp	799	273
mp	800	263
mp	801	261
mp	802	258
mp	803	256
mp	804	256
mp	805	271
mp	806	271
mp	807	268
mp	808	268
mp	809	272
mp	810	273
mp	811	280
mp	812	280
mp	813	279
mp	814	264
mp	815	263
mp	816	267
mp	817	263
mp	818	253
mp	819	253
mp	820	252
mp	821	258
mp	822	257
mp	823	263
mp	824	265
mp	825	258
mp	826	269
mp	827	269
mp	828	271
mp	829	272
mp	830	259
mp	831	260
mp	832	250
mp	833	253
mp	834	251
mp	835	251
mp	836	250
mp	837	237
mp	838	237
mp	839	234
mp	840	240
mp	841	240
mp	842	240
mp	843	242
mp	844	242
mp	845	241
mp	846	239
mp	847	242
mp	848	246
mp	849	246
mp	850	244
mp	851	244
mp	852	246
mp	853	251
mp	854	252
mp	855	252
mp	856	254
mp	857	253
mp	858	251
mp	859	250
mp	860	247
mp	861	251
mp	862	251
mp	863	248
mp	864	250
mp	865	250
mp	866	253
mp	867	253
mp	868	252
mp	869	253
mp	870	252
mp	871	252
mp	872	249
mp	873	249
mp	874	255
mp	875	265
mp	876	262
mp	877	259
mp	878	260
mp	879	254
mp	880	253
mp	881	248
mp	882	246
mp	883	241
mp	884	236
mp	885	220
mp	886	230
mp	887	225
mp	888	224
mp	889	230
mp	890	234
mp	891	234
mp	892	237
mp	893	237
mp	894	232
mp	895	234
mp	896	229
mp	897	230
mp	898	231
mp	899	232
mp	900	233
mp	901	235
mp	902	239
mp	903	243
mp	904	248
mp	905	254
mp	906	258
mp	907	257
mp	908	252
mp	909	253
mp	910	252
mp	911	257
mp	912	256
mp	913	262
mp	914	261
mp	915	262
mp	916	255
mp	917	271
mp	918	272
mp	919	273
mp	920	268
mp	921	273
mp	922	269
mp	923	271
mp	924	264
mp	925	266
mp	926	265
mp	927	263
mp	928	263
mp	929	266
mp	930	265
mp	931	266
mp	932	264
mp	933	265
mp	934	263
mp	935	259
mp	936	264
mp	937	263
mp	938	263
mp	939	260
mp	940	258
mp	941	258
mp	942	250
mp	943	251
mp	944	249
mp	945	245
mp	946	245
mp	947	240
mp	948	243
mp	949	243
mp	950	242
mp	951	243
mp	952	231
mp	953	233
mp	954	233
mp	955	232
mp	956	233
mp	957	217
mp	958	220
mp	959	216
mp	960	215
mp	961	217
mp	962	210
mp	963	211
mp	964	210
mp	965	207
mp	966	209
mp	967	199
mp	968	200
mp	969	194
mp	970	188
mp	971	184
mp	972	183
mp	973	181
mp	974	179
mp	975	171
mp	976	166
mp	977	165
mp	978	163
mp	979	165
mp	980	162
mp	981	162
mp	982	161
mp	983	160
mp	984	160
mp	985	160
mp	986	157
mp	987	154
mp	988	148
mp	989	148
mp	990	145
mp	991	145
mp	992	144
mp	993	144
mp	994	144
mp	995	138
mp	996	137
mp	997	131
mp	998	131
mp	999	130
mp	1000	113
mp	1001	112
mp	1002	111
mp	1003	111
mp	1004	111
mp	1005	98
mp	1006	98
mp	1007	98
mp	1008	97
mp	1009	96
mp	1010	86
mp	1011	82
mp	1012	78
mp	1013	65
mp	1014	64
mp	1015	64
mp	1016	62
mp	1017	60
mp	1018	57
mp	1019	57
mp	1020	55
mp	1021	55
mp	1022	55
mp	1023	45
mp	1024	42
mp	1025	41
mp	1026	41
mp	1027	9
np	1	495
np	2	631
np	3	632
np	4	635
np	5	686
np	6	717
np	7	719
np	8	726
np	9	729
np	10	731
np	11	784
np	12	787
np	13	836
np	14	839
np	15	849
np	16	917
np	17	921
np	18	935
np	19	944
np	20	1033
np	21	1036
np	22	1051
np	23	1055
np	24	1084
np	25	1086
np	26	1110
np	27	1115
np	28	1139
np	29	1144
np	30	1174
np	31	1175
np	32	1194
np	33	1197
np	34	1220
np	35	1229
np	36	1260
np	37	1286
np	38	1292
np	39	1325
np	40	1328
np	41	1349
np	42	1385
np	43	1396
np	44	1403
np	45	1410
np	46	1416
np	47	1421
np	48	1431
np	49	1441
np	50	1447
np	51	1463
np	52	1480
np	53	1490
np	54	1479
np	55	1474
np	56	1444
np	57	1426
np	58	1417
np	59	1432
np	60	1427
np	61	1390
np	62	1404
np	63	1396
np	64	1353
np	65	1294
np	66	1286
np	67	1290
np	68	1260
np	69	1235
np	70	1207
np	71	1261
np	72	1256
np	73	1234
np	74	1241
np	75	1231
np	76	1260
np	77	1257
np	78	1245
np	79	1254
np	80	1217
np	81	1260
np	82	1269
np	83	1279
np	84	1288
np	85	1303
np	86	1294
np	87	1287
np	88	1279
np	89	1315
np	90	1288
np	91	1306
np	92	1311
np	93	1299
np	94	1320
np	95	1333
np	96	1338
np	97	1345
np	98	1321
np	99	1314
np	100	1315
np	101	1316
np	102	1323
np	103	1322
np	104	1315
np	105	1325
np	106	1319
np	107	1322
np	108	1311
np	109	1302
np	110	1300
np	111	1280
np	112	1289
np	113	1293
np	114	1277
np	115	1292
np	116	1287
np	117	1304
np	118	1301
np	119	1306
np	120	1317
np	121	1278
np	122	1283
np	123	1275
np	124	1276
np	125	1274
np	126	1255
np	127	1256
np	128	1270
np	129	1261
np	130	1292
np	131	1276
np	132	1269
np	133	1279
np	134	1294
np	135	1279
np	136	1252
np	137	1257
np	138	1233
np	139	1212
np	140	1197
np	141	1217
np	142	1217
np	143	1184
np	144	1199
np	145	1204
np	146	1206
np	147	1207
np	148	1203
np	149	1212
np	150	1209
np	151	1199
np	152	1193
np	153	1198
np	154	1201
np	155	1200
np	156	1200
np	157	1190
np	158	1191
np	159	1239
np	160	1267
np	161	1344
np	162	1401
np	163	1408
np	164	1565
np	165	1637
np	166	1735
np	167	1739
np	168	1698
np	169	1741
np	170	1697
np	171	1828
np	172	1824
np	173	1739
np	174	1750
np	175	1727
np	176	1749
np	177	1747
np	178	1741
np	179	1742
np	180	1645
np	181	1675
np	182	1667
np	183	1706
np	184	1716
np	185	1704
np	186	1719
np	187	1722
np	188	1730
np	189	1725
np	190	1725
np	191	1701
np	192	1711
np	193	1702
np	194	1715
np	195	1723
np	196	1741
np	197	1745
np	198	1752
np	199	1766
np	200	1778
np	201	1775
np	202	1779
np	203	1771
np	204	1768
np	205	1765
np	206	1763
np	207	1759
np	208	1729
np	209	1739
np	210	1747
np	211	1750
np	212	1738
np	213	1755
np	214	1807
np	215	1804
np	216	1797
np	217	1798
np	218	1795
np	219	1784
np	220	1752
np	221	1734
np	222	1754
np	223	1622
np	224	1669
np	225	1661
np	226	1656
np	227	1661
np	228	1660
np	229	1684
np	230	1762
np	231	1719
np	232	1706
np	233	1665
np	234	1668
np	235	1675
np	236	1658
np	237	1656
np	238	1574
np	239	1498
np	240	1515
np	241	1498
np	242	1497
np	243	1517
np	244	1539
np	245	1519
np	246	1534
np	247	1554
np	248	1545
np	249	1548
np	250	1530
np	251	1530
np	252	1486
np	253	1512
np	254	1517
np	255	1506
np	256	1523
np	257	1521
np	258	1515
np	259	1533
np	260	1527
np	261	1521
np	262	1516
np	263	1466
np	264	1521
np	265	1511
np	266	1532
np	267	1544
np	268	1538
np	269	1553
np	270	1575
np	271	1575
np	272	1575
np	273	1573
np	274	1557
np	275	1549
np	276	1574
np	277	1559
np	278	1572
np	279	1537
np	280	1557
np	281	1554
np	282	1560
np	283	1559
np	284	1555
np	285	1522
np	286	1542
np	287	1511
np	288	1508
np	289	1510
np	290	1504
np	291	1558
np	292	1566
np	293	1568
np	294	1570
np	295	1533
np	296	1585
np	297	1578
np	298	1599
np	299	1593
np	300	1520
np	301	1537
np	302	1538
np	303	1543
np	304	1540
np	305	1427
np	306	1425
np	307	1415
np	308	1419
np	309	1417
np	310	1431
np	311	1426
np	312	1438
np	313	1442
np	314	1444
np	315	1451
np	316	1426
np	317	1388
np	318	1393
np	319	1356
np	320	1360
np	321	1335
np	322	1338
np	323	1338
np	324	1322
np	325	1335
np	326	1340
np	327	1330
np	328	1344
np	329	1336
np	330	1344
np	331	1375
np	332	1367
np	333	1409
np	334	1376
np	335	1359
np	336	1363
np	337	1347
np	338	1406
np	339	1402
np	340	1331
np	341	1334
np	342	1291
np	343	1281
np	344	1283
np	345	1255
np	346	1268
np	347	1217
np	348	1214
np	349	1221
np	350	1223
np	351	1222
np	352	1203
np	353	1188
np	354	1188
np	355	1194
np	356	1229
np	357	1230
np	358	1217
np	359	1216
np	360	1220
np	361	1225
np	362	1226
np	363	1210
np	364	1238
np	365	1223
np	366	1232
np	367	1236
np	368	1244
np	369	1263
np	370	1271
np	371	1266
np	372	1264
np	373	1291
np	374	1252
np	375	1257
np	376	1239
np	377	1245
np	378	1240
np	379	1223
np	380	1248
np	381	1242
np	382	1192
np	383	1192
np	384	1180
np	385	1203
np	386	1200
np	387	1191
np	388	1197
np	389	1132
np	390	1151
np	391	1141
np	392	1143
np	393	1152
np	394	1123
np	395	1143
np	396	1144
np	397	1144
np	398	1154
np	399	1140
np	400	1137
np	401	1130
np	402	1132
np	403	1139
np	404	1135
np	405	1145
np	406	1146
np	407	1148
np	408	1144
np	409	1141
np	410	1140
np	411	1172
np	412	1216
np	413	1231
np	414	1236
np	415	1271
np	416	1306
np	417	1307
np	418	1310
np	419	1315
np	420	1277
np	421	1254
np	422	1264
np	423	1230
np	424	1256
np	425	1182
np	426	1240
np	427	1245
np	428	1249
np	429	1263
np	430	1277
np	431	1284
np	432	1271
np	433	1268
np	434	1282
np	435	1221
np	436	1231
np	437	1216
np	438	1209
np	439	1251
np	440	1263
np	441	1259
np	442	1282
np	443	1266
np	444	1275
np	445	1264
np	446	1263
np	447	1261
np	448	1292
np	449	1289
np	450	1318
np	451	1328
np	452	1338
np	453	1329
np	454	1330
np	455	1333
np	456	1353
np	457	1341
np	458	1346
np	459	1344
np	460	1354
np	461	1359
np	462	1364
np	463	1371
np	464	1383
np	465	1385
np	466	1394
np	467	1407
np	468	1411
np	469	1437
np	470	1447
np	471	1447
np	472	1455
np	473	1443
np	474	1477
np	475	1468
np	476	1461
np	477	1473
np	478	1452
np	479	1459
np	480	1452
np	481	1466
np	482	1500
np	483	1472
np	484	1512
np	485	1509
np	486	1518
np	487	1547
np	488	1517
np	489	1570
np	490	1561
np	491	1524
np	492	1533
np	493	1503
np	494	1546
np	495	1529
np	496	1505
np	497	1528
np	498	1473
np	499	1473
np	500	1496
np	501	1501
np	502	1511
np	503	1483
np	504	1477
np	505	1492
np	506	1486
np	507	1494
np	508	1507
np	509	1479
np	510	1489
np	511	1489
np	512	1516
np	513	1535
np	514	1523
np	515	1555
np	516	1535
np	517	1573
np	518	1585
np	519	1569
np	520	1565
np	521	1525
np	522	1515
np	523	1533
np	524	1548
np	525	1619
np	526	1582
np	527	1575
np	528	1576
np	529	1605
np	530	1613
np	531	1619
np	532	1607
np	533	1517
np	534	1497
np	535	1468
np	536	1481
np	537	1480
np	538	1468
np	539	1522
np	540	1508
np	541	1540
np	542	1530
np	543	1526
np	544	1535
np	545	1522
np	546	1520
np	547	1521
np	548	1469
np	549	1467
np	550	1451
np	551	1480
np	552	1474
np	553	1463
np	554	1472
np	555	1455
np	556	1457
np	557	1457
np	558	1452
np	559	1484
np	560	1460
np	561	1589
np	562	1593
np	563	1593
np	564	1588
np	565	1574
np	566	1581
np	567	1581
np	568	1538
np	569	1523
np	570	1425
np	571	1422
np	572	1419
np	573	1414
np	574	1411
np	575	1406
np	576	1406
np	577	1402
np	578	1401
np	579	1377
np	580	1391
np	581	1392
np	582	1382
np	583	1382
np	584	1387
np	585	1381
np	586	1375
np	587	1372
np	588	1347
np	589	1358
np	590	1357
np	591	1361
np	592	1395
np	593	1364
np	594	1371
np	595	1358
np	596	1350
np	597	1333
np	598	1305
np	599	1339
np	600	1287
np	601	1275
np	602	1250
np	603	1246
np	604	1248
np	605	1288
np	606	1285
np	607	1279
np	608	1275
np	609	1188
np	610	1202
np	611	1229
np	612	1242
np	613	1259
np	614	1198
np	615	1188
np	616	1190
np	617	1177
np	618	1174
np	619	1181
np	620	1129
np	621	1112
np	622	1094
np	623	1078
np	624	1100
np	625	1098
np	626	1091
np	627	1100
np	628	1074
np	629	1087
np	630	1087
np	631	1085
np	632	1081
np	633	1085
np	634	1080
np	635	1083
np	636	1082
np	637	1074
np	638	1069
np	639	1059
np	640	1060
np	641	1060
np	642	1033
np	643	1037
np	644	1059
np	645	1073
np	646	1080
np	647	1061
np	648	1068
np	649	1063
np	650	1065
np	651	1057
np	652	1064
np	653	1037
np	654	1021
np	655	1022
np	656	1029
np	657	1039
np	658	1028
np	659	1019
np	660	1057
np	661	1060
np	662	1064
np	663	1066
np	664	1056
np	665	1055
np	666	1048
np	667	1017
np	668	1014
np	669	973
np	670	980
np	671	985
np	672	984
np	673	993
np	674	988
np	675	983
np	676	981
np	677	979
np	678	987
np	679	982
np	680	985
np	681	982
np	682	989
np	683	973
np	684	984
np	685	986
np	686	1013
np	687	1005
np	688	994
np	689	994
np	690	990
np	691	982
np	692	996
np	693	996
np	694	985
np	695	951
np	696	936
np	697	981
np	698	980
np	699	985
np	700	980
np	701	992
np	702	999
np	703	995
np	704	992
np	705	995
np	706	927
np	707	935
np	708	911
np	709	933
np	710	912
np	711	935
np	712	927
np	713	932
np	714	935
np	715	924
np	716	927
np	717	924
np	718	911
np	719	910
np	720	892
np	721	904
np	722	896
np	723	935
np	724	938
np	725	930
np	726	955
np	727	939
np	728	939
np	729	924
np	730	917
np	731	914
np	732	955
np	733	953
np	734	955
np	735	975
np	736	974
np	737	981
np	738	980
np	739	968
np	740	988
np	741	928
np	742	942
np	743	942
np	744	933
np	745	946
np	746	944
np	747	936
np	748	942
np	749	926
np	750	925
np	751	908
np	752	938
np	753	933
np	754	936
np	755	939
np	756	935
np	757	1011
np	758	1016
np	759	1022
np	760	1012
np	761	959
np	762	963
np	763	988
np	764	984
np	765	986
np	766	913
np	767	932
np	768	939
np	769	951
np	770	961
np	771	969
np	772	952
np	773	970
np	774	978
np	775	990
np	776	968
np	777	956
np	778	943
np	779	951
np	780	952
np	781	950
np	782	955
np	783	962
np	784	963
np	785	973
np	786	978
np	787	980
np	788	982
np	789	969
np	790	977
np	791	985
np	792	985
np	793	971
np	794	955
np	795	956
np	796	955
np	797	960
np	798	951
np	799	961
np	800	957
np	801	984
np	802	991
np	803	1002
np	804	1003
np	805	1018
np	806	1016
np	807	1014
np	808	1017
np	809	1013
np	810	986
np	811	989
np	812	982
np	813	998
np	814	991
np	815	993
np	816	1000
np	817	982
np	818	990
np	819	995
np	820	996
np	821	1000
np	822	994
np	823	996
np	824	996
np	825	991
np	826	1002
np	827	1001
np	828	1017
np	829	1008
np	830	1013
np	831	1004
np	832	1055
np	833	1055
np	834	1052
np	835	1074
np	836	1044
np	837	1096
np	838	1109
np	839	1115
np	840	1118
np	841	1073
np	842	1064
np	843	1068
np	844	1053
np	845	1059
np	846	1014
np	847	993
np	848	1019
np	849	1019
np	850	1020
np	851	1029
np	852	1017
np	853	1031
np	854	1020
np	855	1031
np	856	1051
np	857	1051
np	858	1063
np	859	1116
np	860	1115
np	861	1128
np	862	1120
np	863	1128
np	864	1144
np	865	1128
np	866	1125
np	867	1127
np	868	1084
np	869	1101
np	870	1096
np	871	1106
np	872	1100
np	873	1099
np	874	1098
np	875	1099
np	876	1087
np	877	1100
np	878	1092
np	879	1093
np	880	1096
np	881	1108
np	882	1109
np	883	1129
np	884	1166
np	885	1197
np	886	1185
np	887	1187
np	888	1190
np	889	1185
np	890	1218
np	891	1210
np	892	1211
np	893	1178
np	894	1181
np	895	1266
np	896	1264
np	897	1261
np	898	1273
np	899	1258
np	900	1272
np	901	1276
np	902	1276
np	903	1272
np	904	1182
np	905	1196
np	906	1192
np	907	1268
np	908	1264
np	909	1228
np	910	1225
np	911	1218
np	912	1206
np	913	1205
np	914	1188
np	915	1221
np	916	1167
np	917	1165
np	918	1151
np	919	1148
np	920	1128
np	921	1117
np	922	1103
np	923	1114
np	924	1079
np	925	1122
np	926	1124
np	927	1123
np	928	1159
np	929	1159
np	930	1171
np	931	1168
np	932	1158
np	933	1167
np	934	1143
np	935	1182
np	936	1157
np	937	1147
np	938	1131
np	939	1144
np	940	1150
np	941	1141
np	942	1122
np	943	1110
np	944	1134
np	945	1122
np	946	1112
np	947	1112
np	948	1094
np	949	1108
np	950	1093
np	951	1095
np	952	1097
np	953	1090
np	954	1088
np	955	1087
np	956	1097
np	957	1105
np	958	1098
np	959	1102
np	960	1097
np	961	1099
np	962	1094
np	963	1124
np	964	1150
np	965	1146
np	966	1151
np	967	1143
np	968	1138
np	969	1135
np	970	1121
np	971	1113
np	972	1111
np	973	1067
np	974	1088
np	975	1080
np	976	1087
np	977	1082
np	978	1082
np	979	1096
np	980	1095
np	981	1125
np	982	1113
np	983	1106
np	984	1111
np	985	1100
np	986	1123
np	987	1116
np	988	1102
np	989	1078
np	990	1125
np	991	1118
np	992	1114
np	993	1103
np	994	1062
np	995	1055
np	996	1030
np	997	1029
np	998	1013
np	999	991
np	1000	993
np	1001	999
np	1002	1007
np	1003	1004
np	1004	997
np	1005	996
np	1006	997
np	1007	1002
np	1008	994
np	1009	995
np	1010	990
np	1011	969
np	1012	977
np	1013	974
np	1014	962
np	1015	989
np	1016	993
np	1017	989
np	1018	991
np	1019	998
np	1020	998
np	1021	986
np	1022	1001
np	1023	983
np	1024	991
np	1025	982
np	1026	1002
np	1027	1002
np	1028	994
np	1029	1096
np	1030	1124
np	1031	1117
np	1032	1119
np	1033	1119
np	1034	1146
np	1035	1148
np	1036	1145
np	1037	1149
np	1038	1118
np	1039	1150
np	1040	1149
np	1041	1164
np	1042	1159
np	1043	1162
np	1044	1180
np	1045	1172
np	1046	1167
np	1047	1176
np	1048	1135
np	1049	1138
np	1050	1108
np	1051	1118
np	1052	1119
np	1053	1116
np	1054	1142
np	1055	1144
np	1056	1148
np	1057	1157
np	1058	1168
np	1059	1170
np	1060	1182
np	1061	1184
np	1062	1201
np	1063	1217
np	1064	1308
np	1065	1308
np	1066	1315
np	1067	1311
np	1068	1323
np	1069	1323
np	1070	1331
np	1071	1314
np	1072	1334
np	1073	1269
np	1074	1293
np	1075	1289
np	1076	1297
np	1077	1299
np	1078	1305
np	1079	1309
np	1080	1316
np	1081	1290
np	1082	1312
np	1083	1322
np	1084	1325
np	1085	1333
np	1086	1340
np	1087	1320
np	1088	1323
np	1089	1313
np	1090	1324
np	1091	1343
np	1092	1363
np	1093	1355
np	1094	1359
np	1095	1360
np	1096	1354
np	1097	1404
np	1098	1390
np	1099	1392
np	1100	1340
np	1101	1315
np	1102	1352
np	1103	1352
np	1104	1372
np	1105	1365
np	1106	1350
np	1107	1341
np	1108	1339
np	1109	1386
np	1110	1370
np	1111	1363
np	1112	1353
np	1113	1347
np	1114	1351
np	1115	1328
np	1116	1333
np	1117	1341
np	1118	1288
np	1119	1305
np	1120	1294
np	1121	1307
np	1122	1334
np	1123	1322
np	1124	1335
np	1125	1333
np	1126	1312
np	1127	1325
np	1128	1297
np	1129	1311
np	1130	1316
np	1131	1283
np	1132	1316
np	1133	1302
np	1134	1308
np	1135	1320
np	1136	1294
np	1137	1304
np	1138	1299
np	1139	1299
np	1140	1288
np	1141	1262
np	1142	1277
np	1143	1275
np	1144	1272
np	1145	1267
np	1146	1265
np	1147	1269
np	1148	1262
np	1149	1263
np	1150	1259
np	1151	1236
np	1152	1234
np	1153	1231
np	1154	1219
np	1155	1253
np	1156	1240
np	1157	1243
np	1158	1258
np	1159	1272
np	1160	1273
np	1161	1291
np	1162	1299
np	1163	1319
np	1164	1271
np	1165	1280
np	1166	1285
np	1167	1290
np	1168	1297
np	1169	1255
np	1170	1294
np	1171	1272
np	1172	1300
np	1173	1301
np	1174	1296
np	1175	1319
np	1176	1306
np	1177	1309
np	1178	1396
np	1179	1356
np	1180	1375
np	1181	1346
np	1182	1356
np	1183	1366
np	1184	1356
np	1185	1346
np	1186	1351
np	1187	1285
np	1188	1314
np	1189	1299
np	1190	1305
np	1191	1334
np	1192	1333
np	1193	1349
np	1194	1354
np	1195	1356
np	1196	1376
np	1197	1397
np	1198	1395
np	1199	1390
np	1200	1392
np	1201	1364
np	1202	1387
np	1203	1403
np	1204	1419
np	1205	1423
np	1206	1378
np	1207	1393
np	1208	1391
np	1209	1380
np	1210	1372
np	1211	1371
np	1212	1349
np	1213	1351
np	1214	1353
np	1215	1355
np	1216	1337
np	1217	1362
np	1218	1370
np	1219	1370
np	1220	1392
np	1221	1364
np	1222	1397
np	1223	1418
np	1224	1415
np	1225	1419
np	1226	1423
np	1227	1419
np	1228	1408
np	1229	1401
np	1230	1419
np	1231	1406
np	1232	1428
np	1233	1387
np	1234	1454
np	1235	1444
np	1236	1472
np	1237	1472
np	1238	1445
np	1239	1448
np	1240	1452
np	1241	1433
np	1242	1444
np	1243	1382
np	1244	1409
np	1245	1388
np	1246	1391
np	1247	1393
np	1248	1382
np	1249	1371
np	1250	1382
np	1251	1381
np	1252	1381
np	1253	1377
np	1254	1352
np	1255	1381
np	1256	1370
np	1257	1376
np	1258	1373
np	1259	1348
np	1260	1372
np	1261	1376
np	1262	1456
np	1263	1464
np	1264	1417
np	1265	1454
np	1266	1440
np	1267	1470
np	1268	1471
np	1269	1459
np	1270	1456
np	1271	1300
np	1272	1342
np	1273	1341
np	1274	1318
np	1275	1310
np	1276	1291
np	1277	1313
np	1278	1304
np	1279	1302
np	1280	1339
np	1281	1325
np	1282	1248
np	1283	1255
np	1284	1230
np	1285	1297
np	1286	1287
np	1287	1290
np	1288	1295
np	1289	1259
np	1290	1276
np	1291	1271
np	1292	1280
np	1293	1262
np	1294	1171
np	1295	1149
np	1296	1158
np	1297	1145
np	1298	1137
np	1299	1132
np	1300	1139
np	1301	1138
np	1302	1163
np	1303	1177
np	1304	1200
np	1305	1217
np	1306	1228
np	1307	1242
np	1308	1241
np	1309	1242
np	1310	1273
np	1311	1262
np	1312	1270
np	1313	1267
np	1314	1266
np	1315	1251
np	1316	1254
np	1317	1269
np	1318	1245
np	1319	1218
np	1320	1221
np	1321	1204
np	1322	1201
np	1323	1205
np	1324	1202
np	1325	1192
np	1326	1160
np	1327	1167
np	1328	1179
np	1329	1180
np	1330	1173
np	1331	1174
np	1332	1175
np	1333	1181
np	1334	1188
np	1335	1186
np	1336	1188
np	1337	1173
np	1338	1156
np	1339	1147
np	1340	1150
np	1341	1154
np	1342	1158
np	1343	1157
np	1344	1134
np	1345	1135
np	1346	1124
np	1347	1129
np	1348	1127
np	1349	1116
np	1350	1111
np	1351	1092
np	1352	1095
np	1353	1082
np	1354	1077
np	1355	1087
np	1356	1059
np	1357	1063
np	1358	1060
np	1359	1057
np	1360	1056
np	1361	1043
np	1362	1063
np	1363	1035
np	1364	1014
np	1365	1015
np	1366	1005
np	1367	1015
np	1368	1007
np	1369	988
np	1370	985
np	1371	937
np	1372	943
np	1373	917
np	1374	938
np	1375	941
np	1376	914
np	1377	947
np	1378	942
np	1379	938
np	1380	937
np	1381	918
np	1382	930
np	1383	904
np	1384	883
np	1385	858
np	1386	822
np	1387	815
np	1388	812
np	1389	825
np	1390	830
np	1391	807
np	1392	795
np	1393	788
np	1394	787
np	1395	789
np	1396	787
np	1397	784
np	1398	781
np	1399	766
np	1400	783
np	1401	791
np	1402	815
np	1403	816
np	1404	796
np	1405	816
np	1406	814
np	1407	823
np	1408	847
np	1409	828
np	1410	812
np	1411	836
np	1412	830
np	1413	873
np	1414	875
np	1415	894
np	1416	891
np	1417	928
np	1418	943
np	1419	943
np	1420	952
np	1421	953
np	1422	963
np	1423	964
np	1424	968
np	1425	968
np	1426	954
np	1427	958
np	1428	964
np	1429	968
np	1430	973
np	1431	999
np	1432	1055
np	1433	1046
np	1434	1105
np	1435	1112
np	1436	1121
np	1437	1125
np	1438	1122
np	1439	1127
np	1440	1133
np	1441	1121
np	1442	1112
np	1443	1125
np	1444	1130
np	1445	1139
np	1446	1145
np	1447	1160
np	1448	1156
np	1449	1155
np	1450	1155
np	1451	1154
np	1452	1146
np	1453	1147
np	1454	1147
np	1455	1161
np	1456	1166
np	1457	1168
np	1458	1155
np	1459	1155
np	1460	1152
np	1461	1149
np	1462	1126
np	1463	1109
np	1464	1110
np	1465	1111
np	1466	1106
np	1467	1110
np	1468	1116
np	1469	1124
np	1470	1132
np	1471	1135
np	1472	1133
np	1473	1144
np	1474	1151
np	1475	1152
np	1476	1146
np	1477	1151
np	1478	1180
np	1479	1183
np	1480	1166
np	1481	1159
np	1482	1156
np	1483	1161
np	1484	1159
np	1485	1160
np	1486	1151
np	1487	1057
np	1488	1058
np	1489	1057
np	1490	1058
np	1491	1058
np	1492	1023
np	1493	1015
np	1494	1006
np	1495	1007
np	1496	1005
np	1497	949
np	1498	948
np	1499	921
np	1500	923
np	1501	929
np	1502	901
np	1503	885
np	1504	887
np	1505	883
np	1506	884
np	1507	869
np	1508	860
np	1509	842
np	1510	816
np	1511	818
np	1512	819
np	1513	812
np	1514	812
np	1515	812
np	1516	810
np	1517	803
np	1518	801
np	1519	777
np	1520	775
np	1521	772
np	1522	770
np	1523	762
np	1524	733
np	1525	729
np	1526	720
np	1527	697
np	1528	687
np	1529	525
np	1530	524
np	1531	479
np	1532	472
np	1533	470
np	1534	436
np	1535	433
np	1536	409
np	1537	278
np	1538	275
np	1539	220
np	1540	216
np	1541	212
np	1542	212
np	1543	211
np	1544	209
np	1545	185
np	1546	186
np	1547	186
np	1548	185
np	1549	184
np	1550	182
np	1551	181
np	1552	180
np	1553	166
np	1554	163
np	1555	154
np	1556	151
np	1557	151
np	1558	148
np	1559	148
np	1560	145
np	1561	119
np	1562	110
np	1563	105
np	1564	104
np	1565	27
pb1	1	3097
pb1	2	3434
pb1	3	3450
pb1	4	3458
pb1	5	3603
pb1	6	3618
pb1	7	3622
pb1	8	3654
pb1	9	3719
pb1	10	3750
pb1	11	3812
pb1	12	3829
pb1	13	3846
pb1	14	3854
pb1	15	3934
pb1	16	3942
pb1	17	4190
pb1	18	4248
pb1	19	4369
pb1	20	4490
pb1	21	4531
pb1	22	4568
pb1	23	4705
pb1	24	4727
pb1	25	4772
pb1	26	4790
pb1	27	4832
pb1	28	4911
pb1	29	5019
pb1	30	5056
pb1	31	5093
pb1	32	5107
pb1	33	5214
pb1	34	5232
pb1	35	5276
pb1	36	5295
pb1	37	5354
pb1	38	5395
pb1	39	5459
pb1	40	5583
pb1	41	5664
pb1	42	5699
pb1	43	5756
pb1	44	5786
pb1	45	5863
pb1	46	5896
pb1	47	5916
pb1	48	5992
pb1	49	6040
pb1	50	6337
pb1	51	6432
pb1	52	6461
pb1	53	6497
pb1	54	6578
pb1	55	6593
pb1	56	6593
pb1	57	6601
pb1	58	6620
pb1	59	6593
pb1	60	6605
pb1	61	6627
pb1	62	6621
pb1	63	6593
pb1	64	6687
pb1	65	6683
pb1	66	6695
pb1	67	6696
pb1	68	6700
pb1	69	6698
pb1	70	6681
pb1	71	6734
pb1	72	6754
pb1	73	6830
pb1	74	6882
pb1	75	6914
pb1	76	6926
pb1	77	6909
pb1	78	7156
pb1	79	7120
pb1	80	7211
pb1	81	7182
pb1	82	7097
pb1	83	7188
pb1	84	7070
pb1	85	6965
pb1	86	6978
pb1	87	6784
pb1	88	6932
pb1	89	6872
pb1	90	7717
pb1	91	7698
pb1	92	7614
pb1	93	7619
pb1	94	7622
pb1	95	7783
pb1	96	7835
pb1	97	7666
pb1	98	7713
pb1	99	7230
pb1	100	7313
pb1	101	7316
pb1	102	7267
pb1	103	7243
pb1	104	7135
pb1	105	7084
pb1	106	7279
pb1	107	7259
pb1	108	7239
pb1	109	7561
pb1	110	7540
pb1	111	7540
pb1	112	7499
pb1	113	7477
pb1	114	7484
pb1	115	7210
pb1	116	7419
pb1	117	7471
pb1	118	7337
pb1	119	7326
pb1	120	7318
pb1	121	7333
pb1	122	7523
pb1	123	7508
pb1	124	7478
pb1	125	7401
pb1	126	7213
pb1	127	7270
pb1	128	7306
pb1	129	7319
pb1	130	7280
pb1	131	7343
pb1	132	7250
pb1	133	7619
pb1	134	7643
pb1	135	7693
pb1	136	7601
pb1	137	7575
pb1	138	7693
pb1	139	7707
pb1	140	7865
pb1	141	7435
pb1	142	7266
pb1	143	7102
pb1	144	7121
pb1	145	7127
pb1	146	7074
pb1	147	7062
pb1	148	6880
pb1	149	6977
pb1	150	6908
pb1	151	7026
pb1	152	7020
pb1	153	7198
pb1	154	7182
pb1	155	7236
pb1	156	7248
pb1	157	7149
pb1	158	7205
pb1	159	6910
pb1	160	6789
pb1	161	6752
pb1	162	6431
pb1	163	6739
pb1	164	6617
pb1	165	6814
pb1	166	6845
pb1	167	6716
pb1	168	6759
pb1	169	6729
pb1	170	6928
pb1	171	6939
pb1	172	6488
pb1	173	6547
pb1	174	6369
pb1	175	6436
pb1	176	6436
pb1	177	6414
pb1	178	6371
pb1	179	6231
pb1	180	6266
pb1	181	6328
pb1	182	6371
pb1	183	6317
pb1	184	6243
pb1	185	6212
pb1	186	6195
pb1	187	6178
pb1	188	6195
pb1	189	6192
pb1	190	6117
pb1	191	6160
pb1	192	6097
pb1	193	6099
pb1	194	6129
pb1	195	6043
pb1	196	5989
pb1	197	5887
pb1	198	5945
pb1	199	5812
pb1	200	5808
pb1	201	5677
pb1	202	5652
pb1	203	5550
pb1	204	5554
pb1	205	5443
pb1	206	5489
pb1	207	5417
pb1	208	5398
pb1	209	5434
pb1	210	5400
pb1	211	5394
pb1	212	5387
pb1	213	5263
pb1	214	5404
pb1	215	5356
pb1	216	5291
pb1	217	5311
pb1	218	5158
pb1	219	5196
pb1	220	5173
pb1	221	5090
pb1	222	5070
pb1	223	4565
pb1	224	4732
pb1	225	4743
pb1	226	4682
pb1	227	4729
pb1	228	4649
pb1	229	4666
pb1	230	4677
pb1	231	4714
pb1	232	4739
pb1	233	4526
pb1	234	4498
pb1	235	4535
pb1	236	4558
pb1	237	4629
pb1	238	4612
pb1	239	4590
pb1	240	4553
pb1	241	4632
pb1	242	4586
pb1	243	4703
pb1	244	4906
pb1	245	4834
pb1	246	4641
pb1	247	4709
pb1	248	4694
pb1	249	4706
pb1	250	4680
pb1	251	4599
pb1	252	4577
pb1	253	4324
pb1	254	4313
pb1	255	4317
pb1	256	4301
pb1	257	4305
pb1	258	4250
pb1	259	4266
pb1	260	4242
pb1	261	4189
pb1	262	4197
pb1	263	4218
pb1	264	4219
pb1	265	4205
pb1	266	4472
pb1	267	4478
pb1	268	4450
pb1	269	4486
pb1	270	4655
pb1	271	4769
pb1	272	4819
pb1	273	4811
pb1	274	4917
pb1	275	4698
pb1	276	4820
pb1	277	4807
pb1	278	4869
pb1	279	4621
pb1	280	4695
pb1	281	4561
pb1	282	4565
pb1	283	4461
pb1	284	4501
pb1	285	4429
pb1	286	4457
pb1	287	4474
pb1	288	4663
pb1	289	4639
pb1	290	4685
pb1	291	4749
pb1	292	4781
pb1	293	4772
pb1	294	4807
pb1	295	4847
pb1	296	4846
pb1	297	4768
pb1	298	4771
pb1	299	4785
pb1	300	4865
pb1	301	4891
pb1	302	4883
pb1	303	4862
pb1	304	4904
pb1	305	5460
pb1	306	5530
pb1	307	5566
pb1	308	5560
pb1	309	5517
pb1	310	5564
pb1	311	5543
pb1	312	5559
pb1	313	5588
pb1	314	5189
pb1	315	5414
pb1	316	5401
pb1	317	5450
pb1	318	5461
pb1	319	5445
pb1	320	5493
pb1	321	5573
pb1	322	5569
pb1	323	5545
pb1	324	5360
pb1	325	5383
pb1	326	5405
pb1	327	5425
pb1	328	5395
pb1	329	5274
pb1	330	5315
pb1	331	5301
pb1	332	5389
pb1	333	5403
pb1	334	5392
pb1	335	5324
pb1	336	5297
pb1	337	5263
pb1	338	5230
pb1	339	5325
pb1	340	5267
pb1	341	5281
pb1	342	5202
pb1	343	5237
pb1	344	5389
pb1	345	5405
pb1	346	5459
pb1	347	5454
pb1	348	5400
pb1	349	5432
pb1	350	5409
pb1	351	5381
pb1	352	5343
pb1	353	5257
pb1	354	5265
pb1	355	5254
pb1	356	5249
pb1	357	5286
pb1	358	5308
pb1	359	5289
pb1	360	5284
pb1	361	5299
pb1	362	5296
pb1	363	5322
pb1	364	5336
pb1	365	5344
pb1	366	5394
pb1	367	5479
pb1	368	5428
pb1	369	5585
pb1	370	5589
pb1	371	5625
pb1	372	5621
pb1	373	5588
pb1	374	5611
pb1	375	5581
pb1	376	5602
pb1	377	5641
pb1	378	5505
pb1	379	5552
pb1	380	5419
pb1	381	5517
pb1	382	5544
pb1	383	5516
pb1	384	5530
pb1	385	5411
pb1	386	5543
pb1	387	5491
pb1	388	5490
pb1	389	5437
pb1	390	5419
pb1	391	5400
pb1	392	5424
pb1	393	5408
pb1	394	5402
pb1	395	5194
pb1	396	5194
pb1	397	5219
pb1	398	5270
pb1	399	5230
pb1	400	5300
pb1	401	5317
pb1	402	5323
pb1	403	5306
pb1	404	5281
pb1	405	5384
pb1	406	5571
pb1	407	5674
pb1	408	5638
pb1	409	5543
pb1	410	5549
pb1	411	5728
pb1	412	5803
pb1	413	5895
pb1	414	5750
pb1	415	5397
pb1	416	5358
pb1	417	5347
pb1	418	5354
pb1	419	5361
pb1	420	5193
pb1	421	5239
pb1	422	5119
pb1	423	5380
pb1	424	5467
pb1	425	5519
pb1	426	5511
pb1	427	5504
pb1	428	5509
pb1	429	5513
pb1	430	5430
pb1	431	5378
pb1	432	5386
pb1	433	5148
pb1	434	5049
pb1	435	5012
pb1	436	5037
pb1	437	5039
pb1	438	5000
pb1	439	5038
pb1	440	5080
pb1	441	5063
pb1	442	5097
pb1	443	5181
pb1	444	5179
pb1	445	5183
pb1	446	5192
pb1	447	5141
pb1	448	5212
pb1	449	5198
pb1	450	5203
pb1	451	5226
pb1	452	5143
pb1	453	5447
pb1	454	5480
pb1	455	5492
pb1	456	5509
pb1	457	5389
pb1	458	6352
pb1	459	6472
pb1	460	6446
pb1	461	7393
pb1	462	7076
pb1	463	7314
pb1	464	7325
pb1	465	7319
pb1	466	7383
pb1	467	6620
pb1	468	6650
pb1	469	6688
pb1	470	6165
pb1	471	6329
pb1	472	6282
pb1	473	6300
pb1	474	6326
pb1	475	6331
pb1	476	6489
pb1	477	6476
pb1	478	6478
pb1	479	6481
pb1	480	6416
pb1	481	6399
pb1	482	6386
pb1	483	6438
pb1	484	6343
pb1	485	6730
pb1	486	6680
pb1	487	6738
pb1	488	6720
pb1	489	6726
pb1	490	6709
pb1	491	6720
pb1	492	6653
pb1	493	6720
pb1	494	6586
pb1	495	6601
pb1	496	6581
pb1	497	6577
pb1	498	6583
pb1	499	6779
pb1	500	6771
pb1	501	6762
pb1	502	6740
pb1	503	6705
pb1	504	6761
pb1	505	6775
pb1	506	6795
pb1	507	6836
pb1	508	6714
pb1	509	7325
pb1	510	7324
pb1	511	7642
pb1	512	7605
pb1	513	7549
pb1	514	7552
pb1	515	7519
pb1	516	7475
pb1	517	7518
pb1	518	7025
pb1	519	6989
pb1	520	6791
pb1	521	6860
pb1	522	7207
pb1	523	7227
pb1	524	7232
pb1	525	7269
pb1	526	7258
pb1	527	7310
pb1	528	7377
pb1	529	7553
pb1	530	7508
pb1	531	7254
pb1	532	7477
pb1	533	7465
pb1	534	7590
pb1	535	7583
pb1	536	7533
pb1	537	7538
pb1	538	7533
pb1	539	7564
pb1	540	7606
pb1	541	7426
pb1	542	7554
pb1	543	7485
pb1	544	7435
pb1	545	7417
pb1	546	7580
pb1	547	7550
pb1	548	7311
pb1	549	7226
pb1	550	6941
pb1	551	6827
pb1	552	6741
pb1	553	6791
pb1	554	6716
pb1	555	6422
pb1	556	6450
pb1	557	6386
pb1	558	6313
pb1	559	6301
pb1	560	6278
pb1	561	6360
pb1	562	6342
pb1	563	6252
pb1	564	6233
pb1	565	6145
pb1	566	6220
pb1	567	6221
pb1	568	6156
pb1	569	6145
pb1	570	5992
pb1	571	5975
pb1	572	6020
pb1	573	5934
pb1	574	5992
pb1	575	5882
pb1	576	5967
pb1	577	6058
pb1	578	6156
pb1	579	6490
pb1	580	6539
pb1	581	6455
pb1	582	6738
pb1	583	6736
pb1	584	7115
pb1	585	7244
pb1	586	7325
pb1	587	7390
pb1	588	7474
pb1	589	7462
pb1	590	7520
pb1	591	7475
pb1	592	7443
pb1	593	7712
pb1	594	7644
pb1	595	7912
pb1	596	7866
pb1	597	7812
pb1	598	7833
pb1	599	7832
pb1	600	7937
pb1	601	7952
pb1	602	7677
pb1	603	7727
pb1	604	7476
pb1	605	7503
pb1	606	7490
pb1	607	7434
pb1	608	7355
pb1	609	7269
pb1	610	7234
pb1	611	7267
pb1	612	7166
pb1	613	7156
pb1	614	7139
pb1	615	7218
pb1	616	7202
pb1	617	7229
pb1	618	7174
pb1	619	7130
pb1	620	7138
pb1	621	7156
pb1	622	7282
pb1	623	7266
pb1	624	7232
pb1	625	7154
pb1	626	7540
pb1	627	7498
pb1	628	7537
pb1	629	7458
pb1	630	7515
pb1	631	7449
pb1	632	7758
pb1	633	7735
pb1	634	7706
pb1	635	7747
pb1	636	7491
pb1	637	7511
pb1	638	7491
pb1	639	7450
pb1	640	7496
pb1	641	7190
pb1	642	7164
pb1	643	7130
pb1	644	7027
pb1	645	7099
pb1	646	7047
pb1	647	7028
pb1	648	7035
pb1	649	7006
pb1	650	7066
pb1	651	7028
pb1	652	7026
pb1	653	6887
pb1	654	6819
pb1	655	6748
pb1	656	6889
pb1	657	6820
pb1	658	6859
pb1	659	6696
pb1	660	6840
pb1	661	6861
pb1	662	6854
pb1	663	6912
pb1	664	6842
pb1	665	6638
pb1	666	6663
pb1	667	6598
pb1	668	6597
pb1	669	6515
pb1	670	6394
pb1	671	6418
pb1	672	6381
pb1	673	6340
pb1	674	6637
pb1	675	6880
pb1	676	6854
pb1	677	6943
pb1	678	6955
pb1	679	7003
pb1	680	7062
pb1	681	7047
pb1	682	6977
pb1	683	6942
pb1	684	6344
pb1	685	6392
pb1	686	6464
pb1	687	6440
pb1	688	6503
pb1	689	6411
pb1	690	6440
pb1	691	6500
pb1	692	6574
pb1	693	6510
pb1	694	6537
pb1	695	6270
pb1	696	6714
pb1	697	6649
pb1	698	6719
pb1	699	6712
pb1	700	6525
pb1	701	6539
pb1	702	6323
pb1	703	6301
pb1	704	6299
pb1	705	5919
pb1	706	5888
pb1	707	5847
pb1	708	5831
pb1	709	5834
pb1	710	5796
pb1	711	5797
pb1	712	5822
pb1	713	5731
pb1	714	5551
pb1	715	5559
pb1	716	5546
pb1	717	5516
pb1	718	5559
pb1	719	5547
pb1	720	5531
pb1	721	5499
pb1	722	5443
pb1	723	5378
pb1	724	5378
pb1	725	5379
pb1	726	5386
pb1	727	5378
pb1	728	5391
pb1	729	5397
pb1	730	5404
pb1	731	5403
pb1	732	5423
pb1	733	5368
pb1	734	5364
pb1	735	5380
pb1	736	5227
pb1	737	5232
pb1	738	5107
pb1	739	5085
pb1	740	5079
pb1	741	5087
pb1	742	5086
pb1	743	5085
pb1	744	5095
pb1	745	5124
pb1	746	5189
pb1	747	5213
pb1	748	5207
pb1	749	5187
pb1	750	4996
pb1	751	4959
pb1	752	4994
pb1	753	4719
pb1	754	4725
pb1	755	4528
pb1	756	4448
pb1	757	4482
pb1	758	4487
pb1	759	4489
pb1	760	4492
pb1	761	4350
pb1	762	4376
pb1	763	4367
pb1	764	4333
pb1	765	4639
pb1	766	4553
pb1	767	4551
pb1	768	4548
pb1	769	4409
pb1	770	4456
pb1	771	4406
pb1	772	4427
pb1	773	4438
pb1	774	4146
pb1	775	4451
pb1	776	4499
pb1	777	4564
pb1	778	4666
pb1	779	4649
pb1	780	4687
pb1	781	4667
pb1	782	4635
pb1	783	4638
pb1	784	4234
pb1	785	4257
pb1	786	4236
pb1	787	4339
pb1	788	4344
pb1	789	4345
pb1	790	4350
pb1	791	4347
pb1	792	4307
pb1	793	4311
pb1	794	4350
pb1	795	4285
pb1	796	4287
pb1	797	4164
pb1	798	4371
pb1	799	4400
pb1	800	4417
pb1	801	4425
pb1	802	4414
pb1	803	4393
pb1	804	4465
pb1	805	4414
pb1	806	4425
pb1	807	4297
pb1	808	4299
pb1	809	4306
pb1	810	4323
pb1	811	4327
pb1	812	4437
pb1	813	4385
pb1	814	4412
pb1	815	4401
pb1	816	4381
pb1	817	4374
pb1	818	4351
pb1	819	4331
pb1	820	4346
pb1	821	4280
pb1	822	4236
pb1	823	4270
pb1	824	4276
pb1	825	4282
pb1	826	4286
pb1	827	4444
pb1	828	4511
pb1	829	4520
pb1	830	4549
pb1	831	4540
pb1	832	4582
pb1	833	4595
pb1	834	4587
pb1	835	4601
pb1	836	4447
pb1	837	4548
pb1	838	4534
pb1	839	4694
pb1	840	4709
pb1	841	4763
pb1	842	4764
pb1	843	4785
pb1	844	4829
pb1	845	4859
pb1	846	4699
pb1	847	4742
pb1	848	4527
pb1	849	4706
pb1	850	4690
pb1	851	4700
pb1	852	4710
pb1	853	4699
pb1	854	4647
pb1	855	4702
pb1	856	4665
pb1	857	4583
pb1	858	4558
pb1	859	4341
pb1	860	4341
pb1	861	4391
pb1	862	4389
pb1	863	4399
pb1	864	4327
pb1	865	4361
pb1	866	4386
pb1	867	4367
pb1	868	4342
pb1	869	4336
pb1	870	4390
pb1	871	4431
pb1	872	4463
pb1	873	4456
pb1	874	4395
pb1	875	4364
pb1	876	4357
pb1	877	4406
pb1	878	4409
pb1	879	4305
pb1	880	4337
pb1	881	4341
pb1	882	4387
pb1	883	4387
pb1	884	4449
pb1	885	4429
pb1	886	4391
pb1	887	4418
pb1	888	4450
pb1	889	4481
pb1	890	4472
pb1	891	4479
pb1	892	4468
pb1	893	4377
pb1	894	4443
pb1	895	4413
pb1	896	4447
pb1	897	4360
pb1	898	4387
pb1	899	4426
pb1	900	4497
pb1	901	4474
pb1	902	4621
pb1	903	4608
pb1	904	4796
pb1	905	4771
pb1	906	4824
pb1	907	4865
pb1	908	5439
pb1	909	5393
pb1	910	5417
pb1	911	5418
pb1	912	5258
pb1	913	5349
pb1	914	5196
pb1	915	5232
pb1	916	5195
pb1	917	4907
pb1	918	5146
pb1	919	5139
pb1	920	5358
pb1	921	5382
pb1	922	5298
pb1	923	5360
pb1	924	5401
pb1	925	5389
pb1	926	5554
pb1	927	5406
pb1	928	5468
pb1	929	5519
pb1	930	5605
pb1	931	5857
pb1	932	5941
pb1	933	5951
pb1	934	6051
pb1	935	6090
pb1	936	6406
pb1	937	6473
pb1	938	6358
pb1	939	6365
pb1	940	6318
pb1	941	6369
pb1	942	6516
pb1	943	6481
pb1	944	6524
pb1	945	6360
pb1	946	6385
pb1	947	6467
pb1	948	6505
pb1	949	6557
pb1	950	6528
pb1	951	6574
pb1	952	6529
pb1	953	6533
pb1	954	6529
pb1	955	6539
pb1	956	6502
pb1	957	6533
pb1	958	6544
pb1	959	6583
pb1	960	6562
pb1	961	6569
pb1	962	6579
pb1	963	6596
pb1	964	6597
pb1	965	6605
pb1	966	6543
pb1	967	6610
pb1	968	6575
pb1	969	6526
pb1	970	6543
pb1	971	6552
pb1	972	6573
pb1	973	6567
pb1	974	6541
pb1	975	6604
pb1	976	6574
pb1	977	6608
pb1	978	6633
pb1	979	6624
pb1	980	6600
pb1	981	6661
pb1	982	6665
pb1	983	6660
pb1	984	6563
pb1	985	6497
pb1	986	6663
pb1	987	6990
pb1	988	7136
pb1	989	7123
pb1	990	7071
pb1	991	7083
pb1	992	7124
pb1	993	7144
pb1	994	7116
pb1	995	6805
pb1	996	7038
pb1	997	6464
pb1	998	6458
pb1	999	6416
pb1	1000	6496
pb1	1001	6471
pb1	1002	6288
pb1	1003	6258
pb1	1004	6215
pb1	1005	5882
pb1	1006	5841
pb1	1007	5749
pb1	1008	5733
pb1	1009	5669
pb1	1010	5583
pb1	1011	5513
pb1	1012	5555
pb1	1013	5512
pb1	1014	5388
pb1	1015	5416
pb1	1016	5390
pb1	1017	5362
pb1	1018	5339
pb1	1019	5271
pb1	1020	5668
pb1	1021	5592
pb1	1022	5657
pb1	1023	5672
pb1	1024	5635
pb1	1025	5762
pb1	1026	5750
pb1	1027	5732
pb1	1028	5656
pb1	1029	5098
pb1	1030	5346
pb1	1031	5343
pb1	1032	5449
pb1	1033	5456
pb1	1034	5397
pb1	1035	5433
pb1	1036	5438
pb1	1037	5597
pb1	1038	5573
pb1	1039	5265
pb1	1040	5267
pb1	1041	5186
pb1	1042	5272
pb1	1043	5447
pb1	1044	5473
pb1	1045	5660
pb1	1046	5805
pb1	1047	5792
pb1	1048	5900
pb1	1049	5906
pb1	1050	5905
pb1	1051	5921
pb1	1052	5648
pb1	1053	5651
pb1	1054	5343
pb1	1055	5148
pb1	1056	5167
pb1	1057	5097
pb1	1058	5112
pb1	1059	5143
pb1	1060	5143
pb1	1061	5157
pb1	1062	5168
pb1	1063	5119
pb1	1064	5152
pb1	1065	5157
pb1	1066	5159
pb1	1067	5151
pb1	1068	5139
pb1	1069	5171
pb1	1070	5174
pb1	1071	5163
pb1	1072	5163
pb1	1073	5184
pb1	1074	5219
pb1	1075	5211
pb1	1076	5246
pb1	1077	5323
pb1	1078	5381
pb1	1079	5394
pb1	1080	5282
pb1	1081	5226
pb1	1082	5157
pb1	1083	5078
pb1	1084	5240
pb1	1085	5272
pb1	1086	5330
pb1	1087	5228
pb1	1088	5254
pb1	1089	5257
pb1	1090	5263
pb1	1091	5280
pb1	1092	5386
pb1	1093	5168
pb1	1094	5191
pb1	1095	5145
pb1	1096	5161
pb1	1097	5123
pb1	1098	5080
pb1	1099	5029
pb1	1100	5017
pb1	1101	4862
pb1	1102	4783
pb1	1103	4761
pb1	1104	4804
pb1	1105	4797
pb1	1106	4842
pb1	1107	4773
pb1	1108	4736
pb1	1109	4688
pb1	1110	4697
pb1	1111	4708
pb1	1112	4670
pb1	1113	4703
pb1	1114	4615
pb1	1115	4568
pb1	1116	4558
pb1	1117	4541
pb1	1118	4526
pb1	1119	4546
pb1	1120	4449
pb1	1121	4566
pb1	1122	4445
pb1	1123	4508
pb1	1124	4475
pb1	1125	4464
pb1	1126	4434
pb1	1127	4418
pb1	1128	4403
pb1	1129	4412
pb1	1130	4186
pb1	1131	3951
pb1	1132	4015
pb1	1133	4018
pb1	1134	4024
pb1	1135	4022
pb1	1136	3986
pb1	1137	3959
pb1	1138	3925
pb1	1139	3887
pb1	1140	3906
pb1	1141	3822
pb1	1142	3801
pb1	1143	3816
pb1	1144	3821
pb1	1145	3833
pb1	1146	3812
pb1	1147	3814
pb1	1148	3743
pb1	1149	3795
pb1	1150	3722
pb1	1151	3696
pb1	1152	3651
pb1	1153	3739
pb1	1154	3770
pb1	1155	3859
pb1	1156	3843
pb1	1157	3821
pb1	1158	3690
pb1	1159	3760
pb1	1160	3739
pb1	1161	3726
pb1	1162	3659
pb1	1163	3415
pb1	1164	3453
pb1	1165	3322
pb1	1166	3382
pb1	1167	3446
pb1	1168	3347
pb1	1169	3345
pb1	1170	3318
pb1	1171	3330
pb1	1172	3237
pb1	1173	3166
pb1	1174	3158
pb1	1175	3136
pb1	1176	3086
pb1	1177	3119
pb1	1178	3117
pb1	1179	3094
pb1	1180	3077
pb1	1181	3066
pb1	1182	3082
pb1	1183	3067
pb1	1184	3047
pb1	1185	3049
pb1	1186	3012
pb1	1187	3013
pb1	1188	3013
pb1	1189	2999
pb1	1190	3005
pb1	1191	3009
pb1	1192	3031
pb1	1193	3029
pb1	1194	3017
pb1	1195	3022
pb1	1196	3193
pb1	1197	3366
pb1	1198	3338
pb1	1199	3336
pb1	1200	3341
pb1	1201	3371
pb1	1202	3599
pb1	1203	3694
pb1	1204	3702
pb1	1205	3655
pb1	1206	3604
pb1	1207	5320
pb1	1208	5468
pb1	1209	5797
pb1	1210	6020
pb1	1211	6001
pb1	1212	6069
pb1	1213	6143
pb1	1214	6186
pb1	1215	6417
pb1	1216	6403
pb1	1217	5955
pb1	1218	5949
pb1	1219	5946
pb1	1220	6064
pb1	1221	6065
pb1	1222	6034
pb1	1223	6058
pb1	1224	6016
pb1	1225	6581
pb1	1226	6614
pb1	1227	6657
pb1	1228	6676
pb1	1229	6773
pb1	1230	6860
pb1	1231	6861
pb1	1232	6870
pb1	1233	6914
pb1	1234	6771
pb1	1235	7109
pb1	1236	7099
pb1	1237	7122
pb1	1238	7151
pb1	1239	7145
pb1	1240	7216
pb1	1241	7305
pb1	1242	7308
pb1	1243	7329
pb1	1244	7218
pb1	1245	7360
pb1	1246	7463
pb1	1247	7559
pb1	1248	7632
pb1	1249	7615
pb1	1250	7587
pb1	1251	7705
pb1	1252	8165
pb1	1253	8205
pb1	1254	8198
pb1	1255	8220
pb1	1256	8349
pb1	1257	9929
pb1	1258	10184
pb1	1259	11591
pb1	1260	12272
pb1	1261	12329
pb1	1262	12423
pb1	1263	12432
pb1	1264	13066
pb1	1265	13055
pb1	1266	13392
pb1	1267	13412
pb1	1268	13177
pb1	1269	13354
pb1	1270	13349
pb1	1271	13748
pb1	1272	13748
pb1	1273	13617
pb1	1274	14094
pb1	1275	14009
pb1	1276	18215
pb1	1277	18324
pb1	1278	18359
pb1	1279	18393
pb1	1280	18232
pb1	1281	18242
pb1	1282	18256
pb1	1283	18338
pb1	1284	17881
pb1	1285	17455
pb1	1286	17010
pb1	1287	17099
pb1	1288	17256
pb1	1289	17357
pb1	1290	17364
pb1	1291	17631
pb1	1292	17779
pb1	1293	18327
pb1	1294	18333
pb1	1295	18311
pb1	1296	18357
pb1	1297	18406
pb1	1298	18593
pb1	1299	18631
pb1	1300	18649
pb1	1301	18630
pb1	1302	18711
pb1	1303	18915
pb1	1304	19141
pb1	1305	19258
pb1	1306	19312
pb1	1307	19181
pb1	1308	19208
pb1	1309	19257
pb1	1310	19202
pb1	1311	19489
pb1	1312	19552
pb1	1313	19471
pb1	1314	19574
pb1	1315	19613
pb1	1316	19618
pb1	1317	19946
pb1	1318	19799
pb1	1319	19943
pb1	1320	19769
pb1	1321	19624
pb1	1322	19571
pb1	1323	19346
pb1	1324	20049
pb1	1325	20311
pb1	1326	19968
pb1	1327	19588
pb1	1328	19558
pb1	1329	19533
pb1	1330	19580
pb1	1331	19504
pb1	1332	19816
pb1	1333	18891
pb1	1334	19118
pb1	1335	19205
pb1	1336	19078
pb1	1337	19301
pb1	1338	19396
pb1	1339	19453
pb1	1340	19450
pb1	1341	19045
pb1	1342	19112
pb1	1343	19170
pb1	1344	19080
pb1	1345	19441
pb1	1346	19392
pb1	1347	19598
pb1	1348	19465
pb1	1349	19317
pb1	1350	19181
pb1	1351	19009
pb1	1352	19208
pb1	1353	18980
pb1	1354	18538
pb1	1355	18586
pb1	1356	18380
pb1	1357	18458
pb1	1358	18412
pb1	1359	18304
pb1	1360	18414
pb1	1361	18185
pb1	1362	18116
pb1	1363	18080
pb1	1364	18110
pb1	1365	18190
pb1	1366	18161
pb1	1367	18339
pb1	1368	18297
pb1	1369	18530
pb1	1370	18452
pb1	1371	19082
pb1	1372	19128
pb1	1373	19311
pb1	1374	19358
pb1	1375	20060
pb1	1376	19870
pb1	1377	19744
pb1	1378	19166
pb1	1379	19003
pb1	1380	18149
pb1	1381	18147
pb1	1382	17920
pb1	1383	17599
pb1	1384	17599
pb1	1385	16809
pb1	1386	16817
pb1	1387	16877
pb1	1388	16729
pb1	1389	16864
pb1	1390	16735
pb1	1391	16656
pb1	1392	16596
pb1	1393	16603
pb1	1394	16584
pb1	1395	16521
pb1	1396	16352
pb1	1397	16390
pb1	1398	16152
pb1	1399	16214
pb1	1400	16189
pb1	1401	16200
pb1	1402	16190
pb1	1403	16115
pb1	1404	16000
pb1	1405	15879
pb1	1406	15710
pb1	1407	15468
pb1	1408	15438
pb1	1409	15457
pb1	1410	15374
pb1	1411	15484
pb1	1412	15216
pb1	1413	15377
pb1	1414	15456
pb1	1415	15342
pb1	1416	15298
pb1	1417	14769
pb1	1418	15016
pb1	1419	16158
pb1	1420	15928
pb1	1421	15959
pb1	1422	16720
pb1	1423	16498
pb1	1424	16480
pb1	1425	16452
pb1	1426	16297
pb1	1427	16137
pb1	1428	14207
pb1	1429	14086
pb1	1430	14202
pb1	1431	13125
pb1	1432	12910
pb1	1433	12916
pb1	1434	12936
pb1	1435	12902
pb1	1436	12855
pb1	1437	12728
pb1	1438	12717
pb1	1439	12311
pb1	1440	12328
pb1	1441	12343
pb1	1442	12308
pb1	1443	12324
pb1	1444	12326
pb1	1445	12615
pb1	1446	12634
pb1	1447	12616
pb1	1448	12608
pb1	1449	12507
pb1	1450	12460
pb1	1451	12458
pb1	1452	12416
pb1	1453	12392
pb1	1454	11023
pb1	1455	10977
pb1	1456	10903
pb1	1457	10930
pb1	1458	10752
pb1	1459	10578
pb1	1460	10511
pb1	1461	10517
pb1	1462	10480
pb1	1463	10404
pb1	1464	10403
pb1	1465	10232
pb1	1466	10070
pb1	1467	10329
pb1	1468	10343
pb1	1469	10369
pb1	1470	10239
pb1	1471	10407
pb1	1472	10690
pb1	1473	10662
pb1	1474	10594
pb1	1475	10556
pb1	1476	9586
pb1	1477	9478
pb1	1478	9264
pb1	1479	9269
pb1	1480	8917
pb1	1481	8537
pb1	1482	8605
pb1	1483	8607
pb1	1484	8639
pb1	1485	8495
pb1	1486	8438
pb1	1487	8521
pb1	1488	8500
pb1	1489	8522
pb1	1490	8393
pb1	1491	8025
pb1	1492	8041
pb1	1493	8006
pb1	1494	8003
pb1	1495	7963
pb1	1496	7323
pb1	1497	7377
pb1	1498	7221
pb1	1499	7063
pb1	1500	7050
pb1	1501	6903
pb1	1502	6873
pb1	1503	6808
pb1	1504	6830
pb1	1505	6859
pb1	1506	6867
pb1	1507	6812
pb1	1508	6835
pb1	1509	6843
pb1	1510	6931
pb1	1511	6968
pb1	1512	6991
pb1	1513	6810
pb1	1514	6749
pb1	1515	6717
pb1	1516	6714
pb1	1517	6794
pb1	1518	6955
pb1	1519	6877
pb1	1520	6845
pb1	1521	6888
pb1	1522	6964
pb1	1523	7057
pb1	1524	7001
pb1	1525	6971
pb1	1526	6880
pb1	1527	6687
pb1	1528	6742
pb1	1529	6701
pb1	1530	6745
pb1	1531	6809
pb1	1532	6746
pb1	1533	6719
pb1	1534	6719
pb1	1535	6724
pb1	1536	7274
pb1	1537	7260
pb1	1538	7417
pb1	1539	7487
pb1	1540	7436
pb1	1541	7989
pb1	1542	8008
pb1	1543	7972
pb1	1544	8008
pb1	1545	7329
pb1	1546	7448
pb1	1547	7318
pb1	1548	7344
pb1	1549	7328
pb1	1550	7032
pb1	1551	7158
pb1	1552	7169
pb1	1553	7178
pb1	1554	7162
pb1	1555	7081
pb1	1556	7467
pb1	1557	7472
pb1	1558	7452
pb1	1559	7516
pb1	1560	7450
pb1	1561	7470
pb1	1562	7527
pb1	1563	7490
pb1	1564	7540
pb1	1565	7212
pb1	1566	7347
pb1	1567	7481
pb1	1568	7530
pb1	1569	7563
pb1	1570	7616
pb1	1571	7619
pb1	1572	7661
pb1	1573	7631
pb1	1574	7634
pb1	1575	7777
pb1	1576	7748
pb1	1577	7764
pb1	1578	7794
pb1	1579	7806
pb1	1580	7760
pb1	1581	7722
pb1	1582	7749
pb1	1583	7821
pb1	1584	7649
pb1	1585	7739
pb1	1586	7744
pb1	1587	7705
pb1	1588	7923
pb1	1589	7892
pb1	1590	7944
pb1	1591	7928
pb1	1592	7853
pb1	1593	7914
pb1	1594	7809
pb1	1595	7930
pb1	1596	7931
pb1	1597	7739
pb1	1598	7725
pb1	1599	7696
pb1	1600	7771
pb1	1601	7866
pb1	1602	7794
pb1	1603	7835
pb1	1604	7777
pb1	1605	7827
pb1	1606	7792
pb1	1607	7985
pb1	1608	7980
pb1	1609	8416
pb1	1610	8213
pb1	1611	8580
pb1	1612	8751
pb1	1613	8728
pb1	1614	8666
pb1	1615	8678
pb1	1616	8412
pb1	1617	8568
pb1	1618	8044
pb1	1619	8012
pb1	1620	8022
pb1	1621	7543
pb1	1622	7750
pb1	1623	7839
pb1	1624	8066
pb1	1625	8096
pb1	1626	8075
pb1	1627	8076
pb1	1628	8046
pb1	1629	7966
pb1	1630	8085
pb1	1631	8093
pb1	1632	8171
pb1	1633	7828
pb1	1634	7799
pb1	1635	7676
pb1	1636	7691
pb1	1637	7854
pb1	1638	7991
pb1	1639	7856
pb1	1640	7653
pb1	1641	7640
pb1	1642	7685
pb1	1643	7751
pb1	1644	7808
pb1	1645	7797
pb1	1646	7668
pb1	1647	7550
pb1	1648	7610
pb1	1649	7629
pb1	1650	7589
pb1	1651	7533
pb1	1652	7524
pb1	1653	7400
pb1	1654	7532
pb1	1655	7518
pb1	1656	7486
pb1	1657	7555
pb1	1658	7539
pb1	1659	7542
pb1	1660	7510
pb1	1661	7447
pb1	1662	7405
pb1	1663	7340
pb1	1664	7446
pb1	1665	7431
pb1	1666	7454
pb1	1667	7463
pb1	1668	7460
pb1	1669	7564
pb1	1670	7448
pb1	1671	7420
pb1	1672	7454
pb1	1673	7098
pb1	1674	7246
pb1	1675	7110
pb1	1676	7161
pb1	1677	7270
pb1	1678	7130
pb1	1679	7135
pb1	1680	7158
pb1	1681	7168
pb1	1682	7176
pb1	1683	7090
pb1	1684	7503
pb1	1685	7493
pb1	1686	7478
pb1	1687	7482
pb1	1688	7527
pb1	1689	7915
pb1	1690	7857
pb1	1691	7978
pb1	1692	8224
pb1	1693	8062
pb1	1694	8092
pb1	1695	8147
pb1	1696	8093
pb1	1697	8122
pb1	1698	7833
pb1	1699	7881
pb1	1700	7750
pb1	1701	7776
pb1	1702	7394
pb1	1703	7383
pb1	1704	7430
pb1	1705	7424
pb1	1706	7424
pb1	1707	7675
pb1	1708	7630
pb1	1709	7613
pb1	1710	7614
pb1	1711	7598
pb1	1712	7697
pb1	1713	7525
pb1	1714	7688
pb1	1715	7743
pb1	1716	7459
pb1	1717	7565
pb1	1718	7536
pb1	1719	7563
pb1	1720	7536
pb1	1721	7622
pb1	1722	7519
pb1	1723	7526
pb1	1724	7369
pb1	1725	7488
pb1	1726	7547
pb1	1727	7562
pb1	1728	7599
pb1	1729	7678
pb1	1730	7559
pb1	1731	7595
pb1	1732	7583
pb1	1733	7670
pb1	1734	7648
pb1	1735	7575
pb1	1736	7602
pb1	1737	7680
pb1	1738	7658
pb1	1739	7757
pb1	1740	7761
pb1	1741	7795
pb1	1742	7864
pb1	1743	7844
pb1	1744	7843
pb1	1745	7892
pb1	1746	7878
pb1	1747	7919
pb1	1748	7898
pb1	1749	7930
pb1	1750	7942
pb1	1751	7878
pb1	1752	8123
pb1	1753	8115
pb1	1754	8103
pb1	1755	8102
pb1	1756	8042
pb1	1757	7983
pb1	1758	8044
pb1	1759	8123
pb1	1760	8108
pb1	1761	8196
pb1	1762	8146
pb1	1763	8169
pb1	1764	8201
pb1	1765	8422
pb1	1766	8360
pb1	1767	8253
pb1	1768	8230
pb1	1769	7972
pb1	1770	8011
pb1	1771	7697
pb1	1772	7701
pb1	1773	7626
pb1	1774	7311
pb1	1775	7550
pb1	1776	7611
pb1	1777	7628
pb1	1778	7698
pb1	1779	7587
pb1	1780	7575
pb1	1781	7583
pb1	1782	7623
pb1	1783	7620
pb1	1784	7461
pb1	1785	7239
pb1	1786	7337
pb1	1787	7377
pb1	1788	7343
pb1	1789	7414
pb1	1790	7192
pb1	1791	7306
pb1	1792	7240
pb1	1793	7293
pb1	1794	7347
pb1	1795	7359
pb1	1796	7265
pb1	1797	7406
pb1	1798	7314
pb1	1799	7360
pb1	1800	7183
pb1	1801	7211
pb1	1802	7261
pb1	1803	7230
pb1	1804	7006
pb1	1805	7015
pb1	1806	6883
pb1	1807	6942
pb1	1808	6993
pb1	1809	6970
pb1	1810	6979
pb1	1811	6881
pb1	1812	6835
pb1	1813	7303
pb1	1814	7292
pb1	1815	7303
pb1	1816	7622
pb1	1817	7326
pb1	1818	7482
pb1	1819	7433
pb1	1820	7454
pb1	1821	7452
pb1	1822	6705
pb1	1823	6810
pb1	1824	6832
pb1	1825	6483
pb1	1826	6506
pb1	1827	6464
pb1	1828	6493
pb1	1829	6491
pb1	1830	6542
pb1	1831	6541
pb1	1832	6392
pb1	1833	6326
pb1	1834	6658
pb1	1835	6667
pb1	1836	6936
pb1	1837	6945
pb1	1838	6962
pb1	1839	6932
pb1	1840	6970
pb1	1841	7867
pb1	1842	7901
pb1	1843	7821
pb1	1844	7747
pb1	1845	7549
pb1	1846	7670
pb1	1847	7766
pb1	1848	7941
pb1	1849	7962
pb1	1850	7421
pb1	1851	7488
pb1	1852	7451
pb1	1853	7636
pb1	1854	7652
pb1	1855	7651
pb1	1856	7521
pb1	1857	7542
pb1	1858	7560
pb1	1859	7580
pb1	1860	7657
pb1	1861	7586
pb1	1862	7498
pb1	1863	7508
pb1	1864	7576
pb1	1865	7602
pb1	1866	7567
pb1	1867	7685
pb1	1868	7648
pb1	1869	7712
pb1	1870	7739
pb1	1871	7720
pb1	1872	7738
pb1	1873	7697
pb1	1874	7678
pb1	1875	7673
pb1	1876	7594
pb1	1877	7789
pb1	1878	7742
pb1	1879	7737
pb1	1880	7733
pb1	1881	7712
pb1	1882	7881
pb1	1883	7887
pb1	1884	7908
pb1	1885	7887
pb1	1886	7561
pb1	1887	7648
pb1	1888	7695
pb1	1889	7684
pb1	1890	7660
pb1	1891	7531
pb1	1892	7637
pb1	1893	7710
pb1	1894	7700
pb1	1895	7728
pb1	1896	8379
pb1	1897	8291
pb1	1898	8436
pb1	1899	8432
pb1	1900	8356
pb1	1901	8241
pb1	1902	8043
pb1	1903	8300
pb1	1904	8231
pb1	1905	7752
pb1	1906	7759
pb1	1907	7716
pb1	1908	7680
pb1	1909	7452
pb1	1910	7340
pb1	1911	7363
pb1	1912	7100
pb1	1913	6993
pb1	1914	6938
pb1	1915	6994
pb1	1916	7040
pb1	1917	7057
pb1	1918	7091
pb1	1919	7038
pb1	1920	7017
pb1	1921	6907
pb1	1922	7115
pb1	1923	7146
pb1	1924	7091
pb1	1925	7007
pb1	1926	7017
pb1	1927	6997
pb1	1928	7080
pb1	1929	7051
pb1	1930	7215
pb1	1931	6930
pb1	1932	6921
pb1	1933	6889
pb1	1934	6921
pb1	1935	6921
pb1	1936	6947
pb1	1937	6828
pb1	1938	7041
pb1	1939	7004
pb1	1940	7087
pb1	1941	7070
pb1	1942	7123
pb1	1943	7141
pb1	1944	7424
pb1	1945	7423
pb1	1946	7426
pb1	1947	7476
pb1	1948	7193
pb1	1949	7400
pb1	1950	7365
pb1	1951	7463
pb1	1952	7491
pb1	1953	7210
pb1	1954	7390
pb1	1955	7345
pb1	1956	7691
pb1	1957	7775
pb1	1958	7535
pb1	1959	7802
pb1	1960	7806
pb1	1961	7833
pb1	1962	7871
pb1	1963	7834
pb1	1964	7792
pb1	1965	7639
pb1	1966	7718
pb1	1967	7738
pb1	1968	7729
pb1	1969	7678
pb1	1970	7652
pb1	1971	7664
pb1	1972	7673
pb1	1973	7930
pb1	1974	7914
pb1	1975	7898
pb1	1976	7863
pb1	1977	7907
pb1	1978	8037
pb1	1979	8060
pb1	1980	8053
pb1	1981	7982
pb1	1982	7819
pb1	1983	7774
pb1	1984	7764
pb1	1985	7887
pb1	1986	7783
pb1	1987	7686
pb1	1988	7683
pb1	1989	7725
pb1	1990	8281
pb1	1991	8194
pb1	1992	8392
pb1	1993	8354
pb1	1994	8293
pb1	1995	8250
pb1	1996	8245
pb1	1997	8255
pb1	1998	8204
pb1	1999	7660
pb1	2000	7714
pb1	2001	7621
pb1	2002	7643
pb1	2003	7666
pb1	2004	7702
pb1	2005	7759
pb1	2006	7877
pb1	2007	7819
pb1	2008	8019
pb1	2009	8132
pb1	2010	8046
pb1	2011	7993
pb1	2012	7974
pb1	2013	7908
pb1	2014	7995
pb1	2015	7661
pb1	2016	8277
pb1	2017	8054
pb1	2018	8039
pb1	2019	8005
pb1	2020	7966
pb1	2021	7995
pb1	2022	8017
pb1	2023	7848
pb1	2024	7856
pb1	2025	7276
pb1	2026	7595
pb1	2027	7529
pb1	2028	7518
pb1	2029	7584
pb1	2030	7592
pb1	2031	7586
pb1	2032	7581
pb1	2033	7585
pb1	2034	7677
pb1	2035	7401
pb1	2036	7382
pb1	2037	7404
pb1	2038	7400
pb1	2039	7589
pb1	2040	7613
pb1	2041	7656
pb1	2042	7703
pb1	2043	7609
pb1	2044	7702
pb1	2045	7689
pb1	2046	8152
pb1	2047	8554
pb1	2048	8344
pb1	2049	8477
pb1	2050	8476
pb1	2051	8545
pb1	2052	8519
pb1	2053	8461
pb1	2054	8492
pb1	2055	8074
pb1	2056	7765
pb1	2057	7941
pb1	2058	7898
pb1	2059	7975
pb1	2060	7895
pb1	2061	7915
pb1	2062	7899
pb1	2063	7973
pb1	2064	8042
pb1	2065	7969
pb1	2066	7893
pb1	2067	7821
pb1	2068	7847
pb1	2069	7877
pb1	2070	7960
pb1	2071	7964
pb1	2072	7828
pb1	2073	7824
pb1	2074	7850
pb1	2075	7833
pb1	2076	7884
pb1	2077	7875
pb1	2078	7857
pb1	2079	7796
pb1	2080	7945
pb1	2081	7945
pb1	2082	7902
pb1	2083	7987
pb1	2084	7850
pb1	2085	8019
pb1	2086	7982
pb1	2087	7961
pb1	2088	8003
pb1	2089	7876
pb1	2090	7914
pb1	2091	7977
pb1	2092	7875
pb1	2093	7783
pb1	2094	7792
pb1	2095	7727
pb1	2096	7702
pb1	2097	7634
pb1	2098	7536
pb1	2099	7558
pb1	2100	7535
pb1	2101	7453
pb1	2102	7476
pb1	2103	7428
pb1	2104	7398
pb1	2105	7476
pb1	2106	7377
pb1	2107	7517
pb1	2108	7381
pb1	2109	7374
pb1	2110	7357
pb1	2111	7367
pb1	2112	7382
pb1	2113	7357
pb1	2114	7224
pb1	2115	7256
pb1	2116	7067
pb1	2117	7033
pb1	2118	6920
pb1	2119	6982
pb1	2120	7013
pb1	2121	7057
pb1	2122	6995
pb1	2123	7022
pb1	2124	7114
pb1	2125	7091
pb1	2126	7079
pb1	2127	7075
pb1	2128	6974
pb1	2129	7088
pb1	2130	7082
pb1	2131	7380
pb1	2132	7447
pb1	2133	7318
pb1	2134	7641
pb1	2135	7647
pb1	2136	7653
pb1	2137	7633
pb1	2138	7478
pb1	2139	7525
pb1	2140	6830
pb1	2141	6869
pb1	2142	6826
pb1	2143	6359
pb1	2144	6346
pb1	2145	6126
pb1	2146	6127
pb1	2147	6114
pb1	2148	5991
pb1	2149	6035
pb1	2150	5954
pb1	2151	5973
pb1	2152	6005
pb1	2153	6013
pb1	2154	5956
pb1	2155	5943
pb1	2156	5890
pb1	2157	5977
pb1	2158	5979
pb1	2159	6004
pb1	2160	6019
pb1	2161	6010
pb1	2162	6078
pb1	2163	6052
pb1	2164	6052
pb1	2165	6089
pb1	2166	6077
pb1	2167	6323
pb1	2168	6302
pb1	2169	6320
pb1	2170	6342
pb1	2171	6254
pb1	2172	6308
pb1	2173	6322
pb1	2174	6324
pb1	2175	6275
pb1	2176	6053
pb1	2177	6049
pb1	2178	6127
pb1	2179	6229
pb1	2180	6070
pb1	2181	6273
pb1	2182	6229
pb1	2183	6247
pb1	2184	6259
pb1	2185	6188
pb1	2186	6190
pb1	2187	6072
pb1	2188	6018
pb1	2189	5965
pb1	2190	5878
pb1	2191	5738
pb1	2192	5771
pb1	2193	5775
pb1	2194	5766
pb1	2195	5789
pb1	2196	5686
pb1	2197	5645
pb1	2198	5654
pb1	2199	5660
pb1	2200	5670
pb1	2201	5599
pb1	2202	5517
pb1	2203	5546
pb1	2204	5515
pb1	2205	5618
pb1	2206	5599
pb1	2207	5583
pb1	2208	5601
pb1	2209	5717
pb1	2210	5710
pb1	2211	5708
pb1	2212	5697
pb1	2213	5720
pb1	2214	5672
pb1	2215	5692
pb1	2216	5731
pb1	2217	5715
pb1	2218	5497
pb1	2219	5498
pb1	2220	5475
pb1	2221	5506
pb1	2222	5512
pb1	2223	5481
pb1	2224	5452
pb1	2225	5284
pb1	2226	5320
pb1	2227	5314
pb1	2228	5301
pb1	2229	5310
pb1	2230	5285
pb1	2231	5294
pb1	2232	5289
pb1	2233	5305
pb1	2234	5234
pb1	2235	5085
pb1	2236	5074
pb1	2237	5039
pb1	2238	5007
pb1	2239	5104
pb1	2240	5001
pb1	2241	5020
pb1	2242	4930
pb1	2243	4981
pb1	2244	5016
pb1	2245	5044
pb1	2246	5057
pb1	2247	5053
pb1	2248	5065
pb1	2249	4900
pb1	2250	4969
pb1	2251	4973
pb1	2252	4980
pb1	2253	4988
pb1	2254	5000
pb1	2255	4992
pb1	2256	4996
pb1	2257	4975
pb1	2258	4917
pb1	2259	4754
pb1	2260	4661
pb1	2261	4643
pb1	2262	4634
pb1	2263	4416
pb1	2264	4465
pb1	2265	4465
pb1	2266	4479
pb1	2267	4471
pb1	2268	4338
pb1	2269	4282
pb1	2270	4388
pb1	2271	4250
pb1	2272	4200
pb1	2273	4075
pb1	2274	4015
pb1	2275	4031
pb1	2276	4004
pb1	2277	3988
pb1	2278	3996
pb1	2279	3519
pb1	2280	3529
pb1	2281	3447
pb1	2282	3411
pb1	2283	3422
pb1	2284	3351
pb1	2285	3349
pb1	2286	3332
pb1	2287	3296
pb1	2288	3230
pb1	2289	3140
pb1	2290	3142
pb1	2291	3125
pb1	2292	3114
pb1	2293	3103
pb1	2294	3079
pb1	2295	3049
pb1	2296	3025
pb1	2297	2866
pb1	2298	2861
pb1	2299	2689
pb1	2300	2685
pb1	2301	2650
pb1	2302	2619
pb1	2303	2607
pb1	2304	2530
pb1	2305	2518
pb1	2306	2467
pb1	2307	2462
pb1	2308	2448
pb1	2309	2149
pb1	2310	2042
pb1	2311	2024
pb1	2312	2009
pb1	2313	2002
pb1	2314	1982
pb1	2315	1820
pb1	2316	1812
pb1	2317	1799
pb1	2318	1796
pb1	2319	1792
pb1	2320	1705
pb1	2321	1679
pb1	2322	1665
pb1	2323	1643
pb1	2324	1631
pb1	2325	1598
pb1	2326	1574
pb1	2327	1557
pb1	2328	1545
pb1	2329	1532
pb1	2330	1467
pb1	2331	1448
pb1	2332	1423
pb1	2333	1422
pb1	2334	1400
pb1	2335	1393
pb1	2336	1382
pb1	2337	1227
pb1	2338	1187
pb1	2339	1175
pb1	2340	1169
pb1	2341	492
