gene	pos	cvg	rep
ns	1	6289	replicate-2
ns	2	7989	replicate-2
ns	3	8016	replicate-2
ns	4	8046	replicate-2
ns	5	8991	replicate-2
ns	6	9091	replicate-2
ns	7	9120	replicate-2
ns	8	9151	replicate-2
ns	9	9191	replicate-2
ns	10	9198	replicate-2
ns	11	9401	replicate-2
ns	12	9449	replicate-2
ns	13	9509	replicate-2
ns	14	9523	replicate-2
ns	15	9980	replicate-2
ns	16	10031	replicate-2
ns	17	10371	replicate-2
ns	18	10387	replicate-2
ns	19	10414	replicate-2
ns	20	10610	replicate-2
ns	21	10792	replicate-2
ns	22	12237	replicate-2
ns	23	12628	replicate-2
ns	24	12667	replicate-2
ns	25	12754	replicate-2
ns	26	12823	replicate-2
ns	27	12947	replicate-2
ns	28	12967	replicate-2
ns	29	13549	replicate-2
ns	30	14166	replicate-2
ns	31	15014	replicate-2
ns	32	22854	replicate-2
ns	33	22962	replicate-2
ns	34	23669	replicate-2
ns	35	23702	replicate-2
ns	36	23754	replicate-2
ns	37	24171	replicate-2
ns	38	24241	replicate-2
ns	39	24297	replicate-2
ns	40	24368	replicate-2
ns	41	24400	replicate-2
ns	42	26295	replicate-2
ns	43	26316	replicate-2
ns	44	26600	replicate-2
ns	45	26625	replicate-2
ns	46	26689	replicate-2
ns	47	26720	replicate-2
ns	48	26766	replicate-2
ns	49	27195	replicate-2
ns	50	27692	replicate-2
ns	51	27580	replicate-2
ns	52	27853	replicate-2
ns	53	27877	replicate-2
ns	54	28556	replicate-2
ns	55	28528	replicate-2
ns	56	28681	replicate-2
ns	57	28720	replicate-2
ns	58	28661	replicate-2
ns	59	28654	replicate-2
ns	60	28809	replicate-2
ns	61	28716	replicate-2
ns	62	28834	replicate-2
ns	63	28680	replicate-2
ns	64	29216	replicate-2
ns	65	29046	replicate-2
ns	66	28911	replicate-2
ns	67	29116	replicate-2
ns	68	29441	replicate-2
ns	69	29630	replicate-2
ns	70	29555	replicate-2
ns	71	29566	replicate-2
ns	72	29596	replicate-2
ns	73	29633	replicate-2
ns	74	29622	replicate-2
ns	75	29570	replicate-2
ns	76	29522	replicate-2
ns	77	29470	replicate-2
ns	78	29741	replicate-2
ns	79	29715	replicate-2
ns	80	29742	replicate-2
ns	81	29664	replicate-2
ns	82	29567	replicate-2
ns	83	29450	replicate-2
ns	84	29283	replicate-2
ns	85	29098	replicate-2
ns	86	28792	replicate-2
ns	87	28932	replicate-2
ns	88	28810	replicate-2
ns	89	28627	replicate-2
ns	90	28414	replicate-2
ns	91	28444	replicate-2
ns	92	28361	replicate-2
ns	93	28220	replicate-2
ns	94	27971	replicate-2
ns	95	27691	replicate-2
ns	96	27754	replicate-2
ns	97	27733	replicate-2
ns	98	28074	replicate-2
ns	99	27722	replicate-2
ns	100	27365	replicate-2
ns	101	27068	replicate-2
ns	102	27879	replicate-2
ns	103	27399	replicate-2
ns	104	27080	replicate-2
ns	105	26952	replicate-2
ns	106	26268	replicate-2
ns	107	26381	replicate-2
ns	108	26321	replicate-2
ns	109	26494	replicate-2
ns	110	26260	replicate-2
ns	111	26148	replicate-2
ns	112	25843	replicate-2
ns	113	25713	replicate-2
ns	114	25984	replicate-2
ns	115	26132	replicate-2
ns	116	25852	replicate-2
ns	117	25621	replicate-2
ns	118	25224	replicate-2
ns	119	24808	replicate-2
ns	120	25348	replicate-2
ns	121	25595	replicate-2
ns	122	25660	replicate-2
ns	123	25291	replicate-2
ns	124	25041	replicate-2
ns	125	24881	replicate-2
ns	126	24529	replicate-2
ns	127	23886	replicate-2
ns	128	23701	replicate-2
ns	129	22483	replicate-2
ns	130	22196	replicate-2
ns	131	22146	replicate-2
ns	132	22032	replicate-2
ns	133	21824	replicate-2
ns	134	21875	replicate-2
ns	135	21947	replicate-2
ns	136	21993	replicate-2
ns	137	21968	replicate-2
ns	138	21875	replicate-2
ns	139	21606	replicate-2
ns	140	21522	replicate-2
ns	141	21928	replicate-2
ns	142	21784	replicate-2
ns	143	21756	replicate-2
ns	144	21852	replicate-2
ns	145	21629	replicate-2
ns	146	21579	replicate-2
ns	147	21399	replicate-2
ns	148	21171	replicate-2
ns	149	20989	replicate-2
ns	150	20716	replicate-2
ns	151	20877	replicate-2
ns	152	20705	replicate-2
ns	153	20529	replicate-2
ns	154	20396	replicate-2
ns	155	20385	replicate-2
ns	156	20178	replicate-2
ns	157	20653	replicate-2
ns	158	20477	replicate-2
ns	159	20552	replicate-2
ns	160	20540	replicate-2
ns	161	20322	replicate-2
ns	162	20204	replicate-2
ns	163	20161	replicate-2
ns	164	20071	replicate-2
ns	165	20119	replicate-2
ns	166	19946	replicate-2
ns	167	19900	replicate-2
ns	168	19541	replicate-2
ns	169	19689	replicate-2
ns	170	19660	replicate-2
ns	171	19332	replicate-2
ns	172	20665	replicate-2
ns	173	20366	replicate-2
ns	174	20574	replicate-2
ns	175	20211	replicate-2
ns	176	20325	replicate-2
ns	177	20913	replicate-2
ns	178	20909	replicate-2
ns	179	20772	replicate-2
ns	180	20608	replicate-2
ns	181	19838	replicate-2
ns	182	20190	replicate-2
ns	183	20329	replicate-2
ns	184	20263	replicate-2
ns	185	20567	replicate-2
ns	186	20313	replicate-2
ns	187	20364	replicate-2
ns	188	20417	replicate-2
ns	189	20423	replicate-2
ns	190	20405	replicate-2
ns	191	20148	replicate-2
ns	192	20135	replicate-2
ns	193	20258	replicate-2
ns	194	19784	replicate-2
ns	195	19851	replicate-2
ns	196	19823	replicate-2
ns	197	19843	replicate-2
ns	198	19826	replicate-2
ns	199	19995	replicate-2
ns	200	20075	replicate-2
ns	201	20102	replicate-2
ns	202	20356	replicate-2
ns	203	20318	replicate-2
ns	204	20616	replicate-2
ns	205	20774	replicate-2
ns	206	20844	replicate-2
ns	207	21165	replicate-2
ns	208	21168	replicate-2
ns	209	21257	replicate-2
ns	210	21234	replicate-2
ns	211	21046	replicate-2
ns	212	21463	replicate-2
ns	213	21544	replicate-2
ns	214	21685	replicate-2
ns	215	21899	replicate-2
ns	216	21648	replicate-2
ns	217	21786	replicate-2
ns	218	21595	replicate-2
ns	219	22099	replicate-2
ns	220	21998	replicate-2
ns	221	21799	replicate-2
ns	222	21984	replicate-2
ns	223	21557	replicate-2
ns	224	21660	replicate-2
ns	225	21658	replicate-2
ns	226	21755	replicate-2
ns	227	22068	replicate-2
ns	228	21880	replicate-2
ns	229	22015	replicate-2
ns	230	22252	replicate-2
ns	231	22635	replicate-2
ns	232	22639	replicate-2
ns	233	22835	replicate-2
ns	234	22953	replicate-2
ns	235	22810	replicate-2
ns	236	22316	replicate-2
ns	237	22568	replicate-2
ns	238	22589	replicate-2
ns	239	22541	replicate-2
ns	240	22902	replicate-2
ns	241	22824	replicate-2
ns	242	23147	replicate-2
ns	243	23169	replicate-2
ns	244	23429	replicate-2
ns	245	23362	replicate-2
ns	246	23583	replicate-2
ns	247	23657	replicate-2
ns	248	23713	replicate-2
ns	249	23345	replicate-2
ns	250	23464	replicate-2
ns	251	23337	replicate-2
ns	252	23429	replicate-2
ns	253	23310	replicate-2
ns	254	23315	replicate-2
ns	255	24294	replicate-2
ns	256	24254	replicate-2
ns	257	24690	replicate-2
ns	258	24834	replicate-2
ns	259	24960	replicate-2
ns	260	24961	replicate-2
ns	261	24949	replicate-2
ns	262	25097	replicate-2
ns	263	25239	replicate-2
ns	264	24576	replicate-2
ns	265	25526	replicate-2
ns	266	25386	replicate-2
ns	267	25513	replicate-2
ns	268	25556	replicate-2
ns	269	25811	replicate-2
ns	270	26159	replicate-2
ns	271	26208	replicate-2
ns	272	26336	replicate-2
ns	273	26198	replicate-2
ns	274	25956	replicate-2
ns	275	25579	replicate-2
ns	276	25879	replicate-2
ns	277	26053	replicate-2
ns	278	26251	replicate-2
ns	279	26373	replicate-2
ns	280	26374	replicate-2
ns	281	26269	replicate-2
ns	282	26678	replicate-2
ns	283	26753	replicate-2
ns	284	26652	replicate-2
ns	285	26805	replicate-2
ns	286	26971	replicate-2
ns	287	26870	replicate-2
ns	288	26966	replicate-2
ns	289	27014	replicate-2
ns	290	27656	replicate-2
ns	291	27266	replicate-2
ns	292	29157	replicate-2
ns	293	29593	replicate-2
ns	294	29729	replicate-2
ns	295	29888	replicate-2
ns	296	30210	replicate-2
ns	297	30336	replicate-2
ns	298	30464	replicate-2
ns	299	29715	replicate-2
ns	300	30138	replicate-2
ns	301	29089	replicate-2
ns	302	29266	replicate-2
ns	303	29282	replicate-2
ns	304	29211	replicate-2
ns	305	29229	replicate-2
ns	306	29274	replicate-2
ns	307	30426	replicate-2
ns	308	30391	replicate-2
ns	309	30892	replicate-2
ns	310	30794	replicate-2
ns	311	30814	replicate-2
ns	312	31028	replicate-2
ns	313	31011	replicate-2
ns	314	31195	replicate-2
ns	315	31186	replicate-2
ns	316	29651	replicate-2
ns	317	30232	replicate-2
ns	318	29501	replicate-2
ns	319	29979	replicate-2
ns	320	31162	replicate-2
ns	321	31233	replicate-2
ns	322	31539	replicate-2
ns	323	31553	replicate-2
ns	324	31638	replicate-2
ns	325	31839	replicate-2
ns	326	31724	replicate-2
ns	327	31752	replicate-2
ns	328	31034	replicate-2
ns	329	30982	replicate-2
ns	330	29935	replicate-2
ns	331	31469	replicate-2
ns	332	32397	replicate-2
ns	333	32454	replicate-2
ns	334	32767	replicate-2
ns	335	32774	replicate-2
ns	336	32673	replicate-2
ns	337	32783	replicate-2
ns	338	33058	replicate-2
ns	339	33300	replicate-2
ns	340	32122	replicate-2
ns	341	31371	replicate-2
ns	342	31148	replicate-2
ns	343	31519	replicate-2
ns	344	31724	replicate-2
ns	345	31921	replicate-2
ns	346	31866	replicate-2
ns	347	31666	replicate-2
ns	348	31451	replicate-2
ns	349	31467	replicate-2
ns	350	31353	replicate-2
ns	351	31327	replicate-2
ns	352	30721	replicate-2
ns	353	30839	replicate-2
ns	354	30369	replicate-2
ns	355	30389	replicate-2
ns	356	30376	replicate-2
ns	357	30475	replicate-2
ns	358	30275	replicate-2
ns	359	30281	replicate-2
ns	360	30376	replicate-2
ns	361	30362	replicate-2
ns	362	30031	replicate-2
ns	363	30126	replicate-2
ns	364	30359	replicate-2
ns	365	30270	replicate-2
ns	366	30225	replicate-2
ns	367	30435	replicate-2
ns	368	30376	replicate-2
ns	369	30504	replicate-2
ns	370	30318	replicate-2
ns	371	30425	replicate-2
ns	372	30295	replicate-2
ns	373	30213	replicate-2
ns	374	30470	replicate-2
ns	375	30324	replicate-2
ns	376	30195	replicate-2
ns	377	30078	replicate-2
ns	378	30214	replicate-2
ns	379	31134	replicate-2
ns	380	30908	replicate-2
ns	381	30807	replicate-2
ns	382	30483	replicate-2
ns	383	30092	replicate-2
ns	384	30386	replicate-2
ns	385	30089	replicate-2
ns	386	30092	replicate-2
ns	387	29046	replicate-2
ns	388	27949	replicate-2
ns	389	29731	replicate-2
ns	390	29863	replicate-2
ns	391	30058	replicate-2
ns	392	29172	replicate-2
ns	393	28860	replicate-2
ns	394	28656	replicate-2
ns	395	28073	replicate-2
ns	396	27961	replicate-2
ns	397	26806	replicate-2
ns	398	25108	replicate-2
ns	399	24996	replicate-2
ns	400	24503	replicate-2
ns	401	24546	replicate-2
ns	402	23535	replicate-2
ns	403	23565	replicate-2
ns	404	23854	replicate-2
ns	405	23687	replicate-2
ns	406	24253	replicate-2
ns	407	23513	replicate-2
ns	408	24260	replicate-2
ns	409	24319	replicate-2
ns	410	24338	replicate-2
ns	411	24417	replicate-2
ns	412	24401	replicate-2
ns	413	24638	replicate-2
ns	414	24684	replicate-2
ns	415	24258	replicate-2
ns	416	24446	replicate-2
ns	417	23705	replicate-2
ns	418	23741	replicate-2
ns	419	23630	replicate-2
ns	420	24205	replicate-2
ns	421	24148	replicate-2
ns	422	23891	replicate-2
ns	423	23859	replicate-2
ns	424	23986	replicate-2
ns	425	24503	replicate-2
ns	426	24397	replicate-2
ns	427	24377	replicate-2
ns	428	24464	replicate-2
ns	429	24030	replicate-2
ns	430	24251	replicate-2
ns	431	24238	replicate-2
ns	432	24320	replicate-2
ns	433	24186	replicate-2
ns	434	24555	replicate-2
ns	435	25085	replicate-2
ns	436	25133	replicate-2
ns	437	25307	replicate-2
ns	438	25454	replicate-2
ns	439	25534	replicate-2
ns	440	25572	replicate-2
ns	441	25713	replicate-2
ns	442	25623	replicate-2
ns	443	25631	replicate-2
ns	444	25045	replicate-2
ns	445	24933	replicate-2
ns	446	25414	replicate-2
ns	447	25480	replicate-2
ns	448	25515	replicate-2
ns	449	25719	replicate-2
ns	450	25822	replicate-2
ns	451	25747	replicate-2
ns	452	25108	replicate-2
ns	453	24847	replicate-2
ns	454	29219	replicate-2
ns	455	28867	replicate-2
ns	456	28486	replicate-2
ns	457	28409	replicate-2
ns	458	28576	replicate-2
ns	459	29920	replicate-2
ns	460	29939	replicate-2
ns	461	30676	replicate-2
ns	462	30756	replicate-2
ns	463	28172	replicate-2
ns	464	30810	replicate-2
ns	465	30801	replicate-2
ns	466	30893	replicate-2
ns	467	30980	replicate-2
ns	468	30220	replicate-2
ns	469	30403	replicate-2
ns	470	30309	replicate-2
ns	471	30428	replicate-2
ns	472	30370	replicate-2
ns	473	29789	replicate-2
ns	474	30023	replicate-2
ns	475	30330	replicate-2
ns	476	30529	replicate-2
ns	477	30622	replicate-2
ns	478	30752	replicate-2
ns	479	30485	replicate-2
ns	480	31001	replicate-2
ns	481	30835	replicate-2
ns	482	30882	replicate-2
ns	483	31015	replicate-2
ns	484	30844	replicate-2
ns	485	30738	replicate-2
ns	486	30812	replicate-2
ns	487	31298	replicate-2
ns	488	31116	replicate-2
ns	489	30892	replicate-2
ns	490	30866	replicate-2
ns	491	30653	replicate-2
ns	492	30655	replicate-2
ns	493	30774	replicate-2
ns	494	30915	replicate-2
ns	495	30997	replicate-2
ns	496	30684	replicate-2
ns	497	30868	replicate-2
ns	498	31142	replicate-2
ns	499	31155	replicate-2
ns	500	30956	replicate-2
ns	501	30911	replicate-2
ns	502	30719	replicate-2
ns	503	30822	replicate-2
ns	504	30668	replicate-2
ns	505	30695	replicate-2
ns	506	30635	replicate-2
ns	507	30319	replicate-2
ns	508	30623	replicate-2
ns	509	30199	replicate-2
ns	510	30927	replicate-2
ns	511	30715	replicate-2
ns	512	30589	replicate-2
ns	513	30356	replicate-2
ns	514	30405	replicate-2
ns	515	30561	replicate-2
ns	516	30649	replicate-2
ns	517	30407	replicate-2
ns	518	30111	replicate-2
ns	519	29794	replicate-2
ns	520	30178	replicate-2
ns	521	29984	replicate-2
ns	522	31558	replicate-2
ns	523	31888	replicate-2
ns	524	32062	replicate-2
ns	525	32648	replicate-2
ns	526	32553	replicate-2
ns	527	32470	replicate-2
ns	528	33159	replicate-2
ns	529	33156	replicate-2
ns	530	33489	replicate-2
ns	531	33000	replicate-2
ns	532	34665	replicate-2
ns	533	35300	replicate-2
ns	534	35609	replicate-2
ns	535	38054	replicate-2
ns	536	37707	replicate-2
ns	537	37107	replicate-2
ns	538	36981	replicate-2
ns	539	36438	replicate-2
ns	540	36330	replicate-2
ns	541	34812	replicate-2
ns	542	34517	replicate-2
ns	543	34507	replicate-2
ns	544	32797	replicate-2
ns	545	32875	replicate-2
ns	546	33003	replicate-2
ns	547	33060	replicate-2
ns	548	33490	replicate-2
ns	549	33545	replicate-2
ns	550	33561	replicate-2
ns	551	33916	replicate-2
ns	552	33762	replicate-2
ns	553	33825	replicate-2
ns	554	33767	replicate-2
ns	555	33779	replicate-2
ns	556	34193	replicate-2
ns	557	33949	replicate-2
ns	558	33862	replicate-2
ns	559	33960	replicate-2
ns	560	34001	replicate-2
ns	561	33963	replicate-2
ns	562	33798	replicate-2
ns	563	33839	replicate-2
ns	564	34066	replicate-2
ns	565	33738	replicate-2
ns	566	34316	replicate-2
ns	567	34238	replicate-2
ns	568	34199	replicate-2
ns	569	34650	replicate-2
ns	570	34497	replicate-2
ns	571	34646	replicate-2
ns	572	34600	replicate-2
ns	573	34406	replicate-2
ns	574	34443	replicate-2
ns	575	34116	replicate-2
ns	576	34160	replicate-2
ns	577	34513	replicate-2
ns	578	34140	replicate-2
ns	579	35049	replicate-2
ns	580	35072	replicate-2
ns	581	35303	replicate-2
ns	582	35977	replicate-2
ns	583	35947	replicate-2
ns	584	35670	replicate-2
ns	585	35539	replicate-2
ns	586	35093	replicate-2
ns	587	35728	replicate-2
ns	588	34981	replicate-2
ns	589	35187	replicate-2
ns	590	37497	replicate-2
ns	591	37785	replicate-2
ns	592	37671	replicate-2
ns	593	37601	replicate-2
ns	594	37493	replicate-2
ns	595	37625	replicate-2
ns	596	37207	replicate-2
ns	597	36186	replicate-2
ns	598	36322	replicate-2
ns	599	33679	replicate-2
ns	600	35106	replicate-2
ns	601	35026	replicate-2
ns	602	35114	replicate-2
ns	603	35175	replicate-2
ns	604	34771	replicate-2
ns	605	34742	replicate-2
ns	606	34956	replicate-2
ns	607	34680	replicate-2
ns	608	35605	replicate-2
ns	609	34327	replicate-2
ns	610	34403	replicate-2
ns	611	34317	replicate-2
ns	612	34355	replicate-2
ns	613	34246	replicate-2
ns	614	34188	replicate-2
ns	615	34159	replicate-2
ns	616	34304	replicate-2
ns	617	33392	replicate-2
ns	618	35183	replicate-2
ns	619	34856	replicate-2
ns	620	35466	replicate-2
ns	621	35523	replicate-2
ns	622	35219	replicate-2
ns	623	35238	replicate-2
ns	624	34447	replicate-2
ns	625	34447	replicate-2
ns	626	34286	replicate-2
ns	627	32488	replicate-2
ns	628	32534	replicate-2
ns	629	32544	replicate-2
ns	630	32719	replicate-2
ns	631	32736	replicate-2
ns	632	32654	replicate-2
ns	633	32725	replicate-2
ns	634	32679	replicate-2
ns	635	32881	replicate-2
ns	636	32661	replicate-2
ns	637	32603	replicate-2
ns	638	32296	replicate-2
ns	639	32004	replicate-2
ns	640	32326	replicate-2
ns	641	32432	replicate-2
ns	642	32125	replicate-2
ns	643	33105	replicate-2
ns	644	32793	replicate-2
ns	645	32706	replicate-2
ns	646	32627	replicate-2
ns	647	32461	replicate-2
ns	648	32620	replicate-2
ns	649	31383	replicate-2
ns	650	31737	replicate-2
ns	651	31825	replicate-2
ns	652	30502	replicate-2
ns	653	30585	replicate-2
ns	654	30493	replicate-2
ns	655	30679	replicate-2
ns	656	30728	replicate-2
ns	657	30247	replicate-2
ns	658	30230	replicate-2
ns	659	29060	replicate-2
ns	660	29437	replicate-2
ns	661	29513	replicate-2
ns	662	29332	replicate-2
ns	663	29446	replicate-2
ns	664	29242	replicate-2
ns	665	29008	replicate-2
ns	666	29225	replicate-2
ns	667	28923	replicate-2
ns	668	29536	replicate-2
ns	669	28585	replicate-2
ns	670	29223	replicate-2
ns	671	29322	replicate-2
ns	672	29669	replicate-2
ns	673	29737	replicate-2
ns	674	29623	replicate-2
ns	675	29672	replicate-2
ns	676	29499	replicate-2
ns	677	29414	replicate-2
ns	678	29335	replicate-2
ns	679	28120	replicate-2
ns	680	28136	replicate-2
ns	681	27990	replicate-2
ns	682	27951	replicate-2
ns	683	27686	replicate-2
ns	684	27750	replicate-2
ns	685	27858	replicate-2
ns	686	27787	replicate-2
ns	687	27729	replicate-2
ns	688	27974	replicate-2
ns	689	27932	replicate-2
ns	690	27802	replicate-2
ns	691	27879	replicate-2
ns	692	28095	replicate-2
ns	693	28418	replicate-2
ns	694	28353	replicate-2
ns	695	28508	replicate-2
ns	696	28519	replicate-2
ns	697	28803	replicate-2
ns	698	29051	replicate-2
ns	699	29069	replicate-2
ns	700	29263	replicate-2
ns	701	29139	replicate-2
ns	702	28936	replicate-2
ns	703	28838	replicate-2
ns	704	29000	replicate-2
ns	705	29248	replicate-2
ns	706	28659	replicate-2
ns	707	28783	replicate-2
ns	708	28732	replicate-2
ns	709	28796	replicate-2
ns	710	28806	replicate-2
ns	711	28913	replicate-2
ns	712	28967	replicate-2
ns	713	29091	replicate-2
ns	714	29311	replicate-2
ns	715	28712	replicate-2
ns	716	29185	replicate-2
ns	717	29639	replicate-2
ns	718	29976	replicate-2
ns	719	29994	replicate-2
ns	720	29829	replicate-2
ns	721	30118	replicate-2
ns	722	29918	replicate-2
ns	723	29357	replicate-2
ns	724	29279	replicate-2
ns	725	29538	replicate-2
ns	726	29601	replicate-2
ns	727	29671	replicate-2
ns	728	29934	replicate-2
ns	729	30008	replicate-2
ns	730	29245	replicate-2
ns	731	29041	replicate-2
ns	732	29341	replicate-2
ns	733	29407	replicate-2
ns	734	29009	replicate-2
ns	735	29841	replicate-2
ns	736	29924	replicate-2
ns	737	30196	replicate-2
ns	738	30572	replicate-2
ns	739	30970	replicate-2
ns	740	31036	replicate-2
ns	741	31000	replicate-2
ns	742	31216	replicate-2
ns	743	31278	replicate-2
ns	744	29917	replicate-2
ns	745	30318	replicate-2
ns	746	30070	replicate-2
ns	747	30720	replicate-2
ns	748	30818	replicate-2
ns	749	31088	replicate-2
ns	750	31407	replicate-2
ns	751	31458	replicate-2
ns	752	31488	replicate-2
ns	753	31576	replicate-2
ns	754	30553	replicate-2
ns	755	31126	replicate-2
ns	756	31168	replicate-2
ns	757	31264	replicate-2
ns	758	31492	replicate-2
ns	759	31698	replicate-2
ns	760	31758	replicate-2
ns	761	31964	replicate-2
ns	762	32194	replicate-2
ns	763	31839	replicate-2
ns	764	30368	replicate-2
ns	765	30395	replicate-2
ns	766	30736	replicate-2
ns	767	30817	replicate-2
ns	768	30232	replicate-2
ns	769	30274	replicate-2
ns	770	29129	replicate-2
ns	771	29277	replicate-2
ns	772	29168	replicate-2
ns	773	28804	replicate-2
ns	774	28899	replicate-2
ns	775	27941	replicate-2
ns	776	28245	replicate-2
ns	777	28310	replicate-2
ns	778	28570	replicate-2
ns	779	28958	replicate-2
ns	780	28380	replicate-2
ns	781	28560	replicate-2
ns	782	28599	replicate-2
ns	783	28611	replicate-2
ns	784	28648	replicate-2
ns	785	27285	replicate-2
ns	786	27399	replicate-2
ns	787	27358	replicate-2
ns	788	27401	replicate-2
ns	789	27475	replicate-2
ns	790	27513	replicate-2
ns	791	27686	replicate-2
ns	792	27697	replicate-2
ns	793	27664	replicate-2
ns	794	28061	replicate-2
ns	795	27312	replicate-2
ns	796	27401	replicate-2
ns	797	27674	replicate-2
ns	798	27941	replicate-2
ns	799	27835	replicate-2
ns	800	26840	replicate-2
ns	801	26841	replicate-2
ns	802	26960	replicate-2
ns	803	27325	replicate-2
ns	804	27290	replicate-2
ns	805	27097	replicate-2
ns	806	27216	replicate-2
ns	807	27343	replicate-2
ns	808	27478	replicate-2
ns	809	27487	replicate-2
ns	810	27392	replicate-2
ns	811	27257	replicate-2
ns	812	21934	replicate-2
ns	813	22025	replicate-2
ns	814	21891	replicate-2
ns	815	22029	replicate-2
ns	816	22443	replicate-2
ns	817	21572	replicate-2
ns	818	21573	replicate-2
ns	819	21465	replicate-2
ns	820	21296	replicate-2
ns	821	21324	replicate-2
ns	822	21285	replicate-2
ns	823	21347	replicate-2
ns	824	21315	replicate-2
ns	825	19464	replicate-2
ns	826	19525	replicate-2
ns	827	19505	replicate-2
ns	828	19534	replicate-2
ns	829	19363	replicate-2
ns	830	17777	replicate-2
ns	831	17780	replicate-2
ns	832	17727	replicate-2
ns	833	17482	replicate-2
ns	834	17559	replicate-2
ns	835	16150	replicate-2
ns	836	16081	replicate-2
ns	837	15910	replicate-2
ns	838	15895	replicate-2
ns	839	15907	replicate-2
ns	840	15641	replicate-2
ns	841	15436	replicate-2
ns	842	15270	replicate-2
ns	843	13154	replicate-2
ns	844	13078	replicate-2
ns	845	13055	replicate-2
ns	846	13040	replicate-2
ns	847	13026	replicate-2
ns	848	12474	replicate-2
ns	849	12411	replicate-2
ns	850	12299	replicate-2
ns	851	12211	replicate-2
ns	852	12177	replicate-2
ns	853	12130	replicate-2
ns	854	12030	replicate-2
ns	855	12026	replicate-2
ns	856	12012	replicate-2
ns	857	11613	replicate-2
ns	858	11486	replicate-2
ns	859	11331	replicate-2
ns	860	11324	replicate-2
ns	861	11314	replicate-2
ns	862	11231	replicate-2
ns	863	10764	replicate-2
ns	864	10517	replicate-2
ns	865	10256	replicate-2
ns	866	10199	replicate-2
ns	867	9895	replicate-2
ns	868	9208	replicate-2
ns	869	9113	replicate-2
ns	870	9101	replicate-2
ns	871	9080	replicate-2
ns	872	9051	replicate-2
ns	873	8959	replicate-2
ns	874	8905	replicate-2
ns	875	8871	replicate-2
ns	876	7952	replicate-2
ns	877	7941	replicate-2
ns	878	7746	replicate-2
ns	879	7599	replicate-2
ns	880	7400	replicate-2
ns	881	7223	replicate-2
ns	882	7218	replicate-2
ns	883	7047	replicate-2
ns	884	6969	replicate-2
ns	885	6911	replicate-2
ns	886	5125	replicate-2
ns	887	4876	replicate-2
ns	888	4727	replicate-2
ns	889	4708	replicate-2
ns	890	914	replicate-2
na	1	4	replicate-2
na	2	5	replicate-2
na	3	7	replicate-2
na	4	7	replicate-2
na	5	11	replicate-2
na	6	13	replicate-2
na	7	13	replicate-2
na	8	13	replicate-2
na	9	13	replicate-2
na	10	13	replicate-2
na	11	13	replicate-2
na	12	13	replicate-2
na	13	14	replicate-2
na	14	21	replicate-2
na	15	22	replicate-2
na	16	22	replicate-2
na	17	22	replicate-2
na	18	22	replicate-2
na	19	22	replicate-2
na	20	23	replicate-2
na	21	23	replicate-2
na	22	23	replicate-2
na	23	24	replicate-2
na	24	25	replicate-2
na	25	26	replicate-2
na	26	26	replicate-2
na	27	26	replicate-2
na	28	26	replicate-2
na	29	26	replicate-2
na	30	29	replicate-2
na	31	30	replicate-2
na	32	31	replicate-2
na	33	31	replicate-2
na	34	31	replicate-2
na	35	31	replicate-2
na	36	31	replicate-2
na	37	34	replicate-2
na	38	66	replicate-2
na	39	68	replicate-2
na	40	68	replicate-2
na	41	69	replicate-2
na	42	70	replicate-2
na	43	76	replicate-2
na	44	77	replicate-2
na	45	77	replicate-2
na	46	94	replicate-2
na	47	94	replicate-2
na	48	94	replicate-2
na	49	95	replicate-2
na	50	95	replicate-2
na	51	101	replicate-2
na	52	106	replicate-2
na	53	106	replicate-2
na	54	107	replicate-2
na	55	106	replicate-2
na	56	109	replicate-2
na	57	109	replicate-2
na	58	109	replicate-2
na	59	112	replicate-2
na	60	112	replicate-2
na	61	116	replicate-2
na	62	116	replicate-2
na	63	116	replicate-2
na	64	117	replicate-2
na	65	117	replicate-2
na	66	123	replicate-2
na	67	123	replicate-2
na	68	124	replicate-2
na	69	125	replicate-2
na	70	125	replicate-2
na	71	125	replicate-2
na	72	131	replicate-2
na	73	134	replicate-2
na	74	136	replicate-2
na	75	137	replicate-2
na	76	140	replicate-2
na	77	142	replicate-2
na	78	144	replicate-2
na	79	144	replicate-2
na	80	146	replicate-2
na	81	148	replicate-2
na	82	151	replicate-2
na	83	151	replicate-2
na	84	152	replicate-2
na	85	152	replicate-2
na	86	152	replicate-2
na	87	157	replicate-2
na	88	156	replicate-2
na	89	159	replicate-2
na	90	162	replicate-2
na	91	163	replicate-2
na	92	164	replicate-2
na	93	164	replicate-2
na	94	162	replicate-2
na	95	165	replicate-2
na	96	168	replicate-2
na	97	168	replicate-2
na	98	169	replicate-2
na	99	169	replicate-2
na	100	169	replicate-2
na	101	169	replicate-2
na	102	169	replicate-2
na	103	172	replicate-2
na	104	177	replicate-2
na	105	177	replicate-2
na	106	177	replicate-2
na	107	178	replicate-2
na	108	182	replicate-2
na	109	184	replicate-2
na	110	184	replicate-2
na	111	185	replicate-2
na	112	215	replicate-2
na	113	210	replicate-2
na	114	218	replicate-2
na	115	219	replicate-2
na	116	220	replicate-2
na	117	220	replicate-2
na	118	220	replicate-2
na	119	222	replicate-2
na	120	223	replicate-2
na	121	217	replicate-2
na	122	222	replicate-2
na	123	221	replicate-2
na	124	224	replicate-2
na	125	222	replicate-2
na	126	225	replicate-2
na	127	231	replicate-2
na	128	231	replicate-2
na	129	232	replicate-2
na	130	232	replicate-2
na	131	233	replicate-2
na	132	238	replicate-2
na	133	238	replicate-2
na	134	239	replicate-2
na	135	238	replicate-2
na	136	233	replicate-2
na	137	233	replicate-2
na	138	233	replicate-2
na	139	234	replicate-2
na	140	232	replicate-2
na	141	233	replicate-2
na	142	231	replicate-2
na	143	230	replicate-2
na	144	228	replicate-2
na	145	226	replicate-2
na	146	225	replicate-2
na	147	225	replicate-2
na	148	222	replicate-2
na	149	222	replicate-2
na	150	218	replicate-2
na	151	216	replicate-2
na	152	216	replicate-2
na	153	213	replicate-2
na	154	227	replicate-2
na	155	232	replicate-2
na	156	230	replicate-2
na	157	231	replicate-2
na	158	228	replicate-2
na	159	230	replicate-2
na	160	230	replicate-2
na	161	230	replicate-2
na	162	230	replicate-2
na	163	231	replicate-2
na	164	231	replicate-2
na	165	231	replicate-2
na	166	231	replicate-2
na	167	232	replicate-2
na	168	229	replicate-2
na	169	239	replicate-2
na	170	240	replicate-2
na	171	239	replicate-2
na	172	237	replicate-2
na	173	236	replicate-2
na	174	237	replicate-2
na	175	246	replicate-2
na	176	245	replicate-2
na	177	253	replicate-2
na	178	249	replicate-2
na	179	248	replicate-2
na	180	248	replicate-2
na	181	249	replicate-2
na	182	248	replicate-2
na	183	250	replicate-2
na	184	251	replicate-2
na	185	248	replicate-2
na	186	240	replicate-2
na	187	239	replicate-2
na	188	233	replicate-2
na	189	232	replicate-2
na	190	232	replicate-2
na	191	239	replicate-2
na	192	240	replicate-2
na	193	239	replicate-2
na	194	242	replicate-2
na	195	240	replicate-2
na	196	254	replicate-2
na	197	254	replicate-2
na	198	256	replicate-2
na	199	257	replicate-2
na	200	247	replicate-2
na	201	246	replicate-2
na	202	247	replicate-2
na	203	247	replicate-2
na	204	247	replicate-2
na	205	237	replicate-2
na	206	243	replicate-2
na	207	243	replicate-2
na	208	249	replicate-2
na	209	249	replicate-2
na	210	252	replicate-2
na	211	249	replicate-2
na	212	256	replicate-2
na	213	255	replicate-2
na	214	255	replicate-2
na	215	252	replicate-2
na	216	249	replicate-2
na	217	246	replicate-2
na	218	255	replicate-2
na	219	254	replicate-2
na	220	255	replicate-2
na	221	251	replicate-2
na	222	249	replicate-2
na	223	257	replicate-2
na	224	261	replicate-2
na	225	256	replicate-2
na	226	257	replicate-2
na	227	255	replicate-2
na	228	266	replicate-2
na	229	269	replicate-2
na	230	265	replicate-2
na	231	257	replicate-2
na	232	245	replicate-2
na	233	243	replicate-2
na	234	242	replicate-2
na	235	242	replicate-2
na	236	234	replicate-2
na	237	232	replicate-2
na	238	233	replicate-2
na	239	233	replicate-2
na	240	237	replicate-2
na	241	234	replicate-2
na	242	243	replicate-2
na	243	244	replicate-2
na	244	247	replicate-2
na	245	247	replicate-2
na	246	257	replicate-2
na	247	258	replicate-2
na	248	253	replicate-2
na	249	258	replicate-2
na	250	258	replicate-2
na	251	259	replicate-2
na	252	257	replicate-2
na	253	252	replicate-2
na	254	256	replicate-2
na	255	257	replicate-2
na	256	262	replicate-2
na	257	261	replicate-2
na	258	268	replicate-2
na	259	267	replicate-2
na	260	263	replicate-2
na	261	263	replicate-2
na	262	266	replicate-2
na	263	263	replicate-2
na	264	262	replicate-2
na	265	266	replicate-2
na	266	264	replicate-2
na	267	263	replicate-2
na	268	263	replicate-2
na	269	264	replicate-2
na	270	267	replicate-2
na	271	267	replicate-2
na	272	264	replicate-2
na	273	264	replicate-2
na	274	266	replicate-2
na	275	267	replicate-2
na	276	267	replicate-2
na	277	268	replicate-2
na	278	265	replicate-2
na	279	270	replicate-2
na	280	270	replicate-2
na	281	268	replicate-2
na	282	266	replicate-2
na	283	271	replicate-2
na	284	273	replicate-2
na	285	279	replicate-2
na	286	282	replicate-2
na	287	279	replicate-2
na	288	277	replicate-2
na	289	277	replicate-2
na	290	277	replicate-2
na	291	278	replicate-2
na	292	278	replicate-2
na	293	277	replicate-2
na	294	277	replicate-2
na	295	280	replicate-2
na	296	281	replicate-2
na	297	282	replicate-2
na	298	278	replicate-2
na	299	268	replicate-2
na	300	269	replicate-2
na	301	271	replicate-2
na	302	272	replicate-2
na	303	271	replicate-2
na	304	276	replicate-2
na	305	272	replicate-2
na	306	271	replicate-2
na	307	271	replicate-2
na	308	270	replicate-2
na	309	263	replicate-2
na	310	265	replicate-2
na	311	279	replicate-2
na	312	287	replicate-2
na	313	287	replicate-2
na	314	289	replicate-2
na	315	295	replicate-2
na	316	296	replicate-2
na	317	302	replicate-2
na	318	302	replicate-2
na	319	302	replicate-2
na	320	304	replicate-2
na	321	283	replicate-2
na	322	283	replicate-2
na	323	287	replicate-2
na	324	281	replicate-2
na	325	284	replicate-2
na	326	290	replicate-2
na	327	294	replicate-2
na	328	295	replicate-2
na	329	295	replicate-2
na	330	292	replicate-2
na	331	300	replicate-2
na	332	301	replicate-2
na	333	311	replicate-2
na	334	334	replicate-2
na	335	325	replicate-2
na	336	325	replicate-2
na	337	322	replicate-2
na	338	316	replicate-2
na	339	316	replicate-2
na	340	316	replicate-2
na	341	320	replicate-2
na	342	304	replicate-2
na	343	287	replicate-2
na	344	289	replicate-2
na	345	292	replicate-2
na	346	296	replicate-2
na	347	299	replicate-2
na	348	301	replicate-2
na	349	303	replicate-2
na	350	304	replicate-2
na	351	305	replicate-2
na	352	307	replicate-2
na	353	308	replicate-2
na	354	314	replicate-2
na	355	315	replicate-2
na	356	298	replicate-2
na	357	299	replicate-2
na	358	304	replicate-2
na	359	302	replicate-2
na	360	309	replicate-2
na	361	310	replicate-2
na	362	309	replicate-2
na	363	302	replicate-2
na	364	299	replicate-2
na	365	302	replicate-2
na	366	302	replicate-2
na	367	300	replicate-2
na	368	299	replicate-2
na	369	297	replicate-2
na	370	298	replicate-2
na	371	298	replicate-2
na	372	298	replicate-2
na	373	297	replicate-2
na	374	295	replicate-2
na	375	296	replicate-2
na	376	294	replicate-2
na	377	305	replicate-2
na	378	305	replicate-2
na	379	305	replicate-2
na	380	303	replicate-2
na	381	302	replicate-2
na	382	305	replicate-2
na	383	306	replicate-2
na	384	311	replicate-2
na	385	313	replicate-2
na	386	311	replicate-2
na	387	311	replicate-2
na	388	309	replicate-2
na	389	307	replicate-2
na	390	307	replicate-2
na	391	308	replicate-2
na	392	310	replicate-2
na	393	308	replicate-2
na	394	310	replicate-2
na	395	309	replicate-2
na	396	319	replicate-2
na	397	318	replicate-2
na	398	322	replicate-2
na	399	324	replicate-2
na	400	326	replicate-2
na	401	326	replicate-2
na	402	326	replicate-2
na	403	322	replicate-2
na	404	317	replicate-2
na	405	298	replicate-2
na	406	300	replicate-2
na	407	297	replicate-2
na	408	286	replicate-2
na	409	289	replicate-2
na	410	288	replicate-2
na	411	288	replicate-2
na	412	292	replicate-2
na	413	281	replicate-2
na	414	279	replicate-2
na	415	279	replicate-2
na	416	280	replicate-2
na	417	280	replicate-2
na	418	284	replicate-2
na	419	285	replicate-2
na	420	281	replicate-2
na	421	279	replicate-2
na	422	281	replicate-2
na	423	282	replicate-2
na	424	285	replicate-2
na	425	278	replicate-2
na	426	278	replicate-2
na	427	273	replicate-2
na	428	272	replicate-2
na	429	273	replicate-2
na	430	273	replicate-2
na	431	274	replicate-2
na	432	275	replicate-2
na	433	268	replicate-2
na	434	264	replicate-2
na	435	271	replicate-2
na	436	269	replicate-2
na	437	274	replicate-2
na	438	274	replicate-2
na	439	270	replicate-2
na	440	270	replicate-2
na	441	270	replicate-2
na	442	276	replicate-2
na	443	278	replicate-2
na	444	272	replicate-2
na	445	267	replicate-2
na	446	251	replicate-2
na	447	254	replicate-2
na	448	253	replicate-2
na	449	263	replicate-2
na	450	263	replicate-2
na	451	255	replicate-2
na	452	258	replicate-2
na	453	256	replicate-2
na	454	262	replicate-2
na	455	261	replicate-2
na	456	259	replicate-2
na	457	258	replicate-2
na	458	251	replicate-2
na	459	249	replicate-2
na	460	248	replicate-2
na	461	244	replicate-2
na	462	240	replicate-2
na	463	241	replicate-2
na	464	241	replicate-2
na	465	260	replicate-2
na	466	258	replicate-2
na	467	261	replicate-2
na	468	259	replicate-2
na	469	258	replicate-2
na	470	258	replicate-2
na	471	257	replicate-2
na	472	248	replicate-2
na	473	249	replicate-2
na	474	220	replicate-2
na	475	220	replicate-2
na	476	219	replicate-2
na	477	219	replicate-2
na	478	220	replicate-2
na	479	230	replicate-2
na	480	229	replicate-2
na	481	229	replicate-2
na	482	239	replicate-2
na	483	241	replicate-2
na	484	239	replicate-2
na	485	237	replicate-2
na	486	237	replicate-2
na	487	239	replicate-2
na	488	209	replicate-2
na	489	211	replicate-2
na	490	209	replicate-2
na	491	199	replicate-2
na	492	203	replicate-2
na	493	201	replicate-2
na	494	201	replicate-2
na	495	202	replicate-2
na	496	202	replicate-2
na	497	205	replicate-2
na	498	205	replicate-2
na	499	206	replicate-2
na	500	206	replicate-2
na	501	202	replicate-2
na	502	203	replicate-2
na	503	205	replicate-2
na	504	204	replicate-2
na	505	202	replicate-2
na	506	201	replicate-2
na	507	203	replicate-2
na	508	204	replicate-2
na	509	210	replicate-2
na	510	211	replicate-2
na	511	211	replicate-2
na	512	211	replicate-2
na	513	212	replicate-2
na	514	210	replicate-2
na	515	210	replicate-2
na	516	212	replicate-2
na	517	208	replicate-2
na	518	209	replicate-2
na	519	212	replicate-2
na	520	213	replicate-2
na	521	213	replicate-2
na	522	221	replicate-2
na	523	220	replicate-2
na	524	218	replicate-2
na	525	218	replicate-2
na	526	208	replicate-2
na	527	210	replicate-2
na	528	208	replicate-2
na	529	207	replicate-2
na	530	207	replicate-2
na	531	196	replicate-2
na	532	199	replicate-2
na	533	199	replicate-2
na	534	199	replicate-2
na	535	196	replicate-2
na	536	190	replicate-2
na	537	192	replicate-2
na	538	193	replicate-2
na	539	207	replicate-2
na	540	204	replicate-2
na	541	204	replicate-2
na	542	209	replicate-2
na	543	211	replicate-2
na	544	212	replicate-2
na	545	214	replicate-2
na	546	211	replicate-2
na	547	216	replicate-2
na	548	216	replicate-2
na	549	217	replicate-2
na	550	216	replicate-2
na	551	219	replicate-2
na	552	220	replicate-2
na	553	217	replicate-2
na	554	216	replicate-2
na	555	223	replicate-2
na	556	222	replicate-2
na	557	224	replicate-2
na	558	222	replicate-2
na	559	228	replicate-2
na	560	232	replicate-2
na	561	234	replicate-2
na	562	232	replicate-2
na	563	234	replicate-2
na	564	235	replicate-2
na	565	243	replicate-2
na	566	239	replicate-2
na	567	243	replicate-2
na	568	245	replicate-2
na	569	245	replicate-2
na	570	244	replicate-2
na	571	247	replicate-2
na	572	247	replicate-2
na	573	249	replicate-2
na	574	245	replicate-2
na	575	246	replicate-2
na	576	244	replicate-2
na	577	242	replicate-2
na	578	243	replicate-2
na	579	244	replicate-2
na	580	247	replicate-2
na	581	245	replicate-2
na	582	241	replicate-2
na	583	239	replicate-2
na	584	237	replicate-2
na	585	233	replicate-2
na	586	234	replicate-2
na	587	230	replicate-2
na	588	228	replicate-2
na	589	228	replicate-2
na	590	229	replicate-2
na	591	230	replicate-2
na	592	230	replicate-2
na	593	228	replicate-2
na	594	230	replicate-2
na	595	230	replicate-2
na	596	225	replicate-2
na	597	223	replicate-2
na	598	223	replicate-2
na	599	223	replicate-2
na	600	225	replicate-2
na	601	227	replicate-2
na	602	227	replicate-2
na	603	224	replicate-2
na	604	221	replicate-2
na	605	222	replicate-2
na	606	220	replicate-2
na	607	218	replicate-2
na	608	215	replicate-2
na	609	218	replicate-2
na	610	218	replicate-2
na	611	219	replicate-2
na	612	218	replicate-2
na	613	218	replicate-2
na	614	216	replicate-2
na	615	214	replicate-2
na	616	211	replicate-2
na	617	212	replicate-2
na	618	209	replicate-2
na	619	209	replicate-2
na	620	209	replicate-2
na	621	207	replicate-2
na	622	208	replicate-2
na	623	207	replicate-2
na	624	204	replicate-2
na	625	202	replicate-2
na	626	197	replicate-2
na	627	197	replicate-2
na	628	197	replicate-2
na	629	197	replicate-2
na	630	197	replicate-2
na	631	194	replicate-2
na	632	190	replicate-2
na	633	195	replicate-2
na	634	195	replicate-2
na	635	194	replicate-2
na	636	195	replicate-2
na	637	190	replicate-2
na	638	193	replicate-2
na	639	187	replicate-2
na	640	184	replicate-2
na	641	185	replicate-2
na	642	175	replicate-2
na	643	174	replicate-2
na	644	179	replicate-2
na	645	172	replicate-2
na	646	171	replicate-2
na	647	170	replicate-2
na	648	171	replicate-2
na	649	174	replicate-2
na	650	173	replicate-2
na	651	173	replicate-2
na	652	174	replicate-2
na	653	173	replicate-2
na	654	177	replicate-2
na	655	180	replicate-2
na	656	174	replicate-2
na	657	175	replicate-2
na	658	175	replicate-2
na	659	160	replicate-2
na	660	164	replicate-2
na	661	154	replicate-2
na	662	154	replicate-2
na	663	150	replicate-2
na	664	188	replicate-2
na	665	185	replicate-2
na	666	186	replicate-2
na	667	183	replicate-2
na	668	184	replicate-2
na	669	184	replicate-2
na	670	182	replicate-2
na	671	185	replicate-2
na	672	185	replicate-2
na	673	185	replicate-2
na	674	163	replicate-2
na	675	159	replicate-2
na	676	160	replicate-2
na	677	160	replicate-2
na	678	160	replicate-2
na	679	160	replicate-2
na	680	159	replicate-2
na	681	160	replicate-2
na	682	176	replicate-2
na	683	179	replicate-2
na	684	183	replicate-2
na	685	187	replicate-2
na	686	190	replicate-2
na	687	196	replicate-2
na	688	196	replicate-2
na	689	205	replicate-2
na	690	206	replicate-2
na	691	198	replicate-2
na	692	199	replicate-2
na	693	196	replicate-2
na	694	205	replicate-2
na	695	208	replicate-2
na	696	208	replicate-2
na	697	209	replicate-2
na	698	206	replicate-2
na	699	207	replicate-2
na	700	206	replicate-2
na	701	206	replicate-2
na	702	209	replicate-2
na	703	211	replicate-2
na	704	222	replicate-2
na	705	219	replicate-2
na	706	219	replicate-2
na	707	217	replicate-2
na	708	222	replicate-2
na	709	222	replicate-2
na	710	222	replicate-2
na	711	221	replicate-2
na	712	219	replicate-2
na	713	216	replicate-2
na	714	217	replicate-2
na	715	218	replicate-2
na	716	217	replicate-2
na	717	216	replicate-2
na	718	220	replicate-2
na	719	227	replicate-2
na	720	229	replicate-2
na	721	231	replicate-2
na	722	234	replicate-2
na	723	233	replicate-2
na	724	233	replicate-2
na	725	235	replicate-2
na	726	236	replicate-2
na	727	238	replicate-2
na	728	229	replicate-2
na	729	230	replicate-2
na	730	231	replicate-2
na	731	231	replicate-2
na	732	233	replicate-2
na	733	234	replicate-2
na	734	235	replicate-2
na	735	233	replicate-2
na	736	233	replicate-2
na	737	234	replicate-2
na	738	235	replicate-2
na	739	240	replicate-2
na	740	239	replicate-2
na	741	239	replicate-2
na	742	235	replicate-2
na	743	230	replicate-2
na	744	230	replicate-2
na	745	229	replicate-2
na	746	230	replicate-2
na	747	228	replicate-2
na	748	244	replicate-2
na	749	244	replicate-2
na	750	245	replicate-2
na	751	245	replicate-2
na	752	245	replicate-2
na	753	245	replicate-2
na	754	246	replicate-2
na	755	242	replicate-2
na	756	243	replicate-2
na	757	227	replicate-2
na	758	231	replicate-2
na	759	232	replicate-2
na	760	238	replicate-2
na	761	242	replicate-2
na	762	243	replicate-2
na	763	243	replicate-2
na	764	239	replicate-2
na	765	242	replicate-2
na	766	243	replicate-2
na	767	237	replicate-2
na	768	236	replicate-2
na	769	224	replicate-2
na	770	224	replicate-2
na	771	226	replicate-2
na	772	226	replicate-2
na	773	224	replicate-2
na	774	220	replicate-2
na	775	220	replicate-2
na	776	221	replicate-2
na	777	223	replicate-2
na	778	224	replicate-2
na	779	222	replicate-2
na	780	218	replicate-2
na	781	222	replicate-2
na	782	220	replicate-2
na	783	222	replicate-2
na	784	217	replicate-2
na	785	219	replicate-2
na	786	219	replicate-2
na	787	222	replicate-2
na	788	222	replicate-2
na	789	221	replicate-2
na	790	224	replicate-2
na	791	221	replicate-2
na	792	224	replicate-2
na	793	222	replicate-2
na	794	215	replicate-2
na	795	219	replicate-2
na	796	215	replicate-2
na	797	212	replicate-2
na	798	213	replicate-2
na	799	213	replicate-2
na	800	215	replicate-2
na	801	213	replicate-2
na	802	214	replicate-2
na	803	212	replicate-2
na	804	203	replicate-2
na	805	202	replicate-2
na	806	201	replicate-2
na	807	204	replicate-2
na	808	200	replicate-2
na	809	206	replicate-2
na	810	207	replicate-2
na	811	208	replicate-2
na	812	209	replicate-2
na	813	212	replicate-2
na	814	212	replicate-2
na	815	210	replicate-2
na	816	208	replicate-2
na	817	209	replicate-2
na	818	206	replicate-2
na	819	207	replicate-2
na	820	208	replicate-2
na	821	208	replicate-2
na	822	212	replicate-2
na	823	210	replicate-2
na	824	211	replicate-2
na	825	212	replicate-2
na	826	210	replicate-2
na	827	212	replicate-2
na	828	208	replicate-2
na	829	207	replicate-2
na	830	207	replicate-2
na	831	203	replicate-2
na	832	203	replicate-2
na	833	201	replicate-2
na	834	204	replicate-2
na	835	203	replicate-2
na	836	200	replicate-2
na	837	208	replicate-2
na	838	206	replicate-2
na	839	206	replicate-2
na	840	206	replicate-2
na	841	207	replicate-2
na	842	214	replicate-2
na	843	215	replicate-2
na	844	226	replicate-2
na	845	232	replicate-2
na	846	223	replicate-2
na	847	224	replicate-2
na	848	223	replicate-2
na	849	227	replicate-2
na	850	224	replicate-2
na	851	225	replicate-2
na	852	225	replicate-2
na	853	216	replicate-2
na	854	215	replicate-2
na	855	209	replicate-2
na	856	209	replicate-2
na	857	211	replicate-2
na	858	208	replicate-2
na	859	212	replicate-2
na	860	221	replicate-2
na	861	220	replicate-2
na	862	222	replicate-2
na	863	219	replicate-2
na	864	219	replicate-2
na	865	221	replicate-2
na	866	220	replicate-2
na	867	219	replicate-2
na	868	215	replicate-2
na	869	202	replicate-2
na	870	204	replicate-2
na	871	207	replicate-2
na	872	203	replicate-2
na	873	203	replicate-2
na	874	202	replicate-2
na	875	203	replicate-2
na	876	201	replicate-2
na	877	201	replicate-2
na	878	199	replicate-2
na	879	203	replicate-2
na	880	199	replicate-2
na	881	205	replicate-2
na	882	210	replicate-2
na	883	212	replicate-2
na	884	210	replicate-2
na	885	209	replicate-2
na	886	209	replicate-2
na	887	213	replicate-2
na	888	209	replicate-2
na	889	214	replicate-2
na	890	207	replicate-2
na	891	208	replicate-2
na	892	206	replicate-2
na	893	211	replicate-2
na	894	211	replicate-2
na	895	211	replicate-2
na	896	210	replicate-2
na	897	207	replicate-2
na	898	212	replicate-2
na	899	208	replicate-2
na	900	212	replicate-2
na	901	209	replicate-2
na	902	206	replicate-2
na	903	206	replicate-2
na	904	205	replicate-2
na	905	207	replicate-2
na	906	205	replicate-2
na	907	201	replicate-2
na	908	199	replicate-2
na	909	195	replicate-2
na	910	194	replicate-2
na	911	195	replicate-2
na	912	201	replicate-2
na	913	203	replicate-2
na	914	203	replicate-2
na	915	205	replicate-2
na	916	211	replicate-2
na	917	212	replicate-2
na	918	212	replicate-2
na	919	212	replicate-2
na	920	213	replicate-2
na	921	204	replicate-2
na	922	208	replicate-2
na	923	199	replicate-2
na	924	199	replicate-2
na	925	198	replicate-2
na	926	198	replicate-2
na	927	197	replicate-2
na	928	197	replicate-2
na	929	199	replicate-2
na	930	199	replicate-2
na	931	194	replicate-2
na	932	193	replicate-2
na	933	192	replicate-2
na	934	195	replicate-2
na	935	196	replicate-2
na	936	197	replicate-2
na	937	196	replicate-2
na	938	196	replicate-2
na	939	193	replicate-2
na	940	191	replicate-2
na	941	191	replicate-2
na	942	190	replicate-2
na	943	184	replicate-2
na	944	183	replicate-2
na	945	183	replicate-2
na	946	185	replicate-2
na	947	185	replicate-2
na	948	184	replicate-2
na	949	178	replicate-2
na	950	179	replicate-2
na	951	178	replicate-2
na	952	176	replicate-2
na	953	185	replicate-2
na	954	184	replicate-2
na	955	198	replicate-2
na	956	200	replicate-2
na	957	202	replicate-2
na	958	201	replicate-2
na	959	200	replicate-2
na	960	201	replicate-2
na	961	203	replicate-2
na	962	197	replicate-2
na	963	205	replicate-2
na	964	201	replicate-2
na	965	206	replicate-2
na	966	201	replicate-2
na	967	202	replicate-2
na	968	205	replicate-2
na	969	200	replicate-2
na	970	199	replicate-2
na	971	195	replicate-2
na	972	186	replicate-2
na	973	183	replicate-2
na	974	178	replicate-2
na	975	165	replicate-2
na	976	165	replicate-2
na	977	166	replicate-2
na	978	166	replicate-2
na	979	170	replicate-2
na	980	170	replicate-2
na	981	169	replicate-2
na	982	169	replicate-2
na	983	171	replicate-2
na	984	172	replicate-2
na	985	168	replicate-2
na	986	168	replicate-2
na	987	167	replicate-2
na	988	170	replicate-2
na	989	168	replicate-2
na	990	168	replicate-2
na	991	163	replicate-2
na	992	162	replicate-2
na	993	163	replicate-2
na	994	160	replicate-2
na	995	159	replicate-2
na	996	160	replicate-2
na	997	160	replicate-2
na	998	159	replicate-2
na	999	157	replicate-2
na	1000	157	replicate-2
na	1001	159	replicate-2
na	1002	159	replicate-2
na	1003	160	replicate-2
na	1004	161	replicate-2
na	1005	160	replicate-2
na	1006	161	replicate-2
na	1007	164	replicate-2
na	1008	166	replicate-2
na	1009	166	replicate-2
na	1010	163	replicate-2
na	1011	164	replicate-2
na	1012	161	replicate-2
na	1013	159	replicate-2
na	1014	158	replicate-2
na	1015	152	replicate-2
na	1016	148	replicate-2
na	1017	150	replicate-2
na	1018	150	replicate-2
na	1019	150	replicate-2
na	1020	151	replicate-2
na	1021	153	replicate-2
na	1022	153	replicate-2
na	1023	154	replicate-2
na	1024	154	replicate-2
na	1025	151	replicate-2
na	1026	151	replicate-2
na	1027	154	replicate-2
na	1028	153	replicate-2
na	1029	153	replicate-2
na	1030	153	replicate-2
na	1031	150	replicate-2
na	1032	149	replicate-2
na	1033	147	replicate-2
na	1034	155	replicate-2
na	1035	155	replicate-2
na	1036	163	replicate-2
na	1037	167	replicate-2
na	1038	165	replicate-2
na	1039	186	replicate-2
na	1040	183	replicate-2
na	1041	185	replicate-2
na	1042	185	replicate-2
na	1043	181	replicate-2
na	1044	181	replicate-2
na	1045	180	replicate-2
na	1046	179	replicate-2
na	1047	179	replicate-2
na	1048	168	replicate-2
na	1049	172	replicate-2
na	1050	175	replicate-2
na	1051	178	replicate-2
na	1052	179	replicate-2
na	1053	177	replicate-2
na	1054	180	replicate-2
na	1055	162	replicate-2
na	1056	163	replicate-2
na	1057	164	replicate-2
na	1058	167	replicate-2
na	1059	167	replicate-2
na	1060	166	replicate-2
na	1061	166	replicate-2
na	1062	168	replicate-2
na	1063	168	replicate-2
na	1064	166	replicate-2
na	1065	167	replicate-2
na	1066	167	replicate-2
na	1067	167	replicate-2
na	1068	168	replicate-2
na	1069	169	replicate-2
na	1070	168	replicate-2
na	1071	169	replicate-2
na	1072	170	replicate-2
na	1073	171	replicate-2
na	1074	176	replicate-2
na	1075	178	replicate-2
na	1076	178	replicate-2
na	1077	178	replicate-2
na	1078	177	replicate-2
na	1079	180	replicate-2
na	1080	184	replicate-2
na	1081	189	replicate-2
na	1082	189	replicate-2
na	1083	185	replicate-2
na	1084	184	replicate-2
na	1085	184	replicate-2
na	1086	184	replicate-2
na	1087	195	replicate-2
na	1088	190	replicate-2
na	1089	195	replicate-2
na	1090	189	replicate-2
na	1091	190	replicate-2
na	1092	190	replicate-2
na	1093	194	replicate-2
na	1094	195	replicate-2
na	1095	195	replicate-2
na	1096	192	replicate-2
na	1097	184	replicate-2
na	1098	193	replicate-2
na	1099	193	replicate-2
na	1100	192	replicate-2
na	1101	191	replicate-2
na	1102	194	replicate-2
na	1103	188	replicate-2
na	1104	187	replicate-2
na	1105	189	replicate-2
na	1106	190	replicate-2
na	1107	191	replicate-2
na	1108	188	replicate-2
na	1109	188	replicate-2
na	1110	187	replicate-2
na	1111	191	replicate-2
na	1112	183	replicate-2
na	1113	182	replicate-2
na	1114	180	replicate-2
na	1115	181	replicate-2
na	1116	194	replicate-2
na	1117	198	replicate-2
na	1118	207	replicate-2
na	1119	210	replicate-2
na	1120	211	replicate-2
na	1121	207	replicate-2
na	1122	208	replicate-2
na	1123	209	replicate-2
na	1124	210	replicate-2
na	1125	208	replicate-2
na	1126	208	replicate-2
na	1127	202	replicate-2
na	1128	204	replicate-2
na	1129	205	replicate-2
na	1130	207	replicate-2
na	1131	206	replicate-2
na	1132	205	replicate-2
na	1133	209	replicate-2
na	1134	210	replicate-2
na	1135	210	replicate-2
na	1136	211	replicate-2
na	1137	209	replicate-2
na	1138	202	replicate-2
na	1139	206	replicate-2
na	1140	207	replicate-2
na	1141	207	replicate-2
na	1142	209	replicate-2
na	1143	208	replicate-2
na	1144	207	replicate-2
na	1145	208	replicate-2
na	1146	210	replicate-2
na	1147	213	replicate-2
na	1148	211	replicate-2
na	1149	220	replicate-2
na	1150	221	replicate-2
na	1151	219	replicate-2
na	1152	219	replicate-2
na	1153	219	replicate-2
na	1154	215	replicate-2
na	1155	217	replicate-2
na	1156	216	replicate-2
na	1157	215	replicate-2
na	1158	206	replicate-2
na	1159	203	replicate-2
na	1160	204	replicate-2
na	1161	204	replicate-2
na	1162	204	replicate-2
na	1163	203	replicate-2
na	1164	204	replicate-2
na	1165	204	replicate-2
na	1166	203	replicate-2
na	1167	201	replicate-2
na	1168	201	replicate-2
na	1169	193	replicate-2
na	1170	192	replicate-2
na	1171	190	replicate-2
na	1172	190	replicate-2
na	1173	182	replicate-2
na	1174	182	replicate-2
na	1175	184	replicate-2
na	1176	183	replicate-2
na	1177	187	replicate-2
na	1178	185	replicate-2
na	1179	185	replicate-2
na	1180	185	replicate-2
na	1181	185	replicate-2
na	1182	183	replicate-2
na	1183	181	replicate-2
na	1184	177	replicate-2
na	1185	178	replicate-2
na	1186	177	replicate-2
na	1187	172	replicate-2
na	1188	173	replicate-2
na	1189	173	replicate-2
na	1190	172	replicate-2
na	1191	173	replicate-2
na	1192	165	replicate-2
na	1193	170	replicate-2
na	1194	171	replicate-2
na	1195	180	replicate-2
na	1196	179	replicate-2
na	1197	174	replicate-2
na	1198	175	replicate-2
na	1199	169	replicate-2
na	1200	168	replicate-2
na	1201	169	replicate-2
na	1202	168	replicate-2
na	1203	167	replicate-2
na	1204	160	replicate-2
na	1205	159	replicate-2
na	1206	172	replicate-2
na	1207	170	replicate-2
na	1208	169	replicate-2
na	1209	170	replicate-2
na	1210	170	replicate-2
na	1211	172	replicate-2
na	1212	172	replicate-2
na	1213	172	replicate-2
na	1214	172	replicate-2
na	1215	148	replicate-2
na	1216	155	replicate-2
na	1217	157	replicate-2
na	1218	157	replicate-2
na	1219	157	replicate-2
na	1220	154	replicate-2
na	1221	163	replicate-2
na	1222	164	replicate-2
na	1223	164	replicate-2
na	1224	164	replicate-2
na	1225	142	replicate-2
na	1226	140	replicate-2
na	1227	137	replicate-2
na	1228	137	replicate-2
na	1229	136	replicate-2
na	1230	127	replicate-2
na	1231	127	replicate-2
na	1232	126	replicate-2
na	1233	126	replicate-2
na	1234	130	replicate-2
na	1235	128	replicate-2
na	1236	126	replicate-2
na	1237	126	replicate-2
na	1238	126	replicate-2
na	1239	127	replicate-2
na	1240	127	replicate-2
na	1241	126	replicate-2
na	1242	126	replicate-2
na	1243	126	replicate-2
na	1244	126	replicate-2
na	1245	129	replicate-2
na	1246	135	replicate-2
na	1247	135	replicate-2
na	1248	136	replicate-2
na	1249	136	replicate-2
na	1250	135	replicate-2
na	1251	136	replicate-2
na	1252	135	replicate-2
na	1253	133	replicate-2
na	1254	134	replicate-2
na	1255	127	replicate-2
na	1256	129	replicate-2
na	1257	127	replicate-2
na	1258	128	replicate-2
na	1259	127	replicate-2
na	1260	128	replicate-2
na	1261	129	replicate-2
na	1262	128	replicate-2
na	1263	129	replicate-2
na	1264	130	replicate-2
na	1265	133	replicate-2
na	1266	134	replicate-2
na	1267	135	replicate-2
na	1268	135	replicate-2
na	1269	129	replicate-2
na	1270	136	replicate-2
na	1271	135	replicate-2
na	1272	136	replicate-2
na	1273	136	replicate-2
na	1274	132	replicate-2
na	1275	130	replicate-2
na	1276	131	replicate-2
na	1277	135	replicate-2
na	1278	136	replicate-2
na	1279	133	replicate-2
na	1280	134	replicate-2
na	1281	134	replicate-2
na	1282	134	replicate-2
na	1283	140	replicate-2
na	1284	139	replicate-2
na	1285	140	replicate-2
na	1286	139	replicate-2
na	1287	139	replicate-2
na	1288	142	replicate-2
na	1289	143	replicate-2
na	1290	144	replicate-2
na	1291	143	replicate-2
na	1292	142	replicate-2
na	1293	144	replicate-2
na	1294	144	replicate-2
na	1295	144	replicate-2
na	1296	145	replicate-2
na	1297	143	replicate-2
na	1298	147	replicate-2
na	1299	146	replicate-2
na	1300	147	replicate-2
na	1301	148	replicate-2
na	1302	146	replicate-2
na	1303	147	replicate-2
na	1304	144	replicate-2
na	1305	143	replicate-2
na	1306	143	replicate-2
na	1307	139	replicate-2
na	1308	140	replicate-2
na	1309	142	replicate-2
na	1310	146	replicate-2
na	1311	149	replicate-2
na	1312	146	replicate-2
na	1313	145	replicate-2
na	1314	143	replicate-2
na	1315	143	replicate-2
na	1316	143	replicate-2
na	1317	144	replicate-2
na	1318	140	replicate-2
na	1319	141	replicate-2
na	1320	138	replicate-2
na	1321	134	replicate-2
na	1322	133	replicate-2
na	1323	132	replicate-2
na	1324	134	replicate-2
na	1325	134	replicate-2
na	1326	138	replicate-2
na	1327	138	replicate-2
na	1328	136	replicate-2
na	1329	136	replicate-2
na	1330	138	replicate-2
na	1331	136	replicate-2
na	1332	134	replicate-2
na	1333	133	replicate-2
na	1334	132	replicate-2
na	1335	133	replicate-2
na	1336	135	replicate-2
na	1337	135	replicate-2
na	1338	136	replicate-2
na	1339	136	replicate-2
na	1340	136	replicate-2
na	1341	135	replicate-2
na	1342	135	replicate-2
na	1343	134	replicate-2
na	1344	130	replicate-2
na	1345	130	replicate-2
na	1346	130	replicate-2
na	1347	128	replicate-2
na	1348	127	replicate-2
na	1349	126	replicate-2
na	1350	126	replicate-2
na	1351	126	replicate-2
na	1352	126	replicate-2
na	1353	127	replicate-2
na	1354	128	replicate-2
na	1355	128	replicate-2
na	1356	127	replicate-2
na	1357	127	replicate-2
na	1358	126	replicate-2
na	1359	123	replicate-2
na	1360	123	replicate-2
na	1361	119	replicate-2
na	1362	119	replicate-2
na	1363	118	replicate-2
na	1364	118	replicate-2
na	1365	115	replicate-2
na	1366	114	replicate-2
na	1367	115	replicate-2
na	1368	115	replicate-2
na	1369	115	replicate-2
na	1370	110	replicate-2
na	1371	106	replicate-2
na	1372	97	replicate-2
na	1373	90	replicate-2
na	1374	89	replicate-2
na	1375	90	replicate-2
na	1376	86	replicate-2
na	1377	86	replicate-2
na	1378	84	replicate-2
na	1379	85	replicate-2
na	1380	85	replicate-2
na	1381	85	replicate-2
na	1382	82	replicate-2
na	1383	81	replicate-2
na	1384	80	replicate-2
na	1385	81	replicate-2
na	1386	81	replicate-2
na	1387	79	replicate-2
na	1388	78	replicate-2
na	1389	78	replicate-2
na	1390	78	replicate-2
na	1391	78	replicate-2
na	1392	78	replicate-2
na	1393	76	replicate-2
na	1394	68	replicate-2
na	1395	68	replicate-2
na	1396	68	replicate-2
na	1397	68	replicate-2
na	1398	67	replicate-2
na	1399	66	replicate-2
na	1400	64	replicate-2
na	1401	64	replicate-2
na	1402	64	replicate-2
na	1403	63	replicate-2
na	1404	63	replicate-2
na	1405	61	replicate-2
na	1406	61	replicate-2
na	1407	61	replicate-2
na	1408	49	replicate-2
na	1409	49	replicate-2
na	1410	48	replicate-2
na	1411	47	replicate-2
na	1412	47	replicate-2
na	1413	47	replicate-2
na	1414	46	replicate-2
na	1415	46	replicate-2
na	1416	44	replicate-2
na	1417	44	replicate-2
na	1418	40	replicate-2
na	1419	40	replicate-2
na	1420	40	replicate-2
na	1421	36	replicate-2
na	1422	36	replicate-2
na	1423	36	replicate-2
na	1424	36	replicate-2
na	1425	36	replicate-2
na	1426	24	replicate-2
na	1427	24	replicate-2
na	1428	24	replicate-2
na	1429	24	replicate-2
na	1430	24	replicate-2
na	1431	23	replicate-2
na	1432	23	replicate-2
na	1433	14	replicate-2
na	1434	14	replicate-2
na	1435	14	replicate-2
na	1436	14	replicate-2
na	1437	14	replicate-2
na	1438	14	replicate-2
na	1439	14	replicate-2
na	1440	14	replicate-2
na	1441	14	replicate-2
na	1442	13	replicate-2
na	1443	9	replicate-2
na	1444	9	replicate-2
na	1445	9	replicate-2
na	1446	9	replicate-2
na	1447	9	replicate-2
na	1448	9	replicate-2
na	1449	9	replicate-2
na	1450	9	replicate-2
na	1451	9	replicate-2
na	1452	8	replicate-2
na	1453	8	replicate-2
na	1454	8	replicate-2
na	1455	8	replicate-2
na	1456	8	replicate-2
na	1457	5	replicate-2
pb2	1	20	replicate-2
pb2	2	21	replicate-2
pb2	3	21	replicate-2
pb2	4	21	replicate-2
pb2	5	21	replicate-2
pb2	6	23	replicate-2
pb2	7	23	replicate-2
pb2	8	23	replicate-2
pb2	9	23	replicate-2
pb2	10	23	replicate-2
pb2	11	28	replicate-2
pb2	12	28	replicate-2
pb2	13	28	replicate-2
pb2	14	30	replicate-2
pb2	15	30	replicate-2
pb2	16	32	replicate-2
pb2	17	32	replicate-2
pb2	18	32	replicate-2
pb2	19	32	replicate-2
pb2	20	32	replicate-2
pb2	21	38	replicate-2
pb2	22	38	replicate-2
pb2	23	39	replicate-2
pb2	24	47	replicate-2
pb2	25	47	replicate-2
pb2	26	52	replicate-2
pb2	27	52	replicate-2
pb2	28	52	replicate-2
pb2	29	52	replicate-2
pb2	30	53	replicate-2
pb2	31	53	replicate-2
pb2	32	53	replicate-2
pb2	33	53	replicate-2
pb2	34	53	replicate-2
pb2	35	69	replicate-2
pb2	36	69	replicate-2
pb2	37	69	replicate-2
pb2	38	73	replicate-2
pb2	39	73	replicate-2
pb2	40	74	replicate-2
pb2	41	74	replicate-2
pb2	42	74	replicate-2
pb2	43	77	replicate-2
pb2	44	77	replicate-2
pb2	45	77	replicate-2
pb2	46	77	replicate-2
pb2	47	77	replicate-2
pb2	48	77	replicate-2
pb2	49	77	replicate-2
pb2	50	77	replicate-2
pb2	51	77	replicate-2
pb2	52	78	replicate-2
pb2	53	83	replicate-2
pb2	54	84	replicate-2
pb2	55	84	replicate-2
pb2	56	86	replicate-2
pb2	57	85	replicate-2
pb2	58	86	replicate-2
pb2	59	86	replicate-2
pb2	60	86	replicate-2
pb2	61	84	replicate-2
pb2	62	84	replicate-2
pb2	63	84	replicate-2
pb2	64	84	replicate-2
pb2	65	84	replicate-2
pb2	66	93	replicate-2
pb2	67	92	replicate-2
pb2	68	92	replicate-2
pb2	69	92	replicate-2
pb2	70	92	replicate-2
pb2	71	93	replicate-2
pb2	72	93	replicate-2
pb2	73	93	replicate-2
pb2	74	94	replicate-2
pb2	75	94	replicate-2
pb2	76	95	replicate-2
pb2	77	95	replicate-2
pb2	78	95	replicate-2
pb2	79	95	replicate-2
pb2	80	95	replicate-2
pb2	81	96	replicate-2
pb2	82	100	replicate-2
pb2	83	99	replicate-2
pb2	84	98	replicate-2
pb2	85	100	replicate-2
pb2	86	101	replicate-2
pb2	87	103	replicate-2
pb2	88	102	replicate-2
pb2	89	102	replicate-2
pb2	90	103	replicate-2
pb2	91	100	replicate-2
pb2	92	100	replicate-2
pb2	93	100	replicate-2
pb2	94	100	replicate-2
pb2	95	103	replicate-2
pb2	96	101	replicate-2
pb2	97	98	replicate-2
pb2	98	105	replicate-2
pb2	99	105	replicate-2
pb2	100	107	replicate-2
pb2	101	107	replicate-2
pb2	102	109	replicate-2
pb2	103	110	replicate-2
pb2	104	108	replicate-2
pb2	105	109	replicate-2
pb2	106	107	replicate-2
pb2	107	106	replicate-2
pb2	108	107	replicate-2
pb2	109	102	replicate-2
pb2	110	102	replicate-2
pb2	111	103	replicate-2
pb2	112	107	replicate-2
pb2	113	107	replicate-2
pb2	114	106	replicate-2
pb2	115	103	replicate-2
pb2	116	105	replicate-2
pb2	117	111	replicate-2
pb2	118	116	replicate-2
pb2	119	118	replicate-2
pb2	120	121	replicate-2
pb2	121	122	replicate-2
pb2	122	121	replicate-2
pb2	123	124	replicate-2
pb2	124	128	replicate-2
pb2	125	127	replicate-2
pb2	126	131	replicate-2
pb2	127	133	replicate-2
pb2	128	133	replicate-2
pb2	129	132	replicate-2
pb2	130	129	replicate-2
pb2	131	137	replicate-2
pb2	132	134	replicate-2
pb2	133	135	replicate-2
pb2	134	136	replicate-2
pb2	135	134	replicate-2
pb2	136	133	replicate-2
pb2	137	133	replicate-2
pb2	138	136	replicate-2
pb2	139	135	replicate-2
pb2	140	136	replicate-2
pb2	141	137	replicate-2
pb2	142	139	replicate-2
pb2	143	140	replicate-2
pb2	144	140	replicate-2
pb2	145	146	replicate-2
pb2	146	146	replicate-2
pb2	147	146	replicate-2
pb2	148	147	replicate-2
pb2	149	147	replicate-2
pb2	150	145	replicate-2
pb2	151	144	replicate-2
pb2	152	146	replicate-2
pb2	153	150	replicate-2
pb2	154	144	replicate-2
pb2	155	142	replicate-2
pb2	156	142	replicate-2
pb2	157	145	replicate-2
pb2	158	145	replicate-2
pb2	159	145	replicate-2
pb2	160	147	replicate-2
pb2	161	147	replicate-2
pb2	162	147	replicate-2
pb2	163	147	replicate-2
pb2	164	151	replicate-2
pb2	165	151	replicate-2
pb2	166	151	replicate-2
pb2	167	153	replicate-2
pb2	168	153	replicate-2
pb2	169	157	replicate-2
pb2	170	159	replicate-2
pb2	171	158	replicate-2
pb2	172	157	replicate-2
pb2	173	157	replicate-2
pb2	174	156	replicate-2
pb2	175	152	replicate-2
pb2	176	151	replicate-2
pb2	177	151	replicate-2
pb2	178	146	replicate-2
pb2	179	149	replicate-2
pb2	180	151	replicate-2
pb2	181	153	replicate-2
pb2	182	155	replicate-2
pb2	183	155	replicate-2
pb2	184	155	replicate-2
pb2	185	154	replicate-2
pb2	186	156	replicate-2
pb2	187	157	replicate-2
pb2	188	156	replicate-2
pb2	189	155	replicate-2
pb2	190	156	replicate-2
pb2	191	156	replicate-2
pb2	192	154	replicate-2
pb2	193	148	replicate-2
pb2	194	151	replicate-2
pb2	195	150	replicate-2
pb2	196	151	replicate-2
pb2	197	152	replicate-2
pb2	198	152	replicate-2
pb2	199	151	replicate-2
pb2	200	154	replicate-2
pb2	201	153	replicate-2
pb2	202	154	replicate-2
pb2	203	155	replicate-2
pb2	204	156	replicate-2
pb2	205	156	replicate-2
pb2	206	154	replicate-2
pb2	207	155	replicate-2
pb2	208	153	replicate-2
pb2	209	151	replicate-2
pb2	210	155	replicate-2
pb2	211	155	replicate-2
pb2	212	155	replicate-2
pb2	213	157	replicate-2
pb2	214	157	replicate-2
pb2	215	159	replicate-2
pb2	216	156	replicate-2
pb2	217	162	replicate-2
pb2	218	158	replicate-2
pb2	219	157	replicate-2
pb2	220	158	replicate-2
pb2	221	160	replicate-2
pb2	222	162	replicate-2
pb2	223	161	replicate-2
pb2	224	159	replicate-2
pb2	225	160	replicate-2
pb2	226	159	replicate-2
pb2	227	159	replicate-2
pb2	228	161	replicate-2
pb2	229	163	replicate-2
pb2	230	159	replicate-2
pb2	231	157	replicate-2
pb2	232	157	replicate-2
pb2	233	153	replicate-2
pb2	234	152	replicate-2
pb2	235	153	replicate-2
pb2	236	155	replicate-2
pb2	237	155	replicate-2
pb2	238	153	replicate-2
pb2	239	153	replicate-2
pb2	240	152	replicate-2
pb2	241	153	replicate-2
pb2	242	153	replicate-2
pb2	243	153	replicate-2
pb2	244	152	replicate-2
pb2	245	147	replicate-2
pb2	246	146	replicate-2
pb2	247	147	replicate-2
pb2	248	147	replicate-2
pb2	249	148	replicate-2
pb2	250	145	replicate-2
pb2	251	145	replicate-2
pb2	252	142	replicate-2
pb2	253	142	replicate-2
pb2	254	145	replicate-2
pb2	255	143	replicate-2
pb2	256	145	replicate-2
pb2	257	144	replicate-2
pb2	258	144	replicate-2
pb2	259	144	replicate-2
pb2	260	145	replicate-2
pb2	261	144	replicate-2
pb2	262	140	replicate-2
pb2	263	140	replicate-2
pb2	264	139	replicate-2
pb2	265	139	replicate-2
pb2	266	143	replicate-2
pb2	267	143	replicate-2
pb2	268	143	replicate-2
pb2	269	142	replicate-2
pb2	270	138	replicate-2
pb2	271	139	replicate-2
pb2	272	140	replicate-2
pb2	273	140	replicate-2
pb2	274	139	replicate-2
pb2	275	134	replicate-2
pb2	276	129	replicate-2
pb2	277	130	replicate-2
pb2	278	131	replicate-2
pb2	279	128	replicate-2
pb2	280	134	replicate-2
pb2	281	134	replicate-2
pb2	282	139	replicate-2
pb2	283	139	replicate-2
pb2	284	142	replicate-2
pb2	285	141	replicate-2
pb2	286	141	replicate-2
pb2	287	143	replicate-2
pb2	288	143	replicate-2
pb2	289	128	replicate-2
pb2	290	131	replicate-2
pb2	291	130	replicate-2
pb2	292	133	replicate-2
pb2	293	130	replicate-2
pb2	294	126	replicate-2
pb2	295	124	replicate-2
pb2	296	124	replicate-2
pb2	297	122	replicate-2
pb2	298	126	replicate-2
pb2	299	122	replicate-2
pb2	300	121	replicate-2
pb2	301	119	replicate-2
pb2	302	120	replicate-2
pb2	303	120	replicate-2
pb2	304	123	replicate-2
pb2	305	122	replicate-2
pb2	306	122	replicate-2
pb2	307	122	replicate-2
pb2	308	122	replicate-2
pb2	309	124	replicate-2
pb2	310	124	replicate-2
pb2	311	123	replicate-2
pb2	312	123	replicate-2
pb2	313	122	replicate-2
pb2	314	120	replicate-2
pb2	315	120	replicate-2
pb2	316	119	replicate-2
pb2	317	118	replicate-2
pb2	318	116	replicate-2
pb2	319	116	replicate-2
pb2	320	117	replicate-2
pb2	321	119	replicate-2
pb2	322	118	replicate-2
pb2	323	120	replicate-2
pb2	324	119	replicate-2
pb2	325	118	replicate-2
pb2	326	116	replicate-2
pb2	327	118	replicate-2
pb2	328	115	replicate-2
pb2	329	116	replicate-2
pb2	330	113	replicate-2
pb2	331	112	replicate-2
pb2	332	112	replicate-2
pb2	333	110	replicate-2
pb2	334	111	replicate-2
pb2	335	111	replicate-2
pb2	336	112	replicate-2
pb2	337	112	replicate-2
pb2	338	105	replicate-2
pb2	339	104	replicate-2
pb2	340	103	replicate-2
pb2	341	108	replicate-2
pb2	342	109	replicate-2
pb2	343	107	replicate-2
pb2	344	109	replicate-2
pb2	345	109	replicate-2
pb2	346	109	replicate-2
pb2	347	112	replicate-2
pb2	348	112	replicate-2
pb2	349	113	replicate-2
pb2	350	113	replicate-2
pb2	351	101	replicate-2
pb2	352	107	replicate-2
pb2	353	106	replicate-2
pb2	354	110	replicate-2
pb2	355	111	replicate-2
pb2	356	108	replicate-2
pb2	357	109	replicate-2
pb2	358	109	replicate-2
pb2	359	119	replicate-2
pb2	360	120	replicate-2
pb2	361	110	replicate-2
pb2	362	110	replicate-2
pb2	363	106	replicate-2
pb2	364	108	replicate-2
pb2	365	109	replicate-2
pb2	366	112	replicate-2
pb2	367	111	replicate-2
pb2	368	93	replicate-2
pb2	369	95	replicate-2
pb2	370	95	replicate-2
pb2	371	94	replicate-2
pb2	372	95	replicate-2
pb2	373	95	replicate-2
pb2	374	95	replicate-2
pb2	375	90	replicate-2
pb2	376	90	replicate-2
pb2	377	90	replicate-2
pb2	378	89	replicate-2
pb2	379	89	replicate-2
pb2	380	89	replicate-2
pb2	381	88	replicate-2
pb2	382	88	replicate-2
pb2	383	87	replicate-2
pb2	384	87	replicate-2
pb2	385	87	replicate-2
pb2	386	84	replicate-2
pb2	387	84	replicate-2
pb2	388	83	replicate-2
pb2	389	83	replicate-2
pb2	390	83	replicate-2
pb2	391	83	replicate-2
pb2	392	83	replicate-2
pb2	393	83	replicate-2
pb2	394	83	replicate-2
pb2	395	83	replicate-2
pb2	396	83	replicate-2
pb2	397	83	replicate-2
pb2	398	84	replicate-2
pb2	399	85	replicate-2
pb2	400	84	replicate-2
pb2	401	85	replicate-2
pb2	402	86	replicate-2
pb2	403	86	replicate-2
pb2	404	87	replicate-2
pb2	405	88	replicate-2
pb2	406	88	replicate-2
pb2	407	87	replicate-2
pb2	408	87	replicate-2
pb2	409	87	replicate-2
pb2	410	88	replicate-2
pb2	411	87	replicate-2
pb2	412	88	replicate-2
pb2	413	91	replicate-2
pb2	414	91	replicate-2
pb2	415	90	replicate-2
pb2	416	90	replicate-2
pb2	417	90	replicate-2
pb2	418	90	replicate-2
pb2	419	90	replicate-2
pb2	420	90	replicate-2
pb2	421	87	replicate-2
pb2	422	85	replicate-2
pb2	423	82	replicate-2
pb2	424	84	replicate-2
pb2	425	84	replicate-2
pb2	426	84	replicate-2
pb2	427	84	replicate-2
pb2	428	79	replicate-2
pb2	429	81	replicate-2
pb2	430	80	replicate-2
pb2	431	80	replicate-2
pb2	432	82	replicate-2
pb2	433	81	replicate-2
pb2	434	81	replicate-2
pb2	435	82	replicate-2
pb2	436	82	replicate-2
pb2	437	82	replicate-2
pb2	438	82	replicate-2
pb2	439	81	replicate-2
pb2	440	79	replicate-2
pb2	441	77	replicate-2
pb2	442	79	replicate-2
pb2	443	80	replicate-2
pb2	444	80	replicate-2
pb2	445	79	replicate-2
pb2	446	83	replicate-2
pb2	447	86	replicate-2
pb2	448	90	replicate-2
pb2	449	88	replicate-2
pb2	450	93	replicate-2
pb2	451	93	replicate-2
pb2	452	96	replicate-2
pb2	453	100	replicate-2
pb2	454	103	replicate-2
pb2	455	99	replicate-2
pb2	456	99	replicate-2
pb2	457	99	replicate-2
pb2	458	103	replicate-2
pb2	459	103	replicate-2
pb2	460	103	replicate-2
pb2	461	102	replicate-2
pb2	462	102	replicate-2
pb2	463	101	replicate-2
pb2	464	111	replicate-2
pb2	465	113	replicate-2
pb2	466	111	replicate-2
pb2	467	111	replicate-2
pb2	468	110	replicate-2
pb2	469	112	replicate-2
pb2	470	112	replicate-2
pb2	471	112	replicate-2
pb2	472	112	replicate-2
pb2	473	106	replicate-2
pb2	474	107	replicate-2
pb2	475	107	replicate-2
pb2	476	108	replicate-2
pb2	477	107	replicate-2
pb2	478	105	replicate-2
pb2	479	113	replicate-2
pb2	480	112	replicate-2
pb2	481	113	replicate-2
pb2	482	113	replicate-2
pb2	483	112	replicate-2
pb2	484	112	replicate-2
pb2	485	110	replicate-2
pb2	486	112	replicate-2
pb2	487	112	replicate-2
pb2	488	111	replicate-2
pb2	489	113	replicate-2
pb2	490	114	replicate-2
pb2	491	116	replicate-2
pb2	492	115	replicate-2
pb2	493	114	replicate-2
pb2	494	114	replicate-2
pb2	495	112	replicate-2
pb2	496	111	replicate-2
pb2	497	111	replicate-2
pb2	498	111	replicate-2
pb2	499	112	replicate-2
pb2	500	107	replicate-2
pb2	501	107	replicate-2
pb2	502	105	replicate-2
pb2	503	103	replicate-2
pb2	504	101	replicate-2
pb2	505	101	replicate-2
pb2	506	101	replicate-2
pb2	507	101	replicate-2
pb2	508	97	replicate-2
pb2	509	98	replicate-2
pb2	510	97	replicate-2
pb2	511	94	replicate-2
pb2	512	92	replicate-2
pb2	513	86	replicate-2
pb2	514	87	replicate-2
pb2	515	88	replicate-2
pb2	516	89	replicate-2
pb2	517	85	replicate-2
pb2	518	83	replicate-2
pb2	519	83	replicate-2
pb2	520	83	replicate-2
pb2	521	82	replicate-2
pb2	522	67	replicate-2
pb2	523	67	replicate-2
pb2	524	67	replicate-2
pb2	525	65	replicate-2
pb2	526	66	replicate-2
pb2	527	66	replicate-2
pb2	528	66	replicate-2
pb2	529	66	replicate-2
pb2	530	66	replicate-2
pb2	531	66	replicate-2
pb2	532	69	replicate-2
pb2	533	69	replicate-2
pb2	534	69	replicate-2
pb2	535	69	replicate-2
pb2	536	69	replicate-2
pb2	537	69	replicate-2
pb2	538	69	replicate-2
pb2	539	72	replicate-2
pb2	540	70	replicate-2
pb2	541	70	replicate-2
pb2	542	69	replicate-2
pb2	543	68	replicate-2
pb2	544	69	replicate-2
pb2	545	69	replicate-2
pb2	546	69	replicate-2
pb2	547	68	replicate-2
pb2	548	63	replicate-2
pb2	549	61	replicate-2
pb2	550	65	replicate-2
pb2	551	65	replicate-2
pb2	552	65	replicate-2
pb2	553	64	replicate-2
pb2	554	63	replicate-2
pb2	555	61	replicate-2
pb2	556	59	replicate-2
pb2	557	59	replicate-2
pb2	558	59	replicate-2
pb2	559	57	replicate-2
pb2	560	51	replicate-2
pb2	561	44	replicate-2
pb2	562	44	replicate-2
pb2	563	44	replicate-2
pb2	564	44	replicate-2
pb2	565	44	replicate-2
pb2	566	44	replicate-2
pb2	567	44	replicate-2
pb2	568	44	replicate-2
pb2	569	44	replicate-2
pb2	570	44	replicate-2
pb2	571	44	replicate-2
pb2	572	43	replicate-2
pb2	573	30	replicate-2
pb2	574	30	replicate-2
pb2	575	30	replicate-2
pb2	576	30	replicate-2
pb2	577	30	replicate-2
pb2	578	30	replicate-2
pb2	579	30	replicate-2
pb2	580	30	replicate-2
pb2	581	30	replicate-2
pb2	582	30	replicate-2
pb2	583	34	replicate-2
pb2	584	35	replicate-2
pb2	585	35	replicate-2
pb2	586	35	replicate-2
pb2	587	34	replicate-2
pb2	588	32	replicate-2
pb2	589	33	replicate-2
pb2	590	34	replicate-2
pb2	591	35	replicate-2
pb2	592	35	replicate-2
pb2	593	35	replicate-2
pb2	594	37	replicate-2
pb2	595	37	replicate-2
pb2	596	36	replicate-2
pb2	597	34	replicate-2
pb2	598	34	replicate-2
pb2	599	33	replicate-2
pb2	600	32	replicate-2
pb2	601	35	replicate-2
pb2	602	36	replicate-2
pb2	603	36	replicate-2
pb2	604	38	replicate-2
pb2	605	38	replicate-2
pb2	606	38	replicate-2
pb2	607	38	replicate-2
pb2	608	38	replicate-2
pb2	609	38	replicate-2
pb2	610	38	replicate-2
pb2	611	38	replicate-2
pb2	612	32	replicate-2
pb2	613	32	replicate-2
pb2	614	32	replicate-2
pb2	615	32	replicate-2
pb2	616	32	replicate-2
pb2	617	32	replicate-2
pb2	618	32	replicate-2
pb2	619	32	replicate-2
pb2	620	32	replicate-2
pb2	621	32	replicate-2
pb2	622	38	replicate-2
pb2	623	40	replicate-2
pb2	624	40	replicate-2
pb2	625	42	replicate-2
pb2	626	43	replicate-2
pb2	627	45	replicate-2
pb2	628	45	replicate-2
pb2	629	45	replicate-2
pb2	630	44	replicate-2
pb2	631	45	replicate-2
pb2	632	46	replicate-2
pb2	633	49	replicate-2
pb2	634	49	replicate-2
pb2	635	49	replicate-2
pb2	636	46	replicate-2
pb2	637	56	replicate-2
pb2	638	56	replicate-2
pb2	639	57	replicate-2
pb2	640	57	replicate-2
pb2	641	59	replicate-2
pb2	642	58	replicate-2
pb2	643	55	replicate-2
pb2	644	55	replicate-2
pb2	645	55	replicate-2
pb2	646	52	replicate-2
pb2	647	52	replicate-2
pb2	648	52	replicate-2
pb2	649	52	replicate-2
pb2	650	52	replicate-2
pb2	651	52	replicate-2
pb2	652	61	replicate-2
pb2	653	63	replicate-2
pb2	654	63	replicate-2
pb2	655	63	replicate-2
pb2	656	63	replicate-2
pb2	657	62	replicate-2
pb2	658	62	replicate-2
pb2	659	62	replicate-2
pb2	660	62	replicate-2
pb2	661	62	replicate-2
pb2	662	62	replicate-2
pb2	663	56	replicate-2
pb2	664	56	replicate-2
pb2	665	56	replicate-2
pb2	666	56	replicate-2
pb2	667	56	replicate-2
pb2	668	56	replicate-2
pb2	669	56	replicate-2
pb2	670	56	replicate-2
pb2	671	56	replicate-2
pb2	672	56	replicate-2
pb2	673	56	replicate-2
pb2	674	56	replicate-2
pb2	675	56	replicate-2
pb2	676	56	replicate-2
pb2	677	56	replicate-2
pb2	678	56	replicate-2
pb2	679	57	replicate-2
pb2	680	57	replicate-2
pb2	681	57	replicate-2
pb2	682	85	replicate-2
pb2	683	85	replicate-2
pb2	684	85	replicate-2
pb2	685	85	replicate-2
pb2	686	85	replicate-2
pb2	687	84	replicate-2
pb2	688	91	replicate-2
pb2	689	91	replicate-2
pb2	690	91	replicate-2
pb2	691	95	replicate-2
pb2	692	95	replicate-2
pb2	693	95	replicate-2
pb2	694	99	replicate-2
pb2	695	100	replicate-2
pb2	696	101	replicate-2
pb2	697	100	replicate-2
pb2	698	100	replicate-2
pb2	699	100	replicate-2
pb2	700	100	replicate-2
pb2	701	100	replicate-2
pb2	702	97	replicate-2
pb2	703	97	replicate-2
pb2	704	97	replicate-2
pb2	705	97	replicate-2
pb2	706	97	replicate-2
pb2	707	97	replicate-2
pb2	708	97	replicate-2
pb2	709	97	replicate-2
pb2	710	97	replicate-2
pb2	711	97	replicate-2
pb2	712	97	replicate-2
pb2	713	97	replicate-2
pb2	714	97	replicate-2
pb2	715	99	replicate-2
pb2	716	99	replicate-2
pb2	717	99	replicate-2
pb2	718	145	replicate-2
pb2	719	145	replicate-2
pb2	720	145	replicate-2
pb2	721	145	replicate-2
pb2	722	146	replicate-2
pb2	723	149	replicate-2
pb2	724	151	replicate-2
pb2	725	153	replicate-2
pb2	726	153	replicate-2
pb2	727	153	replicate-2
pb2	728	154	replicate-2
pb2	729	156	replicate-2
pb2	730	156	replicate-2
pb2	731	156	replicate-2
pb2	732	156	replicate-2
pb2	733	156	replicate-2
pb2	734	157	replicate-2
pb2	735	158	replicate-2
pb2	736	160	replicate-2
pb2	737	161	replicate-2
pb2	738	161	replicate-2
pb2	739	158	replicate-2
pb2	740	158	replicate-2
pb2	741	160	replicate-2
pb2	742	161	replicate-2
pb2	743	163	replicate-2
pb2	744	163	replicate-2
pb2	745	162	replicate-2
pb2	746	161	replicate-2
pb2	747	160	replicate-2
pb2	748	163	replicate-2
pb2	749	163	replicate-2
pb2	750	166	replicate-2
pb2	751	163	replicate-2
pb2	752	162	replicate-2
pb2	753	163	replicate-2
pb2	754	164	replicate-2
pb2	755	165	replicate-2
pb2	756	173	replicate-2
pb2	757	165	replicate-2
pb2	758	166	replicate-2
pb2	759	169	replicate-2
pb2	760	170	replicate-2
pb2	761	175	replicate-2
pb2	762	172	replicate-2
pb2	763	172	replicate-2
pb2	764	169	replicate-2
pb2	765	167	replicate-2
pb2	766	168	replicate-2
pb2	767	171	replicate-2
pb2	768	172	replicate-2
pb2	769	172	replicate-2
pb2	770	171	replicate-2
pb2	771	169	replicate-2
pb2	772	171	replicate-2
pb2	773	172	replicate-2
pb2	774	172	replicate-2
pb2	775	174	replicate-2
pb2	776	172	replicate-2
pb2	777	173	replicate-2
pb2	778	171	replicate-2
pb2	779	171	replicate-2
pb2	780	170	replicate-2
pb2	781	170	replicate-2
pb2	782	171	replicate-2
pb2	783	172	replicate-2
pb2	784	168	replicate-2
pb2	785	166	replicate-2
pb2	786	165	replicate-2
pb2	787	172	replicate-2
pb2	788	172	replicate-2
pb2	789	173	replicate-2
pb2	790	174	replicate-2
pb2	791	175	replicate-2
pb2	792	170	replicate-2
pb2	793	172	replicate-2
pb2	794	171	replicate-2
pb2	795	171	replicate-2
pb2	796	170	replicate-2
pb2	797	169	replicate-2
pb2	798	167	replicate-2
pb2	799	166	replicate-2
pb2	800	170	replicate-2
pb2	801	172	replicate-2
pb2	802	171	replicate-2
pb2	803	170	replicate-2
pb2	804	169	replicate-2
pb2	805	169	replicate-2
pb2	806	168	replicate-2
pb2	807	167	replicate-2
pb2	808	165	replicate-2
pb2	809	155	replicate-2
pb2	810	156	replicate-2
pb2	811	157	replicate-2
pb2	812	156	replicate-2
pb2	813	157	replicate-2
pb2	814	161	replicate-2
pb2	815	161	replicate-2
pb2	816	162	replicate-2
pb2	817	162	replicate-2
pb2	818	161	replicate-2
pb2	819	163	replicate-2
pb2	820	164	replicate-2
pb2	821	162	replicate-2
pb2	822	162	replicate-2
pb2	823	153	replicate-2
pb2	824	154	replicate-2
pb2	825	157	replicate-2
pb2	826	158	replicate-2
pb2	827	157	replicate-2
pb2	828	154	replicate-2
pb2	829	151	replicate-2
pb2	830	156	replicate-2
pb2	831	156	replicate-2
pb2	832	148	replicate-2
pb2	833	150	replicate-2
pb2	834	146	replicate-2
pb2	835	145	replicate-2
pb2	836	145	replicate-2
pb2	837	144	replicate-2
pb2	838	143	replicate-2
pb2	839	142	replicate-2
pb2	840	143	replicate-2
pb2	841	146	replicate-2
pb2	842	141	replicate-2
pb2	843	142	replicate-2
pb2	844	141	replicate-2
pb2	845	144	replicate-2
pb2	846	144	replicate-2
pb2	847	145	replicate-2
pb2	848	145	replicate-2
pb2	849	144	replicate-2
pb2	850	143	replicate-2
pb2	851	142	replicate-2
pb2	852	146	replicate-2
pb2	853	146	replicate-2
pb2	854	146	replicate-2
pb2	855	147	replicate-2
pb2	856	147	replicate-2
pb2	857	147	replicate-2
pb2	858	147	replicate-2
pb2	859	143	replicate-2
pb2	860	144	replicate-2
pb2	861	137	replicate-2
pb2	862	137	replicate-2
pb2	863	143	replicate-2
pb2	864	141	replicate-2
pb2	865	155	replicate-2
pb2	866	155	replicate-2
pb2	867	156	replicate-2
pb2	868	158	replicate-2
pb2	869	157	replicate-2
pb2	870	157	replicate-2
pb2	871	156	replicate-2
pb2	872	153	replicate-2
pb2	873	153	replicate-2
pb2	874	143	replicate-2
pb2	875	139	replicate-2
pb2	876	139	replicate-2
pb2	877	140	replicate-2
pb2	878	140	replicate-2
pb2	879	140	replicate-2
pb2	880	138	replicate-2
pb2	881	136	replicate-2
pb2	882	135	replicate-2
pb2	883	132	replicate-2
pb2	884	132	replicate-2
pb2	885	129	replicate-2
pb2	886	129	replicate-2
pb2	887	130	replicate-2
pb2	888	129	replicate-2
pb2	889	129	replicate-2
pb2	890	127	replicate-2
pb2	891	127	replicate-2
pb2	892	126	replicate-2
pb2	893	125	replicate-2
pb2	894	124	replicate-2
pb2	895	123	replicate-2
pb2	896	123	replicate-2
pb2	897	124	replicate-2
pb2	898	123	replicate-2
pb2	899	122	replicate-2
pb2	900	126	replicate-2
pb2	901	126	replicate-2
pb2	902	125	replicate-2
pb2	903	120	replicate-2
pb2	904	120	replicate-2
pb2	905	122	replicate-2
pb2	906	119	replicate-2
pb2	907	120	replicate-2
pb2	908	113	replicate-2
pb2	909	111	replicate-2
pb2	910	116	replicate-2
pb2	911	115	replicate-2
pb2	912	113	replicate-2
pb2	913	113	replicate-2
pb2	914	113	replicate-2
pb2	915	112	replicate-2
pb2	916	110	replicate-2
pb2	917	110	replicate-2
pb2	918	109	replicate-2
pb2	919	107	replicate-2
pb2	920	106	replicate-2
pb2	921	104	replicate-2
pb2	922	104	replicate-2
pb2	923	104	replicate-2
pb2	924	104	replicate-2
pb2	925	105	replicate-2
pb2	926	105	replicate-2
pb2	927	103	replicate-2
pb2	928	101	replicate-2
pb2	929	103	replicate-2
pb2	930	103	replicate-2
pb2	931	104	replicate-2
pb2	932	104	replicate-2
pb2	933	103	replicate-2
pb2	934	103	replicate-2
pb2	935	103	replicate-2
pb2	936	102	replicate-2
pb2	937	104	replicate-2
pb2	938	103	replicate-2
pb2	939	105	replicate-2
pb2	940	108	replicate-2
pb2	941	105	replicate-2
pb2	942	106	replicate-2
pb2	943	110	replicate-2
pb2	944	110	replicate-2
pb2	945	108	replicate-2
pb2	946	105	replicate-2
pb2	947	106	replicate-2
pb2	948	107	replicate-2
pb2	949	107	replicate-2
pb2	950	102	replicate-2
pb2	951	104	replicate-2
pb2	952	108	replicate-2
pb2	953	109	replicate-2
pb2	954	110	replicate-2
pb2	955	100	replicate-2
pb2	956	98	replicate-2
pb2	957	100	replicate-2
pb2	958	100	replicate-2
pb2	959	100	replicate-2
pb2	960	100	replicate-2
pb2	961	92	replicate-2
pb2	962	91	replicate-2
pb2	963	90	replicate-2
pb2	964	89	replicate-2
pb2	965	88	replicate-2
pb2	966	87	replicate-2
pb2	967	89	replicate-2
pb2	968	90	replicate-2
pb2	969	91	replicate-2
pb2	970	91	replicate-2
pb2	971	93	replicate-2
pb2	972	94	replicate-2
pb2	973	96	replicate-2
pb2	974	96	replicate-2
pb2	975	96	replicate-2
pb2	976	95	replicate-2
pb2	977	95	replicate-2
pb2	978	95	replicate-2
pb2	979	94	replicate-2
pb2	980	95	replicate-2
pb2	981	98	replicate-2
pb2	982	98	replicate-2
pb2	983	98	replicate-2
pb2	984	97	replicate-2
pb2	985	97	replicate-2
pb2	986	97	replicate-2
pb2	987	97	replicate-2
pb2	988	97	replicate-2
pb2	989	91	replicate-2
pb2	990	88	replicate-2
pb2	991	92	replicate-2
pb2	992	93	replicate-2
pb2	993	94	replicate-2
pb2	994	94	replicate-2
pb2	995	93	replicate-2
pb2	996	94	replicate-2
pb2	997	93	replicate-2
pb2	998	94	replicate-2
pb2	999	93	replicate-2
pb2	1000	88	replicate-2
pb2	1001	90	replicate-2
pb2	1002	90	replicate-2
pb2	1003	91	replicate-2
pb2	1004	92	replicate-2
pb2	1005	92	replicate-2
pb2	1006	93	replicate-2
pb2	1007	93	replicate-2
pb2	1008	94	replicate-2
pb2	1009	94	replicate-2
pb2	1010	94	replicate-2
pb2	1011	93	replicate-2
pb2	1012	92	replicate-2
pb2	1013	95	replicate-2
pb2	1014	95	replicate-2
pb2	1015	96	replicate-2
pb2	1016	95	replicate-2
pb2	1017	95	replicate-2
pb2	1018	97	replicate-2
pb2	1019	98	replicate-2
pb2	1020	98	replicate-2
pb2	1021	97	replicate-2
pb2	1022	100	replicate-2
pb2	1023	99	replicate-2
pb2	1024	100	replicate-2
pb2	1025	103	replicate-2
pb2	1026	104	replicate-2
pb2	1027	105	replicate-2
pb2	1028	106	replicate-2
pb2	1029	107	replicate-2
pb2	1030	108	replicate-2
pb2	1031	105	replicate-2
pb2	1032	105	replicate-2
pb2	1033	104	replicate-2
pb2	1034	104	replicate-2
pb2	1035	105	replicate-2
pb2	1036	105	replicate-2
pb2	1037	105	replicate-2
pb2	1038	106	replicate-2
pb2	1039	113	replicate-2
pb2	1040	111	replicate-2
pb2	1041	113	replicate-2
pb2	1042	113	replicate-2
pb2	1043	113	replicate-2
pb2	1044	113	replicate-2
pb2	1045	114	replicate-2
pb2	1046	113	replicate-2
pb2	1047	115	replicate-2
pb2	1048	118	replicate-2
pb2	1049	118	replicate-2
pb2	1050	116	replicate-2
pb2	1051	117	replicate-2
pb2	1052	118	replicate-2
pb2	1053	117	replicate-2
pb2	1054	116	replicate-2
pb2	1055	114	replicate-2
pb2	1056	113	replicate-2
pb2	1057	114	replicate-2
pb2	1058	111	replicate-2
pb2	1059	111	replicate-2
pb2	1060	111	replicate-2
pb2	1061	111	replicate-2
pb2	1062	111	replicate-2
pb2	1063	110	replicate-2
pb2	1064	111	replicate-2
pb2	1065	111	replicate-2
pb2	1066	109	replicate-2
pb2	1067	109	replicate-2
pb2	1068	105	replicate-2
pb2	1069	102	replicate-2
pb2	1070	105	replicate-2
pb2	1071	112	replicate-2
pb2	1072	115	replicate-2
pb2	1073	115	replicate-2
pb2	1074	115	replicate-2
pb2	1075	114	replicate-2
pb2	1076	114	replicate-2
pb2	1077	113	replicate-2
pb2	1078	112	replicate-2
pb2	1079	113	replicate-2
pb2	1080	111	replicate-2
pb2	1081	109	replicate-2
pb2	1082	108	replicate-2
pb2	1083	115	replicate-2
pb2	1084	114	replicate-2
pb2	1085	113	replicate-2
pb2	1086	113	replicate-2
pb2	1087	112	replicate-2
pb2	1088	112	replicate-2
pb2	1089	110	replicate-2
pb2	1090	109	replicate-2
pb2	1091	110	replicate-2
pb2	1092	105	replicate-2
pb2	1093	107	replicate-2
pb2	1094	102	replicate-2
pb2	1095	103	replicate-2
pb2	1096	441	replicate-2
pb2	1097	447	replicate-2
pb2	1098	477	replicate-2
pb2	1099	493	replicate-2
pb2	1100	496	replicate-2
pb2	1101	594	replicate-2
pb2	1102	848	replicate-2
pb2	1103	1776	replicate-2
pb2	1104	1931	replicate-2
pb2	1105	1946	replicate-2
pb2	1106	2045	replicate-2
pb2	1107	2053	replicate-2
pb2	1108	2457	replicate-2
pb2	1109	2486	replicate-2
pb2	1110	2502	replicate-2
pb2	1111	2696	replicate-2
pb2	1112	2734	replicate-2
pb2	1113	2911	replicate-2
pb2	1114	2927	replicate-2
pb2	1115	3218	replicate-2
pb2	1116	3420	replicate-2
pb2	1117	3438	replicate-2
pb2	1118	3576	replicate-2
pb2	1119	3585	replicate-2
pb2	1120	3651	replicate-2
pb2	1121	3678	replicate-2
pb2	1122	3907	replicate-2
pb2	1123	4099	replicate-2
pb2	1124	4104	replicate-2
pb2	1125	4168	replicate-2
pb2	1126	4214	replicate-2
pb2	1127	4469	replicate-2
pb2	1128	4507	replicate-2
pb2	1129	4517	replicate-2
pb2	1130	4565	replicate-2
pb2	1131	4583	replicate-2
pb2	1132	4592	replicate-2
pb2	1133	4673	replicate-2
pb2	1134	4703	replicate-2
pb2	1135	4747	replicate-2
pb2	1136	4778	replicate-2
pb2	1137	4781	replicate-2
pb2	1138	4791	replicate-2
pb2	1139	4851	replicate-2
pb2	1140	4883	replicate-2
pb2	1141	4905	replicate-2
pb2	1142	4909	replicate-2
pb2	1143	4921	replicate-2
pb2	1144	5531	replicate-2
pb2	1145	5596	replicate-2
pb2	1146	5633	replicate-2
pb2	1147	5654	replicate-2
pb2	1148	5660	replicate-2
pb2	1149	5766	replicate-2
pb2	1150	5774	replicate-2
pb2	1151	5795	replicate-2
pb2	1152	5820	replicate-2
pb2	1153	5783	replicate-2
pb2	1154	5773	replicate-2
pb2	1155	5789	replicate-2
pb2	1156	5889	replicate-2
pb2	1157	5916	replicate-2
pb2	1158	5903	replicate-2
pb2	1159	5948	replicate-2
pb2	1160	6296	replicate-2
pb2	1161	6308	replicate-2
pb2	1162	6302	replicate-2
pb2	1163	6326	replicate-2
pb2	1164	6336	replicate-2
pb2	1165	6323	replicate-2
pb2	1166	6412	replicate-2
pb2	1167	6403	replicate-2
pb2	1168	6442	replicate-2
pb2	1169	6349	replicate-2
pb2	1170	6461	replicate-2
pb2	1171	6497	replicate-2
pb2	1172	6494	replicate-2
pb2	1173	6499	replicate-2
pb2	1174	6538	replicate-2
pb2	1175	7070	replicate-2
pb2	1176	7273	replicate-2
pb2	1177	7263	replicate-2
pb2	1178	7255	replicate-2
pb2	1179	7192	replicate-2
pb2	1180	7328	replicate-2
pb2	1181	7350	replicate-2
pb2	1182	7203	replicate-2
pb2	1183	7258	replicate-2
pb2	1184	6872	replicate-2
pb2	1185	6878	replicate-2
pb2	1186	6856	replicate-2
pb2	1187	7001	replicate-2
pb2	1188	7011	replicate-2
pb2	1189	6987	replicate-2
pb2	1190	7004	replicate-2
pb2	1191	6975	replicate-2
pb2	1192	6951	replicate-2
pb2	1193	7005	replicate-2
pb2	1194	7032	replicate-2
pb2	1195	7075	replicate-2
pb2	1196	7008	replicate-2
pb2	1197	7054	replicate-2
pb2	1198	7061	replicate-2
pb2	1199	7015	replicate-2
pb2	1200	6963	replicate-2
pb2	1201	7000	replicate-2
pb2	1202	6932	replicate-2
pb2	1203	7174	replicate-2
pb2	1204	7087	replicate-2
pb2	1205	7059	replicate-2
pb2	1206	6858	replicate-2
pb2	1207	6826	replicate-2
pb2	1208	6797	replicate-2
pb2	1209	6726	replicate-2
pb2	1210	6720	replicate-2
pb2	1211	6722	replicate-2
pb2	1212	6556	replicate-2
pb2	1213	6559	replicate-2
pb2	1214	6522	replicate-2
pb2	1215	6622	replicate-2
pb2	1216	6709	replicate-2
pb2	1217	6938	replicate-2
pb2	1218	6899	replicate-2
pb2	1219	6949	replicate-2
pb2	1220	6998	replicate-2
pb2	1221	7054	replicate-2
pb2	1222	7294	replicate-2
pb2	1223	7328	replicate-2
pb2	1224	7248	replicate-2
pb2	1225	7242	replicate-2
pb2	1226	6979	replicate-2
pb2	1227	7032	replicate-2
pb2	1228	7045	replicate-2
pb2	1229	7063	replicate-2
pb2	1230	7037	replicate-2
pb2	1231	7097	replicate-2
pb2	1232	7169	replicate-2
pb2	1233	7251	replicate-2
pb2	1234	7535	replicate-2
pb2	1235	7522	replicate-2
pb2	1236	7559	replicate-2
pb2	1237	7540	replicate-2
pb2	1238	7731	replicate-2
pb2	1239	7793	replicate-2
pb2	1240	7724	replicate-2
pb2	1241	7962	replicate-2
pb2	1242	7925	replicate-2
pb2	1243	8083	replicate-2
pb2	1244	7969	replicate-2
pb2	1245	7919	replicate-2
pb2	1246	7934	replicate-2
pb2	1247	7789	replicate-2
pb2	1248	7842	replicate-2
pb2	1249	7843	replicate-2
pb2	1250	7626	replicate-2
pb2	1251	7681	replicate-2
pb2	1252	7522	replicate-2
pb2	1253	7601	replicate-2
pb2	1254	7528	replicate-2
pb2	1255	7501	replicate-2
pb2	1256	7675	replicate-2
pb2	1257	8170	replicate-2
pb2	1258	8239	replicate-2
pb2	1259	8171	replicate-2
pb2	1260	8086	replicate-2
pb2	1261	8059	replicate-2
pb2	1262	7979	replicate-2
pb2	1263	8003	replicate-2
pb2	1264	7982	replicate-2
pb2	1265	7967	replicate-2
pb2	1266	7549	replicate-2
pb2	1267	7675	replicate-2
pb2	1268	7692	replicate-2
pb2	1269	7712	replicate-2
pb2	1270	7793	replicate-2
pb2	1271	7794	replicate-2
pb2	1272	7825	replicate-2
pb2	1273	7809	replicate-2
pb2	1274	7820	replicate-2
pb2	1275	7758	replicate-2
pb2	1276	7803	replicate-2
pb2	1277	7769	replicate-2
pb2	1278	7840	replicate-2
pb2	1279	7816	replicate-2
pb2	1280	7791	replicate-2
pb2	1281	7919	replicate-2
pb2	1282	7890	replicate-2
pb2	1283	7884	replicate-2
pb2	1284	7898	replicate-2
pb2	1285	7847	replicate-2
pb2	1286	7855	replicate-2
pb2	1287	7804	replicate-2
pb2	1288	7800	replicate-2
pb2	1289	7804	replicate-2
pb2	1290	7839	replicate-2
pb2	1291	7695	replicate-2
pb2	1292	7675	replicate-2
pb2	1293	7661	replicate-2
pb2	1294	7600	replicate-2
pb2	1295	7711	replicate-2
pb2	1296	7740	replicate-2
pb2	1297	7761	replicate-2
pb2	1298	7751	replicate-2
pb2	1299	7643	replicate-2
pb2	1300	7651	replicate-2
pb2	1301	7675	replicate-2
pb2	1302	7681	replicate-2
pb2	1303	7690	replicate-2
pb2	1304	7486	replicate-2
pb2	1305	7480	replicate-2
pb2	1306	7497	replicate-2
pb2	1307	7513	replicate-2
pb2	1308	7631	replicate-2
pb2	1309	7585	replicate-2
pb2	1310	7524	replicate-2
pb2	1311	7602	replicate-2
pb2	1312	7555	replicate-2
pb2	1313	7772	replicate-2
pb2	1314	7760	replicate-2
pb2	1315	7840	replicate-2
pb2	1316	7894	replicate-2
pb2	1317	7709	replicate-2
pb2	1318	7720	replicate-2
pb2	1319	7723	replicate-2
pb2	1320	7764	replicate-2
pb2	1321	7814	replicate-2
pb2	1322	7625	replicate-2
pb2	1323	7634	replicate-2
pb2	1324	7619	replicate-2
pb2	1325	7506	replicate-2
pb2	1326	7698	replicate-2
pb2	1327	7731	replicate-2
pb2	1328	7733	replicate-2
pb2	1329	7902	replicate-2
pb2	1330	7849	replicate-2
pb2	1331	7845	replicate-2
pb2	1332	7842	replicate-2
pb2	1333	7817	replicate-2
pb2	1334	7786	replicate-2
pb2	1335	7467	replicate-2
pb2	1336	7456	replicate-2
pb2	1337	7280	replicate-2
pb2	1338	7962	replicate-2
pb2	1339	7956	replicate-2
pb2	1340	8051	replicate-2
pb2	1341	8090	replicate-2
pb2	1342	8094	replicate-2
pb2	1343	8076	replicate-2
pb2	1344	8086	replicate-2
pb2	1345	8072	replicate-2
pb2	1346	8045	replicate-2
pb2	1347	7916	replicate-2
pb2	1348	7499	replicate-2
pb2	1349	7708	replicate-2
pb2	1350	7715	replicate-2
pb2	1351	7741	replicate-2
pb2	1352	7852	replicate-2
pb2	1353	7845	replicate-2
pb2	1354	7829	replicate-2
pb2	1355	7821	replicate-2
pb2	1356	7715	replicate-2
pb2	1357	7748	replicate-2
pb2	1358	7654	replicate-2
pb2	1359	7691	replicate-2
pb2	1360	7696	replicate-2
pb2	1361	7630	replicate-2
pb2	1362	7669	replicate-2
pb2	1363	7729	replicate-2
pb2	1364	7812	replicate-2
pb2	1365	7844	replicate-2
pb2	1366	7841	replicate-2
pb2	1367	7845	replicate-2
pb2	1368	7941	replicate-2
pb2	1369	8019	replicate-2
pb2	1370	8026	replicate-2
pb2	1371	8080	replicate-2
pb2	1372	8060	replicate-2
pb2	1373	8099	replicate-2
pb2	1374	8104	replicate-2
pb2	1375	8131	replicate-2
pb2	1376	8241	replicate-2
pb2	1377	8217	replicate-2
pb2	1378	8260	replicate-2
pb2	1379	8256	replicate-2
pb2	1380	8235	replicate-2
pb2	1381	8251	replicate-2
pb2	1382	8163	replicate-2
pb2	1383	8263	replicate-2
pb2	1384	8357	replicate-2
pb2	1385	8374	replicate-2
pb2	1386	8446	replicate-2
pb2	1387	8423	replicate-2
pb2	1388	8577	replicate-2
pb2	1389	8574	replicate-2
pb2	1390	8620	replicate-2
pb2	1391	8569	replicate-2
pb2	1392	8590	replicate-2
pb2	1393	8365	replicate-2
pb2	1394	8485	replicate-2
pb2	1395	8429	replicate-2
pb2	1396	8583	replicate-2
pb2	1397	8540	replicate-2
pb2	1398	8674	replicate-2
pb2	1399	8648	replicate-2
pb2	1400	8627	replicate-2
pb2	1401	8657	replicate-2
pb2	1402	8724	replicate-2
pb2	1403	8742	replicate-2
pb2	1404	8669	replicate-2
pb2	1405	8575	replicate-2
pb2	1406	8514	replicate-2
pb2	1407	8624	replicate-2
pb2	1408	8607	replicate-2
pb2	1409	8660	replicate-2
pb2	1410	8697	replicate-2
pb2	1411	8687	replicate-2
pb2	1412	9042	replicate-2
pb2	1413	9102	replicate-2
pb2	1414	9195	replicate-2
pb2	1415	9226	replicate-2
pb2	1416	9071	replicate-2
pb2	1417	9123	replicate-2
pb2	1418	9176	replicate-2
pb2	1419	9337	replicate-2
pb2	1420	9329	replicate-2
pb2	1421	9236	replicate-2
pb2	1422	9127	replicate-2
pb2	1423	9171	replicate-2
pb2	1424	9363	replicate-2
pb2	1425	9376	replicate-2
pb2	1426	9362	replicate-2
pb2	1427	9291	replicate-2
pb2	1428	9252	replicate-2
pb2	1429	9344	replicate-2
pb2	1430	9488	replicate-2
pb2	1431	9537	replicate-2
pb2	1432	9578	replicate-2
pb2	1433	9502	replicate-2
pb2	1434	9511	replicate-2
pb2	1435	9521	replicate-2
pb2	1436	9768	replicate-2
pb2	1437	9743	replicate-2
pb2	1438	9712	replicate-2
pb2	1439	9729	replicate-2
pb2	1440	9638	replicate-2
pb2	1441	9643	replicate-2
pb2	1442	9693	replicate-2
pb2	1443	9756	replicate-2
pb2	1444	9801	replicate-2
pb2	1445	9637	replicate-2
pb2	1446	9763	replicate-2
pb2	1447	9965	replicate-2
pb2	1448	10143	replicate-2
pb2	1449	10170	replicate-2
pb2	1450	10166	replicate-2
pb2	1451	10090	replicate-2
pb2	1452	10097	replicate-2
pb2	1453	10047	replicate-2
pb2	1454	10120	replicate-2
pb2	1455	10113	replicate-2
pb2	1456	9946	replicate-2
pb2	1457	10467	replicate-2
pb2	1458	10438	replicate-2
pb2	1459	10383	replicate-2
pb2	1460	10359	replicate-2
pb2	1461	10184	replicate-2
pb2	1462	10127	replicate-2
pb2	1463	10180	replicate-2
pb2	1464	10105	replicate-2
pb2	1465	10194	replicate-2
pb2	1466	9699	replicate-2
pb2	1467	9889	replicate-2
pb2	1468	9897	replicate-2
pb2	1469	10053	replicate-2
pb2	1470	10080	replicate-2
pb2	1471	10030	replicate-2
pb2	1472	9917	replicate-2
pb2	1473	10017	replicate-2
pb2	1474	9939	replicate-2
pb2	1475	9933	replicate-2
pb2	1476	9838	replicate-2
pb2	1477	9878	replicate-2
pb2	1478	10095	replicate-2
pb2	1479	9957	replicate-2
pb2	1480	10004	replicate-2
pb2	1481	10036	replicate-2
pb2	1482	9895	replicate-2
pb2	1483	10186	replicate-2
pb2	1484	10208	replicate-2
pb2	1485	10238	replicate-2
pb2	1486	10425	replicate-2
pb2	1487	10259	replicate-2
pb2	1488	10284	replicate-2
pb2	1489	10200	replicate-2
pb2	1490	10132	replicate-2
pb2	1491	12102	replicate-2
pb2	1492	11861	replicate-2
pb2	1493	12167	replicate-2
pb2	1494	12149	replicate-2
pb2	1495	12000	replicate-2
pb2	1496	12440	replicate-2
pb2	1497	12424	replicate-2
pb2	1498	12431	replicate-2
pb2	1499	12413	replicate-2
pb2	1500	10984	replicate-2
pb2	1501	11069	replicate-2
pb2	1502	10840	replicate-2
pb2	1503	10877	replicate-2
pb2	1504	10870	replicate-2
pb2	1505	10883	replicate-2
pb2	1506	10952	replicate-2
pb2	1507	10999	replicate-2
pb2	1508	11058	replicate-2
pb2	1509	11103	replicate-2
pb2	1510	11540	replicate-2
pb2	1511	11508	replicate-2
pb2	1512	11580	replicate-2
pb2	1513	11584	replicate-2
pb2	1514	11267	replicate-2
pb2	1515	11252	replicate-2
pb2	1516	11184	replicate-2
pb2	1517	11238	replicate-2
pb2	1518	11253	replicate-2
pb2	1519	10882	replicate-2
pb2	1520	10873	replicate-2
pb2	1521	10737	replicate-2
pb2	1522	10712	replicate-2
pb2	1523	10661	replicate-2
pb2	1524	10689	replicate-2
pb2	1525	10662	replicate-2
pb2	1526	10671	replicate-2
pb2	1527	10967	replicate-2
pb2	1528	11052	replicate-2
pb2	1529	11124	replicate-2
pb2	1530	11172	replicate-2
pb2	1531	11228	replicate-2
pb2	1532	11251	replicate-2
pb2	1533	11278	replicate-2
pb2	1534	11291	replicate-2
pb2	1535	11305	replicate-2
pb2	1536	10919	replicate-2
pb2	1537	11095	replicate-2
pb2	1538	11089	replicate-2
pb2	1539	11149	replicate-2
pb2	1540	11128	replicate-2
pb2	1541	11119	replicate-2
pb2	1542	11122	replicate-2
pb2	1543	11126	replicate-2
pb2	1544	10983	replicate-2
pb2	1545	11044	replicate-2
pb2	1546	10950	replicate-2
pb2	1547	10787	replicate-2
pb2	1548	10517	replicate-2
pb2	1549	10562	replicate-2
pb2	1550	10565	replicate-2
pb2	1551	10713	replicate-2
pb2	1552	10706	replicate-2
pb2	1553	10836	replicate-2
pb2	1554	10907	replicate-2
pb2	1555	10814	replicate-2
pb2	1556	11404	replicate-2
pb2	1557	11375	replicate-2
pb2	1558	12215	replicate-2
pb2	1559	12211	replicate-2
pb2	1560	11975	replicate-2
pb2	1561	12005	replicate-2
pb2	1562	11875	replicate-2
pb2	1563	11922	replicate-2
pb2	1564	11933	replicate-2
pb2	1565	11400	replicate-2
pb2	1566	11434	replicate-2
pb2	1567	10889	replicate-2
pb2	1568	11026	replicate-2
pb2	1569	10963	replicate-2
pb2	1570	11067	replicate-2
pb2	1571	11079	replicate-2
pb2	1572	11024	replicate-2
pb2	1573	11050	replicate-2
pb2	1574	11042	replicate-2
pb2	1575	10996	replicate-2
pb2	1576	11004	replicate-2
pb2	1577	10822	replicate-2
pb2	1578	10903	replicate-2
pb2	1579	10884	replicate-2
pb2	1580	10778	replicate-2
pb2	1581	10812	replicate-2
pb2	1582	10757	replicate-2
pb2	1583	10960	replicate-2
pb2	1584	10976	replicate-2
pb2	1585	10948	replicate-2
pb2	1586	10866	replicate-2
pb2	1587	10691	replicate-2
pb2	1588	10721	replicate-2
pb2	1589	10811	replicate-2
pb2	1590	10749	replicate-2
pb2	1591	10773	replicate-2
pb2	1592	10497	replicate-2
pb2	1593	10497	replicate-2
pb2	1594	10518	replicate-2
pb2	1595	10996	replicate-2
pb2	1596	11052	replicate-2
pb2	1597	10926	replicate-2
pb2	1598	10972	replicate-2
pb2	1599	10836	replicate-2
pb2	1600	10897	replicate-2
pb2	1601	11002	replicate-2
pb2	1602	11042	replicate-2
pb2	1603	10958	replicate-2
pb2	1604	10531	replicate-2
pb2	1605	10482	replicate-2
pb2	1606	10433	replicate-2
pb2	1607	10337	replicate-2
pb2	1608	10468	replicate-2
pb2	1609	10334	replicate-2
pb2	1610	10347	replicate-2
pb2	1611	10250	replicate-2
pb2	1612	10271	replicate-2
pb2	1613	10290	replicate-2
pb2	1614	10500	replicate-2
pb2	1615	10459	replicate-2
pb2	1616	10473	replicate-2
pb2	1617	10355	replicate-2
pb2	1618	10365	replicate-2
pb2	1619	10352	replicate-2
pb2	1620	10420	replicate-2
pb2	1621	10340	replicate-2
pb2	1622	10332	replicate-2
pb2	1623	10197	replicate-2
pb2	1624	10188	replicate-2
pb2	1625	10220	replicate-2
pb2	1626	10241	replicate-2
pb2	1627	10418	replicate-2
pb2	1628	10406	replicate-2
pb2	1629	10313	replicate-2
pb2	1630	10351	replicate-2
pb2	1631	10401	replicate-2
pb2	1632	10387	replicate-2
pb2	1633	10366	replicate-2
pb2	1634	10260	replicate-2
pb2	1635	10314	replicate-2
pb2	1636	10106	replicate-2
pb2	1637	10072	replicate-2
pb2	1638	10128	replicate-2
pb2	1639	10104	replicate-2
pb2	1640	9872	replicate-2
pb2	1641	9866	replicate-2
pb2	1642	9557	replicate-2
pb2	1643	9539	replicate-2
pb2	1644	9615	replicate-2
pb2	1645	9563	replicate-2
pb2	1646	9550	replicate-2
pb2	1647	9488	replicate-2
pb2	1648	9517	replicate-2
pb2	1649	9782	replicate-2
pb2	1650	9609	replicate-2
pb2	1651	9642	replicate-2
pb2	1652	9645	replicate-2
pb2	1653	9513	replicate-2
pb2	1654	9655	replicate-2
pb2	1655	9640	replicate-2
pb2	1656	9570	replicate-2
pb2	1657	8962	replicate-2
pb2	1658	8738	replicate-2
pb2	1659	8693	replicate-2
pb2	1660	9027	replicate-2
pb2	1661	8925	replicate-2
pb2	1662	9131	replicate-2
pb2	1663	9072	replicate-2
pb2	1664	9291	replicate-2
pb2	1665	9674	replicate-2
pb2	1666	9841	replicate-2
pb2	1667	9857	replicate-2
pb2	1668	9928	replicate-2
pb2	1669	9647	replicate-2
pb2	1670	10056	replicate-2
pb2	1671	10103	replicate-2
pb2	1672	10125	replicate-2
pb2	1673	10406	replicate-2
pb2	1674	10055	replicate-2
pb2	1675	10077	replicate-2
pb2	1676	10164	replicate-2
pb2	1677	10207	replicate-2
pb2	1678	10192	replicate-2
pb2	1679	9757	replicate-2
pb2	1680	9889	replicate-2
pb2	1681	9751	replicate-2
pb2	1682	9631	replicate-2
pb2	1683	9704	replicate-2
pb2	1684	9717	replicate-2
pb2	1685	9688	replicate-2
pb2	1686	9645	replicate-2
pb2	1687	9971	replicate-2
pb2	1688	9969	replicate-2
pb2	1689	9937	replicate-2
pb2	1690	9803	replicate-2
pb2	1691	9822	replicate-2
pb2	1692	9814	replicate-2
pb2	1693	9825	replicate-2
pb2	1694	9804	replicate-2
pb2	1695	9914	replicate-2
pb2	1696	9707	replicate-2
pb2	1697	9726	replicate-2
pb2	1698	9737	replicate-2
pb2	1699	9784	replicate-2
pb2	1700	9752	replicate-2
pb2	1701	9713	replicate-2
pb2	1702	9668	replicate-2
pb2	1703	9706	replicate-2
pb2	1704	9579	replicate-2
pb2	1705	9676	replicate-2
pb2	1706	9668	replicate-2
pb2	1707	9603	replicate-2
pb2	1708	9543	replicate-2
pb2	1709	9505	replicate-2
pb2	1710	9487	replicate-2
pb2	1711	9501	replicate-2
pb2	1712	9392	replicate-2
pb2	1713	9395	replicate-2
pb2	1714	9360	replicate-2
pb2	1715	9242	replicate-2
pb2	1716	9250	replicate-2
pb2	1717	9320	replicate-2
pb2	1718	9447	replicate-2
pb2	1719	9480	replicate-2
pb2	1720	9424	replicate-2
pb2	1721	9497	replicate-2
pb2	1722	9530	replicate-2
pb2	1723	9598	replicate-2
pb2	1724	9594	replicate-2
pb2	1725	9626	replicate-2
pb2	1726	9649	replicate-2
pb2	1727	9527	replicate-2
pb2	1728	9511	replicate-2
pb2	1729	9519	replicate-2
pb2	1730	9598	replicate-2
pb2	1731	9567	replicate-2
pb2	1732	9493	replicate-2
pb2	1733	9486	replicate-2
pb2	1734	9432	replicate-2
pb2	1735	9903	replicate-2
pb2	1736	9830	replicate-2
pb2	1737	10109	replicate-2
pb2	1738	10128	replicate-2
pb2	1739	9954	replicate-2
pb2	1740	10955	replicate-2
pb2	1741	10934	replicate-2
pb2	1742	10943	replicate-2
pb2	1743	11030	replicate-2
pb2	1744	10119	replicate-2
pb2	1745	10448	replicate-2
pb2	1746	9882	replicate-2
pb2	1747	9813	replicate-2
pb2	1748	9775	replicate-2
pb2	1749	8812	replicate-2
pb2	1750	8730	replicate-2
pb2	1751	8708	replicate-2
pb2	1752	8608	replicate-2
pb2	1753	8694	replicate-2
pb2	1754	8392	replicate-2
pb2	1755	8503	replicate-2
pb2	1756	8412	replicate-2
pb2	1757	8426	replicate-2
pb2	1758	8388	replicate-2
pb2	1759	8363	replicate-2
pb2	1760	8420	replicate-2
pb2	1761	8424	replicate-2
pb2	1762	8425	replicate-2
pb2	1763	8391	replicate-2
pb2	1764	8492	replicate-2
pb2	1765	8570	replicate-2
pb2	1766	8596	replicate-2
pb2	1767	8634	replicate-2
pb2	1768	8609	replicate-2
pb2	1769	8548	replicate-2
pb2	1770	8586	replicate-2
pb2	1771	8593	replicate-2
pb2	1772	8735	replicate-2
pb2	1773	8634	replicate-2
pb2	1774	8625	replicate-2
pb2	1775	8603	replicate-2
pb2	1776	8643	replicate-2
pb2	1777	8692	replicate-2
pb2	1778	8651	replicate-2
pb2	1779	8919	replicate-2
pb2	1780	8910	replicate-2
pb2	1781	8849	replicate-2
pb2	1782	8825	replicate-2
pb2	1783	8838	replicate-2
pb2	1784	8845	replicate-2
pb2	1785	8855	replicate-2
pb2	1786	8846	replicate-2
pb2	1787	8826	replicate-2
pb2	1788	8595	replicate-2
pb2	1789	8650	replicate-2
pb2	1790	8663	replicate-2
pb2	1791	8624	replicate-2
pb2	1792	8640	replicate-2
pb2	1793	8675	replicate-2
pb2	1794	8743	replicate-2
pb2	1795	9325	replicate-2
pb2	1796	9417	replicate-2
pb2	1797	9325	replicate-2
pb2	1798	9389	replicate-2
pb2	1799	9368	replicate-2
pb2	1800	9768	replicate-2
pb2	1801	9805	replicate-2
pb2	1802	9759	replicate-2
pb2	1803	9835	replicate-2
pb2	1804	8701	replicate-2
pb2	1805	8739	replicate-2
pb2	1806	8654	replicate-2
pb2	1807	8824	replicate-2
pb2	1808	8849	replicate-2
pb2	1809	8784	replicate-2
pb2	1810	8576	replicate-2
pb2	1811	8708	replicate-2
pb2	1812	8980	replicate-2
pb2	1813	9024	replicate-2
pb2	1814	9020	replicate-2
pb2	1815	9052	replicate-2
pb2	1816	9006	replicate-2
pb2	1817	9051	replicate-2
pb2	1818	9017	replicate-2
pb2	1819	8994	replicate-2
pb2	1820	9058	replicate-2
pb2	1821	8903	replicate-2
pb2	1822	9110	replicate-2
pb2	1823	9067	replicate-2
pb2	1824	9324	replicate-2
pb2	1825	9335	replicate-2
pb2	1826	9311	replicate-2
pb2	1827	9358	replicate-2
pb2	1828	9417	replicate-2
pb2	1829	9286	replicate-2
pb2	1830	9299	replicate-2
pb2	1831	9226	replicate-2
pb2	1832	9073	replicate-2
pb2	1833	8935	replicate-2
pb2	1834	8919	replicate-2
pb2	1835	8998	replicate-2
pb2	1836	9014	replicate-2
pb2	1837	8975	replicate-2
pb2	1838	9020	replicate-2
pb2	1839	9028	replicate-2
pb2	1840	9043	replicate-2
pb2	1841	9119	replicate-2
pb2	1842	9112	replicate-2
pb2	1843	9203	replicate-2
pb2	1844	9198	replicate-2
pb2	1845	9312	replicate-2
pb2	1846	9315	replicate-2
pb2	1847	9254	replicate-2
pb2	1848	9266	replicate-2
pb2	1849	9248	replicate-2
pb2	1850	9271	replicate-2
pb2	1851	9258	replicate-2
pb2	1852	9122	replicate-2
pb2	1853	9265	replicate-2
pb2	1854	9508	replicate-2
pb2	1855	9510	replicate-2
pb2	1856	9506	replicate-2
pb2	1857	9516	replicate-2
pb2	1858	9508	replicate-2
pb2	1859	9470	replicate-2
pb2	1860	9468	replicate-2
pb2	1861	9307	replicate-2
pb2	1862	9417	replicate-2
pb2	1863	8742	replicate-2
pb2	1864	9181	replicate-2
pb2	1865	9186	replicate-2
pb2	1866	9202	replicate-2
pb2	1867	9235	replicate-2
pb2	1868	9056	replicate-2
pb2	1869	9102	replicate-2
pb2	1870	9089	replicate-2
pb2	1871	9387	replicate-2
pb2	1872	9238	replicate-2
pb2	1873	8523	replicate-2
pb2	1874	8504	replicate-2
pb2	1875	8450	replicate-2
pb2	1876	8435	replicate-2
pb2	1877	8374	replicate-2
pb2	1878	8285	replicate-2
pb2	1879	8424	replicate-2
pb2	1880	7911	replicate-2
pb2	1881	7936	replicate-2
pb2	1882	7953	replicate-2
pb2	1883	7936	replicate-2
pb2	1884	8043	replicate-2
pb2	1885	7988	replicate-2
pb2	1886	8013	replicate-2
pb2	1887	8001	replicate-2
pb2	1888	7873	replicate-2
pb2	1889	7889	replicate-2
pb2	1890	7871	replicate-2
pb2	1891	7819	replicate-2
pb2	1892	7830	replicate-2
pb2	1893	7768	replicate-2
pb2	1894	7749	replicate-2
pb2	1895	7731	replicate-2
pb2	1896	7707	replicate-2
pb2	1897	7790	replicate-2
pb2	1898	7772	replicate-2
pb2	1899	7775	replicate-2
pb2	1900	7834	replicate-2
pb2	1901	7849	replicate-2
pb2	1902	7825	replicate-2
pb2	1903	7846	replicate-2
pb2	1904	7817	replicate-2
pb2	1905	7800	replicate-2
pb2	1906	7935	replicate-2
pb2	1907	7931	replicate-2
pb2	1908	8011	replicate-2
pb2	1909	8005	replicate-2
pb2	1910	7916	replicate-2
pb2	1911	8010	replicate-2
pb2	1912	7968	replicate-2
pb2	1913	8125	replicate-2
pb2	1914	8112	replicate-2
pb2	1915	7828	replicate-2
pb2	1916	7851	replicate-2
pb2	1917	7680	replicate-2
pb2	1918	7798	replicate-2
pb2	1919	7792	replicate-2
pb2	1920	7728	replicate-2
pb2	1921	7761	replicate-2
pb2	1922	7554	replicate-2
pb2	1923	7637	replicate-2
pb2	1924	7633	replicate-2
pb2	1925	7756	replicate-2
pb2	1926	7773	replicate-2
pb2	1927	7617	replicate-2
pb2	1928	7712	replicate-2
pb2	1929	7684	replicate-2
pb2	1930	7622	replicate-2
pb2	1931	7710	replicate-2
pb2	1932	7644	replicate-2
pb2	1933	7659	replicate-2
pb2	1934	7527	replicate-2
pb2	1935	7544	replicate-2
pb2	1936	7485	replicate-2
pb2	1937	7569	replicate-2
pb2	1938	7466	replicate-2
pb2	1939	7500	replicate-2
pb2	1940	7397	replicate-2
pb2	1941	7507	replicate-2
pb2	1942	7501	replicate-2
pb2	1943	7529	replicate-2
pb2	1944	7497	replicate-2
pb2	1945	7449	replicate-2
pb2	1946	7301	replicate-2
pb2	1947	7316	replicate-2
pb2	1948	7243	replicate-2
pb2	1949	7243	replicate-2
pb2	1950	7110	replicate-2
pb2	1951	7104	replicate-2
pb2	1952	7312	replicate-2
pb2	1953	7320	replicate-2
pb2	1954	7337	replicate-2
pb2	1955	7369	replicate-2
pb2	1956	7343	replicate-2
pb2	1957	7629	replicate-2
pb2	1958	7659	replicate-2
pb2	1959	7634	replicate-2
pb2	1960	7562	replicate-2
pb2	1961	7363	replicate-2
pb2	1962	7391	replicate-2
pb2	1963	7347	replicate-2
pb2	1964	7473	replicate-2
pb2	1965	7438	replicate-2
pb2	1966	7097	replicate-2
pb2	1967	7078	replicate-2
pb2	1968	7079	replicate-2
pb2	1969	7094	replicate-2
pb2	1970	6792	replicate-2
pb2	1971	7043	replicate-2
pb2	1972	7058	replicate-2
pb2	1973	6838	replicate-2
pb2	1974	6796	replicate-2
pb2	1975	6678	replicate-2
pb2	1976	6704	replicate-2
pb2	1977	6692	replicate-2
pb2	1978	6663	replicate-2
pb2	1979	6650	replicate-2
pb2	1980	6551	replicate-2
pb2	1981	6415	replicate-2
pb2	1982	6622	replicate-2
pb2	1983	6634	replicate-2
pb2	1984	6654	replicate-2
pb2	1985	6874	replicate-2
pb2	1986	6792	replicate-2
pb2	1987	6877	replicate-2
pb2	1988	6860	replicate-2
pb2	1989	6788	replicate-2
pb2	1990	7046	replicate-2
pb2	1991	6885	replicate-2
pb2	1992	6935	replicate-2
pb2	1993	6934	replicate-2
pb2	1994	6737	replicate-2
pb2	1995	6827	replicate-2
pb2	1996	6786	replicate-2
pb2	1997	6907	replicate-2
pb2	1998	7071	replicate-2
pb2	1999	6892	replicate-2
pb2	2000	7015	replicate-2
pb2	2001	7148	replicate-2
pb2	2002	7100	replicate-2
pb2	2003	7077	replicate-2
pb2	2004	6989	replicate-2
pb2	2005	6866	replicate-2
pb2	2006	6791	replicate-2
pb2	2007	6794	replicate-2
pb2	2008	6867	replicate-2
pb2	2009	6877	replicate-2
pb2	2010	6790	replicate-2
pb2	2011	6830	replicate-2
pb2	2012	6926	replicate-2
pb2	2013	6934	replicate-2
pb2	2014	6918	replicate-2
pb2	2015	6869	replicate-2
pb2	2016	6908	replicate-2
pb2	2017	6798	replicate-2
pb2	2018	6882	replicate-2
pb2	2019	6929	replicate-2
pb2	2020	6862	replicate-2
pb2	2021	6865	replicate-2
pb2	2022	6918	replicate-2
pb2	2023	6900	replicate-2
pb2	2024	6915	replicate-2
pb2	2025	6872	replicate-2
pb2	2026	7063	replicate-2
pb2	2027	6968	replicate-2
pb2	2028	6969	replicate-2
pb2	2029	7037	replicate-2
pb2	2030	7029	replicate-2
pb2	2031	7050	replicate-2
pb2	2032	7072	replicate-2
pb2	2033	7081	replicate-2
pb2	2034	7105	replicate-2
pb2	2035	6977	replicate-2
pb2	2036	6958	replicate-2
pb2	2037	6943	replicate-2
pb2	2038	6956	replicate-2
pb2	2039	6929	replicate-2
pb2	2040	6947	replicate-2
pb2	2041	6941	replicate-2
pb2	2042	7008	replicate-2
pb2	2043	6989	replicate-2
pb2	2044	7069	replicate-2
pb2	2045	7170	replicate-2
pb2	2046	7184	replicate-2
pb2	2047	7300	replicate-2
pb2	2048	7331	replicate-2
pb2	2049	7312	replicate-2
pb2	2050	7313	replicate-2
pb2	2051	7204	replicate-2
pb2	2052	7247	replicate-2
pb2	2053	7122	replicate-2
pb2	2054	7162	replicate-2
pb2	2055	7052	replicate-2
pb2	2056	6991	replicate-2
pb2	2057	6924	replicate-2
pb2	2058	6913	replicate-2
pb2	2059	6930	replicate-2
pb2	2060	6913	replicate-2
pb2	2061	6897	replicate-2
pb2	2062	6814	replicate-2
pb2	2063	6781	replicate-2
pb2	2064	6759	replicate-2
pb2	2065	7006	replicate-2
pb2	2066	7082	replicate-2
pb2	2067	7103	replicate-2
pb2	2068	7089	replicate-2
pb2	2069	6997	replicate-2
pb2	2070	6988	replicate-2
pb2	2071	7014	replicate-2
pb2	2072	6974	replicate-2
pb2	2073	7050	replicate-2
pb2	2074	6841	replicate-2
pb2	2075	6955	replicate-2
pb2	2076	6872	replicate-2
pb2	2077	6994	replicate-2
pb2	2078	7024	replicate-2
pb2	2079	6979	replicate-2
pb2	2080	7138	replicate-2
pb2	2081	7183	replicate-2
pb2	2082	7166	replicate-2
pb2	2083	7195	replicate-2
pb2	2084	6995	replicate-2
pb2	2085	7027	replicate-2
pb2	2086	7026	replicate-2
pb2	2087	6876	replicate-2
pb2	2088	6916	replicate-2
pb2	2089	6767	replicate-2
pb2	2090	6849	replicate-2
pb2	2091	6846	replicate-2
pb2	2092	6850	replicate-2
pb2	2093	6807	replicate-2
pb2	2094	6766	replicate-2
pb2	2095	7147	replicate-2
pb2	2096	7050	replicate-2
pb2	2097	7076	replicate-2
pb2	2098	7097	replicate-2
pb2	2099	7044	replicate-2
pb2	2100	6995	replicate-2
pb2	2101	6969	replicate-2
pb2	2102	6948	replicate-2
pb2	2103	6846	replicate-2
pb2	2104	6589	replicate-2
pb2	2105	6502	replicate-2
pb2	2106	6492	replicate-2
pb2	2107	6509	replicate-2
pb2	2108	6515	replicate-2
pb2	2109	6531	replicate-2
pb2	2110	6493	replicate-2
pb2	2111	6487	replicate-2
pb2	2112	6495	replicate-2
pb2	2113	6490	replicate-2
pb2	2114	6454	replicate-2
pb2	2115	6424	replicate-2
pb2	2116	6401	replicate-2
pb2	2117	6339	replicate-2
pb2	2118	6371	replicate-2
pb2	2119	6369	replicate-2
pb2	2120	6352	replicate-2
pb2	2121	6305	replicate-2
pb2	2122	6278	replicate-2
pb2	2123	6271	replicate-2
pb2	2124	6265	replicate-2
pb2	2125	6324	replicate-2
pb2	2126	6308	replicate-2
pb2	2127	6281	replicate-2
pb2	2128	6313	replicate-2
pb2	2129	6304	replicate-2
pb2	2130	6341	replicate-2
pb2	2131	6311	replicate-2
pb2	2132	6273	replicate-2
pb2	2133	6309	replicate-2
pb2	2134	6295	replicate-2
pb2	2135	6358	replicate-2
pb2	2136	6315	replicate-2
pb2	2137	6236	replicate-2
pb2	2138	6204	replicate-2
pb2	2139	6089	replicate-2
pb2	2140	6102	replicate-2
pb2	2141	6508	replicate-2
pb2	2142	6453	replicate-2
pb2	2143	6328	replicate-2
pb2	2144	6273	replicate-2
pb2	2145	6177	replicate-2
pb2	2146	6318	replicate-2
pb2	2147	6296	replicate-2
pb2	2148	6232	replicate-2
pb2	2149	6201	replicate-2
pb2	2150	5571	replicate-2
pb2	2151	5669	replicate-2
pb2	2152	5620	replicate-2
pb2	2153	5691	replicate-2
pb2	2154	5686	replicate-2
pb2	2155	5477	replicate-2
pb2	2156	5653	replicate-2
pb2	2157	5644	replicate-2
pb2	2158	5638	replicate-2
pb2	2159	5635	replicate-2
pb2	2160	5445	replicate-2
pb2	2161	5495	replicate-2
pb2	2162	5329	replicate-2
pb2	2163	5369	replicate-2
pb2	2164	5360	replicate-2
pb2	2165	5139	replicate-2
pb2	2166	5180	replicate-2
pb2	2167	5168	replicate-2
pb2	2168	5167	replicate-2
pb2	2169	5159	replicate-2
pb2	2170	5099	replicate-2
pb2	2171	5215	replicate-2
pb2	2172	5145	replicate-2
pb2	2173	5147	replicate-2
pb2	2174	5153	replicate-2
pb2	2175	5140	replicate-2
pb2	2176	5160	replicate-2
pb2	2177	5142	replicate-2
pb2	2178	5126	replicate-2
pb2	2179	5121	replicate-2
pb2	2180	4872	replicate-2
pb2	2181	4937	replicate-2
pb2	2182	4912	replicate-2
pb2	2183	4912	replicate-2
pb2	2184	4816	replicate-2
pb2	2185	4844	replicate-2
pb2	2186	4820	replicate-2
pb2	2187	4833	replicate-2
pb2	2188	4810	replicate-2
pb2	2189	4814	replicate-2
pb2	2190	4780	replicate-2
pb2	2191	4779	replicate-2
pb2	2192	4771	replicate-2
pb2	2193	4708	replicate-2
pb2	2194	4658	replicate-2
pb2	2195	4638	replicate-2
pb2	2196	4521	replicate-2
pb2	2197	4584	replicate-2
pb2	2198	4418	replicate-2
pb2	2199	4351	replicate-2
pb2	2200	4319	replicate-2
pb2	2201	4211	replicate-2
pb2	2202	4211	replicate-2
pb2	2203	4180	replicate-2
pb2	2204	4180	replicate-2
pb2	2205	4128	replicate-2
pb2	2206	4030	replicate-2
pb2	2207	3996	replicate-2
pb2	2208	3988	replicate-2
pb2	2209	3981	replicate-2
pb2	2210	3940	replicate-2
pb2	2211	3921	replicate-2
pb2	2212	3947	replicate-2
pb2	2213	3998	replicate-2
pb2	2214	3986	replicate-2
pb2	2215	3965	replicate-2
pb2	2216	3917	replicate-2
pb2	2217	3920	replicate-2
pb2	2218	3944	replicate-2
pb2	2219	3948	replicate-2
pb2	2220	3870	replicate-2
pb2	2221	3973	replicate-2
pb2	2222	3775	replicate-2
pb2	2223	3839	replicate-2
pb2	2224	3643	replicate-2
pb2	2225	3538	replicate-2
pb2	2226	3641	replicate-2
pb2	2227	3638	replicate-2
pb2	2228	3580	replicate-2
pb2	2229	3677	replicate-2
pb2	2230	3720	replicate-2
pb2	2231	3708	replicate-2
pb2	2232	3768	replicate-2
pb2	2233	3894	replicate-2
pb2	2234	3882	replicate-2
pb2	2235	3870	replicate-2
pb2	2236	3931	replicate-2
pb2	2237	3982	replicate-2
pb2	2238	4007	replicate-2
pb2	2239	4270	replicate-2
pb2	2240	4271	replicate-2
pb2	2241	4262	replicate-2
pb2	2242	4349	replicate-2
pb2	2243	4350	replicate-2
pb2	2244	4378	replicate-2
pb2	2245	4380	replicate-2
pb2	2246	4330	replicate-2
pb2	2247	4381	replicate-2
pb2	2248	4328	replicate-2
pb2	2249	4582	replicate-2
pb2	2250	4584	replicate-2
pb2	2251	4622	replicate-2
pb2	2252	4645	replicate-2
pb2	2253	4610	replicate-2
pb2	2254	4595	replicate-2
pb2	2255	4620	replicate-2
pb2	2256	4574	replicate-2
pb2	2257	4699	replicate-2
pb2	2258	4452	replicate-2
pb2	2259	4456	replicate-2
pb2	2260	4437	replicate-2
pb2	2261	4438	replicate-2
pb2	2262	4419	replicate-2
pb2	2263	4414	replicate-2
pb2	2264	4367	replicate-2
pb2	2265	4390	replicate-2
pb2	2266	4266	replicate-2
pb2	2267	4306	replicate-2
pb2	2268	4293	replicate-2
pb2	2269	4294	replicate-2
pb2	2270	4276	replicate-2
pb2	2271	4273	replicate-2
pb2	2272	4247	replicate-2
pb2	2273	4247	replicate-2
pb2	2274	4150	replicate-2
pb2	2275	4145	replicate-2
pb2	2276	4060	replicate-2
pb2	2277	4054	replicate-2
pb2	2278	4030	replicate-2
pb2	2279	4031	replicate-2
pb2	2280	4023	replicate-2
pb2	2281	4013	replicate-2
pb2	2282	4008	replicate-2
pb2	2283	4002	replicate-2
pb2	2284	3992	replicate-2
pb2	2285	3999	replicate-2
pb2	2286	3899	replicate-2
pb2	2287	3882	replicate-2
pb2	2288	3871	replicate-2
pb2	2289	3869	replicate-2
pb2	2290	3861	replicate-2
pb2	2291	3797	replicate-2
pb2	2292	3772	replicate-2
pb2	2293	3758	replicate-2
pb2	2294	3638	replicate-2
pb2	2295	3631	replicate-2
pb2	2296	3614	replicate-2
pb2	2297	3593	replicate-2
pb2	2298	3588	replicate-2
pb2	2299	3576	replicate-2
pb2	2300	3565	replicate-2
pb2	2301	3543	replicate-2
pb2	2302	3525	replicate-2
pb2	2303	3513	replicate-2
pb2	2304	3448	replicate-2
pb2	2305	3323	replicate-2
pb2	2306	2997	replicate-2
pb2	2307	2978	replicate-2
pb2	2308	2819	replicate-2
pb2	2309	2801	replicate-2
pb2	2310	2735	replicate-2
pb2	2311	2612	replicate-2
pb2	2312	2600	replicate-2
pb2	2313	2585	replicate-2
pb2	2314	2571	replicate-2
pb2	2315	2562	replicate-2
pb2	2316	2244	replicate-2
pb2	2317	2241	replicate-2
pb2	2318	2177	replicate-2
pb2	2319	2174	replicate-2
pb2	2320	2169	replicate-2
pb2	2321	2128	replicate-2
pb2	2322	2123	replicate-2
pb2	2323	2116	replicate-2
pb2	2324	2103	replicate-2
pb2	2325	2077	replicate-2
pb2	2326	1512	replicate-2
pb2	2327	1483	replicate-2
pb2	2328	1463	replicate-2
pb2	2329	1461	replicate-2
pb2	2330	1445	replicate-2
pb2	2331	1433	replicate-2
pb2	2332	1410	replicate-2
pb2	2333	1408	replicate-2
pb2	2334	1400	replicate-2
pb2	2335	1380	replicate-2
pb2	2336	1366	replicate-2
pb2	2337	1166	replicate-2
pb2	2338	1108	replicate-2
pb2	2339	1093	replicate-2
pb2	2340	1080	replicate-2
pb2	2341	159	replicate-2
pa	971	12	replicate-2
pa	972	13	replicate-2
pa	973	13	replicate-2
pa	974	115	replicate-2
pa	975	198	replicate-2
pa	976	330	replicate-2
pa	977	332	replicate-2
pa	978	333	replicate-2
pa	979	388	replicate-2
pa	980	458	replicate-2
pa	981	664	replicate-2
pa	982	673	replicate-2
pa	983	676	replicate-2
pa	984	767	replicate-2
pa	985	890	replicate-2
pa	986	1048	replicate-2
pa	987	1050	replicate-2
pa	988	1174	replicate-2
pa	989	1269	replicate-2
pa	990	1540	replicate-2
pa	991	1572	replicate-2
pa	992	1576	replicate-2
pa	993	1587	replicate-2
pa	994	1615	replicate-2
pa	995	1668	replicate-2
pa	996	1673	replicate-2
pa	997	1724	replicate-2
pa	998	1741	replicate-2
pa	999	1754	replicate-2
pa	1000	2039	replicate-2
pa	1001	2047	replicate-2
pa	1002	2067	replicate-2
pa	1003	2099	replicate-2
pa	1004	2106	replicate-2
pa	1005	2118	replicate-2
pa	1006	2122	replicate-2
pa	1007	2129	replicate-2
pa	1008	2267	replicate-2
pa	1009	2442	replicate-2
pa	1010	2565	replicate-2
pa	1011	2614	replicate-2
pa	1012	2619	replicate-2
pa	1013	2622	replicate-2
pa	1014	2640	replicate-2
pa	1015	2821	replicate-2
pa	1016	2944	replicate-2
pa	1017	3335	replicate-2
pa	1018	3344	replicate-2
pa	1019	3384	replicate-2
pa	1020	3407	replicate-2
pa	1021	3594	replicate-2
pa	1022	3702	replicate-2
pa	1023	3756	replicate-2
pa	1024	3758	replicate-2
pa	1025	3872	replicate-2
pa	1026	3881	replicate-2
pa	1027	4023	replicate-2
pa	1028	4027	replicate-2
pa	1029	4043	replicate-2
pa	1030	4046	replicate-2
pa	1031	4052	replicate-2
pa	1032	4120	replicate-2
pa	1033	4159	replicate-2
pa	1034	4188	replicate-2
pa	1035	4197	replicate-2
pa	1036	4192	replicate-2
pa	1037	4221	replicate-2
pa	1038	4250	replicate-2
pa	1039	4260	replicate-2
pa	1040	4278	replicate-2
pa	1041	4284	replicate-2
pa	1042	4284	replicate-2
pa	1043	4289	replicate-2
pa	1044	4319	replicate-2
pa	1045	4402	replicate-2
pa	1046	4460	replicate-2
pa	1047	4482	replicate-2
pa	1048	4521	replicate-2
pa	1049	4569	replicate-2
pa	1050	4583	replicate-2
pa	1051	4600	replicate-2
pa	1052	4631	replicate-2
pa	1053	4619	replicate-2
pa	1054	4651	replicate-2
pa	1055	4595	replicate-2
pa	1056	4628	replicate-2
pa	1057	5204	replicate-2
pa	1058	5214	replicate-2
pa	1059	5267	replicate-2
pa	1060	5264	replicate-2
pa	1061	5259	replicate-2
pa	1062	5276	replicate-2
pa	1063	5296	replicate-2
pa	1064	5309	replicate-2
pa	1065	5384	replicate-2
pa	1066	5225	replicate-2
pa	1067	5247	replicate-2
pa	1068	5247	replicate-2
pa	1069	5269	replicate-2
pa	1070	5294	replicate-2
pa	1071	5268	replicate-2
pa	1072	5275	replicate-2
pa	1073	5245	replicate-2
pa	1074	5191	replicate-2
pa	1075	5203	replicate-2
pa	1076	5196	replicate-2
pa	1077	5227	replicate-2
pa	1078	5271	replicate-2
pa	1079	5271	replicate-2
pa	1080	5288	replicate-2
pa	1081	5287	replicate-2
pa	1082	5271	replicate-2
pa	1083	5239	replicate-2
pa	1084	5216	replicate-2
pa	1085	5248	replicate-2
pa	1086	5260	replicate-2
pa	1087	5222	replicate-2
pa	1088	5200	replicate-2
pa	1089	5191	replicate-2
pa	1090	5182	replicate-2
pa	1091	5175	replicate-2
pa	1092	5280	replicate-2
pa	1093	5255	replicate-2
pa	1094	5243	replicate-2
pa	1095	5224	replicate-2
pa	1096	5199	replicate-2
pa	1097	5174	replicate-2
pa	1098	5149	replicate-2
pa	1099	5137	replicate-2
pa	1100	5139	replicate-2
pa	1101	5139	replicate-2
pa	1102	5085	replicate-2
pa	1103	5052	replicate-2
pa	1104	5184	replicate-2
pa	1105	5172	replicate-2
pa	1106	5122	replicate-2
pa	1107	5189	replicate-2
pa	1108	5129	replicate-2
pa	1109	5122	replicate-2
pa	1110	5062	replicate-2
pa	1111	5045	replicate-2
pa	1112	5071	replicate-2
pa	1113	4975	replicate-2
pa	1114	5001	replicate-2
pa	1115	5036	replicate-2
pa	1116	5029	replicate-2
pa	1117	5554	replicate-2
pa	1118	5526	replicate-2
pa	1119	5583	replicate-2
pa	1120	5572	replicate-2
pa	1121	5544	replicate-2
pa	1122	5477	replicate-2
pa	1123	5478	replicate-2
pa	1124	5519	replicate-2
pa	1125	5540	replicate-2
pa	1126	5139	replicate-2
pa	1127	5185	replicate-2
pa	1128	5200	replicate-2
pa	1129	5216	replicate-2
pa	1130	5269	replicate-2
pa	1131	5215	replicate-2
pa	1132	5329	replicate-2
pa	1133	5291	replicate-2
pa	1134	5311	replicate-2
pa	1135	5605	replicate-2
pa	1136	5619	replicate-2
pa	1137	5584	replicate-2
pa	1138	5624	replicate-2
pa	1139	5546	replicate-2
pa	1140	5710	replicate-2
pa	1141	5603	replicate-2
pa	1142	5660	replicate-2
pa	1143	5658	replicate-2
pa	1144	5454	replicate-2
pa	1145	5440	replicate-2
pa	1146	5430	replicate-2
pa	1147	5453	replicate-2
pa	1148	5525	replicate-2
pa	1149	5398	replicate-2
pa	1150	5411	replicate-2
pa	1151	5385	replicate-2
pa	1152	5408	replicate-2
pa	1153	5443	replicate-2
pa	1154	5419	replicate-2
pa	1155	5396	replicate-2
pa	1156	5444	replicate-2
pa	1157	5442	replicate-2
pa	1158	5454	replicate-2
pa	1159	5489	replicate-2
pa	1160	5466	replicate-2
pa	1161	5476	replicate-2
pa	1162	5553	replicate-2
pa	1163	5709	replicate-2
pa	1164	5752	replicate-2
pa	1165	5744	replicate-2
pa	1166	5720	replicate-2
pa	1167	5692	replicate-2
pa	1168	5668	replicate-2
pa	1169	5663	replicate-2
pa	1170	5706	replicate-2
pa	1171	5733	replicate-2
pa	1172	5627	replicate-2
pa	1173	5966	replicate-2
pa	1174	5949	replicate-2
pa	1175	6197	replicate-2
pa	1176	6207	replicate-2
pa	1177	6197	replicate-2
pa	1178	6179	replicate-2
pa	1179	6237	replicate-2
pa	1180	6370	replicate-2
pa	1181	6368	replicate-2
pa	1182	6138	replicate-2
pa	1183	6174	replicate-2
pa	1184	6089	replicate-2
pa	1185	6116	replicate-2
pa	1186	6166	replicate-2
pa	1187	6172	replicate-2
pa	1188	6142	replicate-2
pa	1189	6081	replicate-2
pa	1190	7063	replicate-2
pa	1191	7084	replicate-2
pa	1192	7285	replicate-2
pa	1193	7308	replicate-2
pa	1194	7366	replicate-2
pa	1195	7421	replicate-2
pa	1196	7416	replicate-2
pa	1197	7421	replicate-2
pa	1198	7700	replicate-2
pa	1199	7185	replicate-2
pa	1200	8028	replicate-2
pa	1201	8009	replicate-2
pa	1202	8040	replicate-2
pa	1203	8165	replicate-2
pa	1204	8154	replicate-2
pa	1205	8194	replicate-2
pa	1206	8187	replicate-2
pa	1207	7974	replicate-2
pa	1208	8005	replicate-2
pa	1209	7830	replicate-2
pa	1210	7816	replicate-2
pa	1211	7845	replicate-2
pa	1212	7835	replicate-2
pa	1213	7910	replicate-2
pa	1214	7920	replicate-2
pa	1215	8000	replicate-2
pa	1216	8036	replicate-2
pa	1217	8014	replicate-2
pa	1218	7957	replicate-2
pa	1219	7979	replicate-2
pa	1220	8049	replicate-2
pa	1221	8294	replicate-2
pa	1222	8334	replicate-2
pa	1223	8303	replicate-2
pa	1224	8277	replicate-2
pa	1225	8265	replicate-2
pa	1226	8288	replicate-2
pa	1227	8262	replicate-2
pa	1228	8290	replicate-2
pa	1229	8181	replicate-2
pa	1230	8084	replicate-2
pa	1231	8131	replicate-2
pa	1232	8159	replicate-2
pa	1233	8200	replicate-2
pa	1234	8256	replicate-2
pa	1235	8272	replicate-2
pa	1236	8302	replicate-2
pa	1237	8313	replicate-2
pa	1238	8413	replicate-2
pa	1239	8428	replicate-2
pa	1240	8428	replicate-2
pa	1241	8467	replicate-2
pa	1242	8621	replicate-2
pa	1243	8660	replicate-2
pa	1244	8666	replicate-2
pa	1245	8668	replicate-2
pa	1246	8674	replicate-2
pa	1247	8600	replicate-2
pa	1248	8716	replicate-2
pa	1249	8824	replicate-2
pa	1250	8834	replicate-2
pa	1251	8714	replicate-2
pa	1252	8923	replicate-2
pa	1253	8920	replicate-2
pa	1254	8969	replicate-2
pa	1255	8952	replicate-2
pa	1256	8942	replicate-2
pa	1257	9520	replicate-2
pa	1258	9430	replicate-2
pa	1259	9457	replicate-2
pa	1260	9458	replicate-2
pa	1261	9338	replicate-2
pa	1262	9389	replicate-2
pa	1263	9434	replicate-2
pa	1264	9492	replicate-2
pa	1265	9505	replicate-2
pa	1266	9083	replicate-2
pa	1267	9132	replicate-2
pa	1268	9316	replicate-2
pa	1269	9366	replicate-2
pa	1270	9600	replicate-2
pa	1271	9584	replicate-2
pa	1272	9435	replicate-2
pa	1273	9449	replicate-2
pa	1274	9473	replicate-2
pa	1275	9663	replicate-2
pa	1276	9585	replicate-2
pa	1277	9594	replicate-2
pa	1278	9427	replicate-2
pa	1279	9540	replicate-2
pa	1280	9540	replicate-2
pa	1281	9581	replicate-2
pa	1282	9564	replicate-2
pa	1283	9574	replicate-2
pa	1284	9567	replicate-2
pa	1285	9588	replicate-2
pa	1286	9598	replicate-2
pa	1287	9621	replicate-2
pa	1288	9512	replicate-2
pa	1289	10111	replicate-2
pa	1290	10230	replicate-2
pa	1291	10228	replicate-2
pa	1292	10216	replicate-2
pa	1293	10125	replicate-2
pa	1294	10441	replicate-2
pa	1295	10365	replicate-2
pa	1296	10304	replicate-2
pa	1297	10309	replicate-2
pa	1298	9872	replicate-2
pa	1299	10024	replicate-2
pa	1300	10054	replicate-2
pa	1301	10063	replicate-2
pa	1302	10067	replicate-2
pa	1303	9920	replicate-2
pa	1304	10393	replicate-2
pa	1305	10340	replicate-2
pa	1306	10344	replicate-2
pa	1307	10385	replicate-2
pa	1308	10184	replicate-2
pa	1309	10355	replicate-2
pa	1310	10461	replicate-2
pa	1311	10544	replicate-2
pa	1312	10561	replicate-2
pa	1313	10235	replicate-2
pa	1314	10201	replicate-2
pa	1315	10262	replicate-2
pa	1316	10598	replicate-2
pa	1317	10614	replicate-2
pa	1318	10535	replicate-2
pa	1319	10523	replicate-2
pa	1320	10552	replicate-2
pa	1321	10651	replicate-2
pa	1322	10638	replicate-2
pa	1323	10620	replicate-2
pa	1324	10659	replicate-2
pa	1325	10428	replicate-2
pa	1326	10594	replicate-2
pa	1327	10914	replicate-2
pa	1328	10911	replicate-2
pa	1329	10933	replicate-2
pa	1330	10975	replicate-2
pa	1331	10927	replicate-2
pa	1332	10918	replicate-2
pa	1333	10924	replicate-2
pa	1334	10850	replicate-2
pa	1335	11163	replicate-2
pa	1336	10899	replicate-2
pa	1337	11171	replicate-2
pa	1338	11204	replicate-2
pa	1339	11237	replicate-2
pa	1340	11038	replicate-2
pa	1341	11029	replicate-2
pa	1342	11075	replicate-2
pa	1343	11109	replicate-2
pa	1344	11038	replicate-2
pa	1345	10998	replicate-2
pa	1346	10817	replicate-2
pa	1347	10856	replicate-2
pa	1348	10808	replicate-2
pa	1349	10821	replicate-2
pa	1350	10846	replicate-2
pa	1351	10661	replicate-2
pa	1352	10666	replicate-2
pa	1353	10761	replicate-2
pa	1354	10769	replicate-2
pa	1355	10747	replicate-2
pa	1356	10843	replicate-2
pa	1357	10853	replicate-2
pa	1358	10855	replicate-2
pa	1359	10825	replicate-2
pa	1360	10806	replicate-2
pa	1361	10799	replicate-2
pa	1362	10658	replicate-2
pa	1363	10494	replicate-2
pa	1364	10747	replicate-2
pa	1365	10582	replicate-2
pa	1366	10653	replicate-2
pa	1367	10612	replicate-2
pa	1368	10521	replicate-2
pa	1369	10601	replicate-2
pa	1370	10295	replicate-2
pa	1371	10271	replicate-2
pa	1372	10306	replicate-2
pa	1373	9625	replicate-2
pa	1374	9937	replicate-2
pa	1375	9893	replicate-2
pa	1376	9917	replicate-2
pa	1377	9968	replicate-2
pa	1378	9932	replicate-2
pa	1379	9955	replicate-2
pa	1380	10098	replicate-2
pa	1381	10044	replicate-2
pa	1382	10059	replicate-2
pa	1383	9949	replicate-2
pa	1384	9761	replicate-2
pa	1385	9775	replicate-2
pa	1386	9720	replicate-2
pa	1387	9762	replicate-2
pa	1388	9802	replicate-2
pa	1389	9678	replicate-2
pa	1390	9922	replicate-2
pa	1391	10051	replicate-2
pa	1392	10046	replicate-2
pa	1393	10206	replicate-2
pa	1394	10122	replicate-2
pa	1395	10239	replicate-2
pa	1396	10208	replicate-2
pa	1397	10082	replicate-2
pa	1398	10164	replicate-2
pa	1399	9624	replicate-2
pa	1400	9764	replicate-2
pa	1401	9825	replicate-2
pa	1402	9789	replicate-2
pa	1403	9791	replicate-2
pa	1404	9686	replicate-2
pa	1405	9627	replicate-2
pa	1406	9555	replicate-2
pa	1407	9437	replicate-2
pa	1408	9422	replicate-2
pa	1409	9482	replicate-2
pa	1410	8967	replicate-2
pa	1411	9125	replicate-2
pa	1412	9039	replicate-2
pa	1413	9132	replicate-2
pa	1414	9125	replicate-2
pa	1415	9991	replicate-2
pa	1416	10791	replicate-2
pa	1417	10775	replicate-2
pa	1418	10770	replicate-2
pa	1419	11017	replicate-2
pa	1420	10906	replicate-2
pa	1421	11440	replicate-2
pa	1422	11396	replicate-2
pa	1423	11401	replicate-2
pa	1424	11406	replicate-2
pa	1425	10117	replicate-2
pa	1426	10568	replicate-2
pa	1427	10597	replicate-2
pa	1428	10383	replicate-2
pa	1429	10469	replicate-2
pa	1430	10087	replicate-2
pa	1431	10507	replicate-2
pa	1432	10577	replicate-2
pa	1433	10583	replicate-2
pa	1434	10742	replicate-2
pa	1435	10411	replicate-2
pa	1436	10494	replicate-2
pa	1437	10524	replicate-2
pa	1438	10517	replicate-2
pa	1439	10520	replicate-2
pa	1440	10278	replicate-2
pa	1441	10286	replicate-2
pa	1442	10293	replicate-2
pa	1443	10256	replicate-2
pa	1444	10220	replicate-2
pa	1445	10213	replicate-2
pa	1446	10170	replicate-2
pa	1447	10195	replicate-2
pa	1448	10204	replicate-2
pa	1449	10190	replicate-2
pa	1450	10452	replicate-2
pa	1451	10469	replicate-2
pa	1452	10470	replicate-2
pa	1453	10522	replicate-2
pa	1454	10520	replicate-2
pa	1455	10541	replicate-2
pa	1456	10579	replicate-2
pa	1457	10572	replicate-2
pa	1458	10544	replicate-2
pa	1459	10307	replicate-2
pa	1460	10378	replicate-2
pa	1461	10493	replicate-2
pa	1462	10454	replicate-2
pa	1463	10461	replicate-2
pa	1464	10429	replicate-2
pa	1465	10374	replicate-2
pa	1466	10342	replicate-2
pa	1467	10364	replicate-2
pa	1468	10370	replicate-2
pa	1469	10211	replicate-2
pa	1470	10183	replicate-2
pa	1471	10194	replicate-2
pa	1472	10386	replicate-2
pa	1473	10425	replicate-2
pa	1474	10442	replicate-2
pa	1475	10428	replicate-2
pa	1476	10369	replicate-2
pa	1477	10407	replicate-2
pa	1478	10451	replicate-2
pa	1479	10441	replicate-2
pa	1480	10420	replicate-2
pa	1481	10163	replicate-2
pa	1482	10193	replicate-2
pa	1483	10315	replicate-2
pa	1484	10370	replicate-2
pa	1485	10348	replicate-2
pa	1486	10282	replicate-2
pa	1487	10192	replicate-2
pa	1488	10261	replicate-2
pa	1489	10285	replicate-2
pa	1490	10254	replicate-2
pa	1491	10247	replicate-2
pa	1492	9929	replicate-2
pa	1493	9980	replicate-2
pa	1494	9992	replicate-2
pa	1495	9988	replicate-2
pa	1496	10003	replicate-2
pa	1497	9837	replicate-2
pa	1498	9834	replicate-2
pa	1499	9812	replicate-2
pa	1500	9789	replicate-2
pa	1501	9824	replicate-2
pa	1502	9687	replicate-2
pa	1503	9601	replicate-2
pa	1504	9546	replicate-2
pa	1505	9541	replicate-2
pa	1506	9515	replicate-2
pa	1507	9383	replicate-2
pa	1508	9381	replicate-2
pa	1509	9327	replicate-2
pa	1510	9275	replicate-2
pa	1511	9198	replicate-2
pa	1512	9207	replicate-2
pa	1513	9205	replicate-2
pa	1514	9294	replicate-2
pa	1515	9235	replicate-2
pa	1516	9173	replicate-2
pa	1517	9168	replicate-2
pa	1518	9040	replicate-2
pa	1519	9145	replicate-2
pa	1520	9100	replicate-2
pa	1521	9666	replicate-2
pa	1522	9886	replicate-2
pa	1523	9719	replicate-2
pa	1524	9847	replicate-2
pa	1525	9815	replicate-2
pa	1526	9775	replicate-2
pa	1527	9821	replicate-2
pa	1528	9540	replicate-2
pa	1529	9386	replicate-2
pa	1530	9264	replicate-2
pa	1531	8501	replicate-2
pa	1532	8423	replicate-2
pa	1533	8413	replicate-2
pa	1534	8361	replicate-2
pa	1535	8608	replicate-2
pa	1536	8669	replicate-2
pa	1537	8691	replicate-2
pa	1538	8630	replicate-2
pa	1539	8526	replicate-2
pa	1540	8603	replicate-2
pa	1541	8557	replicate-2
pa	1542	8503	replicate-2
pa	1543	8495	replicate-2
pa	1544	8400	replicate-2
pa	1545	8255	replicate-2
pa	1546	8168	replicate-2
pa	1547	8315	replicate-2
pa	1548	8437	replicate-2
pa	1549	8378	replicate-2
pa	1550	8392	replicate-2
pa	1551	8392	replicate-2
pa	1552	8660	replicate-2
pa	1553	8695	replicate-2
pa	1554	8738	replicate-2
pa	1555	8751	replicate-2
pa	1556	8594	replicate-2
pa	1557	8570	replicate-2
pa	1558	8565	replicate-2
pa	1559	8573	replicate-2
pa	1560	8864	replicate-2
pa	1561	8626	replicate-2
pa	1562	8632	replicate-2
pa	1563	8606	replicate-2
pa	1564	8634	replicate-2
pa	1565	8775	replicate-2
pa	1566	8747	replicate-2
pa	1567	8707	replicate-2
pa	1568	8779	replicate-2
pa	1569	8382	replicate-2
pa	1570	8412	replicate-2
pa	1571	8372	replicate-2
pa	1572	8304	replicate-2
pa	1573	8467	replicate-2
pa	1574	8356	replicate-2
pa	1575	8316	replicate-2
pa	1576	8332	replicate-2
pa	1577	8254	replicate-2
pa	1578	8311	replicate-2
pa	1579	8243	replicate-2
pa	1580	8236	replicate-2
pa	1581	8324	replicate-2
pa	1582	8027	replicate-2
pa	1583	8046	replicate-2
pa	1584	7986	replicate-2
pa	1585	8012	replicate-2
pa	1586	7991	replicate-2
pa	1587	7901	replicate-2
pa	1588	7949	replicate-2
pa	1589	8198	replicate-2
pa	1590	8055	replicate-2
pa	1591	8047	replicate-2
pa	1592	8039	replicate-2
pa	1593	8057	replicate-2
pa	1594	8197	replicate-2
pa	1595	8191	replicate-2
pa	1596	8248	replicate-2
pa	1597	8119	replicate-2
pa	1598	7911	replicate-2
pa	1599	8043	replicate-2
pa	1600	8070	replicate-2
pa	1601	8120	replicate-2
pa	1602	8116	replicate-2
pa	1603	8151	replicate-2
pa	1604	7981	replicate-2
pa	1605	8001	replicate-2
pa	1606	7963	replicate-2
pa	1607	7986	replicate-2
pa	1608	7884	replicate-2
pa	1609	7872	replicate-2
pa	1610	7921	replicate-2
pa	1611	7965	replicate-2
pa	1612	7984	replicate-2
pa	1613	7997	replicate-2
pa	1614	7948	replicate-2
pa	1615	7980	replicate-2
pa	1616	8170	replicate-2
pa	1617	8242	replicate-2
pa	1618	8239	replicate-2
pa	1619	8074	replicate-2
pa	1620	8099	replicate-2
pa	1621	8268	replicate-2
pa	1622	8241	replicate-2
pa	1623	8179	replicate-2
pa	1624	8193	replicate-2
pa	1625	7933	replicate-2
pa	1626	7899	replicate-2
pa	1627	7907	replicate-2
pa	1628	7888	replicate-2
pa	1629	7969	replicate-2
pa	1630	7801	replicate-2
pa	1631	7910	replicate-2
pa	1632	7907	replicate-2
pa	1633	7938	replicate-2
pa	1634	7994	replicate-2
pa	1635	8071	replicate-2
pa	1636	8242	replicate-2
pa	1637	8229	replicate-2
pa	1638	8168	replicate-2
pa	1639	8176	replicate-2
pa	1640	8098	replicate-2
pa	1641	8243	replicate-2
pa	1642	8218	replicate-2
pa	1643	8126	replicate-2
pa	1644	8120	replicate-2
pa	1645	7937	replicate-2
pa	1646	8025	replicate-2
pa	1647	7984	replicate-2
pa	1648	8033	replicate-2
pa	1649	8276	replicate-2
pa	1650	8227	replicate-2
pa	1651	8406	replicate-2
pa	1652	8402	replicate-2
pa	1653	8405	replicate-2
pa	1654	8431	replicate-2
pa	1655	8439	replicate-2
pa	1656	8450	replicate-2
pa	1657	8499	replicate-2
pa	1658	8266	replicate-2
pa	1659	8338	replicate-2
pa	1660	8345	replicate-2
pa	1661	8431	replicate-2
pa	1662	8450	replicate-2
pa	1663	8506	replicate-2
pa	1664	8698	replicate-2
pa	1665	8671	replicate-2
pa	1666	8651	replicate-2
pa	1667	8642	replicate-2
pa	1668	8650	replicate-2
pa	1669	8917	replicate-2
pa	1670	8823	replicate-2
pa	1671	8936	replicate-2
pa	1672	8839	replicate-2
pa	1673	8681	replicate-2
pa	1674	8714	replicate-2
pa	1675	8676	replicate-2
pa	1676	8768	replicate-2
pa	1677	8799	replicate-2
pa	1678	8357	replicate-2
pa	1679	8442	replicate-2
pa	1680	8283	replicate-2
pa	1681	8656	replicate-2
pa	1682	8717	replicate-2
pa	1683	8688	replicate-2
pa	1684	8677	replicate-2
pa	1685	8553	replicate-2
pa	1686	8454	replicate-2
pa	1687	8537	replicate-2
pa	1688	8466	replicate-2
pa	1689	8460	replicate-2
pa	1690	8170	replicate-2
pa	1691	8123	replicate-2
pa	1692	8138	replicate-2
pa	1693	8365	replicate-2
pa	1694	8503	replicate-2
pa	1695	8713	replicate-2
pa	1696	8627	replicate-2
pa	1697	8563	replicate-2
pa	1698	8550	replicate-2
pa	1699	8579	replicate-2
pa	1700	8622	replicate-2
pa	1701	8577	replicate-2
pa	1702	8608	replicate-2
pa	1703	8442	replicate-2
pa	1704	8281	replicate-2
pa	1705	8398	replicate-2
pa	1706	8432	replicate-2
pa	1707	8522	replicate-2
pa	1708	8561	replicate-2
pa	1709	8662	replicate-2
pa	1710	8766	replicate-2
pa	1711	8655	replicate-2
pa	1712	8557	replicate-2
pa	1713	8656	replicate-2
pa	1714	8544	replicate-2
pa	1715	8692	replicate-2
pa	1716	8789	replicate-2
pa	1717	8836	replicate-2
pa	1718	8710	replicate-2
pa	1719	8588	replicate-2
pa	1720	8519	replicate-2
pa	1721	8547	replicate-2
pa	1722	8524	replicate-2
pa	1723	8447	replicate-2
pa	1724	8410	replicate-2
pa	1725	8132	replicate-2
pa	1726	7989	replicate-2
pa	1727	7904	replicate-2
pa	1728	7937	replicate-2
pa	1729	7927	replicate-2
pa	1730	7899	replicate-2
pa	1731	7846	replicate-2
pa	1732	7791	replicate-2
pa	1733	7807	replicate-2
pa	1734	7804	replicate-2
pa	1735	7794	replicate-2
pa	1736	7836	replicate-2
pa	1737	7848	replicate-2
pa	1738	7835	replicate-2
pa	1739	7821	replicate-2
pa	1740	7796	replicate-2
pa	1741	7839	replicate-2
pa	1742	7826	replicate-2
pa	1743	7754	replicate-2
pa	1744	7706	replicate-2
pa	1745	7714	replicate-2
pa	1746	7759	replicate-2
pa	1747	7791	replicate-2
pa	1748	7788	replicate-2
pa	1749	7964	replicate-2
pa	1750	7957	replicate-2
pa	1751	7911	replicate-2
pa	1752	7900	replicate-2
pa	1753	7915	replicate-2
pa	1754	7920	replicate-2
pa	1755	7998	replicate-2
pa	1756	8026	replicate-2
pa	1757	8218	replicate-2
pa	1758	7939	replicate-2
pa	1759	7951	replicate-2
pa	1760	7943	replicate-2
pa	1761	7925	replicate-2
pa	1762	8144	replicate-2
pa	1763	7869	replicate-2
pa	1764	7813	replicate-2
pa	1765	7666	replicate-2
pa	1766	7296	replicate-2
pa	1767	7280	replicate-2
pa	1768	7193	replicate-2
pa	1769	7222	replicate-2
pa	1770	7234	replicate-2
pa	1771	6989	replicate-2
pa	1772	6979	replicate-2
pa	1773	6915	replicate-2
pa	1774	6923	replicate-2
pa	1775	7068	replicate-2
pa	1776	7053	replicate-2
pa	1777	7062	replicate-2
pa	1778	7012	replicate-2
pa	1779	7084	replicate-2
pa	1780	7205	replicate-2
pa	1781	7202	replicate-2
pa	1782	7211	replicate-2
pa	1783	7210	replicate-2
pa	1784	6956	replicate-2
pa	1785	6982	replicate-2
pa	1786	6932	replicate-2
pa	1787	7168	replicate-2
pa	1788	7104	replicate-2
pa	1789	7252	replicate-2
pa	1790	7273	replicate-2
pa	1791	7301	replicate-2
pa	1792	7299	replicate-2
pa	1793	7272	replicate-2
pa	1794	7253	replicate-2
pa	1795	7275	replicate-2
pa	1796	6930	replicate-2
pa	1797	7100	replicate-2
pa	1798	6895	replicate-2
pa	1799	6887	replicate-2
pa	1800	6834	replicate-2
pa	1801	6830	replicate-2
pa	1802	6769	replicate-2
pa	1803	6829	replicate-2
pa	1804	6711	replicate-2
pa	1805	6796	replicate-2
pa	1806	6521	replicate-2
pa	1807	6447	replicate-2
pa	1808	6436	replicate-2
pa	1809	6588	replicate-2
pa	1810	6613	replicate-2
pa	1811	6600	replicate-2
pa	1812	6372	replicate-2
pa	1813	6369	replicate-2
pa	1814	6093	replicate-2
pa	1815	6116	replicate-2
pa	1816	6140	replicate-2
pa	1817	6129	replicate-2
pa	1818	5910	replicate-2
pa	1819	5854	replicate-2
pa	1820	5826	replicate-2
pa	1821	6063	replicate-2
pa	1822	6045	replicate-2
pa	1823	6099	replicate-2
pa	1824	6079	replicate-2
pa	1825	6188	replicate-2
pa	1826	6225	replicate-2
pa	1827	6232	replicate-2
pa	1828	6332	replicate-2
pa	1829	6318	replicate-2
pa	1830	5999	replicate-2
pa	1831	5884	replicate-2
pa	1832	5861	replicate-2
pa	1833	5830	replicate-2
pa	1834	6019	replicate-2
pa	1835	5978	replicate-2
pa	1836	5950	replicate-2
pa	1837	5892	replicate-2
pa	1838	5883	replicate-2
pa	1839	5927	replicate-2
pa	1840	5965	replicate-2
pa	1841	5913	replicate-2
pa	1842	5923	replicate-2
pa	1843	5692	replicate-2
pa	1844	5722	replicate-2
pa	1845	5746	replicate-2
pa	1846	5768	replicate-2
pa	1847	5832	replicate-2
pa	1848	5764	replicate-2
pa	1849	5727	replicate-2
pa	1850	5712	replicate-2
pa	1851	5678	replicate-2
pa	1852	5699	replicate-2
pa	1853	5627	replicate-2
pa	1854	5609	replicate-2
pa	1855	5588	replicate-2
pa	1856	5517	replicate-2
pa	1857	5537	replicate-2
pa	1858	5555	replicate-2
pa	1859	5551	replicate-2
pa	1860	5539	replicate-2
pa	1861	5545	replicate-2
pa	1862	5503	replicate-2
pa	1863	5536	replicate-2
pa	1864	5517	replicate-2
pa	1865	5501	replicate-2
pa	1866	5536	replicate-2
pa	1867	5512	replicate-2
pa	1868	5676	replicate-2
pa	1869	5846	replicate-2
pa	1870	5873	replicate-2
pa	1871	5919	replicate-2
pa	1872	5894	replicate-2
pa	1873	5941	replicate-2
pa	1874	5938	replicate-2
pa	1875	5862	replicate-2
pa	1876	5843	replicate-2
pa	1877	5631	replicate-2
pa	1878	5699	replicate-2
pa	1879	5605	replicate-2
pa	1880	5649	replicate-2
pa	1881	5675	replicate-2
pa	1882	5675	replicate-2
pa	1883	5802	replicate-2
pa	1884	5784	replicate-2
pa	1885	5832	replicate-2
pa	1886	5866	replicate-2
pa	1887	5879	replicate-2
pa	1888	5918	replicate-2
pa	1889	5938	replicate-2
pa	1890	5906	replicate-2
pa	1891	5924	replicate-2
pa	1892	5705	replicate-2
pa	1893	5723	replicate-2
pa	1894	5655	replicate-2
pa	1895	5750	replicate-2
pa	1896	5924	replicate-2
pa	1897	5929	replicate-2
pa	1898	5943	replicate-2
pa	1899	5947	replicate-2
pa	1900	5950	replicate-2
pa	1901	5983	replicate-2
pa	1902	5977	replicate-2
pa	1903	6150	replicate-2
pa	1904	6261	replicate-2
pa	1905	6122	replicate-2
pa	1906	6227	replicate-2
pa	1907	6236	replicate-2
pa	1908	6195	replicate-2
pa	1909	6247	replicate-2
pa	1910	6219	replicate-2
pa	1911	6281	replicate-2
pa	1912	6204	replicate-2
pa	1913	6001	replicate-2
pa	1914	5949	replicate-2
pa	1915	5917	replicate-2
pa	1916	6010	replicate-2
pa	1917	6025	replicate-2
pa	1918	5980	replicate-2
pa	1919	6064	replicate-2
pa	1920	6023	replicate-2
pa	1921	6016	replicate-2
pa	1922	6145	replicate-2
pa	1923	6125	replicate-2
pa	1924	6167	replicate-2
pa	1925	6102	replicate-2
pa	1926	6088	replicate-2
pa	1927	6112	replicate-2
pa	1928	6023	replicate-2
pa	1929	6363	replicate-2
pa	1930	6447	replicate-2
pa	1931	6351	replicate-2
pa	1932	6658	replicate-2
pa	1933	6624	replicate-2
pa	1934	6691	replicate-2
pa	1935	6686	replicate-2
pa	1936	6665	replicate-2
pa	1937	6681	replicate-2
pa	1938	6353	replicate-2
pa	1939	6270	replicate-2
pa	1940	6319	replicate-2
pa	1941	6136	replicate-2
pa	1942	6128	replicate-2
pa	1943	6079	replicate-2
pa	1944	6091	replicate-2
pa	1945	6067	replicate-2
pa	1946	6051	replicate-2
pa	1947	6180	replicate-2
pa	1948	6196	replicate-2
pa	1949	6254	replicate-2
pa	1950	6249	replicate-2
pa	1951	6291	replicate-2
pa	1952	6332	replicate-2
pa	1953	6337	replicate-2
pa	1954	6360	replicate-2
pa	1955	6365	replicate-2
pa	1956	6250	replicate-2
pa	1957	6462	replicate-2
pa	1958	6454	replicate-2
pa	1959	6622	replicate-2
pa	1960	6623	replicate-2
pa	1961	6630	replicate-2
pa	1962	6755	replicate-2
pa	1963	6726	replicate-2
pa	1964	6707	replicate-2
pa	1965	6724	replicate-2
pa	1966	6669	replicate-2
pa	1967	8263	replicate-2
pa	1968	8244	replicate-2
pa	1969	8467	replicate-2
pa	1970	8474	replicate-2
pa	1971	8626	replicate-2
pa	1972	8611	replicate-2
pa	1973	8675	replicate-2
pa	1974	8707	replicate-2
pa	1975	8592	replicate-2
pa	1976	7991	replicate-2
pa	1977	7698	replicate-2
pa	1978	7715	replicate-2
pa	1979	7813	replicate-2
pa	1980	7839	replicate-2
pa	1981	7847	replicate-2
pa	1982	7838	replicate-2
pa	1983	7803	replicate-2
pa	1984	7817	replicate-2
pa	1985	7781	replicate-2
pa	1986	7891	replicate-2
pa	1987	7944	replicate-2
pa	1988	7899	replicate-2
pa	1989	7839	replicate-2
pa	1990	7855	replicate-2
pa	1991	7860	replicate-2
pa	1992	7861	replicate-2
pa	1993	7869	replicate-2
pa	1994	7922	replicate-2
pa	1995	7937	replicate-2
pa	1996	7897	replicate-2
pa	1997	7935	replicate-2
pa	1998	7951	replicate-2
pa	1999	7959	replicate-2
pa	2000	8007	replicate-2
pa	2001	7992	replicate-2
pa	2002	7993	replicate-2
pa	2003	8019	replicate-2
pa	2004	7939	replicate-2
pa	2005	8025	replicate-2
pa	2006	8007	replicate-2
pa	2007	8085	replicate-2
pa	2008	8092	replicate-2
pa	2009	8083	replicate-2
pa	2010	8096	replicate-2
pa	2011	8112	replicate-2
pa	2012	8133	replicate-2
pa	2013	8177	replicate-2
pa	2014	8133	replicate-2
pa	2015	8107	replicate-2
pa	2016	8016	replicate-2
pa	2017	8039	replicate-2
pa	2018	7989	replicate-2
pa	2019	8066	replicate-2
pa	2020	8064	replicate-2
pa	2021	8060	replicate-2
pa	2022	8085	replicate-2
pa	2023	8117	replicate-2
pa	2024	8199	replicate-2
pa	2025	8215	replicate-2
pa	2026	8185	replicate-2
pa	2027	8229	replicate-2
pa	2028	8120	replicate-2
pa	2029	8418	replicate-2
pa	2030	8409	replicate-2
pa	2031	8411	replicate-2
pa	2032	8458	replicate-2
pa	2033	8317	replicate-2
pa	2034	8355	replicate-2
pa	2035	8404	replicate-2
pa	2036	8421	replicate-2
pa	2037	8389	replicate-2
pa	2038	8684	replicate-2
pa	2039	8497	replicate-2
pa	2040	8511	replicate-2
pa	2041	8514	replicate-2
pa	2042	8559	replicate-2
pa	2043	8506	replicate-2
pa	2044	8497	replicate-2
pa	2045	8395	replicate-2
pa	2046	8355	replicate-2
pa	2047	7903	replicate-2
pa	2048	8081	replicate-2
pa	2049	8154	replicate-2
pa	2050	8146	replicate-2
pa	2051	8112	replicate-2
pa	2052	8097	replicate-2
pa	2053	8131	replicate-2
pa	2054	8061	replicate-2
pa	2055	8089	replicate-2
pa	2056	8219	replicate-2
pa	2057	8020	replicate-2
pa	2058	7931	replicate-2
pa	2059	7930	replicate-2
pa	2060	7944	replicate-2
pa	2061	7896	replicate-2
pa	2062	7852	replicate-2
pa	2063	7905	replicate-2
pa	2064	7832	replicate-2
pa	2065	7752	replicate-2
pa	2066	7866	replicate-2
pa	2067	7913	replicate-2
pa	2068	7926	replicate-2
pa	2069	8110	replicate-2
pa	2070	8106	replicate-2
pa	2071	8166	replicate-2
pa	2072	8197	replicate-2
pa	2073	8196	replicate-2
pa	2074	8214	replicate-2
pa	2075	8225	replicate-2
pa	2076	8210	replicate-2
pa	2077	8412	replicate-2
pa	2078	8333	replicate-2
pa	2079	8214	replicate-2
pa	2080	8402	replicate-2
pa	2081	8324	replicate-2
pa	2082	9314	replicate-2
pa	2083	9378	replicate-2
pa	2084	9374	replicate-2
pa	2085	9401	replicate-2
pa	2086	8987	replicate-2
pa	2087	8994	replicate-2
pa	2088	8886	replicate-2
pa	2089	8940	replicate-2
pa	2090	9183	replicate-2
pa	2091	8753	replicate-2
pa	2092	9292	replicate-2
pa	2093	9314	replicate-2
pa	2094	9331	replicate-2
pa	2095	9417	replicate-2
pa	2096	9372	replicate-2
pa	2097	9384	replicate-2
pa	2098	9396	replicate-2
pa	2099	8983	replicate-2
pa	2100	9156	replicate-2
pa	2101	8789	replicate-2
pa	2102	8876	replicate-2
pa	2103	8900	replicate-2
pa	2104	8892	replicate-2
pa	2105	8899	replicate-2
pa	2106	9151	replicate-2
pa	2107	9178	replicate-2
pa	2108	9264	replicate-2
pa	2109	9127	replicate-2
pa	2110	9125	replicate-2
pa	2111	9114	replicate-2
pa	2112	9098	replicate-2
pa	2113	9111	replicate-2
pa	2114	9091	replicate-2
pa	2115	9086	replicate-2
pa	2116	9078	replicate-2
pa	2117	8867	replicate-2
pa	2118	8855	replicate-2
pa	2119	8847	replicate-2
pa	2120	8939	replicate-2
pa	2121	9011	replicate-2
pa	2122	9128	replicate-2
pa	2123	9108	replicate-2
pa	2124	9074	replicate-2
pa	2125	9297	replicate-2
pa	2126	9358	replicate-2
pa	2127	9623	replicate-2
pa	2128	9623	replicate-2
pa	2129	9568	replicate-2
pa	2130	9590	replicate-2
pa	2131	9477	replicate-2
pa	2132	9526	replicate-2
pa	2133	9531	replicate-2
pa	2134	9580	replicate-2
pa	2135	9584	replicate-2
pa	2136	9337	replicate-2
pa	2137	9402	replicate-2
pa	2138	9421	replicate-2
pa	2139	9402	replicate-2
pa	2140	9460	replicate-2
pa	2141	9487	replicate-2
pa	2142	9603	replicate-2
pa	2143	9589	replicate-2
pa	2144	9614	replicate-2
pa	2145	9705	replicate-2
pa	2146	9597	replicate-2
pa	2147	9601	replicate-2
pa	2148	9605	replicate-2
pa	2149	9574	replicate-2
pa	2150	9573	replicate-2
pa	2151	9416	replicate-2
pa	2152	9414	replicate-2
pa	2153	9467	replicate-2
pa	2154	9513	replicate-2
pa	2155	9485	replicate-2
pa	2156	9456	replicate-2
pa	2157	9447	replicate-2
pa	2158	9419	replicate-2
pa	2159	9471	replicate-2
pa	2160	9372	replicate-2
pa	2161	9355	replicate-2
pa	2162	9241	replicate-2
pa	2163	9147	replicate-2
pa	2164	9089	replicate-2
pa	2165	9159	replicate-2
pa	2166	9061	replicate-2
pa	2167	9139	replicate-2
pa	2168	8963	replicate-2
pa	2169	9009	replicate-2
pa	2170	8944	replicate-2
pa	2171	8904	replicate-2
pa	2172	8872	replicate-2
pa	2173	8816	replicate-2
pa	2174	8449	replicate-2
pa	2175	8442	replicate-2
pa	2176	8117	replicate-2
pa	2177	7910	replicate-2
pa	2178	7614	replicate-2
pa	2179	7389	replicate-2
pa	2180	7366	replicate-2
pa	2181	7367	replicate-2
pa	2182	7342	replicate-2
pa	2183	7156	replicate-2
pa	2184	7050	replicate-2
pa	2185	7025	replicate-2
pa	2186	7009	replicate-2
pa	2187	6952	replicate-2
pa	2188	6917	replicate-2
pa	2189	6900	replicate-2
pa	2190	6884	replicate-2
pa	2191	6828	replicate-2
pa	2192	6796	replicate-2
pa	2193	6501	replicate-2
pa	2194	6400	replicate-2
pa	2195	6328	replicate-2
pa	2196	6236	replicate-2
pa	2197	6204	replicate-2
pa	2198	5887	replicate-2
pa	2199	5859	replicate-2
pa	2200	5842	replicate-2
pa	2201	5806	replicate-2
pa	2202	5727	replicate-2
pa	2203	5522	replicate-2
pa	2204	5512	replicate-2
pa	2205	5399	replicate-2
pa	2206	5363	replicate-2
pa	2207	4203	replicate-2
pa	2208	4008	replicate-2
pa	2209	3843	replicate-2
pa	2210	3790	replicate-2
pa	2211	3774	replicate-2
pa	2212	3610	replicate-2
pa	2213	3595	replicate-2
pa	2214	3579	replicate-2
pa	2215	3548	replicate-2
pa	2216	3500	replicate-2
pa	2217	1970	replicate-2
pa	2218	1954	replicate-2
pa	2219	1915	replicate-2
pa	2220	1878	replicate-2
pa	2221	1864	replicate-2
pa	2222	1725	replicate-2
pa	2223	1700	replicate-2
pa	2224	1610	replicate-2
pa	2225	1605	replicate-2
pa	2226	1567	replicate-2
pa	2227	1512	replicate-2
pa	2228	1481	replicate-2
pa	2229	1342	replicate-2
pa	2230	1272	replicate-2
pa	2231	1251	replicate-2
pa	2232	1209	replicate-2
pa	2233	315	replicate-2
ha	1	844	replicate-2
ha	2	1047	replicate-2
ha	3	1066	replicate-2
ha	4	1071	replicate-2
ha	5	1135	replicate-2
ha	6	1284	replicate-2
ha	7	1315	replicate-2
ha	8	1333	replicate-2
ha	9	1371	replicate-2
ha	10	1374	replicate-2
ha	11	1433	replicate-2
ha	12	1495	replicate-2
ha	13	1739	replicate-2
ha	14	1756	replicate-2
ha	15	1759	replicate-2
ha	16	1775	replicate-2
ha	17	1818	replicate-2
ha	18	1842	replicate-2
ha	19	1913	replicate-2
ha	20	1919	replicate-2
ha	21	1985	replicate-2
ha	22	1990	replicate-2
ha	23	2135	replicate-2
ha	24	2140	replicate-2
ha	25	2141	replicate-2
ha	26	2150	replicate-2
ha	27	2165	replicate-2
ha	28	2180	replicate-2
ha	29	2323	replicate-2
ha	30	2342	replicate-2
ha	31	2445	replicate-2
ha	32	2465	replicate-2
ha	33	2475	replicate-2
ha	34	2506	replicate-2
ha	35	2511	replicate-2
ha	36	2960	replicate-2
ha	37	2995	replicate-2
ha	38	3004	replicate-2
ha	39	3089	replicate-2
ha	40	3099	replicate-2
ha	41	3319	replicate-2
ha	42	3329	replicate-2
ha	43	3346	replicate-2
ha	44	3351	replicate-2
ha	45	3357	replicate-2
ha	46	3413	replicate-2
ha	47	3428	replicate-2
ha	48	3449	replicate-2
ha	49	3469	replicate-2
ha	50	3481	replicate-2
ha	51	3514	replicate-2
ha	52	3528	replicate-2
ha	53	3592	replicate-2
ha	54	3608	replicate-2
ha	55	3606	replicate-2
ha	56	3930	replicate-2
ha	57	4065	replicate-2
ha	58	4421	replicate-2
ha	59	4432	replicate-2
ha	60	4427	replicate-2
ha	61	4452	replicate-2
ha	62	4496	replicate-2
ha	63	4539	replicate-2
ha	64	4528	replicate-2
ha	65	4492	replicate-2
ha	66	4494	replicate-2
ha	67	5092	replicate-2
ha	68	5316	replicate-2
ha	69	5308	replicate-2
ha	70	5303	replicate-2
ha	71	5288	replicate-2
ha	72	5311	replicate-2
ha	73	5298	replicate-2
ha	74	5357	replicate-2
ha	75	5401	replicate-2
ha	76	5262	replicate-2
ha	77	5319	replicate-2
ha	78	5344	replicate-2
ha	79	5350	replicate-2
ha	80	5358	replicate-2
ha	81	5353	replicate-2
ha	82	5612	replicate-2
ha	83	5609	replicate-2
ha	84	5566	replicate-2
ha	85	5598	replicate-2
ha	86	5587	replicate-2
ha	87	5670	replicate-2
ha	88	5677	replicate-2
ha	89	5666	replicate-2
ha	90	5678	replicate-2
ha	91	5570	replicate-2
ha	92	5716	replicate-2
ha	93	5734	replicate-2
ha	94	5768	replicate-2
ha	95	5798	replicate-2
ha	96	5780	replicate-2
ha	97	5875	replicate-2
ha	98	5871	replicate-2
ha	99	5885	replicate-2
ha	100	5867	replicate-2
ha	101	5834	replicate-2
ha	102	5825	replicate-2
ha	103	5836	replicate-2
ha	104	5845	replicate-2
ha	105	5855	replicate-2
ha	106	6119	replicate-2
ha	107	6076	replicate-2
ha	108	6183	replicate-2
ha	109	6180	replicate-2
ha	110	6197	replicate-2
ha	111	6253	replicate-2
ha	112	6159	replicate-2
ha	113	6245	replicate-2
ha	114	6247	replicate-2
ha	115	6056	replicate-2
ha	116	6159	replicate-2
ha	117	6086	replicate-2
ha	118	6097	replicate-2
ha	119	6096	replicate-2
ha	120	6035	replicate-2
ha	121	6148	replicate-2
ha	122	6154	replicate-2
ha	123	6152	replicate-2
ha	124	6194	replicate-2
ha	125	6160	replicate-2
ha	126	6157	replicate-2
ha	127	6163	replicate-2
ha	128	6109	replicate-2
ha	129	6188	replicate-2
ha	130	6091	replicate-2
ha	131	6101	replicate-2
ha	132	6043	replicate-2
ha	133	5993	replicate-2
ha	134	6043	replicate-2
ha	135	6037	replicate-2
ha	136	6045	replicate-2
ha	137	6087	replicate-2
ha	138	5918	replicate-2
ha	139	5894	replicate-2
ha	140	5866	replicate-2
ha	141	5795	replicate-2
ha	142	5844	replicate-2
ha	143	5722	replicate-2
ha	144	5701	replicate-2
ha	145	5685	replicate-2
ha	146	5624	replicate-2
ha	147	5603	replicate-2
ha	148	5611	replicate-2
ha	149	5585	replicate-2
ha	150	5810	replicate-2
ha	151	5797	replicate-2
ha	152	5811	replicate-2
ha	153	5793	replicate-2
ha	154	5791	replicate-2
ha	155	5827	replicate-2
ha	156	5844	replicate-2
ha	157	5783	replicate-2
ha	158	5772	replicate-2
ha	159	5340	replicate-2
ha	160	5421	replicate-2
ha	161	5672	replicate-2
ha	162	5866	replicate-2
ha	163	5853	replicate-2
ha	164	5858	replicate-2
ha	165	5852	replicate-2
ha	166	5895	replicate-2
ha	167	5925	replicate-2
ha	168	5933	replicate-2
ha	169	5914	replicate-2
ha	170	5575	replicate-2
ha	171	5547	replicate-2
ha	172	5523	replicate-2
ha	173	5529	replicate-2
ha	174	5490	replicate-2
ha	175	5518	replicate-2
ha	176	5503	replicate-2
ha	177	5475	replicate-2
ha	178	5451	replicate-2
ha	179	5402	replicate-2
ha	180	5383	replicate-2
ha	181	5358	replicate-2
ha	182	5383	replicate-2
ha	183	5361	replicate-2
ha	184	5282	replicate-2
ha	185	5302	replicate-2
ha	186	5211	replicate-2
ha	187	5299	replicate-2
ha	188	5224	replicate-2
ha	189	5284	replicate-2
ha	190	5291	replicate-2
ha	191	5284	replicate-2
ha	192	5271	replicate-2
ha	193	5270	replicate-2
ha	194	5251	replicate-2
ha	195	5239	replicate-2
ha	196	5289	replicate-2
ha	197	5284	replicate-2
ha	198	5172	replicate-2
ha	199	5257	replicate-2
ha	200	5230	replicate-2
ha	201	5249	replicate-2
ha	202	5253	replicate-2
ha	203	5478	replicate-2
ha	204	5547	replicate-2
ha	205	5410	replicate-2
ha	206	5406	replicate-2
ha	207	5415	replicate-2
ha	208	5352	replicate-2
ha	209	5342	replicate-2
ha	210	5326	replicate-2
ha	211	5317	replicate-2
ha	212	5071	replicate-2
ha	213	5122	replicate-2
ha	214	5135	replicate-2
ha	215	5189	replicate-2
ha	216	5176	replicate-2
ha	217	5186	replicate-2
ha	218	5146	replicate-2
ha	219	5130	replicate-2
ha	220	5225	replicate-2
ha	221	5239	replicate-2
ha	222	5183	replicate-2
ha	223	5100	replicate-2
ha	224	5118	replicate-2
ha	225	5129	replicate-2
ha	226	5198	replicate-2
ha	227	5225	replicate-2
ha	228	5406	replicate-2
ha	229	5358	replicate-2
ha	230	5355	replicate-2
ha	231	5330	replicate-2
ha	232	5298	replicate-2
ha	233	5328	replicate-2
ha	234	5301	replicate-2
ha	235	5425	replicate-2
ha	236	5414	replicate-2
ha	237	5308	replicate-2
ha	238	5418	replicate-2
ha	239	5423	replicate-2
ha	240	5630	replicate-2
ha	241	5682	replicate-2
ha	242	5670	replicate-2
ha	243	5769	replicate-2
ha	244	5530	replicate-2
ha	245	5579	replicate-2
ha	246	5461	replicate-2
ha	247	5416	replicate-2
ha	248	5458	replicate-2
ha	249	5397	replicate-2
ha	250	5337	replicate-2
ha	251	5385	replicate-2
ha	252	5339	replicate-2
ha	253	5344	replicate-2
ha	254	5339	replicate-2
ha	255	5368	replicate-2
ha	256	5397	replicate-2
ha	257	5364	replicate-2
ha	258	5339	replicate-2
ha	259	5368	replicate-2
ha	260	5420	replicate-2
ha	261	5427	replicate-2
ha	262	5484	replicate-2
ha	263	5492	replicate-2
ha	264	5506	replicate-2
ha	265	5467	replicate-2
ha	266	5415	replicate-2
ha	267	5394	replicate-2
ha	268	5480	replicate-2
ha	269	5437	replicate-2
ha	270	5420	replicate-2
ha	271	5358	replicate-2
ha	272	5364	replicate-2
ha	273	5376	replicate-2
ha	274	5397	replicate-2
ha	275	5389	replicate-2
ha	276	5419	replicate-2
ha	277	5332	replicate-2
ha	278	5313	replicate-2
ha	279	5289	replicate-2
ha	280	5284	replicate-2
ha	281	5321	replicate-2
ha	282	5297	replicate-2
ha	283	5377	replicate-2
ha	284	5391	replicate-2
ha	285	5436	replicate-2
ha	286	5496	replicate-2
ha	287	5500	replicate-2
ha	288	5512	replicate-2
ha	289	5521	replicate-2
ha	290	5446	replicate-2
ha	291	5463	replicate-2
ha	292	5368	replicate-2
ha	293	5467	replicate-2
ha	294	5445	replicate-2
ha	295	5446	replicate-2
ha	296	5460	replicate-2
ha	297	5451	replicate-2
ha	298	5465	replicate-2
ha	299	5515	replicate-2
ha	300	5487	replicate-2
ha	301	5434	replicate-2
ha	302	5331	replicate-2
ha	303	5407	replicate-2
ha	304	6119	replicate-2
ha	305	6103	replicate-2
ha	306	6175	replicate-2
ha	307	6209	replicate-2
ha	308	6163	replicate-2
ha	309	6643	replicate-2
ha	310	6652	replicate-2
ha	311	6824	replicate-2
ha	312	6832	replicate-2
ha	313	5719	replicate-2
ha	314	5752	replicate-2
ha	315	5663	replicate-2
ha	316	5646	replicate-2
ha	317	5657	replicate-2
ha	318	5400	replicate-2
ha	319	5406	replicate-2
ha	320	5243	replicate-2
ha	321	5227	replicate-2
ha	322	5263	replicate-2
ha	323	5257	replicate-2
ha	324	5253	replicate-2
ha	325	5241	replicate-2
ha	326	5205	replicate-2
ha	327	5222	replicate-2
ha	328	5229	replicate-2
ha	329	5233	replicate-2
ha	330	5227	replicate-2
ha	331	5128	replicate-2
ha	332	5247	replicate-2
ha	333	5329	replicate-2
ha	334	5345	replicate-2
ha	335	5374	replicate-2
ha	336	5405	replicate-2
ha	337	5450	replicate-2
ha	338	5473	replicate-2
ha	339	5453	replicate-2
ha	340	5494	replicate-2
ha	341	5477	replicate-2
ha	342	5421	replicate-2
ha	343	5776	replicate-2
ha	344	5780	replicate-2
ha	345	5834	replicate-2
ha	346	5832	replicate-2
ha	347	5878	replicate-2
ha	348	5983	replicate-2
ha	349	5955	replicate-2
ha	350	5944	replicate-2
ha	351	5954	replicate-2
ha	352	5686	replicate-2
ha	353	5706	replicate-2
ha	354	5644	replicate-2
ha	355	5657	replicate-2
ha	356	5564	replicate-2
ha	357	5569	replicate-2
ha	358	5578	replicate-2
ha	359	5625	replicate-2
ha	360	5612	replicate-2
ha	361	5655	replicate-2
ha	362	5647	replicate-2
ha	363	5641	replicate-2
ha	364	5626	replicate-2
ha	365	5637	replicate-2
ha	366	5464	replicate-2
ha	367	5508	replicate-2
ha	368	5418	replicate-2
ha	369	5458	replicate-2
ha	370	5427	replicate-2
ha	371	5440	replicate-2
ha	372	5440	replicate-2
ha	373	5416	replicate-2
ha	374	5524	replicate-2
ha	375	5471	replicate-2
ha	376	5409	replicate-2
ha	377	5477	replicate-2
ha	378	5436	replicate-2
ha	379	5463	replicate-2
ha	380	5430	replicate-2
ha	381	5427	replicate-2
ha	382	5398	replicate-2
ha	383	5263	replicate-2
ha	384	5176	replicate-2
ha	385	5225	replicate-2
ha	386	5209	replicate-2
ha	387	5172	replicate-2
ha	388	5223	replicate-2
ha	389	5228	replicate-2
ha	390	5217	replicate-2
ha	391	5267	replicate-2
ha	392	5191	replicate-2
ha	393	5211	replicate-2
ha	394	5199	replicate-2
ha	395	5031	replicate-2
ha	396	5300	replicate-2
ha	397	5210	replicate-2
ha	398	5272	replicate-2
ha	399	5280	replicate-2
ha	400	5202	replicate-2
ha	401	5234	replicate-2
ha	402	5193	replicate-2
ha	403	5206	replicate-2
ha	404	5219	replicate-2
ha	405	4976	replicate-2
ha	406	5031	replicate-2
ha	407	4959	replicate-2
ha	408	4980	replicate-2
ha	409	4973	replicate-2
ha	410	5024	replicate-2
ha	411	5064	replicate-2
ha	412	5064	replicate-2
ha	413	5054	replicate-2
ha	414	4974	replicate-2
ha	415	5048	replicate-2
ha	416	5131	replicate-2
ha	417	5145	replicate-2
ha	418	5158	replicate-2
ha	419	5198	replicate-2
ha	420	5128	replicate-2
ha	421	5169	replicate-2
ha	422	5196	replicate-2
ha	423	5192	replicate-2
ha	424	5107	replicate-2
ha	425	4989	replicate-2
ha	426	5151	replicate-2
ha	427	5375	replicate-2
ha	428	5405	replicate-2
ha	429	5411	replicate-2
ha	430	5445	replicate-2
ha	431	5447	replicate-2
ha	432	5455	replicate-2
ha	433	5480	replicate-2
ha	434	5427	replicate-2
ha	435	5466	replicate-2
ha	436	5292	replicate-2
ha	437	5325	replicate-2
ha	438	5348	replicate-2
ha	439	5309	replicate-2
ha	440	5303	replicate-2
ha	441	5339	replicate-2
ha	442	5347	replicate-2
ha	443	5342	replicate-2
ha	444	5318	replicate-2
ha	445	5296	replicate-2
ha	446	5337	replicate-2
ha	447	5351	replicate-2
ha	448	5446	replicate-2
ha	449	5509	replicate-2
ha	450	5499	replicate-2
ha	451	5498	replicate-2
ha	452	5496	replicate-2
ha	453	5501	replicate-2
ha	454	5463	replicate-2
ha	455	5361	replicate-2
ha	456	5419	replicate-2
ha	457	5350	replicate-2
ha	458	5432	replicate-2
ha	459	5741	replicate-2
ha	460	5779	replicate-2
ha	461	5862	replicate-2
ha	462	5826	replicate-2
ha	463	5831	replicate-2
ha	464	5828	replicate-2
ha	465	5775	replicate-2
ha	466	5778	replicate-2
ha	467	5789	replicate-2
ha	468	5360	replicate-2
ha	469	5434	replicate-2
ha	470	5307	replicate-2
ha	471	5324	replicate-2
ha	472	5305	replicate-2
ha	473	5291	replicate-2
ha	474	5331	replicate-2
ha	475	5298	replicate-2
ha	476	5326	replicate-2
ha	477	5335	replicate-2
ha	478	5316	replicate-2
ha	479	5360	replicate-2
ha	480	5597	replicate-2
ha	481	5595	replicate-2
ha	482	5640	replicate-2
ha	483	5575	replicate-2
ha	484	5788	replicate-2
ha	485	5821	replicate-2
ha	486	5827	replicate-2
ha	487	5867	replicate-2
ha	488	5781	replicate-2
ha	489	5542	replicate-2
ha	490	5542	replicate-2
ha	491	5511	replicate-2
ha	492	5494	replicate-2
ha	493	5265	replicate-2
ha	494	5251	replicate-2
ha	495	5220	replicate-2
ha	496	5218	replicate-2
ha	497	5233	replicate-2
ha	498	5214	replicate-2
ha	499	5228	replicate-2
ha	500	5227	replicate-2
ha	501	5321	replicate-2
ha	502	5317	replicate-2
ha	503	5259	replicate-2
ha	504	5280	replicate-2
ha	505	5295	replicate-2
ha	506	5287	replicate-2
ha	507	5320	replicate-2
ha	508	5330	replicate-2
ha	509	5295	replicate-2
ha	510	5430	replicate-2
ha	511	5382	replicate-2
ha	512	5415	replicate-2
ha	513	5437	replicate-2
ha	514	5437	replicate-2
ha	515	5480	replicate-2
ha	516	5477	replicate-2
ha	517	5515	replicate-2
ha	518	5547	replicate-2
ha	519	5435	replicate-2
ha	520	5507	replicate-2
ha	521	5468	replicate-2
ha	522	5566	replicate-2
ha	523	5597	replicate-2
ha	524	5544	replicate-2
ha	525	5508	replicate-2
ha	526	5503	replicate-2
ha	527	5546	replicate-2
ha	528	5539	replicate-2
ha	529	5539	replicate-2
ha	530	5523	replicate-2
ha	531	5466	replicate-2
ha	532	5456	replicate-2
ha	533	5448	replicate-2
ha	534	5426	replicate-2
ha	535	5493	replicate-2
ha	536	5370	replicate-2
ha	537	5347	replicate-2
ha	538	5353	replicate-2
ha	539	5332	replicate-2
ha	540	5642	replicate-2
ha	541	5657	replicate-2
ha	542	5664	replicate-2
ha	543	5665	replicate-2
ha	544	5666	replicate-2
ha	545	5661	replicate-2
ha	546	5654	replicate-2
ha	547	5723	replicate-2
ha	548	5666	replicate-2
ha	549	5519	replicate-2
ha	550	5452	replicate-2
ha	551	5529	replicate-2
ha	552	5728	replicate-2
ha	553	5637	replicate-2
ha	554	5662	replicate-2
ha	555	5627	replicate-2
ha	556	5509	replicate-2
ha	557	5525	replicate-2
ha	558	5467	replicate-2
ha	559	5511	replicate-2
ha	560	5419	replicate-2
ha	561	5092	replicate-2
ha	562	5070	replicate-2
ha	563	5236	replicate-2
ha	564	5320	replicate-2
ha	565	5349	replicate-2
ha	566	5335	replicate-2
ha	567	5351	replicate-2
ha	568	6024	replicate-2
ha	569	6032	replicate-2
ha	570	6075	replicate-2
ha	571	6063	replicate-2
ha	572	5909	replicate-2
ha	573	5889	replicate-2
ha	574	5860	replicate-2
ha	575	5889	replicate-2
ha	576	5896	replicate-2
ha	577	5344	replicate-2
ha	578	5324	replicate-2
ha	579	5340	replicate-2
ha	580	5356	replicate-2
ha	581	5358	replicate-2
ha	582	5368	replicate-2
ha	583	5388	replicate-2
ha	584	5396	replicate-2
ha	585	5390	replicate-2
ha	586	5366	replicate-2
ha	587	5449	replicate-2
ha	588	5451	replicate-2
ha	589	5568	replicate-2
ha	590	5785	replicate-2
ha	591	5977	replicate-2
ha	592	6182	replicate-2
ha	593	6176	replicate-2
ha	594	6193	replicate-2
ha	595	6201	replicate-2
ha	596	6183	replicate-2
ha	597	6164	replicate-2
ha	598	6098	replicate-2
ha	599	6142	replicate-2
ha	600	5685	replicate-2
ha	601	5827	replicate-2
ha	602	5748	replicate-2
ha	603	5767	replicate-2
ha	604	5780	replicate-2
ha	605	5737	replicate-2
ha	606	5798	replicate-2
ha	607	5785	replicate-2
ha	608	5743	replicate-2
ha	609	5745	replicate-2
ha	610	5629	replicate-2
ha	611	5681	replicate-2
ha	612	5654	replicate-2
ha	613	5747	replicate-2
ha	614	5837	replicate-2
ha	615	5787	replicate-2
ha	616	5847	replicate-2
ha	617	5846	replicate-2
ha	618	5879	replicate-2
ha	619	5867	replicate-2
ha	620	5824	replicate-2
ha	621	5817	replicate-2
ha	622	5843	replicate-2
ha	623	5735	replicate-2
ha	624	5873	replicate-2
ha	625	5796	replicate-2
ha	626	5852	replicate-2
ha	627	5857	replicate-2
ha	628	5749	replicate-2
ha	629	5759	replicate-2
ha	630	5746	replicate-2
ha	631	5716	replicate-2
ha	632	5755	replicate-2
ha	633	5570	replicate-2
ha	634	5586	replicate-2
ha	635	5535	replicate-2
ha	636	5501	replicate-2
ha	637	5574	replicate-2
ha	638	5524	replicate-2
ha	639	5527	replicate-2
ha	640	5479	replicate-2
ha	641	5434	replicate-2
ha	642	5387	replicate-2
ha	643	5388	replicate-2
ha	644	5410	replicate-2
ha	645	5333	replicate-2
ha	646	5437	replicate-2
ha	647	5416	replicate-2
ha	648	5680	replicate-2
ha	649	5676	replicate-2
ha	650	5586	replicate-2
ha	651	5567	replicate-2
ha	652	5491	replicate-2
ha	653	5476	replicate-2
ha	654	5476	replicate-2
ha	655	5360	replicate-2
ha	656	5357	replicate-2
ha	657	5237	replicate-2
ha	658	5167	replicate-2
ha	659	5164	replicate-2
ha	660	5182	replicate-2
ha	661	5159	replicate-2
ha	662	5035	replicate-2
ha	663	5137	replicate-2
ha	664	5153	replicate-2
ha	665	5136	replicate-2
ha	666	5220	replicate-2
ha	667	5256	replicate-2
ha	668	5210	replicate-2
ha	669	5216	replicate-2
ha	670	5180	replicate-2
ha	671	5177	replicate-2
ha	672	5109	replicate-2
ha	673	5034	replicate-2
ha	674	5047	replicate-2
ha	675	4959	replicate-2
ha	676	4908	replicate-2
ha	677	4915	replicate-2
ha	678	4927	replicate-2
ha	679	4950	replicate-2
ha	680	4961	replicate-2
ha	681	4971	replicate-2
ha	682	4933	replicate-2
ha	683	4899	replicate-2
ha	684	4884	replicate-2
ha	685	4873	replicate-2
ha	686	4991	replicate-2
ha	687	5104	replicate-2
ha	688	5045	replicate-2
ha	689	5047	replicate-2
ha	690	4910	replicate-2
ha	691	4932	replicate-2
ha	692	4984	replicate-2
ha	693	4951	replicate-2
ha	694	4972	replicate-2
ha	695	4835	replicate-2
ha	696	4550	replicate-2
ha	697	4567	replicate-2
ha	698	4558	replicate-2
ha	699	4614	replicate-2
ha	700	4621	replicate-2
ha	701	4536	replicate-2
ha	702	4569	replicate-2
ha	703	4525	replicate-2
ha	704	4625	replicate-2
ha	705	4630	replicate-2
ha	706	4659	replicate-2
ha	707	4679	replicate-2
ha	708	4607	replicate-2
ha	709	4588	replicate-2
ha	710	4611	replicate-2
ha	711	4618	replicate-2
ha	712	4609	replicate-2
ha	713	4515	replicate-2
ha	714	4504	replicate-2
ha	715	4505	replicate-2
ha	716	4520	replicate-2
ha	717	4438	replicate-2
ha	718	4446	replicate-2
ha	719	4548	replicate-2
ha	720	4544	replicate-2
ha	721	4528	replicate-2
ha	722	4515	replicate-2
ha	723	4508	replicate-2
ha	724	4504	replicate-2
ha	725	4499	replicate-2
ha	726	4479	replicate-2
ha	727	4465	replicate-2
ha	728	4416	replicate-2
ha	729	4426	replicate-2
ha	730	4436	replicate-2
ha	731	4505	replicate-2
ha	732	4497	replicate-2
ha	733	4435	replicate-2
ha	734	4416	replicate-2
ha	735	4414	replicate-2
ha	736	4456	replicate-2
ha	737	4364	replicate-2
ha	738	4358	replicate-2
ha	739	4365	replicate-2
ha	740	4338	replicate-2
ha	741	4264	replicate-2
ha	742	4352	replicate-2
ha	743	4416	replicate-2
ha	744	4456	replicate-2
ha	745	4453	replicate-2
ha	746	4470	replicate-2
ha	747	4537	replicate-2
ha	748	4538	replicate-2
ha	749	4540	replicate-2
ha	750	4583	replicate-2
ha	751	4400	replicate-2
ha	752	4382	replicate-2
ha	753	4358	replicate-2
ha	754	4371	replicate-2
ha	755	4462	replicate-2
ha	756	4399	replicate-2
ha	757	4402	replicate-2
ha	758	4381	replicate-2
ha	759	4357	replicate-2
ha	760	4573	replicate-2
ha	761	4571	replicate-2
ha	762	4577	replicate-2
ha	763	4570	replicate-2
ha	764	4494	replicate-2
ha	765	4517	replicate-2
ha	766	4529	replicate-2
ha	767	4534	replicate-2
ha	768	4544	replicate-2
ha	769	4312	replicate-2
ha	770	4479	replicate-2
ha	771	4596	replicate-2
ha	772	4684	replicate-2
ha	773	4714	replicate-2
ha	774	4696	replicate-2
ha	775	4779	replicate-2
ha	776	4779	replicate-2
ha	777	4766	replicate-2
ha	778	4744	replicate-2
ha	779	4746	replicate-2
ha	780	4588	replicate-2
ha	781	4611	replicate-2
ha	782	4636	replicate-2
ha	783	4641	replicate-2
ha	784	4662	replicate-2
ha	785	4677	replicate-2
ha	786	4744	replicate-2
ha	787	4734	replicate-2
ha	788	4726	replicate-2
ha	789	4724	replicate-2
ha	790	4665	replicate-2
ha	791	4667	replicate-2
ha	792	4672	replicate-2
ha	793	4680	replicate-2
ha	794	4702	replicate-2
ha	795	4606	replicate-2
ha	796	4631	replicate-2
ha	797	4622	replicate-2
ha	798	4651	replicate-2
ha	799	4618	replicate-2
ha	800	4614	replicate-2
ha	801	4601	replicate-2
ha	802	4625	replicate-2
ha	803	4554	replicate-2
ha	804	4596	replicate-2
ha	805	4537	replicate-2
ha	806	4485	replicate-2
ha	807	4493	replicate-2
ha	808	4496	replicate-2
ha	809	4514	replicate-2
ha	810	4505	replicate-2
ha	811	4462	replicate-2
ha	812	4452	replicate-2
ha	813	4305	replicate-2
ha	814	4309	replicate-2
ha	815	4303	replicate-2
ha	816	4363	replicate-2
ha	817	4425	replicate-2
ha	818	4409	replicate-2
ha	819	4446	replicate-2
ha	820	4408	replicate-2
ha	821	6230	replicate-2
ha	822	6922	replicate-2
ha	823	6949	replicate-2
ha	824	7395	replicate-2
ha	825	7464	replicate-2
ha	826	7878	replicate-2
ha	827	8557	replicate-2
ha	828	8632	replicate-2
ha	829	8838	replicate-2
ha	830	8677	replicate-2
ha	831	8659	replicate-2
ha	832	8682	replicate-2
ha	833	8670	replicate-2
ha	834	8749	replicate-2
ha	835	9291	replicate-2
ha	836	9191	replicate-2
ha	837	9227	replicate-2
ha	838	9351	replicate-2
ha	839	9304	replicate-2
ha	840	9512	replicate-2
ha	841	9562	replicate-2
ha	842	9712	replicate-2
ha	843	9758	replicate-2
ha	844	9743	replicate-2
ha	845	9964	replicate-2
ha	846	9963	replicate-2
ha	847	10141	replicate-2
ha	848	10158	replicate-2
ha	849	10289	replicate-2
ha	850	10676	replicate-2
ha	851	10880	replicate-2
ha	852	10901	replicate-2
ha	853	10916	replicate-2
ha	854	10319	replicate-2
ha	855	11050	replicate-2
ha	856	11251	replicate-2
ha	857	11311	replicate-2
ha	858	11296	replicate-2
ha	859	11552	replicate-2
ha	860	11444	replicate-2
ha	861	11852	replicate-2
ha	862	11843	replicate-2
ha	863	11880	replicate-2
ha	864	11983	replicate-2
ha	865	11944	replicate-2
ha	866	12433	replicate-2
ha	867	12448	replicate-2
ha	868	12447	replicate-2
ha	869	12650	replicate-2
ha	870	12519	replicate-2
ha	871	12740	replicate-2
ha	872	12715	replicate-2
ha	873	12703	replicate-2
ha	874	12730	replicate-2
ha	875	12483	replicate-2
ha	876	12745	replicate-2
ha	877	12704	replicate-2
ha	878	12752	replicate-2
ha	879	12978	replicate-2
ha	880	12881	replicate-2
ha	881	13119	replicate-2
ha	882	13122	replicate-2
ha	883	13471	replicate-2
ha	884	14804	replicate-2
ha	885	15115	replicate-2
ha	886	15195	replicate-2
ha	887	15156	replicate-2
ha	888	15005	replicate-2
ha	889	14982	replicate-2
ha	890	14949	replicate-2
ha	891	14958	replicate-2
ha	892	14830	replicate-2
ha	893	14479	replicate-2
ha	894	14078	replicate-2
ha	895	14752	replicate-2
ha	896	14777	replicate-2
ha	897	14873	replicate-2
ha	898	14893	replicate-2
ha	899	14688	replicate-2
ha	900	14704	replicate-2
ha	901	14864	replicate-2
ha	902	14767	replicate-2
ha	903	14873	replicate-2
ha	904	14413	replicate-2
ha	905	14403	replicate-2
ha	906	14367	replicate-2
ha	907	14507	replicate-2
ha	908	14800	replicate-2
ha	909	15004	replicate-2
ha	910	14901	replicate-2
ha	911	14821	replicate-2
ha	912	14717	replicate-2
ha	913	14555	replicate-2
ha	914	14518	replicate-2
ha	915	14998	replicate-2
ha	916	14963	replicate-2
ha	917	14749	replicate-2
ha	918	14958	replicate-2
ha	919	14941	replicate-2
ha	920	14970	replicate-2
ha	921	14938	replicate-2
ha	922	14887	replicate-2
ha	923	14809	replicate-2
ha	924	14362	replicate-2
ha	925	14228	replicate-2
ha	926	14277	replicate-2
ha	927	14152	replicate-2
ha	928	14222	replicate-2
ha	929	14337	replicate-2
ha	930	14290	replicate-2
ha	931	14621	replicate-2
ha	932	14631	replicate-2
ha	933	14761	replicate-2
ha	934	14823	replicate-2
ha	935	14822	replicate-2
ha	936	15252	replicate-2
ha	937	15215	replicate-2
ha	938	15227	replicate-2
ha	939	15272	replicate-2
ha	940	15054	replicate-2
ha	941	15221	replicate-2
ha	942	14999	replicate-2
ha	943	14974	replicate-2
ha	944	15376	replicate-2
ha	945	15152	replicate-2
ha	946	15212	replicate-2
ha	947	15349	replicate-2
ha	948	15338	replicate-2
ha	949	15773	replicate-2
ha	950	15688	replicate-2
ha	951	15729	replicate-2
ha	952	15795	replicate-2
ha	953	15486	replicate-2
ha	954	17087	replicate-2
ha	955	17348	replicate-2
ha	956	17345	replicate-2
ha	957	17618	replicate-2
ha	958	17201	replicate-2
ha	959	17299	replicate-2
ha	960	17063	replicate-2
ha	961	17295	replicate-2
ha	962	17591	replicate-2
ha	963	17050	replicate-2
ha	964	16915	replicate-2
ha	965	16929	replicate-2
ha	966	16737	replicate-2
ha	967	16913	replicate-2
ha	968	16825	replicate-2
ha	969	18308	replicate-2
ha	970	18166	replicate-2
ha	971	17894	replicate-2
ha	972	17744	replicate-2
ha	973	17544	replicate-2
ha	974	17564	replicate-2
ha	975	17550	replicate-2
ha	976	17496	replicate-2
ha	977	17454	replicate-2
ha	978	16457	replicate-2
ha	979	16396	replicate-2
ha	980	16260	replicate-2
ha	981	16533	replicate-2
ha	982	16859	replicate-2
ha	983	16833	replicate-2
ha	984	16866	replicate-2
ha	985	16820	replicate-2
ha	986	17026	replicate-2
ha	987	17129	replicate-2
ha	988	17214	replicate-2
ha	989	17202	replicate-2
ha	990	17211	replicate-2
ha	991	16867	replicate-2
ha	992	16834	replicate-2
ha	993	16815	replicate-2
ha	994	16843	replicate-2
ha	995	17064	replicate-2
ha	996	17059	replicate-2
ha	997	17052	replicate-2
ha	998	17057	replicate-2
ha	999	17111	replicate-2
ha	1000	17053	replicate-2
ha	1001	17021	replicate-2
ha	1002	16999	replicate-2
ha	1003	17103	replicate-2
ha	1004	17153	replicate-2
ha	1005	17386	replicate-2
ha	1006	17434	replicate-2
ha	1007	17390	replicate-2
ha	1008	17514	replicate-2
ha	1009	17737	replicate-2
ha	1010	17904	replicate-2
ha	1011	17887	replicate-2
ha	1012	18174	replicate-2
ha	1013	17963	replicate-2
ha	1014	17911	replicate-2
ha	1015	17885	replicate-2
ha	1016	17888	replicate-2
ha	1017	17865	replicate-2
ha	1018	17819	replicate-2
ha	1019	17623	replicate-2
ha	1020	17598	replicate-2
ha	1021	17436	replicate-2
ha	1022	17505	replicate-2
ha	1023	17523	replicate-2
ha	1024	17776	replicate-2
ha	1025	17838	replicate-2
ha	1026	17750	replicate-2
ha	1027	18111	replicate-2
ha	1028	18086	replicate-2
ha	1029	18510	replicate-2
ha	1030	18486	replicate-2
ha	1031	18236	replicate-2
ha	1032	18116	replicate-2
ha	1033	17823	replicate-2
ha	1034	17541	replicate-2
ha	1035	17598	replicate-2
ha	1036	17282	replicate-2
ha	1037	17609	replicate-2
ha	1038	17589	replicate-2
ha	1039	17463	replicate-2
ha	1040	17502	replicate-2
ha	1041	17394	replicate-2
ha	1042	17469	replicate-2
ha	1043	17573	replicate-2
ha	1044	17667	replicate-2
ha	1045	17563	replicate-2
ha	1046	17485	replicate-2
ha	1047	16818	replicate-2
ha	1048	16747	replicate-2
ha	1049	16621	replicate-2
ha	1050	16766	replicate-2
ha	1051	16835	replicate-2
ha	1052	16478	replicate-2
ha	1053	16648	replicate-2
ha	1054	16698	replicate-2
ha	1055	16583	replicate-2
ha	1056	16675	replicate-2
ha	1057	16707	replicate-2
ha	1058	16519	replicate-2
ha	1059	16310	replicate-2
ha	1060	16223	replicate-2
ha	1061	16187	replicate-2
ha	1062	16331	replicate-2
ha	1063	15978	replicate-2
ha	1064	16081	replicate-2
ha	1065	15980	replicate-2
ha	1066	15819	replicate-2
ha	1067	15703	replicate-2
ha	1068	15628	replicate-2
ha	1069	16067	replicate-2
ha	1070	15910	replicate-2
ha	1071	15891	replicate-2
ha	1072	15919	replicate-2
ha	1073	15847	replicate-2
ha	1074	15866	replicate-2
ha	1075	15915	replicate-2
ha	1076	15922	replicate-2
ha	1077	15837	replicate-2
ha	1078	15580	replicate-2
ha	1079	15706	replicate-2
ha	1080	15701	replicate-2
ha	1081	15730	replicate-2
ha	1082	15730	replicate-2
ha	1083	15608	replicate-2
ha	1084	15393	replicate-2
ha	1085	16525	replicate-2
ha	1086	17704	replicate-2
ha	1087	18149	replicate-2
ha	1088	17944	replicate-2
ha	1089	17995	replicate-2
ha	1090	18125	replicate-2
ha	1091	18085	replicate-2
ha	1092	17942	replicate-2
ha	1093	17687	replicate-2
ha	1094	17687	replicate-2
ha	1095	14529	replicate-2
ha	1096	14451	replicate-2
ha	1097	14333	replicate-2
ha	1098	14407	replicate-2
ha	1099	14280	replicate-2
ha	1100	14269	replicate-2
ha	1101	14258	replicate-2
ha	1102	14210	replicate-2
ha	1103	14092	replicate-2
ha	1104	14134	replicate-2
ha	1105	14050	replicate-2
ha	1106	13956	replicate-2
ha	1107	13727	replicate-2
ha	1108	13825	replicate-2
ha	1109	13806	replicate-2
ha	1110	14005	replicate-2
ha	1111	13948	replicate-2
ha	1112	13873	replicate-2
ha	1113	13842	replicate-2
ha	1114	14099	replicate-2
ha	1115	14287	replicate-2
ha	1116	14267	replicate-2
ha	1117	14159	replicate-2
ha	1118	14194	replicate-2
ha	1119	14044	replicate-2
ha	1120	14027	replicate-2
ha	1121	14283	replicate-2
ha	1122	14421	replicate-2
ha	1123	14173	replicate-2
ha	1124	14124	replicate-2
ha	1125	14430	replicate-2
ha	1126	15150	replicate-2
ha	1127	15231	replicate-2
ha	1128	15344	replicate-2
ha	1129	15332	replicate-2
ha	1130	15716	replicate-2
ha	1131	15855	replicate-2
ha	1132	15898	replicate-2
ha	1133	15884	replicate-2
ha	1134	15790	replicate-2
ha	1135	15926	replicate-2
ha	1136	15680	replicate-2
ha	1137	15710	replicate-2
ha	1138	16375	replicate-2
ha	1139	16062	replicate-2
ha	1140	15729	replicate-2
ha	1141	15742	replicate-2
ha	1142	15790	replicate-2
ha	1143	16372	replicate-2
ha	1144	16162	replicate-2
ha	1145	15770	replicate-2
ha	1146	15731	replicate-2
ha	1147	15328	replicate-2
ha	1148	16005	replicate-2
ha	1149	16166	replicate-2
ha	1150	16342	replicate-2
ha	1151	16346	replicate-2
ha	1152	15858	replicate-2
ha	1153	16136	replicate-2
ha	1154	16177	replicate-2
ha	1155	16306	replicate-2
ha	1156	16372	replicate-2
ha	1157	15963	replicate-2
ha	1158	16128	replicate-2
ha	1159	16016	replicate-2
ha	1160	16401	replicate-2
ha	1161	16481	replicate-2
ha	1162	16569	replicate-2
ha	1163	16408	replicate-2
ha	1164	16309	replicate-2
ha	1165	16278	replicate-2
ha	1166	16232	replicate-2
ha	1167	16336	replicate-2
ha	1168	16162	replicate-2
ha	1169	16386	replicate-2
ha	1170	16374	replicate-2
ha	1171	16291	replicate-2
ha	1172	16458	replicate-2
ha	1173	16373	replicate-2
ha	1174	16792	replicate-2
ha	1175	16685	replicate-2
ha	1176	16644	replicate-2
ha	1177	16673	replicate-2
ha	1178	16904	replicate-2
ha	1179	16630	replicate-2
ha	1180	16544	replicate-2
ha	1181	16423	replicate-2
ha	1182	16392	replicate-2
ha	1183	16136	replicate-2
ha	1184	16142	replicate-2
ha	1185	16547	replicate-2
ha	1186	16512	replicate-2
ha	1187	16433	replicate-2
ha	1188	16349	replicate-2
ha	1189	16390	replicate-2
ha	1190	16374	replicate-2
ha	1191	16642	replicate-2
ha	1192	16935	replicate-2
ha	1193	17204	replicate-2
ha	1194	17198	replicate-2
ha	1195	16986	replicate-2
ha	1196	17323	replicate-2
ha	1197	18316	replicate-2
ha	1198	18239	replicate-2
ha	1199	18291	replicate-2
ha	1200	18010	replicate-2
ha	1201	17814	replicate-2
ha	1202	17614	replicate-2
ha	1203	18202	replicate-2
ha	1204	18155	replicate-2
ha	1205	18465	replicate-2
ha	1206	17902	replicate-2
ha	1207	17945	replicate-2
ha	1208	18058	replicate-2
ha	1209	18816	replicate-2
ha	1210	18974	replicate-2
ha	1211	18968	replicate-2
ha	1212	18655	replicate-2
ha	1213	18588	replicate-2
ha	1214	18425	replicate-2
ha	1215	18485	replicate-2
ha	1216	19003	replicate-2
ha	1217	19035	replicate-2
ha	1218	18619	replicate-2
ha	1219	18508	replicate-2
ha	1220	18375	replicate-2
ha	1221	18932	replicate-2
ha	1222	19019	replicate-2
ha	1223	18967	replicate-2
ha	1224	19079	replicate-2
ha	1225	18649	replicate-2
ha	1226	19158	replicate-2
ha	1227	19173	replicate-2
ha	1228	19190	replicate-2
ha	1229	19164	replicate-2
ha	1230	18804	replicate-2
ha	1231	18751	replicate-2
ha	1232	18968	replicate-2
ha	1233	18909	replicate-2
ha	1234	19027	replicate-2
ha	1235	18706	replicate-2
ha	1236	18702	replicate-2
ha	1237	18956	replicate-2
ha	1238	19003	replicate-2
ha	1239	19018	replicate-2
ha	1240	18993	replicate-2
ha	1241	18782	replicate-2
ha	1242	18663	replicate-2
ha	1243	18760	replicate-2
ha	1244	18455	replicate-2
ha	1245	18761	replicate-2
ha	1246	18522	replicate-2
ha	1247	18776	replicate-2
ha	1248	18708	replicate-2
ha	1249	19335	replicate-2
ha	1250	19281	replicate-2
ha	1251	19238	replicate-2
ha	1252	19103	replicate-2
ha	1253	19064	replicate-2
ha	1254	18792	replicate-2
ha	1255	18795	replicate-2
ha	1256	18637	replicate-2
ha	1257	18608	replicate-2
ha	1258	18252	replicate-2
ha	1259	18964	replicate-2
ha	1260	18947	replicate-2
ha	1261	18939	replicate-2
ha	1262	19060	replicate-2
ha	1263	19145	replicate-2
ha	1264	19051	replicate-2
ha	1265	18918	replicate-2
ha	1266	18894	replicate-2
ha	1267	18835	replicate-2
ha	1268	19290	replicate-2
ha	1269	18293	replicate-2
ha	1270	19049	replicate-2
ha	1271	18985	replicate-2
ha	1272	18925	replicate-2
ha	1273	19051	replicate-2
ha	1274	18986	replicate-2
ha	1275	18928	replicate-2
ha	1276	18821	replicate-2
ha	1277	18175	replicate-2
ha	1278	18399	replicate-2
ha	1279	18679	replicate-2
ha	1280	18493	replicate-2
ha	1281	18446	replicate-2
ha	1282	18269	replicate-2
ha	1283	18426	replicate-2
ha	1284	18340	replicate-2
ha	1285	18331	replicate-2
ha	1286	18166	replicate-2
ha	1287	18198	replicate-2
ha	1288	18294	replicate-2
ha	1289	17593	replicate-2
ha	1290	18257	replicate-2
ha	1291	18317	replicate-2
ha	1292	18276	replicate-2
ha	1293	18205	replicate-2
ha	1294	17943	replicate-2
ha	1295	18062	replicate-2
ha	1296	17754	replicate-2
ha	1297	17945	replicate-2
ha	1298	17818	replicate-2
ha	1299	17169	replicate-2
ha	1300	17022	replicate-2
ha	1301	16953	replicate-2
ha	1302	16905	replicate-2
ha	1303	16975	replicate-2
ha	1304	16853	replicate-2
ha	1305	16784	replicate-2
ha	1306	16806	replicate-2
ha	1307	16514	replicate-2
ha	1308	16688	replicate-2
ha	1309	16773	replicate-2
ha	1310	16736	replicate-2
ha	1311	16627	replicate-2
ha	1312	16482	replicate-2
ha	1313	16722	replicate-2
ha	1314	16735	replicate-2
ha	1315	16686	replicate-2
ha	1316	16706	replicate-2
ha	1317	16502	replicate-2
ha	1318	16335	replicate-2
ha	1319	16333	replicate-2
ha	1320	16234	replicate-2
ha	1321	16263	replicate-2
ha	1322	16031	replicate-2
ha	1323	16296	replicate-2
ha	1324	16303	replicate-2
ha	1325	16403	replicate-2
ha	1326	16924	replicate-2
ha	1327	17195	replicate-2
ha	1328	17200	replicate-2
ha	1329	17138	replicate-2
ha	1330	17041	replicate-2
ha	1331	17041	replicate-2
ha	1332	16763	replicate-2
ha	1333	16990	replicate-2
ha	1334	17222	replicate-2
ha	1335	16893	replicate-2
ha	1336	16875	replicate-2
ha	1337	16740	replicate-2
ha	1338	16810	replicate-2
ha	1339	17240	replicate-2
ha	1340	17183	replicate-2
ha	1341	17710	replicate-2
ha	1342	18161	replicate-2
ha	1343	17838	replicate-2
ha	1344	18057	replicate-2
ha	1345	17175	replicate-2
ha	1346	17930	replicate-2
ha	1347	18155	replicate-2
ha	1348	17518	replicate-2
ha	1349	17497	replicate-2
ha	1350	17393	replicate-2
ha	1351	16334	replicate-2
ha	1352	16414	replicate-2
ha	1353	16316	replicate-2
ha	1354	16234	replicate-2
ha	1355	16575	replicate-2
ha	1356	16551	replicate-2
ha	1357	16586	replicate-2
ha	1358	16450	replicate-2
ha	1359	16484	replicate-2
ha	1360	16500	replicate-2
ha	1361	16629	replicate-2
ha	1362	16382	replicate-2
ha	1363	16289	replicate-2
ha	1364	16025	replicate-2
ha	1365	15743	replicate-2
ha	1366	15760	replicate-2
ha	1367	15883	replicate-2
ha	1368	16157	replicate-2
ha	1369	16214	replicate-2
ha	1370	16410	replicate-2
ha	1371	16767	replicate-2
ha	1372	16696	replicate-2
ha	1373	16686	replicate-2
ha	1374	16704	replicate-2
ha	1375	17510	replicate-2
ha	1376	17664	replicate-2
ha	1377	17891	replicate-2
ha	1378	18647	replicate-2
ha	1379	20070	replicate-2
ha	1380	20371	replicate-2
ha	1381	20583	replicate-2
ha	1382	20638	replicate-2
ha	1383	21349	replicate-2
ha	1384	21114	replicate-2
ha	1385	21529	replicate-2
ha	1386	21477	replicate-2
ha	1387	21634	replicate-2
ha	1388	21689	replicate-2
ha	1389	21670	replicate-2
ha	1390	21651	replicate-2
ha	1391	21644	replicate-2
ha	1392	21508	replicate-2
ha	1393	21594	replicate-2
ha	1394	21454	replicate-2
ha	1395	21452	replicate-2
ha	1396	21393	replicate-2
ha	1397	21545	replicate-2
ha	1398	22184	replicate-2
ha	1399	22362	replicate-2
ha	1400	22574	replicate-2
ha	1401	22929	replicate-2
ha	1402	22949	replicate-2
ha	1403	23061	replicate-2
ha	1404	23279	replicate-2
ha	1405	23376	replicate-2
ha	1406	24070	replicate-2
ha	1407	24023	replicate-2
ha	1408	24075	replicate-2
ha	1409	24048	replicate-2
ha	1410	23934	replicate-2
ha	1411	23934	replicate-2
ha	1412	23559	replicate-2
ha	1413	23324	replicate-2
ha	1414	23781	replicate-2
ha	1415	23734	replicate-2
ha	1416	23525	replicate-2
ha	1417	23586	replicate-2
ha	1418	23596	replicate-2
ha	1419	23750	replicate-2
ha	1420	23775	replicate-2
ha	1421	23778	replicate-2
ha	1422	23803	replicate-2
ha	1423	23742	replicate-2
ha	1424	23354	replicate-2
ha	1425	23582	replicate-2
ha	1426	23729	replicate-2
ha	1427	24068	replicate-2
ha	1428	24104	replicate-2
ha	1429	23897	replicate-2
ha	1430	23776	replicate-2
ha	1431	24440	replicate-2
ha	1432	24353	replicate-2
ha	1433	24576	replicate-2
ha	1434	24341	replicate-2
ha	1435	24166	replicate-2
ha	1436	24146	replicate-2
ha	1437	23604	replicate-2
ha	1438	24718	replicate-2
ha	1439	24725	replicate-2
ha	1440	24005	replicate-2
ha	1441	23992	replicate-2
ha	1442	23670	replicate-2
ha	1443	24023	replicate-2
ha	1444	24487	replicate-2
ha	1445	24519	replicate-2
ha	1446	24359	replicate-2
ha	1447	22935	replicate-2
ha	1448	21905	replicate-2
ha	1449	23511	replicate-2
ha	1450	23591	replicate-2
ha	1451	23731	replicate-2
ha	1452	23704	replicate-2
ha	1453	22621	replicate-2
ha	1454	22627	replicate-2
ha	1455	22646	replicate-2
ha	1456	22913	replicate-2
ha	1457	23118	replicate-2
ha	1458	21547	replicate-2
ha	1459	21598	replicate-2
ha	1460	21583	replicate-2
ha	1461	21315	replicate-2
ha	1462	22210	replicate-2
ha	1463	22545	replicate-2
ha	1464	22685	replicate-2
ha	1465	22535	replicate-2
ha	1466	22140	replicate-2
ha	1467	22152	replicate-2
ha	1468	22126	replicate-2
ha	1469	22158	replicate-2
ha	1470	22128	replicate-2
ha	1471	21721	replicate-2
ha	1472	21232	replicate-2
ha	1473	21833	replicate-2
ha	1474	21837	replicate-2
ha	1475	22093	replicate-2
ha	1476	22183	replicate-2
ha	1477	22038	replicate-2
ha	1478	22136	replicate-2
ha	1479	22160	replicate-2
ha	1480	22146	replicate-2
ha	1481	22405	replicate-2
ha	1482	22157	replicate-2
ha	1483	22259	replicate-2
ha	1484	22151	replicate-2
ha	1485	22438	replicate-2
ha	1486	22578	replicate-2
ha	1487	22620	replicate-2
ha	1488	22633	replicate-2
ha	1489	22716	replicate-2
ha	1490	22644	replicate-2
ha	1491	22633	replicate-2
ha	1492	22469	replicate-2
ha	1493	22383	replicate-2
ha	1494	22532	replicate-2
ha	1495	22433	replicate-2
ha	1496	22431	replicate-2
ha	1497	22455	replicate-2
ha	1498	22351	replicate-2
ha	1499	22544	replicate-2
ha	1500	22587	replicate-2
ha	1501	22544	replicate-2
ha	1502	22831	replicate-2
ha	1503	22870	replicate-2
ha	1504	23003	replicate-2
ha	1505	23396	replicate-2
ha	1506	23521	replicate-2
ha	1507	23585	replicate-2
ha	1508	23318	replicate-2
ha	1509	23328	replicate-2
ha	1510	23331	replicate-2
ha	1511	23331	replicate-2
ha	1512	22816	replicate-2
ha	1513	22502	replicate-2
ha	1514	21676	replicate-2
ha	1515	22080	replicate-2
ha	1516	21454	replicate-2
ha	1517	21582	replicate-2
ha	1518	21441	replicate-2
ha	1519	21529	replicate-2
ha	1520	21509	replicate-2
ha	1521	21683	replicate-2
ha	1522	21677	replicate-2
ha	1523	21558	replicate-2
ha	1524	20522	replicate-2
ha	1525	20311	replicate-2
ha	1526	20200	replicate-2
ha	1527	20286	replicate-2
ha	1528	20271	replicate-2
ha	1529	20494	replicate-2
ha	1530	20117	replicate-2
ha	1531	20140	replicate-2
ha	1532	20234	replicate-2
ha	1533	20220	replicate-2
ha	1534	20775	replicate-2
ha	1535	20783	replicate-2
ha	1536	20660	replicate-2
ha	1537	20617	replicate-2
ha	1538	20259	replicate-2
ha	1539	20283	replicate-2
ha	1540	20125	replicate-2
ha	1541	20164	replicate-2
ha	1542	20144	replicate-2
ha	1543	19576	replicate-2
ha	1544	19729	replicate-2
ha	1545	19600	replicate-2
ha	1546	20461	replicate-2
ha	1547	20424	replicate-2
ha	1548	20401	replicate-2
ha	1549	20258	replicate-2
ha	1550	19759	replicate-2
ha	1551	19807	replicate-2
ha	1552	19323	replicate-2
ha	1553	19482	replicate-2
ha	1554	19330	replicate-2
ha	1555	17262	replicate-2
ha	1556	17236	replicate-2
ha	1557	16582	replicate-2
ha	1558	16571	replicate-2
ha	1559	16584	replicate-2
ha	1560	16582	replicate-2
ha	1561	16438	replicate-2
ha	1562	16198	replicate-2
ha	1563	16310	replicate-2
ha	1564	16604	replicate-2
ha	1565	16572	replicate-2
ha	1566	16428	replicate-2
ha	1567	16303	replicate-2
ha	1568	16328	replicate-2
ha	1569	16261	replicate-2
ha	1570	16168	replicate-2
ha	1571	15747	replicate-2
ha	1572	15880	replicate-2
ha	1573	15211	replicate-2
ha	1574	15345	replicate-2
ha	1575	15360	replicate-2
ha	1576	15327	replicate-2
ha	1577	15840	replicate-2
ha	1578	15770	replicate-2
ha	1579	15769	replicate-2
ha	1580	15763	replicate-2
ha	1581	15551	replicate-2
ha	1582	15506	replicate-2
ha	1583	15318	replicate-2
ha	1584	15340	replicate-2
ha	1585	15349	replicate-2
ha	1586	14619	replicate-2
ha	1587	14747	replicate-2
ha	1588	14726	replicate-2
ha	1589	14833	replicate-2
ha	1590	14861	replicate-2
ha	1591	14983	replicate-2
ha	1592	15011	replicate-2
ha	1593	15061	replicate-2
ha	1594	15091	replicate-2
ha	1595	15077	replicate-2
ha	1596	14850	replicate-2
ha	1597	14530	replicate-2
ha	1598	14490	replicate-2
ha	1599	14401	replicate-2
ha	1600	14356	replicate-2
ha	1601	14217	replicate-2
ha	1602	14829	replicate-2
ha	1603	14897	replicate-2
ha	1604	14967	replicate-2
ha	1605	14988	replicate-2
ha	1606	15012	replicate-2
ha	1607	15073	replicate-2
ha	1608	15439	replicate-2
ha	1609	15367	replicate-2
ha	1610	15350	replicate-2
ha	1611	15200	replicate-2
ha	1612	14515	replicate-2
ha	1613	14682	replicate-2
ha	1614	15377	replicate-2
ha	1615	15423	replicate-2
ha	1616	15381	replicate-2
ha	1617	14666	replicate-2
ha	1618	14798	replicate-2
ha	1619	14763	replicate-2
ha	1620	14693	replicate-2
ha	1621	14475	replicate-2
ha	1622	14666	replicate-2
ha	1623	13727	replicate-2
ha	1624	13942	replicate-2
ha	1625	14010	replicate-2
ha	1626	14136	replicate-2
ha	1627	14014	replicate-2
ha	1628	14063	replicate-2
ha	1629	14127	replicate-2
ha	1630	14504	replicate-2
ha	1631	14166	replicate-2
ha	1632	14668	replicate-2
ha	1633	14605	replicate-2
ha	1634	14616	replicate-2
ha	1635	14711	replicate-2
ha	1636	14546	replicate-2
ha	1637	14522	replicate-2
ha	1638	14556	replicate-2
ha	1639	14033	replicate-2
ha	1640	14087	replicate-2
ha	1641	13878	replicate-2
ha	1642	13913	replicate-2
ha	1643	13932	replicate-2
ha	1644	13881	replicate-2
ha	1645	13928	replicate-2
ha	1646	13911	replicate-2
ha	1647	14043	replicate-2
ha	1648	14055	replicate-2
ha	1649	14131	replicate-2
ha	1650	14711	replicate-2
ha	1651	14674	replicate-2
ha	1652	14656	replicate-2
ha	1653	14662	replicate-2
ha	1654	14628	replicate-2
ha	1655	14677	replicate-2
ha	1656	14542	replicate-2
ha	1657	14405	replicate-2
ha	1658	14397	replicate-2
ha	1659	13790	replicate-2
ha	1660	13984	replicate-2
ha	1661	13997	replicate-2
ha	1662	14022	replicate-2
ha	1663	13980	replicate-2
ha	1664	13912	replicate-2
ha	1665	13896	replicate-2
ha	1666	14137	replicate-2
ha	1667	14124	replicate-2
ha	1668	14082	replicate-2
ha	1669	13960	replicate-2
ha	1670	13834	replicate-2
ha	1671	13793	replicate-2
ha	1672	13788	replicate-2
ha	1673	13766	replicate-2
ha	1674	13736	replicate-2
ha	1675	13360	replicate-2
ha	1676	13762	replicate-2
ha	1677	14119	replicate-2
ha	1678	14089	replicate-2
ha	1679	14154	replicate-2
ha	1680	14054	replicate-2
ha	1681	15043	replicate-2
ha	1682	15074	replicate-2
ha	1683	15243	replicate-2
ha	1684	15105	replicate-2
ha	1685	14968	replicate-2
ha	1686	14496	replicate-2
ha	1687	14500	replicate-2
ha	1688	14527	replicate-2
ha	1689	14496	replicate-2
ha	1690	13882	replicate-2
ha	1691	13483	replicate-2
ha	1692	12902	replicate-2
ha	1693	12951	replicate-2
ha	1694	12449	replicate-2
ha	1695	12673	replicate-2
ha	1696	12649	replicate-2
ha	1697	12651	replicate-2
ha	1698	12756	replicate-2
ha	1699	12638	replicate-2
ha	1700	12624	replicate-2
ha	1701	12609	replicate-2
ha	1702	12510	replicate-2
ha	1703	12545	replicate-2
ha	1704	12463	replicate-2
ha	1705	12359	replicate-2
ha	1706	12363	replicate-2
ha	1707	12229	replicate-2
ha	1708	12241	replicate-2
ha	1709	12443	replicate-2
ha	1710	12488	replicate-2
ha	1711	12517	replicate-2
ha	1712	12493	replicate-2
ha	1713	11360	replicate-2
ha	1714	11461	replicate-2
ha	1715	11276	replicate-2
ha	1716	11293	replicate-2
ha	1717	11304	replicate-2
ha	1718	10922	replicate-2
ha	1719	10965	replicate-2
ha	1720	10883	replicate-2
ha	1721	10853	replicate-2
ha	1722	10813	replicate-2
ha	1723	9996	replicate-2
ha	1724	9968	replicate-2
ha	1725	9928	replicate-2
ha	1726	9931	replicate-2
ha	1727	9897	replicate-2
ha	1728	9639	replicate-2
ha	1729	9557	replicate-2
ha	1730	9511	replicate-2
ha	1731	9407	replicate-2
ha	1732	9397	replicate-2
ha	1733	9353	replicate-2
ha	1734	9186	replicate-2
ha	1735	9054	replicate-2
ha	1736	8982	replicate-2
ha	1737	8958	replicate-2
ha	1738	8910	replicate-2
ha	1739	8887	replicate-2
ha	1740	8542	replicate-2
ha	1741	8508	replicate-2
ha	1742	8476	replicate-2
ha	1743	8416	replicate-2
ha	1744	8395	replicate-2
ha	1745	8280	replicate-2
ha	1746	8268	replicate-2
ha	1747	8233	replicate-2
ha	1748	8215	replicate-2
ha	1749	8133	replicate-2
ha	1750	7777	replicate-2
ha	1751	7579	replicate-2
ha	1752	7464	replicate-2
ha	1753	7419	replicate-2
ha	1754	7194	replicate-2
ha	1755	6603	replicate-2
ha	1756	6509	replicate-2
ha	1757	6458	replicate-2
ha	1758	6430	replicate-2
ha	1759	6198	replicate-2
ha	1760	6117	replicate-2
ha	1761	6086	replicate-2
ha	1762	5296	replicate-2
ha	1763	5279	replicate-2
ha	1764	5167	replicate-2
ha	1765	5104	replicate-2
ha	1766	5023	replicate-2
ha	1767	4948	replicate-2
ha	1768	4930	replicate-2
ha	1769	4825	replicate-2
ha	1770	4757	replicate-2
ha	1771	4689	replicate-2
ha	1772	3406	replicate-2
ha	1773	3246	replicate-2
ha	1774	3151	replicate-2
ha	1775	3129	replicate-2
ha	1776	654	replicate-2
mp	1	16	replicate-2
mp	2	16	replicate-2
mp	3	16	replicate-2
mp	4	16	replicate-2
mp	5	21	replicate-2
mp	6	21	replicate-2
mp	7	21	replicate-2
mp	8	22	replicate-2
mp	9	24	replicate-2
mp	10	24	replicate-2
mp	11	32	replicate-2
mp	12	32	replicate-2
mp	13	32	replicate-2
mp	14	32	replicate-2
mp	15	33	replicate-2
mp	16	34	replicate-2
mp	17	34	replicate-2
mp	18	35	replicate-2
mp	19	35	replicate-2
mp	20	35	replicate-2
mp	21	36	replicate-2
mp	22	37	replicate-2
mp	23	37	replicate-2
mp	24	37	replicate-2
mp	25	39	replicate-2
mp	26	39	replicate-2
mp	27	40	replicate-2
mp	28	40	replicate-2
mp	29	40	replicate-2
mp	30	44	replicate-2
mp	31	44	replicate-2
mp	32	48	replicate-2
mp	33	50	replicate-2
mp	34	51	replicate-2
mp	35	51	replicate-2
mp	36	51	replicate-2
mp	37	51	replicate-2
mp	38	51	replicate-2
mp	39	51	replicate-2
mp	40	51	replicate-2
mp	41	51	replicate-2
mp	42	51	replicate-2
mp	43	53	replicate-2
mp	44	54	replicate-2
mp	45	54	replicate-2
mp	46	54	replicate-2
mp	47	55	replicate-2
mp	48	57	replicate-2
mp	49	57	replicate-2
mp	50	57	replicate-2
mp	51	59	replicate-2
mp	52	58	replicate-2
mp	53	57	replicate-2
mp	54	57	replicate-2
mp	55	57	replicate-2
mp	56	57	replicate-2
mp	57	57	replicate-2
mp	58	57	replicate-2
mp	59	62	replicate-2
mp	60	62	replicate-2
mp	61	64	replicate-2
mp	62	65	replicate-2
mp	63	68	replicate-2
mp	64	68	replicate-2
mp	65	69	replicate-2
mp	66	71	replicate-2
mp	67	71	replicate-2
mp	68	71	replicate-2
mp	69	71	replicate-2
mp	70	72	replicate-2
mp	71	72	replicate-2
mp	72	72	replicate-2
mp	73	73	replicate-2
mp	74	73	replicate-2
mp	75	74	replicate-2
mp	76	73	replicate-2
mp	77	74	replicate-2
mp	78	74	replicate-2
mp	79	74	replicate-2
mp	80	74	replicate-2
mp	81	74	replicate-2
mp	82	75	replicate-2
mp	83	75	replicate-2
mp	84	71	replicate-2
mp	85	70	replicate-2
mp	86	65	replicate-2
mp	87	63	replicate-2
mp	88	61	replicate-2
mp	89	61	replicate-2
mp	90	61	replicate-2
mp	91	60	replicate-2
mp	92	60	replicate-2
mp	93	59	replicate-2
mp	94	59	replicate-2
mp	95	58	replicate-2
mp	96	58	replicate-2
mp	97	57	replicate-2
mp	98	57	replicate-2
mp	99	58	replicate-2
mp	100	58	replicate-2
mp	101	58	replicate-2
mp	102	58	replicate-2
mp	103	57	replicate-2
mp	104	56	replicate-2
mp	105	61	replicate-2
mp	106	59	replicate-2
mp	107	59	replicate-2
mp	108	58	replicate-2
mp	109	58	replicate-2
mp	110	59	replicate-2
mp	111	59	replicate-2
mp	112	58	replicate-2
mp	113	57	replicate-2
mp	114	57	replicate-2
mp	115	58	replicate-2
mp	116	60	replicate-2
mp	117	59	replicate-2
mp	118	59	replicate-2
mp	119	57	replicate-2
mp	120	57	replicate-2
mp	121	57	replicate-2
mp	122	57	replicate-2
mp	123	57	replicate-2
mp	124	56	replicate-2
mp	125	57	replicate-2
mp	126	57	replicate-2
mp	127	58	replicate-2
mp	128	56	replicate-2
mp	129	55	replicate-2
mp	130	56	replicate-2
mp	131	54	replicate-2
mp	132	53	replicate-2
mp	133	54	replicate-2
mp	134	51	replicate-2
mp	135	51	replicate-2
mp	136	51	replicate-2
mp	137	50	replicate-2
mp	138	50	replicate-2
mp	139	50	replicate-2
mp	140	51	replicate-2
mp	141	51	replicate-2
mp	142	51	replicate-2
mp	143	51	replicate-2
mp	144	51	replicate-2
mp	145	51	replicate-2
mp	146	52	replicate-2
mp	147	52	replicate-2
mp	148	52	replicate-2
mp	149	56	replicate-2
mp	150	56	replicate-2
mp	151	56	replicate-2
mp	152	55	replicate-2
mp	153	55	replicate-2
mp	154	56	replicate-2
mp	155	52	replicate-2
mp	156	52	replicate-2
mp	157	51	replicate-2
mp	158	48	replicate-2
mp	159	50	replicate-2
mp	160	51	replicate-2
mp	161	51	replicate-2
mp	162	50	replicate-2
mp	163	50	replicate-2
mp	164	50	replicate-2
mp	165	51	replicate-2
mp	166	53	replicate-2
mp	167	52	replicate-2
mp	168	53	replicate-2
mp	169	51	replicate-2
mp	170	54	replicate-2
mp	171	56	replicate-2
mp	172	56	replicate-2
mp	173	56	replicate-2
mp	174	54	replicate-2
mp	175	55	replicate-2
mp	176	53	replicate-2
mp	177	53	replicate-2
mp	178	55	replicate-2
mp	179	56	replicate-2
mp	180	58	replicate-2
mp	181	60	replicate-2
mp	182	60	replicate-2
mp	183	60	replicate-2
mp	184	58	replicate-2
mp	185	62	replicate-2
mp	186	60	replicate-2
mp	187	60	replicate-2
mp	188	60	replicate-2
mp	189	59	replicate-2
mp	190	63	replicate-2
mp	191	63	replicate-2
mp	192	64	replicate-2
mp	193	64	replicate-2
mp	194	61	replicate-2
mp	195	62	replicate-2
mp	196	62	replicate-2
mp	197	62	replicate-2
mp	198	63	replicate-2
mp	199	63	replicate-2
mp	200	64	replicate-2
mp	201	63	replicate-2
mp	202	63	replicate-2
mp	203	63	replicate-2
mp	204	63	replicate-2
mp	205	64	replicate-2
mp	206	66	replicate-2
mp	207	66	replicate-2
mp	208	64	replicate-2
mp	209	65	replicate-2
mp	210	66	replicate-2
mp	211	66	replicate-2
mp	212	66	replicate-2
mp	213	66	replicate-2
mp	214	66	replicate-2
mp	215	64	replicate-2
mp	216	64	replicate-2
mp	217	65	replicate-2
mp	218	65	replicate-2
mp	219	65	replicate-2
mp	220	65	replicate-2
mp	221	64	replicate-2
mp	222	66	replicate-2
mp	223	67	replicate-2
mp	224	66	replicate-2
mp	225	67	replicate-2
mp	226	67	replicate-2
mp	227	67	replicate-2
mp	228	65	replicate-2
mp	229	65	replicate-2
mp	230	65	replicate-2
mp	231	65	replicate-2
mp	232	65	replicate-2
mp	233	64	replicate-2
mp	234	66	replicate-2
mp	235	63	replicate-2
mp	236	63	replicate-2
mp	237	60	replicate-2
mp	238	60	replicate-2
mp	239	61	replicate-2
mp	240	62	replicate-2
mp	241	61	replicate-2
mp	242	66	replicate-2
mp	243	69	replicate-2
mp	244	71	replicate-2
mp	245	72	replicate-2
mp	246	72	replicate-2
mp	247	72	replicate-2
mp	248	71	replicate-2
mp	249	70	replicate-2
mp	250	72	replicate-2
mp	251	74	replicate-2
mp	252	75	replicate-2
mp	253	75	replicate-2
mp	254	74	replicate-2
mp	255	72	replicate-2
mp	256	74	replicate-2
mp	257	74	replicate-2
mp	258	74	replicate-2
mp	259	72	replicate-2
mp	260	72	replicate-2
mp	261	73	replicate-2
mp	262	72	replicate-2
mp	263	76	replicate-2
mp	264	77	replicate-2
mp	265	76	replicate-2
mp	266	76	replicate-2
mp	267	74	replicate-2
mp	268	76	replicate-2
mp	269	76	replicate-2
mp	270	75	replicate-2
mp	271	75	replicate-2
mp	272	76	replicate-2
mp	273	77	replicate-2
mp	274	77	replicate-2
mp	275	79	replicate-2
mp	276	79	replicate-2
mp	277	80	replicate-2
mp	278	79	replicate-2
mp	279	75	replicate-2
mp	280	77	replicate-2
mp	281	77	replicate-2
mp	282	78	replicate-2
mp	283	76	replicate-2
mp	284	77	replicate-2
mp	285	77	replicate-2
mp	286	74	replicate-2
mp	287	75	replicate-2
mp	288	75	replicate-2
mp	289	75	replicate-2
mp	290	73	replicate-2
mp	291	73	replicate-2
mp	292	75	replicate-2
mp	293	75	replicate-2
mp	294	77	replicate-2
mp	295	77	replicate-2
mp	296	76	replicate-2
mp	297	75	replicate-2
mp	298	76	replicate-2
mp	299	76	replicate-2
mp	300	78	replicate-2
mp	301	77	replicate-2
mp	302	77	replicate-2
mp	303	76	replicate-2
mp	304	80	replicate-2
mp	305	81	replicate-2
mp	306	83	replicate-2
mp	307	82	replicate-2
mp	308	75	replicate-2
mp	309	75	replicate-2
mp	310	79	replicate-2
mp	311	80	replicate-2
mp	312	81	replicate-2
mp	313	81	replicate-2
mp	314	86	replicate-2
mp	315	87	replicate-2
mp	316	89	replicate-2
mp	317	88	replicate-2
mp	318	86	replicate-2
mp	319	87	replicate-2
mp	320	87	replicate-2
mp	321	86	replicate-2
mp	322	96	replicate-2
mp	323	94	replicate-2
mp	324	94	replicate-2
mp	325	94	replicate-2
mp	326	95	replicate-2
mp	327	95	replicate-2
mp	328	97	replicate-2
mp	329	99	replicate-2
mp	330	99	replicate-2
mp	331	95	replicate-2
mp	332	96	replicate-2
mp	333	97	replicate-2
mp	334	97	replicate-2
mp	335	97	replicate-2
mp	336	96	replicate-2
mp	337	97	replicate-2
mp	338	97	replicate-2
mp	339	97	replicate-2
mp	340	97	replicate-2
mp	341	101	replicate-2
mp	342	102	replicate-2
mp	343	103	replicate-2
mp	344	103	replicate-2
mp	345	103	replicate-2
mp	346	103	replicate-2
mp	347	103	replicate-2
mp	348	105	replicate-2
mp	349	102	replicate-2
mp	350	102	replicate-2
mp	351	101	replicate-2
mp	352	101	replicate-2
mp	353	101	replicate-2
mp	354	105	replicate-2
mp	355	106	replicate-2
mp	356	104	replicate-2
mp	357	108	replicate-2
mp	358	109	replicate-2
mp	359	109	replicate-2
mp	360	109	replicate-2
mp	361	108	replicate-2
mp	362	107	replicate-2
mp	363	107	replicate-2
mp	364	107	replicate-2
mp	365	108	replicate-2
mp	366	104	replicate-2
mp	367	101	replicate-2
mp	368	100	replicate-2
mp	369	101	replicate-2
mp	370	101	replicate-2
mp	371	100	replicate-2
mp	372	100	replicate-2
mp	373	98	replicate-2
mp	374	98	replicate-2
mp	375	96	replicate-2
mp	376	102	replicate-2
mp	377	102	replicate-2
mp	378	103	replicate-2
mp	379	102	replicate-2
mp	380	103	replicate-2
mp	381	105	replicate-2
mp	382	105	replicate-2
mp	383	106	replicate-2
mp	384	106	replicate-2
mp	385	102	replicate-2
mp	386	102	replicate-2
mp	387	102	replicate-2
mp	388	98	replicate-2
mp	389	97	replicate-2
mp	390	98	replicate-2
mp	391	98	replicate-2
mp	392	98	replicate-2
mp	393	99	replicate-2
mp	394	100	replicate-2
mp	395	99	replicate-2
mp	396	98	replicate-2
mp	397	99	replicate-2
mp	398	99	replicate-2
mp	399	99	replicate-2
mp	400	99	replicate-2
mp	401	100	replicate-2
mp	402	100	replicate-2
mp	403	102	replicate-2
mp	404	101	replicate-2
mp	405	104	replicate-2
mp	406	103	replicate-2
mp	407	101	replicate-2
mp	408	102	replicate-2
mp	409	102	replicate-2
mp	410	104	replicate-2
mp	411	105	replicate-2
mp	412	103	replicate-2
mp	413	109	replicate-2
mp	414	107	replicate-2
mp	415	111	replicate-2
mp	416	117	replicate-2
mp	417	116	replicate-2
mp	418	123	replicate-2
mp	419	122	replicate-2
mp	420	119	replicate-2
mp	421	119	replicate-2
mp	422	109	replicate-2
mp	423	108	replicate-2
mp	424	107	replicate-2
mp	425	103	replicate-2
mp	426	106	replicate-2
mp	427	105	replicate-2
mp	428	105	replicate-2
mp	429	106	replicate-2
mp	430	101	replicate-2
mp	431	100	replicate-2
mp	432	101	replicate-2
mp	433	101	replicate-2
mp	434	100	replicate-2
mp	435	96	replicate-2
mp	436	97	replicate-2
mp	437	97	replicate-2
mp	438	97	replicate-2
mp	439	99	replicate-2
mp	440	96	replicate-2
mp	441	96	replicate-2
mp	442	96	replicate-2
mp	443	96	replicate-2
mp	444	98	replicate-2
mp	445	98	replicate-2
mp	446	99	replicate-2
mp	447	99	replicate-2
mp	448	100	replicate-2
mp	449	100	replicate-2
mp	450	99	replicate-2
mp	451	99	replicate-2
mp	452	100	replicate-2
mp	453	99	replicate-2
mp	454	100	replicate-2
mp	455	99	replicate-2
mp	456	101	replicate-2
mp	457	103	replicate-2
mp	458	105	replicate-2
mp	459	105	replicate-2
mp	460	104	replicate-2
mp	461	101	replicate-2
mp	462	100	replicate-2
mp	463	103	replicate-2
mp	464	105	replicate-2
mp	465	105	replicate-2
mp	466	105	replicate-2
mp	467	102	replicate-2
mp	468	105	replicate-2
mp	469	105	replicate-2
mp	470	106	replicate-2
mp	471	105	replicate-2
mp	472	102	replicate-2
mp	473	95	replicate-2
mp	474	97	replicate-2
mp	475	94	replicate-2
mp	476	92	replicate-2
mp	477	93	replicate-2
mp	478	93	replicate-2
mp	479	94	replicate-2
mp	480	93	replicate-2
mp	481	93	replicate-2
mp	482	93	replicate-2
mp	483	91	replicate-2
mp	484	92	replicate-2
mp	485	91	replicate-2
mp	486	90	replicate-2
mp	487	89	replicate-2
mp	488	89	replicate-2
mp	489	89	replicate-2
mp	490	89	replicate-2
mp	491	91	replicate-2
mp	492	90	replicate-2
mp	493	88	replicate-2
mp	494	87	replicate-2
mp	495	89	replicate-2
mp	496	89	replicate-2
mp	497	89	replicate-2
mp	498	87	replicate-2
mp	499	86	replicate-2
mp	500	85	replicate-2
mp	501	83	replicate-2
mp	502	83	replicate-2
mp	503	83	replicate-2
mp	504	83	replicate-2
mp	505	85	replicate-2
mp	506	85	replicate-2
mp	507	86	replicate-2
mp	508	86	replicate-2
mp	509	88	replicate-2
mp	510	87	replicate-2
mp	511	92	replicate-2
mp	512	89	replicate-2
mp	513	90	replicate-2
mp	514	91	replicate-2
mp	515	93	replicate-2
mp	516	93	replicate-2
mp	517	93	replicate-2
mp	518	92	replicate-2
mp	519	91	replicate-2
mp	520	92	replicate-2
mp	521	94	replicate-2
mp	522	92	replicate-2
mp	523	90	replicate-2
mp	524	85	replicate-2
mp	525	86	replicate-2
mp	526	86	replicate-2
mp	527	81	replicate-2
mp	528	82	replicate-2
mp	529	83	replicate-2
mp	530	80	replicate-2
mp	531	81	replicate-2
mp	532	81	replicate-2
mp	533	74	replicate-2
mp	534	73	replicate-2
mp	535	73	replicate-2
mp	536	72	replicate-2
mp	537	71	replicate-2
mp	538	70	replicate-2
mp	539	71	replicate-2
mp	540	70	replicate-2
mp	541	73	replicate-2
mp	542	72	replicate-2
mp	543	72	replicate-2
mp	544	72	replicate-2
mp	545	71	replicate-2
mp	546	71	replicate-2
mp	547	72	replicate-2
mp	548	72	replicate-2
mp	549	72	replicate-2
mp	550	72	replicate-2
mp	551	72	replicate-2
mp	552	72	replicate-2
mp	553	75	replicate-2
mp	554	75	replicate-2
mp	555	73	replicate-2
mp	556	74	replicate-2
mp	557	74	replicate-2
mp	558	81	replicate-2
mp	559	82	replicate-2
mp	560	81	replicate-2
mp	561	81	replicate-2
mp	562	80	replicate-2
mp	563	85	replicate-2
mp	564	83	replicate-2
mp	565	86	replicate-2
mp	566	86	replicate-2
mp	567	86	replicate-2
mp	568	88	replicate-2
mp	569	89	replicate-2
mp	570	89	replicate-2
mp	571	89	replicate-2
mp	572	83	replicate-2
mp	573	89	replicate-2
mp	574	89	replicate-2
mp	575	89	replicate-2
mp	576	93	replicate-2
mp	577	88	replicate-2
mp	578	87	replicate-2
mp	579	89	replicate-2
mp	580	94	replicate-2
mp	581	102	replicate-2
mp	582	97	replicate-2
mp	583	98	replicate-2
mp	584	97	replicate-2
mp	585	97	replicate-2
mp	586	97	replicate-2
mp	587	96	replicate-2
mp	588	96	replicate-2
mp	589	91	replicate-2
mp	590	93	replicate-2
mp	591	93	replicate-2
mp	592	93	replicate-2
mp	593	95	replicate-2
mp	594	95	replicate-2
mp	595	94	replicate-2
mp	596	94	replicate-2
mp	597	88	replicate-2
mp	598	90	replicate-2
mp	599	90	replicate-2
mp	600	91	replicate-2
mp	601	92	replicate-2
mp	602	92	replicate-2
mp	603	94	replicate-2
mp	604	92	replicate-2
mp	605	96	replicate-2
mp	606	97	replicate-2
mp	607	97	replicate-2
mp	608	98	replicate-2
mp	609	96	replicate-2
mp	610	98	replicate-2
mp	611	97	replicate-2
mp	612	98	replicate-2
mp	613	99	replicate-2
mp	614	101	replicate-2
mp	615	101	replicate-2
mp	616	101	replicate-2
mp	617	101	replicate-2
mp	618	101	replicate-2
mp	619	99	replicate-2
mp	620	99	replicate-2
mp	621	98	replicate-2
mp	622	97	replicate-2
mp	623	99	replicate-2
mp	624	99	replicate-2
mp	625	100	replicate-2
mp	626	101	replicate-2
mp	627	100	replicate-2
mp	628	101	replicate-2
mp	629	104	replicate-2
mp	630	105	replicate-2
mp	631	106	replicate-2
mp	632	107	replicate-2
mp	633	106	replicate-2
mp	634	106	replicate-2
mp	635	108	replicate-2
mp	636	106	replicate-2
mp	637	104	replicate-2
mp	638	102	replicate-2
mp	639	101	replicate-2
mp	640	102	replicate-2
mp	641	103	replicate-2
mp	642	103	replicate-2
mp	643	102	replicate-2
mp	644	103	replicate-2
mp	645	102	replicate-2
mp	646	101	replicate-2
mp	647	102	replicate-2
mp	648	99	replicate-2
mp	649	104	replicate-2
mp	650	104	replicate-2
mp	651	103	replicate-2
mp	652	103	replicate-2
mp	653	103	replicate-2
mp	654	106	replicate-2
mp	655	106	replicate-2
mp	656	105	replicate-2
mp	657	104	replicate-2
mp	658	101	replicate-2
mp	659	100	replicate-2
mp	660	101	replicate-2
mp	661	101	replicate-2
mp	662	101	replicate-2
mp	663	99	replicate-2
mp	664	100	replicate-2
mp	665	102	replicate-2
mp	666	99	replicate-2
mp	667	99	replicate-2
mp	668	100	replicate-2
mp	669	100	replicate-2
mp	670	98	replicate-2
mp	671	95	replicate-2
mp	672	93	replicate-2
mp	673	93	replicate-2
mp	674	91	replicate-2
mp	675	91	replicate-2
mp	676	90	replicate-2
mp	677	89	replicate-2
mp	678	87	replicate-2
mp	679	87	replicate-2
mp	680	86	replicate-2
mp	681	87	replicate-2
mp	682	88	replicate-2
mp	683	88	replicate-2
mp	684	87	replicate-2
mp	685	86	replicate-2
mp	686	86	replicate-2
mp	687	85	replicate-2
mp	688	82	replicate-2
mp	689	84	replicate-2
mp	690	78	replicate-2
mp	691	81	replicate-2
mp	692	81	replicate-2
mp	693	78	replicate-2
mp	694	77	replicate-2
mp	695	78	replicate-2
mp	696	79	replicate-2
mp	697	81	replicate-2
mp	698	77	replicate-2
mp	699	77	replicate-2
mp	700	76	replicate-2
mp	701	74	replicate-2
mp	702	75	replicate-2
mp	703	74	replicate-2
mp	704	75	replicate-2
mp	705	73	replicate-2
mp	706	69	replicate-2
mp	707	70	replicate-2
mp	708	71	replicate-2
mp	709	72	replicate-2
mp	710	74	replicate-2
mp	711	72	replicate-2
mp	712	71	replicate-2
mp	713	71	replicate-2
mp	714	71	replicate-2
mp	715	71	replicate-2
mp	716	72	replicate-2
mp	717	69	replicate-2
mp	718	68	replicate-2
mp	719	67	replicate-2
mp	720	67	replicate-2
mp	721	67	replicate-2
mp	722	67	replicate-2
mp	723	68	replicate-2
mp	724	69	replicate-2
mp	725	69	replicate-2
mp	726	69	replicate-2
mp	727	69	replicate-2
mp	728	69	replicate-2
mp	729	67	replicate-2
mp	730	65	replicate-2
mp	731	64	replicate-2
mp	732	64	replicate-2
mp	733	64	replicate-2
mp	734	64	replicate-2
mp	735	64	replicate-2
mp	736	66	replicate-2
mp	737	66	replicate-2
mp	738	67	replicate-2
mp	739	69	replicate-2
mp	740	69	replicate-2
mp	741	69	replicate-2
mp	742	68	replicate-2
mp	743	68	replicate-2
mp	744	70	replicate-2
mp	745	70	replicate-2
mp	746	70	replicate-2
mp	747	69	replicate-2
mp	748	66	replicate-2
mp	749	66	replicate-2
mp	750	65	replicate-2
mp	751	66	replicate-2
mp	752	67	replicate-2
mp	753	65	replicate-2
mp	754	65	replicate-2
mp	755	66	replicate-2
mp	756	67	replicate-2
mp	757	66	replicate-2
mp	758	66	replicate-2
mp	759	69	replicate-2
mp	760	65	replicate-2
mp	761	63	replicate-2
mp	762	62	replicate-2
mp	763	62	replicate-2
mp	764	62	replicate-2
mp	765	62	replicate-2
mp	766	64	replicate-2
mp	767	62	replicate-2
mp	768	57	replicate-2
mp	769	57	replicate-2
mp	770	58	replicate-2
mp	771	57	replicate-2
mp	772	56	replicate-2
mp	773	53	replicate-2
mp	774	52	replicate-2
mp	775	54	replicate-2
mp	776	51	replicate-2
mp	777	51	replicate-2
mp	778	53	replicate-2
mp	779	52	replicate-2
mp	780	52	replicate-2
mp	781	52	replicate-2
mp	782	52	replicate-2
mp	783	51	replicate-2
mp	784	51	replicate-2
mp	785	51	replicate-2
mp	786	51	replicate-2
mp	787	51	replicate-2
mp	788	51	replicate-2
mp	789	51	replicate-2
mp	790	53	replicate-2
mp	791	54	replicate-2
mp	792	54	replicate-2
mp	793	53	replicate-2
mp	794	54	replicate-2
mp	795	53	replicate-2
mp	796	53	replicate-2
mp	797	53	replicate-2
mp	798	51	replicate-2
mp	799	51	replicate-2
mp	800	50	replicate-2
mp	801	50	replicate-2
mp	802	50	replicate-2
mp	803	49	replicate-2
mp	804	49	replicate-2
mp	805	52	replicate-2
mp	806	51	replicate-2
mp	807	52	replicate-2
mp	808	52	replicate-2
mp	809	52	replicate-2
mp	810	51	replicate-2
mp	811	51	replicate-2
mp	812	49	replicate-2
mp	813	49	replicate-2
mp	814	48	replicate-2
mp	815	47	replicate-2
mp	816	47	replicate-2
mp	817	48	replicate-2
mp	818	43	replicate-2
mp	819	43	replicate-2
mp	820	45	replicate-2
mp	821	45	replicate-2
mp	822	44	replicate-2
mp	823	45	replicate-2
mp	824	47	replicate-2
mp	825	45	replicate-2
mp	826	45	replicate-2
mp	827	45	replicate-2
mp	828	47	replicate-2
mp	829	47	replicate-2
mp	830	49	replicate-2
mp	831	48	replicate-2
mp	832	46	replicate-2
mp	833	49	replicate-2
mp	834	47	replicate-2
mp	835	46	replicate-2
mp	836	46	replicate-2
mp	837	46	replicate-2
mp	838	46	replicate-2
mp	839	45	replicate-2
mp	840	45	replicate-2
mp	841	45	replicate-2
mp	842	46	replicate-2
mp	843	46	replicate-2
mp	844	47	replicate-2
mp	845	48	replicate-2
mp	846	48	replicate-2
mp	847	49	replicate-2
mp	848	49	replicate-2
mp	849	48	replicate-2
mp	850	47	replicate-2
mp	851	46	replicate-2
mp	852	46	replicate-2
mp	853	46	replicate-2
mp	854	48	replicate-2
mp	855	48	replicate-2
mp	856	49	replicate-2
mp	857	49	replicate-2
mp	858	48	replicate-2
mp	859	48	replicate-2
mp	860	48	replicate-2
mp	861	48	replicate-2
mp	862	48	replicate-2
mp	863	48	replicate-2
mp	864	48	replicate-2
mp	865	48	replicate-2
mp	866	49	replicate-2
mp	867	50	replicate-2
mp	868	51	replicate-2
mp	869	50	replicate-2
mp	870	50	replicate-2
mp	871	49	replicate-2
mp	872	49	replicate-2
mp	873	47	replicate-2
mp	874	48	replicate-2
mp	875	49	replicate-2
mp	876	49	replicate-2
mp	877	48	replicate-2
mp	878	49	replicate-2
mp	879	49	replicate-2
mp	880	49	replicate-2
mp	881	48	replicate-2
mp	882	48	replicate-2
mp	883	47	replicate-2
mp	884	43	replicate-2
mp	885	40	replicate-2
mp	886	40	replicate-2
mp	887	40	replicate-2
mp	888	43	replicate-2
mp	889	43	replicate-2
mp	890	45	replicate-2
mp	891	45	replicate-2
mp	892	46	replicate-2
mp	893	47	replicate-2
mp	894	47	replicate-2
mp	895	48	replicate-2
mp	896	46	replicate-2
mp	897	46	replicate-2
mp	898	46	replicate-2
mp	899	46	replicate-2
mp	900	45	replicate-2
mp	901	45	replicate-2
mp	902	46	replicate-2
mp	903	47	replicate-2
mp	904	47	replicate-2
mp	905	47	replicate-2
mp	906	47	replicate-2
mp	907	47	replicate-2
mp	908	48	replicate-2
mp	909	50	replicate-2
mp	910	50	replicate-2
mp	911	50	replicate-2
mp	912	51	replicate-2
mp	913	52	replicate-2
mp	914	51	replicate-2
mp	915	52	replicate-2
mp	916	52	replicate-2
mp	917	54	replicate-2
mp	918	54	replicate-2
mp	919	54	replicate-2
mp	920	54	replicate-2
mp	921	55	replicate-2
mp	922	53	replicate-2
mp	923	53	replicate-2
mp	924	53	replicate-2
mp	925	53	replicate-2
mp	926	52	replicate-2
mp	927	52	replicate-2
mp	928	51	replicate-2
mp	929	51	replicate-2
mp	930	51	replicate-2
mp	931	51	replicate-2
mp	932	48	replicate-2
mp	933	48	replicate-2
mp	934	47	replicate-2
mp	935	46	replicate-2
mp	936	47	replicate-2
mp	937	45	replicate-2
mp	938	46	replicate-2
mp	939	47	replicate-2
mp	940	47	replicate-2
mp	941	48	replicate-2
mp	942	47	replicate-2
mp	943	47	replicate-2
mp	944	47	replicate-2
mp	945	47	replicate-2
mp	946	47	replicate-2
mp	947	47	replicate-2
mp	948	48	replicate-2
mp	949	48	replicate-2
mp	950	48	replicate-2
mp	951	48	replicate-2
mp	952	47	replicate-2
mp	953	47	replicate-2
mp	954	47	replicate-2
mp	955	47	replicate-2
mp	956	47	replicate-2
mp	957	42	replicate-2
mp	958	42	replicate-2
mp	959	43	replicate-2
mp	960	43	replicate-2
mp	961	44	replicate-2
mp	962	43	replicate-2
mp	963	46	replicate-2
mp	964	46	replicate-2
mp	965	45	replicate-2
mp	966	45	replicate-2
mp	967	43	replicate-2
mp	968	42	replicate-2
mp	969	41	replicate-2
mp	970	40	replicate-2
mp	971	39	replicate-2
mp	972	36	replicate-2
mp	973	36	replicate-2
mp	974	36	replicate-2
mp	975	36	replicate-2
mp	976	34	replicate-2
mp	977	34	replicate-2
mp	978	34	replicate-2
mp	979	34	replicate-2
mp	980	34	replicate-2
mp	981	34	replicate-2
mp	982	34	replicate-2
mp	983	33	replicate-2
mp	984	33	replicate-2
mp	985	32	replicate-2
mp	986	32	replicate-2
mp	987	32	replicate-2
mp	988	31	replicate-2
mp	989	31	replicate-2
mp	990	30	replicate-2
mp	991	30	replicate-2
mp	992	30	replicate-2
mp	993	30	replicate-2
mp	994	30	replicate-2
mp	995	28	replicate-2
mp	996	28	replicate-2
mp	997	28	replicate-2
mp	998	28	replicate-2
mp	999	28	replicate-2
mp	1000	22	replicate-2
mp	1001	20	replicate-2
mp	1002	20	replicate-2
mp	1003	20	replicate-2
mp	1004	20	replicate-2
mp	1005	19	replicate-2
mp	1006	18	replicate-2
mp	1007	19	replicate-2
mp	1008	19	replicate-2
mp	1009	19	replicate-2
mp	1010	19	replicate-2
mp	1011	19	replicate-2
mp	1012	19	replicate-2
mp	1013	16	replicate-2
mp	1014	16	replicate-2
mp	1015	16	replicate-2
mp	1016	16	replicate-2
mp	1017	16	replicate-2
mp	1018	15	replicate-2
mp	1019	15	replicate-2
mp	1020	15	replicate-2
mp	1021	15	replicate-2
mp	1022	15	replicate-2
mp	1023	13	replicate-2
mp	1024	12	replicate-2
mp	1025	12	replicate-2
mp	1026	12	replicate-2
np	1	39	replicate-2
np	2	45	replicate-2
np	3	46	replicate-2
np	4	46	replicate-2
np	5	53	replicate-2
np	6	59	replicate-2
np	7	59	replicate-2
np	8	61	replicate-2
np	9	61	replicate-2
np	10	61	replicate-2
np	11	73	replicate-2
np	12	74	replicate-2
np	13	95	replicate-2
np	14	95	replicate-2
np	15	96	replicate-2
np	16	113	replicate-2
np	17	114	replicate-2
np	18	121	replicate-2
np	19	122	replicate-2
np	20	144	replicate-2
np	21	145	replicate-2
np	22	149	replicate-2
np	23	149	replicate-2
np	24	154	replicate-2
np	25	154	replicate-2
np	26	157	replicate-2
np	27	160	replicate-2
np	28	161	replicate-2
np	29	161	replicate-2
np	30	161	replicate-2
np	31	162	replicate-2
np	32	166	replicate-2
np	33	166	replicate-2
np	34	167	replicate-2
np	35	169	replicate-2
np	36	175	replicate-2
np	37	176	replicate-2
np	38	176	replicate-2
np	39	178	replicate-2
np	40	178	replicate-2
np	41	181	replicate-2
np	42	185	replicate-2
np	43	185	replicate-2
np	44	186	replicate-2
np	45	186	replicate-2
np	46	187	replicate-2
np	47	187	replicate-2
np	48	187	replicate-2
np	49	188	replicate-2
np	50	191	replicate-2
np	51	192	replicate-2
np	52	195	replicate-2
np	53	195	replicate-2
np	54	193	replicate-2
np	55	192	replicate-2
np	56	190	replicate-2
np	57	186	replicate-2
np	58	186	replicate-2
np	59	196	replicate-2
np	60	194	replicate-2
np	61	189	replicate-2
np	62	192	replicate-2
np	63	192	replicate-2
np	64	192	replicate-2
np	65	181	replicate-2
np	66	178	replicate-2
np	67	176	replicate-2
np	68	176	replicate-2
np	69	175	replicate-2
np	70	168	replicate-2
np	71	176	replicate-2
np	72	175	replicate-2
np	73	171	replicate-2
np	74	170	replicate-2
np	75	166	replicate-2
np	76	170	replicate-2
np	77	168	replicate-2
np	78	166	replicate-2
np	79	166	replicate-2
np	80	164	replicate-2
np	81	171	replicate-2
np	82	171	replicate-2
np	83	170	replicate-2
np	84	171	replicate-2
np	85	172	replicate-2
np	86	171	replicate-2
np	87	169	replicate-2
np	88	168	replicate-2
np	89	171	replicate-2
np	90	172	replicate-2
np	91	173	replicate-2
np	92	173	replicate-2
np	93	172	replicate-2
np	94	178	replicate-2
np	95	179	replicate-2
np	96	177	replicate-2
np	97	176	replicate-2
np	98	176	replicate-2
np	99	178	replicate-2
np	100	180	replicate-2
np	101	180	replicate-2
np	102	180	replicate-2
np	103	180	replicate-2
np	104	180	replicate-2
np	105	184	replicate-2
np	106	180	replicate-2
np	107	182	replicate-2
np	108	180	replicate-2
np	109	181	replicate-2
np	110	182	replicate-2
np	111	182	replicate-2
np	112	185	replicate-2
np	113	185	replicate-2
np	114	182	replicate-2
np	115	180	replicate-2
np	116	180	replicate-2
np	117	181	replicate-2
np	118	181	replicate-2
np	119	181	replicate-2
np	120	181	replicate-2
np	121	178	replicate-2
np	122	178	replicate-2
np	123	173	replicate-2
np	124	173	replicate-2
np	125	171	replicate-2
np	126	170	replicate-2
np	127	170	replicate-2
np	128	174	replicate-2
np	129	173	replicate-2
np	130	179	replicate-2
np	131	179	replicate-2
np	132	181	replicate-2
np	133	182	replicate-2
np	134	186	replicate-2
np	135	186	replicate-2
np	136	181	replicate-2
np	137	182	replicate-2
np	138	180	replicate-2
np	139	177	replicate-2
np	140	176	replicate-2
np	141	180	replicate-2
np	142	180	replicate-2
np	143	178	replicate-2
np	144	180	replicate-2
np	145	182	replicate-2
np	146	182	replicate-2
np	147	182	replicate-2
np	148	182	replicate-2
np	149	183	replicate-2
np	150	181	replicate-2
np	151	177	replicate-2
np	152	177	replicate-2
np	153	177	replicate-2
np	154	179	replicate-2
np	155	179	replicate-2
np	156	180	replicate-2
np	157	179	replicate-2
np	158	181	replicate-2
np	159	201	replicate-2
np	160	205	replicate-2
np	161	217	replicate-2
np	162	221	replicate-2
np	163	222	replicate-2
np	164	266	replicate-2
np	165	275	replicate-2
np	166	291	replicate-2
np	167	292	replicate-2
np	168	288	replicate-2
np	169	295	replicate-2
np	170	297	replicate-2
np	171	339	replicate-2
np	172	334	replicate-2
np	173	328	replicate-2
np	174	328	replicate-2
np	175	323	replicate-2
np	176	330	replicate-2
np	177	326	replicate-2
np	178	323	replicate-2
np	179	322	replicate-2
np	180	311	replicate-2
np	181	320	replicate-2
np	182	316	replicate-2
np	183	321	replicate-2
np	184	322	replicate-2
np	185	320	replicate-2
np	186	322	replicate-2
np	187	326	replicate-2
np	188	327	replicate-2
np	189	327	replicate-2
np	190	326	replicate-2
np	191	325	replicate-2
np	192	326	replicate-2
np	193	326	replicate-2
np	194	332	replicate-2
np	195	332	replicate-2
np	196	335	replicate-2
np	197	339	replicate-2
np	198	342	replicate-2
np	199	352	replicate-2
np	200	353	replicate-2
np	201	357	replicate-2
np	202	356	replicate-2
np	203	363	replicate-2
np	204	362	replicate-2
np	205	362	replicate-2
np	206	362	replicate-2
np	207	364	replicate-2
np	208	361	replicate-2
np	209	360	replicate-2
np	210	362	replicate-2
np	211	362	replicate-2
np	212	358	replicate-2
np	213	368	replicate-2
np	214	378	replicate-2
np	215	377	replicate-2
np	216	378	replicate-2
np	217	377	replicate-2
np	218	374	replicate-2
np	219	372	replicate-2
np	220	361	replicate-2
np	221	357	replicate-2
np	222	366	replicate-2
np	223	353	replicate-2
np	224	354	replicate-2
np	225	354	replicate-2
np	226	353	replicate-2
np	227	355	replicate-2
np	228	349	replicate-2
np	229	362	replicate-2
np	230	380	replicate-2
np	231	373	replicate-2
np	232	377	replicate-2
np	233	376	replicate-2
np	234	376	replicate-2
np	235	380	replicate-2
np	236	378	replicate-2
np	237	375	replicate-2
np	238	365	replicate-2
np	239	364	replicate-2
np	240	366	replicate-2
np	241	365	replicate-2
np	242	365	replicate-2
np	243	368	replicate-2
np	244	374	replicate-2
np	245	374	replicate-2
np	246	373	replicate-2
np	247	374	replicate-2
np	248	370	replicate-2
np	249	367	replicate-2
np	250	361	replicate-2
np	251	359	replicate-2
np	252	347	replicate-2
np	253	358	replicate-2
np	254	364	replicate-2
np	255	363	replicate-2
np	256	361	replicate-2
np	257	359	replicate-2
np	258	363	replicate-2
np	259	366	replicate-2
np	260	363	replicate-2
np	261	365	replicate-2
np	262	366	replicate-2
np	263	357	replicate-2
np	264	362	replicate-2
np	265	361	replicate-2
np	266	363	replicate-2
np	267	366	replicate-2
np	268	361	replicate-2
np	269	363	replicate-2
np	270	372	replicate-2
np	271	372	replicate-2
np	272	377	replicate-2
np	273	377	replicate-2
np	274	372	replicate-2
np	275	373	replicate-2
np	276	363	replicate-2
np	277	365	replicate-2
np	278	372	replicate-2
np	279	366	replicate-2
np	280	368	replicate-2
np	281	360	replicate-2
np	282	360	replicate-2
np	283	362	replicate-2
np	284	359	replicate-2
np	285	355	replicate-2
np	286	359	replicate-2
np	287	354	replicate-2
np	288	353	replicate-2
np	289	353	replicate-2
np	290	349	replicate-2
np	291	361	replicate-2
np	292	361	replicate-2
np	293	363	replicate-2
np	294	360	replicate-2
np	295	354	replicate-2
np	296	367	replicate-2
np	297	367	replicate-2
np	298	372	replicate-2
np	299	367	replicate-2
np	300	360	replicate-2
np	301	361	replicate-2
np	302	365	replicate-2
np	303	366	replicate-2
np	304	362	replicate-2
np	305	350	replicate-2
np	306	346	replicate-2
np	307	344	replicate-2
np	308	344	replicate-2
np	309	341	replicate-2
np	310	341	replicate-2
np	311	344	replicate-2
np	312	351	replicate-2
np	313	349	replicate-2
np	314	346	replicate-2
np	315	345	replicate-2
np	316	339	replicate-2
np	317	338	replicate-2
np	318	337	replicate-2
np	319	333	replicate-2
np	320	332	replicate-2
np	321	325	replicate-2
np	322	325	replicate-2
np	323	323	replicate-2
np	324	317	replicate-2
np	325	321	replicate-2
np	326	329	replicate-2
np	327	331	replicate-2
np	328	351	replicate-2
np	329	353	replicate-2
np	330	351	replicate-2
np	331	355	replicate-2
np	332	353	replicate-2
np	333	357	replicate-2
np	334	377	replicate-2
np	335	367	replicate-2
np	336	369	replicate-2
np	337	351	replicate-2
np	338	361	replicate-2
np	339	361	replicate-2
np	340	350	replicate-2
np	341	351	replicate-2
np	342	342	replicate-2
np	343	339	replicate-2
np	344	344	replicate-2
np	345	342	replicate-2
np	346	340	replicate-2
np	347	327	replicate-2
np	348	326	replicate-2
np	349	327	replicate-2
np	350	329	replicate-2
np	351	329	replicate-2
np	352	323	replicate-2
np	353	320	replicate-2
np	354	320	replicate-2
np	355	315	replicate-2
np	356	322	replicate-2
np	357	325	replicate-2
np	358	328	replicate-2
np	359	325	replicate-2
np	360	333	replicate-2
np	361	340	replicate-2
np	362	339	replicate-2
np	363	338	replicate-2
np	364	342	replicate-2
np	365	347	replicate-2
np	366	352	replicate-2
np	367	348	replicate-2
np	368	351	replicate-2
np	369	356	replicate-2
np	370	358	replicate-2
np	371	360	replicate-2
np	372	363	replicate-2
np	373	362	replicate-2
np	374	353	replicate-2
np	375	354	replicate-2
np	376	350	replicate-2
np	377	352	replicate-2
np	378	350	replicate-2
np	379	349	replicate-2
np	380	353	replicate-2
np	381	354	replicate-2
np	382	343	replicate-2
np	383	344	replicate-2
np	384	337	replicate-2
np	385	343	replicate-2
np	386	341	replicate-2
np	387	338	replicate-2
np	388	339	replicate-2
np	389	330	replicate-2
np	390	334	replicate-2
np	391	339	replicate-2
np	392	340	replicate-2
np	393	341	replicate-2
np	394	339	replicate-2
np	395	342	replicate-2
np	396	342	replicate-2
np	397	338	replicate-2
np	398	341	replicate-2
np	399	336	replicate-2
np	400	334	replicate-2
np	401	334	replicate-2
np	402	337	replicate-2
np	403	339	replicate-2
np	404	336	replicate-2
np	405	338	replicate-2
np	406	338	replicate-2
np	407	338	replicate-2
np	408	339	replicate-2
np	409	340	replicate-2
np	410	337	replicate-2
np	411	343	replicate-2
np	412	352	replicate-2
np	413	348	replicate-2
np	414	341	replicate-2
np	415	346	replicate-2
np	416	352	replicate-2
np	417	354	replicate-2
np	418	355	replicate-2
np	419	360	replicate-2
np	420	347	replicate-2
np	421	345	replicate-2
np	422	346	replicate-2
np	423	336	replicate-2
np	424	341	replicate-2
np	425	331	replicate-2
np	426	341	replicate-2
np	427	345	replicate-2
np	428	345	replicate-2
np	429	351	replicate-2
np	430	351	replicate-2
np	431	358	replicate-2
np	432	356	replicate-2
np	433	354	replicate-2
np	434	355	replicate-2
np	435	350	replicate-2
np	436	350	replicate-2
np	437	349	replicate-2
np	438	350	replicate-2
np	439	359	replicate-2
np	440	366	replicate-2
np	441	365	replicate-2
np	442	370	replicate-2
np	443	364	replicate-2
np	444	367	replicate-2
np	445	365	replicate-2
np	446	362	replicate-2
np	447	361	replicate-2
np	448	364	replicate-2
np	449	356	replicate-2
np	450	362	replicate-2
np	451	364	replicate-2
np	452	365	replicate-2
np	453	359	replicate-2
np	454	361	replicate-2
np	455	365	replicate-2
np	456	369	replicate-2
np	457	366	replicate-2
np	458	372	replicate-2
np	459	373	replicate-2
np	460	378	replicate-2
np	461	379	replicate-2
np	462	377	replicate-2
np	463	378	replicate-2
np	464	380	replicate-2
np	465	382	replicate-2
np	466	385	replicate-2
np	467	388	replicate-2
np	468	388	replicate-2
np	469	390	replicate-2
np	470	386	replicate-2
np	471	386	replicate-2
np	472	389	replicate-2
np	473	386	replicate-2
np	474	394	replicate-2
np	475	393	replicate-2
np	476	393	replicate-2
np	477	396	replicate-2
np	478	392	replicate-2
np	479	395	replicate-2
np	480	394	replicate-2
np	481	397	replicate-2
np	482	398	replicate-2
np	483	388	replicate-2
np	484	393	replicate-2
np	485	393	replicate-2
np	486	390	replicate-2
np	487	393	replicate-2
np	488	385	replicate-2
np	489	394	replicate-2
np	490	394	replicate-2
np	491	390	replicate-2
np	492	389	replicate-2
np	493	381	replicate-2
np	494	391	replicate-2
np	495	379	replicate-2
np	496	374	replicate-2
np	497	379	replicate-2
np	498	363	replicate-2
np	499	365	replicate-2
np	500	366	replicate-2
np	501	366	replicate-2
np	502	369	replicate-2
np	503	360	replicate-2
np	504	361	replicate-2
np	505	363	replicate-2
np	506	356	replicate-2
np	507	362	replicate-2
np	508	363	replicate-2
np	509	359	replicate-2
np	510	367	replicate-2
np	511	370	replicate-2
np	512	373	replicate-2
np	513	375	replicate-2
np	514	366	replicate-2
np	515	376	replicate-2
np	516	372	replicate-2
np	517	389	replicate-2
np	518	387	replicate-2
np	519	382	replicate-2
np	520	384	replicate-2
np	521	377	replicate-2
np	522	376	replicate-2
np	523	383	replicate-2
np	524	383	replicate-2
np	525	397	replicate-2
np	526	389	replicate-2
np	527	388	replicate-2
np	528	386	replicate-2
np	529	391	replicate-2
np	530	389	replicate-2
np	531	392	replicate-2
np	532	391	replicate-2
np	533	361	replicate-2
np	534	355	replicate-2
np	535	346	replicate-2
np	536	354	replicate-2
np	537	353	replicate-2
np	538	350	replicate-2
np	539	385	replicate-2
np	540	380	replicate-2
np	541	390	replicate-2
np	542	389	replicate-2
np	543	385	replicate-2
np	544	397	replicate-2
np	545	392	replicate-2
np	546	392	replicate-2
np	547	391	replicate-2
np	548	362	replicate-2
np	549	365	replicate-2
np	550	361	replicate-2
np	551	366	replicate-2
np	552	366	replicate-2
np	553	365	replicate-2
np	554	367	replicate-2
np	555	368	replicate-2
np	556	370	replicate-2
np	557	371	replicate-2
np	558	369	replicate-2
np	559	375	replicate-2
np	560	368	replicate-2
np	561	396	replicate-2
np	562	397	replicate-2
np	563	399	replicate-2
np	564	398	replicate-2
np	565	401	replicate-2
np	566	404	replicate-2
np	567	406	replicate-2
np	568	397	replicate-2
np	569	396	replicate-2
np	570	385	replicate-2
np	571	380	replicate-2
np	572	380	replicate-2
np	573	379	replicate-2
np	574	375	replicate-2
np	575	373	replicate-2
np	576	375	replicate-2
np	577	376	replicate-2
np	578	375	replicate-2
np	579	369	replicate-2
np	580	371	replicate-2
np	581	370	replicate-2
np	582	367	replicate-2
np	583	370	replicate-2
np	584	371	replicate-2
np	585	371	replicate-2
np	586	371	replicate-2
np	587	370	replicate-2
np	588	368	replicate-2
np	589	372	replicate-2
np	590	372	replicate-2
np	591	372	replicate-2
np	592	377	replicate-2
np	593	377	replicate-2
np	594	375	replicate-2
np	595	378	replicate-2
np	596	375	replicate-2
np	597	368	replicate-2
np	598	363	replicate-2
np	599	376	replicate-2
np	600	365	replicate-2
np	601	361	replicate-2
np	602	358	replicate-2
np	603	360	replicate-2
np	604	363	replicate-2
np	605	367	replicate-2
np	606	367	replicate-2
np	607	363	replicate-2
np	608	358	replicate-2
np	609	340	replicate-2
np	610	342	replicate-2
np	611	341	replicate-2
np	612	344	replicate-2
np	613	344	replicate-2
np	614	328	replicate-2
np	615	326	replicate-2
np	616	325	replicate-2
np	617	324	replicate-2
np	618	324	replicate-2
np	619	324	replicate-2
np	620	306	replicate-2
np	621	300	replicate-2
np	622	295	replicate-2
np	623	296	replicate-2
np	624	296	replicate-2
np	625	297	replicate-2
np	626	297	replicate-2
np	627	302	replicate-2
np	628	296	replicate-2
np	629	296	replicate-2
np	630	297	replicate-2
np	631	294	replicate-2
np	632	293	replicate-2
np	633	299	replicate-2
np	634	303	replicate-2
np	635	302	replicate-2
np	636	305	replicate-2
np	637	306	replicate-2
np	638	299	replicate-2
np	639	296	replicate-2
np	640	295	replicate-2
np	641	291	replicate-2
np	642	285	replicate-2
np	643	284	replicate-2
np	644	286	replicate-2
np	645	285	replicate-2
np	646	288	replicate-2
np	647	289	replicate-2
np	648	291	replicate-2
np	649	291	replicate-2
np	650	288	replicate-2
np	651	287	replicate-2
np	652	286	replicate-2
np	653	276	replicate-2
np	654	272	replicate-2
np	655	269	replicate-2
np	656	268	replicate-2
np	657	272	replicate-2
np	658	270	replicate-2
np	659	268	replicate-2
np	660	272	replicate-2
np	661	271	replicate-2
np	662	272	replicate-2
np	663	272	replicate-2
np	664	271	replicate-2
np	665	272	replicate-2
np	666	271	replicate-2
np	667	270	replicate-2
np	668	272	replicate-2
np	669	258	replicate-2
np	670	255	replicate-2
np	671	257	replicate-2
np	672	258	replicate-2
np	673	259	replicate-2
np	674	260	replicate-2
np	675	254	replicate-2
np	676	252	replicate-2
np	677	250	replicate-2
np	678	252	replicate-2
np	679	250	replicate-2
np	680	254	replicate-2
np	681	252	replicate-2
np	682	253	replicate-2
np	683	254	replicate-2
np	684	259	replicate-2
np	685	258	replicate-2
np	686	264	replicate-2
np	687	267	replicate-2
np	688	267	replicate-2
np	689	269	replicate-2
np	690	268	replicate-2
np	691	264	replicate-2
np	692	266	replicate-2
np	693	264	replicate-2
np	694	261	replicate-2
np	695	252	replicate-2
np	696	251	replicate-2
np	697	266	replicate-2
np	698	265	replicate-2
np	699	267	replicate-2
np	700	267	replicate-2
np	701	265	replicate-2
np	702	265	replicate-2
np	703	267	replicate-2
np	704	269	replicate-2
np	705	269	replicate-2
np	706	258	replicate-2
np	707	259	replicate-2
np	708	256	replicate-2
np	709	256	replicate-2
np	710	250	replicate-2
np	711	252	replicate-2
np	712	248	replicate-2
np	713	250	replicate-2
np	714	251	replicate-2
np	715	247	replicate-2
np	716	248	replicate-2
np	717	247	replicate-2
np	718	250	replicate-2
np	719	250	replicate-2
np	720	247	replicate-2
np	721	251	replicate-2
np	722	250	replicate-2
np	723	263	replicate-2
np	724	264	replicate-2
np	725	261	replicate-2
np	726	264	replicate-2
np	727	264	replicate-2
np	728	265	replicate-2
np	729	257	replicate-2
np	730	256	replicate-2
np	731	256	replicate-2
np	732	262	replicate-2
np	733	261	replicate-2
np	734	260	replicate-2
np	735	264	replicate-2
np	736	262	replicate-2
np	737	266	replicate-2
np	738	266	replicate-2
np	739	265	replicate-2
np	740	268	replicate-2
np	741	252	replicate-2
np	742	256	replicate-2
np	743	257	replicate-2
np	744	255	replicate-2
np	745	256	replicate-2
np	746	253	replicate-2
np	747	252	replicate-2
np	748	253	replicate-2
np	749	243	replicate-2
np	750	245	replicate-2
np	751	247	replicate-2
np	752	252	replicate-2
np	753	259	replicate-2
np	754	256	replicate-2
np	755	256	replicate-2
np	756	256	replicate-2
np	757	289	replicate-2
np	758	283	replicate-2
np	759	284	replicate-2
np	760	285	replicate-2
np	761	268	replicate-2
np	762	266	replicate-2
np	763	266	replicate-2
np	764	265	replicate-2
np	765	264	replicate-2
np	766	242	replicate-2
np	767	250	replicate-2
np	768	254	replicate-2
np	769	260	replicate-2
np	770	262	replicate-2
np	771	269	replicate-2
np	772	268	replicate-2
np	773	272	replicate-2
np	774	272	replicate-2
np	775	276	replicate-2
np	776	268	replicate-2
np	777	263	replicate-2
np	778	257	replicate-2
np	779	259	replicate-2
np	780	260	replicate-2
np	781	256	replicate-2
np	782	258	replicate-2
np	783	259	replicate-2
np	784	261	replicate-2
np	785	265	replicate-2
np	786	264	replicate-2
np	787	267	replicate-2
np	788	263	replicate-2
np	789	260	replicate-2
np	790	264	replicate-2
np	791	268	replicate-2
np	792	268	replicate-2
np	793	265	replicate-2
np	794	263	replicate-2
np	795	265	replicate-2
np	796	267	replicate-2
np	797	271	replicate-2
np	798	264	replicate-2
np	799	267	replicate-2
np	800	271	replicate-2
np	801	277	replicate-2
np	802	279	replicate-2
np	803	279	replicate-2
np	804	277	replicate-2
np	805	279	replicate-2
np	806	280	replicate-2
np	807	278	replicate-2
np	808	279	replicate-2
np	809	277	replicate-2
np	810	271	replicate-2
np	811	274	replicate-2
np	812	271	replicate-2
np	813	274	replicate-2
np	814	275	replicate-2
np	815	275	replicate-2
np	816	277	replicate-2
np	817	275	replicate-2
np	818	279	replicate-2
np	819	281	replicate-2
np	820	281	replicate-2
np	821	277	replicate-2
np	822	275	replicate-2
np	823	271	replicate-2
np	824	271	replicate-2
np	825	271	replicate-2
np	826	274	replicate-2
np	827	280	replicate-2
np	828	282	replicate-2
np	829	283	replicate-2
np	830	286	replicate-2
np	831	283	replicate-2
np	832	291	replicate-2
np	833	288	replicate-2
np	834	288	replicate-2
np	835	291	replicate-2
np	836	284	replicate-2
np	837	296	replicate-2
np	838	295	replicate-2
np	839	295	replicate-2
np	840	297	replicate-2
np	841	282	replicate-2
np	842	278	replicate-2
np	843	277	replicate-2
np	844	276	replicate-2
np	845	277	replicate-2
np	846	270	replicate-2
np	847	263	replicate-2
np	848	271	replicate-2
np	849	272	replicate-2
np	850	274	replicate-2
np	851	275	replicate-2
np	852	274	replicate-2
np	853	279	replicate-2
np	854	273	replicate-2
np	855	277	replicate-2
np	856	282	replicate-2
np	857	282	replicate-2
np	858	284	replicate-2
np	859	302	replicate-2
np	860	305	replicate-2
np	861	309	replicate-2
np	862	305	replicate-2
np	863	306	replicate-2
np	864	312	replicate-2
np	865	311	replicate-2
np	866	309	replicate-2
np	867	306	replicate-2
np	868	294	replicate-2
np	869	299	replicate-2
np	870	299	replicate-2
np	871	302	replicate-2
np	872	299	replicate-2
np	873	301	replicate-2
np	874	303	replicate-2
np	875	304	replicate-2
np	876	304	replicate-2
np	877	306	replicate-2
np	878	301	replicate-2
np	879	301	replicate-2
np	880	299	replicate-2
np	881	301	replicate-2
np	882	301	replicate-2
np	883	301	replicate-2
np	884	314	replicate-2
np	885	322	replicate-2
np	886	322	replicate-2
np	887	322	replicate-2
np	888	324	replicate-2
np	889	325	replicate-2
np	890	332	replicate-2
np	891	328	replicate-2
np	892	327	replicate-2
np	893	315	replicate-2
np	894	312	replicate-2
np	895	336	replicate-2
np	896	337	replicate-2
np	897	338	replicate-2
np	898	341	replicate-2
np	899	341	replicate-2
np	900	349	replicate-2
np	901	351	replicate-2
np	902	351	replicate-2
np	903	349	replicate-2
np	904	330	replicate-2
np	905	331	replicate-2
np	906	331	replicate-2
np	907	358	replicate-2
np	908	359	replicate-2
np	909	347	replicate-2
np	910	343	replicate-2
np	911	338	replicate-2
np	912	336	replicate-2
np	913	334	replicate-2
np	914	327	replicate-2
np	915	336	replicate-2
np	916	318	replicate-2
np	917	317	replicate-2
np	918	316	replicate-2
np	919	313	replicate-2
np	920	312	replicate-2
np	921	310	replicate-2
np	922	310	replicate-2
np	923	313	replicate-2
np	924	302	replicate-2
np	925	308	replicate-2
np	926	307	replicate-2
np	927	309	replicate-2
np	928	323	replicate-2
np	929	325	replicate-2
np	930	334	replicate-2
np	931	334	replicate-2
np	932	331	replicate-2
np	933	331	replicate-2
np	934	320	replicate-2
np	935	337	replicate-2
np	936	334	replicate-2
np	937	336	replicate-2
np	938	334	replicate-2
np	939	339	replicate-2
np	940	340	replicate-2
np	941	335	replicate-2
np	942	333	replicate-2
np	943	328	replicate-2
np	944	337	replicate-2
np	945	332	replicate-2
np	946	327	replicate-2
np	947	327	replicate-2
np	948	321	replicate-2
np	949	324	replicate-2
np	950	321	replicate-2
np	951	324	replicate-2
np	952	325	replicate-2
np	953	320	replicate-2
np	954	320	replicate-2
np	955	318	replicate-2
np	956	319	replicate-2
np	957	322	replicate-2
np	958	322	replicate-2
np	959	325	replicate-2
np	960	327	replicate-2
np	961	328	replicate-2
np	962	322	replicate-2
np	963	323	replicate-2
np	964	328	replicate-2
np	965	328	replicate-2
np	966	330	replicate-2
np	967	327	replicate-2
np	968	326	replicate-2
np	969	326	replicate-2
np	970	325	replicate-2
np	971	325	replicate-2
np	972	326	replicate-2
np	973	315	replicate-2
np	974	320	replicate-2
np	975	317	replicate-2
np	976	317	replicate-2
np	977	313	replicate-2
np	978	314	replicate-2
np	979	320	replicate-2
np	980	319	replicate-2
np	981	322	replicate-2
np	982	320	replicate-2
np	983	324	replicate-2
np	984	323	replicate-2
np	985	321	replicate-2
np	986	323	replicate-2
np	987	323	replicate-2
np	988	320	replicate-2
np	989	315	replicate-2
np	990	320	replicate-2
np	991	321	replicate-2
np	992	320	replicate-2
np	993	313	replicate-2
np	994	302	replicate-2
np	995	305	replicate-2
np	996	292	replicate-2
np	997	292	replicate-2
np	998	289	replicate-2
np	999	288	replicate-2
np	1000	281	replicate-2
np	1001	283	replicate-2
np	1002	287	replicate-2
np	1003	284	replicate-2
np	1004	285	replicate-2
np	1005	283	replicate-2
np	1006	284	replicate-2
np	1007	285	replicate-2
np	1008	280	replicate-2
np	1009	281	replicate-2
np	1010	281	replicate-2
np	1011	268	replicate-2
np	1012	270	replicate-2
np	1013	272	replicate-2
np	1014	266	replicate-2
np	1015	268	replicate-2
np	1016	270	replicate-2
np	1017	267	replicate-2
np	1018	268	replicate-2
np	1019	270	replicate-2
np	1020	271	replicate-2
np	1021	268	replicate-2
np	1022	268	replicate-2
np	1023	266	replicate-2
np	1024	265	replicate-2
np	1025	255	replicate-2
np	1026	257	replicate-2
np	1027	259	replicate-2
np	1028	254	replicate-2
np	1029	271	replicate-2
np	1030	273	replicate-2
np	1031	274	replicate-2
np	1032	274	replicate-2
np	1033	274	replicate-2
np	1034	278	replicate-2
np	1035	278	replicate-2
np	1036	272	replicate-2
np	1037	274	replicate-2
np	1038	263	replicate-2
np	1039	268	replicate-2
np	1040	268	replicate-2
np	1041	271	replicate-2
np	1042	270	replicate-2
np	1043	273	replicate-2
np	1044	275	replicate-2
np	1045	272	replicate-2
np	1046	272	replicate-2
np	1047	272	replicate-2
np	1048	266	replicate-2
np	1049	271	replicate-2
np	1050	262	replicate-2
np	1051	263	replicate-2
np	1052	265	replicate-2
np	1053	264	replicate-2
np	1054	269	replicate-2
np	1055	267	replicate-2
np	1056	267	replicate-2
np	1057	269	replicate-2
np	1058	268	replicate-2
np	1059	272	replicate-2
np	1060	271	replicate-2
np	1061	271	replicate-2
np	1062	272	replicate-2
np	1063	277	replicate-2
np	1064	297	replicate-2
np	1065	298	replicate-2
np	1066	299	replicate-2
np	1067	303	replicate-2
np	1068	302	replicate-2
np	1069	301	replicate-2
np	1070	301	replicate-2
np	1071	297	replicate-2
np	1072	303	replicate-2
np	1073	287	replicate-2
np	1074	295	replicate-2
np	1075	292	replicate-2
np	1076	291	replicate-2
np	1077	289	replicate-2
np	1078	292	replicate-2
np	1079	294	replicate-2
np	1080	299	replicate-2
np	1081	298	replicate-2
np	1082	297	replicate-2
np	1083	303	replicate-2
np	1084	302	replicate-2
np	1085	302	replicate-2
np	1086	303	replicate-2
np	1087	306	replicate-2
np	1088	308	replicate-2
np	1089	301	replicate-2
np	1090	304	replicate-2
np	1091	310	replicate-2
np	1092	318	replicate-2
np	1093	318	replicate-2
np	1094	321	replicate-2
np	1095	321	replicate-2
np	1096	321	replicate-2
np	1097	327	replicate-2
np	1098	327	replicate-2
np	1099	327	replicate-2
np	1100	316	replicate-2
np	1101	308	replicate-2
np	1102	322	replicate-2
np	1103	326	replicate-2
np	1104	330	replicate-2
np	1105	332	replicate-2
np	1106	332	replicate-2
np	1107	331	replicate-2
np	1108	331	replicate-2
np	1109	342	replicate-2
np	1110	336	replicate-2
np	1111	336	replicate-2
np	1112	341	replicate-2
np	1113	333	replicate-2
np	1114	335	replicate-2
np	1115	333	replicate-2
np	1116	334	replicate-2
np	1117	336	replicate-2
np	1118	326	replicate-2
np	1119	332	replicate-2
np	1120	327	replicate-2
np	1121	328	replicate-2
np	1122	338	replicate-2
np	1123	333	replicate-2
np	1124	336	replicate-2
np	1125	334	replicate-2
np	1126	327	replicate-2
np	1127	331	replicate-2
np	1128	325	replicate-2
np	1129	328	replicate-2
np	1130	330	replicate-2
np	1131	324	replicate-2
np	1132	338	replicate-2
np	1133	330	replicate-2
np	1134	331	replicate-2
np	1135	333	replicate-2
np	1136	326	replicate-2
np	1137	328	replicate-2
np	1138	328	replicate-2
np	1139	330	replicate-2
np	1140	327	replicate-2
np	1141	319	replicate-2
np	1142	322	replicate-2
np	1143	321	replicate-2
np	1144	323	replicate-2
np	1145	321	replicate-2
np	1146	320	replicate-2
np	1147	322	replicate-2
np	1148	320	replicate-2
np	1149	322	replicate-2
np	1150	318	replicate-2
np	1151	312	replicate-2
np	1152	309	replicate-2
np	1153	303	replicate-2
np	1154	299	replicate-2
np	1155	307	replicate-2
np	1156	302	replicate-2
np	1157	302	replicate-2
np	1158	304	replicate-2
np	1159	307	replicate-2
np	1160	311	replicate-2
np	1161	313	replicate-2
np	1162	314	replicate-2
np	1163	320	replicate-2
np	1164	313	replicate-2
np	1165	311	replicate-2
np	1166	313	replicate-2
np	1167	317	replicate-2
np	1168	316	replicate-2
np	1169	317	replicate-2
np	1170	336	replicate-2
np	1171	334	replicate-2
np	1172	360	replicate-2
np	1173	359	replicate-2
np	1174	359	replicate-2
np	1175	356	replicate-2
np	1176	360	replicate-2
np	1177	366	replicate-2
np	1178	374	replicate-2
np	1179	355	replicate-2
np	1180	357	replicate-2
np	1181	339	replicate-2
np	1182	343	replicate-2
np	1183	346	replicate-2
np	1184	344	replicate-2
np	1185	342	replicate-2
np	1186	343	replicate-2
np	1187	333	replicate-2
np	1188	339	replicate-2
np	1189	337	replicate-2
np	1190	337	replicate-2
np	1191	339	replicate-2
np	1192	340	replicate-2
np	1193	341	replicate-2
np	1194	339	replicate-2
np	1195	337	replicate-2
np	1196	338	replicate-2
np	1197	345	replicate-2
np	1198	343	replicate-2
np	1199	342	replicate-2
np	1200	341	replicate-2
np	1201	335	replicate-2
np	1202	341	replicate-2
np	1203	342	replicate-2
np	1204	345	replicate-2
np	1205	345	replicate-2
np	1206	344	replicate-2
np	1207	349	replicate-2
np	1208	349	replicate-2
np	1209	347	replicate-2
np	1210	350	replicate-2
np	1211	342	replicate-2
np	1212	337	replicate-2
np	1213	335	replicate-2
np	1214	338	replicate-2
np	1215	336	replicate-2
np	1216	337	replicate-2
np	1217	342	replicate-2
np	1218	341	replicate-2
np	1219	342	replicate-2
np	1220	346	replicate-2
np	1221	336	replicate-2
np	1222	341	replicate-2
np	1223	344	replicate-2
np	1224	346	replicate-2
np	1225	345	replicate-2
np	1226	345	replicate-2
np	1227	341	replicate-2
np	1228	336	replicate-2
np	1229	336	replicate-2
np	1230	339	replicate-2
np	1231	336	replicate-2
np	1232	336	replicate-2
np	1233	326	replicate-2
np	1234	334	replicate-2
np	1235	333	replicate-2
np	1236	342	replicate-2
np	1237	344	replicate-2
np	1238	341	replicate-2
np	1239	342	replicate-2
np	1240	343	replicate-2
np	1241	342	replicate-2
np	1242	343	replicate-2
np	1243	334	replicate-2
np	1244	333	replicate-2
np	1245	320	replicate-2
np	1246	320	replicate-2
np	1247	323	replicate-2
np	1248	321	replicate-2
np	1249	319	replicate-2
np	1250	330	replicate-2
np	1251	327	replicate-2
np	1252	327	replicate-2
np	1253	322	replicate-2
np	1254	309	replicate-2
np	1255	314	replicate-2
np	1256	311	replicate-2
np	1257	311	replicate-2
np	1258	310	replicate-2
np	1259	303	replicate-2
np	1260	308	replicate-2
np	1261	306	replicate-2
np	1262	330	replicate-2
np	1263	331	replicate-2
np	1264	328	replicate-2
np	1265	331	replicate-2
np	1266	328	replicate-2
np	1267	335	replicate-2
np	1268	336	replicate-2
np	1269	329	replicate-2
np	1270	329	replicate-2
np	1271	303	replicate-2
np	1272	307	replicate-2
np	1273	304	replicate-2
np	1274	298	replicate-2
np	1275	294	replicate-2
np	1276	290	replicate-2
np	1277	294	replicate-2
np	1278	293	replicate-2
np	1279	294	replicate-2
np	1280	298	replicate-2
np	1281	296	replicate-2
np	1282	287	replicate-2
np	1283	292	replicate-2
np	1284	283	replicate-2
np	1285	292	replicate-2
np	1286	291	replicate-2
np	1287	292	replicate-2
np	1288	294	replicate-2
np	1289	281	replicate-2
np	1290	284	replicate-2
np	1291	282	replicate-2
np	1292	283	replicate-2
np	1293	277	replicate-2
np	1294	257	replicate-2
np	1295	255	replicate-2
np	1296	257	replicate-2
np	1297	258	replicate-2
np	1298	257	replicate-2
np	1299	254	replicate-2
np	1300	255	replicate-2
np	1301	255	replicate-2
np	1302	259	replicate-2
np	1303	257	replicate-2
np	1304	262	replicate-2
np	1305	259	replicate-2
np	1306	266	replicate-2
np	1307	267	replicate-2
np	1308	264	replicate-2
np	1309	264	replicate-2
np	1310	269	replicate-2
np	1311	264	replicate-2
np	1312	264	replicate-2
np	1313	262	replicate-2
np	1314	257	replicate-2
np	1315	258	replicate-2
np	1316	260	replicate-2
np	1317	264	replicate-2
np	1318	265	replicate-2
np	1319	263	replicate-2
np	1320	263	replicate-2
np	1321	260	replicate-2
np	1322	261	replicate-2
np	1323	258	replicate-2
np	1324	258	replicate-2
np	1325	258	replicate-2
np	1326	249	replicate-2
np	1327	250	replicate-2
np	1328	251	replicate-2
np	1329	249	replicate-2
np	1330	251	replicate-2
np	1331	247	replicate-2
np	1332	251	replicate-2
np	1333	253	replicate-2
np	1334	254	replicate-2
np	1335	253	replicate-2
np	1336	252	replicate-2
np	1337	250	replicate-2
np	1338	249	replicate-2
np	1339	243	replicate-2
np	1340	244	replicate-2
np	1341	248	replicate-2
np	1342	246	replicate-2
np	1343	244	replicate-2
np	1344	241	replicate-2
np	1345	245	replicate-2
np	1346	244	replicate-2
np	1347	243	replicate-2
np	1348	240	replicate-2
np	1349	236	replicate-2
np	1350	233	replicate-2
np	1351	228	replicate-2
np	1352	227	replicate-2
np	1353	221	replicate-2
np	1354	220	replicate-2
np	1355	218	replicate-2
np	1356	217	replicate-2
np	1357	216	replicate-2
np	1358	214	replicate-2
np	1359	211	replicate-2
np	1360	212	replicate-2
np	1361	209	replicate-2
np	1362	208	replicate-2
np	1363	200	replicate-2
np	1364	194	replicate-2
np	1365	195	replicate-2
np	1366	194	replicate-2
np	1367	195	replicate-2
np	1368	197	replicate-2
np	1369	195	replicate-2
np	1370	193	replicate-2
np	1371	184	replicate-2
np	1372	185	replicate-2
np	1373	178	replicate-2
np	1374	185	replicate-2
np	1375	186	replicate-2
np	1376	179	replicate-2
np	1377	183	replicate-2
np	1378	178	replicate-2
np	1379	177	replicate-2
np	1380	180	replicate-2
np	1381	180	replicate-2
np	1382	182	replicate-2
np	1383	179	replicate-2
np	1384	168	replicate-2
np	1385	165	replicate-2
np	1386	161	replicate-2
np	1387	162	replicate-2
np	1388	161	replicate-2
np	1389	163	replicate-2
np	1390	164	replicate-2
np	1391	158	replicate-2
np	1392	156	replicate-2
np	1393	154	replicate-2
np	1394	150	replicate-2
np	1395	148	replicate-2
np	1396	146	replicate-2
np	1397	147	replicate-2
np	1398	147	replicate-2
np	1399	142	replicate-2
np	1400	144	replicate-2
np	1401	146	replicate-2
np	1402	150	replicate-2
np	1403	150	replicate-2
np	1404	149	replicate-2
np	1405	153	replicate-2
np	1406	153	replicate-2
np	1407	155	replicate-2
np	1408	161	replicate-2
np	1409	159	replicate-2
np	1410	157	replicate-2
np	1411	158	replicate-2
np	1412	156	replicate-2
np	1413	173	replicate-2
np	1414	168	replicate-2
np	1415	183	replicate-2
np	1416	184	replicate-2
np	1417	189	replicate-2
np	1418	191	replicate-2
np	1419	194	replicate-2
np	1420	200	replicate-2
np	1421	200	replicate-2
np	1422	201	replicate-2
np	1423	207	replicate-2
np	1424	207	replicate-2
np	1425	206	replicate-2
np	1426	204	replicate-2
np	1427	207	replicate-2
np	1428	208	replicate-2
np	1429	209	replicate-2
np	1430	209	replicate-2
np	1431	216	replicate-2
np	1432	224	replicate-2
np	1433	220	replicate-2
np	1434	231	replicate-2
np	1435	236	replicate-2
np	1436	241	replicate-2
np	1437	244	replicate-2
np	1438	245	replicate-2
np	1439	245	replicate-2
np	1440	248	replicate-2
np	1441	245	replicate-2
np	1442	245	replicate-2
np	1443	250	replicate-2
np	1444	252	replicate-2
np	1445	254	replicate-2
np	1446	261	replicate-2
np	1447	261	replicate-2
np	1448	265	replicate-2
np	1449	271	replicate-2
np	1450	272	replicate-2
np	1451	274	replicate-2
np	1452	275	replicate-2
np	1453	278	replicate-2
np	1454	278	replicate-2
np	1455	280	replicate-2
np	1456	282	replicate-2
np	1457	285	replicate-2
np	1458	285	replicate-2
np	1459	287	replicate-2
np	1460	289	replicate-2
np	1461	291	replicate-2
np	1462	283	replicate-2
np	1463	283	replicate-2
np	1464	282	replicate-2
np	1465	282	replicate-2
np	1466	286	replicate-2
np	1467	289	replicate-2
np	1468	291	replicate-2
np	1469	295	replicate-2
np	1470	294	replicate-2
np	1471	300	replicate-2
np	1472	302	replicate-2
np	1473	305	replicate-2
np	1474	306	replicate-2
np	1475	306	replicate-2
np	1476	306	replicate-2
np	1477	307	replicate-2
np	1478	320	replicate-2
np	1479	322	replicate-2
np	1480	323	replicate-2
np	1481	325	replicate-2
np	1482	323	replicate-2
np	1483	323	replicate-2
np	1484	324	replicate-2
np	1485	326	replicate-2
np	1486	325	replicate-2
np	1487	299	replicate-2
np	1488	300	replicate-2
np	1489	300	replicate-2
np	1490	301	replicate-2
np	1491	302	replicate-2
np	1492	300	replicate-2
np	1493	302	replicate-2
np	1494	300	replicate-2
np	1495	301	replicate-2
np	1496	302	replicate-2
np	1497	284	replicate-2
np	1498	286	replicate-2
np	1499	285	replicate-2
np	1500	283	replicate-2
np	1501	283	replicate-2
np	1502	277	replicate-2
np	1503	274	replicate-2
np	1504	272	replicate-2
np	1505	271	replicate-2
np	1506	271	replicate-2
np	1507	268	replicate-2
np	1508	269	replicate-2
np	1509	264	replicate-2
np	1510	259	replicate-2
np	1511	260	replicate-2
np	1512	259	replicate-2
np	1513	258	replicate-2
np	1514	258	replicate-2
np	1515	257	replicate-2
np	1516	256	replicate-2
np	1517	253	replicate-2
np	1518	253	replicate-2
np	1519	241	replicate-2
np	1520	241	replicate-2
np	1521	241	replicate-2
np	1522	241	replicate-2
np	1523	241	replicate-2
np	1524	236	replicate-2
np	1525	236	replicate-2
np	1526	233	replicate-2
np	1527	227	replicate-2
np	1528	226	replicate-2
np	1529	178	replicate-2
np	1530	177	replicate-2
np	1531	162	replicate-2
np	1532	162	replicate-2
np	1533	161	replicate-2
np	1534	154	replicate-2
np	1535	154	replicate-2
np	1536	147	replicate-2
np	1537	109	replicate-2
np	1538	108	replicate-2
np	1539	95	replicate-2
np	1540	94	replicate-2
np	1541	94	replicate-2
np	1542	94	replicate-2
np	1543	94	replicate-2
np	1544	94	replicate-2
np	1545	84	replicate-2
np	1546	84	replicate-2
np	1547	84	replicate-2
np	1548	84	replicate-2
np	1549	84	replicate-2
np	1550	83	replicate-2
np	1551	82	replicate-2
np	1552	82	replicate-2
np	1553	74	replicate-2
np	1554	73	replicate-2
np	1555	70	replicate-2
np	1556	69	replicate-2
np	1557	69	replicate-2
np	1558	62	replicate-2
np	1559	62	replicate-2
np	1560	62	replicate-2
np	1561	48	replicate-2
np	1562	47	replicate-2
np	1563	45	replicate-2
np	1564	45	replicate-2
np	1565	11	replicate-2
pb1	1	739	replicate-2
pb1	2	821	replicate-2
pb1	3	823	replicate-2
pb1	4	826	replicate-2
pb1	5	898	replicate-2
pb1	6	904	replicate-2
pb1	7	906	replicate-2
pb1	8	916	replicate-2
pb1	9	945	replicate-2
pb1	10	951	replicate-2
pb1	11	989	replicate-2
pb1	12	992	replicate-2
pb1	13	994	replicate-2
pb1	14	997	replicate-2
pb1	15	1028	replicate-2
pb1	16	1034	replicate-2
pb1	17	1154	replicate-2
pb1	18	1175	replicate-2
pb1	19	1217	replicate-2
pb1	20	1250	replicate-2
pb1	21	1256	replicate-2
pb1	22	1260	replicate-2
pb1	23	1300	replicate-2
pb1	24	1308	replicate-2
pb1	25	1322	replicate-2
pb1	26	1323	replicate-2
pb1	27	1337	replicate-2
pb1	28	1361	replicate-2
pb1	29	1411	replicate-2
pb1	30	1422	replicate-2
pb1	31	1435	replicate-2
pb1	32	1437	replicate-2
pb1	33	1484	replicate-2
pb1	34	1490	replicate-2
pb1	35	1494	replicate-2
pb1	36	1496	replicate-2
pb1	37	1505	replicate-2
pb1	38	1516	replicate-2
pb1	39	1536	replicate-2
pb1	40	1572	replicate-2
pb1	41	1586	replicate-2
pb1	42	1593	replicate-2
pb1	43	1610	replicate-2
pb1	44	1613	replicate-2
pb1	45	1632	replicate-2
pb1	46	1638	replicate-2
pb1	47	1640	replicate-2
pb1	48	1649	replicate-2
pb1	49	1660	replicate-2
pb1	50	1773	replicate-2
pb1	51	1795	replicate-2
pb1	52	1796	replicate-2
pb1	53	1802	replicate-2
pb1	54	1815	replicate-2
pb1	55	1819	replicate-2
pb1	56	1823	replicate-2
pb1	57	1828	replicate-2
pb1	58	1845	replicate-2
pb1	59	1826	replicate-2
pb1	60	1830	replicate-2
pb1	61	1830	replicate-2
pb1	62	1829	replicate-2
pb1	63	1825	replicate-2
pb1	64	1839	replicate-2
pb1	65	1842	replicate-2
pb1	66	1843	replicate-2
pb1	67	1844	replicate-2
pb1	68	1841	replicate-2
pb1	69	1851	replicate-2
pb1	70	1853	replicate-2
pb1	71	1882	replicate-2
pb1	72	1891	replicate-2
pb1	73	1908	replicate-2
pb1	74	1918	replicate-2
pb1	75	1936	replicate-2
pb1	76	1950	replicate-2
pb1	77	1953	replicate-2
pb1	78	2040	replicate-2
pb1	79	2045	replicate-2
pb1	80	2095	replicate-2
pb1	81	2097	replicate-2
pb1	82	2090	replicate-2
pb1	83	2134	replicate-2
pb1	84	2113	replicate-2
pb1	85	2101	replicate-2
pb1	86	2111	replicate-2
pb1	87	2058	replicate-2
pb1	88	2134	replicate-2
pb1	89	2124	replicate-2
pb1	90	2427	replicate-2
pb1	91	2428	replicate-2
pb1	92	2425	replicate-2
pb1	93	2438	replicate-2
pb1	94	2435	replicate-2
pb1	95	2510	replicate-2
pb1	96	2550	replicate-2
pb1	97	2527	replicate-2
pb1	98	2561	replicate-2
pb1	99	2428	replicate-2
pb1	100	2454	replicate-2
pb1	101	2458	replicate-2
pb1	102	2459	replicate-2
pb1	103	2466	replicate-2
pb1	104	2431	replicate-2
pb1	105	2415	replicate-2
pb1	106	2496	replicate-2
pb1	107	2498	replicate-2
pb1	108	2490	replicate-2
pb1	109	2584	replicate-2
pb1	110	2580	replicate-2
pb1	111	2590	replicate-2
pb1	112	2588	replicate-2
pb1	113	2588	replicate-2
pb1	114	2593	replicate-2
pb1	115	2534	replicate-2
pb1	116	2630	replicate-2
pb1	117	2652	replicate-2
pb1	118	2625	replicate-2
pb1	119	2628	replicate-2
pb1	120	2623	replicate-2
pb1	121	2629	replicate-2
pb1	122	2725	replicate-2
pb1	123	2729	replicate-2
pb1	124	2721	replicate-2
pb1	125	2693	replicate-2
pb1	126	2628	replicate-2
pb1	127	2659	replicate-2
pb1	128	2680	replicate-2
pb1	129	2697	replicate-2
pb1	130	2693	replicate-2
pb1	131	2728	replicate-2
pb1	132	2685	replicate-2
pb1	133	2821	replicate-2
pb1	134	2844	replicate-2
pb1	135	2868	replicate-2
pb1	136	2837	replicate-2
pb1	137	2831	replicate-2
pb1	138	2880	replicate-2
pb1	139	2884	replicate-2
pb1	140	2966	replicate-2
pb1	141	2854	replicate-2
pb1	142	2828	replicate-2
pb1	143	2776	replicate-2
pb1	144	2799	replicate-2
pb1	145	2801	replicate-2
pb1	146	2786	replicate-2
pb1	147	2784	replicate-2
pb1	148	2722	replicate-2
pb1	149	2771	replicate-2
pb1	150	2721	replicate-2
pb1	151	2731	replicate-2
pb1	152	2731	replicate-2
pb1	153	2804	replicate-2
pb1	154	2797	replicate-2
pb1	155	2817	replicate-2
pb1	156	2816	replicate-2
pb1	157	2801	replicate-2
pb1	158	2833	replicate-2
pb1	159	2746	replicate-2
pb1	160	2737	replicate-2
pb1	161	2735	replicate-2
pb1	162	2656	replicate-2
pb1	163	2806	replicate-2
pb1	164	2803	replicate-2
pb1	165	2919	replicate-2
pb1	166	2925	replicate-2
pb1	167	2892	replicate-2
pb1	168	2912	replicate-2
pb1	169	2906	replicate-2
pb1	170	2954	replicate-2
pb1	171	2968	replicate-2
pb1	172	2867	replicate-2
pb1	173	2875	replicate-2
pb1	174	2801	replicate-2
pb1	175	2823	replicate-2
pb1	176	2833	replicate-2
pb1	177	2817	replicate-2
pb1	178	2812	replicate-2
pb1	179	2786	replicate-2
pb1	180	2807	replicate-2
pb1	181	2827	replicate-2
pb1	182	2845	replicate-2
pb1	183	2824	replicate-2
pb1	184	2800	replicate-2
pb1	185	2785	replicate-2
pb1	186	2776	replicate-2
pb1	187	2780	replicate-2
pb1	188	2783	replicate-2
pb1	189	2781	replicate-2
pb1	190	2755	replicate-2
pb1	191	2770	replicate-2
pb1	192	2751	replicate-2
pb1	193	2744	replicate-2
pb1	194	2754	replicate-2
pb1	195	2743	replicate-2
pb1	196	2719	replicate-2
pb1	197	2681	replicate-2
pb1	198	2719	replicate-2
pb1	199	2703	replicate-2
pb1	200	2688	replicate-2
pb1	201	2628	replicate-2
pb1	202	2623	replicate-2
pb1	203	2566	replicate-2
pb1	204	2547	replicate-2
pb1	205	2497	replicate-2
pb1	206	2513	replicate-2
pb1	207	2467	replicate-2
pb1	208	2445	replicate-2
pb1	209	2443	replicate-2
pb1	210	2432	replicate-2
pb1	211	2431	replicate-2
pb1	212	2446	replicate-2
pb1	213	2379	replicate-2
pb1	214	2441	replicate-2
pb1	215	2422	replicate-2
pb1	216	2410	replicate-2
pb1	217	2422	replicate-2
pb1	218	2381	replicate-2
pb1	219	2390	replicate-2
pb1	220	2384	replicate-2
pb1	221	2366	replicate-2
pb1	222	2354	replicate-2
pb1	223	2211	replicate-2
pb1	224	2268	replicate-2
pb1	225	2279	replicate-2
pb1	226	2256	replicate-2
pb1	227	2261	replicate-2
pb1	228	2212	replicate-2
pb1	229	2237	replicate-2
pb1	230	2236	replicate-2
pb1	231	2229	replicate-2
pb1	232	2224	replicate-2
pb1	233	2132	replicate-2
pb1	234	2116	replicate-2
pb1	235	2116	replicate-2
pb1	236	2125	replicate-2
pb1	237	2154	replicate-2
pb1	238	2152	replicate-2
pb1	239	2145	replicate-2
pb1	240	2103	replicate-2
pb1	241	2130	replicate-2
pb1	242	2118	replicate-2
pb1	243	2134	replicate-2
pb1	244	2195	replicate-2
pb1	245	2161	replicate-2
pb1	246	2090	replicate-2
pb1	247	2105	replicate-2
pb1	248	2092	replicate-2
pb1	249	2098	replicate-2
pb1	250	2097	replicate-2
pb1	251	2067	replicate-2
pb1	252	2067	replicate-2
pb1	253	1962	replicate-2
pb1	254	1948	replicate-2
pb1	255	1949	replicate-2
pb1	256	1927	replicate-2
pb1	257	1887	replicate-2
pb1	258	1868	replicate-2
pb1	259	1877	replicate-2
pb1	260	1861	replicate-2
pb1	261	1833	replicate-2
pb1	262	1817	replicate-2
pb1	263	1835	replicate-2
pb1	264	1853	replicate-2
pb1	265	1860	replicate-2
pb1	266	1968	replicate-2
pb1	267	1962	replicate-2
pb1	268	1950	replicate-2
pb1	269	1965	replicate-2
pb1	270	2037	replicate-2
pb1	271	2081	replicate-2
pb1	272	2093	replicate-2
pb1	273	2083	replicate-2
pb1	274	2121	replicate-2
pb1	275	2055	replicate-2
pb1	276	2113	replicate-2
pb1	277	2103	replicate-2
pb1	278	2128	replicate-2
pb1	279	2054	replicate-2
pb1	280	2078	replicate-2
pb1	281	2037	replicate-2
pb1	282	2044	replicate-2
pb1	283	1998	replicate-2
pb1	284	1993	replicate-2
pb1	285	1961	replicate-2
pb1	286	1971	replicate-2
pb1	287	1956	replicate-2
pb1	288	2021	replicate-2
pb1	289	2011	replicate-2
pb1	290	2017	replicate-2
pb1	291	2036	replicate-2
pb1	292	2041	replicate-2
pb1	293	2043	replicate-2
pb1	294	2056	replicate-2
pb1	295	2059	replicate-2
pb1	296	2064	replicate-2
pb1	297	2041	replicate-2
pb1	298	2045	replicate-2
pb1	299	2039	replicate-2
pb1	300	2068	replicate-2
pb1	301	2067	replicate-2
pb1	302	2046	replicate-2
pb1	303	2034	replicate-2
pb1	304	2040	replicate-2
pb1	305	2228	replicate-2
pb1	306	2263	replicate-2
pb1	307	2257	replicate-2
pb1	308	2253	replicate-2
pb1	309	2221	replicate-2
pb1	310	2234	replicate-2
pb1	311	2224	replicate-2
pb1	312	2226	replicate-2
pb1	313	2251	replicate-2
pb1	314	2125	replicate-2
pb1	315	2192	replicate-2
pb1	316	2176	replicate-2
pb1	317	2242	replicate-2
pb1	318	2246	replicate-2
pb1	319	2280	replicate-2
pb1	320	2297	replicate-2
pb1	321	2337	replicate-2
pb1	322	2326	replicate-2
pb1	323	2320	replicate-2
pb1	324	2269	replicate-2
pb1	325	2278	replicate-2
pb1	326	2291	replicate-2
pb1	327	2302	replicate-2
pb1	328	2299	replicate-2
pb1	329	2265	replicate-2
pb1	330	2284	replicate-2
pb1	331	2283	replicate-2
pb1	332	2315	replicate-2
pb1	333	2321	replicate-2
pb1	334	2326	replicate-2
pb1	335	2322	replicate-2
pb1	336	2315	replicate-2
pb1	337	2293	replicate-2
pb1	338	2291	replicate-2
pb1	339	2354	replicate-2
pb1	340	2323	replicate-2
pb1	341	2328	replicate-2
pb1	342	2312	replicate-2
pb1	343	2328	replicate-2
pb1	344	2376	replicate-2
pb1	345	2392	replicate-2
pb1	346	2416	replicate-2
pb1	347	2416	replicate-2
pb1	348	2391	replicate-2
pb1	349	2398	replicate-2
pb1	350	2402	replicate-2
pb1	351	2400	replicate-2
pb1	352	2397	replicate-2
pb1	353	2388	replicate-2
pb1	354	2396	replicate-2
pb1	355	2407	replicate-2
pb1	356	2405	replicate-2
pb1	357	2418	replicate-2
pb1	358	2436	replicate-2
pb1	359	2440	replicate-2
pb1	360	2439	replicate-2
pb1	361	2452	replicate-2
pb1	362	2438	replicate-2
pb1	363	2490	replicate-2
pb1	364	2487	replicate-2
pb1	365	2480	replicate-2
pb1	366	2495	replicate-2
pb1	367	2508	replicate-2
pb1	368	2494	replicate-2
pb1	369	2556	replicate-2
pb1	370	2581	replicate-2
pb1	371	2613	replicate-2
pb1	372	2612	replicate-2
pb1	373	2593	replicate-2
pb1	374	2589	replicate-2
pb1	375	2585	replicate-2
pb1	376	2601	replicate-2
pb1	377	2604	replicate-2
pb1	378	2549	replicate-2
pb1	379	2565	replicate-2
pb1	380	2504	replicate-2
pb1	381	2537	replicate-2
pb1	382	2543	replicate-2
pb1	383	2537	replicate-2
pb1	384	2537	replicate-2
pb1	385	2498	replicate-2
pb1	386	2564	replicate-2
pb1	387	2545	replicate-2
pb1	388	2550	replicate-2
pb1	389	2537	replicate-2
pb1	390	2537	replicate-2
pb1	391	2534	replicate-2
pb1	392	2531	replicate-2
pb1	393	2513	replicate-2
pb1	394	2500	replicate-2
pb1	395	2434	replicate-2
pb1	396	2437	replicate-2
pb1	397	2453	replicate-2
pb1	398	2470	replicate-2
pb1	399	2458	replicate-2
pb1	400	2485	replicate-2
pb1	401	2489	replicate-2
pb1	402	2481	replicate-2
pb1	403	2480	replicate-2
pb1	404	2473	replicate-2
pb1	405	2512	replicate-2
pb1	406	2580	replicate-2
pb1	407	2633	replicate-2
pb1	408	2637	replicate-2
pb1	409	2606	replicate-2
pb1	410	2622	replicate-2
pb1	411	2688	replicate-2
pb1	412	2702	replicate-2
pb1	413	2736	replicate-2
pb1	414	2675	replicate-2
pb1	415	2529	replicate-2
pb1	416	2512	replicate-2
pb1	417	2496	replicate-2
pb1	418	2492	replicate-2
pb1	419	2493	replicate-2
pb1	420	2437	replicate-2
pb1	421	2439	replicate-2
pb1	422	2394	replicate-2
pb1	423	2539	replicate-2
pb1	424	2579	replicate-2
pb1	425	2579	replicate-2
pb1	426	2572	replicate-2
pb1	427	2505	replicate-2
pb1	428	2548	replicate-2
pb1	429	2554	replicate-2
pb1	430	2519	replicate-2
pb1	431	2475	replicate-2
pb1	432	2482	replicate-2
pb1	433	2371	replicate-2
pb1	434	2340	replicate-2
pb1	435	2320	replicate-2
pb1	436	2325	replicate-2
pb1	437	2329	replicate-2
pb1	438	2329	replicate-2
pb1	439	2342	replicate-2
pb1	440	2346	replicate-2
pb1	441	2341	replicate-2
pb1	442	2347	replicate-2
pb1	443	2383	replicate-2
pb1	444	2376	replicate-2
pb1	445	2374	replicate-2
pb1	446	2375	replicate-2
pb1	447	2363	replicate-2
pb1	448	2391	replicate-2
pb1	449	2387	replicate-2
pb1	450	2384	replicate-2
pb1	451	2374	replicate-2
pb1	452	2355	replicate-2
pb1	453	2501	replicate-2
pb1	454	2504	replicate-2
pb1	455	2471	replicate-2
pb1	456	2488	replicate-2
pb1	457	2427	replicate-2
pb1	458	2879	replicate-2
pb1	459	2930	replicate-2
pb1	460	2919	replicate-2
pb1	461	3334	replicate-2
pb1	462	3204	replicate-2
pb1	463	3301	replicate-2
pb1	464	3300	replicate-2
pb1	465	3285	replicate-2
pb1	466	3306	replicate-2
pb1	467	2998	replicate-2
pb1	468	3008	replicate-2
pb1	469	3008	replicate-2
pb1	470	2803	replicate-2
pb1	471	2859	replicate-2
pb1	472	2842	replicate-2
pb1	473	2850	replicate-2
pb1	474	2856	replicate-2
pb1	475	2858	replicate-2
pb1	476	2929	replicate-2
pb1	477	2911	replicate-2
pb1	478	2910	replicate-2
pb1	479	2912	replicate-2
pb1	480	2885	replicate-2
pb1	481	2878	replicate-2
pb1	482	2867	replicate-2
pb1	483	2896	replicate-2
pb1	484	2863	replicate-2
pb1	485	3015	replicate-2
pb1	486	3014	replicate-2
pb1	487	3033	replicate-2
pb1	488	3034	replicate-2
pb1	489	3038	replicate-2
pb1	490	3024	replicate-2
pb1	491	3039	replicate-2
pb1	492	3006	replicate-2
pb1	493	3032	replicate-2
pb1	494	2999	replicate-2
pb1	495	3011	replicate-2
pb1	496	3004	replicate-2
pb1	497	3011	replicate-2
pb1	498	3019	replicate-2
pb1	499	3120	replicate-2
pb1	500	3115	replicate-2
pb1	501	3123	replicate-2
pb1	502	3129	replicate-2
pb1	503	3127	replicate-2
pb1	504	3139	replicate-2
pb1	505	3140	replicate-2
pb1	506	3141	replicate-2
pb1	507	3143	replicate-2
pb1	508	3116	replicate-2
pb1	509	3393	replicate-2
pb1	510	3410	replicate-2
pb1	511	3554	replicate-2
pb1	512	3543	replicate-2
pb1	513	3539	replicate-2
pb1	514	3553	replicate-2
pb1	515	3564	replicate-2
pb1	516	3527	replicate-2
pb1	517	3541	replicate-2
pb1	518	3349	replicate-2
pb1	519	3342	replicate-2
pb1	520	3262	replicate-2
pb1	521	3294	replicate-2
pb1	522	3409	replicate-2
pb1	523	3419	replicate-2
pb1	524	3422	replicate-2
pb1	525	3437	replicate-2
pb1	526	3418	replicate-2
pb1	527	3443	replicate-2
pb1	528	3491	replicate-2
pb1	529	3576	replicate-2
pb1	530	3577	replicate-2
pb1	531	3476	replicate-2
pb1	532	3597	replicate-2
pb1	533	3605	replicate-2
pb1	534	3679	replicate-2
pb1	535	3705	replicate-2
pb1	536	3691	replicate-2
pb1	537	3693	replicate-2
pb1	538	3695	replicate-2
pb1	539	3732	replicate-2
pb1	540	3757	replicate-2
pb1	541	3688	replicate-2
pb1	542	3732	replicate-2
pb1	543	3723	replicate-2
pb1	544	3748	replicate-2
pb1	545	3767	replicate-2
pb1	546	3850	replicate-2
pb1	547	3859	replicate-2
pb1	548	3874	replicate-2
pb1	549	3844	replicate-2
pb1	550	3789	replicate-2
pb1	551	3768	replicate-2
pb1	552	3733	replicate-2
pb1	553	3770	replicate-2
pb1	554	3767	replicate-2
pb1	555	3666	replicate-2
pb1	556	3659	replicate-2
pb1	557	3644	replicate-2
pb1	558	3631	replicate-2
pb1	559	3633	replicate-2
pb1	560	3632	replicate-2
pb1	561	3678	replicate-2
pb1	562	3687	replicate-2
pb1	563	3684	replicate-2
pb1	564	3675	replicate-2
pb1	565	3659	replicate-2
pb1	566	3704	replicate-2
pb1	567	3723	replicate-2
pb1	568	3693	replicate-2
pb1	569	3694	replicate-2
pb1	570	3643	replicate-2
pb1	571	3628	replicate-2
pb1	572	3683	replicate-2
pb1	573	3657	replicate-2
pb1	574	3688	replicate-2
pb1	575	3649	replicate-2
pb1	576	3703	replicate-2
pb1	577	3748	replicate-2
pb1	578	3836	replicate-2
pb1	579	3867	replicate-2
pb1	580	3871	replicate-2
pb1	581	3847	replicate-2
pb1	582	3927	replicate-2
pb1	583	3909	replicate-2
pb1	584	3981	replicate-2
pb1	585	3984	replicate-2
pb1	586	3997	replicate-2
pb1	587	4037	replicate-2
pb1	588	4065	replicate-2
pb1	589	4057	replicate-2
pb1	590	4086	replicate-2
pb1	591	4077	replicate-2
pb1	592	4075	replicate-2
pb1	593	4191	replicate-2
pb1	594	4146	replicate-2
pb1	595	4250	replicate-2
pb1	596	4223	replicate-2
pb1	597	4194	replicate-2
pb1	598	4203	replicate-2
pb1	599	4195	replicate-2
pb1	600	4229	replicate-2
pb1	601	4235	replicate-2
pb1	602	4152	replicate-2
pb1	603	4176	replicate-2
pb1	604	4075	replicate-2
pb1	605	4081	replicate-2
pb1	606	4075	replicate-2
pb1	607	4052	replicate-2
pb1	608	4012	replicate-2
pb1	609	3919	replicate-2
pb1	610	3896	replicate-2
pb1	611	3868	replicate-2
pb1	612	3829	replicate-2
pb1	613	3819	replicate-2
pb1	614	3851	replicate-2
pb1	615	3891	replicate-2
pb1	616	3890	replicate-2
pb1	617	3888	replicate-2
pb1	618	3872	replicate-2
pb1	619	3861	replicate-2
pb1	620	3889	replicate-2
pb1	621	3880	replicate-2
pb1	622	3896	replicate-2
pb1	623	3865	replicate-2
pb1	624	3842	replicate-2
pb1	625	3818	replicate-2
pb1	626	3896	replicate-2
pb1	627	3888	replicate-2
pb1	628	3895	replicate-2
pb1	629	3870	replicate-2
pb1	630	3884	replicate-2
pb1	631	3864	replicate-2
pb1	632	3979	replicate-2
pb1	633	3977	replicate-2
pb1	634	3972	replicate-2
pb1	635	3960	replicate-2
pb1	636	3844	replicate-2
pb1	637	3860	replicate-2
pb1	638	3849	replicate-2
pb1	639	3824	replicate-2
pb1	640	3837	replicate-2
pb1	641	3663	replicate-2
pb1	642	3643	replicate-2
pb1	643	3619	replicate-2
pb1	644	3565	replicate-2
pb1	645	3588	replicate-2
pb1	646	3567	replicate-2
pb1	647	3552	replicate-2
pb1	648	3556	replicate-2
pb1	649	3543	replicate-2
pb1	650	3535	replicate-2
pb1	651	3516	replicate-2
pb1	652	3514	replicate-2
pb1	653	3443	replicate-2
pb1	654	3425	replicate-2
pb1	655	3394	replicate-2
pb1	656	3444	replicate-2
pb1	657	3401	replicate-2
pb1	658	3389	replicate-2
pb1	659	3308	replicate-2
pb1	660	3289	replicate-2
pb1	661	3366	replicate-2
pb1	662	3348	replicate-2
pb1	663	3412	replicate-2
pb1	664	3385	replicate-2
pb1	665	3281	replicate-2
pb1	666	3297	replicate-2
pb1	667	3255	replicate-2
pb1	668	3252	replicate-2
pb1	669	3201	replicate-2
pb1	670	3142	replicate-2
pb1	671	3136	replicate-2
pb1	672	3075	replicate-2
pb1	673	3003	replicate-2
pb1	674	3089	replicate-2
pb1	675	3173	replicate-2
pb1	676	3161	replicate-2
pb1	677	3196	replicate-2
pb1	678	3182	replicate-2
pb1	679	3192	replicate-2
pb1	680	3215	replicate-2
pb1	681	3198	replicate-2
pb1	682	3177	replicate-2
pb1	683	3177	replicate-2
pb1	684	2919	replicate-2
pb1	685	2924	replicate-2
pb1	686	2960	replicate-2
pb1	687	2939	replicate-2
pb1	688	2953	replicate-2
pb1	689	2917	replicate-2
pb1	690	2927	replicate-2
pb1	691	2951	replicate-2
pb1	692	2984	replicate-2
pb1	693	2941	replicate-2
pb1	694	2947	replicate-2
pb1	695	2829	replicate-2
pb1	696	2959	replicate-2
pb1	697	2940	replicate-2
pb1	698	2955	replicate-2
pb1	699	2954	replicate-2
pb1	700	2875	replicate-2
pb1	701	2879	replicate-2
pb1	702	2773	replicate-2
pb1	703	2772	replicate-2
pb1	704	2768	replicate-2
pb1	705	2565	replicate-2
pb1	706	2559	replicate-2
pb1	707	2542	replicate-2
pb1	708	2537	replicate-2
pb1	709	2535	replicate-2
pb1	710	2505	replicate-2
pb1	711	2502	replicate-2
pb1	712	2511	replicate-2
pb1	713	2478	replicate-2
pb1	714	2403	replicate-2
pb1	715	2403	replicate-2
pb1	716	2394	replicate-2
pb1	717	2387	replicate-2
pb1	718	2409	replicate-2
pb1	719	2406	replicate-2
pb1	720	2393	replicate-2
pb1	721	2386	replicate-2
pb1	722	2376	replicate-2
pb1	723	2334	replicate-2
pb1	724	2343	replicate-2
pb1	725	2346	replicate-2
pb1	726	2353	replicate-2
pb1	727	2343	replicate-2
pb1	728	2351	replicate-2
pb1	729	2359	replicate-2
pb1	730	2365	replicate-2
pb1	731	2354	replicate-2
pb1	732	2361	replicate-2
pb1	733	2328	replicate-2
pb1	734	2324	replicate-2
pb1	735	2319	replicate-2
pb1	736	2249	replicate-2
pb1	737	2250	replicate-2
pb1	738	2193	replicate-2
pb1	739	2173	replicate-2
pb1	740	2166	replicate-2
pb1	741	2175	replicate-2
pb1	742	2176	replicate-2
pb1	743	2175	replicate-2
pb1	744	2176	replicate-2
pb1	745	2176	replicate-2
pb1	746	2202	replicate-2
pb1	747	2206	replicate-2
pb1	748	2216	replicate-2
pb1	749	2218	replicate-2
pb1	750	2179	replicate-2
pb1	751	2179	replicate-2
pb1	752	2202	replicate-2
pb1	753	2179	replicate-2
pb1	754	2177	replicate-2
pb1	755	2099	replicate-2
pb1	756	2089	replicate-2
pb1	757	2120	replicate-2
pb1	758	2122	replicate-2
pb1	759	2124	replicate-2
pb1	760	2142	replicate-2
pb1	761	2074	replicate-2
pb1	762	2080	replicate-2
pb1	763	2083	replicate-2
pb1	764	2056	replicate-2
pb1	765	2209	replicate-2
pb1	766	2214	replicate-2
pb1	767	2241	replicate-2
pb1	768	2237	replicate-2
pb1	769	2175	replicate-2
pb1	770	2194	replicate-2
pb1	771	2173	replicate-2
pb1	772	2188	replicate-2
pb1	773	2193	replicate-2
pb1	774	2093	replicate-2
pb1	775	2286	replicate-2
pb1	776	2287	replicate-2
pb1	777	2297	replicate-2
pb1	778	2326	replicate-2
pb1	779	2320	replicate-2
pb1	780	2334	replicate-2
pb1	781	2326	replicate-2
pb1	782	2308	replicate-2
pb1	783	2308	replicate-2
pb1	784	2128	replicate-2
pb1	785	2137	replicate-2
pb1	786	2124	replicate-2
pb1	787	2155	replicate-2
pb1	788	2161	replicate-2
pb1	789	2161	replicate-2
pb1	790	2158	replicate-2
pb1	791	2152	replicate-2
pb1	792	2131	replicate-2
pb1	793	2128	replicate-2
pb1	794	2142	replicate-2
pb1	795	2146	replicate-2
pb1	796	2154	replicate-2
pb1	797	2125	replicate-2
pb1	798	2219	replicate-2
pb1	799	2230	replicate-2
pb1	800	2230	replicate-2
pb1	801	2239	replicate-2
pb1	802	2253	replicate-2
pb1	803	2246	replicate-2
pb1	804	2276	replicate-2
pb1	805	2254	replicate-2
pb1	806	2259	replicate-2
pb1	807	2207	replicate-2
pb1	808	2203	replicate-2
pb1	809	2210	replicate-2
pb1	810	2219	replicate-2
pb1	811	2211	replicate-2
pb1	812	2248	replicate-2
pb1	813	2219	replicate-2
pb1	814	2220	replicate-2
pb1	815	2221	replicate-2
pb1	816	2210	replicate-2
pb1	817	2206	replicate-2
pb1	818	2192	replicate-2
pb1	819	2188	replicate-2
pb1	820	2198	replicate-2
pb1	821	2166	replicate-2
pb1	822	2149	replicate-2
pb1	823	2163	replicate-2
pb1	824	2163	replicate-2
pb1	825	2158	replicate-2
pb1	826	2149	replicate-2
pb1	827	2206	replicate-2
pb1	828	2216	replicate-2
pb1	829	2228	replicate-2
pb1	830	2238	replicate-2
pb1	831	2242	replicate-2
pb1	832	2260	replicate-2
pb1	833	2264	replicate-2
pb1	834	2261	replicate-2
pb1	835	2267	replicate-2
pb1	836	2206	replicate-2
pb1	837	2255	replicate-2
pb1	838	2246	replicate-2
pb1	839	2297	replicate-2
pb1	840	2298	replicate-2
pb1	841	2314	replicate-2
pb1	842	2305	replicate-2
pb1	843	2308	replicate-2
pb1	844	2319	replicate-2
pb1	845	2345	replicate-2
pb1	846	2295	replicate-2
pb1	847	2292	replicate-2
pb1	848	2284	replicate-2
pb1	849	2383	replicate-2
pb1	850	2387	replicate-2
pb1	851	2402	replicate-2
pb1	852	2411	replicate-2
pb1	853	2423	replicate-2
pb1	854	2400	replicate-2
pb1	855	2420	replicate-2
pb1	856	2428	replicate-2
pb1	857	2399	replicate-2
pb1	858	2378	replicate-2
pb1	859	2311	replicate-2
pb1	860	2319	replicate-2
pb1	861	2347	replicate-2
pb1	862	2355	replicate-2
pb1	863	2358	replicate-2
pb1	864	2349	replicate-2
pb1	865	2370	replicate-2
pb1	866	2378	replicate-2
pb1	867	2383	replicate-2
pb1	868	2388	replicate-2
pb1	869	2357	replicate-2
pb1	870	2375	replicate-2
pb1	871	2390	replicate-2
pb1	872	2394	replicate-2
pb1	873	2378	replicate-2
pb1	874	2367	replicate-2
pb1	875	2358	replicate-2
pb1	876	2363	replicate-2
pb1	877	2360	replicate-2
pb1	878	2368	replicate-2
pb1	879	2353	replicate-2
pb1	880	2363	replicate-2
pb1	881	2358	replicate-2
pb1	882	2370	replicate-2
pb1	883	2368	replicate-2
pb1	884	2399	replicate-2
pb1	885	2390	replicate-2
pb1	886	2373	replicate-2
pb1	887	2376	replicate-2
pb1	888	2392	replicate-2
pb1	889	2417	replicate-2
pb1	890	2426	replicate-2
pb1	891	2431	replicate-2
pb1	892	2433	replicate-2
pb1	893	2429	replicate-2
pb1	894	2472	replicate-2
pb1	895	2460	replicate-2
pb1	896	2467	replicate-2
pb1	897	2449	replicate-2
pb1	898	2453	replicate-2
pb1	899	2460	replicate-2
pb1	900	2482	replicate-2
pb1	901	2491	replicate-2
pb1	902	2531	replicate-2
pb1	903	2535	replicate-2
pb1	904	2617	replicate-2
pb1	905	2606	replicate-2
pb1	906	2624	replicate-2
pb1	907	2693	replicate-2
pb1	908	3751	replicate-2
pb1	909	3737	replicate-2
pb1	910	3758	replicate-2
pb1	911	3749	replicate-2
pb1	912	3696	replicate-2
pb1	913	3783	replicate-2
pb1	914	3749	replicate-2
pb1	915	3765	replicate-2
pb1	916	3731	replicate-2
pb1	917	3319	replicate-2
pb1	918	3454	replicate-2
pb1	919	3455	replicate-2
pb1	920	3557	replicate-2
pb1	921	3564	replicate-2
pb1	922	3540	replicate-2
pb1	923	3544	replicate-2
pb1	924	3562	replicate-2
pb1	925	3545	replicate-2
pb1	926	3626	replicate-2
pb1	927	3558	replicate-2
pb1	928	3582	replicate-2
pb1	929	3622	replicate-2
pb1	930	3643	replicate-2
pb1	931	3727	replicate-2
pb1	932	3757	replicate-2
pb1	933	3759	replicate-2
pb1	934	3800	replicate-2
pb1	935	3812	replicate-2
pb1	936	3933	replicate-2
pb1	937	3955	replicate-2
pb1	938	3922	replicate-2
pb1	939	3929	replicate-2
pb1	940	3909	replicate-2
pb1	941	3926	replicate-2
pb1	942	4002	replicate-2
pb1	943	3985	replicate-2
pb1	944	3999	replicate-2
pb1	945	3913	replicate-2
pb1	946	3912	replicate-2
pb1	947	3945	replicate-2
pb1	948	3952	replicate-2
pb1	949	3949	replicate-2
pb1	950	3934	replicate-2
pb1	951	3960	replicate-2
pb1	952	3939	replicate-2
pb1	953	3931	replicate-2
pb1	954	3927	replicate-2
pb1	955	3926	replicate-2
pb1	956	3909	replicate-2
pb1	957	3938	replicate-2
pb1	958	3951	replicate-2
pb1	959	3971	replicate-2
pb1	960	3958	replicate-2
pb1	961	3966	replicate-2
pb1	962	3971	replicate-2
pb1	963	3977	replicate-2
pb1	964	3977	replicate-2
pb1	965	3975	replicate-2
pb1	966	3949	replicate-2
pb1	967	3960	replicate-2
pb1	968	3935	replicate-2
pb1	969	3922	replicate-2
pb1	970	3921	replicate-2
pb1	971	3919	replicate-2
pb1	972	3919	replicate-2
pb1	973	3917	replicate-2
pb1	974	3903	replicate-2
pb1	975	3951	replicate-2
pb1	976	3930	replicate-2
pb1	977	3944	replicate-2
pb1	978	3945	replicate-2
pb1	979	3939	replicate-2
pb1	980	3943	replicate-2
pb1	981	3954	replicate-2
pb1	982	3954	replicate-2
pb1	983	3958	replicate-2
pb1	984	3912	replicate-2
pb1	985	3910	replicate-2
pb1	986	3980	replicate-2
pb1	987	4150	replicate-2
pb1	988	4225	replicate-2
pb1	989	4221	replicate-2
pb1	990	4189	replicate-2
pb1	991	4200	replicate-2
pb1	992	4208	replicate-2
pb1	993	4259	replicate-2
pb1	994	4243	replicate-2
pb1	995	4085	replicate-2
pb1	996	4199	replicate-2
pb1	997	3924	replicate-2
pb1	998	3939	replicate-2
pb1	999	3919	replicate-2
pb1	1000	3941	replicate-2
pb1	1001	3938	replicate-2
pb1	1002	3856	replicate-2
pb1	1003	3840	replicate-2
pb1	1004	3828	replicate-2
pb1	1005	3693	replicate-2
pb1	1006	3672	replicate-2
pb1	1007	3630	replicate-2
pb1	1008	3634	replicate-2
pb1	1009	3592	replicate-2
pb1	1010	3526	replicate-2
pb1	1011	3481	replicate-2
pb1	1012	3517	replicate-2
pb1	1013	3494	replicate-2
pb1	1014	3433	replicate-2
pb1	1015	3428	replicate-2
pb1	1016	3419	replicate-2
pb1	1017	3405	replicate-2
pb1	1018	3409	replicate-2
pb1	1019	3389	replicate-2
pb1	1020	3555	replicate-2
pb1	1021	3516	replicate-2
pb1	1022	3534	replicate-2
pb1	1023	3541	replicate-2
pb1	1024	3488	replicate-2
pb1	1025	3537	replicate-2
pb1	1026	3514	replicate-2
pb1	1027	3484	replicate-2
pb1	1028	3432	replicate-2
pb1	1029	3063	replicate-2
pb1	1030	3203	replicate-2
pb1	1031	3197	replicate-2
pb1	1032	3245	replicate-2
pb1	1033	3249	replicate-2
pb1	1034	3208	replicate-2
pb1	1035	3215	replicate-2
pb1	1036	3207	replicate-2
pb1	1037	3293	replicate-2
pb1	1038	3267	replicate-2
pb1	1039	3089	replicate-2
pb1	1040	3082	replicate-2
pb1	1041	3016	replicate-2
pb1	1042	3042	replicate-2
pb1	1043	3093	replicate-2
pb1	1044	3100	replicate-2
pb1	1045	3189	replicate-2
pb1	1046	3221	replicate-2
pb1	1047	3199	replicate-2
pb1	1048	3229	replicate-2
pb1	1049	3224	replicate-2
pb1	1050	3172	replicate-2
pb1	1051	3159	replicate-2
pb1	1052	2989	replicate-2
pb1	1053	2981	replicate-2
pb1	1054	2778	replicate-2
pb1	1055	2646	replicate-2
pb1	1056	2649	replicate-2
pb1	1057	2620	replicate-2
pb1	1058	2582	replicate-2
pb1	1059	2581	replicate-2
pb1	1060	2578	replicate-2
pb1	1061	2576	replicate-2
pb1	1062	2586	replicate-2
pb1	1063	2525	replicate-2
pb1	1064	2579	replicate-2
pb1	1065	2598	replicate-2
pb1	1066	2679	replicate-2
pb1	1067	2704	replicate-2
pb1	1068	2687	replicate-2
pb1	1069	2696	replicate-2
pb1	1070	2686	replicate-2
pb1	1071	2683	replicate-2
pb1	1072	2685	replicate-2
pb1	1073	2709	replicate-2
pb1	1074	2770	replicate-2
pb1	1075	2751	replicate-2
pb1	1076	2768	replicate-2
pb1	1077	2828	replicate-2
pb1	1078	2891	replicate-2
pb1	1079	2901	replicate-2
pb1	1080	2874	replicate-2
pb1	1081	2873	replicate-2
pb1	1082	2843	replicate-2
pb1	1083	2749	replicate-2
pb1	1084	2852	replicate-2
pb1	1085	2881	replicate-2
pb1	1086	2933	replicate-2
pb1	1087	2884	replicate-2
pb1	1088	2889	replicate-2
pb1	1089	2892	replicate-2
pb1	1090	2899	replicate-2
pb1	1091	2913	replicate-2
pb1	1092	2965	replicate-2
pb1	1093	2894	replicate-2
pb1	1094	2906	replicate-2
pb1	1095	2889	replicate-2
pb1	1096	2901	replicate-2
pb1	1097	2893	replicate-2
pb1	1098	2900	replicate-2
pb1	1099	2883	replicate-2
pb1	1100	2881	replicate-2
pb1	1101	2829	replicate-2
pb1	1102	2793	replicate-2
pb1	1103	2790	replicate-2
pb1	1104	2815	replicate-2
pb1	1105	2812	replicate-2
pb1	1106	2842	replicate-2
pb1	1107	2794	replicate-2
pb1	1108	2785	replicate-2
pb1	1109	2762	replicate-2
pb1	1110	2753	replicate-2
pb1	1111	2765	replicate-2
pb1	1112	2750	replicate-2
pb1	1113	2792	replicate-2
pb1	1114	2742	replicate-2
pb1	1115	2740	replicate-2
pb1	1116	2738	replicate-2
pb1	1117	2748	replicate-2
pb1	1118	2744	replicate-2
pb1	1119	2749	replicate-2
pb1	1120	2717	replicate-2
pb1	1121	2817	replicate-2
pb1	1122	2773	replicate-2
pb1	1123	2821	replicate-2
pb1	1124	2813	replicate-2
pb1	1125	2812	replicate-2
pb1	1126	2802	replicate-2
pb1	1127	2805	replicate-2
pb1	1128	2796	replicate-2
pb1	1129	2810	replicate-2
pb1	1130	2727	replicate-2
pb1	1131	2623	replicate-2
pb1	1132	2652	replicate-2
pb1	1133	2658	replicate-2
pb1	1134	2664	replicate-2
pb1	1135	2692	replicate-2
pb1	1136	2693	replicate-2
pb1	1137	2677	replicate-2
pb1	1138	2658	replicate-2
pb1	1139	2655	replicate-2
pb1	1140	2678	replicate-2
pb1	1141	2661	replicate-2
pb1	1142	2649	replicate-2
pb1	1143	2670	replicate-2
pb1	1144	2663	replicate-2
pb1	1145	2675	replicate-2
pb1	1146	2668	replicate-2
pb1	1147	2658	replicate-2
pb1	1148	2634	replicate-2
pb1	1149	2679	replicate-2
pb1	1150	2645	replicate-2
pb1	1151	2637	replicate-2
pb1	1152	2614	replicate-2
pb1	1153	2705	replicate-2
pb1	1154	2733	replicate-2
pb1	1155	2801	replicate-2
pb1	1156	2796	replicate-2
pb1	1157	2791	replicate-2
pb1	1158	2731	replicate-2
pb1	1159	2770	replicate-2
pb1	1160	2757	replicate-2
pb1	1161	2771	replicate-2
pb1	1162	2747	replicate-2
pb1	1163	2670	replicate-2
pb1	1164	2678	replicate-2
pb1	1165	2596	replicate-2
pb1	1166	2625	replicate-2
pb1	1167	2632	replicate-2
pb1	1168	2566	replicate-2
pb1	1169	2566	replicate-2
pb1	1170	2562	replicate-2
pb1	1171	2554	replicate-2
pb1	1172	2514	replicate-2
pb1	1173	2506	replicate-2
pb1	1174	2497	replicate-2
pb1	1175	2487	replicate-2
pb1	1176	2466	replicate-2
pb1	1177	2474	replicate-2
pb1	1178	2489	replicate-2
pb1	1179	2472	replicate-2
pb1	1180	2437	replicate-2
pb1	1181	2421	replicate-2
pb1	1182	2407	replicate-2
pb1	1183	2396	replicate-2
pb1	1184	2392	replicate-2
pb1	1185	2387	replicate-2
pb1	1186	2365	replicate-2
pb1	1187	2356	replicate-2
pb1	1188	2340	replicate-2
pb1	1189	2341	replicate-2
pb1	1190	2352	replicate-2
pb1	1191	2341	replicate-2
pb1	1192	2334	replicate-2
pb1	1193	2330	replicate-2
pb1	1194	2311	replicate-2
pb1	1195	2310	replicate-2
pb1	1196	2351	replicate-2
pb1	1197	2384	replicate-2
pb1	1198	2386	replicate-2
pb1	1199	2389	replicate-2
pb1	1200	2397	replicate-2
pb1	1201	2414	replicate-2
pb1	1202	2488	replicate-2
pb1	1203	2507	replicate-2
pb1	1204	2516	replicate-2
pb1	1205	2491	replicate-2
pb1	1206	2465	replicate-2
pb1	1207	2974	replicate-2
pb1	1208	3026	replicate-2
pb1	1209	3178	replicate-2
pb1	1210	3243	replicate-2
pb1	1211	3209	replicate-2
pb1	1212	3258	replicate-2
pb1	1213	3285	replicate-2
pb1	1214	3291	replicate-2
pb1	1215	3346	replicate-2
pb1	1216	3306	replicate-2
pb1	1217	2951	replicate-2
pb1	1218	2925	replicate-2
pb1	1219	2884	replicate-2
pb1	1220	2916	replicate-2
pb1	1221	2908	replicate-2
pb1	1222	2876	replicate-2
pb1	1223	2880	replicate-2
pb1	1224	2834	replicate-2
pb1	1225	3001	replicate-2
pb1	1226	3011	replicate-2
pb1	1227	3009	replicate-2
pb1	1228	3025	replicate-2
pb1	1229	3035	replicate-2
pb1	1230	3064	replicate-2
pb1	1231	3061	replicate-2
pb1	1232	3037	replicate-2
pb1	1233	3044	replicate-2
pb1	1234	2933	replicate-2
pb1	1235	3040	replicate-2
pb1	1236	3045	replicate-2
pb1	1237	3048	replicate-2
pb1	1238	3055	replicate-2
pb1	1239	3050	replicate-2
pb1	1240	3076	replicate-2
pb1	1241	3096	replicate-2
pb1	1242	3094	replicate-2
pb1	1243	3075	replicate-2
pb1	1244	2986	replicate-2
pb1	1245	3035	replicate-2
pb1	1246	3114	replicate-2
pb1	1247	3212	replicate-2
pb1	1248	3248	replicate-2
pb1	1249	3255	replicate-2
pb1	1250	3227	replicate-2
pb1	1251	3313	replicate-2
pb1	1252	3708	replicate-2
pb1	1253	3723	replicate-2
pb1	1254	3697	replicate-2
pb1	1255	3709	replicate-2
pb1	1256	3858	replicate-2
pb1	1257	5255	replicate-2
pb1	1258	5466	replicate-2
pb1	1259	6613	replicate-2
pb1	1260	7177	replicate-2
pb1	1261	7256	replicate-2
pb1	1262	7354	replicate-2
pb1	1263	7368	replicate-2
pb1	1264	7902	replicate-2
pb1	1265	7915	replicate-2
pb1	1266	8265	replicate-2
pb1	1267	8312	replicate-2
pb1	1268	8206	replicate-2
pb1	1269	8365	replicate-2
pb1	1270	8354	replicate-2
pb1	1271	8654	replicate-2
pb1	1272	8671	replicate-2
pb1	1273	8626	replicate-2
pb1	1274	9091	replicate-2
pb1	1275	9087	replicate-2
pb1	1276	12610	replicate-2
pb1	1277	12813	replicate-2
pb1	1278	12914	replicate-2
pb1	1279	12972	replicate-2
pb1	1280	12973	replicate-2
pb1	1281	13019	replicate-2
pb1	1282	13041	replicate-2
pb1	1283	13111	replicate-2
pb1	1284	12943	replicate-2
pb1	1285	12821	replicate-2
pb1	1286	12707	replicate-2
pb1	1287	12751	replicate-2
pb1	1288	12876	replicate-2
pb1	1289	12903	replicate-2
pb1	1290	12919	replicate-2
pb1	1291	13209	replicate-2
pb1	1292	13332	replicate-2
pb1	1293	13699	replicate-2
pb1	1294	13770	replicate-2
pb1	1295	13809	replicate-2
pb1	1296	13914	replicate-2
pb1	1297	14012	replicate-2
pb1	1298	14208	replicate-2
pb1	1299	14244	replicate-2
pb1	1300	14223	replicate-2
pb1	1301	14223	replicate-2
pb1	1302	14216	replicate-2
pb1	1303	14298	replicate-2
pb1	1304	14547	replicate-2
pb1	1305	14631	replicate-2
pb1	1306	14702	replicate-2
pb1	1307	14696	replicate-2
pb1	1308	14735	replicate-2
pb1	1309	14796	replicate-2
pb1	1310	14792	replicate-2
pb1	1311	15003	replicate-2
pb1	1312	15078	replicate-2
pb1	1313	15069	replicate-2
pb1	1314	15145	replicate-2
pb1	1315	15198	replicate-2
pb1	1316	15263	replicate-2
pb1	1317	15510	replicate-2
pb1	1318	15452	replicate-2
pb1	1319	15550	replicate-2
pb1	1320	15464	replicate-2
pb1	1321	15454	replicate-2
pb1	1322	15466	replicate-2
pb1	1323	15418	replicate-2
pb1	1324	15975	replicate-2
pb1	1325	16234	replicate-2
pb1	1326	16095	replicate-2
pb1	1327	15997	replicate-2
pb1	1328	16018	replicate-2
pb1	1329	16191	replicate-2
pb1	1330	16343	replicate-2
pb1	1331	16316	replicate-2
pb1	1332	16618	replicate-2
pb1	1333	16130	replicate-2
pb1	1334	16191	replicate-2
pb1	1335	16232	replicate-2
pb1	1336	16076	replicate-2
pb1	1337	16210	replicate-2
pb1	1338	16200	replicate-2
pb1	1339	16265	replicate-2
pb1	1340	16320	replicate-2
pb1	1341	16077	replicate-2
pb1	1342	16084	replicate-2
pb1	1343	16156	replicate-2
pb1	1344	16094	replicate-2
pb1	1345	16346	replicate-2
pb1	1346	16302	replicate-2
pb1	1347	16427	replicate-2
pb1	1348	16369	replicate-2
pb1	1349	16314	replicate-2
pb1	1350	16266	replicate-2
pb1	1351	16210	replicate-2
pb1	1352	16307	replicate-2
pb1	1353	16197	replicate-2
pb1	1354	15969	replicate-2
pb1	1355	15980	replicate-2
pb1	1356	15845	replicate-2
pb1	1357	15864	replicate-2
pb1	1358	15852	replicate-2
pb1	1359	15798	replicate-2
pb1	1360	15845	replicate-2
pb1	1361	15663	replicate-2
pb1	1362	15622	replicate-2
pb1	1363	15584	replicate-2
pb1	1364	15591	replicate-2
pb1	1365	15579	replicate-2
pb1	1366	15534	replicate-2
pb1	1367	15681	replicate-2
pb1	1368	15663	replicate-2
pb1	1369	15873	replicate-2
pb1	1370	15824	replicate-2
pb1	1371	16267	replicate-2
pb1	1372	16271	replicate-2
pb1	1373	16426	replicate-2
pb1	1374	16429	replicate-2
pb1	1375	16996	replicate-2
pb1	1376	16860	replicate-2
pb1	1377	16768	replicate-2
pb1	1378	16379	replicate-2
pb1	1379	16280	replicate-2
pb1	1380	15679	replicate-2
pb1	1381	15629	replicate-2
pb1	1382	15443	replicate-2
pb1	1383	15158	replicate-2
pb1	1384	15188	replicate-2
pb1	1385	14503	replicate-2
pb1	1386	14495	replicate-2
pb1	1387	14462	replicate-2
pb1	1388	14430	replicate-2
pb1	1389	14514	replicate-2
pb1	1390	14391	replicate-2
pb1	1391	14225	replicate-2
pb1	1392	14133	replicate-2
pb1	1393	14122	replicate-2
pb1	1394	14094	replicate-2
pb1	1395	14056	replicate-2
pb1	1396	14019	replicate-2
pb1	1397	14084	replicate-2
pb1	1398	13870	replicate-2
pb1	1399	13951	replicate-2
pb1	1400	13958	replicate-2
pb1	1401	13947	replicate-2
pb1	1402	13860	replicate-2
pb1	1403	13713	replicate-2
pb1	1404	13612	replicate-2
pb1	1405	13554	replicate-2
pb1	1406	13423	replicate-2
pb1	1407	13196	replicate-2
pb1	1408	13067	replicate-2
pb1	1409	13039	replicate-2
pb1	1410	12816	replicate-2
pb1	1411	12912	replicate-2
pb1	1412	12667	replicate-2
pb1	1413	12824	replicate-2
pb1	1414	12876	replicate-2
pb1	1415	12807	replicate-2
pb1	1416	12776	replicate-2
pb1	1417	12268	replicate-2
pb1	1418	12551	replicate-2
pb1	1419	13415	replicate-2
pb1	1420	13232	replicate-2
pb1	1421	13224	replicate-2
pb1	1422	13936	replicate-2
pb1	1423	13759	replicate-2
pb1	1424	13735	replicate-2
pb1	1425	13686	replicate-2
pb1	1426	13363	replicate-2
pb1	1427	13046	replicate-2
pb1	1428	11675	replicate-2
pb1	1429	11587	replicate-2
pb1	1430	11697	replicate-2
pb1	1431	10983	replicate-2
pb1	1432	10844	replicate-2
pb1	1433	10871	replicate-2
pb1	1434	10903	replicate-2
pb1	1435	10896	replicate-2
pb1	1436	10878	replicate-2
pb1	1437	10802	replicate-2
pb1	1438	10824	replicate-2
pb1	1439	10557	replicate-2
pb1	1440	10605	replicate-2
pb1	1441	10625	replicate-2
pb1	1442	10586	replicate-2
pb1	1443	10643	replicate-2
pb1	1444	10659	replicate-2
pb1	1445	10983	replicate-2
pb1	1446	11036	replicate-2
pb1	1447	11119	replicate-2
pb1	1448	11127	replicate-2
pb1	1449	11120	replicate-2
pb1	1450	11078	replicate-2
pb1	1451	11165	replicate-2
pb1	1452	11151	replicate-2
pb1	1453	11114	replicate-2
pb1	1454	10339	replicate-2
pb1	1455	10308	replicate-2
pb1	1456	10284	replicate-2
pb1	1457	10329	replicate-2
pb1	1458	10238	replicate-2
pb1	1459	10122	replicate-2
pb1	1460	10137	replicate-2
pb1	1461	10160	replicate-2
pb1	1462	10143	replicate-2
pb1	1463	10094	replicate-2
pb1	1464	10110	replicate-2
pb1	1465	10032	replicate-2
pb1	1466	9970	replicate-2
pb1	1467	10216	replicate-2
pb1	1468	10278	replicate-2
pb1	1469	10329	replicate-2
pb1	1470	10319	replicate-2
pb1	1471	10474	replicate-2
pb1	1472	10735	replicate-2
pb1	1473	10722	replicate-2
pb1	1474	10703	replicate-2
pb1	1475	10650	replicate-2
pb1	1476	10061	replicate-2
pb1	1477	10021	replicate-2
pb1	1478	9901	replicate-2
pb1	1479	9939	replicate-2
pb1	1480	9718	replicate-2
pb1	1481	9501	replicate-2
pb1	1482	9559	replicate-2
pb1	1483	9580	replicate-2
pb1	1484	9617	replicate-2
pb1	1485	9552	replicate-2
pb1	1486	9540	replicate-2
pb1	1487	9664	replicate-2
pb1	1488	9681	replicate-2
pb1	1489	9732	replicate-2
pb1	1490	9655	replicate-2
pb1	1491	9415	replicate-2
pb1	1492	9413	replicate-2
pb1	1493	9374	replicate-2
pb1	1494	9374	replicate-2
pb1	1495	9336	replicate-2
pb1	1496	8928	replicate-2
pb1	1497	8958	replicate-2
pb1	1498	8860	replicate-2
pb1	1499	8806	replicate-2
pb1	1500	8830	replicate-2
pb1	1501	8776	replicate-2
pb1	1502	8772	replicate-2
pb1	1503	8773	replicate-2
pb1	1504	8841	replicate-2
pb1	1505	8891	replicate-2
pb1	1506	8907	replicate-2
pb1	1507	8655	replicate-2
pb1	1508	8661	replicate-2
pb1	1509	8918	replicate-2
pb1	1510	8935	replicate-2
pb1	1511	8998	replicate-2
pb1	1512	9092	replicate-2
pb1	1513	8934	replicate-2
pb1	1514	8906	replicate-2
pb1	1515	8921	replicate-2
pb1	1516	8912	replicate-2
pb1	1517	8988	replicate-2
pb1	1518	9103	replicate-2
pb1	1519	9022	replicate-2
pb1	1520	9025	replicate-2
pb1	1521	9011	replicate-2
pb1	1522	9039	replicate-2
pb1	1523	9145	replicate-2
pb1	1524	9108	replicate-2
pb1	1525	9020	replicate-2
pb1	1526	8852	replicate-2
pb1	1527	8625	replicate-2
pb1	1528	8663	replicate-2
pb1	1529	8581	replicate-2
pb1	1530	8603	replicate-2
pb1	1531	8630	replicate-2
pb1	1532	8545	replicate-2
pb1	1533	8532	replicate-2
pb1	1534	8543	replicate-2
pb1	1535	8542	replicate-2
pb1	1536	8945	replicate-2
pb1	1537	8902	replicate-2
pb1	1538	9016	replicate-2
pb1	1539	9062	replicate-2
pb1	1540	8986	replicate-2
pb1	1541	9441	replicate-2
pb1	1542	9478	replicate-2
pb1	1543	9423	replicate-2
pb1	1544	9410	replicate-2
pb1	1545	8551	replicate-2
pb1	1546	8613	replicate-2
pb1	1547	8442	replicate-2
pb1	1548	8411	replicate-2
pb1	1549	8392	replicate-2
pb1	1550	7973	replicate-2
pb1	1551	8045	replicate-2
pb1	1552	8101	replicate-2
pb1	1553	8089	replicate-2
pb1	1554	8089	replicate-2
pb1	1555	7974	replicate-2
pb1	1556	8334	replicate-2
pb1	1557	8302	replicate-2
pb1	1558	8268	replicate-2
pb1	1559	8293	replicate-2
pb1	1560	8211	replicate-2
pb1	1561	8235	replicate-2
pb1	1562	8256	replicate-2
pb1	1563	8222	replicate-2
pb1	1564	8249	replicate-2
pb1	1565	7922	replicate-2
pb1	1566	8052	replicate-2
pb1	1567	8112	replicate-2
pb1	1568	8000	replicate-2
pb1	1569	8019	replicate-2
pb1	1570	8052	replicate-2
pb1	1571	8068	replicate-2
pb1	1572	8089	replicate-2
pb1	1573	7980	replicate-2
pb1	1574	7969	replicate-2
pb1	1575	8099	replicate-2
pb1	1576	8054	replicate-2
pb1	1577	8096	replicate-2
pb1	1578	8103	replicate-2
pb1	1579	8133	replicate-2
pb1	1580	8129	replicate-2
pb1	1581	8091	replicate-2
pb1	1582	8099	replicate-2
pb1	1583	8166	replicate-2
pb1	1584	8005	replicate-2
pb1	1585	8075	replicate-2
pb1	1586	8075	replicate-2
pb1	1587	8044	replicate-2
pb1	1588	8206	replicate-2
pb1	1589	8182	replicate-2
pb1	1590	8218	replicate-2
pb1	1591	8212	replicate-2
pb1	1592	8129	replicate-2
pb1	1593	8190	replicate-2
pb1	1594	8086	replicate-2
pb1	1595	8148	replicate-2
pb1	1596	8109	replicate-2
pb1	1597	7945	replicate-2
pb1	1598	7912	replicate-2
pb1	1599	7854	replicate-2
pb1	1600	7906	replicate-2
pb1	1601	7996	replicate-2
pb1	1602	7930	replicate-2
pb1	1603	7939	replicate-2
pb1	1604	7893	replicate-2
pb1	1605	7905	replicate-2
pb1	1606	7908	replicate-2
pb1	1607	8084	replicate-2
pb1	1608	8064	replicate-2
pb1	1609	8512	replicate-2
pb1	1610	8281	replicate-2
pb1	1611	8562	replicate-2
pb1	1612	8739	replicate-2
pb1	1613	8695	replicate-2
pb1	1614	8625	replicate-2
pb1	1615	8636	replicate-2
pb1	1616	8371	replicate-2
pb1	1617	8487	replicate-2
pb1	1618	7913	replicate-2
pb1	1619	7908	replicate-2
pb1	1620	7955	replicate-2
pb1	1621	7546	replicate-2
pb1	1622	7687	replicate-2
pb1	1623	7779	replicate-2
pb1	1624	7965	replicate-2
pb1	1625	7994	replicate-2
pb1	1626	8030	replicate-2
pb1	1627	8071	replicate-2
pb1	1628	8059	replicate-2
pb1	1629	7990	replicate-2
pb1	1630	8092	replicate-2
pb1	1631	7893	replicate-2
pb1	1632	7894	replicate-2
pb1	1633	7945	replicate-2
pb1	1634	7960	replicate-2
pb1	1635	7856	replicate-2
pb1	1636	7871	replicate-2
pb1	1637	7988	replicate-2
pb1	1638	8101	replicate-2
pb1	1639	8008	replicate-2
pb1	1640	7779	replicate-2
pb1	1641	7732	replicate-2
pb1	1642	7755	replicate-2
pb1	1643	7802	replicate-2
pb1	1644	7845	replicate-2
pb1	1645	7839	replicate-2
pb1	1646	7698	replicate-2
pb1	1647	7574	replicate-2
pb1	1648	7615	replicate-2
pb1	1649	7668	replicate-2
pb1	1650	7642	replicate-2
pb1	1651	7614	replicate-2
pb1	1652	7613	replicate-2
pb1	1653	7510	replicate-2
pb1	1654	7605	replicate-2
pb1	1655	7609	replicate-2
pb1	1656	7599	replicate-2
pb1	1657	7696	replicate-2
pb1	1658	7670	replicate-2
pb1	1659	7670	replicate-2
pb1	1660	7658	replicate-2
pb1	1661	7618	replicate-2
pb1	1662	7593	replicate-2
pb1	1663	7536	replicate-2
pb1	1664	7650	replicate-2
pb1	1665	7650	replicate-2
pb1	1666	7694	replicate-2
pb1	1667	7686	replicate-2
pb1	1668	7687	replicate-2
pb1	1669	7796	replicate-2
pb1	1670	7736	replicate-2
pb1	1671	7793	replicate-2
pb1	1672	7852	replicate-2
pb1	1673	7547	replicate-2
pb1	1674	7824	replicate-2
pb1	1675	7750	replicate-2
pb1	1676	7817	replicate-2
pb1	1677	7903	replicate-2
pb1	1678	7799	replicate-2
pb1	1679	7807	replicate-2
pb1	1680	7799	replicate-2
pb1	1681	7777	replicate-2
pb1	1682	7797	replicate-2
pb1	1683	7717	replicate-2
pb1	1684	8114	replicate-2
pb1	1685	8086	replicate-2
pb1	1686	8058	replicate-2
pb1	1687	8022	replicate-2
pb1	1688	8050	replicate-2
pb1	1689	8391	replicate-2
pb1	1690	8344	replicate-2
pb1	1691	8435	replicate-2
pb1	1692	8625	replicate-2
pb1	1693	8484	replicate-2
pb1	1694	8580	replicate-2
pb1	1695	8648	replicate-2
pb1	1696	8605	replicate-2
pb1	1697	8641	replicate-2
pb1	1698	8364	replicate-2
pb1	1699	8521	replicate-2
pb1	1700	8436	replicate-2
pb1	1701	8446	replicate-2
pb1	1702	8073	replicate-2
pb1	1703	8047	replicate-2
pb1	1704	8120	replicate-2
pb1	1705	8118	replicate-2
pb1	1706	8116	replicate-2
pb1	1707	8299	replicate-2
pb1	1708	8285	replicate-2
pb1	1709	8272	replicate-2
pb1	1710	8285	replicate-2
pb1	1711	8270	replicate-2
pb1	1712	8367	replicate-2
pb1	1713	8219	replicate-2
pb1	1714	8385	replicate-2
pb1	1715	8418	replicate-2
pb1	1716	8090	replicate-2
pb1	1717	8132	replicate-2
pb1	1718	8093	replicate-2
pb1	1719	8104	replicate-2
pb1	1720	8030	replicate-2
pb1	1721	8035	replicate-2
pb1	1722	7946	replicate-2
pb1	1723	7948	replicate-2
pb1	1724	7800	replicate-2
pb1	1725	7903	replicate-2
pb1	1726	7952	replicate-2
pb1	1727	7960	replicate-2
pb1	1728	7970	replicate-2
pb1	1729	8035	replicate-2
pb1	1730	7964	replicate-2
pb1	1731	7987	replicate-2
pb1	1732	7988	replicate-2
pb1	1733	8056	replicate-2
pb1	1734	8016	replicate-2
pb1	1735	7967	replicate-2
pb1	1736	7969	replicate-2
pb1	1737	8078	replicate-2
pb1	1738	8056	replicate-2
pb1	1739	8116	replicate-2
pb1	1740	8116	replicate-2
pb1	1741	8151	replicate-2
pb1	1742	8217	replicate-2
pb1	1743	8194	replicate-2
pb1	1744	8169	replicate-2
pb1	1745	8189	replicate-2
pb1	1746	8164	replicate-2
pb1	1747	8168	replicate-2
pb1	1748	8109	replicate-2
pb1	1749	8113	replicate-2
pb1	1750	8118	replicate-2
pb1	1751	8060	replicate-2
pb1	1752	8264	replicate-2
pb1	1753	8263	replicate-2
pb1	1754	8239	replicate-2
pb1	1755	8242	replicate-2
pb1	1756	8185	replicate-2
pb1	1757	8131	replicate-2
pb1	1758	8146	replicate-2
pb1	1759	8140	replicate-2
pb1	1760	8098	replicate-2
pb1	1761	8127	replicate-2
pb1	1762	8100	replicate-2
pb1	1763	8132	replicate-2
pb1	1764	8148	replicate-2
pb1	1765	8354	replicate-2
pb1	1766	8299	replicate-2
pb1	1767	8224	replicate-2
pb1	1768	8206	replicate-2
pb1	1769	8036	replicate-2
pb1	1770	8061	replicate-2
pb1	1771	7800	replicate-2
pb1	1772	7801	replicate-2
pb1	1773	7747	replicate-2
pb1	1774	7486	replicate-2
pb1	1775	7702	replicate-2
pb1	1776	7750	replicate-2
pb1	1777	7756	replicate-2
pb1	1778	7815	replicate-2
pb1	1779	7699	replicate-2
pb1	1780	7737	replicate-2
pb1	1781	7776	replicate-2
pb1	1782	7797	replicate-2
pb1	1783	7805	replicate-2
pb1	1784	7689	replicate-2
pb1	1785	7476	replicate-2
pb1	1786	7537	replicate-2
pb1	1787	7565	replicate-2
pb1	1788	7531	replicate-2
pb1	1789	7603	replicate-2
pb1	1790	7420	replicate-2
pb1	1791	7495	replicate-2
pb1	1792	7450	replicate-2
pb1	1793	7472	replicate-2
pb1	1794	7504	replicate-2
pb1	1795	7568	replicate-2
pb1	1796	7507	replicate-2
pb1	1797	7656	replicate-2
pb1	1798	7590	replicate-2
pb1	1799	7620	replicate-2
pb1	1800	7500	replicate-2
pb1	1801	7510	replicate-2
pb1	1802	7558	replicate-2
pb1	1803	7538	replicate-2
pb1	1804	7387	replicate-2
pb1	1805	7388	replicate-2
pb1	1806	7302	replicate-2
pb1	1807	7375	replicate-2
pb1	1808	7451	replicate-2
pb1	1809	7443	replicate-2
pb1	1810	7450	replicate-2
pb1	1811	7383	replicate-2
pb1	1812	7331	replicate-2
pb1	1813	7904	replicate-2
pb1	1814	8163	replicate-2
pb1	1815	8242	replicate-2
pb1	1816	8425	replicate-2
pb1	1817	8186	replicate-2
pb1	1818	8292	replicate-2
pb1	1819	8390	replicate-2
pb1	1820	8429	replicate-2
pb1	1821	8454	replicate-2
pb1	1822	7719	replicate-2
pb1	1823	7610	replicate-2
pb1	1824	7599	replicate-2
pb1	1825	7359	replicate-2
pb1	1826	7377	replicate-2
pb1	1827	7299	replicate-2
pb1	1828	7303	replicate-2
pb1	1829	7295	replicate-2
pb1	1830	7353	replicate-2
pb1	1831	7370	replicate-2
pb1	1832	7236	replicate-2
pb1	1833	7166	replicate-2
pb1	1834	7434	replicate-2
pb1	1835	7439	replicate-2
pb1	1836	7703	replicate-2
pb1	1837	7721	replicate-2
pb1	1838	7775	replicate-2
pb1	1839	7735	replicate-2
pb1	1840	7750	replicate-2
pb1	1841	8496	replicate-2
pb1	1842	8512	replicate-2
pb1	1843	8372	replicate-2
pb1	1844	8294	replicate-2
pb1	1845	8115	replicate-2
pb1	1846	8135	replicate-2
pb1	1847	8125	replicate-2
pb1	1848	8224	replicate-2
pb1	1849	8329	replicate-2
pb1	1850	7807	replicate-2
pb1	1851	7887	replicate-2
pb1	1852	7854	replicate-2
pb1	1853	8009	replicate-2
pb1	1854	8004	replicate-2
pb1	1855	7981	replicate-2
pb1	1856	7975	replicate-2
pb1	1857	7997	replicate-2
pb1	1858	8004	replicate-2
pb1	1859	8036	replicate-2
pb1	1860	8075	replicate-2
pb1	1861	8021	replicate-2
pb1	1862	7998	replicate-2
pb1	1863	7981	replicate-2
pb1	1864	8052	replicate-2
pb1	1865	8082	replicate-2
pb1	1866	8046	replicate-2
pb1	1867	8164	replicate-2
pb1	1868	8150	replicate-2
pb1	1869	8181	replicate-2
pb1	1870	8177	replicate-2
pb1	1871	8163	replicate-2
pb1	1872	8144	replicate-2
pb1	1873	8123	replicate-2
pb1	1874	8139	replicate-2
pb1	1875	8159	replicate-2
pb1	1876	8094	replicate-2
pb1	1877	8212	replicate-2
pb1	1878	8171	replicate-2
pb1	1879	8177	replicate-2
pb1	1880	8138	replicate-2
pb1	1881	8137	replicate-2
pb1	1882	8304	replicate-2
pb1	1883	8323	replicate-2
pb1	1884	8373	replicate-2
pb1	1885	8369	replicate-2
pb1	1886	8058	replicate-2
pb1	1887	8118	replicate-2
pb1	1888	8167	replicate-2
pb1	1889	8165	replicate-2
pb1	1890	8155	replicate-2
pb1	1891	8044	replicate-2
pb1	1892	8120	replicate-2
pb1	1893	8182	replicate-2
pb1	1894	8178	replicate-2
pb1	1895	8237	replicate-2
pb1	1896	8723	replicate-2
pb1	1897	8658	replicate-2
pb1	1898	8732	replicate-2
pb1	1899	8721	replicate-2
pb1	1900	8653	replicate-2
pb1	1901	8575	replicate-2
pb1	1902	8393	replicate-2
pb1	1903	8605	replicate-2
pb1	1904	8637	replicate-2
pb1	1905	8243	replicate-2
pb1	1906	8251	replicate-2
pb1	1907	8228	replicate-2
pb1	1908	8226	replicate-2
pb1	1909	8019	replicate-2
pb1	1910	7978	replicate-2
pb1	1911	8001	replicate-2
pb1	1912	7826	replicate-2
pb1	1913	7758	replicate-2
pb1	1914	7759	replicate-2
pb1	1915	7795	replicate-2
pb1	1916	7818	replicate-2
pb1	1917	7824	replicate-2
pb1	1918	7836	replicate-2
pb1	1919	7774	replicate-2
pb1	1920	7768	replicate-2
pb1	1921	7695	replicate-2
pb1	1922	7924	replicate-2
pb1	1923	7948	replicate-2
pb1	1924	7907	replicate-2
pb1	1925	7884	replicate-2
pb1	1926	7883	replicate-2
pb1	1927	7847	replicate-2
pb1	1928	7912	replicate-2
pb1	1929	7866	replicate-2
pb1	1930	8034	replicate-2
pb1	1931	7682	replicate-2
pb1	1932	7651	replicate-2
pb1	1933	7644	replicate-2
pb1	1934	7652	replicate-2
pb1	1935	7615	replicate-2
pb1	1936	7635	replicate-2
pb1	1937	7516	replicate-2
pb1	1938	7649	replicate-2
pb1	1939	7570	replicate-2
pb1	1940	7680	replicate-2
pb1	1941	7669	replicate-2
pb1	1942	7700	replicate-2
pb1	1943	7719	replicate-2
pb1	1944	7975	replicate-2
pb1	1945	7973	replicate-2
pb1	1946	8021	replicate-2
pb1	1947	8060	replicate-2
pb1	1948	7808	replicate-2
pb1	1949	8019	replicate-2
pb1	1950	7978	replicate-2
pb1	1951	8061	replicate-2
pb1	1952	8065	replicate-2
pb1	1953	7799	replicate-2
pb1	1954	7900	replicate-2
pb1	1955	7844	replicate-2
pb1	1956	8018	replicate-2
pb1	1957	8044	replicate-2
pb1	1958	7827	replicate-2
pb1	1959	7956	replicate-2
pb1	1960	7875	replicate-2
pb1	1961	7872	replicate-2
pb1	1962	7883	replicate-2
pb1	1963	7775	replicate-2
pb1	1964	7714	replicate-2
pb1	1965	7576	replicate-2
pb1	1966	7625	replicate-2
pb1	1967	7671	replicate-2
pb1	1968	7662	replicate-2
pb1	1969	7613	replicate-2
pb1	1970	7576	replicate-2
pb1	1971	7601	replicate-2
pb1	1972	7618	replicate-2
pb1	1973	7836	replicate-2
pb1	1974	7800	replicate-2
pb1	1975	7760	replicate-2
pb1	1976	7732	replicate-2
pb1	1977	7776	replicate-2
pb1	1978	7910	replicate-2
pb1	1979	7918	replicate-2
pb1	1980	7927	replicate-2
pb1	1981	7895	replicate-2
pb1	1982	7718	replicate-2
pb1	1983	7718	replicate-2
pb1	1984	7741	replicate-2
pb1	1985	7788	replicate-2
pb1	1986	7702	replicate-2
pb1	1987	7640	replicate-2
pb1	1988	7630	replicate-2
pb1	1989	7650	replicate-2
pb1	1990	8316	replicate-2
pb1	1991	8296	replicate-2
pb1	1992	8443	replicate-2
pb1	1993	8418	replicate-2
pb1	1994	8307	replicate-2
pb1	1995	8295	replicate-2
pb1	1996	8272	replicate-2
pb1	1997	8271	replicate-2
pb1	1998	8237	replicate-2
pb1	1999	7698	replicate-2
pb1	2000	7718	replicate-2
pb1	2001	7627	replicate-2
pb1	2002	7657	replicate-2
pb1	2003	7633	replicate-2
pb1	2004	7649	replicate-2
pb1	2005	7685	replicate-2
pb1	2006	7798	replicate-2
pb1	2007	7747	replicate-2
pb1	2008	7993	replicate-2
pb1	2009	8065	replicate-2
pb1	2010	7990	replicate-2
pb1	2011	8021	replicate-2
pb1	2012	8008	replicate-2
pb1	2013	7957	replicate-2
pb1	2014	8063	replicate-2
pb1	2015	7835	replicate-2
pb1	2016	8505	replicate-2
pb1	2017	8361	replicate-2
pb1	2018	8402	replicate-2
pb1	2019	8361	replicate-2
pb1	2020	8331	replicate-2
pb1	2021	8354	replicate-2
pb1	2022	8357	replicate-2
pb1	2023	8240	replicate-2
pb1	2024	8248	replicate-2
pb1	2025	7741	replicate-2
pb1	2026	8061	replicate-2
pb1	2027	8011	replicate-2
pb1	2028	8003	replicate-2
pb1	2029	8046	replicate-2
pb1	2030	8080	replicate-2
pb1	2031	8084	replicate-2
pb1	2032	8081	replicate-2
pb1	2033	8060	replicate-2
pb1	2034	8152	replicate-2
pb1	2035	7882	replicate-2
pb1	2036	7893	replicate-2
pb1	2037	7915	replicate-2
pb1	2038	7929	replicate-2
pb1	2039	8115	replicate-2
pb1	2040	8122	replicate-2
pb1	2041	8148	replicate-2
pb1	2042	8139	replicate-2
pb1	2043	8040	replicate-2
pb1	2044	8156	replicate-2
pb1	2045	8176	replicate-2
pb1	2046	8597	replicate-2
pb1	2047	8936	replicate-2
pb1	2048	8741	replicate-2
pb1	2049	8850	replicate-2
pb1	2050	8854	replicate-2
pb1	2051	8942	replicate-2
pb1	2052	8935	replicate-2
pb1	2053	8847	replicate-2
pb1	2054	8853	replicate-2
pb1	2055	8522	replicate-2
pb1	2056	8287	replicate-2
pb1	2057	8487	replicate-2
pb1	2058	8449	replicate-2
pb1	2059	8504	replicate-2
pb1	2060	8436	replicate-2
pb1	2061	8464	replicate-2
pb1	2062	8468	replicate-2
pb1	2063	8530	replicate-2
pb1	2064	8570	replicate-2
pb1	2065	8516	replicate-2
pb1	2066	8484	replicate-2
pb1	2067	8455	replicate-2
pb1	2068	8508	replicate-2
pb1	2069	8546	replicate-2
pb1	2070	8583	replicate-2
pb1	2071	8596	replicate-2
pb1	2072	8502	replicate-2
pb1	2073	8480	replicate-2
pb1	2074	8495	replicate-2
pb1	2075	8496	replicate-2
pb1	2076	8556	replicate-2
pb1	2077	8541	replicate-2
pb1	2078	8519	replicate-2
pb1	2079	8448	replicate-2
pb1	2080	8559	replicate-2
pb1	2081	8516	replicate-2
pb1	2082	8496	replicate-2
pb1	2083	8545	replicate-2
pb1	2084	8458	replicate-2
pb1	2085	8561	replicate-2
pb1	2086	8513	replicate-2
pb1	2087	8508	replicate-2
pb1	2088	8538	replicate-2
pb1	2089	8460	replicate-2
pb1	2090	8487	replicate-2
pb1	2091	8523	replicate-2
pb1	2092	8440	replicate-2
pb1	2093	8375	replicate-2
pb1	2094	8346	replicate-2
pb1	2095	8263	replicate-2
pb1	2096	8240	replicate-2
pb1	2097	8229	replicate-2
pb1	2098	8163	replicate-2
pb1	2099	8131	replicate-2
pb1	2100	8090	replicate-2
pb1	2101	8017	replicate-2
pb1	2102	8035	replicate-2
pb1	2103	8002	replicate-2
pb1	2104	7953	replicate-2
pb1	2105	8002	replicate-2
pb1	2106	7929	replicate-2
pb1	2107	8019	replicate-2
pb1	2108	7916	replicate-2
pb1	2109	7952	replicate-2
pb1	2110	7950	replicate-2
pb1	2111	7957	replicate-2
pb1	2112	7977	replicate-2
pb1	2113	7970	replicate-2
pb1	2114	7861	replicate-2
pb1	2115	7860	replicate-2
pb1	2116	7684	replicate-2
pb1	2117	7655	replicate-2
pb1	2118	7533	replicate-2
pb1	2119	7577	replicate-2
pb1	2120	7595	replicate-2
pb1	2121	7622	replicate-2
pb1	2122	7591	replicate-2
pb1	2123	7611	replicate-2
pb1	2124	7662	replicate-2
pb1	2125	7648	replicate-2
pb1	2126	7667	replicate-2
pb1	2127	7670	replicate-2
pb1	2128	7541	replicate-2
pb1	2129	7638	replicate-2
pb1	2130	7687	replicate-2
pb1	2131	7909	replicate-2
pb1	2132	7958	replicate-2
pb1	2133	7842	replicate-2
pb1	2134	8119	replicate-2
pb1	2135	8098	replicate-2
pb1	2136	8067	replicate-2
pb1	2137	8071	replicate-2
pb1	2138	7863	replicate-2
pb1	2139	7902	replicate-2
pb1	2140	7108	replicate-2
pb1	2141	7083	replicate-2
pb1	2142	7072	replicate-2
pb1	2143	6551	replicate-2
pb1	2144	6545	replicate-2
pb1	2145	6289	replicate-2
pb1	2146	6326	replicate-2
pb1	2147	6290	replicate-2
pb1	2148	6135	replicate-2
pb1	2149	6178	replicate-2
pb1	2150	6131	replicate-2
pb1	2151	6140	replicate-2
pb1	2152	6175	replicate-2
pb1	2153	6190	replicate-2
pb1	2154	6207	replicate-2
pb1	2155	6212	replicate-2
pb1	2156	6137	replicate-2
pb1	2157	6143	replicate-2
pb1	2158	6139	replicate-2
pb1	2159	6109	replicate-2
pb1	2160	6104	replicate-2
pb1	2161	6062	replicate-2
pb1	2162	6139	replicate-2
pb1	2163	6129	replicate-2
pb1	2164	6107	replicate-2
pb1	2165	6127	replicate-2
pb1	2166	6125	replicate-2
pb1	2167	6232	replicate-2
pb1	2168	6210	replicate-2
pb1	2169	6238	replicate-2
pb1	2170	6245	replicate-2
pb1	2171	6156	replicate-2
pb1	2172	6200	replicate-2
pb1	2173	6207	replicate-2
pb1	2174	6203	replicate-2
pb1	2175	6142	replicate-2
pb1	2176	5950	replicate-2
pb1	2177	5927	replicate-2
pb1	2178	5990	replicate-2
pb1	2179	6086	replicate-2
pb1	2180	5936	replicate-2
pb1	2181	6114	replicate-2
pb1	2182	6056	replicate-2
pb1	2183	6029	replicate-2
pb1	2184	6024	replicate-2
pb1	2185	5957	replicate-2
pb1	2186	5959	replicate-2
pb1	2187	5885	replicate-2
pb1	2188	5842	replicate-2
pb1	2189	5781	replicate-2
pb1	2190	5813	replicate-2
pb1	2191	5680	replicate-2
pb1	2192	5708	replicate-2
pb1	2193	5760	replicate-2
pb1	2194	5768	replicate-2
pb1	2195	5753	replicate-2
pb1	2196	5640	replicate-2
pb1	2197	5588	replicate-2
pb1	2198	5562	replicate-2
pb1	2199	5578	replicate-2
pb1	2200	5581	replicate-2
pb1	2201	5523	replicate-2
pb1	2202	5466	replicate-2
pb1	2203	5512	replicate-2
pb1	2204	5507	replicate-2
pb1	2205	5620	replicate-2
pb1	2206	5603	replicate-2
pb1	2207	5555	replicate-2
pb1	2208	5524	replicate-2
pb1	2209	5621	replicate-2
pb1	2210	5598	replicate-2
pb1	2211	5607	replicate-2
pb1	2212	5551	replicate-2
pb1	2213	5571	replicate-2
pb1	2214	5409	replicate-2
pb1	2215	5413	replicate-2
pb1	2216	5457	replicate-2
pb1	2217	5453	replicate-2
pb1	2218	5288	replicate-2
pb1	2219	5278	replicate-2
pb1	2220	5261	replicate-2
pb1	2221	5271	replicate-2
pb1	2222	5277	replicate-2
pb1	2223	5275	replicate-2
pb1	2224	5261	replicate-2
pb1	2225	5163	replicate-2
pb1	2226	5198	replicate-2
pb1	2227	5202	replicate-2
pb1	2228	5178	replicate-2
pb1	2229	5181	replicate-2
pb1	2230	5133	replicate-2
pb1	2231	5150	replicate-2
pb1	2232	5140	replicate-2
pb1	2233	5165	replicate-2
pb1	2234	5124	replicate-2
pb1	2235	4956	replicate-2
pb1	2236	4922	replicate-2
pb1	2237	4919	replicate-2
pb1	2238	4900	replicate-2
pb1	2239	4953	replicate-2
pb1	2240	4876	replicate-2
pb1	2241	4879	replicate-2
pb1	2242	4759	replicate-2
pb1	2243	4780	replicate-2
pb1	2244	4775	replicate-2
pb1	2245	4789	replicate-2
pb1	2246	4783	replicate-2
pb1	2247	4779	replicate-2
pb1	2248	4784	replicate-2
pb1	2249	4611	replicate-2
pb1	2250	4667	replicate-2
pb1	2251	4651	replicate-2
pb1	2252	4648	replicate-2
pb1	2253	4651	replicate-2
pb1	2254	4664	replicate-2
pb1	2255	4660	replicate-2
pb1	2256	4654	replicate-2
pb1	2257	4639	replicate-2
pb1	2258	4597	replicate-2
pb1	2259	4452	replicate-2
pb1	2260	4340	replicate-2
pb1	2261	4324	replicate-2
pb1	2262	4315	replicate-2
pb1	2263	4096	replicate-2
pb1	2264	4149	replicate-2
pb1	2265	4141	replicate-2
pb1	2266	4146	replicate-2
pb1	2267	4147	replicate-2
pb1	2268	4019	replicate-2
pb1	2269	3991	replicate-2
pb1	2270	4065	replicate-2
pb1	2271	3946	replicate-2
pb1	2272	3919	replicate-2
pb1	2273	3805	replicate-2
pb1	2274	3754	replicate-2
pb1	2275	3750	replicate-2
pb1	2276	3718	replicate-2
pb1	2277	3696	replicate-2
pb1	2278	3689	replicate-2
pb1	2279	3233	replicate-2
pb1	2280	3236	replicate-2
pb1	2281	3118	replicate-2
pb1	2282	3083	replicate-2
pb1	2283	3086	replicate-2
pb1	2284	3019	replicate-2
pb1	2285	2999	replicate-2
pb1	2286	2983	replicate-2
pb1	2287	2953	replicate-2
pb1	2288	2919	replicate-2
pb1	2289	2855	replicate-2
pb1	2290	2848	replicate-2
pb1	2291	2829	replicate-2
pb1	2292	2823	replicate-2
pb1	2293	2827	replicate-2
pb1	2294	2801	replicate-2
pb1	2295	2784	replicate-2
pb1	2296	2757	replicate-2
pb1	2297	2596	replicate-2
pb1	2298	2593	replicate-2
pb1	2299	2456	replicate-2
pb1	2300	2453	replicate-2
pb1	2301	2422	replicate-2
pb1	2302	2401	replicate-2
pb1	2303	2394	replicate-2
pb1	2304	2314	replicate-2
pb1	2305	2302	replicate-2
pb1	2306	2270	replicate-2
pb1	2307	2266	replicate-2
pb1	2308	2250	replicate-2
pb1	2309	1998	replicate-2
pb1	2310	1888	replicate-2
pb1	2311	1883	replicate-2
pb1	2312	1876	replicate-2
pb1	2313	1872	replicate-2
pb1	2314	1856	replicate-2
pb1	2315	1716	replicate-2
pb1	2316	1709	replicate-2
pb1	2317	1704	replicate-2
pb1	2318	1701	replicate-2
pb1	2319	1692	replicate-2
pb1	2320	1632	replicate-2
pb1	2321	1611	replicate-2
pb1	2322	1590	replicate-2
pb1	2323	1567	replicate-2
pb1	2324	1556	replicate-2
pb1	2325	1520	replicate-2
pb1	2326	1506	replicate-2
pb1	2327	1491	replicate-2
pb1	2328	1475	replicate-2
pb1	2329	1458	replicate-2
pb1	2330	1381	replicate-2
pb1	2331	1369	replicate-2
pb1	2332	1348	replicate-2
pb1	2333	1347	replicate-2
pb1	2334	1333	replicate-2
pb1	2335	1320	replicate-2
pb1	2336	1313	replicate-2
pb1	2337	1161	replicate-2
pb1	2338	1139	replicate-2
pb1	2339	1133	replicate-2
pb1	2340	1128	replicate-2
pb1	2341	507	replicate-2
ns	1	5212	replicate-1
ns	2	6569	replicate-1
ns	3	6598	replicate-1
ns	4	6624	replicate-1
ns	5	7401	replicate-1
ns	6	7503	replicate-1
ns	7	7535	replicate-1
ns	8	7572	replicate-1
ns	9	7634	replicate-1
ns	10	7646	replicate-1
ns	11	7802	replicate-1
ns	12	7863	replicate-1
ns	13	7926	replicate-1
ns	14	7942	replicate-1
ns	15	8342	replicate-1
ns	16	8412	replicate-1
ns	17	8729	replicate-1
ns	18	8747	replicate-1
ns	19	8771	replicate-1
ns	20	8958	replicate-1
ns	21	9130	replicate-1
ns	22	10338	replicate-1
ns	23	10641	replicate-1
ns	24	10682	replicate-1
ns	25	10750	replicate-1
ns	26	10856	replicate-1
ns	27	10981	replicate-1
ns	28	11021	replicate-1
ns	29	11515	replicate-1
ns	30	12009	replicate-1
ns	31	12718	replicate-1
ns	32	19713	replicate-1
ns	33	19894	replicate-1
ns	34	20492	replicate-1
ns	35	20539	replicate-1
ns	36	20583	replicate-1
ns	37	20971	replicate-1
ns	38	21058	replicate-1
ns	39	21114	replicate-1
ns	40	21191	replicate-1
ns	41	21229	replicate-1
ns	42	22879	replicate-1
ns	43	22928	replicate-1
ns	44	23203	replicate-1
ns	45	23239	replicate-1
ns	46	23312	replicate-1
ns	47	23360	replicate-1
ns	48	23406	replicate-1
ns	49	23760	replicate-1
ns	50	24212	replicate-1
ns	51	24100	replicate-1
ns	52	24404	replicate-1
ns	53	24437	replicate-1
ns	54	25073	replicate-1
ns	55	25102	replicate-1
ns	56	25281	replicate-1
ns	57	25358	replicate-1
ns	58	25324	replicate-1
ns	59	25297	replicate-1
ns	60	25491	replicate-1
ns	61	25427	replicate-1
ns	62	25528	replicate-1
ns	63	25330	replicate-1
ns	64	25817	replicate-1
ns	65	25694	replicate-1
ns	66	25633	replicate-1
ns	67	25862	replicate-1
ns	68	26183	replicate-1
ns	69	26394	replicate-1
ns	70	26355	replicate-1
ns	71	26369	replicate-1
ns	72	26426	replicate-1
ns	73	26440	replicate-1
ns	74	26472	replicate-1
ns	75	26443	replicate-1
ns	76	26376	replicate-1
ns	77	26313	replicate-1
ns	78	26549	replicate-1
ns	79	26567	replicate-1
ns	80	26629	replicate-1
ns	81	26610	replicate-1
ns	82	26568	replicate-1
ns	83	26493	replicate-1
ns	84	26384	replicate-1
ns	85	26241	replicate-1
ns	86	26054	replicate-1
ns	87	26118	replicate-1
ns	88	26050	replicate-1
ns	89	25898	replicate-1
ns	90	25701	replicate-1
ns	91	25824	replicate-1
ns	92	25772	replicate-1
ns	93	25700	replicate-1
ns	94	25545	replicate-1
ns	95	25298	replicate-1
ns	96	25373	replicate-1
ns	97	25433	replicate-1
ns	98	25689	replicate-1
ns	99	25442	replicate-1
ns	100	25157	replicate-1
ns	101	24952	replicate-1
ns	102	25663	replicate-1
ns	103	25350	replicate-1
ns	104	25143	replicate-1
ns	105	25052	replicate-1
ns	106	24212	replicate-1
ns	107	24347	replicate-1
ns	108	24318	replicate-1
ns	109	24586	replicate-1
ns	110	24373	replicate-1
ns	111	24117	replicate-1
ns	112	23954	replicate-1
ns	113	23866	replicate-1
ns	114	24163	replicate-1
ns	115	24327	replicate-1
ns	116	24059	replicate-1
ns	117	23915	replicate-1
ns	118	23564	replicate-1
ns	119	23330	replicate-1
ns	120	23848	replicate-1
ns	121	24184	replicate-1
ns	122	24336	replicate-1
ns	123	23923	replicate-1
ns	124	23634	replicate-1
ns	125	23465	replicate-1
ns	126	23212	replicate-1
ns	127	22708	replicate-1
ns	128	22581	replicate-1
ns	129	21448	replicate-1
ns	130	21209	replicate-1
ns	131	21222	replicate-1
ns	132	21172	replicate-1
ns	133	21016	replicate-1
ns	134	21076	replicate-1
ns	135	21173	replicate-1
ns	136	21271	replicate-1
ns	137	21261	replicate-1
ns	138	21199	replicate-1
ns	139	21006	replicate-1
ns	140	20980	replicate-1
ns	141	21401	replicate-1
ns	142	21317	replicate-1
ns	143	21327	replicate-1
ns	144	21477	replicate-1
ns	145	21320	replicate-1
ns	146	21342	replicate-1
ns	147	21216	replicate-1
ns	148	21080	replicate-1
ns	149	20894	replicate-1
ns	150	20503	replicate-1
ns	151	20580	replicate-1
ns	152	20468	replicate-1
ns	153	20329	replicate-1
ns	154	20222	replicate-1
ns	155	20225	replicate-1
ns	156	20034	replicate-1
ns	157	20393	replicate-1
ns	158	20187	replicate-1
ns	159	20213	replicate-1
ns	160	20181	replicate-1
ns	161	19903	replicate-1
ns	162	19800	replicate-1
ns	163	19803	replicate-1
ns	164	19719	replicate-1
ns	165	19739	replicate-1
ns	166	19511	replicate-1
ns	167	19461	replicate-1
ns	168	19081	replicate-1
ns	169	19208	replicate-1
ns	170	19248	replicate-1
ns	171	19023	replicate-1
ns	172	20277	replicate-1
ns	173	19962	replicate-1
ns	174	20149	replicate-1
ns	175	19815	replicate-1
ns	176	19873	replicate-1
ns	177	20419	replicate-1
ns	178	20354	replicate-1
ns	179	20193	replicate-1
ns	180	19935	replicate-1
ns	181	19012	replicate-1
ns	182	19324	replicate-1
ns	183	19402	replicate-1
ns	184	19370	replicate-1
ns	185	19663	replicate-1
ns	186	19290	replicate-1
ns	187	19349	replicate-1
ns	188	19393	replicate-1
ns	189	19433	replicate-1
ns	190	19531	replicate-1
ns	191	19263	replicate-1
ns	192	19246	replicate-1
ns	193	19323	replicate-1
ns	194	18900	replicate-1
ns	195	18972	replicate-1
ns	196	18932	replicate-1
ns	197	18927	replicate-1
ns	198	18860	replicate-1
ns	199	18980	replicate-1
ns	200	19021	replicate-1
ns	201	18995	replicate-1
ns	202	19175	replicate-1
ns	203	19096	replicate-1
ns	204	19313	replicate-1
ns	205	19408	replicate-1
ns	206	19461	replicate-1
ns	207	19738	replicate-1
ns	208	19695	replicate-1
ns	209	19849	replicate-1
ns	210	19803	replicate-1
ns	211	19568	replicate-1
ns	212	19941	replicate-1
ns	213	20009	replicate-1
ns	214	20147	replicate-1
ns	215	20351	replicate-1
ns	216	20070	replicate-1
ns	217	20194	replicate-1
ns	218	19952	replicate-1
ns	219	20409	replicate-1
ns	220	20313	replicate-1
ns	221	19983	replicate-1
ns	222	20165	replicate-1
ns	223	19615	replicate-1
ns	224	19700	replicate-1
ns	225	19650	replicate-1
ns	226	19692	replicate-1
ns	227	20235	replicate-1
ns	228	20049	replicate-1
ns	229	20136	replicate-1
ns	230	20289	replicate-1
ns	231	20552	replicate-1
ns	232	20570	replicate-1
ns	233	20770	replicate-1
ns	234	20835	replicate-1
ns	235	20619	replicate-1
ns	236	19563	replicate-1
ns	237	19760	replicate-1
ns	238	19784	replicate-1
ns	239	19771	replicate-1
ns	240	20067	replicate-1
ns	241	19953	replicate-1
ns	242	20238	replicate-1
ns	243	20250	replicate-1
ns	244	20467	replicate-1
ns	245	20419	replicate-1
ns	246	20553	replicate-1
ns	247	20608	replicate-1
ns	248	20672	replicate-1
ns	249	20299	replicate-1
ns	250	20379	replicate-1
ns	251	20257	replicate-1
ns	252	20325	replicate-1
ns	253	20212	replicate-1
ns	254	20253	replicate-1
ns	255	21164	replicate-1
ns	256	21153	replicate-1
ns	257	21513	replicate-1
ns	258	21633	replicate-1
ns	259	21675	replicate-1
ns	260	21702	replicate-1
ns	261	21675	replicate-1
ns	262	21778	replicate-1
ns	263	21892	replicate-1
ns	264	21241	replicate-1
ns	265	22119	replicate-1
ns	266	21919	replicate-1
ns	267	21959	replicate-1
ns	268	22009	replicate-1
ns	269	22193	replicate-1
ns	270	22442	replicate-1
ns	271	22451	replicate-1
ns	272	22544	replicate-1
ns	273	22412	replicate-1
ns	274	22187	replicate-1
ns	275	21881	replicate-1
ns	276	22121	replicate-1
ns	277	22250	replicate-1
ns	278	22380	replicate-1
ns	279	22458	replicate-1
ns	280	22435	replicate-1
ns	281	22316	replicate-1
ns	282	22652	replicate-1
ns	283	22727	replicate-1
ns	284	22597	replicate-1
ns	285	22660	replicate-1
ns	286	22787	replicate-1
ns	287	22665	replicate-1
ns	288	22765	replicate-1
ns	289	22819	replicate-1
ns	290	23379	replicate-1
ns	291	23026	replicate-1
ns	292	24789	replicate-1
ns	293	25122	replicate-1
ns	294	25229	replicate-1
ns	295	25317	replicate-1
ns	296	25559	replicate-1
ns	297	25660	replicate-1
ns	298	25754	replicate-1
ns	299	25196	replicate-1
ns	300	25565	replicate-1
ns	301	24699	replicate-1
ns	302	24846	replicate-1
ns	303	24817	replicate-1
ns	304	24751	replicate-1
ns	305	24750	replicate-1
ns	306	24796	replicate-1
ns	307	25892	replicate-1
ns	308	25863	replicate-1
ns	309	26274	replicate-1
ns	310	26174	replicate-1
ns	311	26190	replicate-1
ns	312	26336	replicate-1
ns	313	26311	replicate-1
ns	314	26451	replicate-1
ns	315	26431	replicate-1
ns	316	25064	replicate-1
ns	317	25544	replicate-1
ns	318	24869	replicate-1
ns	319	25303	replicate-1
ns	320	26369	replicate-1
ns	321	26475	replicate-1
ns	322	26729	replicate-1
ns	323	26753	replicate-1
ns	324	26858	replicate-1
ns	325	26972	replicate-1
ns	326	27035	replicate-1
ns	327	27097	replicate-1
ns	328	26480	replicate-1
ns	329	26443	replicate-1
ns	330	25524	replicate-1
ns	331	26863	replicate-1
ns	332	27820	replicate-1
ns	333	27878	replicate-1
ns	334	28079	replicate-1
ns	335	28079	replicate-1
ns	336	28042	replicate-1
ns	337	28092	replicate-1
ns	338	28298	replicate-1
ns	339	28470	replicate-1
ns	340	27357	replicate-1
ns	341	26708	replicate-1
ns	342	26489	replicate-1
ns	343	26812	replicate-1
ns	344	26937	replicate-1
ns	345	27140	replicate-1
ns	346	27065	replicate-1
ns	347	26930	replicate-1
ns	348	26696	replicate-1
ns	349	26747	replicate-1
ns	350	26633	replicate-1
ns	351	26626	replicate-1
ns	352	26107	replicate-1
ns	353	26235	replicate-1
ns	354	25895	replicate-1
ns	355	25923	replicate-1
ns	356	25889	replicate-1
ns	357	26180	replicate-1
ns	358	26023	replicate-1
ns	359	26023	replicate-1
ns	360	26107	replicate-1
ns	361	26078	replicate-1
ns	362	25824	replicate-1
ns	363	25879	replicate-1
ns	364	26114	replicate-1
ns	365	26014	replicate-1
ns	366	25633	replicate-1
ns	367	25767	replicate-1
ns	368	25749	replicate-1
ns	369	25844	replicate-1
ns	370	25669	replicate-1
ns	371	25748	replicate-1
ns	372	25664	replicate-1
ns	373	25556	replicate-1
ns	374	25787	replicate-1
ns	375	25690	replicate-1
ns	376	25599	replicate-1
ns	377	25467	replicate-1
ns	378	25556	replicate-1
ns	379	26526	replicate-1
ns	380	26330	replicate-1
ns	381	26248	replicate-1
ns	382	25943	replicate-1
ns	383	25624	replicate-1
ns	384	25888	replicate-1
ns	385	25662	replicate-1
ns	386	25711	replicate-1
ns	387	24663	replicate-1
ns	388	23756	replicate-1
ns	389	25480	replicate-1
ns	390	25581	replicate-1
ns	391	25657	replicate-1
ns	392	24910	replicate-1
ns	393	24314	replicate-1
ns	394	24168	replicate-1
ns	395	23679	replicate-1
ns	396	23583	replicate-1
ns	397	22651	replicate-1
ns	398	21245	replicate-1
ns	399	21255	replicate-1
ns	400	20851	replicate-1
ns	401	20878	replicate-1
ns	402	20201	replicate-1
ns	403	20260	replicate-1
ns	404	20677	replicate-1
ns	405	20587	replicate-1
ns	406	21268	replicate-1
ns	407	20523	replicate-1
ns	408	21829	replicate-1
ns	409	21879	replicate-1
ns	410	21917	replicate-1
ns	411	22027	replicate-1
ns	412	22023	replicate-1
ns	413	22470	replicate-1
ns	414	22520	replicate-1
ns	415	22228	replicate-1
ns	416	22471	replicate-1
ns	417	21853	replicate-1
ns	418	22020	replicate-1
ns	419	21968	replicate-1
ns	420	22662	replicate-1
ns	421	22634	replicate-1
ns	422	22466	replicate-1
ns	423	22445	replicate-1
ns	424	22638	replicate-1
ns	425	23344	replicate-1
ns	426	23264	replicate-1
ns	427	23306	replicate-1
ns	428	23402	replicate-1
ns	429	23098	replicate-1
ns	430	23392	replicate-1
ns	431	23372	replicate-1
ns	432	23448	replicate-1
ns	433	23350	replicate-1
ns	434	23784	replicate-1
ns	435	24542	replicate-1
ns	436	24643	replicate-1
ns	437	24861	replicate-1
ns	438	25046	replicate-1
ns	439	25154	replicate-1
ns	440	25184	replicate-1
ns	441	25366	replicate-1
ns	442	25302	replicate-1
ns	443	25310	replicate-1
ns	444	24859	replicate-1
ns	445	24812	replicate-1
ns	446	25442	replicate-1
ns	447	25600	replicate-1
ns	448	25633	replicate-1
ns	449	25927	replicate-1
ns	450	26035	replicate-1
ns	451	25993	replicate-1
ns	452	25360	replicate-1
ns	453	25126	replicate-1
ns	454	30655	replicate-1
ns	455	30372	replicate-1
ns	456	30110	replicate-1
ns	457	30040	replicate-1
ns	458	30189	replicate-1
ns	459	31907	replicate-1
ns	460	31955	replicate-1
ns	461	32852	replicate-1
ns	462	32926	replicate-1
ns	463	30414	replicate-1
ns	464	33588	replicate-1
ns	465	33633	replicate-1
ns	466	33767	replicate-1
ns	467	33864	replicate-1
ns	468	33231	replicate-1
ns	469	33466	replicate-1
ns	470	33420	replicate-1
ns	471	33585	replicate-1
ns	472	33616	replicate-1
ns	473	33071	replicate-1
ns	474	33335	replicate-1
ns	475	33715	replicate-1
ns	476	33928	replicate-1
ns	477	34051	replicate-1
ns	478	34212	replicate-1
ns	479	34017	replicate-1
ns	480	34710	replicate-1
ns	481	34553	replicate-1
ns	482	34638	replicate-1
ns	483	34751	replicate-1
ns	484	34597	replicate-1
ns	485	34515	replicate-1
ns	486	34572	replicate-1
ns	487	35074	replicate-1
ns	488	34906	replicate-1
ns	489	34697	replicate-1
ns	490	34665	replicate-1
ns	491	34479	replicate-1
ns	492	34548	replicate-1
ns	493	34749	replicate-1
ns	494	34935	replicate-1
ns	495	35121	replicate-1
ns	496	34782	replicate-1
ns	497	34909	replicate-1
ns	498	35308	replicate-1
ns	499	35336	replicate-1
ns	500	35134	replicate-1
ns	501	35063	replicate-1
ns	502	34882	replicate-1
ns	503	35017	replicate-1
ns	504	34795	replicate-1
ns	505	34817	replicate-1
ns	506	34758	replicate-1
ns	507	34384	replicate-1
ns	508	34695	replicate-1
ns	509	34200	replicate-1
ns	510	35013	replicate-1
ns	511	34762	replicate-1
ns	512	34629	replicate-1
ns	513	34384	replicate-1
ns	514	34417	replicate-1
ns	515	34639	replicate-1
ns	516	34737	replicate-1
ns	517	34380	replicate-1
ns	518	34058	replicate-1
ns	519	33653	replicate-1
ns	520	34042	replicate-1
ns	521	33803	replicate-1
ns	522	35639	replicate-1
ns	523	36056	replicate-1
ns	524	36237	replicate-1
ns	525	36991	replicate-1
ns	526	36846	replicate-1
ns	527	36723	replicate-1
ns	528	37550	replicate-1
ns	529	37599	replicate-1
ns	530	38042	replicate-1
ns	531	37366	replicate-1
ns	532	39190	replicate-1
ns	533	39972	replicate-1
ns	534	40283	replicate-1
ns	535	42871	replicate-1
ns	536	42459	replicate-1
ns	537	41723	replicate-1
ns	538	41600	replicate-1
ns	539	40911	replicate-1
ns	540	40808	replicate-1
ns	541	38871	replicate-1
ns	542	38470	replicate-1
ns	543	38494	replicate-1
ns	544	36405	replicate-1
ns	545	36483	replicate-1
ns	546	36613	replicate-1
ns	547	36739	replicate-1
ns	548	37207	replicate-1
ns	549	37272	replicate-1
ns	550	37262	replicate-1
ns	551	37679	replicate-1
ns	552	37472	replicate-1
ns	553	37552	replicate-1
ns	554	37406	replicate-1
ns	555	37370	replicate-1
ns	556	37758	replicate-1
ns	557	37455	replicate-1
ns	558	37343	replicate-1
ns	559	37475	replicate-1
ns	560	37527	replicate-1
ns	561	37518	replicate-1
ns	562	37278	replicate-1
ns	563	37290	replicate-1
ns	564	37483	replicate-1
ns	565	37008	replicate-1
ns	566	37531	replicate-1
ns	567	37359	replicate-1
ns	568	37303	replicate-1
ns	569	37715	replicate-1
ns	570	37567	replicate-1
ns	571	37756	replicate-1
ns	572	37728	replicate-1
ns	573	37453	replicate-1
ns	574	37516	replicate-1
ns	575	37137	replicate-1
ns	576	37157	replicate-1
ns	577	37589	replicate-1
ns	578	37236	replicate-1
ns	579	38207	replicate-1
ns	580	38245	replicate-1
ns	581	38465	replicate-1
ns	582	39130	replicate-1
ns	583	39086	replicate-1
ns	584	38809	replicate-1
ns	585	38675	replicate-1
ns	586	38140	replicate-1
ns	587	38872	replicate-1
ns	588	37999	replicate-1
ns	589	38190	replicate-1
ns	590	40789	replicate-1
ns	591	41002	replicate-1
ns	592	40933	replicate-1
ns	593	40821	replicate-1
ns	594	40725	replicate-1
ns	595	40816	replicate-1
ns	596	40297	replicate-1
ns	597	39037	replicate-1
ns	598	39192	replicate-1
ns	599	35780	replicate-1
ns	600	37212	replicate-1
ns	601	37107	replicate-1
ns	602	37161	replicate-1
ns	603	37196	replicate-1
ns	604	36700	replicate-1
ns	605	36658	replicate-1
ns	606	36837	replicate-1
ns	607	36492	replicate-1
ns	608	37414	replicate-1
ns	609	35856	replicate-1
ns	610	35970	replicate-1
ns	611	35883	replicate-1
ns	612	35929	replicate-1
ns	613	35854	replicate-1
ns	614	35742	replicate-1
ns	615	35644	replicate-1
ns	616	35856	replicate-1
ns	617	34745	replicate-1
ns	618	36764	replicate-1
ns	619	36464	replicate-1
ns	620	37016	replicate-1
ns	621	37038	replicate-1
ns	622	36723	replicate-1
ns	623	36742	replicate-1
ns	624	35818	replicate-1
ns	625	35805	replicate-1
ns	626	35559	replicate-1
ns	627	33227	replicate-1
ns	628	33253	replicate-1
ns	629	33180	replicate-1
ns	630	33337	replicate-1
ns	631	33359	replicate-1
ns	632	33328	replicate-1
ns	633	33357	replicate-1
ns	634	33331	replicate-1
ns	635	33563	replicate-1
ns	636	33409	replicate-1
ns	637	33379	replicate-1
ns	638	33068	replicate-1
ns	639	32778	replicate-1
ns	640	33181	replicate-1
ns	641	33323	replicate-1
ns	642	33063	replicate-1
ns	643	34174	replicate-1
ns	644	33893	replicate-1
ns	645	33822	replicate-1
ns	646	33790	replicate-1
ns	647	33595	replicate-1
ns	648	33831	replicate-1
ns	649	32451	replicate-1
ns	650	32889	replicate-1
ns	651	32957	replicate-1
ns	652	31379	replicate-1
ns	653	31501	replicate-1
ns	654	31309	replicate-1
ns	655	31573	replicate-1
ns	656	31595	replicate-1
ns	657	31101	replicate-1
ns	658	31152	replicate-1
ns	659	29928	replicate-1
ns	660	30491	replicate-1
ns	661	30650	replicate-1
ns	662	30434	replicate-1
ns	663	30636	replicate-1
ns	664	30371	replicate-1
ns	665	30190	replicate-1
ns	666	30429	replicate-1
ns	667	30139	replicate-1
ns	668	30703	replicate-1
ns	669	29687	replicate-1
ns	670	30639	replicate-1
ns	671	30738	replicate-1
ns	672	31048	replicate-1
ns	673	31149	replicate-1
ns	674	30997	replicate-1
ns	675	31063	replicate-1
ns	676	30884	replicate-1
ns	677	30796	replicate-1
ns	678	30734	replicate-1
ns	679	29533	replicate-1
ns	680	29520	replicate-1
ns	681	29417	replicate-1
ns	682	29328	replicate-1
ns	683	29051	replicate-1
ns	684	29161	replicate-1
ns	685	29277	replicate-1
ns	686	29174	replicate-1
ns	687	29091	replicate-1
ns	688	29240	replicate-1
ns	689	29168	replicate-1
ns	690	29102	replicate-1
ns	691	29117	replicate-1
ns	692	29312	replicate-1
ns	693	29598	replicate-1
ns	694	29477	replicate-1
ns	695	29604	replicate-1
ns	696	29591	replicate-1
ns	697	30144	replicate-1
ns	698	30450	replicate-1
ns	699	30398	replicate-1
ns	700	30845	replicate-1
ns	701	30669	replicate-1
ns	702	30442	replicate-1
ns	703	30286	replicate-1
ns	704	30406	replicate-1
ns	705	30580	replicate-1
ns	706	30229	replicate-1
ns	707	30361	replicate-1
ns	708	30285	replicate-1
ns	709	30223	replicate-1
ns	710	30228	replicate-1
ns	711	30359	replicate-1
ns	712	30424	replicate-1
ns	713	30539	replicate-1
ns	714	30784	replicate-1
ns	715	30214	replicate-1
ns	716	30592	replicate-1
ns	717	30960	replicate-1
ns	718	31305	replicate-1
ns	719	31274	replicate-1
ns	720	31028	replicate-1
ns	721	31470	replicate-1
ns	722	31464	replicate-1
ns	723	30902	replicate-1
ns	724	30767	replicate-1
ns	725	31211	replicate-1
ns	726	31232	replicate-1
ns	727	31238	replicate-1
ns	728	31473	replicate-1
ns	729	31513	replicate-1
ns	730	30651	replicate-1
ns	731	30358	replicate-1
ns	732	30587	replicate-1
ns	733	30594	replicate-1
ns	734	30169	replicate-1
ns	735	31220	replicate-1
ns	736	31272	replicate-1
ns	737	31693	replicate-1
ns	738	31963	replicate-1
ns	739	32325	replicate-1
ns	740	32433	replicate-1
ns	741	32287	replicate-1
ns	742	32461	replicate-1
ns	743	32503	replicate-1
ns	744	31124	replicate-1
ns	745	31618	replicate-1
ns	746	31269	replicate-1
ns	747	31806	replicate-1
ns	748	31865	replicate-1
ns	749	32066	replicate-1
ns	750	32403	replicate-1
ns	751	32442	replicate-1
ns	752	32452	replicate-1
ns	753	32520	replicate-1
ns	754	31582	replicate-1
ns	755	32817	replicate-1
ns	756	32793	replicate-1
ns	757	32906	replicate-1
ns	758	33131	replicate-1
ns	759	33450	replicate-1
ns	760	33472	replicate-1
ns	761	33918	replicate-1
ns	762	34137	replicate-1
ns	763	33704	replicate-1
ns	764	32328	replicate-1
ns	765	32302	replicate-1
ns	766	32892	replicate-1
ns	767	32963	replicate-1
ns	768	32452	replicate-1
ns	769	32466	replicate-1
ns	770	31381	replicate-1
ns	771	31743	replicate-1
ns	772	31646	replicate-1
ns	773	31255	replicate-1
ns	774	31355	replicate-1
ns	775	30468	replicate-1
ns	776	30985	replicate-1
ns	777	31016	replicate-1
ns	778	31246	replicate-1
ns	779	31645	replicate-1
ns	780	31037	replicate-1
ns	781	31178	replicate-1
ns	782	31175	replicate-1
ns	783	31140	replicate-1
ns	784	31211	replicate-1
ns	785	29816	replicate-1
ns	786	30114	replicate-1
ns	787	29996	replicate-1
ns	788	29931	replicate-1
ns	789	29926	replicate-1
ns	790	29972	replicate-1
ns	791	30316	replicate-1
ns	792	30302	replicate-1
ns	793	30245	replicate-1
ns	794	30595	replicate-1
ns	795	30142	replicate-1
ns	796	30225	replicate-1
ns	797	30246	replicate-1
ns	798	30413	replicate-1
ns	799	30224	replicate-1
ns	800	29273	replicate-1
ns	801	29280	replicate-1
ns	802	29447	replicate-1
ns	803	30485	replicate-1
ns	804	30442	replicate-1
ns	805	30266	replicate-1
ns	806	30408	replicate-1
ns	807	30469	replicate-1
ns	808	30720	replicate-1
ns	809	30552	replicate-1
ns	810	30465	replicate-1
ns	811	30353	replicate-1
ns	812	25103	replicate-1
ns	813	25095	replicate-1
ns	814	24932	replicate-1
ns	815	24979	replicate-1
ns	816	25477	replicate-1
ns	817	24619	replicate-1
ns	818	24591	replicate-1
ns	819	24423	replicate-1
ns	820	24190	replicate-1
ns	821	24404	replicate-1
ns	822	24331	replicate-1
ns	823	24369	replicate-1
ns	824	24281	replicate-1
ns	825	22468	replicate-1
ns	826	22613	replicate-1
ns	827	22569	replicate-1
ns	828	22596	replicate-1
ns	829	22451	replicate-1
ns	830	20729	replicate-1
ns	831	20729	replicate-1
ns	832	20681	replicate-1
ns	833	20443	replicate-1
ns	834	20767	replicate-1
ns	835	19386	replicate-1
ns	836	19304	replicate-1
ns	837	19147	replicate-1
ns	838	19105	replicate-1
ns	839	19115	replicate-1
ns	840	18762	replicate-1
ns	841	18475	replicate-1
ns	842	18252	replicate-1
ns	843	15936	replicate-1
ns	844	15853	replicate-1
ns	845	15813	replicate-1
ns	846	15782	replicate-1
ns	847	15727	replicate-1
ns	848	15145	replicate-1
ns	849	15070	replicate-1
ns	850	14944	replicate-1
ns	851	14848	replicate-1
ns	852	14812	replicate-1
ns	853	14754	replicate-1
ns	854	14595	replicate-1
ns	855	14569	replicate-1
ns	856	14541	replicate-1
ns	857	14095	replicate-1
ns	858	13940	replicate-1
ns	859	13708	replicate-1
ns	860	13681	replicate-1
ns	861	13636	replicate-1
ns	862	13517	replicate-1
ns	863	12934	replicate-1
ns	864	12636	replicate-1
ns	865	12290	replicate-1
ns	866	12189	replicate-1
ns	867	11827	replicate-1
ns	868	10974	replicate-1
ns	869	10756	replicate-1
ns	870	10719	replicate-1
ns	871	10656	replicate-1
ns	872	10596	replicate-1
ns	873	10442	replicate-1
ns	874	10333	replicate-1
ns	875	10280	replicate-1
ns	876	9384	replicate-1
ns	877	9358	replicate-1
ns	878	9118	replicate-1
ns	879	8933	replicate-1
ns	880	8717	replicate-1
ns	881	8552	replicate-1
ns	882	8534	replicate-1
ns	883	8356	replicate-1
ns	884	8300	replicate-1
ns	885	8209	replicate-1
ns	886	6254	replicate-1
ns	887	5973	replicate-1
ns	888	5795	replicate-1
ns	889	5743	replicate-1
ns	890	1153	replicate-1
na	1	7	replicate-1
na	2	8	replicate-1
na	3	8	replicate-1
na	4	8	replicate-1
na	5	8	replicate-1
na	6	9	replicate-1
na	7	9	replicate-1
na	8	9	replicate-1
na	9	9	replicate-1
na	10	9	replicate-1
na	11	9	replicate-1
na	12	9	replicate-1
na	13	10	replicate-1
na	14	13	replicate-1
na	15	14	replicate-1
na	16	14	replicate-1
na	17	14	replicate-1
na	18	14	replicate-1
na	19	15	replicate-1
na	20	15	replicate-1
na	21	15	replicate-1
na	22	15	replicate-1
na	23	15	replicate-1
na	24	15	replicate-1
na	25	15	replicate-1
na	26	15	replicate-1
na	27	15	replicate-1
na	28	15	replicate-1
na	29	15	replicate-1
na	30	17	replicate-1
na	31	17	replicate-1
na	32	18	replicate-1
na	33	19	replicate-1
na	34	19	replicate-1
na	35	19	replicate-1
na	36	19	replicate-1
na	37	19	replicate-1
na	38	28	replicate-1
na	39	28	replicate-1
na	40	29	replicate-1
na	41	30	replicate-1
na	42	32	replicate-1
na	43	33	replicate-1
na	44	35	replicate-1
na	45	35	replicate-1
na	46	40	replicate-1
na	47	40	replicate-1
na	48	40	replicate-1
na	49	40	replicate-1
na	50	40	replicate-1
na	51	41	replicate-1
na	52	44	replicate-1
na	53	44	replicate-1
na	54	45	replicate-1
na	55	45	replicate-1
na	56	48	replicate-1
na	57	52	replicate-1
na	58	52	replicate-1
na	59	53	replicate-1
na	60	53	replicate-1
na	61	56	replicate-1
na	62	56	replicate-1
na	63	56	replicate-1
na	64	58	replicate-1
na	65	58	replicate-1
na	66	61	replicate-1
na	67	61	replicate-1
na	68	61	replicate-1
na	69	61	replicate-1
na	70	62	replicate-1
na	71	63	replicate-1
na	72	64	replicate-1
na	73	67	replicate-1
na	74	68	replicate-1
na	75	69	replicate-1
na	76	75	replicate-1
na	77	82	replicate-1
na	78	81	replicate-1
na	79	82	replicate-1
na	80	82	replicate-1
na	81	82	replicate-1
na	82	85	replicate-1
na	83	89	replicate-1
na	84	89	replicate-1
na	85	87	replicate-1
na	86	88	replicate-1
na	87	89	replicate-1
na	88	89	replicate-1
na	89	90	replicate-1
na	90	91	replicate-1
na	91	91	replicate-1
na	92	91	replicate-1
na	93	91	replicate-1
na	94	91	replicate-1
na	95	91	replicate-1
na	96	91	replicate-1
na	97	92	replicate-1
na	98	93	replicate-1
na	99	94	replicate-1
na	100	94	replicate-1
na	101	94	replicate-1
na	102	94	replicate-1
na	103	94	replicate-1
na	104	98	replicate-1
na	105	98	replicate-1
na	106	98	replicate-1
na	107	99	replicate-1
na	108	101	replicate-1
na	109	102	replicate-1
na	110	103	replicate-1
na	111	103	replicate-1
na	112	120	replicate-1
na	113	120	replicate-1
na	114	122	replicate-1
na	115	122	replicate-1
na	116	122	replicate-1
na	117	123	replicate-1
na	118	128	replicate-1
na	119	128	replicate-1
na	120	127	replicate-1
na	121	126	replicate-1
na	122	130	replicate-1
na	123	131	replicate-1
na	124	132	replicate-1
na	125	135	replicate-1
na	126	135	replicate-1
na	127	139	replicate-1
na	128	139	replicate-1
na	129	139	replicate-1
na	130	140	replicate-1
na	131	138	replicate-1
na	132	138	replicate-1
na	133	138	replicate-1
na	134	137	replicate-1
na	135	137	replicate-1
na	136	136	replicate-1
na	137	135	replicate-1
na	138	135	replicate-1
na	139	135	replicate-1
na	140	135	replicate-1
na	141	135	replicate-1
na	142	134	replicate-1
na	143	134	replicate-1
na	144	137	replicate-1
na	145	134	replicate-1
na	146	135	replicate-1
na	147	135	replicate-1
na	148	137	replicate-1
na	149	138	replicate-1
na	150	136	replicate-1
na	151	137	replicate-1
na	152	136	replicate-1
na	153	136	replicate-1
na	154	138	replicate-1
na	155	139	replicate-1
na	156	139	replicate-1
na	157	140	replicate-1
na	158	140	replicate-1
na	159	140	replicate-1
na	160	140	replicate-1
na	161	139	replicate-1
na	162	137	replicate-1
na	163	135	replicate-1
na	164	135	replicate-1
na	165	134	replicate-1
na	166	132	replicate-1
na	167	133	replicate-1
na	168	133	replicate-1
na	169	136	replicate-1
na	170	143	replicate-1
na	171	144	replicate-1
na	172	144	replicate-1
na	173	144	replicate-1
na	174	144	replicate-1
na	175	147	replicate-1
na	176	147	replicate-1
na	177	154	replicate-1
na	178	154	replicate-1
na	179	154	replicate-1
na	180	154	replicate-1
na	181	153	replicate-1
na	182	153	replicate-1
na	183	153	replicate-1
na	184	152	replicate-1
na	185	152	replicate-1
na	186	150	replicate-1
na	187	150	replicate-1
na	188	147	replicate-1
na	189	147	replicate-1
na	190	147	replicate-1
na	191	149	replicate-1
na	192	150	replicate-1
na	193	152	replicate-1
na	194	154	replicate-1
na	195	152	replicate-1
na	196	155	replicate-1
na	197	155	replicate-1
na	198	157	replicate-1
na	199	156	replicate-1
na	200	155	replicate-1
na	201	153	replicate-1
na	202	153	replicate-1
na	203	155	replicate-1
na	204	155	replicate-1
na	205	154	replicate-1
na	206	156	replicate-1
na	207	155	replicate-1
na	208	155	replicate-1
na	209	155	replicate-1
na	210	155	replicate-1
na	211	152	replicate-1
na	212	158	replicate-1
na	213	159	replicate-1
na	214	160	replicate-1
na	215	160	replicate-1
na	216	160	replicate-1
na	217	159	replicate-1
na	218	165	replicate-1
na	219	166	replicate-1
na	220	165	replicate-1
na	221	163	replicate-1
na	222	165	replicate-1
na	223	167	replicate-1
na	224	166	replicate-1
na	225	166	replicate-1
na	226	165	replicate-1
na	227	161	replicate-1
na	228	164	replicate-1
na	229	164	replicate-1
na	230	164	replicate-1
na	231	162	replicate-1
na	232	158	replicate-1
na	233	160	replicate-1
na	234	160	replicate-1
na	235	163	replicate-1
na	236	161	replicate-1
na	237	160	replicate-1
na	238	160	replicate-1
na	239	158	replicate-1
na	240	157	replicate-1
na	241	157	replicate-1
na	242	160	replicate-1
na	243	160	replicate-1
na	244	167	replicate-1
na	245	166	replicate-1
na	246	169	replicate-1
na	247	168	replicate-1
na	248	168	replicate-1
na	249	168	replicate-1
na	250	169	replicate-1
na	251	169	replicate-1
na	252	169	replicate-1
na	253	167	replicate-1
na	254	173	replicate-1
na	255	176	replicate-1
na	256	176	replicate-1
na	257	176	replicate-1
na	258	179	replicate-1
na	259	179	replicate-1
na	260	181	replicate-1
na	261	181	replicate-1
na	262	183	replicate-1
na	263	177	replicate-1
na	264	173	replicate-1
na	265	175	replicate-1
na	266	176	replicate-1
na	267	176	replicate-1
na	268	176	replicate-1
na	269	175	replicate-1
na	270	174	replicate-1
na	271	175	replicate-1
na	272	175	replicate-1
na	273	175	replicate-1
na	274	174	replicate-1
na	275	174	replicate-1
na	276	175	replicate-1
na	277	174	replicate-1
na	278	173	replicate-1
na	279	175	replicate-1
na	280	175	replicate-1
na	281	175	replicate-1
na	282	175	replicate-1
na	283	175	replicate-1
na	284	176	replicate-1
na	285	178	replicate-1
na	286	177	replicate-1
na	287	177	replicate-1
na	288	177	replicate-1
na	289	178	replicate-1
na	290	181	replicate-1
na	291	179	replicate-1
na	292	179	replicate-1
na	293	177	replicate-1
na	294	175	replicate-1
na	295	182	replicate-1
na	296	183	replicate-1
na	297	183	replicate-1
na	298	183	replicate-1
na	299	184	replicate-1
na	300	183	replicate-1
na	301	184	replicate-1
na	302	183	replicate-1
na	303	185	replicate-1
na	304	188	replicate-1
na	305	187	replicate-1
na	306	188	replicate-1
na	307	189	replicate-1
na	308	193	replicate-1
na	309	193	replicate-1
na	310	194	replicate-1
na	311	203	replicate-1
na	312	214	replicate-1
na	313	217	replicate-1
na	314	216	replicate-1
na	315	222	replicate-1
na	316	222	replicate-1
na	317	222	replicate-1
na	318	222	replicate-1
na	319	219	replicate-1
na	320	224	replicate-1
na	321	204	replicate-1
na	322	206	replicate-1
na	323	210	replicate-1
na	324	210	replicate-1
na	325	211	replicate-1
na	326	214	replicate-1
na	327	215	replicate-1
na	328	213	replicate-1
na	329	211	replicate-1
na	330	209	replicate-1
na	331	212	replicate-1
na	332	212	replicate-1
na	333	222	replicate-1
na	334	234	replicate-1
na	335	234	replicate-1
na	336	231	replicate-1
na	337	229	replicate-1
na	338	229	replicate-1
na	339	229	replicate-1
na	340	229	replicate-1
na	341	232	replicate-1
na	342	228	replicate-1
na	343	223	replicate-1
na	344	224	replicate-1
na	345	226	replicate-1
na	346	234	replicate-1
na	347	233	replicate-1
na	348	234	replicate-1
na	349	237	replicate-1
na	350	238	replicate-1
na	351	237	replicate-1
na	352	238	replicate-1
na	353	237	replicate-1
na	354	239	replicate-1
na	355	239	replicate-1
na	356	235	replicate-1
na	357	233	replicate-1
na	358	238	replicate-1
na	359	237	replicate-1
na	360	239	replicate-1
na	361	240	replicate-1
na	362	234	replicate-1
na	363	231	replicate-1
na	364	230	replicate-1
na	365	232	replicate-1
na	366	231	replicate-1
na	367	233	replicate-1
na	368	232	replicate-1
na	369	229	replicate-1
na	370	229	replicate-1
na	371	231	replicate-1
na	372	230	replicate-1
na	373	230	replicate-1
na	374	230	replicate-1
na	375	230	replicate-1
na	376	230	replicate-1
na	377	235	replicate-1
na	378	234	replicate-1
na	379	236	replicate-1
na	380	238	replicate-1
na	381	237	replicate-1
na	382	238	replicate-1
na	383	237	replicate-1
na	384	237	replicate-1
na	385	237	replicate-1
na	386	232	replicate-1
na	387	230	replicate-1
na	388	229	replicate-1
na	389	229	replicate-1
na	390	228	replicate-1
na	391	228	replicate-1
na	392	228	replicate-1
na	393	229	replicate-1
na	394	227	replicate-1
na	395	227	replicate-1
na	396	226	replicate-1
na	397	226	replicate-1
na	398	228	replicate-1
na	399	228	replicate-1
na	400	227	replicate-1
na	401	226	replicate-1
na	402	226	replicate-1
na	403	226	replicate-1
na	404	224	replicate-1
na	405	214	replicate-1
na	406	215	replicate-1
na	407	213	replicate-1
na	408	213	replicate-1
na	409	213	replicate-1
na	410	212	replicate-1
na	411	209	replicate-1
na	412	210	replicate-1
na	413	206	replicate-1
na	414	206	replicate-1
na	415	201	replicate-1
na	416	199	replicate-1
na	417	200	replicate-1
na	418	205	replicate-1
na	419	204	replicate-1
na	420	202	replicate-1
na	421	200	replicate-1
na	422	202	replicate-1
na	423	201	replicate-1
na	424	203	replicate-1
na	425	202	replicate-1
na	426	205	replicate-1
na	427	205	replicate-1
na	428	206	replicate-1
na	429	209	replicate-1
na	430	211	replicate-1
na	431	210	replicate-1
na	432	213	replicate-1
na	433	213	replicate-1
na	434	209	replicate-1
na	435	207	replicate-1
na	436	204	replicate-1
na	437	208	replicate-1
na	438	211	replicate-1
na	439	209	replicate-1
na	440	207	replicate-1
na	441	204	replicate-1
na	442	204	replicate-1
na	443	204	replicate-1
na	444	202	replicate-1
na	445	198	replicate-1
na	446	190	replicate-1
na	447	191	replicate-1
na	448	192	replicate-1
na	449	195	replicate-1
na	450	195	replicate-1
na	451	193	replicate-1
na	452	193	replicate-1
na	453	195	replicate-1
na	454	194	replicate-1
na	455	192	replicate-1
na	456	191	replicate-1
na	457	191	replicate-1
na	458	180	replicate-1
na	459	180	replicate-1
na	460	179	replicate-1
na	461	177	replicate-1
na	462	177	replicate-1
na	463	177	replicate-1
na	464	174	replicate-1
na	465	181	replicate-1
na	466	176	replicate-1
na	467	176	replicate-1
na	468	176	replicate-1
na	469	176	replicate-1
na	470	176	replicate-1
na	471	171	replicate-1
na	472	171	replicate-1
na	473	172	replicate-1
na	474	159	replicate-1
na	475	157	replicate-1
na	476	156	replicate-1
na	477	156	replicate-1
na	478	153	replicate-1
na	479	162	replicate-1
na	480	163	replicate-1
na	481	163	replicate-1
na	482	166	replicate-1
na	483	163	replicate-1
na	484	160	replicate-1
na	485	158	replicate-1
na	486	155	replicate-1
na	487	153	replicate-1
na	488	126	replicate-1
na	489	121	replicate-1
na	490	122	replicate-1
na	491	127	replicate-1
na	492	126	replicate-1
na	493	124	replicate-1
na	494	125	replicate-1
na	495	126	replicate-1
na	496	125	replicate-1
na	497	126	replicate-1
na	498	125	replicate-1
na	499	125	replicate-1
na	500	126	replicate-1
na	501	123	replicate-1
na	502	124	replicate-1
na	503	125	replicate-1
na	504	125	replicate-1
na	505	125	replicate-1
na	506	124	replicate-1
na	507	131	replicate-1
na	508	134	replicate-1
na	509	138	replicate-1
na	510	137	replicate-1
na	511	139	replicate-1
na	512	138	replicate-1
na	513	139	replicate-1
na	514	142	replicate-1
na	515	143	replicate-1
na	516	143	replicate-1
na	517	140	replicate-1
na	518	137	replicate-1
na	519	137	replicate-1
na	520	136	replicate-1
na	521	136	replicate-1
na	522	138	replicate-1
na	523	139	replicate-1
na	524	139	replicate-1
na	525	142	replicate-1
na	526	137	replicate-1
na	527	138	replicate-1
na	528	138	replicate-1
na	529	136	replicate-1
na	530	136	replicate-1
na	531	131	replicate-1
na	532	135	replicate-1
na	533	136	replicate-1
na	534	134	replicate-1
na	535	134	replicate-1
na	536	133	replicate-1
na	537	133	replicate-1
na	538	136	replicate-1
na	539	137	replicate-1
na	540	134	replicate-1
na	541	135	replicate-1
na	542	137	replicate-1
na	543	140	replicate-1
na	544	140	replicate-1
na	545	141	replicate-1
na	546	141	replicate-1
na	547	141	replicate-1
na	548	139	replicate-1
na	549	139	replicate-1
na	550	139	replicate-1
na	551	139	replicate-1
na	552	142	replicate-1
na	553	142	replicate-1
na	554	142	replicate-1
na	555	145	replicate-1
na	556	146	replicate-1
na	557	146	replicate-1
na	558	145	replicate-1
na	559	146	replicate-1
na	560	146	replicate-1
na	561	147	replicate-1
na	562	148	replicate-1
na	563	149	replicate-1
na	564	150	replicate-1
na	565	150	replicate-1
na	566	149	replicate-1
na	567	149	replicate-1
na	568	148	replicate-1
na	569	146	replicate-1
na	570	147	replicate-1
na	571	147	replicate-1
na	572	146	replicate-1
na	573	146	replicate-1
na	574	142	replicate-1
na	575	141	replicate-1
na	576	141	replicate-1
na	577	140	replicate-1
na	578	140	replicate-1
na	579	139	replicate-1
na	580	140	replicate-1
na	581	139	replicate-1
na	582	138	replicate-1
na	583	137	replicate-1
na	584	137	replicate-1
na	585	134	replicate-1
na	586	134	replicate-1
na	587	134	replicate-1
na	588	131	replicate-1
na	589	131	replicate-1
na	590	132	replicate-1
na	591	134	replicate-1
na	592	137	replicate-1
na	593	137	replicate-1
na	594	136	replicate-1
na	595	134	replicate-1
na	596	134	replicate-1
na	597	134	replicate-1
na	598	134	replicate-1
na	599	132	replicate-1
na	600	130	replicate-1
na	601	133	replicate-1
na	602	132	replicate-1
na	603	131	replicate-1
na	604	127	replicate-1
na	605	130	replicate-1
na	606	131	replicate-1
na	607	131	replicate-1
na	608	129	replicate-1
na	609	129	replicate-1
na	610	129	replicate-1
na	611	128	replicate-1
na	612	129	replicate-1
na	613	128	replicate-1
na	614	127	replicate-1
na	615	127	replicate-1
na	616	127	replicate-1
na	617	127	replicate-1
na	618	126	replicate-1
na	619	127	replicate-1
na	620	126	replicate-1
na	621	126	replicate-1
na	622	126	replicate-1
na	623	127	replicate-1
na	624	123	replicate-1
na	625	123	replicate-1
na	626	118	replicate-1
na	627	119	replicate-1
na	628	116	replicate-1
na	629	115	replicate-1
na	630	111	replicate-1
na	631	110	replicate-1
na	632	108	replicate-1
na	633	109	replicate-1
na	634	108	replicate-1
na	635	107	replicate-1
na	636	108	replicate-1
na	637	108	replicate-1
na	638	108	replicate-1
na	639	107	replicate-1
na	640	107	replicate-1
na	641	107	replicate-1
na	642	98	replicate-1
na	643	97	replicate-1
na	644	97	replicate-1
na	645	95	replicate-1
na	646	95	replicate-1
na	647	93	replicate-1
na	648	91	replicate-1
na	649	91	replicate-1
na	650	91	replicate-1
na	651	91	replicate-1
na	652	92	replicate-1
na	653	88	replicate-1
na	654	88	replicate-1
na	655	88	replicate-1
na	656	93	replicate-1
na	657	90	replicate-1
na	658	88	replicate-1
na	659	81	replicate-1
na	660	81	replicate-1
na	661	78	replicate-1
na	662	78	replicate-1
na	663	75	replicate-1
na	664	94	replicate-1
na	665	90	replicate-1
na	666	91	replicate-1
na	667	90	replicate-1
na	668	89	replicate-1
na	669	90	replicate-1
na	670	90	replicate-1
na	671	91	replicate-1
na	672	90	replicate-1
na	673	86	replicate-1
na	674	77	replicate-1
na	675	77	replicate-1
na	676	78	replicate-1
na	677	79	replicate-1
na	678	79	replicate-1
na	679	79	replicate-1
na	680	80	replicate-1
na	681	81	replicate-1
na	682	88	replicate-1
na	683	88	replicate-1
na	684	91	replicate-1
na	685	93	replicate-1
na	686	94	replicate-1
na	687	98	replicate-1
na	688	99	replicate-1
na	689	97	replicate-1
na	690	97	replicate-1
na	691	93	replicate-1
na	692	93	replicate-1
na	693	92	replicate-1
na	694	93	replicate-1
na	695	89	replicate-1
na	696	93	replicate-1
na	697	93	replicate-1
na	698	93	replicate-1
na	699	92	replicate-1
na	700	92	replicate-1
na	701	92	replicate-1
na	702	94	replicate-1
na	703	95	replicate-1
na	704	106	replicate-1
na	705	105	replicate-1
na	706	106	replicate-1
na	707	106	replicate-1
na	708	108	replicate-1
na	709	109	replicate-1
na	710	108	replicate-1
na	711	108	replicate-1
na	712	108	replicate-1
na	713	105	replicate-1
na	714	107	replicate-1
na	715	108	replicate-1
na	716	109	replicate-1
na	717	110	replicate-1
na	718	116	replicate-1
na	719	126	replicate-1
na	720	126	replicate-1
na	721	125	replicate-1
na	722	125	replicate-1
na	723	123	replicate-1
na	724	123	replicate-1
na	725	123	replicate-1
na	726	122	replicate-1
na	727	124	replicate-1
na	728	125	replicate-1
na	729	128	replicate-1
na	730	129	replicate-1
na	731	130	replicate-1
na	732	130	replicate-1
na	733	131	replicate-1
na	734	131	replicate-1
na	735	131	replicate-1
na	736	131	replicate-1
na	737	130	replicate-1
na	738	131	replicate-1
na	739	135	replicate-1
na	740	138	replicate-1
na	741	140	replicate-1
na	742	138	replicate-1
na	743	137	replicate-1
na	744	137	replicate-1
na	745	138	replicate-1
na	746	139	replicate-1
na	747	139	replicate-1
na	748	143	replicate-1
na	749	144	replicate-1
na	750	142	replicate-1
na	751	142	replicate-1
na	752	142	replicate-1
na	753	142	replicate-1
na	754	142	replicate-1
na	755	141	replicate-1
na	756	142	replicate-1
na	757	135	replicate-1
na	758	137	replicate-1
na	759	136	replicate-1
na	760	141	replicate-1
na	761	142	replicate-1
na	762	143	replicate-1
na	763	142	replicate-1
na	764	142	replicate-1
na	765	140	replicate-1
na	766	140	replicate-1
na	767	140	replicate-1
na	768	140	replicate-1
na	769	137	replicate-1
na	770	137	replicate-1
na	771	139	replicate-1
na	772	139	replicate-1
na	773	138	replicate-1
na	774	137	replicate-1
na	775	137	replicate-1
na	776	139	replicate-1
na	777	139	replicate-1
na	778	141	replicate-1
na	779	142	replicate-1
na	780	139	replicate-1
na	781	139	replicate-1
na	782	141	replicate-1
na	783	141	replicate-1
na	784	140	replicate-1
na	785	139	replicate-1
na	786	139	replicate-1
na	787	138	replicate-1
na	788	138	replicate-1
na	789	138	replicate-1
na	790	140	replicate-1
na	791	141	replicate-1
na	792	142	replicate-1
na	793	141	replicate-1
na	794	136	replicate-1
na	795	137	replicate-1
na	796	136	replicate-1
na	797	136	replicate-1
na	798	136	replicate-1
na	799	134	replicate-1
na	800	136	replicate-1
na	801	136	replicate-1
na	802	137	replicate-1
na	803	137	replicate-1
na	804	136	replicate-1
na	805	135	replicate-1
na	806	135	replicate-1
na	807	133	replicate-1
na	808	132	replicate-1
na	809	131	replicate-1
na	810	133	replicate-1
na	811	132	replicate-1
na	812	132	replicate-1
na	813	132	replicate-1
na	814	135	replicate-1
na	815	131	replicate-1
na	816	132	replicate-1
na	817	131	replicate-1
na	818	130	replicate-1
na	819	131	replicate-1
na	820	131	replicate-1
na	821	132	replicate-1
na	822	135	replicate-1
na	823	135	replicate-1
na	824	134	replicate-1
na	825	136	replicate-1
na	826	135	replicate-1
na	827	136	replicate-1
na	828	134	replicate-1
na	829	133	replicate-1
na	830	133	replicate-1
na	831	131	replicate-1
na	832	124	replicate-1
na	833	125	replicate-1
na	834	126	replicate-1
na	835	127	replicate-1
na	836	128	replicate-1
na	837	132	replicate-1
na	838	131	replicate-1
na	839	132	replicate-1
na	840	131	replicate-1
na	841	132	replicate-1
na	842	132	replicate-1
na	843	130	replicate-1
na	844	137	replicate-1
na	845	140	replicate-1
na	846	142	replicate-1
na	847	145	replicate-1
na	848	146	replicate-1
na	849	148	replicate-1
na	850	148	replicate-1
na	851	145	replicate-1
na	852	146	replicate-1
na	853	138	replicate-1
na	854	137	replicate-1
na	855	136	replicate-1
na	856	137	replicate-1
na	857	136	replicate-1
na	858	136	replicate-1
na	859	139	replicate-1
na	860	139	replicate-1
na	861	139	replicate-1
na	862	139	replicate-1
na	863	138	replicate-1
na	864	138	replicate-1
na	865	139	replicate-1
na	866	138	replicate-1
na	867	137	replicate-1
na	868	129	replicate-1
na	869	125	replicate-1
na	870	127	replicate-1
na	871	127	replicate-1
na	872	128	replicate-1
na	873	128	replicate-1
na	874	128	replicate-1
na	875	130	replicate-1
na	876	130	replicate-1
na	877	130	replicate-1
na	878	129	replicate-1
na	879	130	replicate-1
na	880	130	replicate-1
na	881	136	replicate-1
na	882	139	replicate-1
na	883	140	replicate-1
na	884	139	replicate-1
na	885	140	replicate-1
na	886	140	replicate-1
na	887	141	replicate-1
na	888	138	replicate-1
na	889	138	replicate-1
na	890	127	replicate-1
na	891	128	replicate-1
na	892	128	replicate-1
na	893	134	replicate-1
na	894	134	replicate-1
na	895	136	replicate-1
na	896	137	replicate-1
na	897	137	replicate-1
na	898	138	replicate-1
na	899	131	replicate-1
na	900	131	replicate-1
na	901	130	replicate-1
na	902	128	replicate-1
na	903	128	replicate-1
na	904	131	replicate-1
na	905	132	replicate-1
na	906	133	replicate-1
na	907	133	replicate-1
na	908	133	replicate-1
na	909	130	replicate-1
na	910	130	replicate-1
na	911	127	replicate-1
na	912	134	replicate-1
na	913	137	replicate-1
na	914	138	replicate-1
na	915	140	replicate-1
na	916	142	replicate-1
na	917	141	replicate-1
na	918	140	replicate-1
na	919	140	replicate-1
na	920	142	replicate-1
na	921	138	replicate-1
na	922	142	replicate-1
na	923	143	replicate-1
na	924	144	replicate-1
na	925	145	replicate-1
na	926	145	replicate-1
na	927	144	replicate-1
na	928	144	replicate-1
na	929	144	replicate-1
na	930	144	replicate-1
na	931	140	replicate-1
na	932	140	replicate-1
na	933	140	replicate-1
na	934	140	replicate-1
na	935	139	replicate-1
na	936	139	replicate-1
na	937	142	replicate-1
na	938	140	replicate-1
na	939	137	replicate-1
na	940	137	replicate-1
na	941	135	replicate-1
na	942	135	replicate-1
na	943	132	replicate-1
na	944	133	replicate-1
na	945	133	replicate-1
na	946	135	replicate-1
na	947	135	replicate-1
na	948	138	replicate-1
na	949	138	replicate-1
na	950	139	replicate-1
na	951	139	replicate-1
na	952	139	replicate-1
na	953	142	replicate-1
na	954	142	replicate-1
na	955	148	replicate-1
na	956	148	replicate-1
na	957	149	replicate-1
na	958	152	replicate-1
na	959	150	replicate-1
na	960	149	replicate-1
na	961	148	replicate-1
na	962	147	replicate-1
na	963	150	replicate-1
na	964	145	replicate-1
na	965	157	replicate-1
na	966	157	replicate-1
na	967	154	replicate-1
na	968	156	replicate-1
na	969	156	replicate-1
na	970	156	replicate-1
na	971	156	replicate-1
na	972	149	replicate-1
na	973	146	replicate-1
na	974	143	replicate-1
na	975	135	replicate-1
na	976	135	replicate-1
na	977	135	replicate-1
na	978	135	replicate-1
na	979	136	replicate-1
na	980	136	replicate-1
na	981	136	replicate-1
na	982	135	replicate-1
na	983	137	replicate-1
na	984	137	replicate-1
na	985	137	replicate-1
na	986	137	replicate-1
na	987	136	replicate-1
na	988	138	replicate-1
na	989	137	replicate-1
na	990	136	replicate-1
na	991	133	replicate-1
na	992	132	replicate-1
na	993	131	replicate-1
na	994	132	replicate-1
na	995	131	replicate-1
na	996	131	replicate-1
na	997	130	replicate-1
na	998	131	replicate-1
na	999	132	replicate-1
na	1000	133	replicate-1
na	1001	133	replicate-1
na	1002	133	replicate-1
na	1003	133	replicate-1
na	1004	133	replicate-1
na	1005	133	replicate-1
na	1006	134	replicate-1
na	1007	134	replicate-1
na	1008	135	replicate-1
na	1009	135	replicate-1
na	1010	133	replicate-1
na	1011	132	replicate-1
na	1012	132	replicate-1
na	1013	131	replicate-1
na	1014	130	replicate-1
na	1015	129	replicate-1
na	1016	122	replicate-1
na	1017	122	replicate-1
na	1018	122	replicate-1
na	1019	122	replicate-1
na	1020	122	replicate-1
na	1021	125	replicate-1
na	1022	126	replicate-1
na	1023	126	replicate-1
na	1024	127	replicate-1
na	1025	124	replicate-1
na	1026	123	replicate-1
na	1027	125	replicate-1
na	1028	128	replicate-1
na	1029	129	replicate-1
na	1030	128	replicate-1
na	1031	127	replicate-1
na	1032	127	replicate-1
na	1033	125	replicate-1
na	1034	124	replicate-1
na	1035	122	replicate-1
na	1036	124	replicate-1
na	1037	124	replicate-1
na	1038	124	replicate-1
na	1039	127	replicate-1
na	1040	127	replicate-1
na	1041	127	replicate-1
na	1042	127	replicate-1
na	1043	124	replicate-1
na	1044	124	replicate-1
na	1045	124	replicate-1
na	1046	125	replicate-1
na	1047	126	replicate-1
na	1048	128	replicate-1
na	1049	129	replicate-1
na	1050	129	replicate-1
na	1051	129	replicate-1
na	1052	129	replicate-1
na	1053	129	replicate-1
na	1054	133	replicate-1
na	1055	125	replicate-1
na	1056	126	replicate-1
na	1057	126	replicate-1
na	1058	127	replicate-1
na	1059	127	replicate-1
na	1060	127	replicate-1
na	1061	128	replicate-1
na	1062	129	replicate-1
na	1063	128	replicate-1
na	1064	125	replicate-1
na	1065	125	replicate-1
na	1066	125	replicate-1
na	1067	125	replicate-1
na	1068	125	replicate-1
na	1069	127	replicate-1
na	1070	127	replicate-1
na	1071	130	replicate-1
na	1072	128	replicate-1
na	1073	127	replicate-1
na	1074	128	replicate-1
na	1075	130	replicate-1
na	1076	132	replicate-1
na	1077	132	replicate-1
na	1078	132	replicate-1
na	1079	140	replicate-1
na	1080	141	replicate-1
na	1081	145	replicate-1
na	1082	145	replicate-1
na	1083	142	replicate-1
na	1084	143	replicate-1
na	1085	144	replicate-1
na	1086	145	replicate-1
na	1087	147	replicate-1
na	1088	141	replicate-1
na	1089	142	replicate-1
na	1090	137	replicate-1
na	1091	138	replicate-1
na	1092	139	replicate-1
na	1093	139	replicate-1
na	1094	138	replicate-1
na	1095	137	replicate-1
na	1096	137	replicate-1
na	1097	133	replicate-1
na	1098	133	replicate-1
na	1099	132	replicate-1
na	1100	131	replicate-1
na	1101	131	replicate-1
na	1102	131	replicate-1
na	1103	131	replicate-1
na	1104	131	replicate-1
na	1105	129	replicate-1
na	1106	130	replicate-1
na	1107	131	replicate-1
na	1108	131	replicate-1
na	1109	130	replicate-1
na	1110	130	replicate-1
na	1111	133	replicate-1
na	1112	127	replicate-1
na	1113	127	replicate-1
na	1114	121	replicate-1
na	1115	121	replicate-1
na	1116	124	replicate-1
na	1117	126	replicate-1
na	1118	129	replicate-1
na	1119	129	replicate-1
na	1120	127	replicate-1
na	1121	128	replicate-1
na	1122	129	replicate-1
na	1123	129	replicate-1
na	1124	129	replicate-1
na	1125	127	replicate-1
na	1126	127	replicate-1
na	1127	124	replicate-1
na	1128	124	replicate-1
na	1129	126	replicate-1
na	1130	126	replicate-1
na	1131	126	replicate-1
na	1132	127	replicate-1
na	1133	129	replicate-1
na	1134	132	replicate-1
na	1135	131	replicate-1
na	1136	131	replicate-1
na	1137	132	replicate-1
na	1138	129	replicate-1
na	1139	131	replicate-1
na	1140	133	replicate-1
na	1141	134	replicate-1
na	1142	134	replicate-1
na	1143	134	replicate-1
na	1144	134	replicate-1
na	1145	135	replicate-1
na	1146	135	replicate-1
na	1147	136	replicate-1
na	1148	135	replicate-1
na	1149	136	replicate-1
na	1150	134	replicate-1
na	1151	135	replicate-1
na	1152	135	replicate-1
na	1153	135	replicate-1
na	1154	134	replicate-1
na	1155	132	replicate-1
na	1156	129	replicate-1
na	1157	128	replicate-1
na	1158	126	replicate-1
na	1159	127	replicate-1
na	1160	127	replicate-1
na	1161	127	replicate-1
na	1162	126	replicate-1
na	1163	126	replicate-1
na	1164	132	replicate-1
na	1165	131	replicate-1
na	1166	131	replicate-1
na	1167	132	replicate-1
na	1168	132	replicate-1
na	1169	131	replicate-1
na	1170	132	replicate-1
na	1171	130	replicate-1
na	1172	132	replicate-1
na	1173	125	replicate-1
na	1174	124	replicate-1
na	1175	125	replicate-1
na	1176	124	replicate-1
na	1177	126	replicate-1
na	1178	126	replicate-1
na	1179	124	replicate-1
na	1180	123	replicate-1
na	1181	123	replicate-1
na	1182	122	replicate-1
na	1183	121	replicate-1
na	1184	122	replicate-1
na	1185	121	replicate-1
na	1186	120	replicate-1
na	1187	118	replicate-1
na	1188	118	replicate-1
na	1189	118	replicate-1
na	1190	122	replicate-1
na	1191	121	replicate-1
na	1192	120	replicate-1
na	1193	122	replicate-1
na	1194	121	replicate-1
na	1195	126	replicate-1
na	1196	128	replicate-1
na	1197	122	replicate-1
na	1198	128	replicate-1
na	1199	124	replicate-1
na	1200	123	replicate-1
na	1201	122	replicate-1
na	1202	120	replicate-1
na	1203	120	replicate-1
na	1204	115	replicate-1
na	1205	113	replicate-1
na	1206	123	replicate-1
na	1207	125	replicate-1
na	1208	123	replicate-1
na	1209	125	replicate-1
na	1210	126	replicate-1
na	1211	126	replicate-1
na	1212	125	replicate-1
na	1213	124	replicate-1
na	1214	124	replicate-1
na	1215	110	replicate-1
na	1216	118	replicate-1
na	1217	118	replicate-1
na	1218	118	replicate-1
na	1219	117	replicate-1
na	1220	116	replicate-1
na	1221	122	replicate-1
na	1222	120	replicate-1
na	1223	120	replicate-1
na	1224	121	replicate-1
na	1225	117	replicate-1
na	1226	117	replicate-1
na	1227	119	replicate-1
na	1228	120	replicate-1
na	1229	115	replicate-1
na	1230	115	replicate-1
na	1231	115	replicate-1
na	1232	116	replicate-1
na	1233	116	replicate-1
na	1234	116	replicate-1
na	1235	118	replicate-1
na	1236	118	replicate-1
na	1237	118	replicate-1
na	1238	117	replicate-1
na	1239	117	replicate-1
na	1240	117	replicate-1
na	1241	117	replicate-1
na	1242	117	replicate-1
na	1243	115	replicate-1
na	1244	116	replicate-1
na	1245	118	replicate-1
na	1246	121	replicate-1
na	1247	121	replicate-1
na	1248	119	replicate-1
na	1249	119	replicate-1
na	1250	118	replicate-1
na	1251	118	replicate-1
na	1252	118	replicate-1
na	1253	118	replicate-1
na	1254	116	replicate-1
na	1255	113	replicate-1
na	1256	113	replicate-1
na	1257	117	replicate-1
na	1258	123	replicate-1
na	1259	123	replicate-1
na	1260	122	replicate-1
na	1261	123	replicate-1
na	1262	123	replicate-1
na	1263	123	replicate-1
na	1264	125	replicate-1
na	1265	126	replicate-1
na	1266	126	replicate-1
na	1267	126	replicate-1
na	1268	126	replicate-1
na	1269	122	replicate-1
na	1270	123	replicate-1
na	1271	119	replicate-1
na	1272	118	replicate-1
na	1273	118	replicate-1
na	1274	118	replicate-1
na	1275	119	replicate-1
na	1276	119	replicate-1
na	1277	123	replicate-1
na	1278	123	replicate-1
na	1279	119	replicate-1
na	1280	120	replicate-1
na	1281	121	replicate-1
na	1282	121	replicate-1
na	1283	123	replicate-1
na	1284	123	replicate-1
na	1285	120	replicate-1
na	1286	120	replicate-1
na	1287	119	replicate-1
na	1288	120	replicate-1
na	1289	122	replicate-1
na	1290	121	replicate-1
na	1291	120	replicate-1
na	1292	120	replicate-1
na	1293	123	replicate-1
na	1294	124	replicate-1
na	1295	127	replicate-1
na	1296	127	replicate-1
na	1297	127	replicate-1
na	1298	127	replicate-1
na	1299	127	replicate-1
na	1300	123	replicate-1
na	1301	124	replicate-1
na	1302	124	replicate-1
na	1303	125	replicate-1
na	1304	126	replicate-1
na	1305	126	replicate-1
na	1306	127	replicate-1
na	1307	130	replicate-1
na	1308	132	replicate-1
na	1309	132	replicate-1
na	1310	134	replicate-1
na	1311	134	replicate-1
na	1312	133	replicate-1
na	1313	133	replicate-1
na	1314	132	replicate-1
na	1315	132	replicate-1
na	1316	132	replicate-1
na	1317	135	replicate-1
na	1318	133	replicate-1
na	1319	133	replicate-1
na	1320	133	replicate-1
na	1321	132	replicate-1
na	1322	132	replicate-1
na	1323	131	replicate-1
na	1324	131	replicate-1
na	1325	130	replicate-1
na	1326	130	replicate-1
na	1327	129	replicate-1
na	1328	123	replicate-1
na	1329	123	replicate-1
na	1330	122	replicate-1
na	1331	122	replicate-1
na	1332	122	replicate-1
na	1333	121	replicate-1
na	1334	120	replicate-1
na	1335	116	replicate-1
na	1336	116	replicate-1
na	1337	115	replicate-1
na	1338	114	replicate-1
na	1339	112	replicate-1
na	1340	110	replicate-1
na	1341	110	replicate-1
na	1342	110	replicate-1
na	1343	109	replicate-1
na	1344	105	replicate-1
na	1345	104	replicate-1
na	1346	103	replicate-1
na	1347	103	replicate-1
na	1348	102	replicate-1
na	1349	102	replicate-1
na	1350	102	replicate-1
na	1351	101	replicate-1
na	1352	101	replicate-1
na	1353	101	replicate-1
na	1354	96	replicate-1
na	1355	96	replicate-1
na	1356	90	replicate-1
na	1357	90	replicate-1
na	1358	90	replicate-1
na	1359	89	replicate-1
na	1360	88	replicate-1
na	1361	87	replicate-1
na	1362	87	replicate-1
na	1363	88	replicate-1
na	1364	88	replicate-1
na	1365	88	replicate-1
na	1366	87	replicate-1
na	1367	83	replicate-1
na	1368	83	replicate-1
na	1369	83	replicate-1
na	1370	83	replicate-1
na	1371	82	replicate-1
na	1372	80	replicate-1
na	1373	76	replicate-1
na	1374	70	replicate-1
na	1375	69	replicate-1
na	1376	67	replicate-1
na	1377	68	replicate-1
na	1378	67	replicate-1
na	1379	68	replicate-1
na	1380	69	replicate-1
na	1381	69	replicate-1
na	1382	68	replicate-1
na	1383	71	replicate-1
na	1384	69	replicate-1
na	1385	70	replicate-1
na	1386	70	replicate-1
na	1387	70	replicate-1
na	1388	69	replicate-1
na	1389	69	replicate-1
na	1390	69	replicate-1
na	1391	69	replicate-1
na	1392	69	replicate-1
na	1393	68	replicate-1
na	1394	63	replicate-1
na	1395	63	replicate-1
na	1396	62	replicate-1
na	1397	62	replicate-1
na	1398	62	replicate-1
na	1399	63	replicate-1
na	1400	63	replicate-1
na	1401	65	replicate-1
na	1402	64	replicate-1
na	1403	64	replicate-1
na	1404	64	replicate-1
na	1405	64	replicate-1
na	1406	64	replicate-1
na	1407	64	replicate-1
na	1408	46	replicate-1
na	1409	45	replicate-1
na	1410	46	replicate-1
na	1411	46	replicate-1
na	1412	46	replicate-1
na	1413	46	replicate-1
na	1414	46	replicate-1
na	1415	46	replicate-1
na	1416	46	replicate-1
na	1417	46	replicate-1
na	1418	46	replicate-1
na	1419	45	replicate-1
na	1420	45	replicate-1
na	1421	45	replicate-1
na	1422	45	replicate-1
na	1423	45	replicate-1
na	1424	45	replicate-1
na	1425	45	replicate-1
na	1426	39	replicate-1
na	1427	39	replicate-1
na	1428	39	replicate-1
na	1429	37	replicate-1
na	1430	37	replicate-1
na	1431	33	replicate-1
na	1432	33	replicate-1
na	1433	27	replicate-1
na	1434	27	replicate-1
na	1435	27	replicate-1
na	1436	26	replicate-1
na	1437	26	replicate-1
na	1438	25	replicate-1
na	1439	25	replicate-1
na	1440	25	replicate-1
na	1441	25	replicate-1
na	1442	25	replicate-1
na	1443	21	replicate-1
na	1444	21	replicate-1
na	1445	21	replicate-1
na	1446	21	replicate-1
na	1447	21	replicate-1
na	1448	21	replicate-1
na	1449	21	replicate-1
na	1450	21	replicate-1
na	1451	21	replicate-1
na	1452	19	replicate-1
na	1453	19	replicate-1
na	1454	18	replicate-1
na	1455	18	replicate-1
na	1456	17	replicate-1
na	1457	3	replicate-1
pb2	37	1	replicate-1
pb2	38	1	replicate-1
pb2	39	1	replicate-1
pb2	40	1	replicate-1
pb2	41	1	replicate-1
pb2	42	1	replicate-1
pb2	43	1	replicate-1
pb2	44	1	replicate-1
pb2	45	1	replicate-1
pb2	46	1	replicate-1
pb2	47	1	replicate-1
pb2	48	1	replicate-1
pb2	49	2	replicate-1
pb2	50	2	replicate-1
pb2	51	2	replicate-1
pb2	52	2	replicate-1
pb2	53	2	replicate-1
pb2	54	2	replicate-1
pb2	55	2	replicate-1
pb2	56	2	replicate-1
pb2	57	2	replicate-1
pb2	58	2	replicate-1
pb2	59	2	replicate-1
pb2	60	2	replicate-1
pb2	61	2	replicate-1
pb2	62	2	replicate-1
pb2	63	2	replicate-1
pb2	64	2	replicate-1
pb2	65	2	replicate-1
pb2	66	3	replicate-1
pb2	67	3	replicate-1
pb2	68	3	replicate-1
pb2	69	3	replicate-1
pb2	70	3	replicate-1
pb2	71	3	replicate-1
pb2	72	3	replicate-1
pb2	73	3	replicate-1
pb2	74	3	replicate-1
pb2	75	3	replicate-1
pb2	76	3	replicate-1
pb2	77	3	replicate-1
pb2	78	3	replicate-1
pb2	79	3	replicate-1
pb2	80	3	replicate-1
pb2	81	3	replicate-1
pb2	82	3	replicate-1
pb2	83	3	replicate-1
pb2	84	3	replicate-1
pb2	85	3	replicate-1
pb2	86	3	replicate-1
pb2	87	3	replicate-1
pb2	88	3	replicate-1
pb2	89	3	replicate-1
pb2	90	3	replicate-1
pb2	91	3	replicate-1
pb2	92	3	replicate-1
pb2	93	3	replicate-1
pb2	94	3	replicate-1
pb2	95	3	replicate-1
pb2	96	3	replicate-1
pb2	97	3	replicate-1
pb2	98	3	replicate-1
pb2	99	3	replicate-1
pb2	100	3	replicate-1
pb2	101	3	replicate-1
pb2	102	3	replicate-1
pb2	103	3	replicate-1
pb2	104	3	replicate-1
pb2	105	3	replicate-1
pb2	106	3	replicate-1
pb2	107	3	replicate-1
pb2	108	3	replicate-1
pb2	109	3	replicate-1
pb2	110	3	replicate-1
pb2	111	3	replicate-1
pb2	112	3	replicate-1
pb2	113	3	replicate-1
pb2	114	3	replicate-1
pb2	115	3	replicate-1
pb2	116	3	replicate-1
pb2	117	3	replicate-1
pb2	118	3	replicate-1
pb2	119	3	replicate-1
pb2	120	3	replicate-1
pb2	121	3	replicate-1
pb2	122	3	replicate-1
pb2	123	3	replicate-1
pb2	124	3	replicate-1
pb2	125	3	replicate-1
pb2	126	3	replicate-1
pb2	127	3	replicate-1
pb2	128	3	replicate-1
pb2	129	3	replicate-1
pb2	130	5	replicate-1
pb2	131	6	replicate-1
pb2	132	6	replicate-1
pb2	133	6	replicate-1
pb2	134	6	replicate-1
pb2	135	6	replicate-1
pb2	136	6	replicate-1
pb2	137	6	replicate-1
pb2	138	6	replicate-1
pb2	139	6	replicate-1
pb2	140	6	replicate-1
pb2	141	6	replicate-1
pb2	142	6	replicate-1
pb2	143	6	replicate-1
pb2	144	6	replicate-1
pb2	145	6	replicate-1
pb2	146	6	replicate-1
pb2	147	6	replicate-1
pb2	148	6	replicate-1
pb2	149	7	replicate-1
pb2	150	7	replicate-1
pb2	151	7	replicate-1
pb2	152	7	replicate-1
pb2	153	7	replicate-1
pb2	154	7	replicate-1
pb2	155	7	replicate-1
pb2	156	6	replicate-1
pb2	157	7	replicate-1
pb2	158	7	replicate-1
pb2	159	6	replicate-1
pb2	160	6	replicate-1
pb2	161	6	replicate-1
pb2	162	6	replicate-1
pb2	163	6	replicate-1
pb2	164	6	replicate-1
pb2	165	7	replicate-1
pb2	166	7	replicate-1
pb2	167	7	replicate-1
pb2	168	7	replicate-1
pb2	169	7	replicate-1
pb2	170	7	replicate-1
pb2	171	7	replicate-1
pb2	172	7	replicate-1
pb2	173	7	replicate-1
pb2	174	7	replicate-1
pb2	175	7	replicate-1
pb2	176	7	replicate-1
pb2	177	7	replicate-1
pb2	178	7	replicate-1
pb2	179	7	replicate-1
pb2	180	7	replicate-1
pb2	181	7	replicate-1
pb2	182	7	replicate-1
pb2	183	7	replicate-1
pb2	184	7	replicate-1
pb2	185	7	replicate-1
pb2	186	7	replicate-1
pb2	187	7	replicate-1
pb2	188	6	replicate-1
pb2	189	6	replicate-1
pb2	190	6	replicate-1
pb2	191	6	replicate-1
pb2	192	6	replicate-1
pb2	193	6	replicate-1
pb2	194	6	replicate-1
pb2	195	6	replicate-1
pb2	196	6	replicate-1
pb2	197	6	replicate-1
pb2	198	6	replicate-1
pb2	199	7	replicate-1
pb2	200	7	replicate-1
pb2	201	7	replicate-1
pb2	202	7	replicate-1
pb2	203	7	replicate-1
pb2	204	7	replicate-1
pb2	205	7	replicate-1
pb2	206	7	replicate-1
pb2	207	7	replicate-1
pb2	208	7	replicate-1
pb2	209	7	replicate-1
pb2	210	7	replicate-1
pb2	211	7	replicate-1
pb2	212	7	replicate-1
pb2	213	7	replicate-1
pb2	214	7	replicate-1
pb2	215	7	replicate-1
pb2	216	7	replicate-1
pb2	217	7	replicate-1
pb2	218	7	replicate-1
pb2	219	7	replicate-1
pb2	220	7	replicate-1
pb2	221	7	replicate-1
pb2	222	7	replicate-1
pb2	223	7	replicate-1
pb2	224	7	replicate-1
pb2	225	7	replicate-1
pb2	226	7	replicate-1
pb2	227	7	replicate-1
pb2	228	7	replicate-1
pb2	229	7	replicate-1
pb2	230	6	replicate-1
pb2	231	6	replicate-1
pb2	232	6	replicate-1
pb2	233	6	replicate-1
pb2	234	6	replicate-1
pb2	235	6	replicate-1
pb2	236	6	replicate-1
pb2	237	6	replicate-1
pb2	238	7	replicate-1
pb2	239	7	replicate-1
pb2	240	7	replicate-1
pb2	241	7	replicate-1
pb2	242	7	replicate-1
pb2	243	7	replicate-1
pb2	244	7	replicate-1
pb2	245	7	replicate-1
pb2	246	7	replicate-1
pb2	247	7	replicate-1
pb2	248	7	replicate-1
pb2	249	7	replicate-1
pb2	250	7	replicate-1
pb2	251	7	replicate-1
pb2	252	7	replicate-1
pb2	253	7	replicate-1
pb2	254	7	replicate-1
pb2	255	7	replicate-1
pb2	256	7	replicate-1
pb2	257	7	replicate-1
pb2	258	7	replicate-1
pb2	259	9	replicate-1
pb2	260	9	replicate-1
pb2	261	9	replicate-1
pb2	262	9	replicate-1
pb2	263	9	replicate-1
pb2	264	9	replicate-1
pb2	265	9	replicate-1
pb2	266	9	replicate-1
pb2	267	9	replicate-1
pb2	268	9	replicate-1
pb2	269	9	replicate-1
pb2	270	9	replicate-1
pb2	271	9	replicate-1
pb2	272	9	replicate-1
pb2	273	9	replicate-1
pb2	274	8	replicate-1
pb2	275	8	replicate-1
pb2	276	8	replicate-1
pb2	277	8	replicate-1
pb2	278	8	replicate-1
pb2	279	7	replicate-1
pb2	280	7	replicate-1
pb2	281	7	replicate-1
pb2	282	7	replicate-1
pb2	283	7	replicate-1
pb2	284	7	replicate-1
pb2	285	8	replicate-1
pb2	286	8	replicate-1
pb2	287	8	replicate-1
pb2	288	8	replicate-1
pb2	289	8	replicate-1
pb2	290	9	replicate-1
pb2	291	9	replicate-1
pb2	292	9	replicate-1
pb2	293	9	replicate-1
pb2	294	8	replicate-1
pb2	295	8	replicate-1
pb2	296	8	replicate-1
pb2	297	7	replicate-1
pb2	298	7	replicate-1
pb2	299	6	replicate-1
pb2	300	6	replicate-1
pb2	301	6	replicate-1
pb2	302	6	replicate-1
pb2	303	6	replicate-1
pb2	304	6	replicate-1
pb2	305	6	replicate-1
pb2	306	6	replicate-1
pb2	307	6	replicate-1
pb2	308	6	replicate-1
pb2	309	6	replicate-1
pb2	310	6	replicate-1
pb2	311	6	replicate-1
pb2	312	6	replicate-1
pb2	313	6	replicate-1
pb2	314	6	replicate-1
pb2	315	6	replicate-1
pb2	316	6	replicate-1
pb2	317	6	replicate-1
pb2	318	5	replicate-1
pb2	319	5	replicate-1
pb2	320	5	replicate-1
pb2	321	5	replicate-1
pb2	322	5	replicate-1
pb2	323	4	replicate-1
pb2	324	4	replicate-1
pb2	325	5	replicate-1
pb2	326	5	replicate-1
pb2	327	5	replicate-1
pb2	328	5	replicate-1
pb2	329	5	replicate-1
pb2	330	5	replicate-1
pb2	331	5	replicate-1
pb2	332	5	replicate-1
pb2	333	5	replicate-1
pb2	334	5	replicate-1
pb2	335	5	replicate-1
pb2	336	5	replicate-1
pb2	337	5	replicate-1
pb2	338	5	replicate-1
pb2	339	5	replicate-1
pb2	340	5	replicate-1
pb2	341	5	replicate-1
pb2	342	5	replicate-1
pb2	343	5	replicate-1
pb2	344	5	replicate-1
pb2	345	5	replicate-1
pb2	346	4	replicate-1
pb2	347	4	replicate-1
pb2	348	4	replicate-1
pb2	349	4	replicate-1
pb2	350	4	replicate-1
pb2	351	3	replicate-1
pb2	352	3	replicate-1
pb2	353	3	replicate-1
pb2	354	3	replicate-1
pb2	355	3	replicate-1
pb2	356	3	replicate-1
pb2	357	3	replicate-1
pb2	358	3	replicate-1
pb2	359	3	replicate-1
pb2	360	3	replicate-1
pb2	361	4	replicate-1
pb2	362	4	replicate-1
pb2	363	4	replicate-1
pb2	364	4	replicate-1
pb2	365	4	replicate-1
pb2	366	4	replicate-1
pb2	367	4	replicate-1
pb2	368	4	replicate-1
pb2	369	4	replicate-1
pb2	370	4	replicate-1
pb2	371	4	replicate-1
pb2	372	4	replicate-1
pb2	373	4	replicate-1
pb2	374	4	replicate-1
pb2	375	4	replicate-1
pb2	376	4	replicate-1
pb2	377	4	replicate-1
pb2	378	4	replicate-1
pb2	379	4	replicate-1
pb2	380	4	replicate-1
pb2	381	4	replicate-1
pb2	382	4	replicate-1
pb2	383	4	replicate-1
pb2	384	4	replicate-1
pb2	385	4	replicate-1
pb2	386	4	replicate-1
pb2	387	4	replicate-1
pb2	388	4	replicate-1
pb2	389	4	replicate-1
pb2	390	4	replicate-1
pb2	391	4	replicate-1
pb2	392	4	replicate-1
pb2	393	4	replicate-1
pb2	394	4	replicate-1
pb2	395	4	replicate-1
pb2	396	4	replicate-1
pb2	397	4	replicate-1
pb2	398	4	replicate-1
pb2	399	4	replicate-1
pb2	400	4	replicate-1
pb2	401	4	replicate-1
pb2	402	3	replicate-1
pb2	403	3	replicate-1
pb2	404	3	replicate-1
pb2	405	3	replicate-1
pb2	406	3	replicate-1
pb2	407	3	replicate-1
pb2	408	3	replicate-1
pb2	409	3	replicate-1
pb2	410	3	replicate-1
pb2	411	3	replicate-1
pb2	412	3	replicate-1
pb2	413	3	replicate-1
pb2	414	3	replicate-1
pb2	415	3	replicate-1
pb2	416	3	replicate-1
pb2	417	3	replicate-1
pb2	418	3	replicate-1
pb2	419	3	replicate-1
pb2	420	3	replicate-1
pb2	421	3	replicate-1
pb2	422	3	replicate-1
pb2	423	3	replicate-1
pb2	424	3	replicate-1
pb2	425	3	replicate-1
pb2	426	3	replicate-1
pb2	427	3	replicate-1
pb2	428	3	replicate-1
pb2	429	3	replicate-1
pb2	430	3	replicate-1
pb2	431	3	replicate-1
pb2	432	3	replicate-1
pb2	433	2	replicate-1
pb2	434	2	replicate-1
pb2	435	2	replicate-1
pb2	436	2	replicate-1
pb2	437	2	replicate-1
pb2	438	2	replicate-1
pb2	439	3	replicate-1
pb2	440	3	replicate-1
pb2	441	3	replicate-1
pb2	442	3	replicate-1
pb2	443	3	replicate-1
pb2	444	3	replicate-1
pb2	445	3	replicate-1
pb2	446	3	replicate-1
pb2	447	3	replicate-1
pb2	448	3	replicate-1
pb2	449	3	replicate-1
pb2	450	3	replicate-1
pb2	451	3	replicate-1
pb2	452	3	replicate-1
pb2	453	3	replicate-1
pb2	454	3	replicate-1
pb2	455	3	replicate-1
pb2	456	3	replicate-1
pb2	457	3	replicate-1
pb2	458	3	replicate-1
pb2	459	3	replicate-1
pb2	460	3	replicate-1
pb2	461	3	replicate-1
pb2	462	3	replicate-1
pb2	463	4	replicate-1
pb2	464	4	replicate-1
pb2	465	4	replicate-1
pb2	466	4	replicate-1
pb2	467	4	replicate-1
pb2	468	4	replicate-1
pb2	469	4	replicate-1
pb2	470	4	replicate-1
pb2	471	4	replicate-1
pb2	472	4	replicate-1
pb2	473	4	replicate-1
pb2	474	4	replicate-1
pb2	475	4	replicate-1
pb2	476	3	replicate-1
pb2	477	3	replicate-1
pb2	478	3	replicate-1
pb2	479	3	replicate-1
pb2	480	3	replicate-1
pb2	481	3	replicate-1
pb2	482	3	replicate-1
pb2	483	3	replicate-1
pb2	484	4	replicate-1
pb2	485	4	replicate-1
pb2	486	4	replicate-1
pb2	487	4	replicate-1
pb2	488	4	replicate-1
pb2	489	5	replicate-1
pb2	490	5	replicate-1
pb2	491	5	replicate-1
pb2	492	5	replicate-1
pb2	493	5	replicate-1
pb2	494	5	replicate-1
pb2	495	5	replicate-1
pb2	496	5	replicate-1
pb2	497	5	replicate-1
pb2	498	5	replicate-1
pb2	499	5	replicate-1
pb2	500	5	replicate-1
pb2	501	4	replicate-1
pb2	502	4	replicate-1
pb2	503	4	replicate-1
pb2	504	4	replicate-1
pb2	505	4	replicate-1
pb2	506	4	replicate-1
pb2	507	4	replicate-1
pb2	508	4	replicate-1
pb2	509	4	replicate-1
pb2	510	4	replicate-1
pb2	511	4	replicate-1
pb2	512	4	replicate-1
pb2	513	4	replicate-1
pb2	514	4	replicate-1
pb2	515	4	replicate-1
pb2	516	4	replicate-1
pb2	517	4	replicate-1
pb2	518	3	replicate-1
pb2	519	3	replicate-1
pb2	520	3	replicate-1
pb2	521	3	replicate-1
pb2	522	3	replicate-1
pb2	523	3	replicate-1
pb2	524	3	replicate-1
pb2	525	3	replicate-1
pb2	526	3	replicate-1
pb2	527	3	replicate-1
pb2	528	3	replicate-1
pb2	529	3	replicate-1
pb2	530	3	replicate-1
pb2	531	3	replicate-1
pb2	532	3	replicate-1
pb2	533	3	replicate-1
pb2	534	3	replicate-1
pb2	535	3	replicate-1
pb2	536	3	replicate-1
pb2	537	3	replicate-1
pb2	538	3	replicate-1
pb2	539	3	replicate-1
pb2	540	3	replicate-1
pb2	541	3	replicate-1
pb2	542	3	replicate-1
pb2	543	3	replicate-1
pb2	544	3	replicate-1
pb2	545	3	replicate-1
pb2	546	3	replicate-1
pb2	547	3	replicate-1
pb2	548	3	replicate-1
pb2	549	3	replicate-1
pb2	550	3	replicate-1
pb2	551	3	replicate-1
pb2	552	3	replicate-1
pb2	553	3	replicate-1
pb2	554	3	replicate-1
pb2	555	3	replicate-1
pb2	556	3	replicate-1
pb2	557	2	replicate-1
pb2	558	2	replicate-1
pb2	559	2	replicate-1
pb2	560	2	replicate-1
pb2	561	1	replicate-1
pb2	562	1	replicate-1
pb2	563	1	replicate-1
pb2	564	1	replicate-1
pb2	565	1	replicate-1
pb2	566	1	replicate-1
pb2	567	1	replicate-1
pb2	568	1	replicate-1
pb2	569	1	replicate-1
pb2	570	1	replicate-1
pb2	571	1	replicate-1
pb2	572	1	replicate-1
pb2	573	1	replicate-1
pb2	574	1	replicate-1
pb2	575	1	replicate-1
pb2	576	1	replicate-1
pb2	577	1	replicate-1
pb2	578	1	replicate-1
pb2	579	1	replicate-1
pb2	580	1	replicate-1
pb2	581	1	replicate-1
pb2	582	1	replicate-1
pb2	583	1	replicate-1
pb2	584	1	replicate-1
pb2	585	1	replicate-1
pb2	586	1	replicate-1
pb2	587	1	replicate-1
pb2	588	1	replicate-1
pb2	589	1	replicate-1
pb2	590	1	replicate-1
pb2	591	1	replicate-1
pb2	592	1	replicate-1
pb2	593	1	replicate-1
pb2	594	1	replicate-1
pb2	595	1	replicate-1
pb2	596	1	replicate-1
pb2	597	1	replicate-1
pb2	598	1	replicate-1
pb2	599	1	replicate-1
pb2	600	1	replicate-1
pb2	601	1	replicate-1
pb2	602	1	replicate-1
pb2	603	1	replicate-1
pb2	604	1	replicate-1
pb2	605	1	replicate-1
pb2	606	1	replicate-1
pb2	607	1	replicate-1
pb2	608	1	replicate-1
pb2	609	1	replicate-1
pb2	610	1	replicate-1
pb2	611	1	replicate-1
pb2	612	1	replicate-1
pb2	613	1	replicate-1
pb2	614	1	replicate-1
pb2	615	1	replicate-1
pb2	616	1	replicate-1
pb2	617	1	replicate-1
pb2	618	1	replicate-1
pb2	619	1	replicate-1
pb2	620	1	replicate-1
pb2	621	1	replicate-1
pb2	622	1	replicate-1
pb2	623	1	replicate-1
pb2	624	1	replicate-1
pb2	625	1	replicate-1
pb2	626	1	replicate-1
pb2	627	1	replicate-1
pb2	628	1	replicate-1
pb2	629	1	replicate-1
pb2	630	1	replicate-1
pb2	631	1	replicate-1
pb2	632	1	replicate-1
pb2	633	1	replicate-1
pb2	832	3	replicate-1
pb2	833	3	replicate-1
pb2	834	3	replicate-1
pb2	835	3	replicate-1
pb2	836	3	replicate-1
pb2	837	3	replicate-1
pb2	838	3	replicate-1
pb2	839	3	replicate-1
pb2	840	3	replicate-1
pb2	841	3	replicate-1
pb2	842	3	replicate-1
pb2	843	3	replicate-1
pb2	844	3	replicate-1
pb2	845	3	replicate-1
pb2	846	3	replicate-1
pb2	847	3	replicate-1
pb2	848	3	replicate-1
pb2	849	3	replicate-1
pb2	850	3	replicate-1
pb2	851	3	replicate-1
pb2	852	4	replicate-1
pb2	853	4	replicate-1
pb2	854	4	replicate-1
pb2	855	4	replicate-1
pb2	856	4	replicate-1
pb2	857	4	replicate-1
pb2	858	4	replicate-1
pb2	859	4	replicate-1
pb2	860	4	replicate-1
pb2	861	4	replicate-1
pb2	862	4	replicate-1
pb2	863	4	replicate-1
pb2	864	4	replicate-1
pb2	865	7	replicate-1
pb2	866	7	replicate-1
pb2	867	7	replicate-1
pb2	868	7	replicate-1
pb2	869	9	replicate-1
pb2	870	9	replicate-1
pb2	871	9	replicate-1
pb2	872	9	replicate-1
pb2	873	9	replicate-1
pb2	874	9	replicate-1
pb2	875	9	replicate-1
pb2	876	9	replicate-1
pb2	877	9	replicate-1
pb2	878	9	replicate-1
pb2	879	9	replicate-1
pb2	880	9	replicate-1
pb2	881	9	replicate-1
pb2	882	9	replicate-1
pb2	883	9	replicate-1
pb2	884	9	replicate-1
pb2	885	9	replicate-1
pb2	886	9	replicate-1
pb2	887	9	replicate-1
pb2	888	9	replicate-1
pb2	889	9	replicate-1
pb2	890	9	replicate-1
pb2	891	9	replicate-1
pb2	892	10	replicate-1
pb2	893	10	replicate-1
pb2	894	10	replicate-1
pb2	895	10	replicate-1
pb2	896	10	replicate-1
pb2	897	10	replicate-1
pb2	898	10	replicate-1
pb2	899	10	replicate-1
pb2	900	10	replicate-1
pb2	901	10	replicate-1
pb2	902	10	replicate-1
pb2	903	10	replicate-1
pb2	904	10	replicate-1
pb2	905	10	replicate-1
pb2	906	10	replicate-1
pb2	907	10	replicate-1
pb2	908	10	replicate-1
pb2	909	10	replicate-1
pb2	910	10	replicate-1
pb2	911	10	replicate-1
pb2	912	10	replicate-1
pb2	913	10	replicate-1
pb2	914	10	replicate-1
pb2	915	10	replicate-1
pb2	916	10	replicate-1
pb2	917	10	replicate-1
pb2	918	10	replicate-1
pb2	919	10	replicate-1
pb2	920	10	replicate-1
pb2	921	10	replicate-1
pb2	922	10	replicate-1
pb2	923	10	replicate-1
pb2	924	10	replicate-1
pb2	925	10	replicate-1
pb2	926	10	replicate-1
pb2	927	10	replicate-1
pb2	928	10	replicate-1
pb2	929	10	replicate-1
pb2	930	10	replicate-1
pb2	931	10	replicate-1
pb2	932	10	replicate-1
pb2	933	10	replicate-1
pb2	934	10	replicate-1
pb2	935	10	replicate-1
pb2	936	10	replicate-1
pb2	937	10	replicate-1
pb2	938	10	replicate-1
pb2	939	9	replicate-1
pb2	940	9	replicate-1
pb2	941	9	replicate-1
pb2	942	9	replicate-1
pb2	943	9	replicate-1
pb2	944	9	replicate-1
pb2	945	9	replicate-1
pb2	946	9	replicate-1
pb2	947	9	replicate-1
pb2	948	9	replicate-1
pb2	949	9	replicate-1
pb2	950	9	replicate-1
pb2	951	9	replicate-1
pb2	952	9	replicate-1
pb2	953	9	replicate-1
pb2	954	7	replicate-1
pb2	955	8	replicate-1
pb2	956	9	replicate-1
pb2	957	9	replicate-1
pb2	958	9	replicate-1
pb2	959	9	replicate-1
pb2	960	9	replicate-1
pb2	961	7	replicate-1
pb2	962	7	replicate-1
pb2	963	7	replicate-1
pb2	964	7	replicate-1
pb2	965	7	replicate-1
pb2	966	7	replicate-1
pb2	967	7	replicate-1
pb2	968	7	replicate-1
pb2	969	8	replicate-1
pb2	970	8	replicate-1
pb2	971	8	replicate-1
pb2	972	8	replicate-1
pb2	973	8	replicate-1
pb2	974	8	replicate-1
pb2	975	7	replicate-1
pb2	976	7	replicate-1
pb2	977	7	replicate-1
pb2	978	7	replicate-1
pb2	979	7	replicate-1
pb2	980	7	replicate-1
pb2	981	7	replicate-1
pb2	982	7	replicate-1
pb2	983	7	replicate-1
pb2	984	7	replicate-1
pb2	985	7	replicate-1
pb2	986	7	replicate-1
pb2	987	7	replicate-1
pb2	988	10	replicate-1
pb2	989	10	replicate-1
pb2	990	10	replicate-1
pb2	991	10	replicate-1
pb2	992	10	replicate-1
pb2	993	10	replicate-1
pb2	994	10	replicate-1
pb2	995	10	replicate-1
pb2	996	10	replicate-1
pb2	997	10	replicate-1
pb2	998	10	replicate-1
pb2	999	10	replicate-1
pb2	1000	10	replicate-1
pb2	1001	10	replicate-1
pb2	1002	10	replicate-1
pb2	1003	10	replicate-1
pb2	1004	10	replicate-1
pb2	1005	9	replicate-1
pb2	1006	9	replicate-1
pb2	1007	9	replicate-1
pb2	1008	9	replicate-1
pb2	1009	11	replicate-1
pb2	1010	11	replicate-1
pb2	1011	11	replicate-1
pb2	1012	11	replicate-1
pb2	1013	10	replicate-1
pb2	1014	10	replicate-1
pb2	1015	10	replicate-1
pb2	1016	8	replicate-1
pb2	1017	8	replicate-1
pb2	1018	8	replicate-1
pb2	1019	8	replicate-1
pb2	1020	8	replicate-1
pb2	1021	8	replicate-1
pb2	1022	8	replicate-1
pb2	1023	8	replicate-1
pb2	1024	9	replicate-1
pb2	1025	9	replicate-1
pb2	1026	9	replicate-1
pb2	1027	9	replicate-1
pb2	1028	9	replicate-1
pb2	1029	9	replicate-1
pb2	1030	9	replicate-1
pb2	1031	9	replicate-1
pb2	1032	9	replicate-1
pb2	1033	9	replicate-1
pb2	1034	10	replicate-1
pb2	1035	10	replicate-1
pb2	1036	10	replicate-1
pb2	1037	10	replicate-1
pb2	1038	10	replicate-1
pb2	1039	11	replicate-1
pb2	1040	11	replicate-1
pb2	1041	11	replicate-1
pb2	1042	11	replicate-1
pb2	1043	11	replicate-1
pb2	1044	11	replicate-1
pb2	1045	11	replicate-1
pb2	1046	11	replicate-1
pb2	1047	11	replicate-1
pb2	1048	11	replicate-1
pb2	1049	11	replicate-1
pb2	1050	11	replicate-1
pb2	1051	11	replicate-1
pb2	1052	11	replicate-1
pb2	1053	11	replicate-1
pb2	1054	11	replicate-1
pb2	1055	11	replicate-1
pb2	1056	11	replicate-1
pb2	1057	11	replicate-1
pb2	1058	11	replicate-1
pb2	1059	11	replicate-1
pb2	1060	11	replicate-1
pb2	1061	11	replicate-1
pb2	1062	11	replicate-1
pb2	1063	11	replicate-1
pb2	1064	11	replicate-1
pb2	1065	11	replicate-1
pb2	1066	12	replicate-1
pb2	1067	12	replicate-1
pb2	1068	12	replicate-1
pb2	1069	12	replicate-1
pb2	1070	12	replicate-1
pb2	1071	12	replicate-1
pb2	1072	12	replicate-1
pb2	1073	12	replicate-1
pb2	1074	12	replicate-1
pb2	1075	13	replicate-1
pb2	1076	13	replicate-1
pb2	1077	13	replicate-1
pb2	1078	13	replicate-1
pb2	1079	13	replicate-1
pb2	1080	13	replicate-1
pb2	1081	13	replicate-1
pb2	1082	13	replicate-1
pb2	1083	13	replicate-1
pb2	1084	13	replicate-1
pb2	1085	13	replicate-1
pb2	1086	13	replicate-1
pb2	1087	13	replicate-1
pb2	1088	13	replicate-1
pb2	1089	13	replicate-1
pb2	1090	14	replicate-1
pb2	1091	14	replicate-1
pb2	1092	14	replicate-1
pb2	1093	15	replicate-1
pb2	1094	16	replicate-1
pb2	1095	17	replicate-1
pb2	1096	87	replicate-1
pb2	1097	90	replicate-1
pb2	1098	93	replicate-1
pb2	1099	97	replicate-1
pb2	1100	98	replicate-1
pb2	1101	127	replicate-1
pb2	1102	194	replicate-1
pb2	1103	375	replicate-1
pb2	1104	389	replicate-1
pb2	1105	396	replicate-1
pb2	1106	416	replicate-1
pb2	1107	418	replicate-1
pb2	1108	478	replicate-1
pb2	1109	483	replicate-1
pb2	1110	485	replicate-1
pb2	1111	527	replicate-1
pb2	1112	531	replicate-1
pb2	1113	572	replicate-1
pb2	1114	574	replicate-1
pb2	1115	636	replicate-1
pb2	1116	664	replicate-1
pb2	1117	669	replicate-1
pb2	1118	692	replicate-1
pb2	1119	691	replicate-1
pb2	1120	708	replicate-1
pb2	1121	715	replicate-1
pb2	1122	767	replicate-1
pb2	1123	806	replicate-1
pb2	1124	808	replicate-1
pb2	1125	812	replicate-1
pb2	1126	812	replicate-1
pb2	1127	877	replicate-1
pb2	1128	887	replicate-1
pb2	1129	887	replicate-1
pb2	1130	897	replicate-1
pb2	1131	897	replicate-1
pb2	1132	897	replicate-1
pb2	1133	909	replicate-1
pb2	1134	910	replicate-1
pb2	1135	921	replicate-1
pb2	1136	927	replicate-1
pb2	1137	928	replicate-1
pb2	1138	929	replicate-1
pb2	1139	950	replicate-1
pb2	1140	959	replicate-1
pb2	1141	966	replicate-1
pb2	1142	966	replicate-1
pb2	1143	966	replicate-1
pb2	1144	1127	replicate-1
pb2	1145	1149	replicate-1
pb2	1146	1159	replicate-1
pb2	1147	1161	replicate-1
pb2	1148	1164	replicate-1
pb2	1149	1184	replicate-1
pb2	1150	1185	replicate-1
pb2	1151	1186	replicate-1
pb2	1152	1192	replicate-1
pb2	1153	1193	replicate-1
pb2	1154	1193	replicate-1
pb2	1155	1192	replicate-1
pb2	1156	1214	replicate-1
pb2	1157	1220	replicate-1
pb2	1158	1218	replicate-1
pb2	1159	1231	replicate-1
pb2	1160	1324	replicate-1
pb2	1161	1325	replicate-1
pb2	1162	1325	replicate-1
pb2	1163	1329	replicate-1
pb2	1164	1329	replicate-1
pb2	1165	1336	replicate-1
pb2	1166	1354	replicate-1
pb2	1167	1355	replicate-1
pb2	1168	1369	replicate-1
pb2	1169	1369	replicate-1
pb2	1170	1387	replicate-1
pb2	1171	1395	replicate-1
pb2	1172	1394	replicate-1
pb2	1173	1395	replicate-1
pb2	1174	1405	replicate-1
pb2	1175	1572	replicate-1
pb2	1176	1605	replicate-1
pb2	1177	1603	replicate-1
pb2	1178	1601	replicate-1
pb2	1179	1600	replicate-1
pb2	1180	1643	replicate-1
pb2	1181	1649	replicate-1
pb2	1182	1645	replicate-1
pb2	1183	1655	replicate-1
pb2	1184	1649	replicate-1
pb2	1185	1660	replicate-1
pb2	1186	1657	replicate-1
pb2	1187	1696	replicate-1
pb2	1188	1703	replicate-1
pb2	1189	1712	replicate-1
pb2	1190	1715	replicate-1
pb2	1191	1717	replicate-1
pb2	1192	1709	replicate-1
pb2	1193	1732	replicate-1
pb2	1194	1747	replicate-1
pb2	1195	1761	replicate-1
pb2	1196	1764	replicate-1
pb2	1197	1794	replicate-1
pb2	1198	1798	replicate-1
pb2	1199	1791	replicate-1
pb2	1200	1786	replicate-1
pb2	1201	1794	replicate-1
pb2	1202	1790	replicate-1
pb2	1203	1881	replicate-1
pb2	1204	1870	replicate-1
pb2	1205	1868	replicate-1
pb2	1206	1842	replicate-1
pb2	1207	1840	replicate-1
pb2	1208	1837	replicate-1
pb2	1209	1822	replicate-1
pb2	1210	1826	replicate-1
pb2	1211	1827	replicate-1
pb2	1212	1815	replicate-1
pb2	1213	1810	replicate-1
pb2	1214	1800	replicate-1
pb2	1215	1842	replicate-1
pb2	1216	1865	replicate-1
pb2	1217	1939	replicate-1
pb2	1218	1932	replicate-1
pb2	1219	1942	replicate-1
pb2	1220	1948	replicate-1
pb2	1221	1953	replicate-1
pb2	1222	2005	replicate-1
pb2	1223	2015	replicate-1
pb2	1224	2007	replicate-1
pb2	1225	2010	replicate-1
pb2	1226	2001	replicate-1
pb2	1227	2017	replicate-1
pb2	1228	2021	replicate-1
pb2	1229	2031	replicate-1
pb2	1230	2036	replicate-1
pb2	1231	2070	replicate-1
pb2	1232	2086	replicate-1
pb2	1233	2105	replicate-1
pb2	1234	2186	replicate-1
pb2	1235	2186	replicate-1
pb2	1236	2211	replicate-1
pb2	1237	2217	replicate-1
pb2	1238	2265	replicate-1
pb2	1239	2275	replicate-1
pb2	1240	2271	replicate-1
pb2	1241	2352	replicate-1
pb2	1242	2350	replicate-1
pb2	1243	2381	replicate-1
pb2	1244	2376	replicate-1
pb2	1245	2365	replicate-1
pb2	1246	2358	replicate-1
pb2	1247	2352	replicate-1
pb2	1248	2366	replicate-1
pb2	1249	2369	replicate-1
pb2	1250	2354	replicate-1
pb2	1251	2374	replicate-1
pb2	1252	2353	replicate-1
pb2	1253	2356	replicate-1
pb2	1254	2305	replicate-1
pb2	1255	2308	replicate-1
pb2	1256	2356	replicate-1
pb2	1257	2492	replicate-1
pb2	1258	2518	replicate-1
pb2	1259	2495	replicate-1
pb2	1260	2486	replicate-1
pb2	1261	2480	replicate-1
pb2	1262	2472	replicate-1
pb2	1263	2473	replicate-1
pb2	1264	2467	replicate-1
pb2	1265	2459	replicate-1
pb2	1266	2407	replicate-1
pb2	1267	2429	replicate-1
pb2	1268	2451	replicate-1
pb2	1269	2448	replicate-1
pb2	1270	2457	replicate-1
pb2	1271	2460	replicate-1
pb2	1272	2451	replicate-1
pb2	1273	2448	replicate-1
pb2	1274	2435	replicate-1
pb2	1275	2425	replicate-1
pb2	1276	2447	replicate-1
pb2	1277	2436	replicate-1
pb2	1278	2440	replicate-1
pb2	1279	2433	replicate-1
pb2	1280	2429	replicate-1
pb2	1281	2464	replicate-1
pb2	1282	2464	replicate-1
pb2	1283	2453	replicate-1
pb2	1284	2452	replicate-1
pb2	1285	2446	replicate-1
pb2	1286	2437	replicate-1
pb2	1287	2440	replicate-1
pb2	1288	2455	replicate-1
pb2	1289	2456	replicate-1
pb2	1290	2472	replicate-1
pb2	1291	2446	replicate-1
pb2	1292	2436	replicate-1
pb2	1293	2430	replicate-1
pb2	1294	2391	replicate-1
pb2	1295	2420	replicate-1
pb2	1296	2434	replicate-1
pb2	1297	2450	replicate-1
pb2	1298	2453	replicate-1
pb2	1299	2440	replicate-1
pb2	1300	2442	replicate-1
pb2	1301	2444	replicate-1
pb2	1302	2445	replicate-1
pb2	1303	2442	replicate-1
pb2	1304	2410	replicate-1
pb2	1305	2409	replicate-1
pb2	1306	2433	replicate-1
pb2	1307	2440	replicate-1
pb2	1308	2486	replicate-1
pb2	1309	2445	replicate-1
pb2	1310	2431	replicate-1
pb2	1311	2437	replicate-1
pb2	1312	2425	replicate-1
pb2	1313	2481	replicate-1
pb2	1314	2477	replicate-1
pb2	1315	2514	replicate-1
pb2	1316	2530	replicate-1
pb2	1317	2513	replicate-1
pb2	1318	2521	replicate-1
pb2	1319	2515	replicate-1
pb2	1320	2541	replicate-1
pb2	1321	2556	replicate-1
pb2	1322	2526	replicate-1
pb2	1323	2525	replicate-1
pb2	1324	2519	replicate-1
pb2	1325	2447	replicate-1
pb2	1326	2475	replicate-1
pb2	1327	2486	replicate-1
pb2	1328	2498	replicate-1
pb2	1329	2537	replicate-1
pb2	1330	2530	replicate-1
pb2	1331	2528	replicate-1
pb2	1332	2519	replicate-1
pb2	1333	2508	replicate-1
pb2	1334	2495	replicate-1
pb2	1335	2439	replicate-1
pb2	1336	2435	replicate-1
pb2	1337	2401	replicate-1
pb2	1338	2570	replicate-1
pb2	1339	2554	replicate-1
pb2	1340	2576	replicate-1
pb2	1341	2595	replicate-1
pb2	1342	2593	replicate-1
pb2	1343	2597	replicate-1
pb2	1344	2600	replicate-1
pb2	1345	2602	replicate-1
pb2	1346	2606	replicate-1
pb2	1347	2590	replicate-1
pb2	1348	2534	replicate-1
pb2	1349	2653	replicate-1
pb2	1350	2684	replicate-1
pb2	1351	2693	replicate-1
pb2	1352	2739	replicate-1
pb2	1353	2733	replicate-1
pb2	1354	2717	replicate-1
pb2	1355	2736	replicate-1
pb2	1356	2725	replicate-1
pb2	1357	2723	replicate-1
pb2	1358	2707	replicate-1
pb2	1359	2714	replicate-1
pb2	1360	2717	replicate-1
pb2	1361	2714	replicate-1
pb2	1362	2720	replicate-1
pb2	1363	2747	replicate-1
pb2	1364	2800	replicate-1
pb2	1365	2790	replicate-1
pb2	1366	2790	replicate-1
pb2	1367	2791	replicate-1
pb2	1368	2814	replicate-1
pb2	1369	2864	replicate-1
pb2	1370	2872	replicate-1
pb2	1371	2879	replicate-1
pb2	1372	2877	replicate-1
pb2	1373	2876	replicate-1
pb2	1374	2878	replicate-1
pb2	1375	2886	replicate-1
pb2	1376	2908	replicate-1
pb2	1377	2906	replicate-1
pb2	1378	2910	replicate-1
pb2	1379	2900	replicate-1
pb2	1380	2894	replicate-1
pb2	1381	2881	replicate-1
pb2	1382	2852	replicate-1
pb2	1383	2868	replicate-1
pb2	1384	2849	replicate-1
pb2	1385	2877	replicate-1
pb2	1386	2890	replicate-1
pb2	1387	2886	replicate-1
pb2	1388	2914	replicate-1
pb2	1389	2901	replicate-1
pb2	1390	2914	replicate-1
pb2	1391	2891	replicate-1
pb2	1392	2881	replicate-1
pb2	1393	2838	replicate-1
pb2	1394	2856	replicate-1
pb2	1395	2844	replicate-1
pb2	1396	2867	replicate-1
pb2	1397	2851	replicate-1
pb2	1398	2863	replicate-1
pb2	1399	2858	replicate-1
pb2	1400	2848	replicate-1
pb2	1401	2855	replicate-1
pb2	1402	2864	replicate-1
pb2	1403	2872	replicate-1
pb2	1404	2850	replicate-1
pb2	1405	2830	replicate-1
pb2	1406	2805	replicate-1
pb2	1407	2787	replicate-1
pb2	1408	2758	replicate-1
pb2	1409	2757	replicate-1
pb2	1410	2758	replicate-1
pb2	1411	2756	replicate-1
pb2	1412	2810	replicate-1
pb2	1413	2822	replicate-1
pb2	1414	2859	replicate-1
pb2	1415	2876	replicate-1
pb2	1416	2847	replicate-1
pb2	1417	2867	replicate-1
pb2	1418	2880	replicate-1
pb2	1419	2913	replicate-1
pb2	1420	2918	replicate-1
pb2	1421	2893	replicate-1
pb2	1422	2880	replicate-1
pb2	1423	2894	replicate-1
pb2	1424	2928	replicate-1
pb2	1425	2936	replicate-1
pb2	1426	2935	replicate-1
pb2	1427	2917	replicate-1
pb2	1428	2895	replicate-1
pb2	1429	2906	replicate-1
pb2	1430	2930	replicate-1
pb2	1431	2937	replicate-1
pb2	1432	2941	replicate-1
pb2	1433	2926	replicate-1
pb2	1434	2927	replicate-1
pb2	1435	2924	replicate-1
pb2	1436	2961	replicate-1
pb2	1437	2959	replicate-1
pb2	1438	2944	replicate-1
pb2	1439	2941	replicate-1
pb2	1440	2915	replicate-1
pb2	1441	2919	replicate-1
pb2	1442	2959	replicate-1
pb2	1443	2969	replicate-1
pb2	1444	2975	replicate-1
pb2	1445	2926	replicate-1
pb2	1446	2943	replicate-1
pb2	1447	2994	replicate-1
pb2	1448	3034	replicate-1
pb2	1449	3043	replicate-1
pb2	1450	3044	replicate-1
pb2	1451	3029	replicate-1
pb2	1452	3036	replicate-1
pb2	1453	3031	replicate-1
pb2	1454	3049	replicate-1
pb2	1455	3080	replicate-1
pb2	1456	3014	replicate-1
pb2	1457	3126	replicate-1
pb2	1458	3120	replicate-1
pb2	1459	3096	replicate-1
pb2	1460	3094	replicate-1
pb2	1461	3057	replicate-1
pb2	1462	3056	replicate-1
pb2	1463	3056	replicate-1
pb2	1464	3034	replicate-1
pb2	1465	3052	replicate-1
pb2	1466	2928	replicate-1
pb2	1467	2975	replicate-1
pb2	1468	2970	replicate-1
pb2	1469	3011	replicate-1
pb2	1470	3019	replicate-1
pb2	1471	3005	replicate-1
pb2	1472	2979	replicate-1
pb2	1473	3003	replicate-1
pb2	1474	2999	replicate-1
pb2	1475	3002	replicate-1
pb2	1476	2968	replicate-1
pb2	1477	2969	replicate-1
pb2	1478	3008	replicate-1
pb2	1479	2951	replicate-1
pb2	1480	2961	replicate-1
pb2	1481	2968	replicate-1
pb2	1482	2937	replicate-1
pb2	1483	3007	replicate-1
pb2	1484	3024	replicate-1
pb2	1485	3042	replicate-1
pb2	1486	3074	replicate-1
pb2	1487	3032	replicate-1
pb2	1488	3026	replicate-1
pb2	1489	2969	replicate-1
pb2	1490	2972	replicate-1
pb2	1491	3385	replicate-1
pb2	1492	3329	replicate-1
pb2	1493	3391	replicate-1
pb2	1494	3386	replicate-1
pb2	1495	3356	replicate-1
pb2	1496	3457	replicate-1
pb2	1497	3457	replicate-1
pb2	1498	3452	replicate-1
pb2	1499	3446	replicate-1
pb2	1500	3066	replicate-1
pb2	1501	3076	replicate-1
pb2	1502	3033	replicate-1
pb2	1503	3051	replicate-1
pb2	1504	3050	replicate-1
pb2	1505	3041	replicate-1
pb2	1506	3045	replicate-1
pb2	1507	3056	replicate-1
pb2	1508	3095	replicate-1
pb2	1509	3098	replicate-1
pb2	1510	3211	replicate-1
pb2	1511	3195	replicate-1
pb2	1512	3217	replicate-1
pb2	1513	3218	replicate-1
pb2	1514	3138	replicate-1
pb2	1515	3139	replicate-1
pb2	1516	3122	replicate-1
pb2	1517	3133	replicate-1
pb2	1518	3154	replicate-1
pb2	1519	3072	replicate-1
pb2	1520	3072	replicate-1
pb2	1521	3024	replicate-1
pb2	1522	3020	replicate-1
pb2	1523	3039	replicate-1
pb2	1524	3063	replicate-1
pb2	1525	3060	replicate-1
pb2	1526	3059	replicate-1
pb2	1527	3127	replicate-1
pb2	1528	3156	replicate-1
pb2	1529	3171	replicate-1
pb2	1530	3185	replicate-1
pb2	1531	3204	replicate-1
pb2	1532	3215	replicate-1
pb2	1533	3233	replicate-1
pb2	1534	3233	replicate-1
pb2	1535	3238	replicate-1
pb2	1536	3173	replicate-1
pb2	1537	3204	replicate-1
pb2	1538	3205	replicate-1
pb2	1539	3215	replicate-1
pb2	1540	3211	replicate-1
pb2	1541	3208	replicate-1
pb2	1542	3214	replicate-1
pb2	1543	3220	replicate-1
pb2	1544	3200	replicate-1
pb2	1545	3218	replicate-1
pb2	1546	3199	replicate-1
pb2	1547	3184	replicate-1
pb2	1548	3145	replicate-1
pb2	1549	3156	replicate-1
pb2	1550	3161	replicate-1
pb2	1551	3181	replicate-1
pb2	1552	3167	replicate-1
pb2	1553	3190	replicate-1
pb2	1554	3211	replicate-1
pb2	1555	3191	replicate-1
pb2	1556	3302	replicate-1
pb2	1557	3293	replicate-1
pb2	1558	3443	replicate-1
pb2	1559	3436	replicate-1
pb2	1560	3396	replicate-1
pb2	1561	3391	replicate-1
pb2	1562	3381	replicate-1
pb2	1563	3394	replicate-1
pb2	1564	3379	replicate-1
pb2	1565	3278	replicate-1
pb2	1566	3280	replicate-1
pb2	1567	3163	replicate-1
pb2	1568	3181	replicate-1
pb2	1569	3145	replicate-1
pb2	1570	3167	replicate-1
pb2	1571	3173	replicate-1
pb2	1572	3161	replicate-1
pb2	1573	3167	replicate-1
pb2	1574	3164	replicate-1
pb2	1575	3138	replicate-1
pb2	1576	3139	replicate-1
pb2	1577	3134	replicate-1
pb2	1578	3158	replicate-1
pb2	1579	3145	replicate-1
pb2	1580	3116	replicate-1
pb2	1581	3104	replicate-1
pb2	1582	3093	replicate-1
pb2	1583	3163	replicate-1
pb2	1584	3176	replicate-1
pb2	1585	3174	replicate-1
pb2	1586	3147	replicate-1
pb2	1587	3093	replicate-1
pb2	1588	3115	replicate-1
pb2	1589	3136	replicate-1
pb2	1590	3127	replicate-1
pb2	1591	3135	replicate-1
pb2	1592	3021	replicate-1
pb2	1593	3025	replicate-1
pb2	1594	3030	replicate-1
pb2	1595	3158	replicate-1
pb2	1596	3198	replicate-1
pb2	1597	3170	replicate-1
pb2	1598	3143	replicate-1
pb2	1599	3111	replicate-1
pb2	1600	3125	replicate-1
pb2	1601	3188	replicate-1
pb2	1602	3202	replicate-1
pb2	1603	3199	replicate-1
pb2	1604	3113	replicate-1
pb2	1605	3086	replicate-1
pb2	1606	3048	replicate-1
pb2	1607	3034	replicate-1
pb2	1608	3049	replicate-1
pb2	1609	3011	replicate-1
pb2	1610	3013	replicate-1
pb2	1611	2995	replicate-1
pb2	1612	2997	replicate-1
pb2	1613	2996	replicate-1
pb2	1614	3019	replicate-1
pb2	1615	3003	replicate-1
pb2	1616	3002	replicate-1
pb2	1617	2983	replicate-1
pb2	1618	2987	replicate-1
pb2	1619	2982	replicate-1
pb2	1620	2993	replicate-1
pb2	1621	2983	replicate-1
pb2	1622	2997	replicate-1
pb2	1623	2976	replicate-1
pb2	1624	2976	replicate-1
pb2	1625	2984	replicate-1
pb2	1626	2991	replicate-1
pb2	1627	3031	replicate-1
pb2	1628	3016	replicate-1
pb2	1629	3008	replicate-1
pb2	1630	3029	replicate-1
pb2	1631	3038	replicate-1
pb2	1632	3031	replicate-1
pb2	1633	3026	replicate-1
pb2	1634	2990	replicate-1
pb2	1635	3001	replicate-1
pb2	1636	2952	replicate-1
pb2	1637	2942	replicate-1
pb2	1638	2966	replicate-1
pb2	1639	2950	replicate-1
pb2	1640	2905	replicate-1
pb2	1641	2865	replicate-1
pb2	1642	2716	replicate-1
pb2	1643	2706	replicate-1
pb2	1644	2712	replicate-1
pb2	1645	2713	replicate-1
pb2	1646	2725	replicate-1
pb2	1647	2698	replicate-1
pb2	1648	2701	replicate-1
pb2	1649	2744	replicate-1
pb2	1650	2698	replicate-1
pb2	1651	2692	replicate-1
pb2	1652	2685	replicate-1
pb2	1653	2687	replicate-1
pb2	1654	2741	replicate-1
pb2	1655	2742	replicate-1
pb2	1656	2722	replicate-1
pb2	1657	2621	replicate-1
pb2	1658	2579	replicate-1
pb2	1659	2574	replicate-1
pb2	1660	2634	replicate-1
pb2	1661	2596	replicate-1
pb2	1662	2625	replicate-1
pb2	1663	2617	replicate-1
pb2	1664	2664	replicate-1
pb2	1665	2728	replicate-1
pb2	1666	2758	replicate-1
pb2	1667	2764	replicate-1
pb2	1668	2776	replicate-1
pb2	1669	2733	replicate-1
pb2	1670	2786	replicate-1
pb2	1671	2795	replicate-1
pb2	1672	2803	replicate-1
pb2	1673	2854	replicate-1
pb2	1674	2768	replicate-1
pb2	1675	2773	replicate-1
pb2	1676	2785	replicate-1
pb2	1677	2791	replicate-1
pb2	1678	2777	replicate-1
pb2	1679	2708	replicate-1
pb2	1680	2733	replicate-1
pb2	1681	2707	replicate-1
pb2	1682	2682	replicate-1
pb2	1683	2699	replicate-1
pb2	1684	2695	replicate-1
pb2	1685	2687	replicate-1
pb2	1686	2667	replicate-1
pb2	1687	2707	replicate-1
pb2	1688	2698	replicate-1
pb2	1689	2678	replicate-1
pb2	1690	2655	replicate-1
pb2	1691	2664	replicate-1
pb2	1692	2668	replicate-1
pb2	1693	2671	replicate-1
pb2	1694	2667	replicate-1
pb2	1695	2681	replicate-1
pb2	1696	2631	replicate-1
pb2	1697	2637	replicate-1
pb2	1698	2641	replicate-1
pb2	1699	2651	replicate-1
pb2	1700	2651	replicate-1
pb2	1701	2647	replicate-1
pb2	1702	2631	replicate-1
pb2	1703	2600	replicate-1
pb2	1704	2578	replicate-1
pb2	1705	2591	replicate-1
pb2	1706	2586	replicate-1
pb2	1707	2553	replicate-1
pb2	1708	2538	replicate-1
pb2	1709	2519	replicate-1
pb2	1710	2513	replicate-1
pb2	1711	2525	replicate-1
pb2	1712	2514	replicate-1
pb2	1713	2546	replicate-1
pb2	1714	2532	replicate-1
pb2	1715	2516	replicate-1
pb2	1716	2517	replicate-1
pb2	1717	2530	replicate-1
pb2	1718	2561	replicate-1
pb2	1719	2563	replicate-1
pb2	1720	2551	replicate-1
pb2	1721	2570	replicate-1
pb2	1722	2584	replicate-1
pb2	1723	2624	replicate-1
pb2	1724	2621	replicate-1
pb2	1725	2629	replicate-1
pb2	1726	2642	replicate-1
pb2	1727	2620	replicate-1
pb2	1728	2613	replicate-1
pb2	1729	2633	replicate-1
pb2	1730	2646	replicate-1
pb2	1731	2644	replicate-1
pb2	1732	2625	replicate-1
pb2	1733	2595	replicate-1
pb2	1734	2574	replicate-1
pb2	1735	2661	replicate-1
pb2	1736	2644	replicate-1
pb2	1737	2711	replicate-1
pb2	1738	2715	replicate-1
pb2	1739	2664	replicate-1
pb2	1740	2858	replicate-1
pb2	1741	2843	replicate-1
pb2	1742	2840	replicate-1
pb2	1743	2867	replicate-1
pb2	1744	2690	replicate-1
pb2	1745	2729	replicate-1
pb2	1746	2626	replicate-1
pb2	1747	2609	replicate-1
pb2	1748	2607	replicate-1
pb2	1749	2449	replicate-1
pb2	1750	2438	replicate-1
pb2	1751	2429	replicate-1
pb2	1752	2405	replicate-1
pb2	1753	2436	replicate-1
pb2	1754	2381	replicate-1
pb2	1755	2407	replicate-1
pb2	1756	2395	replicate-1
pb2	1757	2400	replicate-1
pb2	1758	2382	replicate-1
pb2	1759	2378	replicate-1
pb2	1760	2402	replicate-1
pb2	1761	2405	replicate-1
pb2	1762	2406	replicate-1
pb2	1763	2396	replicate-1
pb2	1764	2419	replicate-1
pb2	1765	2420	replicate-1
pb2	1766	2429	replicate-1
pb2	1767	2430	replicate-1
pb2	1768	2424	replicate-1
pb2	1769	2409	replicate-1
pb2	1770	2412	replicate-1
pb2	1771	2410	replicate-1
pb2	1772	2439	replicate-1
pb2	1773	2402	replicate-1
pb2	1774	2393	replicate-1
pb2	1775	2397	replicate-1
pb2	1776	2406	replicate-1
pb2	1777	2420	replicate-1
pb2	1778	2408	replicate-1
pb2	1779	2461	replicate-1
pb2	1780	2451	replicate-1
pb2	1781	2427	replicate-1
pb2	1782	2424	replicate-1
pb2	1783	2432	replicate-1
pb2	1784	2433	replicate-1
pb2	1785	2432	replicate-1
pb2	1786	2426	replicate-1
pb2	1787	2430	replicate-1
pb2	1788	2396	replicate-1
pb2	1789	2410	replicate-1
pb2	1790	2418	replicate-1
pb2	1791	2395	replicate-1
pb2	1792	2405	replicate-1
pb2	1793	2407	replicate-1
pb2	1794	2423	replicate-1
pb2	1795	2532	replicate-1
pb2	1796	2546	replicate-1
pb2	1797	2503	replicate-1
pb2	1798	2521	replicate-1
pb2	1799	2524	replicate-1
pb2	1800	2605	replicate-1
pb2	1801	2605	replicate-1
pb2	1802	2595	replicate-1
pb2	1803	2601	replicate-1
pb2	1804	2380	replicate-1
pb2	1805	2384	replicate-1
pb2	1806	2368	replicate-1
pb2	1807	2398	replicate-1
pb2	1808	2410	replicate-1
pb2	1809	2415	replicate-1
pb2	1810	2376	replicate-1
pb2	1811	2389	replicate-1
pb2	1812	2425	replicate-1
pb2	1813	2431	replicate-1
pb2	1814	2431	replicate-1
pb2	1815	2433	replicate-1
pb2	1816	2410	replicate-1
pb2	1817	2420	replicate-1
pb2	1818	2417	replicate-1
pb2	1819	2421	replicate-1
pb2	1820	2430	replicate-1
pb2	1821	2408	replicate-1
pb2	1822	2453	replicate-1
pb2	1823	2452	replicate-1
pb2	1824	2502	replicate-1
pb2	1825	2504	replicate-1
pb2	1826	2495	replicate-1
pb2	1827	2513	replicate-1
pb2	1828	2526	replicate-1
pb2	1829	2501	replicate-1
pb2	1830	2505	replicate-1
pb2	1831	2497	replicate-1
pb2	1832	2478	replicate-1
pb2	1833	2457	replicate-1
pb2	1834	2460	replicate-1
pb2	1835	2485	replicate-1
pb2	1836	2488	replicate-1
pb2	1837	2471	replicate-1
pb2	1838	2479	replicate-1
pb2	1839	2479	replicate-1
pb2	1840	2484	replicate-1
pb2	1841	2507	replicate-1
pb2	1842	2507	replicate-1
pb2	1843	2534	replicate-1
pb2	1844	2554	replicate-1
pb2	1845	2589	replicate-1
pb2	1846	2592	replicate-1
pb2	1847	2577	replicate-1
pb2	1848	2590	replicate-1
pb2	1849	2587	replicate-1
pb2	1850	2589	replicate-1
pb2	1851	2585	replicate-1
pb2	1852	2569	replicate-1
pb2	1853	2589	replicate-1
pb2	1854	2659	replicate-1
pb2	1855	2653	replicate-1
pb2	1856	2649	replicate-1
pb2	1857	2651	replicate-1
pb2	1858	2643	replicate-1
pb2	1859	2647	replicate-1
pb2	1860	2646	replicate-1
pb2	1861	2612	replicate-1
pb2	1862	2626	replicate-1
pb2	1863	2529	replicate-1
pb2	1864	2623	replicate-1
pb2	1865	2623	replicate-1
pb2	1866	2637	replicate-1
pb2	1867	2647	replicate-1
pb2	1868	2612	replicate-1
pb2	1869	2613	replicate-1
pb2	1870	2621	replicate-1
pb2	1871	2689	replicate-1
pb2	1872	2659	replicate-1
pb2	1873	2541	replicate-1
pb2	1874	2536	replicate-1
pb2	1875	2513	replicate-1
pb2	1876	2509	replicate-1
pb2	1877	2502	replicate-1
pb2	1878	2480	replicate-1
pb2	1879	2497	replicate-1
pb2	1880	2430	replicate-1
pb2	1881	2438	replicate-1
pb2	1882	2443	replicate-1
pb2	1883	2443	replicate-1
pb2	1884	2479	replicate-1
pb2	1885	2437	replicate-1
pb2	1886	2452	replicate-1
pb2	1887	2431	replicate-1
pb2	1888	2406	replicate-1
pb2	1889	2408	replicate-1
pb2	1890	2390	replicate-1
pb2	1891	2339	replicate-1
pb2	1892	2347	replicate-1
pb2	1893	2335	replicate-1
pb2	1894	2331	replicate-1
pb2	1895	2305	replicate-1
pb2	1896	2303	replicate-1
pb2	1897	2317	replicate-1
pb2	1898	2300	replicate-1
pb2	1899	2302	replicate-1
pb2	1900	2319	replicate-1
pb2	1901	2319	replicate-1
pb2	1902	2314	replicate-1
pb2	1903	2313	replicate-1
pb2	1904	2306	replicate-1
pb2	1905	2308	replicate-1
pb2	1906	2326	replicate-1
pb2	1907	2332	replicate-1
pb2	1908	2356	replicate-1
pb2	1909	2354	replicate-1
pb2	1910	2333	replicate-1
pb2	1911	2347	replicate-1
pb2	1912	2343	replicate-1
pb2	1913	2375	replicate-1
pb2	1914	2373	replicate-1
pb2	1915	2301	replicate-1
pb2	1916	2300	replicate-1
pb2	1917	2277	replicate-1
pb2	1918	2306	replicate-1
pb2	1919	2306	replicate-1
pb2	1920	2290	replicate-1
pb2	1921	2297	replicate-1
pb2	1922	2270	replicate-1
pb2	1923	2291	replicate-1
pb2	1924	2287	replicate-1
pb2	1925	2326	replicate-1
pb2	1926	2319	replicate-1
pb2	1927	2288	replicate-1
pb2	1928	2319	replicate-1
pb2	1929	2307	replicate-1
pb2	1930	2293	replicate-1
pb2	1931	2318	replicate-1
pb2	1932	2305	replicate-1
pb2	1933	2300	replicate-1
pb2	1934	2274	replicate-1
pb2	1935	2286	replicate-1
pb2	1936	2281	replicate-1
pb2	1937	2306	replicate-1
pb2	1938	2284	replicate-1
pb2	1939	2290	replicate-1
pb2	1940	2269	replicate-1
pb2	1941	2290	replicate-1
pb2	1942	2293	replicate-1
pb2	1943	2281	replicate-1
pb2	1944	2271	replicate-1
pb2	1945	2236	replicate-1
pb2	1946	2184	replicate-1
pb2	1947	2191	replicate-1
pb2	1948	2171	replicate-1
pb2	1949	2168	replicate-1
pb2	1950	2138	replicate-1
pb2	1951	2119	replicate-1
pb2	1952	2164	replicate-1
pb2	1953	2183	replicate-1
pb2	1954	2192	replicate-1
pb2	1955	2197	replicate-1
pb2	1956	2193	replicate-1
pb2	1957	2235	replicate-1
pb2	1958	2239	replicate-1
pb2	1959	2223	replicate-1
pb2	1960	2203	replicate-1
pb2	1961	2200	replicate-1
pb2	1962	2190	replicate-1
pb2	1963	2190	replicate-1
pb2	1964	2222	replicate-1
pb2	1965	2214	replicate-1
pb2	1966	2174	replicate-1
pb2	1967	2167	replicate-1
pb2	1968	2176	replicate-1
pb2	1969	2172	replicate-1
pb2	1970	2112	replicate-1
pb2	1971	2156	replicate-1
pb2	1972	2153	replicate-1
pb2	1973	2076	replicate-1
pb2	1974	2066	replicate-1
pb2	1975	2043	replicate-1
pb2	1976	2051	replicate-1
pb2	1977	2063	replicate-1
pb2	1978	2054	replicate-1
pb2	1979	2050	replicate-1
pb2	1980	2031	replicate-1
pb2	1981	2012	replicate-1
pb2	1982	2056	replicate-1
pb2	1983	2064	replicate-1
pb2	1984	2061	replicate-1
pb2	1985	2155	replicate-1
pb2	1986	2145	replicate-1
pb2	1987	2164	replicate-1
pb2	1988	2159	replicate-1
pb2	1989	2137	replicate-1
pb2	1990	2179	replicate-1
pb2	1991	2145	replicate-1
pb2	1992	2153	replicate-1
pb2	1993	2158	replicate-1
pb2	1994	2104	replicate-1
pb2	1995	2100	replicate-1
pb2	1996	2099	replicate-1
pb2	1997	2130	replicate-1
pb2	1998	2178	replicate-1
pb2	1999	2159	replicate-1
pb2	2000	2226	replicate-1
pb2	2001	2246	replicate-1
pb2	2002	2223	replicate-1
pb2	2003	2215	replicate-1
pb2	2004	2177	replicate-1
pb2	2005	2166	replicate-1
pb2	2006	2153	replicate-1
pb2	2007	2149	replicate-1
pb2	2008	2174	replicate-1
pb2	2009	2180	replicate-1
pb2	2010	2160	replicate-1
pb2	2011	2175	replicate-1
pb2	2012	2215	replicate-1
pb2	2013	2215	replicate-1
pb2	2014	2215	replicate-1
pb2	2015	2204	replicate-1
pb2	2016	2216	replicate-1
pb2	2017	2177	replicate-1
pb2	2018	2190	replicate-1
pb2	2019	2199	replicate-1
pb2	2020	2149	replicate-1
pb2	2021	2149	replicate-1
pb2	2022	2155	replicate-1
pb2	2023	2150	replicate-1
pb2	2024	2155	replicate-1
pb2	2025	2153	replicate-1
pb2	2026	2196	replicate-1
pb2	2027	2180	replicate-1
pb2	2028	2187	replicate-1
pb2	2029	2211	replicate-1
pb2	2030	2220	replicate-1
pb2	2031	2229	replicate-1
pb2	2032	2233	replicate-1
pb2	2033	2237	replicate-1
pb2	2034	2246	replicate-1
pb2	2035	2216	replicate-1
pb2	2036	2218	replicate-1
pb2	2037	2216	replicate-1
pb2	2038	2220	replicate-1
pb2	2039	2214	replicate-1
pb2	2040	2228	replicate-1
pb2	2041	2230	replicate-1
pb2	2042	2237	replicate-1
pb2	2043	2228	replicate-1
pb2	2044	2249	replicate-1
pb2	2045	2264	replicate-1
pb2	2046	2261	replicate-1
pb2	2047	2285	replicate-1
pb2	2048	2309	replicate-1
pb2	2049	2311	replicate-1
pb2	2050	2316	replicate-1
pb2	2051	2302	replicate-1
pb2	2052	2304	replicate-1
pb2	2053	2281	replicate-1
pb2	2054	2284	replicate-1
pb2	2055	2270	replicate-1
pb2	2056	2258	replicate-1
pb2	2057	2246	replicate-1
pb2	2058	2238	replicate-1
pb2	2059	2241	replicate-1
pb2	2060	2225	replicate-1
pb2	2061	2225	replicate-1
pb2	2062	2216	replicate-1
pb2	2063	2196	replicate-1
pb2	2064	2193	replicate-1
pb2	2065	2234	replicate-1
pb2	2066	2270	replicate-1
pb2	2067	2277	replicate-1
pb2	2068	2277	replicate-1
pb2	2069	2240	replicate-1
pb2	2070	2239	replicate-1
pb2	2071	2237	replicate-1
pb2	2072	2207	replicate-1
pb2	2073	2257	replicate-1
pb2	2074	2238	replicate-1
pb2	2075	2256	replicate-1
pb2	2076	2218	replicate-1
pb2	2077	2238	replicate-1
pb2	2078	2261	replicate-1
pb2	2079	2247	replicate-1
pb2	2080	2276	replicate-1
pb2	2081	2286	replicate-1
pb2	2082	2279	replicate-1
pb2	2083	2290	replicate-1
pb2	2084	2257	replicate-1
pb2	2085	2268	replicate-1
pb2	2086	2254	replicate-1
pb2	2087	2225	replicate-1
pb2	2088	2236	replicate-1
pb2	2089	2208	replicate-1
pb2	2090	2214	replicate-1
pb2	2091	2219	replicate-1
pb2	2092	2221	replicate-1
pb2	2093	2208	replicate-1
pb2	2094	2199	replicate-1
pb2	2095	2239	replicate-1
pb2	2096	2223	replicate-1
pb2	2097	2233	replicate-1
pb2	2098	2235	replicate-1
pb2	2099	2221	replicate-1
pb2	2100	2213	replicate-1
pb2	2101	2207	replicate-1
pb2	2102	2193	replicate-1
pb2	2103	2158	replicate-1
pb2	2104	2089	replicate-1
pb2	2105	2062	replicate-1
pb2	2106	2060	replicate-1
pb2	2107	2077	replicate-1
pb2	2108	2069	replicate-1
pb2	2109	2076	replicate-1
pb2	2110	2050	replicate-1
pb2	2111	2047	replicate-1
pb2	2112	2046	replicate-1
pb2	2113	2046	replicate-1
pb2	2114	2037	replicate-1
pb2	2115	2021	replicate-1
pb2	2116	2008	replicate-1
pb2	2117	1992	replicate-1
pb2	2118	1992	replicate-1
pb2	2119	1984	replicate-1
pb2	2120	1981	replicate-1
pb2	2121	1957	replicate-1
pb2	2122	1945	replicate-1
pb2	2123	1942	replicate-1
pb2	2124	1937	replicate-1
pb2	2125	1959	replicate-1
pb2	2126	1959	replicate-1
pb2	2127	1938	replicate-1
pb2	2128	1933	replicate-1
pb2	2129	1931	replicate-1
pb2	2130	1954	replicate-1
pb2	2131	1951	replicate-1
pb2	2132	1946	replicate-1
pb2	2133	1940	replicate-1
pb2	2134	1935	replicate-1
pb2	2135	1932	replicate-1
pb2	2136	1916	replicate-1
pb2	2137	1903	replicate-1
pb2	2138	1897	replicate-1
pb2	2139	1876	replicate-1
pb2	2140	1864	replicate-1
pb2	2141	1899	replicate-1
pb2	2142	1882	replicate-1
pb2	2143	1845	replicate-1
pb2	2144	1831	replicate-1
pb2	2145	1811	replicate-1
pb2	2146	1826	replicate-1
pb2	2147	1818	replicate-1
pb2	2148	1813	replicate-1
pb2	2149	1796	replicate-1
pb2	2150	1628	replicate-1
pb2	2151	1642	replicate-1
pb2	2152	1635	replicate-1
pb2	2153	1640	replicate-1
pb2	2154	1642	replicate-1
pb2	2155	1601	replicate-1
pb2	2156	1614	replicate-1
pb2	2157	1611	replicate-1
pb2	2158	1615	replicate-1
pb2	2159	1623	replicate-1
pb2	2160	1560	replicate-1
pb2	2161	1562	replicate-1
pb2	2162	1514	replicate-1
pb2	2163	1517	replicate-1
pb2	2164	1515	replicate-1
pb2	2165	1467	replicate-1
pb2	2166	1473	replicate-1
pb2	2167	1476	replicate-1
pb2	2168	1475	replicate-1
pb2	2169	1471	replicate-1
pb2	2170	1458	replicate-1
pb2	2171	1478	replicate-1
pb2	2172	1453	replicate-1
pb2	2173	1442	replicate-1
pb2	2174	1443	replicate-1
pb2	2175	1481	replicate-1
pb2	2176	1485	replicate-1
pb2	2177	1470	replicate-1
pb2	2178	1471	replicate-1
pb2	2179	1470	replicate-1
pb2	2180	1390	replicate-1
pb2	2181	1398	replicate-1
pb2	2182	1385	replicate-1
pb2	2183	1384	replicate-1
pb2	2184	1361	replicate-1
pb2	2185	1367	replicate-1
pb2	2186	1359	replicate-1
pb2	2187	1370	replicate-1
pb2	2188	1387	replicate-1
pb2	2189	1383	replicate-1
pb2	2190	1371	replicate-1
pb2	2191	1418	replicate-1
pb2	2192	1419	replicate-1
pb2	2193	1414	replicate-1
pb2	2194	1396	replicate-1
pb2	2195	1396	replicate-1
pb2	2196	1381	replicate-1
pb2	2197	1399	replicate-1
pb2	2198	1339	replicate-1
pb2	2199	1337	replicate-1
pb2	2200	1337	replicate-1
pb2	2201	1326	replicate-1
pb2	2202	1328	replicate-1
pb2	2203	1321	replicate-1
pb2	2204	1315	replicate-1
pb2	2205	1310	replicate-1
pb2	2206	1290	replicate-1
pb2	2207	1277	replicate-1
pb2	2208	1279	replicate-1
pb2	2209	1274	replicate-1
pb2	2210	1280	replicate-1
pb2	2211	1270	replicate-1
pb2	2212	1277	replicate-1
pb2	2213	1285	replicate-1
pb2	2214	1280	replicate-1
pb2	2215	1259	replicate-1
pb2	2216	1233	replicate-1
pb2	2217	1234	replicate-1
pb2	2218	1237	replicate-1
pb2	2219	1240	replicate-1
pb2	2220	1225	replicate-1
pb2	2221	1247	replicate-1
pb2	2222	1208	replicate-1
pb2	2223	1223	replicate-1
pb2	2224	1163	replicate-1
pb2	2225	1149	replicate-1
pb2	2226	1180	replicate-1
pb2	2227	1187	replicate-1
pb2	2228	1164	replicate-1
pb2	2229	1190	replicate-1
pb2	2230	1200	replicate-1
pb2	2231	1200	replicate-1
pb2	2232	1199	replicate-1
pb2	2233	1202	replicate-1
pb2	2234	1198	replicate-1
pb2	2235	1200	replicate-1
pb2	2236	1207	replicate-1
pb2	2237	1211	replicate-1
pb2	2238	1210	replicate-1
pb2	2239	1218	replicate-1
pb2	2240	1219	replicate-1
pb2	2241	1211	replicate-1
pb2	2242	1219	replicate-1
pb2	2243	1218	replicate-1
pb2	2244	1214	replicate-1
pb2	2245	1215	replicate-1
pb2	2246	1191	replicate-1
pb2	2247	1190	replicate-1
pb2	2248	1179	replicate-1
pb2	2249	1182	replicate-1
pb2	2250	1182	replicate-1
pb2	2251	1183	replicate-1
pb2	2252	1184	replicate-1
pb2	2253	1176	replicate-1
pb2	2254	1177	replicate-1
pb2	2255	1173	replicate-1
pb2	2256	1161	replicate-1
pb2	2257	1161	replicate-1
pb2	2258	1080	replicate-1
pb2	2259	1080	replicate-1
pb2	2260	1063	replicate-1
pb2	2261	1059	replicate-1
pb2	2262	1053	replicate-1
pb2	2263	1055	replicate-1
pb2	2264	1041	replicate-1
pb2	2265	1041	replicate-1
pb2	2266	1002	replicate-1
pb2	2267	1003	replicate-1
pb2	2268	1002	replicate-1
pb2	2269	1003	replicate-1
pb2	2270	1003	replicate-1
pb2	2271	1005	replicate-1
pb2	2272	1000	replicate-1
pb2	2273	1001	replicate-1
pb2	2274	973	replicate-1
pb2	2275	968	replicate-1
pb2	2276	933	replicate-1
pb2	2277	931	replicate-1
pb2	2278	924	replicate-1
pb2	2279	923	replicate-1
pb2	2280	918	replicate-1
pb2	2281	916	replicate-1
pb2	2282	918	replicate-1
pb2	2283	919	replicate-1
pb2	2284	916	replicate-1
pb2	2285	906	replicate-1
pb2	2286	870	replicate-1
pb2	2287	868	replicate-1
pb2	2288	864	replicate-1
pb2	2289	862	replicate-1
pb2	2290	858	replicate-1
pb2	2291	847	replicate-1
pb2	2292	837	replicate-1
pb2	2293	833	replicate-1
pb2	2294	810	replicate-1
pb2	2295	808	replicate-1
pb2	2296	803	replicate-1
pb2	2297	795	replicate-1
pb2	2298	793	replicate-1
pb2	2299	793	replicate-1
pb2	2300	791	replicate-1
pb2	2301	785	replicate-1
pb2	2302	785	replicate-1
pb2	2303	783	replicate-1
pb2	2304	772	replicate-1
pb2	2305	747	replicate-1
pb2	2306	682	replicate-1
pb2	2307	679	replicate-1
pb2	2308	654	replicate-1
pb2	2309	649	replicate-1
pb2	2310	627	replicate-1
pb2	2311	590	replicate-1
pb2	2312	589	replicate-1
pb2	2313	589	replicate-1
pb2	2314	586	replicate-1
pb2	2315	586	replicate-1
pb2	2316	528	replicate-1
pb2	2317	525	replicate-1
pb2	2318	517	replicate-1
pb2	2319	517	replicate-1
pb2	2320	517	replicate-1
pb2	2321	504	replicate-1
pb2	2322	500	replicate-1
pb2	2323	500	replicate-1
pb2	2324	499	replicate-1
pb2	2325	497	replicate-1
pb2	2326	355	replicate-1
pb2	2327	355	replicate-1
pb2	2328	355	replicate-1
pb2	2329	355	replicate-1
pb2	2330	352	replicate-1
pb2	2331	351	replicate-1
pb2	2332	349	replicate-1
pb2	2333	349	replicate-1
pb2	2334	343	replicate-1
pb2	2335	344	replicate-1
pb2	2336	342	replicate-1
pb2	2337	277	replicate-1
pb2	2338	268	replicate-1
pb2	2339	265	replicate-1
pb2	2340	264	replicate-1
pb2	2341	42	replicate-1
pa	466	1	replicate-1
pa	467	1	replicate-1
pa	468	1	replicate-1
pa	469	1	replicate-1
pa	470	1	replicate-1
pa	471	1	replicate-1
pa	472	1	replicate-1
pa	473	1	replicate-1
pa	474	1	replicate-1
pa	475	1	replicate-1
pa	476	1	replicate-1
pa	477	1	replicate-1
pa	478	1	replicate-1
pa	479	1	replicate-1
pa	480	1	replicate-1
pa	481	1	replicate-1
pa	482	1	replicate-1
pa	483	1	replicate-1
pa	484	1	replicate-1
pa	485	1	replicate-1
pa	486	1	replicate-1
pa	487	1	replicate-1
pa	488	1	replicate-1
pa	489	1	replicate-1
pa	490	1	replicate-1
pa	491	1	replicate-1
pa	492	1	replicate-1
pa	493	1	replicate-1
pa	494	1	replicate-1
pa	495	1	replicate-1
pa	496	1	replicate-1
pa	497	1	replicate-1
pa	498	1	replicate-1
pa	499	1	replicate-1
pa	500	1	replicate-1
pa	501	1	replicate-1
pa	502	1	replicate-1
pa	503	1	replicate-1
pa	504	1	replicate-1
pa	505	1	replicate-1
pa	506	1	replicate-1
pa	507	1	replicate-1
pa	508	1	replicate-1
pa	509	1	replicate-1
pa	510	1	replicate-1
pa	511	1	replicate-1
pa	512	1	replicate-1
pa	513	1	replicate-1
pa	514	1	replicate-1
pa	515	1	replicate-1
pa	516	1	replicate-1
pa	517	1	replicate-1
pa	518	1	replicate-1
pa	519	1	replicate-1
pa	520	1	replicate-1
pa	521	1	replicate-1
pa	522	1	replicate-1
pa	523	1	replicate-1
pa	524	1	replicate-1
pa	525	1	replicate-1
pa	526	1	replicate-1
pa	527	1	replicate-1
pa	528	1	replicate-1
pa	529	1	replicate-1
pa	530	1	replicate-1
pa	531	1	replicate-1
pa	532	1	replicate-1
pa	533	1	replicate-1
pa	534	1	replicate-1
pa	535	1	replicate-1
pa	536	1	replicate-1
pa	537	1	replicate-1
pa	538	1	replicate-1
pa	539	1	replicate-1
pa	540	1	replicate-1
pa	541	1	replicate-1
pa	542	1	replicate-1
pa	543	1	replicate-1
pa	544	1	replicate-1
pa	545	1	replicate-1
pa	546	1	replicate-1
pa	547	1	replicate-1
pa	548	1	replicate-1
pa	549	1	replicate-1
pa	550	1	replicate-1
pa	551	1	replicate-1
pa	552	1	replicate-1
pa	553	1	replicate-1
pa	554	1	replicate-1
pa	555	1	replicate-1
pa	556	1	replicate-1
pa	557	1	replicate-1
pa	558	1	replicate-1
pa	559	1	replicate-1
pa	560	1	replicate-1
pa	561	2	replicate-1
pa	562	2	replicate-1
pa	563	2	replicate-1
pa	564	2	replicate-1
pa	565	2	replicate-1
pa	566	2	replicate-1
pa	567	2	replicate-1
pa	568	2	replicate-1
pa	569	2	replicate-1
pa	570	2	replicate-1
pa	571	2	replicate-1
pa	572	2	replicate-1
pa	573	2	replicate-1
pa	574	2	replicate-1
pa	575	2	replicate-1
pa	576	2	replicate-1
pa	577	2	replicate-1
pa	578	2	replicate-1
pa	579	2	replicate-1
pa	580	2	replicate-1
pa	581	2	replicate-1
pa	582	2	replicate-1
pa	583	2	replicate-1
pa	584	2	replicate-1
pa	585	2	replicate-1
pa	586	2	replicate-1
pa	587	2	replicate-1
pa	588	2	replicate-1
pa	589	2	replicate-1
pa	590	2	replicate-1
pa	591	2	replicate-1
pa	592	2	replicate-1
pa	593	2	replicate-1
pa	594	2	replicate-1
pa	595	2	replicate-1
pa	596	2	replicate-1
pa	597	2	replicate-1
pa	598	2	replicate-1
pa	599	2	replicate-1
pa	600	2	replicate-1
pa	601	2	replicate-1
pa	602	2	replicate-1
pa	603	2	replicate-1
pa	604	2	replicate-1
pa	605	2	replicate-1
pa	606	2	replicate-1
pa	607	2	replicate-1
pa	608	2	replicate-1
pa	609	1	replicate-1
pa	610	1	replicate-1
pa	611	1	replicate-1
pa	612	1	replicate-1
pa	613	1	replicate-1
pa	614	1	replicate-1
pa	615	1	replicate-1
pa	616	1	replicate-1
pa	617	1	replicate-1
pa	618	1	replicate-1
pa	619	1	replicate-1
pa	620	1	replicate-1
pa	621	1	replicate-1
pa	622	1	replicate-1
pa	623	1	replicate-1
pa	624	1	replicate-1
pa	625	1	replicate-1
pa	626	1	replicate-1
pa	627	1	replicate-1
pa	628	1	replicate-1
pa	629	1	replicate-1
pa	630	1	replicate-1
pa	631	1	replicate-1
pa	632	1	replicate-1
pa	633	1	replicate-1
pa	634	1	replicate-1
pa	635	1	replicate-1
pa	636	1	replicate-1
pa	637	1	replicate-1
pa	638	1	replicate-1
pa	639	1	replicate-1
pa	640	1	replicate-1
pa	641	1	replicate-1
pa	642	1	replicate-1
pa	643	1	replicate-1
pa	644	1	replicate-1
pa	645	1	replicate-1
pa	646	1	replicate-1
pa	647	1	replicate-1
pa	648	1	replicate-1
pa	649	1	replicate-1
pa	650	1	replicate-1
pa	651	1	replicate-1
pa	652	1	replicate-1
pa	653	1	replicate-1
pa	654	1	replicate-1
pa	655	1	replicate-1
pa	656	1	replicate-1
pa	657	1	replicate-1
pa	658	1	replicate-1
pa	659	1	replicate-1
pa	660	1	replicate-1
pa	661	1	replicate-1
pa	662	1	replicate-1
pa	663	1	replicate-1
pa	664	1	replicate-1
pa	665	1	replicate-1
pa	666	1	replicate-1
pa	667	1	replicate-1
pa	668	1	replicate-1
pa	669	1	replicate-1
pa	670	1	replicate-1
pa	671	1	replicate-1
pa	672	1	replicate-1
pa	673	1	replicate-1
pa	674	1	replicate-1
pa	675	1	replicate-1
pa	676	1	replicate-1
pa	677	1	replicate-1
pa	678	1	replicate-1
pa	679	1	replicate-1
pa	680	1	replicate-1
pa	681	1	replicate-1
pa	682	1	replicate-1
pa	683	1	replicate-1
pa	684	1	replicate-1
pa	685	1	replicate-1
pa	686	1	replicate-1
pa	687	1	replicate-1
pa	688	1	replicate-1
pa	689	1	replicate-1
pa	690	1	replicate-1
pa	691	1	replicate-1
pa	692	1	replicate-1
pa	693	1	replicate-1
pa	694	1	replicate-1
pa	695	1	replicate-1
pa	696	1	replicate-1
pa	697	1	replicate-1
pa	698	1	replicate-1
pa	699	1	replicate-1
pa	700	1	replicate-1
pa	701	1	replicate-1
pa	702	1	replicate-1
pa	703	1	replicate-1
pa	704	1	replicate-1
pa	705	1	replicate-1
pa	706	1	replicate-1
pa	707	1	replicate-1
pa	708	1	replicate-1
pa	709	1	replicate-1
pa	710	1	replicate-1
pa	711	1	replicate-1
pa	971	7	replicate-1
pa	972	7	replicate-1
pa	973	7	replicate-1
pa	974	55	replicate-1
pa	975	105	replicate-1
pa	976	176	replicate-1
pa	977	176	replicate-1
pa	978	176	replicate-1
pa	979	204	replicate-1
pa	980	247	replicate-1
pa	981	355	replicate-1
pa	982	362	replicate-1
pa	983	364	replicate-1
pa	984	419	replicate-1
pa	985	490	replicate-1
pa	986	602	replicate-1
pa	987	603	replicate-1
pa	988	663	replicate-1
pa	989	697	replicate-1
pa	990	855	replicate-1
pa	991	867	replicate-1
pa	992	869	replicate-1
pa	993	870	replicate-1
pa	994	877	replicate-1
pa	995	912	replicate-1
pa	996	912	replicate-1
pa	997	945	replicate-1
pa	998	963	replicate-1
pa	999	975	replicate-1
pa	1000	1194	replicate-1
pa	1001	1197	replicate-1
pa	1002	1205	replicate-1
pa	1003	1217	replicate-1
pa	1004	1223	replicate-1
pa	1005	1229	replicate-1
pa	1006	1231	replicate-1
pa	1007	1231	replicate-1
pa	1008	1305	replicate-1
pa	1009	1404	replicate-1
pa	1010	1476	replicate-1
pa	1011	1496	replicate-1
pa	1012	1499	replicate-1
pa	1013	1499	replicate-1
pa	1014	1503	replicate-1
pa	1015	1617	replicate-1
pa	1016	1704	replicate-1
pa	1017	1983	replicate-1
pa	1018	1993	replicate-1
pa	1019	2010	replicate-1
pa	1020	2026	replicate-1
pa	1021	2156	replicate-1
pa	1022	2231	replicate-1
pa	1023	2254	replicate-1
pa	1024	2255	replicate-1
pa	1025	2313	replicate-1
pa	1026	2327	replicate-1
pa	1027	2421	replicate-1
pa	1028	2424	replicate-1
pa	1029	2434	replicate-1
pa	1030	2434	replicate-1
pa	1031	2450	replicate-1
pa	1032	2499	replicate-1
pa	1033	2530	replicate-1
pa	1034	2555	replicate-1
pa	1035	2555	replicate-1
pa	1036	2556	replicate-1
pa	1037	2560	replicate-1
pa	1038	2578	replicate-1
pa	1039	2598	replicate-1
pa	1040	2605	replicate-1
pa	1041	2606	replicate-1
pa	1042	2609	replicate-1
pa	1043	2610	replicate-1
pa	1044	2643	replicate-1
pa	1045	2692	replicate-1
pa	1046	2725	replicate-1
pa	1047	2728	replicate-1
pa	1048	2789	replicate-1
pa	1049	2828	replicate-1
pa	1050	2836	replicate-1
pa	1051	2850	replicate-1
pa	1052	2863	replicate-1
pa	1053	2863	replicate-1
pa	1054	2879	replicate-1
pa	1055	2862	replicate-1
pa	1056	2890	replicate-1
pa	1057	3203	replicate-1
pa	1058	3217	replicate-1
pa	1059	3256	replicate-1
pa	1060	3255	replicate-1
pa	1061	3257	replicate-1
pa	1062	3262	replicate-1
pa	1063	3274	replicate-1
pa	1064	3273	replicate-1
pa	1065	3333	replicate-1
pa	1066	3334	replicate-1
pa	1067	3350	replicate-1
pa	1068	3347	replicate-1
pa	1069	3346	replicate-1
pa	1070	3344	replicate-1
pa	1071	3334	replicate-1
pa	1072	3336	replicate-1
pa	1073	3334	replicate-1
pa	1074	3332	replicate-1
pa	1075	3344	replicate-1
pa	1076	3328	replicate-1
pa	1077	3340	replicate-1
pa	1078	3356	replicate-1
pa	1079	3365	replicate-1
pa	1080	3377	replicate-1
pa	1081	3381	replicate-1
pa	1082	3370	replicate-1
pa	1083	3361	replicate-1
pa	1084	3364	replicate-1
pa	1085	3391	replicate-1
pa	1086	3400	replicate-1
pa	1087	3386	replicate-1
pa	1088	3381	replicate-1
pa	1089	3380	replicate-1
pa	1090	3375	replicate-1
pa	1091	3365	replicate-1
pa	1092	3409	replicate-1
pa	1093	3406	replicate-1
pa	1094	3414	replicate-1
pa	1095	3411	replicate-1
pa	1096	3407	replicate-1
pa	1097	3399	replicate-1
pa	1098	3393	replicate-1
pa	1099	3392	replicate-1
pa	1100	3416	replicate-1
pa	1101	3417	replicate-1
pa	1102	3410	replicate-1
pa	1103	3403	replicate-1
pa	1104	3460	replicate-1
pa	1105	3453	replicate-1
pa	1106	3422	replicate-1
pa	1107	3438	replicate-1
pa	1108	3423	replicate-1
pa	1109	3418	replicate-1
pa	1110	3409	replicate-1
pa	1111	3390	replicate-1
pa	1112	3400	replicate-1
pa	1113	3396	replicate-1
pa	1114	3404	replicate-1
pa	1115	3410	replicate-1
pa	1116	3450	replicate-1
pa	1117	3745	replicate-1
pa	1118	3750	replicate-1
pa	1119	3786	replicate-1
pa	1120	3777	replicate-1
pa	1121	3735	replicate-1
pa	1122	3702	replicate-1
pa	1123	3715	replicate-1
pa	1124	3726	replicate-1
pa	1125	3707	replicate-1
pa	1126	3626	replicate-1
pa	1127	3630	replicate-1
pa	1128	3668	replicate-1
pa	1129	3676	replicate-1
pa	1130	3697	replicate-1
pa	1131	3666	replicate-1
pa	1132	3715	replicate-1
pa	1133	3697	replicate-1
pa	1134	3695	replicate-1
pa	1135	3846	replicate-1
pa	1136	3830	replicate-1
pa	1137	3797	replicate-1
pa	1138	3816	replicate-1
pa	1139	3779	replicate-1
pa	1140	3844	replicate-1
pa	1141	3765	replicate-1
pa	1142	3801	replicate-1
pa	1143	3802	replicate-1
pa	1144	3763	replicate-1
pa	1145	3747	replicate-1
pa	1146	3723	replicate-1
pa	1147	3738	replicate-1
pa	1148	3798	replicate-1
pa	1149	3742	replicate-1
pa	1150	3706	replicate-1
pa	1151	3703	replicate-1
pa	1152	3710	replicate-1
pa	1153	3744	replicate-1
pa	1154	3712	replicate-1
pa	1155	3686	replicate-1
pa	1156	3719	replicate-1
pa	1157	3724	replicate-1
pa	1158	3719	replicate-1
pa	1159	3710	replicate-1
pa	1160	3686	replicate-1
pa	1161	3681	replicate-1
pa	1162	3716	replicate-1
pa	1163	3822	replicate-1
pa	1164	3816	replicate-1
pa	1165	3824	replicate-1
pa	1166	3815	replicate-1
pa	1167	3768	replicate-1
pa	1168	3710	replicate-1
pa	1169	3705	replicate-1
pa	1170	3712	replicate-1
pa	1171	3730	replicate-1
pa	1172	3641	replicate-1
pa	1173	3812	replicate-1
pa	1174	3826	replicate-1
pa	1175	3964	replicate-1
pa	1176	3964	replicate-1
pa	1177	3959	replicate-1
pa	1178	3919	replicate-1
pa	1179	3940	replicate-1
pa	1180	4004	replicate-1
pa	1181	4014	replicate-1
pa	1182	3935	replicate-1
pa	1183	3931	replicate-1
pa	1184	3892	replicate-1
pa	1185	3905	replicate-1
pa	1186	3945	replicate-1
pa	1187	3946	replicate-1
pa	1188	3933	replicate-1
pa	1189	3921	replicate-1
pa	1190	4309	replicate-1
pa	1191	4323	replicate-1
pa	1192	4399	replicate-1
pa	1193	4420	replicate-1
pa	1194	4448	replicate-1
pa	1195	4473	replicate-1
pa	1196	4479	replicate-1
pa	1197	4468	replicate-1
pa	1198	4561	replicate-1
pa	1199	4405	replicate-1
pa	1200	4768	replicate-1
pa	1201	4776	replicate-1
pa	1202	4782	replicate-1
pa	1203	4828	replicate-1
pa	1204	4822	replicate-1
pa	1205	4849	replicate-1
pa	1206	4831	replicate-1
pa	1207	4710	replicate-1
pa	1208	4671	replicate-1
pa	1209	4660	replicate-1
pa	1210	4670	replicate-1
pa	1211	4694	replicate-1
pa	1212	4703	replicate-1
pa	1213	4731	replicate-1
pa	1214	4732	replicate-1
pa	1215	4775	replicate-1
pa	1216	4777	replicate-1
pa	1217	4772	replicate-1
pa	1218	4749	replicate-1
pa	1219	4767	replicate-1
pa	1220	4800	replicate-1
pa	1221	4913	replicate-1
pa	1222	4964	replicate-1
pa	1223	4967	replicate-1
pa	1224	4968	replicate-1
pa	1225	4963	replicate-1
pa	1226	4988	replicate-1
pa	1227	4996	replicate-1
pa	1228	5007	replicate-1
pa	1229	4988	replicate-1
pa	1230	4956	replicate-1
pa	1231	4974	replicate-1
pa	1232	4990	replicate-1
pa	1233	5007	replicate-1
pa	1234	5041	replicate-1
pa	1235	5062	replicate-1
pa	1236	5089	replicate-1
pa	1237	5088	replicate-1
pa	1238	5135	replicate-1
pa	1239	5164	replicate-1
pa	1240	5167	replicate-1
pa	1241	5174	replicate-1
pa	1242	5227	replicate-1
pa	1243	5244	replicate-1
pa	1244	5250	replicate-1
pa	1245	5256	replicate-1
pa	1246	5250	replicate-1
pa	1247	5219	replicate-1
pa	1248	5269	replicate-1
pa	1249	5427	replicate-1
pa	1250	5440	replicate-1
pa	1251	5413	replicate-1
pa	1252	5512	replicate-1
pa	1253	5541	replicate-1
pa	1254	5546	replicate-1
pa	1255	5522	replicate-1
pa	1256	5544	replicate-1
pa	1257	5744	replicate-1
pa	1258	5737	replicate-1
pa	1259	5790	replicate-1
pa	1260	5799	replicate-1
pa	1261	5763	replicate-1
pa	1262	5792	replicate-1
pa	1263	5823	replicate-1
pa	1264	5850	replicate-1
pa	1265	5861	replicate-1
pa	1266	5715	replicate-1
pa	1267	5717	replicate-1
pa	1268	5664	replicate-1
pa	1269	5685	replicate-1
pa	1270	5802	replicate-1
pa	1271	5818	replicate-1
pa	1272	5757	replicate-1
pa	1273	5752	replicate-1
pa	1274	5903	replicate-1
pa	1275	6008	replicate-1
pa	1276	5979	replicate-1
pa	1277	6002	replicate-1
pa	1278	5944	replicate-1
pa	1279	5953	replicate-1
pa	1280	5975	replicate-1
pa	1281	5979	replicate-1
pa	1282	5979	replicate-1
pa	1283	5975	replicate-1
pa	1284	6027	replicate-1
pa	1285	6032	replicate-1
pa	1286	5987	replicate-1
pa	1287	5996	replicate-1
pa	1288	5960	replicate-1
pa	1289	6162	replicate-1
pa	1290	6257	replicate-1
pa	1291	6224	replicate-1
pa	1292	6218	replicate-1
pa	1293	6170	replicate-1
pa	1294	6265	replicate-1
pa	1295	6245	replicate-1
pa	1296	6227	replicate-1
pa	1297	6217	replicate-1
pa	1298	6047	replicate-1
pa	1299	6077	replicate-1
pa	1300	6079	replicate-1
pa	1301	6063	replicate-1
pa	1302	6067	replicate-1
pa	1303	6007	replicate-1
pa	1304	6164	replicate-1
pa	1305	6132	replicate-1
pa	1306	6110	replicate-1
pa	1307	6125	replicate-1
pa	1308	6030	replicate-1
pa	1309	6102	replicate-1
pa	1310	6160	replicate-1
pa	1311	6190	replicate-1
pa	1312	6214	replicate-1
pa	1313	6059	replicate-1
pa	1314	6041	replicate-1
pa	1315	6049	replicate-1
pa	1316	6171	replicate-1
pa	1317	6174	replicate-1
pa	1318	6157	replicate-1
pa	1319	6174	replicate-1
pa	1320	6187	replicate-1
pa	1321	6226	replicate-1
pa	1322	6143	replicate-1
pa	1323	6138	replicate-1
pa	1324	6154	replicate-1
pa	1325	6032	replicate-1
pa	1326	6085	replicate-1
pa	1327	6223	replicate-1
pa	1328	6230	replicate-1
pa	1329	6237	replicate-1
pa	1330	6231	replicate-1
pa	1331	6229	replicate-1
pa	1332	6229	replicate-1
pa	1333	6235	replicate-1
pa	1334	6204	replicate-1
pa	1335	6307	replicate-1
pa	1336	6204	replicate-1
pa	1337	6282	replicate-1
pa	1338	6288	replicate-1
pa	1339	6299	replicate-1
pa	1340	6100	replicate-1
pa	1341	6120	replicate-1
pa	1342	6128	replicate-1
pa	1343	6110	replicate-1
pa	1344	6076	replicate-1
pa	1345	6049	replicate-1
pa	1346	5974	replicate-1
pa	1347	5992	replicate-1
pa	1348	5963	replicate-1
pa	1349	5955	replicate-1
pa	1350	5961	replicate-1
pa	1351	5798	replicate-1
pa	1352	5787	replicate-1
pa	1353	5812	replicate-1
pa	1354	5797	replicate-1
pa	1355	5776	replicate-1
pa	1356	5804	replicate-1
pa	1357	5801	replicate-1
pa	1358	5777	replicate-1
pa	1359	5746	replicate-1
pa	1360	5734	replicate-1
pa	1361	5740	replicate-1
pa	1362	5688	replicate-1
pa	1363	5621	replicate-1
pa	1364	5722	replicate-1
pa	1365	5670	replicate-1
pa	1366	5705	replicate-1
pa	1367	5699	replicate-1
pa	1368	5659	replicate-1
pa	1369	5700	replicate-1
pa	1370	5636	replicate-1
pa	1371	5626	replicate-1
pa	1372	5597	replicate-1
pa	1373	5380	replicate-1
pa	1374	5483	replicate-1
pa	1375	5446	replicate-1
pa	1376	5441	replicate-1
pa	1377	5475	replicate-1
pa	1378	5449	replicate-1
pa	1379	5476	replicate-1
pa	1380	5586	replicate-1
pa	1381	5597	replicate-1
pa	1382	5599	replicate-1
pa	1383	5551	replicate-1
pa	1384	5476	replicate-1
pa	1385	5501	replicate-1
pa	1386	5479	replicate-1
pa	1387	5490	replicate-1
pa	1388	5522	replicate-1
pa	1389	5452	replicate-1
pa	1390	5600	replicate-1
pa	1391	5649	replicate-1
pa	1392	5654	replicate-1
pa	1393	5731	replicate-1
pa	1394	5711	replicate-1
pa	1395	5777	replicate-1
pa	1396	5753	replicate-1
pa	1397	5704	replicate-1
pa	1398	5721	replicate-1
pa	1399	5459	replicate-1
pa	1400	5482	replicate-1
pa	1401	5502	replicate-1
pa	1402	5474	replicate-1
pa	1403	5484	replicate-1
pa	1404	5414	replicate-1
pa	1405	5379	replicate-1
pa	1406	5362	replicate-1
pa	1407	5304	replicate-1
pa	1408	5243	replicate-1
pa	1409	5258	replicate-1
pa	1410	5097	replicate-1
pa	1411	5170	replicate-1
pa	1412	5131	replicate-1
pa	1413	5163	replicate-1
pa	1414	5163	replicate-1
pa	1415	5544	replicate-1
pa	1416	5907	replicate-1
pa	1417	5902	replicate-1
pa	1418	5906	replicate-1
pa	1419	6092	replicate-1
pa	1420	6022	replicate-1
pa	1421	6282	replicate-1
pa	1422	6274	replicate-1
pa	1423	6293	replicate-1
pa	1424	6302	replicate-1
pa	1425	5748	replicate-1
pa	1426	5979	replicate-1
pa	1427	6045	replicate-1
pa	1428	5964	replicate-1
pa	1429	5989	replicate-1
pa	1430	5830	replicate-1
pa	1431	6062	replicate-1
pa	1432	6110	replicate-1
pa	1433	6112	replicate-1
pa	1434	6187	replicate-1
pa	1435	6034	replicate-1
pa	1436	6078	replicate-1
pa	1437	6085	replicate-1
pa	1438	6070	replicate-1
pa	1439	6023	replicate-1
pa	1440	5863	replicate-1
pa	1441	5869	replicate-1
pa	1442	5872	replicate-1
pa	1443	5860	replicate-1
pa	1444	5828	replicate-1
pa	1445	5806	replicate-1
pa	1446	5793	replicate-1
pa	1447	5807	replicate-1
pa	1448	5831	replicate-1
pa	1449	5818	replicate-1
pa	1450	5941	replicate-1
pa	1451	5943	replicate-1
pa	1452	5942	replicate-1
pa	1453	5977	replicate-1
pa	1454	5971	replicate-1
pa	1455	5943	replicate-1
pa	1456	5973	replicate-1
pa	1457	5970	replicate-1
pa	1458	5958	replicate-1
pa	1459	5862	replicate-1
pa	1460	5898	replicate-1
pa	1461	5958	replicate-1
pa	1462	5947	replicate-1
pa	1463	5945	replicate-1
pa	1464	5916	replicate-1
pa	1465	5888	replicate-1
pa	1466	5852	replicate-1
pa	1467	5853	replicate-1
pa	1468	5865	replicate-1
pa	1469	5823	replicate-1
pa	1470	5814	replicate-1
pa	1471	5815	replicate-1
pa	1472	5892	replicate-1
pa	1473	5902	replicate-1
pa	1474	5929	replicate-1
pa	1475	5932	replicate-1
pa	1476	5907	replicate-1
pa	1477	5901	replicate-1
pa	1478	5901	replicate-1
pa	1479	5896	replicate-1
pa	1480	5930	replicate-1
pa	1481	5836	replicate-1
pa	1482	5849	replicate-1
pa	1483	5919	replicate-1
pa	1484	5931	replicate-1
pa	1485	5888	replicate-1
pa	1486	5867	replicate-1
pa	1487	5823	replicate-1
pa	1488	5831	replicate-1
pa	1489	5855	replicate-1
pa	1490	5831	replicate-1
pa	1491	5837	replicate-1
pa	1492	5729	replicate-1
pa	1493	5749	replicate-1
pa	1494	5771	replicate-1
pa	1495	5775	replicate-1
pa	1496	5787	replicate-1
pa	1497	5744	replicate-1
pa	1498	5745	replicate-1
pa	1499	5749	replicate-1
pa	1500	5746	replicate-1
pa	1501	5757	replicate-1
pa	1502	5692	replicate-1
pa	1503	5659	replicate-1
pa	1504	5620	replicate-1
pa	1505	5623	replicate-1
pa	1506	5597	replicate-1
pa	1507	5531	replicate-1
pa	1508	5531	replicate-1
pa	1509	5566	replicate-1
pa	1510	5570	replicate-1
pa	1511	5546	replicate-1
pa	1512	5543	replicate-1
pa	1513	5536	replicate-1
pa	1514	5569	replicate-1
pa	1515	5527	replicate-1
pa	1516	5507	replicate-1
pa	1517	5509	replicate-1
pa	1518	5477	replicate-1
pa	1519	5533	replicate-1
pa	1520	5488	replicate-1
pa	1521	5780	replicate-1
pa	1522	5894	replicate-1
pa	1523	5830	replicate-1
pa	1524	5871	replicate-1
pa	1525	5843	replicate-1
pa	1526	5839	replicate-1
pa	1527	5907	replicate-1
pa	1528	5812	replicate-1
pa	1529	5755	replicate-1
pa	1530	5710	replicate-1
pa	1531	5450	replicate-1
pa	1532	5458	replicate-1
pa	1533	5466	replicate-1
pa	1534	5479	replicate-1
pa	1535	5569	replicate-1
pa	1536	5586	replicate-1
pa	1537	5601	replicate-1
pa	1538	5559	replicate-1
pa	1539	5534	replicate-1
pa	1540	5575	replicate-1
pa	1541	5542	replicate-1
pa	1542	5498	replicate-1
pa	1543	5499	replicate-1
pa	1544	5447	replicate-1
pa	1545	5440	replicate-1
pa	1546	5388	replicate-1
pa	1547	5454	replicate-1
pa	1548	5511	replicate-1
pa	1549	5483	replicate-1
pa	1550	5470	replicate-1
pa	1551	5489	replicate-1
pa	1552	5638	replicate-1
pa	1553	5697	replicate-1
pa	1554	5707	replicate-1
pa	1555	5708	replicate-1
pa	1556	5638	replicate-1
pa	1557	5599	replicate-1
pa	1558	5603	replicate-1
pa	1559	5605	replicate-1
pa	1560	5733	replicate-1
pa	1561	5662	replicate-1
pa	1562	5651	replicate-1
pa	1563	5649	replicate-1
pa	1564	5653	replicate-1
pa	1565	5715	replicate-1
pa	1566	5616	replicate-1
pa	1567	5542	replicate-1
pa	1568	5608	replicate-1
pa	1569	5442	replicate-1
pa	1570	5457	replicate-1
pa	1571	5432	replicate-1
pa	1572	5383	replicate-1
pa	1573	5423	replicate-1
pa	1574	5416	replicate-1
pa	1575	5362	replicate-1
pa	1576	5347	replicate-1
pa	1577	5305	replicate-1
pa	1578	5339	replicate-1
pa	1579	5311	replicate-1
pa	1580	5314	replicate-1
pa	1581	5356	replicate-1
pa	1582	5215	replicate-1
pa	1583	5223	replicate-1
pa	1584	5197	replicate-1
pa	1585	5205	replicate-1
pa	1586	5194	replicate-1
pa	1587	5151	replicate-1
pa	1588	5176	replicate-1
pa	1589	5287	replicate-1
pa	1590	5229	replicate-1
pa	1591	5201	replicate-1
pa	1592	5218	replicate-1
pa	1593	5223	replicate-1
pa	1594	5295	replicate-1
pa	1595	5301	replicate-1
pa	1596	5326	replicate-1
pa	1597	5282	replicate-1
pa	1598	5230	replicate-1
pa	1599	5306	replicate-1
pa	1600	5324	replicate-1
pa	1601	5313	replicate-1
pa	1602	5321	replicate-1
pa	1603	5341	replicate-1
pa	1604	5275	replicate-1
pa	1605	5294	replicate-1
pa	1606	5287	replicate-1
pa	1607	5335	replicate-1
pa	1608	5300	replicate-1
pa	1609	5281	replicate-1
pa	1610	5279	replicate-1
pa	1611	5284	replicate-1
pa	1612	5314	replicate-1
pa	1613	5323	replicate-1
pa	1614	5323	replicate-1
pa	1615	5334	replicate-1
pa	1616	5403	replicate-1
pa	1617	5498	replicate-1
pa	1618	5497	replicate-1
pa	1619	5411	replicate-1
pa	1620	5422	replicate-1
pa	1621	5533	replicate-1
pa	1622	5510	replicate-1
pa	1623	5473	replicate-1
pa	1624	5481	replicate-1
pa	1625	5351	replicate-1
pa	1626	5344	replicate-1
pa	1627	5354	replicate-1
pa	1628	5353	replicate-1
pa	1629	5386	replicate-1
pa	1630	5245	replicate-1
pa	1631	5285	replicate-1
pa	1632	5286	replicate-1
pa	1633	5350	replicate-1
pa	1634	5373	replicate-1
pa	1635	5377	replicate-1
pa	1636	5430	replicate-1
pa	1637	5419	replicate-1
pa	1638	5389	replicate-1
pa	1639	5387	replicate-1
pa	1640	5351	replicate-1
pa	1641	5419	replicate-1
pa	1642	5412	replicate-1
pa	1643	5359	replicate-1
pa	1644	5339	replicate-1
pa	1645	5259	replicate-1
pa	1646	5321	replicate-1
pa	1647	5307	replicate-1
pa	1648	5340	replicate-1
pa	1649	5424	replicate-1
pa	1650	5394	replicate-1
pa	1651	5455	replicate-1
pa	1652	5457	replicate-1
pa	1653	5473	replicate-1
pa	1654	5495	replicate-1
pa	1655	5521	replicate-1
pa	1656	5524	replicate-1
pa	1657	5565	replicate-1
pa	1658	5416	replicate-1
pa	1659	5468	replicate-1
pa	1660	5458	replicate-1
pa	1661	5491	replicate-1
pa	1662	5544	replicate-1
pa	1663	5575	replicate-1
pa	1664	5684	replicate-1
pa	1665	5670	replicate-1
pa	1666	5647	replicate-1
pa	1667	5667	replicate-1
pa	1668	5667	replicate-1
pa	1669	5745	replicate-1
pa	1670	5681	replicate-1
pa	1671	5633	replicate-1
pa	1672	5533	replicate-1
pa	1673	5484	replicate-1
pa	1674	5506	replicate-1
pa	1675	5479	replicate-1
pa	1676	5506	replicate-1
pa	1677	5530	replicate-1
pa	1678	5301	replicate-1
pa	1679	5356	replicate-1
pa	1680	5301	replicate-1
pa	1681	5465	replicate-1
pa	1682	5493	replicate-1
pa	1683	5471	replicate-1
pa	1684	5465	replicate-1
pa	1685	5374	replicate-1
pa	1686	5322	replicate-1
pa	1687	5361	replicate-1
pa	1688	5322	replicate-1
pa	1689	5314	replicate-1
pa	1690	5163	replicate-1
pa	1691	5159	replicate-1
pa	1692	5168	replicate-1
pa	1693	5249	replicate-1
pa	1694	5325	replicate-1
pa	1695	5421	replicate-1
pa	1696	5348	replicate-1
pa	1697	5292	replicate-1
pa	1698	5293	replicate-1
pa	1699	5298	replicate-1
pa	1700	5293	replicate-1
pa	1701	5261	replicate-1
pa	1702	5263	replicate-1
pa	1703	5173	replicate-1
pa	1704	5067	replicate-1
pa	1705	5126	replicate-1
pa	1706	5133	replicate-1
pa	1707	5164	replicate-1
pa	1708	5155	replicate-1
pa	1709	5187	replicate-1
pa	1710	5191	replicate-1
pa	1711	5130	replicate-1
pa	1712	5088	replicate-1
pa	1713	5146	replicate-1
pa	1714	5088	replicate-1
pa	1715	5129	replicate-1
pa	1716	5157	replicate-1
pa	1717	5161	replicate-1
pa	1718	5086	replicate-1
pa	1719	5003	replicate-1
pa	1720	4941	replicate-1
pa	1721	4955	replicate-1
pa	1722	4940	replicate-1
pa	1723	4885	replicate-1
pa	1724	4869	replicate-1
pa	1725	4726	replicate-1
pa	1726	4707	replicate-1
pa	1727	4684	replicate-1
pa	1728	4707	replicate-1
pa	1729	4710	replicate-1
pa	1730	4705	replicate-1
pa	1731	4663	replicate-1
pa	1732	4631	replicate-1
pa	1733	4631	replicate-1
pa	1734	4638	replicate-1
pa	1735	4642	replicate-1
pa	1736	4663	replicate-1
pa	1737	4666	replicate-1
pa	1738	4666	replicate-1
pa	1739	4657	replicate-1
pa	1740	4633	replicate-1
pa	1741	4689	replicate-1
pa	1742	4685	replicate-1
pa	1743	4661	replicate-1
pa	1744	4629	replicate-1
pa	1745	4625	replicate-1
pa	1746	4633	replicate-1
pa	1747	4657	replicate-1
pa	1748	4662	replicate-1
pa	1749	4732	replicate-1
pa	1750	4727	replicate-1
pa	1751	4721	replicate-1
pa	1752	4711	replicate-1
pa	1753	4726	replicate-1
pa	1754	4722	replicate-1
pa	1755	4784	replicate-1
pa	1756	4788	replicate-1
pa	1757	4884	replicate-1
pa	1758	4747	replicate-1
pa	1759	4762	replicate-1
pa	1760	4776	replicate-1
pa	1761	4762	replicate-1
pa	1762	4895	replicate-1
pa	1763	4805	replicate-1
pa	1764	4797	replicate-1
pa	1765	4755	replicate-1
pa	1766	4569	replicate-1
pa	1767	4542	replicate-1
pa	1768	4512	replicate-1
pa	1769	4526	replicate-1
pa	1770	4543	replicate-1
pa	1771	4430	replicate-1
pa	1772	4435	replicate-1
pa	1773	4423	replicate-1
pa	1774	4441	replicate-1
pa	1775	4546	replicate-1
pa	1776	4546	replicate-1
pa	1777	4573	replicate-1
pa	1778	4560	replicate-1
pa	1779	4602	replicate-1
pa	1780	4661	replicate-1
pa	1781	4672	replicate-1
pa	1782	4680	replicate-1
pa	1783	4688	replicate-1
pa	1784	4556	replicate-1
pa	1785	4554	replicate-1
pa	1786	4519	replicate-1
pa	1787	4664	replicate-1
pa	1788	4658	replicate-1
pa	1789	4732	replicate-1
pa	1790	4765	replicate-1
pa	1791	4794	replicate-1
pa	1792	4785	replicate-1
pa	1793	4789	replicate-1
pa	1794	4787	replicate-1
pa	1795	4809	replicate-1
pa	1796	4691	replicate-1
pa	1797	4802	replicate-1
pa	1798	4726	replicate-1
pa	1799	4724	replicate-1
pa	1800	4678	replicate-1
pa	1801	4677	replicate-1
pa	1802	4648	replicate-1
pa	1803	4684	replicate-1
pa	1804	4624	replicate-1
pa	1805	4663	replicate-1
pa	1806	4563	replicate-1
pa	1807	4514	replicate-1
pa	1808	4505	replicate-1
pa	1809	4584	replicate-1
pa	1810	4601	replicate-1
pa	1811	4589	replicate-1
pa	1812	4458	replicate-1
pa	1813	4456	replicate-1
pa	1814	4311	replicate-1
pa	1815	4324	replicate-1
pa	1816	4347	replicate-1
pa	1817	4353	replicate-1
pa	1818	4263	replicate-1
pa	1819	4219	replicate-1
pa	1820	4185	replicate-1
pa	1821	4289	replicate-1
pa	1822	4271	replicate-1
pa	1823	4313	replicate-1
pa	1824	4313	replicate-1
pa	1825	4456	replicate-1
pa	1826	4491	replicate-1
pa	1827	4517	replicate-1
pa	1828	4602	replicate-1
pa	1829	4604	replicate-1
pa	1830	4433	replicate-1
pa	1831	4355	replicate-1
pa	1832	4304	replicate-1
pa	1833	4292	replicate-1
pa	1834	4385	replicate-1
pa	1835	4372	replicate-1
pa	1836	4354	replicate-1
pa	1837	4328	replicate-1
pa	1838	4329	replicate-1
pa	1839	4360	replicate-1
pa	1840	4389	replicate-1
pa	1841	4348	replicate-1
pa	1842	4348	replicate-1
pa	1843	4258	replicate-1
pa	1844	4261	replicate-1
pa	1845	4231	replicate-1
pa	1846	4232	replicate-1
pa	1847	4276	replicate-1
pa	1848	4245	replicate-1
pa	1849	4190	replicate-1
pa	1850	4194	replicate-1
pa	1851	4172	replicate-1
pa	1852	4180	replicate-1
pa	1853	4134	replicate-1
pa	1854	4137	replicate-1
pa	1855	4105	replicate-1
pa	1856	4071	replicate-1
pa	1857	4065	replicate-1
pa	1858	4058	replicate-1
pa	1859	4047	replicate-1
pa	1860	4033	replicate-1
pa	1861	4020	replicate-1
pa	1862	3999	replicate-1
pa	1863	4002	replicate-1
pa	1864	3997	replicate-1
pa	1865	3994	replicate-1
pa	1866	3973	replicate-1
pa	1867	3950	replicate-1
pa	1868	4024	replicate-1
pa	1869	4106	replicate-1
pa	1870	4122	replicate-1
pa	1871	4134	replicate-1
pa	1872	4124	replicate-1
pa	1873	4158	replicate-1
pa	1874	4162	replicate-1
pa	1875	4156	replicate-1
pa	1876	4147	replicate-1
pa	1877	4052	replicate-1
pa	1878	4056	replicate-1
pa	1879	4028	replicate-1
pa	1880	4051	replicate-1
pa	1881	4062	replicate-1
pa	1882	4059	replicate-1
pa	1883	4115	replicate-1
pa	1884	4105	replicate-1
pa	1885	4122	replicate-1
pa	1886	4137	replicate-1
pa	1887	4137	replicate-1
pa	1888	4161	replicate-1
pa	1889	4195	replicate-1
pa	1890	4165	replicate-1
pa	1891	4173	replicate-1
pa	1892	4064	replicate-1
pa	1893	4072	replicate-1
pa	1894	4038	replicate-1
pa	1895	4079	replicate-1
pa	1896	4248	replicate-1
pa	1897	4253	replicate-1
pa	1898	4267	replicate-1
pa	1899	4229	replicate-1
pa	1900	4227	replicate-1
pa	1901	4242	replicate-1
pa	1902	4233	replicate-1
pa	1903	4313	replicate-1
pa	1904	4385	replicate-1
pa	1905	4287	replicate-1
pa	1906	4318	replicate-1
pa	1907	4362	replicate-1
pa	1908	4313	replicate-1
pa	1909	4341	replicate-1
pa	1910	4324	replicate-1
pa	1911	4359	replicate-1
pa	1912	4299	replicate-1
pa	1913	4213	replicate-1
pa	1914	4192	replicate-1
pa	1915	4134	replicate-1
pa	1916	4185	replicate-1
pa	1917	4186	replicate-1
pa	1918	4160	replicate-1
pa	1919	4194	replicate-1
pa	1920	4179	replicate-1
pa	1921	4169	replicate-1
pa	1922	4250	replicate-1
pa	1923	4243	replicate-1
pa	1924	4246	replicate-1
pa	1925	4200	replicate-1
pa	1926	4190	replicate-1
pa	1927	4215	replicate-1
pa	1928	4153	replicate-1
pa	1929	4343	replicate-1
pa	1930	4367	replicate-1
pa	1931	4311	replicate-1
pa	1932	4474	replicate-1
pa	1933	4462	replicate-1
pa	1934	4491	replicate-1
pa	1935	4491	replicate-1
pa	1936	4463	replicate-1
pa	1937	4454	replicate-1
pa	1938	4356	replicate-1
pa	1939	4309	replicate-1
pa	1940	4360	replicate-1
pa	1941	4275	replicate-1
pa	1942	4263	replicate-1
pa	1943	4237	replicate-1
pa	1944	4234	replicate-1
pa	1945	4194	replicate-1
pa	1946	4184	replicate-1
pa	1947	4256	replicate-1
pa	1948	4254	replicate-1
pa	1949	4326	replicate-1
pa	1950	4344	replicate-1
pa	1951	4392	replicate-1
pa	1952	4419	replicate-1
pa	1953	4420	replicate-1
pa	1954	4431	replicate-1
pa	1955	4419	replicate-1
pa	1956	4365	replicate-1
pa	1957	4449	replicate-1
pa	1958	4446	replicate-1
pa	1959	4512	replicate-1
pa	1960	4510	replicate-1
pa	1961	4518	replicate-1
pa	1962	4576	replicate-1
pa	1963	4565	replicate-1
pa	1964	4569	replicate-1
pa	1965	4577	replicate-1
pa	1966	4562	replicate-1
pa	1967	5304	replicate-1
pa	1968	5324	replicate-1
pa	1969	5448	replicate-1
pa	1970	5451	replicate-1
pa	1971	5485	replicate-1
pa	1972	5455	replicate-1
pa	1973	5506	replicate-1
pa	1974	5525	replicate-1
pa	1975	5477	replicate-1
pa	1976	5157	replicate-1
pa	1977	5040	replicate-1
pa	1978	5009	replicate-1
pa	1979	5047	replicate-1
pa	1980	5080	replicate-1
pa	1981	5085	replicate-1
pa	1982	5082	replicate-1
pa	1983	5064	replicate-1
pa	1984	5054	replicate-1
pa	1985	5065	replicate-1
pa	1986	5134	replicate-1
pa	1987	5142	replicate-1
pa	1988	5119	replicate-1
pa	1989	5084	replicate-1
pa	1990	5068	replicate-1
pa	1991	5067	replicate-1
pa	1992	5073	replicate-1
pa	1993	5074	replicate-1
pa	1994	5102	replicate-1
pa	1995	5101	replicate-1
pa	1996	5072	replicate-1
pa	1997	5072	replicate-1
pa	1998	5082	replicate-1
pa	1999	5089	replicate-1
pa	2000	5108	replicate-1
pa	2001	5105	replicate-1
pa	2002	5095	replicate-1
pa	2003	5129	replicate-1
pa	2004	5116	replicate-1
pa	2005	5153	replicate-1
pa	2006	5156	replicate-1
pa	2007	5179	replicate-1
pa	2008	5184	replicate-1
pa	2009	5188	replicate-1
pa	2010	5190	replicate-1
pa	2011	5202	replicate-1
pa	2012	5211	replicate-1
pa	2013	5254	replicate-1
pa	2014	5247	replicate-1
pa	2015	5239	replicate-1
pa	2016	5180	replicate-1
pa	2017	5176	replicate-1
pa	2018	5177	replicate-1
pa	2019	5194	replicate-1
pa	2020	5180	replicate-1
pa	2021	5177	replicate-1
pa	2022	5187	replicate-1
pa	2023	5208	replicate-1
pa	2024	5262	replicate-1
pa	2025	5285	replicate-1
pa	2026	5305	replicate-1
pa	2027	5378	replicate-1
pa	2028	5367	replicate-1
pa	2029	5470	replicate-1
pa	2030	5461	replicate-1
pa	2031	5468	replicate-1
pa	2032	5469	replicate-1
pa	2033	5389	replicate-1
pa	2034	5407	replicate-1
pa	2035	5448	replicate-1
pa	2036	5432	replicate-1
pa	2037	5424	replicate-1
pa	2038	5508	replicate-1
pa	2039	5435	replicate-1
pa	2040	5446	replicate-1
pa	2041	5444	replicate-1
pa	2042	5456	replicate-1
pa	2043	5484	replicate-1
pa	2044	5495	replicate-1
pa	2045	5439	replicate-1
pa	2046	5405	replicate-1
pa	2047	5220	replicate-1
pa	2048	5261	replicate-1
pa	2049	5289	replicate-1
pa	2050	5292	replicate-1
pa	2051	5267	replicate-1
pa	2052	5259	replicate-1
pa	2053	5289	replicate-1
pa	2054	5233	replicate-1
pa	2055	5184	replicate-1
pa	2056	5320	replicate-1
pa	2057	5240	replicate-1
pa	2058	5238	replicate-1
pa	2059	5258	replicate-1
pa	2060	5264	replicate-1
pa	2061	5246	replicate-1
pa	2062	5214	replicate-1
pa	2063	5220	replicate-1
pa	2064	5189	replicate-1
pa	2065	5162	replicate-1
pa	2066	5377	replicate-1
pa	2067	5401	replicate-1
pa	2068	5411	replicate-1
pa	2069	5434	replicate-1
pa	2070	5436	replicate-1
pa	2071	5433	replicate-1
pa	2072	5454	replicate-1
pa	2073	5461	replicate-1
pa	2074	5478	replicate-1
pa	2075	5488	replicate-1
pa	2076	5480	replicate-1
pa	2077	5535	replicate-1
pa	2078	5472	replicate-1
pa	2079	5448	replicate-1
pa	2080	5413	replicate-1
pa	2081	5411	replicate-1
pa	2082	5588	replicate-1
pa	2083	5615	replicate-1
pa	2084	5620	replicate-1
pa	2085	5653	replicate-1
pa	2086	5458	replicate-1
pa	2087	5433	replicate-1
pa	2088	5350	replicate-1
pa	2089	5372	replicate-1
pa	2090	5423	replicate-1
pa	2091	5258	replicate-1
pa	2092	5328	replicate-1
pa	2093	5332	replicate-1
pa	2094	5346	replicate-1
pa	2095	5354	replicate-1
pa	2096	5321	replicate-1
pa	2097	5332	replicate-1
pa	2098	5336	replicate-1
pa	2099	5151	replicate-1
pa	2100	5184	replicate-1
pa	2101	5035	replicate-1
pa	2102	5066	replicate-1
pa	2103	5075	replicate-1
pa	2104	5069	replicate-1
pa	2105	5062	replicate-1
pa	2106	5100	replicate-1
pa	2107	5101	replicate-1
pa	2108	5090	replicate-1
pa	2109	5015	replicate-1
pa	2110	4974	replicate-1
pa	2111	4960	replicate-1
pa	2112	4946	replicate-1
pa	2113	4933	replicate-1
pa	2114	4906	replicate-1
pa	2115	4784	replicate-1
pa	2116	4753	replicate-1
pa	2117	4478	replicate-1
pa	2118	4454	replicate-1
pa	2119	4444	replicate-1
pa	2120	4467	replicate-1
pa	2121	4488	replicate-1
pa	2122	4510	replicate-1
pa	2123	4498	replicate-1
pa	2124	4461	replicate-1
pa	2125	4571	replicate-1
pa	2126	4572	replicate-1
pa	2127	4604	replicate-1
pa	2128	4585	replicate-1
pa	2129	4552	replicate-1
pa	2130	4565	replicate-1
pa	2131	4501	replicate-1
pa	2132	4512	replicate-1
pa	2133	4520	replicate-1
pa	2134	4530	replicate-1
pa	2135	4518	replicate-1
pa	2136	4342	replicate-1
pa	2137	4330	replicate-1
pa	2138	4334	replicate-1
pa	2139	4329	replicate-1
pa	2140	4343	replicate-1
pa	2141	4322	replicate-1
pa	2142	4350	replicate-1
pa	2143	4341	replicate-1
pa	2144	4355	replicate-1
pa	2145	4385	replicate-1
pa	2146	4339	replicate-1
pa	2147	4340	replicate-1
pa	2148	4344	replicate-1
pa	2149	4333	replicate-1
pa	2150	4329	replicate-1
pa	2151	4257	replicate-1
pa	2152	4251	replicate-1
pa	2153	4255	replicate-1
pa	2154	4260	replicate-1
pa	2155	4240	replicate-1
pa	2156	4218	replicate-1
pa	2157	4203	replicate-1
pa	2158	4196	replicate-1
pa	2159	4185	replicate-1
pa	2160	4141	replicate-1
pa	2161	4135	replicate-1
pa	2162	4100	replicate-1
pa	2163	4066	replicate-1
pa	2164	4049	replicate-1
pa	2165	4047	replicate-1
pa	2166	4014	replicate-1
pa	2167	4005	replicate-1
pa	2168	3908	replicate-1
pa	2169	3907	replicate-1
pa	2170	3884	replicate-1
pa	2171	3868	replicate-1
pa	2172	3859	replicate-1
pa	2173	3834	replicate-1
pa	2174	3668	replicate-1
pa	2175	3657	replicate-1
pa	2176	3508	replicate-1
pa	2177	3421	replicate-1
pa	2178	3272	replicate-1
pa	2179	3147	replicate-1
pa	2180	3141	replicate-1
pa	2181	3143	replicate-1
pa	2182	3130	replicate-1
pa	2183	3041	replicate-1
pa	2184	2987	replicate-1
pa	2185	2977	replicate-1
pa	2186	2972	replicate-1
pa	2187	2938	replicate-1
pa	2188	2903	replicate-1
pa	2189	2897	replicate-1
pa	2190	2893	replicate-1
pa	2191	2875	replicate-1
pa	2192	2865	replicate-1
pa	2193	2710	replicate-1
pa	2194	2663	replicate-1
pa	2195	2636	replicate-1
pa	2196	2590	replicate-1
pa	2197	2569	replicate-1
pa	2198	2392	replicate-1
pa	2199	2384	replicate-1
pa	2200	2379	replicate-1
pa	2201	2360	replicate-1
pa	2202	2340	replicate-1
pa	2203	2237	replicate-1
pa	2204	2232	replicate-1
pa	2205	2190	replicate-1
pa	2206	2175	replicate-1
pa	2207	1703	replicate-1
pa	2208	1619	replicate-1
pa	2209	1507	replicate-1
pa	2210	1490	replicate-1
pa	2211	1483	replicate-1
pa	2212	1411	replicate-1
pa	2213	1410	replicate-1
pa	2214	1410	replicate-1
pa	2215	1396	replicate-1
pa	2216	1387	replicate-1
pa	2217	724	replicate-1
pa	2218	722	replicate-1
pa	2219	709	replicate-1
pa	2220	702	replicate-1
pa	2221	701	replicate-1
pa	2222	632	replicate-1
pa	2223	626	replicate-1
pa	2224	599	replicate-1
pa	2225	597	replicate-1
pa	2226	585	replicate-1
pa	2227	553	replicate-1
pa	2228	545	replicate-1
pa	2229	501	replicate-1
pa	2230	476	replicate-1
pa	2231	465	replicate-1
pa	2232	461	replicate-1
pa	2233	113	replicate-1
ha	1	783	replicate-1
ha	2	931	replicate-1
ha	3	935	replicate-1
ha	4	939	replicate-1
ha	5	994	replicate-1
ha	6	1061	replicate-1
ha	7	1078	replicate-1
ha	8	1085	replicate-1
ha	9	1116	replicate-1
ha	10	1117	replicate-1
ha	11	1150	replicate-1
ha	12	1176	replicate-1
ha	13	1297	replicate-1
ha	14	1304	replicate-1
ha	15	1304	replicate-1
ha	16	1312	replicate-1
ha	17	1322	replicate-1
ha	18	1341	replicate-1
ha	19	1383	replicate-1
ha	20	1398	replicate-1
ha	21	1425	replicate-1
ha	22	1427	replicate-1
ha	23	1502	replicate-1
ha	24	1504	replicate-1
ha	25	1509	replicate-1
ha	26	1509	replicate-1
ha	27	1516	replicate-1
ha	28	1517	replicate-1
ha	29	1557	replicate-1
ha	30	1560	replicate-1
ha	31	1627	replicate-1
ha	32	1634	replicate-1
ha	33	1636	replicate-1
ha	34	1644	replicate-1
ha	35	1645	replicate-1
ha	36	1915	replicate-1
ha	37	1925	replicate-1
ha	38	1929	replicate-1
ha	39	1980	replicate-1
ha	40	1983	replicate-1
ha	41	2117	replicate-1
ha	42	2123	replicate-1
ha	43	2131	replicate-1
ha	44	2136	replicate-1
ha	45	2145	replicate-1
ha	46	2163	replicate-1
ha	47	2170	replicate-1
ha	48	2187	replicate-1
ha	49	2198	replicate-1
ha	50	2207	replicate-1
ha	51	2218	replicate-1
ha	52	2222	replicate-1
ha	53	2254	replicate-1
ha	54	2256	replicate-1
ha	55	2256	replicate-1
ha	56	2419	replicate-1
ha	57	2497	replicate-1
ha	58	2672	replicate-1
ha	59	2683	replicate-1
ha	60	2691	replicate-1
ha	61	2701	replicate-1
ha	62	2727	replicate-1
ha	63	2768	replicate-1
ha	64	2763	replicate-1
ha	65	2753	replicate-1
ha	66	2777	replicate-1
ha	67	3147	replicate-1
ha	68	3292	replicate-1
ha	69	3289	replicate-1
ha	70	3278	replicate-1
ha	71	3273	replicate-1
ha	72	3300	replicate-1
ha	73	3297	replicate-1
ha	74	3321	replicate-1
ha	75	3326	replicate-1
ha	76	3289	replicate-1
ha	77	3314	replicate-1
ha	78	3321	replicate-1
ha	79	3332	replicate-1
ha	80	3337	replicate-1
ha	81	3341	replicate-1
ha	82	3501	replicate-1
ha	83	3499	replicate-1
ha	84	3513	replicate-1
ha	85	3539	replicate-1
ha	86	3561	replicate-1
ha	87	3605	replicate-1
ha	88	3604	replicate-1
ha	89	3592	replicate-1
ha	90	3590	replicate-1
ha	91	3587	replicate-1
ha	92	3670	replicate-1
ha	93	3675	replicate-1
ha	94	3726	replicate-1
ha	95	3741	replicate-1
ha	96	3762	replicate-1
ha	97	3811	replicate-1
ha	98	3831	replicate-1
ha	99	3863	replicate-1
ha	100	3856	replicate-1
ha	101	3857	replicate-1
ha	102	3869	replicate-1
ha	103	3872	replicate-1
ha	104	3885	replicate-1
ha	105	3889	replicate-1
ha	106	4006	replicate-1
ha	107	3995	replicate-1
ha	108	4043	replicate-1
ha	109	4043	replicate-1
ha	110	4058	replicate-1
ha	111	4096	replicate-1
ha	112	4082	replicate-1
ha	113	4077	replicate-1
ha	114	4081	replicate-1
ha	115	4054	replicate-1
ha	116	4124	replicate-1
ha	117	4101	replicate-1
ha	118	4104	replicate-1
ha	119	4104	replicate-1
ha	120	4098	replicate-1
ha	121	4161	replicate-1
ha	122	4171	replicate-1
ha	123	4170	replicate-1
ha	124	4182	replicate-1
ha	125	4175	replicate-1
ha	126	4148	replicate-1
ha	127	4150	replicate-1
ha	128	4107	replicate-1
ha	129	4165	replicate-1
ha	130	4138	replicate-1
ha	131	4141	replicate-1
ha	132	4101	replicate-1
ha	133	4085	replicate-1
ha	134	4113	replicate-1
ha	135	4103	replicate-1
ha	136	4105	replicate-1
ha	137	4132	replicate-1
ha	138	4099	replicate-1
ha	139	4090	replicate-1
ha	140	4087	replicate-1
ha	141	4051	replicate-1
ha	142	4061	replicate-1
ha	143	4036	replicate-1
ha	144	4027	replicate-1
ha	145	4027	replicate-1
ha	146	4001	replicate-1
ha	147	3984	replicate-1
ha	148	3987	replicate-1
ha	149	3886	replicate-1
ha	150	3863	replicate-1
ha	151	3862	replicate-1
ha	152	3856	replicate-1
ha	153	3784	replicate-1
ha	154	3773	replicate-1
ha	155	3773	replicate-1
ha	156	3761	replicate-1
ha	157	3725	replicate-1
ha	158	3724	replicate-1
ha	159	3617	replicate-1
ha	160	3665	replicate-1
ha	161	3808	replicate-1
ha	162	4112	replicate-1
ha	163	4103	replicate-1
ha	164	4124	replicate-1
ha	165	4124	replicate-1
ha	166	4149	replicate-1
ha	167	4163	replicate-1
ha	168	4221	replicate-1
ha	169	4222	replicate-1
ha	170	4155	replicate-1
ha	171	4137	replicate-1
ha	172	4138	replicate-1
ha	173	4132	replicate-1
ha	174	4122	replicate-1
ha	175	4134	replicate-1
ha	176	4132	replicate-1
ha	177	4126	replicate-1
ha	178	4104	replicate-1
ha	179	4086	replicate-1
ha	180	4081	replicate-1
ha	181	4057	replicate-1
ha	182	4050	replicate-1
ha	183	4046	replicate-1
ha	184	4004	replicate-1
ha	185	4022	replicate-1
ha	186	3907	replicate-1
ha	187	3958	replicate-1
ha	188	3900	replicate-1
ha	189	3936	replicate-1
ha	190	3955	replicate-1
ha	191	3941	replicate-1
ha	192	3908	replicate-1
ha	193	3905	replicate-1
ha	194	3898	replicate-1
ha	195	3893	replicate-1
ha	196	3905	replicate-1
ha	197	3905	replicate-1
ha	198	3855	replicate-1
ha	199	3892	replicate-1
ha	200	3868	replicate-1
ha	201	3871	replicate-1
ha	202	3906	replicate-1
ha	203	4012	replicate-1
ha	204	4028	replicate-1
ha	205	4010	replicate-1
ha	206	4015	replicate-1
ha	207	3984	replicate-1
ha	208	3918	replicate-1
ha	209	3904	replicate-1
ha	210	3892	replicate-1
ha	211	3892	replicate-1
ha	212	3812	replicate-1
ha	213	3838	replicate-1
ha	214	3859	replicate-1
ha	215	3895	replicate-1
ha	216	3898	replicate-1
ha	217	3906	replicate-1
ha	218	3844	replicate-1
ha	219	3822	replicate-1
ha	220	3841	replicate-1
ha	221	3844	replicate-1
ha	222	3835	replicate-1
ha	223	3799	replicate-1
ha	224	3801	replicate-1
ha	225	3809	replicate-1
ha	226	3844	replicate-1
ha	227	3856	replicate-1
ha	228	3911	replicate-1
ha	229	3894	replicate-1
ha	230	3881	replicate-1
ha	231	3865	replicate-1
ha	232	3824	replicate-1
ha	233	3852	replicate-1
ha	234	3847	replicate-1
ha	235	3912	replicate-1
ha	236	3925	replicate-1
ha	237	3886	replicate-1
ha	238	3932	replicate-1
ha	239	3955	replicate-1
ha	240	4035	replicate-1
ha	241	4055	replicate-1
ha	242	4049	replicate-1
ha	243	4116	replicate-1
ha	244	3998	replicate-1
ha	245	4041	replicate-1
ha	246	3932	replicate-1
ha	247	3891	replicate-1
ha	248	3894	replicate-1
ha	249	3838	replicate-1
ha	250	3792	replicate-1
ha	251	3810	replicate-1
ha	252	3792	replicate-1
ha	253	3796	replicate-1
ha	254	3817	replicate-1
ha	255	3832	replicate-1
ha	256	3841	replicate-1
ha	257	3808	replicate-1
ha	258	3798	replicate-1
ha	259	3813	replicate-1
ha	260	3833	replicate-1
ha	261	3838	replicate-1
ha	262	3858	replicate-1
ha	263	3856	replicate-1
ha	264	3872	replicate-1
ha	265	3864	replicate-1
ha	266	3843	replicate-1
ha	267	3808	replicate-1
ha	268	3845	replicate-1
ha	269	3834	replicate-1
ha	270	3827	replicate-1
ha	271	3805	replicate-1
ha	272	3805	replicate-1
ha	273	3832	replicate-1
ha	274	3846	replicate-1
ha	275	3847	replicate-1
ha	276	3858	replicate-1
ha	277	3824	replicate-1
ha	278	3812	replicate-1
ha	279	3791	replicate-1
ha	280	3788	replicate-1
ha	281	3815	replicate-1
ha	282	3804	replicate-1
ha	283	3839	replicate-1
ha	284	3845	replicate-1
ha	285	3879	replicate-1
ha	286	3924	replicate-1
ha	287	3921	replicate-1
ha	288	3927	replicate-1
ha	289	3932	replicate-1
ha	290	3885	replicate-1
ha	291	3894	replicate-1
ha	292	3829	replicate-1
ha	293	3871	replicate-1
ha	294	3860	replicate-1
ha	295	3867	replicate-1
ha	296	3865	replicate-1
ha	297	3863	replicate-1
ha	298	3867	replicate-1
ha	299	3887	replicate-1
ha	300	3872	replicate-1
ha	301	3822	replicate-1
ha	302	3737	replicate-1
ha	303	3755	replicate-1
ha	304	4109	replicate-1
ha	305	4108	replicate-1
ha	306	4171	replicate-1
ha	307	4196	replicate-1
ha	308	4179	replicate-1
ha	309	4434	replicate-1
ha	310	4430	replicate-1
ha	311	4472	replicate-1
ha	312	4431	replicate-1
ha	313	3804	replicate-1
ha	314	3814	replicate-1
ha	315	3795	replicate-1
ha	316	3770	replicate-1
ha	317	3773	replicate-1
ha	318	3669	replicate-1
ha	319	3671	replicate-1
ha	320	3584	replicate-1
ha	321	3586	replicate-1
ha	322	3606	replicate-1
ha	323	3602	replicate-1
ha	324	3615	replicate-1
ha	325	3611	replicate-1
ha	326	3599	replicate-1
ha	327	3603	replicate-1
ha	328	3609	replicate-1
ha	329	3614	replicate-1
ha	330	3606	replicate-1
ha	331	3545	replicate-1
ha	332	3586	replicate-1
ha	333	3638	replicate-1
ha	334	3652	replicate-1
ha	335	3667	replicate-1
ha	336	3702	replicate-1
ha	337	3752	replicate-1
ha	338	3746	replicate-1
ha	339	3768	replicate-1
ha	340	3787	replicate-1
ha	341	3770	replicate-1
ha	342	3750	replicate-1
ha	343	3931	replicate-1
ha	344	3931	replicate-1
ha	345	3972	replicate-1
ha	346	3982	replicate-1
ha	347	4015	replicate-1
ha	348	4079	replicate-1
ha	349	4053	replicate-1
ha	350	4052	replicate-1
ha	351	4053	replicate-1
ha	352	3887	replicate-1
ha	353	3893	replicate-1
ha	354	3846	replicate-1
ha	355	3840	replicate-1
ha	356	3783	replicate-1
ha	357	3753	replicate-1
ha	358	3758	replicate-1
ha	359	3794	replicate-1
ha	360	3789	replicate-1
ha	361	3825	replicate-1
ha	362	3819	replicate-1
ha	363	3817	replicate-1
ha	364	3785	replicate-1
ha	365	3776	replicate-1
ha	366	3700	replicate-1
ha	367	3706	replicate-1
ha	368	3642	replicate-1
ha	369	3664	replicate-1
ha	370	3638	replicate-1
ha	371	3644	replicate-1
ha	372	3639	replicate-1
ha	373	3632	replicate-1
ha	374	3657	replicate-1
ha	375	3674	replicate-1
ha	376	3645	replicate-1
ha	377	3650	replicate-1
ha	378	3634	replicate-1
ha	379	3642	replicate-1
ha	380	3643	replicate-1
ha	381	3639	replicate-1
ha	382	3620	replicate-1
ha	383	3577	replicate-1
ha	384	3522	replicate-1
ha	385	3553	replicate-1
ha	386	3492	replicate-1
ha	387	3480	replicate-1
ha	388	3494	replicate-1
ha	389	3490	replicate-1
ha	390	3486	replicate-1
ha	391	3490	replicate-1
ha	392	3451	replicate-1
ha	393	3448	replicate-1
ha	394	3457	replicate-1
ha	395	3396	replicate-1
ha	396	3492	replicate-1
ha	397	3450	replicate-1
ha	398	3499	replicate-1
ha	399	3521	replicate-1
ha	400	3516	replicate-1
ha	401	3526	replicate-1
ha	402	3532	replicate-1
ha	403	3544	replicate-1
ha	404	3546	replicate-1
ha	405	3465	replicate-1
ha	406	3482	replicate-1
ha	407	3481	replicate-1
ha	408	3481	replicate-1
ha	409	3483	replicate-1
ha	410	3495	replicate-1
ha	411	3549	replicate-1
ha	412	3550	replicate-1
ha	413	3556	replicate-1
ha	414	3522	replicate-1
ha	415	3536	replicate-1
ha	416	3591	replicate-1
ha	417	3604	replicate-1
ha	418	3613	replicate-1
ha	419	3615	replicate-1
ha	420	3602	replicate-1
ha	421	3621	replicate-1
ha	422	3669	replicate-1
ha	423	3680	replicate-1
ha	424	3631	replicate-1
ha	425	3585	replicate-1
ha	426	3676	replicate-1
ha	427	3820	replicate-1
ha	428	3844	replicate-1
ha	429	3850	replicate-1
ha	430	3855	replicate-1
ha	431	3860	replicate-1
ha	432	3844	replicate-1
ha	433	3838	replicate-1
ha	434	3804	replicate-1
ha	435	3812	replicate-1
ha	436	3728	replicate-1
ha	437	3743	replicate-1
ha	438	3750	replicate-1
ha	439	3726	replicate-1
ha	440	3729	replicate-1
ha	441	3738	replicate-1
ha	442	3744	replicate-1
ha	443	3731	replicate-1
ha	444	3727	replicate-1
ha	445	3701	replicate-1
ha	446	3732	replicate-1
ha	447	3742	replicate-1
ha	448	3783	replicate-1
ha	449	3821	replicate-1
ha	450	3850	replicate-1
ha	451	3868	replicate-1
ha	452	3871	replicate-1
ha	453	3868	replicate-1
ha	454	3831	replicate-1
ha	455	3652	replicate-1
ha	456	3642	replicate-1
ha	457	3630	replicate-1
ha	458	3632	replicate-1
ha	459	3658	replicate-1
ha	460	3678	replicate-1
ha	461	3701	replicate-1
ha	462	3687	replicate-1
ha	463	3693	replicate-1
ha	464	3686	replicate-1
ha	465	3664	replicate-1
ha	466	3676	replicate-1
ha	467	3669	replicate-1
ha	468	3465	replicate-1
ha	469	3489	replicate-1
ha	470	3444	replicate-1
ha	471	3445	replicate-1
ha	472	3432	replicate-1
ha	473	3435	replicate-1
ha	474	3443	replicate-1
ha	475	3421	replicate-1
ha	476	3430	replicate-1
ha	477	3429	replicate-1
ha	478	3421	replicate-1
ha	479	3439	replicate-1
ha	480	3498	replicate-1
ha	481	3499	replicate-1
ha	482	3529	replicate-1
ha	483	3470	replicate-1
ha	484	3570	replicate-1
ha	485	3581	replicate-1
ha	486	3585	replicate-1
ha	487	3593	replicate-1
ha	488	3558	replicate-1
ha	489	3411	replicate-1
ha	490	3412	replicate-1
ha	491	3396	replicate-1
ha	492	3384	replicate-1
ha	493	3204	replicate-1
ha	494	3204	replicate-1
ha	495	3188	replicate-1
ha	496	3186	replicate-1
ha	497	3182	replicate-1
ha	498	3150	replicate-1
ha	499	3155	replicate-1
ha	500	3150	replicate-1
ha	501	3194	replicate-1
ha	502	3196	replicate-1
ha	503	3185	replicate-1
ha	504	3183	replicate-1
ha	505	3189	replicate-1
ha	506	3186	replicate-1
ha	507	3213	replicate-1
ha	508	3217	replicate-1
ha	509	3201	replicate-1
ha	510	3231	replicate-1
ha	511	3204	replicate-1
ha	512	3216	replicate-1
ha	513	3223	replicate-1
ha	514	3223	replicate-1
ha	515	3243	replicate-1
ha	516	3243	replicate-1
ha	517	3249	replicate-1
ha	518	3276	replicate-1
ha	519	3220	replicate-1
ha	520	3257	replicate-1
ha	521	3247	replicate-1
ha	522	3278	replicate-1
ha	523	3305	replicate-1
ha	524	3266	replicate-1
ha	525	3247	replicate-1
ha	526	3234	replicate-1
ha	527	3264	replicate-1
ha	528	3258	replicate-1
ha	529	3263	replicate-1
ha	530	3261	replicate-1
ha	531	3234	replicate-1
ha	532	3226	replicate-1
ha	533	3221	replicate-1
ha	534	3214	replicate-1
ha	535	3241	replicate-1
ha	536	3195	replicate-1
ha	537	3195	replicate-1
ha	538	3201	replicate-1
ha	539	3192	replicate-1
ha	540	3378	replicate-1
ha	541	3374	replicate-1
ha	542	3375	replicate-1
ha	543	3377	replicate-1
ha	544	3345	replicate-1
ha	545	3347	replicate-1
ha	546	3351	replicate-1
ha	547	3385	replicate-1
ha	548	3358	replicate-1
ha	549	3255	replicate-1
ha	550	3201	replicate-1
ha	551	3246	replicate-1
ha	552	3368	replicate-1
ha	553	3319	replicate-1
ha	554	3326	replicate-1
ha	555	3314	replicate-1
ha	556	3254	replicate-1
ha	557	3260	replicate-1
ha	558	3256	replicate-1
ha	559	3285	replicate-1
ha	560	3254	replicate-1
ha	561	3098	replicate-1
ha	562	3095	replicate-1
ha	563	3207	replicate-1
ha	564	3277	replicate-1
ha	565	3290	replicate-1
ha	566	3285	replicate-1
ha	567	3292	replicate-1
ha	568	3689	replicate-1
ha	569	3686	replicate-1
ha	570	3712	replicate-1
ha	571	3706	replicate-1
ha	572	3618	replicate-1
ha	573	3626	replicate-1
ha	574	3592	replicate-1
ha	575	3609	replicate-1
ha	576	3604	replicate-1
ha	577	3353	replicate-1
ha	578	3344	replicate-1
ha	579	3352	replicate-1
ha	580	3353	replicate-1
ha	581	3354	replicate-1
ha	582	3366	replicate-1
ha	583	3389	replicate-1
ha	584	3390	replicate-1
ha	585	3392	replicate-1
ha	586	3382	replicate-1
ha	587	3417	replicate-1
ha	588	3410	replicate-1
ha	589	3491	replicate-1
ha	590	3628	replicate-1
ha	591	3795	replicate-1
ha	592	3914	replicate-1
ha	593	3907	replicate-1
ha	594	3913	replicate-1
ha	595	3919	replicate-1
ha	596	3952	replicate-1
ha	597	3945	replicate-1
ha	598	3925	replicate-1
ha	599	3936	replicate-1
ha	600	3766	replicate-1
ha	601	3855	replicate-1
ha	602	3813	replicate-1
ha	603	3834	replicate-1
ha	604	3835	replicate-1
ha	605	3814	replicate-1
ha	606	3857	replicate-1
ha	607	3845	replicate-1
ha	608	3831	replicate-1
ha	609	3826	replicate-1
ha	610	3747	replicate-1
ha	611	3763	replicate-1
ha	612	3758	replicate-1
ha	613	3812	replicate-1
ha	614	3862	replicate-1
ha	615	3851	replicate-1
ha	616	3893	replicate-1
ha	617	3899	replicate-1
ha	618	3925	replicate-1
ha	619	3962	replicate-1
ha	620	3941	replicate-1
ha	621	3938	replicate-1
ha	622	3951	replicate-1
ha	623	3904	replicate-1
ha	624	3969	replicate-1
ha	625	3930	replicate-1
ha	626	3945	replicate-1
ha	627	3951	replicate-1
ha	628	3921	replicate-1
ha	629	3928	replicate-1
ha	630	3962	replicate-1
ha	631	3932	replicate-1
ha	632	3948	replicate-1
ha	633	3867	replicate-1
ha	634	3862	replicate-1
ha	635	3837	replicate-1
ha	636	3818	replicate-1
ha	637	3841	replicate-1
ha	638	3824	replicate-1
ha	639	3824	replicate-1
ha	640	3804	replicate-1
ha	641	3780	replicate-1
ha	642	3749	replicate-1
ha	643	3756	replicate-1
ha	644	3781	replicate-1
ha	645	3741	replicate-1
ha	646	3781	replicate-1
ha	647	3771	replicate-1
ha	648	3906	replicate-1
ha	649	3909	replicate-1
ha	650	3868	replicate-1
ha	651	3857	replicate-1
ha	652	3838	replicate-1
ha	653	3844	replicate-1
ha	654	3852	replicate-1
ha	655	3827	replicate-1
ha	656	3830	replicate-1
ha	657	3785	replicate-1
ha	658	3721	replicate-1
ha	659	3696	replicate-1
ha	660	3704	replicate-1
ha	661	3708	replicate-1
ha	662	3616	replicate-1
ha	663	3694	replicate-1
ha	664	3689	replicate-1
ha	665	3677	replicate-1
ha	666	3738	replicate-1
ha	667	3756	replicate-1
ha	668	3751	replicate-1
ha	669	3769	replicate-1
ha	670	3762	replicate-1
ha	671	3760	replicate-1
ha	672	3758	replicate-1
ha	673	3733	replicate-1
ha	674	3734	replicate-1
ha	675	3706	replicate-1
ha	676	3699	replicate-1
ha	677	3696	replicate-1
ha	678	3697	replicate-1
ha	679	3789	replicate-1
ha	680	3807	replicate-1
ha	681	3819	replicate-1
ha	682	3824	replicate-1
ha	683	3807	replicate-1
ha	684	3801	replicate-1
ha	685	3830	replicate-1
ha	686	3883	replicate-1
ha	687	3928	replicate-1
ha	688	3914	replicate-1
ha	689	3920	replicate-1
ha	690	3832	replicate-1
ha	691	3838	replicate-1
ha	692	3858	replicate-1
ha	693	3830	replicate-1
ha	694	3847	replicate-1
ha	695	3815	replicate-1
ha	696	3740	replicate-1
ha	697	3731	replicate-1
ha	698	3741	replicate-1
ha	699	3773	replicate-1
ha	700	3775	replicate-1
ha	701	3758	replicate-1
ha	702	3768	replicate-1
ha	703	3747	replicate-1
ha	704	3798	replicate-1
ha	705	3800	replicate-1
ha	706	3809	replicate-1
ha	707	3814	replicate-1
ha	708	3766	replicate-1
ha	709	3768	replicate-1
ha	710	3776	replicate-1
ha	711	3789	replicate-1
ha	712	3790	replicate-1
ha	713	3756	replicate-1
ha	714	3695	replicate-1
ha	715	3706	replicate-1
ha	716	3707	replicate-1
ha	717	3572	replicate-1
ha	718	3569	replicate-1
ha	719	3674	replicate-1
ha	720	3670	replicate-1
ha	721	3654	replicate-1
ha	722	3662	replicate-1
ha	723	3640	replicate-1
ha	724	3707	replicate-1
ha	725	3702	replicate-1
ha	726	3720	replicate-1
ha	727	3732	replicate-1
ha	728	3703	replicate-1
ha	729	3717	replicate-1
ha	730	3718	replicate-1
ha	731	3734	replicate-1
ha	732	3736	replicate-1
ha	733	3691	replicate-1
ha	734	3702	replicate-1
ha	735	3711	replicate-1
ha	736	3742	replicate-1
ha	737	3705	replicate-1
ha	738	3719	replicate-1
ha	739	3706	replicate-1
ha	740	3641	replicate-1
ha	741	3586	replicate-1
ha	742	3608	replicate-1
ha	743	3627	replicate-1
ha	744	3661	replicate-1
ha	745	3651	replicate-1
ha	746	3651	replicate-1
ha	747	3658	replicate-1
ha	748	3681	replicate-1
ha	749	3661	replicate-1
ha	750	3658	replicate-1
ha	751	3560	replicate-1
ha	752	3525	replicate-1
ha	753	3542	replicate-1
ha	754	3557	replicate-1
ha	755	3605	replicate-1
ha	756	3578	replicate-1
ha	757	3579	replicate-1
ha	758	3561	replicate-1
ha	759	3593	replicate-1
ha	760	3640	replicate-1
ha	761	3662	replicate-1
ha	762	3667	replicate-1
ha	763	3635	replicate-1
ha	764	3595	replicate-1
ha	765	3599	replicate-1
ha	766	3614	replicate-1
ha	767	3638	replicate-1
ha	768	3650	replicate-1
ha	769	3557	replicate-1
ha	770	3574	replicate-1
ha	771	3594	replicate-1
ha	772	3637	replicate-1
ha	773	3682	replicate-1
ha	774	3697	replicate-1
ha	775	3776	replicate-1
ha	776	3778	replicate-1
ha	777	3768	replicate-1
ha	778	3761	replicate-1
ha	779	3763	replicate-1
ha	780	3675	replicate-1
ha	781	3642	replicate-1
ha	782	3642	replicate-1
ha	783	3648	replicate-1
ha	784	3661	replicate-1
ha	785	3667	replicate-1
ha	786	3666	replicate-1
ha	787	3660	replicate-1
ha	788	3649	replicate-1
ha	789	3650	replicate-1
ha	790	3607	replicate-1
ha	791	3598	replicate-1
ha	792	3595	replicate-1
ha	793	3594	replicate-1
ha	794	3606	replicate-1
ha	795	3555	replicate-1
ha	796	3556	replicate-1
ha	797	3542	replicate-1
ha	798	3563	replicate-1
ha	799	3534	replicate-1
ha	800	3535	replicate-1
ha	801	3527	replicate-1
ha	802	3534	replicate-1
ha	803	3472	replicate-1
ha	804	3476	replicate-1
ha	805	3450	replicate-1
ha	806	3433	replicate-1
ha	807	3437	replicate-1
ha	808	3438	replicate-1
ha	809	3434	replicate-1
ha	810	3443	replicate-1
ha	811	3411	replicate-1
ha	812	3391	replicate-1
ha	813	3279	replicate-1
ha	814	3265	replicate-1
ha	815	3257	replicate-1
ha	816	3266	replicate-1
ha	817	3264	replicate-1
ha	818	3252	replicate-1
ha	819	3258	replicate-1
ha	820	3237	replicate-1
ha	821	3641	replicate-1
ha	822	3769	replicate-1
ha	823	3765	replicate-1
ha	824	3861	replicate-1
ha	825	3861	replicate-1
ha	826	3950	replicate-1
ha	827	4076	replicate-1
ha	828	4085	replicate-1
ha	829	4112	replicate-1
ha	830	3915	replicate-1
ha	831	3847	replicate-1
ha	832	3839	replicate-1
ha	833	3819	replicate-1
ha	834	3825	replicate-1
ha	835	3878	replicate-1
ha	836	3766	replicate-1
ha	837	3754	replicate-1
ha	838	3757	replicate-1
ha	839	3721	replicate-1
ha	840	3739	replicate-1
ha	841	3743	replicate-1
ha	842	3741	replicate-1
ha	843	3731	replicate-1
ha	844	3633	replicate-1
ha	845	3683	replicate-1
ha	846	3670	replicate-1
ha	847	3679	replicate-1
ha	848	3675	replicate-1
ha	849	3685	replicate-1
ha	850	3742	replicate-1
ha	851	3770	replicate-1
ha	852	3764	replicate-1
ha	853	3751	replicate-1
ha	854	3742	replicate-1
ha	855	3729	replicate-1
ha	856	3751	replicate-1
ha	857	3754	replicate-1
ha	858	3737	replicate-1
ha	859	3780	replicate-1
ha	860	3717	replicate-1
ha	861	3788	replicate-1
ha	862	3774	replicate-1
ha	863	3771	replicate-1
ha	864	3793	replicate-1
ha	865	3737	replicate-1
ha	866	3820	replicate-1
ha	867	3815	replicate-1
ha	868	3727	replicate-1
ha	869	3742	replicate-1
ha	870	3616	replicate-1
ha	871	3646	replicate-1
ha	872	3632	replicate-1
ha	873	3602	replicate-1
ha	874	3612	replicate-1
ha	875	3466	replicate-1
ha	876	3505	replicate-1
ha	877	3491	replicate-1
ha	878	3474	replicate-1
ha	879	3518	replicate-1
ha	880	3468	replicate-1
ha	881	3506	replicate-1
ha	882	3495	replicate-1
ha	883	3572	replicate-1
ha	884	3838	replicate-1
ha	885	3891	replicate-1
ha	886	3915	replicate-1
ha	887	3890	replicate-1
ha	888	3846	replicate-1
ha	889	3842	replicate-1
ha	890	3800	replicate-1
ha	891	3794	replicate-1
ha	892	3746	replicate-1
ha	893	3559	replicate-1
ha	894	3399	replicate-1
ha	895	3527	replicate-1
ha	896	3536	replicate-1
ha	897	3560	replicate-1
ha	898	3564	replicate-1
ha	899	3490	replicate-1
ha	900	3475	replicate-1
ha	901	3520	replicate-1
ha	902	3490	replicate-1
ha	903	3510	replicate-1
ha	904	3314	replicate-1
ha	905	3312	replicate-1
ha	906	3293	replicate-1
ha	907	3304	replicate-1
ha	908	3357	replicate-1
ha	909	3386	replicate-1
ha	910	3314	replicate-1
ha	911	3262	replicate-1
ha	912	3222	replicate-1
ha	913	3185	replicate-1
ha	914	3149	replicate-1
ha	915	3274	replicate-1
ha	916	3250	replicate-1
ha	917	3149	replicate-1
ha	918	3170	replicate-1
ha	919	3161	replicate-1
ha	920	3162	replicate-1
ha	921	3160	replicate-1
ha	922	3137	replicate-1
ha	923	3097	replicate-1
ha	924	2919	replicate-1
ha	925	2891	replicate-1
ha	926	2897	replicate-1
ha	927	2905	replicate-1
ha	928	2918	replicate-1
ha	929	2938	replicate-1
ha	930	2932	replicate-1
ha	931	2999	replicate-1
ha	932	3001	replicate-1
ha	933	3041	replicate-1
ha	934	3059	replicate-1
ha	935	3061	replicate-1
ha	936	3171	replicate-1
ha	937	3174	replicate-1
ha	938	3189	replicate-1
ha	939	3184	replicate-1
ha	940	3179	replicate-1
ha	941	3205	replicate-1
ha	942	3190	replicate-1
ha	943	3193	replicate-1
ha	944	3421	replicate-1
ha	945	3419	replicate-1
ha	946	3435	replicate-1
ha	947	3467	replicate-1
ha	948	3471	replicate-1
ha	949	3573	replicate-1
ha	950	3556	replicate-1
ha	951	3543	replicate-1
ha	952	3555	replicate-1
ha	953	3506	replicate-1
ha	954	3799	replicate-1
ha	955	3865	replicate-1
ha	956	3877	replicate-1
ha	957	3935	replicate-1
ha	958	3917	replicate-1
ha	959	3927	replicate-1
ha	960	3877	replicate-1
ha	961	3933	replicate-1
ha	962	3986	replicate-1
ha	963	3972	replicate-1
ha	964	3979	replicate-1
ha	965	3981	replicate-1
ha	966	3966	replicate-1
ha	967	4010	replicate-1
ha	968	3995	replicate-1
ha	969	4312	replicate-1
ha	970	4298	replicate-1
ha	971	4288	replicate-1
ha	972	4227	replicate-1
ha	973	4185	replicate-1
ha	974	4189	replicate-1
ha	975	4171	replicate-1
ha	976	4168	replicate-1
ha	977	4148	replicate-1
ha	978	4051	replicate-1
ha	979	4059	replicate-1
ha	980	4051	replicate-1
ha	981	4097	replicate-1
ha	982	4169	replicate-1
ha	983	4170	replicate-1
ha	984	4180	replicate-1
ha	985	4159	replicate-1
ha	986	4214	replicate-1
ha	987	4232	replicate-1
ha	988	4273	replicate-1
ha	989	4290	replicate-1
ha	990	4340	replicate-1
ha	991	4353	replicate-1
ha	992	4347	replicate-1
ha	993	4342	replicate-1
ha	994	4354	replicate-1
ha	995	4401	replicate-1
ha	996	4419	replicate-1
ha	997	4421	replicate-1
ha	998	4426	replicate-1
ha	999	4431	replicate-1
ha	1000	4427	replicate-1
ha	1001	4416	replicate-1
ha	1002	4414	replicate-1
ha	1003	4435	replicate-1
ha	1004	4464	replicate-1
ha	1005	4513	replicate-1
ha	1006	4527	replicate-1
ha	1007	4526	replicate-1
ha	1008	4583	replicate-1
ha	1009	4605	replicate-1
ha	1010	4614	replicate-1
ha	1011	4606	replicate-1
ha	1012	4660	replicate-1
ha	1013	4646	replicate-1
ha	1014	4645	replicate-1
ha	1015	4645	replicate-1
ha	1016	4635	replicate-1
ha	1017	4610	replicate-1
ha	1018	4604	replicate-1
ha	1019	4563	replicate-1
ha	1020	4564	replicate-1
ha	1021	4560	replicate-1
ha	1022	4563	replicate-1
ha	1023	4570	replicate-1
ha	1024	4602	replicate-1
ha	1025	4601	replicate-1
ha	1026	4581	replicate-1
ha	1027	4656	replicate-1
ha	1028	4654	replicate-1
ha	1029	4725	replicate-1
ha	1030	4732	replicate-1
ha	1031	4699	replicate-1
ha	1032	4676	replicate-1
ha	1033	4633	replicate-1
ha	1034	4546	replicate-1
ha	1035	4485	replicate-1
ha	1036	4422	replicate-1
ha	1037	4457	replicate-1
ha	1038	4467	replicate-1
ha	1039	4436	replicate-1
ha	1040	4424	replicate-1
ha	1041	4395	replicate-1
ha	1042	4399	replicate-1
ha	1043	4419	replicate-1
ha	1044	4431	replicate-1
ha	1045	4422	replicate-1
ha	1046	4387	replicate-1
ha	1047	4316	replicate-1
ha	1048	4313	replicate-1
ha	1049	4309	replicate-1
ha	1050	4331	replicate-1
ha	1051	4370	replicate-1
ha	1052	4332	replicate-1
ha	1053	4356	replicate-1
ha	1054	4363	replicate-1
ha	1055	4355	replicate-1
ha	1056	4378	replicate-1
ha	1057	4421	replicate-1
ha	1058	4365	replicate-1
ha	1059	4330	replicate-1
ha	1060	4333	replicate-1
ha	1061	4328	replicate-1
ha	1062	4365	replicate-1
ha	1063	4305	replicate-1
ha	1064	4332	replicate-1
ha	1065	4315	replicate-1
ha	1066	4269	replicate-1
ha	1067	4244	replicate-1
ha	1068	4241	replicate-1
ha	1069	4327	replicate-1
ha	1070	4300	replicate-1
ha	1071	4287	replicate-1
ha	1072	4290	replicate-1
ha	1073	4257	replicate-1
ha	1074	4263	replicate-1
ha	1075	4281	replicate-1
ha	1076	4306	replicate-1
ha	1077	4290	replicate-1
ha	1078	4254	replicate-1
ha	1079	4304	replicate-1
ha	1080	4308	replicate-1
ha	1081	4380	replicate-1
ha	1082	4384	replicate-1
ha	1083	4355	replicate-1
ha	1084	4313	replicate-1
ha	1085	4609	replicate-1
ha	1086	4960	replicate-1
ha	1087	5017	replicate-1
ha	1088	4967	replicate-1
ha	1089	4980	replicate-1
ha	1090	5023	replicate-1
ha	1091	5023	replicate-1
ha	1092	4997	replicate-1
ha	1093	4940	replicate-1
ha	1094	4951	replicate-1
ha	1095	4388	replicate-1
ha	1096	4389	replicate-1
ha	1097	4368	replicate-1
ha	1098	4385	replicate-1
ha	1099	4361	replicate-1
ha	1100	4382	replicate-1
ha	1101	4392	replicate-1
ha	1102	4378	replicate-1
ha	1103	4360	replicate-1
ha	1104	4370	replicate-1
ha	1105	4280	replicate-1
ha	1106	4252	replicate-1
ha	1107	4217	replicate-1
ha	1108	4218	replicate-1
ha	1109	4244	replicate-1
ha	1110	4291	replicate-1
ha	1111	4275	replicate-1
ha	1112	4235	replicate-1
ha	1113	4241	replicate-1
ha	1114	4304	replicate-1
ha	1115	4375	replicate-1
ha	1116	4365	replicate-1
ha	1117	4363	replicate-1
ha	1118	4379	replicate-1
ha	1119	4366	replicate-1
ha	1120	4346	replicate-1
ha	1121	4411	replicate-1
ha	1122	4457	replicate-1
ha	1123	4405	replicate-1
ha	1124	4418	replicate-1
ha	1125	4501	replicate-1
ha	1126	4692	replicate-1
ha	1127	4735	replicate-1
ha	1128	4768	replicate-1
ha	1129	4783	replicate-1
ha	1130	4879	replicate-1
ha	1131	4903	replicate-1
ha	1132	4909	replicate-1
ha	1133	4889	replicate-1
ha	1134	4868	replicate-1
ha	1135	4908	replicate-1
ha	1136	4881	replicate-1
ha	1137	4904	replicate-1
ha	1138	5144	replicate-1
ha	1139	5098	replicate-1
ha	1140	5038	replicate-1
ha	1141	5049	replicate-1
ha	1142	5076	replicate-1
ha	1143	5232	replicate-1
ha	1144	5204	replicate-1
ha	1145	5117	replicate-1
ha	1146	5121	replicate-1
ha	1147	5026	replicate-1
ha	1148	5207	replicate-1
ha	1149	5320	replicate-1
ha	1150	5394	replicate-1
ha	1151	5394	replicate-1
ha	1152	5298	replicate-1
ha	1153	5381	replicate-1
ha	1154	5397	replicate-1
ha	1155	5432	replicate-1
ha	1156	5448	replicate-1
ha	1157	5386	replicate-1
ha	1158	5456	replicate-1
ha	1159	5431	replicate-1
ha	1160	5551	replicate-1
ha	1161	5581	replicate-1
ha	1162	5611	replicate-1
ha	1163	5548	replicate-1
ha	1164	5515	replicate-1
ha	1165	5512	replicate-1
ha	1166	5500	replicate-1
ha	1167	5545	replicate-1
ha	1168	5511	replicate-1
ha	1169	5598	replicate-1
ha	1170	5593	replicate-1
ha	1171	5570	replicate-1
ha	1172	5661	replicate-1
ha	1173	5635	replicate-1
ha	1174	5791	replicate-1
ha	1175	5745	replicate-1
ha	1176	5715	replicate-1
ha	1177	5700	replicate-1
ha	1178	5736	replicate-1
ha	1179	5655	replicate-1
ha	1180	5621	replicate-1
ha	1181	5580	replicate-1
ha	1182	5592	replicate-1
ha	1183	5541	replicate-1
ha	1184	5554	replicate-1
ha	1185	5714	replicate-1
ha	1186	5718	replicate-1
ha	1187	5687	replicate-1
ha	1188	5666	replicate-1
ha	1189	5666	replicate-1
ha	1190	5664	replicate-1
ha	1191	5774	replicate-1
ha	1192	5876	replicate-1
ha	1193	6002	replicate-1
ha	1194	5999	replicate-1
ha	1195	5946	replicate-1
ha	1196	6036	replicate-1
ha	1197	6355	replicate-1
ha	1198	6364	replicate-1
ha	1199	6392	replicate-1
ha	1200	6357	replicate-1
ha	1201	6324	replicate-1
ha	1202	6293	replicate-1
ha	1203	6498	replicate-1
ha	1204	6492	replicate-1
ha	1205	6608	replicate-1
ha	1206	6449	replicate-1
ha	1207	6479	replicate-1
ha	1208	6501	replicate-1
ha	1209	6807	replicate-1
ha	1210	6858	replicate-1
ha	1211	6857	replicate-1
ha	1212	6776	replicate-1
ha	1213	6773	replicate-1
ha	1214	6763	replicate-1
ha	1215	6771	replicate-1
ha	1216	6922	replicate-1
ha	1217	6925	replicate-1
ha	1218	6831	replicate-1
ha	1219	6795	replicate-1
ha	1220	6750	replicate-1
ha	1221	6932	replicate-1
ha	1222	6979	replicate-1
ha	1223	6945	replicate-1
ha	1224	6981	replicate-1
ha	1225	6876	replicate-1
ha	1226	7018	replicate-1
ha	1227	7022	replicate-1
ha	1228	7047	replicate-1
ha	1229	7029	replicate-1
ha	1230	6942	replicate-1
ha	1231	6929	replicate-1
ha	1232	6988	replicate-1
ha	1233	6975	replicate-1
ha	1234	7037	replicate-1
ha	1235	6948	replicate-1
ha	1236	6913	replicate-1
ha	1237	7013	replicate-1
ha	1238	7030	replicate-1
ha	1239	7021	replicate-1
ha	1240	7011	replicate-1
ha	1241	6962	replicate-1
ha	1242	6912	replicate-1
ha	1243	6943	replicate-1
ha	1244	6830	replicate-1
ha	1245	6945	replicate-1
ha	1246	6854	replicate-1
ha	1247	6943	replicate-1
ha	1248	6929	replicate-1
ha	1249	7126	replicate-1
ha	1250	7092	replicate-1
ha	1251	7080	replicate-1
ha	1252	7050	replicate-1
ha	1253	7044	replicate-1
ha	1254	6947	replicate-1
ha	1255	6936	replicate-1
ha	1256	6884	replicate-1
ha	1257	6882	replicate-1
ha	1258	6807	replicate-1
ha	1259	7163	replicate-1
ha	1260	7154	replicate-1
ha	1261	7149	replicate-1
ha	1262	7168	replicate-1
ha	1263	7194	replicate-1
ha	1264	7175	replicate-1
ha	1265	7126	replicate-1
ha	1266	7117	replicate-1
ha	1267	7102	replicate-1
ha	1268	7281	replicate-1
ha	1269	7036	replicate-1
ha	1270	7328	replicate-1
ha	1271	7325	replicate-1
ha	1272	7293	replicate-1
ha	1273	7313	replicate-1
ha	1274	7336	replicate-1
ha	1275	7301	replicate-1
ha	1276	7238	replicate-1
ha	1277	7053	replicate-1
ha	1278	7169	replicate-1
ha	1279	7342	replicate-1
ha	1280	7314	replicate-1
ha	1281	7304	replicate-1
ha	1282	7271	replicate-1
ha	1283	7332	replicate-1
ha	1284	7342	replicate-1
ha	1285	7331	replicate-1
ha	1286	7295	replicate-1
ha	1287	7340	replicate-1
ha	1288	7406	replicate-1
ha	1289	7234	replicate-1
ha	1290	7513	replicate-1
ha	1291	7568	replicate-1
ha	1292	7572	replicate-1
ha	1293	7559	replicate-1
ha	1294	7436	replicate-1
ha	1295	7478	replicate-1
ha	1296	7437	replicate-1
ha	1297	7523	replicate-1
ha	1298	7635	replicate-1
ha	1299	7448	replicate-1
ha	1300	7424	replicate-1
ha	1301	7415	replicate-1
ha	1302	7457	replicate-1
ha	1303	7502	replicate-1
ha	1304	7476	replicate-1
ha	1305	7456	replicate-1
ha	1306	7450	replicate-1
ha	1307	7441	replicate-1
ha	1308	7562	replicate-1
ha	1309	7581	replicate-1
ha	1310	7579	replicate-1
ha	1311	7538	replicate-1
ha	1312	7496	replicate-1
ha	1313	7568	replicate-1
ha	1314	7601	replicate-1
ha	1315	7606	replicate-1
ha	1316	7624	replicate-1
ha	1317	7593	replicate-1
ha	1318	7535	replicate-1
ha	1319	7545	replicate-1
ha	1320	7526	replicate-1
ha	1321	7565	replicate-1
ha	1322	7536	replicate-1
ha	1323	7629	replicate-1
ha	1324	7645	replicate-1
ha	1325	7701	replicate-1
ha	1326	7886	replicate-1
ha	1327	8004	replicate-1
ha	1328	8011	replicate-1
ha	1329	8014	replicate-1
ha	1330	7994	replicate-1
ha	1331	8006	replicate-1
ha	1332	7949	replicate-1
ha	1333	8059	replicate-1
ha	1334	8164	replicate-1
ha	1335	8053	replicate-1
ha	1336	8039	replicate-1
ha	1337	8012	replicate-1
ha	1338	8049	replicate-1
ha	1339	8185	replicate-1
ha	1340	8207	replicate-1
ha	1341	8378	replicate-1
ha	1342	8600	replicate-1
ha	1343	8541	replicate-1
ha	1344	8636	replicate-1
ha	1345	8614	replicate-1
ha	1346	8607	replicate-1
ha	1347	8692	replicate-1
ha	1348	8426	replicate-1
ha	1349	8422	replicate-1
ha	1350	8392	replicate-1
ha	1351	8147	replicate-1
ha	1352	8180	replicate-1
ha	1353	8111	replicate-1
ha	1354	8046	replicate-1
ha	1355	8082	replicate-1
ha	1356	8066	replicate-1
ha	1357	8079	replicate-1
ha	1358	7960	replicate-1
ha	1359	7970	replicate-1
ha	1360	7976	replicate-1
ha	1361	8002	replicate-1
ha	1362	7976	replicate-1
ha	1363	8006	replicate-1
ha	1364	7910	replicate-1
ha	1365	7872	replicate-1
ha	1366	7869	replicate-1
ha	1367	7914	replicate-1
ha	1368	7968	replicate-1
ha	1369	7974	replicate-1
ha	1370	8026	replicate-1
ha	1371	8034	replicate-1
ha	1372	7969	replicate-1
ha	1373	7972	replicate-1
ha	1374	7972	replicate-1
ha	1375	8075	replicate-1
ha	1376	8080	replicate-1
ha	1377	8076	replicate-1
ha	1378	8187	replicate-1
ha	1379	8406	replicate-1
ha	1380	8484	replicate-1
ha	1381	8551	replicate-1
ha	1382	8583	replicate-1
ha	1383	8823	replicate-1
ha	1384	8753	replicate-1
ha	1385	8872	replicate-1
ha	1386	8858	replicate-1
ha	1387	8910	replicate-1
ha	1388	8880	replicate-1
ha	1389	8884	replicate-1
ha	1390	8866	replicate-1
ha	1391	8846	replicate-1
ha	1392	8800	replicate-1
ha	1393	8853	replicate-1
ha	1394	8794	replicate-1
ha	1395	8784	replicate-1
ha	1396	8733	replicate-1
ha	1397	8771	replicate-1
ha	1398	8979	replicate-1
ha	1399	9077	replicate-1
ha	1400	9172	replicate-1
ha	1401	9329	replicate-1
ha	1402	9377	replicate-1
ha	1403	9417	replicate-1
ha	1404	9601	replicate-1
ha	1405	9638	replicate-1
ha	1406	9810	replicate-1
ha	1407	9806	replicate-1
ha	1408	9818	replicate-1
ha	1409	9802	replicate-1
ha	1410	9715	replicate-1
ha	1411	9690	replicate-1
ha	1412	9602	replicate-1
ha	1413	9520	replicate-1
ha	1414	9606	replicate-1
ha	1415	9573	replicate-1
ha	1416	9505	replicate-1
ha	1417	9525	replicate-1
ha	1418	9520	replicate-1
ha	1419	9534	replicate-1
ha	1420	9542	replicate-1
ha	1421	9538	replicate-1
ha	1422	9570	replicate-1
ha	1423	9556	replicate-1
ha	1424	9413	replicate-1
ha	1425	9438	replicate-1
ha	1426	9439	replicate-1
ha	1427	9517	replicate-1
ha	1428	9520	replicate-1
ha	1429	9366	replicate-1
ha	1430	9322	replicate-1
ha	1431	9459	replicate-1
ha	1432	9459	replicate-1
ha	1433	9497	replicate-1
ha	1434	9443	replicate-1
ha	1435	9384	replicate-1
ha	1436	9357	replicate-1
ha	1437	9201	replicate-1
ha	1438	9436	replicate-1
ha	1439	9425	replicate-1
ha	1440	9179	replicate-1
ha	1441	9172	replicate-1
ha	1442	9064	replicate-1
ha	1443	9137	replicate-1
ha	1444	9267	replicate-1
ha	1445	9265	replicate-1
ha	1446	9220	replicate-1
ha	1447	8795	replicate-1
ha	1448	8506	replicate-1
ha	1449	8849	replicate-1
ha	1450	8870	replicate-1
ha	1451	8922	replicate-1
ha	1452	8890	replicate-1
ha	1453	8571	replicate-1
ha	1454	8570	replicate-1
ha	1455	8565	replicate-1
ha	1456	8622	replicate-1
ha	1457	8656	replicate-1
ha	1458	8110	replicate-1
ha	1459	8141	replicate-1
ha	1460	8144	replicate-1
ha	1461	8090	replicate-1
ha	1462	8378	replicate-1
ha	1463	8473	replicate-1
ha	1464	8488	replicate-1
ha	1465	8430	replicate-1
ha	1466	8340	replicate-1
ha	1467	8331	replicate-1
ha	1468	8309	replicate-1
ha	1469	8331	replicate-1
ha	1470	8317	replicate-1
ha	1471	8127	replicate-1
ha	1472	7989	replicate-1
ha	1473	8148	replicate-1
ha	1474	8167	replicate-1
ha	1475	8232	replicate-1
ha	1476	8272	replicate-1
ha	1477	8205	replicate-1
ha	1478	8231	replicate-1
ha	1479	8243	replicate-1
ha	1480	8262	replicate-1
ha	1481	8366	replicate-1
ha	1482	8311	replicate-1
ha	1483	8296	replicate-1
ha	1484	8273	replicate-1
ha	1485	8386	replicate-1
ha	1486	8441	replicate-1
ha	1487	8438	replicate-1
ha	1488	8458	replicate-1
ha	1489	8472	replicate-1
ha	1490	8472	replicate-1
ha	1491	8474	replicate-1
ha	1492	8376	replicate-1
ha	1493	8302	replicate-1
ha	1494	8400	replicate-1
ha	1495	8341	replicate-1
ha	1496	8359	replicate-1
ha	1497	8338	replicate-1
ha	1498	8296	replicate-1
ha	1499	8358	replicate-1
ha	1500	8378	replicate-1
ha	1501	8371	replicate-1
ha	1502	8437	replicate-1
ha	1503	8418	replicate-1
ha	1504	8448	replicate-1
ha	1505	8540	replicate-1
ha	1506	8562	replicate-1
ha	1507	8559	replicate-1
ha	1508	8467	replicate-1
ha	1509	8467	replicate-1
ha	1510	8462	replicate-1
ha	1511	8461	replicate-1
ha	1512	8291	replicate-1
ha	1513	8176	replicate-1
ha	1514	7883	replicate-1
ha	1515	7975	replicate-1
ha	1516	7766	replicate-1
ha	1517	7804	replicate-1
ha	1518	7761	replicate-1
ha	1519	7829	replicate-1
ha	1520	7829	replicate-1
ha	1521	7864	replicate-1
ha	1522	7865	replicate-1
ha	1523	7836	replicate-1
ha	1524	7484	replicate-1
ha	1525	7437	replicate-1
ha	1526	7405	replicate-1
ha	1527	7439	replicate-1
ha	1528	7443	replicate-1
ha	1529	7489	replicate-1
ha	1530	7368	replicate-1
ha	1531	7376	replicate-1
ha	1532	7401	replicate-1
ha	1533	7382	replicate-1
ha	1534	7499	replicate-1
ha	1535	7478	replicate-1
ha	1536	7401	replicate-1
ha	1537	7382	replicate-1
ha	1538	7234	replicate-1
ha	1539	7251	replicate-1
ha	1540	7225	replicate-1
ha	1541	7228	replicate-1
ha	1542	7203	replicate-1
ha	1543	6966	replicate-1
ha	1544	7003	replicate-1
ha	1545	6979	replicate-1
ha	1546	7163	replicate-1
ha	1547	7139	replicate-1
ha	1548	7053	replicate-1
ha	1549	6985	replicate-1
ha	1550	6823	replicate-1
ha	1551	6834	replicate-1
ha	1552	6708	replicate-1
ha	1553	6746	replicate-1
ha	1554	6743	replicate-1
ha	1555	6015	replicate-1
ha	1556	5987	replicate-1
ha	1557	5779	replicate-1
ha	1558	5777	replicate-1
ha	1559	5773	replicate-1
ha	1560	5763	replicate-1
ha	1561	5739	replicate-1
ha	1562	5588	replicate-1
ha	1563	5599	replicate-1
ha	1564	5690	replicate-1
ha	1565	5665	replicate-1
ha	1566	5593	replicate-1
ha	1567	5566	replicate-1
ha	1568	5578	replicate-1
ha	1569	5551	replicate-1
ha	1570	5516	replicate-1
ha	1571	5367	replicate-1
ha	1572	5390	replicate-1
ha	1573	5191	replicate-1
ha	1574	5214	replicate-1
ha	1575	5220	replicate-1
ha	1576	5212	replicate-1
ha	1577	5290	replicate-1
ha	1578	5283	replicate-1
ha	1579	5281	replicate-1
ha	1580	5269	replicate-1
ha	1581	5149	replicate-1
ha	1582	5131	replicate-1
ha	1583	5073	replicate-1
ha	1584	5071	replicate-1
ha	1585	5075	replicate-1
ha	1586	4795	replicate-1
ha	1587	4817	replicate-1
ha	1588	4783	replicate-1
ha	1589	4783	replicate-1
ha	1590	4791	replicate-1
ha	1591	4835	replicate-1
ha	1592	4829	replicate-1
ha	1593	4826	replicate-1
ha	1594	4824	replicate-1
ha	1595	4817	replicate-1
ha	1596	4744	replicate-1
ha	1597	4640	replicate-1
ha	1598	4581	replicate-1
ha	1599	4557	replicate-1
ha	1600	4524	replicate-1
ha	1601	4461	replicate-1
ha	1602	4527	replicate-1
ha	1603	4537	replicate-1
ha	1604	4561	replicate-1
ha	1605	4560	replicate-1
ha	1606	4557	replicate-1
ha	1607	4559	replicate-1
ha	1608	4576	replicate-1
ha	1609	4580	replicate-1
ha	1610	4584	replicate-1
ha	1611	4496	replicate-1
ha	1612	4268	replicate-1
ha	1613	4283	replicate-1
ha	1614	4397	replicate-1
ha	1615	4423	replicate-1
ha	1616	4412	replicate-1
ha	1617	4176	replicate-1
ha	1618	4214	replicate-1
ha	1619	4215	replicate-1
ha	1620	4201	replicate-1
ha	1621	4165	replicate-1
ha	1622	4139	replicate-1
ha	1623	3843	replicate-1
ha	1624	3873	replicate-1
ha	1625	3916	replicate-1
ha	1626	3987	replicate-1
ha	1627	3970	replicate-1
ha	1628	3966	replicate-1
ha	1629	3972	replicate-1
ha	1630	4035	replicate-1
ha	1631	3926	replicate-1
ha	1632	4017	replicate-1
ha	1633	4013	replicate-1
ha	1634	4060	replicate-1
ha	1635	4069	replicate-1
ha	1636	4030	replicate-1
ha	1637	4020	replicate-1
ha	1638	4028	replicate-1
ha	1639	3885	replicate-1
ha	1640	3905	replicate-1
ha	1641	3856	replicate-1
ha	1642	3866	replicate-1
ha	1643	3874	replicate-1
ha	1644	3860	replicate-1
ha	1645	3880	replicate-1
ha	1646	3870	replicate-1
ha	1647	3892	replicate-1
ha	1648	3894	replicate-1
ha	1649	3920	replicate-1
ha	1650	3985	replicate-1
ha	1651	3977	replicate-1
ha	1652	3972	replicate-1
ha	1653	3980	replicate-1
ha	1654	3972	replicate-1
ha	1655	3966	replicate-1
ha	1656	3924	replicate-1
ha	1657	3888	replicate-1
ha	1658	3870	replicate-1
ha	1659	3710	replicate-1
ha	1660	3729	replicate-1
ha	1661	3739	replicate-1
ha	1662	3745	replicate-1
ha	1663	3748	replicate-1
ha	1664	3721	replicate-1
ha	1665	3720	replicate-1
ha	1666	3753	replicate-1
ha	1667	3739	replicate-1
ha	1668	3741	replicate-1
ha	1669	3695	replicate-1
ha	1670	3669	replicate-1
ha	1671	3648	replicate-1
ha	1672	3657	replicate-1
ha	1673	3663	replicate-1
ha	1674	3658	replicate-1
ha	1675	3587	replicate-1
ha	1676	3658	replicate-1
ha	1677	3707	replicate-1
ha	1678	3704	replicate-1
ha	1679	3714	replicate-1
ha	1680	3696	replicate-1
ha	1681	3786	replicate-1
ha	1682	3782	replicate-1
ha	1683	3799	replicate-1
ha	1684	3763	replicate-1
ha	1685	3701	replicate-1
ha	1686	3591	replicate-1
ha	1687	3595	replicate-1
ha	1688	3605	replicate-1
ha	1689	3605	replicate-1
ha	1690	3429	replicate-1
ha	1691	3298	replicate-1
ha	1692	3159	replicate-1
ha	1693	3168	replicate-1
ha	1694	3044	replicate-1
ha	1695	3078	replicate-1
ha	1696	3048	replicate-1
ha	1697	3045	replicate-1
ha	1698	3060	replicate-1
ha	1699	3039	replicate-1
ha	1700	3035	replicate-1
ha	1701	3030	replicate-1
ha	1702	2996	replicate-1
ha	1703	2992	replicate-1
ha	1704	2938	replicate-1
ha	1705	2905	replicate-1
ha	1706	2893	replicate-1
ha	1707	2890	replicate-1
ha	1708	2910	replicate-1
ha	1709	2932	replicate-1
ha	1710	2948	replicate-1
ha	1711	2960	replicate-1
ha	1712	2956	replicate-1
ha	1713	2663	replicate-1
ha	1714	2673	replicate-1
ha	1715	2642	replicate-1
ha	1716	2655	replicate-1
ha	1717	2655	replicate-1
ha	1718	2571	replicate-1
ha	1719	2587	replicate-1
ha	1720	2569	replicate-1
ha	1721	2565	replicate-1
ha	1722	2557	replicate-1
ha	1723	2389	replicate-1
ha	1724	2385	replicate-1
ha	1725	2372	replicate-1
ha	1726	2370	replicate-1
ha	1727	2364	replicate-1
ha	1728	2297	replicate-1
ha	1729	2277	replicate-1
ha	1730	2273	replicate-1
ha	1731	2247	replicate-1
ha	1732	2247	replicate-1
ha	1733	2245	replicate-1
ha	1734	2215	replicate-1
ha	1735	2188	replicate-1
ha	1736	2165	replicate-1
ha	1737	2157	replicate-1
ha	1738	2146	replicate-1
ha	1739	2140	replicate-1
ha	1740	2069	replicate-1
ha	1741	2054	replicate-1
ha	1742	2045	replicate-1
ha	1743	2033	replicate-1
ha	1744	2029	replicate-1
ha	1745	1999	replicate-1
ha	1746	1990	replicate-1
ha	1747	1985	replicate-1
ha	1748	1981	replicate-1
ha	1749	1969	replicate-1
ha	1750	1877	replicate-1
ha	1751	1744	replicate-1
ha	1752	1695	replicate-1
ha	1753	1677	replicate-1
ha	1754	1608	replicate-1
ha	1755	1478	replicate-1
ha	1756	1466	replicate-1
ha	1757	1456	replicate-1
ha	1758	1449	replicate-1
ha	1759	1405	replicate-1
ha	1760	1382	replicate-1
ha	1761	1378	replicate-1
ha	1762	1209	replicate-1
ha	1763	1206	replicate-1
ha	1764	1184	replicate-1
ha	1765	1167	replicate-1
ha	1766	1144	replicate-1
ha	1767	1132	replicate-1
ha	1768	1129	replicate-1
ha	1769	1106	replicate-1
ha	1770	1083	replicate-1
ha	1771	1072	replicate-1
ha	1772	792	replicate-1
ha	1773	770	replicate-1
ha	1774	749	replicate-1
ha	1775	747	replicate-1
ha	1776	134	replicate-1
mp	1	11	replicate-1
mp	2	12	replicate-1
mp	3	12	replicate-1
mp	4	12	replicate-1
mp	5	12	replicate-1
mp	6	12	replicate-1
mp	7	12	replicate-1
mp	8	12	replicate-1
mp	9	13	replicate-1
mp	10	13	replicate-1
mp	11	16	replicate-1
mp	12	17	replicate-1
mp	13	17	replicate-1
mp	14	17	replicate-1
mp	15	17	replicate-1
mp	16	18	replicate-1
mp	17	18	replicate-1
mp	18	18	replicate-1
mp	19	18	replicate-1
mp	20	18	replicate-1
mp	21	18	replicate-1
mp	22	19	replicate-1
mp	23	20	replicate-1
mp	24	21	replicate-1
mp	25	21	replicate-1
mp	26	21	replicate-1
mp	27	21	replicate-1
mp	28	21	replicate-1
mp	29	21	replicate-1
mp	30	25	replicate-1
mp	31	25	replicate-1
mp	32	26	replicate-1
mp	33	27	replicate-1
mp	34	28	replicate-1
mp	35	28	replicate-1
mp	36	29	replicate-1
mp	37	29	replicate-1
mp	38	31	replicate-1
mp	39	31	replicate-1
mp	40	31	replicate-1
mp	41	31	replicate-1
mp	42	32	replicate-1
mp	43	33	replicate-1
mp	44	33	replicate-1
mp	45	33	replicate-1
mp	46	33	replicate-1
mp	47	33	replicate-1
mp	48	34	replicate-1
mp	49	34	replicate-1
mp	50	35	replicate-1
mp	51	35	replicate-1
mp	52	32	replicate-1
mp	53	32	replicate-1
mp	54	32	replicate-1
mp	55	32	replicate-1
mp	56	32	replicate-1
mp	57	33	replicate-1
mp	58	34	replicate-1
mp	59	33	replicate-1
mp	60	34	replicate-1
mp	61	36	replicate-1
mp	62	36	replicate-1
mp	63	38	replicate-1
mp	64	38	replicate-1
mp	65	38	replicate-1
mp	66	39	replicate-1
mp	67	39	replicate-1
mp	68	39	replicate-1
mp	69	39	replicate-1
mp	70	39	replicate-1
mp	71	37	replicate-1
mp	72	37	replicate-1
mp	73	37	replicate-1
mp	74	37	replicate-1
mp	75	37	replicate-1
mp	76	37	replicate-1
mp	77	37	replicate-1
mp	78	37	replicate-1
mp	79	36	replicate-1
mp	80	36	replicate-1
mp	81	36	replicate-1
mp	82	37	replicate-1
mp	83	37	replicate-1
mp	84	35	replicate-1
mp	85	35	replicate-1
mp	86	34	replicate-1
mp	87	33	replicate-1
mp	88	31	replicate-1
mp	89	30	replicate-1
mp	90	29	replicate-1
mp	91	29	replicate-1
mp	92	29	replicate-1
mp	93	29	replicate-1
mp	94	29	replicate-1
mp	95	30	replicate-1
mp	96	30	replicate-1
mp	97	30	replicate-1
mp	98	29	replicate-1
mp	99	29	replicate-1
mp	100	29	replicate-1
mp	101	29	replicate-1
mp	102	30	replicate-1
mp	103	30	replicate-1
mp	104	29	replicate-1
mp	105	32	replicate-1
mp	106	31	replicate-1
mp	107	31	replicate-1
mp	108	31	replicate-1
mp	109	31	replicate-1
mp	110	31	replicate-1
mp	111	31	replicate-1
mp	112	31	replicate-1
mp	113	31	replicate-1
mp	114	28	replicate-1
mp	115	27	replicate-1
mp	116	29	replicate-1
mp	117	30	replicate-1
mp	118	30	replicate-1
mp	119	30	replicate-1
mp	120	30	replicate-1
mp	121	30	replicate-1
mp	122	30	replicate-1
mp	123	30	replicate-1
mp	124	30	replicate-1
mp	125	31	replicate-1
mp	126	32	replicate-1
mp	127	33	replicate-1
mp	128	33	replicate-1
mp	129	33	replicate-1
mp	130	33	replicate-1
mp	131	33	replicate-1
mp	132	31	replicate-1
mp	133	30	replicate-1
mp	134	28	replicate-1
mp	135	28	replicate-1
mp	136	28	replicate-1
mp	137	28	replicate-1
mp	138	32	replicate-1
mp	139	31	replicate-1
mp	140	31	replicate-1
mp	141	31	replicate-1
mp	142	31	replicate-1
mp	143	31	replicate-1
mp	144	31	replicate-1
mp	145	31	replicate-1
mp	146	31	replicate-1
mp	147	30	replicate-1
mp	148	30	replicate-1
mp	149	30	replicate-1
mp	150	30	replicate-1
mp	151	30	replicate-1
mp	152	30	replicate-1
mp	153	30	replicate-1
mp	154	29	replicate-1
mp	155	28	replicate-1
mp	156	27	replicate-1
mp	157	27	replicate-1
mp	158	23	replicate-1
mp	159	27	replicate-1
mp	160	29	replicate-1
mp	161	29	replicate-1
mp	162	29	replicate-1
mp	163	29	replicate-1
mp	164	29	replicate-1
mp	165	31	replicate-1
mp	166	31	replicate-1
mp	167	32	replicate-1
mp	168	32	replicate-1
mp	169	28	replicate-1
mp	170	28	replicate-1
mp	171	29	replicate-1
mp	172	29	replicate-1
mp	173	29	replicate-1
mp	174	29	replicate-1
mp	175	29	replicate-1
mp	176	29	replicate-1
mp	177	29	replicate-1
mp	178	29	replicate-1
mp	179	27	replicate-1
mp	180	27	replicate-1
mp	181	30	replicate-1
mp	182	29	replicate-1
mp	183	27	replicate-1
mp	184	29	replicate-1
mp	185	30	replicate-1
mp	186	30	replicate-1
mp	187	30	replicate-1
mp	188	30	replicate-1
mp	189	31	replicate-1
mp	190	34	replicate-1
mp	191	33	replicate-1
mp	192	33	replicate-1
mp	193	33	replicate-1
mp	194	34	replicate-1
mp	195	34	replicate-1
mp	196	36	replicate-1
mp	197	36	replicate-1
mp	198	36	replicate-1
mp	199	37	replicate-1
mp	200	36	replicate-1
mp	201	36	replicate-1
mp	202	36	replicate-1
mp	203	35	replicate-1
mp	204	35	replicate-1
mp	205	35	replicate-1
mp	206	37	replicate-1
mp	207	36	replicate-1
mp	208	36	replicate-1
mp	209	36	replicate-1
mp	210	36	replicate-1
mp	211	36	replicate-1
mp	212	38	replicate-1
mp	213	38	replicate-1
mp	214	37	replicate-1
mp	215	37	replicate-1
mp	216	38	replicate-1
mp	217	38	replicate-1
mp	218	38	replicate-1
mp	219	40	replicate-1
mp	220	40	replicate-1
mp	221	39	replicate-1
mp	222	38	replicate-1
mp	223	39	replicate-1
mp	224	39	replicate-1
mp	225	41	replicate-1
mp	226	41	replicate-1
mp	227	41	replicate-1
mp	228	42	replicate-1
mp	229	42	replicate-1
mp	230	42	replicate-1
mp	231	42	replicate-1
mp	232	43	replicate-1
mp	233	43	replicate-1
mp	234	45	replicate-1
mp	235	44	replicate-1
mp	236	47	replicate-1
mp	237	47	replicate-1
mp	238	47	replicate-1
mp	239	47	replicate-1
mp	240	47	replicate-1
mp	241	48	replicate-1
mp	242	49	replicate-1
mp	243	49	replicate-1
mp	244	48	replicate-1
mp	245	48	replicate-1
mp	246	48	replicate-1
mp	247	50	replicate-1
mp	248	49	replicate-1
mp	249	51	replicate-1
mp	250	52	replicate-1
mp	251	52	replicate-1
mp	252	52	replicate-1
mp	253	52	replicate-1
mp	254	52	replicate-1
mp	255	51	replicate-1
mp	256	50	replicate-1
mp	257	48	replicate-1
mp	258	48	replicate-1
mp	259	48	replicate-1
mp	260	48	replicate-1
mp	261	47	replicate-1
mp	262	47	replicate-1
mp	263	47	replicate-1
mp	264	47	replicate-1
mp	265	47	replicate-1
mp	266	47	replicate-1
mp	267	45	replicate-1
mp	268	47	replicate-1
mp	269	47	replicate-1
mp	270	46	replicate-1
mp	271	47	replicate-1
mp	272	46	replicate-1
mp	273	47	replicate-1
mp	274	47	replicate-1
mp	275	48	replicate-1
mp	276	48	replicate-1
mp	277	49	replicate-1
mp	278	50	replicate-1
mp	279	50	replicate-1
mp	280	50	replicate-1
mp	281	49	replicate-1
mp	282	50	replicate-1
mp	283	49	replicate-1
mp	284	50	replicate-1
mp	285	48	replicate-1
mp	286	46	replicate-1
mp	287	46	replicate-1
mp	288	48	replicate-1
mp	289	48	replicate-1
mp	290	49	replicate-1
mp	291	48	replicate-1
mp	292	50	replicate-1
mp	293	50	replicate-1
mp	294	50	replicate-1
mp	295	51	replicate-1
mp	296	50	replicate-1
mp	297	50	replicate-1
mp	298	51	replicate-1
mp	299	52	replicate-1
mp	300	52	replicate-1
mp	301	51	replicate-1
mp	302	46	replicate-1
mp	303	48	replicate-1
mp	304	48	replicate-1
mp	305	48	replicate-1
mp	306	48	replicate-1
mp	307	48	replicate-1
mp	308	45	replicate-1
mp	309	47	replicate-1
mp	310	47	replicate-1
mp	311	47	replicate-1
mp	312	48	replicate-1
mp	313	48	replicate-1
mp	314	49	replicate-1
mp	315	49	replicate-1
mp	316	52	replicate-1
mp	317	51	replicate-1
mp	318	47	replicate-1
mp	319	47	replicate-1
mp	320	47	replicate-1
mp	321	45	replicate-1
mp	322	51	replicate-1
mp	323	51	replicate-1
mp	324	51	replicate-1
mp	325	51	replicate-1
mp	326	51	replicate-1
mp	327	53	replicate-1
mp	328	53	replicate-1
mp	329	56	replicate-1
mp	330	57	replicate-1
mp	331	58	replicate-1
mp	332	58	replicate-1
mp	333	58	replicate-1
mp	334	59	replicate-1
mp	335	59	replicate-1
mp	336	60	replicate-1
mp	337	63	replicate-1
mp	338	62	replicate-1
mp	339	61	replicate-1
mp	340	62	replicate-1
mp	341	61	replicate-1
mp	342	61	replicate-1
mp	343	61	replicate-1
mp	344	63	replicate-1
mp	345	62	replicate-1
mp	346	62	replicate-1
mp	347	62	replicate-1
mp	348	62	replicate-1
mp	349	61	replicate-1
mp	350	64	replicate-1
mp	351	65	replicate-1
mp	352	67	replicate-1
mp	353	69	replicate-1
mp	354	69	replicate-1
mp	355	69	replicate-1
mp	356	67	replicate-1
mp	357	69	replicate-1
mp	358	69	replicate-1
mp	359	69	replicate-1
mp	360	69	replicate-1
mp	361	69	replicate-1
mp	362	69	replicate-1
mp	363	69	replicate-1
mp	364	71	replicate-1
mp	365	71	replicate-1
mp	366	69	replicate-1
mp	367	68	replicate-1
mp	368	68	replicate-1
mp	369	68	replicate-1
mp	370	68	replicate-1
mp	371	69	replicate-1
mp	372	68	replicate-1
mp	373	67	replicate-1
mp	374	68	replicate-1
mp	375	68	replicate-1
mp	376	70	replicate-1
mp	377	70	replicate-1
mp	378	71	replicate-1
mp	379	69	replicate-1
mp	380	71	replicate-1
mp	381	71	replicate-1
mp	382	72	replicate-1
mp	383	72	replicate-1
mp	384	72	replicate-1
mp	385	69	replicate-1
mp	386	69	replicate-1
mp	387	70	replicate-1
mp	388	69	replicate-1
mp	389	70	replicate-1
mp	390	68	replicate-1
mp	391	68	replicate-1
mp	392	68	replicate-1
mp	393	68	replicate-1
mp	394	69	replicate-1
mp	395	70	replicate-1
mp	396	69	replicate-1
mp	397	70	replicate-1
mp	398	69	replicate-1
mp	399	69	replicate-1
mp	400	68	replicate-1
mp	401	68	replicate-1
mp	402	70	replicate-1
mp	403	71	replicate-1
mp	404	71	replicate-1
mp	405	73	replicate-1
mp	406	71	replicate-1
mp	407	71	replicate-1
mp	408	70	replicate-1
mp	409	70	replicate-1
mp	410	70	replicate-1
mp	411	67	replicate-1
mp	412	66	replicate-1
mp	413	70	replicate-1
mp	414	69	replicate-1
mp	415	73	replicate-1
mp	416	75	replicate-1
mp	417	74	replicate-1
mp	418	76	replicate-1
mp	419	75	replicate-1
mp	420	72	replicate-1
mp	421	73	replicate-1
mp	422	69	replicate-1
mp	423	70	replicate-1
mp	424	68	replicate-1
mp	425	64	replicate-1
mp	426	65	replicate-1
mp	427	64	replicate-1
mp	428	63	replicate-1
mp	429	63	replicate-1
mp	430	61	replicate-1
mp	431	60	replicate-1
mp	432	61	replicate-1
mp	433	62	replicate-1
mp	434	62	replicate-1
mp	435	62	replicate-1
mp	436	61	replicate-1
mp	437	61	replicate-1
mp	438	60	replicate-1
mp	439	60	replicate-1
mp	440	60	replicate-1
mp	441	60	replicate-1
mp	442	59	replicate-1
mp	443	59	replicate-1
mp	444	59	replicate-1
mp	445	59	replicate-1
mp	446	58	replicate-1
mp	447	59	replicate-1
mp	448	59	replicate-1
mp	449	58	replicate-1
mp	450	56	replicate-1
mp	451	57	replicate-1
mp	452	58	replicate-1
mp	453	58	replicate-1
mp	454	59	replicate-1
mp	455	59	replicate-1
mp	456	57	replicate-1
mp	457	58	replicate-1
mp	458	58	replicate-1
mp	459	58	replicate-1
mp	460	58	replicate-1
mp	461	57	replicate-1
mp	462	57	replicate-1
mp	463	59	replicate-1
mp	464	59	replicate-1
mp	465	59	replicate-1
mp	466	61	replicate-1
mp	467	56	replicate-1
mp	468	55	replicate-1
mp	469	56	replicate-1
mp	470	56	replicate-1
mp	471	56	replicate-1
mp	472	53	replicate-1
mp	473	54	replicate-1
mp	474	53	replicate-1
mp	475	53	replicate-1
mp	476	52	replicate-1
mp	477	54	replicate-1
mp	478	54	replicate-1
mp	479	53	replicate-1
mp	480	52	replicate-1
mp	481	52	replicate-1
mp	482	53	replicate-1
mp	483	54	replicate-1
mp	484	55	replicate-1
mp	485	55	replicate-1
mp	486	55	replicate-1
mp	487	55	replicate-1
mp	488	55	replicate-1
mp	489	56	replicate-1
mp	490	55	replicate-1
mp	491	56	replicate-1
mp	492	56	replicate-1
mp	493	55	replicate-1
mp	494	57	replicate-1
mp	495	59	replicate-1
mp	496	61	replicate-1
mp	497	61	replicate-1
mp	498	61	replicate-1
mp	499	61	replicate-1
mp	500	60	replicate-1
mp	501	60	replicate-1
mp	502	59	replicate-1
mp	503	60	replicate-1
mp	504	60	replicate-1
mp	505	60	replicate-1
mp	506	60	replicate-1
mp	507	60	replicate-1
mp	508	59	replicate-1
mp	509	58	replicate-1
mp	510	58	replicate-1
mp	511	61	replicate-1
mp	512	58	replicate-1
mp	513	60	replicate-1
mp	514	60	replicate-1
mp	515	63	replicate-1
mp	516	63	replicate-1
mp	517	63	replicate-1
mp	518	63	replicate-1
mp	519	63	replicate-1
mp	520	63	replicate-1
mp	521	64	replicate-1
mp	522	63	replicate-1
mp	523	62	replicate-1
mp	524	61	replicate-1
mp	525	61	replicate-1
mp	526	58	replicate-1
mp	527	56	replicate-1
mp	528	56	replicate-1
mp	529	56	replicate-1
mp	530	56	replicate-1
mp	531	58	replicate-1
mp	532	57	replicate-1
mp	533	54	replicate-1
mp	534	51	replicate-1
mp	535	51	replicate-1
mp	536	52	replicate-1
mp	537	52	replicate-1
mp	538	51	replicate-1
mp	539	51	replicate-1
mp	540	50	replicate-1
mp	541	50	replicate-1
mp	542	50	replicate-1
mp	543	50	replicate-1
mp	544	51	replicate-1
mp	545	46	replicate-1
mp	546	46	replicate-1
mp	547	46	replicate-1
mp	548	46	replicate-1
mp	549	46	replicate-1
mp	550	47	replicate-1
mp	551	47	replicate-1
mp	552	47	replicate-1
mp	553	48	replicate-1
mp	554	47	replicate-1
mp	555	50	replicate-1
mp	556	50	replicate-1
mp	557	48	replicate-1
mp	558	49	replicate-1
mp	559	49	replicate-1
mp	560	49	replicate-1
mp	561	49	replicate-1
mp	562	49	replicate-1
mp	563	52	replicate-1
mp	564	50	replicate-1
mp	565	50	replicate-1
mp	566	49	replicate-1
mp	567	48	replicate-1
mp	568	52	replicate-1
mp	569	51	replicate-1
mp	570	51	replicate-1
mp	571	51	replicate-1
mp	572	48	replicate-1
mp	573	52	replicate-1
mp	574	53	replicate-1
mp	575	53	replicate-1
mp	576	52	replicate-1
mp	577	50	replicate-1
mp	578	50	replicate-1
mp	579	50	replicate-1
mp	580	52	replicate-1
mp	581	54	replicate-1
mp	582	49	replicate-1
mp	583	48	replicate-1
mp	584	47	replicate-1
mp	585	45	replicate-1
mp	586	47	replicate-1
mp	587	48	replicate-1
mp	588	49	replicate-1
mp	589	44	replicate-1
mp	590	43	replicate-1
mp	591	45	replicate-1
mp	592	45	replicate-1
mp	593	45	replicate-1
mp	594	44	replicate-1
mp	595	43	replicate-1
mp	596	43	replicate-1
mp	597	41	replicate-1
mp	598	41	replicate-1
mp	599	41	replicate-1
mp	600	47	replicate-1
mp	601	48	replicate-1
mp	602	48	replicate-1
mp	603	49	replicate-1
mp	604	49	replicate-1
mp	605	52	replicate-1
mp	606	54	replicate-1
mp	607	54	replicate-1
mp	608	54	replicate-1
mp	609	54	replicate-1
mp	610	54	replicate-1
mp	611	54	replicate-1
mp	612	55	replicate-1
mp	613	55	replicate-1
mp	614	55	replicate-1
mp	615	56	replicate-1
mp	616	56	replicate-1
mp	617	56	replicate-1
mp	618	57	replicate-1
mp	619	55	replicate-1
mp	620	54	replicate-1
mp	621	54	replicate-1
mp	622	54	replicate-1
mp	623	55	replicate-1
mp	624	54	replicate-1
mp	625	54	replicate-1
mp	626	54	replicate-1
mp	627	54	replicate-1
mp	628	54	replicate-1
mp	629	55	replicate-1
mp	630	55	replicate-1
mp	631	55	replicate-1
mp	632	55	replicate-1
mp	633	54	replicate-1
mp	634	54	replicate-1
mp	635	54	replicate-1
mp	636	54	replicate-1
mp	637	54	replicate-1
mp	638	55	replicate-1
mp	639	55	replicate-1
mp	640	55	replicate-1
mp	641	57	replicate-1
mp	642	57	replicate-1
mp	643	56	replicate-1
mp	644	56	replicate-1
mp	645	56	replicate-1
mp	646	56	replicate-1
mp	647	55	replicate-1
mp	648	54	replicate-1
mp	649	55	replicate-1
mp	650	55	replicate-1
mp	651	55	replicate-1
mp	652	55	replicate-1
mp	653	54	replicate-1
mp	654	54	replicate-1
mp	655	54	replicate-1
mp	656	54	replicate-1
mp	657	53	replicate-1
mp	658	52	replicate-1
mp	659	52	replicate-1
mp	660	53	replicate-1
mp	661	51	replicate-1
mp	662	53	replicate-1
mp	663	52	replicate-1
mp	664	53	replicate-1
mp	665	53	replicate-1
mp	666	53	replicate-1
mp	667	55	replicate-1
mp	668	55	replicate-1
mp	669	55	replicate-1
mp	670	54	replicate-1
mp	671	53	replicate-1
mp	672	52	replicate-1
mp	673	53	replicate-1
mp	674	52	replicate-1
mp	675	51	replicate-1
mp	676	51	replicate-1
mp	677	51	replicate-1
mp	678	51	replicate-1
mp	679	51	replicate-1
mp	680	51	replicate-1
mp	681	53	replicate-1
mp	682	53	replicate-1
mp	683	54	replicate-1
mp	684	53	replicate-1
mp	685	53	replicate-1
mp	686	52	replicate-1
mp	687	51	replicate-1
mp	688	46	replicate-1
mp	689	49	replicate-1
mp	690	48	replicate-1
mp	691	49	replicate-1
mp	692	48	replicate-1
mp	693	46	replicate-1
mp	694	46	replicate-1
mp	695	45	replicate-1
mp	696	45	replicate-1
mp	697	45	replicate-1
mp	698	43	replicate-1
mp	699	43	replicate-1
mp	700	42	replicate-1
mp	701	41	replicate-1
mp	702	42	replicate-1
mp	703	42	replicate-1
mp	704	42	replicate-1
mp	705	42	replicate-1
mp	706	40	replicate-1
mp	707	41	replicate-1
mp	708	44	replicate-1
mp	709	44	replicate-1
mp	710	44	replicate-1
mp	711	45	replicate-1
mp	712	46	replicate-1
mp	713	45	replicate-1
mp	714	47	replicate-1
mp	715	46	replicate-1
mp	716	45	replicate-1
mp	717	44	replicate-1
mp	718	44	replicate-1
mp	719	43	replicate-1
mp	720	44	replicate-1
mp	721	43	replicate-1
mp	722	43	replicate-1
mp	723	41	replicate-1
mp	724	41	replicate-1
mp	725	41	replicate-1
mp	726	41	replicate-1
mp	727	41	replicate-1
mp	728	40	replicate-1
mp	729	39	replicate-1
mp	730	38	replicate-1
mp	731	37	replicate-1
mp	732	36	replicate-1
mp	733	34	replicate-1
mp	734	33	replicate-1
mp	735	34	replicate-1
mp	736	34	replicate-1
mp	737	34	replicate-1
mp	738	34	replicate-1
mp	739	34	replicate-1
mp	740	35	replicate-1
mp	741	34	replicate-1
mp	742	34	replicate-1
mp	743	34	replicate-1
mp	744	36	replicate-1
mp	745	36	replicate-1
mp	746	36	replicate-1
mp	747	36	replicate-1
mp	748	36	replicate-1
mp	749	36	replicate-1
mp	750	35	replicate-1
mp	751	37	replicate-1
mp	752	37	replicate-1
mp	753	37	replicate-1
mp	754	37	replicate-1
mp	755	37	replicate-1
mp	756	37	replicate-1
mp	757	38	replicate-1
mp	758	39	replicate-1
mp	759	41	replicate-1
mp	760	39	replicate-1
mp	761	39	replicate-1
mp	762	39	replicate-1
mp	763	40	replicate-1
mp	764	42	replicate-1
mp	765	42	replicate-1
mp	766	43	replicate-1
mp	767	43	replicate-1
mp	768	41	replicate-1
mp	769	41	replicate-1
mp	770	40	replicate-1
mp	771	40	replicate-1
mp	772	41	replicate-1
mp	773	37	replicate-1
mp	774	36	replicate-1
mp	775	36	replicate-1
mp	776	36	replicate-1
mp	777	36	replicate-1
mp	778	36	replicate-1
mp	779	36	replicate-1
mp	780	36	replicate-1
mp	781	36	replicate-1
mp	782	35	replicate-1
mp	783	34	replicate-1
mp	784	33	replicate-1
mp	785	33	replicate-1
mp	786	36	replicate-1
mp	787	36	replicate-1
mp	788	36	replicate-1
mp	789	36	replicate-1
mp	790	36	replicate-1
mp	791	36	replicate-1
mp	792	36	replicate-1
mp	793	37	replicate-1
mp	794	37	replicate-1
mp	795	37	replicate-1
mp	796	37	replicate-1
mp	797	37	replicate-1
mp	798	36	replicate-1
mp	799	36	replicate-1
mp	800	36	replicate-1
mp	801	36	replicate-1
mp	802	36	replicate-1
mp	803	35	replicate-1
mp	804	35	replicate-1
mp	805	37	replicate-1
mp	806	37	replicate-1
mp	807	36	replicate-1
mp	808	36	replicate-1
mp	809	38	replicate-1
mp	810	39	replicate-1
mp	811	38	replicate-1
mp	812	38	replicate-1
mp	813	38	replicate-1
mp	814	36	replicate-1
mp	815	37	replicate-1
mp	816	38	replicate-1
mp	817	38	replicate-1
mp	818	37	replicate-1
mp	819	36	replicate-1
mp	820	36	replicate-1
mp	821	39	replicate-1
mp	822	39	replicate-1
mp	823	39	replicate-1
mp	824	40	replicate-1
mp	825	39	replicate-1
mp	826	39	replicate-1
mp	827	39	replicate-1
mp	828	41	replicate-1
mp	829	41	replicate-1
mp	830	38	replicate-1
mp	831	38	replicate-1
mp	832	38	replicate-1
mp	833	38	replicate-1
mp	834	37	replicate-1
mp	835	37	replicate-1
mp	836	37	replicate-1
mp	837	34	replicate-1
mp	838	34	replicate-1
mp	839	34	replicate-1
mp	840	34	replicate-1
mp	841	34	replicate-1
mp	842	33	replicate-1
mp	843	33	replicate-1
mp	844	33	replicate-1
mp	845	33	replicate-1
mp	846	33	replicate-1
mp	847	35	replicate-1
mp	848	37	replicate-1
mp	849	36	replicate-1
mp	850	35	replicate-1
mp	851	35	replicate-1
mp	852	35	replicate-1
mp	853	35	replicate-1
mp	854	35	replicate-1
mp	855	35	replicate-1
mp	856	36	replicate-1
mp	857	36	replicate-1
mp	858	35	replicate-1
mp	859	35	replicate-1
mp	860	35	replicate-1
mp	861	35	replicate-1
mp	862	35	replicate-1
mp	863	33	replicate-1
mp	864	32	replicate-1
mp	865	33	replicate-1
mp	866	34	replicate-1
mp	867	34	replicate-1
mp	868	34	replicate-1
mp	869	34	replicate-1
mp	870	34	replicate-1
mp	871	34	replicate-1
mp	872	34	replicate-1
mp	873	34	replicate-1
mp	874	35	replicate-1
mp	875	39	replicate-1
mp	876	35	replicate-1
mp	877	36	replicate-1
mp	878	36	replicate-1
mp	879	35	replicate-1
mp	880	34	replicate-1
mp	881	33	replicate-1
mp	882	33	replicate-1
mp	883	33	replicate-1
mp	884	32	replicate-1
mp	885	30	replicate-1
mp	886	33	replicate-1
mp	887	33	replicate-1
mp	888	33	replicate-1
mp	889	34	replicate-1
mp	890	35	replicate-1
mp	891	35	replicate-1
mp	892	35	replicate-1
mp	893	36	replicate-1
mp	894	36	replicate-1
mp	895	35	replicate-1
mp	896	31	replicate-1
mp	897	31	replicate-1
mp	898	31	replicate-1
mp	899	32	replicate-1
mp	900	32	replicate-1
mp	901	30	replicate-1
mp	902	30	replicate-1
mp	903	30	replicate-1
mp	904	30	replicate-1
mp	905	30	replicate-1
mp	906	33	replicate-1
mp	907	33	replicate-1
mp	908	32	replicate-1
mp	909	33	replicate-1
mp	910	32	replicate-1
mp	911	33	replicate-1
mp	912	33	replicate-1
mp	913	33	replicate-1
mp	914	33	replicate-1
mp	915	33	replicate-1
mp	916	31	replicate-1
mp	917	33	replicate-1
mp	918	32	replicate-1
mp	919	32	replicate-1
mp	920	32	replicate-1
mp	921	32	replicate-1
mp	922	31	replicate-1
mp	923	31	replicate-1
mp	924	31	replicate-1
mp	925	31	replicate-1
mp	926	31	replicate-1
mp	927	31	replicate-1
mp	928	31	replicate-1
mp	929	31	replicate-1
mp	930	32	replicate-1
mp	931	32	replicate-1
mp	932	32	replicate-1
mp	933	31	replicate-1
mp	934	32	replicate-1
mp	935	31	replicate-1
mp	936	30	replicate-1
mp	937	28	replicate-1
mp	938	28	replicate-1
mp	939	28	replicate-1
mp	940	28	replicate-1
mp	941	28	replicate-1
mp	942	27	replicate-1
mp	943	27	replicate-1
mp	944	27	replicate-1
mp	945	27	replicate-1
mp	946	27	replicate-1
mp	947	28	replicate-1
mp	948	28	replicate-1
mp	949	28	replicate-1
mp	950	28	replicate-1
mp	951	28	replicate-1
mp	952	28	replicate-1
mp	953	28	replicate-1
mp	954	28	replicate-1
mp	955	28	replicate-1
mp	956	28	replicate-1
mp	957	28	replicate-1
mp	958	28	replicate-1
mp	959	28	replicate-1
mp	960	30	replicate-1
mp	961	30	replicate-1
mp	962	27	replicate-1
mp	963	27	replicate-1
mp	964	26	replicate-1
mp	965	27	replicate-1
mp	966	27	replicate-1
mp	967	23	replicate-1
mp	968	23	replicate-1
mp	969	22	replicate-1
mp	970	22	replicate-1
mp	971	22	replicate-1
mp	972	22	replicate-1
mp	973	21	replicate-1
mp	974	21	replicate-1
mp	975	21	replicate-1
mp	976	21	replicate-1
mp	977	22	replicate-1
mp	978	22	replicate-1
mp	979	22	replicate-1
mp	980	22	replicate-1
mp	981	21	replicate-1
mp	982	21	replicate-1
mp	983	21	replicate-1
mp	984	21	replicate-1
mp	985	20	replicate-1
mp	986	20	replicate-1
mp	987	20	replicate-1
mp	988	20	replicate-1
mp	989	20	replicate-1
mp	990	20	replicate-1
mp	991	20	replicate-1
mp	992	20	replicate-1
mp	993	20	replicate-1
mp	994	20	replicate-1
mp	995	19	replicate-1
mp	996	19	replicate-1
mp	997	19	replicate-1
mp	998	19	replicate-1
mp	999	19	replicate-1
mp	1000	16	replicate-1
mp	1001	16	replicate-1
mp	1002	16	replicate-1
mp	1003	16	replicate-1
mp	1004	16	replicate-1
mp	1005	14	replicate-1
mp	1006	14	replicate-1
mp	1007	14	replicate-1
mp	1008	14	replicate-1
mp	1009	14	replicate-1
mp	1010	14	replicate-1
mp	1011	14	replicate-1
mp	1012	14	replicate-1
mp	1013	14	replicate-1
mp	1014	14	replicate-1
mp	1015	13	replicate-1
mp	1016	13	replicate-1
mp	1017	13	replicate-1
mp	1018	8	replicate-1
mp	1019	8	replicate-1
mp	1020	8	replicate-1
mp	1021	8	replicate-1
mp	1022	8	replicate-1
mp	1023	5	replicate-1
mp	1024	5	replicate-1
mp	1025	5	replicate-1
mp	1026	5	replicate-1
np	1	203	replicate-1
np	2	273	replicate-1
np	3	273	replicate-1
np	4	273	replicate-1
np	5	293	replicate-1
np	6	315	replicate-1
np	7	315	replicate-1
np	8	317	replicate-1
np	9	317	replicate-1
np	10	318	replicate-1
np	11	355	replicate-1
np	12	358	replicate-1
np	13	400	replicate-1
np	14	400	replicate-1
np	15	401	replicate-1
np	16	449	replicate-1
np	17	449	replicate-1
np	18	468	replicate-1
np	19	470	replicate-1
np	20	518	replicate-1
np	21	519	replicate-1
np	22	532	replicate-1
np	23	536	replicate-1
np	24	555	replicate-1
np	25	555	replicate-1
np	26	574	replicate-1
np	27	577	replicate-1
np	28	588	replicate-1
np	29	590	replicate-1
np	30	604	replicate-1
np	31	604	replicate-1
np	32	624	replicate-1
np	33	625	replicate-1
np	34	635	replicate-1
np	35	635	replicate-1
np	36	651	replicate-1
np	37	660	replicate-1
np	38	666	replicate-1
np	39	685	replicate-1
np	40	688	replicate-1
np	41	700	replicate-1
np	42	721	replicate-1
np	43	723	replicate-1
np	44	727	replicate-1
np	45	728	replicate-1
np	46	730	replicate-1
np	47	732	replicate-1
np	48	733	replicate-1
np	49	736	replicate-1
np	50	738	replicate-1
np	51	746	replicate-1
np	52	766	replicate-1
np	53	777	replicate-1
np	54	775	replicate-1
np	55	779	replicate-1
np	56	765	replicate-1
np	57	756	replicate-1
np	58	754	replicate-1
np	59	777	replicate-1
np	60	773	replicate-1
np	61	755	replicate-1
np	62	768	replicate-1
np	63	766	replicate-1
np	64	763	replicate-1
np	65	723	replicate-1
np	66	721	replicate-1
np	67	722	replicate-1
np	68	718	replicate-1
np	69	711	replicate-1
np	70	702	replicate-1
np	71	742	replicate-1
np	72	743	replicate-1
np	73	731	replicate-1
np	74	732	replicate-1
np	75	723	replicate-1
np	76	746	replicate-1
np	77	738	replicate-1
np	78	734	replicate-1
np	79	740	replicate-1
np	80	729	replicate-1
np	81	756	replicate-1
np	82	756	replicate-1
np	83	760	replicate-1
np	84	766	replicate-1
np	85	765	replicate-1
np	86	763	replicate-1
np	87	754	replicate-1
np	88	751	replicate-1
np	89	760	replicate-1
np	90	752	replicate-1
np	91	757	replicate-1
np	92	759	replicate-1
np	93	750	replicate-1
np	94	758	replicate-1
np	95	762	replicate-1
np	96	763	replicate-1
np	97	765	replicate-1
np	98	752	replicate-1
np	99	748	replicate-1
np	100	763	replicate-1
np	101	764	replicate-1
np	102	773	replicate-1
np	103	772	replicate-1
np	104	773	replicate-1
np	105	777	replicate-1
np	106	768	replicate-1
np	107	762	replicate-1
np	108	755	replicate-1
np	109	751	replicate-1
np	110	754	replicate-1
np	111	744	replicate-1
np	112	758	replicate-1
np	113	760	replicate-1
np	114	757	replicate-1
np	115	758	replicate-1
np	116	754	replicate-1
np	117	768	replicate-1
np	118	763	replicate-1
np	119	760	replicate-1
np	120	759	replicate-1
np	121	747	replicate-1
np	122	757	replicate-1
np	123	745	replicate-1
np	124	747	replicate-1
np	125	743	replicate-1
np	126	740	replicate-1
np	127	741	replicate-1
np	128	751	replicate-1
np	129	744	replicate-1
np	130	765	replicate-1
np	131	754	replicate-1
np	132	753	replicate-1
np	133	758	replicate-1
np	134	763	replicate-1
np	135	749	replicate-1
np	136	737	replicate-1
np	137	741	replicate-1
np	138	729	replicate-1
np	139	718	replicate-1
np	140	727	replicate-1
np	141	737	replicate-1
np	142	742	replicate-1
np	143	738	replicate-1
np	144	744	replicate-1
np	145	750	replicate-1
np	146	755	replicate-1
np	147	757	replicate-1
np	148	758	replicate-1
np	149	765	replicate-1
np	150	762	replicate-1
np	151	747	replicate-1
np	152	749	replicate-1
np	153	746	replicate-1
np	154	748	replicate-1
np	155	747	replicate-1
np	156	743	replicate-1
np	157	733	replicate-1
np	158	726	replicate-1
np	159	767	replicate-1
np	160	795	replicate-1
np	161	858	replicate-1
np	162	890	replicate-1
np	163	898	replicate-1
np	164	1015	replicate-1
np	165	1058	replicate-1
np	166	1114	replicate-1
np	167	1115	replicate-1
np	168	1115	replicate-1
np	169	1160	replicate-1
np	170	1145	replicate-1
np	171	1297	replicate-1
np	172	1290	replicate-1
np	173	1256	replicate-1
np	174	1265	replicate-1
np	175	1259	replicate-1
np	176	1277	replicate-1
np	177	1278	replicate-1
np	178	1275	replicate-1
np	179	1271	replicate-1
np	180	1228	replicate-1
np	181	1260	replicate-1
np	182	1259	replicate-1
np	183	1283	replicate-1
np	184	1289	replicate-1
np	185	1288	replicate-1
np	186	1295	replicate-1
np	187	1301	replicate-1
np	188	1302	replicate-1
np	189	1297	replicate-1
np	190	1303	replicate-1
np	191	1285	replicate-1
np	192	1290	replicate-1
np	193	1286	replicate-1
np	194	1312	replicate-1
np	195	1322	replicate-1
np	196	1341	replicate-1
np	197	1345	replicate-1
np	198	1359	replicate-1
np	199	1370	replicate-1
np	200	1379	replicate-1
np	201	1381	replicate-1
np	202	1390	replicate-1
np	203	1396	replicate-1
np	204	1393	replicate-1
np	205	1394	replicate-1
np	206	1394	replicate-1
np	207	1399	replicate-1
np	208	1386	replicate-1
np	209	1396	replicate-1
np	210	1406	replicate-1
np	211	1405	replicate-1
np	212	1406	replicate-1
np	213	1440	replicate-1
np	214	1483	replicate-1
np	215	1481	replicate-1
np	216	1483	replicate-1
np	217	1482	replicate-1
np	218	1466	replicate-1
np	219	1456	replicate-1
np	220	1436	replicate-1
np	221	1423	replicate-1
np	222	1436	replicate-1
np	223	1384	replicate-1
np	224	1408	replicate-1
np	225	1411	replicate-1
np	226	1406	replicate-1
np	227	1410	replicate-1
np	228	1396	replicate-1
np	229	1437	replicate-1
np	230	1500	replicate-1
np	231	1473	replicate-1
np	232	1472	replicate-1
np	233	1453	replicate-1
np	234	1458	replicate-1
np	235	1475	replicate-1
np	236	1467	replicate-1
np	237	1464	replicate-1
np	238	1417	replicate-1
np	239	1383	replicate-1
np	240	1394	replicate-1
np	241	1389	replicate-1
np	242	1395	replicate-1
np	243	1416	replicate-1
np	244	1428	replicate-1
np	245	1425	replicate-1
np	246	1436	replicate-1
np	247	1448	replicate-1
np	248	1439	replicate-1
np	249	1436	replicate-1
np	250	1415	replicate-1
np	251	1415	replicate-1
np	252	1388	replicate-1
np	253	1415	replicate-1
np	254	1416	replicate-1
np	255	1403	replicate-1
np	256	1407	replicate-1
np	257	1404	replicate-1
np	258	1403	replicate-1
np	259	1422	replicate-1
np	260	1422	replicate-1
np	261	1417	replicate-1
np	262	1421	replicate-1
np	263	1387	replicate-1
np	264	1424	replicate-1
np	265	1418	replicate-1
np	266	1431	replicate-1
np	267	1449	replicate-1
np	268	1441	replicate-1
np	269	1453	replicate-1
np	270	1514	replicate-1
np	271	1528	replicate-1
np	272	1656	replicate-1
np	273	1673	replicate-1
np	274	1658	replicate-1
np	275	1648	replicate-1
np	276	1603	replicate-1
np	277	1616	replicate-1
np	278	1626	replicate-1
np	279	1624	replicate-1
np	280	1597	replicate-1
np	281	1533	replicate-1
np	282	1517	replicate-1
np	283	1521	replicate-1
np	284	1516	replicate-1
np	285	1503	replicate-1
np	286	1519	replicate-1
np	287	1498	replicate-1
np	288	1501	replicate-1
np	289	1494	replicate-1
np	290	1495	replicate-1
np	291	1562	replicate-1
np	292	1562	replicate-1
np	293	1566	replicate-1
np	294	1561	replicate-1
np	295	1531	replicate-1
np	296	1584	replicate-1
np	297	1575	replicate-1
np	298	1591	replicate-1
np	299	1594	replicate-1
np	300	1564	replicate-1
np	301	1572	replicate-1
np	302	1573	replicate-1
np	303	1572	replicate-1
np	304	1566	replicate-1
np	305	1518	replicate-1
np	306	1517	replicate-1
np	307	1511	replicate-1
np	308	1504	replicate-1
np	309	1503	replicate-1
np	310	1502	replicate-1
np	311	1503	replicate-1
np	312	1513	replicate-1
np	313	1507	replicate-1
np	314	1506	replicate-1
np	315	1508	replicate-1
np	316	1501	replicate-1
np	317	1477	replicate-1
np	318	1486	replicate-1
np	319	1466	replicate-1
np	320	1455	replicate-1
np	321	1434	replicate-1
np	322	1431	replicate-1
np	323	1428	replicate-1
np	324	1416	replicate-1
np	325	1417	replicate-1
np	326	1458	replicate-1
np	327	1453	replicate-1
np	328	1622	replicate-1
np	329	1643	replicate-1
np	330	1640	replicate-1
np	331	1650	replicate-1
np	332	1640	replicate-1
np	333	1615	replicate-1
np	334	1667	replicate-1
np	335	1646	replicate-1
np	336	1654	replicate-1
np	337	1489	replicate-1
np	338	1522	replicate-1
np	339	1511	replicate-1
np	340	1451	replicate-1
np	341	1459	replicate-1
np	342	1431	replicate-1
np	343	1422	replicate-1
np	344	1435	replicate-1
np	345	1411	replicate-1
np	346	1412	replicate-1
np	347	1373	replicate-1
np	348	1372	replicate-1
np	349	1371	replicate-1
np	350	1380	replicate-1
np	351	1382	replicate-1
np	352	1380	replicate-1
np	353	1369	replicate-1
np	354	1356	replicate-1
np	355	1355	replicate-1
np	356	1372	replicate-1
np	357	1385	replicate-1
np	358	1393	replicate-1
np	359	1376	replicate-1
np	360	1390	replicate-1
np	361	1405	replicate-1
np	362	1411	replicate-1
np	363	1410	replicate-1
np	364	1438	replicate-1
np	365	1436	replicate-1
np	366	1449	replicate-1
np	367	1452	replicate-1
np	368	1468	replicate-1
np	369	1488	replicate-1
np	370	1490	replicate-1
np	371	1484	replicate-1
np	372	1483	replicate-1
np	373	1482	replicate-1
np	374	1461	replicate-1
np	375	1467	replicate-1
np	376	1447	replicate-1
np	377	1446	replicate-1
np	378	1441	replicate-1
np	379	1425	replicate-1
np	380	1436	replicate-1
np	381	1427	replicate-1
np	382	1391	replicate-1
np	383	1388	replicate-1
np	384	1368	replicate-1
np	385	1383	replicate-1
np	386	1374	replicate-1
np	387	1356	replicate-1
np	388	1358	replicate-1
np	389	1329	replicate-1
np	390	1354	replicate-1
np	391	1345	replicate-1
np	392	1348	replicate-1
np	393	1345	replicate-1
np	394	1324	replicate-1
np	395	1338	replicate-1
np	396	1344	replicate-1
np	397	1346	replicate-1
np	398	1349	replicate-1
np	399	1347	replicate-1
np	400	1337	replicate-1
np	401	1338	replicate-1
np	402	1338	replicate-1
np	403	1343	replicate-1
np	404	1330	replicate-1
np	405	1343	replicate-1
np	406	1341	replicate-1
np	407	1342	replicate-1
np	408	1333	replicate-1
np	409	1328	replicate-1
np	410	1310	replicate-1
np	411	1323	replicate-1
np	412	1339	replicate-1
np	413	1337	replicate-1
np	414	1331	replicate-1
np	415	1344	replicate-1
np	416	1371	replicate-1
np	417	1361	replicate-1
np	418	1363	replicate-1
np	419	1369	replicate-1
np	420	1334	replicate-1
np	421	1321	replicate-1
np	422	1327	replicate-1
np	423	1285	replicate-1
np	424	1308	replicate-1
np	425	1266	replicate-1
np	426	1306	replicate-1
np	427	1302	replicate-1
np	428	1315	replicate-1
np	429	1323	replicate-1
np	430	1330	replicate-1
np	431	1341	replicate-1
np	432	1327	replicate-1
np	433	1317	replicate-1
np	434	1322	replicate-1
np	435	1277	replicate-1
np	436	1287	replicate-1
np	437	1284	replicate-1
np	438	1279	replicate-1
np	439	1323	replicate-1
np	440	1333	replicate-1
np	441	1324	replicate-1
np	442	1333	replicate-1
np	443	1325	replicate-1
np	444	1330	replicate-1
np	445	1316	replicate-1
np	446	1315	replicate-1
np	447	1312	replicate-1
np	448	1334	replicate-1
np	449	1322	replicate-1
np	450	1344	replicate-1
np	451	1350	replicate-1
np	452	1361	replicate-1
np	453	1351	replicate-1
np	454	1354	replicate-1
np	455	1358	replicate-1
np	456	1385	replicate-1
np	457	1364	replicate-1
np	458	1365	replicate-1
np	459	1357	replicate-1
np	460	1372	replicate-1
np	461	1384	replicate-1
np	462	1393	replicate-1
np	463	1394	replicate-1
np	464	1408	replicate-1
np	465	1413	replicate-1
np	466	1420	replicate-1
np	467	1443	replicate-1
np	468	1441	replicate-1
np	469	1459	replicate-1
np	470	1457	replicate-1
np	471	1458	replicate-1
np	472	1469	replicate-1
np	473	1451	replicate-1
np	474	1487	replicate-1
np	475	1479	replicate-1
np	476	1475	replicate-1
np	477	1483	replicate-1
np	478	1439	replicate-1
np	479	1458	replicate-1
np	480	1456	replicate-1
np	481	1459	replicate-1
np	482	1465	replicate-1
np	483	1431	replicate-1
np	484	1462	replicate-1
np	485	1460	replicate-1
np	486	1462	replicate-1
np	487	1461	replicate-1
np	488	1431	replicate-1
np	489	1460	replicate-1
np	490	1453	replicate-1
np	491	1421	replicate-1
np	492	1433	replicate-1
np	493	1375	replicate-1
np	494	1417	replicate-1
np	495	1391	replicate-1
np	496	1383	replicate-1
np	497	1384	replicate-1
np	498	1337	replicate-1
np	499	1341	replicate-1
np	500	1360	replicate-1
np	501	1360	replicate-1
np	502	1367	replicate-1
np	503	1332	replicate-1
np	504	1330	replicate-1
np	505	1345	replicate-1
np	506	1343	replicate-1
np	507	1349	replicate-1
np	508	1368	replicate-1
np	509	1360	replicate-1
np	510	1366	replicate-1
np	511	1365	replicate-1
np	512	1383	replicate-1
np	513	1397	replicate-1
np	514	1375	replicate-1
np	515	1394	replicate-1
np	516	1374	replicate-1
np	517	1403	replicate-1
np	518	1407	replicate-1
np	519	1401	replicate-1
np	520	1406	replicate-1
np	521	1361	replicate-1
np	522	1365	replicate-1
np	523	1377	replicate-1
np	524	1386	replicate-1
np	525	1426	replicate-1
np	526	1388	replicate-1
np	527	1369	replicate-1
np	528	1368	replicate-1
np	529	1392	replicate-1
np	530	1397	replicate-1
np	531	1403	replicate-1
np	532	1391	replicate-1
np	533	1308	replicate-1
np	534	1290	replicate-1
np	535	1276	replicate-1
np	536	1282	replicate-1
np	537	1285	replicate-1
np	538	1269	replicate-1
np	539	1359	replicate-1
np	540	1345	replicate-1
np	541	1365	replicate-1
np	542	1363	replicate-1
np	543	1354	replicate-1
np	544	1376	replicate-1
np	545	1362	replicate-1
np	546	1366	replicate-1
np	547	1359	replicate-1
np	548	1270	replicate-1
np	549	1273	replicate-1
np	550	1252	replicate-1
np	551	1280	replicate-1
np	552	1281	replicate-1
np	553	1264	replicate-1
np	554	1267	replicate-1
np	555	1256	replicate-1
np	556	1261	replicate-1
np	557	1264	replicate-1
np	558	1256	replicate-1
np	559	1285	replicate-1
np	560	1247	replicate-1
np	561	1358	replicate-1
np	562	1361	replicate-1
np	563	1352	replicate-1
np	564	1352	replicate-1
np	565	1344	replicate-1
np	566	1350	replicate-1
np	567	1343	replicate-1
np	568	1290	replicate-1
np	569	1283	replicate-1
np	570	1205	replicate-1
np	571	1204	replicate-1
np	572	1210	replicate-1
np	573	1193	replicate-1
np	574	1189	replicate-1
np	575	1188	replicate-1
np	576	1178	replicate-1
np	577	1172	replicate-1
np	578	1161	replicate-1
np	579	1151	replicate-1
np	580	1155	replicate-1
np	581	1158	replicate-1
np	582	1156	replicate-1
np	583	1151	replicate-1
np	584	1164	replicate-1
np	585	1163	replicate-1
np	586	1163	replicate-1
np	587	1166	replicate-1
np	588	1159	replicate-1
np	589	1179	replicate-1
np	590	1179	replicate-1
np	591	1181	replicate-1
np	592	1206	replicate-1
np	593	1193	replicate-1
np	594	1206	replicate-1
np	595	1218	replicate-1
np	596	1214	replicate-1
np	597	1205	replicate-1
np	598	1165	replicate-1
np	599	1204	replicate-1
np	600	1189	replicate-1
np	601	1180	replicate-1
np	602	1170	replicate-1
np	603	1164	replicate-1
np	604	1173	replicate-1
np	605	1202	replicate-1
np	606	1202	replicate-1
np	607	1192	replicate-1
np	608	1173	replicate-1
np	609	1113	replicate-1
np	610	1126	replicate-1
np	611	1138	replicate-1
np	612	1144	replicate-1
np	613	1151	replicate-1
np	614	1119	replicate-1
np	615	1108	replicate-1
np	616	1107	replicate-1
np	617	1103	replicate-1
np	618	1101	replicate-1
np	619	1106	replicate-1
np	620	1061	replicate-1
np	621	1054	replicate-1
np	622	1047	replicate-1
np	623	1041	replicate-1
np	624	1055	replicate-1
np	625	1052	replicate-1
np	626	1046	replicate-1
np	627	1053	replicate-1
np	628	1042	replicate-1
np	629	1049	replicate-1
np	630	1055	replicate-1
np	631	1051	replicate-1
np	632	1039	replicate-1
np	633	1050	replicate-1
np	634	1047	replicate-1
np	635	1042	replicate-1
np	636	1040	replicate-1
np	637	1033	replicate-1
np	638	1030	replicate-1
np	639	1023	replicate-1
np	640	1020	replicate-1
np	641	1018	replicate-1
np	642	1007	replicate-1
np	643	1007	replicate-1
np	644	1022	replicate-1
np	645	1017	replicate-1
np	646	1023	replicate-1
np	647	1009	replicate-1
np	648	1016	replicate-1
np	649	1019	replicate-1
np	650	1001	replicate-1
np	651	994	replicate-1
np	652	992	replicate-1
np	653	968	replicate-1
np	654	946	replicate-1
np	655	945	replicate-1
np	656	946	replicate-1
np	657	963	replicate-1
np	658	954	replicate-1
np	659	947	replicate-1
np	660	979	replicate-1
np	661	982	replicate-1
np	662	986	replicate-1
np	663	989	replicate-1
np	664	987	replicate-1
np	665	992	replicate-1
np	666	989	replicate-1
np	667	961	replicate-1
np	668	965	replicate-1
np	669	930	replicate-1
np	670	940	replicate-1
np	671	946	replicate-1
np	672	948	replicate-1
np	673	949	replicate-1
np	674	951	replicate-1
np	675	944	replicate-1
np	676	938	replicate-1
np	677	934	replicate-1
np	678	937	replicate-1
np	679	922	replicate-1
np	680	924	replicate-1
np	681	921	replicate-1
np	682	925	replicate-1
np	683	919	replicate-1
np	684	929	replicate-1
np	685	924	replicate-1
np	686	938	replicate-1
np	687	938	replicate-1
np	688	932	replicate-1
np	689	938	replicate-1
np	690	930	replicate-1
np	691	925	replicate-1
np	692	929	replicate-1
np	693	923	replicate-1
np	694	918	replicate-1
np	695	893	replicate-1
np	696	887	replicate-1
np	697	922	replicate-1
np	698	924	replicate-1
np	699	925	replicate-1
np	700	920	replicate-1
np	701	924	replicate-1
np	702	927	replicate-1
np	703	927	replicate-1
np	704	929	replicate-1
np	705	929	replicate-1
np	706	863	replicate-1
np	707	865	replicate-1
np	708	846	replicate-1
np	709	861	replicate-1
np	710	841	replicate-1
np	711	847	replicate-1
np	712	840	replicate-1
np	713	842	replicate-1
np	714	839	replicate-1
np	715	828	replicate-1
np	716	834	replicate-1
np	717	829	replicate-1
np	718	821	replicate-1
np	719	825	replicate-1
np	720	812	replicate-1
np	721	831	replicate-1
np	722	821	replicate-1
np	723	852	replicate-1
np	724	862	replicate-1
np	725	865	replicate-1
np	726	902	replicate-1
np	727	903	replicate-1
np	728	904	replicate-1
np	729	889	replicate-1
np	730	885	replicate-1
np	731	884	replicate-1
np	732	904	replicate-1
np	733	909	replicate-1
np	734	924	replicate-1
np	735	938	replicate-1
np	736	935	replicate-1
np	737	936	replicate-1
np	738	928	replicate-1
np	739	925	replicate-1
np	740	935	replicate-1
np	741	884	replicate-1
np	742	897	replicate-1
np	743	900	replicate-1
np	744	892	replicate-1
np	745	902	replicate-1
np	746	903	replicate-1
np	747	906	replicate-1
np	748	909	replicate-1
np	749	882	replicate-1
np	750	880	replicate-1
np	751	863	replicate-1
np	752	890	replicate-1
np	753	889	replicate-1
np	754	881	replicate-1
np	755	883	replicate-1
np	756	875	replicate-1
np	757	947	replicate-1
np	758	953	replicate-1
np	759	955	replicate-1
np	760	957	replicate-1
np	761	922	replicate-1
np	762	919	replicate-1
np	763	928	replicate-1
np	764	925	replicate-1
np	765	927	replicate-1
np	766	876	replicate-1
np	767	899	replicate-1
np	768	911	replicate-1
np	769	923	replicate-1
np	770	926	replicate-1
np	771	947	replicate-1
np	772	927	replicate-1
np	773	937	replicate-1
np	774	944	replicate-1
np	775	950	replicate-1
np	776	927	replicate-1
np	777	898	replicate-1
np	778	878	replicate-1
np	779	884	replicate-1
np	780	890	replicate-1
np	781	887	replicate-1
np	782	882	replicate-1
np	783	887	replicate-1
np	784	887	replicate-1
np	785	898	replicate-1
np	786	902	replicate-1
np	787	901	replicate-1
np	788	900	replicate-1
np	789	892	replicate-1
np	790	906	replicate-1
np	791	913	replicate-1
np	792	912	replicate-1
np	793	905	replicate-1
np	794	884	replicate-1
np	795	892	replicate-1
np	796	892	replicate-1
np	797	891	replicate-1
np	798	876	replicate-1
np	799	886	replicate-1
np	800	882	replicate-1
np	801	916	replicate-1
np	802	917	replicate-1
np	803	923	replicate-1
np	804	922	replicate-1
np	805	930	replicate-1
np	806	926	replicate-1
np	807	923	replicate-1
np	808	933	replicate-1
np	809	927	replicate-1
np	810	904	replicate-1
np	811	899	replicate-1
np	812	894	replicate-1
np	813	920	replicate-1
np	814	916	replicate-1
np	815	916	replicate-1
np	816	919	replicate-1
np	817	907	replicate-1
np	818	923	replicate-1
np	819	926	replicate-1
np	820	933	replicate-1
np	821	931	replicate-1
np	822	929	replicate-1
np	823	935	replicate-1
np	824	928	replicate-1
np	825	926	replicate-1
np	826	925	replicate-1
np	827	934	replicate-1
np	828	946	replicate-1
np	829	940	replicate-1
np	830	948	replicate-1
np	831	936	replicate-1
np	832	991	replicate-1
np	833	992	replicate-1
np	834	994	replicate-1
np	835	1005	replicate-1
np	836	988	replicate-1
np	837	1052	replicate-1
np	838	1071	replicate-1
np	839	1083	replicate-1
np	840	1079	replicate-1
np	841	1041	replicate-1
np	842	1036	replicate-1
np	843	1047	replicate-1
np	844	1031	replicate-1
np	845	1034	replicate-1
np	846	1001	replicate-1
np	847	997	replicate-1
np	848	1018	replicate-1
np	849	1013	replicate-1
np	850	1016	replicate-1
np	851	1026	replicate-1
np	852	1020	replicate-1
np	853	1026	replicate-1
np	854	1022	replicate-1
np	855	1028	replicate-1
np	856	1050	replicate-1
np	857	1040	replicate-1
np	858	1041	replicate-1
np	859	1115	replicate-1
np	860	1117	replicate-1
np	861	1129	replicate-1
np	862	1127	replicate-1
np	863	1137	replicate-1
np	864	1160	replicate-1
np	865	1127	replicate-1
np	866	1120	replicate-1
np	867	1110	replicate-1
np	868	1075	replicate-1
np	869	1092	replicate-1
np	870	1091	replicate-1
np	871	1101	replicate-1
np	872	1095	replicate-1
np	873	1103	replicate-1
np	874	1102	replicate-1
np	875	1100	replicate-1
np	876	1093	replicate-1
np	877	1103	replicate-1
np	878	1098	replicate-1
np	879	1095	replicate-1
np	880	1083	replicate-1
np	881	1089	replicate-1
np	882	1090	replicate-1
np	883	1098	replicate-1
np	884	1137	replicate-1
np	885	1160	replicate-1
np	886	1148	replicate-1
np	887	1146	replicate-1
np	888	1152	replicate-1
np	889	1155	replicate-1
np	890	1210	replicate-1
np	891	1205	replicate-1
np	892	1212	replicate-1
np	893	1178	replicate-1
np	894	1178	replicate-1
np	895	1284	replicate-1
np	896	1281	replicate-1
np	897	1280	replicate-1
np	898	1289	replicate-1
np	899	1280	replicate-1
np	900	1298	replicate-1
np	901	1293	replicate-1
np	902	1291	replicate-1
np	903	1289	replicate-1
np	904	1204	replicate-1
np	905	1217	replicate-1
np	906	1219	replicate-1
np	907	1300	replicate-1
np	908	1302	replicate-1
np	909	1265	replicate-1
np	910	1257	replicate-1
np	911	1250	replicate-1
np	912	1250	replicate-1
np	913	1248	replicate-1
np	914	1229	replicate-1
np	915	1262	replicate-1
np	916	1216	replicate-1
np	917	1214	replicate-1
np	918	1212	replicate-1
np	919	1213	replicate-1
np	920	1207	replicate-1
np	921	1200	replicate-1
np	922	1180	replicate-1
np	923	1194	replicate-1
np	924	1172	replicate-1
np	925	1197	replicate-1
np	926	1190	replicate-1
np	927	1198	replicate-1
np	928	1226	replicate-1
np	929	1234	replicate-1
np	930	1243	replicate-1
np	931	1242	replicate-1
np	932	1246	replicate-1
np	933	1256	replicate-1
np	934	1233	replicate-1
np	935	1280	replicate-1
np	936	1264	replicate-1
np	937	1251	replicate-1
np	938	1241	replicate-1
np	939	1255	replicate-1
np	940	1260	replicate-1
np	941	1255	replicate-1
np	942	1242	replicate-1
np	943	1235	replicate-1
np	944	1259	replicate-1
np	945	1248	replicate-1
np	946	1232	replicate-1
np	947	1229	replicate-1
np	948	1211	replicate-1
np	949	1212	replicate-1
np	950	1205	replicate-1
np	951	1208	replicate-1
np	952	1209	replicate-1
np	953	1216	replicate-1
np	954	1203	replicate-1
np	955	1207	replicate-1
np	956	1212	replicate-1
np	957	1227	replicate-1
np	958	1213	replicate-1
np	959	1210	replicate-1
np	960	1201	replicate-1
np	961	1204	replicate-1
np	962	1196	replicate-1
np	963	1211	replicate-1
np	964	1218	replicate-1
np	965	1209	replicate-1
np	966	1206	replicate-1
np	967	1201	replicate-1
np	968	1197	replicate-1
np	969	1194	replicate-1
np	970	1172	replicate-1
np	971	1159	replicate-1
np	972	1150	replicate-1
np	973	1086	replicate-1
np	974	1099	replicate-1
np	975	1091	replicate-1
np	976	1108	replicate-1
np	977	1102	replicate-1
np	978	1106	replicate-1
np	979	1125	replicate-1
np	980	1123	replicate-1
np	981	1143	replicate-1
np	982	1139	replicate-1
np	983	1131	replicate-1
np	984	1126	replicate-1
np	985	1112	replicate-1
np	986	1125	replicate-1
np	987	1124	replicate-1
np	988	1098	replicate-1
np	989	1076	replicate-1
np	990	1122	replicate-1
np	991	1117	replicate-1
np	992	1112	replicate-1
np	993	1101	replicate-1
np	994	1053	replicate-1
np	995	1048	replicate-1
np	996	1038	replicate-1
np	997	1038	replicate-1
np	998	1024	replicate-1
np	999	1000	replicate-1
np	1000	1000	replicate-1
np	1001	1004	replicate-1
np	1002	1010	replicate-1
np	1003	1004	replicate-1
np	1004	1006	replicate-1
np	1005	999	replicate-1
np	1006	1001	replicate-1
np	1007	994	replicate-1
np	1008	982	replicate-1
np	1009	990	replicate-1
np	1010	989	replicate-1
np	1011	924	replicate-1
np	1012	934	replicate-1
np	1013	921	replicate-1
np	1014	907	replicate-1
np	1015	928	replicate-1
np	1016	930	replicate-1
np	1017	923	replicate-1
np	1018	921	replicate-1
np	1019	933	replicate-1
np	1020	936	replicate-1
np	1021	926	replicate-1
np	1022	936	replicate-1
np	1023	926	replicate-1
np	1024	933	replicate-1
np	1025	915	replicate-1
np	1026	929	replicate-1
np	1027	932	replicate-1
np	1028	920	replicate-1
np	1029	1002	replicate-1
np	1030	1027	replicate-1
np	1031	1027	replicate-1
np	1032	1028	replicate-1
np	1033	1030	replicate-1
np	1034	1046	replicate-1
np	1035	1046	replicate-1
np	1036	1040	replicate-1
np	1037	1044	replicate-1
np	1038	990	replicate-1
np	1039	1012	replicate-1
np	1040	1014	replicate-1
np	1041	1015	replicate-1
np	1042	1013	replicate-1
np	1043	1015	replicate-1
np	1044	1023	replicate-1
np	1045	1017	replicate-1
np	1046	1022	replicate-1
np	1047	1029	replicate-1
np	1048	985	replicate-1
np	1049	994	replicate-1
np	1050	984	replicate-1
np	1051	988	replicate-1
np	1052	992	replicate-1
np	1053	989	replicate-1
np	1054	1020	replicate-1
np	1055	1019	replicate-1
np	1056	1026	replicate-1
np	1057	1032	replicate-1
np	1058	1029	replicate-1
np	1059	1033	replicate-1
np	1060	1044	replicate-1
np	1061	1044	replicate-1
np	1062	1052	replicate-1
np	1063	1071	replicate-1
np	1064	1151	replicate-1
np	1065	1151	replicate-1
np	1066	1163	replicate-1
np	1067	1170	replicate-1
np	1068	1168	replicate-1
np	1069	1171	replicate-1
np	1070	1184	replicate-1
np	1071	1163	replicate-1
np	1072	1193	replicate-1
np	1073	1130	replicate-1
np	1074	1158	replicate-1
np	1075	1158	replicate-1
np	1076	1170	replicate-1
np	1077	1173	replicate-1
np	1078	1190	replicate-1
np	1079	1203	replicate-1
np	1080	1212	replicate-1
np	1081	1187	replicate-1
np	1082	1203	replicate-1
np	1083	1216	replicate-1
np	1084	1219	replicate-1
np	1085	1225	replicate-1
np	1086	1231	replicate-1
np	1087	1210	replicate-1
np	1088	1218	replicate-1
np	1089	1212	replicate-1
np	1090	1218	replicate-1
np	1091	1238	replicate-1
np	1092	1263	replicate-1
np	1093	1272	replicate-1
np	1094	1282	replicate-1
np	1095	1282	replicate-1
np	1096	1284	replicate-1
np	1097	1328	replicate-1
np	1098	1329	replicate-1
np	1099	1338	replicate-1
np	1100	1306	replicate-1
np	1101	1265	replicate-1
np	1102	1302	replicate-1
np	1103	1305	replicate-1
np	1104	1313	replicate-1
np	1105	1307	replicate-1
np	1106	1298	replicate-1
np	1107	1302	replicate-1
np	1108	1301	replicate-1
np	1109	1328	replicate-1
np	1110	1310	replicate-1
np	1111	1300	replicate-1
np	1112	1288	replicate-1
np	1113	1282	replicate-1
np	1114	1293	replicate-1
np	1115	1283	replicate-1
np	1116	1301	replicate-1
np	1117	1347	replicate-1
np	1118	1314	replicate-1
np	1119	1331	replicate-1
np	1120	1324	replicate-1
np	1121	1329	replicate-1
np	1122	1329	replicate-1
np	1123	1322	replicate-1
np	1124	1342	replicate-1
np	1125	1339	replicate-1
np	1126	1273	replicate-1
np	1127	1290	replicate-1
np	1128	1265	replicate-1
np	1129	1278	replicate-1
np	1130	1286	replicate-1
np	1131	1258	replicate-1
np	1132	1286	replicate-1
np	1133	1284	replicate-1
np	1134	1294	replicate-1
np	1135	1299	replicate-1
np	1136	1290	replicate-1
np	1137	1295	replicate-1
np	1138	1284	replicate-1
np	1139	1280	replicate-1
np	1140	1269	replicate-1
np	1141	1251	replicate-1
np	1142	1257	replicate-1
np	1143	1260	replicate-1
np	1144	1268	replicate-1
np	1145	1270	replicate-1
np	1146	1265	replicate-1
np	1147	1274	replicate-1
np	1148	1268	replicate-1
np	1149	1268	replicate-1
np	1150	1263	replicate-1
np	1151	1244	replicate-1
np	1152	1240	replicate-1
np	1153	1230	replicate-1
np	1154	1220	replicate-1
np	1155	1242	replicate-1
np	1156	1224	replicate-1
np	1157	1227	replicate-1
np	1158	1228	replicate-1
np	1159	1235	replicate-1
np	1160	1240	replicate-1
np	1161	1251	replicate-1
np	1162	1251	replicate-1
np	1163	1267	replicate-1
np	1164	1248	replicate-1
np	1165	1242	replicate-1
np	1166	1238	replicate-1
np	1167	1245	replicate-1
np	1168	1245	replicate-1
np	1169	1213	replicate-1
np	1170	1320	replicate-1
np	1171	1311	replicate-1
np	1172	1448	replicate-1
np	1173	1453	replicate-1
np	1174	1439	replicate-1
np	1175	1429	replicate-1
np	1176	1439	replicate-1
np	1177	1449	replicate-1
np	1178	1515	replicate-1
np	1179	1394	replicate-1
np	1180	1405	replicate-1
np	1181	1306	replicate-1
np	1182	1314	replicate-1
np	1183	1331	replicate-1
np	1184	1326	replicate-1
np	1185	1324	replicate-1
np	1186	1327	replicate-1
np	1187	1287	replicate-1
np	1188	1307	replicate-1
np	1189	1305	replicate-1
np	1190	1310	replicate-1
np	1191	1332	replicate-1
np	1192	1336	replicate-1
np	1193	1345	replicate-1
np	1194	1348	replicate-1
np	1195	1348	replicate-1
np	1196	1362	replicate-1
np	1197	1375	replicate-1
np	1198	1377	replicate-1
np	1199	1377	replicate-1
np	1200	1378	replicate-1
np	1201	1341	replicate-1
np	1202	1363	replicate-1
np	1203	1387	replicate-1
np	1204	1401	replicate-1
np	1205	1407	replicate-1
np	1206	1383	replicate-1
np	1207	1388	replicate-1
np	1208	1387	replicate-1
np	1209	1388	replicate-1
np	1210	1389	replicate-1
np	1211	1379	replicate-1
np	1212	1365	replicate-1
np	1213	1358	replicate-1
np	1214	1354	replicate-1
np	1215	1352	replicate-1
np	1216	1346	replicate-1
np	1217	1353	replicate-1
np	1218	1355	replicate-1
np	1219	1355	replicate-1
np	1220	1361	replicate-1
np	1221	1353	replicate-1
np	1222	1359	replicate-1
np	1223	1370	replicate-1
np	1224	1372	replicate-1
np	1225	1380	replicate-1
np	1226	1371	replicate-1
np	1227	1366	replicate-1
np	1228	1353	replicate-1
np	1229	1339	replicate-1
np	1230	1346	replicate-1
np	1231	1320	replicate-1
np	1232	1326	replicate-1
np	1233	1290	replicate-1
np	1234	1319	replicate-1
np	1235	1287	replicate-1
np	1236	1303	replicate-1
np	1237	1300	replicate-1
np	1238	1264	replicate-1
np	1239	1259	replicate-1
np	1240	1262	replicate-1
np	1241	1244	replicate-1
np	1242	1250	replicate-1
np	1243	1199	replicate-1
np	1244	1208	replicate-1
np	1245	1170	replicate-1
np	1246	1173	replicate-1
np	1247	1178	replicate-1
np	1248	1165	replicate-1
np	1249	1164	replicate-1
np	1250	1173	replicate-1
np	1251	1158	replicate-1
np	1252	1160	replicate-1
np	1253	1153	replicate-1
np	1254	1127	replicate-1
np	1255	1139	replicate-1
np	1256	1135	replicate-1
np	1257	1145	replicate-1
np	1258	1144	replicate-1
np	1259	1126	replicate-1
np	1260	1135	replicate-1
np	1261	1132	replicate-1
np	1262	1183	replicate-1
np	1263	1165	replicate-1
np	1264	1137	replicate-1
np	1265	1156	replicate-1
np	1266	1146	replicate-1
np	1267	1154	replicate-1
np	1268	1131	replicate-1
np	1269	1096	replicate-1
np	1270	1094	replicate-1
np	1271	977	replicate-1
np	1272	995	replicate-1
np	1273	998	replicate-1
np	1274	982	replicate-1
np	1275	983	replicate-1
np	1276	968	replicate-1
np	1277	977	replicate-1
np	1278	967	replicate-1
np	1279	967	replicate-1
np	1280	993	replicate-1
np	1281	987	replicate-1
np	1282	927	replicate-1
np	1283	942	replicate-1
np	1284	918	replicate-1
np	1285	958	replicate-1
np	1286	949	replicate-1
np	1287	959	replicate-1
np	1288	962	replicate-1
np	1289	933	replicate-1
np	1290	934	replicate-1
np	1291	930	replicate-1
np	1292	937	replicate-1
np	1293	921	replicate-1
np	1294	846	replicate-1
np	1295	831	replicate-1
np	1296	840	replicate-1
np	1297	837	replicate-1
np	1298	829	replicate-1
np	1299	834	replicate-1
np	1300	843	replicate-1
np	1301	840	replicate-1
np	1302	851	replicate-1
np	1303	855	replicate-1
np	1304	874	replicate-1
np	1305	878	replicate-1
np	1306	896	replicate-1
np	1307	899	replicate-1
np	1308	904	replicate-1
np	1309	902	replicate-1
np	1310	908	replicate-1
np	1311	894	replicate-1
np	1312	892	replicate-1
np	1313	891	replicate-1
np	1314	885	replicate-1
np	1315	876	replicate-1
np	1316	874	replicate-1
np	1317	885	replicate-1
np	1318	875	replicate-1
np	1319	871	replicate-1
np	1320	877	replicate-1
np	1321	877	replicate-1
np	1322	884	replicate-1
np	1323	885	replicate-1
np	1324	880	replicate-1
np	1325	876	replicate-1
np	1326	853	replicate-1
np	1327	865	replicate-1
np	1328	868	replicate-1
np	1329	871	replicate-1
np	1330	868	replicate-1
np	1331	863	replicate-1
np	1332	863	replicate-1
np	1333	867	replicate-1
np	1334	876	replicate-1
np	1335	881	replicate-1
np	1336	883	replicate-1
np	1337	890	replicate-1
np	1338	881	replicate-1
np	1339	875	replicate-1
np	1340	874	replicate-1
np	1341	875	replicate-1
np	1342	863	replicate-1
np	1343	863	replicate-1
np	1344	839	replicate-1
np	1345	838	replicate-1
np	1346	836	replicate-1
np	1347	835	replicate-1
np	1348	834	replicate-1
np	1349	828	replicate-1
np	1350	822	replicate-1
np	1351	805	replicate-1
np	1352	810	replicate-1
np	1353	804	replicate-1
np	1354	805	replicate-1
np	1355	817	replicate-1
np	1356	805	replicate-1
np	1357	809	replicate-1
np	1358	807	replicate-1
np	1359	802	replicate-1
np	1360	806	replicate-1
np	1361	790	replicate-1
np	1362	804	replicate-1
np	1363	781	replicate-1
np	1364	772	replicate-1
np	1365	770	replicate-1
np	1366	762	replicate-1
np	1367	772	replicate-1
np	1368	766	replicate-1
np	1369	761	replicate-1
np	1370	758	replicate-1
np	1371	730	replicate-1
np	1372	731	replicate-1
np	1373	712	replicate-1
np	1374	724	replicate-1
np	1375	724	replicate-1
np	1376	700	replicate-1
np	1377	707	replicate-1
np	1378	711	replicate-1
np	1379	708	replicate-1
np	1380	712	replicate-1
np	1381	703	replicate-1
np	1382	713	replicate-1
np	1383	693	replicate-1
np	1384	688	replicate-1
np	1385	665	replicate-1
np	1386	636	replicate-1
np	1387	637	replicate-1
np	1388	634	replicate-1
np	1389	638	replicate-1
np	1390	642	replicate-1
np	1391	621	replicate-1
np	1392	614	replicate-1
np	1393	609	replicate-1
np	1394	610	replicate-1
np	1395	612	replicate-1
np	1396	608	replicate-1
np	1397	608	replicate-1
np	1398	608	replicate-1
np	1399	594	replicate-1
np	1400	610	replicate-1
np	1401	613	replicate-1
np	1402	627	replicate-1
np	1403	624	replicate-1
np	1404	612	replicate-1
np	1405	618	replicate-1
np	1406	614	replicate-1
np	1407	618	replicate-1
np	1408	631	replicate-1
np	1409	619	replicate-1
np	1410	603	replicate-1
np	1411	607	replicate-1
np	1412	602	replicate-1
np	1413	630	replicate-1
np	1414	624	replicate-1
np	1415	661	replicate-1
np	1416	660	replicate-1
np	1417	676	replicate-1
np	1418	692	replicate-1
np	1419	705	replicate-1
np	1420	706	replicate-1
np	1421	692	replicate-1
np	1422	698	replicate-1
np	1423	699	replicate-1
np	1424	704	replicate-1
np	1425	707	replicate-1
np	1426	691	replicate-1
np	1427	694	replicate-1
np	1428	700	replicate-1
np	1429	703	replicate-1
np	1430	710	replicate-1
np	1431	718	replicate-1
np	1432	746	replicate-1
np	1433	729	replicate-1
np	1434	765	replicate-1
np	1435	781	replicate-1
np	1436	789	replicate-1
np	1437	802	replicate-1
np	1438	800	replicate-1
np	1439	808	replicate-1
np	1440	812	replicate-1
np	1441	798	replicate-1
np	1442	801	replicate-1
np	1443	807	replicate-1
np	1444	815	replicate-1
np	1445	820	replicate-1
np	1446	829	replicate-1
np	1447	837	replicate-1
np	1448	841	replicate-1
np	1449	843	replicate-1
np	1450	841	replicate-1
np	1451	840	replicate-1
np	1452	837	replicate-1
np	1453	835	replicate-1
np	1454	837	replicate-1
np	1455	841	replicate-1
np	1456	851	replicate-1
np	1457	858	replicate-1
np	1458	852	replicate-1
np	1459	853	replicate-1
np	1460	856	replicate-1
np	1461	862	replicate-1
np	1462	834	replicate-1
np	1463	833	replicate-1
np	1464	834	replicate-1
np	1465	836	replicate-1
np	1466	833	replicate-1
np	1467	838	replicate-1
np	1468	841	replicate-1
np	1469	847	replicate-1
np	1470	849	replicate-1
np	1471	853	replicate-1
np	1472	852	replicate-1
np	1473	856	replicate-1
np	1474	864	replicate-1
np	1475	867	replicate-1
np	1476	863	replicate-1
np	1477	865	replicate-1
np	1478	880	replicate-1
np	1479	891	replicate-1
np	1480	876	replicate-1
np	1481	880	replicate-1
np	1482	879	replicate-1
np	1483	891	replicate-1
np	1484	892	replicate-1
np	1485	893	replicate-1
np	1486	884	replicate-1
np	1487	828	replicate-1
np	1488	832	replicate-1
np	1489	834	replicate-1
np	1490	833	replicate-1
np	1491	837	replicate-1
np	1492	815	replicate-1
np	1493	818	replicate-1
np	1494	813	replicate-1
np	1495	812	replicate-1
np	1496	812	replicate-1
np	1497	768	replicate-1
np	1498	774	replicate-1
np	1499	759	replicate-1
np	1500	750	replicate-1
np	1501	753	replicate-1
np	1502	739	replicate-1
np	1503	733	replicate-1
np	1504	734	replicate-1
np	1505	737	replicate-1
np	1506	735	replicate-1
np	1507	721	replicate-1
np	1508	724	replicate-1
np	1509	710	replicate-1
np	1510	683	replicate-1
np	1511	684	replicate-1
np	1512	683	replicate-1
np	1513	678	replicate-1
np	1514	678	replicate-1
np	1515	677	replicate-1
np	1516	677	replicate-1
np	1517	673	replicate-1
np	1518	667	replicate-1
np	1519	652	replicate-1
np	1520	652	replicate-1
np	1521	652	replicate-1
np	1522	649	replicate-1
np	1523	649	replicate-1
np	1524	611	replicate-1
np	1525	610	replicate-1
np	1526	602	replicate-1
np	1527	577	replicate-1
np	1528	576	replicate-1
np	1529	448	replicate-1
np	1530	448	replicate-1
np	1531	415	replicate-1
np	1532	413	replicate-1
np	1533	413	replicate-1
np	1534	403	replicate-1
np	1535	402	replicate-1
np	1536	383	replicate-1
np	1537	286	replicate-1
np	1538	285	replicate-1
np	1539	248	replicate-1
np	1540	247	replicate-1
np	1541	244	replicate-1
np	1542	244	replicate-1
np	1543	240	replicate-1
np	1544	240	replicate-1
np	1545	212	replicate-1
np	1546	209	replicate-1
np	1547	205	replicate-1
np	1548	205	replicate-1
np	1549	204	replicate-1
np	1550	204	replicate-1
np	1551	200	replicate-1
np	1552	200	replicate-1
np	1553	189	replicate-1
np	1554	184	replicate-1
np	1555	174	replicate-1
np	1556	171	replicate-1
np	1557	171	replicate-1
np	1558	169	replicate-1
np	1559	169	replicate-1
np	1560	169	replicate-1
np	1561	131	replicate-1
np	1562	130	replicate-1
np	1563	128	replicate-1
np	1564	127	replicate-1
np	1565	28	replicate-1
pb1	1	192	replicate-1
pb1	2	221	replicate-1
pb1	3	221	replicate-1
pb1	4	221	replicate-1
pb1	5	246	replicate-1
pb1	6	249	replicate-1
pb1	7	250	replicate-1
pb1	8	253	replicate-1
pb1	9	268	replicate-1
pb1	10	269	replicate-1
pb1	11	275	replicate-1
pb1	12	279	replicate-1
pb1	13	281	replicate-1
pb1	14	281	replicate-1
pb1	15	292	replicate-1
pb1	16	294	replicate-1
pb1	17	322	replicate-1
pb1	18	326	replicate-1
pb1	19	329	replicate-1
pb1	20	336	replicate-1
pb1	21	340	replicate-1
pb1	22	344	replicate-1
pb1	23	356	replicate-1
pb1	24	360	replicate-1
pb1	25	364	replicate-1
pb1	26	365	replicate-1
pb1	27	366	replicate-1
pb1	28	373	replicate-1
pb1	29	378	replicate-1
pb1	30	380	replicate-1
pb1	31	382	replicate-1
pb1	32	382	replicate-1
pb1	33	393	replicate-1
pb1	34	397	replicate-1
pb1	35	398	replicate-1
pb1	36	399	replicate-1
pb1	37	399	replicate-1
pb1	38	400	replicate-1
pb1	39	405	replicate-1
pb1	40	414	replicate-1
pb1	41	416	replicate-1
pb1	42	417	replicate-1
pb1	43	418	replicate-1
pb1	44	418	replicate-1
pb1	45	421	replicate-1
pb1	46	423	replicate-1
pb1	47	423	replicate-1
pb1	48	427	replicate-1
pb1	49	427	replicate-1
pb1	50	454	replicate-1
pb1	51	458	replicate-1
pb1	52	458	replicate-1
pb1	53	457	replicate-1
pb1	54	461	replicate-1
pb1	55	463	replicate-1
pb1	56	462	replicate-1
pb1	57	462	replicate-1
pb1	58	461	replicate-1
pb1	59	461	replicate-1
pb1	60	459	replicate-1
pb1	61	458	replicate-1
pb1	62	458	replicate-1
pb1	63	457	replicate-1
pb1	64	466	replicate-1
pb1	65	468	replicate-1
pb1	66	467	replicate-1
pb1	67	466	replicate-1
pb1	68	466	replicate-1
pb1	69	469	replicate-1
pb1	70	470	replicate-1
pb1	71	475	replicate-1
pb1	72	485	replicate-1
pb1	73	502	replicate-1
pb1	74	509	replicate-1
pb1	75	516	replicate-1
pb1	76	519	replicate-1
pb1	77	519	replicate-1
pb1	78	559	replicate-1
pb1	79	559	replicate-1
pb1	80	577	replicate-1
pb1	81	578	replicate-1
pb1	82	582	replicate-1
pb1	83	598	replicate-1
pb1	84	592	replicate-1
pb1	85	595	replicate-1
pb1	86	600	replicate-1
pb1	87	597	replicate-1
pb1	88	613	replicate-1
pb1	89	609	replicate-1
pb1	90	713	replicate-1
pb1	91	714	replicate-1
pb1	92	718	replicate-1
pb1	93	721	replicate-1
pb1	94	726	replicate-1
pb1	95	766	replicate-1
pb1	96	777	replicate-1
pb1	97	772	replicate-1
pb1	98	789	replicate-1
pb1	99	774	replicate-1
pb1	100	784	replicate-1
pb1	101	784	replicate-1
pb1	102	785	replicate-1
pb1	103	783	replicate-1
pb1	104	789	replicate-1
pb1	105	793	replicate-1
pb1	106	832	replicate-1
pb1	107	833	replicate-1
pb1	108	838	replicate-1
pb1	109	882	replicate-1
pb1	110	879	replicate-1
pb1	111	883	replicate-1
pb1	112	882	replicate-1
pb1	113	880	replicate-1
pb1	114	884	replicate-1
pb1	115	867	replicate-1
pb1	116	901	replicate-1
pb1	117	914	replicate-1
pb1	118	915	replicate-1
pb1	119	916	replicate-1
pb1	120	916	replicate-1
pb1	121	919	replicate-1
pb1	122	941	replicate-1
pb1	123	945	replicate-1
pb1	124	940	replicate-1
pb1	125	936	replicate-1
pb1	126	929	replicate-1
pb1	127	935	replicate-1
pb1	128	947	replicate-1
pb1	129	961	replicate-1
pb1	130	963	replicate-1
pb1	131	985	replicate-1
pb1	132	989	replicate-1
pb1	133	1063	replicate-1
pb1	134	1089	replicate-1
pb1	135	1102	replicate-1
pb1	136	1093	replicate-1
pb1	137	1099	replicate-1
pb1	138	1124	replicate-1
pb1	139	1130	replicate-1
pb1	140	1164	replicate-1
pb1	141	1151	replicate-1
pb1	142	1143	replicate-1
pb1	143	1138	replicate-1
pb1	144	1149	replicate-1
pb1	145	1154	replicate-1
pb1	146	1152	replicate-1
pb1	147	1152	replicate-1
pb1	148	1145	replicate-1
pb1	149	1162	replicate-1
pb1	150	1133	replicate-1
pb1	151	1109	replicate-1
pb1	152	1105	replicate-1
pb1	153	1144	replicate-1
pb1	154	1143	replicate-1
pb1	155	1148	replicate-1
pb1	156	1146	replicate-1
pb1	157	1142	replicate-1
pb1	158	1156	replicate-1
pb1	159	1154	replicate-1
pb1	160	1148	replicate-1
pb1	161	1154	replicate-1
pb1	162	1134	replicate-1
pb1	163	1191	replicate-1
pb1	164	1207	replicate-1
pb1	165	1260	replicate-1
pb1	166	1259	replicate-1
pb1	167	1252	replicate-1
pb1	168	1257	replicate-1
pb1	169	1257	replicate-1
pb1	170	1281	replicate-1
pb1	171	1280	replicate-1
pb1	172	1260	replicate-1
pb1	173	1255	replicate-1
pb1	174	1243	replicate-1
pb1	175	1256	replicate-1
pb1	176	1265	replicate-1
pb1	177	1263	replicate-1
pb1	178	1277	replicate-1
pb1	179	1274	replicate-1
pb1	180	1283	replicate-1
pb1	181	1289	replicate-1
pb1	182	1296	replicate-1
pb1	183	1293	replicate-1
pb1	184	1285	replicate-1
pb1	185	1280	replicate-1
pb1	186	1277	replicate-1
pb1	187	1279	replicate-1
pb1	188	1279	replicate-1
pb1	189	1280	replicate-1
pb1	190	1285	replicate-1
pb1	191	1287	replicate-1
pb1	192	1286	replicate-1
pb1	193	1281	replicate-1
pb1	194	1283	replicate-1
pb1	195	1278	replicate-1
pb1	196	1265	replicate-1
pb1	197	1263	replicate-1
pb1	198	1279	replicate-1
pb1	199	1270	replicate-1
pb1	200	1265	replicate-1
pb1	201	1258	replicate-1
pb1	202	1254	replicate-1
pb1	203	1243	replicate-1
pb1	204	1237	replicate-1
pb1	205	1203	replicate-1
pb1	206	1210	replicate-1
pb1	207	1200	replicate-1
pb1	208	1196	replicate-1
pb1	209	1200	replicate-1
pb1	210	1200	replicate-1
pb1	211	1202	replicate-1
pb1	212	1216	replicate-1
pb1	213	1182	replicate-1
pb1	214	1211	replicate-1
pb1	215	1208	replicate-1
pb1	216	1200	replicate-1
pb1	217	1208	replicate-1
pb1	218	1191	replicate-1
pb1	219	1197	replicate-1
pb1	220	1191	replicate-1
pb1	221	1184	replicate-1
pb1	222	1181	replicate-1
pb1	223	1126	replicate-1
pb1	224	1145	replicate-1
pb1	225	1142	replicate-1
pb1	226	1135	replicate-1
pb1	227	1141	replicate-1
pb1	228	1132	replicate-1
pb1	229	1136	replicate-1
pb1	230	1131	replicate-1
pb1	231	1120	replicate-1
pb1	232	1114	replicate-1
pb1	233	1104	replicate-1
pb1	234	1102	replicate-1
pb1	235	1104	replicate-1
pb1	236	1113	replicate-1
pb1	237	1125	replicate-1
pb1	238	1126	replicate-1
pb1	239	1128	replicate-1
pb1	240	1103	replicate-1
pb1	241	1116	replicate-1
pb1	242	1113	replicate-1
pb1	243	1125	replicate-1
pb1	244	1173	replicate-1
pb1	245	1154	replicate-1
pb1	246	1132	replicate-1
pb1	247	1136	replicate-1
pb1	248	1132	replicate-1
pb1	249	1135	replicate-1
pb1	250	1134	replicate-1
pb1	251	1131	replicate-1
pb1	252	1131	replicate-1
pb1	253	1115	replicate-1
pb1	254	1110	replicate-1
pb1	255	1109	replicate-1
pb1	256	1103	replicate-1
pb1	257	1069	replicate-1
pb1	258	1064	replicate-1
pb1	259	1060	replicate-1
pb1	260	1058	replicate-1
pb1	261	1058	replicate-1
pb1	262	1046	replicate-1
pb1	263	1048	replicate-1
pb1	264	1076	replicate-1
pb1	265	1100	replicate-1
pb1	266	1139	replicate-1
pb1	267	1132	replicate-1
pb1	268	1136	replicate-1
pb1	269	1148	replicate-1
pb1	270	1173	replicate-1
pb1	271	1184	replicate-1
pb1	272	1194	replicate-1
pb1	273	1187	replicate-1
pb1	274	1200	replicate-1
pb1	275	1185	replicate-1
pb1	276	1206	replicate-1
pb1	277	1201	replicate-1
pb1	278	1202	replicate-1
pb1	279	1188	replicate-1
pb1	280	1196	replicate-1
pb1	281	1183	replicate-1
pb1	282	1197	replicate-1
pb1	283	1184	replicate-1
pb1	284	1169	replicate-1
pb1	285	1148	replicate-1
pb1	286	1151	replicate-1
pb1	287	1147	replicate-1
pb1	288	1174	replicate-1
pb1	289	1172	replicate-1
pb1	290	1173	replicate-1
pb1	291	1180	replicate-1
pb1	292	1182	replicate-1
pb1	293	1184	replicate-1
pb1	294	1188	replicate-1
pb1	295	1185	replicate-1
pb1	296	1192	replicate-1
pb1	297	1183	replicate-1
pb1	298	1187	replicate-1
pb1	299	1184	replicate-1
pb1	300	1178	replicate-1
pb1	301	1176	replicate-1
pb1	302	1160	replicate-1
pb1	303	1156	replicate-1
pb1	304	1154	replicate-1
pb1	305	1241	replicate-1
pb1	306	1245	replicate-1
pb1	307	1234	replicate-1
pb1	308	1232	replicate-1
pb1	309	1217	replicate-1
pb1	310	1222	replicate-1
pb1	311	1221	replicate-1
pb1	312	1223	replicate-1
pb1	313	1253	replicate-1
pb1	314	1195	replicate-1
pb1	315	1218	replicate-1
pb1	316	1209	replicate-1
pb1	317	1291	replicate-1
pb1	318	1286	replicate-1
pb1	319	1328	replicate-1
pb1	320	1337	replicate-1
pb1	321	1346	replicate-1
pb1	322	1344	replicate-1
pb1	323	1346	replicate-1
pb1	324	1330	replicate-1
pb1	325	1341	replicate-1
pb1	326	1338	replicate-1
pb1	327	1347	replicate-1
pb1	328	1345	replicate-1
pb1	329	1342	replicate-1
pb1	330	1341	replicate-1
pb1	331	1343	replicate-1
pb1	332	1351	replicate-1
pb1	333	1351	replicate-1
pb1	334	1357	replicate-1
pb1	335	1353	replicate-1
pb1	336	1354	replicate-1
pb1	337	1351	replicate-1
pb1	338	1351	replicate-1
pb1	339	1368	replicate-1
pb1	340	1356	replicate-1
pb1	341	1355	replicate-1
pb1	342	1357	replicate-1
pb1	343	1371	replicate-1
pb1	344	1395	replicate-1
pb1	345	1396	replicate-1
pb1	346	1410	replicate-1
pb1	347	1410	replicate-1
pb1	348	1403	replicate-1
pb1	349	1397	replicate-1
pb1	350	1395	replicate-1
pb1	351	1391	replicate-1
pb1	352	1397	replicate-1
pb1	353	1399	replicate-1
pb1	354	1399	replicate-1
pb1	355	1397	replicate-1
pb1	356	1396	replicate-1
pb1	357	1397	replicate-1
pb1	358	1408	replicate-1
pb1	359	1413	replicate-1
pb1	360	1410	replicate-1
pb1	361	1418	replicate-1
pb1	362	1413	replicate-1
pb1	363	1413	replicate-1
pb1	364	1417	replicate-1
pb1	365	1403	replicate-1
pb1	366	1405	replicate-1
pb1	367	1410	replicate-1
pb1	368	1400	replicate-1
pb1	369	1408	replicate-1
pb1	370	1437	replicate-1
pb1	371	1466	replicate-1
pb1	372	1469	replicate-1
pb1	373	1466	replicate-1
pb1	374	1454	replicate-1
pb1	375	1451	replicate-1
pb1	376	1462	replicate-1
pb1	377	1464	replicate-1
pb1	378	1441	replicate-1
pb1	379	1443	replicate-1
pb1	380	1415	replicate-1
pb1	381	1437	replicate-1
pb1	382	1443	replicate-1
pb1	383	1439	replicate-1
pb1	384	1438	replicate-1
pb1	385	1416	replicate-1
pb1	386	1452	replicate-1
pb1	387	1442	replicate-1
pb1	388	1433	replicate-1
pb1	389	1432	replicate-1
pb1	390	1426	replicate-1
pb1	391	1430	replicate-1
pb1	392	1422	replicate-1
pb1	393	1421	replicate-1
pb1	394	1405	replicate-1
pb1	395	1363	replicate-1
pb1	396	1371	replicate-1
pb1	397	1385	replicate-1
pb1	398	1394	replicate-1
pb1	399	1388	replicate-1
pb1	400	1398	replicate-1
pb1	401	1405	replicate-1
pb1	402	1408	replicate-1
pb1	403	1413	replicate-1
pb1	404	1411	replicate-1
pb1	405	1424	replicate-1
pb1	406	1463	replicate-1
pb1	407	1478	replicate-1
pb1	408	1482	replicate-1
pb1	409	1471	replicate-1
pb1	410	1475	replicate-1
pb1	411	1504	replicate-1
pb1	412	1515	replicate-1
pb1	413	1536	replicate-1
pb1	414	1506	replicate-1
pb1	415	1419	replicate-1
pb1	416	1404	replicate-1
pb1	417	1390	replicate-1
pb1	418	1397	replicate-1
pb1	419	1397	replicate-1
pb1	420	1370	replicate-1
pb1	421	1363	replicate-1
pb1	422	1350	replicate-1
pb1	423	1387	replicate-1
pb1	424	1408	replicate-1
pb1	425	1413	replicate-1
pb1	426	1409	replicate-1
pb1	427	1404	replicate-1
pb1	428	1401	replicate-1
pb1	429	1400	replicate-1
pb1	430	1393	replicate-1
pb1	431	1384	replicate-1
pb1	432	1385	replicate-1
pb1	433	1348	replicate-1
pb1	434	1327	replicate-1
pb1	435	1316	replicate-1
pb1	436	1317	replicate-1
pb1	437	1312	replicate-1
pb1	438	1295	replicate-1
pb1	439	1301	replicate-1
pb1	440	1301	replicate-1
pb1	441	1301	replicate-1
pb1	442	1305	replicate-1
pb1	443	1314	replicate-1
pb1	444	1313	replicate-1
pb1	445	1313	replicate-1
pb1	446	1316	replicate-1
pb1	447	1305	replicate-1
pb1	448	1324	replicate-1
pb1	449	1326	replicate-1
pb1	450	1324	replicate-1
pb1	451	1325	replicate-1
pb1	452	1309	replicate-1
pb1	453	1364	replicate-1
pb1	454	1364	replicate-1
pb1	455	1333	replicate-1
pb1	456	1333	replicate-1
pb1	457	1314	replicate-1
pb1	458	1512	replicate-1
pb1	459	1522	replicate-1
pb1	460	1511	replicate-1
pb1	461	1686	replicate-1
pb1	462	1624	replicate-1
pb1	463	1684	replicate-1
pb1	464	1687	replicate-1
pb1	465	1673	replicate-1
pb1	466	1676	replicate-1
pb1	467	1519	replicate-1
pb1	468	1511	replicate-1
pb1	469	1515	replicate-1
pb1	470	1411	replicate-1
pb1	471	1434	replicate-1
pb1	472	1433	replicate-1
pb1	473	1436	replicate-1
pb1	474	1439	replicate-1
pb1	475	1434	replicate-1
pb1	476	1461	replicate-1
pb1	477	1462	replicate-1
pb1	478	1459	replicate-1
pb1	479	1463	replicate-1
pb1	480	1462	replicate-1
pb1	481	1457	replicate-1
pb1	482	1452	replicate-1
pb1	483	1462	replicate-1
pb1	484	1449	replicate-1
pb1	485	1521	replicate-1
pb1	486	1520	replicate-1
pb1	487	1536	replicate-1
pb1	488	1533	replicate-1
pb1	489	1532	replicate-1
pb1	490	1527	replicate-1
pb1	491	1531	replicate-1
pb1	492	1520	replicate-1
pb1	493	1528	replicate-1
pb1	494	1535	replicate-1
pb1	495	1534	replicate-1
pb1	496	1540	replicate-1
pb1	497	1549	replicate-1
pb1	498	1562	replicate-1
pb1	499	1589	replicate-1
pb1	500	1587	replicate-1
pb1	501	1586	replicate-1
pb1	502	1586	replicate-1
pb1	503	1582	replicate-1
pb1	504	1590	replicate-1
pb1	505	1593	replicate-1
pb1	506	1597	replicate-1
pb1	507	1602	replicate-1
pb1	508	1582	replicate-1
pb1	509	1667	replicate-1
pb1	510	1667	replicate-1
pb1	511	1724	replicate-1
pb1	512	1727	replicate-1
pb1	513	1719	replicate-1
pb1	514	1732	replicate-1
pb1	515	1733	replicate-1
pb1	516	1724	replicate-1
pb1	517	1732	replicate-1
pb1	518	1659	replicate-1
pb1	519	1661	replicate-1
pb1	520	1634	replicate-1
pb1	521	1637	replicate-1
pb1	522	1676	replicate-1
pb1	523	1682	replicate-1
pb1	524	1684	replicate-1
pb1	525	1690	replicate-1
pb1	526	1688	replicate-1
pb1	527	1690	replicate-1
pb1	528	1710	replicate-1
pb1	529	1739	replicate-1
pb1	530	1743	replicate-1
pb1	531	1704	replicate-1
pb1	532	1738	replicate-1
pb1	533	1753	replicate-1
pb1	534	1807	replicate-1
pb1	535	1817	replicate-1
pb1	536	1808	replicate-1
pb1	537	1794	replicate-1
pb1	538	1787	replicate-1
pb1	539	1795	replicate-1
pb1	540	1805	replicate-1
pb1	541	1787	replicate-1
pb1	542	1813	replicate-1
pb1	543	1809	replicate-1
pb1	544	1828	replicate-1
pb1	545	1835	replicate-1
pb1	546	1866	replicate-1
pb1	547	1863	replicate-1
pb1	548	1857	replicate-1
pb1	549	1853	replicate-1
pb1	550	1840	replicate-1
pb1	551	1843	replicate-1
pb1	552	1830	replicate-1
pb1	553	1838	replicate-1
pb1	554	1871	replicate-1
pb1	555	1843	replicate-1
pb1	556	1834	replicate-1
pb1	557	1843	replicate-1
pb1	558	1838	replicate-1
pb1	559	1847	replicate-1
pb1	560	1842	replicate-1
pb1	561	1864	replicate-1
pb1	562	1858	replicate-1
pb1	563	1859	replicate-1
pb1	564	1849	replicate-1
pb1	565	1846	replicate-1
pb1	566	1865	replicate-1
pb1	567	1869	replicate-1
pb1	568	1844	replicate-1
pb1	569	1846	replicate-1
pb1	570	1827	replicate-1
pb1	571	1819	replicate-1
pb1	572	1824	replicate-1
pb1	573	1813	replicate-1
pb1	574	1823	replicate-1
pb1	575	1818	replicate-1
pb1	576	1838	replicate-1
pb1	577	1852	replicate-1
pb1	578	1885	replicate-1
pb1	579	1904	replicate-1
pb1	580	1906	replicate-1
pb1	581	1899	replicate-1
pb1	582	1931	replicate-1
pb1	583	1940	replicate-1
pb1	584	1952	replicate-1
pb1	585	1965	replicate-1
pb1	586	1975	replicate-1
pb1	587	1980	replicate-1
pb1	588	1988	replicate-1
pb1	589	1988	replicate-1
pb1	590	2005	replicate-1
pb1	591	1997	replicate-1
pb1	592	1991	replicate-1
pb1	593	2023	replicate-1
pb1	594	2003	replicate-1
pb1	595	2029	replicate-1
pb1	596	2016	replicate-1
pb1	597	2004	replicate-1
pb1	598	2010	replicate-1
pb1	599	2014	replicate-1
pb1	600	2034	replicate-1
pb1	601	2036	replicate-1
pb1	602	2012	replicate-1
pb1	603	2000	replicate-1
pb1	604	1963	replicate-1
pb1	605	1955	replicate-1
pb1	606	1957	replicate-1
pb1	607	1954	replicate-1
pb1	608	1918	replicate-1
pb1	609	1832	replicate-1
pb1	610	1822	replicate-1
pb1	611	1772	replicate-1
pb1	612	1757	replicate-1
pb1	613	1757	replicate-1
pb1	614	1748	replicate-1
pb1	615	1760	replicate-1
pb1	616	1759	replicate-1
pb1	617	1763	replicate-1
pb1	618	1753	replicate-1
pb1	619	1749	replicate-1
pb1	620	1749	replicate-1
pb1	621	1746	replicate-1
pb1	622	1746	replicate-1
pb1	623	1755	replicate-1
pb1	624	1770	replicate-1
pb1	625	1768	replicate-1
pb1	626	1804	replicate-1
pb1	627	1801	replicate-1
pb1	628	1805	replicate-1
pb1	629	1798	replicate-1
pb1	630	1799	replicate-1
pb1	631	1790	replicate-1
pb1	632	1852	replicate-1
pb1	633	1871	replicate-1
pb1	634	1862	replicate-1
pb1	635	1836	replicate-1
pb1	636	1803	replicate-1
pb1	637	1806	replicate-1
pb1	638	1807	replicate-1
pb1	639	1788	replicate-1
pb1	640	1802	replicate-1
pb1	641	1744	replicate-1
pb1	642	1744	replicate-1
pb1	643	1737	replicate-1
pb1	644	1719	replicate-1
pb1	645	1735	replicate-1
pb1	646	1734	replicate-1
pb1	647	1731	replicate-1
pb1	648	1736	replicate-1
pb1	649	1720	replicate-1
pb1	650	1724	replicate-1
pb1	651	1717	replicate-1
pb1	652	1717	replicate-1
pb1	653	1708	replicate-1
pb1	654	1697	replicate-1
pb1	655	1687	replicate-1
pb1	656	1723	replicate-1
pb1	657	1716	replicate-1
pb1	658	1709	replicate-1
pb1	659	1679	replicate-1
pb1	660	1707	replicate-1
pb1	661	1710	replicate-1
pb1	662	1696	replicate-1
pb1	663	1721	replicate-1
pb1	664	1709	replicate-1
pb1	665	1685	replicate-1
pb1	666	1689	replicate-1
pb1	667	1672	replicate-1
pb1	668	1669	replicate-1
pb1	669	1670	replicate-1
pb1	670	1653	replicate-1
pb1	671	1655	replicate-1
pb1	672	1636	replicate-1
pb1	673	1627	replicate-1
pb1	674	1668	replicate-1
pb1	675	1716	replicate-1
pb1	676	1716	replicate-1
pb1	677	1728	replicate-1
pb1	678	1717	replicate-1
pb1	679	1720	replicate-1
pb1	680	1726	replicate-1
pb1	681	1715	replicate-1
pb1	682	1699	replicate-1
pb1	683	1692	replicate-1
pb1	684	1563	replicate-1
pb1	685	1557	replicate-1
pb1	686	1581	replicate-1
pb1	687	1567	replicate-1
pb1	688	1572	replicate-1
pb1	689	1550	replicate-1
pb1	690	1553	replicate-1
pb1	691	1566	replicate-1
pb1	692	1576	replicate-1
pb1	693	1567	replicate-1
pb1	694	1563	replicate-1
pb1	695	1518	replicate-1
pb1	696	1596	replicate-1
pb1	697	1593	replicate-1
pb1	698	1594	replicate-1
pb1	699	1596	replicate-1
pb1	700	1561	replicate-1
pb1	701	1558	replicate-1
pb1	702	1518	replicate-1
pb1	703	1523	replicate-1
pb1	704	1519	replicate-1
pb1	705	1433	replicate-1
pb1	706	1425	replicate-1
pb1	707	1417	replicate-1
pb1	708	1420	replicate-1
pb1	709	1420	replicate-1
pb1	710	1419	replicate-1
pb1	711	1416	replicate-1
pb1	712	1411	replicate-1
pb1	713	1400	replicate-1
pb1	714	1381	replicate-1
pb1	715	1378	replicate-1
pb1	716	1370	replicate-1
pb1	717	1365	replicate-1
pb1	718	1373	replicate-1
pb1	719	1381	replicate-1
pb1	720	1381	replicate-1
pb1	721	1371	replicate-1
pb1	722	1365	replicate-1
pb1	723	1350	replicate-1
pb1	724	1348	replicate-1
pb1	725	1351	replicate-1
pb1	726	1345	replicate-1
pb1	727	1344	replicate-1
pb1	728	1352	replicate-1
pb1	729	1361	replicate-1
pb1	730	1365	replicate-1
pb1	731	1362	replicate-1
pb1	732	1359	replicate-1
pb1	733	1349	replicate-1
pb1	734	1348	replicate-1
pb1	735	1351	replicate-1
pb1	736	1312	replicate-1
pb1	737	1313	replicate-1
pb1	738	1282	replicate-1
pb1	739	1277	replicate-1
pb1	740	1274	replicate-1
pb1	741	1274	replicate-1
pb1	742	1274	replicate-1
pb1	743	1270	replicate-1
pb1	744	1268	replicate-1
pb1	745	1273	replicate-1
pb1	746	1286	replicate-1
pb1	747	1287	replicate-1
pb1	748	1284	replicate-1
pb1	749	1286	replicate-1
pb1	750	1265	replicate-1
pb1	751	1267	replicate-1
pb1	752	1280	replicate-1
pb1	753	1270	replicate-1
pb1	754	1275	replicate-1
pb1	755	1250	replicate-1
pb1	756	1248	replicate-1
pb1	757	1259	replicate-1
pb1	758	1261	replicate-1
pb1	759	1266	replicate-1
pb1	760	1269	replicate-1
pb1	761	1252	replicate-1
pb1	762	1247	replicate-1
pb1	763	1243	replicate-1
pb1	764	1238	replicate-1
pb1	765	1309	replicate-1
pb1	766	1347	replicate-1
pb1	767	1375	replicate-1
pb1	768	1385	replicate-1
pb1	769	1367	replicate-1
pb1	770	1372	replicate-1
pb1	771	1369	replicate-1
pb1	772	1381	replicate-1
pb1	773	1392	replicate-1
pb1	774	1335	replicate-1
pb1	775	1408	replicate-1
pb1	776	1418	replicate-1
pb1	777	1428	replicate-1
pb1	778	1439	replicate-1
pb1	779	1444	replicate-1
pb1	780	1449	replicate-1
pb1	781	1449	replicate-1
pb1	782	1439	replicate-1
pb1	783	1424	replicate-1
pb1	784	1359	replicate-1
pb1	785	1354	replicate-1
pb1	786	1342	replicate-1
pb1	787	1351	replicate-1
pb1	788	1353	replicate-1
pb1	789	1355	replicate-1
pb1	790	1352	replicate-1
pb1	791	1351	replicate-1
pb1	792	1343	replicate-1
pb1	793	1349	replicate-1
pb1	794	1363	replicate-1
pb1	795	1367	replicate-1
pb1	796	1373	replicate-1
pb1	797	1348	replicate-1
pb1	798	1384	replicate-1
pb1	799	1385	replicate-1
pb1	800	1388	replicate-1
pb1	801	1393	replicate-1
pb1	802	1400	replicate-1
pb1	803	1396	replicate-1
pb1	804	1411	replicate-1
pb1	805	1408	replicate-1
pb1	806	1410	replicate-1
pb1	807	1396	replicate-1
pb1	808	1390	replicate-1
pb1	809	1397	replicate-1
pb1	810	1383	replicate-1
pb1	811	1378	replicate-1
pb1	812	1405	replicate-1
pb1	813	1393	replicate-1
pb1	814	1393	replicate-1
pb1	815	1401	replicate-1
pb1	816	1402	replicate-1
pb1	817	1409	replicate-1
pb1	818	1408	replicate-1
pb1	819	1395	replicate-1
pb1	820	1395	replicate-1
pb1	821	1397	replicate-1
pb1	822	1383	replicate-1
pb1	823	1383	replicate-1
pb1	824	1372	replicate-1
pb1	825	1365	replicate-1
pb1	826	1353	replicate-1
pb1	827	1371	replicate-1
pb1	828	1373	replicate-1
pb1	829	1369	replicate-1
pb1	830	1370	replicate-1
pb1	831	1368	replicate-1
pb1	832	1364	replicate-1
pb1	833	1365	replicate-1
pb1	834	1366	replicate-1
pb1	835	1361	replicate-1
pb1	836	1336	replicate-1
pb1	837	1345	replicate-1
pb1	838	1335	replicate-1
pb1	839	1368	replicate-1
pb1	840	1370	replicate-1
pb1	841	1376	replicate-1
pb1	842	1364	replicate-1
pb1	843	1357	replicate-1
pb1	844	1356	replicate-1
pb1	845	1378	replicate-1
pb1	846	1340	replicate-1
pb1	847	1336	replicate-1
pb1	848	1363	replicate-1
pb1	849	1388	replicate-1
pb1	850	1403	replicate-1
pb1	851	1414	replicate-1
pb1	852	1414	replicate-1
pb1	853	1419	replicate-1
pb1	854	1405	replicate-1
pb1	855	1406	replicate-1
pb1	856	1415	replicate-1
pb1	857	1411	replicate-1
pb1	858	1404	replicate-1
pb1	859	1387	replicate-1
pb1	860	1396	replicate-1
pb1	861	1412	replicate-1
pb1	862	1420	replicate-1
pb1	863	1422	replicate-1
pb1	864	1426	replicate-1
pb1	865	1436	replicate-1
pb1	866	1441	replicate-1
pb1	867	1441	replicate-1
pb1	868	1444	replicate-1
pb1	869	1440	replicate-1
pb1	870	1450	replicate-1
pb1	871	1457	replicate-1
pb1	872	1464	replicate-1
pb1	873	1463	replicate-1
pb1	874	1461	replicate-1
pb1	875	1450	replicate-1
pb1	876	1452	replicate-1
pb1	877	1455	replicate-1
pb1	878	1473	replicate-1
pb1	879	1472	replicate-1
pb1	880	1478	replicate-1
pb1	881	1478	replicate-1
pb1	882	1481	replicate-1
pb1	883	1483	replicate-1
pb1	884	1491	replicate-1
pb1	885	1494	replicate-1
pb1	886	1487	replicate-1
pb1	887	1489	replicate-1
pb1	888	1499	replicate-1
pb1	889	1504	replicate-1
pb1	890	1513	replicate-1
pb1	891	1509	replicate-1
pb1	892	1503	replicate-1
pb1	893	1493	replicate-1
pb1	894	1505	replicate-1
pb1	895	1507	replicate-1
pb1	896	1506	replicate-1
pb1	897	1501	replicate-1
pb1	898	1500	replicate-1
pb1	899	1496	replicate-1
pb1	900	1505	replicate-1
pb1	901	1509	replicate-1
pb1	902	1525	replicate-1
pb1	903	1528	replicate-1
pb1	904	1553	replicate-1
pb1	905	1568	replicate-1
pb1	906	1577	replicate-1
pb1	907	1602	replicate-1
pb1	908	1939	replicate-1
pb1	909	1929	replicate-1
pb1	910	1928	replicate-1
pb1	911	1920	replicate-1
pb1	912	1896	replicate-1
pb1	913	1922	replicate-1
pb1	914	1906	replicate-1
pb1	915	1901	replicate-1
pb1	916	1868	replicate-1
pb1	917	1667	replicate-1
pb1	918	1688	replicate-1
pb1	919	1681	replicate-1
pb1	920	1708	replicate-1
pb1	921	1708	replicate-1
pb1	922	1691	replicate-1
pb1	923	1694	replicate-1
pb1	924	1693	replicate-1
pb1	925	1661	replicate-1
pb1	926	1680	replicate-1
pb1	927	1651	replicate-1
pb1	928	1651	replicate-1
pb1	929	1633	replicate-1
pb1	930	1638	replicate-1
pb1	931	1659	replicate-1
pb1	932	1672	replicate-1
pb1	933	1674	replicate-1
pb1	934	1685	replicate-1
pb1	935	1682	replicate-1
pb1	936	1708	replicate-1
pb1	937	1710	replicate-1
pb1	938	1703	replicate-1
pb1	939	1702	replicate-1
pb1	940	1685	replicate-1
pb1	941	1698	replicate-1
pb1	942	1723	replicate-1
pb1	943	1717	replicate-1
pb1	944	1712	replicate-1
pb1	945	1678	replicate-1
pb1	946	1679	replicate-1
pb1	947	1687	replicate-1
pb1	948	1686	replicate-1
pb1	949	1686	replicate-1
pb1	950	1683	replicate-1
pb1	951	1693	replicate-1
pb1	952	1682	replicate-1
pb1	953	1680	replicate-1
pb1	954	1680	replicate-1
pb1	955	1678	replicate-1
pb1	956	1668	replicate-1
pb1	957	1667	replicate-1
pb1	958	1675	replicate-1
pb1	959	1679	replicate-1
pb1	960	1666	replicate-1
pb1	961	1669	replicate-1
pb1	962	1667	replicate-1
pb1	963	1666	replicate-1
pb1	964	1669	replicate-1
pb1	965	1670	replicate-1
pb1	966	1656	replicate-1
pb1	967	1664	replicate-1
pb1	968	1651	replicate-1
pb1	969	1651	replicate-1
pb1	970	1645	replicate-1
pb1	971	1644	replicate-1
pb1	972	1645	replicate-1
pb1	973	1647	replicate-1
pb1	974	1645	replicate-1
pb1	975	1664	replicate-1
pb1	976	1656	replicate-1
pb1	977	1658	replicate-1
pb1	978	1645	replicate-1
pb1	979	1646	replicate-1
pb1	980	1657	replicate-1
pb1	981	1662	replicate-1
pb1	982	1665	replicate-1
pb1	983	1664	replicate-1
pb1	984	1650	replicate-1
pb1	985	1646	replicate-1
pb1	986	1675	replicate-1
pb1	987	1719	replicate-1
pb1	988	1736	replicate-1
pb1	989	1734	replicate-1
pb1	990	1730	replicate-1
pb1	991	1737	replicate-1
pb1	992	1742	replicate-1
pb1	993	1753	replicate-1
pb1	994	1745	replicate-1
pb1	995	1707	replicate-1
pb1	996	1755	replicate-1
pb1	997	1655	replicate-1
pb1	998	1653	replicate-1
pb1	999	1649	replicate-1
pb1	1000	1674	replicate-1
pb1	1001	1668	replicate-1
pb1	1002	1642	replicate-1
pb1	1003	1638	replicate-1
pb1	1004	1632	replicate-1
pb1	1005	1596	replicate-1
pb1	1006	1596	replicate-1
pb1	1007	1590	replicate-1
pb1	1008	1595	replicate-1
pb1	1009	1577	replicate-1
pb1	1010	1570	replicate-1
pb1	1011	1562	replicate-1
pb1	1012	1577	replicate-1
pb1	1013	1572	replicate-1
pb1	1014	1553	replicate-1
pb1	1015	1559	replicate-1
pb1	1016	1557	replicate-1
pb1	1017	1559	replicate-1
pb1	1018	1558	replicate-1
pb1	1019	1547	replicate-1
pb1	1020	1605	replicate-1
pb1	1021	1587	replicate-1
pb1	1022	1601	replicate-1
pb1	1023	1606	replicate-1
pb1	1024	1593	replicate-1
pb1	1025	1611	replicate-1
pb1	1026	1608	replicate-1
pb1	1027	1594	replicate-1
pb1	1028	1582	replicate-1
pb1	1029	1496	replicate-1
pb1	1030	1529	replicate-1
pb1	1031	1522	replicate-1
pb1	1032	1535	replicate-1
pb1	1033	1531	replicate-1
pb1	1034	1521	replicate-1
pb1	1035	1526	replicate-1
pb1	1036	1528	replicate-1
pb1	1037	1553	replicate-1
pb1	1038	1543	replicate-1
pb1	1039	1484	replicate-1
pb1	1040	1486	replicate-1
pb1	1041	1465	replicate-1
pb1	1042	1465	replicate-1
pb1	1043	1481	replicate-1
pb1	1044	1475	replicate-1
pb1	1045	1502	replicate-1
pb1	1046	1515	replicate-1
pb1	1047	1509	replicate-1
pb1	1048	1520	replicate-1
pb1	1049	1511	replicate-1
pb1	1050	1490	replicate-1
pb1	1051	1492	replicate-1
pb1	1052	1437	replicate-1
pb1	1053	1433	replicate-1
pb1	1054	1361	replicate-1
pb1	1055	1316	replicate-1
pb1	1056	1309	replicate-1
pb1	1057	1289	replicate-1
pb1	1058	1222	replicate-1
pb1	1059	1221	replicate-1
pb1	1060	1223	replicate-1
pb1	1061	1223	replicate-1
pb1	1062	1229	replicate-1
pb1	1063	1222	replicate-1
pb1	1064	1226	replicate-1
pb1	1065	1233	replicate-1
pb1	1066	1297	replicate-1
pb1	1067	1311	replicate-1
pb1	1068	1304	replicate-1
pb1	1069	1300	replicate-1
pb1	1070	1291	replicate-1
pb1	1071	1289	replicate-1
pb1	1072	1291	replicate-1
pb1	1073	1293	replicate-1
pb1	1074	1308	replicate-1
pb1	1075	1306	replicate-1
pb1	1076	1310	replicate-1
pb1	1077	1322	replicate-1
pb1	1078	1331	replicate-1
pb1	1079	1335	replicate-1
pb1	1080	1329	replicate-1
pb1	1081	1318	replicate-1
pb1	1082	1305	replicate-1
pb1	1083	1269	replicate-1
pb1	1084	1291	replicate-1
pb1	1085	1300	replicate-1
pb1	1086	1312	replicate-1
pb1	1087	1295	replicate-1
pb1	1088	1297	replicate-1
pb1	1089	1297	replicate-1
pb1	1090	1296	replicate-1
pb1	1091	1298	replicate-1
pb1	1092	1305	replicate-1
pb1	1093	1294	replicate-1
pb1	1094	1300	replicate-1
pb1	1095	1293	replicate-1
pb1	1096	1296	replicate-1
pb1	1097	1300	replicate-1
pb1	1098	1297	replicate-1
pb1	1099	1300	replicate-1
pb1	1100	1299	replicate-1
pb1	1101	1289	replicate-1
pb1	1102	1277	replicate-1
pb1	1103	1278	replicate-1
pb1	1104	1285	replicate-1
pb1	1105	1285	replicate-1
pb1	1106	1292	replicate-1
pb1	1107	1281	replicate-1
pb1	1108	1275	replicate-1
pb1	1109	1274	replicate-1
pb1	1110	1274	replicate-1
pb1	1111	1281	replicate-1
pb1	1112	1277	replicate-1
pb1	1113	1280	replicate-1
pb1	1114	1262	replicate-1
pb1	1115	1262	replicate-1
pb1	1116	1261	replicate-1
pb1	1117	1271	replicate-1
pb1	1118	1271	replicate-1
pb1	1119	1268	replicate-1
pb1	1120	1259	replicate-1
pb1	1121	1282	replicate-1
pb1	1122	1272	replicate-1
pb1	1123	1283	replicate-1
pb1	1124	1285	replicate-1
pb1	1125	1285	replicate-1
pb1	1126	1279	replicate-1
pb1	1127	1279	replicate-1
pb1	1128	1277	replicate-1
pb1	1129	1287	replicate-1
pb1	1130	1254	replicate-1
pb1	1131	1208	replicate-1
pb1	1132	1211	replicate-1
pb1	1133	1225	replicate-1
pb1	1134	1235	replicate-1
pb1	1135	1255	replicate-1
pb1	1136	1255	replicate-1
pb1	1137	1231	replicate-1
pb1	1138	1211	replicate-1
pb1	1139	1202	replicate-1
pb1	1140	1202	replicate-1
pb1	1141	1192	replicate-1
pb1	1142	1179	replicate-1
pb1	1143	1185	replicate-1
pb1	1144	1187	replicate-1
pb1	1145	1186	replicate-1
pb1	1146	1179	replicate-1
pb1	1147	1166	replicate-1
pb1	1148	1159	replicate-1
pb1	1149	1165	replicate-1
pb1	1150	1161	replicate-1
pb1	1151	1156	replicate-1
pb1	1152	1141	replicate-1
pb1	1153	1157	replicate-1
pb1	1154	1162	replicate-1
pb1	1155	1177	replicate-1
pb1	1156	1171	replicate-1
pb1	1157	1171	replicate-1
pb1	1158	1155	replicate-1
pb1	1159	1180	replicate-1
pb1	1160	1176	replicate-1
pb1	1161	1177	replicate-1
pb1	1162	1165	replicate-1
pb1	1163	1130	replicate-1
pb1	1164	1128	replicate-1
pb1	1165	1101	replicate-1
pb1	1166	1109	replicate-1
pb1	1167	1111	replicate-1
pb1	1168	1087	replicate-1
pb1	1169	1088	replicate-1
pb1	1170	1080	replicate-1
pb1	1171	1053	replicate-1
pb1	1172	1035	replicate-1
pb1	1173	1034	replicate-1
pb1	1174	1035	replicate-1
pb1	1175	1034	replicate-1
pb1	1176	1031	replicate-1
pb1	1177	1032	replicate-1
pb1	1178	1040	replicate-1
pb1	1179	1037	replicate-1
pb1	1180	1023	replicate-1
pb1	1181	1009	replicate-1
pb1	1182	1015	replicate-1
pb1	1183	1011	replicate-1
pb1	1184	1006	replicate-1
pb1	1185	1001	replicate-1
pb1	1186	991	replicate-1
pb1	1187	977	replicate-1
pb1	1188	972	replicate-1
pb1	1189	966	replicate-1
pb1	1190	971	replicate-1
pb1	1191	970	replicate-1
pb1	1192	970	replicate-1
pb1	1193	968	replicate-1
pb1	1194	958	replicate-1
pb1	1195	953	replicate-1
pb1	1196	951	replicate-1
pb1	1197	963	replicate-1
pb1	1198	961	replicate-1
pb1	1199	960	replicate-1
pb1	1200	962	replicate-1
pb1	1201	966	replicate-1
pb1	1202	979	replicate-1
pb1	1203	986	replicate-1
pb1	1204	979	replicate-1
pb1	1205	971	replicate-1
pb1	1206	965	replicate-1
pb1	1207	1105	replicate-1
pb1	1208	1117	replicate-1
pb1	1209	1148	replicate-1
pb1	1210	1168	replicate-1
pb1	1211	1152	replicate-1
pb1	1212	1161	replicate-1
pb1	1213	1169	replicate-1
pb1	1214	1170	replicate-1
pb1	1215	1188	replicate-1
pb1	1216	1177	replicate-1
pb1	1217	1068	replicate-1
pb1	1218	1061	replicate-1
pb1	1219	1058	replicate-1
pb1	1220	1069	replicate-1
pb1	1221	1062	replicate-1
pb1	1222	1054	replicate-1
pb1	1223	1050	replicate-1
pb1	1224	1041	replicate-1
pb1	1225	1079	replicate-1
pb1	1226	1082	replicate-1
pb1	1227	1084	replicate-1
pb1	1228	1084	replicate-1
pb1	1229	1081	replicate-1
pb1	1230	1094	replicate-1
pb1	1231	1097	replicate-1
pb1	1232	1096	replicate-1
pb1	1233	1098	replicate-1
pb1	1234	1055	replicate-1
pb1	1235	1091	replicate-1
pb1	1236	1088	replicate-1
pb1	1237	1088	replicate-1
pb1	1238	1084	replicate-1
pb1	1239	1084	replicate-1
pb1	1240	1087	replicate-1
pb1	1241	1090	replicate-1
pb1	1242	1085	replicate-1
pb1	1243	1086	replicate-1
pb1	1244	1035	replicate-1
pb1	1245	1056	replicate-1
pb1	1246	1080	replicate-1
pb1	1247	1118	replicate-1
pb1	1248	1129	replicate-1
pb1	1249	1122	replicate-1
pb1	1250	1116	replicate-1
pb1	1251	1159	replicate-1
pb1	1252	1339	replicate-1
pb1	1253	1350	replicate-1
pb1	1254	1342	replicate-1
pb1	1255	1357	replicate-1
pb1	1256	1394	replicate-1
pb1	1257	1907	replicate-1
pb1	1258	1998	replicate-1
pb1	1259	2496	replicate-1
pb1	1260	2714	replicate-1
pb1	1261	2749	replicate-1
pb1	1262	2774	replicate-1
pb1	1263	2774	replicate-1
pb1	1264	2978	replicate-1
pb1	1265	2981	replicate-1
pb1	1266	3155	replicate-1
pb1	1267	3180	replicate-1
pb1	1268	3149	replicate-1
pb1	1269	3193	replicate-1
pb1	1270	3197	replicate-1
pb1	1271	3311	replicate-1
pb1	1272	3331	replicate-1
pb1	1273	3316	replicate-1
pb1	1274	3462	replicate-1
pb1	1275	3456	replicate-1
pb1	1276	4913	replicate-1
pb1	1277	5038	replicate-1
pb1	1278	5068	replicate-1
pb1	1279	5090	replicate-1
pb1	1280	5111	replicate-1
pb1	1281	5139	replicate-1
pb1	1282	5151	replicate-1
pb1	1283	5172	replicate-1
pb1	1284	5123	replicate-1
pb1	1285	5097	replicate-1
pb1	1286	5092	replicate-1
pb1	1287	5107	replicate-1
pb1	1288	5156	replicate-1
pb1	1289	5168	replicate-1
pb1	1290	5173	replicate-1
pb1	1291	5263	replicate-1
pb1	1292	5329	replicate-1
pb1	1293	5472	replicate-1
pb1	1294	5472	replicate-1
pb1	1295	5476	replicate-1
pb1	1296	5506	replicate-1
pb1	1297	5539	replicate-1
pb1	1298	5623	replicate-1
pb1	1299	5635	replicate-1
pb1	1300	5630	replicate-1
pb1	1301	5629	replicate-1
pb1	1302	5627	replicate-1
pb1	1303	5644	replicate-1
pb1	1304	5789	replicate-1
pb1	1305	5804	replicate-1
pb1	1306	5827	replicate-1
pb1	1307	5833	replicate-1
pb1	1308	5869	replicate-1
pb1	1309	5900	replicate-1
pb1	1310	5896	replicate-1
pb1	1311	5960	replicate-1
pb1	1312	5981	replicate-1
pb1	1313	5973	replicate-1
pb1	1314	5995	replicate-1
pb1	1315	6010	replicate-1
pb1	1316	6018	replicate-1
pb1	1317	6093	replicate-1
pb1	1318	6061	replicate-1
pb1	1319	6096	replicate-1
pb1	1320	6084	replicate-1
pb1	1321	6081	replicate-1
pb1	1322	6091	replicate-1
pb1	1323	6069	replicate-1
pb1	1324	6308	replicate-1
pb1	1325	6423	replicate-1
pb1	1326	6434	replicate-1
pb1	1327	6418	replicate-1
pb1	1328	6407	replicate-1
pb1	1329	6457	replicate-1
pb1	1330	6500	replicate-1
pb1	1331	6532	replicate-1
pb1	1332	6637	replicate-1
pb1	1333	6569	replicate-1
pb1	1334	6608	replicate-1
pb1	1335	6616	replicate-1
pb1	1336	6597	replicate-1
pb1	1337	6640	replicate-1
pb1	1338	6645	replicate-1
pb1	1339	6674	replicate-1
pb1	1340	6721	replicate-1
pb1	1341	6710	replicate-1
pb1	1342	6718	replicate-1
pb1	1343	6736	replicate-1
pb1	1344	6701	replicate-1
pb1	1345	6826	replicate-1
pb1	1346	6841	replicate-1
pb1	1347	6902	replicate-1
pb1	1348	6895	replicate-1
pb1	1349	6894	replicate-1
pb1	1350	6877	replicate-1
pb1	1351	6869	replicate-1
pb1	1352	6948	replicate-1
pb1	1353	6917	replicate-1
pb1	1354	6883	replicate-1
pb1	1355	6852	replicate-1
pb1	1356	6831	replicate-1
pb1	1357	6841	replicate-1
pb1	1358	6835	replicate-1
pb1	1359	6821	replicate-1
pb1	1360	6833	replicate-1
pb1	1361	6807	replicate-1
pb1	1362	6830	replicate-1
pb1	1363	6827	replicate-1
pb1	1364	6834	replicate-1
pb1	1365	6834	replicate-1
pb1	1366	6828	replicate-1
pb1	1367	6875	replicate-1
pb1	1368	6884	replicate-1
pb1	1369	6991	replicate-1
pb1	1370	6978	replicate-1
pb1	1371	7185	replicate-1
pb1	1372	7198	replicate-1
pb1	1373	7270	replicate-1
pb1	1374	7280	replicate-1
pb1	1375	7495	replicate-1
pb1	1376	7545	replicate-1
pb1	1377	7530	replicate-1
pb1	1378	7476	replicate-1
pb1	1379	7454	replicate-1
pb1	1380	7295	replicate-1
pb1	1381	7302	replicate-1
pb1	1382	7258	replicate-1
pb1	1383	7148	replicate-1
pb1	1384	7159	replicate-1
pb1	1385	7027	replicate-1
pb1	1386	7027	replicate-1
pb1	1387	6989	replicate-1
pb1	1388	6941	replicate-1
pb1	1389	7002	replicate-1
pb1	1390	6969	replicate-1
pb1	1391	6933	replicate-1
pb1	1392	6912	replicate-1
pb1	1393	6910	replicate-1
pb1	1394	6939	replicate-1
pb1	1395	6943	replicate-1
pb1	1396	7075	replicate-1
pb1	1397	7133	replicate-1
pb1	1398	7117	replicate-1
pb1	1399	7198	replicate-1
pb1	1400	7215	replicate-1
pb1	1401	7207	replicate-1
pb1	1402	7123	replicate-1
pb1	1403	7129	replicate-1
pb1	1404	7107	replicate-1
pb1	1405	7089	replicate-1
pb1	1406	7073	replicate-1
pb1	1407	6957	replicate-1
pb1	1408	6893	replicate-1
pb1	1409	6869	replicate-1
pb1	1410	6674	replicate-1
pb1	1411	6700	replicate-1
pb1	1412	6638	replicate-1
pb1	1413	6721	replicate-1
pb1	1414	6759	replicate-1
pb1	1415	6735	replicate-1
pb1	1416	6726	replicate-1
pb1	1417	6565	replicate-1
pb1	1418	6673	replicate-1
pb1	1419	7108	replicate-1
pb1	1420	7041	replicate-1
pb1	1421	7048	replicate-1
pb1	1422	7402	replicate-1
pb1	1423	7369	replicate-1
pb1	1424	7315	replicate-1
pb1	1425	7282	replicate-1
pb1	1426	6999	replicate-1
pb1	1427	6758	replicate-1
pb1	1428	6426	replicate-1
pb1	1429	6402	replicate-1
pb1	1430	6477	replicate-1
pb1	1431	6327	replicate-1
pb1	1432	6302	replicate-1
pb1	1433	6305	replicate-1
pb1	1434	6342	replicate-1
pb1	1435	6340	replicate-1
pb1	1436	6321	replicate-1
pb1	1437	6289	replicate-1
pb1	1438	6308	replicate-1
pb1	1439	6239	replicate-1
pb1	1440	6260	replicate-1
pb1	1441	6267	replicate-1
pb1	1442	6226	replicate-1
pb1	1443	6205	replicate-1
pb1	1444	6228	replicate-1
pb1	1445	6345	replicate-1
pb1	1446	6362	replicate-1
pb1	1447	6436	replicate-1
pb1	1448	6448	replicate-1
pb1	1449	6459	replicate-1
pb1	1450	6467	replicate-1
pb1	1451	6488	replicate-1
pb1	1452	6484	replicate-1
pb1	1453	6478	replicate-1
pb1	1454	6240	replicate-1
pb1	1455	6237	replicate-1
pb1	1456	6238	replicate-1
pb1	1457	6248	replicate-1
pb1	1458	6216	replicate-1
pb1	1459	6206	replicate-1
pb1	1460	6225	replicate-1
pb1	1461	6230	replicate-1
pb1	1462	6220	replicate-1
pb1	1463	6196	replicate-1
pb1	1464	6197	replicate-1
pb1	1465	6222	replicate-1
pb1	1466	6203	replicate-1
pb1	1467	6323	replicate-1
pb1	1468	6427	replicate-1
pb1	1469	6478	replicate-1
pb1	1470	6527	replicate-1
pb1	1471	6604	replicate-1
pb1	1472	6776	replicate-1
pb1	1473	6779	replicate-1
pb1	1474	6773	replicate-1
pb1	1475	6676	replicate-1
pb1	1476	6506	replicate-1
pb1	1477	6478	replicate-1
pb1	1478	6435	replicate-1
pb1	1479	6446	replicate-1
pb1	1480	6383	replicate-1
pb1	1481	6289	replicate-1
pb1	1482	6316	replicate-1
pb1	1483	6346	replicate-1
pb1	1484	6380	replicate-1
pb1	1485	6366	replicate-1
pb1	1486	6359	replicate-1
pb1	1487	6403	replicate-1
pb1	1488	6425	replicate-1
pb1	1489	6489	replicate-1
pb1	1490	6461	replicate-1
pb1	1491	6389	replicate-1
pb1	1492	6407	replicate-1
pb1	1493	6392	replicate-1
pb1	1494	6388	replicate-1
pb1	1495	6361	replicate-1
pb1	1496	6234	replicate-1
pb1	1497	6240	replicate-1
pb1	1498	6229	replicate-1
pb1	1499	6220	replicate-1
pb1	1500	6232	replicate-1
pb1	1501	6221	replicate-1
pb1	1502	6197	replicate-1
pb1	1503	6223	replicate-1
pb1	1504	6259	replicate-1
pb1	1505	6276	replicate-1
pb1	1506	6279	replicate-1
pb1	1507	6266	replicate-1
pb1	1508	6271	replicate-1
pb1	1509	6276	replicate-1
pb1	1510	6308	replicate-1
pb1	1511	6340	replicate-1
pb1	1512	6367	replicate-1
pb1	1513	6289	replicate-1
pb1	1514	6280	replicate-1
pb1	1515	6296	replicate-1
pb1	1516	6308	replicate-1
pb1	1517	6313	replicate-1
pb1	1518	6336	replicate-1
pb1	1519	6295	replicate-1
pb1	1520	6283	replicate-1
pb1	1521	6299	replicate-1
pb1	1522	6252	replicate-1
pb1	1523	6363	replicate-1
pb1	1524	6347	replicate-1
pb1	1525	6336	replicate-1
pb1	1526	6205	replicate-1
pb1	1527	6108	replicate-1
pb1	1528	6135	replicate-1
pb1	1529	6108	replicate-1
pb1	1530	6122	replicate-1
pb1	1531	6131	replicate-1
pb1	1532	6102	replicate-1
pb1	1533	6113	replicate-1
pb1	1534	6116	replicate-1
pb1	1535	6113	replicate-1
pb1	1536	6272	replicate-1
pb1	1537	6264	replicate-1
pb1	1538	6324	replicate-1
pb1	1539	6311	replicate-1
pb1	1540	6279	replicate-1
pb1	1541	6472	replicate-1
pb1	1542	6527	replicate-1
pb1	1543	6502	replicate-1
pb1	1544	6501	replicate-1
pb1	1545	6073	replicate-1
pb1	1546	6100	replicate-1
pb1	1547	5998	replicate-1
pb1	1548	5980	replicate-1
pb1	1549	5987	replicate-1
pb1	1550	5821	replicate-1
pb1	1551	5870	replicate-1
pb1	1552	5937	replicate-1
pb1	1553	5964	replicate-1
pb1	1554	5942	replicate-1
pb1	1555	5881	replicate-1
pb1	1556	6013	replicate-1
pb1	1557	5985	replicate-1
pb1	1558	5983	replicate-1
pb1	1559	5990	replicate-1
pb1	1560	5942	replicate-1
pb1	1561	5936	replicate-1
pb1	1562	5936	replicate-1
pb1	1563	5934	replicate-1
pb1	1564	5943	replicate-1
pb1	1565	5792	replicate-1
pb1	1566	5877	replicate-1
pb1	1567	5924	replicate-1
pb1	1568	5701	replicate-1
pb1	1569	5706	replicate-1
pb1	1570	5718	replicate-1
pb1	1571	5737	replicate-1
pb1	1572	5742	replicate-1
pb1	1573	5633	replicate-1
pb1	1574	5652	replicate-1
pb1	1575	5747	replicate-1
pb1	1576	5753	replicate-1
pb1	1577	5772	replicate-1
pb1	1578	5789	replicate-1
pb1	1579	5783	replicate-1
pb1	1580	5782	replicate-1
pb1	1581	5743	replicate-1
pb1	1582	5731	replicate-1
pb1	1583	5761	replicate-1
pb1	1584	5684	replicate-1
pb1	1585	5724	replicate-1
pb1	1586	5729	replicate-1
pb1	1587	5721	replicate-1
pb1	1588	5811	replicate-1
pb1	1589	5816	replicate-1
pb1	1590	5835	replicate-1
pb1	1591	5846	replicate-1
pb1	1592	5808	replicate-1
pb1	1593	5834	replicate-1
pb1	1594	5776	replicate-1
pb1	1595	5804	replicate-1
pb1	1596	5769	replicate-1
pb1	1597	5673	replicate-1
pb1	1598	5654	replicate-1
pb1	1599	5608	replicate-1
pb1	1600	5610	replicate-1
pb1	1601	5676	replicate-1
pb1	1602	5625	replicate-1
pb1	1603	5622	replicate-1
pb1	1604	5587	replicate-1
pb1	1605	5593	replicate-1
pb1	1606	5581	replicate-1
pb1	1607	5642	replicate-1
pb1	1608	5637	replicate-1
pb1	1609	5838	replicate-1
pb1	1610	5728	replicate-1
pb1	1611	5856	replicate-1
pb1	1612	5930	replicate-1
pb1	1613	5904	replicate-1
pb1	1614	5884	replicate-1
pb1	1615	5890	replicate-1
pb1	1616	5749	replicate-1
pb1	1617	5771	replicate-1
pb1	1618	5472	replicate-1
pb1	1619	5475	replicate-1
pb1	1620	5484	replicate-1
pb1	1621	5268	replicate-1
pb1	1622	5310	replicate-1
pb1	1623	5337	replicate-1
pb1	1624	5469	replicate-1
pb1	1625	5483	replicate-1
pb1	1626	5435	replicate-1
pb1	1627	5446	replicate-1
pb1	1628	5432	replicate-1
pb1	1629	5416	replicate-1
pb1	1630	5478	replicate-1
pb1	1631	5478	replicate-1
pb1	1632	5493	replicate-1
pb1	1633	5335	replicate-1
pb1	1634	5381	replicate-1
pb1	1635	5310	replicate-1
pb1	1636	5301	replicate-1
pb1	1637	5387	replicate-1
pb1	1638	5469	replicate-1
pb1	1639	5423	replicate-1
pb1	1640	5303	replicate-1
pb1	1641	5256	replicate-1
pb1	1642	5270	replicate-1
pb1	1643	5287	replicate-1
pb1	1644	5329	replicate-1
pb1	1645	5332	replicate-1
pb1	1646	5237	replicate-1
pb1	1647	5147	replicate-1
pb1	1648	5166	replicate-1
pb1	1649	5213	replicate-1
pb1	1650	5211	replicate-1
pb1	1651	5187	replicate-1
pb1	1652	5187	replicate-1
pb1	1653	5119	replicate-1
pb1	1654	5181	replicate-1
pb1	1655	5206	replicate-1
pb1	1656	5202	replicate-1
pb1	1657	5238	replicate-1
pb1	1658	5226	replicate-1
pb1	1659	5238	replicate-1
pb1	1660	5237	replicate-1
pb1	1661	5207	replicate-1
pb1	1662	5188	replicate-1
pb1	1663	5156	replicate-1
pb1	1664	5219	replicate-1
pb1	1665	5217	replicate-1
pb1	1666	5231	replicate-1
pb1	1667	5237	replicate-1
pb1	1668	5235	replicate-1
pb1	1669	5298	replicate-1
pb1	1670	5282	replicate-1
pb1	1671	5333	replicate-1
pb1	1672	5367	replicate-1
pb1	1673	5229	replicate-1
pb1	1674	5407	replicate-1
pb1	1675	5358	replicate-1
pb1	1676	5428	replicate-1
pb1	1677	5467	replicate-1
pb1	1678	5375	replicate-1
pb1	1679	5368	replicate-1
pb1	1680	5359	replicate-1
pb1	1681	5379	replicate-1
pb1	1682	5395	replicate-1
pb1	1683	5343	replicate-1
pb1	1684	5532	replicate-1
pb1	1685	5530	replicate-1
pb1	1686	5530	replicate-1
pb1	1687	5457	replicate-1
pb1	1688	5473	replicate-1
pb1	1689	5616	replicate-1
pb1	1690	5585	replicate-1
pb1	1691	5629	replicate-1
pb1	1692	5707	replicate-1
pb1	1693	5696	replicate-1
pb1	1694	5754	replicate-1
pb1	1695	5806	replicate-1
pb1	1696	5794	replicate-1
pb1	1697	5818	replicate-1
pb1	1698	5685	replicate-1
pb1	1699	5796	replicate-1
pb1	1700	5747	replicate-1
pb1	1701	5769	replicate-1
pb1	1702	5599	replicate-1
pb1	1703	5573	replicate-1
pb1	1704	5579	replicate-1
pb1	1705	5576	replicate-1
pb1	1706	5564	replicate-1
pb1	1707	5648	replicate-1
pb1	1708	5631	replicate-1
pb1	1709	5621	replicate-1
pb1	1710	5622	replicate-1
pb1	1711	5615	replicate-1
pb1	1712	5642	replicate-1
pb1	1713	5608	replicate-1
pb1	1714	5659	replicate-1
pb1	1715	5671	replicate-1
pb1	1716	5531	replicate-1
pb1	1717	5537	replicate-1
pb1	1718	5513	replicate-1
pb1	1719	5521	replicate-1
pb1	1720	5485	replicate-1
pb1	1721	5506	replicate-1
pb1	1722	5458	replicate-1
pb1	1723	5461	replicate-1
pb1	1724	5392	replicate-1
pb1	1725	5428	replicate-1
pb1	1726	5428	replicate-1
pb1	1727	5438	replicate-1
pb1	1728	5456	replicate-1
pb1	1729	5480	replicate-1
pb1	1730	5439	replicate-1
pb1	1731	5445	replicate-1
pb1	1732	5434	replicate-1
pb1	1733	5453	replicate-1
pb1	1734	5435	replicate-1
pb1	1735	5397	replicate-1
pb1	1736	5398	replicate-1
pb1	1737	5493	replicate-1
pb1	1738	5459	replicate-1
pb1	1739	5466	replicate-1
pb1	1740	5472	replicate-1
pb1	1741	5488	replicate-1
pb1	1742	5511	replicate-1
pb1	1743	5501	replicate-1
pb1	1744	5479	replicate-1
pb1	1745	5489	replicate-1
pb1	1746	5465	replicate-1
pb1	1747	5481	replicate-1
pb1	1748	5455	replicate-1
pb1	1749	5452	replicate-1
pb1	1750	5452	replicate-1
pb1	1751	5441	replicate-1
pb1	1752	5555	replicate-1
pb1	1753	5564	replicate-1
pb1	1754	5553	replicate-1
pb1	1755	5549	replicate-1
pb1	1756	5590	replicate-1
pb1	1757	5566	replicate-1
pb1	1758	5570	replicate-1
pb1	1759	5482	replicate-1
pb1	1760	5467	replicate-1
pb1	1761	5468	replicate-1
pb1	1762	5471	replicate-1
pb1	1763	5498	replicate-1
pb1	1764	5504	replicate-1
pb1	1765	5586	replicate-1
pb1	1766	5566	replicate-1
pb1	1767	5496	replicate-1
pb1	1768	5478	replicate-1
pb1	1769	5392	replicate-1
pb1	1770	5408	replicate-1
pb1	1771	5274	replicate-1
pb1	1772	5272	replicate-1
pb1	1773	5248	replicate-1
pb1	1774	5109	replicate-1
pb1	1775	5242	replicate-1
pb1	1776	5260	replicate-1
pb1	1777	5252	replicate-1
pb1	1778	5277	replicate-1
pb1	1779	5249	replicate-1
pb1	1780	5277	replicate-1
pb1	1781	5284	replicate-1
pb1	1782	5273	replicate-1
pb1	1783	5262	replicate-1
pb1	1784	5220	replicate-1
pb1	1785	5100	replicate-1
pb1	1786	5162	replicate-1
pb1	1787	5185	replicate-1
pb1	1788	5143	replicate-1
pb1	1789	5176	replicate-1
pb1	1790	5095	replicate-1
pb1	1791	5162	replicate-1
pb1	1792	5146	replicate-1
pb1	1793	5148	replicate-1
pb1	1794	5152	replicate-1
pb1	1795	5153	replicate-1
pb1	1796	5135	replicate-1
pb1	1797	5213	replicate-1
pb1	1798	5203	replicate-1
pb1	1799	5226	replicate-1
pb1	1800	5147	replicate-1
pb1	1801	5154	replicate-1
pb1	1802	5199	replicate-1
pb1	1803	5195	replicate-1
pb1	1804	5111	replicate-1
pb1	1805	5095	replicate-1
pb1	1806	5032	replicate-1
pb1	1807	5066	replicate-1
pb1	1808	5091	replicate-1
pb1	1809	5081	replicate-1
pb1	1810	5091	replicate-1
pb1	1811	5080	replicate-1
pb1	1812	5058	replicate-1
pb1	1813	5292	replicate-1
pb1	1814	5408	replicate-1
pb1	1815	5421	replicate-1
pb1	1816	5475	replicate-1
pb1	1817	5364	replicate-1
pb1	1818	5397	replicate-1
pb1	1819	5477	replicate-1
pb1	1820	5481	replicate-1
pb1	1821	5482	replicate-1
pb1	1822	5166	replicate-1
pb1	1823	5091	replicate-1
pb1	1824	5072	replicate-1
pb1	1825	4981	replicate-1
pb1	1826	4981	replicate-1
pb1	1827	4954	replicate-1
pb1	1828	4948	replicate-1
pb1	1829	4938	replicate-1
pb1	1830	4950	replicate-1
pb1	1831	4971	replicate-1
pb1	1832	4919	replicate-1
pb1	1833	4862	replicate-1
pb1	1834	4942	replicate-1
pb1	1835	4963	replicate-1
pb1	1836	5131	replicate-1
pb1	1837	5145	replicate-1
pb1	1838	5172	replicate-1
pb1	1839	5121	replicate-1
pb1	1840	5112	replicate-1
pb1	1841	5496	replicate-1
pb1	1842	5466	replicate-1
pb1	1843	5428	replicate-1
pb1	1844	5387	replicate-1
pb1	1845	5249	replicate-1
pb1	1846	5245	replicate-1
pb1	1847	5236	replicate-1
pb1	1848	5289	replicate-1
pb1	1849	5419	replicate-1
pb1	1850	5204	replicate-1
pb1	1851	5261	replicate-1
pb1	1852	5242	replicate-1
pb1	1853	5329	replicate-1
pb1	1854	5295	replicate-1
pb1	1855	5259	replicate-1
pb1	1856	5251	replicate-1
pb1	1857	5267	replicate-1
pb1	1858	5279	replicate-1
pb1	1859	5304	replicate-1
pb1	1860	5326	replicate-1
pb1	1861	5303	replicate-1
pb1	1862	5254	replicate-1
pb1	1863	5235	replicate-1
pb1	1864	5265	replicate-1
pb1	1865	5293	replicate-1
pb1	1866	5294	replicate-1
pb1	1867	5369	replicate-1
pb1	1868	5360	replicate-1
pb1	1869	5386	replicate-1
pb1	1870	5391	replicate-1
pb1	1871	5380	replicate-1
pb1	1872	5355	replicate-1
pb1	1873	5363	replicate-1
pb1	1874	5416	replicate-1
pb1	1875	5457	replicate-1
pb1	1876	5431	replicate-1
pb1	1877	5501	replicate-1
pb1	1878	5491	replicate-1
pb1	1879	5505	replicate-1
pb1	1880	5492	replicate-1
pb1	1881	5480	replicate-1
pb1	1882	5574	replicate-1
pb1	1883	5590	replicate-1
pb1	1884	5627	replicate-1
pb1	1885	5644	replicate-1
pb1	1886	5481	replicate-1
pb1	1887	5514	replicate-1
pb1	1888	5535	replicate-1
pb1	1889	5534	replicate-1
pb1	1890	5523	replicate-1
pb1	1891	5483	replicate-1
pb1	1892	5524	replicate-1
pb1	1893	5548	replicate-1
pb1	1894	5539	replicate-1
pb1	1895	5561	replicate-1
pb1	1896	5807	replicate-1
pb1	1897	5768	replicate-1
pb1	1898	5817	replicate-1
pb1	1899	5814	replicate-1
pb1	1900	5785	replicate-1
pb1	1901	5754	replicate-1
pb1	1902	5655	replicate-1
pb1	1903	5758	replicate-1
pb1	1904	5827	replicate-1
pb1	1905	5691	replicate-1
pb1	1906	5700	replicate-1
pb1	1907	5681	replicate-1
pb1	1908	5676	replicate-1
pb1	1909	5559	replicate-1
pb1	1910	5512	replicate-1
pb1	1911	5525	replicate-1
pb1	1912	5463	replicate-1
pb1	1913	5432	replicate-1
pb1	1914	5433	replicate-1
pb1	1915	5466	replicate-1
pb1	1916	5450	replicate-1
pb1	1917	5451	replicate-1
pb1	1918	5462	replicate-1
pb1	1919	5445	replicate-1
pb1	1920	5414	replicate-1
pb1	1921	5380	replicate-1
pb1	1922	5472	replicate-1
pb1	1923	5497	replicate-1
pb1	1924	5507	replicate-1
pb1	1925	5503	replicate-1
pb1	1926	5469	replicate-1
pb1	1927	5448	replicate-1
pb1	1928	5487	replicate-1
pb1	1929	5454	replicate-1
pb1	1930	5514	replicate-1
pb1	1931	5403	replicate-1
pb1	1932	5391	replicate-1
pb1	1933	5403	replicate-1
pb1	1934	5421	replicate-1
pb1	1935	5446	replicate-1
pb1	1936	5439	replicate-1
pb1	1937	5376	replicate-1
pb1	1938	5440	replicate-1
pb1	1939	5428	replicate-1
pb1	1940	5467	replicate-1
pb1	1941	5453	replicate-1
pb1	1942	5467	replicate-1
pb1	1943	5502	replicate-1
pb1	1944	5654	replicate-1
pb1	1945	5658	replicate-1
pb1	1946	5666	replicate-1
pb1	1947	5675	replicate-1
pb1	1948	5582	replicate-1
pb1	1949	5670	replicate-1
pb1	1950	5668	replicate-1
pb1	1951	5726	replicate-1
pb1	1952	5719	replicate-1
pb1	1953	5621	replicate-1
pb1	1954	5662	replicate-1
pb1	1955	5636	replicate-1
pb1	1956	5722	replicate-1
pb1	1957	5729	replicate-1
pb1	1958	5624	replicate-1
pb1	1959	5661	replicate-1
pb1	1960	5630	replicate-1
pb1	1961	5637	replicate-1
pb1	1962	5633	replicate-1
pb1	1963	5544	replicate-1
pb1	1964	5482	replicate-1
pb1	1965	5399	replicate-1
pb1	1966	5427	replicate-1
pb1	1967	5447	replicate-1
pb1	1968	5424	replicate-1
pb1	1969	5384	replicate-1
pb1	1970	5376	replicate-1
pb1	1971	5400	replicate-1
pb1	1972	5401	replicate-1
pb1	1973	5513	replicate-1
pb1	1974	5480	replicate-1
pb1	1975	5459	replicate-1
pb1	1976	5435	replicate-1
pb1	1977	5460	replicate-1
pb1	1978	5511	replicate-1
pb1	1979	5536	replicate-1
pb1	1980	5549	replicate-1
pb1	1981	5527	replicate-1
pb1	1982	5430	replicate-1
pb1	1983	5448	replicate-1
pb1	1984	5450	replicate-1
pb1	1985	5404	replicate-1
pb1	1986	5325	replicate-1
pb1	1987	5312	replicate-1
pb1	1988	5309	replicate-1
pb1	1989	5316	replicate-1
pb1	1990	5682	replicate-1
pb1	1991	5635	replicate-1
pb1	1992	5611	replicate-1
pb1	1993	5635	replicate-1
pb1	1994	5579	replicate-1
pb1	1995	5585	replicate-1
pb1	1996	5573	replicate-1
pb1	1997	5601	replicate-1
pb1	1998	5579	replicate-1
pb1	1999	5277	replicate-1
pb1	2000	5292	replicate-1
pb1	2001	5245	replicate-1
pb1	2002	5249	replicate-1
pb1	2003	5231	replicate-1
pb1	2004	5228	replicate-1
pb1	2005	5246	replicate-1
pb1	2006	5317	replicate-1
pb1	2007	5299	replicate-1
pb1	2008	5413	replicate-1
pb1	2009	5442	replicate-1
pb1	2010	5416	replicate-1
pb1	2011	5421	replicate-1
pb1	2012	5420	replicate-1
pb1	2013	5406	replicate-1
pb1	2014	5435	replicate-1
pb1	2015	5327	replicate-1
pb1	2016	5591	replicate-1
pb1	2017	5500	replicate-1
pb1	2018	5499	replicate-1
pb1	2019	5482	replicate-1
pb1	2020	5476	replicate-1
pb1	2021	5477	replicate-1
pb1	2022	5471	replicate-1
pb1	2023	5383	replicate-1
pb1	2024	5389	replicate-1
pb1	2025	5161	replicate-1
pb1	2026	5311	replicate-1
pb1	2027	5251	replicate-1
pb1	2028	5245	replicate-1
pb1	2029	5273	replicate-1
pb1	2030	5297	replicate-1
pb1	2031	5305	replicate-1
pb1	2032	5306	replicate-1
pb1	2033	5277	replicate-1
pb1	2034	5328	replicate-1
pb1	2035	5215	replicate-1
pb1	2036	5232	replicate-1
pb1	2037	5256	replicate-1
pb1	2038	5246	replicate-1
pb1	2039	5311	replicate-1
pb1	2040	5335	replicate-1
pb1	2041	5356	replicate-1
pb1	2042	5349	replicate-1
pb1	2043	5299	replicate-1
pb1	2044	5336	replicate-1
pb1	2045	5348	replicate-1
pb1	2046	5551	replicate-1
pb1	2047	5672	replicate-1
pb1	2048	5580	replicate-1
pb1	2049	5637	replicate-1
pb1	2050	5651	replicate-1
pb1	2051	5698	replicate-1
pb1	2052	5695	replicate-1
pb1	2053	5669	replicate-1
pb1	2054	5641	replicate-1
pb1	2055	5446	replicate-1
pb1	2056	5324	replicate-1
pb1	2057	5396	replicate-1
pb1	2058	5383	replicate-1
pb1	2059	5414	replicate-1
pb1	2060	5380	replicate-1
pb1	2061	5392	replicate-1
pb1	2062	5392	replicate-1
pb1	2063	5424	replicate-1
pb1	2064	5448	replicate-1
pb1	2065	5424	replicate-1
pb1	2066	5400	replicate-1
pb1	2067	5418	replicate-1
pb1	2068	5437	replicate-1
pb1	2069	5456	replicate-1
pb1	2070	5456	replicate-1
pb1	2071	5417	replicate-1
pb1	2072	5371	replicate-1
pb1	2073	5365	replicate-1
pb1	2074	5363	replicate-1
pb1	2075	5384	replicate-1
pb1	2076	5394	replicate-1
pb1	2077	5381	replicate-1
pb1	2078	5349	replicate-1
pb1	2079	5328	replicate-1
pb1	2080	5345	replicate-1
pb1	2081	5322	replicate-1
pb1	2082	5313	replicate-1
pb1	2083	5330	replicate-1
pb1	2084	5276	replicate-1
pb1	2085	5309	replicate-1
pb1	2086	5340	replicate-1
pb1	2087	5329	replicate-1
pb1	2088	5314	replicate-1
pb1	2089	5269	replicate-1
pb1	2090	5266	replicate-1
pb1	2091	5287	replicate-1
pb1	2092	5251	replicate-1
pb1	2093	5206	replicate-1
pb1	2094	5151	replicate-1
pb1	2095	5092	replicate-1
pb1	2096	5084	replicate-1
pb1	2097	5065	replicate-1
pb1	2098	5044	replicate-1
pb1	2099	5044	replicate-1
pb1	2100	4981	replicate-1
pb1	2101	4954	replicate-1
pb1	2102	4957	replicate-1
pb1	2103	4929	replicate-1
pb1	2104	4911	replicate-1
pb1	2105	4925	replicate-1
pb1	2106	4895	replicate-1
pb1	2107	4943	replicate-1
pb1	2108	4925	replicate-1
pb1	2109	4952	replicate-1
pb1	2110	4972	replicate-1
pb1	2111	4992	replicate-1
pb1	2112	5007	replicate-1
pb1	2113	5031	replicate-1
pb1	2114	4991	replicate-1
pb1	2115	4995	replicate-1
pb1	2116	4919	replicate-1
pb1	2117	4898	replicate-1
pb1	2118	4898	replicate-1
pb1	2119	4908	replicate-1
pb1	2120	4939	replicate-1
pb1	2121	4942	replicate-1
pb1	2122	4958	replicate-1
pb1	2123	4989	replicate-1
pb1	2124	4972	replicate-1
pb1	2125	4966	replicate-1
pb1	2126	4943	replicate-1
pb1	2127	4915	replicate-1
pb1	2128	4861	replicate-1
pb1	2129	4868	replicate-1
pb1	2130	4986	replicate-1
pb1	2131	5031	replicate-1
pb1	2132	5047	replicate-1
pb1	2133	4991	replicate-1
pb1	2134	5072	replicate-1
pb1	2135	5045	replicate-1
pb1	2136	5041	replicate-1
pb1	2137	5029	replicate-1
pb1	2138	4957	replicate-1
pb1	2139	4982	replicate-1
pb1	2140	4586	replicate-1
pb1	2141	4523	replicate-1
pb1	2142	4536	replicate-1
pb1	2143	4251	replicate-1
pb1	2144	4247	replicate-1
pb1	2145	4144	replicate-1
pb1	2146	4168	replicate-1
pb1	2147	4152	replicate-1
pb1	2148	4093	replicate-1
pb1	2149	4095	replicate-1
pb1	2150	4095	replicate-1
pb1	2151	4117	replicate-1
pb1	2152	4128	replicate-1
pb1	2153	4124	replicate-1
pb1	2154	4137	replicate-1
pb1	2155	4124	replicate-1
pb1	2156	4088	replicate-1
pb1	2157	4083	replicate-1
pb1	2158	4132	replicate-1
pb1	2159	4101	replicate-1
pb1	2160	4104	replicate-1
pb1	2161	4084	replicate-1
pb1	2162	4089	replicate-1
pb1	2163	4092	replicate-1
pb1	2164	4127	replicate-1
pb1	2165	4140	replicate-1
pb1	2166	4078	replicate-1
pb1	2167	4019	replicate-1
pb1	2168	3994	replicate-1
pb1	2169	3990	replicate-1
pb1	2170	4006	replicate-1
pb1	2171	3973	replicate-1
pb1	2172	3978	replicate-1
pb1	2173	3965	replicate-1
pb1	2174	3964	replicate-1
pb1	2175	3947	replicate-1
pb1	2176	3802	replicate-1
pb1	2177	3755	replicate-1
pb1	2178	3765	replicate-1
pb1	2179	3776	replicate-1
pb1	2180	3702	replicate-1
pb1	2181	3764	replicate-1
pb1	2182	3724	replicate-1
pb1	2183	3724	replicate-1
pb1	2184	3733	replicate-1
pb1	2185	3695	replicate-1
pb1	2186	3697	replicate-1
pb1	2187	3671	replicate-1
pb1	2188	3651	replicate-1
pb1	2189	3597	replicate-1
pb1	2190	3722	replicate-1
pb1	2191	3703	replicate-1
pb1	2192	3710	replicate-1
pb1	2193	3760	replicate-1
pb1	2194	3766	replicate-1
pb1	2195	3756	replicate-1
pb1	2196	3653	replicate-1
pb1	2197	3583	replicate-1
pb1	2198	3550	replicate-1
pb1	2199	3554	replicate-1
pb1	2200	3542	replicate-1
pb1	2201	3488	replicate-1
pb1	2202	3480	replicate-1
pb1	2203	3492	replicate-1
pb1	2204	3487	replicate-1
pb1	2205	3495	replicate-1
pb1	2206	3490	replicate-1
pb1	2207	3471	replicate-1
pb1	2208	3447	replicate-1
pb1	2209	3472	replicate-1
pb1	2210	3461	replicate-1
pb1	2211	3458	replicate-1
pb1	2212	3418	replicate-1
pb1	2213	3421	replicate-1
pb1	2214	3365	replicate-1
pb1	2215	3375	replicate-1
pb1	2216	3380	replicate-1
pb1	2217	3376	replicate-1
pb1	2218	3285	replicate-1
pb1	2219	3250	replicate-1
pb1	2220	3244	replicate-1
pb1	2221	3248	replicate-1
pb1	2222	3252	replicate-1
pb1	2223	3253	replicate-1
pb1	2224	3251	replicate-1
pb1	2225	3171	replicate-1
pb1	2226	3157	replicate-1
pb1	2227	3148	replicate-1
pb1	2228	3136	replicate-1
pb1	2229	3137	replicate-1
pb1	2230	3114	replicate-1
pb1	2231	3115	replicate-1
pb1	2232	3121	replicate-1
pb1	2233	3119	replicate-1
pb1	2234	3095	replicate-1
pb1	2235	3018	replicate-1
pb1	2236	2988	replicate-1
pb1	2237	2983	replicate-1
pb1	2238	2981	replicate-1
pb1	2239	2992	replicate-1
pb1	2240	2948	replicate-1
pb1	2241	2947	replicate-1
pb1	2242	2882	replicate-1
pb1	2243	2890	replicate-1
pb1	2244	2895	replicate-1
pb1	2245	2894	replicate-1
pb1	2246	2881	replicate-1
pb1	2247	2879	replicate-1
pb1	2248	2877	replicate-1
pb1	2249	2784	replicate-1
pb1	2250	2785	replicate-1
pb1	2251	2781	replicate-1
pb1	2252	2779	replicate-1
pb1	2253	2776	replicate-1
pb1	2254	2768	replicate-1
pb1	2255	2763	replicate-1
pb1	2256	2757	replicate-1
pb1	2257	2749	replicate-1
pb1	2258	2726	replicate-1
pb1	2259	2601	replicate-1
pb1	2260	2540	replicate-1
pb1	2261	2532	replicate-1
pb1	2262	2494	replicate-1
pb1	2263	2397	replicate-1
pb1	2264	2399	replicate-1
pb1	2265	2392	replicate-1
pb1	2266	2395	replicate-1
pb1	2267	2386	replicate-1
pb1	2268	2312	replicate-1
pb1	2269	2302	replicate-1
pb1	2270	2314	replicate-1
pb1	2271	2252	replicate-1
pb1	2272	2230	replicate-1
pb1	2273	2157	replicate-1
pb1	2274	2130	replicate-1
pb1	2275	2122	replicate-1
pb1	2276	2112	replicate-1
pb1	2277	2104	replicate-1
pb1	2278	2100	replicate-1
pb1	2279	1813	replicate-1
pb1	2280	1807	replicate-1
pb1	2281	1738	replicate-1
pb1	2282	1721	replicate-1
pb1	2283	1722	replicate-1
pb1	2284	1685	replicate-1
pb1	2285	1663	replicate-1
pb1	2286	1653	replicate-1
pb1	2287	1632	replicate-1
pb1	2288	1614	replicate-1
pb1	2289	1563	replicate-1
pb1	2290	1560	replicate-1
pb1	2291	1552	replicate-1
pb1	2292	1550	replicate-1
pb1	2293	1548	replicate-1
pb1	2294	1543	replicate-1
pb1	2295	1543	replicate-1
pb1	2296	1530	replicate-1
pb1	2297	1466	replicate-1
pb1	2298	1464	replicate-1
pb1	2299	1369	replicate-1
pb1	2300	1367	replicate-1
pb1	2301	1355	replicate-1
pb1	2302	1349	replicate-1
pb1	2303	1345	replicate-1
pb1	2304	1304	replicate-1
pb1	2305	1303	replicate-1
pb1	2306	1280	replicate-1
pb1	2307	1278	replicate-1
pb1	2308	1268	replicate-1
pb1	2309	1103	replicate-1
pb1	2310	1029	replicate-1
pb1	2311	1022	replicate-1
pb1	2312	1017	replicate-1
pb1	2313	1013	replicate-1
pb1	2314	1009	replicate-1
pb1	2315	889	replicate-1
pb1	2316	888	replicate-1
pb1	2317	882	replicate-1
pb1	2318	882	replicate-1
pb1	2319	879	replicate-1
pb1	2320	848	replicate-1
pb1	2321	830	replicate-1
pb1	2322	827	replicate-1
pb1	2323	823	replicate-1
pb1	2324	820	replicate-1
pb1	2325	805	replicate-1
pb1	2326	803	replicate-1
pb1	2327	789	replicate-1
pb1	2328	786	replicate-1
pb1	2329	779	replicate-1
pb1	2330	735	replicate-1
pb1	2331	714	replicate-1
pb1	2332	707	replicate-1
pb1	2333	707	replicate-1
pb1	2334	697	replicate-1
pb1	2335	694	replicate-1
pb1	2336	680	replicate-1
pb1	2337	615	replicate-1
pb1	2338	588	replicate-1
pb1	2339	586	replicate-1
pb1	2340	585	replicate-1
pb1	2341	246	replicate-1
