gene	pos	cvg
ns	1	1219
ns	2	1566
ns	3	1574
ns	4	1580
ns	5	1926
ns	6	1976
ns	7	1990
ns	8	1999
ns	9	2031
ns	10	2034
ns	11	2114
ns	12	2153
ns	13	2171
ns	14	2176
ns	15	2315
ns	16	2331
ns	17	2438
ns	18	2445
ns	19	2457
ns	20	2548
ns	21	2613
ns	22	3060
ns	23	3197
ns	24	3205
ns	25	3223
ns	26	3250
ns	27	3324
ns	28	3330
ns	29	3549
ns	30	3759
ns	31	4099
ns	32	6994
ns	33	7052
ns	34	7255
ns	35	7277
ns	36	7286
ns	37	7451
ns	38	7477
ns	39	7498
ns	40	7522
ns	41	7527
ns	42	8218
ns	43	8232
ns	44	8360
ns	45	8363
ns	46	8380
ns	47	8389
ns	48	8406
ns	49	8582
ns	50	8819
ns	51	8796
ns	52	8927
ns	53	8938
ns	54	9262
ns	55	9275
ns	56	9345
ns	57	9375
ns	58	9368
ns	59	9373
ns	60	9448
ns	61	9468
ns	62	9555
ns	63	9554
ns	64	9805
ns	65	9815
ns	66	9812
ns	67	9912
ns	68	10043
ns	69	10154
ns	70	10188
ns	71	10183
ns	72	10206
ns	73	10231
ns	74	10224
ns	75	10253
ns	76	10258
ns	77	10296
ns	78	10450
ns	79	10458
ns	80	10541
ns	81	10547
ns	82	10543
ns	83	10545
ns	84	10556
ns	85	10541
ns	86	10549
ns	87	10671
ns	88	10679
ns	89	10651
ns	90	10646
ns	91	10699
ns	92	10686
ns	93	10676
ns	94	10657
ns	95	10632
ns	96	10796
ns	97	11011
ns	98	11168
ns	99	11091
ns	100	11060
ns	101	11037
ns	102	11427
ns	103	11368
ns	104	11369
ns	105	11380
ns	106	11219
ns	107	11340
ns	108	11344
ns	109	11482
ns	110	11440
ns	111	11480
ns	112	11473
ns	113	11459
ns	114	11634
ns	115	11786
ns	116	11754
ns	117	11742
ns	118	11674
ns	119	11634
ns	120	11987
ns	121	12237
ns	122	12334
ns	123	12201
ns	124	12151
ns	125	12105
ns	126	12093
ns	127	12005
ns	128	11976
ns	129	11541
ns	130	11494
ns	131	11609
ns	132	11624
ns	133	11596
ns	134	11651
ns	135	11663
ns	136	11714
ns	137	11673
ns	138	11642
ns	139	11558
ns	140	11294
ns	141	11512
ns	142	11072
ns	143	11107
ns	144	11052
ns	145	10954
ns	146	10943
ns	147	10952
ns	148	10932
ns	149	11225
ns	150	11056
ns	151	11599
ns	152	11548
ns	153	11636
ns	154	11557
ns	155	11568
ns	156	11514
ns	157	11753
ns	158	11582
ns	159	11782
ns	160	11634
ns	161	11645
ns	162	11527
ns	163	11631
ns	164	11678
ns	165	11747
ns	166	11818
ns	167	11832
ns	168	11683
ns	169	11779
ns	170	11898
ns	171	11659
ns	172	12384
ns	173	12224
ns	174	12358
ns	175	12160
ns	176	12218
ns	177	12589
ns	178	12650
ns	179	12550
ns	180	12046
ns	181	11751
ns	182	11953
ns	183	12001
ns	184	11969
ns	185	12104
ns	186	11896
ns	187	11873
ns	188	11899
ns	189	11937
ns	190	12034
ns	191	12058
ns	192	11905
ns	193	11918
ns	194	11916
ns	195	11908
ns	196	11993
ns	197	12049
ns	198	12014
ns	199	12088
ns	200	12053
ns	201	12112
ns	202	12277
ns	203	12252
ns	204	12406
ns	205	12455
ns	206	12414
ns	207	12610
ns	208	12703
ns	209	12806
ns	210	12762
ns	211	12671
ns	212	12940
ns	213	12990
ns	214	13065
ns	215	13201
ns	216	13282
ns	217	13364
ns	218	13238
ns	219	13754
ns	220	13699
ns	221	13749
ns	222	13830
ns	223	13692
ns	224	13719
ns	225	13593
ns	226	13755
ns	227	13826
ns	228	13768
ns	229	13842
ns	230	13821
ns	231	14113
ns	232	14244
ns	233	14368
ns	234	14389
ns	235	14278
ns	236	14327
ns	237	14314
ns	238	14297
ns	239	14288
ns	240	14404
ns	241	14299
ns	242	14227
ns	243	14241
ns	244	14326
ns	245	14294
ns	246	14293
ns	247	14284
ns	248	14432
ns	249	14393
ns	250	14314
ns	251	14317
ns	252	14374
ns	253	14310
ns	254	14254
ns	255	14512
ns	256	14572
ns	257	14985
ns	258	14981
ns	259	15189
ns	260	15226
ns	261	15209
ns	262	15302
ns	263	15497
ns	264	15613
ns	265	15866
ns	266	15682
ns	267	15781
ns	268	15729
ns	269	15776
ns	270	15861
ns	271	15922
ns	272	16131
ns	273	15895
ns	274	15963
ns	275	15829
ns	276	16251
ns	277	16263
ns	278	16328
ns	279	16334
ns	280	16190
ns	281	15916
ns	282	16168
ns	283	16299
ns	284	16282
ns	285	16377
ns	286	16047
ns	287	16083
ns	288	16115
ns	289	16091
ns	290	16372
ns	291	16125
ns	292	16811
ns	293	16891
ns	294	16881
ns	295	16888
ns	296	16858
ns	297	16865
ns	298	16832
ns	299	16464
ns	300	16592
ns	301	16016
ns	302	15985
ns	303	16006
ns	304	15979
ns	305	15953
ns	306	15913
ns	307	16541
ns	308	16522
ns	309	16796
ns	310	16734
ns	311	16733
ns	312	16772
ns	313	17093
ns	314	17063
ns	315	17043
ns	316	16284
ns	317	16626
ns	318	16397
ns	319	16611
ns	320	16926
ns	321	16929
ns	322	16922
ns	323	16979
ns	324	16978
ns	325	16996
ns	326	16789
ns	327	16861
ns	328	16564
ns	329	16505
ns	330	16229
ns	331	16670
ns	332	17151
ns	333	17164
ns	334	17287
ns	335	17365
ns	336	17305
ns	337	17351
ns	338	17577
ns	339	17790
ns	340	17449
ns	341	17203
ns	342	17131
ns	343	17209
ns	344	17273
ns	345	17303
ns	346	17279
ns	347	17013
ns	348	16824
ns	349	16967
ns	350	16976
ns	351	16989
ns	352	16853
ns	353	16823
ns	354	16819
ns	355	16847
ns	356	16866
ns	357	16950
ns	358	16763
ns	359	16803
ns	360	16863
ns	361	16869
ns	362	16757
ns	363	16871
ns	364	16921
ns	365	16884
ns	366	16839
ns	367	17016
ns	368	17049
ns	369	17226
ns	370	17195
ns	371	17615
ns	372	17332
ns	373	18279
ns	374	18151
ns	375	18124
ns	376	17995
ns	377	17893
ns	378	17508
ns	379	17858
ns	380	17571
ns	381	17630
ns	382	16534
ns	383	16582
ns	384	16717
ns	385	16589
ns	386	16662
ns	387	16413
ns	388	15969
ns	389	16130
ns	390	16225
ns	391	16344
ns	392	16350
ns	393	16610
ns	394	16620
ns	395	16615
ns	396	16791
ns	397	16745
ns	398	16838
ns	399	16987
ns	400	16896
ns	401	16933
ns	402	16555
ns	403	16499
ns	404	16752
ns	405	16482
ns	406	16837
ns	407	16542
ns	408	16558
ns	409	16601
ns	410	16563
ns	411	16770
ns	412	16713
ns	413	16497
ns	414	16433
ns	415	15953
ns	416	15951
ns	417	15652
ns	418	15626
ns	419	15664
ns	420	15566
ns	421	15517
ns	422	15434
ns	423	15370
ns	424	15440
ns	425	15659
ns	426	15614
ns	427	15561
ns	428	15568
ns	429	15457
ns	430	15544
ns	431	15533
ns	432	15527
ns	433	15341
ns	434	15132
ns	435	15392
ns	436	15388
ns	437	15456
ns	438	15437
ns	439	15452
ns	440	15394
ns	441	15368
ns	442	15338
ns	443	15236
ns	444	15174
ns	445	15232
ns	446	15491
ns	447	15573
ns	448	15661
ns	449	15886
ns	450	15896
ns	451	15818
ns	452	15788
ns	453	15345
ns	454	16384
ns	455	15926
ns	456	16170
ns	457	16077
ns	458	16169
ns	459	17039
ns	460	16972
ns	461	17026
ns	462	17071
ns	463	15681
ns	464	16205
ns	465	16039
ns	466	15883
ns	467	15867
ns	468	14997
ns	469	15132
ns	470	15078
ns	471	15135
ns	472	15113
ns	473	14801
ns	474	14866
ns	475	15182
ns	476	15260
ns	477	15342
ns	478	15426
ns	479	15220
ns	480	15352
ns	481	15312
ns	482	15233
ns	483	15253
ns	484	14987
ns	485	15028
ns	486	14875
ns	487	14968
ns	488	14905
ns	489	14858
ns	490	14834
ns	491	14786
ns	492	14792
ns	493	14859
ns	494	14818
ns	495	14847
ns	496	14714
ns	497	14825
ns	498	14818
ns	499	14916
ns	500	14933
ns	501	14941
ns	502	15082
ns	503	15150
ns	504	15177
ns	505	15170
ns	506	15193
ns	507	15198
ns	508	15198
ns	509	15088
ns	510	15143
ns	511	14967
ns	512	14829
ns	513	14800
ns	514	14787
ns	515	14851
ns	516	14863
ns	517	14843
ns	518	14864
ns	519	14831
ns	520	14832
ns	521	14762
ns	522	15058
ns	523	15144
ns	524	15115
ns	525	15124
ns	526	15052
ns	527	15038
ns	528	15244
ns	529	15225
ns	530	15130
ns	531	14780
ns	532	14703
ns	533	14705
ns	534	14725
ns	535	15061
ns	536	14836
ns	537	14765
ns	538	14635
ns	539	14400
ns	540	14376
ns	541	13881
ns	542	13873
ns	543	13861
ns	544	13288
ns	545	13287
ns	546	13179
ns	547	13195
ns	548	13255
ns	549	13309
ns	550	13339
ns	551	13570
ns	552	13531
ns	553	13565
ns	554	13540
ns	555	13464
ns	556	13595
ns	557	13515
ns	558	13537
ns	559	13578
ns	560	13502
ns	561	13445
ns	562	13381
ns	563	13276
ns	564	13379
ns	565	13101
ns	566	13348
ns	567	13229
ns	568	13161
ns	569	13229
ns	570	13164
ns	571	13220
ns	572	13220
ns	573	13083
ns	574	13119
ns	575	12807
ns	576	12778
ns	577	12872
ns	578	12717
ns	579	12865
ns	580	12859
ns	581	12892
ns	582	12990
ns	583	12954
ns	584	12889
ns	585	12856
ns	586	12616
ns	587	12797
ns	588	12565
ns	589	12610
ns	590	13259
ns	591	13321
ns	592	13357
ns	593	13347
ns	594	13377
ns	595	13391
ns	596	13204
ns	597	12876
ns	598	12960
ns	599	11595
ns	600	11818
ns	601	11731
ns	602	11744
ns	603	11823
ns	604	11740
ns	605	11598
ns	606	11600
ns	607	11417
ns	608	11529
ns	609	11264
ns	610	11295
ns	611	11306
ns	612	11336
ns	613	11516
ns	614	11586
ns	615	11657
ns	616	11716
ns	617	11514
ns	618	11644
ns	619	11663
ns	620	11839
ns	621	11878
ns	622	11834
ns	623	11868
ns	624	11497
ns	625	11486
ns	626	11469
ns	627	11392
ns	628	11395
ns	629	11494
ns	630	11542
ns	631	11560
ns	632	11566
ns	633	11592
ns	634	11534
ns	635	11657
ns	636	11630
ns	637	11623
ns	638	11471
ns	639	11421
ns	640	11554
ns	641	11620
ns	642	11557
ns	643	11886
ns	644	11818
ns	645	11810
ns	646	11812
ns	647	11765
ns	648	11848
ns	649	11319
ns	650	11444
ns	651	11535
ns	652	10976
ns	653	11026
ns	654	11006
ns	655	11110
ns	656	11128
ns	657	10964
ns	658	10986
ns	659	10500
ns	660	10654
ns	661	10794
ns	662	10737
ns	663	10775
ns	664	10669
ns	665	10617
ns	666	10669
ns	667	10555
ns	668	10631
ns	669	10203
ns	670	10368
ns	671	10358
ns	672	10291
ns	673	10289
ns	674	10231
ns	675	10256
ns	676	10235
ns	677	10169
ns	678	10092
ns	679	9606
ns	680	9585
ns	681	9539
ns	682	9540
ns	683	9451
ns	684	9546
ns	685	9578
ns	686	9595
ns	687	9578
ns	688	9616
ns	689	9602
ns	690	9619
ns	691	9676
ns	692	9701
ns	693	9790
ns	694	9734
ns	695	9762
ns	696	9743
ns	697	9822
ns	698	9818
ns	699	9812
ns	700	9910
ns	701	9840
ns	702	9841
ns	703	9821
ns	704	9815
ns	705	9839
ns	706	9635
ns	707	9613
ns	708	9573
ns	709	9476
ns	710	9438
ns	711	9440
ns	712	9439
ns	713	9435
ns	714	9446
ns	715	9177
ns	716	9188
ns	717	9204
ns	718	9234
ns	719	9199
ns	720	9119
ns	721	9241
ns	722	9098
ns	723	8881
ns	724	8846
ns	725	8867
ns	726	8822
ns	727	8787
ns	728	8795
ns	729	8825
ns	730	8286
ns	731	8291
ns	732	8302
ns	733	8280
ns	734	8203
ns	735	8353
ns	736	8363
ns	737	8392
ns	738	8339
ns	739	8338
ns	740	8375
ns	741	8237
ns	742	8205
ns	743	8187
ns	744	7588
ns	745	7660
ns	746	7509
ns	747	7583
ns	748	7529
ns	749	7528
ns	750	7557
ns	751	7525
ns	752	7512
ns	753	7507
ns	754	6959
ns	755	7226
ns	756	7182
ns	757	7199
ns	758	7167
ns	759	7012
ns	760	7018
ns	761	7014
ns	762	7032
ns	763	6888
ns	764	5769
ns	765	5665
ns	766	5560
ns	767	5584
ns	768	5521
ns	769	5530
ns	770	5463
ns	771	5425
ns	772	5417
ns	773	5378
ns	774	5375
ns	775	5295
ns	776	5343
ns	777	5224
ns	778	5149
ns	779	5161
ns	780	4984
ns	781	4991
ns	782	4977
ns	783	4982
ns	784	5006
ns	785	4875
ns	786	4898
ns	787	4899
ns	788	4908
ns	789	4920
ns	790	4909
ns	791	4981
ns	792	4979
ns	793	4881
ns	794	4791
ns	795	4717
ns	796	4777
ns	797	4764
ns	798	4777
ns	799	4727
ns	800	4340
ns	801	4323
ns	802	4348
ns	803	4483
ns	804	4463
ns	805	4374
ns	806	4385
ns	807	4388
ns	808	4408
ns	809	4400
ns	810	4363
ns	811	4312
ns	812	3617
ns	813	3599
ns	814	3551
ns	815	3524
ns	816	3559
ns	817	3422
ns	818	3414
ns	819	3378
ns	820	3322
ns	821	3317
ns	822	3301
ns	823	3302
ns	824	3227
ns	825	3109
ns	826	3120
ns	827	3117
ns	828	3117
ns	829	3096
ns	830	3027
ns	831	3020
ns	832	3007
ns	833	2981
ns	834	3013
ns	835	2779
ns	836	2769
ns	837	2755
ns	838	2752
ns	839	2755
ns	840	2687
ns	841	2646
ns	842	2624
ns	843	2280
ns	844	2270
ns	845	2269
ns	846	2266
ns	847	2261
ns	848	2217
ns	849	2203
ns	850	2186
ns	851	2167
ns	852	2162
ns	853	2159
ns	854	2149
ns	855	2147
ns	856	2139
ns	857	2093
ns	858	2073
ns	859	2043
ns	860	2040
ns	861	2038
ns	862	2024
ns	863	1928
ns	864	1864
ns	865	1804
ns	866	1798
ns	867	1742
ns	868	1624
ns	869	1611
ns	870	1607
ns	871	1593
ns	872	1577
ns	873	1554
ns	874	1540
ns	875	1535
ns	876	1390
ns	877	1384
ns	878	1366
ns	879	1346
ns	880	1318
ns	881	1295
ns	882	1290
ns	883	1263
ns	884	1254
ns	885	1239
ns	886	981
ns	887	945
ns	888	923
ns	889	919
ns	890	178
na	1	10
na	2	10
na	3	10
na	4	10
na	5	10
na	6	12
na	7	12
na	8	12
na	9	12
na	10	12
na	11	12
na	12	12
na	13	12
na	14	19
na	15	19
na	16	19
na	17	19
na	18	19
na	19	22
na	20	22
na	21	22
na	22	22
na	23	22
na	24	23
na	25	23
na	26	23
na	27	23
na	28	23
na	29	23
na	30	23
na	31	23
na	32	23
na	33	24
na	34	24
na	35	24
na	36	24
na	37	24
na	38	31
na	39	33
na	40	34
na	41	34
na	42	35
na	43	35
na	44	35
na	45	35
na	46	38
na	47	39
na	48	39
na	49	39
na	50	39
na	51	48
na	52	48
na	53	49
na	54	50
na	55	49
na	56	51
na	57	53
na	58	59
na	59	64
na	60	64
na	61	78
na	62	78
na	63	78
na	64	78
na	65	78
na	66	88
na	67	88
na	68	91
na	69	91
na	70	90
na	71	93
na	72	96
na	73	97
na	74	97
na	75	95
na	76	96
na	77	98
na	78	99
na	79	99
na	80	101
na	81	101
na	82	102
na	83	103
na	84	103
na	85	103
na	86	103
na	87	104
na	88	103
na	89	103
na	90	103
na	91	103
na	92	104
na	93	105
na	94	105
na	95	105
na	96	108
na	97	108
na	98	106
na	99	106
na	100	106
na	101	108
na	102	108
na	103	108
na	104	114
na	105	114
na	106	115
na	107	116
na	108	121
na	109	127
na	110	128
na	111	129
na	112	136
na	113	135
na	114	137
na	115	137
na	116	139
na	117	139
na	118	143
na	119	143
na	120	144
na	121	137
na	122	139
na	123	139
na	124	139
na	125	139
na	126	138
na	127	140
na	128	136
na	129	136
na	130	137
na	131	143
na	132	145
na	133	145
na	134	145
na	135	145
na	136	144
na	137	144
na	138	141
na	139	143
na	140	145
na	141	146
na	142	149
na	143	154
na	144	156
na	145	158
na	146	159
na	147	159
na	148	159
na	149	162
na	150	161
na	151	161
na	152	160
na	153	159
na	154	162
na	155	164
na	156	164
na	157	165
na	158	165
na	159	162
na	160	159
na	161	157
na	162	162
na	163	156
na	164	155
na	165	153
na	166	153
na	167	154
na	168	155
na	169	155
na	170	155
na	171	156
na	172	156
na	173	155
na	174	154
na	175	157
na	176	160
na	177	164
na	178	164
na	179	164
na	180	165
na	181	168
na	182	170
na	183	174
na	184	177
na	185	176
na	186	179
na	187	175
na	188	176
na	189	177
na	190	176
na	191	181
na	192	180
na	193	175
na	194	177
na	195	175
na	196	174
na	197	175
na	198	172
na	199	173
na	200	172
na	201	172
na	202	177
na	203	178
na	204	179
na	205	176
na	206	177
na	207	179
na	208	179
na	209	179
na	210	179
na	211	172
na	212	173
na	213	175
na	214	177
na	215	176
na	216	177
na	217	179
na	218	184
na	219	185
na	220	187
na	221	191
na	222	188
na	223	193
na	224	194
na	225	195
na	226	195
na	227	198
na	228	196
na	229	196
na	230	196
na	231	193
na	232	192
na	233	192
na	234	194
na	235	195
na	236	193
na	237	194
na	238	198
na	239	200
na	240	204
na	241	204
na	242	202
na	243	203
na	244	204
na	245	202
na	246	200
na	247	201
na	248	200
na	249	202
na	250	202
na	251	202
na	252	201
na	253	199
na	254	205
na	255	202
na	256	203
na	257	204
na	258	203
na	259	203
na	260	202
na	261	202
na	262	199
na	263	195
na	264	196
na	265	193
na	266	193
na	267	193
na	268	191
na	269	190
na	270	191
na	271	192
na	272	192
na	273	192
na	274	191
na	275	187
na	276	186
na	277	184
na	278	183
na	279	183
na	280	183
na	281	183
na	282	183
na	283	184
na	284	183
na	285	184
na	286	182
na	287	182
na	288	182
na	289	182
na	290	179
na	291	178
na	292	173
na	293	171
na	294	170
na	295	168
na	296	170
na	297	169
na	298	171
na	299	164
na	300	170
na	301	169
na	302	169
na	303	164
na	304	164
na	305	156
na	306	156
na	307	146
na	308	145
na	309	135
na	310	140
na	311	144
na	312	149
na	313	148
na	314	148
na	315	155
na	316	154
na	317	156
na	318	155
na	319	149
na	320	155
na	321	134
na	322	138
na	323	140
na	324	139
na	325	138
na	326	133
na	327	134
na	328	135
na	329	134
na	330	133
na	331	130
na	332	135
na	333	135
na	334	145
na	335	144
na	336	143
na	337	145
na	338	144
na	339	145
na	340	149
na	341	150
na	342	148
na	343	140
na	344	142
na	345	143
na	346	144
na	347	149
na	348	149
na	349	150
na	350	152
na	351	153
na	352	153
na	353	151
na	354	152
na	355	152
na	356	150
na	357	150
na	358	149
na	359	149
na	360	153
na	361	154
na	362	158
na	363	154
na	364	158
na	365	160
na	366	163
na	367	165
na	368	164
na	369	160
na	370	164
na	371	161
na	372	162
na	373	164
na	374	159
na	375	159
na	376	159
na	377	159
na	378	162
na	379	158
na	380	159
na	381	161
na	382	161
na	383	163
na	384	164
na	385	163
na	386	164
na	387	160
na	388	162
na	389	162
na	390	161
na	391	162
na	392	162
na	393	162
na	394	164
na	395	165
na	396	163
na	397	165
na	398	168
na	399	167
na	400	165
na	401	165
na	402	166
na	403	162
na	404	162
na	405	161
na	406	162
na	407	162
na	408	163
na	409	163
na	410	161
na	411	159
na	412	159
na	413	158
na	414	159
na	415	162
na	416	162
na	417	162
na	418	163
na	419	164
na	420	161
na	421	160
na	422	158
na	423	158
na	424	162
na	425	163
na	426	164
na	427	166
na	428	168
na	429	168
na	430	168
na	431	167
na	432	167
na	433	165
na	434	165
na	435	167
na	436	167
na	437	167
na	438	167
na	439	161
na	440	161
na	441	153
na	442	152
na	443	152
na	444	148
na	445	146
na	446	144
na	447	143
na	448	143
na	449	142
na	450	142
na	451	137
na	452	138
na	453	137
na	454	137
na	455	137
na	456	136
na	457	135
na	458	132
na	459	130
na	460	125
na	461	124
na	462	121
na	463	121
na	464	118
na	465	129
na	466	128
na	467	127
na	468	125
na	469	125
na	470	133
na	471	133
na	472	132
na	473	132
na	474	108
na	475	108
na	476	109
na	477	106
na	478	106
na	479	105
na	480	106
na	481	106
na	482	114
na	483	113
na	484	112
na	485	111
na	486	111
na	487	112
na	488	105
na	489	107
na	490	106
na	491	97
na	492	100
na	493	99
na	494	99
na	495	99
na	496	99
na	497	101
na	498	102
na	499	103
na	500	102
na	501	101
na	502	106
na	503	105
na	504	103
na	505	103
na	506	102
na	507	104
na	508	105
na	509	108
na	510	109
na	511	107
na	512	106
na	513	106
na	514	106
na	515	107
na	516	111
na	517	117
na	518	116
na	519	117
na	520	116
na	521	118
na	522	129
na	523	134
na	524	134
na	525	135
na	526	133
na	527	135
na	528	135
na	529	135
na	530	137
na	531	131
na	532	134
na	533	135
na	534	136
na	535	136
na	536	135
na	537	137
na	538	141
na	539	141
na	540	141
na	541	138
na	542	138
na	543	139
na	544	140
na	545	140
na	546	137
na	547	139
na	548	138
na	549	140
na	550	140
na	551	142
na	552	142
na	553	141
na	554	140
na	555	143
na	556	143
na	557	146
na	558	146
na	559	147
na	560	146
na	561	147
na	562	149
na	563	148
na	564	150
na	565	154
na	566	154
na	567	154
na	568	155
na	569	155
na	570	153
na	571	153
na	572	152
na	573	152
na	574	151
na	575	152
na	576	152
na	577	151
na	578	150
na	579	149
na	580	148
na	581	150
na	582	150
na	583	150
na	584	150
na	585	151
na	586	154
na	587	154
na	588	154
na	589	155
na	590	156
na	591	156
na	592	156
na	593	155
na	594	154
na	595	155
na	596	153
na	597	154
na	598	154
na	599	154
na	600	152
na	601	151
na	602	151
na	603	150
na	604	152
na	605	153
na	606	154
na	607	154
na	608	147
na	609	150
na	610	148
na	611	146
na	612	150
na	613	149
na	614	150
na	615	151
na	616	141
na	617	144
na	618	139
na	619	137
na	620	137
na	621	135
na	622	136
na	623	137
na	624	136
na	625	136
na	626	134
na	627	138
na	628	133
na	629	133
na	630	132
na	631	129
na	632	130
na	633	130
na	634	130
na	635	132
na	636	132
na	637	129
na	638	129
na	639	128
na	640	126
na	641	128
na	642	124
na	643	123
na	644	122
na	645	119
na	646	119
na	647	118
na	648	119
na	649	121
na	650	122
na	651	119
na	652	125
na	653	118
na	654	121
na	655	121
na	656	124
na	657	123
na	658	119
na	659	118
na	660	117
na	661	118
na	662	118
na	663	115
na	664	117
na	665	116
na	666	119
na	667	119
na	668	119
na	669	119
na	670	119
na	671	121
na	672	118
na	673	113
na	674	108
na	675	104
na	676	104
na	677	106
na	678	107
na	679	107
na	680	104
na	681	105
na	682	105
na	683	104
na	684	104
na	685	104
na	686	105
na	687	105
na	688	104
na	689	106
na	690	107
na	691	106
na	692	107
na	693	108
na	694	109
na	695	103
na	696	102
na	697	104
na	698	104
na	699	103
na	700	103
na	701	103
na	702	103
na	703	102
na	704	107
na	705	107
na	706	111
na	707	109
na	708	113
na	709	113
na	710	113
na	711	108
na	712	108
na	713	99
na	714	100
na	715	101
na	716	100
na	717	98
na	718	102
na	719	100
na	720	100
na	721	100
na	722	100
na	723	100
na	724	100
na	725	100
na	726	101
na	727	101
na	728	101
na	729	100
na	730	100
na	731	99
na	732	99
na	733	100
na	734	102
na	735	103
na	736	102
na	737	105
na	738	108
na	739	111
na	740	111
na	741	110
na	742	111
na	743	112
na	744	112
na	745	113
na	746	114
na	747	113
na	748	114
na	749	112
na	750	109
na	751	109
na	752	108
na	753	108
na	754	110
na	755	110
na	756	110
na	757	107
na	758	109
na	759	108
na	760	112
na	761	114
na	762	112
na	763	112
na	764	112
na	765	119
na	766	119
na	767	118
na	768	118
na	769	116
na	770	116
na	771	120
na	772	119
na	773	118
na	774	117
na	775	122
na	776	123
na	777	125
na	778	126
na	779	126
na	780	126
na	781	128
na	782	128
na	783	128
na	784	126
na	785	127
na	786	127
na	787	128
na	788	127
na	789	127
na	790	125
na	791	127
na	792	128
na	793	128
na	794	123
na	795	125
na	796	126
na	797	126
na	798	125
na	799	123
na	800	127
na	801	127
na	802	127
na	803	128
na	804	125
na	805	125
na	806	124
na	807	124
na	808	124
na	809	124
na	810	125
na	811	125
na	812	124
na	813	126
na	814	126
na	815	123
na	816	121
na	817	121
na	818	120
na	819	124
na	820	124
na	821	125
na	822	127
na	823	127
na	824	127
na	825	128
na	826	128
na	827	129
na	828	120
na	829	120
na	830	121
na	831	122
na	832	122
na	833	121
na	834	121
na	835	121
na	836	120
na	837	127
na	838	127
na	839	127
na	840	127
na	841	123
na	842	124
na	843	123
na	844	121
na	845	122
na	846	119
na	847	120
na	848	119
na	849	119
na	850	119
na	851	119
na	852	122
na	853	121
na	854	119
na	855	120
na	856	122
na	857	120
na	858	120
na	859	121
na	860	121
na	861	121
na	862	121
na	863	121
na	864	121
na	865	129
na	866	128
na	867	128
na	868	128
na	869	125
na	870	124
na	871	124
na	872	124
na	873	124
na	874	121
na	875	122
na	876	124
na	877	125
na	878	125
na	879	129
na	880	132
na	881	140
na	882	140
na	883	143
na	884	136
na	885	137
na	886	134
na	887	136
na	888	127
na	889	125
na	890	115
na	891	115
na	892	110
na	893	112
na	894	113
na	895	114
na	896	114
na	897	113
na	898	113
na	899	112
na	900	113
na	901	113
na	902	113
na	903	111
na	904	111
na	905	111
na	906	110
na	907	110
na	908	109
na	909	109
na	910	108
na	911	105
na	912	104
na	913	108
na	914	109
na	915	110
na	916	112
na	917	112
na	918	112
na	919	112
na	920	112
na	921	109
na	922	106
na	923	105
na	924	105
na	925	104
na	926	104
na	927	102
na	928	103
na	929	103
na	930	102
na	931	91
na	932	88
na	933	85
na	934	82
na	935	82
na	936	81
na	937	78
na	938	78
na	939	78
na	940	78
na	941	78
na	942	77
na	943	75
na	944	75
na	945	75
na	946	75
na	947	74
na	948	74
na	949	74
na	950	76
na	951	76
na	952	75
na	953	77
na	954	76
na	955	77
na	956	77
na	957	77
na	958	78
na	959	79
na	960	80
na	961	80
na	962	77
na	963	93
na	964	90
na	965	89
na	966	99
na	967	99
na	968	108
na	969	108
na	970	108
na	971	106
na	972	97
na	973	98
na	974	100
na	975	93
na	976	94
na	977	92
na	978	93
na	979	94
na	980	94
na	981	95
na	982	95
na	983	95
na	984	99
na	985	100
na	986	100
na	987	100
na	988	100
na	989	101
na	990	101
na	991	100
na	992	101
na	993	100
na	994	100
na	995	100
na	996	102
na	997	102
na	998	103
na	999	103
na	1000	103
na	1001	104
na	1002	104
na	1003	104
na	1004	104
na	1005	104
na	1006	104
na	1007	103
na	1008	103
na	1009	102
na	1010	101
na	1011	101
na	1012	102
na	1013	103
na	1014	102
na	1015	102
na	1016	100
na	1017	102
na	1018	102
na	1019	103
na	1020	104
na	1021	106
na	1022	107
na	1023	106
na	1024	106
na	1025	106
na	1026	105
na	1027	113
na	1028	113
na	1029	114
na	1030	114
na	1031	114
na	1032	116
na	1033	115
na	1034	119
na	1035	119
na	1036	116
na	1037	119
na	1038	119
na	1039	126
na	1040	126
na	1041	129
na	1042	128
na	1043	123
na	1044	124
na	1045	125
na	1046	124
na	1047	124
na	1048	119
na	1049	118
na	1050	117
na	1051	117
na	1052	116
na	1053	115
na	1054	121
na	1055	122
na	1056	125
na	1057	124
na	1058	123
na	1059	123
na	1060	123
na	1061	121
na	1062	121
na	1063	117
na	1064	117
na	1065	112
na	1066	113
na	1067	114
na	1068	115
na	1069	118
na	1070	117
na	1071	115
na	1072	116
na	1073	116
na	1074	120
na	1075	121
na	1076	121
na	1077	121
na	1078	120
na	1079	121
na	1080	122
na	1081	135
na	1082	132
na	1083	132
na	1084	132
na	1085	130
na	1086	130
na	1087	130
na	1088	128
na	1089	131
na	1090	124
na	1091	127
na	1092	129
na	1093	130
na	1094	131
na	1095	130
na	1096	129
na	1097	126
na	1098	128
na	1099	129
na	1100	129
na	1101	128
na	1102	131
na	1103	128
na	1104	128
na	1105	129
na	1106	129
na	1107	129
na	1108	130
na	1109	130
na	1110	129
na	1111	129
na	1112	128
na	1113	122
na	1114	123
na	1115	123
na	1116	125
na	1117	127
na	1118	133
na	1119	133
na	1120	135
na	1121	136
na	1122	135
na	1123	135
na	1124	133
na	1125	133
na	1126	133
na	1127	129
na	1128	129
na	1129	130
na	1130	129
na	1131	129
na	1132	126
na	1133	125
na	1134	126
na	1135	127
na	1136	127
na	1137	126
na	1138	125
na	1139	126
na	1140	127
na	1141	129
na	1142	129
na	1143	131
na	1144	130
na	1145	131
na	1146	132
na	1147	131
na	1148	129
na	1149	133
na	1150	136
na	1151	137
na	1152	139
na	1153	137
na	1154	138
na	1155	138
na	1156	139
na	1157	139
na	1158	137
na	1159	137
na	1160	142
na	1161	143
na	1162	142
na	1163	141
na	1164	143
na	1165	141
na	1166	141
na	1167	140
na	1168	139
na	1169	136
na	1170	137
na	1171	135
na	1172	138
na	1173	136
na	1174	138
na	1175	138
na	1176	137
na	1177	137
na	1178	133
na	1179	137
na	1180	137
na	1181	137
na	1182	139
na	1183	138
na	1184	134
na	1185	133
na	1186	132
na	1187	131
na	1188	132
na	1189	132
na	1190	131
na	1191	130
na	1192	128
na	1193	128
na	1194	129
na	1195	132
na	1196	130
na	1197	129
na	1198	130
na	1199	129
na	1200	131
na	1201	131
na	1202	131
na	1203	130
na	1204	127
na	1205	122
na	1206	123
na	1207	122
na	1208	123
na	1209	123
na	1210	123
na	1211	120
na	1212	119
na	1213	118
na	1214	118
na	1215	118
na	1216	122
na	1217	126
na	1218	127
na	1219	127
na	1220	126
na	1221	134
na	1222	140
na	1223	140
na	1224	138
na	1225	126
na	1226	129
na	1227	122
na	1228	122
na	1229	120
na	1230	116
na	1231	115
na	1232	114
na	1233	115
na	1234	115
na	1235	116
na	1236	116
na	1237	115
na	1238	115
na	1239	115
na	1240	115
na	1241	115
na	1242	116
na	1243	116
na	1244	116
na	1245	116
na	1246	121
na	1247	120
na	1248	121
na	1249	121
na	1250	121
na	1251	122
na	1252	121
na	1253	121
na	1254	121
na	1255	117
na	1256	117
na	1257	116
na	1258	116
na	1259	117
na	1260	119
na	1261	120
na	1262	118
na	1263	117
na	1264	117
na	1265	118
na	1266	119
na	1267	119
na	1268	119
na	1269	104
na	1270	106
na	1271	106
na	1272	106
na	1273	106
na	1274	106
na	1275	106
na	1276	107
na	1277	107
na	1278	107
na	1279	106
na	1280	106
na	1281	107
na	1282	109
na	1283	110
na	1284	111
na	1285	111
na	1286	114
na	1287	114
na	1288	116
na	1289	117
na	1290	117
na	1291	117
na	1292	118
na	1293	120
na	1294	122
na	1295	121
na	1296	120
na	1297	120
na	1298	126
na	1299	130
na	1300	129
na	1301	129
na	1302	121
na	1303	121
na	1304	119
na	1305	120
na	1306	121
na	1307	121
na	1308	119
na	1309	118
na	1310	119
na	1311	127
na	1312	128
na	1313	128
na	1314	126
na	1315	127
na	1316	127
na	1317	127
na	1318	119
na	1319	118
na	1320	115
na	1321	114
na	1322	114
na	1323	114
na	1324	114
na	1325	112
na	1326	118
na	1327	119
na	1328	122
na	1329	122
na	1330	122
na	1331	123
na	1332	123
na	1333	123
na	1334	123
na	1335	121
na	1336	121
na	1337	121
na	1338	121
na	1339	119
na	1340	119
na	1341	119
na	1342	119
na	1343	119
na	1344	119
na	1345	120
na	1346	119
na	1347	120
na	1348	120
na	1349	119
na	1350	119
na	1351	119
na	1352	119
na	1353	119
na	1354	113
na	1355	113
na	1356	112
na	1357	112
na	1358	110
na	1359	108
na	1360	108
na	1361	104
na	1362	104
na	1363	104
na	1364	104
na	1365	100
na	1366	99
na	1367	101
na	1368	94
na	1369	93
na	1370	81
na	1371	81
na	1372	80
na	1373	80
na	1374	77
na	1375	78
na	1376	72
na	1377	72
na	1378	72
na	1379	72
na	1380	72
na	1381	72
na	1382	69
na	1383	70
na	1384	67
na	1385	69
na	1386	69
na	1387	67
na	1388	67
na	1389	66
na	1390	66
na	1391	66
na	1392	66
na	1393	65
na	1394	65
na	1395	64
na	1396	64
na	1397	64
na	1398	63
na	1399	62
na	1400	62
na	1401	62
na	1402	62
na	1403	62
na	1404	62
na	1405	62
na	1406	62
na	1407	59
na	1408	46
na	1409	47
na	1410	47
na	1411	47
na	1412	47
na	1413	46
na	1414	46
na	1415	45
na	1416	44
na	1417	44
na	1418	41
na	1419	39
na	1420	39
na	1421	39
na	1422	38
na	1423	37
na	1424	36
na	1425	35
na	1426	30
na	1427	30
na	1428	30
na	1429	30
na	1430	30
na	1431	29
na	1432	29
na	1433	21
na	1434	21
na	1435	21
na	1436	21
na	1437	21
na	1438	21
na	1439	20
na	1440	20
na	1441	20
na	1442	20
na	1443	18
na	1444	18
na	1445	18
na	1446	18
na	1447	18
na	1448	18
na	1449	18
na	1450	18
na	1451	18
na	1452	16
na	1453	16
na	1454	15
na	1455	15
na	1456	15
na	1457	5
pb2	1091	1
pb2	1092	1
pb2	1093	1
pb2	1094	5
pb2	1095	20
pb2	1096	277
pb2	1097	287
pb2	1098	300
pb2	1099	313
pb2	1100	323
pb2	1101	429
pb2	1102	723
pb2	1103	2034
pb2	1104	2223
pb2	1105	2296
pb2	1106	2373
pb2	1107	2378
pb2	1108	2575
pb2	1109	2586
pb2	1110	2604
pb2	1111	2705
pb2	1112	2737
pb2	1113	2989
pb2	1114	3001
pb2	1115	3348
pb2	1116	3511
pb2	1117	3537
pb2	1118	3667
pb2	1119	3667
pb2	1120	3731
pb2	1121	3751
pb2	1122	3951
pb2	1123	4084
pb2	1124	4097
pb2	1125	4156
pb2	1126	4220
pb2	1127	4345
pb2	1128	4357
pb2	1129	4365
pb2	1130	4412
pb2	1131	4429
pb2	1132	4430
pb2	1133	4522
pb2	1134	4537
pb2	1135	4572
pb2	1136	4621
pb2	1137	4624
pb2	1138	4627
pb2	1139	4681
pb2	1140	4682
pb2	1141	4738
pb2	1142	4754
pb2	1143	4771
pb2	1144	4895
pb2	1145	4925
pb2	1146	4955
pb2	1147	4964
pb2	1148	4973
pb2	1149	5037
pb2	1150	5037
pb2	1151	5060
pb2	1152	5087
pb2	1153	5089
pb2	1154	5085
pb2	1155	5078
pb2	1156	5111
pb2	1157	5115
pb2	1158	5096
pb2	1159	5108
pb2	1160	5304
pb2	1161	5302
pb2	1162	5293
pb2	1163	5307
pb2	1164	5304
pb2	1165	5323
pb2	1166	5363
pb2	1167	5356
pb2	1168	5376
pb2	1169	5300
pb2	1170	5390
pb2	1171	5398
pb2	1172	5391
pb2	1173	5378
pb2	1174	5358
pb2	1175	5736
pb2	1176	5871
pb2	1177	5886
pb2	1178	5875
pb2	1179	5877
pb2	1180	5924
pb2	1181	6007
pb2	1182	5921
pb2	1183	5948
pb2	1184	5751
pb2	1185	5779
pb2	1186	5763
pb2	1187	5957
pb2	1188	5980
pb2	1189	5980
pb2	1190	5990
pb2	1191	5978
pb2	1192	5957
pb2	1193	6125
pb2	1194	6153
pb2	1195	6180
pb2	1196	6140
pb2	1197	6212
pb2	1198	6290
pb2	1199	6289
pb2	1200	6318
pb2	1201	6345
pb2	1202	6234
pb2	1203	6312
pb2	1204	6356
pb2	1205	6393
pb2	1206	6306
pb2	1207	6278
pb2	1208	6247
pb2	1209	6180
pb2	1210	6162
pb2	1211	6171
pb2	1212	6113
pb2	1213	6117
pb2	1214	6100
pb2	1215	6212
pb2	1216	6275
pb2	1217	6523
pb2	1218	6504
pb2	1219	6566
pb2	1220	6607
pb2	1221	6696
pb2	1222	6989
pb2	1223	7017
pb2	1224	6948
pb2	1225	6945
pb2	1226	6790
pb2	1227	6854
pb2	1228	6885
pb2	1229	6903
pb2	1230	6871
pb2	1231	6935
pb2	1232	6992
pb2	1233	7084
pb2	1234	7334
pb2	1235	7356
pb2	1236	7401
pb2	1237	7389
pb2	1238	7528
pb2	1239	7554
pb2	1240	7488
pb2	1241	7817
pb2	1242	7818
pb2	1243	7995
pb2	1244	7916
pb2	1245	7859
pb2	1246	7865
pb2	1247	7773
pb2	1248	7856
pb2	1249	7865
pb2	1250	7698
pb2	1251	7764
pb2	1252	7643
pb2	1253	7685
pb2	1254	7445
pb2	1255	7449
pb2	1256	7629
pb2	1257	8264
pb2	1258	8359
pb2	1259	8334
pb2	1260	8293
pb2	1261	8301
pb2	1262	8246
pb2	1263	8253
pb2	1264	8206
pb2	1265	8174
pb2	1266	7836
pb2	1267	8071
pb2	1268	8113
pb2	1269	8122
pb2	1270	8180
pb2	1271	8184
pb2	1272	8232
pb2	1273	8212
pb2	1274	8226
pb2	1275	8172
pb2	1276	8315
pb2	1277	8413
pb2	1278	8449
pb2	1279	8479
pb2	1280	8467
pb2	1281	8584
pb2	1282	8610
pb2	1283	8593
pb2	1284	8585
pb2	1285	8544
pb2	1286	8566
pb2	1287	8707
pb2	1288	8727
pb2	1289	8782
pb2	1290	8858
pb2	1291	8828
pb2	1292	8814
pb2	1293	8807
pb2	1294	8764
pb2	1295	8811
pb2	1296	8963
pb2	1297	9030
pb2	1298	9028
pb2	1299	9020
pb2	1300	9041
pb2	1301	9062
pb2	1302	9088
pb2	1303	9110
pb2	1304	9002
pb2	1305	8997
pb2	1306	9044
pb2	1307	9057
pb2	1308	9178
pb2	1309	9091
pb2	1310	9062
pb2	1311	9146
pb2	1312	9102
pb2	1313	9395
pb2	1314	9381
pb2	1315	9447
pb2	1316	9494
pb2	1317	9344
pb2	1318	9339
pb2	1319	9345
pb2	1320	9403
pb2	1321	9450
pb2	1322	9242
pb2	1323	9249
pb2	1324	9236
pb2	1325	9086
pb2	1326	9363
pb2	1327	9404
pb2	1328	9438
pb2	1329	9637
pb2	1330	9588
pb2	1331	9603
pb2	1332	9572
pb2	1333	9538
pb2	1334	9507
pb2	1335	9123
pb2	1336	9128
pb2	1337	8932
pb2	1338	9594
pb2	1339	9554
pb2	1340	9643
pb2	1341	9697
pb2	1342	9691
pb2	1343	9678
pb2	1344	9669
pb2	1345	9663
pb2	1346	9661
pb2	1347	9531
pb2	1348	9037
pb2	1349	9402
pb2	1350	9448
pb2	1351	9467
pb2	1352	9606
pb2	1353	9615
pb2	1354	9624
pb2	1355	9629
pb2	1356	9525
pb2	1357	9543
pb2	1358	9452
pb2	1359	9494
pb2	1360	9504
pb2	1361	9420
pb2	1362	9453
pb2	1363	9535
pb2	1364	9598
pb2	1365	9602
pb2	1366	9619
pb2	1367	9619
pb2	1368	9714
pb2	1369	9827
pb2	1370	9871
pb2	1371	9892
pb2	1372	9845
pb2	1373	9803
pb2	1374	9809
pb2	1375	9815
pb2	1376	9867
pb2	1377	9886
pb2	1378	9908
pb2	1379	9892
pb2	1380	9893
pb2	1381	9906
pb2	1382	9818
pb2	1383	9952
pb2	1384	10008
pb2	1385	10003
pb2	1386	10018
pb2	1387	10005
pb2	1388	10100
pb2	1389	10092
pb2	1390	10146
pb2	1391	10052
pb2	1392	10026
pb2	1393	9660
pb2	1394	9723
pb2	1395	9666
pb2	1396	9763
pb2	1397	9673
pb2	1398	9721
pb2	1399	9665
pb2	1400	9618
pb2	1401	9624
pb2	1402	9662
pb2	1403	9653
pb2	1404	9533
pb2	1405	9453
pb2	1406	9338
pb2	1407	9339
pb2	1408	9250
pb2	1409	9279
pb2	1410	9275
pb2	1411	9250
pb2	1412	9491
pb2	1413	9521
pb2	1414	9582
pb2	1415	9587
pb2	1416	9376
pb2	1417	9424
pb2	1418	9405
pb2	1419	9539
pb2	1420	9552
pb2	1421	9427
pb2	1422	9282
pb2	1423	9307
pb2	1424	9460
pb2	1425	9481
pb2	1426	9481
pb2	1427	9381
pb2	1428	9320
pb2	1429	9379
pb2	1430	9473
pb2	1431	9491
pb2	1432	9495
pb2	1433	9379
pb2	1434	9389
pb2	1435	9399
pb2	1436	10042
pb2	1437	10028
pb2	1438	10035
pb2	1439	9961
pb2	1440	9892
pb2	1441	9906
pb2	1442	9933
pb2	1443	10034
pb2	1444	10134
pb2	1445	9389
pb2	1446	9421
pb2	1447	9502
pb2	1448	9600
pb2	1449	9623
pb2	1450	9624
pb2	1451	9554
pb2	1452	9560
pb2	1453	9410
pb2	1454	9527
pb2	1455	9602
pb2	1456	9438
pb2	1457	9682
pb2	1458	9642
pb2	1459	9644
pb2	1460	9646
pb2	1461	9648
pb2	1462	9583
pb2	1463	9558
pb2	1464	9418
pb2	1465	9482
pb2	1466	9195
pb2	1467	9351
pb2	1468	9337
pb2	1469	9450
pb2	1470	9460
pb2	1471	9407
pb2	1472	9324
pb2	1473	9432
pb2	1474	9430
pb2	1475	9427
pb2	1476	9320
pb2	1477	9295
pb2	1478	9488
pb2	1479	9326
pb2	1480	9352
pb2	1481	9373
pb2	1482	9231
pb2	1483	9493
pb2	1484	9513
pb2	1485	9576
pb2	1486	9688
pb2	1487	9537
pb2	1488	9573
pb2	1489	9444
pb2	1490	9414
pb2	1491	11353
pb2	1492	11154
pb2	1493	11416
pb2	1494	11404
pb2	1495	11285
pb2	1496	11726
pb2	1497	11739
pb2	1498	11742
pb2	1499	11720
pb2	1500	10342
pb2	1501	10441
pb2	1502	10324
pb2	1503	10362
pb2	1504	10374
pb2	1505	10402
pb2	1506	10447
pb2	1507	10508
pb2	1508	10638
pb2	1509	10674
pb2	1510	11178
pb2	1511	11146
pb2	1512	11323
pb2	1513	11340
pb2	1514	11117
pb2	1515	11115
pb2	1516	11073
pb2	1517	11114
pb2	1518	11202
pb2	1519	10879
pb2	1520	10846
pb2	1521	10652
pb2	1522	10653
pb2	1523	10740
pb2	1524	10773
pb2	1525	10748
pb2	1526	10732
pb2	1527	11017
pb2	1528	11263
pb2	1529	11336
pb2	1530	11403
pb2	1531	11467
pb2	1532	11459
pb2	1533	11492
pb2	1534	11494
pb2	1535	11496
pb2	1536	11287
pb2	1537	11452
pb2	1538	11460
pb2	1539	11498
pb2	1540	11586
pb2	1541	11581
pb2	1542	11602
pb2	1543	11588
pb2	1544	11522
pb2	1545	11564
pb2	1546	11474
pb2	1547	11392
pb2	1548	11189
pb2	1549	11232
pb2	1550	11228
pb2	1551	11175
pb2	1552	11197
pb2	1553	11243
pb2	1554	11291
pb2	1555	11162
pb2	1556	11422
pb2	1557	11433
pb2	1558	11891
pb2	1559	11895
pb2	1560	11835
pb2	1561	11864
pb2	1562	11805
pb2	1563	11884
pb2	1564	11889
pb2	1565	11628
pb2	1566	11633
pb2	1567	11098
pb2	1568	11252
pb2	1569	11213
pb2	1570	11267
pb2	1571	11276
pb2	1572	11213
pb2	1573	11234
pb2	1574	11223
pb2	1575	11157
pb2	1576	11167
pb2	1577	11010
pb2	1578	11101
pb2	1579	11074
pb2	1580	10996
pb2	1581	11012
pb2	1582	10956
pb2	1583	10979
pb2	1584	11016
pb2	1585	11001
pb2	1586	10960
pb2	1587	10830
pb2	1588	10928
pb2	1589	11015
pb2	1590	10988
pb2	1591	11014
pb2	1592	10913
pb2	1593	10905
pb2	1594	10917
pb2	1595	11211
pb2	1596	11219
pb2	1597	11130
pb2	1598	11136
pb2	1599	10959
pb2	1600	10992
pb2	1601	11013
pb2	1602	11045
pb2	1603	10971
pb2	1604	10470
pb2	1605	10396
pb2	1606	10380
pb2	1607	10310
pb2	1608	10381
pb2	1609	10216
pb2	1610	10227
pb2	1611	10132
pb2	1612	10104
pb2	1613	10128
pb2	1614	10304
pb2	1615	10237
pb2	1616	10267
pb2	1617	10175
pb2	1618	10166
pb2	1619	10172
pb2	1620	10191
pb2	1621	10202
pb2	1622	10173
pb2	1623	9960
pb2	1624	9885
pb2	1625	9803
pb2	1626	9806
pb2	1627	9979
pb2	1628	9950
pb2	1629	9905
pb2	1630	9919
pb2	1631	9974
pb2	1632	9926
pb2	1633	9908
pb2	1634	9744
pb2	1635	9773
pb2	1636	9532
pb2	1637	9461
pb2	1638	9530
pb2	1639	9487
pb2	1640	9217
pb2	1641	9150
pb2	1642	8668
pb2	1643	8646
pb2	1644	8672
pb2	1645	8647
pb2	1646	8647
pb2	1647	8490
pb2	1648	8478
pb2	1649	8733
pb2	1650	8546
pb2	1651	8563
pb2	1652	8556
pb2	1653	8469
pb2	1654	8606
pb2	1655	8574
pb2	1656	8553
pb2	1657	8499
pb2	1658	8151
pb2	1659	8161
pb2	1660	8439
pb2	1661	8325
pb2	1662	8463
pb2	1663	8326
pb2	1664	8361
pb2	1665	8797
pb2	1666	8913
pb2	1667	8922
pb2	1668	8991
pb2	1669	8678
pb2	1670	9312
pb2	1671	9317
pb2	1672	9490
pb2	1673	9552
pb2	1674	8998
pb2	1675	9067
pb2	1676	9087
pb2	1677	9112
pb2	1678	9044
pb2	1679	8340
pb2	1680	8450
pb2	1681	8350
pb2	1682	8375
pb2	1683	8440
pb2	1684	8401
pb2	1685	8397
pb2	1686	8323
pb2	1687	8534
pb2	1688	8528
pb2	1689	8494
pb2	1690	8377
pb2	1691	8374
pb2	1692	8354
pb2	1693	8345
pb2	1694	8327
pb2	1695	8378
pb2	1696	8181
pb2	1697	8199
pb2	1698	8204
pb2	1699	8206
pb2	1700	8170
pb2	1701	8174
pb2	1702	8141
pb2	1703	8151
pb2	1704	8047
pb2	1705	8114
pb2	1706	8102
pb2	1707	8037
pb2	1708	8000
pb2	1709	7924
pb2	1710	7910
pb2	1711	7913
pb2	1712	7843
pb2	1713	7831
pb2	1714	7771
pb2	1715	7711
pb2	1716	7712
pb2	1717	7739
pb2	1718	7859
pb2	1719	7843
pb2	1720	7797
pb2	1721	7836
pb2	1722	7870
pb2	1723	7935
pb2	1724	7924
pb2	1725	7983
pb2	1726	8017
pb2	1727	7939
pb2	1728	7932
pb2	1729	7948
pb2	1730	8118
pb2	1731	8105
pb2	1732	8052
pb2	1733	8079
pb2	1734	7938
pb2	1735	8300
pb2	1736	8081
pb2	1737	8220
pb2	1738	8214
pb2	1739	7444
pb2	1740	8110
pb2	1741	8039
pb2	1742	8005
pb2	1743	8095
pb2	1744	7391
pb2	1745	7582
pb2	1746	7320
pb2	1747	7305
pb2	1748	7278
pb2	1749	6855
pb2	1750	6841
pb2	1751	6818
pb2	1752	6744
pb2	1753	6819
pb2	1754	6669
pb2	1755	6760
pb2	1756	6678
pb2	1757	6690
pb2	1758	6670
pb2	1759	6677
pb2	1760	6723
pb2	1761	6729
pb2	1762	6762
pb2	1763	6740
pb2	1764	6951
pb2	1765	7010
pb2	1766	7031
pb2	1767	7047
pb2	1768	7036
pb2	1769	7004
pb2	1770	7027
pb2	1771	7043
pb2	1772	7180
pb2	1773	7088
pb2	1774	7083
pb2	1775	7068
pb2	1776	7098
pb2	1777	7164
pb2	1778	7153
pb2	1779	7494
pb2	1780	7488
pb2	1781	7466
pb2	1782	7458
pb2	1783	7512
pb2	1784	7503
pb2	1785	7504
pb2	1786	7485
pb2	1787	7448
pb2	1788	7229
pb2	1789	7280
pb2	1790	7303
pb2	1791	7283
pb2	1792	7268
pb2	1793	7306
pb2	1794	7375
pb2	1795	8019
pb2	1796	8225
pb2	1797	8180
pb2	1798	8250
pb2	1799	8246
pb2	1800	8645
pb2	1801	8681
pb2	1802	8642
pb2	1803	8687
pb2	1804	7994
pb2	1805	8016
pb2	1806	7982
pb2	1807	8099
pb2	1808	8115
pb2	1809	8098
pb2	1810	8034
pb2	1811	8159
pb2	1812	8361
pb2	1813	8395
pb2	1814	8396
pb2	1815	8408
pb2	1816	8402
pb2	1817	8446
pb2	1818	8418
pb2	1819	8406
pb2	1820	8444
pb2	1821	8312
pb2	1822	8550
pb2	1823	8539
pb2	1824	8782
pb2	1825	8811
pb2	1826	8816
pb2	1827	8839
pb2	1828	8892
pb2	1829	8811
pb2	1830	8814
pb2	1831	8806
pb2	1832	8714
pb2	1833	8627
pb2	1834	8649
pb2	1835	8745
pb2	1836	8753
pb2	1837	8722
pb2	1838	8765
pb2	1839	8785
pb2	1840	8812
pb2	1841	8959
pb2	1842	8961
pb2	1843	9099
pb2	1844	9081
pb2	1845	9213
pb2	1846	9213
pb2	1847	9174
pb2	1848	9199
pb2	1849	9192
pb2	1850	9216
pb2	1851	9243
pb2	1852	9180
pb2	1853	9328
pb2	1854	9692
pb2	1855	9688
pb2	1856	9684
pb2	1857	9692
pb2	1858	9689
pb2	1859	9701
pb2	1860	9689
pb2	1861	9552
pb2	1862	9638
pb2	1863	9211
pb2	1864	9813
pb2	1865	9808
pb2	1866	9853
pb2	1867	9894
pb2	1868	9771
pb2	1869	9836
pb2	1870	9879
pb2	1871	10254
pb2	1872	10189
pb2	1873	9618
pb2	1874	9613
pb2	1875	9580
pb2	1876	9586
pb2	1877	9532
pb2	1878	9450
pb2	1879	9444
pb2	1880	9050
pb2	1881	9088
pb2	1882	9084
pb2	1883	9082
pb2	1884	9317
pb2	1885	9228
pb2	1886	9250
pb2	1887	9256
pb2	1888	9262
pb2	1889	9276
pb2	1890	9246
pb2	1891	9156
pb2	1892	9192
pb2	1893	9106
pb2	1894	9127
pb2	1895	9076
pb2	1896	9065
pb2	1897	9128
pb2	1898	9107
pb2	1899	9102
pb2	1900	9144
pb2	1901	9159
pb2	1902	9119
pb2	1903	9119
pb2	1904	9124
pb2	1905	9123
pb2	1906	9208
pb2	1907	9244
pb2	1908	9313
pb2	1909	9312
pb2	1910	9264
pb2	1911	9380
pb2	1912	9337
pb2	1913	9421
pb2	1914	9414
pb2	1915	9130
pb2	1916	9157
pb2	1917	9136
pb2	1918	9318
pb2	1919	9304
pb2	1920	9238
pb2	1921	9257
pb2	1922	9130
pb2	1923	9230
pb2	1924	9189
pb2	1925	9293
pb2	1926	9264
pb2	1927	9074
pb2	1928	9135
pb2	1929	9053
pb2	1930	9049
pb2	1931	9094
pb2	1932	9016
pb2	1933	9052
pb2	1934	8912
pb2	1935	9077
pb2	1936	9062
pb2	1937	9356
pb2	1938	9326
pb2	1939	9292
pb2	1940	9313
pb2	1941	9366
pb2	1942	9411
pb2	1943	9475
pb2	1944	9295
pb2	1945	9214
pb2	1946	8747
pb2	1947	8753
pb2	1948	8678
pb2	1949	8677
pb2	1950	8632
pb2	1951	8558
pb2	1952	8837
pb2	1953	8859
pb2	1954	8871
pb2	1955	8889
pb2	1956	8885
pb2	1957	9104
pb2	1958	9129
pb2	1959	9098
pb2	1960	9025
pb2	1961	8870
pb2	1962	8893
pb2	1963	8862
pb2	1964	9074
pb2	1965	9046
pb2	1966	8765
pb2	1967	8765
pb2	1968	8788
pb2	1969	8788
pb2	1970	8493
pb2	1971	8752
pb2	1972	8798
pb2	1973	8565
pb2	1974	8534
pb2	1975	8365
pb2	1976	8406
pb2	1977	8400
pb2	1978	8371
pb2	1979	8354
pb2	1980	8267
pb2	1981	8157
pb2	1982	8568
pb2	1983	8606
pb2	1984	8639
pb2	1985	8739
pb2	1986	8677
pb2	1987	8726
pb2	1988	8706
pb2	1989	8645
pb2	1990	8742
pb2	1991	8397
pb2	1992	8595
pb2	1993	8602
pb2	1994	8502
pb2	1995	8653
pb2	1996	8691
pb2	1997	8857
pb2	1998	8859
pb2	1999	8905
pb2	2000	9092
pb2	2001	9123
pb2	2002	9053
pb2	2003	9018
pb2	2004	8905
pb2	2005	8769
pb2	2006	8649
pb2	2007	8690
pb2	2008	8805
pb2	2009	8869
pb2	2010	8789
pb2	2011	8872
pb2	2012	8962
pb2	2013	8950
pb2	2014	8933
pb2	2015	8820
pb2	2016	8859
pb2	2017	8732
pb2	2018	8820
pb2	2019	8849
pb2	2020	8736
pb2	2021	8738
pb2	2022	8787
pb2	2023	8760
pb2	2024	8778
pb2	2025	8737
pb2	2026	8977
pb2	2027	8862
pb2	2028	8870
pb2	2029	8963
pb2	2030	8946
pb2	2031	8978
pb2	2032	8991
pb2	2033	9042
pb2	2034	9086
pb2	2035	8871
pb2	2036	8857
pb2	2037	8801
pb2	2038	8848
pb2	2039	8946
pb2	2040	8952
pb2	2041	8971
pb2	2042	8921
pb2	2043	8876
pb2	2044	8881
pb2	2045	8931
pb2	2046	8994
pb2	2047	8966
pb2	2048	9139
pb2	2049	9141
pb2	2050	9171
pb2	2051	9130
pb2	2052	9128
pb2	2053	9078
pb2	2054	9122
pb2	2055	8988
pb2	2056	8943
pb2	2057	8810
pb2	2058	8804
pb2	2059	8829
pb2	2060	8892
pb2	2061	8903
pb2	2062	8767
pb2	2063	8718
pb2	2064	8689
pb2	2065	8899
pb2	2066	8945
pb2	2067	8971
pb2	2068	8967
pb2	2069	8738
pb2	2070	8726
pb2	2071	8780
pb2	2072	8828
pb2	2073	8829
pb2	2074	8648
pb2	2075	8728
pb2	2076	8679
pb2	2077	8826
pb2	2078	8895
pb2	2079	8877
pb2	2080	9039
pb2	2081	9079
pb2	2082	9088
pb2	2083	9121
pb2	2084	8878
pb2	2085	8915
pb2	2086	8820
pb2	2087	8548
pb2	2088	8570
pb2	2089	8351
pb2	2090	8465
pb2	2091	8452
pb2	2092	8474
pb2	2093	8426
pb2	2094	8376
pb2	2095	8656
pb2	2096	8587
pb2	2097	8643
pb2	2098	8651
pb2	2099	8513
pb2	2100	8514
pb2	2101	8442
pb2	2102	8443
pb2	2103	8373
pb2	2104	8137
pb2	2105	8159
pb2	2106	8134
pb2	2107	8209
pb2	2108	8254
pb2	2109	8327
pb2	2110	8237
pb2	2111	8225
pb2	2112	8256
pb2	2113	8278
pb2	2114	8275
pb2	2115	8208
pb2	2116	8185
pb2	2117	8075
pb2	2118	8053
pb2	2119	8025
pb2	2120	8025
pb2	2121	7949
pb2	2122	7894
pb2	2123	7926
pb2	2124	7918
pb2	2125	8013
pb2	2126	7994
pb2	2127	7989
pb2	2128	8022
pb2	2129	8005
pb2	2130	8036
pb2	2131	8004
pb2	2132	7969
pb2	2133	7913
pb2	2134	7954
pb2	2135	8040
pb2	2136	7979
pb2	2137	7898
pb2	2138	7876
pb2	2139	7792
pb2	2140	7785
pb2	2141	8367
pb2	2142	8283
pb2	2143	8106
pb2	2144	8037
pb2	2145	7889
pb2	2146	8052
pb2	2147	8000
pb2	2148	7948
pb2	2149	7921
pb2	2150	6945
pb2	2151	7082
pb2	2152	7042
pb2	2153	7117
pb2	2154	7139
pb2	2155	6913
pb2	2156	7129
pb2	2157	7118
pb2	2158	7114
pb2	2159	7099
pb2	2160	6843
pb2	2161	6926
pb2	2162	6734
pb2	2163	6749
pb2	2164	6759
pb2	2165	6578
pb2	2166	6634
pb2	2167	6625
pb2	2168	6628
pb2	2169	6634
pb2	2170	6471
pb2	2171	6568
pb2	2172	6504
pb2	2173	6517
pb2	2174	6514
pb2	2175	6603
pb2	2176	6620
pb2	2177	6565
pb2	2178	6558
pb2	2179	6538
pb2	2180	6337
pb2	2181	6432
pb2	2182	6449
pb2	2183	6459
pb2	2184	6329
pb2	2185	6363
pb2	2186	6356
pb2	2187	6390
pb2	2188	6383
pb2	2189	6368
pb2	2190	6283
pb2	2191	6372
pb2	2192	6389
pb2	2193	6330
pb2	2194	6265
pb2	2195	6257
pb2	2196	6193
pb2	2197	6287
pb2	2198	6058
pb2	2199	5954
pb2	2200	5923
pb2	2201	5851
pb2	2202	5845
pb2	2203	5820
pb2	2204	5795
pb2	2205	5733
pb2	2206	5603
pb2	2207	5562
pb2	2208	5564
pb2	2209	5530
pb2	2210	5513
pb2	2211	5454
pb2	2212	5476
pb2	2213	5511
pb2	2214	5496
pb2	2215	5433
pb2	2216	5322
pb2	2217	5331
pb2	2218	5338
pb2	2219	5296
pb2	2220	5336
pb2	2221	5460
pb2	2222	5289
pb2	2223	5463
pb2	2224	5374
pb2	2225	5453
pb2	2226	5564
pb2	2227	5578
pb2	2228	5525
pb2	2229	5598
pb2	2230	5484
pb2	2231	5465
pb2	2232	5479
pb2	2233	5485
pb2	2234	5472
pb2	2235	5438
pb2	2236	5436
pb2	2237	5428
pb2	2238	5426
pb2	2239	5407
pb2	2240	5389
pb2	2241	5360
pb2	2242	5378
pb2	2243	5361
pb2	2244	5384
pb2	2245	5405
pb2	2246	5334
pb2	2247	5365
pb2	2248	5305
pb2	2249	5443
pb2	2250	5436
pb2	2251	5435
pb2	2252	5450
pb2	2253	5360
pb2	2254	5353
pb2	2255	5353
pb2	2256	5247
pb2	2257	5323
pb2	2258	4831
pb2	2259	4828
pb2	2260	4749
pb2	2261	4742
pb2	2262	4695
pb2	2263	4691
pb2	2264	4611
pb2	2265	4626
pb2	2266	4390
pb2	2267	4420
pb2	2268	4414
pb2	2269	4412
pb2	2270	4381
pb2	2271	4378
pb2	2272	4351
pb2	2273	4351
pb2	2274	4164
pb2	2275	4158
pb2	2276	4004
pb2	2277	4005
pb2	2278	3969
pb2	2279	3964
pb2	2280	3948
pb2	2281	3935
pb2	2282	3933
pb2	2283	3932
pb2	2284	3917
pb2	2285	3896
pb2	2286	3743
pb2	2287	3720
pb2	2288	3709
pb2	2289	3715
pb2	2290	3708
pb2	2291	3635
pb2	2292	3546
pb2	2293	3537
pb2	2294	3441
pb2	2295	3439
pb2	2296	3422
pb2	2297	3389
pb2	2298	3385
pb2	2299	3371
pb2	2300	3358
pb2	2301	3322
pb2	2302	3316
pb2	2303	3306
pb2	2304	3246
pb2	2305	3124
pb2	2306	2822
pb2	2307	2792
pb2	2308	2619
pb2	2309	2604
pb2	2310	2540
pb2	2311	2377
pb2	2312	2365
pb2	2313	2357
pb2	2314	2345
pb2	2315	2334
pb2	2316	2065
pb2	2317	2054
pb2	2318	1978
pb2	2319	1974
pb2	2320	1968
pb2	2321	1930
pb2	2322	1924
pb2	2323	1920
pb2	2324	1906
pb2	2325	1886
pb2	2326	1392
pb2	2327	1364
pb2	2328	1345
pb2	2329	1340
pb2	2330	1325
pb2	2331	1310
pb2	2332	1302
pb2	2333	1294
pb2	2334	1284
pb2	2335	1262
pb2	2336	1234
pb2	2337	1034
pb2	2338	1004
pb2	2339	993
pb2	2340	976
pb2	2341	179
pa	1	1302
pa	2	1558
pa	3	1582
pa	4	1633
pa	5	1907
pa	6	2004
pa	7	3361
pa	8	3426
pa	9	3528
pa	10	3535
pa	11	3634
pa	12	3875
pa	13	3935
pa	14	3960
pa	15	3985
pa	16	4044
pa	17	4285
pa	18	4394
pa	19	4407
pa	20	4431
pa	21	4466
pa	22	4471
pa	23	4607
pa	24	4633
pa	25	4812
pa	26	4829
pa	27	4965
pa	28	4983
pa	29	4991
pa	30	5006
pa	31	5058
pa	32	5182
pa	33	5193
pa	34	5208
pa	35	5325
pa	36	5349
pa	37	5438
pa	38	5444
pa	39	5459
pa	40	5524
pa	41	5543
pa	42	5815
pa	43	5922
pa	44	5933
pa	45	5983
pa	46	6072
pa	47	6406
pa	48	6636
pa	49	6648
pa	50	6665
pa	51	6695
pa	52	6761
pa	53	7326
pa	54	7374
pa	55	7413
pa	56	7433
pa	57	7473
pa	58	7478
pa	59	7602
pa	60	7643
pa	61	7723
pa	62	7744
pa	63	7769
pa	64	7795
pa	65	7838
pa	66	7851
pa	67	7853
pa	68	7927
pa	69	7931
pa	70	7942
pa	71	7936
pa	72	7956
pa	73	7964
pa	74	7990
pa	75	8013
pa	76	8050
pa	77	8031
pa	78	8016
pa	79	8007
pa	80	8071
pa	81	8054
pa	82	8178
pa	83	8292
pa	84	8253
pa	85	8357
pa	86	8366
pa	87	8691
pa	88	8779
pa	89	8748
pa	90	9006
pa	91	9250
pa	92	9315
pa	93	9759
pa	94	9774
pa	95	9828
pa	96	9866
pa	97	9836
pa	98	9899
pa	99	9796
pa	100	9734
pa	101	9695
pa	102	9532
pa	103	9575
pa	104	9533
pa	105	9602
pa	106	9630
pa	107	9623
pa	108	9612
pa	109	9602
pa	110	9579
pa	111	9603
pa	112	9554
pa	113	9551
pa	114	9525
pa	115	9508
pa	116	9519
pa	117	9515
pa	118	9536
pa	119	9583
pa	120	9592
pa	121	9593
pa	122	9514
pa	123	9556
pa	124	9590
pa	125	9598
pa	126	9579
pa	127	9576
pa	128	9573
pa	129	9546
pa	130	9548
pa	131	9559
pa	132	9537
pa	133	9559
pa	134	9792
pa	135	9965
pa	136	10242
pa	137	10310
pa	138	10880
pa	139	11002
pa	140	11024
pa	141	11220
pa	142	11148
pa	143	11144
pa	144	10862
pa	145	13224
pa	146	13231
pa	147	14045
pa	148	13813
pa	149	13754
pa	150	13615
pa	151	13472
pa	152	13778
pa	153	13769
pa	154	13752
pa	155	12699
pa	156	12606
pa	157	12385
pa	158	12937
pa	159	12969
pa	160	13067
pa	161	13124
pa	162	13133
pa	163	13121
pa	164	13190
pa	165	13488
pa	166	13458
pa	167	13240
pa	168	13254
pa	169	13336
pa	170	13374
pa	171	13356
pa	172	13515
pa	173	13543
pa	174	13445
pa	175	13482
pa	176	13484
pa	177	13706
pa	178	13731
pa	179	13779
pa	180	13824
pa	181	13818
pa	182	14127
pa	183	14106
pa	184	14408
pa	185	14502
pa	186	14429
pa	187	14520
pa	188	14531
pa	189	14597
pa	190	14749
pa	191	14669
pa	192	14641
pa	193	14594
pa	194	14561
pa	195	14636
pa	196	14624
pa	197	14663
pa	198	14570
pa	199	14702
pa	200	14854
pa	201	14942
pa	202	14956
pa	203	14901
pa	204	14894
pa	205	14903
pa	206	15100
pa	207	15125
pa	208	15063
pa	209	15505
pa	210	15424
pa	211	15539
pa	212	15495
pa	213	15453
pa	214	15570
pa	215	15487
pa	216	15562
pa	217	15480
pa	218	15175
pa	219	15205
pa	220	15198
pa	221	15202
pa	222	15194
pa	223	15143
pa	224	15408
pa	225	15504
pa	226	15579
pa	227	15623
pa	228	15634
pa	229	15598
pa	230	15632
pa	231	15661
pa	232	16054
pa	233	15940
pa	234	15866
pa	235	15943
pa	236	15837
pa	237	16279
pa	238	16363
pa	239	16266
pa	240	16224
pa	241	15831
pa	242	15663
pa	243	15561
pa	244	15497
pa	245	15380
pa	246	15380
pa	247	14869
pa	248	15011
pa	249	15099
pa	250	15148
pa	251	15168
pa	252	15164
pa	253	15224
pa	254	15212
pa	255	15198
pa	256	15188
pa	257	14954
pa	258	14842
pa	259	15280
pa	260	15424
pa	261	15517
pa	262	15462
pa	263	15421
pa	264	15411
pa	265	15761
pa	266	16187
pa	267	16320
pa	268	15874
pa	269	15887
pa	270	15820
pa	271	15831
pa	272	15692
pa	273	15736
pa	274	15273
pa	275	15316
pa	276	15231
pa	277	15431
pa	278	15444
pa	279	15289
pa	280	15267
pa	281	15218
pa	282	16276
pa	283	16348
pa	284	16232
pa	285	16096
pa	286	15891
pa	287	16198
pa	288	16258
pa	289	16083
pa	290	16088
pa	291	14685
pa	292	15566
pa	293	15474
pa	294	16073
pa	295	16114
pa	296	15191
pa	297	15428
pa	298	15363
pa	299	15392
pa	300	15467
pa	301	14219
pa	302	14582
pa	303	14046
pa	304	14240
pa	305	14261
pa	306	14301
pa	307	14276
pa	308	14251
pa	309	14333
pa	310	14151
pa	311	14201
pa	312	14337
pa	313	14197
pa	314	14470
pa	315	14115
pa	316	14095
pa	317	14100
pa	318	13985
pa	319	14014
pa	320	13951
pa	321	13906
pa	322	13938
pa	323	13774
pa	324	13890
pa	325	13964
pa	326	13962
pa	327	13957
pa	328	13826
pa	329	13687
pa	330	13813
pa	331	13907
pa	332	13868
pa	333	13866
pa	334	13911
pa	335	13943
pa	336	14073
pa	337	14107
pa	338	14122
pa	339	14051
pa	340	13902
pa	341	14036
pa	342	14102
pa	343	14090
pa	344	14066
pa	345	13997
pa	346	14364
pa	347	14406
pa	348	14370
pa	349	14507
pa	350	14391
pa	351	14484
pa	352	14478
pa	353	14474
pa	354	14482
pa	355	14147
pa	356	14425
pa	357	14714
pa	358	14587
pa	359	14625
pa	360	14492
pa	361	14658
pa	362	14677
pa	363	14640
pa	364	14697
pa	365	14131
pa	366	13903
pa	367	13489
pa	368	13389
pa	369	13390
pa	370	13115
pa	371	13122
pa	372	13102
pa	373	13038
pa	374	13038
pa	375	12960
pa	376	12934
pa	377	12916
pa	378	12904
pa	379	12908
pa	380	12887
pa	381	12874
pa	382	12840
pa	383	12779
pa	384	12699
pa	385	12697
pa	386	12780
pa	387	12733
pa	388	12670
pa	389	12460
pa	390	12332
pa	391	12299
pa	392	12454
pa	393	12442
pa	394	12399
pa	395	12291
pa	396	12302
pa	397	12245
pa	398	12303
pa	399	12294
pa	400	12298
pa	401	11847
pa	402	12090
pa	403	12276
pa	404	12204
pa	405	12214
pa	406	13332
pa	407	13290
pa	408	13698
pa	409	13582
pa	410	13453
pa	411	13234
pa	412	13004
pa	413	13060
pa	414	13202
pa	415	11339
pa	416	12686
pa	417	12040
pa	418	12079
pa	419	12094
pa	420	11797
pa	421	11882
pa	422	11848
pa	423	11623
pa	424	11531
pa	425	10477
pa	426	10548
pa	427	10574
pa	428	10633
pa	429	10652
pa	430	10585
pa	431	10593
pa	432	10508
pa	433	10568
pa	434	10630
pa	435	10830
pa	436	10832
pa	437	10832
pa	438	10765
pa	439	10880
pa	440	10930
pa	441	10911
pa	442	10888
pa	443	10800
pa	444	10615
pa	445	10765
pa	446	10790
pa	447	10827
pa	448	10775
pa	449	10823
pa	450	10785
pa	451	10802
pa	452	11110
pa	453	11090
pa	454	11380
pa	455	11337
pa	456	11632
pa	457	11886
pa	458	11949
pa	459	11982
pa	460	12710
pa	461	12537
pa	462	12717
pa	463	12539
pa	464	12582
pa	465	12572
pa	466	13122
pa	467	13114
pa	468	13368
pa	469	13023
pa	470	13085
pa	471	13099
pa	472	13099
pa	473	13245
pa	474	13304
pa	475	12973
pa	476	13162
pa	477	13043
pa	478	13335
pa	479	13387
pa	480	13324
pa	481	13359
pa	482	13291
pa	483	13411
pa	484	13535
pa	485	13421
pa	486	13428
pa	487	13263
pa	488	13109
pa	489	13141
pa	490	13122
pa	491	13101
pa	492	13089
pa	493	13039
pa	494	13122
pa	495	13116
pa	496	13121
pa	497	13093
pa	498	13108
pa	499	13137
pa	500	13115
pa	501	13165
pa	502	13385
pa	503	13511
pa	504	13645
pa	505	13639
pa	506	13621
pa	507	13467
pa	508	13304
pa	509	13634
pa	510	13423
pa	511	13412
pa	512	13508
pa	513	13400
pa	514	13589
pa	515	13611
pa	516	13583
pa	517	13844
pa	518	13573
pa	519	13578
pa	520	13600
pa	521	13194
pa	522	13405
pa	523	13161
pa	524	13176
pa	525	13184
pa	526	12841
pa	527	13058
pa	528	12985
pa	529	12996
pa	530	13021
pa	531	12772
pa	532	12749
pa	533	12847
pa	534	12937
pa	535	13141
pa	536	12782
pa	537	12725
pa	538	12723
pa	539	13076
pa	540	12961
pa	541	12825
pa	542	12814
pa	543	12639
pa	544	12407
pa	545	12447
pa	546	12464
pa	547	12519
pa	548	12106
pa	549	12676
pa	550	12656
pa	551	12650
pa	552	12689
pa	553	12605
pa	554	13838
pa	555	13780
pa	556	13739
pa	557	13624
pa	558	12845
pa	559	12841
pa	560	13080
pa	561	13035
pa	562	13033
pa	563	11990
pa	564	12013
pa	565	12297
pa	566	12415
pa	567	12357
pa	568	12317
pa	569	12081
pa	570	12513
pa	571	12526
pa	572	12565
pa	573	12715
pa	574	12528
pa	575	13494
pa	576	13740
pa	577	13731
pa	578	13764
pa	579	13451
pa	580	14043
pa	581	14601
pa	582	14515
pa	583	14833
pa	584	14196
pa	585	14426
pa	586	14580
pa	587	14607
pa	588	14700
pa	589	14456
pa	590	14070
pa	591	14091
pa	592	13999
pa	593	14432
pa	594	14320
pa	595	14308
pa	596	14315
pa	597	14355
pa	598	14421
pa	599	14440
pa	600	14488
pa	601	14780
pa	602	14629
pa	603	14997
pa	604	15078
pa	605	15060
pa	606	15045
pa	607	15021
pa	608	15002
pa	609	14994
pa	610	14949
pa	611	14893
pa	612	14640
pa	613	14759
pa	614	14794
pa	615	14739
pa	616	14728
pa	617	14663
pa	618	14626
pa	619	14614
pa	620	14613
pa	621	14626
pa	622	14444
pa	623	14539
pa	624	14480
pa	625	14607
pa	626	14584
pa	627	14523
pa	628	14550
pa	629	14463
pa	630	14337
pa	631	14327
pa	632	14112
pa	633	14069
pa	634	13768
pa	635	13900
pa	636	13928
pa	637	13879
pa	638	13879
pa	639	13873
pa	640	13859
pa	641	13855
pa	642	13807
pa	643	13749
pa	644	13771
pa	645	14407
pa	646	14282
pa	647	14388
pa	648	14377
pa	649	14436
pa	650	14522
pa	651	14463
pa	652	14521
pa	653	14500
pa	654	13564
pa	655	13476
pa	656	13561
pa	657	13632
pa	658	13552
pa	659	13476
pa	660	13433
pa	661	13247
pa	662	13312
pa	663	13308
pa	664	13329
pa	665	13040
pa	666	12918
pa	667	12916
pa	668	12914
pa	669	12881
pa	670	12926
pa	671	12887
pa	672	12940
pa	673	12914
pa	674	12920
pa	675	12917
pa	676	12930
pa	677	13195
pa	678	13151
pa	679	13080
pa	680	13114
pa	681	13177
pa	682	13905
pa	683	13917
pa	684	13803
pa	685	13783
pa	686	13545
pa	687	13598
pa	688	13522
pa	689	13479
pa	690	13478
pa	691	13326
pa	692	13582
pa	693	13703
pa	694	13697
pa	695	13731
pa	696	13679
pa	697	13549
pa	698	13707
pa	699	13505
pa	700	13518
pa	701	13354
pa	702	13311
pa	703	13343
pa	704	13390
pa	705	13075
pa	706	13028
pa	707	12932
pa	708	13637
pa	709	13509
pa	710	13515
pa	711	13442
pa	712	13429
pa	713	13500
pa	714	13421
pa	715	13890
pa	716	13777
pa	717	13465
pa	718	13401
pa	719	13879
pa	720	13905
pa	721	13845
pa	722	13734
pa	723	13811
pa	724	13415
pa	725	13323
pa	726	12972
pa	727	12805
pa	728	13122
pa	729	13127
pa	730	13053
pa	731	12953
pa	732	12786
pa	733	12827
pa	734	12755
pa	735	12708
pa	736	12747
pa	737	12241
pa	738	12288
pa	739	12134
pa	740	12130
pa	741	12248
pa	742	12177
pa	743	12804
pa	744	12799
pa	745	12786
pa	746	13061
pa	747	13078
pa	748	13149
pa	749	13153
pa	750	13024
pa	751	13078
pa	752	12466
pa	753	12580
pa	754	12558
pa	755	12476
pa	756	12496
pa	757	12440
pa	758	12498
pa	759	12524
pa	760	12589
pa	761	12536
pa	762	12455
pa	763	12529
pa	764	12619
pa	765	12646
pa	766	12665
pa	767	12647
pa	768	12681
pa	769	12690
pa	770	12787
pa	771	12909
pa	772	12904
pa	773	12993
pa	774	13010
pa	775	13074
pa	776	13047
pa	777	13057
pa	778	13120
pa	779	12991
pa	780	12853
pa	781	12930
pa	782	12832
pa	783	12924
pa	784	12805
pa	785	12777
pa	786	12936
pa	787	12850
pa	788	12923
pa	789	12898
pa	790	12866
pa	791	13002
pa	792	13127
pa	793	13144
pa	794	13222
pa	795	12754
pa	796	12614
pa	797	12452
pa	798	12437
pa	799	12438
pa	800	12334
pa	801	12317
pa	802	12610
pa	803	12592
pa	804	12922
pa	805	12863
pa	806	12810
pa	807	12877
pa	808	12846
pa	809	13006
pa	810	13028
pa	811	12683
pa	812	12780
pa	813	12359
pa	814	12556
pa	815	12761
pa	816	12553
pa	817	12610
pa	818	12342
pa	819	12195
pa	820	12248
pa	821	11950
pa	822	12414
pa	823	12138
pa	824	14188
pa	825	14154
pa	826	14162
pa	827	14153
pa	828	14414
pa	829	14479
pa	830	14626
pa	831	14390
pa	832	14172
pa	833	11969
pa	834	12123
pa	835	12331
pa	836	12305
pa	837	12197
pa	838	12173
pa	839	12153
pa	840	12210
pa	841	12314
pa	842	12381
pa	843	12349
pa	844	12276
pa	845	12269
pa	846	12828
pa	847	13111
pa	848	13119
pa	849	13127
pa	850	13105
pa	851	13552
pa	852	13465
pa	853	13550
pa	854	13670
pa	855	13255
pa	856	13273
pa	857	13199
pa	858	13183
pa	859	13185
pa	860	13069
pa	861	13205
pa	862	13206
pa	863	13358
pa	864	13398
pa	865	13432
pa	866	13401
pa	867	13517
pa	868	13652
pa	869	13734
pa	870	13728
pa	871	13735
pa	872	13782
pa	873	13835
pa	874	13864
pa	875	13886
pa	876	13979
pa	877	14097
pa	878	14142
pa	879	14126
pa	880	14175
pa	881	14149
pa	882	14091
pa	883	14146
pa	884	15083
pa	885	15116
pa	886	15256
pa	887	15225
pa	888	15221
pa	889	15272
pa	890	15307
pa	891	15374
pa	892	15434
pa	893	14133
pa	894	14173
pa	895	14018
pa	896	14078
pa	897	14086
pa	898	14036
pa	899	14225
pa	900	14195
pa	901	14210
pa	902	14183
pa	903	14098
pa	904	14121
pa	905	13999
pa	906	14382
pa	907	14304
pa	908	14181
pa	909	14086
pa	910	14261
pa	911	14330
pa	912	14377
pa	913	14360
pa	914	14319
pa	915	14184
pa	916	14305
pa	917	14265
pa	918	14305
pa	919	14181
pa	920	14050
pa	921	13959
pa	922	13945
pa	923	13796
pa	924	13961
pa	925	14054
pa	926	14319
pa	927	14266
pa	928	14175
pa	929	14164
pa	930	14082
pa	931	14636
pa	932	14616
pa	933	14419
pa	934	14426
pa	935	13884
pa	936	14631
pa	937	14606
pa	938	14607
pa	939	14593
pa	940	13452
pa	941	13575
pa	942	13358
pa	943	13306
pa	944	13316
pa	945	12473
pa	946	12588
pa	947	12561
pa	948	12601
pa	949	12556
pa	950	12298
pa	951	12331
pa	952	12340
pa	953	12301
pa	954	12198
pa	955	12051
pa	956	12052
pa	957	11960
pa	958	12027
pa	959	12019
pa	960	11997
pa	961	11911
pa	962	11966
pa	963	11869
pa	964	11869
pa	965	11826
pa	966	11819
pa	967	11797
pa	968	11779
pa	969	11718
pa	970	11697
pa	971	11623
pa	972	11176
pa	973	11126
pa	974	11217
pa	975	11274
pa	976	11507
pa	977	11537
pa	978	11531
pa	979	11519
pa	980	11304
pa	981	11372
pa	982	11393
pa	983	11339
pa	984	11240
pa	985	11132
pa	986	11124
pa	987	11154
pa	988	10925
pa	989	11161
pa	990	10770
pa	991	10793
pa	992	10776
pa	993	10719
pa	994	10690
pa	995	10475
pa	996	10399
pa	997	10291
pa	998	9680
pa	999	9690
pa	1000	9669
pa	1001	9656
pa	1002	9596
pa	1003	9625
pa	1004	9608
pa	1005	9615
pa	1006	9534
pa	1007	9513
pa	1008	9453
pa	1009	9403
pa	1010	9460
pa	1011	9347
pa	1012	9277
pa	1013	9241
pa	1014	9095
pa	1015	8972
pa	1016	8928
pa	1017	9100
pa	1018	8762
pa	1019	8571
pa	1020	8419
pa	1021	8651
pa	1022	8675
pa	1023	8670
pa	1024	8633
pa	1025	8447
pa	1026	7912
pa	1027	7546
pa	1028	7366
pa	1029	7338
pa	1030	7168
pa	1031	7117
pa	1032	7119
pa	1033	7143
pa	1034	6974
pa	1035	6871
pa	1036	6789
pa	1037	6781
pa	1038	6786
pa	1039	6783
pa	1040	6757
pa	1041	6669
pa	1042	6505
pa	1043	6366
pa	1044	6378
pa	1045	6390
pa	1046	6319
pa	1047	6282
pa	1048	6198
pa	1049	6184
pa	1050	6199
pa	1051	6191
pa	1052	6198
pa	1053	6074
pa	1054	6031
pa	1055	5938
pa	1056	5899
pa	1057	5891
pa	1058	5788
pa	1059	5745
pa	1060	5705
pa	1061	5694
pa	1062	5680
pa	1063	5651
pa	1064	5541
pa	1065	5508
pa	1066	4612
pa	1067	4610
pa	1068	4598
pa	1069	4608
pa	1070	4600
pa	1071	4594
pa	1072	4587
pa	1073	4532
pa	1074	4194
pa	1075	4143
pa	1076	3982
pa	1077	3950
pa	1078	3929
pa	1079	3821
pa	1080	3818
pa	1081	3799
pa	1082	3719
pa	1083	3695
pa	1084	3593
pa	1085	3587
pa	1086	3532
pa	1087	3447
pa	1088	3418
pa	1089	3391
pa	1090	3384
pa	1091	3372
pa	1092	3346
pa	1093	3328
pa	1094	3309
pa	1095	3249
pa	1096	3225
pa	1097	3207
pa	1098	3203
pa	1099	3182
pa	1100	3111
pa	1101	3076
pa	1102	2991
pa	1103	2913
pa	1104	2905
pa	1105	2890
pa	1106	2875
pa	1107	2811
pa	1108	2533
pa	1109	2482
pa	1110	2384
pa	1111	2373
pa	1112	2370
pa	1113	1967
pa	1114	1949
pa	1115	1945
pa	1116	1922
pa	1117	1893
pa	1118	1758
pa	1119	1754
pa	1120	1753
pa	1121	1729
pa	1122	1721
pa	1123	1443
pa	1124	1379
pa	1125	1369
pa	1126	445
pa	1127	431
pa	1128	251
pa	1129	238
pa	1130	237
pa	1131	94
pa	1132	92
pa	1133	80
pa	1134	77
pa	1135	83
pa	1136	84
pa	1137	83
pa	1138	83
pa	1139	81
pa	1140	82
pa	1141	77
pa	1142	76
pa	1143	75
pa	1144	72
pa	1145	73
pa	1146	73
pa	1147	75
pa	1148	77
pa	1149	76
pa	1150	77
pa	1151	78
pa	1152	78
pa	1153	79
pa	1154	80
pa	1155	78
pa	1156	77
pa	1157	77
pa	1158	76
pa	1159	76
pa	1160	76
pa	1161	76
pa	1162	75
pa	1163	80
pa	1164	82
pa	1165	85
pa	1166	85
pa	1167	86
pa	1168	85
pa	1169	84
pa	1170	85
pa	1171	85
pa	1172	81
pa	1173	86
pa	1174	86
pa	1175	89
pa	1176	89
pa	1177	91
pa	1178	91
pa	1179	91
pa	1180	96
pa	1181	98
pa	1182	95
pa	1183	94
pa	1184	93
pa	1185	95
pa	1186	95
pa	1187	95
pa	1188	95
pa	1189	97
pa	1190	123
pa	1191	124
pa	1192	125
pa	1193	126
pa	1194	125
pa	1195	125
pa	1196	126
pa	1197	126
pa	1198	131
pa	1199	121
pa	1200	129
pa	1201	131
pa	1202	132
pa	1203	132
pa	1204	132
pa	1205	136
pa	1206	136
pa	1207	133
pa	1208	134
pa	1209	130
pa	1210	130
pa	1211	129
pa	1212	127
pa	1213	127
pa	1214	126
pa	1215	125
pa	1216	127
pa	1217	127
pa	1218	126
pa	1219	126
pa	1220	126
pa	1221	129
pa	1222	130
pa	1223	130
pa	1224	130
pa	1225	127
pa	1226	127
pa	1227	127
pa	1228	126
pa	1229	127
pa	1230	127
pa	1231	128
pa	1232	128
pa	1233	128
pa	1234	128
pa	1235	129
pa	1236	129
pa	1237	126
pa	1238	130
pa	1239	130
pa	1240	129
pa	1241	128
pa	1242	130
pa	1243	131
pa	1244	130
pa	1245	129
pa	1246	128
pa	1247	127
pa	1248	133
pa	1249	136
pa	1250	136
pa	1251	134
pa	1252	137
pa	1253	137
pa	1254	139
pa	1255	142
pa	1256	143
pa	1257	145
pa	1258	145
pa	1259	145
pa	1260	146
pa	1261	144
pa	1262	144
pa	1263	144
pa	1264	144
pa	1265	145
pa	1266	143
pa	1267	144
pa	1268	145
pa	1269	147
pa	1270	147
pa	1271	144
pa	1272	143
pa	1273	141
pa	1274	143
pa	1275	142
pa	1276	139
pa	1277	140
pa	1278	140
pa	1279	142
pa	1280	142
pa	1281	143
pa	1282	143
pa	1283	143
pa	1284	141
pa	1285	141
pa	1286	143
pa	1287	143
pa	1288	148
pa	1289	157
pa	1290	164
pa	1291	165
pa	1292	165
pa	1293	166
pa	1294	165
pa	1295	167
pa	1296	166
pa	1297	167
pa	1298	165
pa	1299	164
pa	1300	164
pa	1301	164
pa	1302	164
pa	1303	166
pa	1304	168
pa	1305	171
pa	1306	172
pa	1307	175
pa	1308	170
pa	1309	173
pa	1310	177
pa	1311	176
pa	1312	176
pa	1313	172
pa	1314	165
pa	1315	163
pa	1316	163
pa	1317	163
pa	1318	155
pa	1319	157
pa	1320	157
pa	1321	161
pa	1322	161
pa	1323	161
pa	1324	161
pa	1325	160
pa	1326	162
pa	1327	164
pa	1328	164
pa	1329	165
pa	1330	166
pa	1331	167
pa	1332	166
pa	1333	168
pa	1334	166
pa	1335	175
pa	1336	172
pa	1337	172
pa	1338	172
pa	1339	172
pa	1340	166
pa	1341	166
pa	1342	167
pa	1343	171
pa	1344	166
pa	1345	167
pa	1346	166
pa	1347	168
pa	1348	168
pa	1349	166
pa	1350	166
pa	1351	165
pa	1352	164
pa	1353	164
pa	1354	164
pa	1355	165
pa	1356	165
pa	1357	165
pa	1358	166
pa	1359	166
pa	1360	166
pa	1361	168
pa	1362	170
pa	1363	170
pa	1364	173
pa	1365	170
pa	1366	169
pa	1367	162
pa	1368	162
pa	1369	162
pa	1370	162
pa	1371	163
pa	1372	167
pa	1373	165
pa	1374	165
pa	1375	166
pa	1376	166
pa	1377	168
pa	1378	168
pa	1379	164
pa	1380	166
pa	1381	166
pa	1382	165
pa	1383	165
pa	1384	164
pa	1385	165
pa	1386	162
pa	1387	163
pa	1388	165
pa	1389	163
pa	1390	164
pa	1391	165
pa	1392	164
pa	1393	164
pa	1394	164
pa	1395	166
pa	1396	166
pa	1397	161
pa	1398	162
pa	1399	154
pa	1400	154
pa	1401	154
pa	1402	155
pa	1403	154
pa	1404	151
pa	1405	147
pa	1406	145
pa	1407	147
pa	1408	147
pa	1409	152
pa	1410	148
pa	1411	148
pa	1412	144
pa	1413	145
pa	1414	146
pa	1415	151
pa	1416	162
pa	1417	156
pa	1418	153
pa	1419	153
pa	1420	145
pa	1421	145
pa	1422	145
pa	1423	141
pa	1424	141
pa	1425	130
pa	1426	145
pa	1427	145
pa	1428	147
pa	1429	144
pa	1430	144
pa	1431	148
pa	1432	149
pa	1433	152
pa	1434	160
pa	1435	151
pa	1436	151
pa	1437	149
pa	1438	148
pa	1439	145
pa	1440	148
pa	1441	149
pa	1442	149
pa	1443	149
pa	1444	146
pa	1445	147
pa	1446	147
pa	1447	147
pa	1448	147
pa	1449	143
pa	1450	151
pa	1451	151
pa	1452	151
pa	1453	149
pa	1454	146
pa	1455	146
pa	1456	147
pa	1457	153
pa	1458	152
pa	1459	150
pa	1460	151
pa	1461	152
pa	1462	149
pa	1463	149
pa	1464	148
pa	1465	145
pa	1466	144
pa	1467	144
pa	1468	144
pa	1469	142
pa	1470	141
pa	1471	140
pa	1472	141
pa	1473	142
pa	1474	142
pa	1475	142
pa	1476	139
pa	1477	140
pa	1478	143
pa	1479	145
pa	1480	149
pa	1481	145
pa	1482	145
pa	1483	144
pa	1484	145
pa	1485	143
pa	1486	142
pa	1487	141
pa	1488	147
pa	1489	148
pa	1490	148
pa	1491	149
pa	1492	146
pa	1493	146
pa	1494	142
pa	1495	143
pa	1496	146
pa	1497	142
pa	1498	142
pa	1499	143
pa	1500	142
pa	1501	143
pa	1502	139
pa	1503	142
pa	1504	143
pa	1505	145
pa	1506	146
pa	1507	146
pa	1508	144
pa	1509	141
pa	1510	142
pa	1511	143
pa	1512	144
pa	1513	142
pa	1514	143
pa	1515	143
pa	1516	140
pa	1517	141
pa	1518	141
pa	1519	146
pa	1520	147
pa	1521	145
pa	1522	145
pa	1523	141
pa	1524	147
pa	1525	146
pa	1526	144
pa	1527	145
pa	1528	144
pa	1529	143
pa	1530	141
pa	1531	140
pa	1532	140
pa	1533	139
pa	1534	139
pa	1535	139
pa	1536	138
pa	1537	146
pa	1538	145
pa	1539	139
pa	1540	138
pa	1541	136
pa	1542	135
pa	1543	133
pa	1544	133
pa	1545	133
pa	1546	127
pa	1547	129
pa	1548	126
pa	1549	127
pa	1550	127
pa	1551	126
pa	1552	131
pa	1553	131
pa	1554	130
pa	1555	130
pa	1556	129
pa	1557	129
pa	1558	131
pa	1559	131
pa	1560	132
pa	1561	130
pa	1562	130
pa	1563	129
pa	1564	129
pa	1565	131
pa	1566	130
pa	1567	129
pa	1568	131
pa	1569	130
pa	1570	129
pa	1571	129
pa	1572	128
pa	1573	131
pa	1574	129
pa	1575	135
pa	1576	136
pa	1577	133
pa	1578	135
pa	1579	134
pa	1580	133
pa	1581	138
pa	1582	134
pa	1583	131
pa	1584	126
pa	1585	125
pa	1586	126
pa	1587	126
pa	1588	126
pa	1589	127
pa	1590	125
pa	1591	127
pa	1592	127
pa	1593	128
pa	1594	133
pa	1595	133
pa	1596	133
pa	1597	134
pa	1598	132
pa	1599	140
pa	1600	140
pa	1601	144
pa	1602	142
pa	1603	142
pa	1604	144
pa	1605	146
pa	1606	148
pa	1607	148
pa	1608	141
pa	1609	141
pa	1610	136
pa	1611	138
pa	1612	139
pa	1613	139
pa	1614	138
pa	1615	142
pa	1616	146
pa	1617	148
pa	1618	151
pa	1619	150
pa	1620	149
pa	1621	149
pa	1622	151
pa	1623	151
pa	1624	150
pa	1625	146
pa	1626	145
pa	1627	146
pa	1628	148
pa	1629	149
pa	1630	148
pa	1631	150
pa	1632	149
pa	1633	158
pa	1634	159
pa	1635	157
pa	1636	158
pa	1637	158
pa	1638	160
pa	1639	160
pa	1640	158
pa	1641	165
pa	1642	165
pa	1643	166
pa	1644	165
pa	1645	165
pa	1646	166
pa	1647	167
pa	1648	175
pa	1649	175
pa	1650	173
pa	1651	173
pa	1652	171
pa	1653	171
pa	1654	172
pa	1655	172
pa	1656	174
pa	1657	169
pa	1658	170
pa	1659	170
pa	1660	170
pa	1661	169
pa	1662	170
pa	1663	172
pa	1664	172
pa	1665	173
pa	1666	171
pa	1667	173
pa	1668	174
pa	1669	176
pa	1670	174
pa	1671	177
pa	1672	175
pa	1673	176
pa	1674	177
pa	1675	176
pa	1676	175
pa	1677	177
pa	1678	166
pa	1679	166
pa	1680	163
pa	1681	175
pa	1682	175
pa	1683	175
pa	1684	174
pa	1685	174
pa	1686	174
pa	1687	179
pa	1688	179
pa	1689	181
pa	1690	179
pa	1691	178
pa	1692	179
pa	1693	183
pa	1694	183
pa	1695	191
pa	1696	191
pa	1697	192
pa	1698	194
pa	1699	194
pa	1700	194
pa	1701	199
pa	1702	199
pa	1703	200
pa	1704	198
pa	1705	199
pa	1706	199
pa	1707	199
pa	1708	197
pa	1709	194
pa	1710	190
pa	1711	190
pa	1712	188
pa	1713	191
pa	1714	189
pa	1715	190
pa	1716	192
pa	1717	195
pa	1718	193
pa	1719	194
pa	1720	189
pa	1721	190
pa	1722	186
pa	1723	185
pa	1724	185
pa	1725	184
pa	1726	185
pa	1727	184
pa	1728	185
pa	1729	185
pa	1730	186
pa	1731	187
pa	1732	185
pa	1733	182
pa	1734	183
pa	1735	185
pa	1736	185
pa	1737	185
pa	1738	185
pa	1739	183
pa	1740	185
pa	1741	186
pa	1742	186
pa	1743	188
pa	1744	187
pa	1745	192
pa	1746	193
pa	1747	191
pa	1748	191
pa	1749	192
pa	1750	192
pa	1751	192
pa	1752	192
pa	1753	193
pa	1754	189
pa	1755	190
pa	1756	194
pa	1757	195
pa	1758	192
pa	1759	191
pa	1760	189
pa	1761	189
pa	1762	191
pa	1763	190
pa	1764	189
pa	1765	188
pa	1766	186
pa	1767	187
pa	1768	186
pa	1769	187
pa	1770	187
pa	1771	181
pa	1772	181
pa	1773	178
pa	1774	177
pa	1775	186
pa	1776	187
pa	1777	186
pa	1778	186
pa	1779	186
pa	1780	189
pa	1781	190
pa	1782	190
pa	1783	189
pa	1784	178
pa	1785	178
pa	1786	180
pa	1787	180
pa	1788	177
pa	1789	167
pa	1790	168
pa	1791	168
pa	1792	166
pa	1793	166
pa	1794	167
pa	1795	167
pa	1796	167
pa	1797	169
pa	1798	168
pa	1799	166
pa	1800	166
pa	1801	165
pa	1802	158
pa	1803	158
pa	1804	157
pa	1805	160
pa	1806	160
pa	1807	160
pa	1808	159
pa	1809	165
pa	1810	166
pa	1811	165
pa	1812	164
pa	1813	164
pa	1814	161
pa	1815	160
pa	1816	160
pa	1817	160
pa	1818	156
pa	1819	154
pa	1820	152
pa	1821	152
pa	1822	152
pa	1823	151
pa	1824	150
pa	1825	156
pa	1826	152
pa	1827	153
pa	1828	152
pa	1829	151
pa	1830	150
pa	1831	150
pa	1832	146
pa	1833	144
pa	1834	153
pa	1835	153
pa	1836	153
pa	1837	145
pa	1838	143
pa	1839	145
pa	1840	147
pa	1841	146
pa	1842	145
pa	1843	141
pa	1844	140
pa	1845	145
pa	1846	146
pa	1847	148
pa	1848	144
pa	1849	143
pa	1850	143
pa	1851	143
pa	1852	143
pa	1853	141
pa	1854	140
pa	1855	139
pa	1856	139
pa	1857	141
pa	1858	141
pa	1859	141
pa	1860	141
pa	1861	141
pa	1862	137
pa	1863	139
pa	1864	137
pa	1865	137
pa	1866	135
pa	1867	134
pa	1868	138
pa	1869	138
pa	1870	138
pa	1871	138
pa	1872	138
pa	1873	137
pa	1874	138
pa	1875	139
pa	1876	140
pa	1877	138
pa	1878	135
pa	1879	134
pa	1880	134
pa	1881	133
pa	1882	135
pa	1883	136
pa	1884	136
pa	1885	137
pa	1886	137
pa	1887	138
pa	1888	137
pa	1889	138
pa	1890	138
pa	1891	142
pa	1892	141
pa	1893	140
pa	1894	138
pa	1895	138
pa	1896	138
pa	1897	140
pa	1898	140
pa	1899	140
pa	1900	142
pa	1901	142
pa	1902	143
pa	1903	145
pa	1904	142
pa	1905	144
pa	1906	140
pa	1907	142
pa	1908	141
pa	1909	142
pa	1910	142
pa	1911	141
pa	1912	140
pa	1913	138
pa	1914	134
pa	1915	132
pa	1916	135
pa	1917	136
pa	1918	132
pa	1919	133
pa	1920	133
pa	1921	134
pa	1922	134
pa	1923	134
pa	1924	135
pa	1925	129
pa	1926	127
pa	1927	125
pa	1928	122
pa	1929	122
pa	1930	130
pa	1931	129
pa	1932	133
pa	1933	133
pa	1934	134
pa	1935	134
pa	1936	132
pa	1937	133
pa	1938	132
pa	1939	126
pa	1940	124
pa	1941	123
pa	1942	124
pa	1943	123
pa	1944	123
pa	1945	125
pa	1946	122
pa	1947	126
pa	1948	126
pa	1949	128
pa	1950	130
pa	1951	129
pa	1952	128
pa	1953	132
pa	1954	132
pa	1955	132
pa	1956	128
pa	1957	129
pa	1958	130
pa	1959	133
pa	1960	133
pa	1961	132
pa	1962	134
pa	1963	128
pa	1964	128
pa	1965	130
pa	1966	123
pa	1967	132
pa	1968	132
pa	1969	132
pa	1970	132
pa	1971	138
pa	1972	139
pa	1973	139
pa	1974	140
pa	1975	140
pa	1976	129
pa	1977	122
pa	1978	120
pa	1979	122
pa	1980	120
pa	1981	122
pa	1982	123
pa	1983	122
pa	1984	121
pa	1985	119
pa	1986	117
pa	1987	119
pa	1988	119
pa	1989	118
pa	1990	117
pa	1991	117
pa	1992	118
pa	1993	118
pa	1994	119
pa	1995	118
pa	1996	115
pa	1997	120
pa	1998	122
pa	1999	122
pa	2000	122
pa	2001	122
pa	2002	122
pa	2003	123
pa	2004	121
pa	2005	124
pa	2006	124
pa	2007	123
pa	2008	122
pa	2009	123
pa	2010	123
pa	2011	123
pa	2012	123
pa	2013	123
pa	2014	121
pa	2015	121
pa	2016	121
pa	2017	120
pa	2018	119
pa	2019	119
pa	2020	119
pa	2021	118
pa	2022	120
pa	2023	121
pa	2024	122
pa	2025	124
pa	2026	122
pa	2027	122
pa	2028	122
pa	2029	126
pa	2030	126
pa	2031	126
pa	2032	126
pa	2033	126
pa	2034	127
pa	2035	128
pa	2036	126
pa	2037	126
pa	2038	131
pa	2039	130
pa	2040	131
pa	2041	130
pa	2042	130
pa	2043	128
pa	2044	131
pa	2045	128
pa	2046	128
pa	2047	113
pa	2048	114
pa	2049	114
pa	2050	114
pa	2051	111
pa	2052	110
pa	2053	111
pa	2054	110
pa	2055	110
pa	2056	114
pa	2057	104
pa	2058	105
pa	2059	104
pa	2060	107
pa	2061	105
pa	2062	109
pa	2063	109
pa	2064	105
pa	2065	107
pa	2066	109
pa	2067	112
pa	2068	113
pa	2069	119
pa	2070	119
pa	2071	122
pa	2072	122
pa	2073	124
pa	2074	124
pa	2075	124
pa	2076	125
pa	2077	124
pa	2078	120
pa	2079	123
pa	2080	123
pa	2081	123
pa	2082	127
pa	2083	131
pa	2084	131
pa	2085	131
pa	2086	127
pa	2087	126
pa	2088	124
pa	2089	123
pa	2090	123
pa	2091	121
pa	2092	125
pa	2093	127
pa	2094	127
pa	2095	126
pa	2096	126
pa	2097	126
pa	2098	126
pa	2099	119
pa	2100	118
pa	2101	111
pa	2102	111
pa	2103	113
pa	2104	113
pa	2105	115
pa	2106	117
pa	2107	118
pa	2108	118
pa	2109	115
pa	2110	115
pa	2111	114
pa	2112	114
pa	2113	113
pa	2114	112
pa	2115	114
pa	2116	113
pa	2117	113
pa	2118	113
pa	2119	113
pa	2120	114
pa	2121	115
pa	2122	115
pa	2123	116
pa	2124	113
pa	2125	115
pa	2126	114
pa	2127	114
pa	2128	116
pa	2129	115
pa	2130	117
pa	2131	111
pa	2132	111
pa	2133	111
pa	2134	112
pa	2135	113
pa	2136	111
pa	2137	110
pa	2138	110
pa	2139	109
pa	2140	108
pa	2141	110
pa	2142	113
pa	2143	113
pa	2144	113
pa	2145	112
pa	2146	110
pa	2147	111
pa	2148	111
pa	2149	111
pa	2150	110
pa	2151	108
pa	2152	109
pa	2153	108
pa	2154	109
pa	2155	107
pa	2156	106
pa	2157	106
pa	2158	105
pa	2159	104
pa	2160	100
pa	2161	100
pa	2162	100
pa	2163	100
pa	2164	100
pa	2165	100
pa	2166	100
pa	2167	100
pa	2168	99
pa	2169	101
pa	2170	100
pa	2171	99
pa	2172	99
pa	2173	99
pa	2174	90
pa	2175	90
pa	2176	85
pa	2177	84
pa	2178	76
pa	2179	74
pa	2180	74
pa	2181	74
pa	2182	74
pa	2183	72
pa	2184	72
pa	2185	71
pa	2186	71
pa	2187	70
pa	2188	69
pa	2189	69
pa	2190	69
pa	2191	68
pa	2192	68
pa	2193	64
pa	2194	63
pa	2195	63
pa	2196	60
pa	2197	60
pa	2198	57
pa	2199	56
pa	2200	54
pa	2201	54
pa	2202	54
pa	2203	52
pa	2204	52
pa	2205	51
pa	2206	51
pa	2207	40
pa	2208	38
pa	2209	35
pa	2210	35
pa	2211	35
pa	2212	34
pa	2213	33
pa	2214	33
pa	2215	33
pa	2216	33
pa	2217	21
pa	2218	21
pa	2219	21
pa	2220	21
pa	2221	21
pa	2222	19
pa	2223	19
pa	2224	18
pa	2225	18
pa	2226	18
pa	2227	18
pa	2228	18
pa	2229	17
pa	2230	17
pa	2231	16
pa	2232	15
pa	2233	7
ha	1	1933
ha	2	2287
ha	3	2317
ha	4	2331
ha	5	2633
ha	6	3126
ha	7	3231
ha	8	3332
ha	9	3501
ha	10	3511
ha	11	3733
ha	12	3926
ha	13	4708
ha	14	4756
ha	15	4760
ha	16	4785
ha	17	4906
ha	18	4925
ha	19	5197
ha	20	5249
ha	21	5500
ha	22	5514
ha	23	6928
ha	24	6959
ha	25	7021
ha	26	7056
ha	27	7214
ha	28	7310
ha	29	7837
ha	30	7859
ha	31	8252
ha	32	8304
ha	33	8322
ha	34	8715
ha	35	8755
ha	36	11287
ha	37	11386
ha	38	11455
ha	39	12707
ha	40	12763
ha	41	15300
ha	42	15338
ha	43	15379
ha	44	15412
ha	45	15478
ha	46	15948
ha	47	16041
ha	48	16139
ha	49	16554
ha	50	16724
ha	51	17460
ha	52	17513
ha	53	17653
ha	54	17747
ha	55	17796
ha	56	18199
ha	57	19243
ha	58	20165
ha	59	20210
ha	60	20189
ha	61	20442
ha	62	20466
ha	63	20713
ha	64	20817
ha	65	20865
ha	66	20959
ha	67	22004
ha	68	22275
ha	69	22281
ha	70	22332
ha	71	22409
ha	72	22542
ha	73	22581
ha	74	22594
ha	75	22754
ha	76	22645
ha	77	22843
ha	78	22885
ha	79	22916
ha	80	22936
ha	81	22920
ha	82	24196
ha	83	24178
ha	84	24190
ha	85	24407
ha	86	24621
ha	87	24957
ha	88	24961
ha	89	24939
ha	90	24953
ha	91	24735
ha	92	25557
ha	93	25640
ha	94	25905
ha	95	26030
ha	96	26110
ha	97	26509
ha	98	26614
ha	99	26733
ha	100	26726
ha	101	26633
ha	102	26649
ha	103	26662
ha	104	26719
ha	105	26786
ha	106	28065
ha	107	27889
ha	108	28192
ha	109	28135
ha	110	28227
ha	111	28366
ha	112	28302
ha	113	28269
ha	114	28278
ha	115	27785
ha	116	28248
ha	117	28156
ha	118	28198
ha	119	28239
ha	120	28229
ha	121	28474
ha	122	28529
ha	123	28531
ha	124	28707
ha	125	28549
ha	126	28505
ha	127	28514
ha	128	28291
ha	129	28792
ha	130	28638
ha	131	28691
ha	132	28515
ha	133	28365
ha	134	28632
ha	135	28583
ha	136	28618
ha	137	28819
ha	138	28303
ha	139	28256
ha	140	28141
ha	141	27977
ha	142	28156
ha	143	27676
ha	144	27606
ha	145	27627
ha	146	27433
ha	147	27465
ha	148	27608
ha	149	27602
ha	150	29281
ha	151	29333
ha	152	30009
ha	153	30037
ha	154	30004
ha	155	30087
ha	156	30010
ha	157	29744
ha	158	29683
ha	159	27545
ha	160	27846
ha	161	28860
ha	162	30308
ha	163	30162
ha	164	30226
ha	165	30231
ha	166	30476
ha	167	30609
ha	168	30934
ha	169	30927
ha	170	29302
ha	171	29167
ha	172	29108
ha	173	28890
ha	174	28780
ha	175	28823
ha	176	28840
ha	177	28770
ha	178	28711
ha	179	28666
ha	180	28721
ha	181	28466
ha	182	28184
ha	183	28230
ha	184	27715
ha	185	27771
ha	186	27097
ha	187	27380
ha	188	27122
ha	189	27844
ha	190	27873
ha	191	27905
ha	192	27604
ha	193	27645
ha	194	27650
ha	195	27574
ha	196	27322
ha	197	27614
ha	198	27040
ha	199	27099
ha	200	26847
ha	201	26893
ha	202	27168
ha	203	28049
ha	204	28534
ha	205	28451
ha	206	28429
ha	207	28339
ha	208	28850
ha	209	28822
ha	210	28798
ha	211	28852
ha	212	28049
ha	213	28158
ha	214	28222
ha	215	28507
ha	216	28442
ha	217	28318
ha	218	28444
ha	219	28408
ha	220	28507
ha	221	28581
ha	222	28357
ha	223	28113
ha	224	28180
ha	225	28267
ha	226	28697
ha	227	28807
ha	228	29917
ha	229	29915
ha	230	29963
ha	231	29922
ha	232	29884
ha	233	29915
ha	234	29892
ha	235	30512
ha	236	30524
ha	237	29785
ha	238	30285
ha	239	30468
ha	240	31449
ha	241	31693
ha	242	31713
ha	243	32160
ha	244	31323
ha	245	31760
ha	246	31721
ha	247	31468
ha	248	31564
ha	249	31181
ha	250	30939
ha	251	31181
ha	252	30968
ha	253	30974
ha	254	30985
ha	255	30911
ha	256	31045
ha	257	30854
ha	258	30749
ha	259	30895
ha	260	30870
ha	261	30928
ha	262	31113
ha	263	31133
ha	264	31247
ha	265	30984
ha	266	30656
ha	267	30440
ha	268	30807
ha	269	30691
ha	270	30640
ha	271	30355
ha	272	30403
ha	273	30352
ha	274	30440
ha	275	30309
ha	276	30391
ha	277	30045
ha	278	29972
ha	279	29866
ha	280	29829
ha	281	30030
ha	282	29942
ha	283	30308
ha	284	30352
ha	285	30457
ha	286	30683
ha	287	30629
ha	288	30601
ha	289	30606
ha	290	30188
ha	291	30327
ha	292	29722
ha	293	30353
ha	294	30399
ha	295	30409
ha	296	30473
ha	297	30445
ha	298	30451
ha	299	30643
ha	300	30388
ha	301	29732
ha	302	28781
ha	303	28577
ha	304	31178
ha	305	31042
ha	306	31333
ha	307	31473
ha	308	31303
ha	309	33378
ha	310	33263
ha	311	33657
ha	312	33403
ha	313	28582
ha	314	28800
ha	315	28556
ha	316	28451
ha	317	28434
ha	318	27083
ha	319	27095
ha	320	26687
ha	321	26631
ha	322	27423
ha	323	27366
ha	324	27431
ha	325	27389
ha	326	27317
ha	327	27301
ha	328	27385
ha	329	27378
ha	330	27283
ha	331	26244
ha	332	26784
ha	333	27051
ha	334	27081
ha	335	27025
ha	336	27024
ha	337	27051
ha	338	27048
ha	339	26908
ha	340	27054
ha	341	26777
ha	342	26468
ha	343	28094
ha	344	28061
ha	345	28335
ha	346	28330
ha	347	28493
ha	348	28983
ha	349	28866
ha	350	28819
ha	351	28831
ha	352	27437
ha	353	27519
ha	354	27249
ha	355	27218
ha	356	26742
ha	357	26638
ha	358	26629
ha	359	27106
ha	360	27067
ha	361	27242
ha	362	27171
ha	363	27139
ha	364	27003
ha	365	27091
ha	366	26506
ha	367	26828
ha	368	25956
ha	369	26291
ha	370	26184
ha	371	26262
ha	372	26239
ha	373	26110
ha	374	26306
ha	375	25916
ha	376	25312
ha	377	25361
ha	378	25048
ha	379	25232
ha	380	25163
ha	381	25466
ha	382	25404
ha	383	25274
ha	384	25093
ha	385	25124
ha	386	25244
ha	387	25292
ha	388	25220
ha	389	25156
ha	390	24652
ha	391	24766
ha	392	24453
ha	393	24464
ha	394	24456
ha	395	23755
ha	396	24669
ha	397	24502
ha	398	24674
ha	399	24691
ha	400	24344
ha	401	24340
ha	402	24329
ha	403	24356
ha	404	24365
ha	405	23409
ha	406	23357
ha	407	23359
ha	408	23414
ha	409	23306
ha	410	23439
ha	411	23596
ha	412	23598
ha	413	23581
ha	414	23329
ha	415	23661
ha	416	24331
ha	417	24360
ha	418	24380
ha	419	24357
ha	420	24189
ha	421	24325
ha	422	24557
ha	423	24554
ha	424	24353
ha	425	23851
ha	426	24716
ha	427	25248
ha	428	25472
ha	429	25481
ha	430	25509
ha	431	25515
ha	432	25464
ha	433	25495
ha	434	25127
ha	435	25259
ha	436	24531
ha	437	24552
ha	438	24585
ha	439	24392
ha	440	24366
ha	441	24465
ha	442	24465
ha	443	24342
ha	444	24235
ha	445	24018
ha	446	24129
ha	447	24217
ha	448	24533
ha	449	24729
ha	450	24638
ha	451	24686
ha	452	24656
ha	453	24700
ha	454	24581
ha	455	23769
ha	456	23959
ha	457	23730
ha	458	23858
ha	459	24860
ha	460	24882
ha	461	25384
ha	462	25195
ha	463	25140
ha	464	25062
ha	465	24523
ha	466	24824
ha	467	24853
ha	468	23380
ha	469	23904
ha	470	23258
ha	471	23524
ha	472	23446
ha	473	23307
ha	474	23336
ha	475	22997
ha	476	23062
ha	477	23078
ha	478	22839
ha	479	22934
ha	480	23549
ha	481	23474
ha	482	23652
ha	483	23438
ha	484	24271
ha	485	24400
ha	486	24468
ha	487	24656
ha	488	24315
ha	489	23226
ha	490	23249
ha	491	23155
ha	492	23150
ha	493	21925
ha	494	21859
ha	495	21703
ha	496	21640
ha	497	21664
ha	498	21503
ha	499	21530
ha	500	21505
ha	501	21733
ha	502	21692
ha	503	21559
ha	504	21601
ha	505	21650
ha	506	21598
ha	507	21677
ha	508	21670
ha	509	21511
ha	510	21654
ha	511	21456
ha	512	21538
ha	513	21587
ha	514	21544
ha	515	21678
ha	516	21682
ha	517	21738
ha	518	21842
ha	519	21407
ha	520	21652
ha	521	21513
ha	522	21809
ha	523	21949
ha	524	21754
ha	525	21602
ha	526	21520
ha	527	21641
ha	528	21611
ha	529	21603
ha	530	21579
ha	531	21356
ha	532	21273
ha	533	21238
ha	534	21161
ha	535	21325
ha	536	20856
ha	537	20735
ha	538	20776
ha	539	20701
ha	540	21662
ha	541	21674
ha	542	21663
ha	543	21651
ha	544	21620
ha	545	21645
ha	546	21552
ha	547	21640
ha	548	21424
ha	549	20708
ha	550	20385
ha	551	20616
ha	552	21345
ha	553	20995
ha	554	21045
ha	555	20962
ha	556	20545
ha	557	20582
ha	558	20287
ha	559	20441
ha	560	20118
ha	561	19116
ha	562	19037
ha	563	19657
ha	564	19987
ha	565	19983
ha	566	19955
ha	567	19909
ha	568	22078
ha	569	22066
ha	570	22224
ha	571	22156
ha	572	21373
ha	573	21254
ha	574	21187
ha	575	21269
ha	576	21215
ha	577	19497
ha	578	19445
ha	579	19543
ha	580	19561
ha	581	19613
ha	582	19626
ha	583	19766
ha	584	19810
ha	585	19808
ha	586	19707
ha	587	20010
ha	588	19967
ha	589	20519
ha	590	21565
ha	591	22464
ha	592	23377
ha	593	23347
ha	594	23378
ha	595	23388
ha	596	23447
ha	597	23401
ha	598	23290
ha	599	23334
ha	600	21998
ha	601	22561
ha	602	22243
ha	603	22452
ha	604	22449
ha	605	22284
ha	606	22600
ha	607	22438
ha	608	22417
ha	609	22358
ha	610	21889
ha	611	21907
ha	612	21782
ha	613	22114
ha	614	22405
ha	615	22115
ha	616	22441
ha	617	22450
ha	618	23044
ha	619	23233
ha	620	23115
ha	621	23103
ha	622	23205
ha	623	22810
ha	624	23482
ha	625	23153
ha	626	23326
ha	627	23416
ha	628	23159
ha	629	23252
ha	630	23830
ha	631	23644
ha	632	23817
ha	633	23118
ha	634	23165
ha	635	23024
ha	636	22996
ha	637	23175
ha	638	23122
ha	639	23147
ha	640	23075
ha	641	23096
ha	642	22935
ha	643	22979
ha	644	23200
ha	645	23003
ha	646	23304
ha	647	23268
ha	648	23615
ha	649	23658
ha	650	23447
ha	651	23445
ha	652	23349
ha	653	23236
ha	654	23140
ha	655	23275
ha	656	22992
ha	657	22708
ha	658	22253
ha	659	22366
ha	660	22472
ha	661	22504
ha	662	21897
ha	663	22366
ha	664	22473
ha	665	22387
ha	666	22885
ha	667	23132
ha	668	22995
ha	669	23114
ha	670	22996
ha	671	23035
ha	672	22964
ha	673	22707
ha	674	22759
ha	675	22491
ha	676	22330
ha	677	22356
ha	678	22364
ha	679	22417
ha	680	22764
ha	681	22819
ha	682	22694
ha	683	22625
ha	684	22624
ha	685	22686
ha	686	23093
ha	687	23611
ha	688	23386
ha	689	23470
ha	690	23188
ha	691	23284
ha	692	23568
ha	693	23539
ha	694	23642
ha	695	23255
ha	696	22507
ha	697	22519
ha	698	22565
ha	699	22781
ha	700	22788
ha	701	22414
ha	702	22452
ha	703	22333
ha	704	22394
ha	705	22431
ha	706	22369
ha	707	22608
ha	708	22469
ha	709	22529
ha	710	22609
ha	711	22690
ha	712	22724
ha	713	22694
ha	714	22629
ha	715	22772
ha	716	22796
ha	717	22288
ha	718	22247
ha	719	22813
ha	720	22799
ha	721	22779
ha	722	22736
ha	723	22712
ha	724	22899
ha	725	22881
ha	726	22751
ha	727	22763
ha	728	22617
ha	729	22631
ha	730	22648
ha	731	22905
ha	732	22843
ha	733	22533
ha	734	22472
ha	735	22429
ha	736	22519
ha	737	22177
ha	738	22175
ha	739	22148
ha	740	21827
ha	741	21483
ha	742	21850
ha	743	21890
ha	744	22080
ha	745	22044
ha	746	22030
ha	747	22070
ha	748	22100
ha	749	22058
ha	750	22118
ha	751	21161
ha	752	21058
ha	753	20891
ha	754	20892
ha	755	21140
ha	756	20939
ha	757	20929
ha	758	20738
ha	759	20749
ha	760	22154
ha	761	22178
ha	762	22231
ha	763	22130
ha	764	21785
ha	765	21867
ha	766	21878
ha	767	21914
ha	768	21910
ha	769	19697
ha	770	20526
ha	771	20988
ha	772	21462
ha	773	21737
ha	774	21679
ha	775	21651
ha	776	21731
ha	777	21646
ha	778	21564
ha	779	21588
ha	780	20459
ha	781	19888
ha	782	19893
ha	783	19908
ha	784	19967
ha	785	19883
ha	786	20146
ha	787	20108
ha	788	20076
ha	789	20068
ha	790	19672
ha	791	19731
ha	792	19692
ha	793	19843
ha	794	19821
ha	795	19163
ha	796	19224
ha	797	19210
ha	798	19263
ha	799	19199
ha	800	19131
ha	801	19038
ha	802	19095
ha	803	18693
ha	804	18847
ha	805	18743
ha	806	18573
ha	807	18605
ha	808	18614
ha	809	18655
ha	810	18621
ha	811	18411
ha	812	18334
ha	813	17768
ha	814	17746
ha	815	17676
ha	816	17716
ha	817	17701
ha	818	17580
ha	819	17612
ha	820	17451
ha	821	19733
ha	822	20482
ha	823	20394
ha	824	20875
ha	825	20909
ha	826	21366
ha	827	22279
ha	828	22352
ha	829	22532
ha	830	21260
ha	831	20883
ha	832	20898
ha	833	20639
ha	834	20628
ha	835	20833
ha	836	20272
ha	837	20184
ha	838	20242
ha	839	20062
ha	840	20291
ha	841	20324
ha	842	20363
ha	843	20302
ha	844	19910
ha	845	20162
ha	846	20106
ha	847	20319
ha	848	20249
ha	849	20276
ha	850	20633
ha	851	20707
ha	852	20695
ha	853	20668
ha	854	20560
ha	855	20563
ha	856	20633
ha	857	20669
ha	858	20505
ha	859	20782
ha	860	20387
ha	861	20816
ha	862	20777
ha	863	20779
ha	864	20873
ha	865	20615
ha	866	21103
ha	867	21052
ha	868	20765
ha	869	20843
ha	870	20323
ha	871	20565
ha	872	20506
ha	873	20235
ha	874	20204
ha	875	19399
ha	876	19615
ha	877	19497
ha	878	19471
ha	879	19699
ha	880	19422
ha	881	19712
ha	882	19636
ha	883	20014
ha	884	21626
ha	885	21875
ha	886	21906
ha	887	21786
ha	888	21388
ha	889	21357
ha	890	21068
ha	891	21053
ha	892	20726
ha	893	19836
ha	894	18890
ha	895	19737
ha	896	19752
ha	897	19829
ha	898	19807
ha	899	19342
ha	900	19308
ha	901	19477
ha	902	19332
ha	903	19450
ha	904	18356
ha	905	18316
ha	906	18200
ha	907	18238
ha	908	18533
ha	909	18753
ha	910	18422
ha	911	18108
ha	912	17929
ha	913	17888
ha	914	17889
ha	915	18767
ha	916	18686
ha	917	18242
ha	918	18198
ha	919	18145
ha	920	18130
ha	921	18052
ha	922	17882
ha	923	17662
ha	924	16614
ha	925	16327
ha	926	16396
ha	927	16372
ha	928	16451
ha	929	16521
ha	930	16482
ha	931	16936
ha	932	16937
ha	933	17136
ha	934	17242
ha	935	17247
ha	936	17770
ha	937	17787
ha	938	17817
ha	939	17880
ha	940	17695
ha	941	17828
ha	942	17686
ha	943	17652
ha	944	18501
ha	945	18324
ha	946	18367
ha	947	18552
ha	948	18563
ha	949	19167
ha	950	19067
ha	951	19098
ha	952	19222
ha	953	18871
ha	954	20869
ha	955	21148
ha	956	21162
ha	957	21515
ha	958	21191
ha	959	21302
ha	960	21036
ha	961	21330
ha	962	21816
ha	963	21392
ha	964	21458
ha	965	21483
ha	966	21346
ha	967	21628
ha	968	21534
ha	969	23516
ha	970	23394
ha	971	23346
ha	972	23114
ha	973	22965
ha	974	23036
ha	975	22998
ha	976	22966
ha	977	22897
ha	978	21848
ha	979	21826
ha	980	21724
ha	981	22085
ha	982	22587
ha	983	22597
ha	984	22655
ha	985	22622
ha	986	23007
ha	987	23190
ha	988	23425
ha	989	23576
ha	990	23635
ha	991	23380
ha	992	23335
ha	993	23276
ha	994	23360
ha	995	23461
ha	996	23444
ha	997	23758
ha	998	23796
ha	999	23931
ha	1000	23915
ha	1001	23937
ha	1002	23865
ha	1003	24000
ha	1004	24181
ha	1005	24348
ha	1006	24318
ha	1007	24210
ha	1008	24444
ha	1009	24702
ha	1010	24942
ha	1011	24886
ha	1012	25345
ha	1013	25135
ha	1014	25161
ha	1015	25142
ha	1016	25126
ha	1017	25132
ha	1018	25156
ha	1019	24888
ha	1020	24834
ha	1021	24618
ha	1022	24760
ha	1023	24838
ha	1024	25215
ha	1025	25304
ha	1026	25181
ha	1027	25699
ha	1028	25686
ha	1029	26260
ha	1030	26259
ha	1031	25984
ha	1032	25796
ha	1033	25404
ha	1034	25073
ha	1035	25019
ha	1036	24589
ha	1037	24861
ha	1038	24669
ha	1039	24515
ha	1040	24462
ha	1041	24291
ha	1042	24305
ha	1043	24382
ha	1044	24472
ha	1045	24252
ha	1046	24111
ha	1047	23636
ha	1048	23599
ha	1049	23603
ha	1050	23552
ha	1051	23587
ha	1052	23518
ha	1053	23727
ha	1054	23667
ha	1055	23566
ha	1056	23729
ha	1057	23829
ha	1058	23702
ha	1059	23701
ha	1060	23577
ha	1061	23527
ha	1062	23630
ha	1063	23189
ha	1064	23315
ha	1065	23204
ha	1066	22904
ha	1067	22787
ha	1068	22675
ha	1069	23322
ha	1070	23092
ha	1071	23016
ha	1072	23066
ha	1073	22911
ha	1074	22916
ha	1075	22991
ha	1076	23250
ha	1077	23118
ha	1078	22629
ha	1079	22873
ha	1080	22928
ha	1081	23378
ha	1082	23335
ha	1083	23137
ha	1084	22915
ha	1085	25582
ha	1086	28049
ha	1087	28667
ha	1088	28309
ha	1089	28420
ha	1090	28809
ha	1091	28997
ha	1092	28866
ha	1093	28657
ha	1094	28789
ha	1095	24452
ha	1096	24380
ha	1097	24292
ha	1098	24491
ha	1099	24308
ha	1100	24413
ha	1101	24384
ha	1102	24317
ha	1103	24208
ha	1104	24328
ha	1105	24108
ha	1106	24028
ha	1107	23790
ha	1108	24006
ha	1109	24171
ha	1110	24612
ha	1111	24559
ha	1112	24472
ha	1113	24407
ha	1114	24944
ha	1115	25401
ha	1116	25389
ha	1117	25306
ha	1118	25392
ha	1119	25312
ha	1120	25293
ha	1121	25753
ha	1122	26173
ha	1123	25883
ha	1124	25800
ha	1125	26447
ha	1126	28021
ha	1127	28243
ha	1128	28474
ha	1129	28538
ha	1130	29777
ha	1131	30158
ha	1132	30315
ha	1133	30238
ha	1134	30007
ha	1135	30440
ha	1136	30364
ha	1137	30440
ha	1138	32316
ha	1139	31895
ha	1140	31443
ha	1141	31528
ha	1142	31683
ha	1143	32985
ha	1144	32726
ha	1145	32222
ha	1146	32231
ha	1147	31666
ha	1148	33201
ha	1149	33881
ha	1150	34489
ha	1151	34511
ha	1152	33884
ha	1153	34464
ha	1154	34529
ha	1155	34879
ha	1156	35107
ha	1157	34721
ha	1158	35559
ha	1159	35677
ha	1160	36737
ha	1161	37063
ha	1162	37161
ha	1163	36896
ha	1164	36679
ha	1165	36594
ha	1166	36613
ha	1167	36730
ha	1168	36136
ha	1169	36445
ha	1170	36371
ha	1171	36430
ha	1172	36812
ha	1173	36787
ha	1174	37390
ha	1175	37260
ha	1176	37231
ha	1177	37242
ha	1178	37504
ha	1179	37005
ha	1180	36731
ha	1181	36535
ha	1182	36569
ha	1183	36265
ha	1184	36208
ha	1185	36922
ha	1186	36888
ha	1187	36782
ha	1188	36676
ha	1189	36715
ha	1190	36682
ha	1191	37183
ha	1192	37734
ha	1193	38394
ha	1194	38324
ha	1195	37915
ha	1196	38397
ha	1197	40383
ha	1198	40199
ha	1199	40295
ha	1200	40036
ha	1201	39733
ha	1202	39402
ha	1203	40462
ha	1204	40414
ha	1205	40922
ha	1206	39731
ha	1207	39799
ha	1208	40017
ha	1209	41505
ha	1210	41793
ha	1211	41753
ha	1212	41151
ha	1213	41035
ha	1214	40823
ha	1215	40859
ha	1216	41691
ha	1217	41765
ha	1218	40890
ha	1219	40639
ha	1220	40336
ha	1221	41233
ha	1222	41481
ha	1223	41420
ha	1224	41523
ha	1225	40835
ha	1226	41663
ha	1227	41674
ha	1228	41664
ha	1229	41600
ha	1230	40976
ha	1231	40845
ha	1232	41271
ha	1233	41250
ha	1234	41432
ha	1235	40772
ha	1236	40650
ha	1237	41386
ha	1238	41592
ha	1239	41697
ha	1240	41692
ha	1241	41400
ha	1242	41093
ha	1243	41355
ha	1244	40737
ha	1245	40910
ha	1246	40299
ha	1247	40684
ha	1248	40419
ha	1249	42190
ha	1250	42049
ha	1251	41964
ha	1252	41664
ha	1253	41577
ha	1254	41260
ha	1255	41239
ha	1256	40976
ha	1257	40853
ha	1258	39473
ha	1259	40988
ha	1260	40954
ha	1261	40922
ha	1262	41053
ha	1263	41154
ha	1264	41049
ha	1265	40757
ha	1266	40647
ha	1267	40553
ha	1268	41347
ha	1269	39463
ha	1270	40986
ha	1271	40947
ha	1272	40864
ha	1273	41184
ha	1274	41197
ha	1275	41116
ha	1276	40860
ha	1277	39537
ha	1278	40038
ha	1279	40730
ha	1280	40431
ha	1281	40360
ha	1282	40019
ha	1283	40336
ha	1284	40256
ha	1285	40210
ha	1286	39932
ha	1287	39886
ha	1288	40160
ha	1289	38733
ha	1290	40054
ha	1291	40380
ha	1292	40370
ha	1293	40248
ha	1294	39675
ha	1295	39817
ha	1296	39434
ha	1297	39838
ha	1298	40056
ha	1299	38711
ha	1300	38539
ha	1301	38457
ha	1302	38705
ha	1303	38933
ha	1304	38706
ha	1305	38574
ha	1306	38544
ha	1307	38558
ha	1308	38970
ha	1309	39072
ha	1310	39058
ha	1311	38941
ha	1312	38699
ha	1313	39205
ha	1314	39335
ha	1315	39303
ha	1316	39459
ha	1317	39105
ha	1318	38859
ha	1319	38925
ha	1320	38870
ha	1321	39022
ha	1322	38703
ha	1323	39351
ha	1324	39437
ha	1325	39724
ha	1326	40936
ha	1327	41584
ha	1328	41642
ha	1329	41573
ha	1330	41434
ha	1331	41459
ha	1332	40853
ha	1333	41636
ha	1334	42317
ha	1335	41421
ha	1336	41427
ha	1337	41205
ha	1338	41323
ha	1339	42353
ha	1340	42274
ha	1341	43166
ha	1342	43939
ha	1343	43304
ha	1344	43952
ha	1345	43872
ha	1346	43768
ha	1347	44166
ha	1348	42523
ha	1349	42576
ha	1350	42428
ha	1351	40457
ha	1352	40756
ha	1353	40693
ha	1354	40639
ha	1355	41325
ha	1356	41236
ha	1357	41359
ha	1358	40966
ha	1359	41016
ha	1360	41141
ha	1361	41259
ha	1362	40898
ha	1363	41023
ha	1364	40399
ha	1365	39972
ha	1366	40045
ha	1367	40177
ha	1368	40470
ha	1369	40487
ha	1370	40899
ha	1371	41154
ha	1372	41020
ha	1373	41056
ha	1374	41055
ha	1375	41916
ha	1376	42004
ha	1377	42017
ha	1378	42745
ha	1379	44668
ha	1380	45133
ha	1381	45646
ha	1382	45821
ha	1383	47392
ha	1384	46970
ha	1385	47689
ha	1386	47670
ha	1387	47969
ha	1388	47964
ha	1389	47790
ha	1390	47584
ha	1391	47446
ha	1392	46838
ha	1393	47061
ha	1394	46618
ha	1395	46609
ha	1396	46385
ha	1397	46541
ha	1398	47703
ha	1399	47908
ha	1400	48039
ha	1401	48563
ha	1402	48579
ha	1403	48748
ha	1404	49365
ha	1405	49535
ha	1406	50680
ha	1407	50422
ha	1408	50533
ha	1409	50476
ha	1410	50098
ha	1411	50102
ha	1412	49442
ha	1413	49046
ha	1414	49991
ha	1415	49750
ha	1416	49265
ha	1417	49369
ha	1418	49378
ha	1419	49494
ha	1420	49337
ha	1421	49281
ha	1422	49393
ha	1423	49245
ha	1424	48200
ha	1425	48272
ha	1426	48457
ha	1427	49233
ha	1428	49261
ha	1429	48661
ha	1430	48500
ha	1431	49691
ha	1432	49751
ha	1433	49932
ha	1434	49762
ha	1435	49400
ha	1436	49356
ha	1437	48222
ha	1438	50046
ha	1439	49826
ha	1440	48346
ha	1441	48368
ha	1442	48067
ha	1443	48604
ha	1444	49394
ha	1445	49365
ha	1446	49138
ha	1447	46753
ha	1448	45233
ha	1449	47795
ha	1450	47869
ha	1451	48156
ha	1452	48019
ha	1453	46026
ha	1454	45976
ha	1455	45950
ha	1456	46248
ha	1457	46510
ha	1458	42891
ha	1459	42939
ha	1460	42909
ha	1461	42490
ha	1462	43648
ha	1463	43965
ha	1464	43944
ha	1465	43577
ha	1466	42974
ha	1467	42878
ha	1468	42786
ha	1469	42716
ha	1470	42659
ha	1471	41640
ha	1472	40923
ha	1473	41522
ha	1474	41482
ha	1475	41917
ha	1476	41938
ha	1477	41429
ha	1478	41483
ha	1479	41410
ha	1480	41445
ha	1481	41853
ha	1482	41309
ha	1483	41129
ha	1484	40231
ha	1485	40802
ha	1486	41223
ha	1487	41114
ha	1488	41091
ha	1489	41208
ha	1490	40961
ha	1491	40862
ha	1492	40706
ha	1493	40676
ha	1494	41564
ha	1495	40811
ha	1496	41257
ha	1497	41500
ha	1498	41531
ha	1499	41431
ha	1500	41910
ha	1501	41691
ha	1502	42031
ha	1503	40571
ha	1504	40786
ha	1505	41415
ha	1506	41770
ha	1507	42044
ha	1508	42126
ha	1509	42278
ha	1510	42164
ha	1511	42187
ha	1512	41440
ha	1513	41068
ha	1514	39536
ha	1515	40415
ha	1516	38881
ha	1517	39162
ha	1518	38868
ha	1519	39082
ha	1520	39095
ha	1521	39483
ha	1522	39608
ha	1523	39512
ha	1524	38094
ha	1525	37881
ha	1526	37809
ha	1527	38009
ha	1528	38014
ha	1529	38591
ha	1530	37999
ha	1531	38208
ha	1532	38508
ha	1533	38466
ha	1534	39918
ha	1535	39958
ha	1536	39909
ha	1537	39844
ha	1538	39177
ha	1539	39455
ha	1540	39486
ha	1541	39778
ha	1542	39747
ha	1543	38951
ha	1544	39327
ha	1545	39087
ha	1546	40953
ha	1547	40893
ha	1548	41209
ha	1549	40931
ha	1550	40204
ha	1551	40292
ha	1552	39697
ha	1553	40101
ha	1554	40075
ha	1555	37034
ha	1556	36997
ha	1557	36230
ha	1558	36216
ha	1559	36238
ha	1560	36247
ha	1561	36107
ha	1562	35876
ha	1563	36153
ha	1564	37076
ha	1565	36939
ha	1566	36724
ha	1567	36696
ha	1568	36823
ha	1569	36778
ha	1570	36575
ha	1571	35854
ha	1572	36217
ha	1573	35225
ha	1574	35428
ha	1575	35468
ha	1576	35460
ha	1577	36434
ha	1578	36381
ha	1579	36504
ha	1580	36437
ha	1581	36084
ha	1582	36041
ha	1583	35738
ha	1584	35845
ha	1585	35922
ha	1586	34775
ha	1587	35174
ha	1588	34948
ha	1589	35073
ha	1590	35144
ha	1591	35382
ha	1592	35483
ha	1593	35592
ha	1594	35629
ha	1595	35508
ha	1596	35125
ha	1597	34593
ha	1598	34461
ha	1599	34356
ha	1600	34094
ha	1601	33838
ha	1602	34936
ha	1603	35146
ha	1604	35307
ha	1605	35399
ha	1606	35426
ha	1607	35418
ha	1608	35977
ha	1609	35869
ha	1610	35864
ha	1611	35452
ha	1612	34298
ha	1613	34515
ha	1614	35930
ha	1615	36041
ha	1616	35968
ha	1617	34900
ha	1618	35064
ha	1619	34985
ha	1620	34857
ha	1621	34478
ha	1622	34600
ha	1623	32809
ha	1624	33061
ha	1625	33333
ha	1626	33636
ha	1627	33492
ha	1628	33535
ha	1629	33578
ha	1630	34325
ha	1631	33564
ha	1632	34430
ha	1633	34286
ha	1634	34300
ha	1635	34360
ha	1636	33978
ha	1637	33824
ha	1638	33847
ha	1639	32772
ha	1640	32831
ha	1641	32461
ha	1642	32507
ha	1643	32525
ha	1644	32269
ha	1645	32284
ha	1646	32298
ha	1647	32573
ha	1648	32583
ha	1649	32550
ha	1650	33477
ha	1651	33339
ha	1652	33206
ha	1653	33217
ha	1654	33185
ha	1655	33216
ha	1656	32517
ha	1657	31962
ha	1658	31873
ha	1659	30709
ha	1660	30943
ha	1661	30957
ha	1662	30996
ha	1663	30891
ha	1664	30725
ha	1665	30688
ha	1666	30974
ha	1667	30848
ha	1668	30740
ha	1669	30416
ha	1670	30057
ha	1671	29916
ha	1672	29831
ha	1673	29737
ha	1674	29680
ha	1675	28731
ha	1676	29261
ha	1677	29770
ha	1678	29697
ha	1679	29724
ha	1680	29522
ha	1681	30490
ha	1682	30449
ha	1683	30410
ha	1684	30097
ha	1685	29500
ha	1686	28610
ha	1687	28546
ha	1688	28553
ha	1689	28489
ha	1690	27135
ha	1691	26311
ha	1692	25006
ha	1693	25085
ha	1694	23985
ha	1695	24236
ha	1696	24022
ha	1697	23988
ha	1698	24031
ha	1699	23746
ha	1700	23697
ha	1701	23660
ha	1702	23372
ha	1703	23339
ha	1704	22843
ha	1705	22567
ha	1706	22537
ha	1707	22197
ha	1708	22222
ha	1709	22429
ha	1710	22490
ha	1711	22534
ha	1712	22482
ha	1713	20386
ha	1714	20532
ha	1715	20118
ha	1716	20158
ha	1717	20151
ha	1718	19272
ha	1719	19342
ha	1720	19225
ha	1721	19161
ha	1722	19079
ha	1723	17591
ha	1724	17549
ha	1725	17469
ha	1726	17444
ha	1727	17366
ha	1728	16774
ha	1729	16622
ha	1730	16543
ha	1731	16379
ha	1732	16369
ha	1733	16309
ha	1734	15952
ha	1735	15752
ha	1736	15619
ha	1737	15569
ha	1738	15512
ha	1739	15477
ha	1740	14895
ha	1741	14814
ha	1742	14746
ha	1743	14632
ha	1744	14609
ha	1745	14384
ha	1746	14364
ha	1747	14327
ha	1748	14284
ha	1749	14128
ha	1750	13585
ha	1751	13303
ha	1752	13134
ha	1753	13002
ha	1754	12525
ha	1755	11551
ha	1756	11388
ha	1757	11290
ha	1758	11224
ha	1759	10801
ha	1760	10663
ha	1761	10592
ha	1762	9221
ha	1763	9172
ha	1764	8896
ha	1765	8784
ha	1766	8648
ha	1767	8509
ha	1768	8478
ha	1769	8299
ha	1770	8195
ha	1771	8093
ha	1772	6125
ha	1773	5889
ha	1774	5711
ha	1775	5661
ha	1776	1233
mp	1	1
mp	2	1
mp	3	1
mp	4	1
mp	5	1
mp	6	1
mp	7	1
mp	8	1
mp	9	1
mp	10	1
mp	11	2
mp	12	2
mp	13	2
mp	14	2
mp	15	2
mp	16	2
mp	17	2
mp	18	2
mp	19	2
mp	20	2
mp	21	2
mp	22	2
mp	23	3
mp	24	3
mp	25	3
mp	26	3
mp	27	3
mp	28	3
mp	29	3
mp	30	5
mp	31	5
mp	32	6
mp	33	7
mp	34	8
mp	35	8
mp	36	8
mp	37	8
mp	38	8
mp	39	8
mp	40	8
mp	41	8
mp	42	8
mp	43	8
mp	44	8
mp	45	8
mp	46	8
mp	47	8
mp	48	8
mp	49	8
mp	50	8
mp	51	8
mp	52	8
mp	53	8
mp	54	8
mp	55	8
mp	56	8
mp	57	8
mp	58	11
mp	59	11
mp	60	11
mp	61	13
mp	62	13
mp	63	15
mp	64	15
mp	65	15
mp	66	15
mp	67	15
mp	68	15
mp	69	15
mp	70	15
mp	71	15
mp	72	15
mp	73	15
mp	74	15
mp	75	15
mp	76	15
mp	77	15
mp	78	15
mp	79	15
mp	80	15
mp	81	14
mp	82	15
mp	83	16
mp	84	16
mp	85	16
mp	86	16
mp	87	16
mp	88	16
mp	89	16
mp	90	16
mp	91	16
mp	92	16
mp	93	16
mp	94	16
mp	95	17
mp	96	17
mp	97	17
mp	98	17
mp	99	17
mp	100	17
mp	101	17
mp	102	17
mp	103	19
mp	104	20
mp	105	22
mp	106	21
mp	107	22
mp	108	22
mp	109	22
mp	110	22
mp	111	22
mp	112	22
mp	113	21
mp	114	22
mp	115	24
mp	116	24
mp	117	24
mp	118	24
mp	119	24
mp	120	24
mp	121	25
mp	122	25
mp	123	25
mp	124	25
mp	125	26
mp	126	26
mp	127	28
mp	128	28
mp	129	28
mp	130	28
mp	131	27
mp	132	26
mp	133	26
mp	134	26
mp	135	27
mp	136	26
mp	137	26
mp	138	27
mp	139	27
mp	140	27
mp	141	27
mp	142	27
mp	143	27
mp	144	27
mp	145	27
mp	146	29
mp	147	29
mp	148	29
mp	149	31
mp	150	31
mp	151	31
mp	152	31
mp	153	31
mp	154	32
mp	155	32
mp	156	32
mp	157	32
mp	158	32
mp	159	34
mp	160	34
mp	161	34
mp	162	34
mp	163	34
mp	164	34
mp	165	35
mp	166	35
mp	167	37
mp	168	37
mp	169	35
mp	170	34
mp	171	34
mp	172	33
mp	173	33
mp	174	31
mp	175	30
mp	176	30
mp	177	29
mp	178	30
mp	179	29
mp	180	28
mp	181	29
mp	182	29
mp	183	29
mp	184	29
mp	185	29
mp	186	29
mp	187	29
mp	188	29
mp	189	28
mp	190	28
mp	191	28
mp	192	28
mp	193	28
mp	194	25
mp	195	25
mp	196	25
mp	197	25
mp	198	26
mp	199	27
mp	200	27
mp	201	28
mp	202	28
mp	203	28
mp	204	28
mp	205	27
mp	206	28
mp	207	28
mp	208	28
mp	209	26
mp	210	26
mp	211	25
mp	212	25
mp	213	25
mp	214	25
mp	215	26
mp	216	26
mp	217	27
mp	218	27
mp	219	27
mp	220	27
mp	221	28
mp	222	27
mp	223	27
mp	224	27
mp	225	29
mp	226	29
mp	227	30
mp	228	30
mp	229	31
mp	230	31
mp	231	30
mp	232	31
mp	233	30
mp	234	31
mp	235	31
mp	236	31
mp	237	30
mp	238	30
mp	239	30
mp	240	30
mp	241	28
mp	242	28
mp	243	28
mp	244	28
mp	245	28
mp	246	28
mp	247	28
mp	248	28
mp	249	28
mp	250	29
mp	251	29
mp	252	30
mp	253	30
mp	254	30
mp	255	29
mp	256	30
mp	257	28
mp	258	28
mp	259	29
mp	260	29
mp	261	29
mp	262	29
mp	263	31
mp	264	30
mp	265	30
mp	266	31
mp	267	31
mp	268	31
mp	269	31
mp	270	31
mp	271	31
mp	272	28
mp	273	28
mp	274	28
mp	275	28
mp	276	28
mp	277	28
mp	278	28
mp	279	28
mp	280	28
mp	281	28
mp	282	30
mp	283	30
mp	284	30
mp	285	30
mp	286	29
mp	287	29
mp	288	29
mp	289	29
mp	290	29
mp	291	28
mp	292	28
mp	293	28
mp	294	28
mp	295	27
mp	296	27
mp	297	27
mp	298	27
mp	299	25
mp	300	25
mp	301	25
mp	302	25
mp	303	25
mp	304	27
mp	305	27
mp	306	26
mp	307	26
mp	308	25
mp	309	25
mp	310	25
mp	311	26
mp	312	26
mp	313	25
mp	314	26
mp	315	26
mp	316	26
mp	317	26
mp	318	24
mp	319	24
mp	320	24
mp	321	24
mp	322	24
mp	323	24
mp	324	24
mp	325	24
mp	326	24
mp	327	24
mp	328	25
mp	329	25
mp	330	25
mp	331	22
mp	332	22
mp	333	22
mp	334	22
mp	335	22
mp	336	22
mp	337	23
mp	338	23
mp	339	23
mp	340	23
mp	341	24
mp	342	26
mp	343	26
mp	344	27
mp	345	27
mp	346	27
mp	347	27
mp	348	31
mp	349	31
mp	350	30
mp	351	30
mp	352	31
mp	353	30
mp	354	30
mp	355	30
mp	356	29
mp	357	30
mp	358	33
mp	359	34
mp	360	34
mp	361	34
mp	362	34
mp	363	34
mp	364	34
mp	365	34
mp	366	33
mp	367	33
mp	368	33
mp	369	33
mp	370	34
mp	371	34
mp	372	34
mp	373	33
mp	374	32
mp	375	32
mp	376	32
mp	377	31
mp	378	32
mp	379	32
mp	380	32
mp	381	31
mp	382	31
mp	383	31
mp	384	31
mp	385	29
mp	386	29
mp	387	29
mp	388	29
mp	389	29
mp	390	29
mp	391	29
mp	392	29
mp	393	30
mp	394	30
mp	395	30
mp	396	29
mp	397	29
mp	398	29
mp	399	29
mp	400	29
mp	401	29
mp	402	34
mp	403	36
mp	404	36
mp	405	36
mp	406	35
mp	407	35
mp	408	35
mp	409	35
mp	410	37
mp	411	36
mp	412	35
mp	413	40
mp	414	40
mp	415	40
mp	416	40
mp	417	40
mp	418	40
mp	419	39
mp	420	38
mp	421	39
mp	422	39
mp	423	39
mp	424	40
mp	425	39
mp	426	40
mp	427	40
mp	428	40
mp	429	40
mp	430	40
mp	431	41
mp	432	39
mp	433	39
mp	434	39
mp	435	39
mp	436	38
mp	437	38
mp	438	38
mp	439	38
mp	440	38
mp	441	40
mp	442	40
mp	443	40
mp	444	40
mp	445	40
mp	446	40
mp	447	40
mp	448	40
mp	449	40
mp	450	40
mp	451	40
mp	452	40
mp	453	40
mp	454	40
mp	455	40
mp	456	38
mp	457	40
mp	458	40
mp	459	41
mp	460	43
mp	461	42
mp	462	42
mp	463	43
mp	464	43
mp	465	43
mp	466	43
mp	467	35
mp	468	37
mp	469	37
mp	470	37
mp	471	37
mp	472	37
mp	473	37
mp	474	40
mp	475	40
mp	476	36
mp	477	35
mp	478	35
mp	479	36
mp	480	36
mp	481	36
mp	482	36
mp	483	34
mp	484	34
mp	485	35
mp	486	35
mp	487	35
mp	488	35
mp	489	35
mp	490	33
mp	491	34
mp	492	35
mp	493	35
mp	494	35
mp	495	35
mp	496	35
mp	497	35
mp	498	35
mp	499	37
mp	500	37
mp	501	37
mp	502	37
mp	503	35
mp	504	35
mp	505	35
mp	506	35
mp	507	35
mp	508	36
mp	509	36
mp	510	37
mp	511	37
mp	512	37
mp	513	37
mp	514	37
mp	515	36
mp	516	36
mp	517	36
mp	518	35
mp	519	34
mp	520	32
mp	521	32
mp	522	32
mp	523	32
mp	524	32
mp	525	32
mp	526	32
mp	527	31
mp	528	31
mp	529	31
mp	530	29
mp	531	30
mp	532	30
mp	533	30
mp	534	30
mp	535	30
mp	536	30
mp	537	30
mp	538	29
mp	539	29
mp	540	29
mp	541	30
mp	542	30
mp	543	30
mp	544	29
mp	545	29
mp	546	29
mp	547	29
mp	548	30
mp	549	30
mp	550	30
mp	551	30
mp	552	30
mp	553	31
mp	554	31
mp	555	30
mp	556	30
mp	557	30
mp	558	33
mp	559	33
mp	560	33
mp	561	33
mp	562	33
mp	563	34
mp	564	32
mp	565	32
mp	566	32
mp	567	32
mp	568	33
mp	569	33
mp	570	32
mp	571	32
mp	572	31
mp	573	38
mp	574	38
mp	575	38
mp	576	39
mp	577	39
mp	578	39
mp	579	40
mp	580	41
mp	581	42
mp	582	41
mp	583	39
mp	584	39
mp	585	39
mp	586	41
mp	587	41
mp	588	42
mp	589	41
mp	590	41
mp	591	41
mp	592	41
mp	593	42
mp	594	42
mp	595	42
mp	596	42
mp	597	40
mp	598	40
mp	599	40
mp	600	40
mp	601	40
mp	602	40
mp	603	40
mp	604	40
mp	605	40
mp	606	39
mp	607	39
mp	608	39
mp	609	38
mp	610	38
mp	611	38
mp	612	38
mp	613	37
mp	614	37
mp	615	37
mp	616	37
mp	617	37
mp	618	39
mp	619	39
mp	620	39
mp	621	40
mp	622	40
mp	623	41
mp	624	40
mp	625	40
mp	626	40
mp	627	41
mp	628	41
mp	629	40
mp	630	40
mp	631	40
mp	632	38
mp	633	38
mp	634	38
mp	635	36
mp	636	34
mp	637	35
mp	638	35
mp	639	34
mp	640	36
mp	641	37
mp	642	37
mp	643	36
mp	644	37
mp	645	37
mp	646	37
mp	647	37
mp	648	37
mp	649	37
mp	650	37
mp	651	35
mp	652	35
mp	653	35
mp	654	35
mp	655	35
mp	656	35
mp	657	33
mp	658	33
mp	659	31
mp	660	31
mp	661	31
mp	662	31
mp	663	30
mp	664	31
mp	665	31
mp	666	31
mp	667	31
mp	668	32
mp	669	32
mp	670	33
mp	671	34
mp	672	33
mp	673	33
mp	674	32
mp	675	32
mp	676	30
mp	677	29
mp	678	29
mp	679	29
mp	680	29
mp	681	29
mp	682	29
mp	683	29
mp	684	30
mp	685	30
mp	686	30
mp	687	29
mp	688	27
mp	689	28
mp	690	26
mp	691	27
mp	692	27
mp	693	26
mp	694	26
mp	695	25
mp	696	25
mp	697	25
mp	698	24
mp	699	23
mp	700	22
mp	701	22
mp	702	25
mp	703	25
mp	704	25
mp	705	25
mp	706	25
mp	707	25
mp	708	25
mp	709	24
mp	710	24
mp	711	24
mp	712	25
mp	713	26
mp	714	26
mp	715	24
mp	716	24
mp	717	22
mp	718	21
mp	719	20
mp	720	20
mp	721	20
mp	722	20
mp	723	20
mp	724	21
mp	725	21
mp	726	21
mp	727	21
mp	728	21
mp	729	20
mp	730	20
mp	731	19
mp	732	19
mp	733	19
mp	734	19
mp	735	20
mp	736	20
mp	737	20
mp	738	19
mp	739	20
mp	740	20
mp	741	20
mp	742	19
mp	743	19
mp	744	19
mp	745	19
mp	746	20
mp	747	20
mp	748	20
mp	749	20
mp	750	20
mp	751	19
mp	752	19
mp	753	19
mp	754	19
mp	755	19
mp	756	19
mp	757	20
mp	758	20
mp	759	21
mp	760	20
mp	761	20
mp	762	20
mp	763	21
mp	764	21
mp	765	21
mp	766	21
mp	767	21
mp	768	20
mp	769	20
mp	770	19
mp	771	19
mp	772	19
mp	773	19
mp	774	19
mp	775	19
mp	776	19
mp	777	19
mp	778	19
mp	779	19
mp	780	19
mp	781	19
mp	782	18
mp	783	18
mp	784	18
mp	785	18
mp	786	18
mp	787	18
mp	788	18
mp	789	18
mp	790	17
mp	791	17
mp	792	17
mp	793	18
mp	794	18
mp	795	18
mp	796	18
mp	797	18
mp	798	18
mp	799	17
mp	800	17
mp	801	17
mp	802	16
mp	803	16
mp	804	16
mp	805	15
mp	806	15
mp	807	15
mp	808	16
mp	809	17
mp	810	17
mp	811	18
mp	812	18
mp	813	18
mp	814	17
mp	815	17
mp	816	17
mp	817	18
mp	818	17
mp	819	17
mp	820	18
mp	821	20
mp	822	19
mp	823	19
mp	824	19
mp	825	19
mp	826	17
mp	827	17
mp	828	18
mp	829	18
mp	830	18
mp	831	18
mp	832	17
mp	833	18
mp	834	17
mp	835	18
mp	836	18
mp	837	18
mp	838	17
mp	839	17
mp	840	16
mp	841	16
mp	842	16
mp	843	16
mp	844	16
mp	845	16
mp	846	16
mp	847	16
mp	848	17
mp	849	17
mp	850	17
mp	851	17
mp	852	17
mp	853	17
mp	854	17
mp	855	17
mp	856	17
mp	857	17
mp	858	17
mp	859	17
mp	860	17
mp	861	17
mp	862	17
mp	863	17
mp	864	17
mp	865	17
mp	866	17
mp	867	18
mp	868	18
mp	869	18
mp	870	18
mp	871	18
mp	872	17
mp	873	17
mp	874	17
mp	875	17
mp	876	19
mp	877	19
mp	878	19
mp	879	19
mp	880	19
mp	881	19
mp	882	19
mp	883	19
mp	884	20
mp	885	21
mp	886	22
mp	887	23
mp	888	23
mp	889	23
mp	890	23
mp	891	23
mp	892	23
mp	893	23
mp	894	23
mp	895	22
mp	896	22
mp	897	22
mp	898	22
mp	899	23
mp	900	24
mp	901	24
mp	902	24
mp	903	25
mp	904	25
mp	905	26
mp	906	26
mp	907	26
mp	908	24
mp	909	24
mp	910	23
mp	911	23
mp	912	23
mp	913	23
mp	914	23
mp	915	23
mp	916	23
mp	917	24
mp	918	24
mp	919	24
mp	920	24
mp	921	24
mp	922	24
mp	923	24
mp	924	23
mp	925	23
mp	926	23
mp	927	23
mp	928	23
mp	929	23
mp	930	23
mp	931	23
mp	932	22
mp	933	21
mp	934	21
mp	935	20
mp	936	20
mp	937	19
mp	938	19
mp	939	17
mp	940	17
mp	941	17
mp	942	17
mp	943	17
mp	944	17
mp	945	17
mp	946	17
mp	947	17
mp	948	16
mp	949	16
mp	950	16
mp	951	16
mp	952	17
mp	953	17
mp	954	17
mp	955	17
mp	956	17
mp	957	17
mp	958	17
mp	959	16
mp	960	15
mp	961	15
mp	962	15
mp	963	14
mp	964	14
mp	965	14
mp	966	14
mp	967	14
mp	968	14
mp	969	14
mp	970	14
mp	971	14
mp	972	14
mp	973	14
mp	974	14
mp	975	14
mp	976	14
mp	977	14
mp	978	13
mp	979	13
mp	980	13
mp	981	13
mp	982	13
mp	983	13
mp	984	12
mp	985	12
mp	986	12
mp	987	12
mp	988	12
mp	989	12
mp	990	12
mp	991	12
mp	992	12
mp	993	12
mp	994	12
mp	995	12
mp	996	12
mp	997	12
mp	998	12
mp	999	12
mp	1000	9
mp	1001	9
mp	1002	9
mp	1003	9
mp	1004	9
mp	1005	9
mp	1006	9
mp	1007	9
mp	1008	9
mp	1009	9
mp	1010	9
mp	1011	9
mp	1012	9
mp	1013	8
mp	1014	8
mp	1015	8
mp	1016	8
mp	1017	8
mp	1018	5
mp	1019	5
mp	1020	5
mp	1021	5
mp	1022	5
mp	1023	4
mp	1024	4
mp	1025	4
mp	1026	3
np	34	1
np	35	1
np	36	1
np	37	1
np	38	1
np	39	1
np	40	1
np	41	1
np	42	1
np	43	1
np	44	1
np	45	1
np	46	1
np	47	1
np	48	1
np	49	1
np	50	1
np	51	1
np	52	1
np	53	1
np	54	1
np	55	1
np	56	1
np	57	1
np	58	1
np	59	1
np	60	1
np	61	1
np	62	1
np	63	1
np	64	1
np	65	1
np	66	1
np	67	1
np	68	1
np	69	1
np	70	1
np	71	1
np	72	1
np	73	1
np	74	1
np	75	1
np	76	2
np	77	2
np	78	2
np	79	2
np	80	2
np	81	2
np	82	2
np	83	2
np	84	2
np	85	2
np	86	2
np	87	2
np	88	2
np	89	4
np	90	4
np	91	4
np	92	4
np	93	4
np	94	4
np	95	4
np	96	4
np	97	4
np	98	4
np	99	4
np	100	4
np	101	4
np	102	4
np	103	4
np	104	4
np	105	4
np	106	4
np	107	4
np	108	4
np	109	4
np	110	4
np	111	4
np	112	4
np	113	4
np	114	4
np	115	4
np	116	4
np	117	4
np	118	4
np	119	4
np	120	4
np	121	4
np	122	4
np	123	4
np	124	4
np	125	4
np	126	3
np	127	3
np	128	3
np	129	3
np	130	3
np	131	3
np	132	3
np	133	3
np	134	3
np	135	3
np	136	3
np	137	3
np	138	3
np	139	3
np	140	3
np	141	3
np	142	3
np	143	3
np	144	3
np	145	3
np	146	3
np	147	3
np	148	3
np	149	3
np	150	3
np	151	3
np	152	3
np	153	3
np	154	3
np	155	3
np	156	3
np	157	3
np	158	3
np	159	3
np	160	3
np	161	5
np	162	5
np	163	5
np	164	5
np	165	5
np	166	6
np	167	6
np	168	6
np	169	6
np	170	6
np	171	6
np	172	6
np	173	7
np	174	7
np	175	6
np	176	6
np	177	6
np	178	6
np	179	6
np	180	6
np	181	6
np	182	6
np	183	6
np	184	6
np	185	6
np	186	6
np	187	6
np	188	6
np	189	6
np	190	6
np	191	6
np	192	6
np	193	6
np	194	6
np	195	6
np	196	6
np	197	6
np	198	6
np	199	6
np	200	6
np	201	6
np	202	6
np	203	6
np	204	6
np	205	6
np	206	6
np	207	6
np	208	6
np	209	6
np	210	6
np	211	6
np	212	6
np	213	6
np	214	6
np	215	6
np	216	5
np	217	5
np	218	5
np	219	5
np	220	5
np	221	5
np	222	5
np	223	5
np	224	5
np	225	5
np	226	5
np	227	5
np	228	5
np	229	5
np	230	5
np	231	5
np	232	5
np	233	5
np	234	5
np	235	5
np	236	5
np	237	1
np	238	1
np	239	1
np	240	1
np	241	1
np	242	1
np	243	1
np	244	1
np	245	1
np	246	1
np	247	2
np	248	2
np	249	2
np	250	2
np	251	2
np	252	2
np	253	2
np	254	2
np	255	2
np	256	2
np	257	2
np	258	2
np	259	2
np	260	2
np	261	2
np	262	2
np	263	2
np	264	2
np	265	2
np	266	2
np	267	2
np	268	2
np	269	2
np	270	2
np	271	2
np	272	2
np	273	2
np	274	2
np	275	2
np	276	2
np	277	2
np	278	2
np	279	2
np	280	2
np	281	2
np	282	2
np	283	2
np	284	2
np	285	2
np	286	2
np	287	2
np	288	2
np	289	2
np	290	2
np	291	2
np	292	2
np	293	2
np	294	2
np	295	2
np	296	2
np	297	2
np	298	2
np	299	2
np	300	2
np	301	2
np	302	2
np	303	2
np	304	2
np	305	3
np	306	3
np	307	3
np	308	3
np	309	3
np	310	3
np	311	3
np	312	3
np	313	3
np	314	3
np	315	3
np	316	3
np	317	3
np	318	1
np	319	1
np	320	1
np	321	1
np	322	1
np	323	1
np	324	1
np	325	1
np	326	1
np	327	1
np	328	1
np	329	1
np	330	1
np	331	1
np	332	1
np	333	1
np	334	1
np	335	1
np	336	1
np	337	1
np	338	1
np	339	1
np	340	1
np	341	1
np	342	1
np	343	1
np	344	1
np	345	1
np	346	1
np	347	1
np	348	1
np	349	1
np	350	1
np	351	1
np	352	1
np	353	1
np	354	1
np	355	1
np	356	1
np	357	1
np	358	1
np	359	1
np	360	1
np	361	1
np	362	1
np	363	1
np	364	1
np	365	1
np	366	1
np	367	1
np	368	1
np	369	1
np	370	1
np	371	1
np	372	1
np	373	1
np	374	1
np	375	1
np	376	1
np	377	1
np	378	1
np	379	1
np	380	1
np	381	1
np	382	1
np	383	1
np	384	1
np	385	1
np	386	1
np	387	1
np	388	1
np	389	1
np	390	1
np	391	1
np	392	1
np	393	1
np	394	1
np	395	1
np	396	1
np	397	1
np	398	1
np	399	1
np	400	1
np	401	1
np	402	1
np	403	1
np	404	1
np	405	1
np	406	1
np	407	1
np	408	1
np	409	1
np	410	1
np	411	1
np	412	1
np	413	1
np	414	1
np	415	1
np	416	1
np	417	1
np	418	1
np	419	1
np	420	1
np	421	1
np	422	1
np	423	1
np	424	1
np	425	1
np	426	1
np	427	1
np	428	1
np	429	1
np	430	1
np	431	1
np	432	1
np	433	1
np	434	1
np	435	1
np	436	1
np	539	2
np	540	2
np	541	2
np	542	2
np	543	2
np	544	2
np	545	2
np	546	2
np	547	2
np	548	2
np	549	2
np	550	2
np	551	2
np	552	2
np	553	2
np	554	2
np	555	2
np	556	2
np	557	2
np	558	2
np	559	2
np	560	2
np	561	2
np	562	2
np	563	2
np	564	2
np	565	2
np	566	2
np	567	2
np	568	2
np	569	2
np	570	2
np	571	2
np	572	2
np	573	2
np	574	2
np	575	2
np	576	2
np	577	2
np	578	2
np	579	2
np	580	2
np	581	2
np	582	2
np	583	2
np	584	2
np	585	2
np	586	2
np	587	2
np	588	2
np	589	2
np	590	2
np	591	2
np	592	2
np	593	2
np	594	2
np	595	2
np	596	2
np	597	2
np	598	2
np	599	2
np	600	2
np	601	2
np	602	2
np	603	2
np	604	2
np	605	2
np	606	2
np	607	2
np	608	2
np	609	2
np	610	2
np	611	2
np	612	2
np	613	2
np	614	2
np	615	2
np	616	2
np	617	2
np	618	2
np	619	3
np	620	3
np	621	3
np	622	3
np	623	3
np	624	3
np	625	3
np	626	4
np	627	5
np	628	5
np	629	5
np	630	5
np	631	5
np	632	5
np	633	5
np	634	5
np	635	5
np	636	5
np	637	5
np	638	5
np	639	5
np	640	6
np	641	6
np	642	6
np	643	6
np	644	6
np	645	6
np	646	6
np	647	6
np	648	6
np	649	6
np	650	6
np	651	6
np	652	6
np	653	6
np	654	6
np	655	6
np	656	6
np	657	6
np	658	6
np	659	6
np	660	6
np	661	6
np	662	6
np	663	6
np	664	6
np	665	6
np	666	6
np	667	6
np	668	6
np	669	7
np	670	7
np	671	7
np	672	7
np	673	7
np	674	7
np	675	5
np	676	5
np	677	5
np	678	5
np	679	5
np	680	5
np	681	4
np	682	4
np	683	4
np	684	4
np	685	4
np	686	4
np	687	4
np	688	4
np	689	4
np	690	4
np	691	4
np	692	4
np	693	5
np	694	5
np	695	5
np	696	5
np	697	5
np	698	5
np	699	5
np	700	5
np	701	5
np	702	5
np	703	6
np	704	6
np	705	6
np	706	6
np	707	6
np	708	6
np	709	6
np	710	6
np	711	6
np	712	6
np	713	6
np	714	6
np	715	6
np	716	6
np	717	6
np	718	6
np	719	6
np	720	6
np	721	6
np	722	6
np	723	6
np	724	1
np	725	6
np	726	6
np	727	6
np	728	6
np	729	6
np	730	6
np	731	6
np	732	6
np	733	6
np	734	6
np	735	6
np	736	6
np	737	6
np	738	6
np	739	6
np	740	6
np	741	6
np	742	6
np	743	5
np	744	4
np	745	4
np	746	4
np	747	4
np	748	4
np	749	4
np	750	4
np	751	4
np	752	4
np	753	4
np	754	4
np	755	4
np	756	4
np	757	4
np	758	4
np	759	4
np	760	4
np	761	3
np	762	3
np	763	3
np	764	3
np	765	3
np	766	3
np	767	3
np	768	3
np	769	3
np	770	3
np	771	3
np	772	2
np	773	2
np	774	2
np	775	2
np	776	2
np	777	2
np	778	2
np	779	2
np	780	2
np	781	2
np	782	2
np	783	2
np	784	2
np	785	2
np	786	2
np	787	2
np	788	2
np	789	2
np	790	2
np	791	2
np	792	2
np	793	2
np	794	2
np	795	2
np	796	2
np	797	2
np	798	2
np	799	2
np	800	2
np	801	3
np	802	4
np	803	4
np	804	4
np	805	4
np	806	4
np	807	4
np	808	4
np	809	4
np	810	4
np	811	4
np	812	4
np	813	4
np	814	4
np	815	4
np	816	4
np	817	4
np	818	4
np	819	4
np	820	4
np	821	4
np	822	4
np	823	4
np	824	4
np	825	4
np	826	4
np	827	4
np	828	4
np	829	4
np	830	4
np	831	4
np	832	4
np	833	4
np	834	4
np	835	4
np	836	4
np	837	4
np	838	4
np	839	4
np	840	4
np	841	4
np	842	3
np	843	3
np	844	3
np	845	3
np	846	2
np	847	2
np	848	2
np	849	2
np	850	2
np	851	2
np	852	2
np	853	2
np	854	2
np	855	2
np	856	2
np	857	2
np	858	2
np	859	2
np	860	2
np	861	2
np	862	2
np	863	2
np	864	2
np	865	2
np	866	2
np	867	2
np	868	2
np	869	2
np	870	2
np	871	2
np	872	2
np	873	2
np	874	2
np	875	2
np	876	2
np	877	3
np	878	3
np	879	3
np	880	3
np	881	3
np	882	3
np	883	3
np	884	3
np	885	3
np	886	3
np	887	3
np	888	3
np	889	3
np	890	3
np	891	3
np	892	3
np	893	3
np	894	3
np	895	3
np	896	3
np	897	3
np	898	3
np	899	3
np	900	3
np	901	3
np	902	3
np	903	3
np	904	3
np	905	3
np	906	3
np	907	3
np	908	3
np	909	3
np	910	3
np	911	3
np	912	3
np	913	3
np	914	3
np	915	3
np	916	3
np	917	3
np	918	3
np	919	3
np	920	3
np	921	2
np	922	2
np	923	2
np	924	2
np	925	2
np	926	2
np	927	2
np	928	2
np	929	2
np	930	2
np	931	2
np	932	2
np	933	3
np	934	3
np	935	3
np	936	3
np	937	3
np	938	3
np	939	3
np	940	3
np	941	3
np	942	3
np	943	3
np	944	3
np	945	3
np	946	3
np	947	3
np	948	3
np	949	3
np	950	3
np	951	3
np	952	3
np	953	1
np	954	1
np	955	1
np	956	1
np	957	1
np	958	1
np	959	1
np	960	1
np	961	1
np	962	1
np	963	1
np	964	1
np	965	1
np	966	1
np	967	1
np	968	1
np	969	1
np	970	1
np	971	1
np	972	1
np	973	1
np	974	1
np	975	1
np	976	1
np	977	1
np	978	1
np	979	1
np	980	1
np	981	1
np	982	1
np	983	1
np	984	1
np	985	1
np	986	1
np	987	1
np	988	1
np	989	1
np	990	1
np	991	1
np	992	1
np	993	1
np	994	1
np	995	1
np	996	1
np	997	1
np	998	1
np	999	1
np	1000	1
np	1001	1
np	1002	1
np	1003	1
np	1004	1
np	1005	1
np	1006	1
np	1007	1
np	1008	1
np	1009	1
np	1010	1
np	1011	1
np	1012	1
np	1013	1
np	1147	1
np	1148	1
np	1149	1
np	1150	1
np	1151	1
np	1152	1
np	1153	1
np	1154	1
np	1155	1
np	1156	1
np	1157	1
np	1158	1
np	1159	1
np	1160	1
np	1161	1
np	1162	2
np	1163	2
np	1164	2
np	1165	2
np	1166	3
np	1167	3
np	1168	3
np	1169	3
np	1170	3
np	1171	3
np	1172	3
np	1173	3
np	1174	3
np	1175	3
np	1176	3
np	1177	4
np	1178	6
np	1179	6
np	1180	6
np	1181	6
np	1182	6
np	1183	6
np	1184	6
np	1185	6
np	1186	7
np	1187	7
np	1188	7
np	1189	7
np	1190	7
np	1191	7
np	1192	7
np	1193	7
np	1194	7
np	1195	7
np	1196	7
np	1197	7
np	1198	7
np	1199	7
np	1200	7
np	1201	7
np	1202	7
np	1203	7
np	1204	7
np	1205	7
np	1206	7
np	1207	7
np	1208	7
np	1209	7
np	1210	7
np	1211	7
np	1212	7
np	1213	7
np	1214	7
np	1215	7
np	1216	7
np	1217	7
np	1218	7
np	1219	7
np	1220	7
np	1221	7
np	1222	7
np	1223	8
np	1224	8
np	1225	8
np	1226	8
np	1227	8
np	1228	8
np	1229	8
np	1230	8
np	1231	8
np	1232	8
np	1233	8
np	1234	9
np	1235	9
np	1236	9
np	1237	9
np	1238	9
np	1239	9
np	1240	9
np	1241	9
np	1242	9
np	1243	9
np	1244	9
np	1245	9
np	1246	9
np	1247	9
np	1248	9
np	1249	10
np	1250	10
np	1251	10
np	1252	10
np	1253	10
np	1254	10
np	1255	10
np	1256	10
np	1257	10
np	1258	10
np	1259	10
np	1260	10
np	1261	10
np	1262	10
np	1263	10
np	1264	10
np	1265	10
np	1266	9
np	1267	9
np	1268	9
np	1269	9
np	1270	9
np	1271	9
np	1272	9
np	1273	9
np	1274	9
np	1275	9
np	1276	9
np	1277	9
np	1278	7
np	1279	7
np	1280	7
np	1281	7
np	1282	7
np	1283	7
np	1284	7
np	1285	7
np	1286	7
np	1287	7
np	1288	7
np	1289	7
np	1290	7
np	1291	7
np	1292	6
np	1293	6
np	1294	6
np	1295	6
np	1296	6
np	1297	6
np	1298	6
np	1299	5
np	1300	5
np	1301	5
np	1302	3
np	1303	3
np	1304	3
np	1305	3
np	1306	3
np	1307	3
np	1308	3
np	1309	3
np	1310	3
np	1311	3
np	1312	3
np	1313	3
np	1314	2
np	1315	2
np	1316	2
np	1317	2
np	1318	2
np	1319	2
np	1320	2
np	1321	2
np	1322	2
np	1323	2
np	1324	2
np	1325	2
np	1342	1
np	1343	1
np	1344	1
np	1345	1
np	1346	1
np	1347	1
np	1348	2
np	1349	2
np	1350	3
np	1351	3
np	1352	3
np	1353	3
np	1354	3
np	1355	3
np	1356	3
np	1357	3
np	1358	3
np	1359	3
np	1360	3
np	1361	3
np	1362	3
np	1363	3
np	1364	3
np	1365	3
np	1366	3
np	1367	3
np	1368	3
np	1369	3
np	1370	3
np	1371	3
np	1372	3
np	1373	3
np	1374	3
np	1375	3
np	1376	3
np	1377	3
np	1378	3
np	1379	3
np	1380	3
np	1381	3
np	1382	3
np	1383	3
np	1384	3
np	1385	3
np	1386	3
np	1387	3
np	1388	3
np	1389	3
np	1390	3
np	1391	3
np	1392	3
np	1393	3
np	1394	3
np	1395	3
np	1396	3
np	1397	4
np	1398	4
np	1399	4
np	1400	4
np	1401	5
np	1402	5
np	1403	5
np	1404	5
np	1405	5
np	1406	5
np	1407	5
np	1408	5
np	1409	5
np	1410	5
np	1411	5
np	1412	5
np	1413	5
np	1414	5
np	1415	5
np	1416	5
np	1417	5
np	1418	5
np	1419	5
np	1420	5
np	1421	5
np	1422	5
np	1423	5
np	1424	5
np	1425	5
np	1426	5
np	1427	5
np	1428	5
np	1429	5
np	1430	5
np	1431	5
np	1432	5
np	1433	5
np	1434	6
np	1435	6
np	1436	6
np	1437	6
np	1438	6
np	1439	6
np	1440	6
np	1441	6
np	1442	6
np	1443	6
np	1444	6
np	1445	6
np	1446	6
np	1447	6
np	1448	6
np	1449	6
np	1450	6
np	1451	6
np	1452	6
np	1453	6
np	1454	6
np	1455	6
np	1456	6
np	1457	6
np	1458	5
np	1459	5
np	1460	5
np	1461	5
np	1462	5
np	1463	5
np	1464	5
np	1465	5
np	1466	5
np	1467	5
np	1468	5
np	1469	5
np	1470	5
np	1471	5
np	1472	5
np	1473	5
np	1474	5
np	1475	5
np	1476	5
np	1477	5
np	1478	5
np	1479	5
np	1480	5
np	1481	5
np	1482	5
np	1483	5
np	1484	5
np	1485	3
np	1486	3
np	1487	3
np	1488	3
np	1489	3
np	1490	3
np	1491	3
np	1492	3
np	1493	3
np	1494	3
np	1495	3
np	1496	3
np	1497	2
np	1498	2
np	1499	2
np	1500	2
np	1501	2
np	1502	2
np	1503	2
np	1504	2
np	1505	2
np	1506	1
np	1507	1
np	1508	1
np	1509	1
np	1510	1
np	1511	1
np	1512	1
np	1513	1
np	1514	1
np	1515	1
np	1516	1
np	1517	1
np	1518	1
np	1519	1
np	1520	1
np	1521	1
np	1522	1
np	1523	1
np	1524	1
np	1525	1
np	1526	1
np	1527	1
np	1528	1
pb1	1	3
pb1	2	3
pb1	3	3
pb1	4	3
pb1	5	3
pb1	6	3
pb1	7	3
pb1	8	3
pb1	9	3
pb1	10	3
pb1	11	3
pb1	12	3
pb1	13	3
pb1	14	3
pb1	15	3
pb1	16	3
pb1	17	6
pb1	18	6
pb1	19	6
pb1	20	6
pb1	21	6
pb1	22	6
pb1	23	6
pb1	24	6
pb1	25	6
pb1	26	6
pb1	27	6
pb1	28	6
pb1	29	6
pb1	30	6
pb1	31	6
pb1	32	6
pb1	33	6
pb1	34	6
pb1	35	6
pb1	36	6
pb1	37	6
pb1	38	6
pb1	39	6
pb1	40	6
pb1	41	6
pb1	42	6
pb1	43	6
pb1	44	6
pb1	45	6
pb1	46	7
pb1	47	7
pb1	48	7
pb1	49	7
pb1	50	7
pb1	51	7
pb1	52	7
pb1	53	7
pb1	54	7
pb1	55	7
pb1	56	7
pb1	57	7
pb1	58	7
pb1	59	7
pb1	60	7
pb1	61	7
pb1	62	7
pb1	63	7
pb1	64	8
pb1	65	8
pb1	66	8
pb1	67	8
pb1	68	8
pb1	69	8
pb1	70	8
pb1	71	8
pb1	72	8
pb1	73	9
pb1	74	9
pb1	75	9
pb1	76	9
pb1	77	9
pb1	78	9
pb1	79	9
pb1	80	9
pb1	81	8
pb1	82	8
pb1	83	8
pb1	84	8
pb1	85	8
pb1	86	8
pb1	87	8
pb1	88	8
pb1	89	8
pb1	90	8
pb1	91	8
pb1	92	8
pb1	93	8
pb1	94	8
pb1	95	8
pb1	96	8
pb1	97	8
pb1	98	9
pb1	99	7
pb1	100	7
pb1	101	7
pb1	102	7
pb1	103	7
pb1	104	5
pb1	105	5
pb1	106	5
pb1	107	5
pb1	108	5
pb1	109	5
pb1	110	5
pb1	111	5
pb1	112	5
pb1	113	5
pb1	114	5
pb1	115	5
pb1	116	5
pb1	117	5
pb1	118	5
pb1	119	5
pb1	120	5
pb1	121	5
pb1	122	6
pb1	123	6
pb1	124	6
pb1	125	6
pb1	126	6
pb1	127	6
pb1	128	6
pb1	129	6
pb1	130	6
pb1	131	6
pb1	132	6
pb1	133	6
pb1	134	6
pb1	135	6
pb1	136	6
pb1	137	6
pb1	138	6
pb1	139	6
pb1	140	6
pb1	141	6
pb1	142	6
pb1	143	6
pb1	144	6
pb1	145	6
pb1	146	6
pb1	147	5
pb1	148	5
pb1	149	5
pb1	150	5
pb1	151	5
pb1	152	5
pb1	153	5
pb1	154	5
pb1	155	5
pb1	156	5
pb1	157	5
pb1	158	5
pb1	159	3
pb1	160	3
pb1	161	3
pb1	162	3
pb1	163	3
pb1	164	3
pb1	165	3
pb1	166	3
pb1	167	3
pb1	168	3
pb1	169	3
pb1	170	3
pb1	171	3
pb1	172	3
pb1	173	3
pb1	174	3
pb1	175	3
pb1	176	3
pb1	177	3
pb1	178	3
pb1	179	3
pb1	180	3
pb1	181	3
pb1	182	3
pb1	183	3
pb1	184	3
pb1	185	3
pb1	186	3
pb1	187	3
pb1	188	3
pb1	189	3
pb1	190	3
pb1	191	3
pb1	192	3
pb1	193	2
pb1	194	2
pb1	195	2
pb1	196	2
pb1	197	2
pb1	198	2
pb1	199	2
pb1	200	2
pb1	201	2
pb1	202	2
pb1	203	2
pb1	204	2
pb1	205	2
pb1	206	2
pb1	207	2
pb1	208	2
pb1	209	2
pb1	210	2
pb1	211	3
pb1	212	3
pb1	213	3
pb1	214	3
pb1	215	3
pb1	216	3
pb1	217	3
pb1	218	3
pb1	219	3
pb1	220	3
pb1	221	3
pb1	222	3
pb1	223	3
pb1	224	3
pb1	225	3
pb1	226	3
pb1	227	3
pb1	228	3
pb1	229	3
pb1	230	3
pb1	231	3
pb1	232	3
pb1	233	3
pb1	234	3
pb1	235	3
pb1	236	6
pb1	237	6
pb1	238	6
pb1	239	7
pb1	240	7
pb1	241	7
pb1	242	7
pb1	243	7
pb1	244	8
pb1	245	8
pb1	246	8
pb1	247	8
pb1	248	8
pb1	249	7
pb1	250	7
pb1	251	7
pb1	252	7
pb1	253	6
pb1	254	6
pb1	255	6
pb1	256	6
pb1	257	6
pb1	258	6
pb1	259	6
pb1	260	6
pb1	261	6
pb1	262	6
pb1	263	6
pb1	264	6
pb1	265	6
pb1	266	6
pb1	267	6
pb1	268	6
pb1	269	7
pb1	270	7
pb1	271	7
pb1	272	6
pb1	273	6
pb1	274	6
pb1	275	6
pb1	276	6
pb1	277	6
pb1	278	6
pb1	279	6
pb1	280	6
pb1	281	6
pb1	282	6
pb1	283	6
pb1	284	6
pb1	285	6
pb1	286	6
pb1	287	6
pb1	288	6
pb1	289	6
pb1	290	6
pb1	291	6
pb1	292	6
pb1	293	6
pb1	294	6
pb1	295	6
pb1	296	6
pb1	297	6
pb1	298	6
pb1	299	7
pb1	300	7
pb1	301	7
pb1	302	7
pb1	303	7
pb1	304	8
pb1	305	8
pb1	306	8
pb1	307	8
pb1	308	8
pb1	309	8
pb1	310	8
pb1	311	8
pb1	312	8
pb1	313	8
pb1	314	8
pb1	315	8
pb1	316	8
pb1	317	8
pb1	318	8
pb1	319	8
pb1	320	8
pb1	321	8
pb1	322	8
pb1	323	8
pb1	324	8
pb1	325	8
pb1	326	8
pb1	327	7
pb1	328	7
pb1	329	7
pb1	330	7
pb1	331	7
pb1	332	7
pb1	333	7
pb1	334	7
pb1	335	6
pb1	336	6
pb1	337	6
pb1	338	6
pb1	339	6
pb1	340	6
pb1	341	6
pb1	342	6
pb1	343	6
pb1	344	7
pb1	345	7
pb1	346	7
pb1	347	7
pb1	348	7
pb1	349	7
pb1	350	7
pb1	351	7
pb1	352	7
pb1	353	7
pb1	354	7
pb1	355	7
pb1	356	7
pb1	357	7
pb1	358	7
pb1	359	7
pb1	360	7
pb1	361	7
pb1	362	7
pb1	363	7
pb1	364	7
pb1	365	7
pb1	366	7
pb1	367	7
pb1	368	7
pb1	369	7
pb1	370	7
pb1	371	7
pb1	372	7
pb1	373	7
pb1	374	7
pb1	375	7
pb1	376	7
pb1	377	7
pb1	378	7
pb1	379	7
pb1	380	5
pb1	381	5
pb1	382	5
pb1	383	5
pb1	384	5
pb1	385	5
pb1	386	4
pb1	387	4
pb1	388	3
pb1	389	3
pb1	390	3
pb1	391	3
pb1	392	3
pb1	393	2
pb1	394	2
pb1	395	2
pb1	396	2
pb1	397	2
pb1	398	2
pb1	399	2
pb1	400	2
pb1	401	2
pb1	402	2
pb1	403	2
pb1	404	2
pb1	405	2
pb1	406	2
pb1	407	2
pb1	408	2
pb1	409	2
pb1	410	2
pb1	411	2
pb1	412	2
pb1	413	2
pb1	414	2
pb1	415	2
pb1	416	2
pb1	417	2
pb1	418	2
pb1	419	2
pb1	420	2
pb1	421	2
pb1	422	2
pb1	423	2
pb1	424	2
pb1	425	2
pb1	426	2
pb1	427	2
pb1	428	2
pb1	429	2
pb1	430	2
pb1	431	2
pb1	432	2
pb1	433	3
pb1	434	3
pb1	435	3
pb1	436	3
pb1	437	3
pb1	438	3
pb1	439	3
pb1	440	3
pb1	441	3
pb1	442	3
pb1	443	3
pb1	444	3
pb1	445	3
pb1	446	3
pb1	447	3
pb1	448	3
pb1	449	2
pb1	450	2
pb1	451	2
pb1	452	2
pb1	453	2
pb1	454	2
pb1	455	2
pb1	456	2
pb1	457	2
pb1	458	2
pb1	459	2
pb1	460	2
pb1	461	2
pb1	462	2
pb1	463	2
pb1	464	2
pb1	465	2
pb1	466	2
pb1	467	2
pb1	468	2
pb1	469	3
pb1	470	3
pb1	471	3
pb1	472	3
pb1	473	3
pb1	474	3
pb1	475	3
pb1	476	3
pb1	477	3
pb1	478	3
pb1	479	3
pb1	480	3
pb1	481	3
pb1	482	3
pb1	483	3
pb1	484	3
pb1	485	3
pb1	486	3
pb1	487	3
pb1	488	3
pb1	489	3
pb1	490	3
pb1	491	3
pb1	492	3
pb1	493	3
pb1	494	2
pb1	495	2
pb1	496	2
pb1	497	2
pb1	498	2
pb1	499	2
pb1	500	2
pb1	501	2
pb1	502	2
pb1	503	2
pb1	504	2
pb1	505	2
pb1	506	2
pb1	507	2
pb1	508	2
pb1	509	2
pb1	510	2
pb1	511	2
pb1	512	2
pb1	513	2
pb1	514	3
pb1	515	3
pb1	516	3
pb1	517	3
pb1	518	3
pb1	519	3
pb1	520	3
pb1	521	3
pb1	522	3
pb1	523	3
pb1	524	3
pb1	525	3
pb1	526	3
pb1	527	3
pb1	528	3
pb1	529	3
pb1	530	3
pb1	531	3
pb1	532	3
pb1	533	3
pb1	534	3
pb1	535	4
pb1	536	4
pb1	537	4
pb1	538	4
pb1	539	4
pb1	540	3
pb1	541	3
pb1	542	3
pb1	543	3
pb1	544	3
pb1	545	3
pb1	546	3
pb1	547	3
pb1	548	3
pb1	549	3
pb1	550	3
pb1	551	3
pb1	552	3
pb1	553	3
pb1	554	3
pb1	555	3
pb1	556	3
pb1	557	3
pb1	558	3
pb1	559	3
pb1	560	3
pb1	561	4
pb1	562	4
pb1	563	4
pb1	564	4
pb1	565	4
pb1	566	4
pb1	567	5
pb1	568	5
pb1	569	5
pb1	570	5
pb1	571	5
pb1	572	5
pb1	573	5
pb1	574	5
pb1	575	5
pb1	576	5
pb1	577	5
pb1	578	5
pb1	579	5
pb1	580	5
pb1	581	5
pb1	582	5
pb1	583	5
pb1	584	5
pb1	585	5
pb1	586	5
pb1	587	5
pb1	588	5
pb1	589	7
pb1	590	7
pb1	591	7
pb1	592	7
pb1	593	7
pb1	594	7
pb1	595	7
pb1	596	7
pb1	597	7
pb1	598	7
pb1	599	8
pb1	600	8
pb1	601	8
pb1	602	8
pb1	603	8
pb1	604	8
pb1	605	8
pb1	606	8
pb1	607	8
pb1	608	8
pb1	609	8
pb1	610	8
pb1	611	8
pb1	612	8
pb1	613	8
pb1	614	8
pb1	615	8
pb1	616	8
pb1	617	7
pb1	618	7
pb1	619	7
pb1	620	7
pb1	621	7
pb1	622	7
pb1	623	7
pb1	624	7
pb1	625	7
pb1	626	7
pb1	627	7
pb1	628	7
pb1	629	7
pb1	630	7
pb1	631	7
pb1	632	7
pb1	633	7
pb1	634	7
pb1	635	7
pb1	636	7
pb1	637	7
pb1	638	7
pb1	639	7
pb1	640	7
pb1	641	7
pb1	642	7
pb1	643	7
pb1	644	7
pb1	645	7
pb1	646	7
pb1	647	7
pb1	648	7
pb1	649	7
pb1	650	7
pb1	651	7
pb1	652	7
pb1	653	7
pb1	654	7
pb1	655	7
pb1	656	7
pb1	657	7
pb1	658	7
pb1	659	7
pb1	660	7
pb1	661	6
pb1	662	6
pb1	663	6
pb1	664	6
pb1	665	6
pb1	666	6
pb1	667	6
pb1	668	6
pb1	669	6
pb1	670	6
pb1	671	6
pb1	672	6
pb1	673	6
pb1	674	6
pb1	675	6
pb1	676	6
pb1	677	8
pb1	678	8
pb1	679	8
pb1	680	8
pb1	681	8
pb1	682	8
pb1	683	7
pb1	684	7
pb1	685	7
pb1	686	6
pb1	687	6
pb1	688	5
pb1	689	5
pb1	690	5
pb1	691	5
pb1	692	5
pb1	693	5
pb1	694	5
pb1	695	5
pb1	696	5
pb1	697	4
pb1	698	4
pb1	699	3
pb1	700	3
pb1	701	3
pb1	702	3
pb1	703	3
pb1	704	3
pb1	705	3
pb1	706	3
pb1	707	3
pb1	708	3
pb1	709	3
pb1	710	3
pb1	711	3
pb1	712	3
pb1	713	3
pb1	714	3
pb1	715	3
pb1	716	3
pb1	717	3
pb1	718	3
pb1	719	3
pb1	720	3
pb1	721	3
pb1	722	3
pb1	723	3
pb1	724	3
pb1	725	3
pb1	726	3
pb1	727	3
pb1	728	3
pb1	729	3
pb1	730	3
pb1	731	3
pb1	732	3
pb1	733	3
pb1	734	3
pb1	735	3
pb1	736	3
pb1	737	3
pb1	738	3
pb1	739	3
pb1	740	3
pb1	741	3
pb1	742	3
pb1	743	3
pb1	744	3
pb1	745	3
pb1	746	3
pb1	747	3
pb1	748	3
pb1	749	3
pb1	750	3
pb1	751	3
pb1	752	3
pb1	753	3
pb1	754	3
pb1	755	3
pb1	756	3
pb1	757	3
pb1	758	3
pb1	759	3
pb1	760	3
pb1	761	3
pb1	762	3
pb1	763	3
pb1	764	3
pb1	765	3
pb1	766	3
pb1	767	3
pb1	768	3
pb1	769	3
pb1	770	3
pb1	771	3
pb1	772	3
pb1	773	3
pb1	774	3
pb1	775	3
pb1	776	3
pb1	777	3
pb1	778	3
pb1	779	3
pb1	780	3
pb1	781	3
pb1	782	3
pb1	783	3
pb1	784	3
pb1	785	3
pb1	786	3
pb1	787	3
pb1	788	3
pb1	789	3
pb1	790	3
pb1	791	3
pb1	792	3
pb1	793	3
pb1	794	3
pb1	795	3
pb1	796	3
pb1	797	3
pb1	798	3
pb1	799	3
pb1	800	3
pb1	801	3
pb1	802	3
pb1	803	3
pb1	804	3
pb1	805	2
pb1	806	2
pb1	807	2
pb1	808	2
pb1	809	2
pb1	810	2
pb1	811	2
pb1	812	2
pb1	813	2
pb1	814	2
pb1	815	2
pb1	816	2
pb1	817	2
pb1	818	2
pb1	819	2
pb1	820	2
pb1	821	2
pb1	822	2
pb1	823	2
pb1	824	2
pb1	1225	1
pb1	1226	1
pb1	1227	1
pb1	1228	1
pb1	1229	1
pb1	1230	1
pb1	1231	1
pb1	1232	1
pb1	1233	1
pb1	1234	1
pb1	1235	1
pb1	1236	1
pb1	1237	1
pb1	1238	1
pb1	1239	1
pb1	1240	1
pb1	1241	1
pb1	1242	1
pb1	1243	1
pb1	1244	1
pb1	1245	1
pb1	1246	1
pb1	1247	1
pb1	1248	1
pb1	1249	1
pb1	1250	1
pb1	1251	2
pb1	1252	2
pb1	1253	2
pb1	1254	2
pb1	1255	3
pb1	1256	3
pb1	1257	3
pb1	1258	3
pb1	1259	3
pb1	1260	3
pb1	1261	3
pb1	1262	3
pb1	1263	3
pb1	1264	3
pb1	1265	3
pb1	1266	3
pb1	1267	3
pb1	1268	3
pb1	1269	3
pb1	1270	3
pb1	1271	4
pb1	1272	4
pb1	1273	4
pb1	1274	4
pb1	1275	4
pb1	1276	4
pb1	1277	4
pb1	1278	4
pb1	1279	7
pb1	1280	8
pb1	1281	8
pb1	1282	8
pb1	1283	8
pb1	1284	8
pb1	1285	8
pb1	1286	8
pb1	1287	8
pb1	1288	8
pb1	1289	8
pb1	1290	8
pb1	1291	8
pb1	1292	8
pb1	1293	8
pb1	1294	8
pb1	1295	8
pb1	1296	8
pb1	1297	8
pb1	1298	10
pb1	1299	10
pb1	1300	10
pb1	1301	10
pb1	1302	10
pb1	1303	10
pb1	1304	10
pb1	1305	10
pb1	1306	10
pb1	1307	10
pb1	1308	10
pb1	1309	10
pb1	1310	10
pb1	1311	10
pb1	1312	10
pb1	1313	10
pb1	1314	10
pb1	1315	10
pb1	1316	10
pb1	1317	10
pb1	1318	10
pb1	1319	10
pb1	1320	10
pb1	1321	10
pb1	1322	10
pb1	1323	10
pb1	1324	10
pb1	1325	10
pb1	1326	10
pb1	1327	10
pb1	1328	10
pb1	1329	10
pb1	1330	10
pb1	1331	10
pb1	1332	10
pb1	1333	10
pb1	1334	10
pb1	1335	9
pb1	1336	9
pb1	1337	9
pb1	1338	9
pb1	1339	9
pb1	1340	9
pb1	1341	9
pb1	1342	10
pb1	1343	10
pb1	1344	10
pb1	1345	10
pb1	1346	10
pb1	1347	10
pb1	1348	10
pb1	1349	10
pb1	1350	10
pb1	1351	10
pb1	1352	10
pb1	1353	10
pb1	1354	10
pb1	1355	10
pb1	1356	10
pb1	1357	10
pb1	1358	10
pb1	1359	10
pb1	1360	10
pb1	1361	10
pb1	1362	9
pb1	1363	9
pb1	1364	9
pb1	1365	9
pb1	1366	9
pb1	1367	9
pb1	1368	9
pb1	1369	9
pb1	1370	9
pb1	1371	13
pb1	1372	13
pb1	1373	13
pb1	1374	13
pb1	1375	12
pb1	1376	12
pb1	1377	12
pb1	1378	13
pb1	1379	13
pb1	1380	13
pb1	1381	13
pb1	1382	13
pb1	1383	12
pb1	1384	12
pb1	1385	12
pb1	1386	12
pb1	1387	12
pb1	1388	12
pb1	1389	12
pb1	1390	12
pb1	1391	12
pb1	1392	12
pb1	1393	12
pb1	1394	12
pb1	1395	12
pb1	1396	12
pb1	1397	12
pb1	1398	12
pb1	1399	12
pb1	1400	12
pb1	1401	12
pb1	1402	12
pb1	1403	12
pb1	1404	12
pb1	1405	11
pb1	1406	11
pb1	1407	11
pb1	1408	13
pb1	1409	13
pb1	1410	13
pb1	1411	13
pb1	1412	13
pb1	1413	8
pb1	1414	8
pb1	1415	8
pb1	1416	8
pb1	1417	8
pb1	1418	8
pb1	1419	8
pb1	1420	8
pb1	1421	8
pb1	1422	8
pb1	1423	8
pb1	1424	8
pb1	1425	8
pb1	1426	8
pb1	1427	8
pb1	1428	6
pb1	1429	6
pb1	1430	6
pb1	1431	6
pb1	1432	6
pb1	1433	6
pb1	1434	6
pb1	1435	6
pb1	1436	6
pb1	1437	6
pb1	1438	6
pb1	1439	6
pb1	1440	6
pb1	1441	6
pb1	1442	6
pb1	1443	6
pb1	1444	6
pb1	1445	6
pb1	1446	6
pb1	1447	6
pb1	1448	6
pb1	1449	6
pb1	1450	6
pb1	1451	6
pb1	1452	4
pb1	1453	4
pb1	1454	4
pb1	1455	4
pb1	1456	4
pb1	1457	4
pb1	1458	4
pb1	1459	4
pb1	1460	4
pb1	1461	3
pb1	1462	3
pb1	1463	3
pb1	1464	4
pb1	1465	4
pb1	1466	4
pb1	1467	4
pb1	1468	4
pb1	1469	4
pb1	1470	4
pb1	1471	5
pb1	1472	5
pb1	1473	5
pb1	1474	5
pb1	1475	5
pb1	1476	6
pb1	1477	6
pb1	1478	6
pb1	1479	6
pb1	1480	6
pb1	1481	6
pb1	1482	6
pb1	1483	6
pb1	1484	6
pb1	1485	6
pb1	1486	6
pb1	1487	6
pb1	1488	6
pb1	1489	6
pb1	1490	5
pb1	1491	5
pb1	1492	5
pb1	1493	5
pb1	1494	5
pb1	1495	5
pb1	1496	5
pb1	1497	5
pb1	1498	5
pb1	1499	5
pb1	1500	5
pb1	1501	5
pb1	1502	4
pb1	1503	4
pb1	1504	4
pb1	1505	4
pb1	1506	4
pb1	1507	4
pb1	1508	4
pb1	1509	4
pb1	1510	4
pb1	1511	4
pb1	1512	4
pb1	1513	4
pb1	1514	4
pb1	1515	4
pb1	1516	4
pb1	1517	4
pb1	1518	5
pb1	1519	5
pb1	1520	5
pb1	1521	5
pb1	1522	5
pb1	1523	6
pb1	1524	6
pb1	1525	6
pb1	1526	6
pb1	1527	6
pb1	1528	6
pb1	1529	6
pb1	1530	6
pb1	1531	6
pb1	1532	6
pb1	1533	6
pb1	1534	6
pb1	1535	6
pb1	1536	6
pb1	1537	6
pb1	1538	6
pb1	1539	6
pb1	1540	6
pb1	1541	6
pb1	1542	6
pb1	1543	6
pb1	1544	6
pb1	1545	6
pb1	1546	7
pb1	1547	7
pb1	1548	7
pb1	1549	7
pb1	1550	7
pb1	1551	7
pb1	1552	7
pb1	1553	7
pb1	1554	6
pb1	1555	6
pb1	1556	6
pb1	1557	5
pb1	1558	5
pb1	1559	5
pb1	1560	5
pb1	1561	5
pb1	1562	5
pb1	1563	5
pb1	1564	5
pb1	1565	5
pb1	1566	5
pb1	1567	7
pb1	1568	7
pb1	1569	7
pb1	1570	8
pb1	1571	8
pb1	1572	8
pb1	1573	8
pb1	1574	8
pb1	1575	8
pb1	1576	11
pb1	1577	11
pb1	1578	11
pb1	1579	12
pb1	1580	13
pb1	1581	13
pb1	1582	13
pb1	1583	13
pb1	1584	13
pb1	1585	13
pb1	1586	13
pb1	1587	13
pb1	1588	14
pb1	1589	14
pb1	1590	14
pb1	1591	14
pb1	1592	14
pb1	1593	15
pb1	1594	15
pb1	1595	17
pb1	1596	17
pb1	1597	17
pb1	1598	17
pb1	1599	17
pb1	1600	17
pb1	1601	17
pb1	1602	17
pb1	1603	17
pb1	1604	17
pb1	1605	17
pb1	1606	20
pb1	1607	20
pb1	1608	20
pb1	1609	20
pb1	1610	19
pb1	1611	19
pb1	1612	20
pb1	1613	20
pb1	1614	20
pb1	1615	20
pb1	1616	20
pb1	1617	20
pb1	1618	19
pb1	1619	19
pb1	1620	19
pb1	1621	19
pb1	1622	19
pb1	1623	20
pb1	1624	20
pb1	1625	20
pb1	1626	20
pb1	1627	20
pb1	1628	20
pb1	1629	18
pb1	1630	18
pb1	1631	18
pb1	1632	18
pb1	1633	18
pb1	1634	18
pb1	1635	17
pb1	1636	17
pb1	1637	17
pb1	1638	17
pb1	1639	17
pb1	1640	17
pb1	1641	17
pb1	1642	17
pb1	1643	17
pb1	1644	17
pb1	1645	17
pb1	1646	17
pb1	1647	17
pb1	1648	17
pb1	1649	17
pb1	1650	17
pb1	1651	17
pb1	1652	17
pb1	1653	16
pb1	1654	17
pb1	1655	17
pb1	1656	17
pb1	1657	17
pb1	1658	17
pb1	1659	17
pb1	1660	17
pb1	1661	17
pb1	1662	17
pb1	1663	15
pb1	1664	15
pb1	1665	13
pb1	1666	13
pb1	1667	13
pb1	1668	13
pb1	1669	13
pb1	1670	13
pb1	1671	13
pb1	1672	13
pb1	1673	13
pb1	1674	13
pb1	1675	14
pb1	1676	14
pb1	1677	14
pb1	1678	14
pb1	1679	14
pb1	1680	14
pb1	1681	14
pb1	1682	14
pb1	1683	13
pb1	1684	13
pb1	1685	13
pb1	1686	13
pb1	1687	12
pb1	1688	11
pb1	1689	11
pb1	1690	11
pb1	1691	11
pb1	1692	10
pb1	1693	10
pb1	1694	10
pb1	1695	10
pb1	1696	9
pb1	1697	9
pb1	1698	9
pb1	1699	9
pb1	1700	9
pb1	1701	6
pb1	1702	6
pb1	1703	6
pb1	1704	6
pb1	1705	6
pb1	1706	6
pb1	1707	6
pb1	1708	8
pb1	1709	8
pb1	1710	8
pb1	1711	8
pb1	1712	8
pb1	1713	8
pb1	1714	8
pb1	1715	8
pb1	1716	7
pb1	1717	7
pb1	1718	7
pb1	1719	8
pb1	1720	8
pb1	1721	8
pb1	1722	8
pb1	1723	8
pb1	1724	8
pb1	1725	8
pb1	1726	8
pb1	1727	8
pb1	1728	8
pb1	1729	8
pb1	1730	8
pb1	1731	8
pb1	1732	8
pb1	1733	8
pb1	1734	8
pb1	1735	9
pb1	1736	9
pb1	1737	11
pb1	1738	11
pb1	1739	11
pb1	1740	11
pb1	1741	11
pb1	1742	11
pb1	1743	11
pb1	1744	11
pb1	1745	11
pb1	1746	11
pb1	1747	11
pb1	1748	11
pb1	1749	11
pb1	1750	10
pb1	1751	10
pb1	1752	11
pb1	1753	11
pb1	1754	11
pb1	1755	11
pb1	1756	11
pb1	1757	10
pb1	1758	10
pb1	1759	10
pb1	1760	10
pb1	1761	10
pb1	1762	11
pb1	1763	11
pb1	1764	11
pb1	1765	11
pb1	1766	11
pb1	1767	11
pb1	1768	11
pb1	1769	11
pb1	1770	11
pb1	1771	11
pb1	1772	11
pb1	1773	11
pb1	1774	10
pb1	1775	10
pb1	1776	10
pb1	1777	10
pb1	1778	10
pb1	1779	10
pb1	1780	10
pb1	1781	10
pb1	1782	10
pb1	1783	10
pb1	1784	10
pb1	1785	10
pb1	1786	10
pb1	1787	10
pb1	1788	10
pb1	1789	10
pb1	1790	10
pb1	1791	10
pb1	1792	10
pb1	1793	10
pb1	1794	10
pb1	1795	10
pb1	1796	10
pb1	1797	10
pb1	1798	11
pb1	1799	12
pb1	1800	12
pb1	1801	12
pb1	1802	11
pb1	1803	11
pb1	1804	10
pb1	1805	10
pb1	1806	10
pb1	1807	10
pb1	1808	10
pb1	1809	10
pb1	1810	10
pb1	1811	10
pb1	1812	10
pb1	1813	10
pb1	1814	10
pb1	1815	10
pb1	1816	10
pb1	1817	10
pb1	1818	8
pb1	1819	8
pb1	1820	9
pb1	1821	9
pb1	1822	9
pb1	1823	9
pb1	1824	7
pb1	1825	7
pb1	1826	7
pb1	1827	7
pb1	1828	8
pb1	1829	8
pb1	1830	8
pb1	1831	8
pb1	1832	8
pb1	1833	8
pb1	1834	8
pb1	1835	8
pb1	1836	8
pb1	1837	8
pb1	1838	8
pb1	1839	7
pb1	1840	7
pb1	1841	7
pb1	1842	7
pb1	1843	7
pb1	1844	7
pb1	1845	7
pb1	1846	7
pb1	1847	7
pb1	1848	7
pb1	1849	7
pb1	1850	7
pb1	1851	7
pb1	1852	8
pb1	1853	8
pb1	1854	8
pb1	1855	8
pb1	1856	8
pb1	1857	8
pb1	1858	8
pb1	1859	8
pb1	1860	8
pb1	1861	8
pb1	1862	8
pb1	1863	8
pb1	1864	8
pb1	1865	8
pb1	1866	8
pb1	1867	8
pb1	1868	8
pb1	1869	8
pb1	1870	8
pb1	1871	8
pb1	1872	8
pb1	1873	8
pb1	1874	8
pb1	1875	8
pb1	1876	8
pb1	1877	8
pb1	1878	8
pb1	1879	7
pb1	1880	7
pb1	1881	7
pb1	1882	7
pb1	1883	7
pb1	1884	7
pb1	1885	7
pb1	1886	7
pb1	1887	7
pb1	1888	7
pb1	1889	7
pb1	1890	7
pb1	1891	7
pb1	1892	7
pb1	1893	7
pb1	1894	7
pb1	1895	7
pb1	1896	7
pb1	1897	8
pb1	1898	8
pb1	1899	8
pb1	1900	8
pb1	1901	8
pb1	1902	7
pb1	1903	7
pb1	1904	7
pb1	1905	7
pb1	1906	7
pb1	1907	7
pb1	1908	7
pb1	1909	7
pb1	1910	7
pb1	1911	7
pb1	1912	6
pb1	1913	6
pb1	1914	6
pb1	1915	6
pb1	1916	6
pb1	1917	6
pb1	1918	7
pb1	1919	7
pb1	1920	7
pb1	1921	7
pb1	1922	7
pb1	1923	7
pb1	1924	7
pb1	1925	7
pb1	1926	7
pb1	1927	8
pb1	1928	8
pb1	1929	8
pb1	1930	8
pb1	1931	8
pb1	1932	7
pb1	1933	7
pb1	1934	7
pb1	1935	7
pb1	1936	7
pb1	1937	7
pb1	1938	7
pb1	1939	6
pb1	1940	6
pb1	1941	6
pb1	1942	6
pb1	1943	6
pb1	1944	6
pb1	1945	6
pb1	1946	6
pb1	1947	6
pb1	1948	5
pb1	1949	4
pb1	1950	4
pb1	1951	4
pb1	1952	4
pb1	1953	4
pb1	1954	4
pb1	1955	4
pb1	1956	4
pb1	1957	4
pb1	1958	4
pb1	1959	4
pb1	1960	4
pb1	1961	4
pb1	1962	4
pb1	1963	4
pb1	1964	4
pb1	1965	4
pb1	1966	4
pb1	1967	4
pb1	1968	4
pb1	1969	4
pb1	1970	4
pb1	1971	4
pb1	1972	4
pb1	1973	4
pb1	1974	4
pb1	1975	4
pb1	1976	4
pb1	1977	4
pb1	1978	5
pb1	1979	5
pb1	1980	5
pb1	1981	5
pb1	1982	5
pb1	1983	5
pb1	1984	5
pb1	1985	5
pb1	1986	5
pb1	1987	5
pb1	1988	5
pb1	1989	5
pb1	1990	5
pb1	1991	5
pb1	1992	4
pb1	1993	4
pb1	1994	4
pb1	1995	4
pb1	1996	4
pb1	1997	4
pb1	1998	4
pb1	1999	3
pb1	2000	3
pb1	2001	3
pb1	2002	3
pb1	2003	3
pb1	2004	3
pb1	2005	3
pb1	2006	3
pb1	2007	3
pb1	2008	3
pb1	2009	3
pb1	2010	3
pb1	2011	3
pb1	2012	3
pb1	2013	3
pb1	2014	3
pb1	2015	3
pb1	2016	3
pb1	2017	3
pb1	2018	3
pb1	2019	3
pb1	2020	5
pb1	2021	5
pb1	2022	5
pb1	2023	5
pb1	2024	5
pb1	2025	4
pb1	2026	4
pb1	2027	4
pb1	2028	4
pb1	2029	4
pb1	2030	4
pb1	2031	4
pb1	2032	5
pb1	2033	5
pb1	2034	5
pb1	2035	5
pb1	2036	5
pb1	2037	4
pb1	2038	4
pb1	2039	4
pb1	2040	4
pb1	2041	4
pb1	2042	4
pb1	2043	4
pb1	2044	4
pb1	2045	4
pb1	2046	4
pb1	2047	4
pb1	2048	4
pb1	2049	5
pb1	2050	5
pb1	2051	5
pb1	2052	5
pb1	2053	5
pb1	2054	5
pb1	2055	5
pb1	2056	6
pb1	2057	6
pb1	2058	6
pb1	2059	6
pb1	2060	6
pb1	2061	6
pb1	2062	6
pb1	2063	6
pb1	2064	6
pb1	2065	6
pb1	2066	6
pb1	2067	6
pb1	2068	6
pb1	2069	6
pb1	2070	6
pb1	2071	7
pb1	2072	7
pb1	2073	7
pb1	2074	7
pb1	2075	7
pb1	2076	7
pb1	2077	7
pb1	2078	7
pb1	2079	7
pb1	2080	7
pb1	2081	7
pb1	2082	7
pb1	2083	7
pb1	2084	7
pb1	2085	7
pb1	2086	8
pb1	2087	9
pb1	2088	9
pb1	2089	9
pb1	2090	8
pb1	2091	8
pb1	2092	8
pb1	2093	8
pb1	2094	8
pb1	2095	8
pb1	2096	8
pb1	2097	8
pb1	2098	8
pb1	2099	8
pb1	2100	8
pb1	2101	8
pb1	2102	8
pb1	2103	8
pb1	2104	8
pb1	2105	8
pb1	2106	8
pb1	2107	8
pb1	2108	8
pb1	2109	8
pb1	2110	8
pb1	2111	8
pb1	2112	8
pb1	2113	8
pb1	2114	8
pb1	2115	8
pb1	2116	8
pb1	2117	8
pb1	2118	7
pb1	2119	7
pb1	2120	7
pb1	2121	7
pb1	2122	7
pb1	2123	7
pb1	2124	7
pb1	2125	7
pb1	2126	7
pb1	2127	7
pb1	2128	7
pb1	2129	7
pb1	2130	7
pb1	2131	7
pb1	2132	7
pb1	2133	7
pb1	2134	7
pb1	2135	7
pb1	2136	7
pb1	2137	7
pb1	2138	7
pb1	2139	7
pb1	2140	7
pb1	2141	7
pb1	2142	7
pb1	2143	7
pb1	2144	7
pb1	2145	7
pb1	2146	7
pb1	2147	7
pb1	2148	7
pb1	2149	8
pb1	2150	8
pb1	2151	8
pb1	2152	8
pb1	2153	8
pb1	2154	8
pb1	2155	8
pb1	2156	8
pb1	2157	8
pb1	2158	8
pb1	2159	9
pb1	2160	9
pb1	2161	9
pb1	2162	8
pb1	2163	8
pb1	2164	8
pb1	2165	8
pb1	2166	6
pb1	2167	6
pb1	2168	6
pb1	2169	6
pb1	2170	6
pb1	2171	6
pb1	2172	6
pb1	2173	6
pb1	2174	6
pb1	2175	6
pb1	2176	6
pb1	2177	6
pb1	2178	6
pb1	2179	6
pb1	2180	6
pb1	2181	5
pb1	2182	5
pb1	2183	5
pb1	2184	5
pb1	2185	5
pb1	2186	6
pb1	2187	6
pb1	2188	6
pb1	2189	6
pb1	2190	6
pb1	2191	6
pb1	2192	6
pb1	2193	7
pb1	2194	7
pb1	2195	6
pb1	2196	6
pb1	2197	6
pb1	2198	6
pb1	2199	6
pb1	2200	6
pb1	2201	6
pb1	2202	5
pb1	2203	5
pb1	2204	5
pb1	2205	5
pb1	2206	5
pb1	2207	5
pb1	2208	5
pb1	2209	5
pb1	2210	5
pb1	2211	5
pb1	2212	5
pb1	2213	5
pb1	2214	5
pb1	2215	5
pb1	2216	5
pb1	2217	5
pb1	2218	5
pb1	2219	5
pb1	2220	5
pb1	2221	5
pb1	2222	5
pb1	2223	5
pb1	2224	5
pb1	2225	5
pb1	2226	5
pb1	2227	5
pb1	2228	5
pb1	2229	5
pb1	2230	5
pb1	2231	5
pb1	2232	5
pb1	2233	5
pb1	2234	5
pb1	2235	4
pb1	2236	4
pb1	2237	4
pb1	2238	4
pb1	2239	4
pb1	2240	4
pb1	2241	4
pb1	2242	4
pb1	2243	4
pb1	2244	4
pb1	2245	4
pb1	2246	4
pb1	2247	4
pb1	2248	4
pb1	2249	4
pb1	2250	4
pb1	2251	4
pb1	2252	4
pb1	2253	4
pb1	2254	4
pb1	2255	4
pb1	2256	4
pb1	2257	4
pb1	2258	4
pb1	2259	3
pb1	2260	3
pb1	2261	3
pb1	2262	3
pb1	2263	3
pb1	2264	3
pb1	2265	3
pb1	2266	3
pb1	2267	3
pb1	2268	3
pb1	2269	3
pb1	2270	3
pb1	2271	3
pb1	2272	3
pb1	2273	3
pb1	2274	3
pb1	2275	3
pb1	2276	3
pb1	2277	3
pb1	2278	3
pb1	2279	2
pb1	2280	2
pb1	2281	2
pb1	2282	2
pb1	2283	2
pb1	2284	2
pb1	2285	2
pb1	2286	2
pb1	2287	2
pb1	2288	2
pb1	2289	1
pb1	2290	1
pb1	2291	1
pb1	2292	1
pb1	2293	1
pb1	2294	1
pb1	2295	1
pb1	2296	1
pb1	2297	1
pb1	2298	1
pb1	2299	1
pb1	2300	1
pb1	2301	1
pb1	2302	1
pb1	2303	1
pb1	2304	1
pb1	2305	1
pb1	2306	1
pb1	2307	1
pb1	2308	1
pb1	2309	1
pb1	2310	1
pb1	2311	1
pb1	2312	1
pb1	2313	1
pb1	2314	1
pb1	2315	1
pb1	2316	1
pb1	2317	1
pb1	2318	1
pb1	2319	1
pb1	2320	1
pb1	2321	1
pb1	2322	1
pb1	2323	1
pb1	2324	1
pb1	2325	1
pb1	2326	1
pb1	2327	1
pb1	2328	1
pb1	2329	1
pb1	2330	1
pb1	2331	1
pb1	2332	1
pb1	2333	1
pb1	2334	1
pb1	2335	1
pb1	2336	1
pb1	2337	1
pb1	2338	1
pb1	2339	1
pb1	2340	1
