gene	pos	cvg
ns	1	9474
ns	2	12004
ns	3	12055
ns	4	12081
ns	5	13550
ns	6	13677
ns	7	13720
ns	8	13768
ns	9	13821
ns	10	13842
ns	11	14114
ns	12	14171
ns	13	14240
ns	14	14262
ns	15	14869
ns	16	14963
ns	17	15435
ns	18	15454
ns	19	15504
ns	20	15860
ns	21	16113
ns	22	18228
ns	23	18765
ns	24	18832
ns	25	18981
ns	26	19127
ns	27	19353
ns	28	19417
ns	29	20345
ns	30	21191
ns	31	22332
ns	32	33076
ns	33	33228
ns	34	34272
ns	35	34337
ns	36	34428
ns	37	35126
ns	38	35249
ns	39	35352
ns	40	35471
ns	41	35520
ns	42	38320
ns	43	38387
ns	44	38888
ns	45	38926
ns	46	39025
ns	47	39115
ns	48	39183
ns	49	39788
ns	50	40637
ns	51	40507
ns	52	40996
ns	53	41058
ns	54	42217
ns	55	42244
ns	56	42542
ns	57	42676
ns	58	42612
ns	59	42604
ns	60	42908
ns	61	42791
ns	62	42949
ns	63	42726
ns	64	43669
ns	65	43481
ns	66	43330
ns	67	43771
ns	68	44331
ns	69	44689
ns	70	44611
ns	71	44684
ns	72	44800
ns	73	44966
ns	74	45022
ns	75	44978
ns	76	44931
ns	77	44841
ns	78	45336
ns	79	45367
ns	80	45439
ns	81	45413
ns	82	45316
ns	83	45197
ns	84	44926
ns	85	44578
ns	86	44184
ns	87	44407
ns	88	44236
ns	89	43999
ns	90	43742
ns	91	43942
ns	92	43866
ns	93	43760
ns	94	43436
ns	95	43066
ns	96	43185
ns	97	43177
ns	98	43617
ns	99	43245
ns	100	42648
ns	101	42284
ns	102	43502
ns	103	42841
ns	104	42398
ns	105	42207
ns	106	41312
ns	107	41612
ns	108	41577
ns	109	42013
ns	110	41668
ns	111	41817
ns	112	41532
ns	113	41348
ns	114	41726
ns	115	41932
ns	116	41593
ns	117	41260
ns	118	40742
ns	119	40171
ns	120	40881
ns	121	41404
ns	122	41628
ns	123	41079
ns	124	40614
ns	125	40394
ns	126	40002
ns	127	39048
ns	128	38843
ns	129	36934
ns	130	36525
ns	131	36475
ns	132	36330
ns	133	36024
ns	134	36229
ns	135	36406
ns	136	36602
ns	137	36658
ns	138	36586
ns	139	36300
ns	140	36323
ns	141	36897
ns	142	36778
ns	143	36737
ns	144	36966
ns	145	36711
ns	146	36700
ns	147	36435
ns	148	36130
ns	149	35798
ns	150	35431
ns	151	35818
ns	152	35613
ns	153	35404
ns	154	35247
ns	155	35255
ns	156	34955
ns	157	35615
ns	158	35320
ns	159	35379
ns	160	35306
ns	161	34900
ns	162	34752
ns	163	34770
ns	164	34622
ns	165	34698
ns	166	34353
ns	167	34290
ns	168	33737
ns	169	33931
ns	170	33951
ns	171	33450
ns	172	35185
ns	173	34692
ns	174	35103
ns	175	34544
ns	176	34707
ns	177	35600
ns	178	35528
ns	179	35275
ns	180	35258
ns	181	33615
ns	182	34163
ns	183	34376
ns	184	34329
ns	185	34849
ns	186	34215
ns	187	34297
ns	188	34415
ns	189	34520
ns	190	34563
ns	191	34050
ns	192	33956
ns	193	34121
ns	194	33383
ns	195	33544
ns	196	33491
ns	197	33498
ns	198	33439
ns	199	33659
ns	200	33818
ns	201	33795
ns	202	34147
ns	203	34093
ns	204	34606
ns	205	34849
ns	206	34974
ns	207	35366
ns	208	35300
ns	209	35393
ns	210	35348
ns	211	34851
ns	212	35485
ns	213	35609
ns	214	35605
ns	215	35886
ns	216	35237
ns	217	35451
ns	218	35088
ns	219	35792
ns	220	35553
ns	221	34808
ns	222	35142
ns	223	34096
ns	224	34265
ns	225	34240
ns	226	34301
ns	227	34710
ns	228	34235
ns	229	34373
ns	230	34707
ns	231	35215
ns	232	35179
ns	233	35553
ns	234	35739
ns	235	35468
ns	236	34500
ns	237	34808
ns	238	34451
ns	239	34379
ns	240	34754
ns	241	34568
ns	242	34898
ns	243	34813
ns	244	35159
ns	245	35074
ns	246	35253
ns	247	35270
ns	248	35336
ns	249	34550
ns	250	34582
ns	251	34222
ns	252	34348
ns	253	34121
ns	254	34153
ns	255	35208
ns	256	35146
ns	257	35633
ns	258	35850
ns	259	35984
ns	260	36025
ns	261	36017
ns	262	36138
ns	263	36187
ns	264	34749
ns	265	35691
ns	266	35293
ns	267	35329
ns	268	35355
ns	269	35697
ns	270	36167
ns	271	36119
ns	272	36253
ns	273	35898
ns	274	35469
ns	275	34735
ns	276	35025
ns	277	35196
ns	278	35492
ns	279	35690
ns	280	35672
ns	281	35401
ns	282	35795
ns	283	35884
ns	284	35698
ns	285	35755
ns	286	35878
ns	287	35746
ns	288	35871
ns	289	36014
ns	290	36494
ns	291	35782
ns	292	37438
ns	293	38012
ns	294	38217
ns	295	38288
ns	296	38678
ns	297	38845
ns	298	38986
ns	299	37807
ns	300	38167
ns	301	36426
ns	302	36635
ns	303	36623
ns	304	36507
ns	305	36556
ns	306	36587
ns	307	37651
ns	308	37619
ns	309	37843
ns	310	37719
ns	311	37748
ns	312	38023
ns	313	37968
ns	314	38100
ns	315	38039
ns	316	35545
ns	317	36020
ns	318	34899
ns	319	35323
ns	320	36391
ns	321	36478
ns	322	36893
ns	323	36860
ns	324	36987
ns	325	37215
ns	326	36883
ns	327	36876
ns	328	35835
ns	329	35763
ns	330	34218
ns	331	35319
ns	332	36139
ns	333	36183
ns	334	36614
ns	335	36618
ns	336	36481
ns	337	36567
ns	338	36832
ns	339	36981
ns	340	35167
ns	341	34000
ns	342	33679
ns	343	33951
ns	344	34124
ns	345	34295
ns	346	34178
ns	347	33848
ns	348	33460
ns	349	33497
ns	350	33369
ns	351	33361
ns	352	32537
ns	353	32637
ns	354	32094
ns	355	32108
ns	356	32094
ns	357	32154
ns	358	31875
ns	359	31830
ns	360	31895
ns	361	31856
ns	362	31422
ns	363	31487
ns	364	31585
ns	365	31465
ns	366	31340
ns	367	31474
ns	368	31374
ns	369	31452
ns	370	31216
ns	371	31311
ns	372	31076
ns	373	30827
ns	374	30958
ns	375	30817
ns	376	30637
ns	377	30436
ns	378	30323
ns	379	31089
ns	380	30814
ns	381	30713
ns	382	30304
ns	383	29634
ns	384	29886
ns	385	29660
ns	386	29692
ns	387	28187
ns	388	26581
ns	389	28146
ns	390	28223
ns	391	28309
ns	392	27281
ns	393	26515
ns	394	26337
ns	395	25811
ns	396	25703
ns	397	24252
ns	398	21649
ns	399	21380
ns	400	20876
ns	401	20937
ns	402	19973
ns	403	20038
ns	404	20361
ns	405	20239
ns	406	20828
ns	407	19734
ns	408	20660
ns	409	20698
ns	410	20703
ns	411	20764
ns	412	20732
ns	413	20921
ns	414	20951
ns	415	20553
ns	416	20818
ns	417	20065
ns	418	20244
ns	419	20181
ns	420	21013
ns	421	20976
ns	422	20746
ns	423	20700
ns	424	20879
ns	425	21532
ns	426	21420
ns	427	21470
ns	428	21566
ns	429	21178
ns	430	21450
ns	431	21444
ns	432	21526
ns	433	21417
ns	434	21773
ns	435	22491
ns	436	22571
ns	437	22726
ns	438	22864
ns	439	22916
ns	440	22948
ns	441	23064
ns	442	22995
ns	443	23005
ns	444	22526
ns	445	22454
ns	446	23053
ns	447	23151
ns	448	23195
ns	449	23454
ns	450	23527
ns	451	23471
ns	452	22877
ns	453	22635
ns	454	28058
ns	455	27775
ns	456	27505
ns	457	27426
ns	458	27561
ns	459	29366
ns	460	29408
ns	461	30405
ns	462	30551
ns	463	28720
ns	464	32194
ns	465	32233
ns	466	32340
ns	467	32431
ns	468	31897
ns	469	32185
ns	470	32221
ns	471	32347
ns	472	32391
ns	473	32010
ns	474	32192
ns	475	32540
ns	476	32716
ns	477	32859
ns	478	33098
ns	479	32894
ns	480	33801
ns	481	33668
ns	482	33793
ns	483	33956
ns	484	33843
ns	485	33750
ns	486	33841
ns	487	34414
ns	488	34314
ns	489	34183
ns	490	34213
ns	491	34079
ns	492	34226
ns	493	34402
ns	494	34530
ns	495	34715
ns	496	34493
ns	497	34683
ns	498	35117
ns	499	35147
ns	500	34858
ns	501	34808
ns	502	34739
ns	503	34948
ns	504	34712
ns	505	34738
ns	506	34642
ns	507	34320
ns	508	34797
ns	509	34284
ns	510	35254
ns	511	35021
ns	512	35050
ns	513	34845
ns	514	34916
ns	515	35107
ns	516	35246
ns	517	35024
ns	518	34741
ns	519	34507
ns	520	35008
ns	521	34767
ns	522	36996
ns	523	37468
ns	524	37689
ns	525	38453
ns	526	38360
ns	527	38257
ns	528	39257
ns	529	39358
ns	530	39931
ns	531	39522
ns	532	42059
ns	533	43067
ns	534	43487
ns	535	47025
ns	536	46596
ns	537	46210
ns	538	45996
ns	539	45421
ns	540	45302
ns	541	43832
ns	542	43645
ns	543	43692
ns	544	42161
ns	545	42281
ns	546	42531
ns	547	42613
ns	548	43188
ns	549	43200
ns	550	43141
ns	551	43475
ns	552	43258
ns	553	43398
ns	554	43259
ns	555	43283
ns	556	43893
ns	557	43510
ns	558	43451
ns	559	43579
ns	560	43610
ns	561	43586
ns	562	43397
ns	563	43470
ns	564	43807
ns	565	43406
ns	566	44181
ns	567	44058
ns	568	44034
ns	569	44734
ns	570	44578
ns	571	44820
ns	572	44778
ns	573	44504
ns	574	44561
ns	575	44174
ns	576	44217
ns	577	44845
ns	578	44461
ns	579	45780
ns	580	45800
ns	581	46136
ns	582	46998
ns	583	46938
ns	584	46530
ns	585	46370
ns	586	45895
ns	587	46928
ns	588	45883
ns	589	46108
ns	590	49491
ns	591	50112
ns	592	49979
ns	593	49859
ns	594	49688
ns	595	49876
ns	596	49359
ns	597	47989
ns	598	48249
ns	599	45617
ns	600	47855
ns	601	47767
ns	602	47845
ns	603	47896
ns	604	47400
ns	605	47357
ns	606	47666
ns	607	47434
ns	608	48928
ns	609	47456
ns	610	47598
ns	611	47473
ns	612	47532
ns	613	47404
ns	614	47335
ns	615	47510
ns	616	47734
ns	617	46697
ns	618	49742
ns	619	49322
ns	620	50239
ns	621	50278
ns	622	49972
ns	623	50013
ns	624	48962
ns	625	49048
ns	626	48835
ns	627	46735
ns	628	46824
ns	629	46928
ns	630	47156
ns	631	47211
ns	632	47109
ns	633	47218
ns	634	47198
ns	635	47560
ns	636	47284
ns	637	47220
ns	638	46734
ns	639	46381
ns	640	46959
ns	641	47108
ns	642	46667
ns	643	48336
ns	644	48018
ns	645	47872
ns	646	47785
ns	647	47600
ns	648	47945
ns	649	46295
ns	650	46852
ns	651	46959
ns	652	45241
ns	653	45366
ns	654	45268
ns	655	45554
ns	656	45569
ns	657	45025
ns	658	45021
ns	659	43474
ns	660	44127
ns	661	44080
ns	662	43744
ns	663	43914
ns	664	43609
ns	665	43291
ns	666	43627
ns	667	43224
ns	668	44121
ns	669	42960
ns	670	44091
ns	671	44249
ns	672	44787
ns	673	44941
ns	674	44686
ns	675	44714
ns	676	44369
ns	677	44243
ns	678	44147
ns	679	42321
ns	680	42316
ns	681	42060
ns	682	41895
ns	683	41540
ns	684	41635
ns	685	41795
ns	686	41659
ns	687	41529
ns	688	41737
ns	689	41621
ns	690	41437
ns	691	41465
ns	692	41735
ns	693	42136
ns	694	41950
ns	695	42163
ns	696	42196
ns	697	42663
ns	698	43020
ns	699	42964
ns	700	43330
ns	701	43138
ns	702	42741
ns	703	42593
ns	704	42839
ns	705	43191
ns	706	42609
ns	707	42811
ns	708	42673
ns	709	42612
ns	710	42644
ns	711	42753
ns	712	42752
ns	713	42878
ns	714	43183
ns	715	42286
ns	716	42920
ns	717	43542
ns	718	43983
ns	719	44022
ns	720	43676
ns	721	44072
ns	722	43809
ns	723	42987
ns	724	42756
ns	725	43139
ns	726	43299
ns	727	43287
ns	728	43614
ns	729	43689
ns	730	42522
ns	731	42254
ns	732	42697
ns	733	42760
ns	734	42156
ns	735	43398
ns	736	43439
ns	737	43833
ns	738	44322
ns	739	44858
ns	740	44897
ns	741	44789
ns	742	45060
ns	743	45177
ns	744	43276
ns	745	43797
ns	746	43357
ns	747	44232
ns	748	44394
ns	749	44670
ns	750	45082
ns	751	45161
ns	752	45137
ns	753	45206
ns	754	43712
ns	755	44356
ns	756	44367
ns	757	44471
ns	758	44760
ns	759	44932
ns	760	44945
ns	761	45211
ns	762	45458
ns	763	44836
ns	764	42671
ns	765	42631
ns	766	42576
ns	767	42651
ns	768	41694
ns	769	41723
ns	770	40020
ns	771	40119
ns	772	39963
ns	773	39822
ns	774	39908
ns	775	38675
ns	776	38904
ns	777	38920
ns	778	39160
ns	779	39622
ns	780	38796
ns	781	38910
ns	782	38891
ns	783	38856
ns	784	38885
ns	785	36956
ns	786	37055
ns	787	36982
ns	788	36974
ns	789	36983
ns	790	36941
ns	791	37056
ns	792	36995
ns	793	36857
ns	794	37226
ns	795	36479
ns	796	36536
ns	797	36573
ns	798	36788
ns	799	36471
ns	800	35159
ns	801	35154
ns	802	35235
ns	803	35545
ns	804	35430
ns	805	35253
ns	806	35343
ns	807	35411
ns	808	35554
ns	809	35458
ns	810	35315
ns	811	32308
ns	812	26442
ns	813	26549
ns	814	26374
ns	815	26010
ns	816	26318
ns	817	23956
ns	818	23053
ns	819	22818
ns	820	22510
ns	821	22535
ns	822	22475
ns	823	22518
ns	824	22455
ns	825	20149
ns	826	20208
ns	827	20176
ns	828	20200
ns	829	19996
ns	830	18155
ns	831	18134
ns	832	18090
ns	833	17827
ns	834	17924
ns	835	16311
ns	836	16221
ns	837	16027
ns	838	15991
ns	839	15987
ns	840	15661
ns	841	15436
ns	842	15238
ns	843	12808
ns	844	12700
ns	845	12673
ns	846	12653
ns	847	12623
ns	848	12004
ns	849	11933
ns	850	11812
ns	851	11720
ns	852	11688
ns	853	11642
ns	854	11502
ns	855	11494
ns	856	11482
ns	857	10962
ns	858	10776
ns	859	10582
ns	860	10569
ns	861	10550
ns	862	10447
ns	863	9841
ns	864	9517
ns	865	9184
ns	866	9133
ns	867	8829
ns	868	8012
ns	869	7889
ns	870	7876
ns	871	7843
ns	872	7821
ns	873	7734
ns	874	7657
ns	875	7621
ns	876	6828
ns	877	6806
ns	878	6607
ns	879	6490
ns	880	6317
ns	881	6197
ns	882	6184
ns	883	6035
ns	884	5971
ns	885	5907
ns	886	4438
ns	887	4267
ns	888	4148
ns	889	4129
ns	890	758
na	1	3
na	2	11
na	3	11
na	4	13
na	5	22
na	6	26
na	7	27
na	8	27
na	9	27
na	10	27
na	11	27
na	12	27
na	13	27
na	14	38
na	15	39
na	16	39
na	17	39
na	18	39
na	19	39
na	20	39
na	21	39
na	22	39
na	23	39
na	24	39
na	25	39
na	26	39
na	27	39
na	28	39
na	29	39
na	30	40
na	31	41
na	32	41
na	33	41
na	34	5
na	35	5
na	36	6
na	37	6
na	38	8
na	39	8
na	40	8
na	41	8
na	42	8
na	43	8
na	44	8
na	45	59
na	46	66
na	47	66
na	48	66
na	49	66
na	50	66
na	51	67
na	52	69
na	53	69
na	54	69
na	55	70
na	56	72
na	57	74
na	58	75
na	59	77
na	60	78
na	61	84
na	62	84
na	63	85
na	64	87
na	65	90
na	66	100
na	67	101
na	68	105
na	69	105
na	70	106
na	71	108
na	72	115
na	73	120
na	74	121
na	75	120
na	76	127
na	77	126
na	78	126
na	79	129
na	80	128
na	81	129
na	82	133
na	83	133
na	84	131
na	85	127
na	86	127
na	87	131
na	88	131
na	89	135
na	90	135
na	91	136
na	92	135
na	93	136
na	94	137
na	95	139
na	96	137
na	97	138
na	98	140
na	99	143
na	100	143
na	101	142
na	102	142
na	103	142
na	104	148
na	105	148
na	106	147
na	107	147
na	108	151
na	109	163
na	110	164
na	111	162
na	112	188
na	113	188
na	114	194
na	115	194
na	116	194
na	117	191
na	118	186
na	119	187
na	120	189
na	121	185
na	122	187
na	123	187
na	124	188
na	125	188
na	126	189
na	127	184
na	128	183
na	129	183
na	130	184
na	131	184
na	132	188
na	133	187
na	134	187
na	135	190
na	136	191
na	137	192
na	138	193
na	139	195
na	140	194
na	141	194
na	142	193
na	143	193
na	144	192
na	145	191
na	146	192
na	147	191
na	148	189
na	149	187
na	150	182
na	151	182
na	152	183
na	153	177
na	154	179
na	155	181
na	156	182
na	157	182
na	158	179
na	159	179
na	160	179
na	161	179
na	162	178
na	163	176
na	164	169
na	165	169
na	166	169
na	167	171
na	168	169
na	169	169
na	170	167
na	171	167
na	172	167
na	173	167
na	174	167
na	175	169
na	176	166
na	177	167
na	178	163
na	179	162
na	180	161
na	181	159
na	182	158
na	183	158
na	184	154
na	185	151
na	186	150
na	187	46
na	188	15
na	189	15
na	190	15
na	191	15
na	192	17
na	193	17
na	194	17
na	195	17
na	196	17
na	197	17
na	198	153
na	199	153
na	200	153
na	201	153
na	202	154
na	203	152
na	204	152
na	205	152
na	206	153
na	207	157
na	208	162
na	209	163
na	210	168
na	211	171
na	212	175
na	213	178
na	214	178
na	215	178
na	216	179
na	217	181
na	218	186
na	219	186
na	220	185
na	221	186
na	222	186
na	223	205
na	224	207
na	225	207
na	226	206
na	227	209
na	228	208
na	229	208
na	230	209
na	231	201
na	232	197
na	233	196
na	234	196
na	235	195
na	236	183
na	237	178
na	238	179
na	239	178
na	240	178
na	241	172
na	242	169
na	243	168
na	244	168
na	245	168
na	246	167
na	247	167
na	248	164
na	249	164
na	250	164
na	251	163
na	252	161
na	253	157
na	254	157
na	255	152
na	256	152
na	257	152
na	258	152
na	259	151
na	260	8
na	261	8
na	262	8
na	263	8
na	264	8
na	265	8
na	266	8
na	267	9
na	268	9
na	269	9
na	270	9
na	271	9
na	272	9
na	273	9
na	274	9
na	275	9
na	276	9
na	277	9
na	278	9
na	279	9
na	280	9
na	281	9
na	282	9
na	283	9
na	284	9
na	285	9
na	286	9
na	287	9
na	288	9
na	289	9
na	290	9
na	291	9
na	292	9
na	293	9
na	294	9
na	295	9
na	296	9
na	297	9
na	298	9
na	299	9
na	300	9
na	301	9
na	302	9
na	303	9
na	304	9
na	305	9
na	306	9
na	307	9
na	308	9
na	309	9
na	310	9
na	311	9
na	312	9
na	313	9
na	314	9
na	315	9
na	316	9
na	317	9
na	318	9
na	319	8
na	320	8
na	321	7
na	322	7
na	323	7
na	324	7
na	325	7
na	326	7
na	327	7
na	328	7
na	329	7
na	330	7
na	331	7
na	332	5
na	333	5
na	334	5
na	335	5
na	336	5
na	337	5
na	338	5
na	339	5
na	340	5
na	341	2
na	342	2
na	343	2
na	344	2
na	345	2
na	346	2
na	347	2
na	348	2
na	349	2
na	350	2
na	351	2
na	352	2
na	353	1
na	354	1
na	355	1
na	356	1
na	357	2
na	358	2
na	359	2
na	360	2
na	361	2
na	362	2
na	363	2
na	364	2
na	365	2
na	366	2
na	367	2
na	368	2
na	369	2
na	370	2
na	371	2
na	372	2
na	373	2
na	374	2
na	375	2
na	376	2
na	377	2
na	378	2
na	379	2
na	380	2
na	381	2
na	382	2
na	383	2
na	384	2
na	385	2
na	386	2
na	387	2
na	388	2
na	389	2
na	390	2
na	391	2
na	392	2
na	393	2
na	394	2
na	395	2
na	396	2
na	397	2
na	398	2
na	399	2
na	400	2
na	401	2
na	402	2
na	403	2
na	404	2
na	405	1
na	406	1
na	407	1
na	408	1
na	409	1
na	410	1
na	411	1
na	412	1
na	413	1
na	414	1
na	415	1
na	416	1
na	417	1
na	418	1
na	419	1
na	420	1
na	421	1
na	435	1
na	436	1
na	437	1
na	438	1
na	439	4
na	440	4
na	441	4
na	442	4
na	443	4
na	444	4
na	445	4
na	446	4
na	447	4
na	448	4
na	449	4
na	450	4
na	451	4
na	452	4
na	453	4
na	454	4
na	455	4
na	456	4
na	457	4
na	458	4
na	459	4
na	460	4
na	461	4
na	462	4
na	463	4
na	464	4
na	465	5
na	466	5
na	467	5
na	468	5
na	469	5
na	470	5
na	471	5
na	472	5
na	473	5
na	474	7
na	475	7
na	476	7
na	477	8
na	478	8
na	479	9
na	480	9
na	481	9
na	482	9
na	483	9
na	484	11
na	485	11
na	486	11
na	487	11
na	488	10
na	489	10
na	490	10
na	491	9
na	492	9
na	493	9
na	494	9
na	495	9
na	496	9
na	497	9
na	498	9
na	499	9
na	500	9
na	501	9
na	502	9
na	503	9
na	504	9
na	505	9
na	506	9
na	507	9
na	508	9
na	509	9
na	510	13
na	511	13
na	512	13
na	513	13
na	514	13
na	515	13
na	516	14
na	517	14
na	518	14
na	519	14
na	520	14
na	521	13
na	522	14
na	523	14
na	524	14
na	525	14
na	526	14
na	527	14
na	528	14
na	529	14
na	530	14
na	531	14
na	532	14
na	533	14
na	534	14
na	535	15
na	536	15
na	537	15
na	538	15
na	539	14
na	540	16
na	541	17
na	542	18
na	543	18
na	544	18
na	545	18
na	546	18
na	547	18
na	548	18
na	549	18
na	550	18
na	551	18
na	552	19
na	553	19
na	554	19
na	555	20
na	556	20
na	557	22
na	558	22
na	559	22
na	560	22
na	561	23
na	562	23
na	563	23
na	564	23
na	565	23
na	566	23
na	567	23
na	568	23
na	569	23
na	570	23
na	571	23
na	572	23
na	573	23
na	574	23
na	575	23
na	576	23
na	577	23
na	578	23
na	579	23
na	580	23
na	581	23
na	582	23
na	583	21
na	584	19
na	585	19
na	586	19
na	587	19
na	588	19
na	589	20
na	590	20
na	591	20
na	592	20
na	593	21
na	594	21
na	595	21
na	596	21
na	597	20
na	598	20
na	599	20
na	600	21
na	601	21
na	602	21
na	603	21
na	604	21
na	605	21
na	606	21
na	607	21
na	608	21
na	609	21
na	610	21
na	611	21
na	612	21
na	613	21
na	614	21
na	615	21
na	616	20
na	617	20
na	618	20
na	619	20
na	620	20
na	621	19
na	622	19
na	623	17
na	624	17
na	625	17
na	626	16
na	627	16
na	628	16
na	629	16
na	630	16
na	631	16
na	632	14
na	633	14
na	634	14
na	635	14
na	636	14
na	637	14
na	638	14
na	639	14
na	640	14
na	641	13
na	642	13
na	643	13
na	644	13
na	645	9
na	646	9
na	647	9
na	648	9
na	649	9
na	650	9
na	651	9
na	652	9
na	653	9
na	654	9
na	655	9
na	656	9
na	657	9
na	658	9
na	659	6
na	660	6
na	661	6
na	662	6
na	663	6
na	664	6
na	665	6
na	666	6
na	667	6
na	668	6
na	669	6
na	670	6
na	671	7
na	672	7
na	673	7
na	674	6
na	675	6
na	676	6
na	677	6
na	678	6
na	679	6
na	680	5
na	681	5
na	682	5
na	683	5
na	684	5
na	685	5
na	686	5
na	687	5
na	688	5
na	689	5
na	690	5
na	691	4
na	692	4
na	693	4
na	694	4
na	695	4
na	696	4
na	697	4
na	698	4
na	699	4
na	700	4
na	701	4
na	702	4
na	703	3
na	704	2
na	705	2
na	706	2
na	707	2
na	708	2
na	709	2
na	710	2
na	711	2
na	712	1
na	713	1
na	714	1
na	715	1
na	716	1
na	717	1
na	718	1
na	719	1
na	720	1
na	721	1
na	722	1
na	723	1
na	724	1
na	725	1
na	726	1
na	727	1
na	728	1
na	729	1
na	730	1
na	731	1
na	732	1
na	733	1
na	734	1
na	735	1
na	736	1
na	737	1
na	738	1
na	739	1
na	740	1
na	741	1
na	742	1
na	743	1
na	744	1
na	745	1
na	746	1
na	747	1
na	748	1
na	749	1
na	750	1
na	751	1
na	752	1
na	753	1
na	754	1
na	755	1
na	756	1
na	757	1
na	758	1
na	759	1
na	760	1
na	761	1
na	762	4
na	763	4
na	764	4
na	765	4
na	766	4
na	767	4
na	768	4
na	769	4
na	770	4
na	771	5
na	772	5
na	773	5
na	774	5
na	775	5
na	776	5
na	777	5
na	778	5
na	779	5
na	780	5
na	781	5
na	782	5
na	783	5
na	784	5
na	785	5
na	786	5
na	787	5
na	788	5
na	789	5
na	790	5
na	791	5
na	792	5
na	793	5
na	794	5
na	795	5
na	796	5
na	797	0
na	798	5
na	799	5
na	800	5
na	801	5
na	802	5
na	803	5
na	804	5
na	805	5
na	806	5
na	807	5
na	808	5
na	809	5
na	810	7
na	811	7
na	812	7
na	813	7
na	814	7
na	815	7
na	816	7
na	817	7
na	818	7
na	819	8
na	820	8
na	821	8
na	822	7
na	823	7
na	824	7
na	825	7
na	826	7
na	827	7
na	828	7
na	829	7
na	830	7
na	831	7
na	832	7
na	833	7
na	834	7
na	835	7
na	836	7
na	837	8
na	838	8
na	839	8
na	840	7
na	841	7
na	842	7
na	843	7
na	844	7
na	845	7
na	846	7
na	847	7
na	848	7
na	849	7
na	850	7
na	851	7
na	852	7
na	853	7
na	854	7
na	855	7
na	856	7
na	857	7
na	858	7
na	859	7
na	860	7
na	861	7
na	862	7
na	863	7
na	864	7
na	865	7
na	866	7
na	867	7
na	868	7
na	869	7
na	870	7
na	871	7
na	872	7
na	873	7
na	874	7
na	875	5
na	876	5
na	877	5
na	878	5
na	879	5
na	880	5
na	881	5
na	882	5
na	883	5
na	884	5
na	885	5
na	886	5
na	887	5
na	888	5
na	889	5
na	890	5
na	891	5
na	892	5
na	893	5
na	894	5
na	895	5
na	896	5
na	897	4
na	898	4
na	899	1
na	900	1
na	901	1
na	902	1
na	903	1
na	904	1
na	905	1
na	906	2
na	907	2
na	908	2
na	909	2
na	910	2
na	911	2
na	912	2
na	913	2
na	914	2
na	915	2
na	916	2
na	917	2
na	918	2
na	919	2
na	920	2
na	921	2
na	922	2
na	923	2
na	924	2
na	925	2
na	926	2
na	927	2
na	928	2
na	929	2
na	930	2
na	931	2
na	932	2
na	933	2
na	934	2
na	935	2
na	936	2
na	937	2
na	938	2
na	939	3
na	940	3
na	941	3
na	942	3
na	943	3
na	944	3
na	945	3
na	946	3
na	947	3
na	948	3
na	949	3
na	950	3
na	951	3
na	952	3
na	953	3
na	954	3
na	955	3
na	956	2
na	957	2
na	958	2
na	959	2
na	960	2
na	961	2
na	962	2
na	963	2
na	964	2
na	965	2
na	966	2
na	967	2
na	968	2
na	969	2
na	970	2
na	971	2
na	972	2
na	973	2
na	974	2
na	975	2
na	976	2
na	977	2
na	978	2
na	979	2
na	980	2
na	981	2
na	982	2
na	983	2
na	984	2
na	985	2
na	986	2
na	987	2
na	988	2
na	989	2
na	990	2
na	991	2
na	992	2
na	993	2
na	994	2
na	995	2
na	996	2
na	997	2
na	998	2
na	999	2
na	1000	2
na	1001	2
na	1002	2
na	1003	2
na	1004	2
na	1005	2
na	1006	2
na	1007	3
na	1008	3
na	1009	3
na	1010	3
na	1011	3
na	1012	3
na	1013	3
na	1014	3
na	1015	3
na	1016	3
na	1017	3
na	1018	3
na	1019	3
na	1020	3
na	1021	3
na	1022	3
na	1023	3
na	1024	3
na	1025	3
na	1026	3
na	1027	5
na	1028	5
na	1029	5
na	1030	5
na	1031	5
na	1032	5
na	1033	5
na	1034	7
na	1035	7
na	1036	7
na	1037	7
na	1038	7
na	1039	7
na	1040	7
na	1041	7
na	1042	7
na	1043	7
na	1044	7
na	1045	6
na	1046	6
na	1047	6
na	1048	6
na	1049	6
na	1050	6
na	1051	6
na	1052	6
na	1053	5
na	1054	5
na	1055	4
na	1056	4
na	1057	4
na	1058	4
na	1059	4
na	1060	4
na	1061	4
na	1062	4
na	1063	4
na	1064	4
na	1065	4
na	1066	4
na	1067	4
na	1068	4
na	1069	4
na	1070	4
na	1071	4
na	1072	4
na	1073	4
na	1074	4
na	1075	4
na	1076	4
na	1077	4
na	1078	4
na	1079	5
na	1080	5
na	1081	5
na	1082	5
na	1083	5
na	1084	5
na	1085	5
na	1086	5
na	1087	5
na	1088	5
na	1089	5
na	1090	5
na	1091	5
na	1092	5
na	1093	5
na	1094	5
na	1095	5
na	1096	5
na	1097	5
na	1098	5
na	1099	5
na	1100	5
na	1101	5
na	1102	5
na	1103	5
na	1104	5
na	1105	5
na	1106	5
na	1107	5
na	1108	5
na	1109	5
na	1110	3
na	1111	3
na	1112	3
na	1113	3
na	1114	3
na	1115	3
na	1116	3
na	1117	3
na	1118	2
na	1119	2
na	1120	2
na	1121	2
na	1122	2
na	1123	2
na	1124	2
na	1125	2
na	1126	2
na	1127	2
na	1128	2
na	1129	2
na	1130	2
na	1131	2
na	1132	2
na	1133	2
na	1134	2
na	1135	2
na	1136	2
na	1137	2
na	1138	2
na	1139	2
na	1140	2
na	1141	2
na	1142	2
na	1143	2
na	1144	2
na	1145	2
na	1146	2
na	1147	1
na	1148	1
na	1149	1
na	1150	1
na	1151	1
na	1152	1
na	1153	1
na	1154	1
na	1155	1
na	1156	1
na	1157	2
na	1158	2
na	1159	2
na	1160	2
na	1161	2
na	1162	2
na	1163	2
na	1164	2
na	1165	2
na	1166	2
na	1167	2
na	1168	2
na	1169	2
na	1170	2
na	1171	2
na	1172	2
na	1173	2
na	1174	2
na	1175	2
na	1176	2
na	1177	3
na	1178	3
na	1179	3
na	1180	3
na	1181	3
na	1182	3
na	1183	3
na	1184	3
na	1185	3
na	1186	3
na	1187	3
na	1188	3
na	1189	3
na	1190	3
na	1191	3
na	1192	3
na	1193	3
na	1194	2
na	1195	2
na	1196	2
na	1197	2
na	1198	2
na	1199	2
na	1200	2
na	1201	2
na	1202	2
na	1203	2
na	1204	2
na	1205	2
na	1206	2
na	1207	2
na	1208	2
na	1209	2
na	1210	2
na	1211	2
na	1212	3
na	1213	3
na	1214	3
na	1215	3
na	1216	3
na	1217	3
na	1218	3
na	1219	3
na	1220	3
na	1221	3
na	1222	3
na	1223	3
na	1224	3
na	1225	3
na	1226	3
na	1227	3
na	1228	3
na	1229	3
na	1230	3
na	1231	3
na	1232	3
na	1233	3
na	1234	4
na	1235	4
na	1236	4
na	1237	4
na	1238	4
na	1239	4
na	1240	4
na	1241	4
na	1242	4
na	1243	4
na	1244	4
na	1245	4
na	1246	4
na	1247	4
na	1248	4
na	1249	4
na	1250	4
na	1251	4
na	1252	4
na	1253	4
na	1254	4
na	1255	4
na	1256	4
na	1257	4
na	1258	4
na	1259	4
na	1260	4
na	1261	4
na	1262	4
na	1263	4
na	1264	4
na	1265	4
na	1266	6
na	1267	6
na	1268	6
na	1269	7
na	1270	10
na	1271	10
na	1272	10
na	1273	10
na	1274	10
na	1275	10
na	1276	10
na	1277	11
na	1278	11
na	1279	10
na	1280	10
na	1281	10
na	1282	10
na	1283	10
na	1284	10
na	1285	10
na	1286	10
na	1287	11
na	1288	11
na	1289	11
na	1290	11
na	1291	11
na	1292	11
na	1293	11
na	1294	11
na	1295	11
na	1296	11
na	1297	11
na	1298	11
na	1299	11
na	1300	11
na	1301	11
na	1302	12
na	1303	12
na	1304	12
na	1305	12
na	1306	12
na	1307	11
na	1308	11
na	1309	11
na	1310	11
na	1311	11
na	1312	11
na	1313	11
na	1314	11
na	1315	11
na	1316	11
na	1317	11
na	1318	12
na	1319	12
na	1320	12
na	1321	12
na	1322	12
na	1323	12
na	1324	12
na	1325	12
na	1326	14
na	1327	15
na	1328	15
na	1329	16
na	1330	16
na	1331	16
na	1332	16
na	1333	16
na	1334	16
na	1335	16
na	1336	16
na	1337	16
na	1338	16
na	1339	16
na	1340	16
na	1341	16
na	1342	16
na	1343	16
na	1344	16
na	1345	103
na	1346	103
na	1347	105
na	1348	105
na	1349	105
na	1350	106
na	1351	105
na	1352	105
na	1353	106
na	1354	106
na	1355	106
na	1356	105
na	1357	106
na	1358	106
na	1359	106
na	1360	106
na	1361	106
na	1362	106
na	1363	106
na	1364	108
na	1365	109
na	1366	109
na	1367	112
na	1368	112
na	1369	112
na	1370	110
na	1371	110
na	1372	110
na	1373	111
na	1374	113
na	1375	112
na	1376	110
na	1377	109
na	1378	106
na	1379	109
na	1380	109
na	1381	108
na	1382	108
na	1383	104
na	1384	106
na	1385	107
na	1386	107
na	1387	105
na	1388	103
na	1389	103
na	1390	103
na	1391	103
na	1392	103
na	1393	103
na	1394	94
na	1395	93
na	1396	93
na	1397	94
na	1398	90
na	1399	89
na	1400	88
na	1401	88
na	1402	87
na	1403	82
na	1404	82
na	1405	80
na	1406	80
na	1407	80
na	1408	59
na	1409	60
na	1410	60
na	1411	60
na	1412	60
na	1413	59
na	1414	58
na	1415	57
na	1416	57
na	1417	57
na	1418	53
na	1419	53
na	1420	51
na	1421	49
na	1422	48
na	1423	47
na	1424	47
na	1425	47
na	1426	36
na	1427	36
na	1428	36
na	1429	32
na	1430	32
na	1431	28
na	1432	28
na	1433	24
na	1434	24
na	1435	24
na	1436	24
na	1437	23
na	1438	23
na	1439	23
na	1440	23
na	1441	23
na	1442	23
na	1443	15
na	1444	15
na	1445	15
na	1446	15
na	1447	15
na	1448	15
na	1449	15
na	1450	14
na	1451	14
na	1452	13
na	1453	12
na	1454	10
na	1455	10
na	1456	10
na	1457	4
pb2	1	16
pb2	2	21
pb2	3	21
pb2	4	21
pb2	5	23
pb2	6	23
pb2	7	23
pb2	8	23
pb2	9	23
pb2	10	23
pb2	11	25
pb2	12	27
pb2	13	27
pb2	14	27
pb2	15	27
pb2	16	29
pb2	17	29
pb2	18	29
pb2	19	35
pb2	20	35
pb2	21	38
pb2	22	40
pb2	23	41
pb2	24	49
pb2	25	51
pb2	26	55
pb2	27	56
pb2	28	56
pb2	29	56
pb2	30	59
pb2	31	59
pb2	32	59
pb2	33	59
pb2	34	60
pb2	35	65
pb2	36	65
pb2	37	65
pb2	38	69
pb2	39	69
pb2	40	70
pb2	41	70
pb2	42	71
pb2	43	72
pb2	44	73
pb2	45	73
pb2	46	73
pb2	47	73
pb2	48	75
pb2	49	75
pb2	50	75
pb2	51	76
pb2	52	78
pb2	53	84
pb2	54	85
pb2	55	86
pb2	56	86
pb2	57	86
pb2	58	86
pb2	59	86
pb2	60	87
pb2	61	88
pb2	62	88
pb2	63	88
pb2	64	91
pb2	65	91
pb2	66	93
pb2	67	91
pb2	68	91
pb2	69	91
pb2	70	91
pb2	71	91
pb2	72	91
pb2	73	90
pb2	74	90
pb2	75	86
pb2	76	84
pb2	77	84
pb2	78	84
pb2	79	84
pb2	80	84
pb2	81	84
pb2	82	90
pb2	83	92
pb2	84	92
pb2	85	97
pb2	86	95
pb2	87	96
pb2	88	97
pb2	89	101
pb2	90	100
pb2	91	99
pb2	92	100
pb2	93	98
pb2	94	98
pb2	95	99
pb2	96	98
pb2	97	95
pb2	98	97
pb2	99	98
pb2	100	101
pb2	101	101
pb2	102	99
pb2	103	99
pb2	104	98
pb2	105	96
pb2	106	96
pb2	107	95
pb2	108	95
pb2	109	93
pb2	110	93
pb2	111	94
pb2	112	96
pb2	113	95
pb2	114	93
pb2	115	94
pb2	116	93
pb2	117	93
pb2	118	97
pb2	119	98
pb2	120	98
pb2	121	95
pb2	122	96
pb2	123	97
pb2	124	98
pb2	125	97
pb2	126	100
pb2	127	101
pb2	128	102
pb2	129	103
pb2	130	100
pb2	131	101
pb2	132	98
pb2	133	98
pb2	134	98
pb2	135	97
pb2	136	98
pb2	137	99
pb2	138	102
pb2	139	102
pb2	140	103
pb2	141	105
pb2	142	105
pb2	143	105
pb2	144	104
pb2	145	104
pb2	146	104
pb2	147	104
pb2	148	104
pb2	149	104
pb2	150	102
pb2	151	96
pb2	152	99
pb2	153	101
pb2	154	99
pb2	155	98
pb2	156	97
pb2	157	98
pb2	158	98
pb2	159	99
pb2	160	99
pb2	161	98
pb2	162	101
pb2	163	101
pb2	164	101
pb2	165	102
pb2	166	100
pb2	167	98
pb2	168	100
pb2	169	103
pb2	170	102
pb2	171	102
pb2	172	101
pb2	173	101
pb2	174	100
pb2	175	98
pb2	176	98
pb2	177	92
pb2	178	89
pb2	179	89
pb2	180	90
pb2	181	88
pb2	182	88
pb2	183	87
pb2	184	90
pb2	185	93
pb2	186	95
pb2	187	95
pb2	188	94
pb2	189	96
pb2	190	94
pb2	191	94
pb2	192	95
pb2	193	91
pb2	194	91
pb2	195	93
pb2	196	93
pb2	197	93
pb2	198	92
pb2	199	91
pb2	200	91
pb2	201	89
pb2	202	90
pb2	203	89
pb2	204	89
pb2	205	89
pb2	206	89
pb2	207	91
pb2	208	91
pb2	209	90
pb2	210	90
pb2	211	92
pb2	212	94
pb2	213	97
pb2	214	96
pb2	215	98
pb2	216	97
pb2	217	106
pb2	218	104
pb2	219	104
pb2	220	104
pb2	221	101
pb2	222	102
pb2	223	104
pb2	224	104
pb2	225	105
pb2	226	106
pb2	227	106
pb2	228	106
pb2	229	106
pb2	230	106
pb2	231	106
pb2	232	106
pb2	233	106
pb2	234	107
pb2	235	106
pb2	236	109
pb2	237	112
pb2	238	112
pb2	239	113
pb2	240	113
pb2	241	114
pb2	242	118
pb2	243	117
pb2	244	117
pb2	245	116
pb2	246	116
pb2	247	118
pb2	248	117
pb2	249	117
pb2	250	112
pb2	251	110
pb2	252	107
pb2	253	106
pb2	254	106
pb2	255	106
pb2	256	107
pb2	257	103
pb2	258	105
pb2	259	105
pb2	260	105
pb2	261	105
pb2	262	105
pb2	263	105
pb2	264	105
pb2	265	102
pb2	266	104
pb2	267	105
pb2	268	103
pb2	269	102
pb2	270	100
pb2	271	100
pb2	272	100
pb2	273	100
pb2	274	100
pb2	275	96
pb2	276	94
pb2	277	93
pb2	278	93
pb2	279	94
pb2	280	95
pb2	281	94
pb2	282	95
pb2	283	96
pb2	284	98
pb2	285	101
pb2	286	104
pb2	287	104
pb2	288	105
pb2	289	100
pb2	290	104
pb2	291	102
pb2	292	102
pb2	293	100
pb2	294	99
pb2	295	98
pb2	296	97
pb2	297	97
pb2	298	98
pb2	299	96
pb2	300	97
pb2	301	98
pb2	302	99
pb2	303	101
pb2	304	102
pb2	305	102
pb2	306	101
pb2	307	98
pb2	308	97
pb2	309	99
pb2	310	99
pb2	311	98
pb2	312	98
pb2	313	99
pb2	314	97
pb2	315	98
pb2	316	98
pb2	317	98
pb2	318	95
pb2	319	94
pb2	320	92
pb2	321	95
pb2	322	95
pb2	323	95
pb2	324	97
pb2	325	95
pb2	326	94
pb2	327	93
pb2	328	93
pb2	329	94
pb2	330	94
pb2	331	92
pb2	332	92
pb2	333	90
pb2	334	91
pb2	335	92
pb2	336	90
pb2	337	90
pb2	338	84
pb2	339	83
pb2	340	83
pb2	341	86
pb2	342	89
pb2	343	86
pb2	344	85
pb2	345	85
pb2	346	84
pb2	347	86
pb2	348	86
pb2	349	87
pb2	350	87
pb2	351	77
pb2	352	78
pb2	353	77
pb2	354	81
pb2	355	82
pb2	356	80
pb2	357	80
pb2	358	78
pb2	359	89
pb2	360	90
pb2	361	87
pb2	362	86
pb2	363	84
pb2	364	84
pb2	365	84
pb2	366	86
pb2	367	86
pb2	368	75
pb2	369	77
pb2	370	77
pb2	371	77
pb2	372	77
pb2	373	75
pb2	374	76
pb2	375	70
pb2	376	69
pb2	377	69
pb2	378	68
pb2	379	68
pb2	380	68
pb2	381	68
pb2	382	69
pb2	383	69
pb2	384	69
pb2	385	69
pb2	386	69
pb2	387	69
pb2	388	69
pb2	389	68
pb2	390	68
pb2	391	69
pb2	392	70
pb2	393	70
pb2	394	70
pb2	395	68
pb2	396	68
pb2	397	68
pb2	398	72
pb2	399	74
pb2	400	74
pb2	401	74
pb2	402	74
pb2	403	74
pb2	404	74
pb2	405	75
pb2	406	75
pb2	407	73
pb2	408	70
pb2	409	71
pb2	410	71
pb2	411	71
pb2	412	72
pb2	413	75
pb2	414	75
pb2	415	73
pb2	416	73
pb2	417	73
pb2	418	73
pb2	419	75
pb2	420	75
pb2	421	73
pb2	422	73
pb2	423	72
pb2	424	77
pb2	425	78
pb2	426	78
pb2	427	77
pb2	428	75
pb2	429	75
pb2	430	72
pb2	431	72
pb2	432	71
pb2	433	60
pb2	434	60
pb2	435	60
pb2	436	60
pb2	437	60
pb2	438	60
pb2	439	60
pb2	440	60
pb2	441	60
pb2	442	68
pb2	443	71
pb2	444	72
pb2	445	75
pb2	446	75
pb2	447	75
pb2	448	74
pb2	449	74
pb2	450	73
pb2	451	62
pb2	452	62
pb2	453	62
pb2	454	62
pb2	455	62
pb2	456	62
pb2	457	62
pb2	458	62
pb2	459	62
pb2	460	64
pb2	461	64
pb2	462	64
pb2	463	87
pb2	464	95
pb2	465	96
pb2	466	96
pb2	467	96
pb2	468	97
pb2	469	97
pb2	470	97
pb2	471	97
pb2	472	98
pb2	473	92
pb2	474	92
pb2	475	93
pb2	476	93
pb2	477	93
pb2	478	92
pb2	479	92
pb2	480	92
pb2	481	91
pb2	482	92
pb2	483	92
pb2	484	92
pb2	485	92
pb2	486	93
pb2	487	90
pb2	488	87
pb2	489	88
pb2	490	88
pb2	491	87
pb2	492	87
pb2	493	86
pb2	494	86
pb2	495	85
pb2	496	85
pb2	497	85
pb2	498	85
pb2	499	85
pb2	500	83
pb2	501	73
pb2	502	73
pb2	503	73
pb2	504	73
pb2	505	73
pb2	506	73
pb2	507	73
pb2	508	75
pb2	509	76
pb2	510	76
pb2	511	76
pb2	512	76
pb2	513	71
pb2	514	72
pb2	515	72
pb2	516	73
pb2	517	73
pb2	518	72
pb2	519	72
pb2	520	72
pb2	521	71
pb2	522	62
pb2	523	62
pb2	524	62
pb2	525	62
pb2	526	62
pb2	527	62
pb2	528	62
pb2	529	62
pb2	530	62
pb2	531	62
pb2	532	64
pb2	533	64
pb2	534	64
pb2	535	64
pb2	536	62
pb2	537	63
pb2	538	61
pb2	539	59
pb2	540	59
pb2	541	59
pb2	542	58
pb2	543	58
pb2	544	61
pb2	545	61
pb2	546	61
pb2	547	61
pb2	548	59
pb2	549	58
pb2	550	60
pb2	551	60
pb2	552	61
pb2	553	61
pb2	554	60
pb2	555	56
pb2	556	56
pb2	557	55
pb2	558	55
pb2	559	55
pb2	560	53
pb2	561	47
pb2	562	47
pb2	563	47
pb2	564	47
pb2	565	53
pb2	566	53
pb2	567	53
pb2	568	53
pb2	569	53
pb2	570	53
pb2	571	53
pb2	572	53
pb2	573	43
pb2	574	43
pb2	575	43
pb2	576	43
pb2	577	43
pb2	578	43
pb2	579	43
pb2	580	43
pb2	581	43
pb2	582	43
pb2	583	49
pb2	584	51
pb2	585	51
pb2	586	51
pb2	587	51
pb2	588	46
pb2	589	52
pb2	590	52
pb2	591	52
pb2	592	52
pb2	593	52
pb2	594	52
pb2	595	53
pb2	596	54
pb2	597	51
pb2	598	51
pb2	599	51
pb2	600	43
pb2	601	47
pb2	602	48
pb2	603	48
pb2	604	53
pb2	605	53
pb2	606	54
pb2	607	54
pb2	608	54
pb2	609	54
pb2	610	54
pb2	611	54
pb2	612	49
pb2	613	49
pb2	614	49
pb2	615	49
pb2	616	49
pb2	617	49
pb2	618	49
pb2	619	49
pb2	620	49
pb2	621	49
pb2	622	56
pb2	623	58
pb2	624	58
pb2	625	61
pb2	626	64
pb2	627	65
pb2	628	65
pb2	629	65
pb2	630	64
pb2	631	65
pb2	632	66
pb2	633	66
pb2	634	66
pb2	635	65
pb2	636	62
pb2	637	68
pb2	638	69
pb2	639	69
pb2	640	69
pb2	641	69
pb2	642	69
pb2	643	68
pb2	644	67
pb2	645	67
pb2	646	61
pb2	647	61
pb2	648	61
pb2	649	61
pb2	650	61
pb2	651	61
pb2	652	74
pb2	653	75
pb2	654	75
pb2	655	75
pb2	656	75
pb2	657	75
pb2	658	75
pb2	659	73
pb2	660	73
pb2	661	73
pb2	662	73
pb2	663	65
pb2	664	65
pb2	665	65
pb2	666	65
pb2	667	65
pb2	668	65
pb2	669	65
pb2	670	65
pb2	671	65
pb2	672	65
pb2	673	65
pb2	674	65
pb2	675	65
pb2	676	65
pb2	677	65
pb2	678	65
pb2	679	66
pb2	680	66
pb2	681	66
pb2	682	88
pb2	683	88
pb2	684	88
pb2	685	88
pb2	686	88
pb2	687	88
pb2	688	87
pb2	689	85
pb2	690	85
pb2	691	86
pb2	692	86
pb2	693	86
pb2	694	86
pb2	695	88
pb2	696	89
pb2	697	88
pb2	698	88
pb2	699	89
pb2	700	90
pb2	701	90
pb2	702	90
pb2	703	89
pb2	704	90
pb2	705	87
pb2	706	93
pb2	707	93
pb2	708	94
pb2	709	95
pb2	710	99
pb2	711	100
pb2	712	100
pb2	713	98
pb2	714	93
pb2	715	93
pb2	716	92
pb2	717	93
pb2	718	93
pb2	719	90
pb2	720	90
pb2	721	89
pb2	722	89
pb2	723	91
pb2	724	97
pb2	725	98
pb2	726	98
pb2	727	98
pb2	728	97
pb2	729	98
pb2	730	100
pb2	731	101
pb2	732	100
pb2	733	96
pb2	734	98
pb2	735	100
pb2	736	101
pb2	737	100
pb2	738	101
pb2	739	101
pb2	740	101
pb2	741	101
pb2	742	101
pb2	743	101
pb2	744	100
pb2	745	99
pb2	746	98
pb2	747	98
pb2	748	104
pb2	749	104
pb2	750	105
pb2	751	106
pb2	752	104
pb2	753	110
pb2	754	114
pb2	755	117
pb2	756	121
pb2	757	119
pb2	758	119
pb2	759	118
pb2	760	116
pb2	761	125
pb2	762	125
pb2	763	126
pb2	764	124
pb2	765	121
pb2	766	121
pb2	767	121
pb2	768	121
pb2	769	121
pb2	770	118
pb2	771	117
pb2	772	116
pb2	773	116
pb2	774	116
pb2	775	117
pb2	776	114
pb2	777	114
pb2	778	114
pb2	779	115
pb2	780	115
pb2	781	114
pb2	782	114
pb2	783	113
pb2	784	113
pb2	785	114
pb2	786	113
pb2	787	112
pb2	788	114
pb2	789	113
pb2	790	114
pb2	791	114
pb2	792	112
pb2	793	114
pb2	794	114
pb2	795	115
pb2	796	115
pb2	797	114
pb2	798	114
pb2	799	111
pb2	800	114
pb2	801	116
pb2	802	115
pb2	803	115
pb2	804	119
pb2	805	121
pb2	806	122
pb2	807	121
pb2	808	121
pb2	809	115
pb2	810	115
pb2	811	114
pb2	812	115
pb2	813	114
pb2	814	121
pb2	815	121
pb2	816	122
pb2	817	122
pb2	818	122
pb2	819	121
pb2	820	119
pb2	821	118
pb2	822	117
pb2	823	115
pb2	824	114
pb2	825	111
pb2	826	111
pb2	827	113
pb2	828	107
pb2	829	107
pb2	830	110
pb2	831	109
pb2	832	105
pb2	833	108
pb2	834	108
pb2	835	108
pb2	836	108
pb2	837	106
pb2	838	109
pb2	839	108
pb2	840	111
pb2	841	117
pb2	842	118
pb2	843	119
pb2	844	119
pb2	845	119
pb2	846	117
pb2	847	117
pb2	848	117
pb2	849	111
pb2	850	110
pb2	851	108
pb2	852	109
pb2	853	109
pb2	854	110
pb2	855	110
pb2	856	110
pb2	857	110
pb2	858	110
pb2	859	109
pb2	860	107
pb2	861	100
pb2	862	102
pb2	863	102
pb2	864	102
pb2	865	110
pb2	866	109
pb2	867	109
pb2	868	108
pb2	869	107
pb2	870	105
pb2	871	105
pb2	872	106
pb2	873	106
pb2	874	92
pb2	875	91
pb2	876	93
pb2	877	92
pb2	878	92
pb2	879	92
pb2	880	92
pb2	881	91
pb2	882	91
pb2	883	91
pb2	884	92
pb2	885	91
pb2	886	90
pb2	887	90
pb2	888	90
pb2	889	92
pb2	890	91
pb2	891	92
pb2	892	92
pb2	893	92
pb2	894	92
pb2	895	91
pb2	896	90
pb2	897	91
pb2	898	91
pb2	899	94
pb2	900	91
pb2	901	89
pb2	902	89
pb2	903	88
pb2	904	89
pb2	905	87
pb2	906	88
pb2	907	90
pb2	908	85
pb2	909	84
pb2	910	84
pb2	911	83
pb2	912	83
pb2	913	83
pb2	914	81
pb2	915	82
pb2	916	80
pb2	917	81
pb2	918	79
pb2	919	79
pb2	920	77
pb2	921	78
pb2	922	79
pb2	923	75
pb2	924	75
pb2	925	75
pb2	926	75
pb2	927	75
pb2	928	75
pb2	929	76
pb2	930	77
pb2	931	77
pb2	932	78
pb2	933	76
pb2	934	76
pb2	935	80
pb2	936	79
pb2	937	79
pb2	938	79
pb2	939	82
pb2	940	83
pb2	941	82
pb2	942	82
pb2	943	81
pb2	944	80
pb2	945	79
pb2	946	77
pb2	947	77
pb2	948	76
pb2	949	77
pb2	950	76
pb2	951	72
pb2	952	78
pb2	953	80
pb2	954	81
pb2	955	74
pb2	956	74
pb2	957	76
pb2	958	76
pb2	959	76
pb2	960	74
pb2	961	73
pb2	962	72
pb2	963	71
pb2	964	72
pb2	965	72
pb2	966	72
pb2	967	73
pb2	968	72
pb2	969	72
pb2	970	71
pb2	971	71
pb2	972	72
pb2	973	76
pb2	974	77
pb2	975	77
pb2	976	77
pb2	977	77
pb2	978	78
pb2	979	77
pb2	980	78
pb2	981	75
pb2	982	73
pb2	983	71
pb2	984	71
pb2	985	71
pb2	986	71
pb2	987	71
pb2	988	70
pb2	989	68
pb2	990	68
pb2	991	65
pb2	992	64
pb2	993	65
pb2	994	65
pb2	995	65
pb2	996	65
pb2	997	65
pb2	998	65
pb2	999	63
pb2	1000	62
pb2	1001	61
pb2	1002	63
pb2	1003	65
pb2	1004	65
pb2	1005	64
pb2	1006	62
pb2	1007	62
pb2	1008	60
pb2	1009	60
pb2	1010	60
pb2	1011	60
pb2	1012	59
pb2	1013	58
pb2	1014	58
pb2	1015	58
pb2	1016	57
pb2	1017	58
pb2	1018	60
pb2	1019	60
pb2	1020	60
pb2	1021	59
pb2	1022	61
pb2	1023	59
pb2	1024	60
pb2	1025	63
pb2	1026	62
pb2	1027	61
pb2	1028	61
pb2	1029	61
pb2	1030	61
pb2	1031	63
pb2	1032	64
pb2	1033	64
pb2	1034	66
pb2	1035	68
pb2	1036	68
pb2	1037	68
pb2	1038	68
pb2	1039	73
pb2	1040	74
pb2	1041	75
pb2	1042	75
pb2	1043	74
pb2	1044	74
pb2	1045	72
pb2	1046	77
pb2	1047	75
pb2	1048	73
pb2	1049	73
pb2	1050	72
pb2	1051	75
pb2	1052	76
pb2	1053	76
pb2	1054	77
pb2	1055	75
pb2	1056	73
pb2	1057	74
pb2	1058	73
pb2	1059	77
pb2	1060	77
pb2	1061	77
pb2	1062	77
pb2	1063	77
pb2	1064	78
pb2	1065	79
pb2	1066	79
pb2	1067	79
pb2	1068	78
pb2	1069	77
pb2	1070	76
pb2	1071	80
pb2	1072	83
pb2	1073	83
pb2	1074	83
pb2	1075	83
pb2	1076	83
pb2	1077	83
pb2	1078	82
pb2	1079	82
pb2	1080	80
pb2	1081	80
pb2	1082	81
pb2	1083	89
pb2	1084	89
pb2	1085	88
pb2	1086	87
pb2	1087	87
pb2	1088	87
pb2	1089	88
pb2	1090	89
pb2	1091	89
pb2	1092	87
pb2	1093	90
pb2	1094	86
pb2	1095	86
pb2	1096	410
pb2	1097	414
pb2	1098	439
pb2	1099	460
pb2	1100	477
pb2	1101	552
pb2	1102	759
pb2	1103	1593
pb2	1104	1733
pb2	1105	1749
pb2	1106	1826
pb2	1107	1836
pb2	1108	2175
pb2	1109	2198
pb2	1110	2222
pb2	1111	2364
pb2	1112	2390
pb2	1113	2530
pb2	1114	2546
pb2	1115	2783
pb2	1116	2935
pb2	1117	2952
pb2	1118	3072
pb2	1119	3078
pb2	1120	3129
pb2	1121	3155
pb2	1122	3355
pb2	1123	3513
pb2	1124	3517
pb2	1125	3566
pb2	1126	3610
pb2	1127	3837
pb2	1128	3886
pb2	1129	3894
pb2	1130	3938
pb2	1131	3956
pb2	1132	3959
pb2	1133	4029
pb2	1134	4051
pb2	1135	4086
pb2	1136	4112
pb2	1137	4114
pb2	1138	4116
pb2	1139	4170
pb2	1140	4192
pb2	1141	4222
pb2	1142	4224
pb2	1143	4232
pb2	1144	4741
pb2	1145	4790
pb2	1146	4809
pb2	1147	4833
pb2	1148	4840
pb2	1149	4912
pb2	1150	4919
pb2	1151	4939
pb2	1152	4965
pb2	1153	4929
pb2	1154	4929
pb2	1155	4930
pb2	1156	5004
pb2	1157	5031
pb2	1158	5021
pb2	1159	5048
pb2	1160	5331
pb2	1161	5336
pb2	1162	5344
pb2	1163	5355
pb2	1164	5359
pb2	1165	5334
pb2	1166	5411
pb2	1167	5417
pb2	1168	5437
pb2	1169	5322
pb2	1170	5392
pb2	1171	5425
pb2	1172	5421
pb2	1173	5428
pb2	1174	5468
pb2	1175	5929
pb2	1176	6115
pb2	1177	6113
pb2	1178	6121
pb2	1179	6080
pb2	1180	6239
pb2	1181	6238
pb2	1182	6120
pb2	1183	6177
pb2	1184	5917
pb2	1185	5905
pb2	1186	5901
pb2	1187	6068
pb2	1188	6080
pb2	1189	6067
pb2	1190	6073
pb2	1191	6048
pb2	1192	6030
pb2	1193	6064
pb2	1194	6079
pb2	1195	6093
pb2	1196	6012
pb2	1197	6051
pb2	1198	6074
pb2	1199	6047
pb2	1200	6014
pb2	1201	6036
pb2	1202	5988
pb2	1203	6198
pb2	1204	6125
pb2	1205	6088
pb2	1206	5936
pb2	1207	5915
pb2	1208	5901
pb2	1209	5854
pb2	1210	5845
pb2	1211	5843
pb2	1212	5710
pb2	1213	5710
pb2	1214	5670
pb2	1215	5804
pb2	1216	5883
pb2	1217	6068
pb2	1218	6048
pb2	1219	6094
pb2	1220	6127
pb2	1221	6198
pb2	1222	6424
pb2	1223	6467
pb2	1224	6407
pb2	1225	6405
pb2	1226	6226
pb2	1227	6280
pb2	1228	6291
pb2	1229	6302
pb2	1230	6279
pb2	1231	6303
pb2	1232	6353
pb2	1233	6431
pb2	1234	6744
pb2	1235	6753
pb2	1236	6816
pb2	1237	6793
pb2	1238	6971
pb2	1239	7019
pb2	1240	6959
pb2	1241	7180
pb2	1242	7116
pb2	1243	7223
pb2	1244	7134
pb2	1245	7128
pb2	1246	7140
pb2	1247	7043
pb2	1248	7120
pb2	1249	7126
pb2	1250	6966
pb2	1251	7030
pb2	1252	6888
pb2	1253	6967
pb2	1254	6900
pb2	1255	6858
pb2	1256	7011
pb2	1257	7448
pb2	1258	7499
pb2	1259	7460
pb2	1260	7403
pb2	1261	7394
pb2	1262	7291
pb2	1263	7309
pb2	1264	7288
pb2	1265	7286
pb2	1266	6927
pb2	1267	7024
pb2	1268	7045
pb2	1269	7061
pb2	1270	7134
pb2	1271	7130
pb2	1272	7151
pb2	1273	7149
pb2	1274	7149
pb2	1275	7070
pb2	1276	7112
pb2	1277	7094
pb2	1278	7165
pb2	1279	7146
pb2	1280	7113
pb2	1281	7216
pb2	1282	7189
pb2	1283	7187
pb2	1284	7180
pb2	1285	7162
pb2	1286	7150
pb2	1287	7108
pb2	1288	7134
pb2	1289	7138
pb2	1290	7181
pb2	1291	7072
pb2	1292	7053
pb2	1293	7034
pb2	1294	6970
pb2	1295	7077
pb2	1296	7090
pb2	1297	7119
pb2	1298	7117
pb2	1299	7027
pb2	1300	7023
pb2	1301	7012
pb2	1302	7017
pb2	1303	7037
pb2	1304	6861
pb2	1305	6859
pb2	1306	6895
pb2	1307	6909
pb2	1308	6997
pb2	1309	6947
pb2	1310	6875
pb2	1311	6932
pb2	1312	6874
pb2	1313	7077
pb2	1314	7072
pb2	1315	7130
pb2	1316	7166
pb2	1317	7000
pb2	1318	7014
pb2	1319	7017
pb2	1320	7044
pb2	1321	7074
pb2	1322	6883
pb2	1323	6878
pb2	1324	6866
pb2	1325	6751
pb2	1326	6973
pb2	1327	6971
pb2	1328	6996
pb2	1329	7130
pb2	1330	7082
pb2	1331	7097
pb2	1332	7090
pb2	1333	7065
pb2	1334	7036
pb2	1335	6737
pb2	1336	6725
pb2	1337	6556
pb2	1338	7128
pb2	1339	7104
pb2	1340	7182
pb2	1341	7222
pb2	1342	7214
pb2	1343	7203
pb2	1344	7205
pb2	1345	7202
pb2	1346	7183
pb2	1347	7078
pb2	1348	6707
pb2	1349	6909
pb2	1350	6932
pb2	1351	6934
pb2	1352	7024
pb2	1353	7012
pb2	1354	6995
pb2	1355	7002
pb2	1356	6888
pb2	1357	6905
pb2	1358	6847
pb2	1359	6886
pb2	1360	6892
pb2	1361	6851
pb2	1362	6899
pb2	1363	6967
pb2	1364	7072
pb2	1365	7105
pb2	1366	7131
pb2	1367	7113
pb2	1368	7242
pb2	1369	7316
pb2	1370	7336
pb2	1371	7381
pb2	1372	7333
pb2	1373	7370
pb2	1374	7373
pb2	1375	7402
pb2	1376	7497
pb2	1377	7468
pb2	1378	7473
pb2	1379	7472
pb2	1380	7465
pb2	1381	7455
pb2	1382	7387
pb2	1383	7478
pb2	1384	7505
pb2	1385	7508
pb2	1386	7597
pb2	1387	7594
pb2	1388	7686
pb2	1389	7683
pb2	1390	7746
pb2	1391	7702
pb2	1392	7697
pb2	1393	7494
pb2	1394	7590
pb2	1395	7547
pb2	1396	7699
pb2	1397	7652
pb2	1398	7715
pb2	1399	7688
pb2	1400	7658
pb2	1401	7686
pb2	1402	7726
pb2	1403	7748
pb2	1404	7661
pb2	1405	7568
pb2	1406	7500
pb2	1407	7581
pb2	1408	7554
pb2	1409	7594
pb2	1410	7618
pb2	1411	7625
pb2	1412	7952
pb2	1413	8005
pb2	1414	8082
pb2	1415	8091
pb2	1416	7954
pb2	1417	7993
pb2	1418	8064
pb2	1419	8238
pb2	1420	8255
pb2	1421	8153
pb2	1422	8031
pb2	1423	8048
pb2	1424	8211
pb2	1425	8230
pb2	1426	8220
pb2	1427	8136
pb2	1428	8127
pb2	1429	8208
pb2	1430	8318
pb2	1431	8348
pb2	1432	8379
pb2	1433	8315
pb2	1434	8318
pb2	1435	8326
pb2	1436	8532
pb2	1437	8531
pb2	1438	8492
pb2	1439	8498
pb2	1440	8407
pb2	1441	8416
pb2	1442	8485
pb2	1443	8515
pb2	1444	8570
pb2	1445	8429
pb2	1446	8583
pb2	1447	8782
pb2	1448	8944
pb2	1449	8976
pb2	1450	8987
pb2	1451	8947
pb2	1452	8954
pb2	1453	8920
pb2	1454	8999
pb2	1455	9004
pb2	1456	8858
pb2	1457	9350
pb2	1458	9326
pb2	1459	9273
pb2	1460	9263
pb2	1461	9107
pb2	1462	9079
pb2	1463	9127
pb2	1464	9059
pb2	1465	9137
pb2	1466	8706
pb2	1467	8871
pb2	1468	8834
pb2	1469	8973
pb2	1470	8986
pb2	1471	8924
pb2	1472	8864
pb2	1473	8948
pb2	1474	8891
pb2	1475	8884
pb2	1476	8805
pb2	1477	8841
pb2	1478	9055
pb2	1479	8934
pb2	1480	8975
pb2	1481	9003
pb2	1482	8871
pb2	1483	9154
pb2	1484	9190
pb2	1485	9212
pb2	1486	9401
pb2	1487	9259
pb2	1488	9293
pb2	1489	9213
pb2	1490	9152
pb2	1491	10973
pb2	1492	10773
pb2	1493	11023
pb2	1494	11021
pb2	1495	10881
pb2	1496	11327
pb2	1497	11323
pb2	1498	11336
pb2	1499	11319
pb2	1500	9936
pb2	1501	9996
pb2	1502	9876
pb2	1503	9920
pb2	1504	9913
pb2	1505	9887
pb2	1506	9935
pb2	1507	9967
pb2	1508	10025
pb2	1509	10019
pb2	1510	10490
pb2	1511	10475
pb2	1512	10610
pb2	1513	10621
pb2	1514	10354
pb2	1515	10339
pb2	1516	10290
pb2	1517	10323
pb2	1518	10362
pb2	1519	10027
pb2	1520	10002
pb2	1521	9869
pb2	1522	9841
pb2	1523	9817
pb2	1524	9824
pb2	1525	9803
pb2	1526	9802
pb2	1527	10140
pb2	1528	10190
pb2	1529	10258
pb2	1530	10309
pb2	1531	10370
pb2	1532	10394
pb2	1533	10425
pb2	1534	10430
pb2	1535	10426
pb2	1536	10037
pb2	1537	10205
pb2	1538	10191
pb2	1539	10250
pb2	1540	10229
pb2	1541	10235
pb2	1542	10242
pb2	1543	10258
pb2	1544	10130
pb2	1545	10172
pb2	1546	10052
pb2	1547	9932
pb2	1548	9718
pb2	1549	9755
pb2	1550	9745
pb2	1551	9852
pb2	1552	9830
pb2	1553	9936
pb2	1554	10002
pb2	1555	9907
pb2	1556	10422
pb2	1557	10404
pb2	1558	11124
pb2	1559	11109
pb2	1560	10908
pb2	1561	10914
pb2	1562	10789
pb2	1563	10900
pb2	1564	10914
pb2	1565	10411
pb2	1566	10433
pb2	1567	9933
pb2	1568	10059
pb2	1569	9999
pb2	1570	10077
pb2	1571	10084
pb2	1572	10025
pb2	1573	10036
pb2	1574	10018
pb2	1575	9974
pb2	1576	9986
pb2	1577	9830
pb2	1578	9896
pb2	1579	9873
pb2	1580	9771
pb2	1581	9817
pb2	1582	9762
pb2	1583	9826
pb2	1584	9838
pb2	1585	9832
pb2	1586	9755
pb2	1587	9594
pb2	1588	9607
pb2	1589	9700
pb2	1590	9632
pb2	1591	9643
pb2	1592	9510
pb2	1593	9506
pb2	1594	9511
pb2	1595	9930
pb2	1596	9994
pb2	1597	9885
pb2	1598	9917
pb2	1599	9763
pb2	1600	9837
pb2	1601	9936
pb2	1602	9984
pb2	1603	9880
pb2	1604	9454
pb2	1605	9377
pb2	1606	9330
pb2	1607	9263
pb2	1608	9367
pb2	1609	9235
pb2	1610	9243
pb2	1611	9171
pb2	1612	9171
pb2	1613	9212
pb2	1614	9391
pb2	1615	9347
pb2	1616	9351
pb2	1617	9273
pb2	1618	9301
pb2	1619	9291
pb2	1620	9326
pb2	1621	9261
pb2	1622	9264
pb2	1623	9141
pb2	1624	9126
pb2	1625	9164
pb2	1626	9154
pb2	1627	9316
pb2	1628	9305
pb2	1629	9232
pb2	1630	9261
pb2	1631	9305
pb2	1632	9295
pb2	1633	9242
pb2	1634	9136
pb2	1635	9189
pb2	1636	9027
pb2	1637	8993
pb2	1638	9057
pb2	1639	9042
pb2	1640	8825
pb2	1641	8823
pb2	1642	8530
pb2	1643	8488
pb2	1644	8532
pb2	1645	8478
pb2	1646	8468
pb2	1647	8404
pb2	1648	8441
pb2	1649	8663
pb2	1650	8488
pb2	1651	8524
pb2	1652	8527
pb2	1653	8418
pb2	1654	8542
pb2	1655	8523
pb2	1656	8485
pb2	1657	7964
pb2	1658	7807
pb2	1659	7769
pb2	1660	8072
pb2	1661	7980
pb2	1662	8145
pb2	1663	8084
pb2	1664	8244
pb2	1665	8644
pb2	1666	8809
pb2	1667	8825
pb2	1668	8878
pb2	1669	8636
pb2	1670	8929
pb2	1671	8951
pb2	1672	8987
pb2	1673	9248
pb2	1674	8952
pb2	1675	8976
pb2	1676	9038
pb2	1677	9091
pb2	1678	9073
pb2	1679	8709
pb2	1680	8862
pb2	1681	8717
pb2	1682	8609
pb2	1683	8710
pb2	1684	8729
pb2	1685	8696
pb2	1686	8650
pb2	1687	8893
pb2	1688	8905
pb2	1689	8854
pb2	1690	8755
pb2	1691	8768
pb2	1692	8767
pb2	1693	8780
pb2	1694	8780
pb2	1695	8869
pb2	1696	8669
pb2	1697	8688
pb2	1698	8711
pb2	1699	8736
pb2	1700	8730
pb2	1701	8714
pb2	1702	8686
pb2	1703	8690
pb2	1704	8626
pb2	1705	8701
pb2	1706	8692
pb2	1707	8636
pb2	1708	8572
pb2	1709	8531
pb2	1710	8515
pb2	1711	8537
pb2	1712	8435
pb2	1713	8437
pb2	1714	8396
pb2	1715	8290
pb2	1716	8297
pb2	1717	8356
pb2	1718	8482
pb2	1719	8514
pb2	1720	8472
pb2	1721	8542
pb2	1722	8565
pb2	1723	8627
pb2	1724	8622
pb2	1725	8666
pb2	1726	8695
pb2	1727	8654
pb2	1728	8633
pb2	1729	8650
pb2	1730	8683
pb2	1731	8665
pb2	1732	8618
pb2	1733	8637
pb2	1734	8613
pb2	1735	9059
pb2	1736	8973
pb2	1737	9281
pb2	1738	9288
pb2	1739	9142
pb2	1740	10018
pb2	1741	10011
pb2	1742	10009
pb2	1743	10080
pb2	1744	9291
pb2	1745	9565
pb2	1746	9104
pb2	1747	9040
pb2	1748	8994
pb2	1749	8209
pb2	1750	8155
pb2	1751	8127
pb2	1752	8043
pb2	1753	8141
pb2	1754	7907
pb2	1755	8010
pb2	1756	7939
pb2	1757	7967
pb2	1758	7960
pb2	1759	7950
pb2	1760	7991
pb2	1761	8000
pb2	1762	8015
pb2	1763	7967
pb2	1764	8098
pb2	1765	8153
pb2	1766	8171
pb2	1767	8187
pb2	1768	8173
pb2	1769	8156
pb2	1770	8179
pb2	1771	8175
pb2	1772	8336
pb2	1773	8241
pb2	1774	8249
pb2	1775	8241
pb2	1776	8276
pb2	1777	8326
pb2	1778	8289
pb2	1779	8583
pb2	1780	8566
pb2	1781	8543
pb2	1782	8536
pb2	1783	8555
pb2	1784	8546
pb2	1785	8547
pb2	1786	8533
pb2	1787	8484
pb2	1788	8237
pb2	1789	8286
pb2	1790	8295
pb2	1791	8268
pb2	1792	8245
pb2	1793	8276
pb2	1794	8328
pb2	1795	8839
pb2	1796	8946
pb2	1797	8895
pb2	1798	8966
pb2	1799	8930
pb2	1800	9316
pb2	1801	9361
pb2	1802	9308
pb2	1803	9347
pb2	1804	8161
pb2	1805	8197
pb2	1806	8110
pb2	1807	8249
pb2	1808	8279
pb2	1809	8221
pb2	1810	8038
pb2	1811	8170
pb2	1812	8372
pb2	1813	8400
pb2	1814	8380
pb2	1815	8397
pb2	1816	8319
pb2	1817	8373
pb2	1818	8341
pb2	1819	8313
pb2	1820	8396
pb2	1821	8240
pb2	1822	8426
pb2	1823	8395
pb2	1824	8859
pb2	1825	8861
pb2	1826	8828
pb2	1827	8860
pb2	1828	8880
pb2	1829	8756
pb2	1830	8768
pb2	1831	8732
pb2	1832	8532
pb2	1833	8235
pb2	1834	8256
pb2	1835	8316
pb2	1836	8334
pb2	1837	8288
pb2	1838	8319
pb2	1839	8333
pb2	1840	8358
pb2	1841	8413
pb2	1842	8392
pb2	1843	8480
pb2	1844	8488
pb2	1845	8598
pb2	1846	8599
pb2	1847	8541
pb2	1848	8554
pb2	1849	8527
pb2	1850	8554
pb2	1851	8526
pb2	1852	8361
pb2	1853	8441
pb2	1854	8623
pb2	1855	8613
pb2	1856	8615
pb2	1857	8627
pb2	1858	8630
pb2	1859	8639
pb2	1860	8636
pb2	1861	8495
pb2	1862	8584
pb2	1863	8022
pb2	1864	8525
pb2	1865	8537
pb2	1866	8565
pb2	1867	8591
pb2	1868	8454
pb2	1869	8489
pb2	1870	8482
pb2	1871	8785
pb2	1872	8638
pb2	1873	8012
pb2	1874	7989
pb2	1875	7940
pb2	1876	7918
pb2	1877	7846
pb2	1878	7753
pb2	1879	7861
pb2	1880	7451
pb2	1881	7476
pb2	1882	7482
pb2	1883	7467
pb2	1884	7583
pb2	1885	7553
pb2	1886	7578
pb2	1887	7568
pb2	1888	7447
pb2	1889	7478
pb2	1890	7450
pb2	1891	7425
pb2	1892	7444
pb2	1893	7386
pb2	1894	7381
pb2	1895	7367
pb2	1896	7355
pb2	1897	7432
pb2	1898	7415
pb2	1899	7418
pb2	1900	7492
pb2	1901	7487
pb2	1902	7468
pb2	1903	7484
pb2	1904	7463
pb2	1905	7442
pb2	1906	7508
pb2	1907	7508
pb2	1908	7607
pb2	1909	7613
pb2	1910	7532
pb2	1911	7614
pb2	1912	7589
pb2	1913	7747
pb2	1914	7732
pb2	1915	7444
pb2	1916	7460
pb2	1917	7347
pb2	1918	7463
pb2	1919	7467
pb2	1920	7420
pb2	1921	7457
pb2	1922	7279
pb2	1923	7363
pb2	1924	7352
pb2	1925	7456
pb2	1926	7482
pb2	1927	7351
pb2	1928	7442
pb2	1929	7419
pb2	1930	7321
pb2	1931	7400
pb2	1932	7331
pb2	1933	7342
pb2	1934	7206
pb2	1935	7217
pb2	1936	7128
pb2	1937	7203
pb2	1938	7119
pb2	1939	7159
pb2	1940	7049
pb2	1941	7195
pb2	1942	7201
pb2	1943	7217
pb2	1944	7164
pb2	1945	7160
pb2	1946	7030
pb2	1947	7051
pb2	1948	6986
pb2	1949	6987
pb2	1950	6878
pb2	1951	6847
pb2	1952	7047
pb2	1953	7054
pb2	1954	7057
pb2	1955	7068
pb2	1956	7044
pb2	1957	7230
pb2	1958	7238
pb2	1959	7200
pb2	1960	7148
pb2	1961	6952
pb2	1962	6946
pb2	1963	6903
pb2	1964	7030
pb2	1965	6973
pb2	1966	6688
pb2	1967	6654
pb2	1968	6644
pb2	1969	6644
pb2	1970	6341
pb2	1971	6563
pb2	1972	6576
pb2	1973	6366
pb2	1974	6324
pb2	1975	6196
pb2	1976	6209
pb2	1977	6196
pb2	1978	6173
pb2	1979	6150
pb2	1980	6037
pb2	1981	5948
pb2	1982	6083
pb2	1983	6084
pb2	1984	6083
pb2	1985	6247
pb2	1986	6177
pb2	1987	6260
pb2	1988	6251
pb2	1989	6190
pb2	1990	6432
pb2	1991	6276
pb2	1992	6312
pb2	1993	6325
pb2	1994	6129
pb2	1995	6194
pb2	1996	6143
pb2	1997	6273
pb2	1998	6436
pb2	1999	6326
pb2	2000	6439
pb2	2001	6524
pb2	2002	6472
pb2	2003	6449
pb2	2004	6387
pb2	2005	6289
pb2	2006	6198
pb2	2007	6212
pb2	2008	6304
pb2	2009	6320
pb2	2010	6224
pb2	2011	6234
pb2	2012	6333
pb2	2013	6322
pb2	2014	6301
pb2	2015	6264
pb2	2016	6313
pb2	2017	6211
pb2	2018	6278
pb2	2019	6299
pb2	2020	6225
pb2	2021	6235
pb2	2022	6287
pb2	2023	6266
pb2	2024	6290
pb2	2025	6262
pb2	2026	6450
pb2	2027	6350
pb2	2028	6326
pb2	2029	6402
pb2	2030	6404
pb2	2031	6440
pb2	2032	6445
pb2	2033	6476
pb2	2034	6497
pb2	2035	6352
pb2	2036	6341
pb2	2037	6325
pb2	2038	6338
pb2	2039	6294
pb2	2040	6317
pb2	2041	6307
pb2	2042	6362
pb2	2043	6325
pb2	2044	6405
pb2	2045	6492
pb2	2046	6494
pb2	2047	6590
pb2	2048	6627
pb2	2049	6595
pb2	2050	6608
pb2	2051	6516
pb2	2052	6540
pb2	2053	6435
pb2	2054	6459
pb2	2055	6355
pb2	2056	6305
pb2	2057	6249
pb2	2058	6233
pb2	2059	6260
pb2	2060	6266
pb2	2061	6242
pb2	2062	6159
pb2	2063	6139
pb2	2064	6126
pb2	2065	6276
pb2	2066	6299
pb2	2067	6322
pb2	2068	6334
pb2	2069	6168
pb2	2070	6177
pb2	2071	6188
pb2	2072	6229
pb2	2073	6246
pb2	2074	6098
pb2	2075	6154
pb2	2076	6137
pb2	2077	6265
pb2	2078	6328
pb2	2079	6295
pb2	2080	6399
pb2	2081	6441
pb2	2082	6435
pb2	2083	6460
pb2	2084	6316
pb2	2085	6336
pb2	2086	6310
pb2	2087	6174
pb2	2088	6206
pb2	2089	6063
pb2	2090	6141
pb2	2091	6143
pb2	2092	6171
pb2	2093	6143
pb2	2094	6115
pb2	2095	6413
pb2	2096	6325
pb2	2097	6347
pb2	2098	6357
pb2	2099	6315
pb2	2100	6249
pb2	2101	6219
pb2	2102	6192
pb2	2103	6059
pb2	2104	5832
pb2	2105	5796
pb2	2106	5782
pb2	2107	5796
pb2	2108	5804
pb2	2109	5823
pb2	2110	5799
pb2	2111	5788
pb2	2112	5790
pb2	2113	5763
pb2	2114	5708
pb2	2115	5682
pb2	2116	5668
pb2	2117	5620
pb2	2118	5636
pb2	2119	5637
pb2	2120	5644
pb2	2121	5602
pb2	2122	5587
pb2	2123	5596
pb2	2124	5576
pb2	2125	5648
pb2	2126	5637
pb2	2127	5630
pb2	2128	5680
pb2	2129	5673
pb2	2130	5714
pb2	2131	5689
pb2	2132	5665
pb2	2133	5703
pb2	2134	5721
pb2	2135	5786
pb2	2136	5754
pb2	2137	5694
pb2	2138	5675
pb2	2139	5600
pb2	2140	5611
pb2	2141	6017
pb2	2142	5972
pb2	2143	5821
pb2	2144	5768
pb2	2145	5663
pb2	2146	5809
pb2	2147	5783
pb2	2148	5752
pb2	2149	5728
pb2	2150	5116
pb2	2151	5204
pb2	2152	5154
pb2	2153	5225
pb2	2154	5223
pb2	2155	5052
pb2	2156	5236
pb2	2157	5239
pb2	2158	5225
pb2	2159	5208
pb2	2160	5040
pb2	2161	5089
pb2	2162	4943
pb2	2163	5038
pb2	2164	5026
pb2	2165	4889
pb2	2166	4933
pb2	2167	4923
pb2	2168	4917
pb2	2169	4906
pb2	2170	4855
pb2	2171	4985
pb2	2172	4921
pb2	2173	4813
pb2	2174	4819
pb2	2175	4843
pb2	2176	4844
pb2	2177	4828
pb2	2178	4811
pb2	2179	4795
pb2	2180	4557
pb2	2181	4604
pb2	2182	4571
pb2	2183	4570
pb2	2184	4496
pb2	2185	4508
pb2	2186	4499
pb2	2187	4507
pb2	2188	4483
pb2	2189	4491
pb2	2190	4480
pb2	2191	4467
pb2	2192	4450
pb2	2193	4414
pb2	2194	4347
pb2	2195	4329
pb2	2196	4287
pb2	2197	4332
pb2	2198	4149
pb2	2199	4100
pb2	2200	4080
pb2	2201	4014
pb2	2202	3999
pb2	2203	3974
pb2	2204	3953
pb2	2205	3889
pb2	2206	3790
pb2	2207	3733
pb2	2208	3733
pb2	2209	3718
pb2	2210	3701
pb2	2211	3679
pb2	2212	3716
pb2	2213	3747
pb2	2214	3732
pb2	2215	3710
pb2	2216	3677
pb2	2217	3686
pb2	2218	3695
pb2	2219	3698
pb2	2220	3621
pb2	2221	3709
pb2	2222	3512
pb2	2223	3558
pb2	2224	3390
pb2	2225	3337
pb2	2226	3413
pb2	2227	3420
pb2	2228	3341
pb2	2229	3427
pb2	2230	3468
pb2	2231	3459
pb2	2232	3493
pb2	2233	3604
pb2	2234	3599
pb2	2235	3575
pb2	2236	3646
pb2	2237	3698
pb2	2238	3733
pb2	2239	4002
pb2	2240	4015
pb2	2241	4004
pb2	2242	4123
pb2	2243	4114
pb2	2244	4161
pb2	2245	4172
pb2	2246	4137
pb2	2247	4192
pb2	2248	4171
pb2	2249	4381
pb2	2250	4376
pb2	2251	4428
pb2	2252	4440
pb2	2253	4408
pb2	2254	4403
pb2	2255	4413
pb2	2256	4362
pb2	2257	4441
pb2	2258	4179
pb2	2259	4182
pb2	2260	4153
pb2	2261	4155
pb2	2262	4132
pb2	2263	4123
pb2	2264	3604
pb2	2265	3585
pb2	2266	3970
pb2	2267	4009
pb2	2268	4007
pb2	2269	3999
pb2	2270	3982
pb2	2271	3989
pb2	2272	3975
pb2	2273	3977
pb2	2274	3864
pb2	2275	3857
pb2	2276	3791
pb2	2277	3785
pb2	2278	3752
pb2	2279	3753
pb2	2280	3737
pb2	2281	3721
pb2	2282	3720
pb2	2283	3715
pb2	2284	3707
pb2	2285	3710
pb2	2286	3626
pb2	2287	3613
pb2	2288	3599
pb2	2289	3607
pb2	2290	3601
pb2	2291	3536
pb2	2292	3499
pb2	2293	3490
pb2	2294	3378
pb2	2295	3373
pb2	2296	3364
pb2	2297	3338
pb2	2298	3321
pb2	2299	3311
pb2	2300	3308
pb2	2301	3282
pb2	2302	3272
pb2	2303	3259
pb2	2304	3207
pb2	2305	3088
pb2	2306	2840
pb2	2307	2829
pb2	2308	2672
pb2	2309	2650
pb2	2310	2573
pb2	2311	2452
pb2	2312	2440
pb2	2313	2430
pb2	2314	2405
pb2	2315	2399
pb2	2316	2083
pb2	2317	2077
pb2	2318	2037
pb2	2319	2034
pb2	2320	2026
pb2	2321	1982
pb2	2322	1981
pb2	2323	1968
pb2	2324	1953
pb2	2325	1930
pb2	2326	1395
pb2	2327	1365
pb2	2328	1350
pb2	2329	1346
pb2	2330	1332
pb2	2331	1320
pb2	2332	1311
pb2	2333	1306
pb2	2334	1302
pb2	2335	1286
pb2	2336	1264
pb2	2337	1065
pb2	2338	1000
pb2	2339	989
pb2	2340	978
pb2	2341	161
pa	7	3
pa	8	3
pa	9	3
pa	10	3
pa	11	3
pa	12	3
pa	13	3
pa	14	3
pa	15	3
pa	16	3
pa	17	3
pa	18	3
pa	19	3
pa	20	3
pa	21	3
pa	22	3
pa	23	3
pa	24	3
pa	25	3
pa	26	3
pa	27	3
pa	28	3
pa	29	3
pa	30	3
pa	31	3
pa	32	4
pa	33	4
pa	34	4
pa	35	4
pa	36	4
pa	37	4
pa	38	4
pa	39	4
pa	40	4
pa	41	4
pa	42	4
pa	43	4
pa	44	4
pa	45	4
pa	46	4
pa	47	4
pa	48	4
pa	49	4
pa	50	4
pa	51	4
pa	52	4
pa	53	4
pa	54	4
pa	55	4
pa	56	4
pa	57	4
pa	58	4
pa	59	4
pa	60	4
pa	61	4
pa	62	4
pa	63	4
pa	64	4
pa	65	4
pa	66	4
pa	67	4
pa	68	4
pa	69	4
pa	70	4
pa	71	4
pa	72	4
pa	73	4
pa	74	4
pa	75	4
pa	76	4
pa	77	4
pa	78	4
pa	79	4
pa	80	4
pa	81	4
pa	82	4
pa	83	4
pa	84	4
pa	85	4
pa	86	4
pa	87	4
pa	88	4
pa	89	4
pa	90	4
pa	91	4
pa	92	4
pa	93	3
pa	94	4
pa	95	4
pa	96	4
pa	97	4
pa	98	4
pa	99	4
pa	100	4
pa	101	4
pa	102	4
pa	103	4
pa	104	3
pa	105	3
pa	106	3
pa	107	3
pa	108	3
pa	109	3
pa	110	3
pa	111	3
pa	112	3
pa	113	3
pa	114	3
pa	115	3
pa	116	3
pa	117	3
pa	118	3
pa	119	3
pa	120	3
pa	121	3
pa	122	3
pa	123	3
pa	124	3
pa	125	3
pa	126	3
pa	127	3
pa	128	3
pa	129	3
pa	130	3
pa	131	3
pa	132	3
pa	133	4
pa	134	4
pa	135	4
pa	136	5
pa	137	5
pa	138	5
pa	139	5
pa	140	5
pa	141	5
pa	142	3
pa	143	3
pa	144	3
pa	145	3
pa	146	3
pa	147	3
pa	148	3
pa	149	3
pa	150	3
pa	151	4
pa	152	4
pa	153	4
pa	154	4
pa	155	4
pa	156	4
pa	157	4
pa	158	4
pa	159	4
pa	160	4
pa	161	4
pa	162	4
pa	163	4
pa	164	4
pa	165	4
pa	166	4
pa	167	4
pa	168	4
pa	169	4
pa	170	4
pa	171	4
pa	172	4
pa	173	4
pa	174	4
pa	175	4
pa	176	5
pa	177	6
pa	178	6
pa	179	6
pa	180	6
pa	181	6
pa	182	6
pa	183	6
pa	184	6
pa	185	6
pa	186	6
pa	187	6
pa	188	6
pa	189	6
pa	190	6
pa	191	6
pa	192	6
pa	193	6
pa	194	6
pa	195	6
pa	196	6
pa	197	6
pa	198	6
pa	199	6
pa	200	6
pa	201	6
pa	202	6
pa	203	6
pa	204	6
pa	205	5
pa	206	5
pa	207	5
pa	208	5
pa	209	5
pa	210	5
pa	211	4
pa	212	4
pa	213	4
pa	214	4
pa	215	5
pa	216	5
pa	217	5
pa	218	5
pa	219	5
pa	220	5
pa	221	5
pa	222	5
pa	223	5
pa	224	5
pa	225	5
pa	226	5
pa	227	5
pa	228	4
pa	229	4
pa	230	4
pa	231	4
pa	232	4
pa	233	4
pa	234	2
pa	235	2
pa	236	2
pa	237	2
pa	238	2
pa	239	2
pa	240	2
pa	241	2
pa	242	2
pa	243	2
pa	244	2
pa	245	2
pa	246	2
pa	247	2
pa	248	2
pa	249	2
pa	250	2
pa	251	2
pa	252	2
pa	253	2
pa	254	2
pa	255	2
pa	256	2
pa	257	2
pa	258	2
pa	259	2
pa	260	2
pa	261	2
pa	262	2
pa	263	2
pa	264	2
pa	265	2
pa	266	2
pa	267	2
pa	268	2
pa	269	2
pa	270	2
pa	271	2
pa	272	2
pa	273	2
pa	274	2
pa	275	2
pa	276	2
pa	277	2
pa	278	2
pa	279	2
pa	280	2
pa	281	2
pa	282	2
pa	283	2
pa	284	1
pa	285	1
pa	286	1
pa	287	1
pa	288	1
pa	289	1
pa	290	1
pa	291	1
pa	292	1
pa	293	1
pa	294	1
pa	295	1
pa	296	1
pa	297	1
pa	298	1
pa	299	1
pa	300	1
pa	301	1
pa	302	1
pa	303	1
pa	304	1
pa	305	1
pa	306	1
pa	307	1
pa	308	1
pa	309	1
pa	310	1
pa	311	1
pa	312	1
pa	313	1
pa	314	1
pa	315	1
pa	316	1
pa	317	1
pa	318	1
pa	319	1
pa	320	1
pa	321	1
pa	322	1
pa	323	1
pa	324	1
pa	325	1
pa	326	1
pa	327	1
pa	328	1
pa	329	1
pa	330	1
pa	331	1
pa	332	1
pa	333	1
pa	334	1
pa	335	1
pa	336	1
pa	337	1
pa	338	1
pa	339	1
pa	340	1
pa	341	1
pa	342	1
pa	343	2
pa	344	2
pa	345	2
pa	346	2
pa	347	2
pa	348	2
pa	349	2
pa	350	2
pa	351	2
pa	352	2
pa	353	2
pa	354	2
pa	355	2
pa	356	2
pa	357	2
pa	358	2
pa	359	2
pa	360	2
pa	361	2
pa	362	2
pa	363	1
pa	364	1
pa	365	1
pa	366	1
pa	367	1
pa	368	1
pa	369	1
pa	370	1
pa	371	1
pa	372	1
pa	373	1
pa	374	1
pa	375	1
pa	376	1
pa	377	1
pa	378	1
pa	379	1
pa	380	1
pa	381	1
pa	382	1
pa	383	1
pa	384	1
pa	385	1
pa	386	1
pa	387	1
pa	388	1
pa	389	1
pa	419	2
pa	420	2
pa	421	2
pa	422	2
pa	423	2
pa	424	2
pa	425	2
pa	426	2
pa	427	2
pa	428	2
pa	429	2
pa	430	2
pa	431	2
pa	432	2
pa	433	2
pa	434	2
pa	435	3
pa	436	3
pa	437	3
pa	438	3
pa	439	3
pa	440	3
pa	441	3
pa	442	3
pa	443	3
pa	444	3
pa	445	3
pa	446	4
pa	447	4
pa	448	4
pa	449	4
pa	450	4
pa	451	4
pa	452	4
pa	453	4
pa	454	4
pa	455	4
pa	456	4
pa	457	4
pa	458	4
pa	459	4
pa	460	4
pa	461	4
pa	462	4
pa	463	4
pa	464	4
pa	465	4
pa	466	4
pa	467	4
pa	468	4
pa	469	4
pa	470	4
pa	471	4
pa	472	4
pa	473	4
pa	474	4
pa	475	4
pa	476	4
pa	477	5
pa	478	5
pa	479	5
pa	480	5
pa	481	5
pa	482	5
pa	483	4
pa	484	4
pa	485	5
pa	486	5
pa	487	5
pa	488	5
pa	489	5
pa	490	6
pa	491	6
pa	492	6
pa	493	6
pa	494	6
pa	495	5
pa	496	5
pa	497	5
pa	498	5
pa	499	5
pa	500	5
pa	501	5
pa	502	5
pa	503	5
pa	504	5
pa	505	5
pa	506	5
pa	507	5
pa	508	5
pa	509	5
pa	510	5
pa	511	5
pa	512	5
pa	513	5
pa	514	5
pa	515	5
pa	516	5
pa	517	5
pa	518	5
pa	519	5
pa	520	5
pa	521	5
pa	522	5
pa	523	6
pa	524	6
pa	525	6
pa	526	6
pa	527	6
pa	528	6
pa	529	6
pa	530	6
pa	531	6
pa	532	6
pa	533	6
pa	534	6
pa	535	6
pa	536	6
pa	537	6
pa	538	9
pa	539	9
pa	540	9
pa	541	9
pa	542	9
pa	543	9
pa	544	9
pa	545	9
pa	546	9
pa	547	9
pa	548	9
pa	549	9
pa	550	10
pa	551	10
pa	552	10
pa	553	10
pa	554	13
pa	555	13
pa	556	13
pa	557	13
pa	558	13
pa	559	13
pa	560	13
pa	561	13
pa	562	12
pa	563	12
pa	564	12
pa	565	12
pa	566	12
pa	567	12
pa	568	12
pa	569	12
pa	570	14
pa	571	14
pa	572	14
pa	573	14
pa	574	14
pa	575	14
pa	576	14
pa	577	14
pa	578	14
pa	579	14
pa	580	15
pa	581	15
pa	582	15
pa	583	15
pa	584	15
pa	585	15
pa	586	15
pa	587	15
pa	588	15
pa	589	15
pa	590	15
pa	591	15
pa	592	15
pa	593	16
pa	594	16
pa	595	16
pa	596	15
pa	597	15
pa	598	15
pa	599	15
pa	600	15
pa	601	15
pa	602	14
pa	603	14
pa	604	14
pa	605	14
pa	606	14
pa	607	14
pa	608	14
pa	609	13
pa	610	13
pa	611	13
pa	612	13
pa	613	13
pa	614	13
pa	615	13
pa	616	13
pa	617	13
pa	618	13
pa	619	13
pa	620	13
pa	621	13
pa	622	13
pa	623	13
pa	624	13
pa	625	13
pa	626	12
pa	627	10
pa	628	9
pa	629	7
pa	630	7
pa	631	7
pa	632	6
pa	633	6
pa	634	5
pa	635	5
pa	636	5
pa	637	5
pa	638	5
pa	639	5
pa	640	4
pa	641	4
pa	642	3
pa	643	3
pa	644	3
pa	645	3
pa	646	3
pa	647	3
pa	648	3
pa	649	3
pa	650	3
pa	651	3
pa	652	3
pa	653	3
pa	654	2
pa	655	2
pa	656	2
pa	657	2
pa	658	2
pa	659	2
pa	660	2
pa	661	2
pa	662	2
pa	663	2
pa	664	2
pa	665	2
pa	666	2
pa	667	2
pa	668	2
pa	669	2
pa	670	2
pa	671	2
pa	672	2
pa	673	2
pa	674	2
pa	675	2
pa	676	2
pa	677	2
pa	678	2
pa	679	2
pa	680	2
pa	681	2
pa	682	3
pa	683	3
pa	684	3
pa	685	3
pa	686	3
pa	687	3
pa	688	3
pa	689	3
pa	690	3
pa	691	3
pa	692	3
pa	693	3
pa	694	3
pa	695	3
pa	696	2
pa	697	2
pa	698	2
pa	699	2
pa	700	2
pa	701	2
pa	702	2
pa	703	2
pa	704	1
pa	705	1
pa	706	1
pa	707	2
pa	708	2
pa	709	3
pa	710	3
pa	711	4
pa	712	4
pa	713	4
pa	714	4
pa	715	4
pa	716	4
pa	717	4
pa	718	4
pa	719	4
pa	720	4
pa	721	4
pa	722	4
pa	723	4
pa	724	4
pa	725	4
pa	726	4
pa	727	4
pa	728	4
pa	729	4
pa	730	4
pa	731	5
pa	732	5
pa	733	5
pa	734	5
pa	735	5
pa	736	5
pa	737	5
pa	738	5
pa	739	5
pa	740	5
pa	741	5
pa	742	5
pa	743	5
pa	744	5
pa	745	5
pa	746	5
pa	747	5
pa	748	5
pa	749	5
pa	750	5
pa	751	5
pa	752	5
pa	753	5
pa	754	5
pa	755	5
pa	756	5
pa	757	5
pa	758	5
pa	759	5
pa	760	6
pa	761	6
pa	762	6
pa	763	6
pa	764	6
pa	765	6
pa	766	6
pa	767	6
pa	768	6
pa	769	6
pa	770	6
pa	771	6
pa	772	6
pa	773	6
pa	774	6
pa	775	6
pa	776	6
pa	777	6
pa	778	6
pa	779	6
pa	780	6
pa	781	6
pa	782	6
pa	783	6
pa	784	6
pa	785	6
pa	786	7
pa	787	7
pa	788	7
pa	789	7
pa	790	6
pa	791	6
pa	792	6
pa	793	6
pa	794	6
pa	795	6
pa	796	6
pa	797	6
pa	798	6
pa	799	6
pa	800	6
pa	801	6
pa	802	6
pa	803	6
pa	804	6
pa	805	6
pa	806	6
pa	807	6
pa	808	6
pa	809	6
pa	810	6
pa	811	6
pa	812	6
pa	813	6
pa	814	6
pa	815	6
pa	816	6
pa	817	6
pa	818	6
pa	819	4
pa	820	4
pa	821	4
pa	822	4
pa	823	4
pa	824	4
pa	825	4
pa	826	4
pa	827	4
pa	828	4
pa	829	4
pa	830	3
pa	831	3
pa	832	3
pa	833	3
pa	834	3
pa	835	3
pa	836	3
pa	837	3
pa	838	3
pa	839	3
pa	840	4
pa	841	4
pa	842	4
pa	843	4
pa	844	4
pa	845	4
pa	846	4
pa	847	4
pa	848	4
pa	849	4
pa	850	4
pa	851	4
pa	852	4
pa	853	5
pa	854	5
pa	855	5
pa	856	5
pa	857	5
pa	858	5
pa	859	5
pa	860	4
pa	861	4
pa	862	4
pa	863	4
pa	864	4
pa	865	4
pa	866	4
pa	867	4
pa	868	4
pa	869	4
pa	870	4
pa	871	4
pa	872	4
pa	873	4
pa	874	4
pa	875	4
pa	876	4
pa	877	4
pa	878	4
pa	879	4
pa	880	4
pa	881	4
pa	882	4
pa	883	4
pa	884	4
pa	885	2
pa	886	2
pa	887	2
pa	888	2
pa	889	2
pa	890	2
pa	891	2
pa	892	2
pa	893	2
pa	894	2
pa	895	2
pa	896	2
pa	897	2
pa	898	2
pa	899	2
pa	900	2
pa	901	2
pa	902	2
pa	903	2
pa	904	2
pa	905	2
pa	906	2
pa	907	2
pa	908	2
pa	909	2
pa	910	2
pa	911	2
pa	912	2
pa	913	4
pa	914	4
pa	915	4
pa	916	5
pa	917	6
pa	918	6
pa	919	6
pa	920	6
pa	921	6
pa	922	7
pa	923	7
pa	924	7
pa	925	7
pa	926	7
pa	927	7
pa	928	7
pa	929	7
pa	930	7
pa	931	8
pa	932	8
pa	933	8
pa	934	9
pa	935	9
pa	936	10
pa	937	10
pa	938	10
pa	939	10
pa	940	10
pa	941	10
pa	942	10
pa	943	10
pa	944	10
pa	945	10
pa	946	10
pa	947	10
pa	948	10
pa	949	10
pa	950	11
pa	951	11
pa	952	11
pa	953	11
pa	954	11
pa	955	11
pa	956	11
pa	957	10
pa	958	10
pa	959	10
pa	960	11
pa	961	11
pa	962	11
pa	963	11
pa	964	11
pa	965	11
pa	966	11
pa	967	11
pa	968	11
pa	969	11
pa	970	13
pa	971	31
pa	972	31
pa	973	30
pa	974	98
pa	975	154
pa	976	243
pa	977	244
pa	978	245
pa	979	284
pa	980	328
pa	981	509
pa	982	510
pa	983	511
pa	984	573
pa	985	633
pa	986	788
pa	987	789
pa	988	870
pa	989	928
pa	990	1119
pa	991	1136
pa	992	1143
pa	993	1151
pa	994	1160
pa	995	1200
pa	996	1204
pa	997	1239
pa	998	1258
pa	999	1274
pa	1000	1508
pa	1001	1519
pa	1002	1551
pa	1003	1570
pa	1004	1572
pa	1005	1581
pa	1006	1583
pa	1007	1586
pa	1008	1693
pa	1009	1824
pa	1010	1941
pa	1011	1965
pa	1012	1969
pa	1013	1973
pa	1014	1977
pa	1015	2110
pa	1016	2195
pa	1017	2496
pa	1018	2505
pa	1019	2531
pa	1020	2556
pa	1021	2683
pa	1022	2770
pa	1023	2805
pa	1024	2809
pa	1025	2857
pa	1026	2875
pa	1027	2957
pa	1028	2957
pa	1029	2965
pa	1030	2963
pa	1031	2969
pa	1032	3010
pa	1033	3048
pa	1034	3067
pa	1035	3071
pa	1036	3067
pa	1037	3082
pa	1038	3095
pa	1039	3112
pa	1040	3124
pa	1041	3129
pa	1042	3125
pa	1043	3130
pa	1044	3154
pa	1045	3209
pa	1046	3267
pa	1047	3277
pa	1048	3314
pa	1049	3335
pa	1050	3349
pa	1051	3365
pa	1052	3376
pa	1053	3370
pa	1054	3390
pa	1055	3341
pa	1056	3367
pa	1057	3792
pa	1058	3797
pa	1059	3822
pa	1060	3820
pa	1061	3820
pa	1062	3830
pa	1063	3837
pa	1064	3836
pa	1065	3898
pa	1066	3804
pa	1067	3819
pa	1068	3815
pa	1069	3826
pa	1070	3817
pa	1071	3790
pa	1072	3790
pa	1073	3766
pa	1074	3756
pa	1075	3762
pa	1076	3749
pa	1077	3768
pa	1078	3797
pa	1079	3814
pa	1080	3836
pa	1081	3829
pa	1082	3833
pa	1083	3812
pa	1084	3788
pa	1085	3832
pa	1086	3841
pa	1087	3830
pa	1088	3826
pa	1089	3817
pa	1090	3809
pa	1091	3809
pa	1092	3871
pa	1093	3843
pa	1094	3853
pa	1095	3831
pa	1096	3817
pa	1097	3791
pa	1098	3786
pa	1099	3764
pa	1100	3755
pa	1101	3767
pa	1102	3728
pa	1103	3713
pa	1104	3799
pa	1105	3788
pa	1106	3743
pa	1107	3762
pa	1108	3725
pa	1109	3726
pa	1110	3692
pa	1111	3682
pa	1112	3694
pa	1113	3636
pa	1114	3659
pa	1115	3679
pa	1116	3687
pa	1117	4019
pa	1118	4012
pa	1119	4056
pa	1120	4048
pa	1121	4020
pa	1122	3979
pa	1123	3996
pa	1124	4004
pa	1125	4021
pa	1126	3765
pa	1127	3781
pa	1128	3805
pa	1129	3819
pa	1130	3856
pa	1131	3811
pa	1132	3911
pa	1133	3881
pa	1134	3898
pa	1135	4132
pa	1136	4146
pa	1137	4111
pa	1138	4127
pa	1139	4079
pa	1140	4225
pa	1141	4128
pa	1142	4171
pa	1143	4167
pa	1144	4049
pa	1145	4041
pa	1146	4033
pa	1147	4063
pa	1148	4106
pa	1149	4033
pa	1150	4040
pa	1151	4043
pa	1152	4066
pa	1153	4084
pa	1154	4066
pa	1155	4046
pa	1156	4074
pa	1157	4073
pa	1158	4076
pa	1159	4104
pa	1160	4078
pa	1161	4077
pa	1162	4138
pa	1163	4230
pa	1164	4273
pa	1165	4263
pa	1166	4260
pa	1167	4232
pa	1168	4212
pa	1169	4192
pa	1170	4204
pa	1171	4221
pa	1172	4126
pa	1173	4351
pa	1174	4355
pa	1175	4529
pa	1176	4536
pa	1177	4525
pa	1178	4512
pa	1179	4540
pa	1180	4672
pa	1181	4680
pa	1182	4509
pa	1183	4533
pa	1184	4479
pa	1185	4498
pa	1186	4542
pa	1187	4547
pa	1188	4539
pa	1189	4503
pa	1190	5187
pa	1191	5211
pa	1192	5331
pa	1193	5346
pa	1194	5389
pa	1195	5453
pa	1196	5446
pa	1197	5430
pa	1198	5614
pa	1199	5289
pa	1200	5840
pa	1201	5820
pa	1202	5841
pa	1203	5928
pa	1204	5918
pa	1205	5933
pa	1206	5904
pa	1207	5766
pa	1208	5780
pa	1209	5676
pa	1210	5669
pa	1211	5698
pa	1212	5680
pa	1213	5740
pa	1214	5754
pa	1215	5811
pa	1216	5831
pa	1217	5822
pa	1218	5785
pa	1219	5807
pa	1220	5858
pa	1221	6030
pa	1222	6037
pa	1223	6032
pa	1224	6019
pa	1225	6018
pa	1226	6029
pa	1227	6006
pa	1228	6017
pa	1229	5963
pa	1230	5918
pa	1231	5941
pa	1232	5961
pa	1233	5989
pa	1234	6026
pa	1235	6053
pa	1236	6073
pa	1237	6097
pa	1238	6154
pa	1239	6163
pa	1240	6150
pa	1241	6171
pa	1242	6247
pa	1243	6272
pa	1244	6271
pa	1245	6266
pa	1246	6261
pa	1247	6207
pa	1248	6305
pa	1249	6386
pa	1250	6394
pa	1251	6320
pa	1252	6446
pa	1253	6435
pa	1254	6499
pa	1255	6471
pa	1256	6486
pa	1257	6883
pa	1258	6808
pa	1259	6823
pa	1260	6828
pa	1261	6750
pa	1262	6786
pa	1263	6842
pa	1264	6885
pa	1265	6899
pa	1266	6602
pa	1267	6633
pa	1268	6728
pa	1269	6762
pa	1270	6909
pa	1271	6911
pa	1272	6781
pa	1273	6771
pa	1274	6847
pa	1275	6934
pa	1276	6879
pa	1277	6901
pa	1278	6787
pa	1279	6865
pa	1280	6878
pa	1281	6894
pa	1282	6882
pa	1283	6887
pa	1284	6922
pa	1285	6925
pa	1286	6923
pa	1287	6925
pa	1288	6845
pa	1289	7310
pa	1290	7394
pa	1291	7395
pa	1292	7386
pa	1293	7304
pa	1294	7535
pa	1295	7478
pa	1296	7445
pa	1297	7447
pa	1298	7134
pa	1299	7251
pa	1300	7273
pa	1301	7278
pa	1302	7283
pa	1303	7165
pa	1304	7479
pa	1305	7421
pa	1306	7404
pa	1307	7423
pa	1308	7288
pa	1309	7403
pa	1310	7474
pa	1311	7534
pa	1312	7549
pa	1313	7328
pa	1314	7319
pa	1315	7339
pa	1316	7584
pa	1317	7598
pa	1318	7557
pa	1319	7556
pa	1320	7586
pa	1321	7690
pa	1322	7656
pa	1323	7643
pa	1324	7664
pa	1325	7523
pa	1326	7625
pa	1327	7846
pa	1328	7851
pa	1329	7852
pa	1330	7876
pa	1331	7843
pa	1332	7838
pa	1333	7844
pa	1334	7793
pa	1335	8039
pa	1336	7819
pa	1337	8032
pa	1338	8030
pa	1339	8057
pa	1340	7932
pa	1341	7951
pa	1342	7985
pa	1343	8001
pa	1344	7964
pa	1345	7919
pa	1346	7767
pa	1347	7815
pa	1348	7794
pa	1349	7796
pa	1350	7827
pa	1351	7711
pa	1352	7710
pa	1353	7791
pa	1354	7793
pa	1355	7759
pa	1356	7833
pa	1357	7808
pa	1358	7777
pa	1359	7749
pa	1360	7732
pa	1361	7744
pa	1362	7650
pa	1363	7551
pa	1364	7730
pa	1365	7655
pa	1366	7748
pa	1367	7715
pa	1368	7637
pa	1369	7720
pa	1370	7522
pa	1371	7508
pa	1372	7507
pa	1373	7065
pa	1374	7296
pa	1375	7265
pa	1376	7282
pa	1377	7331
pa	1378	7281
pa	1379	7295
pa	1380	7418
pa	1381	7391
pa	1382	7403
pa	1383	7320
pa	1384	7191
pa	1385	7216
pa	1386	7170
pa	1387	7188
pa	1388	7220
pa	1389	7127
pa	1390	7335
pa	1391	7474
pa	1392	7459
pa	1393	7559
pa	1394	7465
pa	1395	7557
pa	1396	7533
pa	1397	7451
pa	1398	7494
pa	1399	7115
pa	1400	7215
pa	1401	7269
pa	1402	7251
pa	1403	7275
pa	1404	7223
pa	1405	7170
pa	1406	7114
pa	1407	7028
pa	1408	7017
pa	1409	7045
pa	1410	6710
pa	1411	6864
pa	1412	6813
pa	1413	6860
pa	1414	6864
pa	1415	7457
pa	1416	8069
pa	1417	8061
pa	1418	8057
pa	1419	8257
pa	1420	8152
pa	1421	8615
pa	1422	8582
pa	1423	8559
pa	1424	8600
pa	1425	7652
pa	1426	8001
pa	1427	8016
pa	1428	7868
pa	1429	7895
pa	1430	7673
pa	1431	7973
pa	1432	8022
pa	1433	8013
pa	1434	8113
pa	1435	7878
pa	1436	7933
pa	1437	7940
pa	1438	7935
pa	1439	7922
pa	1440	7730
pa	1441	7744
pa	1442	7744
pa	1443	7710
pa	1444	7696
pa	1445	7691
pa	1446	7671
pa	1447	7684
pa	1448	7706
pa	1449	7698
pa	1450	7878
pa	1451	7890
pa	1452	7897
pa	1453	7939
pa	1454	7953
pa	1455	7988
pa	1456	8016
pa	1457	8015
pa	1458	7994
pa	1459	7834
pa	1460	7835
pa	1461	7951
pa	1462	7931
pa	1463	7923
pa	1464	7902
pa	1465	7855
pa	1466	7801
pa	1467	7800
pa	1468	7803
pa	1469	7692
pa	1470	7642
pa	1471	7614
pa	1472	7733
pa	1473	7741
pa	1474	7774
pa	1475	7755
pa	1476	7725
pa	1477	7717
pa	1478	7720
pa	1479	7719
pa	1480	7701
pa	1481	7501
pa	1482	7522
pa	1483	7600
pa	1484	7621
pa	1485	7607
pa	1486	7536
pa	1487	7483
pa	1488	7510
pa	1489	7516
pa	1490	7508
pa	1491	7499
pa	1492	7229
pa	1493	7246
pa	1494	7246
pa	1495	7217
pa	1496	7223
pa	1497	7090
pa	1498	7078
pa	1499	7064
pa	1500	7051
pa	1501	7062
pa	1502	6957
pa	1503	6902
pa	1504	6848
pa	1505	6853
pa	1506	6818
pa	1507	6711
pa	1508	6702
pa	1509	6670
pa	1510	6627
pa	1511	6587
pa	1512	6592
pa	1513	6568
pa	1514	6590
pa	1515	6532
pa	1516	6487
pa	1517	6470
pa	1518	6381
pa	1519	6466
pa	1520	6434
pa	1521	6815
pa	1522	6939
pa	1523	6790
pa	1524	6908
pa	1525	6887
pa	1526	6859
pa	1527	6911
pa	1528	6748
pa	1529	6628
pa	1530	6551
pa	1531	6030
pa	1532	5994
pa	1533	5972
pa	1534	5945
pa	1535	6118
pa	1536	6164
pa	1537	6155
pa	1538	6119
pa	1539	6019
pa	1540	6095
pa	1541	6053
pa	1542	6008
pa	1543	6005
pa	1544	5934
pa	1545	5842
pa	1546	5766
pa	1547	5866
pa	1548	5959
pa	1549	5928
pa	1550	5946
pa	1551	5945
pa	1552	6145
pa	1553	6179
pa	1554	6206
pa	1555	6208
pa	1556	6129
pa	1557	6122
pa	1558	6123
pa	1559	6137
pa	1560	6382
pa	1561	6191
pa	1562	6185
pa	1563	6167
pa	1564	6187
pa	1565	6302
pa	1566	6291
pa	1567	6261
pa	1568	6312
pa	1569	6060
pa	1570	6091
pa	1571	6102
pa	1572	6052
pa	1573	6150
pa	1574	6099
pa	1575	6045
pa	1576	6069
pa	1577	6007
pa	1578	6048
pa	1579	5999
pa	1580	5944
pa	1581	6004
pa	1582	5879
pa	1583	5915
pa	1584	5892
pa	1585	5927
pa	1586	5918
pa	1587	5847
pa	1588	5895
pa	1589	6077
pa	1590	5997
pa	1591	5980
pa	1592	5970
pa	1593	5978
pa	1594	6063
pa	1595	6062
pa	1596	6094
pa	1597	6011
pa	1598	5931
pa	1599	6032
pa	1600	6062
pa	1601	6081
pa	1602	6083
pa	1603	6093
pa	1604	6011
pa	1605	6033
pa	1606	5998
pa	1607	6017
pa	1608	5966
pa	1609	5945
pa	1610	5946
pa	1611	5973
pa	1612	5990
pa	1613	5991
pa	1614	5976
pa	1615	5997
pa	1616	6136
pa	1617	6201
pa	1618	6220
pa	1619	6063
pa	1620	6078
pa	1621	6165
pa	1622	6127
pa	1623	6091
pa	1624	6128
pa	1625	5905
pa	1626	5835
pa	1627	5853
pa	1628	5852
pa	1629	5903
pa	1630	5829
pa	1631	5869
pa	1632	5872
pa	1633	5895
pa	1634	5921
pa	1635	5958
pa	1636	6070
pa	1637	6061
pa	1638	6030
pa	1639	6022
pa	1640	5954
pa	1641	6102
pa	1642	6070
pa	1643	6005
pa	1644	6003
pa	1645	5858
pa	1646	5925
pa	1647	5904
pa	1648	5931
pa	1649	6066
pa	1650	6013
pa	1651	6116
pa	1652	6120
pa	1653	6134
pa	1654	6155
pa	1655	6119
pa	1656	6117
pa	1657	6172
pa	1658	5980
pa	1659	6035
pa	1660	6038
pa	1661	6099
pa	1662	6107
pa	1663	6150
pa	1664	6278
pa	1665	6263
pa	1666	6216
pa	1667	6225
pa	1668	6233
pa	1669	6453
pa	1670	6395
pa	1671	6442
pa	1672	6363
pa	1673	6278
pa	1674	6301
pa	1675	6275
pa	1676	6344
pa	1677	6364
pa	1678	6024
pa	1679	6082
pa	1680	5989
pa	1681	6226
pa	1682	6259
pa	1683	6240
pa	1684	6240
pa	1685	6122
pa	1686	6067
pa	1687	6128
pa	1688	6072
pa	1689	6070
pa	1690	5834
pa	1691	5803
pa	1692	5802
pa	1693	5955
pa	1694	6036
pa	1695	6168
pa	1696	6105
pa	1697	6068
pa	1698	6057
pa	1699	6069
pa	1700	6078
pa	1701	6038
pa	1702	6061
pa	1703	5922
pa	1704	5789
pa	1705	5854
pa	1706	5870
pa	1707	5932
pa	1708	5946
pa	1709	6024
pa	1710	6086
pa	1711	6002
pa	1712	5921
pa	1713	6011
pa	1714	5912
pa	1715	6050
pa	1716	6112
pa	1717	6146
pa	1718	6078
pa	1719	5978
pa	1720	5942
pa	1721	5960
pa	1722	5937
pa	1723	5876
pa	1724	5844
pa	1725	5639
pa	1726	5516
pa	1727	5469
pa	1728	5495
pa	1729	5489
pa	1730	5476
pa	1731	5436
pa	1732	5413
pa	1733	5421
pa	1734	5418
pa	1735	5405
pa	1736	5424
pa	1737	5421
pa	1738	5426
pa	1739	5410
pa	1740	5403
pa	1741	5434
pa	1742	5433
pa	1743	5388
pa	1744	5334
pa	1745	5345
pa	1746	5369
pa	1747	5393
pa	1748	5395
pa	1749	5540
pa	1750	5536
pa	1751	5509
pa	1752	5501
pa	1753	5509
pa	1754	5561
pa	1755	5646
pa	1756	5619
pa	1757	5747
pa	1758	5591
pa	1759	5617
pa	1760	5602
pa	1761	5601
pa	1762	5770
pa	1763	5587
pa	1764	5571
pa	1765	5476
pa	1766	5181
pa	1767	5178
pa	1768	5110
pa	1769	5129
pa	1770	5145
pa	1771	4964
pa	1772	4962
pa	1773	4929
pa	1774	4940
pa	1775	5089
pa	1776	5086
pa	1777	5112
pa	1778	5072
pa	1779	5129
pa	1780	5206
pa	1781	5212
pa	1782	5199
pa	1783	5206
pa	1784	5012
pa	1785	5014
pa	1786	4978
pa	1787	5149
pa	1788	5093
pa	1789	5215
pa	1790	5240
pa	1791	5261
pa	1792	5253
pa	1793	5211
pa	1794	5204
pa	1795	5227
pa	1796	4963
pa	1797	5092
pa	1798	4973
pa	1799	4975
pa	1800	4937
pa	1801	4933
pa	1802	4914
pa	1803	4973
pa	1804	4897
pa	1805	4967
pa	1806	4804
pa	1807	4766
pa	1808	4779
pa	1809	4901
pa	1810	4930
pa	1811	4929
pa	1812	4742
pa	1813	4742
pa	1814	4573
pa	1815	4577
pa	1816	4604
pa	1817	4599
pa	1818	4440
pa	1819	4391
pa	1820	4372
pa	1821	4539
pa	1822	4538
pa	1823	4574
pa	1824	4556
pa	1825	4640
pa	1826	4681
pa	1827	4677
pa	1828	4776
pa	1829	4771
pa	1830	4551
pa	1831	4492
pa	1832	4452
pa	1833	4444
pa	1834	4615
pa	1835	4556
pa	1836	4530
pa	1837	4475
pa	1838	4462
pa	1839	4481
pa	1840	4510
pa	1841	4484
pa	1842	4495
pa	1843	4302
pa	1844	4302
pa	1845	4321
pa	1846	4324
pa	1847	4379
pa	1848	4311
pa	1849	4293
pa	1850	4297
pa	1851	4288
pa	1852	4317
pa	1853	4272
pa	1854	4243
pa	1855	4228
pa	1856	4185
pa	1857	4196
pa	1858	4223
pa	1859	4225
pa	1860	4224
pa	1861	4218
pa	1862	4181
pa	1863	4196
pa	1864	4176
pa	1865	4172
pa	1866	4173
pa	1867	4157
pa	1868	4249
pa	1869	4362
pa	1870	4390
pa	1871	4424
pa	1872	4408
pa	1873	4421
pa	1874	4422
pa	1875	4372
pa	1876	4362
pa	1877	4289
pa	1878	4266
pa	1879	4206
pa	1880	4233
pa	1881	4272
pa	1882	4285
pa	1883	4361
pa	1884	4340
pa	1885	4401
pa	1886	4433
pa	1887	4434
pa	1888	4467
pa	1889	4499
pa	1890	4472
pa	1891	4478
pa	1892	4363
pa	1893	4374
pa	1894	4323
pa	1895	4366
pa	1896	4509
pa	1897	4488
pa	1898	4499
pa	1899	4503
pa	1900	4514
pa	1901	4525
pa	1902	4527
pa	1903	4651
pa	1904	4719
pa	1905	4582
pa	1906	4665
pa	1907	4665
pa	1908	4627
pa	1909	4664
pa	1910	4638
pa	1911	4694
pa	1912	4623
pa	1913	4462
pa	1914	4428
pa	1915	4381
pa	1916	4424
pa	1917	4430
pa	1918	4384
pa	1919	4443
pa	1920	4430
pa	1921	4431
pa	1922	4527
pa	1923	4536
pa	1924	4549
pa	1925	4500
pa	1926	4502
pa	1927	4509
pa	1928	4436
pa	1929	4704
pa	1930	4769
pa	1931	4688
pa	1932	4937
pa	1933	4923
pa	1934	4956
pa	1935	4946
pa	1936	4918
pa	1937	4928
pa	1938	4733
pa	1939	4688
pa	1940	4721
pa	1941	4569
pa	1942	4571
pa	1943	4531
pa	1944	4536
pa	1945	4519
pa	1946	4508
pa	1947	4600
pa	1948	4601
pa	1949	4652
pa	1950	4645
pa	1951	4677
pa	1952	4716
pa	1953	4711
pa	1954	4732
pa	1955	4738
pa	1956	4645
pa	1957	4794
pa	1958	4794
pa	1959	4887
pa	1960	4888
pa	1961	4888
pa	1962	4959
pa	1963	4932
pa	1964	4917
pa	1965	4923
pa	1966	4857
pa	1967	5981
pa	1968	5949
pa	1969	6100
pa	1970	6115
pa	1971	6231
pa	1972	6215
pa	1973	6253
pa	1974	6263
pa	1975	6192
pa	1976	5739
pa	1977	5484
pa	1978	5482
pa	1979	5545
pa	1980	5565
pa	1981	5581
pa	1982	5576
pa	1983	5546
pa	1984	5553
pa	1985	5544
pa	1986	5617
pa	1987	5629
pa	1988	5591
pa	1989	5571
pa	1990	5580
pa	1991	5587
pa	1992	5596
pa	1993	5607
pa	1994	5641
pa	1995	5656
pa	1996	5621
pa	1997	5673
pa	1998	5688
pa	1999	5696
pa	2000	5739
pa	2001	5730
pa	2002	5740
pa	2003	5759
pa	2004	5719
pa	2005	5778
pa	2006	5777
pa	2007	5800
pa	2008	5808
pa	2009	5824
pa	2010	5837
pa	2011	5843
pa	2012	5851
pa	2013	5870
pa	2014	5841
pa	2015	5833
pa	2016	5788
pa	2017	5817
pa	2018	5788
pa	2019	5850
pa	2020	5834
pa	2021	5821
pa	2022	5850
pa	2023	5887
pa	2024	5973
pa	2025	5983
pa	2026	5979
pa	2027	6021
pa	2028	5982
pa	2029	6178
pa	2030	6160
pa	2031	6179
pa	2032	6194
pa	2033	6090
pa	2034	6107
pa	2035	6145
pa	2036	6159
pa	2037	6132
pa	2038	6340
pa	2039	6224
pa	2040	6232
pa	2041	6231
pa	2042	6267
pa	2043	6257
pa	2044	6257
pa	2045	6193
pa	2046	6196
pa	2047	5843
pa	2048	5967
pa	2049	6022
pa	2050	6029
pa	2051	6007
pa	2052	5982
pa	2053	6010
pa	2054	5947
pa	2055	5942
pa	2056	6055
pa	2057	5868
pa	2058	5778
pa	2059	5786
pa	2060	5789
pa	2061	5739
pa	2062	5696
pa	2063	5712
pa	2064	5667
pa	2065	5601
pa	2066	5702
pa	2067	5766
pa	2068	5782
pa	2069	5909
pa	2070	5902
pa	2071	5913
pa	2072	5924
pa	2073	5927
pa	2074	5941
pa	2075	5941
pa	2076	5932
pa	2077	6043
pa	2078	5948
pa	2079	6007
pa	2080	5966
pa	2081	5934
pa	2082	6320
pa	2083	6376
pa	2084	6392
pa	2085	6406
pa	2086	6169
pa	2087	6137
pa	2088	5999
pa	2089	6061
pa	2090	6201
pa	2091	5947
pa	2092	6276
pa	2093	6287
pa	2094	6295
pa	2095	6314
pa	2096	6297
pa	2097	6315
pa	2098	6329
pa	2099	6086
pa	2100	6156
pa	2101	5917
pa	2102	5986
pa	2103	6002
pa	2104	5988
pa	2105	5974
pa	2106	6110
pa	2107	6144
pa	2108	6165
pa	2109	6080
pa	2110	6087
pa	2111	6094
pa	2112	6082
pa	2113	6088
pa	2114	6058
pa	2115	6040
pa	2116	6068
pa	2117	5903
pa	2118	5903
pa	2119	5896
pa	2120	5981
pa	2121	6029
pa	2122	6099
pa	2123	6082
pa	2124	6072
pa	2125	6218
pa	2126	6242
pa	2127	6450
pa	2128	6451
pa	2129	6405
pa	2130	6420
pa	2131	6342
pa	2132	6380
pa	2133	6386
pa	2134	6423
pa	2135	6419
pa	2136	6218
pa	2137	6251
pa	2138	6262
pa	2139	6248
pa	2140	6273
pa	2141	6263
pa	2142	6352
pa	2143	6336
pa	2144	6361
pa	2145	6445
pa	2146	6375
pa	2147	6376
pa	2148	6379
pa	2149	6358
pa	2150	6358
pa	2151	6257
pa	2152	6254
pa	2153	6297
pa	2154	6324
pa	2155	6288
pa	2156	6270
pa	2157	6274
pa	2158	6251
pa	2159	6291
pa	2160	6229
pa	2161	6215
pa	2162	6152
pa	2163	6101
pa	2164	6098
pa	2165	6117
pa	2166	6053
pa	2167	6077
pa	2168	5942
pa	2169	5982
pa	2170	5932
pa	2171	5910
pa	2172	5888
pa	2173	5845
pa	2174	5587
pa	2175	5572
pa	2176	5356
pa	2177	5203
pa	2178	5022
pa	2179	4887
pa	2180	4874
pa	2181	4873
pa	2182	4859
pa	2183	4730
pa	2184	4657
pa	2185	4629
pa	2186	4620
pa	2187	4575
pa	2188	4545
pa	2189	4530
pa	2190	4525
pa	2191	4497
pa	2192	4479
pa	2193	4283
pa	2194	4214
pa	2195	4147
pa	2196	4069
pa	2197	4048
pa	2198	3834
pa	2199	3813
pa	2200	3801
pa	2201	3766
pa	2202	3730
pa	2203	3602
pa	2204	3596
pa	2205	3541
pa	2206	3523
pa	2207	2767
pa	2208	2634
pa	2209	2508
pa	2210	2481
pa	2211	2471
pa	2212	2364
pa	2213	2355
pa	2214	2347
pa	2215	2328
pa	2216	2301
pa	2217	1317
pa	2218	1309
pa	2219	1296
pa	2220	1271
pa	2221	1269
pa	2222	1203
pa	2223	1194
pa	2224	1133
pa	2225	1130
pa	2226	1113
pa	2227	1071
pa	2228	1057
pa	2229	992
pa	2230	933
pa	2231	916
pa	2232	878
pa	2233	224
ha	1	362
ha	2	453
ha	3	456
ha	4	461
ha	5	494
ha	6	573
ha	7	586
ha	8	596
ha	9	622
ha	10	625
ha	11	665
ha	12	702
ha	13	859
ha	14	865
ha	15	866
ha	16	871
ha	17	888
ha	18	900
ha	19	935
ha	20	941
ha	21	980
ha	22	984
ha	23	1057
ha	24	1061
ha	25	1064
ha	26	1070
ha	27	1075
ha	28	1085
ha	29	1137
ha	30	1145
ha	31	1207
ha	32	1226
ha	33	1231
ha	34	1242
ha	35	1245
ha	36	1510
ha	37	1530
ha	38	1536
ha	39	1584
ha	40	1589
ha	41	1733
ha	42	1738
ha	43	1753
ha	44	1755
ha	45	1757
ha	46	1790
ha	47	1800
ha	48	1812
ha	49	1826
ha	50	1828
ha	51	1848
ha	52	1855
ha	53	1894
ha	54	1901
ha	55	1901
ha	56	2095
ha	57	2163
ha	58	2349
ha	59	2355
ha	60	2358
ha	61	2371
ha	62	2395
ha	63	2444
ha	64	2444
ha	65	2420
ha	66	2428
ha	67	2804
ha	68	2954
ha	69	2955
ha	70	2952
ha	71	2951
ha	72	2958
ha	73	2955
ha	74	2989
ha	75	2996
ha	76	2915
ha	77	2943
ha	78	2958
ha	79	2960
ha	80	2965
ha	81	2952
ha	82	3107
ha	83	3105
ha	84	3113
ha	85	3132
ha	86	3118
ha	87	3171
ha	88	3177
ha	89	3173
ha	90	3182
ha	91	3134
ha	92	3243
ha	93	3262
ha	94	3282
ha	95	3301
ha	96	3303
ha	97	3364
ha	98	3362
ha	99	3378
ha	100	3377
ha	101	3369
ha	102	3367
ha	103	3362
ha	104	3368
ha	105	3375
ha	106	3527
ha	107	3499
ha	108	3549
ha	109	3553
ha	110	3570
ha	111	3595
ha	112	3596
ha	113	3588
ha	114	3585
ha	115	3516
ha	116	3599
ha	117	3564
ha	118	3565
ha	119	3571
ha	120	3559
ha	121	3646
ha	122	3655
ha	123	3652
ha	124	3667
ha	125	3664
ha	126	3640
ha	127	3641
ha	128	3607
ha	129	3651
ha	130	3590
ha	131	3587
ha	132	3565
ha	133	3537
ha	134	3572
ha	135	3565
ha	136	3570
ha	137	3615
ha	138	3526
ha	139	3502
ha	140	3481
ha	141	3452
ha	142	3467
ha	143	3405
ha	144	3404
ha	145	3413
ha	146	3361
ha	147	3353
ha	148	3365
ha	149	3352
ha	150	3541
ha	151	3538
ha	152	3536
ha	153	3526
ha	154	3524
ha	155	3537
ha	156	3544
ha	157	3521
ha	158	3516
ha	159	3225
ha	160	3312
ha	161	3517
ha	162	3683
ha	163	3666
ha	164	3665
ha	165	3679
ha	166	3714
ha	167	3732
ha	168	3752
ha	169	3757
ha	170	3584
ha	171	3567
ha	172	3570
ha	173	3576
ha	174	3559
ha	175	3610
ha	176	3624
ha	177	3620
ha	178	3600
ha	179	3585
ha	180	3588
ha	181	3550
ha	182	3559
ha	183	3563
ha	184	3522
ha	185	3525
ha	186	3488
ha	187	3566
ha	188	3525
ha	189	3565
ha	190	3575
ha	191	3562
ha	192	3554
ha	193	3555
ha	194	3540
ha	195	3524
ha	196	3537
ha	197	3543
ha	198	3488
ha	199	3537
ha	200	3513
ha	201	3522
ha	202	3551
ha	203	3685
ha	204	3726
ha	205	3646
ha	206	3646
ha	207	3640
ha	208	3622
ha	209	3624
ha	210	3616
ha	211	3611
ha	212	3485
ha	213	3502
ha	214	3508
ha	215	3537
ha	216	3525
ha	217	3537
ha	218	3503
ha	219	3492
ha	220	3527
ha	221	3532
ha	222	3504
ha	223	3447
ha	224	3462
ha	225	3463
ha	226	3507
ha	227	3509
ha	228	3599
ha	229	3581
ha	230	3584
ha	231	3578
ha	232	3557
ha	233	3579
ha	234	3568
ha	235	3641
ha	236	3636
ha	237	3557
ha	238	3617
ha	239	3633
ha	240	3780
ha	241	3820
ha	242	3815
ha	243	3898
ha	244	3753
ha	245	3787
ha	246	3679
ha	247	3638
ha	248	3650
ha	249	3580
ha	250	3534
ha	251	3548
ha	252	3521
ha	253	3518
ha	254	3522
ha	255	3551
ha	256	3570
ha	257	3562
ha	258	3554
ha	259	3574
ha	260	3633
ha	261	3634
ha	262	3665
ha	263	3665
ha	264	3684
ha	265	3649
ha	266	3608
ha	267	3578
ha	268	3648
ha	269	3642
ha	270	3639
ha	271	3611
ha	272	3615
ha	273	3625
ha	274	3646
ha	275	3630
ha	276	3645
ha	277	3618
ha	278	3607
ha	279	3596
ha	280	3595
ha	281	3650
ha	282	3641
ha	283	3675
ha	284	3688
ha	285	3715
ha	286	3767
ha	287	3756
ha	288	3761
ha	289	3763
ha	290	3711
ha	291	3735
ha	292	3665
ha	293	3739
ha	294	3719
ha	295	3722
ha	296	3735
ha	297	3729
ha	298	3732
ha	299	3756
ha	300	3727
ha	301	3687
ha	302	3594
ha	303	3664
ha	304	4200
ha	305	4198
ha	306	4236
ha	307	4262
ha	308	4228
ha	309	4537
ha	310	4541
ha	311	4633
ha	312	4622
ha	313	3907
ha	314	3926
ha	315	3893
ha	316	3871
ha	317	3880
ha	318	3719
ha	319	3722
ha	320	3619
ha	321	3617
ha	322	3647
ha	323	3649
ha	324	3655
ha	325	3644
ha	326	3623
ha	327	3631
ha	328	3628
ha	329	3625
ha	330	3616
ha	331	3545
ha	332	3634
ha	333	3679
ha	334	3685
ha	335	3681
ha	336	3712
ha	337	3738
ha	338	3757
ha	339	3752
ha	340	3780
ha	341	3752
ha	342	3731
ha	343	3972
ha	344	3973
ha	345	4014
ha	346	4016
ha	347	4039
ha	348	4085
ha	349	4053
ha	350	4057
ha	351	4054
ha	352	3938
ha	353	3949
ha	354	3912
ha	355	3914
ha	356	3856
ha	357	3871
ha	358	3882
ha	359	3912
ha	360	3902
ha	361	3932
ha	362	3913
ha	363	3909
ha	364	3887
ha	365	3901
ha	366	3807
ha	367	3822
ha	368	3743
ha	369	3766
ha	370	3740
ha	371	3744
ha	372	3741
ha	373	3735
ha	374	3792
ha	375	3764
ha	376	3716
ha	377	3755
ha	378	3729
ha	379	3729
ha	380	3709
ha	381	3696
ha	382	3675
ha	383	3601
ha	384	3530
ha	385	3575
ha	386	3557
ha	387	3538
ha	388	3577
ha	389	3569
ha	390	3561
ha	391	3585
ha	392	3534
ha	393	3540
ha	394	3542
ha	395	3431
ha	396	3607
ha	397	3567
ha	398	3624
ha	399	3630
ha	400	3582
ha	401	3584
ha	402	3574
ha	403	3579
ha	404	3578
ha	405	3393
ha	406	3436
ha	407	3416
ha	408	3429
ha	409	3413
ha	410	3462
ha	411	3484
ha	412	3493
ha	413	3490
ha	414	3435
ha	415	3474
ha	416	3527
ha	417	3528
ha	418	3538
ha	419	3558
ha	420	3529
ha	421	3576
ha	422	3599
ha	423	3600
ha	424	3545
ha	425	3473
ha	426	3575
ha	427	3691
ha	428	3709
ha	429	3709
ha	430	3732
ha	431	3733
ha	432	3733
ha	433	3748
ha	434	3713
ha	435	3720
ha	436	3603
ha	437	3608
ha	438	3627
ha	439	3598
ha	440	3592
ha	441	3600
ha	442	3607
ha	443	3601
ha	444	3589
ha	445	3563
ha	446	3592
ha	447	3606
ha	448	3672
ha	449	3701
ha	450	3691
ha	451	3695
ha	452	3696
ha	453	3715
ha	454	3680
ha	455	3564
ha	456	3588
ha	457	3546
ha	458	3590
ha	459	3811
ha	460	3835
ha	461	3875
ha	462	3843
ha	463	3858
ha	464	3863
ha	465	3828
ha	466	3840
ha	467	3839
ha	468	3585
ha	469	3614
ha	470	3528
ha	471	3539
ha	472	3530
ha	473	3522
ha	474	3565
ha	475	3536
ha	476	3553
ha	477	3557
ha	478	3543
ha	479	3563
ha	480	3719
ha	481	3721
ha	482	3758
ha	483	3710
ha	484	3830
ha	485	3843
ha	486	3849
ha	487	3870
ha	488	3820
ha	489	3646
ha	490	3638
ha	491	3628
ha	492	3634
ha	493	3484
ha	494	3476
ha	495	3464
ha	496	3460
ha	497	3467
ha	498	3451
ha	499	3451
ha	500	3454
ha	501	3505
ha	502	3505
ha	503	3474
ha	504	3481
ha	505	3490
ha	506	3489
ha	507	3505
ha	508	3508
ha	509	3481
ha	510	3525
ha	511	3490
ha	512	3501
ha	513	3517
ha	514	3512
ha	515	3541
ha	516	3535
ha	517	3560
ha	518	3605
ha	519	3546
ha	520	3606
ha	521	3587
ha	522	3662
ha	523	3689
ha	524	3655
ha	525	3635
ha	526	3626
ha	527	3658
ha	528	3649
ha	529	3643
ha	530	3627
ha	531	3591
ha	532	3586
ha	533	3573
ha	534	3577
ha	535	3610
ha	536	3531
ha	537	3524
ha	538	3537
ha	539	3527
ha	540	3674
ha	541	3681
ha	542	3689
ha	543	3686
ha	544	3650
ha	545	3647
ha	546	3637
ha	547	3653
ha	548	3602
ha	549	3496
ha	550	3444
ha	551	3480
ha	552	3567
ha	553	3506
ha	554	3528
ha	555	3505
ha	556	3430
ha	557	3445
ha	558	3393
ha	559	3418
ha	560	3352
ha	561	3174
ha	562	3173
ha	563	3277
ha	564	3330
ha	565	3364
ha	566	3340
ha	567	3343
ha	568	3681
ha	569	3691
ha	570	3718
ha	571	3715
ha	572	3608
ha	573	3598
ha	574	3575
ha	575	3585
ha	576	3587
ha	577	3175
ha	578	3166
ha	579	3166
ha	580	3168
ha	581	3161
ha	582	3155
ha	583	3163
ha	584	3178
ha	585	3177
ha	586	3161
ha	587	3208
ha	588	3197
ha	589	3247
ha	590	3375
ha	591	3466
ha	592	3561
ha	593	3561
ha	594	3561
ha	595	3567
ha	596	3572
ha	597	3569
ha	598	3514
ha	599	3519
ha	600	3262
ha	601	3325
ha	602	3274
ha	603	3294
ha	604	3295
ha	605	3250
ha	606	3270
ha	607	3254
ha	608	3230
ha	609	3225
ha	610	3139
ha	611	3172
ha	612	3155
ha	613	3200
ha	614	3239
ha	615	3178
ha	616	3217
ha	617	3215
ha	618	3234
ha	619	3252
ha	620	3227
ha	621	3217
ha	622	3229
ha	623	3147
ha	624	3211
ha	625	3174
ha	626	3199
ha	627	3199
ha	628	3153
ha	629	3170
ha	630	3165
ha	631	3150
ha	632	3172
ha	633	3051
ha	634	3064
ha	635	3036
ha	636	3020
ha	637	3052
ha	638	3027
ha	639	3032
ha	640	2992
ha	641	2969
ha	642	2940
ha	643	2937
ha	644	2945
ha	645	2880
ha	646	2922
ha	647	2902
ha	648	3023
ha	649	3032
ha	650	2985
ha	651	2973
ha	652	2920
ha	653	2908
ha	654	2902
ha	655	2828
ha	656	2829
ha	657	2765
ha	658	2713
ha	659	2713
ha	660	2714
ha	661	2712
ha	662	2631
ha	663	2692
ha	664	2712
ha	665	2700
ha	666	2764
ha	667	2778
ha	668	2760
ha	669	2764
ha	670	2732
ha	671	2729
ha	672	2720
ha	673	2679
ha	674	2689
ha	675	2662
ha	676	2642
ha	677	2643
ha	678	2656
ha	679	2677
ha	680	2686
ha	681	2693
ha	682	2663
ha	683	2652
ha	684	2635
ha	685	2635
ha	686	2692
ha	687	2761
ha	688	2715
ha	689	2721
ha	690	2663
ha	691	2675
ha	692	2701
ha	693	2695
ha	694	2711
ha	695	2649
ha	696	2511
ha	697	2526
ha	698	2528
ha	699	2578
ha	700	2578
ha	701	2541
ha	702	2555
ha	703	2533
ha	704	2587
ha	705	2594
ha	706	2612
ha	707	2619
ha	708	2566
ha	709	2567
ha	710	2574
ha	711	2583
ha	712	2574
ha	713	2526
ha	714	2523
ha	715	2537
ha	716	2546
ha	717	2510
ha	718	2514
ha	719	2584
ha	720	2586
ha	721	2580
ha	722	2582
ha	723	2592
ha	724	2616
ha	725	2617
ha	726	2611
ha	727	2611
ha	728	2611
ha	729	2617
ha	730	2614
ha	731	2652
ha	732	2652
ha	733	2610
ha	734	2608
ha	735	2615
ha	736	2644
ha	737	2593
ha	738	2597
ha	739	2608
ha	740	2586
ha	741	2531
ha	742	2601
ha	743	2624
ha	744	2655
ha	745	2657
ha	746	2665
ha	747	2691
ha	748	2683
ha	749	2678
ha	750	2692
ha	751	2607
ha	752	2592
ha	753	2562
ha	754	2575
ha	755	2621
ha	756	2600
ha	757	2601
ha	758	2590
ha	759	2598
ha	760	2698
ha	761	2697
ha	762	2701
ha	763	2685
ha	764	2643
ha	765	2652
ha	766	2653
ha	767	2642
ha	768	2642
ha	769	2508
ha	770	2607
ha	771	2665
ha	772	2705
ha	773	2743
ha	774	2731
ha	775	2786
ha	776	2793
ha	777	2771
ha	778	2744
ha	779	2756
ha	780	2648
ha	781	2630
ha	782	2654
ha	783	2661
ha	784	2675
ha	785	2687
ha	786	2699
ha	787	2696
ha	788	2699
ha	789	2698
ha	790	2663
ha	791	2664
ha	792	2664
ha	793	2674
ha	794	2688
ha	795	2625
ha	796	2635
ha	797	2630
ha	798	2636
ha	799	2623
ha	800	2624
ha	801	2625
ha	802	2637
ha	803	2574
ha	804	2595
ha	805	2583
ha	806	2554
ha	807	2553
ha	808	2561
ha	809	2577
ha	810	2585
ha	811	2553
ha	812	2541
ha	813	2465
ha	814	2479
ha	815	2466
ha	816	2525
ha	817	2569
ha	818	2562
ha	819	2595
ha	820	2567
ha	821	4628
ha	822	5303
ha	823	5330
ha	824	5748
ha	825	5791
ha	826	6211
ha	827	6828
ha	828	6893
ha	829	7086
ha	830	6999
ha	831	7046
ha	832	7074
ha	833	7128
ha	834	7208
ha	835	7673
ha	836	7602
ha	837	7637
ha	838	7714
ha	839	7698
ha	840	7863
ha	841	7925
ha	842	8029
ha	843	8044
ha	844	8044
ha	845	8282
ha	846	8303
ha	847	8553
ha	848	8577
ha	849	8703
ha	850	9113
ha	851	9268
ha	852	9283
ha	853	9333
ha	854	9381
ha	855	9457
ha	856	9635
ha	857	9704
ha	858	9735
ha	859	9970
ha	860	9940
ha	861	10329
ha	862	10338
ha	863	10370
ha	864	10467
ha	865	10464
ha	866	10962
ha	867	10984
ha	868	11016
ha	869	11249
ha	870	11208
ha	871	11484
ha	872	11475
ha	873	11472
ha	874	11494
ha	875	11317
ha	876	11590
ha	877	11556
ha	878	11644
ha	879	11885
ha	880	11859
ha	881	12136
ha	882	12154
ha	883	12547
ha	884	13941
ha	885	14298
ha	886	14342
ha	887	14314
ha	888	14248
ha	889	14253
ha	890	14299
ha	891	14316
ha	892	14210
ha	893	13900
ha	894	13637
ha	895	14283
ha	896	14331
ha	897	14422
ha	898	14425
ha	899	14205
ha	900	14187
ha	901	14348
ha	902	14218
ha	903	14318
ha	904	13930
ha	905	13898
ha	906	13872
ha	907	13929
ha	908	14192
ha	909	14355
ha	910	14250
ha	911	14200
ha	912	14120
ha	913	13968
ha	914	13899
ha	915	14408
ha	916	14349
ha	917	14179
ha	918	14357
ha	919	14355
ha	920	14376
ha	921	14355
ha	922	14329
ha	923	14246
ha	924	13905
ha	925	13784
ha	926	13834
ha	927	13706
ha	928	13799
ha	929	13921
ha	930	13871
ha	931	14177
ha	932	14164
ha	933	14345
ha	934	14413
ha	935	14411
ha	936	14804
ha	937	14775
ha	938	14780
ha	939	14836
ha	940	14676
ha	941	14778
ha	942	14603
ha	943	14605
ha	944	15070
ha	945	14848
ha	946	14870
ha	947	15020
ha	948	15024
ha	949	15485
ha	950	15400
ha	951	15400
ha	952	15456
ha	953	15095
ha	954	16533
ha	955	16770
ha	956	16758
ha	957	16999
ha	958	16603
ha	959	16667
ha	960	16432
ha	961	16627
ha	962	16963
ha	963	16455
ha	964	16375
ha	965	16361
ha	966	16207
ha	967	16367
ha	968	16271
ha	969	17838
ha	970	17720
ha	971	17421
ha	972	17221
ha	973	17040
ha	974	17057
ha	975	17035
ha	976	16995
ha	977	16955
ha	978	16029
ha	979	15982
ha	980	15867
ha	981	16173
ha	982	16517
ha	983	16521
ha	984	16541
ha	985	16478
ha	986	16682
ha	987	16750
ha	988	16845
ha	989	16836
ha	990	16805
ha	991	16566
ha	992	16517
ha	993	16488
ha	994	16521
ha	995	16701
ha	996	16717
ha	997	16711
ha	998	16721
ha	999	16782
ha	1000	16719
ha	1001	16676
ha	1002	16648
ha	1003	16733
ha	1004	16795
ha	1005	17037
ha	1006	17135
ha	1007	17141
ha	1008	17372
ha	1009	17539
ha	1010	17676
ha	1011	17660
ha	1012	17938
ha	1013	17768
ha	1014	17737
ha	1015	17720
ha	1016	17707
ha	1017	17695
ha	1018	17641
ha	1019	17416
ha	1020	17387
ha	1021	17242
ha	1022	17320
ha	1023	17355
ha	1024	17535
ha	1025	17619
ha	1026	17540
ha	1027	17951
ha	1028	17895
ha	1029	18292
ha	1030	18263
ha	1031	18047
ha	1032	17888
ha	1033	17659
ha	1034	17375
ha	1035	17473
ha	1036	17183
ha	1037	17524
ha	1038	17549
ha	1039	17406
ha	1040	17467
ha	1041	17372
ha	1042	17451
ha	1043	17592
ha	1044	17691
ha	1045	17565
ha	1046	17477
ha	1047	16778
ha	1048	16730
ha	1049	16647
ha	1050	16813
ha	1051	16886
ha	1052	16624
ha	1053	16812
ha	1054	16881
ha	1055	16779
ha	1056	16885
ha	1057	16901
ha	1058	16738
ha	1059	16539
ha	1060	16493
ha	1061	16469
ha	1062	16606
ha	1063	16240
ha	1064	16371
ha	1065	16359
ha	1066	16202
ha	1067	16064
ha	1068	15956
ha	1069	16167
ha	1070	16286
ha	1071	16284
ha	1072	16321
ha	1073	16149
ha	1074	16138
ha	1075	16177
ha	1076	16188
ha	1077	16097
ha	1078	15842
ha	1079	16010
ha	1080	16008
ha	1081	16033
ha	1082	16016
ha	1083	15920
ha	1084	15754
ha	1085	16914
ha	1086	18201
ha	1087	18621
ha	1088	18440
ha	1089	18473
ha	1090	18604
ha	1091	18558
ha	1092	18408
ha	1093	18180
ha	1094	18207
ha	1095	14995
ha	1096	14933
ha	1097	14819
ha	1098	14900
ha	1099	14795
ha	1100	14815
ha	1101	14804
ha	1102	14767
ha	1103	14648
ha	1104	14651
ha	1105	14560
ha	1106	14502
ha	1107	14315
ha	1108	14391
ha	1109	14342
ha	1110	14546
ha	1111	14488
ha	1112	14412
ha	1113	14395
ha	1114	14691
ha	1115	14868
ha	1116	14836
ha	1117	14772
ha	1118	14831
ha	1119	14679
ha	1120	14631
ha	1121	14891
ha	1122	15053
ha	1123	14802
ha	1124	14763
ha	1125	15092
ha	1126	15788
ha	1127	15875
ha	1128	15966
ha	1129	15952
ha	1130	16420
ha	1131	16536
ha	1132	16609
ha	1133	16554
ha	1134	16446
ha	1135	16573
ha	1136	16336
ha	1137	16354
ha	1138	17083
ha	1139	16752
ha	1140	16403
ha	1141	16395
ha	1142	16466
ha	1143	17072
ha	1144	16883
ha	1145	16474
ha	1146	16473
ha	1147	16048
ha	1148	16791
ha	1149	16759
ha	1150	16928
ha	1151	16906
ha	1152	16436
ha	1153	16661
ha	1154	16688
ha	1155	16792
ha	1156	16878
ha	1157	16411
ha	1158	16569
ha	1159	16444
ha	1160	16819
ha	1161	16906
ha	1162	16957
ha	1163	16771
ha	1164	16694
ha	1165	16654
ha	1166	16593
ha	1167	16664
ha	1168	16462
ha	1169	16624
ha	1170	16636
ha	1171	16558
ha	1172	16701
ha	1173	16622
ha	1174	16970
ha	1175	16845
ha	1176	16812
ha	1177	16840
ha	1178	16934
ha	1179	16610
ha	1180	16496
ha	1181	16352
ha	1182	16367
ha	1183	16130
ha	1184	16088
ha	1185	16399
ha	1186	16369
ha	1187	16299
ha	1188	16190
ha	1189	16225
ha	1190	16186
ha	1191	16404
ha	1192	16679
ha	1193	16874
ha	1194	16828
ha	1195	16576
ha	1196	16779
ha	1197	17586
ha	1198	17451
ha	1199	17472
ha	1200	17182
ha	1201	16995
ha	1202	16757
ha	1203	17231
ha	1204	17199
ha	1205	17419
ha	1206	16811
ha	1207	16837
ha	1208	16922
ha	1209	17470
ha	1210	17614
ha	1211	17550
ha	1212	17224
ha	1213	17175
ha	1214	17023
ha	1215	17024
ha	1216	17347
ha	1217	17363
ha	1218	16903
ha	1219	16771
ha	1220	16639
ha	1221	17030
ha	1222	17122
ha	1223	17078
ha	1224	17110
ha	1225	16726
ha	1226	17067
ha	1227	17078
ha	1228	17064
ha	1229	17031
ha	1230	16728
ha	1231	16659
ha	1232	16913
ha	1233	16863
ha	1234	16959
ha	1235	16627
ha	1236	16661
ha	1237	16912
ha	1238	16924
ha	1239	16934
ha	1240	16933
ha	1241	16682
ha	1242	16570
ha	1243	16625
ha	1244	16352
ha	1245	16583
ha	1246	16401
ha	1247	16599
ha	1248	16575
ha	1249	17018
ha	1250	16971
ha	1251	16944
ha	1252	16801
ha	1253	16753
ha	1254	16481
ha	1255	16485
ha	1256	16339
ha	1257	16279
ha	1258	15835
ha	1259	16469
ha	1260	16462
ha	1261	16470
ha	1262	16560
ha	1263	16615
ha	1264	16543
ha	1265	16439
ha	1266	16396
ha	1267	16354
ha	1268	16698
ha	1269	15755
ha	1270	16450
ha	1271	16406
ha	1272	16361
ha	1273	16486
ha	1274	16462
ha	1275	16417
ha	1276	16326
ha	1277	15757
ha	1278	16005
ha	1279	16140
ha	1280	15946
ha	1281	15905
ha	1282	15757
ha	1283	15889
ha	1284	15839
ha	1285	15828
ha	1286	15703
ha	1287	15682
ha	1288	15719
ha	1289	15032
ha	1290	15616
ha	1291	15676
ha	1292	15634
ha	1293	15593
ha	1294	15367
ha	1295	15412
ha	1296	15186
ha	1297	15346
ha	1298	15227
ha	1299	14643
ha	1300	14563
ha	1301	14521
ha	1302	14517
ha	1303	14587
ha	1304	14487
ha	1305	14438
ha	1306	14456
ha	1307	14248
ha	1308	14373
ha	1309	14440
ha	1310	14415
ha	1311	14317
ha	1312	14198
ha	1313	14355
ha	1314	14354
ha	1315	14298
ha	1316	14298
ha	1317	14124
ha	1318	13976
ha	1319	13978
ha	1320	13914
ha	1321	13936
ha	1322	13767
ha	1323	13924
ha	1324	13955
ha	1325	14051
ha	1326	14460
ha	1327	14718
ha	1328	14719
ha	1329	14684
ha	1330	14625
ha	1331	14626
ha	1332	14313
ha	1333	14490
ha	1334	14713
ha	1335	14377
ha	1336	14327
ha	1337	14226
ha	1338	14272
ha	1339	14646
ha	1340	14589
ha	1341	15048
ha	1342	15358
ha	1343	15129
ha	1344	15322
ha	1345	15260
ha	1346	15188
ha	1347	15315
ha	1348	14686
ha	1349	14681
ha	1350	14599
ha	1351	13695
ha	1352	13784
ha	1353	13691
ha	1354	13614
ha	1355	13856
ha	1356	13741
ha	1357	13784
ha	1358	13687
ha	1359	13720
ha	1360	13760
ha	1361	13875
ha	1362	13678
ha	1363	13647
ha	1364	13396
ha	1365	13182
ha	1366	13233
ha	1367	13348
ha	1368	13551
ha	1369	13618
ha	1370	13771
ha	1371	14042
ha	1372	14019
ha	1373	13989
ha	1374	13994
ha	1375	14679
ha	1376	14811
ha	1377	14973
ha	1378	15680
ha	1379	16810
ha	1380	17034
ha	1381	17195
ha	1382	17277
ha	1383	17866
ha	1384	17716
ha	1385	18085
ha	1386	18072
ha	1387	18200
ha	1388	18240
ha	1389	18206
ha	1390	18180
ha	1391	18178
ha	1392	18049
ha	1393	18151
ha	1394	18044
ha	1395	18067
ha	1396	17989
ha	1397	18109
ha	1398	18623
ha	1399	18766
ha	1400	18982
ha	1401	19289
ha	1402	19321
ha	1403	19421
ha	1404	19653
ha	1405	19738
ha	1406	20353
ha	1407	20369
ha	1408	20408
ha	1409	20374
ha	1410	20239
ha	1411	20242
ha	1412	19910
ha	1413	19739
ha	1414	20140
ha	1415	20114
ha	1416	19976
ha	1417	20047
ha	1418	20084
ha	1419	20232
ha	1420	20236
ha	1421	20230
ha	1422	20256
ha	1423	20210
ha	1424	19904
ha	1425	19998
ha	1426	20105
ha	1427	20425
ha	1428	20431
ha	1429	20215
ha	1430	20117
ha	1431	20631
ha	1432	20614
ha	1433	20781
ha	1434	20639
ha	1435	20453
ha	1436	20464
ha	1437	20035
ha	1438	21086
ha	1439	21125
ha	1440	20527
ha	1441	20520
ha	1442	20237
ha	1443	20518
ha	1444	20982
ha	1445	21010
ha	1446	20811
ha	1447	19685
ha	1448	18975
ha	1449	20405
ha	1450	20468
ha	1451	20636
ha	1452	20627
ha	1453	19776
ha	1454	19762
ha	1455	19756
ha	1456	19971
ha	1457	20157
ha	1458	18803
ha	1459	18861
ha	1460	18869
ha	1461	18688
ha	1462	19452
ha	1463	19749
ha	1464	19847
ha	1465	19677
ha	1466	19375
ha	1467	19389
ha	1468	19325
ha	1469	19350
ha	1470	19330
ha	1471	18898
ha	1472	18387
ha	1473	18658
ha	1474	18674
ha	1475	18880
ha	1476	18973
ha	1477	18894
ha	1478	18955
ha	1479	18951
ha	1480	18962
ha	1481	19208
ha	1482	19153
ha	1483	19217
ha	1484	19125
ha	1485	19347
ha	1486	19460
ha	1487	19495
ha	1488	19491
ha	1489	19543
ha	1490	19448
ha	1491	19441
ha	1492	19245
ha	1493	19155
ha	1494	19224
ha	1495	19118
ha	1496	19113
ha	1497	19120
ha	1498	19012
ha	1499	19153
ha	1500	19190
ha	1501	19170
ha	1502	19339
ha	1503	19323
ha	1504	19458
ha	1505	19797
ha	1506	19888
ha	1507	19954
ha	1508	19721
ha	1509	19735
ha	1510	19718
ha	1511	19719
ha	1512	19284
ha	1513	19013
ha	1514	18259
ha	1515	18600
ha	1516	18046
ha	1517	18171
ha	1518	18075
ha	1519	18172
ha	1520	18130
ha	1521	18243
ha	1522	18298
ha	1523	18216
ha	1524	17382
ha	1525	17248
ha	1526	17186
ha	1527	17248
ha	1528	17224
ha	1529	17440
ha	1530	17159
ha	1531	17194
ha	1532	17326
ha	1533	17316
ha	1534	17859
ha	1535	17868
ha	1536	17822
ha	1537	17803
ha	1538	17464
ha	1539	17512
ha	1540	17475
ha	1541	17528
ha	1542	17515
ha	1543	17013
ha	1544	17122
ha	1545	17003
ha	1546	17803
ha	1547	17777
ha	1548	17791
ha	1549	17653
ha	1550	17259
ha	1551	17288
ha	1552	16923
ha	1553	17069
ha	1554	16959
ha	1555	15224
ha	1556	15223
ha	1557	14722
ha	1558	14705
ha	1559	14719
ha	1560	14721
ha	1561	14615
ha	1562	14354
ha	1563	14467
ha	1564	14836
ha	1565	14794
ha	1566	14667
ha	1567	14596
ha	1568	14641
ha	1569	14586
ha	1570	14491
ha	1571	14113
ha	1572	14272
ha	1573	13740
ha	1574	13858
ha	1575	13865
ha	1576	13872
ha	1577	14388
ha	1578	14375
ha	1579	14431
ha	1580	14410
ha	1581	14220
ha	1582	14220
ha	1583	14096
ha	1584	14140
ha	1585	14147
ha	1586	13569
ha	1587	13770
ha	1588	13748
ha	1589	13835
ha	1590	13867
ha	1591	13966
ha	1592	13978
ha	1593	14047
ha	1594	14088
ha	1595	14053
ha	1596	13893
ha	1597	13649
ha	1598	13602
ha	1599	13520
ha	1600	13447
ha	1601	13317
ha	1602	13867
ha	1603	13956
ha	1604	14006
ha	1605	14040
ha	1606	14045
ha	1607	14078
ha	1608	14354
ha	1609	14338
ha	1610	14332
ha	1611	14199
ha	1612	13764
ha	1613	13893
ha	1614	14512
ha	1615	14575
ha	1616	14538
ha	1617	13962
ha	1618	14070
ha	1619	14021
ha	1620	13955
ha	1621	13786
ha	1622	13906
ha	1623	13157
ha	1624	13329
ha	1625	13415
ha	1626	13530
ha	1627	13428
ha	1628	13459
ha	1629	13502
ha	1630	13873
ha	1631	13559
ha	1632	13974
ha	1633	13919
ha	1634	13944
ha	1635	14070
ha	1636	13917
ha	1637	13893
ha	1638	13914
ha	1639	13465
ha	1640	13503
ha	1641	13349
ha	1642	13377
ha	1643	13382
ha	1644	13330
ha	1645	13377
ha	1646	13373
ha	1647	13452
ha	1648	13462
ha	1649	13530
ha	1650	14150
ha	1651	14133
ha	1652	14100
ha	1653	14104
ha	1654	14054
ha	1655	14095
ha	1656	13951
ha	1657	13803
ha	1658	13781
ha	1659	13154
ha	1660	13273
ha	1661	13298
ha	1662	13315
ha	1663	13293
ha	1664	13266
ha	1665	13270
ha	1666	13443
ha	1667	13390
ha	1668	13336
ha	1669	13219
ha	1670	13100
ha	1671	13069
ha	1672	13045
ha	1673	13040
ha	1674	13013
ha	1675	12638
ha	1676	12950
ha	1677	13257
ha	1678	13229
ha	1679	13304
ha	1680	13218
ha	1681	13879
ha	1682	13897
ha	1683	14024
ha	1684	13851
ha	1685	13715
ha	1686	13271
ha	1687	13251
ha	1688	13253
ha	1689	13238
ha	1690	12726
ha	1691	12281
ha	1692	11794
ha	1693	11834
ha	1694	11373
ha	1695	11551
ha	1696	11508
ha	1697	11505
ha	1698	11615
ha	1699	11479
ha	1700	11455
ha	1701	11429
ha	1702	11344
ha	1703	11326
ha	1704	11167
ha	1705	11066
ha	1706	11070
ha	1707	11018
ha	1708	11040
ha	1709	11193
ha	1710	11219
ha	1711	11250
ha	1712	11236
ha	1713	10164
ha	1714	10276
ha	1715	10093
ha	1716	10125
ha	1717	10122
ha	1718	9730
ha	1719	9781
ha	1720	9723
ha	1721	9700
ha	1722	9647
ha	1723	8892
ha	1724	8848
ha	1725	8841
ha	1726	8838
ha	1727	8789
ha	1728	8528
ha	1729	8458
ha	1730	8429
ha	1731	8345
ha	1732	8337
ha	1733	8297
ha	1734	8145
ha	1735	8043
ha	1736	7975
ha	1737	7956
ha	1738	7930
ha	1739	7917
ha	1740	7637
ha	1741	7594
ha	1742	7561
ha	1743	7515
ha	1744	7494
ha	1745	7395
ha	1746	7390
ha	1747	7361
ha	1748	7333
ha	1749	7263
ha	1750	7002
ha	1751	6863
ha	1752	6780
ha	1753	6727
ha	1754	6533
ha	1755	5953
ha	1756	5864
ha	1757	5830
ha	1758	5795
ha	1759	5599
ha	1760	5531
ha	1761	5497
ha	1762	4826
ha	1763	4806
ha	1764	4687
ha	1765	4634
ha	1766	4568
ha	1767	4499
ha	1768	4483
ha	1769	4382
ha	1770	4324
ha	1771	4257
ha	1772	3185
ha	1773	3007
ha	1774	2906
ha	1775	2882
ha	1776	573
mp	1	35
mp	2	42
mp	3	42
mp	4	42
mp	5	45
mp	6	46
mp	7	47
mp	8	47
mp	9	52
mp	10	53
mp	11	62
mp	12	62
mp	13	62
mp	14	63
mp	15	64
mp	16	68
mp	17	68
mp	18	76
mp	19	76
mp	20	76
mp	21	77
mp	22	78
mp	23	79
mp	24	80
mp	25	82
mp	26	82
mp	27	82
mp	28	82
mp	29	82
mp	30	94
mp	31	96
mp	32	108
mp	33	116
mp	34	117
mp	35	117
mp	36	117
mp	37	118
mp	38	118
mp	39	118
mp	40	118
mp	41	118
mp	42	119
mp	43	119
mp	44	123
mp	45	123
mp	46	123
mp	47	123
mp	48	123
mp	49	124
mp	50	122
mp	51	123
mp	52	124
mp	53	124
mp	54	124
mp	55	123
mp	56	125
mp	57	125
mp	58	129
mp	59	136
mp	60	136
mp	61	144
mp	62	144
mp	63	157
mp	64	154
mp	65	155
mp	66	157
mp	67	157
mp	68	160
mp	69	160
mp	70	159
mp	71	159
mp	72	164
mp	73	164
mp	74	164
mp	75	164
mp	76	161
mp	77	162
mp	78	162
mp	79	163
mp	80	163
mp	81	163
mp	82	163
mp	83	162
mp	84	154
mp	85	155
mp	86	146
mp	87	143
mp	88	132
mp	89	132
mp	90	133
mp	91	130
mp	92	129
mp	93	131
mp	94	132
mp	95	129
mp	96	129
mp	97	128
mp	98	127
mp	99	127
mp	100	127
mp	101	128
mp	102	127
mp	103	128
mp	104	127
mp	105	138
mp	106	137
mp	107	137
mp	108	131
mp	109	131
mp	110	133
mp	111	131
mp	112	127
mp	113	127
mp	114	126
mp	115	124
mp	116	124
mp	117	124
mp	118	127
mp	119	125
mp	120	126
mp	121	126
mp	122	128
mp	123	129
mp	124	128
mp	125	130
mp	126	130
mp	127	132
mp	128	130
mp	129	129
mp	130	127
mp	131	123
mp	132	119
mp	133	116
mp	134	109
mp	135	108
mp	136	108
mp	137	107
mp	138	112
mp	139	112
mp	140	114
mp	141	114
mp	142	115
mp	143	115
mp	144	114
mp	145	114
mp	146	112
mp	147	114
mp	148	114
mp	149	126
mp	150	126
mp	151	126
mp	152	126
mp	153	126
mp	154	125
mp	155	126
mp	156	121
mp	157	121
mp	158	117
mp	159	122
mp	160	130
mp	161	131
mp	162	131
mp	163	131
mp	164	127
mp	165	129
mp	166	136
mp	167	135
mp	168	135
mp	169	127
mp	170	126
mp	171	128
mp	172	127
mp	173	127
mp	174	123
mp	175	123
mp	176	121
mp	177	124
mp	178	125
mp	179	125
mp	180	128
mp	181	131
mp	182	130
mp	183	131
mp	184	129
mp	185	137
mp	186	136
mp	187	137
mp	188	136
mp	189	132
mp	190	138
mp	191	137
mp	192	137
mp	193	134
mp	194	133
mp	195	133
mp	196	135
mp	197	136
mp	198	137
mp	199	140
mp	200	140
mp	201	141
mp	202	143
mp	203	143
mp	204	142
mp	205	142
mp	206	144
mp	207	143
mp	208	143
mp	209	143
mp	210	148
mp	211	149
mp	212	157
mp	213	157
mp	214	162
mp	215	164
mp	216	164
mp	217	165
mp	218	165
mp	219	171
mp	220	172
mp	221	173
mp	222	173
mp	223	183
mp	224	183
mp	225	186
mp	226	186
mp	227	186
mp	228	187
mp	229	190
mp	230	189
mp	231	192
mp	232	193
mp	233	190
mp	234	194
mp	235	192
mp	236	193
mp	237	196
mp	238	199
mp	239	199
mp	240	197
mp	241	192
mp	242	198
mp	243	202
mp	244	202
mp	245	206
mp	246	202
mp	247	207
mp	248	208
mp	249	208
mp	250	210
mp	251	207
mp	252	207
mp	253	207
mp	254	205
mp	255	206
mp	256	202
mp	257	203
mp	258	203
mp	259	205
mp	260	204
mp	261	205
mp	262	205
mp	263	209
mp	264	211
mp	265	213
mp	266	213
mp	267	216
mp	268	215
mp	269	215
mp	270	214
mp	271	215
mp	272	214
mp	273	214
mp	274	215
mp	275	218
mp	276	215
mp	277	217
mp	278	218
mp	279	217
mp	280	217
mp	281	213
mp	282	214
mp	283	208
mp	284	204
mp	285	205
mp	286	201
mp	287	203
mp	288	202
mp	289	196
mp	290	196
mp	291	193
mp	292	199
mp	293	198
mp	294	195
mp	295	200
mp	296	195
mp	297	191
mp	298	203
mp	299	198
mp	300	196
mp	301	195
mp	302	196
mp	303	199
mp	304	197
mp	305	195
mp	306	195
mp	307	193
mp	308	186
mp	309	188
mp	310	188
mp	311	189
mp	312	193
mp	313	185
mp	314	192
mp	315	193
mp	316	198
mp	317	201
mp	318	197
mp	319	193
mp	320	197
mp	321	195
mp	322	206
mp	323	207
mp	324	207
mp	325	208
mp	326	202
mp	327	205
mp	328	205
mp	329	206
mp	330	209
mp	331	199
mp	332	199
mp	333	200
mp	334	201
mp	335	202
mp	336	197
mp	337	197
mp	338	194
mp	339	196
mp	340	195
mp	341	199
mp	342	205
mp	343	212
mp	344	216
mp	345	222
mp	346	222
mp	347	225
mp	348	224
mp	349	221
mp	350	227
mp	351	222
mp	352	224
mp	353	221
mp	354	220
mp	355	220
mp	356	217
mp	357	223
mp	358	227
mp	359	230
mp	360	232
mp	361	233
mp	362	235
mp	363	234
mp	364	235
mp	365	239
mp	366	235
mp	367	232
mp	368	238
mp	369	238
mp	370	239
mp	371	243
mp	372	243
mp	373	242
mp	374	241
mp	375	237
mp	376	257
mp	377	255
mp	378	260
mp	379	260
mp	380	261
mp	381	261
mp	382	261
mp	383	258
mp	384	257
mp	385	242
mp	386	240
mp	387	244
mp	388	239
mp	389	236
mp	390	239
mp	391	238
mp	392	238
mp	393	239
mp	394	238
mp	395	238
mp	396	231
mp	397	238
mp	398	238
mp	399	237
mp	400	236
mp	401	234
mp	402	245
mp	403	247
mp	404	249
mp	405	256
mp	406	252
mp	407	250
mp	408	248
mp	409	247
mp	410	251
mp	411	252
mp	412	249
mp	413	268
mp	414	265
mp	415	280
mp	416	296
mp	417	295
mp	418	304
mp	419	299
mp	420	291
mp	421	302
mp	422	291
mp	423	291
mp	424	292
mp	425	277
mp	426	287
mp	427	285
mp	428	284
mp	429	282
mp	430	277
mp	431	277
mp	432	276
mp	433	276
mp	434	275
mp	435	273
mp	436	275
mp	437	277
mp	438	277
mp	439	279
mp	440	273
mp	441	274
mp	442	273
mp	443	272
mp	444	273
mp	445	267
mp	446	267
mp	447	268
mp	448	267
mp	449	267
mp	450	265
mp	451	265
mp	452	265
mp	453	264
mp	454	263
mp	455	260
mp	456	259
mp	457	262
mp	458	272
mp	459	270
mp	460	269
mp	461	264
mp	462	265
mp	463	270
mp	464	274
mp	465	275
mp	466	288
mp	467	279
mp	468	283
mp	469	283
mp	470	283
mp	471	281
mp	472	268
mp	473	260
mp	474	262
mp	475	257
mp	476	252
mp	477	253
mp	478	251
mp	479	252
mp	480	247
mp	481	246
mp	482	244
mp	483	237
mp	484	239
mp	485	233
mp	486	232
mp	487	231
mp	488	233
mp	489	232
mp	490	231
mp	491	235
mp	492	231
mp	493	227
mp	494	228
mp	495	226
mp	496	224
mp	497	223
mp	498	220
mp	499	222
mp	500	219
mp	501	216
mp	502	218
mp	503	219
mp	504	218
mp	505	219
mp	506	219
mp	507	219
mp	508	218
mp	509	218
mp	510	214
mp	511	227
mp	512	223
mp	513	229
mp	514	231
mp	515	233
mp	516	231
mp	517	230
mp	518	225
mp	519	223
mp	520	224
mp	521	224
mp	522	221
mp	523	218
mp	524	216
mp	525	218
mp	526	216
mp	527	199
mp	528	204
mp	529	204
mp	530	193
mp	531	194
mp	532	194
mp	533	184
mp	534	178
mp	535	183
mp	536	187
mp	537	177
mp	538	172
mp	539	171
mp	540	167
mp	541	169
mp	542	168
mp	543	165
mp	544	163
mp	545	159
mp	546	164
mp	547	164
mp	548	161
mp	549	162
mp	550	161
mp	551	165
mp	552	168
mp	553	172
mp	554	172
mp	555	173
mp	556	172
mp	557	170
mp	558	174
mp	559	171
mp	560	171
mp	561	173
mp	562	176
mp	563	189
mp	564	187
mp	565	193
mp	566	193
mp	567	194
mp	568	200
mp	569	202
mp	570	203
mp	571	203
mp	572	186
mp	573	212
mp	574	212
mp	575	215
mp	576	218
mp	577	212
mp	578	212
mp	579	213
mp	580	222
mp	581	231
mp	582	212
mp	583	209
mp	584	208
mp	585	209
mp	586	218
mp	587	220
mp	588	226
mp	589	222
mp	590	227
mp	591	226
mp	592	225
mp	593	228
mp	594	227
mp	595	220
mp	596	219
mp	597	217
mp	598	216
mp	599	215
mp	600	223
mp	601	228
mp	602	227
mp	603	227
mp	604	225
mp	605	228
mp	606	231
mp	607	233
mp	608	234
mp	609	230
mp	610	231
mp	611	231
mp	612	236
mp	613	236
mp	614	245
mp	615	244
mp	616	248
mp	617	249
mp	618	251
mp	619	249
mp	620	248
mp	621	248
mp	622	246
mp	623	248
mp	624	248
mp	625	249
mp	626	250
mp	627	249
mp	628	249
mp	629	254
mp	630	255
mp	631	258
mp	632	256
mp	633	257
mp	634	255
mp	635	252
mp	636	249
mp	637	251
mp	638	246
mp	639	246
mp	640	249
mp	641	258
mp	642	257
mp	643	254
mp	644	259
mp	645	259
mp	646	252
mp	647	255
mp	648	244
mp	649	249
mp	650	249
mp	651	249
mp	652	247
mp	653	246
mp	654	249
mp	655	250
mp	656	247
mp	657	240
mp	658	236
mp	659	233
mp	660	237
mp	661	240
mp	662	243
mp	663	238
mp	664	242
mp	665	243
mp	666	241
mp	667	241
mp	668	243
mp	669	242
mp	670	243
mp	671	241
mp	672	239
mp	673	238
mp	674	235
mp	675	234
mp	676	236
mp	677	232
mp	678	240
mp	679	240
mp	680	238
mp	681	239
mp	682	238
mp	683	237
mp	684	236
mp	685	231
mp	686	232
mp	687	229
mp	688	221
mp	689	221
mp	690	218
mp	691	226
mp	692	229
mp	693	225
mp	694	226
mp	695	223
mp	696	223
mp	697	234
mp	698	229
mp	699	228
mp	700	221
mp	701	218
mp	702	218
mp	703	217
mp	704	218
mp	705	217
mp	706	203
mp	707	209
mp	708	214
mp	709	215
mp	710	217
mp	711	213
mp	712	215
mp	713	213
mp	714	214
mp	715	215
mp	716	211
mp	717	208
mp	718	206
mp	719	207
mp	720	208
mp	721	197
mp	722	195
mp	723	192
mp	724	196
mp	725	196
mp	726	196
mp	727	198
mp	728	200
mp	729	199
mp	730	199
mp	731	200
mp	732	201
mp	733	197
mp	734	199
mp	735	198
mp	736	199
mp	737	201
mp	738	199
mp	739	198
mp	740	199
mp	741	198
mp	742	196
mp	743	193
mp	744	201
mp	745	202
mp	746	204
mp	747	204
mp	748	202
mp	749	203
mp	750	199
mp	751	196
mp	752	199
mp	753	191
mp	754	192
mp	755	192
mp	756	194
mp	757	196
mp	758	196
mp	759	197
mp	760	190
mp	761	191
mp	762	190
mp	763	190
mp	764	193
mp	765	192
mp	766	190
mp	767	191
mp	768	187
mp	769	186
mp	770	186
mp	771	184
mp	772	186
mp	773	183
mp	774	187
mp	775	189
mp	776	189
mp	777	190
mp	778	194
mp	779	192
mp	780	193
mp	781	192
mp	782	187
mp	783	190
mp	784	190
mp	785	190
mp	786	190
mp	787	188
mp	788	186
mp	789	187
mp	790	188
mp	791	191
mp	792	189
mp	793	186
mp	794	184
mp	795	181
mp	796	181
mp	797	183
mp	798	181
mp	799	180
mp	800	176
mp	801	176
mp	802	174
mp	803	175
mp	804	178
mp	805	182
mp	806	183
mp	807	183
mp	808	182
mp	809	181
mp	810	180
mp	811	182
mp	812	184
mp	813	184
mp	814	176
mp	815	179
mp	816	182
mp	817	180
mp	818	172
mp	819	170
mp	820	174
mp	821	175
mp	822	175
mp	823	176
mp	824	180
mp	825	177
mp	826	177
mp	827	177
mp	828	176
mp	829	176
mp	830	167
mp	831	167
mp	832	166
mp	833	166
mp	834	161
mp	835	161
mp	836	161
mp	837	151
mp	838	149
mp	839	146
mp	840	151
mp	841	150
mp	842	143
mp	843	144
mp	844	140
mp	845	140
mp	846	138
mp	847	139
mp	848	142
mp	849	141
mp	850	141
mp	851	142
mp	852	144
mp	853	147
mp	854	151
mp	855	152
mp	856	153
mp	857	154
mp	858	151
mp	859	150
mp	860	152
mp	861	151
mp	862	151
mp	863	150
mp	864	151
mp	865	151
mp	866	157
mp	867	158
mp	868	158
mp	869	157
mp	870	162
mp	871	162
mp	872	163
mp	873	161
mp	874	161
mp	875	160
mp	876	156
mp	877	157
mp	878	158
mp	879	158
mp	880	154
mp	881	155
mp	882	155
mp	883	152
mp	884	144
mp	885	133
mp	886	135
mp	887	132
mp	888	132
mp	889	139
mp	890	142
mp	891	143
mp	892	142
mp	893	142
mp	894	138
mp	895	139
mp	896	136
mp	897	137
mp	898	138
mp	899	139
mp	900	140
mp	901	142
mp	902	142
mp	903	142
mp	904	143
mp	905	141
mp	906	142
mp	907	142
mp	908	140
mp	909	143
mp	910	141
mp	911	142
mp	912	143
mp	913	142
mp	914	137
mp	915	140
mp	916	139
mp	917	141
mp	918	144
mp	919	142
mp	920	142
mp	921	142
mp	922	135
mp	923	135
mp	924	133
mp	925	137
mp	926	133
mp	927	134
mp	928	135
mp	929	135
mp	930	133
mp	931	132
mp	932	132
mp	933	129
mp	934	128
mp	935	123
mp	936	125
mp	937	125
mp	938	126
mp	939	125
mp	940	124
mp	941	125
mp	942	121
mp	943	122
mp	944	122
mp	945	120
mp	946	118
mp	947	114
mp	948	116
mp	949	116
mp	950	117
mp	951	117
mp	952	116
mp	953	116
mp	954	116
mp	955	116
mp	956	116
mp	957	101
mp	958	101
mp	959	102
mp	960	102
mp	961	103
mp	962	96
mp	963	97
mp	964	97
mp	965	97
mp	966	97
mp	967	92
mp	968	93
mp	969	91
mp	970	90
mp	971	90
mp	972	88
mp	973	88
mp	974	89
mp	975	86
mp	976	86
mp	977	86
mp	978	86
mp	979	86
mp	980	86
mp	981	86
mp	982	86
mp	983	86
mp	984	86
mp	985	84
mp	986	80
mp	987	80
mp	988	78
mp	989	78
mp	990	77
mp	991	77
mp	992	77
mp	993	77
mp	994	77
mp	995	69
mp	996	67
mp	997	64
mp	998	64
mp	999	64
mp	1000	56
mp	1001	56
mp	1002	56
mp	1003	56
mp	1004	56
mp	1005	51
mp	1006	51
mp	1007	51
mp	1008	51
mp	1009	51
mp	1010	51
mp	1011	47
mp	1012	47
mp	1013	43
mp	1014	42
mp	1015	42
mp	1016	42
mp	1017	42
mp	1018	38
mp	1019	38
mp	1020	38
mp	1021	38
mp	1022	38
mp	1023	28
mp	1024	28
mp	1025	28
mp	1026	28
mp	1027	5
np	1	344
np	2	453
np	3	455
np	4	455
np	5	498
np	6	511
np	7	514
np	8	519
np	9	522
np	10	522
np	11	567
np	12	568
np	13	624
np	14	627
np	15	629
np	16	691
np	17	693
np	18	711
np	19	711
np	20	797
np	21	798
np	22	816
np	23	819
np	24	848
np	25	852
np	26	872
np	27	876
np	28	897
np	29	897
np	30	913
np	31	914
np	32	938
np	33	940
np	34	952
np	35	954
np	36	985
np	37	1006
np	38	1008
np	39	1031
np	40	1032
np	41	1054
np	42	1095
np	43	1102
np	44	1104
np	45	1108
np	46	1114
np	47	1119
np	48	1123
np	49	1127
np	50	1131
np	51	1146
np	52	1167
np	53	1174
np	54	1164
np	55	1167
np	56	1145
np	57	1134
np	58	1133
np	59	1165
np	60	1164
np	61	1138
np	62	1148
np	63	1142
np	64	1128
np	65	1080
np	66	1057
np	67	1058
np	68	1052
np	69	1036
np	70	1020
np	71	1070
np	72	1064
np	73	1043
np	74	1048
np	75	1033
np	76	1060
np	77	1055
np	78	1045
np	79	1051
np	80	1053
np	81	1092
np	82	1082
np	83	1081
np	84	1088
np	85	1092
np	86	1083
np	87	1073
np	88	1055
np	89	1069
np	90	1059
np	91	1083
np	92	1088
np	93	1080
np	94	1083
np	95	1086
np	96	1089
np	97	1083
np	98	1063
np	99	1049
np	100	1067
np	101	1062
np	102	1074
np	103	1065
np	104	1064
np	105	1069
np	106	1059
np	107	1048
np	108	1039
np	109	1044
np	110	1045
np	111	1040
np	112	1041
np	113	1044
np	114	1035
np	115	1046
np	116	1038
np	117	1040
np	118	1033
np	119	1028
np	120	1029
np	121	1012
np	122	1018
np	123	1011
np	124	1016
np	125	1023
np	126	1016
np	127	1026
np	128	1029
np	129	1021
np	130	1045
np	131	1043
np	132	1038
np	133	1039
np	134	1044
np	135	1023
np	136	1002
np	137	1000
np	138	986
np	139	967
np	140	963
np	141	970
np	142	972
np	143	958
np	144	975
np	145	987
np	146	994
np	147	995
np	148	997
np	149	1007
np	150	998
np	151	990
np	152	982
np	153	978
np	154	977
np	155	984
np	156	983
np	157	971
np	158	971
np	159	1015
np	160	1023
np	161	1100
np	162	1163
np	163	1166
np	164	1334
np	165	1423
np	166	1513
np	167	1510
np	168	1515
np	169	1554
np	170	1549
np	171	1702
np	172	1695
np	173	1644
np	174	1649
np	175	1621
np	176	1646
np	177	1640
np	178	1640
np	179	1641
np	180	1588
np	181	1610
np	182	1616
np	183	1654
np	184	1656
np	185	1644
np	186	1660
np	187	1659
np	188	1659
np	189	1656
np	190	1666
np	191	1646
np	192	1655
np	193	1636
np	194	1657
np	195	1657
np	196	1668
np	197	1680
np	198	1695
np	199	1719
np	200	1732
np	201	1740
np	202	1739
np	203	1759
np	204	1757
np	205	1762
np	206	1773
np	207	1769
np	208	1751
np	209	1759
np	210	1761
np	211	1755
np	212	1751
np	213	1763
np	214	1812
np	215	1818
np	216	1818
np	217	1816
np	218	1805
np	219	1802
np	220	1781
np	221	1747
np	222	1766
np	223	1689
np	224	1720
np	225	1718
np	226	1714
np	227	1715
np	228	1697
np	229	1762
np	230	1848
np	231	1811
np	232	1823
np	233	1794
np	234	1784
np	235	1792
np	236	1780
np	237	1780
np	238	1717
np	239	1648
np	240	1657
np	241	1637
np	242	1632
np	243	1667
np	244	1680
np	245	1670
np	246	1694
np	247	1711
np	248	1700
np	249	1698
np	250	1681
np	251	1678
np	252	1649
np	253	1684
np	254	1693
np	255	1685
np	256	1691
np	257	1690
np	258	1690
np	259	1710
np	260	1697
np	261	1691
np	262	1687
np	263	1641
np	264	1686
np	265	1677
np	266	1684
np	267	1697
np	268	1675
np	269	1686
np	270	1728
np	271	1719
np	272	1727
np	273	1725
np	274	1710
np	275	1708
np	276	1696
np	277	1688
np	278	1713
np	279	1692
np	280	1704
np	281	1690
np	282	1692
np	283	1703
np	284	1692
np	285	1680
np	286	1702
np	287	1682
np	288	1664
np	289	1667
np	290	1669
np	291	1730
np	292	1738
np	293	1742
np	294	1740
np	295	1714
np	296	1784
np	297	1775
np	298	1805
np	299	1804
np	300	1754
np	301	1765
np	302	1771
np	303	1770
np	304	1766
np	305	1670
np	306	1669
np	307	1671
np	308	1664
np	309	1657
np	310	1675
np	311	1667
np	312	1683
np	313	1678
np	314	1672
np	315	1683
np	316	1653
np	317	1636
np	318	1642
np	319	1615
np	320	1617
np	321	1584
np	322	1576
np	323	1578
np	324	1551
np	325	1565
np	326	1587
np	327	1581
np	328	1609
np	329	1606
np	330	1595
np	331	1652
np	332	1646
np	333	1690
np	334	1661
np	335	1627
np	336	1637
np	337	1617
np	338	1652
np	339	1654
np	340	1592
np	341	1596
np	342	1559
np	343	1549
np	344	1563
np	345	1538
np	346	1552
np	347	1490
np	348	1507
np	349	1514
np	350	1527
np	351	1528
np	352	1518
np	353	1492
np	354	1484
np	355	1482
np	356	1510
np	357	1512
np	358	1535
np	359	1515
np	360	1542
np	361	1544
np	362	1550
np	363	1538
np	364	1571
np	365	1541
np	366	1554
np	367	1547
np	368	1571
np	369	1604
np	370	1604
np	371	1605
np	372	1614
np	373	1634
np	374	1595
np	375	1595
np	376	1563
np	377	1559
np	378	1558
np	379	1543
np	380	1584
np	381	1582
np	382	1530
np	383	1533
np	384	1524
np	385	1556
np	386	1551
np	387	1542
np	388	1551
np	389	1484
np	390	1520
np	391	1528
np	392	1524
np	393	1529
np	394	1503
np	395	1521
np	396	1517
np	397	1507
np	398	1516
np	399	1496
np	400	1500
np	401	1502
np	402	1501
np	403	1510
np	404	1496
np	405	1516
np	406	1521
np	407	1522
np	408	1510
np	409	1522
np	410	1509
np	411	1537
np	412	1559
np	413	1555
np	414	1568
np	415	1595
np	416	1643
np	417	1642
np	418	1662
np	419	1678
np	420	1604
np	421	1587
np	422	1591
np	423	1537
np	424	1555
np	425	1509
np	426	1562
np	427	1564
np	428	1571
np	429	1583
np	430	1595
np	431	1609
np	432	1599
np	433	1595
np	434	1608
np	435	1555
np	436	1562
np	437	1549
np	438	1543
np	439	1583
np	440	1590
np	441	1586
np	442	1605
np	443	1586
np	444	1595
np	445	1583
np	446	1593
np	447	1587
np	448	1638
np	449	1627
np	450	1644
np	451	1660
np	452	1682
np	453	1690
np	454	1702
np	455	1707
np	456	1726
np	457	1712
np	458	1722
np	459	1722
np	460	1734
np	461	1745
np	462	1760
np	463	1767
np	464	1774
np	465	1775
np	466	1778
np	467	1800
np	468	1799
np	469	1859
np	470	1862
np	471	1864
np	472	1875
np	473	1854
np	474	1895
np	475	1891
np	476	1888
np	477	1899
np	478	1864
np	479	1896
np	480	1890
np	481	1895
np	482	1911
np	483	1873
np	484	1919
np	485	1922
np	486	1944
np	487	1954
np	488	1913
np	489	1963
np	490	1952
np	491	1899
np	492	1911
np	493	1859
np	494	1921
np	495	1885
np	496	1873
np	497	1883
np	498	1826
np	499	1835
np	500	1854
np	501	1860
np	502	1867
np	503	1816
np	504	1810
np	505	1823
np	506	1816
np	507	1834
np	508	1848
np	509	1827
np	510	1842
np	511	1843
np	512	1878
np	513	1902
np	514	1888
np	515	1919
np	516	1917
np	517	1953
np	518	1946
np	519	1923
np	520	1916
np	521	1868
np	522	1863
np	523	1879
np	524	1900
np	525	1957
np	526	1921
np	527	1908
np	528	1904
np	529	1930
np	530	1939
np	531	1934
np	532	1915
np	533	1795
np	534	1789
np	535	1758
np	536	1770
np	537	1773
np	538	1754
np	539	1887
np	540	1875
np	541	1965
np	542	1967
np	543	1962
np	544	1995
np	545	1978
np	546	1979
np	547	1970
np	548	1837
np	549	1846
np	550	1798
np	551	1836
np	552	1839
np	553	1826
np	554	1831
np	555	1824
np	556	1830
np	557	1831
np	558	1827
np	559	1853
np	560	1839
np	561	1998
np	562	2001
np	563	1999
np	564	2001
np	565	1993
np	566	1986
np	567	1981
np	568	1926
np	569	1923
np	570	1814
np	571	1811
np	572	1807
np	573	1789
np	574	1782
np	575	1789
np	576	1790
np	577	1788
np	578	1785
np	579	1771
np	580	1785
np	581	1787
np	582	1780
np	583	1777
np	584	1780
np	585	1773
np	586	1772
np	587	1768
np	588	1747
np	589	1771
np	590	1770
np	591	1771
np	592	1801
np	593	1789
np	594	1793
np	595	1782
np	596	1759
np	597	1742
np	598	1719
np	599	1768
np	600	1741
np	601	1720
np	602	1697
np	603	1688
np	604	1693
np	605	1728
np	606	1721
np	607	1705
np	608	1730
np	609	1651
np	610	1663
np	611	1675
np	612	1688
np	613	1708
np	614	1644
np	615	1632
np	616	1633
np	617	1596
np	618	1587
np	619	1598
np	620	1521
np	621	1506
np	622	1494
np	623	1485
np	624	1498
np	625	1494
np	626	1493
np	627	1502
np	628	1487
np	629	1493
np	630	1492
np	631	1488
np	632	1487
np	633	1514
np	634	1518
np	635	1519
np	636	1519
np	637	1512
np	638	1489
np	639	1466
np	640	1462
np	641	1461
np	642	1441
np	643	1441
np	644	1466
np	645	1480
np	646	1480
np	647	1469
np	648	1480
np	649	1475
np	650	1462
np	651	1459
np	652	1458
np	653	1428
np	654	1409
np	655	1410
np	656	1415
np	657	1439
np	658	1421
np	659	1411
np	660	1446
np	661	1465
np	662	1472
np	663	1477
np	664	1472
np	665	1482
np	666	1488
np	667	1467
np	668	1469
np	669	1432
np	670	1452
np	671	1460
np	672	1466
np	673	1469
np	674	1470
np	675	1467
np	676	1465
np	677	1469
np	678	1482
np	679	1476
np	680	1477
np	681	1472
np	682	1476
np	683	1463
np	684	1477
np	685	1477
np	686	1499
np	687	1487
np	688	1476
np	689	1477
np	690	1476
np	691	1462
np	692	1476
np	693	1475
np	694	1464
np	695	1422
np	696	1406
np	697	1461
np	698	1456
np	699	1461
np	700	1449
np	701	1456
np	702	1462
np	703	1463
np	704	1459
np	705	1456
np	706	1367
np	707	1373
np	708	1346
np	709	1357
np	710	1336
np	711	1343
np	712	1335
np	713	1333
np	714	1329
np	715	1307
np	716	1296
np	717	1288
np	718	1287
np	719	1284
np	720	1261
np	721	1279
np	722	1282
np	723	1331
np	724	1336
np	725	1329
np	726	1372
np	727	1371
np	728	1364
np	729	1341
np	730	1337
np	731	1336
np	732	1375
np	733	1374
np	734	1377
np	735	1391
np	736	1386
np	737	1385
np	738	1369
np	739	1366
np	740	1382
np	741	1306
np	742	1309
np	743	1314
np	744	1303
np	745	1319
np	746	1320
np	747	1321
np	748	1320
np	749	1291
np	750	1292
np	751	1282
np	752	1304
np	753	1295
np	754	1291
np	755	1301
np	756	1305
np	757	1632
np	758	1633
np	759	1649
np	760	1641
np	761	1605
np	762	1613
np	763	1641
np	764	1642
np	765	1643
np	766	1380
np	767	1391
np	768	1411
np	769	1435
np	770	1439
np	771	1474
np	772	1464
np	773	1477
np	774	1492
np	775	1505
np	776	1485
np	777	1454
np	778	1444
np	779	1453
np	780	1456
np	781	1451
np	782	1448
np	783	1453
np	784	1455
np	785	1463
np	786	1479
np	787	1479
np	788	1477
np	789	1472
np	790	1486
np	791	1495
np	792	1497
np	793	1482
np	794	1464
np	795	1471
np	796	1474
np	797	1479
np	798	1464
np	799	1486
np	800	1485
np	801	1509
np	802	1511
np	803	1515
np	804	1520
np	805	1538
np	806	1534
np	807	1533
np	808	1548
np	809	1530
np	810	1491
np	811	1493
np	812	1491
np	813	1517
np	814	1499
np	815	1507
np	816	1520
np	817	1502
np	818	1527
np	819	1532
np	820	1524
np	821	1526
np	822	1528
np	823	1529
np	824	1525
np	825	1520
np	826	1525
np	827	1528
np	828	1547
np	829	1538
np	830	1541
np	831	1528
np	832	1575
np	833	1575
np	834	1570
np	835	1584
np	836	1543
np	837	1583
np	838	1590
np	839	1597
np	840	1596
np	841	1537
np	842	1522
np	843	1537
np	844	1504
np	845	1516
np	846	1462
np	847	1431
np	848	1452
np	849	1447
np	850	1455
np	851	1469
np	852	1464
np	853	1472
np	854	1460
np	855	1464
np	856	1493
np	857	1492
np	858	1497
np	859	1578
np	860	1572
np	861	1580
np	862	1569
np	863	1582
np	864	1601
np	865	1559
np	866	1552
np	867	1558
np	868	1529
np	869	1543
np	870	1541
np	871	1557
np	872	1535
np	873	1524
np	874	1524
np	875	1521
np	876	1501
np	877	1524
np	878	1516
np	879	1516
np	880	1506
np	881	1516
np	882	1522
np	883	1539
np	884	1598
np	885	1652
np	886	1639
np	887	1628
np	888	1636
np	889	1635
np	890	1684
np	891	1664
np	892	1678
np	893	1631
np	894	1619
np	895	1755
np	896	1760
np	897	1758
np	898	1769
np	899	1746
np	900	1764
np	901	1767
np	902	1765
np	903	1761
np	904	1652
np	905	1677
np	906	1674
np	907	1763
np	908	1756
np	909	1719
np	910	1711
np	911	1698
np	912	1694
np	913	1699
np	914	1672
np	915	1695
np	916	1620
np	917	1619
np	918	1617
np	919	1614
np	920	1604
np	921	1590
np	922	1575
np	923	1593
np	924	1552
np	925	1583
np	926	1576
np	927	1590
np	928	1637
np	929	1649
np	930	1666
np	931	1658
np	932	1641
np	933	1647
np	934	1622
np	935	1684
np	936	1665
np	937	1648
np	938	1630
np	939	1652
np	940	1649
np	941	1634
np	942	1610
np	943	1602
np	944	1617
np	945	1603
np	946	1584
np	947	1585
np	948	1562
np	949	1577
np	950	1562
np	951	1560
np	952	1559
np	953	1537
np	954	1514
np	955	1516
np	956	1527
np	957	1546
np	958	1537
np	959	1547
np	960	1544
np	961	1546
np	962	1526
np	963	1539
np	964	1572
np	965	1570
np	966	1577
np	967	1571
np	968	1555
np	969	1549
np	970	1522
np	971	1508
np	972	1508
np	973	1428
np	974	1447
np	975	1433
np	976	1447
np	977	1436
np	978	1437
np	979	1460
np	980	1475
np	981	1509
np	982	1506
np	983	1507
np	984	1509
np	985	1494
np	986	1516
np	987	1504
np	988	1481
np	989	1450
np	990	1539
np	991	1528
np	992	1522
np	993	1512
np	994	1459
np	995	1462
np	996	1440
np	997	1441
np	998	1419
np	999	1381
np	1000	1367
np	1001	1361
np	1002	1374
np	1003	1368
np	1004	1364
np	1005	1358
np	1006	1370
np	1007	1368
np	1008	1351
np	1009	1356
np	1010	1360
np	1011	1300
np	1012	1315
np	1013	1303
np	1014	1284
np	1015	1313
np	1016	1313
np	1017	1305
np	1018	1314
np	1019	1325
np	1020	1329
np	1021	1323
np	1022	1343
np	1023	1329
np	1024	1338
np	1025	1305
np	1026	1327
np	1027	1336
np	1028	1326
np	1029	1420
np	1030	1450
np	1031	1445
np	1032	1439
np	1033	1448
np	1034	1459
np	1035	1463
np	1036	1446
np	1037	1444
np	1038	1371
np	1039	1403
np	1040	1403
np	1041	1419
np	1042	1415
np	1043	1417
np	1044	1434
np	1045	1426
np	1046	1405
np	1047	1409
np	1048	1373
np	1049	1394
np	1050	1363
np	1051	1373
np	1052	1375
np	1053	1370
np	1054	1406
np	1055	1402
np	1056	1403
np	1057	1407
np	1058	1412
np	1059	1419
np	1060	1425
np	1061	1427
np	1062	1448
np	1063	1460
np	1064	1518
np	1065	1523
np	1066	1529
np	1067	1526
np	1068	1529
np	1069	1531
np	1070	1542
np	1071	1523
np	1072	1552
np	1073	1459
np	1074	1481
np	1075	1485
np	1076	1494
np	1077	1491
np	1078	1510
np	1079	1516
np	1080	1530
np	1081	1514
np	1082	1526
np	1083	1549
np	1084	1556
np	1085	1565
np	1086	1573
np	1087	1536
np	1088	1544
np	1089	1536
np	1090	1549
np	1091	1576
np	1092	1579
np	1093	1570
np	1094	1579
np	1095	1575
np	1096	1577
np	1097	1626
np	1098	1620
np	1099	1623
np	1100	1547
np	1101	1500
np	1102	1535
np	1103	1536
np	1104	1557
np	1105	1552
np	1106	1536
np	1107	1536
np	1108	1535
np	1109	1561
np	1110	1536
np	1111	1534
np	1112	1515
np	1113	1506
np	1114	1516
np	1115	1490
np	1116	1490
np	1117	1503
np	1118	1443
np	1119	1449
np	1120	1442
np	1121	1455
np	1122	1472
np	1123	1452
np	1124	1468
np	1125	1453
np	1126	1422
np	1127	1438
np	1128	1419
np	1129	1432
np	1130	1447
np	1131	1399
np	1132	1427
np	1133	1399
np	1134	1411
np	1135	1422
np	1136	1407
np	1137	1419
np	1138	1422
np	1139	1418
np	1140	1408
np	1141	1380
np	1142	1393
np	1143	1394
np	1144	1400
np	1145	1400
np	1146	1405
np	1147	1412
np	1148	1404
np	1149	1410
np	1150	1391
np	1151	1374
np	1152	1357
np	1153	1352
np	1154	1345
np	1155	1368
np	1156	1348
np	1157	1355
np	1158	1357
np	1159	1372
np	1160	1380
np	1161	1385
np	1162	1389
np	1163	1415
np	1164	1358
np	1165	1352
np	1166	1354
np	1167	1371
np	1168	1379
np	1169	1336
np	1170	1371
np	1171	1354
np	1172	1409
np	1173	1411
np	1174	1405
np	1175	1426
np	1176	1408
np	1177	1408
np	1178	1496
np	1179	1456
np	1180	1473
np	1181	1449
np	1182	1458
np	1183	1478
np	1184	1470
np	1185	1471
np	1186	1474
np	1187	1429
np	1188	1465
np	1189	1463
np	1190	1482
np	1191	1498
np	1192	1496
np	1193	1512
np	1194	1518
np	1195	1516
np	1196	1531
np	1197	1564
np	1198	1560
np	1199	1559
np	1200	1555
np	1201	1506
np	1202	1525
np	1203	1553
np	1204	1566
np	1205	1570
np	1206	1526
np	1207	1536
np	1208	1539
np	1209	1536
np	1210	1537
np	1211	1524
np	1212	1492
np	1213	1492
np	1214	1491
np	1215	1487
np	1216	1476
np	1217	1501
np	1218	1506
np	1219	1501
np	1220	1506
np	1221	1469
np	1222	1494
np	1223	1513
np	1224	1510
np	1225	1511
np	1226	1489
np	1227	1477
np	1228	1474
np	1229	1461
np	1230	1473
np	1231	1448
np	1232	1465
np	1233	1431
np	1234	1488
np	1235	1479
np	1236	1518
np	1237	1514
np	1238	1479
np	1239	1487
np	1240	1499
np	1241	1469
np	1242	1465
np	1243	1428
np	1244	1447
np	1245	1422
np	1246	1428
np	1247	1437
np	1248	1425
np	1249	1424
np	1250	1439
np	1251	1434
np	1252	1436
np	1253	1432
np	1254	1409
np	1255	1431
np	1256	1423
np	1257	1431
np	1258	1425
np	1259	1407
np	1260	1416
np	1261	1413
np	1262	1484
np	1263	1485
np	1264	1443
np	1265	1471
np	1266	1465
np	1267	1491
np	1268	1488
np	1269	1466
np	1270	1465
np	1271	1334
np	1272	1363
np	1273	1358
np	1274	1344
np	1275	1346
np	1276	1339
np	1277	1355
np	1278	1353
np	1279	1349
np	1280	1403
np	1281	1408
np	1282	1325
np	1283	1332
np	1284	1293
np	1285	1353
np	1286	1353
np	1287	1362
np	1288	1365
np	1289	1333
np	1290	1338
np	1291	1324
np	1292	1333
np	1293	1314
np	1294	1207
np	1295	1185
np	1296	1194
np	1297	1175
np	1298	1169
np	1299	1178
np	1300	1186
np	1301	1174
np	1302	1197
np	1303	1198
np	1304	1220
np	1305	1220
np	1306	1225
np	1307	1234
np	1308	1236
np	1309	1230
np	1310	1238
np	1311	1216
np	1312	1220
np	1313	1218
np	1314	1211
np	1315	1211
np	1316	1213
np	1317	1223
np	1318	1207
np	1319	1199
np	1320	1209
np	1321	1211
np	1322	1210
np	1323	1216
np	1324	1217
np	1325	1215
np	1326	1180
np	1327	1206
np	1328	1216
np	1329	1219
np	1330	1211
np	1331	1209
np	1332	1209
np	1333	1218
np	1334	1233
np	1335	1231
np	1336	1218
np	1337	1214
np	1338	1205
np	1339	1199
np	1340	1200
np	1341	1215
np	1342	1207
np	1343	1211
np	1344	1191
np	1345	1191
np	1346	1185
np	1347	1178
np	1348	1179
np	1349	1175
np	1350	1168
np	1351	1142
np	1352	1143
np	1353	1131
np	1354	1126
np	1355	1136
np	1356	1113
np	1357	1115
np	1358	1113
np	1359	1101
np	1360	1103
np	1361	1089
np	1362	1101
np	1363	1070
np	1364	1042
np	1365	1042
np	1366	1039
np	1367	1041
np	1368	1040
np	1369	1024
np	1370	1020
np	1371	978
np	1372	977
np	1373	962
np	1374	988
np	1375	991
np	1376	963
np	1377	979
np	1378	974
np	1379	965
np	1380	965
np	1381	946
np	1382	964
np	1383	932
np	1384	920
np	1385	890
np	1386	866
np	1387	865
np	1388	869
np	1389	881
np	1390	879
np	1391	850
np	1392	832
np	1393	822
np	1394	814
np	1395	827
np	1396	830
np	1397	828
np	1398	828
np	1399	813
np	1400	825
np	1401	830
np	1402	834
np	1403	831
np	1404	809
np	1405	825
np	1406	826
np	1407	838
np	1408	862
np	1409	852
np	1410	830
np	1411	860
np	1412	853
np	1413	884
np	1414	881
np	1415	915
np	1416	912
np	1417	930
np	1418	943
np	1419	967
np	1420	976
np	1421	969
np	1422	983
np	1423	981
np	1424	994
np	1425	999
np	1426	975
np	1427	989
np	1428	995
np	1429	1005
np	1430	1012
np	1431	1038
np	1432	1069
np	1433	1063
np	1434	1122
np	1435	1137
np	1436	1162
np	1437	1177
np	1438	1184
np	1439	1186
np	1440	1198
np	1441	1181
np	1442	1173
np	1443	1199
np	1444	1215
np	1445	1233
np	1446	1250
np	1447	1264
np	1448	1270
np	1449	1274
np	1450	1274
np	1451	1277
np	1452	1275
np	1453	1279
np	1454	1282
np	1455	1295
np	1456	1303
np	1457	1298
np	1458	1306
np	1459	1310
np	1460	1315
np	1461	1318
np	1462	1295
np	1463	1290
np	1464	1296
np	1465	1294
np	1466	1290
np	1467	1293
np	1468	1301
np	1469	1316
np	1470	1310
np	1471	1313
np	1472	1315
np	1473	1325
np	1474	1333
np	1475	1339
np	1476	1335
np	1477	1341
np	1478	1360
np	1479	1364
np	1480	1349
np	1481	1350
np	1482	1347
np	1483	1352
np	1484	1350
np	1485	1350
np	1486	1350
np	1487	1229
np	1488	1228
np	1489	1225
np	1490	1221
np	1491	1228
np	1492	1196
np	1493	1193
np	1494	1191
np	1495	1192
np	1496	1192
np	1497	1130
np	1498	1127
np	1499	1104
np	1500	1091
np	1501	1091
np	1502	1071
np	1503	1063
np	1504	1060
np	1505	1058
np	1506	1054
np	1507	1037
np	1508	1029
np	1509	1010
np	1510	965
np	1511	967
np	1512	964
np	1513	957
np	1514	958
np	1515	956
np	1516	955
np	1517	945
np	1518	941
np	1519	906
np	1520	906
np	1521	904
np	1522	904
np	1523	901
np	1524	868
np	1525	868
np	1526	858
np	1527	815
np	1528	810
np	1529	611
np	1530	610
np	1531	542
np	1532	540
np	1533	540
np	1534	517
np	1535	516
np	1536	490
np	1537	332
np	1538	331
np	1539	277
np	1540	269
np	1541	264
np	1542	263
np	1543	261
np	1544	261
np	1545	228
np	1546	226
np	1547	224
np	1548	223
np	1549	223
np	1550	223
np	1551	220
np	1552	218
np	1553	202
np	1554	190
np	1555	180
np	1556	177
np	1557	177
np	1558	165
np	1559	165
np	1560	163
np	1561	139
np	1562	133
np	1563	130
np	1564	130
np	1565	22
pb1	1	153
pb1	2	171
pb1	3	174
pb1	4	176
pb1	5	198
pb1	6	201
pb1	7	205
pb1	8	204
pb1	9	213
pb1	10	213
pb1	11	218
pb1	12	219
pb1	13	221
pb1	14	222
pb1	15	233
pb1	16	234
pb1	17	280
pb1	18	284
pb1	19	294
pb1	20	305
pb1	21	307
pb1	22	310
pb1	23	327
pb1	24	331
pb1	25	334
pb1	26	334
pb1	27	334
pb1	28	348
pb1	29	367
pb1	30	369
pb1	31	369
pb1	32	370
pb1	33	386
pb1	34	389
pb1	35	393
pb1	36	395
pb1	37	397
pb1	38	400
pb1	39	404
pb1	40	417
pb1	41	421
pb1	42	422
pb1	43	424
pb1	44	425
pb1	45	432
pb1	46	435
pb1	47	437
pb1	48	442
pb1	49	444
pb1	50	471
pb1	51	482
pb1	52	483
pb1	53	484
pb1	54	503
pb1	55	505
pb1	56	504
pb1	57	506
pb1	58	509
pb1	59	510
pb1	60	514
pb1	61	514
pb1	62	514
pb1	63	507
pb1	64	514
pb1	65	515
pb1	66	514
pb1	67	512
pb1	68	514
pb1	69	513
pb1	70	513
pb1	71	528
pb1	72	539
pb1	73	550
pb1	74	549
pb1	75	558
pb1	76	558
pb1	77	560
pb1	78	598
pb1	79	599
pb1	80	621
pb1	81	616
pb1	82	619
pb1	83	636
pb1	84	629
pb1	85	631
pb1	86	635
pb1	87	628
pb1	88	647
pb1	89	646
pb1	90	758
pb1	91	755
pb1	92	748
pb1	93	751
pb1	94	754
pb1	95	774
pb1	96	789
pb1	97	786
pb1	98	799
pb1	99	771
pb1	100	779
pb1	101	778
pb1	102	778
pb1	103	776
pb1	104	775
pb1	105	774
pb1	106	802
pb1	107	805
pb1	108	802
pb1	109	844
pb1	110	846
pb1	111	853
pb1	112	852
pb1	113	847
pb1	114	852
pb1	115	836
pb1	116	873
pb1	117	892
pb1	118	885
pb1	119	893
pb1	120	890
pb1	121	891
pb1	122	916
pb1	123	922
pb1	124	923
pb1	125	920
pb1	126	896
pb1	127	905
pb1	128	913
pb1	129	922
pb1	130	919
pb1	131	931
pb1	132	932
pb1	133	999
pb1	134	1006
pb1	135	1012
pb1	136	994
pb1	137	996
pb1	138	1016
pb1	139	1020
pb1	140	1039
pb1	141	985
pb1	142	980
pb1	143	970
pb1	144	973
pb1	145	971
pb1	146	966
pb1	147	968
pb1	148	952
pb1	149	966
pb1	150	945
pb1	151	950
pb1	152	946
pb1	153	976
pb1	154	976
pb1	155	987
pb1	156	984
pb1	157	976
pb1	158	991
pb1	159	951
pb1	160	946
pb1	161	941
pb1	162	903
pb1	163	967
pb1	164	961
pb1	165	985
pb1	166	989
pb1	167	980
pb1	168	999
pb1	169	999
pb1	170	1028
pb1	171	1034
pb1	172	995
pb1	173	998
pb1	174	977
pb1	175	980
pb1	176	987
pb1	177	984
pb1	178	984
pb1	179	976
pb1	180	981
pb1	181	981
pb1	182	983
pb1	183	985
pb1	184	982
pb1	185	976
pb1	186	975
pb1	187	977
pb1	188	979
pb1	189	980
pb1	190	968
pb1	191	976
pb1	192	970
pb1	193	969
pb1	194	971
pb1	195	966
pb1	196	955
pb1	197	945
pb1	198	956
pb1	199	950
pb1	200	949
pb1	201	938
pb1	202	937
pb1	203	924
pb1	204	917
pb1	205	893
pb1	206	902
pb1	207	892
pb1	208	890
pb1	209	887
pb1	210	881
pb1	211	882
pb1	212	883
pb1	213	872
pb1	214	899
pb1	215	898
pb1	216	894
pb1	217	902
pb1	218	889
pb1	219	894
pb1	220	891
pb1	221	881
pb1	222	880
pb1	223	820
pb1	224	835
pb1	225	840
pb1	226	834
pb1	227	839
pb1	228	818
pb1	229	829
pb1	230	831
pb1	231	822
pb1	232	824
pb1	233	798
pb1	234	796
pb1	235	793
pb1	236	797
pb1	237	800
pb1	238	799
pb1	239	803
pb1	240	797
pb1	241	813
pb1	242	800
pb1	243	811
pb1	244	853
pb1	245	838
pb1	246	827
pb1	247	834
pb1	248	833
pb1	249	837
pb1	250	832
pb1	251	818
pb1	252	817
pb1	253	789
pb1	254	779
pb1	255	781
pb1	256	775
pb1	257	754
pb1	258	743
pb1	259	745
pb1	260	740
pb1	261	728
pb1	262	724
pb1	263	730
pb1	264	732
pb1	265	734
pb1	266	773
pb1	267	771
pb1	268	769
pb1	269	775
pb1	270	802
pb1	271	812
pb1	272	817
pb1	273	815
pb1	274	827
pb1	275	807
pb1	276	824
pb1	277	824
pb1	278	834
pb1	279	801
pb1	280	813
pb1	281	799
pb1	282	803
pb1	283	795
pb1	284	792
pb1	285	783
pb1	286	787
pb1	287	784
pb1	288	810
pb1	289	803
pb1	290	804
pb1	291	813
pb1	292	814
pb1	293	814
pb1	294	822
pb1	295	825
pb1	296	826
pb1	297	813
pb1	298	815
pb1	299	813
pb1	300	821
pb1	301	825
pb1	302	821
pb1	303	821
pb1	304	818
pb1	305	871
pb1	306	886
pb1	307	883
pb1	308	879
pb1	309	868
pb1	310	875
pb1	311	873
pb1	312	873
pb1	313	883
pb1	314	839
pb1	315	869
pb1	316	867
pb1	317	904
pb1	318	906
pb1	319	916
pb1	320	924
pb1	321	943
pb1	322	935
pb1	323	933
pb1	324	910
pb1	325	917
pb1	326	920
pb1	327	925
pb1	328	921
pb1	329	912
pb1	330	915
pb1	331	918
pb1	332	932
pb1	333	936
pb1	334	938
pb1	335	930
pb1	336	931
pb1	337	927
pb1	338	926
pb1	339	942
pb1	340	935
pb1	341	935
pb1	342	929
pb1	343	928
pb1	344	956
pb1	345	956
pb1	346	960
pb1	347	958
pb1	348	939
pb1	349	937
pb1	350	940
pb1	351	940
pb1	352	937
pb1	353	923
pb1	354	930
pb1	355	928
pb1	356	931
pb1	357	934
pb1	358	935
pb1	359	944
pb1	360	946
pb1	361	951
pb1	362	954
pb1	363	970
pb1	364	972
pb1	365	961
pb1	366	958
pb1	367	962
pb1	368	959
pb1	369	978
pb1	370	987
pb1	371	1013
pb1	372	1017
pb1	373	1017
pb1	374	1017
pb1	375	1015
pb1	376	1030
pb1	377	1030
pb1	378	1012
pb1	379	1013
pb1	380	995
pb1	381	1011
pb1	382	1008
pb1	383	993
pb1	384	994
pb1	385	980
pb1	386	1011
pb1	387	1006
pb1	388	1006
pb1	389	1001
pb1	390	1008
pb1	391	1010
pb1	392	1003
pb1	393	1000
pb1	394	993
pb1	395	972
pb1	396	979
pb1	397	986
pb1	398	999
pb1	399	994
pb1	400	1015
pb1	401	1014
pb1	402	1012
pb1	403	1011
pb1	404	1007
pb1	405	1019
pb1	406	1050
pb1	407	1060
pb1	408	1059
pb1	409	1045
pb1	410	1048
pb1	411	1069
pb1	412	1079
pb1	413	1090
pb1	414	1060
pb1	415	1027
pb1	416	1011
pb1	417	997
pb1	418	995
pb1	419	992
pb1	420	973
pb1	421	983
pb1	422	975
pb1	423	1023
pb1	424	1042
pb1	425	1055
pb1	426	1049
pb1	427	1042
pb1	428	1044
pb1	429	1041
pb1	430	1023
pb1	431	1020
pb1	432	1022
pb1	433	990
pb1	434	979
pb1	435	963
pb1	436	965
pb1	437	961
pb1	438	958
pb1	439	960
pb1	440	963
pb1	441	962
pb1	442	963
pb1	443	978
pb1	444	980
pb1	445	978
pb1	446	976
pb1	447	966
pb1	448	974
pb1	449	970
pb1	450	972
pb1	451	975
pb1	452	964
pb1	453	1015
pb1	454	1018
pb1	455	1006
pb1	456	1003
pb1	457	985
pb1	458	1145
pb1	459	1156
pb1	460	1145
pb1	461	1301
pb1	462	1245
pb1	463	1281
pb1	464	1283
pb1	465	1270
pb1	466	1274
pb1	467	1145
pb1	468	1150
pb1	469	1154
pb1	470	1064
pb1	471	1089
pb1	472	1082
pb1	473	1086
pb1	474	1086
pb1	475	1083
pb1	476	1105
pb1	477	1094
pb1	478	1096
pb1	479	1098
pb1	480	1091
pb1	481	1086
pb1	482	1084
pb1	483	1083
pb1	484	1071
pb1	485	1142
pb1	486	1139
pb1	487	1159
pb1	488	1161
pb1	489	1159
pb1	490	1154
pb1	491	1155
pb1	492	1139
pb1	493	1147
pb1	494	1128
pb1	495	1137
pb1	496	1133
pb1	497	1136
pb1	498	1138
pb1	499	1161
pb1	500	1165
pb1	501	1161
pb1	502	1158
pb1	503	1162
pb1	504	1159
pb1	505	1161
pb1	506	1163
pb1	507	1173
pb1	508	1146
pb1	509	1243
pb1	510	1248
pb1	511	1291
pb1	512	1290
pb1	513	1298
pb1	514	1304
pb1	515	1303
pb1	516	1297
pb1	517	1303
pb1	518	1228
pb1	519	1229
pb1	520	1186
pb1	521	1195
pb1	522	1221
pb1	523	1222
pb1	524	1222
pb1	525	1231
pb1	526	1230
pb1	527	1232
pb1	528	1246
pb1	529	1256
pb1	530	1257
pb1	531	1218
pb1	532	1255
pb1	533	1260
pb1	534	1276
pb1	535	1286
pb1	536	1286
pb1	537	1292
pb1	538	1306
pb1	539	1310
pb1	540	1311
pb1	541	1287
pb1	542	1301
pb1	543	1289
pb1	544	1295
pb1	545	1297
pb1	546	1326
pb1	547	1331
pb1	548	1331
pb1	549	1310
pb1	550	1284
pb1	551	1277
pb1	552	1263
pb1	553	1285
pb1	554	1275
pb1	555	1231
pb1	556	1237
pb1	557	1229
pb1	558	1230
pb1	559	1233
pb1	560	1232
pb1	561	1248
pb1	562	1237
pb1	563	1232
pb1	564	1230
pb1	565	1226
pb1	566	1250
pb1	567	1261
pb1	568	1255
pb1	569	1254
pb1	570	1236
pb1	571	1234
pb1	572	1243
pb1	573	1234
pb1	574	1249
pb1	575	1240
pb1	576	1256
pb1	577	1266
pb1	578	1285
pb1	579	1294
pb1	580	1300
pb1	581	1291
pb1	582	1313
pb1	583	1314
pb1	584	1332
pb1	585	1327
pb1	586	1325
pb1	587	1333
pb1	588	1344
pb1	589	1342
pb1	590	1351
pb1	591	1349
pb1	592	1346
pb1	593	1394
pb1	594	1381
pb1	595	1419
pb1	596	1403
pb1	597	1398
pb1	598	1405
pb1	599	1409
pb1	600	1420
pb1	601	1421
pb1	602	1396
pb1	603	1401
pb1	604	1378
pb1	605	1380
pb1	606	1381
pb1	607	1374
pb1	608	1343
pb1	609	1327
pb1	610	1311
pb1	611	1290
pb1	612	1271
pb1	613	1272
pb1	614	1268
pb1	615	1280
pb1	616	1281
pb1	617	1283
pb1	618	1269
pb1	619	1266
pb1	620	1255
pb1	621	1253
pb1	622	1266
pb1	623	1259
pb1	624	1247
pb1	625	1238
pb1	626	1270
pb1	627	1262
pb1	628	1263
pb1	629	1256
pb1	630	1277
pb1	631	1258
pb1	632	1305
pb1	633	1311
pb1	634	1307
pb1	635	1297
pb1	636	1262
pb1	637	1277
pb1	638	1278
pb1	639	1260
pb1	640	1269
pb1	641	1218
pb1	642	1222
pb1	643	1216
pb1	644	1175
pb1	645	1182
pb1	646	1180
pb1	647	1172
pb1	648	1176
pb1	649	1176
pb1	650	1171
pb1	651	1164
pb1	652	1160
pb1	653	1137
pb1	654	1128
pb1	655	1122
pb1	656	1143
pb1	657	1125
pb1	658	1122
pb1	659	1097
pb1	660	1117
pb1	661	1123
pb1	662	1128
pb1	663	1139
pb1	664	1122
pb1	665	1096
pb1	666	1099
pb1	667	1090
pb1	668	1090
pb1	669	1079
pb1	670	1062
pb1	671	1059
pb1	672	1063
pb1	673	1060
pb1	674	1097
pb1	675	1122
pb1	676	1118
pb1	677	1134
pb1	678	1146
pb1	679	1147
pb1	680	1159
pb1	681	1149
pb1	682	1138
pb1	683	1128
pb1	684	1047
pb1	685	1053
pb1	686	1083
pb1	687	1076
pb1	688	1081
pb1	689	1071
pb1	690	1074
pb1	691	1078
pb1	692	1085
pb1	693	1080
pb1	694	1080
pb1	695	1053
pb1	696	1116
pb1	697	1108
pb1	698	1116
pb1	699	1111
pb1	700	1081
pb1	701	1086
pb1	702	1042
pb1	703	1047
pb1	704	1047
pb1	705	991
pb1	706	989
pb1	707	981
pb1	708	978
pb1	709	976
pb1	710	971
pb1	711	973
pb1	712	971
pb1	713	959
pb1	714	938
pb1	715	942
pb1	716	939
pb1	717	938
pb1	718	949
pb1	719	948
pb1	720	948
pb1	721	943
pb1	722	932
pb1	723	928
pb1	724	931
pb1	725	932
pb1	726	936
pb1	727	935
pb1	728	938
pb1	729	942
pb1	730	942
pb1	731	941
pb1	732	947
pb1	733	929
pb1	734	929
pb1	735	930
pb1	736	915
pb1	737	916
pb1	738	900
pb1	739	899
pb1	740	895
pb1	741	897
pb1	742	897
pb1	743	894
pb1	744	891
pb1	745	899
pb1	746	905
pb1	747	908
pb1	748	910
pb1	749	906
pb1	750	893
pb1	751	891
pb1	752	904
pb1	753	895
pb1	754	898
pb1	755	860
pb1	756	855
pb1	757	861
pb1	758	858
pb1	759	859
pb1	760	852
pb1	761	826
pb1	762	831
pb1	763	832
pb1	764	827
pb1	765	899
pb1	766	897
pb1	767	905
pb1	768	904
pb1	769	883
pb1	770	889
pb1	771	887
pb1	772	892
pb1	773	895
pb1	774	861
pb1	775	926
pb1	776	928
pb1	777	935
pb1	778	947
pb1	779	951
pb1	780	956
pb1	781	946
pb1	782	942
pb1	783	937
pb1	784	856
pb1	785	858
pb1	786	845
pb1	787	857
pb1	788	861
pb1	789	859
pb1	790	861
pb1	791	854
pb1	792	842
pb1	793	840
pb1	794	848
pb1	795	842
pb1	796	835
pb1	797	821
pb1	798	850
pb1	799	853
pb1	800	854
pb1	801	856
pb1	802	858
pb1	803	854
pb1	804	867
pb1	805	852
pb1	806	853
pb1	807	816
pb1	808	815
pb1	809	816
pb1	810	821
pb1	811	820
pb1	812	843
pb1	813	829
pb1	814	825
pb1	815	823
pb1	816	820
pb1	817	817
pb1	818	824
pb1	819	819
pb1	820	821
pb1	821	817
pb1	822	809
pb1	823	810
pb1	824	803
pb1	825	801
pb1	826	801
pb1	827	815
pb1	828	829
pb1	829	830
pb1	830	838
pb1	831	837
pb1	832	838
pb1	833	842
pb1	834	840
pb1	835	845
pb1	836	820
pb1	837	832
pb1	838	830
pb1	839	840
pb1	840	844
pb1	841	845
pb1	842	843
pb1	843	847
pb1	844	855
pb1	845	866
pb1	846	839
pb1	847	838
pb1	848	851
pb1	849	896
pb1	850	898
pb1	851	902
pb1	852	905
pb1	853	913
pb1	854	905
pb1	855	924
pb1	856	926
pb1	857	917
pb1	858	910
pb1	859	895
pb1	860	902
pb1	861	916
pb1	862	917
pb1	863	920
pb1	864	917
pb1	865	930
pb1	866	935
pb1	867	937
pb1	868	929
pb1	869	924
pb1	870	938
pb1	871	948
pb1	872	952
pb1	873	952
pb1	874	949
pb1	875	943
pb1	876	938
pb1	877	941
pb1	878	948
pb1	879	945
pb1	880	947
pb1	881	945
pb1	882	954
pb1	883	950
pb1	884	965
pb1	885	959
pb1	886	952
pb1	887	955
pb1	888	959
pb1	889	968
pb1	890	971
pb1	891	979
pb1	892	978
pb1	893	971
pb1	894	994
pb1	895	995
pb1	896	1003
pb1	897	996
pb1	898	1001
pb1	899	1000
pb1	900	1012
pb1	901	1012
pb1	902	1042
pb1	903	1044
pb1	904	1080
pb1	905	1078
pb1	906	1086
pb1	907	1095
pb1	908	1204
pb1	909	1203
pb1	910	1204
pb1	911	1205
pb1	912	1167
pb1	913	1188
pb1	914	1158
pb1	915	1171
pb1	916	1148
pb1	917	1108
pb1	918	1149
pb1	919	1148
pb1	920	1274
pb1	921	1270
pb1	922	1265
pb1	923	1266
pb1	924	1268
pb1	925	1265
pb1	926	1290
pb1	927	1265
pb1	928	1270
pb1	929	1217
pb1	930	1222
pb1	931	1249
pb1	932	1263
pb1	933	1261
pb1	934	1270
pb1	935	1275
pb1	936	1324
pb1	937	1332
pb1	938	1319
pb1	939	1318
pb1	940	1306
pb1	941	1311
pb1	942	1347
pb1	943	1331
pb1	944	1328
pb1	945	1295
pb1	946	1289
pb1	947	1298
pb1	948	1306
pb1	949	1311
pb1	950	1303
pb1	951	1319
pb1	952	1313
pb1	953	1311
pb1	954	1307
pb1	955	1310
pb1	956	1299
pb1	957	1309
pb1	958	1311
pb1	959	1318
pb1	960	1313
pb1	961	1314
pb1	962	1310
pb1	963	1311
pb1	964	1312
pb1	965	1311
pb1	966	1304
pb1	967	1309
pb1	968	1297
pb1	969	1297
pb1	970	1299
pb1	971	1293
pb1	972	1296
pb1	973	1297
pb1	974	1294
pb1	975	1315
pb1	976	1304
pb1	977	1304
pb1	978	1305
pb1	979	1307
pb1	980	1311
pb1	981	1321
pb1	982	1321
pb1	983	1324
pb1	984	1311
pb1	985	1314
pb1	986	1356
pb1	987	1407
pb1	988	1425
pb1	989	1425
pb1	990	1407
pb1	991	1413
pb1	992	1418
pb1	993	1427
pb1	994	1421
pb1	995	1388
pb1	996	1423
pb1	997	1324
pb1	998	1333
pb1	999	1329
pb1	1000	1340
pb1	1001	1340
pb1	1002	1303
pb1	1003	1301
pb1	1004	1295
pb1	1005	1247
pb1	1006	1243
pb1	1007	1228
pb1	1008	1228
pb1	1009	1213
pb1	1010	1198
pb1	1011	1186
pb1	1012	1207
pb1	1013	1203
pb1	1014	1183
pb1	1015	1190
pb1	1016	1190
pb1	1017	1183
pb1	1018	1183
pb1	1019	1173
pb1	1020	1249
pb1	1021	1229
pb1	1022	1243
pb1	1023	1245
pb1	1024	1237
pb1	1025	1264
pb1	1026	1256
pb1	1027	1240
pb1	1028	1221
pb1	1029	1107
pb1	1030	1155
pb1	1031	1155
pb1	1032	1174
pb1	1033	1172
pb1	1034	1159
pb1	1035	1161
pb1	1036	1163
pb1	1037	1194
pb1	1038	1191
pb1	1039	1116
pb1	1040	1114
pb1	1041	1095
pb1	1042	1108
pb1	1043	1141
pb1	1044	1140
pb1	1045	1199
pb1	1046	1209
pb1	1047	1207
pb1	1048	1220
pb1	1049	1220
pb1	1050	1205
pb1	1051	1202
pb1	1052	1149
pb1	1053	1146
pb1	1054	1100
pb1	1055	1058
pb1	1056	1057
pb1	1057	1052
pb1	1058	1040
pb1	1059	1036
pb1	1060	1038
pb1	1061	1036
pb1	1062	1035
pb1	1063	1033
pb1	1064	1038
pb1	1065	1038
pb1	1066	1079
pb1	1067	1092
pb1	1068	1089
pb1	1069	1091
pb1	1070	1080
pb1	1071	1077
pb1	1072	1077
pb1	1073	1085
pb1	1074	1102
pb1	1075	1089
pb1	1076	1100
pb1	1077	1120
pb1	1078	1142
pb1	1079	1148
pb1	1080	1137
pb1	1081	1134
pb1	1082	1128
pb1	1083	1089
pb1	1084	1124
pb1	1085	1136
pb1	1086	1156
pb1	1087	1134
pb1	1088	1133
pb1	1089	1134
pb1	1090	1134
pb1	1091	1135
pb1	1092	1157
pb1	1093	1138
pb1	1094	1143
pb1	1095	1141
pb1	1096	1151
pb1	1097	1145
pb1	1098	1146
pb1	1099	1138
pb1	1100	1145
pb1	1101	1123
pb1	1102	1102
pb1	1103	1103
pb1	1104	1110
pb1	1105	1115
pb1	1106	1135
pb1	1107	1125
pb1	1108	1125
pb1	1109	1122
pb1	1110	1121
pb1	1111	1129
pb1	1112	1122
pb1	1113	1146
pb1	1114	1128
pb1	1115	1128
pb1	1116	1132
pb1	1117	1140
pb1	1118	1136
pb1	1119	1137
pb1	1120	1117
pb1	1121	1144
pb1	1122	1139
pb1	1123	1160
pb1	1124	1162
pb1	1125	1164
pb1	1126	1160
pb1	1127	1162
pb1	1128	1167
pb1	1129	1172
pb1	1130	1134
pb1	1131	1097
pb1	1132	1115
pb1	1133	1120
pb1	1134	1124
pb1	1135	1135
pb1	1136	1134
pb1	1137	1126
pb1	1138	1109
pb1	1139	1104
pb1	1140	1104
pb1	1141	1098
pb1	1142	1092
pb1	1143	1103
pb1	1144	1104
pb1	1145	1108
pb1	1146	1101
pb1	1147	1096
pb1	1148	1084
pb1	1149	1098
pb1	1150	1088
pb1	1151	1080
pb1	1152	1071
pb1	1153	1092
pb1	1154	1112
pb1	1155	1149
pb1	1156	1150
pb1	1157	1145
pb1	1158	1135
pb1	1159	1164
pb1	1160	1159
pb1	1161	1165
pb1	1162	1150
pb1	1163	1123
pb1	1164	1131
pb1	1165	1111
pb1	1166	1127
pb1	1167	1135
pb1	1168	1110
pb1	1169	1106
pb1	1170	1104
pb1	1171	1103
pb1	1172	1092
pb1	1173	1081
pb1	1174	1080
pb1	1175	1080
pb1	1176	1079
pb1	1177	1084
pb1	1178	1089
pb1	1179	1089
pb1	1180	1081
pb1	1181	1080
pb1	1182	1073
pb1	1183	1068
pb1	1184	1065
pb1	1185	1060
pb1	1186	1050
pb1	1187	1045
pb1	1188	1037
pb1	1189	1029
pb1	1190	1033
pb1	1191	1032
pb1	1192	1033
pb1	1193	1032
pb1	1194	1012
pb1	1195	1007
pb1	1196	1014
pb1	1197	1022
pb1	1198	1022
pb1	1199	1023
pb1	1200	1025
pb1	1201	1032
pb1	1202	1058
pb1	1203	1071
pb1	1204	1062
pb1	1205	1049
pb1	1206	1048
pb1	1207	1282
pb1	1208	1297
pb1	1209	1354
pb1	1210	1374
pb1	1211	1360
pb1	1212	1375
pb1	1213	1388
pb1	1214	1387
pb1	1215	1416
pb1	1216	1391
pb1	1217	1243
pb1	1218	1230
pb1	1219	1214
pb1	1220	1230
pb1	1221	1227
pb1	1222	1220
pb1	1223	1223
pb1	1224	1203
pb1	1225	1280
pb1	1226	1282
pb1	1227	1279
pb1	1228	1283
pb1	1229	1291
pb1	1230	1297
pb1	1231	1301
pb1	1232	1298
pb1	1233	1308
pb1	1234	1268
pb1	1235	1309
pb1	1236	1304
pb1	1237	1308
pb1	1238	1302
pb1	1239	1300
pb1	1240	1315
pb1	1241	1322
pb1	1242	1320
pb1	1243	1312
pb1	1244	1265
pb1	1245	1282
pb1	1246	1338
pb1	1247	1440
pb1	1248	1475
pb1	1249	1473
pb1	1250	1462
pb1	1251	1557
pb1	1252	1931
pb1	1253	1947
pb1	1254	1945
pb1	1255	1960
pb1	1256	2037
pb1	1257	3189
pb1	1258	3319
pb1	1259	4341
pb1	1260	4824
pb1	1261	4904
pb1	1262	4982
pb1	1263	4991
pb1	1264	5433
pb1	1265	5434
pb1	1266	5837
pb1	1267	5879
pb1	1268	5855
pb1	1269	5958
pb1	1270	5968
pb1	1271	6219
pb1	1272	6241
pb1	1273	6233
pb1	1274	6617
pb1	1275	6614
pb1	1276	9758
pb1	1277	9927
pb1	1278	10008
pb1	1279	10067
pb1	1280	10102
pb1	1281	10151
pb1	1282	10174
pb1	1283	10233
pb1	1284	10188
pb1	1285	10202
pb1	1286	10249
pb1	1287	10304
pb1	1288	10402
pb1	1289	10445
pb1	1290	10476
pb1	1291	10658
pb1	1292	10778
pb1	1293	11078
pb1	1294	11143
pb1	1295	11169
pb1	1296	11266
pb1	1297	11336
pb1	1298	11512
pb1	1299	11538
pb1	1300	11555
pb1	1301	11572
pb1	1302	11591
pb1	1303	11659
pb1	1304	11851
pb1	1305	11925
pb1	1306	11981
pb1	1307	11989
pb1	1308	12048
pb1	1309	12111
pb1	1310	12095
pb1	1311	12292
pb1	1312	12355
pb1	1313	12356
pb1	1314	12416
pb1	1315	12460
pb1	1316	12485
pb1	1317	12682
pb1	1318	12630
pb1	1319	12707
pb1	1320	12666
pb1	1321	12657
pb1	1322	12649
pb1	1323	12595
pb1	1324	13155
pb1	1325	13401
pb1	1326	13309
pb1	1327	13225
pb1	1328	13246
pb1	1329	13394
pb1	1330	13519
pb1	1331	13485
pb1	1332	13760
pb1	1333	13432
pb1	1334	13499
pb1	1335	13527
pb1	1336	13443
pb1	1337	13547
pb1	1338	13546
pb1	1339	13619
pb1	1340	13682
pb1	1341	13491
pb1	1342	13527
pb1	1343	13589
pb1	1344	13523
pb1	1345	13749
pb1	1346	13719
pb1	1347	13844
pb1	1348	13798
pb1	1349	13745
pb1	1350	13705
pb1	1351	13662
pb1	1352	13759
pb1	1353	13658
pb1	1354	13464
pb1	1355	13453
pb1	1356	13357
pb1	1357	13371
pb1	1358	13342
pb1	1359	13304
pb1	1360	13356
pb1	1361	13219
pb1	1362	13198
pb1	1363	13160
pb1	1364	13171
pb1	1365	13170
pb1	1366	13108
pb1	1367	13210
pb1	1368	13185
pb1	1369	13359
pb1	1370	13324
pb1	1371	13692
pb1	1372	13703
pb1	1373	13852
pb1	1374	13838
pb1	1375	14338
pb1	1376	14252
pb1	1377	14183
pb1	1378	13794
pb1	1379	13720
pb1	1380	13234
pb1	1381	13224
pb1	1382	13095
pb1	1383	12832
pb1	1384	12865
pb1	1385	12388
pb1	1386	12377
pb1	1387	12306
pb1	1388	12244
pb1	1389	12321
pb1	1390	12230
pb1	1391	12162
pb1	1392	12081
pb1	1393	12085
pb1	1394	12096
pb1	1395	12069
pb1	1396	12081
pb1	1397	12130
pb1	1398	11992
pb1	1399	12059
pb1	1400	12073
pb1	1401	12047
pb1	1402	11966
pb1	1403	11835
pb1	1404	11769
pb1	1405	11704
pb1	1406	11587
pb1	1407	11392
pb1	1408	11310
pb1	1409	11291
pb1	1410	11123
pb1	1411	11198
pb1	1412	11032
pb1	1413	11192
pb1	1414	11256
pb1	1415	11208
pb1	1416	11176
pb1	1417	10745
pb1	1418	11000
pb1	1419	11854
pb1	1420	11708
pb1	1421	11715
pb1	1422	12414
pb1	1423	12296
pb1	1424	12268
pb1	1425	12235
pb1	1426	11974
pb1	1427	11649
pb1	1428	10510
pb1	1429	10447
pb1	1430	10539
pb1	1431	9936
pb1	1432	9833
pb1	1433	9861
pb1	1434	9904
pb1	1435	9893
pb1	1436	9869
pb1	1437	9787
pb1	1438	9803
pb1	1439	9607
pb1	1440	9668
pb1	1441	9682
pb1	1442	9648
pb1	1443	9698
pb1	1444	9733
pb1	1445	10001
pb1	1446	10052
pb1	1447	10133
pb1	1448	10137
pb1	1449	10129
pb1	1450	10098
pb1	1451	10178
pb1	1452	10169
pb1	1453	10144
pb1	1454	9470
pb1	1455	9502
pb1	1456	9470
pb1	1457	9518
pb1	1458	9430
pb1	1459	9335
pb1	1460	9360
pb1	1461	9369
pb1	1462	9367
pb1	1463	9321
pb1	1464	9318
pb1	1465	9246
pb1	1466	9185
pb1	1467	9469
pb1	1468	9553
pb1	1469	9634
pb1	1470	9655
pb1	1471	9794
pb1	1472	10088
pb1	1473	10088
pb1	1474	10060
pb1	1475	10003
pb1	1476	9608
pb1	1477	9575
pb1	1478	9486
pb1	1479	9519
pb1	1480	9334
pb1	1481	9154
pb1	1482	9244
pb1	1483	9273
pb1	1484	9330
pb1	1485	9284
pb1	1486	9263
pb1	1487	9370
pb1	1488	9379
pb1	1489	9416
pb1	1490	9367
pb1	1491	9229
pb1	1492	9269
pb1	1493	9262
pb1	1494	9250
pb1	1495	9283
pb1	1496	9049
pb1	1497	9085
pb1	1498	9027
pb1	1499	8992
pb1	1500	9029
pb1	1501	8982
pb1	1502	8972
pb1	1503	8951
pb1	1504	9039
pb1	1505	9078
pb1	1506	9086
pb1	1507	9064
pb1	1508	9069
pb1	1509	9084
pb1	1510	9198
pb1	1511	9292
pb1	1512	9352
pb1	1513	9182
pb1	1514	9175
pb1	1515	9204
pb1	1516	9216
pb1	1517	9307
pb1	1518	9470
pb1	1519	9376
pb1	1520	9391
pb1	1521	9387
pb1	1522	9400
pb1	1523	9537
pb1	1524	9506
pb1	1525	9445
pb1	1526	9279
pb1	1527	9120
pb1	1528	9168
pb1	1529	9105
pb1	1530	9122
pb1	1531	9155
pb1	1532	9065
pb1	1533	9030
pb1	1534	9047
pb1	1535	9047
pb1	1536	9591
pb1	1537	9561
pb1	1538	9692
pb1	1539	9718
pb1	1540	9628
pb1	1541	10118
pb1	1542	10162
pb1	1543	10108
pb1	1544	10097
pb1	1545	9338
pb1	1546	9425
pb1	1547	9281
pb1	1548	9249
pb1	1549	9242
pb1	1550	8818
pb1	1551	8919
pb1	1552	8972
pb1	1553	8969
pb1	1554	8954
pb1	1555	8840
pb1	1556	9222
pb1	1557	9210
pb1	1558	9176
pb1	1559	9196
pb1	1560	9100
pb1	1561	9108
pb1	1562	9134
pb1	1563	9127
pb1	1564	9148
pb1	1565	8748
pb1	1566	8882
pb1	1567	8946
pb1	1568	8803
pb1	1569	8810
pb1	1570	8828
pb1	1571	8849
pb1	1572	8865
pb1	1573	8764
pb1	1574	8758
pb1	1575	8913
pb1	1576	8907
pb1	1577	8935
pb1	1578	8950
pb1	1579	8961
pb1	1580	8958
pb1	1581	8914
pb1	1582	8912
pb1	1583	8977
pb1	1584	8800
pb1	1585	8874
pb1	1586	8876
pb1	1587	8861
pb1	1588	9023
pb1	1589	9020
pb1	1590	9054
pb1	1591	9046
pb1	1592	8945
pb1	1593	8995
pb1	1594	8912
pb1	1595	8982
pb1	1596	8932
pb1	1597	8734
pb1	1598	8703
pb1	1599	8624
pb1	1600	8637
pb1	1601	8727
pb1	1602	8638
pb1	1603	8633
pb1	1604	8565
pb1	1605	8575
pb1	1606	8569
pb1	1607	8719
pb1	1608	8712
pb1	1609	9146
pb1	1610	8960
pb1	1611	9263
pb1	1612	9428
pb1	1613	9379
pb1	1614	9306
pb1	1615	9310
pb1	1616	9009
pb1	1617	9092
pb1	1618	8488
pb1	1619	8469
pb1	1620	8507
pb1	1621	8050
pb1	1622	8200
pb1	1623	8315
pb1	1624	8569
pb1	1625	8625
pb1	1626	8587
pb1	1627	8594
pb1	1628	8588
pb1	1629	8497
pb1	1630	8636
pb1	1631	8613
pb1	1632	8678
pb1	1633	8372
pb1	1634	8393
pb1	1635	8225
pb1	1636	8239
pb1	1637	8389
pb1	1638	8521
pb1	1639	8432
pb1	1640	8221
pb1	1641	8157
pb1	1642	8182
pb1	1643	8237
pb1	1644	8266
pb1	1645	8261
pb1	1646	8074
pb1	1647	7914
pb1	1648	7949
pb1	1649	7997
pb1	1650	7982
pb1	1651	7947
pb1	1652	7934
pb1	1653	7842
pb1	1654	7964
pb1	1655	7984
pb1	1656	7975
pb1	1657	8045
pb1	1658	8020
pb1	1659	8037
pb1	1660	8032
pb1	1661	7979
pb1	1662	7941
pb1	1663	7890
pb1	1664	8018
pb1	1665	8015
pb1	1666	8010
pb1	1667	8012
pb1	1668	8015
pb1	1669	8098
pb1	1670	8019
pb1	1671	8083
pb1	1672	8124
pb1	1673	7746
pb1	1674	8017
pb1	1675	7910
pb1	1676	7963
pb1	1677	8043
pb1	1678	7880
pb1	1679	7869
pb1	1680	7860
pb1	1681	7850
pb1	1682	7872
pb1	1683	7766
pb1	1684	8127
pb1	1685	8090
pb1	1686	8096
pb1	1687	8039
pb1	1688	8056
pb1	1689	8372
pb1	1690	8320
pb1	1691	8386
pb1	1692	8624
pb1	1693	8512
pb1	1694	8562
pb1	1695	8624
pb1	1696	8576
pb1	1697	8612
pb1	1698	8362
pb1	1699	8516
pb1	1700	8419
pb1	1701	8437
pb1	1702	8126
pb1	1703	8083
pb1	1704	8131
pb1	1705	8147
pb1	1706	8128
pb1	1707	8279
pb1	1708	8252
pb1	1709	8250
pb1	1710	8261
pb1	1711	8243
pb1	1712	8313
pb1	1713	8157
pb1	1714	8269
pb1	1715	8292
pb1	1716	7996
pb1	1717	8029
pb1	1718	7997
pb1	1719	8003
pb1	1720	7959
pb1	1721	7956
pb1	1722	7874
pb1	1723	7871
pb1	1724	7752
pb1	1725	7843
pb1	1726	7914
pb1	1727	7925
pb1	1728	7931
pb1	1729	7977
pb1	1730	7893
pb1	1731	7882
pb1	1732	7880
pb1	1733	7950
pb1	1734	7927
pb1	1735	7874
pb1	1736	7898
pb1	1737	8005
pb1	1738	7969
pb1	1739	8026
pb1	1740	8031
pb1	1741	8053
pb1	1742	8098
pb1	1743	8075
pb1	1744	8075
pb1	1745	8094
pb1	1746	8051
pb1	1747	8067
pb1	1748	8026
pb1	1749	8030
pb1	1750	8028
pb1	1751	7951
pb1	1752	8128
pb1	1753	8118
pb1	1754	8105
pb1	1755	8108
pb1	1756	8073
pb1	1757	8010
pb1	1758	8027
pb1	1759	7977
pb1	1760	7945
pb1	1761	7943
pb1	1762	7917
pb1	1763	7934
pb1	1764	7946
pb1	1765	8133
pb1	1766	8083
pb1	1767	7983
pb1	1768	7956
pb1	1769	7768
pb1	1770	7819
pb1	1771	7590
pb1	1772	7582
pb1	1773	7527
pb1	1774	7251
pb1	1775	7481
pb1	1776	7538
pb1	1777	7553
pb1	1778	7603
pb1	1779	7519
pb1	1780	7542
pb1	1781	7598
pb1	1782	7641
pb1	1783	7634
pb1	1784	7516
pb1	1785	7276
pb1	1786	7390
pb1	1787	7424
pb1	1788	7374
pb1	1789	7429
pb1	1790	7240
pb1	1791	7344
pb1	1792	7300
pb1	1793	7319
pb1	1794	7364
pb1	1795	7431
pb1	1796	7397
pb1	1797	7552
pb1	1798	7492
pb1	1799	7541
pb1	1800	7416
pb1	1801	7422
pb1	1802	7462
pb1	1803	7457
pb1	1804	7301
pb1	1805	7298
pb1	1806	7175
pb1	1807	7246
pb1	1808	7348
pb1	1809	7325
pb1	1810	7334
pb1	1811	7291
pb1	1812	7252
pb1	1813	7725
pb1	1814	7725
pb1	1815	7747
pb1	1816	8117
pb1	1817	7855
pb1	1818	8064
pb1	1819	8059
pb1	1820	8064
pb1	1821	8063
pb1	1822	7418
pb1	1823	7520
pb1	1824	7549
pb1	1825	7274
pb1	1826	7297
pb1	1827	7229
pb1	1828	7249
pb1	1829	7242
pb1	1830	7306
pb1	1831	7306
pb1	1832	7155
pb1	1833	7079
pb1	1834	7325
pb1	1835	7349
pb1	1836	7612
pb1	1837	7624
pb1	1838	7667
pb1	1839	7633
pb1	1840	7654
pb1	1841	8475
pb1	1842	8442
pb1	1843	8313
pb1	1844	8239
pb1	1845	8068
pb1	1846	8085
pb1	1847	8061
pb1	1848	8176
pb1	1849	8280
pb1	1850	7752
pb1	1851	7850
pb1	1852	7833
pb1	1853	7995
pb1	1854	7986
pb1	1855	7967
pb1	1856	7953
pb1	1857	7980
pb1	1858	7976
pb1	1859	8005
pb1	1860	8063
pb1	1861	8000
pb1	1862	7917
pb1	1863	7927
pb1	1864	7995
pb1	1865	8038
pb1	1866	8029
pb1	1867	8133
pb1	1868	8110
pb1	1869	8160
pb1	1870	8164
pb1	1871	8143
pb1	1872	8119
pb1	1873	8099
pb1	1874	8125
pb1	1875	8137
pb1	1876	8060
pb1	1877	8224
pb1	1878	8195
pb1	1879	8197
pb1	1880	8169
pb1	1881	8151
pb1	1882	8331
pb1	1883	8350
pb1	1884	8425
pb1	1885	8424
pb1	1886	8127
pb1	1887	8211
pb1	1888	8254
pb1	1889	8255
pb1	1890	8244
pb1	1891	8130
pb1	1892	8215
pb1	1893	8293
pb1	1894	8290
pb1	1895	8367
pb1	1896	8924
pb1	1897	8836
pb1	1898	8910
pb1	1899	8915
pb1	1900	8833
pb1	1901	8768
pb1	1902	8610
pb1	1903	8823
pb1	1904	8867
pb1	1905	8485
pb1	1906	8499
pb1	1907	8475
pb1	1908	8473
pb1	1909	8280
pb1	1910	8225
pb1	1911	8272
pb1	1912	8048
pb1	1913	7978
pb1	1914	7973
pb1	1915	8029
pb1	1916	8058
pb1	1917	8064
pb1	1918	8078
pb1	1919	8065
pb1	1920	8060
pb1	1921	7972
pb1	1922	8160
pb1	1923	8204
pb1	1924	8181
pb1	1925	8163
pb1	1926	8155
pb1	1927	8106
pb1	1928	8179
pb1	1929	8112
pb1	1930	8225
pb1	1931	7929
pb1	1932	7914
pb1	1933	7914
pb1	1934	7931
pb1	1935	7924
pb1	1936	7946
pb1	1937	7809
pb1	1938	7921
pb1	1939	7865
pb1	1940	7982
pb1	1941	7950
pb1	1942	7997
pb1	1943	8025
pb1	1944	8319
pb1	1945	8334
pb1	1946	8365
pb1	1947	8404
pb1	1948	8129
pb1	1949	8344
pb1	1950	8337
pb1	1951	8447
pb1	1952	8436
pb1	1953	8141
pb1	1954	8274
pb1	1955	8195
pb1	1956	8405
pb1	1957	8438
pb1	1958	8226
pb1	1959	8363
pb1	1960	8278
pb1	1961	8297
pb1	1962	8326
pb1	1963	8228
pb1	1964	8201
pb1	1965	8070
pb1	1966	8123
pb1	1967	8153
pb1	1968	8145
pb1	1969	8092
pb1	1970	8049
pb1	1971	8081
pb1	1972	8077
pb1	1973	8329
pb1	1974	8282
pb1	1975	8241
pb1	1976	8209
pb1	1977	8238
pb1	1978	8347
pb1	1979	8363
pb1	1980	8343
pb1	1981	8296
pb1	1982	8136
pb1	1983	8141
pb1	1984	8153
pb1	1985	8214
pb1	1986	8071
pb1	1987	7974
pb1	1988	7979
pb1	1989	7990
pb1	1990	8578
pb1	1991	8557
pb1	1992	8684
pb1	1993	8692
pb1	1994	8571
pb1	1995	8544
pb1	1996	8518
pb1	1997	8528
pb1	1998	8491
pb1	1999	7987
pb1	2000	8010
pb1	2001	7889
pb1	2002	7905
pb1	2003	7896
pb1	2004	7901
pb1	2005	7940
pb1	2006	8013
pb1	2007	7962
pb1	2008	8173
pb1	2009	8263
pb1	2010	8203
pb1	2011	8192
pb1	2012	8175
pb1	2013	8149
pb1	2014	8240
pb1	2015	7966
pb1	2016	8557
pb1	2017	8404
pb1	2018	8394
pb1	2019	8354
pb1	2020	8320
pb1	2021	8333
pb1	2022	8337
pb1	2023	8192
pb1	2024	8188
pb1	2025	7626
pb1	2026	8013
pb1	2027	7958
pb1	2028	7944
pb1	2029	7995
pb1	2030	8012
pb1	2031	8019
pb1	2032	7996
pb1	2033	7982
pb1	2034	8038
pb1	2035	7783
pb1	2036	7786
pb1	2037	7806
pb1	2038	7833
pb1	2039	8010
pb1	2040	8031
pb1	2041	8084
pb1	2042	8084
pb1	2043	8003
pb1	2044	8084
pb1	2045	8085
pb1	2046	8487
pb1	2047	8893
pb1	2048	8677
pb1	2049	8795
pb1	2050	8790
pb1	2051	8887
pb1	2052	8887
pb1	2053	8821
pb1	2054	8816
pb1	2055	8481
pb1	2056	8230
pb1	2057	8422
pb1	2058	8395
pb1	2059	8462
pb1	2060	8379
pb1	2061	8391
pb1	2062	8390
pb1	2063	8489
pb1	2064	8536
pb1	2065	8455
pb1	2066	8412
pb1	2067	8402
pb1	2068	8430
pb1	2069	8468
pb1	2070	8509
pb1	2071	8525
pb1	2072	8432
pb1	2073	8405
pb1	2074	8407
pb1	2075	8400
pb1	2076	8450
pb1	2077	8443
pb1	2078	8427
pb1	2079	8369
pb1	2080	8452
pb1	2081	8423
pb1	2082	8390
pb1	2083	8464
pb1	2084	8379
pb1	2085	8506
pb1	2086	8477
pb1	2087	8477
pb1	2088	8508
pb1	2089	8446
pb1	2090	8461
pb1	2091	8512
pb1	2092	8424
pb1	2093	8348
pb1	2094	8326
pb1	2095	8230
pb1	2096	8205
pb1	2097	8185
pb1	2098	8130
pb1	2099	8111
pb1	2100	8053
pb1	2101	7978
pb1	2102	7993
pb1	2103	7956
pb1	2104	7913
pb1	2105	7976
pb1	2106	7891
pb1	2107	7995
pb1	2108	7926
pb1	2109	7943
pb1	2110	7949
pb1	2111	7951
pb1	2112	7965
pb1	2113	7978
pb1	2114	7888
pb1	2115	7882
pb1	2116	7739
pb1	2117	7716
pb1	2118	7650
pb1	2119	7684
pb1	2120	7712
pb1	2121	7749
pb1	2122	7708
pb1	2123	7715
pb1	2124	7737
pb1	2125	7728
pb1	2126	7742
pb1	2127	7738
pb1	2128	7607
pb1	2129	7699
pb1	2130	7750
pb1	2131	7931
pb1	2132	7974
pb1	2133	7866
pb1	2134	8120
pb1	2135	8096
pb1	2136	8094
pb1	2137	8092
pb1	2138	7918
pb1	2139	7969
pb1	2140	7221
pb1	2141	7205
pb1	2142	7175
pb1	2143	6630
pb1	2144	6619
pb1	2145	6396
pb1	2146	6424
pb1	2147	6395
pb1	2148	6283
pb1	2149	6299
pb1	2150	6222
pb1	2151	6243
pb1	2152	6276
pb1	2153	6284
pb1	2154	6303
pb1	2155	6281
pb1	2156	6205
pb1	2157	6230
pb1	2158	6246
pb1	2159	6216
pb1	2160	6210
pb1	2161	6160
pb1	2162	6228
pb1	2163	6226
pb1	2164	6234
pb1	2165	6251
pb1	2166	6242
pb1	2167	6361
pb1	2168	6330
pb1	2169	6339
pb1	2170	6351
pb1	2171	6267
pb1	2172	6302
pb1	2173	6315
pb1	2174	6313
pb1	2175	6259
pb1	2176	5999
pb1	2177	5963
pb1	2178	6058
pb1	2179	6126
pb1	2180	5956
pb1	2181	6119
pb1	2182	6067
pb1	2183	6064
pb1	2184	6063
pb1	2185	5994
pb1	2186	5989
pb1	2187	5841
pb1	2188	5794
pb1	2189	5716
pb1	2190	5741
pb1	2191	5626
pb1	2192	5663
pb1	2193	5713
pb1	2194	5698
pb1	2195	5705
pb1	2196	5602
pb1	2197	5515
pb1	2198	5479
pb1	2199	5483
pb1	2200	5491
pb1	2201	5420
pb1	2202	5367
pb1	2203	5416
pb1	2204	5406
pb1	2205	5496
pb1	2206	5481
pb1	2207	5438
pb1	2208	5434
pb1	2209	5535
pb1	2210	5510
pb1	2211	5516
pb1	2212	5471
pb1	2213	5482
pb1	2214	5360
pb1	2215	5380
pb1	2216	5420
pb1	2217	5417
pb1	2218	5234
pb1	2219	5227
pb1	2220	5217
pb1	2221	5231
pb1	2222	5246
pb1	2223	5253
pb1	2224	5232
pb1	2225	5097
pb1	2226	5112
pb1	2227	5116
pb1	2228	5098
pb1	2229	5105
pb1	2230	5079
pb1	2231	5103
pb1	2232	5091
pb1	2233	5106
pb1	2234	5066
pb1	2235	4909
pb1	2236	4871
pb1	2237	4863
pb1	2238	4848
pb1	2239	4892
pb1	2240	4810
pb1	2241	4821
pb1	2242	4719
pb1	2243	4749
pb1	2244	4764
pb1	2245	4783
pb1	2246	4775
pb1	2247	4764
pb1	2248	4770
pb1	2249	4633
pb1	2250	4674
pb1	2251	4678
pb1	2252	4669
pb1	2253	4668
pb1	2254	4694
pb1	2255	4698
pb1	2256	4692
pb1	2257	4678
pb1	2258	4635
pb1	2259	4494
pb1	2260	4372
pb1	2261	4359
pb1	2262	4348
pb1	2263	4167
pb1	2264	4202
pb1	2265	4200
pb1	2266	4196
pb1	2267	4195
pb1	2268	4059
pb1	2269	4036
pb1	2270	4097
pb1	2271	3971
pb1	2272	3941
pb1	2273	3849
pb1	2274	3806
pb1	2275	3813
pb1	2276	3785
pb1	2277	3768
pb1	2278	3769
pb1	2279	3289
pb1	2280	3296
pb1	2281	3206
pb1	2282	3171
pb1	2283	3163
pb1	2284	3091
pb1	2285	3067
pb1	2286	3042
pb1	2287	3011
pb1	2288	2978
pb1	2289	2887
pb1	2290	2878
pb1	2291	2868
pb1	2292	2868
pb1	2293	2865
pb1	2294	2851
pb1	2295	2837
pb1	2296	2819
pb1	2297	2683
pb1	2298	2681
pb1	2299	2537
pb1	2300	2533
pb1	2301	2487
pb1	2302	2469
pb1	2303	2455
pb1	2304	2391
pb1	2305	2382
pb1	2306	2351
pb1	2307	2348
pb1	2308	2331
pb1	2309	2048
pb1	2310	1934
pb1	2311	1924
pb1	2312	1918
pb1	2313	1915
pb1	2314	1897
pb1	2315	1749
pb1	2316	1741
pb1	2317	1720
pb1	2318	1717
pb1	2319	1707
pb1	2320	1636
pb1	2321	1607
pb1	2322	1591
pb1	2323	1574
pb1	2324	1564
pb1	2325	1543
pb1	2326	1532
pb1	2327	1518
pb1	2328	1511
pb1	2329	1495
pb1	2330	1439
pb1	2331	1422
pb1	2332	1400
pb1	2333	1394
pb1	2334	1377
pb1	2335	1368
pb1	2336	1349
pb1	2337	1209
pb1	2338	1170
pb1	2339	1146
pb1	2340	1143
pb1	2341	468
