segment	start	end	coverage
ns	0	1	7959
ns	1	2	9948
ns	2	3	9993
ns	3	4	10029
ns	4	5	11300
ns	5	6	11425
ns	6	7	11462
ns	7	8	11491
ns	8	9	11626
ns	9	10	11637
ns	10	11	11820
ns	11	12	12018
ns	12	13	12097
ns	13	14	12121
ns	14	15	12476
ns	15	16	12563
ns	16	17	12819
ns	17	18	12876
ns	18	19	12908
ns	19	20	13158
ns	20	21	13340
ns	21	22	14591
ns	22	23	14923
ns	23	24	14979
ns	24	25	15069
ns	25	26	15168
ns	26	27	15329
ns	27	28	15376
ns	28	29	15890
ns	29	30	16453
ns	30	31	17481
ns	31	32	24010
ns	32	33	24246
ns	33	34	24948
ns	34	35	25093
ns	35	36	25206
ns	36	37	25770
ns	37	38	25874
ns	38	39	25964
ns	39	40	26066
ns	40	41	26107
ns	41	42	27772
ns	42	43	27839
ns	43	44	28205
ns	44	45	28227
ns	45	46	28314
ns	46	47	28349
ns	47	48	28394
ns	48	49	28895
ns	49	50	29508
ns	50	51	29328
ns	51	53	29627
ns	53	54	30468
ns	54	55	30487
ns	55	56	30709
ns	56	57	30838
ns	57	58	30759
ns	58	59	30653
ns	59	60	30843
ns	60	61	30869
ns	61	62	31094
ns	62	63	30898
ns	63	64	31587
ns	64	65	31560
ns	65	66	31557
ns	66	67	31917
ns	67	68	32271
ns	68	69	32610
ns	69	70	32716
ns	70	71	32671
ns	71	72	32817
ns	72	73	32763
ns	73	74	32778
ns	74	75	32946
ns	75	76	32922
ns	76	77	33074
ns	77	78	33559
ns	78	79	33611
ns	79	80	33871
ns	80	81	33893
ns	81	82	33864
ns	82	83	33874
ns	83	84	33943
ns	84	85	33922
ns	85	86	33977
ns	86	87	34162
ns	87	88	34139
ns	88	89	34101
ns	89	90	34094
ns	90	91	34262
ns	91	92	34257
ns	92	93	34264
ns	93	94	34239
ns	94	95	34055
ns	95	96	34415
ns	96	97	34845
ns	97	98	35271
ns	98	99	35148
ns	99	100	35072
ns	100	101	35037
ns	101	102	36009
ns	102	103	35885
ns	103	104	35839
ns	104	105	35836
ns	105	106	34834
ns	106	107	35081
ns	107	108	35083
ns	108	109	35480
ns	109	110	35272
ns	110	111	35122
ns	111	112	35082
ns	112	113	35041
ns	113	114	35529
ns	114	115	36120
ns	115	116	36082
ns	116	117	36128
ns	117	118	35859
ns	118	119	35854
ns	119	120	36743
ns	120	121	37365
ns	121	122	37729
ns	122	123	37212
ns	123	124	36978
ns	124	125	36841
ns	125	126	36825
ns	126	128	36661
ns	128	129	35566
ns	129	130	35325
ns	130	132	35741
ns	132	133	35649
ns	133	134	35781
ns	134	135	35896
ns	135	136	36054
ns	136	137	36011
ns	137	138	35963
ns	138	139	35883
ns	139	140	35479
ns	140	141	36054
ns	141	142	35658
ns	142	143	35757
ns	143	144	35669
ns	144	145	35344
ns	145	146	35388
ns	146	147	35496
ns	147	148	35477
ns	148	149	36113
ns	149	150	35458
ns	150	151	34337
ns	151	152	34250
ns	152	153	34503
ns	153	154	34396
ns	154	155	34381
ns	155	156	34275
ns	156	157	34777
ns	157	158	34043
ns	158	159	34383
ns	159	160	33784
ns	160	161	33748
ns	161	162	33459
ns	162	163	33555
ns	163	164	33636
ns	164	165	33749
ns	165	166	33970
ns	166	167	33930
ns	167	168	33456
ns	168	169	33715
ns	169	170	34053
ns	170	171	33657
ns	171	172	35241
ns	172	173	34789
ns	173	174	34935
ns	174	175	34706
ns	175	176	34754
ns	176	177	35691
ns	177	178	36868
ns	178	179	36938
ns	179	180	35092
ns	180	181	33877
ns	181	182	34294
ns	182	183	34195
ns	183	184	34262
ns	184	185	34542
ns	185	186	33965
ns	186	187	33792
ns	187	188	32892
ns	188	189	32925
ns	189	190	33178
ns	190	191	33116
ns	191	192	32702
ns	192	193	32656
ns	193	194	32550
ns	194	195	32569
ns	195	196	32780
ns	196	197	32972
ns	197	198	32853
ns	198	199	32867
ns	199	200	32813
ns	200	201	32895
ns	201	202	33145
ns	202	203	32995
ns	203	204	33271
ns	204	205	33203
ns	205	206	33087
ns	206	207	33574
ns	207	208	33781
ns	208	209	34066
ns	209	210	33989
ns	210	211	33684
ns	211	212	34219
ns	212	213	34293
ns	213	214	34366
ns	214	215	34606
ns	215	216	34687
ns	216	217	34823
ns	217	218	34337
ns	218	219	35432
ns	219	220	35180
ns	220	221	35109
ns	221	222	35311
ns	222	223	34751
ns	223	224	34819
ns	224	225	34376
ns	225	226	34737
ns	226	227	34950
ns	227	228	34690
ns	228	229	34968
ns	229	230	34731
ns	230	231	35533
ns	231	232	35777
ns	232	233	36065
ns	233	234	36096
ns	234	235	35599
ns	235	236	35766
ns	236	237	35721
ns	237	238	35637
ns	238	239	35638
ns	239	240	35946
ns	240	241	35679
ns	241	242	35524
ns	242	243	35467
ns	243	244	35581
ns	244	245	35489
ns	245	246	35439
ns	246	247	35457
ns	247	248	35536
ns	248	249	35360
ns	249	250	35245
ns	250	251	35250
ns	251	252	35486
ns	252	253	35299
ns	253	254	35254
ns	254	255	35888
ns	255	256	35980
ns	256	257	36952
ns	257	258	36991
ns	258	259	37377
ns	259	260	37405
ns	260	261	37392
ns	261	262	37698
ns	262	263	38147
ns	263	264	38458
ns	264	265	38991
ns	265	266	38351
ns	266	267	38552
ns	267	268	38415
ns	268	269	38531
ns	269	270	38725
ns	270	271	38840
ns	271	272	39385
ns	272	273	38646
ns	273	274	38675
ns	274	275	38291
ns	275	276	39360
ns	276	277	39403
ns	277	278	39541
ns	278	279	39542
ns	279	280	39163
ns	280	281	38448
ns	281	282	39106
ns	282	283	39417
ns	283	284	39404
ns	284	285	39659
ns	285	286	38846
ns	286	287	38918
ns	287	288	39007
ns	288	289	38945
ns	289	290	39706
ns	290	291	39139
ns	291	292	40879
ns	292	293	41055
ns	293	294	41012
ns	294	295	41023
ns	295	296	40900
ns	296	297	40881
ns	297	298	40690
ns	298	299	39737
ns	299	300	40057
ns	300	301	38678
ns	301	302	38632
ns	302	303	38673
ns	303	304	38504
ns	304	305	38427
ns	305	306	38314
ns	306	307	39893
ns	307	308	39769
ns	308	309	40412
ns	309	310	40282
ns	310	311	40243
ns	311	312	40341
ns	312	313	41128
ns	313	314	41043
ns	314	315	41037
ns	315	316	39280
ns	316	317	40210
ns	317	318	39643
ns	318	319	40132
ns	319	320	40982
ns	320	321	40944
ns	321	322	40923
ns	322	323	41093
ns	323	324	41114
ns	324	325	41164
ns	325	326	40525
ns	326	327	40709
ns	327	328	39704
ns	328	329	39348
ns	329	330	38595
ns	330	331	39860
ns	331	332	40844
ns	332	333	40808
ns	333	334	40988
ns	334	335	41085
ns	335	336	40924
ns	336	337	41148
ns	337	338	41779
ns	338	339	42151
ns	339	340	41273
ns	340	341	40695
ns	341	342	40552
ns	342	343	40772
ns	343	344	40814
ns	344	345	40833
ns	345	346	40769
ns	346	347	40181
ns	347	348	39799
ns	348	349	40235
ns	349	350	40283
ns	350	351	40311
ns	351	352	40127
ns	352	353	40158
ns	353	354	40166
ns	354	355	40279
ns	355	356	40266
ns	356	357	40429
ns	357	358	39964
ns	358	359	39988
ns	359	360	40037
ns	360	361	40061
ns	361	362	39783
ns	362	363	40041
ns	363	364	40144
ns	364	365	40089
ns	365	366	39963
ns	366	367	40398
ns	367	368	40467
ns	368	369	41167
ns	369	370	41091
ns	370	371	42167
ns	371	372	41477
ns	372	373	43731
ns	373	374	43543
ns	374	375	43555
ns	375	376	43257
ns	376	377	42943
ns	377	378	42021
ns	378	379	42894
ns	379	380	42019
ns	380	381	42161
ns	381	382	39288
ns	382	383	39299
ns	383	384	39665
ns	384	385	39482
ns	385	386	39633
ns	386	387	38902
ns	387	388	37846
ns	388	389	38527
ns	389	390	38768
ns	390	391	39085
ns	391	392	39048
ns	392	393	39853
ns	393	394	40080
ns	394	395	40131
ns	395	396	40769
ns	396	397	40632
ns	397	398	40863
ns	398	399	41307
ns	399	400	41136
ns	400	401	41302
ns	401	402	40240
ns	402	403	40067
ns	403	404	40659
ns	404	405	39998
ns	405	406	40898
ns	406	407	40152
ns	407	408	40179
ns	408	409	40361
ns	409	410	40218
ns	410	411	40786
ns	411	412	40769
ns	412	413	40271
ns	413	414	40077
ns	414	415	38722
ns	415	416	38754
ns	416	417	38110
ns	417	418	38118
ns	418	419	38201
ns	419	420	37978
ns	420	421	37806
ns	421	422	37645
ns	422	423	37550
ns	423	424	37805
ns	424	425	38386
ns	425	426	38264
ns	426	428	38223
ns	428	429	37902
ns	429	430	38099
ns	430	431	38079
ns	431	432	38050
ns	432	433	37501
ns	433	434	36881
ns	434	435	37508
ns	435	436	37489
ns	436	437	37633
ns	437	438	37591
ns	438	439	37514
ns	439	440	37345
ns	440	441	37281
ns	441	442	37218
ns	442	443	36883
ns	443	444	36691
ns	444	445	36827
ns	445	446	37230
ns	446	447	37429
ns	447	448	37779
ns	448	449	38325
ns	449	450	38342
ns	450	451	38177
ns	451	452	38211
ns	452	453	37263
ns	453	454	40014
ns	454	455	39082
ns	455	456	39658
ns	456	457	39536
ns	457	458	39689
ns	458	459	42059
ns	459	460	41884
ns	460	461	41922
ns	461	462	42048
ns	462	463	38184
ns	463	464	39740
ns	464	465	39152
ns	465	466	38817
ns	466	467	38716
ns	467	468	36407
ns	468	469	36844
ns	469	470	36711
ns	470	471	36902
ns	471	472	36913
ns	472	473	36266
ns	473	474	36425
ns	474	475	37178
ns	475	476	37441
ns	476	477	37673
ns	477	478	37877
ns	478	479	37376
ns	479	480	37695
ns	480	481	37584
ns	481	482	37467
ns	482	483	37422
ns	483	484	36797
ns	484	485	36858
ns	485	486	36319
ns	486	487	36560
ns	487	488	36365
ns	488	489	36254
ns	489	490	36100
ns	490	491	35971
ns	491	492	35945
ns	492	493	36048
ns	493	494	35891
ns	494	495	35956
ns	495	496	35525
ns	496	497	35687
ns	497	498	35652
ns	498	499	35935
ns	499	500	35965
ns	500	501	36001
ns	501	502	36482
ns	502	503	36715
ns	503	504	36809
ns	504	505	36866
ns	505	506	36916
ns	506	507	36966
ns	507	508	36936
ns	508	509	36717
ns	509	510	36905
ns	510	511	36602
ns	511	512	36360
ns	512	513	36315
ns	513	514	36265
ns	514	515	36488
ns	515	516	36474
ns	516	517	36456
ns	517	518	36562
ns	518	519	36481
ns	519	520	36497
ns	520	521	36340
ns	521	522	37043
ns	522	523	37345
ns	523	524	37307
ns	524	525	37350
ns	525	526	37177
ns	526	527	37270
ns	527	528	37884
ns	528	529	38036
ns	529	530	37897
ns	530	531	37160
ns	531	532	37007
ns	532	533	37071
ns	533	534	37158
ns	534	535	38051
ns	535	536	37550
ns	536	537	37462
ns	537	538	37100
ns	538	539	36469
ns	539	540	36314
ns	540	541	35021
ns	541	542	35059
ns	542	543	34978
ns	543	544	33499
ns	544	545	33508
ns	545	546	33198
ns	546	547	33149
ns	547	548	33455
ns	548	549	33557
ns	549	550	33558
ns	550	551	34018
ns	551	552	33833
ns	552	553	33916
ns	553	554	33862
ns	554	555	33659
ns	555	556	33938
ns	556	557	33790
ns	557	558	33914
ns	558	559	34015
ns	559	560	33873
ns	560	561	33813
ns	561	562	33603
ns	562	563	33355
ns	563	564	33603
ns	564	565	33086
ns	565	566	33560
ns	566	567	33386
ns	567	568	33255
ns	568	569	33482
ns	569	570	33349
ns	570	571	33519
ns	571	572	33546
ns	572	573	33261
ns	573	574	33403
ns	574	575	32644
ns	575	576	32631
ns	576	577	32990
ns	577	578	32640
ns	578	579	33083
ns	579	580	33166
ns	580	581	33240
ns	581	582	33537
ns	582	583	33462
ns	583	584	33399
ns	584	585	33299
ns	585	586	32552
ns	586	587	33172
ns	587	588	32593
ns	588	589	32870
ns	589	590	34760
ns	590	591	34881
ns	591	592	34951
ns	592	593	35010
ns	593	594	35246
ns	594	595	35291
ns	595	596	34748
ns	596	597	33745
ns	597	598	34028
ns	598	599	30576
ns	599	600	31227
ns	600	601	30955
ns	601	602	30989
ns	602	603	31156
ns	603	604	30875
ns	604	605	30415
ns	605	606	30431
ns	606	607	29958
ns	607	608	30103
ns	608	609	29332
ns	609	610	29415
ns	610	611	29423
ns	611	612	29486
ns	612	613	30124
ns	613	614	30195
ns	614	615	30374
ns	615	616	30552
ns	616	617	29854
ns	617	618	30241
ns	618	619	30235
ns	619	620	30508
ns	620	621	30518
ns	621	622	30382
ns	622	623	30435
ns	623	624	29618
ns	624	625	29692
ns	625	626	29640
ns	626	627	29303
ns	627	628	29292
ns	628	629	29449
ns	629	630	29550
ns	630	631	29511
ns	631	632	29448
ns	632	633	29471
ns	633	634	29291
ns	634	635	29589
ns	635	636	29510
ns	636	637	29480
ns	637	638	29191
ns	638	639	28975
ns	639	640	29388
ns	640	641	29544
ns	641	642	29418
ns	642	643	30354
ns	643	644	30229
ns	644	645	30272
ns	645	646	30291
ns	646	647	30139
ns	647	648	30363
ns	648	649	29095
ns	649	650	29385
ns	650	651	29724
ns	651	652	28124
ns	652	653	28135
ns	653	654	27843
ns	654	655	28042
ns	655	656	28036
ns	656	657	27536
ns	657	658	27578
ns	658	659	26511
ns	659	660	26932
ns	660	661	27345
ns	661	662	27205
ns	662	663	27290
ns	663	664	27057
ns	664	665	26907
ns	665	666	26984
ns	666	667	26745
ns	667	668	26908
ns	668	669	25891
ns	669	670	26345
ns	670	671	26317
ns	671	672	26078
ns	672	673	25993
ns	673	674	25915
ns	674	675	26024
ns	675	676	25969
ns	676	677	25797
ns	677	678	25580
ns	678	679	24376
ns	679	680	24372
ns	680	681	24275
ns	681	682	24251
ns	682	683	23984
ns	683	684	24107
ns	684	685	24132
ns	685	686	24086
ns	686	687	24011
ns	687	688	23992
ns	688	689	23909
ns	689	690	23922
ns	690	691	23974
ns	691	692	23993
ns	692	693	24182
ns	693	694	23965
ns	694	695	23977
ns	695	696	23873
ns	696	697	24171
ns	697	698	24235
ns	698	699	24229
ns	699	700	24523
ns	700	701	24311
ns	701	702	24316
ns	702	703	24314
ns	703	704	24249
ns	704	705	24294
ns	705	706	23890
ns	706	707	23909
ns	707	708	23829
ns	708	709	23485
ns	709	710	23274
ns	710	711	23311
ns	711	712	23318
ns	712	713	23380
ns	713	714	23495
ns	714	715	22841
ns	715	716	22861
ns	716	717	22849
ns	717	718	22886
ns	718	719	22835
ns	719	720	22631
ns	720	721	23129
ns	721	722	22839
ns	722	723	22256
ns	723	724	22172
ns	724	725	22238
ns	725	726	22136
ns	726	727	22099
ns	727	728	22063
ns	728	729	22096
ns	729	730	20685
ns	730	731	20607
ns	731	732	20621
ns	732	733	20529
ns	733	734	20317
ns	734	735	20774
ns	735	736	20816
ns	736	737	20921
ns	737	738	20662
ns	738	739	20658
ns	739	740	20703
ns	740	741	20242
ns	741	742	20167
ns	742	743	20117
ns	743	744	18714
ns	744	745	19005
ns	745	746	18688
ns	746	747	18776
ns	747	748	18629
ns	748	749	18628
ns	749	750	18682
ns	750	751	18589
ns	751	752	18517
ns	752	753	18515
ns	753	754	17317
ns	754	755	18426
ns	755	756	18325
ns	756	757	18428
ns	757	758	18340
ns	758	760	17981
ns	760	761	17982
ns	761	762	18042
ns	762	763	17662
ns	763	764	15102
ns	764	765	14838
ns	765	766	14448
ns	766	767	14577
ns	767	768	14466
ns	768	769	14533
ns	769	770	14381
ns	770	771	14352
ns	771	772	14364
ns	772	773	14301
ns	773	774	14298
ns	774	775	14056
ns	775	776	14214
ns	776	777	13902
ns	777	778	13711
ns	778	779	13736
ns	779	780	13287
ns	780	781	13351
ns	781	782	13321
ns	782	783	13336
ns	783	784	13464
ns	784	785	13131
ns	785	786	13282
ns	786	787	13273
ns	787	788	13301
ns	788	789	13305
ns	789	790	13304
ns	790	791	13944
ns	791	792	13924
ns	792	793	13701
ns	793	794	13420
ns	794	795	13215
ns	795	796	13390
ns	796	797	13352
ns	797	798	13360
ns	798	799	13224
ns	799	800	12197
ns	800	801	12135
ns	801	802	12225
ns	802	803	12797
ns	803	804	12741
ns	804	805	12522
ns	805	806	12566
ns	806	807	12576
ns	807	808	12745
ns	808	809	12707
ns	809	810	12661
ns	810	811	12607
ns	811	812	10855
ns	812	813	10812
ns	813	814	10685
ns	814	815	10608
ns	815	816	10718
ns	816	817	10355
ns	817	818	10330
ns	818	819	10247
ns	819	820	10096
ns	820	821	10070
ns	821	822	10015
ns	822	823	10033
ns	823	824	9844
ns	824	825	9448
ns	825	826	9545
ns	826	827	9530
ns	827	828	9537
ns	828	829	9477
ns	829	830	9278
ns	830	831	9279
ns	831	832	9269
ns	832	833	9231
ns	833	834	9405
ns	834	835	8883
ns	835	836	8866
ns	836	837	8794
ns	837	838	8774
ns	838	839	8780
ns	839	840	8575
ns	840	841	8447
ns	841	842	8334
ns	842	843	7354
ns	843	844	7309
ns	844	845	7286
ns	845	846	7252
ns	846	847	7243
ns	847	848	7014
ns	848	849	6989
ns	849	850	6942
ns	850	851	6854
ns	851	852	6830
ns	852	853	6802
ns	853	854	6750
ns	854	855	6746
ns	855	856	6712
ns	856	857	6479
ns	857	858	6381
ns	858	859	6298
ns	859	860	6277
ns	860	861	6271
ns	861	862	6222
ns	862	863	5932
ns	863	864	5774
ns	864	865	5621
ns	865	866	5582
ns	866	867	5403
ns	867	868	4950
ns	868	869	4891
ns	869	870	4885
ns	870	871	4865
ns	871	872	4830
ns	872	873	4761
ns	873	874	4706
ns	874	875	4642
ns	875	876	4104
ns	876	877	4080
ns	877	878	3941
ns	878	879	3863
ns	879	880	3742
ns	880	881	3656
ns	881	882	3652
ns	882	883	3583
ns	883	884	3542
ns	884	885	3502
ns	885	886	2710
ns	886	887	2591
ns	887	888	2539
ns	888	889	2520
ns	889	890	524
na	0	1	2272
na	1	2	2725
na	2	3	2786
na	3	4	2818
na	4	5	3068
na	5	6	3233
na	6	7	3260
na	7	8	3275
na	8	9	3314
na	9	10	3323
na	10	11	3346
na	11	12	3358
na	12	13	3449
na	13	14	3837
na	14	15	3862
na	15	16	3898
na	16	17	3944
na	17	18	3958
na	18	19	4067
na	19	20	4119
na	20	21	4129
na	21	22	4131
na	22	23	4149
na	23	24	4161
na	24	25	4236
na	25	26	4247
na	26	27	4261
na	27	28	4270
na	28	29	4275
na	29	30	4389
na	30	31	4412
na	31	32	4444
na	32	33	4454
na	33	34	4472
na	34	35	4564
na	35	36	4572
na	36	37	4601
na	37	38	4953
na	38	39	5107
na	39	40	5118
na	40	41	5161
na	41	42	5202
na	42	43	5300
na	43	44	5310
na	44	45	5337
na	45	46	5897
na	46	47	5957
na	47	48	5968
na	48	49	5996
na	49	50	6029
na	50	51	6483
na	51	52	6534
na	52	53	6547
na	53	54	6543
na	54	55	6470
na	55	56	6676
na	56	57	6848
na	57	58	6983
na	58	59	7474
na	59	60	7396
na	60	61	8661
na	61	62	8660
na	62	63	8690
na	63	64	8796
na	64	65	8784
na	65	66	9638
na	66	67	9614
na	67	68	9502
na	68	69	9488
na	69	70	9010
na	70	71	9093
na	71	72	9359
na	72	73	9335
na	73	74	9338
na	74	75	9150
na	75	76	9227
na	76	77	9313
na	77	78	9379
na	78	79	9364
na	79	80	9451
na	80	81	9303
na	81	82	9508
na	82	83	9539
na	83	84	9532
na	84	85	9552
na	85	86	9550
na	86	87	9598
na	87	88	9589
na	88	89	9594
na	89	90	9649
na	90	91	9603
na	91	92	9674
na	92	93	9713
na	93	94	9722
na	94	95	9747
na	95	96	9775
na	96	97	9825
na	97	98	9822
na	98	99	9847
na	99	100	9855
na	100	101	9963
na	101	102	9940
na	102	103	9988
na	103	104	10250
na	104	105	10235
na	105	106	10238
na	106	107	10252
na	107	108	10349
na	108	109	10759
na	109	110	10761
na	110	111	10710
na	111	112	11899
na	112	113	11774
na	113	114	11938
na	114	115	11925
na	115	116	11892
na	116	117	11841
na	117	118	11884
na	118	119	11981
na	119	120	11973
na	120	121	11156
na	121	122	11282
na	122	123	11228
na	123	124	11262
na	124	125	11304
na	125	126	11270
na	126	127	11191
na	127	128	11151
na	128	129	11159
na	129	130	11193
na	130	131	11230
na	131	132	11518
na	132	133	11488
na	133	134	11510
na	134	135	11478
na	135	136	11385
na	136	137	11347
na	137	138	11338
na	138	139	11400
na	139	140	11262
na	140	141	11217
na	141	142	11219
na	142	143	11444
na	143	144	11468
na	144	145	11626
na	145	146	11684
na	146	147	11672
na	147	148	11590
na	148	149	11767
na	149	150	11684
na	150	151	11482
na	151	152	11385
na	152	153	11160
na	153	154	11486
na	154	155	11616
na	155	156	11812
na	156	157	11804
na	157	158	11783
na	158	159	11969
na	159	160	11849
na	160	161	11806
na	161	162	11878
na	162	163	11064
na	163	164	10988
na	164	165	10968
na	165	166	10988
na	166	167	11036
na	167	168	11010
na	168	169	11163
na	169	170	11365
na	170	171	11438
na	171	172	11400
na	172	173	11556
na	173	174	11522
na	174	175	11658
na	175	176	11867
na	176	177	12030
na	177	178	12249
na	178	179	12353
na	179	180	12383
na	180	181	12751
na	181	182	12729
na	182	183	13129
na	183	184	13323
na	184	185	13194
na	185	186	13050
na	186	187	12980
na	187	188	12956
na	188	189	12976
na	189	190	12765
na	190	191	13203
na	191	192	13278
na	192	193	13037
na	193	194	13073
na	194	195	12855
na	195	196	12836
na	196	197	12927
na	197	198	12778
na	198	199	12837
na	199	200	12503
na	200	201	12342
na	201	202	12916
na	202	203	12935
na	203	204	13025
na	204	205	12996
na	205	206	12880
na	206	207	13218
na	207	208	13204
na	208	209	13208
na	209	210	13180
na	210	211	12805
na	211	212	12948
na	212	213	13078
na	213	214	13112
na	214	215	13142
na	215	216	12976
na	216	217	13062
na	217	218	13162
na	218	219	13239
na	219	220	13225
na	220	221	13200
na	221	222	13128
na	222	223	13291
na	223	224	13329
na	224	225	13294
na	225	226	13235
na	226	227	13336
na	227	228	13322
na	228	229	13385
na	229	230	13416
na	230	231	13347
na	231	232	13343
na	232	233	13339
na	233	234	13436
na	234	235	13519
na	235	236	13392
na	236	237	13337
na	237	238	13396
na	238	239	13494
na	239	240	13527
na	240	241	13545
na	241	242	13501
na	242	243	13497
na	243	244	13454
na	244	245	13428
na	245	246	13465
na	246	247	13433
na	247	248	13275
na	248	249	13386
na	249	250	13310
na	250	251	13312
na	251	252	13303
na	252	253	13237
na	253	254	13566
na	254	255	13546
na	255	256	13618
na	256	257	13581
na	257	258	13625
na	258	259	13582
na	259	260	13616
na	260	261	13623
na	261	262	13469
na	262	263	12974
na	263	264	12940
na	264	265	12714
na	265	267	12740
na	267	268	12721
na	268	270	12649
na	270	271	12734
na	271	272	12710
na	272	273	12706
na	273	274	12601
na	274	275	12489
na	275	276	12478
na	276	277	12393
na	277	278	12391
na	278	279	12324
na	279	280	12243
na	280	281	12249
na	281	282	12189
na	282	283	12433
na	283	284	12419
na	284	285	12403
na	285	286	12360
na	286	287	12256
na	287	288	12279
na	288	289	12276
na	289	291	12223
na	291	292	11706
na	292	293	11670
na	293	294	11602
na	294	295	11556
na	295	296	11666
na	296	297	11574
na	297	298	11629
na	298	299	11427
na	299	300	12137
na	300	301	12130
na	301	302	12092
na	302	303	11846
na	303	304	11770
na	304	305	11078
na	305	306	11059
na	306	307	10534
na	307	308	10542
na	308	309	9626
na	309	310	9820
na	310	311	10155
na	311	312	10456
na	312	313	10479
na	313	314	10455
na	314	315	10956
na	315	316	10934
na	316	317	11225
na	317	318	11223
na	318	319	11041
na	319	320	11278
na	320	321	10188
na	321	322	10278
na	322	323	10386
na	323	324	9761
na	324	325	9737
na	325	326	9585
na	326	327	9574
na	327	328	9452
na	328	329	9193
na	329	330	9011
na	330	331	8916
na	331	332	9091
na	332	333	9060
na	333	334	9624
na	334	335	9416
na	335	336	9365
na	336	337	9431
na	337	338	9396
na	338	339	9408
na	339	340	9595
na	340	341	9255
na	341	342	9170
na	342	343	8510
na	343	344	8457
na	344	345	8497
na	345	346	8562
na	346	347	8870
na	347	348	8874
na	348	349	8888
na	349	350	8892
na	350	351	8888
na	351	352	8949
na	352	353	8928
na	353	354	9053
na	354	355	9010
na	355	356	8797
na	356	357	8827
na	357	358	8853
na	358	359	8824
na	359	360	9039
na	360	361	9010
na	361	362	9247
na	362	363	9105
na	363	364	9207
na	364	365	9508
na	365	366	9850
na	366	367	9937
na	367	368	9965
na	368	369	9890
na	369	370	10265
na	370	371	10107
na	371	372	10133
na	372	373	10159
na	373	374	9913
na	374	375	9874
na	375	376	9607
na	376	377	9580
na	377	378	9777
na	378	379	9449
na	379	380	9590
na	380	381	9596
na	381	382	9643
na	382	383	9774
na	383	384	9752
na	384	385	9831
na	385	386	9929
na	386	387	9754
na	387	388	9751
na	388	389	9637
na	389	390	9684
na	390	391	9713
na	391	392	9741
na	392	393	9735
na	393	394	9816
na	394	395	9784
na	395	396	9952
na	396	397	9932
na	397	398	9987
na	398	399	9942
na	399	400	9948
na	400	401	9932
na	401	402	9958
na	402	403	9849
na	403	404	9858
na	404	405	9573
na	405	406	9605
na	406	407	9591
na	407	408	9527
na	408	409	9557
na	409	410	9475
na	410	411	9527
na	411	412	9593
na	412	413	9512
na	413	414	9520
na	414	415	9522
na	415	416	9538
na	416	417	9587
na	417	418	9612
na	418	419	9625
na	419	420	9570
na	420	421	9409
na	421	422	9539
na	422	423	9522
na	423	424	9630
na	424	425	9609
na	425	426	9569
na	426	427	9552
na	427	428	9549
na	428	429	9555
na	429	430	9623
na	430	431	9424
na	431	432	9448
na	432	433	9339
na	433	434	9242
na	434	435	9441
na	435	436	9397
na	436	437	9546
na	437	438	9535
na	438	439	9349
na	439	440	9393
na	440	441	9202
na	441	442	9316
na	442	443	9318
na	443	444	8958
na	444	445	8973
na	445	446	8740
na	446	447	8703
na	447	448	8685
na	448	449	8549
na	449	450	8570
na	450	451	8273
na	451	452	8371
na	452	453	8312
na	453	454	8435
na	454	455	8414
na	455	456	8422
na	456	457	8447
na	457	458	8297
na	458	459	8087
na	459	460	7910
na	460	461	7756
na	461	462	7620
na	462	463	7662
na	463	464	7448
na	464	465	7921
na	465	466	7852
na	466	467	7911
na	467	468	7879
na	468	469	7830
na	469	471	8009
na	471	472	7918
na	472	473	7910
na	473	474	6720
na	474	475	6716
na	475	476	6673
na	476	477	6639
na	477	478	6643
na	478	479	6797
na	479	480	6781
na	480	481	6725
na	481	482	7036
na	482	483	7028
na	483	484	7008
na	484	485	6976
na	485	486	6911
na	486	487	6927
na	487	488	6325
na	488	489	6402
na	489	490	6371
na	490	491	6060
na	491	492	6228
na	492	493	6173
na	493	494	6185
na	494	495	6197
na	495	496	6174
na	496	497	6366
na	497	498	6263
na	498	499	6368
na	499	500	6364
na	500	501	6311
na	501	502	6519
na	502	503	6566
na	503	504	6600
na	504	505	6639
na	505	506	6490
na	506	507	6518
na	507	508	6455
na	508	509	6649
na	509	510	6744
na	510	511	6758
na	511	512	6622
na	512	513	6663
na	513	514	6641
na	514	515	6707
na	515	516	6791
na	516	517	6905
na	517	518	6894
na	518	519	6959
na	519	520	6894
na	520	521	6901
na	521	522	7548
na	522	523	7623
na	523	524	7585
na	524	525	7616
na	525	526	7437
na	526	527	7583
na	527	528	7560
na	528	529	7549
na	529	530	7601
na	530	531	7232
na	531	532	7483
na	532	533	7460
na	533	534	7459
na	534	535	7479
na	535	536	7394
na	536	537	7468
na	537	538	7520
na	538	539	7605
na	539	540	7623
na	540	541	7484
na	541	542	7497
na	542	543	7509
na	543	544	7525
na	544	545	7599
na	545	546	7546
na	546	547	7625
na	547	548	7527
na	548	550	7627
na	550	551	7643
na	551	552	7659
na	552	553	7629
na	553	554	7574
na	554	555	7642
na	555	556	7631
na	556	557	7773
na	557	558	7705
na	558	559	7754
na	559	560	7810
na	560	561	7842
na	561	563	7845
na	563	564	7847
na	564	565	8007
na	565	566	7943
na	566	568	7980
na	568	569	7904
na	569	570	8026
na	570	571	8229
na	571	572	8234
na	572	573	8231
na	573	574	8069
na	574	575	8062
na	575	576	8074
na	576	577	8031
na	577	578	8045
na	578	579	8006
na	579	580	7950
na	580	581	7977
na	581	582	7962
na	582	583	7960
na	583	584	8009
na	584	585	7995
na	585	586	8099
na	586	587	8101
na	587	588	8063
na	588	589	8120
na	589	590	8149
na	590	591	8127
na	591	592	8123
na	592	593	8136
na	593	594	8098
na	594	595	8109
na	595	596	7956
na	596	597	7932
na	597	598	7922
na	598	599	7980
na	599	600	7984
na	600	601	8060
na	601	602	8009
na	602	603	7950
na	603	604	7977
na	604	605	8024
na	605	607	8041
na	607	608	7864
na	608	609	8021
na	609	610	8033
na	610	611	7925
na	611	612	7969
na	612	613	7891
na	613	614	7945
na	614	615	7951
na	615	616	7857
na	616	617	8166
na	617	618	7978
na	618	619	8030
na	619	620	8026
na	620	621	7962
na	621	622	7997
na	622	623	7843
na	623	624	7852
na	624	625	7841
na	625	626	7558
na	626	627	7623
na	627	628	7550
na	628	629	7566
na	629	630	7586
na	630	631	7441
na	631	632	7332
na	632	633	7703
na	633	634	7735
na	634	635	7780
na	635	636	7926
na	636	637	7808
na	637	638	7911
na	638	639	7812
na	639	640	7749
na	640	641	7985
na	641	642	7602
na	642	643	7584
na	643	644	7615
na	644	645	7475
na	645	646	7485
na	646	647	7411
na	647	648	7427
na	648	649	7706
na	649	650	7494
na	650	651	7483
na	651	652	7586
na	652	653	7486
na	653	654	7705
na	654	655	7745
na	655	656	7867
na	656	657	7806
na	657	658	7584
na	658	659	7602
na	659	660	7635
na	660	661	7595
na	661	662	7608
na	662	663	7520
na	663	664	7948
na	664	665	7912
na	665	666	8168
na	666	667	8159
na	667	668	8071
na	668	669	8050
na	669	670	7987
na	670	671	8084
na	671	672	7982
na	672	673	7812
na	673	674	7426
na	674	675	7296
na	675	676	7355
na	676	677	7403
na	677	678	7414
na	678	679	7444
na	679	680	7410
na	680	681	7392
na	681	682	7360
na	682	683	7365
na	683	684	7337
na	684	685	7356
na	685	686	7435
na	686	687	7424
na	687	688	7420
na	688	689	7418
na	689	690	7433
na	690	691	7429
na	691	692	7435
na	692	693	7426
na	693	694	7447
na	694	695	7311
na	695	696	7319
na	696	697	7527
na	697	698	7473
na	698	699	7482
na	699	700	7495
na	700	701	7494
na	701	702	7544
na	702	703	7526
na	703	704	7848
na	704	705	7789
na	705	706	7823
na	706	707	7660
na	707	708	7796
na	708	709	7793
na	709	710	7805
na	710	711	7658
na	711	712	7667
na	712	713	7280
na	713	714	7335
na	714	715	7206
na	715	716	7231
na	716	717	7157
na	717	718	7247
na	718	719	7349
na	719	720	7392
na	720	721	7394
na	721	722	7383
na	722	723	7420
na	723	724	7416
na	724	725	7419
na	725	726	7330
na	726	727	7401
na	727	728	7316
na	728	729	7283
na	729	730	7264
na	730	731	7261
na	731	732	7279
na	732	733	7309
na	733	734	7332
na	734	735	7291
na	735	736	7236
na	736	737	7239
na	737	738	7254
na	738	739	7483
na	739	740	7429
na	740	741	7543
na	741	742	7496
na	742	743	7475
na	743	744	7480
na	744	745	7432
na	745	746	7445
na	746	747	7349
na	747	748	7504
na	748	749	7292
na	749	750	7175
na	750	751	7155
na	751	752	7156
na	752	753	7173
na	753	754	7180
na	754	755	7147
na	755	756	7153
na	756	757	6704
na	757	758	6730
na	758	759	6732
na	759	760	7070
na	760	761	7114
na	761	762	6996
na	762	763	6957
na	763	764	6856
na	764	765	6992
na	765	766	7005
na	766	767	6956
na	767	768	6900
na	768	769	6361
na	769	770	6425
na	770	771	6601
na	771	772	6641
na	772	773	6628
na	773	774	6412
na	774	775	6701
na	775	776	6820
na	776	777	6938
na	777	778	6959
na	778	779	6865
na	779	780	6537
na	780	781	6522
na	781	782	6496
na	782	783	6573
na	783	784	6200
na	784	785	6352
na	785	786	6246
na	786	788	6278
na	788	789	6289
na	789	790	6473
na	790	791	6511
na	791	792	6470
na	792	793	6463
na	793	794	6270
na	794	795	6497
na	795	796	6484
na	796	797	6521
na	797	798	6500
na	798	799	6447
na	799	800	6439
na	800	801	6457
na	801	802	6488
na	802	803	6493
na	803	804	6364
na	804	805	6344
na	805	806	6325
na	806	807	6385
na	807	808	6390
na	808	809	6494
na	809	810	6537
na	810	811	6520
na	811	812	6549
na	812	813	6565
na	813	814	6590
na	814	815	6555
na	815	816	6468
na	816	817	6513
na	817	818	6442
na	818	819	6678
na	819	820	6689
na	820	821	6758
na	821	822	6890
na	822	823	6887
na	823	824	6930
na	824	825	6936
na	825	826	6927
na	826	827	6997
na	827	828	6826
na	828	829	6823
na	829	830	6826
na	830	831	6745
na	831	832	6979
na	832	833	7005
na	833	834	7108
na	834	835	7150
na	835	836	7161
na	836	837	7490
na	837	838	7505
na	838	839	7542
na	839	840	7527
na	840	841	7294
na	841	842	7341
na	842	843	7254
na	843	844	7179
na	844	845	7263
na	845	846	7088
na	846	847	7104
na	847	848	7069
na	848	849	7117
na	849	850	7103
na	850	851	7038
na	851	852	7095
na	852	853	7028
na	853	854	6926
na	854	855	6875
na	855	856	6882
na	856	857	6904
na	857	858	6840
na	858	859	6930
na	859	860	6993
na	860	861	6851
na	861	862	6879
na	862	863	6813
na	863	864	6792
na	864	865	6919
na	865	866	6816
na	866	867	6799
na	867	868	6701
na	868	869	6458
na	869	870	6475
na	870	871	6402
na	871	872	6392
na	872	873	6387
na	873	874	6190
na	874	875	6263
na	875	876	6393
na	876	877	6420
na	877	878	6415
na	878	879	6733
na	879	880	6905
na	880	881	7320
na	881	882	7330
na	882	883	7523
na	883	884	7216
na	884	885	7240
na	885	886	7007
na	886	887	7052
na	887	888	6494
na	888	889	6490
na	889	890	5703
na	890	891	5769
na	891	892	5489
na	892	893	5639
na	893	894	5572
na	894	895	5597
na	895	896	5562
na	896	897	5452
na	897	898	5445
na	898	899	5446
na	899	900	5479
na	900	901	5453
na	901	902	5470
na	902	903	5370
na	903	904	5377
na	904	905	5372
na	905	906	5374
na	906	907	5350
na	907	908	5335
na	908	909	5291
na	909	910	5223
na	910	911	5044
na	911	912	5137
na	912	913	5235
na	913	914	5238
na	914	915	5236
na	915	916	5255
na	916	917	5234
na	917	918	5227
na	918	919	5205
na	919	920	5212
na	920	921	5071
na	921	922	5007
na	922	924	5013
na	924	925	4988
na	925	926	4995
na	926	927	4957
na	927	928	5016
na	928	929	5047
na	929	930	5055
na	930	931	4980
na	931	932	4931
na	932	933	4928
na	933	934	4983
na	934	935	4926
na	935	936	4899
na	936	937	4827
na	937	938	4699
na	938	939	4708
na	939	940	4731
na	940	941	4717
na	941	942	4701
na	942	943	4483
na	943	944	4522
na	944	945	4591
na	945	946	4579
na	946	947	4577
na	947	948	4581
na	948	949	4532
na	949	950	4542
na	950	951	4551
na	951	952	4526
na	952	953	4665
na	953	954	4506
na	954	955	4759
na	955	956	4765
na	956	957	4768
na	957	958	4791
na	958	959	4795
na	959	960	4789
na	960	961	4800
na	961	962	4560
na	962	963	5723
na	963	964	5668
na	964	965	5782
na	965	966	6466
na	966	967	6567
na	967	968	7050
na	968	969	7062
na	969	970	7069
na	970	971	7140
na	971	972	6596
na	972	973	6637
na	973	974	6649
na	974	975	6224
na	975	976	6263
na	976	977	5985
na	977	978	6023
na	978	979	6039
na	979	980	6035
na	980	981	6084
na	981	982	6028
na	982	983	6126
na	983	984	6335
na	984	985	6361
na	985	986	6363
na	986	987	6362
na	987	988	6390
na	988	989	6406
na	989	990	6442
na	990	991	6432
na	991	992	6441
na	992	993	6406
na	993	994	6470
na	994	995	6492
na	995	996	6490
na	996	997	6500
na	997	998	6480
na	998	999	6474
na	999	1000	6491
na	1000	1001	6570
na	1001	1002	6571
na	1002	1003	6574
na	1003	1004	6602
na	1004	1005	6611
na	1005	1006	6647
na	1006	1007	6748
na	1007	1008	6765
na	1008	1009	6764
na	1009	1010	6696
na	1010	1011	6727
na	1011	1012	6777
na	1012	1013	6738
na	1013	1014	6708
na	1014	1015	6684
na	1015	1016	6584
na	1016	1017	6682
na	1017	1018	6680
na	1018	1019	6705
na	1019	1020	6662
na	1020	1021	6685
na	1021	1022	6712
na	1022	1023	6714
na	1023	1024	6725
na	1024	1025	6707
na	1025	1026	6537
na	1026	1027	6718
na	1027	1028	6712
na	1028	1029	6757
na	1029	1030	6680
na	1030	1031	6614
na	1031	1032	6528
na	1032	1033	6530
na	1033	1034	6733
na	1034	1035	6707
na	1035	1036	6571
na	1036	1037	6673
na	1037	1038	6610
na	1038	1039	6897
na	1039	1040	6829
na	1040	1041	6835
na	1041	1042	6784
na	1042	1043	6457
na	1043	1044	6440
na	1044	1045	6369
na	1045	1046	6261
na	1046	1047	6308
na	1047	1048	6032
na	1048	1049	6065
na	1049	1050	5990
na	1050	1051	5965
na	1051	1052	5954
na	1052	1053	5887
na	1053	1054	5989
na	1054	1055	5869
na	1055	1056	6015
na	1056	1057	5989
na	1057	1058	5886
na	1058	1059	5867
na	1059	1060	5826
na	1060	1061	5788
na	1061	1062	5825
na	1062	1063	5664
na	1063	1064	5663
na	1064	1065	5443
na	1065	1066	5480
na	1066	1067	5535
na	1067	1068	5566
na	1068	1069	5712
na	1069	1070	5719
na	1070	1071	5788
na	1071	1072	5749
na	1072	1073	5742
na	1073	1074	5875
na	1074	1075	5888
na	1075	1076	5980
na	1076	1077	5974
na	1077	1078	5849
na	1078	1079	6104
na	1079	1080	6128
na	1080	1081	6903
na	1081	1082	6886
na	1082	1083	6850
na	1083	1084	6853
na	1084	1085	6784
na	1085	1086	6799
na	1086	1087	6849
na	1087	1088	6874
na	1088	1089	6898
na	1089	1090	6413
na	1090	1091	6459
na	1091	1092	6583
na	1092	1093	6671
na	1093	1094	6722
na	1094	1096	6714
na	1096	1097	6639
na	1097	1098	6640
na	1098	1099	6837
na	1099	1100	6838
na	1100	1101	6825
na	1101	1102	6920
na	1102	1103	6904
na	1103	1104	6933
na	1104	1106	6957
na	1106	1107	6965
na	1107	1108	6828
na	1108	1109	6841
na	1109	1110	6811
na	1110	1111	6855
na	1111	1112	6882
na	1112	1113	6771
na	1113	1114	6718
na	1114	1115	6704
na	1115	1116	6853
na	1116	1117	6878
na	1117	1118	7164
na	1118	1119	7184
na	1119	1120	7159
na	1120	1121	7137
na	1121	1122	7129
na	1122	1123	7141
na	1123	1124	7143
na	1124	1125	7002
na	1125	1126	7007
na	1126	1127	6860
na	1127	1128	6852
na	1128	1129	7017
na	1129	1130	7019
na	1130	1131	7012
na	1131	1132	7048
na	1132	1133	7072
na	1133	1134	7117
na	1134	1135	7108
na	1135	1136	7141
na	1136	1137	7167
na	1137	1138	6991
na	1138	1139	7184
na	1139	1140	7225
na	1140	1141	7341
na	1141	1142	7368
na	1142	1143	7353
na	1143	1144	7345
na	1144	1145	7343
na	1145	1146	7370
na	1146	1147	7403
na	1147	1148	7261
na	1148	1149	7356
na	1149	1150	7338
na	1150	1151	7383
na	1151	1152	7420
na	1152	1153	7418
na	1153	1154	7488
na	1154	1155	7518
na	1155	1156	7562
na	1156	1157	7618
na	1157	1158	7545
na	1158	1159	7615
na	1159	1160	7775
na	1160	1161	7777
na	1161	1162	7794
na	1162	1163	7695
na	1163	1164	7826
na	1164	1165	7725
na	1165	1166	7748
na	1166	1167	7733
na	1167	1168	7679
na	1168	1169	7700
na	1169	1170	7771
na	1170	1171	7732
na	1171	1172	7813
na	1172	1173	7634
na	1173	1174	7960
na	1174	1175	7969
na	1175	1176	7960
na	1176	1177	7986
na	1177	1178	7806
na	1178	1179	7804
na	1179	1180	7823
na	1180	1181	7764
na	1181	1182	7721
na	1182	1183	7752
na	1183	1184	7489
na	1184	1185	7523
na	1185	1186	7476
na	1186	1187	7521
na	1187	1188	7663
na	1188	1189	7676
na	1189	1190	7683
na	1190	1191	7670
na	1191	1192	7590
na	1192	1193	7632
na	1193	1194	7593
na	1194	1195	7820
na	1195	1196	7804
na	1196	1197	7391
na	1197	1198	7523
na	1198	1199	7487
na	1199	1200	7576
na	1200	1201	7582
na	1201	1202	7635
na	1202	1203	7706
na	1203	1204	7514
na	1204	1205	7440
na	1205	1206	7548
na	1206	1207	7511
na	1207	1208	7523
na	1208	1209	7476
na	1209	1210	7500
na	1210	1211	7400
na	1211	1212	7420
na	1212	1213	7329
na	1213	1214	7335
na	1214	1215	7228
na	1215	1216	7733
na	1216	1217	7869
na	1217	1218	7908
na	1218	1219	7947
na	1219	1220	7935
na	1220	1221	8529
na	1221	1222	8621
na	1222	1223	8708
na	1223	1224	8698
na	1224	1225	8179
na	1225	1226	8239
na	1226	1227	8117
na	1227	1228	8230
na	1228	1229	8106
na	1229	1230	7596
na	1230	1231	7563
na	1231	1232	7437
na	1232	1233	7459
na	1233	1234	7581
na	1234	1235	7550
na	1235	1236	7554
na	1236	1237	7532
na	1237	1238	7541
na	1238	1239	7591
na	1239	1240	7586
na	1240	1241	7618
na	1241	1242	7619
na	1242	1243	7546
na	1243	1244	7585
na	1244	1245	7626
na	1245	1246	7935
na	1246	1247	7956
na	1247	1248	7936
na	1248	1250	7921
na	1250	1251	8019
na	1251	1252	8003
na	1252	1253	7964
na	1253	1254	7960
na	1254	1255	7692
na	1255	1256	7750
na	1256	1257	7705
na	1257	1258	7761
na	1258	1259	7738
na	1259	1260	8018
na	1260	1261	8165
na	1261	1262	8176
na	1262	1263	8167
na	1263	1264	8168
na	1264	1265	8153
na	1265	1266	8233
na	1266	1267	8170
na	1267	1268	8175
na	1268	1269	7562
na	1269	1270	7733
na	1270	1271	7766
na	1271	1272	7769
na	1272	1273	7777
na	1273	1274	7656
na	1274	1275	7539
na	1275	1276	7586
na	1276	1277	7675
na	1277	1278	7680
na	1278	1279	7531
na	1279	1280	7521
na	1280	1281	7539
na	1281	1282	7707
na	1282	1283	7928
na	1283	1284	7956
na	1284	1285	7866
na	1285	1286	7808
na	1286	1287	7731
na	1287	1288	7783
na	1288	1289	7798
na	1289	1290	7786
na	1290	1291	7610
na	1291	1292	7376
na	1292	1293	7644
na	1293	1294	7681
na	1294	1295	7819
na	1295	1296	7815
na	1296	1297	7772
na	1297	1298	8418
na	1298	1299	8551
na	1299	1301	8575
na	1301	1302	8287
na	1302	1303	8314
na	1303	1305	8123
na	1305	1306	8105
na	1306	1307	7752
na	1307	1308	7453
na	1308	1309	7564
na	1309	1310	7674
na	1310	1311	7759
na	1311	1312	7757
na	1312	1313	7747
na	1313	1314	7766
na	1314	1315	7768
na	1315	1316	7801
na	1316	1317	7831
na	1317	1318	7537
na	1318	1319	7582
na	1319	1320	7348
na	1320	1321	7367
na	1321	1322	7356
na	1322	1323	7302
na	1323	1324	7356
na	1324	1325	7297
na	1325	1326	7353
na	1326	1327	7340
na	1327	1328	7254
na	1328	1329	7232
na	1329	1330	7215
na	1330	1331	7223
na	1331	1332	7212
na	1332	1333	7173
na	1333	1334	7046
na	1334	1335	7052
na	1335	1336	7049
na	1336	1337	7037
na	1337	1338	7035
na	1338	1339	6963
na	1339	1340	6960
na	1340	1341	6957
na	1341	1342	6955
na	1342	1343	6970
na	1343	1344	6814
na	1344	1345	6995
na	1345	1346	6942
na	1346	1347	6936
na	1347	1348	6914
na	1348	1349	6888
na	1349	1350	6941
na	1350	1351	6933
na	1351	1352	6833
na	1352	1353	6795
na	1353	1354	6271
na	1354	1355	6264
na	1355	1356	6253
na	1356	1357	6237
na	1357	1358	6087
na	1358	1359	6029
na	1359	1360	6232
na	1360	1361	6061
na	1361	1362	6099
na	1362	1363	6090
na	1363	1364	6073
na	1364	1365	6085
na	1365	1366	5977
na	1366	1367	6059
na	1367	1368	5770
na	1368	1369	5772
na	1369	1370	5135
na	1370	1371	5089
na	1371	1372	4984
na	1372	1373	5017
na	1373	1374	4857
na	1374	1375	4870
na	1375	1376	4496
na	1376	1377	4503
na	1377	1378	4416
na	1378	1379	4459
na	1379	1380	4454
na	1380	1381	4442
na	1381	1382	4294
na	1382	1383	4287
na	1383	1384	4231
na	1384	1385	4274
na	1385	1386	4227
na	1386	1387	4210
na	1387	1388	4130
na	1388	1389	4129
na	1389	1390	4136
na	1390	1391	4137
na	1391	1392	4131
na	1392	1393	4102
na	1393	1395	3919
na	1395	1396	3881
na	1396	1397	3876
na	1397	1398	3776
na	1398	1399	3837
na	1399	1400	3796
na	1400	1401	3816
na	1401	1402	3800
na	1402	1403	3767
na	1403	1404	3790
na	1404	1405	3764
na	1405	1406	3760
na	1406	1407	3715
na	1407	1408	2940
na	1408	1409	2947
na	1409	1410	2896
na	1410	1411	2890
na	1411	1412	2883
na	1412	1413	2795
na	1413	1414	2785
na	1414	1415	2774
na	1415	1416	2725
na	1416	1417	2724
na	1417	1418	2572
na	1418	1419	2487
na	1419	1420	2477
na	1420	1421	2382
na	1421	1422	2378
na	1422	1423	2345
na	1423	1424	2336
na	1424	1425	2237
na	1425	1426	1998
na	1426	1427	1969
na	1427	1428	1956
na	1428	1429	1923
na	1429	1430	1921
na	1430	1431	1778
na	1431	1432	1763
na	1432	1433	1285
na	1433	1434	1280
na	1434	1435	1253
na	1435	1436	1251
na	1436	1437	1249
na	1437	1438	1207
na	1438	1439	1205
na	1439	1440	1202
na	1440	1441	1199
na	1441	1442	1190
na	1442	1448	882
na	1448	1449	877
na	1449	1450	851
na	1450	1451	844
na	1451	1452	763
na	1452	1453	741
na	1453	1454	616
na	1454	1455	604
na	1455	1456	593
na	1456	1457	246
pb2	0	1	191
pb2	1	2	248
pb2	2	3	249
pb2	3	4	250
pb2	4	5	278
pb2	5	7	285
pb2	7	8	286
pb2	8	10	287
pb2	10	11	363
pb2	11	13	372
pb2	13	15	393
pb2	15	16	502
pb2	16	17	510
pb2	17	18	514
pb2	18	19	574
pb2	19	20	580
pb2	20	21	749
pb2	21	22	762
pb2	22	23	786
pb2	23	24	936
pb2	24	25	995
pb2	25	26	1098
pb2	26	27	1108
pb2	27	28	1134
pb2	28	29	1140
pb2	29	30	1209
pb2	30	31	1217
pb2	31	32	1221
pb2	32	33	1230
pb2	33	34	1235
pb2	34	35	1555
pb2	35	36	1564
pb2	36	37	1581
pb2	37	38	1690
pb2	38	39	1696
pb2	39	40	1729
pb2	40	41	1731
pb2	41	42	1735
pb2	42	43	1805
pb2	43	44	1840
pb2	44	45	1851
pb2	45	47	1871
pb2	47	48	1921
pb2	48	49	1926
pb2	49	50	1942
pb2	50	51	1950
pb2	51	52	2083
pb2	52	53	2207
pb2	53	54	2217
pb2	54	55	2239
pb2	55	56	2258
pb2	56	57	2279
pb2	57	58	2334
pb2	58	59	2365
pb2	59	60	2389
pb2	60	61	2418
pb2	61	62	2417
pb2	62	63	2420
pb2	63	64	2422
pb2	64	65	2424
pb2	65	66	2578
pb2	66	67	2595
pb2	67	68	2609
pb2	68	69	2603
pb2	69	70	2609
pb2	70	71	2613
pb2	71	72	2617
pb2	72	73	2616
pb2	73	74	2641
pb2	74	75	2616
pb2	75	76	2736
pb2	76	77	2752
pb2	77	78	2761
pb2	78	79	2765
pb2	79	80	2773
pb2	80	81	2788
pb2	81	82	2888
pb2	82	83	2901
pb2	83	84	2921
pb2	84	85	2957
pb2	85	86	2907
pb2	86	87	3005
pb2	87	88	2978
pb2	88	89	3000
pb2	89	90	2986
pb2	90	91	2960
pb2	91	92	2957
pb2	92	93	2935
pb2	93	94	2908
pb2	94	95	2935
pb2	95	96	2921
pb2	96	97	2892
pb2	97	98	2939
pb2	98	99	2950
pb2	99	100	3064
pb2	100	101	3063
pb2	101	102	3052
pb2	102	103	3062
pb2	103	104	3044
pb2	104	105	3102
pb2	105	106	3086
pb2	106	107	3013
pb2	107	108	3031
pb2	108	109	2976
pb2	109	110	2971
pb2	110	111	3001
pb2	111	112	3136
pb2	112	113	3154
pb2	113	114	3131
pb2	114	115	3133
pb2	115	116	3181
pb2	116	117	3191
pb2	117	119	3355
pb2	119	120	3348
pb2	120	121	3272
pb2	121	122	3275
pb2	122	123	3335
pb2	123	124	3368
pb2	124	125	3303
pb2	125	126	3406
pb2	126	127	3303
pb2	127	128	3297
pb2	128	129	3300
pb2	129	130	3256
pb2	130	131	3385
pb2	131	132	3330
pb2	132	133	3190
pb2	133	134	3204
pb2	134	135	3103
pb2	135	136	3105
pb2	136	137	3108
pb2	137	138	3115
pb2	138	139	2858
pb2	139	140	2825
pb2	140	141	2806
pb2	141	142	2834
pb2	142	143	2828
pb2	143	144	2836
pb2	144	145	2974
pb2	145	146	2995
pb2	146	148	3022
pb2	148	149	2999
pb2	149	150	3000
pb2	150	151	2911
pb2	151	152	2951
pb2	152	153	2974
pb2	153	154	2903
pb2	154	155	2906
pb2	155	156	2895
pb2	156	157	2920
pb2	157	158	2922
pb2	158	159	2934
pb2	159	160	2954
pb2	160	161	3368
pb2	161	162	3412
pb2	162	163	3408
pb2	163	164	3522
pb2	164	165	3533
pb2	165	166	3513
pb2	166	167	3522
pb2	167	168	3555
pb2	168	169	3628
pb2	169	170	3623
pb2	170	171	3624
pb2	171	172	3594
pb2	172	173	3533
pb2	173	174	3560
pb2	174	175	3548
pb2	175	176	3542
pb2	176	177	3520
pb2	177	178	3477
pb2	178	179	3501
pb2	179	180	3519
pb2	180	181	3573
pb2	181	182	3628
pb2	182	183	3607
pb2	183	184	3615
pb2	184	185	3621
pb2	185	186	3721
pb2	186	187	3725
pb2	187	188	3711
pb2	188	189	3712
pb2	189	190	3716
pb2	190	191	3746
pb2	191	192	3775
pb2	192	193	3768
pb2	193	194	3763
pb2	194	195	3714
pb2	195	196	3709
pb2	196	197	3706
pb2	197	198	3698
pb2	198	199	3652
pb2	199	200	3720
pb2	200	201	3677
pb2	201	202	3701
pb2	202	203	3707
pb2	203	204	3681
pb2	204	205	3686
pb2	205	206	3688
pb2	206	207	3694
pb2	207	208	3683
pb2	208	209	3608
pb2	209	210	3611
pb2	210	211	3591
pb2	211	212	3627
pb2	212	213	3625
pb2	213	214	3599
pb2	214	215	3602
pb2	215	216	3519
pb2	216	217	3617
pb2	217	218	3562
pb2	218	219	3545
pb2	219	220	3536
pb2	220	221	3473
pb2	221	222	3440
pb2	222	223	3406
pb2	223	224	3394
pb2	224	225	3380
pb2	225	226	3308
pb2	226	227	3314
pb2	227	228	3310
pb2	228	229	3366
pb2	229	230	3348
pb2	230	231	3338
pb2	231	232	3343
pb2	232	233	3321
pb2	233	234	3308
pb2	234	235	3301
pb2	235	236	3332
pb2	236	237	3380
pb2	237	238	3324
pb2	238	239	3380
pb2	239	240	3436
pb2	240	241	3605
pb2	241	242	3691
pb2	242	243	3729
pb2	243	244	3806
pb2	244	245	3751
pb2	245	246	3747
pb2	246	247	3824
pb2	247	248	3880
pb2	248	249	3870
pb2	249	250	3745
pb2	250	251	3637
pb2	251	252	3591
pb2	252	253	3584
pb2	253	254	3618
pb2	254	255	3581
pb2	255	256	3617
pb2	256	257	3521
pb2	257	258	3536
pb2	258	259	3532
pb2	259	260	3533
pb2	260	261	3565
pb2	261	262	3521
pb2	262	263	3503
pb2	263	264	3476
pb2	264	265	3371
pb2	265	266	3477
pb2	266	267	3493
pb2	267	268	3485
pb2	268	269	3480
pb2	269	270	3410
pb2	270	271	3423
pb2	271	272	3444
pb2	272	273	3440
pb2	273	274	3422
pb2	274	275	3301
pb2	275	276	3294
pb2	276	277	3276
pb2	277	278	3279
pb2	278	279	3268
pb2	279	280	3317
pb2	280	281	3343
pb2	281	282	3335
pb2	282	283	3337
pb2	283	284	3329
pb2	284	285	3294
pb2	285	286	3343
pb2	286	288	3346
pb2	288	289	3251
pb2	289	290	3284
pb2	290	291	3286
pb2	291	292	3303
pb2	292	293	3283
pb2	293	294	3289
pb2	294	295	3221
pb2	295	296	3196
pb2	296	297	3230
pb2	297	298	3344
pb2	298	299	3324
pb2	299	300	3320
pb2	300	301	3287
pb2	301	302	3274
pb2	302	303	3269
pb2	303	304	3362
pb2	304	305	3351
pb2	305	306	3301
pb2	306	307	3193
pb2	307	308	3167
pb2	308	309	3216
pb2	309	310	3225
pb2	310	311	3212
pb2	311	312	3148
pb2	312	313	3117
pb2	313	314	3095
pb2	314	315	3099
pb2	315	316	3108
pb2	316	317	3103
pb2	317	318	3005
pb2	318	319	2979
pb2	319	320	2945
pb2	320	321	3026
pb2	321	322	3013
pb2	322	323	3027
pb2	323	324	3190
pb2	324	325	3167
pb2	325	326	3153
pb2	326	327	3149
pb2	327	328	3115
pb2	328	329	3129
pb2	329	330	3064
pb2	330	331	2943
pb2	331	332	2945
pb2	332	334	2691
pb2	334	335	2709
pb2	335	336	2684
pb2	336	337	2679
pb2	337	338	2594
pb2	338	339	2567
pb2	339	340	2560
pb2	340	341	2618
pb2	341	342	2642
pb2	342	343	2623
pb2	343	344	2598
pb2	344	345	2582
pb2	345	346	2569
pb2	346	347	2623
pb2	347	348	2607
pb2	348	349	2615
pb2	349	350	2587
pb2	350	351	2381
pb2	351	352	2431
pb2	352	353	2368
pb2	353	354	2426
pb2	354	355	2425
pb2	355	356	2322
pb2	356	357	2350
pb2	357	358	2326
pb2	358	359	2553
pb2	359	360	2559
pb2	360	361	2439
pb2	361	362	2429
pb2	362	363	2368
pb2	363	364	2395
pb2	364	365	2397
pb2	365	366	2475
pb2	366	367	2500
pb2	367	368	2058
pb2	368	369	2107
pb2	369	370	2110
pb2	370	371	2115
pb2	371	372	2120
pb2	372	373	2075
pb2	373	374	2064
pb2	374	375	1853
pb2	375	376	1823
pb2	376	377	1822
pb2	377	379	1784
pb2	379	380	1785
pb2	380	381	1781
pb2	381	382	1778
pb2	382	383	1780
pb2	383	384	1778
pb2	384	385	1779
pb2	385	386	1777
pb2	386	387	1767
pb2	387	388	1764
pb2	388	389	1763
pb2	389	390	1774
pb2	390	391	1809
pb2	391	392	1805
pb2	392	393	1800
pb2	393	395	1802
pb2	395	396	1798
pb2	396	397	1803
pb2	397	398	1857
pb2	398	399	1902
pb2	399	400	1892
pb2	400	401	1902
pb2	401	402	1925
pb2	402	403	1952
pb2	403	404	1948
pb2	404	405	1979
pb2	405	406	2009
pb2	406	407	1997
pb2	407	408	1998
pb2	408	409	1979
pb2	409	410	2005
pb2	410	411	2007
pb2	411	412	2045
pb2	412	413	2159
pb2	413	414	2224
pb2	414	415	2204
pb2	415	416	2198
pb2	416	417	2191
pb2	417	418	2209
pb2	418	419	2323
pb2	419	420	2318
pb2	420	421	2303
pb2	421	422	2284
pb2	422	423	2188
pb2	423	424	2301
pb2	424	425	2300
pb2	425	426	2304
pb2	426	427	2298
pb2	427	428	2192
pb2	428	429	2321
pb2	429	430	2306
pb2	430	431	2371
pb2	431	432	2379
pb2	432	433	2313
pb2	433	434	2319
pb2	434	435	2310
pb2	435	436	2294
pb2	436	437	2281
pb2	437	438	2254
pb2	438	439	2218
pb2	439	440	2211
pb2	440	441	2246
pb2	441	442	2281
pb2	442	443	2297
pb2	443	444	2323
pb2	444	445	2328
pb2	445	446	2549
pb2	446	447	2576
pb2	447	448	2618
pb2	448	449	2625
pb2	449	450	2614
pb2	450	451	2616
pb2	451	452	2649
pb2	452	453	2662
pb2	453	454	2671
pb2	454	456	2554
pb2	456	457	2549
pb2	457	458	2594
pb2	458	459	2605
pb2	459	460	2615
pb2	460	461	2609
pb2	461	462	2635
pb2	462	463	2653
pb2	463	464	2979
pb2	464	465	3001
pb2	465	466	2995
pb2	466	467	2986
pb2	467	468	2976
pb2	468	469	2999
pb2	469	470	3010
pb2	470	471	3022
pb2	471	472	3017
pb2	472	473	2891
pb2	473	474	2898
pb2	474	475	2912
pb2	475	476	2918
pb2	476	477	2919
pb2	477	478	2910
pb2	478	479	2966
pb2	479	480	2963
pb2	480	481	2997
pb2	481	482	3013
pb2	482	483	3004
pb2	483	484	3024
pb2	484	485	3031
pb2	485	486	3090
pb2	486	487	3094
pb2	487	488	3043
pb2	488	489	3041
pb2	489	490	2993
pb2	490	491	3082
pb2	491	492	3090
pb2	492	493	3129
pb2	493	494	3135
pb2	494	495	3128
pb2	495	496	3153
pb2	496	497	3183
pb2	497	498	3164
pb2	498	499	3184
pb2	499	500	3096
pb2	500	501	3109
pb2	501	502	3143
pb2	502	503	3158
pb2	503	504	3142
pb2	504	505	3159
pb2	505	506	3139
pb2	506	507	3405
pb2	507	508	3441
pb2	508	509	3463
pb2	509	510	3424
pb2	510	511	3397
pb2	511	512	3422
pb2	512	513	3429
pb2	513	514	3444
pb2	514	515	3513
pb2	515	516	3276
pb2	516	517	3218
pb2	517	519	3198
pb2	519	520	3230
pb2	520	521	3221
pb2	521	522	3199
pb2	522	523	3182
pb2	523	524	3129
pb2	524	525	3123
pb2	525	526	3148
pb2	526	527	3150
pb2	527	528	3165
pb2	528	529	3125
pb2	529	530	3142
pb2	530	531	3157
pb2	531	532	3165
pb2	532	533	3180
pb2	533	534	3173
pb2	534	535	3201
pb2	535	536	3197
pb2	536	537	3202
pb2	537	538	3214
pb2	538	539	3213
pb2	539	540	3217
pb2	540	541	3234
pb2	541	542	3204
pb2	542	543	3219
pb2	543	544	3210
pb2	544	545	3252
pb2	545	546	3275
pb2	546	547	3272
pb2	547	548	3336
pb2	548	549	3335
pb2	549	550	3360
pb2	550	551	3451
pb2	551	552	3468
pb2	552	553	3513
pb2	553	554	3442
pb2	554	555	3444
pb2	555	556	3439
pb2	556	557	3328
pb2	557	558	3336
pb2	558	559	3288
pb2	559	560	3194
pb2	560	561	3184
pb2	561	562	3139
pb2	562	564	3143
pb2	564	565	3164
pb2	565	566	3175
pb2	566	567	3188
pb2	567	568	3194
pb2	568	569	3191
pb2	569	570	3184
pb2	570	571	3273
pb2	571	572	3268
pb2	572	573	3260
pb2	573	574	3215
pb2	574	575	3183
pb2	575	576	3188
pb2	576	577	3155
pb2	577	578	3174
pb2	578	579	3147
pb2	579	580	3089
pb2	580	581	3080
pb2	581	582	3070
pb2	582	583	3065
pb2	583	584	3090
pb2	584	585	3075
pb2	585	586	3085
pb2	586	587	3077
pb2	587	588	3062
pb2	588	589	3090
pb2	589	590	3047
pb2	590	591	3032
pb2	591	592	3031
pb2	592	593	2963
pb2	593	594	3001
pb2	594	595	2990
pb2	595	596	3000
pb2	596	597	2967
pb2	597	598	2979
pb2	598	599	2992
pb2	599	600	2990
pb2	600	601	3031
pb2	601	602	3019
pb2	602	603	2962
pb2	603	604	3243
pb2	604	605	3227
pb2	605	606	3265
pb2	606	607	3243
pb2	607	608	3235
pb2	608	609	3251
pb2	609	610	3256
pb2	610	611	3233
pb2	611	612	3213
pb2	612	613	2967
pb2	613	614	2991
pb2	614	615	3008
pb2	615	616	3009
pb2	616	617	3049
pb2	617	618	3052
pb2	618	619	3077
pb2	619	620	3089
pb2	620	621	3044
pb2	621	622	3001
pb2	622	623	3051
pb2	623	624	3045
pb2	624	625	3172
pb2	625	626	3230
pb2	626	627	3256
pb2	627	628	3264
pb2	628	629	3249
pb2	629	630	3258
pb2	630	631	3251
pb2	631	632	3249
pb2	632	633	3301
pb2	633	634	3391
pb2	634	635	3375
pb2	635	636	3359
pb2	636	637	3416
pb2	637	638	3444
pb2	638	639	3461
pb2	639	640	3460
pb2	640	641	3461
pb2	641	642	3451
pb2	642	643	3325
pb2	643	644	3339
pb2	644	645	3496
pb2	645	646	3635
pb2	646	647	3630
pb2	647	648	3622
pb2	648	649	3635
pb2	649	650	3790
pb2	650	651	3794
pb2	651	652	3764
pb2	652	653	3773
pb2	653	654	3639
pb2	654	655	3674
pb2	655	657	3597
pb2	657	658	3583
pb2	658	659	3495
pb2	659	660	3564
pb2	660	661	3586
pb2	661	662	3587
pb2	662	663	3633
pb2	663	664	3610
pb2	664	665	3604
pb2	665	666	3599
pb2	666	667	3596
pb2	667	668	3674
pb2	668	669	3663
pb2	669	670	3653
pb2	670	671	3649
pb2	671	672	3642
pb2	672	673	3671
pb2	673	674	3728
pb2	674	675	3787
pb2	675	677	3792
pb2	677	678	3842
pb2	678	679	3869
pb2	679	680	3881
pb2	680	681	3947
pb2	681	682	3933
pb2	682	683	3913
pb2	683	684	3861
pb2	684	685	3873
pb2	685	686	3862
pb2	686	687	3902
pb2	687	688	3903
pb2	688	689	3889
pb2	689	690	3859
pb2	690	691	3902
pb2	691	692	3952
pb2	692	693	3948
pb2	693	694	3990
pb2	694	695	4012
pb2	695	696	4011
pb2	696	697	3998
pb2	697	698	3979
pb2	698	699	3982
pb2	699	700	3967
pb2	700	701	3936
pb2	701	702	3930
pb2	702	703	3869
pb2	703	704	3942
pb2	704	705	3993
pb2	705	706	4027
pb2	706	707	4096
pb2	707	708	4150
pb2	708	709	4173
pb2	709	710	4494
pb2	710	711	4532
pb2	711	712	4538
pb2	712	713	4526
pb2	713	714	4400
pb2	714	715	4403
pb2	715	716	4352
pb2	716	717	4349
pb2	717	718	4375
pb2	718	719	4198
pb2	719	720	4212
pb2	720	721	4221
pb2	721	722	4214
pb2	722	723	4371
pb2	723	724	4448
pb2	724	726	4480
pb2	726	727	4459
pb2	727	728	4452
pb2	728	729	4443
pb2	729	730	4457
pb2	730	731	4467
pb2	731	732	4375
pb2	732	733	4327
pb2	733	734	4303
pb2	734	735	4361
pb2	735	736	4384
pb2	736	737	4404
pb2	737	738	4381
pb2	738	739	4339
pb2	739	740	4333
pb2	740	741	4332
pb2	741	742	4344
pb2	742	743	4392
pb2	743	744	4354
pb2	744	745	4287
pb2	745	746	4320
pb2	746	747	4315
pb2	747	748	4456
pb2	748	749	4467
pb2	749	750	4446
pb2	750	751	4484
pb2	751	752	4382
pb2	752	753	4714
pb2	753	754	4727
pb2	754	755	4693
pb2	755	756	4826
pb2	756	757	4746
pb2	757	758	4768
pb2	758	759	4789
pb2	759	760	4668
pb2	760	761	4853
pb2	761	762	4574
pb2	762	763	4620
pb2	763	764	4568
pb2	764	765	4495
pb2	765	766	4511
pb2	766	767	4546
pb2	767	768	4520
pb2	768	769	4534
pb2	769	770	4416
pb2	770	771	4362
pb2	771	772	4375
pb2	772	773	4351
pb2	773	774	4337
pb2	774	775	4372
pb2	775	776	4254
pb2	776	777	4258
pb2	777	778	4235
pb2	778	779	4234
pb2	779	780	4224
pb2	780	781	4179
pb2	781	782	4178
pb2	782	783	4202
pb2	783	784	4168
pb2	784	785	4160
pb2	785	786	4128
pb2	786	787	4199
pb2	787	788	4348
pb2	788	789	4338
pb2	789	790	4357
pb2	790	791	4342
pb2	791	792	4259
pb2	792	793	4306
pb2	793	794	4256
pb2	794	795	4235
pb2	795	796	4135
pb2	796	797	4015
pb2	797	798	4024
pb2	798	799	4011
pb2	799	800	4192
pb2	800	801	4175
pb2	801	802	4125
pb2	802	803	4182
pb2	803	804	4221
pb2	804	805	4272
pb2	805	806	4265
pb2	806	807	4247
pb2	807	808	4222
pb2	808	809	4011
pb2	809	810	3995
pb2	810	811	4003
pb2	811	812	3994
pb2	812	813	3948
pb2	813	814	3972
pb2	814	815	4035
pb2	815	816	4034
pb2	816	817	4029
pb2	817	818	4134
pb2	818	819	4131
pb2	819	820	4167
pb2	820	821	4165
pb2	821	822	4206
pb2	822	823	4185
pb2	823	824	4188
pb2	824	825	4128
pb2	825	826	4156
pb2	826	827	4043
pb2	827	828	4090
pb2	828	829	4023
pb2	829	830	4031
pb2	830	831	4001
pb2	831	832	3894
pb2	832	833	3969
pb2	833	835	3979
pb2	835	836	3948
pb2	836	838	3925
pb2	838	839	3962
pb2	839	840	3963
pb2	840	841	4074
pb2	841	842	3970
pb2	842	843	4030
pb2	843	844	4015
pb2	844	845	4041
pb2	845	846	4040
pb2	846	847	4031
pb2	847	848	4021
pb2	848	849	3897
pb2	849	850	3886
pb2	850	851	3873
pb2	851	852	4040
pb2	852	853	3998
pb2	853	854	3983
pb2	854	855	3978
pb2	855	856	3968
pb2	856	857	3961
pb2	857	858	3963
pb2	858	859	3952
pb2	859	860	3871
pb2	860	861	3643
pb2	861	862	3673
pb2	862	863	3641
pb2	863	864	3625
pb2	864	865	3934
pb2	865	866	3924
pb2	866	867	3959
pb2	867	868	3958
pb2	868	869	3936
pb2	869	870	3935
pb2	870	871	3892
pb2	871	872	3893
pb2	872	873	3874
pb2	873	874	3730
pb2	874	875	3508
pb2	875	876	3551
pb2	876	877	3512
pb2	877	878	3515
pb2	878	879	3506
pb2	879	880	3482
pb2	880	881	3475
pb2	881	882	3479
pb2	882	883	3410
pb2	883	884	3485
pb2	884	885	3451
pb2	885	886	3447
pb2	886	887	3474
pb2	887	888	3461
pb2	888	889	3520
pb2	889	890	3506
pb2	890	891	3595
pb2	891	892	3580
pb2	892	893	3500
pb2	893	894	3478
pb2	894	895	3467
pb2	895	896	3468
pb2	896	898	3462
pb2	898	899	3601
pb2	899	900	3525
pb2	900	901	3521
pb2	901	902	3514
pb2	902	903	3505
pb2	903	904	3473
pb2	904	905	3533
pb2	905	906	3556
pb2	906	907	3518
pb2	907	908	3300
pb2	908	909	3319
pb2	909	910	3415
pb2	910	911	3409
pb2	911	912	3385
pb2	912	913	3388
pb2	913	914	3341
pb2	914	915	3347
pb2	915	916	3305
pb2	916	917	3331
pb2	917	918	3296
pb2	918	919	3292
pb2	919	920	3204
pb2	920	921	3198
pb2	921	922	3200
pb2	922	923	3185
pb2	923	924	3206
pb2	924	925	3208
pb2	925	926	3179
pb2	926	927	3184
pb2	927	928	3170
pb2	928	929	3250
pb2	929	930	3256
pb2	930	931	3255
pb2	931	932	3246
pb2	932	933	3209
pb2	933	934	3201
pb2	934	935	3205
pb2	935	936	3193
pb2	936	937	3213
pb2	937	938	3151
pb2	938	939	3187
pb2	939	940	3205
pb2	940	941	3225
pb2	941	942	3217
pb2	942	943	3214
pb2	943	944	3184
pb2	944	945	3155
pb2	945	946	3192
pb2	946	947	3210
pb2	947	948	3159
pb2	948	949	3153
pb2	949	950	3139
pb2	950	951	3153
pb2	951	952	3355
pb2	952	953	3345
pb2	953	954	3365
pb2	954	955	3239
pb2	955	956	3216
pb2	956	957	3308
pb2	957	959	3303
pb2	959	960	3283
pb2	960	961	3062
pb2	961	962	3069
pb2	962	963	3019
pb2	963	964	3041
pb2	964	965	3032
pb2	965	966	2901
pb2	966	967	2970
pb2	967	968	2975
pb2	968	969	2971
pb2	969	970	2972
pb2	970	971	2927
pb2	971	972	2939
pb2	972	973	2964
pb2	973	974	2974
pb2	974	975	2963
pb2	975	976	2897
pb2	976	977	2887
pb2	977	978	2900
pb2	978	979	2893
pb2	979	980	2972
pb2	980	981	2991
pb2	981	982	2901
pb2	982	983	2881
pb2	983	984	2862
pb2	984	985	2867
pb2	985	986	2877
pb2	986	987	2881
pb2	987	988	2863
pb2	988	989	2787
pb2	989	990	2751
pb2	990	991	2842
pb2	991	992	2838
pb2	992	993	2848
pb2	993	994	2839
pb2	994	995	2819
pb2	995	996	2814
pb2	996	997	2804
pb2	997	998	2855
pb2	998	999	2849
pb2	999	1000	2804
pb2	1000	1001	2800
pb2	1001	1002	2792
pb2	1002	1003	2782
pb2	1003	1004	2805
pb2	1004	1005	2790
pb2	1005	1006	2822
pb2	1006	1007	2787
pb2	1007	1008	2791
pb2	1008	1009	2792
pb2	1009	1010	2775
pb2	1010	1011	2793
pb2	1011	1012	2764
pb2	1012	1013	2850
pb2	1013	1014	2852
pb2	1014	1015	2834
pb2	1015	1016	2780
pb2	1016	1017	2772
pb2	1017	1018	2777
pb2	1018	1019	2786
pb2	1019	1020	2781
pb2	1020	1021	2760
pb2	1021	1022	2783
pb2	1022	1023	2697
pb2	1023	1024	2700
pb2	1024	1025	2748
pb2	1025	1026	2733
pb2	1026	1027	2757
pb2	1027	1028	2783
pb2	1028	1029	2790
pb2	1029	1030	2823
pb2	1030	1031	2811
pb2	1031	1032	2801
pb2	1032	1033	2832
pb2	1033	1034	2799
pb2	1034	1035	2803
pb2	1035	1036	2789
pb2	1036	1037	2775
pb2	1037	1038	2777
pb2	1038	1039	2851
pb2	1039	1040	2849
pb2	1040	1041	2846
pb2	1041	1042	2837
pb2	1042	1043	2850
pb2	1043	1044	2846
pb2	1044	1045	2840
pb2	1045	1046	2915
pb2	1046	1047	2934
pb2	1047	1048	2911
pb2	1048	1049	2874
pb2	1049	1050	2836
pb2	1050	1051	2857
pb2	1051	1052	2855
pb2	1052	1053	2843
pb2	1053	1054	2864
pb2	1054	1055	2783
pb2	1055	1056	2772
pb2	1056	1057	2781
pb2	1057	1058	2745
pb2	1058	1059	2809
pb2	1059	1060	2769
pb2	1060	1061	2768
pb2	1061	1062	2778
pb2	1062	1063	2774
pb2	1063	1064	2768
pb2	1064	1065	2743
pb2	1065	1066	2719
pb2	1066	1067	2712
pb2	1067	1068	2628
pb2	1068	1069	2608
pb2	1069	1070	2619
pb2	1070	1071	2772
pb2	1071	1072	2780
pb2	1072	1073	2786
pb2	1073	1074	2778
pb2	1074	1075	2777
pb2	1075	1076	2778
pb2	1076	1077	2779
pb2	1077	1078	2778
pb2	1078	1079	2791
pb2	1079	1080	2597
pb2	1080	1081	2600
pb2	1081	1082	2589
pb2	1082	1083	2673
pb2	1083	1084	2670
pb2	1084	1085	2729
pb2	1085	1086	2723
pb2	1086	1087	2700
pb2	1087	1088	2726
pb2	1088	1089	2703
pb2	1089	1090	2701
pb2	1090	1091	2809
pb2	1091	1092	2698
pb2	1092	1093	2899
pb2	1093	1094	2871
pb2	1094	1095	2912
pb2	1095	1096	3482
pb2	1096	1097	3467
pb2	1097	1098	3500
pb2	1098	1099	3528
pb2	1099	1100	3490
pb2	1100	1101	3696
pb2	1101	1102	4201
pb2	1102	1103	6528
pb2	1103	1104	6910
pb2	1104	1105	6864
pb2	1105	1106	7020
pb2	1106	1107	7033
pb2	1107	1108	7486
pb2	1108	1109	7525
pb2	1109	1110	7500
pb2	1110	1111	7727
pb2	1111	1112	7497
pb2	1112	1113	7943
pb2	1113	1114	7929
pb2	1114	1115	8541
pb2	1115	1116	8919
pb2	1116	1117	8911
pb2	1117	1118	9154
pb2	1118	1119	9155
pb2	1119	1120	9280
pb2	1120	1121	9308
pb2	1121	1122	9605
pb2	1122	1123	9907
pb2	1123	1124	9869
pb2	1124	1125	9968
pb2	1125	1126	10057
pb2	1126	1127	10301
pb2	1127	1128	10341
pb2	1128	1129	10323
pb2	1129	1130	10408
pb2	1130	1131	10387
pb2	1131	1132	10358
pb2	1132	1133	10479
pb2	1133	1134	10489
pb2	1134	1135	10554
pb2	1135	1136	10575
pb2	1136	1137	10570
pb2	1137	1138	10569
pb2	1138	1139	10677
pb2	1139	1140	10671
pb2	1140	1141	10808
pb2	1141	1142	10832
pb2	1142	1143	10865
pb2	1143	1144	11107
pb2	1144	1145	11151
pb2	1145	1146	11247
pb2	1146	1147	11281
pb2	1147	1148	11261
pb2	1148	1149	11396
pb2	1149	1150	11386
pb2	1150	1151	11427
pb2	1151	1152	11497
pb2	1152	1153	11460
pb2	1153	1154	11430
pb2	1154	1155	11389
pb2	1155	1156	11435
pb2	1156	1157	11449
pb2	1157	1158	11392
pb2	1158	1159	11426
pb2	1159	1160	11809
pb2	1160	1161	11804
pb2	1161	1162	11760
pb2	1162	1163	11800
pb2	1163	1164	11787
pb2	1164	1165	11807
pb2	1165	1166	11897
pb2	1166	1167	11868
pb2	1167	1168	11881
pb2	1168	1169	11536
pb2	1169	1170	11705
pb2	1170	1171	11717
pb2	1171	1172	11643
pb2	1172	1173	11635
pb2	1173	1174	11559
pb2	1174	1175	12219
pb2	1175	1176	12451
pb2	1176	1177	12477
pb2	1177	1178	12449
pb2	1178	1179	12403
pb2	1179	1180	12510
pb2	1180	1181	12669
pb2	1181	1182	12577
pb2	1182	1183	12633
pb2	1183	1184	11595
pb2	1184	1185	11578
pb2	1185	1186	11550
pb2	1186	1187	11851
pb2	1187	1188	11795
pb2	1188	1189	11715
pb2	1189	1190	11663
pb2	1190	1191	11574
pb2	1191	1192	11505
pb2	1192	1193	11794
pb2	1193	1194	11797
pb2	1194	1195	11888
pb2	1195	1196	11701
pb2	1196	1197	11711
pb2	1197	1198	11808
pb2	1198	1199	11745
pb2	1199	1200	11771
pb2	1200	1201	11796
pb2	1201	1202	11428
pb2	1202	1203	11861
pb2	1203	1204	11743
pb2	1204	1205	11774
pb2	1205	1206	11644
pb2	1206	1207	11564
pb2	1207	1208	11526
pb2	1208	1209	11411
pb2	1209	1210	11393
pb2	1210	1211	11396
pb2	1211	1212	11005
pb2	1212	1213	10996
pb2	1213	1214	10940
pb2	1214	1215	11174
pb2	1215	1216	11257
pb2	1216	1217	11565
pb2	1217	1218	11546
pb2	1218	1219	11643
pb2	1219	1220	11694
pb2	1220	1221	11805
pb2	1221	1222	12187
pb2	1222	1223	12235
pb2	1223	1224	11970
pb2	1224	1225	11972
pb2	1225	1226	11382
pb2	1226	1227	11457
pb2	1227	1228	11470
pb2	1228	1229	11474
pb2	1229	1230	11389
pb2	1230	1231	11407
pb2	1231	1232	11489
pb2	1232	1233	11601
pb2	1233	1234	11995
pb2	1234	1236	11978
pb2	1236	1237	11911
pb2	1237	1238	12122
pb2	1238	1239	12185
pb2	1239	1240	12077
pb2	1240	1241	12462
pb2	1241	1242	12344
pb2	1242	1243	12468
pb2	1243	1244	12200
pb2	1244	1245	12115
pb2	1245	1246	12139
pb2	1246	1247	11825
pb2	1247	1248	11934
pb2	1248	1249	11914
pb2	1249	1250	11430
pb2	1250	1251	11531
pb2	1251	1252	11269
pb2	1252	1253	11365
pb2	1253	1254	11063
pb2	1254	1255	11056
pb2	1255	1256	11269
pb2	1256	1257	12022
pb2	1257	1258	12168
pb2	1258	1259	12121
pb2	1259	1260	11970
pb2	1260	1261	11944
pb2	1261	1262	11763
pb2	1262	1263	11770
pb2	1263	1264	11725
pb2	1264	1265	11650
pb2	1265	1266	10717
pb2	1266	1267	11076
pb2	1267	1268	11087
pb2	1268	1269	11088
pb2	1269	1270	11152
pb2	1270	1271	11087
pb2	1271	1272	11132
pb2	1272	1273	11108
pb2	1273	1274	11133
pb2	1274	1275	11050
pb2	1275	1276	11166
pb2	1276	1277	11317
pb2	1277	1278	11364
pb2	1278	1279	11406
pb2	1279	1280	11367
pb2	1280	1281	11559
pb2	1281	1282	11580
pb2	1282	1284	11567
pb2	1284	1285	11333
pb2	1285	1286	11384
pb2	1286	1287	11522
pb2	1287	1288	11554
pb2	1288	1289	11601
pb2	1289	1290	11647
pb2	1290	1291	11545
pb2	1291	1292	11509
pb2	1292	1293	11489
pb2	1293	1294	11413
pb2	1294	1295	11509
pb2	1295	1296	11565
pb2	1296	1297	11607
pb2	1297	1298	11572
pb2	1298	1299	11516
pb2	1299	1300	11522
pb2	1300	1301	11534
pb2	1301	1302	11562
pb2	1302	1303	11590
pb2	1303	1304	11402
pb2	1304	1305	11406
pb2	1305	1306	11441
pb2	1306	1307	11448
pb2	1307	1308	11610
pb2	1308	1309	11524
pb2	1309	1310	11467
pb2	1310	1311	11589
pb2	1311	1312	11544
pb2	1312	1313	11900
pb2	1313	1314	11891
pb2	1314	1315	11941
pb2	1315	1316	12009
pb2	1316	1317	11703
pb2	1317	1318	11764
pb2	1318	1319	11771
pb2	1319	1320	11810
pb2	1320	1321	11868
pb2	1321	1322	11518
pb2	1322	1323	11523
pb2	1323	1324	11508
pb2	1324	1325	11295
pb2	1325	1326	11666
pb2	1326	1327	11697
pb2	1327	1328	11723
pb2	1328	1329	11915
pb2	1329	1330	11816
pb2	1330	1331	11829
pb2	1331	1332	11792
pb2	1332	1333	11733
pb2	1333	1334	11700
pb2	1334	1335	11097
pb2	1335	1336	11086
pb2	1336	1337	10803
pb2	1337	1338	11773
pb2	1338	1339	11701
pb2	1339	1340	11804
pb2	1340	1341	11844
pb2	1341	1342	11831
pb2	1342	1343	11829
pb2	1343	1344	11852
pb2	1344	1345	11831
pb2	1345	1346	11808
pb2	1346	1347	11523
pb2	1347	1348	10655
pb2	1348	1349	10962
pb2	1349	1350	10955
pb2	1350	1351	10990
pb2	1351	1352	11153
pb2	1352	1353	11147
pb2	1353	1354	11129
pb2	1354	1355	11117
pb2	1355	1356	10944
pb2	1356	1357	10990
pb2	1357	1358	10764
pb2	1358	1359	10803
pb2	1359	1360	10808
pb2	1360	1361	10712
pb2	1361	1362	10756
pb2	1362	1363	10858
pb2	1363	1364	10934
pb2	1364	1365	10951
pb2	1365	1366	10943
pb2	1366	1367	10925
pb2	1367	1368	11097
pb2	1368	1369	11234
pb2	1369	1370	11303
pb2	1370	1371	11176
pb2	1371	1372	11124
pb2	1372	1373	11093
pb2	1373	1374	11091
pb2	1374	1375	11104
pb2	1375	1376	11197
pb2	1376	1377	11219
pb2	1377	1378	11259
pb2	1378	1379	11219
pb2	1379	1380	11180
pb2	1380	1381	11204
pb2	1381	1382	11138
pb2	1382	1383	11370
pb2	1383	1384	11556
pb2	1384	1385	11560
pb2	1385	1386	11669
pb2	1386	1387	11671
pb2	1387	1388	11906
pb2	1388	1389	11922
pb2	1389	1390	12013
pb2	1390	1391	11908
pb2	1391	1392	11950
pb2	1392	1393	11510
pb2	1393	1394	11642
pb2	1394	1395	11618
pb2	1395	1396	11839
pb2	1396	1397	11772
pb2	1397	1398	11865
pb2	1398	1399	11800
pb2	1399	1400	11768
pb2	1400	1401	11783
pb2	1401	1402	11838
pb2	1402	1403	11858
pb2	1403	1404	11723
pb2	1404	1405	11618
pb2	1405	1406	11466
pb2	1406	1407	11599
pb2	1407	1408	11531
pb2	1408	1409	11592
pb2	1409	1410	11579
pb2	1410	1411	11556
pb2	1411	1412	12025
pb2	1412	1413	12110
pb2	1413	1414	12199
pb2	1414	1415	12198
pb2	1415	1416	11897
pb2	1416	1417	11934
pb2	1417	1418	11944
pb2	1418	1419	12199
pb2	1419	1420	12210
pb2	1420	1421	12045
pb2	1421	1422	11876
pb2	1422	1423	11926
pb2	1423	1424	12231
pb2	1424	1425	12249
pb2	1425	1426	12244
pb2	1426	1427	12126
pb2	1427	1428	12058
pb2	1428	1429	12180
pb2	1429	1430	12418
pb2	1430	1431	12450
pb2	1431	1432	12457
pb2	1432	1433	12320
pb2	1433	1434	12336
pb2	1434	1435	12362
pb2	1435	1436	13436
pb2	1436	1437	13434
pb2	1437	1438	13503
pb2	1438	1439	13429
pb2	1439	1440	13342
pb2	1440	1441	13352
pb2	1441	1442	13458
pb2	1442	1443	13583
pb2	1443	1444	13765
pb2	1444	1445	12781
pb2	1445	1446	12835
pb2	1446	1447	13003
pb2	1447	1448	13105
pb2	1448	1449	13161
pb2	1449	1450	13157
pb2	1450	1451	13065
pb2	1451	1452	13101
pb2	1452	1453	12900
pb2	1453	1454	13108
pb2	1454	1455	13243
pb2	1455	1456	13064
pb2	1456	1457	13439
pb2	1457	1458	13416
pb2	1458	1459	13403
pb2	1459	1460	13422
pb2	1460	1461	13414
pb2	1461	1462	13318
pb2	1462	1463	13263
pb2	1463	1464	13081
pb2	1464	1465	13179
pb2	1465	1466	12874
pb2	1466	1467	13117
pb2	1467	1468	13099
pb2	1468	1469	13256
pb2	1469	1470	13249
pb2	1470	1471	13170
pb2	1471	1472	13074
pb2	1472	1473	13188
pb2	1473	1474	13137
pb2	1474	1475	13108
pb2	1475	1476	12920
pb2	1476	1477	12921
pb2	1477	1478	13173
pb2	1478	1479	12929
pb2	1479	1480	12990
pb2	1480	1481	13025
pb2	1481	1482	12824
pb2	1482	1483	13219
pb2	1483	1484	13235
pb2	1484	1485	13271
pb2	1485	1486	13458
pb2	1486	1487	13164
pb2	1487	1488	13196
pb2	1488	1489	13013
pb2	1489	1490	12937
pb2	1490	1491	15338
pb2	1491	1492	15059
pb2	1492	1493	15418
pb2	1493	1494	15391
pb2	1494	1495	15182
pb2	1495	1496	15835
pb2	1496	1498	15787
pb2	1498	1499	15749
pb2	1499	1500	13739
pb2	1500	1501	13874
pb2	1501	1502	13648
pb2	1502	1503	13712
pb2	1503	1504	13683
pb2	1504	1505	13655
pb2	1505	1506	13728
pb2	1506	1507	13805
pb2	1507	1508	13932
pb2	1508	1509	13949
pb2	1509	1510	14705
pb2	1510	1511	14634
pb2	1511	1512	14851
pb2	1512	1513	14874
pb2	1513	1514	15222
pb2	1514	1515	15244
pb2	1515	1516	15191
pb2	1516	1517	15301
pb2	1517	1518	15412
pb2	1518	1519	14897
pb2	1519	1520	14882
pb2	1520	1521	14591
pb2	1521	1522	14589
pb2	1522	1523	14662
pb2	1523	1524	14682
pb2	1524	1525	14634
pb2	1525	1526	14644
pb2	1526	1527	15073
pb2	1527	1528	15314
pb2	1528	1529	15395
pb2	1529	1530	15475
pb2	1530	1531	15527
pb2	1531	1532	15543
pb2	1532	1533	15582
pb2	1533	1534	15587
pb2	1534	1535	15627
pb2	1535	1536	15200
pb2	1536	1537	15400
pb2	1537	1538	15376
pb2	1538	1539	15393
pb2	1539	1540	15495
pb2	1540	1541	15505
pb2	1541	1542	15553
pb2	1542	1543	15535
pb2	1543	1544	15453
pb2	1544	1545	15527
pb2	1545	1546	15394
pb2	1546	1547	15316
pb2	1547	1548	15058
pb2	1548	1550	15135
pb2	1550	1551	15068
pb2	1551	1552	15105
pb2	1552	1553	15197
pb2	1553	1554	15298
pb2	1554	1555	15066
pb2	1555	1556	15482
pb2	1556	1557	15478
pb2	1557	1558	16320
pb2	1558	1559	16343
pb2	1559	1560	16246
pb2	1560	1561	16282
pb2	1561	1562	16174
pb2	1562	1563	16329
pb2	1563	1564	16355
pb2	1564	1565	15816
pb2	1565	1566	15844
pb2	1566	1567	15089
pb2	1567	1568	15291
pb2	1568	1569	15181
pb2	1569	1570	15302
pb2	1570	1571	15310
pb2	1571	1572	15216
pb2	1572	1573	15289
pb2	1573	1574	15277
pb2	1574	1575	15218
pb2	1575	1576	15248
pb2	1576	1577	15034
pb2	1577	1578	15189
pb2	1578	1579	15166
pb2	1579	1580	15050
pb2	1580	1581	15076
pb2	1581	1582	14994
pb2	1582	1583	15070
pb2	1583	1584	15087
pb2	1584	1585	15074
pb2	1585	1586	15051
pb2	1586	1587	14881
pb2	1587	1588	14982
pb2	1588	1589	15140
pb2	1589	1590	15126
pb2	1590	1591	15219
pb2	1591	1592	15079
pb2	1592	1593	15088
pb2	1593	1594	15117
pb2	1594	1595	15764
pb2	1595	1596	15724
pb2	1596	1597	15629
pb2	1597	1598	15672
pb2	1598	1599	15400
pb2	1599	1600	15506
pb2	1600	1601	15472
pb2	1601	1602	15565
pb2	1602	1603	15404
pb2	1603	1604	14752
pb2	1604	1605	14668
pb2	1605	1606	14650
pb2	1606	1607	14544
pb2	1607	1608	14732
pb2	1608	1609	14531
pb2	1609	1610	14562
pb2	1610	1611	14426
pb2	1611	1612	14411
pb2	1612	1613	14442
pb2	1613	1614	14787
pb2	1614	1615	14719
pb2	1615	1616	14853
pb2	1616	1617	14688
pb2	1617	1618	14676
pb2	1618	1619	14700
pb2	1619	1620	14735
pb2	1620	1621	14709
pb2	1621	1622	14676
pb2	1622	1623	14412
pb2	1623	1624	14284
pb2	1624	1625	14216
pb2	1625	1626	14224
pb2	1626	1627	14435
pb2	1627	1628	14377
pb2	1628	1629	14325
pb2	1629	1630	14351
pb2	1630	1631	14377
pb2	1631	1632	14327
pb2	1632	1633	14304
pb2	1633	1634	14108
pb2	1634	1635	14122
pb2	1635	1636	13796
pb2	1636	1637	13666
pb2	1637	1638	13703
pb2	1638	1639	13661
pb2	1639	1640	13369
pb2	1640	1641	13353
pb2	1641	1642	12804
pb2	1642	1643	12772
pb2	1643	1644	12756
pb2	1644	1645	12702
pb2	1645	1646	12673
pb2	1646	1647	12480
pb2	1647	1648	12487
pb2	1648	1649	12776
pb2	1649	1650	12562
pb2	1650	1651	12573
pb2	1651	1652	12564
pb2	1652	1653	12427
pb2	1653	1654	13622
pb2	1654	1655	14608
pb2	1655	1656	14671
pb2	1656	1657	14542
pb2	1657	1658	14224
pb2	1658	1659	14042
pb2	1659	1660	14597
pb2	1660	1661	14532
pb2	1661	1662	14631
pb2	1662	1663	13723
pb2	1663	1664	11599
pb2	1664	1665	12091
pb2	1665	1666	12274
pb2	1666	1667	12265
pb2	1667	1668	12359
pb2	1668	1669	11926
pb2	1669	1670	12916
pb2	1670	1671	12943
pb2	1671	1672	13243
pb2	1672	1673	13378
pb2	1673	1674	12775
pb2	1674	1675	12881
pb2	1675	1676	12918
pb2	1676	1677	12987
pb2	1677	1678	12944
pb2	1678	1679	12112
pb2	1679	1680	12307
pb2	1680	1681	12145
pb2	1681	1682	12202
pb2	1682	1683	12283
pb2	1683	1684	12241
pb2	1684	1685	12240
pb2	1685	1686	12168
pb2	1686	1687	12469
pb2	1687	1688	12471
pb2	1688	1689	12424
pb2	1689	1690	12284
pb2	1690	1691	12322
pb2	1691	1692	12307
pb2	1692	1693	12308
pb2	1693	1694	12302
pb2	1694	1695	12386
pb2	1695	1696	12108
pb2	1696	1697	12113
pb2	1697	1698	12114
pb2	1698	1699	12119
pb2	1699	1700	12090
pb2	1700	1701	12076
pb2	1701	1702	12036
pb2	1702	1703	12020
pb2	1703	1704	11888
pb2	1704	1705	11950
pb2	1705	1706	11906
pb2	1706	1707	11838
pb2	1707	1708	11802
pb2	1708	1709	11736
pb2	1709	1710	11720
pb2	1710	1711	11721
pb2	1711	1712	11580
pb2	1712	1713	11534
pb2	1713	1714	11485
pb2	1714	1715	11347
pb2	1715	1716	11340
pb2	1716	1717	11357
pb2	1717	1718	11508
pb2	1718	1719	11527
pb2	1719	1720	11435
pb2	1720	1721	11491
pb2	1721	1722	11512
pb2	1722	1723	11617
pb2	1723	1724	11610
pb2	1724	1725	11683
pb2	1725	1726	11706
pb2	1726	1727	11536
pb2	1727	1728	11508
pb2	1728	1729	11504
pb2	1729	1730	11803
pb2	1730	1731	11791
pb2	1731	1732	11705
pb2	1732	1733	11752
pb2	1733	1734	11503
pb2	1734	1735	11984
pb2	1735	1736	11592
pb2	1736	1737	11823
pb2	1737	1738	11789
pb2	1738	1739	10428
pb2	1739	1740	11483
pb2	1740	1741	11386
pb2	1741	1742	11280
pb2	1742	1743	11390
pb2	1743	1744	10184
pb2	1744	1745	10578
pb2	1745	1746	10119
pb2	1746	1747	10112
pb2	1747	1748	10030
pb2	1748	1749	9237
pb2	1749	1750	9175
pb2	1750	1751	9107
pb2	1751	1752	8990
pb2	1752	1753	9096
pb2	1753	1754	8818
pb2	1754	1755	8971
pb2	1755	1756	8874
pb2	1756	1757	8869
pb2	1757	1758	8788
pb2	1758	1759	8794
pb2	1759	1760	8881
pb2	1760	1761	8888
pb2	1761	1762	8905
pb2	1762	1763	8854
pb2	1763	1764	9099
pb2	1764	1765	9187
pb2	1765	1766	9224
pb2	1766	1767	9252
pb2	1767	1768	9227
pb2	1768	1769	9199
pb2	1769	1770	9235
pb2	1770	1771	9259
pb2	1771	1772	9442
pb2	1772	1773	9348
pb2	1773	1774	9327
pb2	1774	1775	9310
pb2	1775	1776	9374
pb2	1776	1777	9445
pb2	1777	1778	9414
pb2	1778	1779	9910
pb2	1779	1780	9895
pb2	1780	1781	9847
pb2	1781	1782	9849
pb2	1782	1783	9866
pb2	1783	1784	9870
pb2	1784	1785	9872
pb2	1785	1786	9838
pb2	1786	1787	9786
pb2	1787	1788	9529
pb2	1788	1789	9580
pb2	1789	1790	9606
pb2	1790	1791	9576
pb2	1791	1792	9548
pb2	1792	1793	9618
pb2	1793	1794	9674
pb2	1794	1795	10457
pb2	1795	1796	10689
pb2	1796	1797	10615
pb2	1797	1798	10690
pb2	1798	1799	10638
pb2	1799	1800	11256
pb2	1800	1801	11310
pb2	1801	1802	11263
pb2	1802	1803	11383
pb2	1803	1804	10243
pb2	1804	1805	10209
pb2	1805	1806	10045
pb2	1806	1807	10236
pb2	1807	1808	10274
pb2	1808	1809	10185
pb2	1809	1810	10008
pb2	1810	1811	10189
pb2	1811	1812	10404
pb2	1812	1813	10444
pb2	1813	1814	10462
pb2	1814	1815	10496
pb2	1815	1816	10467
pb2	1816	1817	10531
pb2	1817	1818	10495
pb2	1818	1819	10493
pb2	1819	1820	10591
pb2	1820	1821	10405
pb2	1821	1822	10745
pb2	1822	1823	10721
pb2	1823	1824	11047
pb2	1824	1825	11062
pb2	1825	1826	10991
pb2	1826	1827	11004
pb2	1827	1828	11033
pb2	1828	1829	10882
pb2	1829	1830	10894
pb2	1830	1831	10828
pb2	1831	1832	10635
pb2	1832	1833	10482
pb2	1833	1834	10475
pb2	1834	1835	10586
pb2	1835	1836	10597
pb2	1836	1837	10561
pb2	1837	1838	10618
pb2	1838	1839	10636
pb2	1839	1840	10652
pb2	1840	1841	10782
pb2	1841	1842	10765
pb2	1842	1843	10918
pb2	1843	1844	10850
pb2	1844	1845	11035
pb2	1845	1846	11032
pb2	1846	1847	10927
pb2	1847	1848	10941
pb2	1848	1849	10906
pb2	1849	1850	10934
pb2	1850	1851	10907
pb2	1851	1852	10728
pb2	1852	1853	10910
pb2	1853	1854	11375
pb2	1854	1856	11387
pb2	1856	1857	11385
pb2	1857	1858	11375
pb2	1858	1860	11393
pb2	1860	1861	11211
pb2	1861	1862	11362
pb2	1862	1863	10561
pb2	1863	1864	11339
pb2	1864	1865	11347
pb2	1865	1866	11413
pb2	1866	1867	11441
pb2	1867	1868	11253
pb2	1868	1869	11332
pb2	1869	1870	11341
pb2	1870	1871	11811
pb2	1871	1872	11718
pb2	1872	1873	10794
pb2	1873	1874	10788
pb2	1874	1875	10749
pb2	1875	1876	10743
pb2	1876	1877	10723
pb2	1877	1878	10598
pb2	1878	1879	10623
pb2	1879	1880	10013
pb2	1880	1881	10065
pb2	1881	1882	10045
pb2	1882	1883	10027
pb2	1883	1884	10347
pb2	1884	1885	10294
pb2	1885	1886	10344
pb2	1886	1887	10329
pb2	1887	1888	10319
pb2	1888	1889	10344
pb2	1889	1890	10320
pb2	1890	1891	10255
pb2	1891	1892	10316
pb2	1892	1893	10212
pb2	1893	1894	10233
pb2	1894	1895	10171
pb2	1895	1896	10136
pb2	1896	1897	10223
pb2	1897	1899	10220
pb2	1899	1900	10282
pb2	1900	1901	10283
pb2	1901	1902	10252
pb2	1902	1903	10278
pb2	1903	1904	10263
pb2	1904	1905	10266
pb2	1905	1906	10451
pb2	1906	1907	10486
pb2	1907	1908	10608
pb2	1908	1909	10639
pb2	1909	1910	10591
pb2	1910	1911	10786
pb2	1911	1912	10754
pb2	1912	1913	10914
pb2	1913	1914	10917
pb2	1914	1915	10577
pb2	1915	1916	10618
pb2	1916	1917	10533
pb2	1917	1918	10750
pb2	1918	1919	10745
pb2	1919	1920	10641
pb2	1920	1921	10709
pb2	1921	1922	10536
pb2	1922	1923	10667
pb2	1923	1924	10637
pb2	1924	1925	10816
pb2	1925	1926	10832
pb2	1926	1927	10613
pb2	1927	1928	10703
pb2	1928	1929	10640
pb2	1929	1930	10540
pb2	1930	1931	10622
pb2	1931	1932	10522
pb2	1932	1933	10526
pb2	1933	1934	10342
pb2	1934	1935	10410
pb2	1935	1936	10396
pb2	1936	1937	10649
pb2	1937	1938	10542
pb2	1938	1939	10600
pb2	1939	1940	10497
pb2	1940	1941	10531
pb2	1941	1942	10550
pb2	1942	1943	10609
pb2	1943	1944	10535
pb2	1944	1945	10475
pb2	1945	1946	10024
pb2	1946	1947	10045
pb2	1947	1948	9922
pb2	1948	1949	9951
pb2	1949	1950	9861
pb2	1950	1951	9810
pb2	1951	1952	10104
pb2	1952	1953	10115
pb2	1953	1954	10101
pb2	1954	1955	10118
pb2	1955	1956	10117
pb2	1956	1957	10516
pb2	1957	1958	10559
pb2	1958	1959	10523
pb2	1959	1960	10446
pb2	1960	1961	10173
pb2	1961	1962	10189
pb2	1962	1963	10160
pb2	1963	1964	10398
pb2	1964	1965	10331
pb2	1965	1966	9953
pb2	1966	1967	9935
pb2	1967	1968	9967
pb2	1968	1969	9993
pb2	1969	1970	9578
pb2	1970	1971	9978
pb2	1971	1972	10033
pb2	1972	1973	9718
pb2	1973	1974	9689
pb2	1974	1975	9494
pb2	1975	1976	9522
pb2	1976	1977	9497
pb2	1977	1978	9491
pb2	1978	1979	9484
pb2	1979	1980	9379
pb2	1980	1981	9236
pb2	1981	1982	9709
pb2	1982	1983	9752
pb2	1983	1984	9810
pb2	1984	1985	9959
pb2	1985	1986	9856
pb2	1986	1987	9902
pb2	1987	1988	9884
pb2	1988	1989	9757
pb2	1989	1990	9893
pb2	1990	1991	9384
pb2	1991	1992	9766
pb2	1992	1993	9773
pb2	1993	1994	9658
pb2	1994	1995	9903
pb2	1995	1996	9911
pb2	1996	1997	10197
pb2	1997	1998	10194
pb2	1998	1999	10180
pb2	1999	2000	10333
pb2	2000	2001	10356
pb2	2001	2002	10287
pb2	2002	2003	10250
pb2	2003	2004	10164
pb2	2004	2005	9968
pb2	2005	2006	9800
pb2	2006	2007	9872
pb2	2007	2008	10015
pb2	2008	2009	10073
pb2	2009	2010	9963
pb2	2010	2011	10081
pb2	2011	2012	10267
pb2	2012	2013	10253
pb2	2013	2014	10272
pb2	2014	2015	10179
pb2	2015	2016	10245
pb2	2016	2017	10080
pb2	2017	2018	10184
pb2	2018	2019	10213
pb2	2019	2020	10100
pb2	2020	2021	10116
pb2	2021	2022	10164
pb2	2022	2023	10134
pb2	2023	2024	10177
pb2	2024	2025	10113
pb2	2025	2026	10374
pb2	2026	2027	10242
pb2	2027	2028	10251
pb2	2028	2029	10324
pb2	2029	2030	10291
pb2	2030	2031	10327
pb2	2031	2032	10324
pb2	2032	2033	10411
pb2	2033	2034	10468
pb2	2034	2035	10215
pb2	2035	2036	10204
pb2	2036	2037	10155
pb2	2037	2038	10215
pb2	2038	2039	10323
pb2	2039	2040	10298
pb2	2040	2041	10310
pb2	2041	2042	10245
pb2	2042	2043	10184
pb2	2043	2044	10204
pb2	2044	2045	10235
pb2	2045	2046	10309
pb2	2046	2047	10278
pb2	2047	2048	10464
pb2	2048	2049	10474
pb2	2049	2050	10489
pb2	2050	2051	10459
pb2	2051	2052	10454
pb2	2052	2053	10443
pb2	2053	2054	10539
pb2	2054	2055	10383
pb2	2055	2056	10328
pb2	2056	2057	10140
pb2	2057	2058	10129
pb2	2058	2059	10162
pb2	2059	2060	10253
pb2	2060	2061	10272
pb2	2061	2062	10107
pb2	2062	2063	10048
pb2	2063	2064	10021
pb2	2064	2065	10300
pb2	2065	2066	10371
pb2	2066	2067	10404
pb2	2067	2068	10392
pb2	2068	2069	10088
pb2	2069	2070	10089
pb2	2070	2071	10171
pb2	2071	2072	10241
pb2	2072	2073	10250
pb2	2073	2074	10029
pb2	2074	2075	10169
pb2	2075	2076	10128
pb2	2076	2077	10329
pb2	2077	2078	10418
pb2	2078	2079	10359
pb2	2079	2080	10588
pb2	2080	2082	10635
pb2	2082	2083	10692
pb2	2083	2084	10447
pb2	2084	2085	10501
pb2	2085	2086	10455
pb2	2086	2087	10153
pb2	2087	2088	10192
pb2	2088	2089	9922
pb2	2089	2090	10050
pb2	2090	2091	10038
pb2	2091	2092	10117
pb2	2092	2093	10071
pb2	2093	2094	10018
pb2	2094	2095	10415
pb2	2095	2096	10330
pb2	2096	2097	10382
pb2	2097	2098	10398
pb2	2098	2099	10273
pb2	2099	2100	10272
pb2	2100	2101	10163
pb2	2101	2102	10159
pb2	2102	2103	10073
pb2	2103	2104	9720
pb2	2104	2105	9755
pb2	2105	2106	9725
pb2	2106	2107	9816
pb2	2107	2108	9845
pb2	2108	2109	9912
pb2	2109	2110	9851
pb2	2110	2111	9825
pb2	2111	2112	9851
pb2	2112	2113	9842
pb2	2113	2114	9798
pb2	2114	2115	9757
pb2	2115	2116	9726
pb2	2116	2117	9607
pb2	2117	2118	9567
pb2	2118	2119	9532
pb2	2119	2120	9524
pb2	2120	2121	9424
pb2	2121	2122	9344
pb2	2122	2123	9364
pb2	2123	2124	9354
pb2	2124	2125	9518
pb2	2125	2126	9508
pb2	2126	2127	9504
pb2	2127	2128	9588
pb2	2128	2129	9555
pb2	2129	2130	9640
pb2	2130	2131	9603
pb2	2131	2132	9552
pb2	2132	2133	9542
pb2	2133	2134	9618
pb2	2134	2135	9735
pb2	2135	2136	9702
pb2	2136	2137	9583
pb2	2137	2138	9560
pb2	2138	2139	9388
pb2	2139	2140	9440
pb2	2140	2141	10231
pb2	2141	2142	10104
pb2	2142	2143	9871
pb2	2143	2144	9793
pb2	2144	2145	9624
pb2	2145	2146	9902
pb2	2146	2147	9844
pb2	2147	2148	9793
pb2	2148	2149	9775
pb2	2149	2150	8747
pb2	2150	2151	8965
pb2	2151	2152	8910
pb2	2152	2153	9036
pb2	2153	2154	9054
pb2	2154	2155	8827
pb2	2155	2156	9138
pb2	2156	2157	9139
pb2	2157	2158	9126
pb2	2158	2159	9111
pb2	2159	2160	8816
pb2	2160	2161	8956
pb2	2161	2162	8752
pb2	2162	2163	8800
pb2	2163	2164	8808
pb2	2164	2165	8551
pb2	2165	2166	8642
pb2	2166	2167	8632
pb2	2167	2168	8653
pb2	2168	2169	8649
pb2	2169	2170	8437
pb2	2170	2171	8595
pb2	2171	2172	8536
pb2	2172	2173	8540
pb2	2173	2174	8546
pb2	2174	2175	8639
pb2	2175	2176	8677
pb2	2176	2177	8625
pb2	2177	2179	8604
pb2	2179	2180	8346
pb2	2180	2181	8491
pb2	2181	2182	8473
pb2	2182	2183	8486
pb2	2183	2184	8294
pb2	2184	2185	8352
pb2	2185	2186	8326
pb2	2186	2187	8369
pb2	2187	2188	8356
pb2	2188	2189	8366
pb2	2189	2190	8324
pb2	2190	2191	8390
pb2	2191	2192	8400
pb2	2192	2193	8325
pb2	2193	2194	8226
pb2	2194	2195	8227
pb2	2195	2196	8142
pb2	2196	2197	8316
pb2	2197	2198	8032
pb2	2198	2199	7887
pb2	2199	2200	7855
pb2	2200	2201	7765
pb2	2201	2202	7798
pb2	2202	2203	7756
pb2	2203	2204	7714
pb2	2204	2205	7620
pb2	2205	2206	7422
pb2	2206	2207	7346
pb2	2207	2208	7347
pb2	2208	2209	7310
pb2	2209	2210	7273
pb2	2210	2211	7186
pb2	2211	2212	7207
pb2	2212	2213	7265
pb2	2213	2214	7233
pb2	2214	2215	7129
pb2	2215	2216	6985
pb2	2216	2217	6968
pb2	2217	2218	6969
pb2	2218	2219	6929
pb2	2219	2220	6990
pb2	2220	2221	7136
pb2	2221	2222	6952
pb2	2222	2223	7156
pb2	2223	2224	6993
pb2	2224	2225	7049
pb2	2225	2226	7176
pb2	2226	2227	7192
pb2	2227	2228	7118
pb2	2228	2229	7198
pb2	2229	2230	7054
pb2	2230	2231	7011
pb2	2231	2232	7014
pb2	2232	2233	7013
pb2	2233	2234	7006
pb2	2234	2235	6956
pb2	2235	2236	6938
pb2	2236	2237	6942
pb2	2237	2238	6958
pb2	2238	2239	6946
pb2	2239	2240	6925
pb2	2240	2241	6906
pb2	2241	2242	6917
pb2	2242	2243	6901
pb2	2243	2244	6972
pb2	2244	2245	6980
pb2	2245	2246	6926
pb2	2246	2247	7032
pb2	2247	2248	6956
pb2	2248	2249	7404
pb2	2249	2250	7395
pb2	2250	2251	7452
pb2	2251	2252	7474
pb2	2252	2253	7355
pb2	2253	2254	7328
pb2	2254	2255	7367
pb2	2255	2256	7186
pb2	2256	2257	7359
pb2	2257	2258	6644
pb2	2258	2259	6661
pb2	2259	2260	6520
pb2	2260	2261	6516
pb2	2261	2262	6468
pb2	2262	2263	6461
pb2	2263	2264	6307
pb2	2264	2265	6352
pb2	2265	2266	6016
pb2	2266	2267	6081
pb2	2267	2269	6071
pb2	2269	2270	6039
pb2	2270	2271	6054
pb2	2271	2272	6014
pb2	2272	2273	6017
pb2	2273	2274	5804
pb2	2274	2275	5803
pb2	2275	2276	5576
pb2	2276	2277	5594
pb2	2277	2279	5549
pb2	2279	2280	5535
pb2	2280	2281	5505
pb2	2281	2282	5514
pb2	2282	2283	5509
pb2	2283	2284	5494
pb2	2284	2285	5477
pb2	2285	2286	5268
pb2	2286	2287	5256
pb2	2287	2288	5227
pb2	2288	2289	5230
pb2	2289	2290	5215
pb2	2290	2291	5123
pb2	2291	2292	5032
pb2	2292	2293	5017
pb2	2293	2294	4861
pb2	2294	2295	4849
pb2	2295	2296	4828
pb2	2296	2297	4786
pb2	2297	2298	4779
pb2	2298	2299	4755
pb2	2299	2300	4732
pb2	2300	2301	4698
pb2	2301	2302	4682
pb2	2302	2303	4659
pb2	2303	2304	4557
pb2	2304	2305	4361
pb2	2305	2306	3922
pb2	2306	2307	3888
pb2	2307	2308	3619
pb2	2308	2309	3596
pb2	2309	2310	3514
pb2	2310	2311	3247
pb2	2311	2312	3233
pb2	2312	2313	3226
pb2	2313	2314	3205
pb2	2314	2315	3197
pb2	2315	2316	2801
pb2	2316	2317	2787
pb2	2317	2318	2710
pb2	2318	2319	2703
pb2	2319	2320	2700
pb2	2320	2321	2642
pb2	2321	2322	2636
pb2	2322	2323	2627
pb2	2323	2324	2607
pb2	2324	2325	2567
pb2	2325	2326	1930
pb2	2326	2327	1887
pb2	2327	2328	1858
pb2	2328	2329	1854
pb2	2329	2330	1838
pb2	2330	2331	1813
pb2	2331	2332	1795
pb2	2332	2333	1787
pb2	2333	2334	1773
pb2	2334	2335	1746
pb2	2335	2336	1721
pb2	2336	2337	1436
pb2	2337	2338	1359
pb2	2338	2339	1345
pb2	2339	2340	1321
pb2	2340	2341	223
pa	0	1	5561
pa	1	2	6455
pa	2	3	6514
pa	3	4	6735
pa	4	5	7388
pa	5	6	7547
pa	6	7	8894
pa	7	8	8968
pa	8	9	9116
pa	9	10	9139
pa	10	11	9292
pa	11	12	9582
pa	12	13	9650
pa	13	14	9689
pa	14	15	9727
pa	15	16	9813
pa	16	17	10059
pa	17	18	10219
pa	18	19	10259
pa	19	20	10309
pa	20	21	10395
pa	21	22	10414
pa	22	23	10668
pa	23	24	10761
pa	24	25	10962
pa	25	26	11005
pa	26	27	11196
pa	27	28	11251
pa	28	29	11277
pa	29	30	11306
pa	30	31	11420
pa	31	32	11627
pa	32	33	11654
pa	33	34	11676
pa	34	35	11808
pa	35	36	11842
pa	36	37	11940
pa	37	38	11959
pa	38	39	11991
pa	39	40	12102
pa	40	41	12139
pa	41	42	12455
pa	42	43	12572
pa	43	44	12602
pa	44	45	12678
pa	45	46	12764
pa	46	47	13174
pa	47	48	13441
pa	48	49	13465
pa	49	50	13490
pa	50	51	13504
pa	51	52	13535
pa	52	53	14178
pa	53	54	14207
pa	54	55	14216
pa	55	56	14138
pa	56	57	14097
pa	57	58	14096
pa	58	59	14202
pa	59	60	14246
pa	60	61	14250
pa	61	62	13914
pa	62	63	13931
pa	63	64	13946
pa	64	65	13965
pa	65	66	13930
pa	66	67	13925
pa	67	68	13958
pa	68	69	13966
pa	69	70	13909
pa	70	71	13876
pa	71	72	13872
pa	72	73	13901
pa	73	74	13933
pa	74	75	13963
pa	75	76	14009
pa	76	77	13959
pa	77	78	13938
pa	78	79	13929
pa	79	80	13957
pa	80	81	13901
pa	81	82	14108
pa	82	83	14243
pa	83	84	14142
pa	84	85	14278
pa	85	86	14289
pa	86	87	14650
pa	87	88	14745
pa	88	89	14626
pa	89	90	15159
pa	90	91	15620
pa	91	92	15638
pa	92	93	16197
pa	93	94	16143
pa	94	95	16203
pa	95	96	16142
pa	96	97	16070
pa	97	98	16191
pa	98	99	15835
pa	99	100	15598
pa	100	101	15401
pa	101	102	14910
pa	102	103	14956
pa	103	104	14813
pa	104	105	14850
pa	105	106	14874
pa	106	107	14702
pa	107	108	14669
pa	108	109	14628
pa	109	110	14604
pa	110	111	14789
pa	111	112	14644
pa	112	113	14614
pa	113	114	14546
pa	114	115	14507
pa	115	116	14495
pa	116	117	14489
pa	117	118	14495
pa	118	119	14535
pa	119	120	14323
pa	120	121	14322
pa	121	122	14198
pa	122	123	14247
pa	123	124	14242
pa	124	125	14254
pa	125	126	14238
pa	126	127	14233
pa	127	128	14208
pa	128	129	14161
pa	129	130	14181
pa	130	131	14200
pa	131	132	14145
pa	132	133	14197
pa	133	134	14468
pa	134	135	14626
pa	135	136	14940
pa	136	137	15000
pa	137	138	15691
pa	138	139	15818
pa	139	140	15826
pa	140	141	15978
pa	141	142	15850
pa	142	143	15845
pa	143	144	15322
pa	144	145	18104
pa	145	146	17933
pa	146	147	18819
pa	147	148	18346
pa	148	149	18296
pa	149	150	17971
pa	150	151	17477
pa	151	152	17663
pa	152	153	17513
pa	153	154	17392
pa	154	155	15454
pa	155	156	15405
pa	156	157	15010
pa	157	158	15753
pa	158	159	15793
pa	159	160	15841
pa	160	161	15911
pa	161	162	15855
pa	162	163	15821
pa	163	164	15872
pa	164	165	16167
pa	165	166	16051
pa	166	167	15610
pa	167	168	15599
pa	168	169	15651
pa	169	170	15693
pa	170	171	15635
pa	171	172	15863
pa	172	173	15902
pa	173	174	15667
pa	174	175	15692
pa	175	176	15704
pa	176	177	16009
pa	177	178	16029
pa	178	179	16073
pa	179	180	16124
pa	180	181	16102
pa	181	182	16551
pa	182	183	16522
pa	183	184	16887
pa	184	185	16977
pa	185	186	16842
pa	186	187	16962
pa	187	188	16965
pa	188	189	17030
pa	189	190	17207
pa	190	191	17072
pa	191	192	17075
pa	192	193	17033
pa	193	194	16995
pa	194	195	17143
pa	195	196	17110
pa	196	197	17171
pa	197	198	17088
pa	198	199	17252
pa	199	200	17410
pa	200	201	17595
pa	201	202	17621
pa	202	203	17655
pa	203	204	17541
pa	204	205	17546
pa	205	206	17850
pa	206	207	17876
pa	207	208	17709
pa	208	209	18263
pa	209	210	18082
pa	210	211	18231
pa	211	212	18144
pa	212	213	18101
pa	213	214	18311
pa	214	215	17976
pa	215	216	18024
pa	216	217	17852
pa	217	218	17302
pa	218	219	17295
pa	219	220	17266
pa	220	221	17269
pa	221	222	17247
pa	222	223	17141
pa	223	224	17510
pa	224	225	17660
pa	225	226	17772
pa	226	227	17800
pa	227	228	17824
pa	228	229	17792
pa	229	230	17867
pa	230	231	17885
pa	231	232	18346
pa	232	233	18193
pa	233	234	17997
pa	234	235	18047
pa	235	236	17957
pa	236	237	18753
pa	237	238	18879
pa	238	239	18746
pa	239	240	18687
pa	240	241	18137
pa	241	242	17888
pa	242	243	17810
pa	243	244	17715
pa	244	245	17579
pa	245	246	17613
pa	246	247	16711
pa	247	248	16949
pa	248	249	17124
pa	249	250	17149
pa	250	251	17181
pa	251	252	17153
pa	252	253	17233
pa	253	254	17264
pa	254	255	17266
pa	255	256	17254
pa	256	257	16908
pa	257	258	16689
pa	258	259	17217
pa	259	260	17399
pa	260	261	17475
pa	261	262	17387
pa	262	263	17321
pa	263	264	17303
pa	264	265	17722
pa	265	266	18078
pa	266	267	18163
pa	267	268	17595
pa	268	269	17626
pa	269	270	17545
pa	270	271	17819
pa	271	272	17661
pa	272	273	17702
pa	273	274	17040
pa	274	275	17136
pa	275	276	17078
pa	276	277	17286
pa	277	278	17301
pa	278	279	17086
pa	279	280	16802
pa	280	281	16673
pa	281	282	17669
pa	282	283	17736
pa	283	284	17658
pa	284	285	17574
pa	285	286	17355
pa	286	287	17721
pa	287	288	17782
pa	288	289	17650
pa	289	290	17679
pa	290	291	16197
pa	291	292	17392
pa	292	293	17322
pa	293	294	18160
pa	294	295	18269
pa	295	296	17452
pa	296	297	17857
pa	297	298	17835
pa	298	299	17915
pa	299	300	17998
pa	300	301	16551
pa	301	302	17063
pa	302	303	16356
pa	303	305	16623
pa	305	306	16719
pa	306	307	16684
pa	307	308	16687
pa	308	309	16781
pa	309	310	16537
pa	310	311	16524
pa	311	312	16696
pa	312	313	16546
pa	313	314	16857
pa	314	315	16454
pa	315	316	16420
pa	316	317	16419
pa	317	318	16271
pa	318	319	16304
pa	319	320	16213
pa	320	321	16130
pa	321	322	16174
pa	322	323	15979
pa	323	324	16055
pa	324	325	16109
pa	325	326	16119
pa	326	327	16116
pa	327	328	15987
pa	328	329	15869
pa	329	330	16275
pa	330	331	16415
pa	331	332	16395
pa	332	333	16424
pa	333	334	16659
pa	334	335	16849
pa	335	336	16974
pa	336	337	17008
pa	337	338	16888
pa	338	339	16794
pa	339	340	16604
pa	340	341	16821
pa	341	342	16894
pa	342	343	16744
pa	343	344	16710
pa	344	345	16545
pa	345	346	17175
pa	346	347	17250
pa	347	348	17209
pa	348	349	17398
pa	349	350	17194
pa	350	351	17410
pa	351	352	17384
pa	352	353	17365
pa	353	354	17394
pa	354	355	16882
pa	355	356	17304
pa	356	357	17772
pa	357	358	17583
pa	358	359	17646
pa	359	360	17556
pa	360	361	17813
pa	361	362	17844
pa	362	363	17814
pa	363	364	17995
pa	364	365	17246
pa	365	366	16917
pa	366	367	16443
pa	367	368	16369
pa	368	369	16377
pa	369	370	15884
pa	370	371	15862
pa	371	372	15792
pa	372	373	15625
pa	373	374	15496
pa	374	375	15406
pa	375	376	15356
pa	376	377	15330
pa	377	378	15314
pa	378	379	15316
pa	379	380	15251
pa	380	381	15249
pa	381	382	15194
pa	382	383	15167
pa	383	384	15054
pa	384	385	15041
pa	385	386	15107
pa	386	387	15055
pa	387	388	15016
pa	388	389	14793
pa	389	390	14633
pa	390	391	14590
pa	391	392	14718
pa	392	393	14714
pa	393	394	14687
pa	394	395	14564
pa	395	396	14552
pa	396	397	14503
pa	397	398	14496
pa	398	399	14462
pa	399	400	14489
pa	400	401	13947
pa	401	402	14198
pa	402	403	14346
pa	403	404	14162
pa	404	405	14171
pa	405	406	15593
pa	406	407	15479
pa	407	408	15966
pa	408	409	15773
pa	409	410	15643
pa	410	411	15186
pa	411	412	14847
pa	412	413	14864
pa	413	414	15052
pa	414	415	12381
pa	415	416	14030
pa	416	417	13093
pa	417	418	13083
pa	418	419	13077
pa	419	420	12701
pa	420	421	12807
pa	421	422	12734
pa	422	423	12463
pa	423	424	12349
pa	424	425	10919
pa	425	426	11077
pa	426	427	11106
pa	427	428	11159
pa	428	429	11192
pa	429	430	11104
pa	430	431	11108
pa	431	432	11082
pa	432	433	11126
pa	433	434	11212
pa	434	435	11350
pa	435	436	11339
pa	436	437	11336
pa	437	438	11273
pa	438	439	11391
pa	439	440	11429
pa	440	441	11431
pa	441	442	11421
pa	442	443	11337
pa	443	444	11102
pa	444	445	11327
pa	445	446	11347
pa	446	447	11422
pa	447	448	11354
pa	448	449	11396
pa	449	450	11390
pa	450	451	11409
pa	451	452	11849
pa	452	453	11818
pa	453	454	12296
pa	454	455	12220
pa	455	456	12621
pa	456	457	12912
pa	457	458	13020
pa	458	459	13035
pa	459	460	14040
pa	460	461	13739
pa	461	462	14038
pa	462	463	13799
pa	463	464	13834
pa	464	465	13739
pa	465	466	14528
pa	466	467	14486
pa	467	468	14850
pa	468	469	14325
pa	469	470	14481
pa	470	471	14518
pa	471	472	14525
pa	472	473	14731
pa	473	474	14803
pa	474	475	14335
pa	475	476	14609
pa	476	477	14378
pa	477	478	14755
pa	478	479	14799
pa	479	480	14664
pa	480	481	14717
pa	481	482	14599
pa	482	483	14730
pa	483	484	14886
pa	484	485	14725
pa	485	486	14713
pa	486	487	14504
pa	487	488	14302
pa	488	489	14343
pa	489	490	14336
pa	490	491	14344
pa	491	492	14336
pa	492	493	14279
pa	493	494	14395
pa	494	495	14411
pa	495	496	14397
pa	496	497	14387
pa	497	498	14427
pa	498	499	14461
pa	499	500	14416
pa	500	501	14497
pa	501	502	14862
pa	502	503	14964
pa	503	504	15138
pa	504	505	15115
pa	505	506	15146
pa	506	507	15071
pa	507	508	14923
pa	508	509	15309
pa	509	510	15015
pa	510	511	15098
pa	511	512	15279
pa	512	513	15148
pa	513	514	15387
pa	514	515	15382
pa	515	516	15349
pa	516	517	15659
pa	517	518	15343
pa	518	519	15391
pa	519	520	15398
pa	520	521	14857
pa	521	522	15083
pa	522	523	14766
pa	523	524	14785
pa	524	525	14779
pa	525	526	14356
pa	526	527	14638
pa	527	528	14547
pa	528	529	14564
pa	529	530	14594
pa	530	531	14286
pa	531	532	14273
pa	532	533	14376
pa	533	534	14503
pa	534	535	14683
pa	535	536	14297
pa	536	537	14230
pa	537	538	14214
pa	538	539	14624
pa	539	540	14535
pa	540	541	14372
pa	541	542	14368
pa	542	543	14156
pa	543	544	13818
pa	544	545	13839
pa	545	546	13845
pa	546	547	13922
pa	547	548	13415
pa	548	549	13958
pa	549	550	13948
pa	550	551	13920
pa	551	552	13990
pa	552	553	13867
pa	553	554	15170
pa	554	555	15077
pa	555	556	14975
pa	556	557	14882
pa	557	558	13910
pa	558	559	13932
pa	559	560	14160
pa	560	561	14040
pa	561	562	14036
pa	562	563	12447
pa	563	564	12477
pa	564	565	12749
pa	565	566	12838
pa	566	567	12761
pa	567	568	12686
pa	568	569	12355
pa	569	570	12803
pa	570	571	12806
pa	571	572	12819
pa	572	573	12991
pa	573	574	12728
pa	574	575	13586
pa	575	576	13774
pa	576	577	13755
pa	577	578	13796
pa	578	579	13312
pa	579	580	13859
pa	580	581	14408
pa	581	582	14218
pa	582	583	14483
pa	583	584	13681
pa	584	585	13889
pa	585	586	13964
pa	586	587	13958
pa	587	588	14026
pa	588	589	13707
pa	589	590	13174
pa	590	591	13159
pa	591	592	13023
pa	592	593	13553
pa	593	594	13420
pa	594	595	13415
pa	595	596	13435
pa	596	597	13369
pa	597	598	13416
pa	598	599	13431
pa	599	600	13457
pa	600	601	13667
pa	601	602	13288
pa	602	603	13595
pa	603	604	13646
pa	604	605	13623
pa	605	606	13613
pa	606	607	13594
pa	607	608	13572
pa	608	609	13569
pa	609	610	13516
pa	610	611	13517
pa	611	612	13164
pa	612	613	13256
pa	613	614	13306
pa	614	615	13248
pa	615	616	13241
pa	616	617	13145
pa	617	618	13132
pa	618	619	13142
pa	619	620	13135
pa	620	621	13174
pa	621	622	12879
pa	622	623	13011
pa	623	624	12945
pa	624	625	13085
pa	625	626	13064
pa	626	627	13004
pa	627	628	13056
pa	628	629	12985
pa	629	630	12892
pa	630	631	12879
pa	631	632	12601
pa	632	633	12549
pa	633	634	12177
pa	634	635	12335
pa	635	636	12364
pa	636	637	12255
pa	637	638	12258
pa	638	639	12261
pa	639	640	12262
pa	640	641	12257
pa	641	642	12229
pa	642	643	12174
pa	643	644	12078
pa	644	645	12777
pa	645	646	12674
pa	646	647	12779
pa	647	648	12761
pa	648	649	12813
pa	649	650	12862
pa	650	651	12793
pa	651	652	12896
pa	652	653	12888
pa	653	654	11859
pa	654	655	11784
pa	655	656	11781
pa	656	657	11874
pa	657	658	11777
pa	658	659	11728
pa	659	660	11706
pa	660	661	11442
pa	661	662	11521
pa	662	663	11530
pa	663	664	11535
pa	664	665	11269
pa	665	666	11146
pa	666	667	11143
pa	667	668	11149
pa	668	669	11108
pa	669	670	11158
pa	670	671	11130
pa	671	672	11184
pa	672	673	11154
pa	673	674	11157
pa	674	675	11163
pa	675	676	11151
pa	676	677	11387
pa	677	678	11373
pa	678	679	11285
pa	679	680	11287
pa	680	681	11343
pa	681	682	11855
pa	682	683	11841
pa	683	684	11754
pa	684	685	11746
pa	685	686	11495
pa	686	687	11544
pa	687	688	11498
pa	688	689	11471
pa	689	690	11503
pa	690	691	11373
pa	691	692	11637
pa	692	693	11739
pa	693	694	11726
pa	694	695	11748
pa	695	696	11684
pa	696	697	11517
pa	697	698	11670
pa	698	699	11525
pa	699	700	11596
pa	700	701	11427
pa	701	702	11374
pa	702	703	11433
pa	703	704	11453
pa	704	705	11206
pa	705	706	11135
pa	706	707	11002
pa	707	708	11786
pa	708	709	11665
pa	709	710	11673
pa	710	711	11646
pa	711	712	11600
pa	712	713	11659
pa	713	714	11582
pa	714	715	12089
pa	715	716	12001
pa	716	717	11803
pa	717	718	11755
pa	718	719	12360
pa	719	720	12389
pa	720	721	12387
pa	721	722	12283
pa	722	723	12340
pa	723	724	11992
pa	724	725	11929
pa	725	726	11660
pa	726	727	11496
pa	727	728	11910
pa	728	729	11925
pa	729	730	11857
pa	730	731	11815
pa	731	732	11657
pa	732	733	11707
pa	733	734	11643
pa	734	735	11611
pa	735	736	11673
pa	736	737	11302
pa	737	738	11365
pa	738	739	11258
pa	739	740	11256
pa	740	741	11377
pa	741	742	11317
pa	742	743	11885
pa	743	744	11858
pa	744	745	11810
pa	745	746	12144
pa	746	747	12172
pa	747	748	12253
pa	748	749	12268
pa	749	750	12154
pa	750	751	12231
pa	751	752	11652
pa	752	753	11803
pa	753	754	11785
pa	754	755	11757
pa	755	756	11768
pa	756	757	11708
pa	757	758	11803
pa	758	759	11847
pa	759	760	12018
pa	760	761	11976
pa	761	762	11913
pa	762	763	12003
pa	763	764	12097
pa	764	765	12114
pa	765	766	12144
pa	766	767	12102
pa	767	768	12131
pa	768	769	12120
pa	769	770	12236
pa	770	771	12455
pa	771	772	12442
pa	772	773	12624
pa	773	774	12638
pa	774	777	12755
pa	777	778	12873
pa	778	779	12779
pa	779	780	12583
pa	780	781	12654
pa	781	782	12562
pa	782	783	12642
pa	783	784	12523
pa	784	785	12493
pa	785	786	12669
pa	786	787	12591
pa	787	788	12659
pa	788	789	12657
pa	789	790	12612
pa	790	791	12811
pa	791	792	12915
pa	792	793	12940
pa	793	794	13019
pa	794	795	12609
pa	795	796	12542
pa	796	797	12443
pa	797	798	12437
pa	798	799	12458
pa	799	800	12303
pa	800	801	12296
pa	801	802	12741
pa	802	803	12738
pa	803	804	13278
pa	804	805	13270
pa	805	806	13199
pa	806	807	13256
pa	807	808	13226
pa	808	809	13498
pa	809	810	13567
pa	810	811	13163
pa	811	812	13274
pa	812	813	12839
pa	813	814	13091
pa	814	815	13384
pa	815	816	13241
pa	816	817	13331
pa	817	818	13075
pa	818	819	12908
pa	819	820	13007
pa	820	821	12713
pa	821	822	13456
pa	822	823	13180
pa	823	824	16161
pa	824	825	16132
pa	825	826	16220
pa	826	827	16216
pa	827	828	16582
pa	828	829	16666
pa	829	830	16864
pa	830	831	16613
pa	831	832	16399
pa	832	833	14118
pa	833	834	14383
pa	834	835	14675
pa	835	836	14679
pa	836	837	14547
pa	837	838	14551
pa	838	839	14569
pa	839	840	14620
pa	840	841	14774
pa	841	842	14862
pa	842	843	14897
pa	843	844	14819
pa	844	845	14794
pa	845	846	15584
pa	846	847	15945
pa	847	848	15961
pa	848	849	15977
pa	849	850	15936
pa	850	851	16466
pa	851	852	16373
pa	852	853	16442
pa	853	854	16570
pa	854	855	16158
pa	855	856	16187
pa	856	857	16107
pa	857	858	16103
pa	858	859	16106
pa	859	860	15942
pa	860	861	16131
pa	861	862	16147
pa	862	863	16276
pa	863	864	16317
pa	864	865	16388
pa	865	866	16393
pa	866	867	16561
pa	867	868	16640
pa	868	869	16746
pa	869	870	16745
pa	870	871	16741
pa	871	872	16792
pa	872	873	16853
pa	873	874	16840
pa	874	875	16848
pa	875	876	16943
pa	876	877	17082
pa	877	878	17109
pa	878	879	17129
pa	879	880	17155
pa	880	881	17137
pa	881	882	17062
pa	882	883	17127
pa	883	884	18343
pa	884	885	18374
pa	885	886	18546
pa	886	887	18475
pa	887	888	18469
pa	888	889	18556
pa	889	890	18594
pa	890	891	18671
pa	891	892	18698
pa	892	893	16927
pa	893	894	17046
pa	894	895	16810
pa	895	896	17047
pa	896	897	17038
pa	897	898	16982
pa	898	899	17195
pa	899	900	17123
pa	900	901	17135
pa	901	902	17121
pa	902	903	16996
pa	903	904	16981
pa	904	905	16573
pa	905	906	17001
pa	906	907	16887
pa	907	908	16745
pa	908	909	16579
pa	909	910	16809
pa	910	911	16929
pa	911	912	16999
pa	912	913	16955
pa	913	914	16899
pa	914	915	16573
pa	915	916	16681
pa	916	917	16615
pa	917	918	16629
pa	918	919	16452
pa	919	920	16281
pa	920	921	16182
pa	921	922	16152
pa	922	923	15880
pa	923	924	16065
pa	924	925	16139
pa	925	926	16501
pa	926	927	16388
pa	927	928	16245
pa	928	929	16240
pa	929	930	16137
pa	930	931	16798
pa	931	932	16773
pa	932	933	16527
pa	933	934	16567
pa	934	935	15807
pa	935	936	16756
pa	936	937	16702
pa	937	938	16710
pa	938	939	16684
pa	939	940	15051
pa	940	941	15232
pa	941	942	14833
pa	942	943	14737
pa	943	944	14748
pa	944	945	13538
pa	945	946	13700
pa	946	947	13668
pa	947	948	13743
pa	948	949	13700
pa	949	950	13381
pa	950	951	13408
pa	951	952	13396
pa	952	953	13354
pa	953	954	13251
pa	954	955	13012
pa	955	956	13019
pa	956	957	12932
pa	957	958	12984
pa	958	959	12971
pa	959	960	12964
pa	960	961	12829
pa	961	962	12866
pa	962	963	12714
pa	963	964	12750
pa	964	965	12751
pa	965	966	12710
pa	966	967	12682
pa	967	968	12649
pa	968	969	12554
pa	969	970	12527
pa	970	971	12511
pa	971	972	12108
pa	972	973	11995
pa	973	974	12214
pa	974	975	12321
pa	975	976	12577
pa	976	977	12621
pa	977	978	12625
pa	978	979	12848
pa	979	980	12638
pa	980	981	12931
pa	981	982	12970
pa	982	983	12882
pa	983	984	12840
pa	984	985	12712
pa	985	986	12815
pa	986	987	12868
pa	987	988	12627
pa	988	989	13625
pa	989	990	13277
pa	990	991	13345
pa	991	992	13338
pa	992	993	13238
pa	993	994	13206
pa	994	995	12933
pa	995	996	12867
pa	996	997	12802
pa	997	998	12120
pa	998	999	12152
pa	999	1000	12177
pa	1000	1001	12172
pa	1001	1002	12256
pa	1002	1003	12325
pa	1003	1004	12330
pa	1004	1005	12396
pa	1005	1006	12317
pa	1006	1007	12282
pa	1007	1008	12199
pa	1008	1009	12400
pa	1009	1010	12683
pa	1010	1011	12622
pa	1011	1012	12521
pa	1012	1013	12458
pa	1013	1014	12298
pa	1014	1015	12203
pa	1015	1016	12289
pa	1016	1017	13141
pa	1017	1018	12839
pa	1018	1019	12727
pa	1019	1020	12525
pa	1020	1021	12973
pa	1021	1022	13064
pa	1022	1023	13060
pa	1023	1024	13026
pa	1024	1025	12849
pa	1025	1026	12314
pa	1026	1027	11938
pa	1027	1028	11674
pa	1028	1029	11655
pa	1029	1030	11421
pa	1030	1031	11373
pa	1031	1032	11518
pa	1032	1033	11586
pa	1033	1034	11567
pa	1034	1035	11438
pa	1035	1036	11338
pa	1036	1037	11373
pa	1037	1038	11395
pa	1038	1039	11429
pa	1039	1040	11423
pa	1040	1041	11299
pa	1041	1042	11131
pa	1042	1043	10953
pa	1043	1044	11055
pa	1044	1045	11124
pa	1045	1046	11060
pa	1046	1047	11009
pa	1047	1048	11048
pa	1048	1049	11118
pa	1049	1050	11232
pa	1050	1051	11238
pa	1051	1052	11253
pa	1052	1053	11028
pa	1053	1054	11007
pa	1054	1055	10968
pa	1055	1056	11009
pa	1056	1057	11529
pa	1057	1058	11381
pa	1058	1059	11314
pa	1059	1060	11275
pa	1060	1061	11268
pa	1061	1062	11265
pa	1062	1063	11260
pa	1063	1064	11155
pa	1064	1065	11246
pa	1065	1066	10061
pa	1066	1067	10169
pa	1067	1068	10154
pa	1068	1069	10240
pa	1069	1070	10258
pa	1070	1071	10252
pa	1071	1072	10220
pa	1072	1073	10149
pa	1073	1074	9684
pa	1074	1075	9705
pa	1075	1076	9407
pa	1076	1077	9415
pa	1077	1078	9426
pa	1078	1079	9254
pa	1079	1080	9264
pa	1080	1081	9239
pa	1081	1082	9167
pa	1082	1083	9132
pa	1083	1084	8981
pa	1084	1085	9003
pa	1085	1086	8944
pa	1086	1087	8872
pa	1087	1088	8839
pa	1088	1089	8805
pa	1089	1090	8802
pa	1090	1091	8820
pa	1091	1092	8799
pa	1092	1093	8818
pa	1093	1094	8846
pa	1094	1095	8749
pa	1095	1096	8756
pa	1096	1097	8721
pa	1097	1098	8930
pa	1098	1099	8901
pa	1099	1100	8840
pa	1100	1101	8838
pa	1101	1102	8717
pa	1102	1103	8613
pa	1103	1104	8955
pa	1104	1105	8943
pa	1105	1106	8897
pa	1106	1107	8855
pa	1107	1108	8425
pa	1108	1109	8447
pa	1109	1110	8294
pa	1110	1111	8249
pa	1111	1112	8279
pa	1112	1113	7775
pa	1113	1114	7833
pa	1114	1115	7866
pa	1115	1116	7912
pa	1116	1117	8238
pa	1117	1118	8052
pa	1118	1119	8157
pa	1119	1120	8169
pa	1120	1121	8138
pa	1121	1122	8240
pa	1122	1123	7956
pa	1123	1124	7939
pa	1124	1125	7971
pa	1125	1126	6900
pa	1126	1127	6964
pa	1127	1128	6781
pa	1128	1129	6806
pa	1129	1130	6870
pa	1130	1131	6679
pa	1131	1132	6888
pa	1132	1133	6836
pa	1133	1134	6859
pa	1134	1135	7248
pa	1135	1136	7334
pa	1136	1137	7273
pa	1137	1138	7320
pa	1138	1139	7223
pa	1139	1140	7398
pa	1140	1141	7300
pa	1141	1142	7314
pa	1142	1143	7332
pa	1143	1144	7152
pa	1144	1145	7133
pa	1145	1146	7128
pa	1146	1147	7226
pa	1147	1148	7278
pa	1148	1149	7203
pa	1149	1150	7269
pa	1150	1151	7305
pa	1151	1152	7309
pa	1152	1153	7338
pa	1153	1154	7356
pa	1154	1155	7341
pa	1155	1156	7360
pa	1156	1157	7399
pa	1157	1158	7406
pa	1158	1159	7423
pa	1159	1160	7371
pa	1160	1161	7373
pa	1161	1162	7448
pa	1162	1163	7711
pa	1163	1164	7788
pa	1164	1165	7760
pa	1165	1166	7750
pa	1166	1167	7737
pa	1167	1168	7626
pa	1168	1169	7600
pa	1169	1170	7607
pa	1170	1171	7622
pa	1171	1172	7424
pa	1172	1173	7706
pa	1173	1174	7675
pa	1174	1175	8092
pa	1175	1176	8074
pa	1176	1177	8048
pa	1177	1178	8037
pa	1178	1179	8005
pa	1179	1180	8298
pa	1180	1181	8313
pa	1181	1182	8115
pa	1182	1183	8118
pa	1183	1184	7935
pa	1184	1185	7976
pa	1185	1186	7973
pa	1186	1187	7976
pa	1187	1188	7967
pa	1188	1189	7939
pa	1189	1190	10280
pa	1190	1191	10303
pa	1191	1192	10408
pa	1192	1193	10451
pa	1193	1194	10490
pa	1194	1195	10541
pa	1195	1196	10550
pa	1196	1197	10532
pa	1197	1198	10900
pa	1198	1199	9650
pa	1199	1200	10220
pa	1200	1201	10285
pa	1201	1202	10299
pa	1202	1203	10365
pa	1203	1204	10311
pa	1204	1205	10349
pa	1205	1206	10344
pa	1206	1207	10078
pa	1207	1208	10129
pa	1208	1209	9968
pa	1209	1210	9998
pa	1210	1211	10001
pa	1211	1212	9940
pa	1212	1213	9935
pa	1213	1214	9967
pa	1214	1215	9900
pa	1215	1216	10099
pa	1216	1217	10063
pa	1217	1218	10047
pa	1218	1219	10269
pa	1219	1220	10316
pa	1220	1221	10652
pa	1221	1222	10681
pa	1222	1223	10739
pa	1223	1224	10736
pa	1224	1225	10562
pa	1225	1226	10617
pa	1226	1227	10671
pa	1227	1228	10639
pa	1228	1229	10660
pa	1229	1230	10499
pa	1230	1231	10713
pa	1231	1232	10696
pa	1232	1233	10770
pa	1233	1234	10783
pa	1234	1235	10827
pa	1235	1236	10837
pa	1236	1237	10829
pa	1237	1238	11008
pa	1238	1239	11056
pa	1239	1240	10943
pa	1240	1241	11163
pa	1241	1242	11300
pa	1242	1243	11360
pa	1243	1244	11380
pa	1244	1245	11374
pa	1245	1246	11398
pa	1246	1247	11197
pa	1247	1248	11350
pa	1248	1249	11479
pa	1249	1250	11485
pa	1250	1251	11332
pa	1251	1252	11683
pa	1252	1253	11732
pa	1253	1254	11813
pa	1254	1255	11798
pa	1255	1256	11810
pa	1256	1257	12183
pa	1257	1258	12095
pa	1258	1259	12151
pa	1259	1260	12138
pa	1260	1261	11914
pa	1261	1262	11945
pa	1262	1263	11979
pa	1263	1264	12181
pa	1264	1265	12288
pa	1265	1266	12111
pa	1266	1267	12163
pa	1267	1268	12255
pa	1268	1269	12273
pa	1269	1270	12468
pa	1270	1271	12414
pa	1271	1272	12296
pa	1272	1273	12265
pa	1273	1274	12121
pa	1274	1275	12275
pa	1275	1276	12175
pa	1276	1277	12138
pa	1277	1278	12036
pa	1278	1279	12078
pa	1279	1280	12058
pa	1280	1281	12075
pa	1281	1282	12093
pa	1282	1283	12056
pa	1283	1284	12105
pa	1284	1285	12208
pa	1285	1286	12202
pa	1286	1287	12208
pa	1287	1288	12215
pa	1288	1289	12585
pa	1289	1290	12751
pa	1290	1291	12711
pa	1291	1292	12709
pa	1292	1293	12695
pa	1293	1294	12882
pa	1294	1295	13001
pa	1295	1296	12986
pa	1296	1297	13008
pa	1297	1298	12806
pa	1298	1299	13021
pa	1299	1300	13056
pa	1300	1301	13083
pa	1301	1302	13064
pa	1302	1303	13028
pa	1303	1304	13225
pa	1304	1305	13472
pa	1305	1306	13425
pa	1306	1307	13419
pa	1307	1308	13125
pa	1308	1309	13511
pa	1309	1310	13606
pa	1310	1311	13658
pa	1311	1312	13636
pa	1312	1313	13154
pa	1313	1314	12897
pa	1314	1315	12912
pa	1315	1316	13129
pa	1316	1317	13170
pa	1317	1318	12809
pa	1318	1319	12763
pa	1319	1320	12793
pa	1320	1321	12982
pa	1321	1322	12998
pa	1322	1323	12991
pa	1323	1324	12967
pa	1324	1325	12714
pa	1325	1326	12716
pa	1326	1327	13153
pa	1327	1328	13168
pa	1328	1329	13192
pa	1329	1330	13133
pa	1330	1332	13123
pa	1332	1333	13209
pa	1333	1334	13101
pa	1334	1335	13634
pa	1335	1336	13319
pa	1336	1337	13490
pa	1337	1338	13467
pa	1338	1339	13471
pa	1339	1340	12830
pa	1340	1341	12859
pa	1341	1342	12889
pa	1342	1343	12979
pa	1343	1344	12685
pa	1344	1345	12832
pa	1345	1346	12627
pa	1346	1347	12795
pa	1347	1348	12783
pa	1348	1349	12764
pa	1349	1350	12803
pa	1350	1351	12572
pa	1351	1352	12483
pa	1352	1353	12602
pa	1353	1354	12620
pa	1354	1355	12625
pa	1355	1356	12945
pa	1356	1357	12872
pa	1357	1358	13043
pa	1358	1360	12996
pa	1360	1361	13035
pa	1361	1362	12827
pa	1362	1363	12728
pa	1363	1364	12784
pa	1364	1365	12367
pa	1365	1366	12413
pa	1366	1367	12198
pa	1367	1368	12205
pa	1368	1369	12345
pa	1369	1370	12350
pa	1370	1371	12438
pa	1371	1372	12462
pa	1372	1373	12356
pa	1373	1374	12485
pa	1374	1375	12637
pa	1375	1376	12626
pa	1376	1377	12753
pa	1377	1378	12556
pa	1378	1379	12363
pa	1379	1380	12475
pa	1380	1381	12376
pa	1381	1382	12352
pa	1382	1383	12334
pa	1383	1384	12080
pa	1384	1385	12111
pa	1385	1386	11960
pa	1386	1387	12003
pa	1387	1388	12067
pa	1388	1389	11902
pa	1389	1390	12216
pa	1390	1391	12308
pa	1391	1392	12264
pa	1392	1393	12469
pa	1393	1394	12385
pa	1394	1395	12606
pa	1395	1396	12550
pa	1396	1397	12513
pa	1397	1398	12695
pa	1398	1399	12152
pa	1399	1400	12326
pa	1400	1401	12300
pa	1401	1402	12418
pa	1402	1403	12384
pa	1403	1404	12167
pa	1404	1405	12041
pa	1405	1406	11864
pa	1406	1407	11861
pa	1407	1408	11638
pa	1408	1409	12027
pa	1409	1410	11499
pa	1410	1411	11824
pa	1411	1412	11581
pa	1412	1413	11735
pa	1413	1414	12070
pa	1414	1415	12184
pa	1415	1416	13580
pa	1416	1417	13295
pa	1417	1418	13049
pa	1418	1419	13041
pa	1419	1420	12920
pa	1420	1421	13016
pa	1421	1422	13001
pa	1422	1423	12615
pa	1423	1424	12656
pa	1424	1425	11666
pa	1425	1426	12547
pa	1426	1427	12616
pa	1427	1428	12655
pa	1428	1429	12807
pa	1429	1430	12741
pa	1430	1431	13435
pa	1431	1432	13455
pa	1432	1433	13495
pa	1433	1434	14123
pa	1434	1435	13567
pa	1435	1436	13579
pa	1436	1437	13583
pa	1437	1438	13451
pa	1438	1439	13534
pa	1439	1440	13500
pa	1440	1441	13506
pa	1441	1442	13521
pa	1442	1443	13608
pa	1443	1444	13249
pa	1444	1445	13384
pa	1445	1446	13400
pa	1446	1447	13423
pa	1447	1448	13439
pa	1448	1449	13267
pa	1449	1450	13522
pa	1450	1451	13536
pa	1451	1452	13480
pa	1452	1453	13558
pa	1453	1454	13473
pa	1454	1455	13475
pa	1455	1456	13532
pa	1456	1457	13601
pa	1457	1458	13596
pa	1458	1459	13300
pa	1459	1460	13433
pa	1460	1461	13701
pa	1461	1462	13674
pa	1462	1463	13666
pa	1463	1464	13647
pa	1464	1465	13580
pa	1465	1466	13575
pa	1466	1467	13562
pa	1467	1468	13568
pa	1468	1469	13289
pa	1469	1470	13230
pa	1470	1471	13033
pa	1471	1472	13164
pa	1472	1473	13194
pa	1473	1474	13218
pa	1474	1475	13220
pa	1475	1476	13247
pa	1476	1477	13267
pa	1477	1478	13497
pa	1478	1479	13583
pa	1479	1480	13648
pa	1480	1481	13509
pa	1481	1482	13505
pa	1482	1483	13697
pa	1483	1484	13759
pa	1484	1485	13649
pa	1485	1486	13485
pa	1486	1487	13045
pa	1487	1488	13287
pa	1488	1489	13095
pa	1489	1490	13109
pa	1490	1491	13106
pa	1491	1492	12670
pa	1492	1493	12856
pa	1493	1494	12820
pa	1494	1495	12856
pa	1495	1496	12899
pa	1496	1497	12392
pa	1497	1498	12423
pa	1498	1499	12442
pa	1499	1500	12409
pa	1500	1501	12446
pa	1501	1502	11903
pa	1502	1503	11833
pa	1503	1504	11748
pa	1504	1505	11735
pa	1505	1506	11727
pa	1506	1507	11425
pa	1507	1508	11448
pa	1508	1509	11455
pa	1509	1510	11405
pa	1510	1511	11306
pa	1511	1512	11376
pa	1512	1513	11360
pa	1513	1514	11413
pa	1514	1515	11425
pa	1515	1516	11418
pa	1516	1517	11425
pa	1517	1518	11244
pa	1518	1519	11493
pa	1519	1520	11497
pa	1520	1521	11435
pa	1521	1522	11482
pa	1522	1523	11010
pa	1523	1524	11446
pa	1524	1525	11401
pa	1525	1526	11373
pa	1526	1527	11448
pa	1527	1528	10785
pa	1528	1529	10851
pa	1529	1530	10762
pa	1530	1531	10578
pa	1531	1532	10542
pa	1532	1533	10212
pa	1533	1534	10008
pa	1534	1535	10230
pa	1535	1536	10242
pa	1536	1537	10603
pa	1537	1538	10376
pa	1538	1539	10162
pa	1539	1540	10141
pa	1540	1541	10089
pa	1541	1542	9881
pa	1542	1543	10033
pa	1543	1544	9955
pa	1544	1545	9874
pa	1545	1546	9579
pa	1546	1547	9670
pa	1547	1548	9647
pa	1548	1549	9710
pa	1549	1550	9682
pa	1550	1551	9677
pa	1551	1552	9878
pa	1552	1553	9900
pa	1553	1554	9924
pa	1554	1555	9911
pa	1555	1556	9854
pa	1556	1557	9874
pa	1557	1558	9856
pa	1558	1559	9846
pa	1559	1560	10133
pa	1560	1561	9894
pa	1561	1562	9876
pa	1562	1563	9899
pa	1563	1564	9884
pa	1564	1565	10082
pa	1565	1566	10025
pa	1566	1567	9965
pa	1567	1568	10058
pa	1568	1569	9866
pa	1569	1570	9929
pa	1570	1571	9959
pa	1571	1572	9957
pa	1572	1573	10245
pa	1573	1574	10028
pa	1574	1575	10451
pa	1575	1576	10554
pa	1576	1577	10427
pa	1577	1578	10446
pa	1578	1579	10450
pa	1579	1580	10496
pa	1580	1581	10586
pa	1581	1582	10387
pa	1582	1583	10397
pa	1583	1584	10119
pa	1584	1585	10079
pa	1585	1586	10034
pa	1586	1587	10061
pa	1587	1588	9998
pa	1588	1589	10069
pa	1589	1590	9876
pa	1590	1591	9927
pa	1591	1592	9955
pa	1592	1593	10008
pa	1593	1594	10219
pa	1594	1595	10231
pa	1595	1596	10236
pa	1596	1597	10223
pa	1597	1598	10154
pa	1598	1599	10926
pa	1599	1600	10842
pa	1600	1601	11121
pa	1601	1602	11118
pa	1602	1603	11183
pa	1603	1604	11192
pa	1604	1605	11302
pa	1605	1606	11308
pa	1606	1607	11348
pa	1607	1608	10740
pa	1608	1609	10797
pa	1609	1610	10590
pa	1610	1611	10652
pa	1611	1612	10648
pa	1612	1613	10601
pa	1613	1614	10597
pa	1614	1615	10784
pa	1615	1616	11024
pa	1616	1617	11078
pa	1617	1618	11075
pa	1618	1619	11056
pa	1619	1620	10939
pa	1620	1621	11133
pa	1621	1622	11195
pa	1622	1623	11294
pa	1623	1624	11150
pa	1624	1625	10989
pa	1625	1626	10987
pa	1626	1627	11045
pa	1627	1628	11023
pa	1628	1629	11091
pa	1629	1630	10919
pa	1630	1631	11029
pa	1631	1632	10943
pa	1632	1633	11090
pa	1633	1634	11127
pa	1634	1635	11287
pa	1635	1636	11559
pa	1636	1637	11531
pa	1637	1638	11546
pa	1638	1639	11522
pa	1639	1640	11384
pa	1640	1641	11797
pa	1641	1642	11782
pa	1642	1643	11738
pa	1643	1644	11691
pa	1644	1645	11339
pa	1645	1646	11584
pa	1646	1647	11480
pa	1647	1648	12157
pa	1648	1649	12115
pa	1649	1650	12017
pa	1650	1651	12106
pa	1651	1652	12111
pa	1652	1653	12145
pa	1653	1654	12169
pa	1654	1655	12249
pa	1655	1656	12314
pa	1656	1657	11876
pa	1657	1658	11903
pa	1658	1659	11731
pa	1659	1660	11813
pa	1660	1661	11849
pa	1661	1662	11867
pa	1662	1663	11952
pa	1663	1664	11714
pa	1664	1665	11650
pa	1665	1666	11595
pa	1666	1667	11708
pa	1667	1668	11758
pa	1668	1669	12309
pa	1669	1670	12251
pa	1670	1671	12536
pa	1671	1672	12445
pa	1672	1673	12422
pa	1673	1674	12431
pa	1674	1675	12358
pa	1675	1676	12287
pa	1676	1677	12434
pa	1677	1678	11728
pa	1678	1679	11872
pa	1679	1680	11654
pa	1680	1681	12320
pa	1681	1682	12417
pa	1682	1683	12408
pa	1683	1684	12397
pa	1684	1685	12340
pa	1685	1686	12092
pa	1686	1687	12263
pa	1687	1688	12138
pa	1688	1689	12135
pa	1689	1690	11751
pa	1690	1691	11664
pa	1691	1692	11677
pa	1692	1693	11878
pa	1693	1694	11947
pa	1694	1695	12261
pa	1695	1696	12114
pa	1696	1697	12174
pa	1697	1698	12185
pa	1698	1699	12202
pa	1699	1700	12310
pa	1700	1701	12417
pa	1701	1702	12368
pa	1702	1703	12493
pa	1703	1704	12305
pa	1704	1705	12457
pa	1705	1706	12479
pa	1706	1707	12681
pa	1707	1708	12704
pa	1708	1709	12809
pa	1709	1710	12744
pa	1710	1711	12759
pa	1711	1712	12660
pa	1712	1713	12976
pa	1713	1714	12759
pa	1714	1715	12743
pa	1715	1716	12567
pa	1716	1717	12613
pa	1717	1718	12407
pa	1718	1719	12376
pa	1719	1720	12152
pa	1720	1721	12204
pa	1721	1722	11782
pa	1722	1723	11780
pa	1723	1724	11924
pa	1724	1725	11816
pa	1725	1726	11692
pa	1726	1727	11693
pa	1727	1728	11732
pa	1728	1729	11754
pa	1729	1730	11739
pa	1730	1731	11710
pa	1731	1732	11612
pa	1732	1733	11486
pa	1733	1734	11295
pa	1734	1735	11492
pa	1735	1736	11502
pa	1736	1737	11500
pa	1737	1738	11483
pa	1738	1739	11390
pa	1739	1740	11461
pa	1740	1741	11528
pa	1741	1742	11492
pa	1742	1743	11475
pa	1743	1744	11334
pa	1744	1745	11573
pa	1745	1746	11572
pa	1746	1747	11648
pa	1747	1748	11673
pa	1748	1749	11753
pa	1749	1750	11675
pa	1750	1751	11636
pa	1751	1752	11590
pa	1752	1753	11595
pa	1753	1754	11431
pa	1754	1755	11603
pa	1755	1756	11588
pa	1756	1757	11681
pa	1757	1758	11473
pa	1758	1759	11471
pa	1759	1760	11450
pa	1760	1761	11485
pa	1761	1762	11968
pa	1762	1763	11881
pa	1763	1764	11792
pa	1764	1765	11644
pa	1765	1766	11421
pa	1766	1767	11401
pa	1767	1768	11288
pa	1768	1769	11332
pa	1769	1770	11336
pa	1770	1771	10790
pa	1771	1772	10736
pa	1772	1773	10680
pa	1773	1774	10722
pa	1774	1775	11117
pa	1775	1776	11116
pa	1776	1777	11184
pa	1777	1778	11128
pa	1778	1779	11255
pa	1779	1780	11616
pa	1780	1781	11632
pa	1781	1782	11638
pa	1782	1783	11642
pa	1783	1784	10968
pa	1784	1785	10986
pa	1785	1786	10877
pa	1786	1787	11068
pa	1787	1788	11036
pa	1788	1789	10873
pa	1789	1790	10917
pa	1790	1791	10944
pa	1791	1792	11030
pa	1792	1793	11043
pa	1793	1794	11087
pa	1794	1795	11159
pa	1795	1796	10927
pa	1796	1797	10997
pa	1797	1798	10922
pa	1798	1799	10814
pa	1799	1800	10817
pa	1800	1801	10797
pa	1801	1802	10555
pa	1802	1803	10656
pa	1803	1804	10470
pa	1804	1805	10644
pa	1805	1806	10540
pa	1806	1807	10439
pa	1807	1808	10444
pa	1808	1809	10660
pa	1809	1810	10741
pa	1810	1811	10721
pa	1811	1812	10509
pa	1812	1813	10493
pa	1813	1814	10132
pa	1814	1815	10190
pa	1815	1816	10288
pa	1816	1817	10269
pa	1817	1818	10074
pa	1818	1819	10003
pa	1819	1820	9962
pa	1820	1821	9971
pa	1821	1822	9934
pa	1822	1823	9978
pa	1823	1824	9880
pa	1824	1825	10081
pa	1825	1826	10188
pa	1826	1827	10230
pa	1827	1828	10673
pa	1828	1830	10667
pa	1830	1831	10651
pa	1831	1832	10518
pa	1832	1833	10519
pa	1833	1834	10938
pa	1834	1835	10902
pa	1835	1836	10943
pa	1836	1837	10618
pa	1837	1838	10552
pa	1838	1839	10700
pa	1839	1840	10829
pa	1840	1841	10787
pa	1841	1842	10755
pa	1842	1843	10340
pa	1843	1844	10403
pa	1844	1845	10733
pa	1845	1846	10740
pa	1846	1847	10783
pa	1847	1848	10572
pa	1848	1849	10526
pa	1849	1850	10516
pa	1850	1851	10493
pa	1851	1852	10554
pa	1852	1853	10274
pa	1853	1854	9716
pa	1854	1855	9692
pa	1855	1856	9642
pa	1856	1857	9722
pa	1857	1858	9644
pa	1858	1859	9643
pa	1859	1860	9585
pa	1860	1861	9521
pa	1861	1862	9467
pa	1862	1863	9462
pa	1863	1864	9384
pa	1864	1865	9367
pa	1865	1866	9385
pa	1866	1867	9303
pa	1867	1868	9429
pa	1868	1869	9564
pa	1869	1870	9662
pa	1870	1871	9683
pa	1871	1872	9637
pa	1872	1873	9652
pa	1873	1874	9657
pa	1874	1875	9618
pa	1875	1876	9596
pa	1876	1877	9505
pa	1877	1878	9374
pa	1878	1879	9276
pa	1879	1880	9264
pa	1880	1881	9384
pa	1881	1882	9399
pa	1882	1883	9472
pa	1883	1884	9410
pa	1884	1885	9558
pa	1885	1886	9591
pa	1886	1887	9612
pa	1887	1888	9609
pa	1888	1889	9659
pa	1889	1890	9529
pa	1890	1891	9595
pa	1891	1892	9448
pa	1892	1893	9461
pa	1893	1894	9316
pa	1894	1895	9240
pa	1895	1896	9569
pa	1896	1897	9809
pa	1897	1898	9795
pa	1898	1899	9746
pa	1899	1900	9694
pa	1900	1901	9730
pa	1901	1902	9729
pa	1902	1903	9841
pa	1903	1904	9920
pa	1904	1905	9674
pa	1905	1906	9663
pa	1906	1907	9610
pa	1907	1908	9699
pa	1908	1909	9893
pa	1909	1910	9855
pa	1910	1911	9880
pa	1911	1912	9770
pa	1912	1913	9553
pa	1913	1914	9451
pa	1914	1915	9491
pa	1915	1916	9756
pa	1916	1917	9776
pa	1917	1918	9628
pa	1918	1919	9994
pa	1919	1920	9970
pa	1920	1921	10176
pa	1921	1922	10231
pa	1922	1923	10196
pa	1923	1924	10210
pa	1924	1925	9936
pa	1925	1926	9909
pa	1926	1927	9930
pa	1927	1928	9668
pa	1928	1929	9554
pa	1929	1930	9884
pa	1930	1931	9692
pa	1931	1932	9993
pa	1932	1933	9958
pa	1933	1934	9992
pa	1934	1935	9990
pa	1935	1936	9846
pa	1936	1937	9994
pa	1937	1938	9910
pa	1938	1939	9580
pa	1939	1940	9572
pa	1940	1941	9293
pa	1941	1942	9318
pa	1942	1943	9269
pa	1943	1944	9313
pa	1944	1945	9317
pa	1945	1946	9176
pa	1946	1947	9269
pa	1947	1948	9250
pa	1948	1949	9289
pa	1949	1950	9318
pa	1950	1951	9274
pa	1951	1952	9311
pa	1952	1953	9483
pa	1953	1954	9404
pa	1954	1955	9409
pa	1955	1956	9258
pa	1956	1957	9501
pa	1957	1958	9489
pa	1958	1959	9638
pa	1959	1960	9623
pa	1960	1961	9555
pa	1961	1962	9586
pa	1962	1963	9452
pa	1963	1964	9416
pa	1964	1965	9419
pa	1965	1966	9127
pa	1966	1967	10300
pa	1967	1968	10416
pa	1968	1969	10517
pa	1969	1970	10500
pa	1970	1971	10803
pa	1971	1972	10800
pa	1972	1973	10901
pa	1973	1974	10909
pa	1974	1975	10880
pa	1975	1976	9883
pa	1976	1977	9369
pa	1977	1978	9264
pa	1978	1979	9315
pa	1979	1980	9165
pa	1980	1981	9367
pa	1981	1982	9302
pa	1982	1983	9264
pa	1983	1984	9261
pa	1984	1985	9063
pa	1985	1986	9068
pa	1986	1987	9155
pa	1987	1988	9081
pa	1988	1989	8945
pa	1989	1990	8811
pa	1990	1991	8810
pa	1991	1992	8827
pa	1992	1993	8840
pa	1993	1994	8934
pa	1994	1995	9040
pa	1995	1996	8887
pa	1996	1997	9036
pa	1997	1998	9135
pa	1998	1999	9149
pa	1999	2000	9181
pa	2000	2001	9146
pa	2001	2002	9174
pa	2002	2003	9199
pa	2003	2004	9000
pa	2004	2006	9082
pa	2006	2007	9110
pa	2007	2008	9103
pa	2008	2009	9126
pa	2009	2010	9143
pa	2010	2011	9159
pa	2011	2012	9217
pa	2012	2013	9239
pa	2013	2014	9206
pa	2014	2015	9213
pa	2015	2016	9184
pa	2016	2017	9204
pa	2017	2018	9138
pa	2018	2019	9188
pa	2019	2020	9135
pa	2020	2021	9069
pa	2021	2022	9080
pa	2022	2023	9116
pa	2023	2024	9088
pa	2024	2026	9124
pa	2026	2027	9189
pa	2027	2028	9147
pa	2028	2029	9513
pa	2029	2030	9493
pa	2030	2031	9488
pa	2031	2032	9476
pa	2032	2033	9206
pa	2033	2034	9275
pa	2034	2035	9336
pa	2035	2036	9290
pa	2036	2037	9227
pa	2037	2038	9711
pa	2038	2039	9427
pa	2039	2040	9435
pa	2040	2041	9446
pa	2041	2042	9494
pa	2042	2043	9435
pa	2043	2044	9428
pa	2044	2045	9247
pa	2045	2046	9212
pa	2046	2047	8508
pa	2047	2048	8869
pa	2048	2049	8987
pa	2049	2050	8980
pa	2050	2051	8918
pa	2051	2052	8910
pa	2052	2053	8954
pa	2053	2054	8879
pa	2054	2055	8917
pa	2055	2056	9027
pa	2056	2057	8517
pa	2057	2058	8314
pa	2058	2059	8317
pa	2059	2060	8336
pa	2060	2061	8328
pa	2061	2062	8284
pa	2062	2063	8337
pa	2063	2064	8198
pa	2064	2065	8116
pa	2065	2066	8243
pa	2066	2067	8257
pa	2067	2068	8283
pa	2068	2069	8522
pa	2069	2070	8512
pa	2070	2071	8549
pa	2071	2072	8477
pa	2072	2073	8448
pa	2073	2074	8451
pa	2074	2075	8454
pa	2075	2076	8455
pa	2076	2077	8607
pa	2077	2078	8485
pa	2078	2079	8582
pa	2079	2080	8558
pa	2080	2081	8506
pa	2081	2082	9348
pa	2082	2083	9378
pa	2083	2084	9384
pa	2084	2085	9394
pa	2085	2086	8989
pa	2086	2087	9005
pa	2087	2088	8840
pa	2088	2089	8956
pa	2089	2090	9291
pa	2090	2091	8797
pa	2091	2092	9488
pa	2092	2093	9503
pa	2093	2094	9527
pa	2094	2095	9559
pa	2095	2096	9488
pa	2096	2097	9509
pa	2097	2098	9494
pa	2098	2099	9040
pa	2099	2100	9228
pa	2100	2101	8739
pa	2101	2102	8815
pa	2102	2103	8846
pa	2103	2104	8848
pa	2104	2105	8825
pa	2105	2106	9053
pa	2106	2107	9084
pa	2107	2108	9088
pa	2108	2109	8901
pa	2109	2110	8899
pa	2110	2111	8885
pa	2111	2112	8874
pa	2112	2113	8849
pa	2113	2114	8884
pa	2114	2115	8913
pa	2115	2116	8939
pa	2116	2117	8823
pa	2117	2118	8802
pa	2118	2119	8783
pa	2119	2120	8878
pa	2120	2121	8950
pa	2121	2122	9082
pa	2122	2123	9007
pa	2123	2124	8925
pa	2124	2125	9188
pa	2125	2126	9265
pa	2126	2127	9606
pa	2127	2128	9603
pa	2128	2129	9539
pa	2129	2130	9559
pa	2130	2131	9407
pa	2131	2132	9424
pa	2132	2133	9423
pa	2133	2134	9487
pa	2134	2135	9395
pa	2135	2136	9293
pa	2136	2137	9360
pa	2137	2138	9387
pa	2138	2139	9373
pa	2139	2140	9443
pa	2140	2141	9513
pa	2141	2142	9691
pa	2142	2143	9676
pa	2143	2144	9717
pa	2144	2145	9762
pa	2145	2146	9667
pa	2146	2147	9693
pa	2147	2148	9699
pa	2148	2149	9672
pa	2149	2150	9713
pa	2150	2151	9519
pa	2151	2152	9528
pa	2152	2153	9604
pa	2153	2155	9701
pa	2155	2156	9659
pa	2156	2157	9680
pa	2157	2158	9647
pa	2158	2159	9736
pa	2159	2160	9590
pa	2160	2161	9575
pa	2161	2162	9466
pa	2162	2163	9366
pa	2163	2164	9342
pa	2164	2165	9452
pa	2165	2166	9364
pa	2166	2167	9479
pa	2167	2168	9281
pa	2168	2169	9391
pa	2169	2170	9327
pa	2170	2171	9300
pa	2171	2172	9268
pa	2172	2173	9203
pa	2173	2174	8816
pa	2174	2175	8813
pa	2175	2176	8481
pa	2176	2177	8232
pa	2177	2178	7907
pa	2178	2179	7642
pa	2179	2180	7610
pa	2180	2181	7609
pa	2181	2182	7576
pa	2182	2183	7360
pa	2183	2184	7272
pa	2184	2185	7237
pa	2185	2186	7231
pa	2186	2187	7137
pa	2187	2188	7059
pa	2188	2189	7035
pa	2189	2190	7024
pa	2190	2191	6944
pa	2191	2192	6920
pa	2192	2193	6644
pa	2193	2194	6533
pa	2194	2195	6436
pa	2195	2196	6315
pa	2196	2197	6263
pa	2197	2198	5896
pa	2198	2199	5875
pa	2199	2200	5850
pa	2200	2201	5789
pa	2201	2202	5705
pa	2202	2203	5482
pa	2203	2204	5475
pa	2204	2205	5344
pa	2205	2206	5307
pa	2206	2207	4212
pa	2207	2208	4025
pa	2208	2209	3808
pa	2209	2210	3758
pa	2210	2211	3745
pa	2211	2212	3621
pa	2212	2213	3619
pa	2213	2214	3609
pa	2214	2215	3573
pa	2215	2216	3518
pa	2216	2217	2099
pa	2217	2218	2089
pa	2218	2219	2059
pa	2219	2220	2026
pa	2220	2221	2016
pa	2221	2222	1877
pa	2222	2223	1860
pa	2223	2224	1788
pa	2224	2225	1780
pa	2225	2226	1746
pa	2226	2227	1665
pa	2227	2228	1623
pa	2228	2229	1489
pa	2229	2230	1418
pa	2230	2231	1374
pa	2231	2232	1342
pa	2232	2233	386
ha	0	1	5307
ha	1	2	6240
ha	2	3	6287
ha	3	4	6309
ha	4	5	6727
ha	5	6	7109
ha	6	7	7191
ha	7	8	7244
ha	8	9	7494
ha	9	10	7508
ha	10	11	7686
ha	11	12	7857
ha	12	13	8471
ha	13	14	8524
ha	14	15	8545
ha	15	16	8581
ha	16	17	8766
ha	17	18	8805
ha	18	19	9099
ha	19	20	9152
ha	20	21	9376
ha	21	22	9402
ha	22	23	10544
ha	23	24	10611
ha	24	25	10716
ha	25	26	10757
ha	26	27	10940
ha	27	28	11035
ha	28	29	11530
ha	29	30	11556
ha	30	31	11928
ha	31	32	11984
ha	32	33	12002
ha	33	34	12272
ha	34	35	12338
ha	35	36	14656
ha	36	37	14792
ha	37	38	14866
ha	38	39	16090
ha	39	40	16158
ha	40	41	18446
ha	41	42	18501
ha	42	43	18561
ha	43	44	18598
ha	44	45	18688
ha	45	46	19035
ha	46	47	19133
ha	47	48	19234
ha	48	49	19692
ha	49	50	19526
ha	50	51	20118
ha	51	52	20168
ha	52	53	20332
ha	53	54	20409
ha	54	55	20374
ha	55	56	20704
ha	56	57	21615
ha	57	58	22335
ha	58	59	22372
ha	59	60	22190
ha	60	61	22394
ha	61	62	22402
ha	62	63	22613
ha	63	64	22692
ha	64	65	22687
ha	65	66	22517
ha	66	67	23329
ha	67	68	23606
ha	68	69	23608
ha	69	70	23657
ha	70	71	23702
ha	71	72	23755
ha	72	73	23758
ha	73	74	23761
ha	74	75	23872
ha	75	76	23457
ha	76	77	23597
ha	77	78	23629
ha	78	79	23646
ha	79	80	23660
ha	80	81	23570
ha	81	82	24478
ha	82	83	24465
ha	83	84	24400
ha	84	85	24556
ha	85	86	24564
ha	86	87	24824
ha	87	88	24841
ha	88	89	24831
ha	89	90	24836
ha	90	91	24160
ha	91	92	24796
ha	92	93	24846
ha	93	94	24852
ha	94	95	24935
ha	95	96	24790
ha	96	97	25178
ha	97	98	25181
ha	98	99	25267
ha	99	100	25150
ha	100	101	24850
ha	101	102	24735
ha	102	103	24740
ha	103	104	24817
ha	104	105	24830
ha	105	106	25815
ha	106	107	25464
ha	107	108	25648
ha	108	109	25576
ha	109	110	25631
ha	110	111	25719
ha	111	112	25654
ha	112	113	25596
ha	113	114	25579
ha	114	115	24717
ha	115	116	25065
ha	116	117	24874
ha	117	118	24931
ha	118	119	24942
ha	119	120	24841
ha	120	121	25004
ha	121	122	25064
ha	122	123	25067
ha	123	124	25162
ha	124	125	24869
ha	125	126	24750
ha	126	127	24768
ha	127	128	24524
ha	128	129	24887
ha	129	130	24684
ha	130	131	24690
ha	131	132	24532
ha	132	133	24325
ha	133	134	24553
ha	134	135	24495
ha	135	136	24513
ha	136	137	24675
ha	137	138	23866
ha	138	139	23820
ha	139	140	23680
ha	140	141	23526
ha	141	142	23648
ha	142	143	23038
ha	143	144	22979
ha	144	145	22964
ha	145	146	22695
ha	146	147	22681
ha	147	148	22791
ha	148	149	22662
ha	149	150	23085
ha	150	151	23033
ha	151	152	23471
ha	152	153	23436
ha	153	154	23369
ha	154	155	23407
ha	155	156	23331
ha	156	157	23128
ha	157	158	23074
ha	158	159	20617
ha	159	160	20704
ha	160	161	21199
ha	161	162	21925
ha	162	163	21857
ha	163	164	21851
ha	164	165	21793
ha	165	166	22009
ha	166	167	22104
ha	167	168	22290
ha	168	169	22225
ha	169	170	20369
ha	170	171	20276
ha	171	172	20202
ha	172	173	20091
ha	173	174	19892
ha	174	175	19870
ha	175	176	19835
ha	176	177	19797
ha	177	178	19787
ha	178	179	19725
ha	179	180	19715
ha	180	181	19573
ha	181	182	19360
ha	182	183	19334
ha	183	184	18844
ha	184	185	18901
ha	185	186	18456
ha	186	187	18684
ha	187	188	18450
ha	188	189	18907
ha	189	190	18939
ha	190	191	18955
ha	191	192	18781
ha	192	193	18796
ha	193	194	18768
ha	194	195	18732
ha	195	196	18399
ha	196	197	18606
ha	197	198	18078
ha	198	199	18203
ha	199	200	17942
ha	200	201	17985
ha	201	202	18102
ha	202	203	18756
ha	203	204	19084
ha	204	205	18946
ha	205	206	18936
ha	206	207	18796
ha	207	208	19131
ha	208	209	19116
ha	209	210	19096
ha	210	211	19098
ha	211	212	18231
ha	212	213	18232
ha	213	214	18259
ha	214	215	18430
ha	215	216	18249
ha	216	217	18062
ha	217	218	18092
ha	218	219	18118
ha	219	220	18252
ha	220	221	18235
ha	221	222	18048
ha	222	223	17881
ha	223	224	17916
ha	224	225	17951
ha	225	226	18345
ha	226	227	18460
ha	227	228	19316
ha	228	229	19290
ha	229	230	19315
ha	230	231	19298
ha	231	232	19300
ha	232	233	19332
ha	233	234	19312
ha	234	235	19728
ha	235	236	19714
ha	236	237	18926
ha	237	238	19441
ha	238	239	19513
ha	239	240	20424
ha	240	241	20637
ha	241	242	20654
ha	242	243	21092
ha	243	244	20364
ha	244	245	20676
ha	245	246	20632
ha	246	247	20367
ha	247	248	20491
ha	248	249	20104
ha	249	250	19861
ha	250	251	20065
ha	251	252	19921
ha	252	253	19918
ha	253	254	19900
ha	254	255	19862
ha	255	256	20005
ha	256	257	19915
ha	257	258	19833
ha	258	259	19972
ha	259	260	19928
ha	260	261	19986
ha	261	262	20166
ha	262	263	20178
ha	263	264	20289
ha	264	265	20141
ha	265	266	20022
ha	266	267	19944
ha	267	268	20332
ha	268	269	20291
ha	269	270	20265
ha	270	271	20079
ha	271	272	20097
ha	272	273	20029
ha	273	274	20075
ha	274	275	19991
ha	275	276	20055
ha	276	277	19810
ha	277	278	19784
ha	278	279	19711
ha	279	280	19676
ha	280	281	19859
ha	281	282	19823
ha	282	283	20117
ha	283	284	20145
ha	284	285	20193
ha	285	286	20348
ha	286	287	20298
ha	287	288	20313
ha	288	289	20339
ha	289	290	20003
ha	290	291	20120
ha	291	292	19663
ha	292	293	20131
ha	293	294	20133
ha	294	295	20126
ha	295	296	20187
ha	296	297	20165
ha	297	298	20154
ha	298	299	20306
ha	299	300	20108
ha	300	301	19785
ha	301	302	19011
ha	302	303	18921
ha	303	304	20690
ha	304	305	20577
ha	305	306	20815
ha	306	307	20926
ha	307	308	20759
ha	308	309	22421
ha	309	310	22415
ha	310	311	22635
ha	311	312	22590
ha	312	313	19330
ha	313	314	19495
ha	314	315	19277
ha	315	316	19211
ha	316	317	19184
ha	317	318	17968
ha	318	319	17978
ha	319	320	17596
ha	320	321	17562
ha	321	322	18068
ha	322	323	17993
ha	323	324	17991
ha	324	325	17954
ha	325	327	17919
ha	327	328	17963
ha	328	329	17966
ha	329	330	17891
ha	330	331	17305
ha	331	332	17724
ha	332	333	17889
ha	333	334	17903
ha	334	335	17893
ha	335	336	17883
ha	336	337	17871
ha	337	338	17893
ha	338	339	17739
ha	339	340	17843
ha	340	341	17641
ha	341	342	17325
ha	342	343	18193
ha	343	344	18138
ha	344	345	18292
ha	345	346	18311
ha	346	347	18413
ha	347	348	18715
ha	348	349	18627
ha	349	350	18577
ha	350	351	18582
ha	351	352	17576
ha	352	353	17613
ha	353	354	17408
ha	354	355	17377
ha	355	356	17031
ha	356	357	17012
ha	357	358	16990
ha	358	359	17287
ha	359	360	17268
ha	360	361	17366
ha	361	362	17285
ha	362	363	17268
ha	363	364	17162
ha	364	365	17248
ha	365	366	16778
ha	366	367	16972
ha	367	368	16230
ha	368	369	16432
ha	369	370	16333
ha	370	371	16377
ha	371	372	16353
ha	372	373	16256
ha	373	374	16357
ha	374	375	16023
ha	375	376	15571
ha	376	377	15656
ha	377	378	15394
ha	378	379	15486
ha	379	380	15424
ha	380	381	15617
ha	381	382	15564
ha	382	383	15416
ha	383	384	15267
ha	384	385	15359
ha	385	386	15289
ha	386	387	15320
ha	387	388	15233
ha	388	389	15157
ha	389	390	14787
ha	390	391	14913
ha	391	392	14633
ha	392	393	14673
ha	393	394	14653
ha	394	395	14017
ha	395	396	14660
ha	396	397	14519
ha	397	398	14614
ha	398	399	14626
ha	399	400	14359
ha	400	401	14377
ha	401	402	14325
ha	402	403	14335
ha	403	404	14339
ha	404	405	13510
ha	405	406	13482
ha	406	407	13477
ha	407	408	13483
ha	408	409	13398
ha	409	410	13526
ha	410	411	13617
ha	411	412	13640
ha	412	413	13603
ha	413	414	13423
ha	414	415	13666
ha	415	416	14191
ha	416	417	14222
ha	417	418	14246
ha	418	419	14226
ha	419	420	14065
ha	420	421	14164
ha	421	422	14238
ha	422	423	14236
ha	423	424	14118
ha	424	425	13800
ha	425	426	14428
ha	426	427	14723
ha	427	428	14873
ha	428	429	14864
ha	429	430	14941
ha	430	431	14928
ha	431	432	14889
ha	432	433	14931
ha	433	434	14737
ha	434	435	14801
ha	435	436	14300
ha	436	437	14290
ha	437	438	14304
ha	438	439	14155
ha	439	440	14132
ha	440	441	14196
ha	441	442	14206
ha	442	443	14143
ha	443	444	14056
ha	444	445	13947
ha	445	446	14063
ha	446	447	14132
ha	447	448	14388
ha	448	449	14489
ha	449	450	14434
ha	450	451	14458
ha	451	452	14457
ha	452	453	14509
ha	453	454	14469
ha	454	455	14067
ha	455	456	14186
ha	456	457	13948
ha	457	458	14042
ha	458	459	14924
ha	459	460	14962
ha	460	461	15313
ha	461	462	15187
ha	462	463	15201
ha	463	464	15160
ha	464	465	14949
ha	465	466	15091
ha	466	467	15142
ha	467	468	13996
ha	468	469	14394
ha	469	470	13988
ha	470	471	14190
ha	471	472	14143
ha	472	473	14098
ha	473	474	14142
ha	474	475	13959
ha	475	476	14033
ha	476	477	14032
ha	477	478	13926
ha	478	479	14016
ha	479	480	14512
ha	480	481	14445
ha	481	482	14521
ha	482	483	14426
ha	483	484	15102
ha	484	485	15209
ha	485	486	15236
ha	486	487	15318
ha	487	488	15087
ha	488	489	14381
ha	489	490	14402
ha	490	491	14351
ha	491	492	14352
ha	492	493	13648
ha	493	494	13618
ha	494	495	13554
ha	495	496	13540
ha	496	497	13585
ha	497	498	13528
ha	498	499	13557
ha	499	500	13563
ha	500	501	13791
ha	501	502	13793
ha	502	503	13739
ha	503	504	13752
ha	504	505	13800
ha	505	506	13758
ha	506	507	13834
ha	507	508	13856
ha	508	509	13743
ha	509	510	13950
ha	510	511	13811
ha	511	512	13920
ha	512	513	13957
ha	513	514	13923
ha	514	515	14103
ha	515	516	14100
ha	516	517	14155
ha	517	518	14249
ha	518	519	13937
ha	519	520	14059
ha	520	521	13925
ha	521	522	14079
ha	522	523	14155
ha	523	524	14018
ha	524	525	13922
ha	525	526	13841
ha	526	527	13956
ha	527	528	13938
ha	528	529	13953
ha	529	530	13930
ha	530	531	13735
ha	531	532	13694
ha	532	533	13681
ha	533	534	13641
ha	534	535	13823
ha	535	536	13457
ha	536	537	13393
ha	537	538	13407
ha	538	539	13348
ha	539	540	14113
ha	540	541	14128
ha	541	542	14109
ha	542	543	14102
ha	543	544	14119
ha	544	545	14136
ha	545	546	14093
ha	546	547	14273
ha	547	548	14126
ha	548	549	13670
ha	549	550	13465
ha	550	551	13657
ha	551	552	14229
ha	552	553	13990
ha	553	554	14057
ha	554	555	13987
ha	555	556	13680
ha	556	557	13706
ha	557	558	13520
ha	558	559	13673
ha	559	560	13404
ha	560	561	12520
ha	561	562	12449
ha	562	563	13029
ha	563	564	13328
ha	564	565	13409
ha	565	566	13369
ha	566	567	13393
ha	567	568	15363
ha	568	569	15361
ha	569	570	15541
ha	570	571	15527
ha	571	572	15024
ha	572	573	15014
ha	573	574	14966
ha	574	575	15008
ha	575	576	15013
ha	576	577	13860
ha	577	578	13794
ha	578	579	13889
ha	579	580	13920
ha	580	581	13934
ha	581	582	13974
ha	582	583	14071
ha	583	584	14103
ha	584	585	14089
ha	585	586	14027
ha	586	587	14296
ha	587	588	14304
ha	588	589	14739
ha	589	590	15564
ha	590	591	16280
ha	591	592	17029
ha	592	593	17020
ha	593	594	17031
ha	594	595	17046
ha	595	596	17104
ha	596	597	17075
ha	597	598	16978
ha	598	599	16980
ha	599	600	16040
ha	600	601	16414
ha	601	602	16198
ha	602	603	16335
ha	603	604	16358
ha	604	605	16252
ha	605	606	16510
ha	606	607	16410
ha	607	608	16431
ha	608	609	16395
ha	609	610	16117
ha	610	611	16179
ha	611	612	16074
ha	612	613	16348
ha	613	614	16517
ha	614	615	16330
ha	615	616	16582
ha	616	617	16576
ha	617	618	16904
ha	618	619	16978
ha	619	620	16884
ha	620	621	16880
ha	621	622	16944
ha	622	623	16584
ha	623	624	16954
ha	624	625	16657
ha	625	626	16789
ha	626	627	16872
ha	627	628	16606
ha	628	629	16661
ha	629	630	16948
ha	630	631	16863
ha	631	632	16974
ha	632	633	16391
ha	633	634	16449
ha	634	635	16309
ha	635	636	16260
ha	636	637	16427
ha	637	638	16348
ha	638	639	16367
ha	639	640	16283
ha	640	641	16258
ha	641	642	16137
ha	642	643	16144
ha	643	644	16246
ha	644	645	15997
ha	645	646	16156
ha	646	647	16110
ha	647	648	16345
ha	648	649	16370
ha	649	650	16143
ha	650	651	16124
ha	651	652	16012
ha	652	653	15935
ha	653	654	15830
ha	654	655	15916
ha	655	656	15639
ha	656	657	15411
ha	657	658	15032
ha	658	659	15155
ha	659	660	15227
ha	660	661	15226
ha	661	662	14850
ha	662	663	15249
ha	663	664	15365
ha	664	665	15295
ha	665	666	15740
ha	666	667	15902
ha	667	668	15730
ha	668	669	15855
ha	669	670	15694
ha	670	671	15651
ha	671	672	15534
ha	672	673	15197
ha	673	674	15232
ha	674	675	14943
ha	675	676	14709
ha	676	677	14702
ha	677	678	14697
ha	678	679	14752
ha	679	680	14921
ha	680	681	14964
ha	681	682	14825
ha	682	683	14728
ha	683	684	14707
ha	684	685	14735
ha	685	686	15191
ha	686	687	15549
ha	687	688	15363
ha	688	689	15417
ha	689	690	15233
ha	690	691	15308
ha	691	692	15541
ha	692	693	15529
ha	693	694	15627
ha	694	695	15317
ha	695	696	14597
ha	696	697	14648
ha	697	698	14664
ha	698	699	14811
ha	699	700	14796
ha	700	701	14450
ha	701	702	14477
ha	702	703	14383
ha	703	704	14441
ha	704	705	14482
ha	705	706	14414
ha	706	707	14584
ha	707	708	14460
ha	708	709	14497
ha	709	710	14560
ha	710	711	14607
ha	711	712	14629
ha	712	713	14630
ha	713	714	14617
ha	714	715	14733
ha	715	716	14734
ha	716	717	14419
ha	717	718	14378
ha	718	719	14847
ha	719	720	14840
ha	720	721	14820
ha	721	722	14793
ha	722	723	14797
ha	723	724	14887
ha	724	725	14875
ha	725	726	14760
ha	726	727	14759
ha	727	728	14709
ha	728	729	14741
ha	729	730	14757
ha	730	731	15030
ha	731	732	15010
ha	732	733	14830
ha	733	734	14807
ha	734	735	14779
ha	735	736	14829
ha	736	737	14559
ha	737	738	14557
ha	738	739	14521
ha	739	740	14359
ha	740	741	14081
ha	741	742	14487
ha	742	743	14508
ha	743	744	14665
ha	744	745	14682
ha	745	746	14669
ha	746	747	14731
ha	747	748	14738
ha	748	749	14767
ha	749	750	14855
ha	750	751	14247
ha	751	752	14197
ha	752	753	14072
ha	753	754	14085
ha	754	755	14301
ha	755	756	14124
ha	756	757	14121
ha	757	758	13944
ha	758	759	13956
ha	759	760	15296
ha	760	761	15295
ha	761	762	15323
ha	762	763	15261
ha	763	764	15029
ha	764	765	15101
ha	765	766	15111
ha	766	767	15120
ha	767	768	15122
ha	768	769	13711
ha	769	770	14586
ha	770	771	15098
ha	771	772	15697
ha	772	773	15818
ha	773	774	15776
ha	774	775	15799
ha	775	776	15870
ha	776	777	15825
ha	777	778	15787
ha	778	779	15818
ha	779	780	14941
ha	780	781	14570
ha	781	782	14630
ha	782	783	14676
ha	783	784	14703
ha	784	785	14657
ha	785	786	15009
ha	786	787	14981
ha	787	788	14970
ha	788	789	14948
ha	789	790	14628
ha	790	791	14705
ha	791	792	14703
ha	792	793	14829
ha	793	794	14826
ha	794	795	14327
ha	795	796	14407
ha	796	797	14401
ha	797	798	14448
ha	798	799	14394
ha	799	800	14321
ha	800	801	14256
ha	801	802	14335
ha	802	803	14016
ha	803	804	14196
ha	804	805	14127
ha	805	806	14036
ha	806	807	14066
ha	807	808	14071
ha	808	809	14118
ha	809	810	14119
ha	810	811	13999
ha	811	812	13944
ha	812	813	13450
ha	813	814	13455
ha	814	815	13430
ha	815	816	13502
ha	816	817	13499
ha	817	818	13385
ha	818	819	13415
ha	819	820	13292
ha	820	821	15371
ha	821	822	16236
ha	822	823	16190
ha	823	824	16728
ha	824	825	16741
ha	825	826	17148
ha	826	827	17971
ha	827	828	18038
ha	828	829	18267
ha	829	830	17369
ha	830	831	17092
ha	831	832	17074
ha	832	833	16935
ha	833	834	16981
ha	834	835	17296
ha	835	836	16841
ha	836	837	16766
ha	837	838	16870
ha	838	839	16680
ha	839	840	16850
ha	840	841	16884
ha	841	842	16970
ha	842	843	16926
ha	843	844	16571
ha	844	845	16857
ha	845	846	16803
ha	846	847	17003
ha	847	848	16964
ha	848	849	16996
ha	849	850	17340
ha	850	851	17457
ha	851	852	17446
ha	852	853	17414
ha	853	854	17354
ha	854	855	17362
ha	855	856	17430
ha	856	857	17466
ha	857	858	17395
ha	858	859	17650
ha	859	860	17362
ha	860	861	17753
ha	861	862	17704
ha	862	863	17698
ha	863	864	17822
ha	864	865	17634
ha	865	866	18166
ha	866	867	18132
ha	867	868	17922
ha	868	869	18028
ha	869	870	17591
ha	870	871	17826
ha	871	872	17749
ha	872	873	17483
ha	873	874	17477
ha	874	875	16617
ha	875	876	16834
ha	876	877	16712
ha	877	878	16691
ha	878	879	16919
ha	879	880	16639
ha	880	881	16909
ha	881	882	16813
ha	882	883	17093
ha	883	884	18430
ha	884	885	18645
ha	885	886	18657
ha	886	887	18545
ha	887	888	18101
ha	888	889	18078
ha	889	890	17808
ha	890	891	17819
ha	891	892	17510
ha	892	893	16680
ha	893	894	15770
ha	894	895	16436
ha	895	896	16439
ha	896	897	16518
ha	897	898	16500
ha	898	899	16126
ha	899	900	16106
ha	900	901	16289
ha	901	902	16205
ha	902	903	16332
ha	903	904	15416
ha	904	905	15362
ha	905	906	15254
ha	906	907	15315
ha	907	908	15600
ha	908	909	15765
ha	909	910	15467
ha	910	911	15207
ha	911	912	15037
ha	912	913	15011
ha	913	914	15049
ha	914	915	15656
ha	915	916	15567
ha	916	917	15154
ha	917	918	15112
ha	918	919	15060
ha	919	920	15063
ha	920	921	15018
ha	921	922	14891
ha	922	923	14681
ha	923	924	13768
ha	924	925	13531
ha	925	926	13609
ha	926	927	13533
ha	927	928	13593
ha	928	929	13666
ha	929	930	13641
ha	930	931	14038
ha	931	932	14037
ha	932	933	14179
ha	933	934	14266
ha	934	935	14271
ha	935	936	14704
ha	936	937	14679
ha	937	938	14693
ha	938	939	14735
ha	939	940	14383
ha	940	941	14469
ha	941	942	14251
ha	942	943	14211
ha	943	944	14735
ha	944	945	14474
ha	945	946	14534
ha	946	947	14717
ha	947	948	14711
ha	948	949	15186
ha	949	950	15083
ha	950	951	15099
ha	951	952	15188
ha	952	953	14919
ha	953	954	16484
ha	954	955	16726
ha	955	956	16718
ha	956	957	17001
ha	957	958	16551
ha	958	959	16648
ha	959	960	16425
ha	960	961	16621
ha	961	962	16995
ha	962	963	16304
ha	963	964	16226
ha	964	965	16245
ha	965	966	16089
ha	966	967	16335
ha	967	968	16250
ha	968	969	17771
ha	969	970	17686
ha	970	971	17500
ha	971	972	17317
ha	972	973	17157
ha	973	974	17192
ha	974	975	17182
ha	975	976	17129
ha	976	977	17085
ha	977	978	15977
ha	978	979	15965
ha	979	980	15812
ha	980	981	16150
ha	981	982	16533
ha	982	983	16550
ha	983	984	16616
ha	984	985	16597
ha	985	986	16853
ha	986	987	16981
ha	987	988	17147
ha	988	989	17235
ha	989	990	17177
ha	990	991	16865
ha	991	992	16808
ha	992	993	16771
ha	993	994	16826
ha	994	995	16823
ha	995	996	16815
ha	996	997	17068
ha	997	998	17049
ha	998	999	17140
ha	999	1000	17142
ha	1000	1001	17168
ha	1001	1002	17135
ha	1002	1003	17219
ha	1003	1004	17311
ha	1004	1005	17451
ha	1005	1006	17432
ha	1006	1007	17300
ha	1007	1008	17447
ha	1008	1009	17568
ha	1009	1010	17752
ha	1010	1011	17716
ha	1011	1012	18047
ha	1012	1013	17843
ha	1013	1014	17824
ha	1014	1015	17826
ha	1015	1016	17822
ha	1016	1017	17835
ha	1017	1018	17825
ha	1018	1019	17606
ha	1019	1020	17584
ha	1020	1021	17377
ha	1021	1022	17470
ha	1022	1023	17502
ha	1023	1024	17807
ha	1024	1025	17886
ha	1025	1026	17748
ha	1026	1027	18104
ha	1027	1028	18099
ha	1028	1029	18566
ha	1029	1030	18577
ha	1030	1031	18382
ha	1031	1032	18225
ha	1032	1033	17755
ha	1033	1034	17519
ha	1034	1035	17623
ha	1035	1036	17231
ha	1036	1037	17494
ha	1037	1038	17280
ha	1038	1039	17082
ha	1039	1040	17102
ha	1040	1041	16997
ha	1041	1042	17031
ha	1042	1043	17141
ha	1043	1044	17234
ha	1044	1045	17017
ha	1045	1046	16947
ha	1046	1047	16389
ha	1047	1048	16383
ha	1048	1049	16361
ha	1049	1050	16286
ha	1050	1051	16338
ha	1051	1052	16170
ha	1052	1053	16358
ha	1053	1054	16295
ha	1054	1055	16205
ha	1055	1056	16346
ha	1056	1057	16380
ha	1057	1058	16316
ha	1058	1059	16415
ha	1059	1060	16322
ha	1060	1061	16295
ha	1061	1062	16350
ha	1062	1063	15935
ha	1063	1064	16046
ha	1064	1065	15945
ha	1065	1066	15748
ha	1066	1067	15665
ha	1067	1068	15532
ha	1068	1069	16124
ha	1069	1070	15996
ha	1070	1071	15966
ha	1071	1072	15986
ha	1072	1073	15834
ha	1073	1074	15865
ha	1074	1075	15889
ha	1075	1076	15997
ha	1076	1077	15909
ha	1077	1078	15509
ha	1078	1079	15721
ha	1079	1080	15766
ha	1080	1081	16120
ha	1081	1082	16116
ha	1082	1083	16013
ha	1083	1084	15816
ha	1084	1085	17234
ha	1085	1086	18842
ha	1086	1087	19383
ha	1087	1088	19163
ha	1088	1089	19232
ha	1089	1090	19431
ha	1090	1091	19558
ha	1091	1092	19488
ha	1092	1093	19367
ha	1093	1094	19425
ha	1094	1095	16038
ha	1095	1096	15961
ha	1096	1097	15844
ha	1097	1098	15942
ha	1098	1099	15805
ha	1099	1100	15814
ha	1100	1101	15833
ha	1101	1102	15825
ha	1102	1103	15753
ha	1103	1104	15763
ha	1104	1105	15616
ha	1105	1106	15588
ha	1106	1107	15452
ha	1107	1108	15558
ha	1108	1109	15622
ha	1109	1110	15855
ha	1110	1111	15814
ha	1111	1112	15722
ha	1112	1113	15681
ha	1113	1114	16027
ha	1114	1115	16246
ha	1115	1116	16228
ha	1116	1117	16132
ha	1117	1118	16201
ha	1118	1119	16071
ha	1119	1120	16022
ha	1120	1121	16270
ha	1121	1122	16427
ha	1122	1123	16192
ha	1123	1124	16109
ha	1124	1125	16398
ha	1125	1126	17180
ha	1126	1127	17280
ha	1127	1128	17395
ha	1128	1129	17367
ha	1129	1130	17744
ha	1130	1131	17973
ha	1131	1132	18049
ha	1132	1133	17981
ha	1133	1134	17800
ha	1134	1135	17932
ha	1135	1136	17713
ha	1136	1137	17753
ha	1137	1138	18638
ha	1138	1139	18257
ha	1139	1140	17908
ha	1140	1141	17922
ha	1141	1142	17972
ha	1142	1143	18733
ha	1143	1144	18494
ha	1144	1145	18088
ha	1145	1146	18093
ha	1146	1147	17594
ha	1147	1148	18300
ha	1148	1149	19093
ha	1149	1150	19384
ha	1150	1151	19390
ha	1151	1152	18906
ha	1152	1153	19227
ha	1153	1154	19274
ha	1154	1155	19441
ha	1155	1156	19518
ha	1156	1157	18920
ha	1157	1158	19264
ha	1158	1159	19166
ha	1159	1160	19648
ha	1160	1161	19811
ha	1161	1162	19816
ha	1162	1163	19578
ha	1163	1164	19420
ha	1164	1165	19338
ha	1165	1166	19296
ha	1166	1167	19350
ha	1167	1168	18899
ha	1168	1169	19089
ha	1169	1170	19000
ha	1170	1171	19044
ha	1171	1172	19269
ha	1172	1173	19238
ha	1173	1174	19671
ha	1174	1175	19579
ha	1175	1176	19566
ha	1176	1177	19576
ha	1177	1178	19802
ha	1178	1179	19556
ha	1179	1180	19412
ha	1180	1181	19264
ha	1181	1182	19289
ha	1182	1183	19089
ha	1183	1184	19167
ha	1184	1185	19683
ha	1185	1186	19673
ha	1186	1187	19588
ha	1187	1188	19514
ha	1188	1189	19574
ha	1189	1190	19567
ha	1190	1191	19923
ha	1191	1192	20303
ha	1192	1193	20688
ha	1193	1194	20576
ha	1194	1195	20317
ha	1195	1196	20669
ha	1196	1197	21923
ha	1197	1198	21952
ha	1198	1199	22029
ha	1199	1200	21774
ha	1200	1201	21505
ha	1201	1202	21222
ha	1202	1203	21967
ha	1203	1204	21902
ha	1204	1205	22220
ha	1205	1206	21300
ha	1206	1207	21297
ha	1207	1208	21412
ha	1208	1209	22292
ha	1209	1210	22454
ha	1210	1211	22471
ha	1211	1212	22027
ha	1212	1213	21940
ha	1213	1214	21763
ha	1214	1215	21793
ha	1215	1216	22252
ha	1216	1217	22306
ha	1217	1218	21723
ha	1218	1219	21532
ha	1219	1220	21389
ha	1220	1221	22010
ha	1221	1222	22166
ha	1222	1223	22123
ha	1223	1224	22234
ha	1224	1225	21819
ha	1225	1226	22328
ha	1226	1227	22322
ha	1227	1228	22324
ha	1228	1229	22275
ha	1229	1230	21876
ha	1230	1231	21784
ha	1231	1232	22010
ha	1232	1233	21952
ha	1233	1234	22064
ha	1234	1235	21696
ha	1235	1236	21686
ha	1236	1237	22200
ha	1237	1238	22412
ha	1238	1239	22509
ha	1239	1240	22552
ha	1240	1241	22428
ha	1241	1242	22285
ha	1242	1243	22482
ha	1243	1244	22178
ha	1244	1245	22280
ha	1245	1246	21923
ha	1246	1247	22144
ha	1247	1248	22010
ha	1248	1249	22978
ha	1249	1250	22887
ha	1250	1251	22852
ha	1251	1252	22669
ha	1252	1253	22630
ha	1253	1254	22393
ha	1254	1255	22392
ha	1255	1256	22228
ha	1256	1257	22115
ha	1257	1258	21183
ha	1258	1259	21949
ha	1259	1260	21938
ha	1260	1261	21940
ha	1261	1262	22030
ha	1262	1263	22082
ha	1263	1264	22061
ha	1264	1265	21940
ha	1265	1266	21904
ha	1266	1267	21909
ha	1267	1268	22460
ha	1268	1269	21184
ha	1269	1270	22109
ha	1270	1271	22083
ha	1271	1272	22014
ha	1272	1273	22221
ha	1273	1274	22268
ha	1274	1275	22241
ha	1275	1276	22112
ha	1276	1277	21323
ha	1277	1278	21728
ha	1278	1279	22171
ha	1279	1280	21986
ha	1280	1281	21964
ha	1281	1282	21783
ha	1282	1283	22009
ha	1283	1284	22028
ha	1284	1285	22158
ha	1285	1286	22036
ha	1286	1287	22032
ha	1287	1288	22282
ha	1288	1289	21460
ha	1289	1290	22369
ha	1290	1291	22565
ha	1291	1292	22530
ha	1292	1293	22486
ha	1293	1294	22196
ha	1294	1295	22337
ha	1295	1296	22083
ha	1296	1297	22400
ha	1297	1298	22681
ha	1298	1299	22007
ha	1299	1300	21916
ha	1300	1301	21887
ha	1301	1302	22044
ha	1302	1303	22221
ha	1303	1304	22121
ha	1304	1305	22078
ha	1305	1306	22108
ha	1306	1307	22163
ha	1307	1308	22587
ha	1308	1309	22749
ha	1309	1310	22792
ha	1310	1311	22795
ha	1311	1312	22668
ha	1312	1313	23074
ha	1313	1314	23145
ha	1314	1315	23150
ha	1315	1316	23263
ha	1316	1317	23086
ha	1317	1318	22936
ha	1318	1319	23018
ha	1319	1320	22995
ha	1320	1321	23089
ha	1321	1322	22898
ha	1322	1323	23330
ha	1323	1324	23413
ha	1324	1325	23607
ha	1325	1326	24510
ha	1326	1327	24992
ha	1327	1328	25044
ha	1328	1329	25011
ha	1329	1330	24976
ha	1330	1331	25031
ha	1331	1332	24742
ha	1332	1333	25244
ha	1333	1334	25694
ha	1334	1335	25167
ha	1335	1336	25173
ha	1336	1337	25053
ha	1337	1338	25162
ha	1338	1339	26005
ha	1339	1340	26007
ha	1340	1341	26719
ha	1341	1342	27586
ha	1342	1343	27257
ha	1343	1344	27743
ha	1344	1345	27735
ha	1345	1346	27746
ha	1346	1347	28116
ha	1347	1348	27167
ha	1348	1349	27246
ha	1349	1350	27166
ha	1350	1351	26055
ha	1351	1352	26337
ha	1352	1353	26430
ha	1353	1354	26514
ha	1354	1355	27168
ha	1355	1356	27219
ha	1356	1357	27353
ha	1357	1358	27146
ha	1358	1359	27168
ha	1359	1360	27293
ha	1360	1361	27340
ha	1361	1362	27224
ha	1362	1363	27354
ha	1363	1364	27021
ha	1364	1365	26805
ha	1365	1366	26939
ha	1366	1367	27012
ha	1367	1368	27182
ha	1368	1369	27218
ha	1369	1370	27546
ha	1370	1371	27504
ha	1371	1372	27454
ha	1372	1373	27577
ha	1373	1374	27607
ha	1374	1375	27812
ha	1375	1376	27823
ha	1376	1377	27743
ha	1377	1378	27867
ha	1378	1379	27767
ha	1379	1380	28065
ha	1380	1381	28429
ha	1381	1382	28602
ha	1382	1383	29701
ha	1383	1384	29464
ha	1384	1385	30004
ha	1385	1386	30016
ha	1386	1387	30266
ha	1387	1388	30241
ha	1388	1389	30035
ha	1389	1390	29765
ha	1390	1391	29610
ha	1391	1392	28868
ha	1392	1393	28970
ha	1393	1394	28617
ha	1394	1395	28597
ha	1395	1396	28428
ha	1396	1397	28447
ha	1397	1398	29234
ha	1398	1399	29340
ha	1399	1400	29354
ha	1400	1401	29561
ha	1401	1402	29571
ha	1402	1403	29688
ha	1403	1404	30011
ha	1404	1405	30057
ha	1405	1406	30769
ha	1406	1407	30575
ha	1407	1408	30629
ha	1408	1409	30625
ha	1409	1410	30418
ha	1410	1411	30464
ha	1411	1412	30138
ha	1412	1413	29928
ha	1413	1414	30545
ha	1414	1415	30234
ha	1415	1416	29744
ha	1416	1417	29740
ha	1417	1418	29719
ha	1418	1419	29687
ha	1419	1420	29553
ha	1420	1421	29490
ha	1421	1422	29536
ha	1422	1423	29448
ha	1423	1424	28584
ha	1424	1425	28643
ha	1425	1426	28757
ha	1426	1427	29324
ha	1427	1428	29323
ha	1428	1429	28875
ha	1429	1430	28714
ha	1430	1431	29553
ha	1431	1432	29619
ha	1432	1433	29789
ha	1433	1434	29654
ha	1434	1435	29362
ha	1435	1436	29316
ha	1436	1437	28417
ha	1437	1438	29472
ha	1438	1439	29330
ha	1439	1440	28298
ha	1440	1441	28302
ha	1441	1442	28108
ha	1442	1443	28460
ha	1443	1444	28951
ha	1444	1445	28965
ha	1445	1446	28797
ha	1446	1447	27242
ha	1447	1448	26146
ha	1448	1449	27873
ha	1449	1450	27923
ha	1450	1451	28087
ha	1451	1452	28003
ha	1452	1453	26726
ha	1453	1454	26697
ha	1454	1455	26688
ha	1455	1456	26884
ha	1456	1457	26988
ha	1457	1458	24758
ha	1458	1459	24768
ha	1459	1460	24753
ha	1460	1461	24478
ha	1461	1462	25173
ha	1462	1463	25321
ha	1463	1464	25322
ha	1464	1465	25087
ha	1465	1466	24746
ha	1466	1467	24721
ha	1467	1468	24649
ha	1468	1469	24621
ha	1469	1470	24578
ha	1470	1471	24080
ha	1471	1472	23676
ha	1472	1473	24070
ha	1473	1474	24057
ha	1474	1475	24317
ha	1475	1476	24360
ha	1476	1477	24013
ha	1477	1478	24062
ha	1478	1479	24014
ha	1479	1480	24051
ha	1480	1481	24301
ha	1481	1482	23943
ha	1482	1483	23942
ha	1483	1484	23482
ha	1484	1485	23882
ha	1485	1486	24218
ha	1486	1487	24173
ha	1487	1488	24161
ha	1488	1489	24278
ha	1489	1490	24102
ha	1490	1491	24022
ha	1491	1492	23958
ha	1492	1493	23940
ha	1493	1494	24675
ha	1494	1495	24164
ha	1495	1496	24497
ha	1496	1497	24639
ha	1497	1498	24636
ha	1498	1499	24685
ha	1499	1500	24914
ha	1500	1501	24716
ha	1501	1502	24896
ha	1502	1503	23945
ha	1503	1504	24082
ha	1504	1505	24331
ha	1505	1506	24487
ha	1506	1507	24532
ha	1507	1508	24538
ha	1508	1509	24594
ha	1509	1510	24472
ha	1510	1511	24479
ha	1511	1512	23951
ha	1512	1513	23735
ha	1513	1514	22708
ha	1514	1515	23175
ha	1515	1516	22274
ha	1516	1517	22435
ha	1517	1518	22211
ha	1518	1519	22361
ha	1519	1520	22335
ha	1520	1521	22578
ha	1521	1522	22668
ha	1522	1523	22568
ha	1523	1524	21570
ha	1524	1525	21369
ha	1525	1526	21290
ha	1526	1527	21420
ha	1527	1528	21394
ha	1528	1529	21699
ha	1529	1530	21344
ha	1530	1531	21414
ha	1531	1532	21600
ha	1532	1533	21583
ha	1533	1534	22272
ha	1534	1535	22279
ha	1535	1536	22257
ha	1536	1537	22244
ha	1537	1538	21880
ha	1538	1539	22060
ha	1539	1540	21974
ha	1540	1541	22115
ha	1541	1542	22099
ha	1542	1543	21700
ha	1543	1544	21895
ha	1544	1545	21747
ha	1545	1546	22776
ha	1546	1547	22725
ha	1547	1548	22743
ha	1548	1549	22533
ha	1549	1550	22004
ha	1550	1551	22042
ha	1551	1552	21621
ha	1552	1553	21849
ha	1553	1554	21787
ha	1554	1555	19779
ha	1555	1556	19766
ha	1556	1557	19136
ha	1557	1558	19099
ha	1558	1559	19110
ha	1559	1560	19099
ha	1560	1561	19021
ha	1561	1562	18759
ha	1562	1563	18913
ha	1563	1564	19369
ha	1564	1565	19282
ha	1565	1566	19094
ha	1566	1567	19023
ha	1567	1568	19042
ha	1568	1569	18990
ha	1569	1570	18911
ha	1570	1571	18427
ha	1571	1572	18587
ha	1572	1573	17683
ha	1573	1574	17801
ha	1574	1575	17818
ha	1575	1576	17809
ha	1576	1577	18463
ha	1577	1578	18438
ha	1578	1579	18483
ha	1579	1580	18440
ha	1580	1581	18170
ha	1581	1582	18105
ha	1582	1583	17865
ha	1583	1584	17904
ha	1584	1585	17917
ha	1585	1586	17084
ha	1586	1587	17305
ha	1587	1588	17156
ha	1588	1589	17243
ha	1589	1590	17233
ha	1590	1591	17316
ha	1591	1592	17357
ha	1592	1593	17401
ha	1593	1594	17438
ha	1594	1595	17389
ha	1595	1596	17107
ha	1596	1597	16751
ha	1597	1598	16653
ha	1598	1599	16629
ha	1599	1600	16539
ha	1600	1601	16385
ha	1601	1602	17219
ha	1602	1603	17384
ha	1603	1604	17465
ha	1604	1605	17504
ha	1605	1606	17479
ha	1606	1607	17478
ha	1607	1608	17879
ha	1608	1609	17818
ha	1609	1610	17843
ha	1610	1611	17684
ha	1611	1612	16997
ha	1612	1613	17214
ha	1613	1614	18327
ha	1614	1615	18422
ha	1615	1616	18365
ha	1616	1617	17657
ha	1617	1618	17825
ha	1618	1619	17813
ha	1619	1620	17705
ha	1620	1621	17485
ha	1621	1622	17745
ha	1622	1623	16640
ha	1623	1624	16865
ha	1624	1625	17019
ha	1625	1626	17249
ha	1626	1627	17139
ha	1627	1628	17157
ha	1628	1629	17214
ha	1629	1630	17766
ha	1630	1631	17275
ha	1631	1632	17737
ha	1632	1633	17622
ha	1633	1634	17560
ha	1634	1635	17612
ha	1635	1636	17376
ha	1636	1637	17299
ha	1637	1638	17300
ha	1638	1639	16705
ha	1639	1640	16757
ha	1640	1641	16530
ha	1641	1642	16605
ha	1642	1643	16614
ha	1643	1644	16500
ha	1644	1645	16531
ha	1645	1646	16533
ha	1646	1647	16749
ha	1647	1648	16778
ha	1648	1649	16808
ha	1649	1650	17453
ha	1650	1651	17384
ha	1651	1652	17330
ha	1652	1653	17332
ha	1653	1654	17314
ha	1654	1655	17398
ha	1655	1656	17072
ha	1656	1657	16837
ha	1657	1658	16800
ha	1658	1659	16234
ha	1659	1660	16486
ha	1660	1661	16500
ha	1661	1662	16517
ha	1662	1663	16482
ha	1663	1664	16403
ha	1664	1665	16428
ha	1665	1666	16797
ha	1666	1667	16774
ha	1667	1668	16733
ha	1668	1669	16552
ha	1669	1670	16395
ha	1670	1671	16328
ha	1671	1672	16325
ha	1672	1673	16284
ha	1673	1674	16226
ha	1674	1675	15760
ha	1675	1676	16250
ha	1676	1677	16729
ha	1677	1678	16664
ha	1678	1679	16697
ha	1679	1680	16603
ha	1680	1681	17849
ha	1681	1682	17893
ha	1682	1683	18106
ha	1683	1684	17985
ha	1684	1685	17901
ha	1685	1686	17330
ha	1686	1687	17302
ha	1687	1688	17295
ha	1688	1689	17261
ha	1689	1690	16538
ha	1690	1691	16114
ha	1691	1692	15439
ha	1692	1693	15484
ha	1693	1694	14909
ha	1694	1695	15257
ha	1695	1696	15239
ha	1696	1697	15233
ha	1697	1698	15447
ha	1698	1699	15320
ha	1699	1700	15294
ha	1700	1701	15269
ha	1701	1702	15145
ha	1702	1703	15136
ha	1703	1704	15081
ha	1704	1705	15004
ha	1705	1706	15068
ha	1706	1707	14919
ha	1707	1708	14921
ha	1708	1709	15218
ha	1709	1710	15261
ha	1710	1711	15306
ha	1711	1712	15281
ha	1712	1713	14054
ha	1713	1714	14277
ha	1714	1715	14058
ha	1715	1716	14093
ha	1716	1717	14090
ha	1717	1718	13631
ha	1718	1719	13703
ha	1719	1720	13626
ha	1720	1721	13600
ha	1721	1722	13553
ha	1722	1723	12645
ha	1723	1724	12601
ha	1724	1725	12554
ha	1725	1726	12553
ha	1726	1727	12509
ha	1727	1728	12085
ha	1728	1729	11979
ha	1729	1730	11951
ha	1730	1731	11835
ha	1731	1732	11824
ha	1732	1733	11774
ha	1733	1734	11481
ha	1734	1735	11329
ha	1735	1736	11238
ha	1736	1737	11213
ha	1737	1738	11151
ha	1738	1739	11133
ha	1739	1740	10674
ha	1740	1741	10649
ha	1741	1742	10607
ha	1742	1743	10541
ha	1743	1744	10514
ha	1744	1745	10351
ha	1745	1746	10339
ha	1746	1747	10290
ha	1747	1748	10265
ha	1748	1749	10159
ha	1749	1750	9725
ha	1750	1751	9533
ha	1751	1752	9397
ha	1752	1753	9306
ha	1753	1754	8954
ha	1754	1755	8111
ha	1755	1756	8016
ha	1756	1757	7941
ha	1757	1758	7902
ha	1758	1759	7551
ha	1759	1760	7423
ha	1760	1761	7382
ha	1761	1762	6398
ha	1762	1763	6359
ha	1763	1764	6162
ha	1764	1765	6071
ha	1765	1766	5964
ha	1766	1767	5901
ha	1767	1768	5877
ha	1768	1769	5738
ha	1769	1770	5608
ha	1770	1771	5543
ha	1771	1772	4171
ha	1772	1773	3998
ha	1773	1774	3869
ha	1774	1775	3847
ha	1775	1776	784
mp	0	1	40
mp	1	4	47
mp	4	5	53
mp	5	6	56
mp	6	8	63
mp	8	9	67
mp	9	10	68
mp	10	14	91
mp	14	15	96
mp	15	16	99
mp	16	17	100
mp	17	18	110
mp	18	20	116
mp	20	21	118
mp	21	22	119
mp	22	23	123
mp	23	24	124
mp	24	25	126
mp	25	26	127
mp	26	27	129
mp	27	29	130
mp	29	30	141
mp	30	31	143
mp	31	32	158
mp	32	33	166
mp	33	35	167
mp	35	36	169
mp	36	37	171
mp	37	42	172
mp	42	43	173
mp	43	44	175
mp	44	45	177
mp	45	47	179
mp	47	49	183
mp	49	50	185
mp	50	51	197
mp	51	52	199
mp	52	53	198
mp	53	54	197
mp	54	55	198
mp	55	56	201
mp	56	57	202
mp	57	58	214
mp	58	59	229
mp	59	60	232
mp	60	61	241
mp	61	62	240
mp	62	63	255
mp	63	64	256
mp	64	67	258
mp	67	69	257
mp	69	70	256
mp	70	71	257
mp	71	74	259
mp	74	75	260
mp	75	76	258
mp	76	77	259
mp	77	81	261
mp	81	82	266
mp	82	83	270
mp	83	85	269
mp	85	87	270
mp	87	88	271
mp	88	89	273
mp	89	90	274
mp	90	92	272
mp	92	95	270
mp	95	96	272
mp	96	98	270
mp	98	99	273
mp	99	100	272
mp	100	101	273
mp	101	102	274
mp	102	103	276
mp	103	104	277
mp	104	105	294
mp	105	106	295
mp	106	108	301
mp	108	109	302
mp	109	110	304
mp	110	111	305
mp	111	112	301
mp	112	113	299
mp	113	114	288
mp	114	115	287
mp	115	116	286
mp	116	118	287
mp	118	119	282
mp	119	120	284
mp	120	123	285
mp	123	124	283
mp	124	125	286
mp	125	126	282
mp	126	127	290
mp	127	128	288
mp	128	130	283
mp	130	131	278
mp	131	133	279
mp	133	134	265
mp	134	135	270
mp	135	137	265
mp	137	138	275
mp	138	139	276
mp	139	140	277
mp	140	141	275
mp	141	142	268
mp	142	143	266
mp	143	145	268
mp	145	146	264
mp	146	147	266
mp	147	148	267
mp	148	149	278
mp	149	150	279
mp	150	154	280
mp	154	155	279
mp	155	156	274
mp	156	157	280
mp	157	158	270
mp	158	159	280
mp	159	160	289
mp	160	161	283
mp	161	162	285
mp	162	163	281
mp	163	164	283
mp	164	165	290
mp	165	166	291
mp	166	167	288
mp	167	168	289
mp	168	169	272
mp	169	170	274
mp	170	171	287
mp	171	172	288
mp	172	173	292
mp	173	174	286
mp	174	175	285
mp	175	176	284
mp	176	177	283
mp	177	178	289
mp	178	179	278
mp	179	180	286
mp	180	184	290
mp	184	185	306
mp	185	186	307
mp	186	187	305
mp	187	188	310
mp	188	189	311
mp	189	191	320
mp	191	192	317
mp	192	193	315
mp	193	196	310
mp	196	197	311
mp	197	198	314
mp	198	199	316
mp	199	201	324
mp	201	202	323
mp	202	203	325
mp	203	204	329
mp	204	205	330
mp	205	206	331
mp	206	207	336
mp	207	209	337
mp	209	210	340
mp	210	211	343
mp	211	212	348
mp	212	213	345
mp	213	214	346
mp	214	215	351
mp	215	216	352
mp	216	218	360
mp	218	219	368
mp	219	220	370
mp	220	221	366
mp	221	222	365
mp	222	224	375
mp	224	225	385
mp	225	227	386
mp	227	228	385
mp	228	229	389
mp	229	231	388
mp	231	232	383
mp	232	233	379
mp	233	234	385
mp	234	235	387
mp	235	236	391
mp	236	237	394
mp	237	238	392
mp	238	239	391
mp	239	240	392
mp	240	241	388
mp	241	243	390
mp	243	244	391
mp	244	245	398
mp	245	246	393
mp	246	248	395
mp	248	249	389
mp	249	251	394
mp	251	253	400
mp	253	254	398
mp	254	255	394
mp	255	257	390
mp	257	258	393
mp	258	260	386
mp	260	261	387
mp	261	262	383
mp	262	263	403
mp	263	264	404
mp	264	265	411
mp	265	266	413
mp	266	267	418
mp	267	268	415
mp	268	269	418
mp	269	270	419
mp	270	271	420
mp	271	272	406
mp	272	273	407
mp	273	274	410
mp	274	275	413
mp	275	276	411
mp	276	278	417
mp	278	279	421
mp	279	280	422
mp	280	281	420
mp	281	282	427
mp	282	283	426
mp	283	284	430
mp	284	285	428
mp	285	286	423
mp	286	287	424
mp	287	288	425
mp	288	289	417
mp	289	290	419
mp	290	291	413
mp	291	292	414
mp	292	293	412
mp	293	294	403
mp	294	295	406
mp	295	297	405
mp	297	298	422
mp	298	299	419
mp	299	300	412
mp	300	301	406
mp	301	302	407
mp	302	303	406
mp	303	305	410
mp	305	307	408
mp	307	309	386
mp	309	310	384
mp	310	311	382
mp	311	312	385
mp	312	313	381
mp	313	314	387
mp	314	316	386
mp	316	317	395
mp	317	318	389
mp	318	319	393
mp	319	320	391
mp	320	321	393
mp	321	322	398
mp	322	323	399
mp	323	325	401
mp	325	326	398
mp	326	327	396
mp	327	328	394
mp	328	329	395
mp	329	330	393
mp	330	331	379
mp	331	332	378
mp	332	333	377
mp	333	334	378
mp	334	335	374
mp	335	336	362
mp	336	337	364
mp	337	338	357
mp	338	339	366
mp	339	340	360
mp	340	341	361
mp	341	342	369
mp	342	343	377
mp	343	344	381
mp	344	345	382
mp	345	346	383
mp	346	347	394
mp	347	348	396
mp	348	349	395
mp	349	350	394
mp	350	351	376
mp	351	352	392
mp	352	353	390
mp	353	354	389
mp	354	355	391
mp	355	356	386
mp	356	357	389
mp	357	358	396
mp	358	359	398
mp	359	360	401
mp	360	365	395
mp	365	366	392
mp	366	368	385
mp	368	369	387
mp	369	370	391
mp	370	371	393
mp	371	372	394
mp	372	373	393
mp	373	374	394
mp	374	375	389
mp	375	376	397
mp	376	377	393
mp	377	379	399
mp	379	380	402
mp	380	381	403
mp	381	382	401
mp	382	383	395
mp	383	384	391
mp	384	385	381
mp	385	386	376
mp	386	387	380
mp	387	389	376
mp	389	390	378
mp	390	391	377
mp	391	392	380
mp	392	393	378
mp	393	394	380
mp	394	395	386
mp	395	396	380
mp	396	397	390
mp	397	398	391
mp	398	399	392
mp	399	400	391
mp	400	401	388
mp	401	402	396
mp	402	404	401
mp	404	406	410
mp	406	407	412
mp	407	408	409
mp	408	409	411
mp	409	410	430
mp	410	411	431
mp	411	412	424
mp	412	413	452
mp	413	414	443
mp	414	415	454
mp	415	416	483
mp	416	417	484
mp	417	418	494
mp	418	419	492
mp	419	420	480
mp	420	421	496
mp	421	423	486
mp	423	424	484
mp	424	425	466
mp	425	426	474
mp	426	428	477
mp	428	429	481
mp	429	430	471
mp	430	431	470
mp	431	432	478
mp	432	433	480
mp	433	434	482
mp	434	435	471
mp	435	436	468
mp	436	437	470
mp	437	438	468
mp	438	439	474
mp	439	440	473
mp	440	441	476
mp	441	442	475
mp	442	443	473
mp	443	444	476
mp	444	445	479
mp	445	448	482
mp	448	449	480
mp	449	451	469
mp	451	452	473
mp	452	454	475
mp	454	455	471
mp	455	456	472
mp	456	457	477
mp	457	458	497
mp	458	459	505
mp	459	460	503
mp	460	461	495
mp	461	462	497
mp	462	463	509
mp	463	464	515
mp	464	465	518
mp	465	466	529
mp	466	467	494
mp	467	468	499
mp	468	469	506
mp	469	471	503
mp	471	472	499
mp	472	473	493
mp	473	475	499
mp	475	476	498
mp	476	477	500
mp	477	478	492
mp	478	479	491
mp	479	480	488
mp	480	482	491
mp	482	483	478
mp	483	484	480
mp	484	485	478
mp	485	486	480
mp	486	487	472
mp	487	488	473
mp	488	489	471
mp	489	490	466
mp	490	491	467
mp	491	492	465
mp	492	495	460
mp	495	496	459
mp	496	497	456
mp	497	498	444
mp	498	499	447
mp	499	500	442
mp	500	501	440
mp	501	502	441
mp	502	503	437
mp	503	504	436
mp	504	505	442
mp	505	506	438
mp	506	507	440
mp	507	508	441
mp	508	509	443
mp	509	510	442
mp	510	511	448
mp	511	512	447
mp	512	513	466
mp	513	514	456
mp	514	515	458
mp	515	516	450
mp	516	517	455
mp	517	518	453
mp	518	519	452
mp	519	520	450
mp	520	521	453
mp	521	522	454
mp	522	523	451
mp	523	524	443
mp	524	525	445
mp	525	526	433
mp	526	527	418
mp	527	528	425
mp	528	529	424
mp	529	530	405
mp	530	531	407
mp	531	532	404
mp	532	533	392
mp	533	534	383
mp	534	536	386
mp	536	537	383
mp	537	538	371
mp	538	539	373
mp	539	540	368
mp	540	541	374
mp	541	542	377
mp	542	543	376
mp	543	544	374
mp	544	546	366
mp	546	547	365
mp	547	548	371
mp	548	549	370
mp	549	550	366
mp	550	551	367
mp	551	552	368
mp	552	553	371
mp	553	554	370
mp	554	556	364
mp	556	557	353
mp	557	558	360
mp	558	559	363
mp	559	560	362
mp	560	561	360
mp	561	562	357
mp	562	563	378
mp	563	565	361
mp	565	566	352
mp	566	567	347
mp	567	570	358
mp	570	571	357
mp	571	572	340
mp	572	573	379
mp	573	574	375
mp	574	575	377
mp	575	576	381
mp	576	577	368
mp	577	578	370
mp	578	579	368
mp	579	580	373
mp	580	581	383
mp	581	582	355
mp	582	583	351
mp	583	584	347
mp	584	585	348
mp	585	586	349
mp	586	587	353
mp	587	588	361
mp	588	589	352
mp	589	590	355
mp	590	591	354
mp	591	592	356
mp	592	593	362
mp	593	594	350
mp	594	595	348
mp	595	596	347
mp	596	597	342
mp	597	598	344
mp	598	599	340
mp	599	600	345
mp	600	601	346
mp	601	602	347
mp	602	603	351
mp	603	604	348
mp	604	605	351
mp	605	606	352
mp	606	608	350
mp	608	609	343
mp	609	610	349
mp	610	611	352
mp	611	612	355
mp	612	613	356
mp	613	614	361
mp	614	615	360
mp	615	616	361
mp	616	619	364
mp	619	620	368
mp	620	621	370
mp	621	622	367
mp	622	624	379
mp	624	626	381
mp	626	627	382
mp	627	628	378
mp	628	629	385
mp	629	630	397
mp	630	631	395
mp	631	632	390
mp	632	635	389
mp	635	636	385
mp	636	638	390
mp	638	639	382
mp	639	640	384
mp	640	642	390
mp	642	643	388
mp	643	644	392
mp	644	645	393
mp	645	646	392
mp	646	647	393
mp	647	648	394
mp	648	649	408
mp	649	650	412
mp	650	651	415
mp	651	652	416
mp	652	653	412
mp	653	654	419
mp	654	655	416
mp	655	656	414
mp	656	657	403
mp	657	658	399
mp	658	659	392
mp	659	660	393
mp	660	661	394
mp	661	662	399
mp	662	663	391
mp	663	664	396
mp	664	665	399
mp	665	666	401
mp	666	667	403
mp	667	668	407
mp	668	669	405
mp	669	670	409
mp	670	671	406
mp	671	672	405
mp	672	674	403
mp	674	675	402
mp	675	676	403
mp	676	677	397
mp	677	678	408
mp	678	680	410
mp	680	681	412
mp	681	682	410
mp	682	684	409
mp	684	687	400
mp	687	688	390
mp	688	689	394
mp	689	690	385
mp	690	691	397
mp	691	692	395
mp	692	693	391
mp	693	695	387
mp	695	696	389
mp	696	697	400
mp	697	698	393
mp	698	699	392
mp	699	700	389
mp	700	701	384
mp	701	702	389
mp	702	703	387
mp	703	704	388
mp	704	705	384
mp	705	707	368
mp	707	710	374
mp	710	711	371
mp	711	712	373
mp	712	713	371
mp	713	714	367
mp	714	715	368
mp	715	716	363
mp	716	717	352
mp	717	719	342
mp	719	720	344
mp	720	721	340
mp	721	722	325
mp	722	723	321
mp	723	724	325
mp	724	725	321
mp	725	726	319
mp	726	727	320
mp	727	728	316
mp	728	729	314
mp	729	730	308
mp	730	731	309
mp	731	732	305
mp	732	733	304
mp	733	734	308
mp	734	736	310
mp	736	737	307
mp	737	738	305
mp	738	739	310
mp	739	740	311
mp	740	741	310
mp	741	742	308
mp	742	743	309
mp	743	744	318
mp	744	746	321
mp	746	747	320
mp	747	750	313
mp	750	751	314
mp	751	752	315
mp	752	753	311
mp	753	755	301
mp	755	758	302
mp	758	759	301
mp	759	760	285
mp	760	761	283
mp	761	762	279
mp	762	763	280
mp	763	764	284
mp	764	766	286
mp	766	767	285
mp	767	768	280
mp	768	769	281
mp	769	770	279
mp	770	771	277
mp	771	772	276
mp	772	773	265
mp	773	774	267
mp	774	776	268
mp	776	777	269
mp	777	779	271
mp	779	780	269
mp	780	781	266
mp	781	782	262
mp	782	783	261
mp	783	785	258
mp	785	786	264
mp	786	787	259
mp	787	788	261
mp	788	789	262
mp	789	790	261
mp	790	791	263
mp	791	792	262
mp	792	793	263
mp	793	794	264
mp	794	795	258
mp	795	796	257
mp	796	797	251
mp	797	798	245
mp	798	799	242
mp	799	801	240
mp	801	802	241
mp	802	804	240
mp	804	805	243
mp	805	806	248
mp	806	807	246
mp	807	808	248
mp	808	809	255
mp	809	810	256
mp	810	811	261
mp	811	812	263
mp	812	813	261
mp	813	814	263
mp	814	815	262
mp	815	817	264
mp	817	818	251
mp	818	819	252
mp	819	820	251
mp	820	821	249
mp	821	822	254
mp	822	823	258
mp	823	824	260
mp	824	825	252
mp	825	826	255
mp	826	827	254
mp	827	829	256
mp	829	831	251
mp	831	834	243
mp	834	836	245
mp	836	837	235
mp	837	838	234
mp	838	839	228
mp	839	840	226
mp	840	841	225
mp	841	843	228
mp	843	845	227
mp	845	846	224
mp	846	847	220
mp	847	848	225
mp	848	849	226
mp	849	850	221
mp	850	851	222
mp	851	852	224
mp	852	853	225
mp	853	854	229
mp	854	855	230
mp	855	856	231
mp	856	859	230
mp	859	862	229
mp	862	863	227
mp	863	864	229
mp	864	865	228
mp	865	866	229
mp	866	867	234
mp	867	868	233
mp	868	870	234
mp	870	871	232
mp	871	872	227
mp	872	873	229
mp	873	874	227
mp	874	875	246
mp	875	878	257
mp	878	879	258
mp	879	881	259
mp	881	882	257
mp	882	883	253
mp	883	884	250
mp	884	885	239
mp	885	886	243
mp	886	888	245
mp	888	889	250
mp	889	890	251
mp	890	891	250
mp	891	892	252
mp	892	893	251
mp	893	894	252
mp	894	895	250
mp	895	896	234
mp	896	899	233
mp	899	900	229
mp	900	901	235
mp	901	902	240
mp	902	903	242
mp	903	905	246
mp	905	906	249
mp	906	907	251
mp	907	909	241
mp	909	910	240
mp	910	911	243
mp	911	912	242
mp	912	913	244
mp	913	915	240
mp	915	916	239
mp	916	917	241
mp	917	919	240
mp	919	920	238
mp	920	921	239
mp	921	922	234
mp	922	923	238
mp	923	925	235
mp	925	926	233
mp	926	927	232
mp	927	929	231
mp	929	930	229
mp	930	931	230
mp	931	932	228
mp	932	934	230
mp	934	935	227
mp	935	936	230
mp	936	937	227
mp	937	938	223
mp	938	940	217
mp	940	941	215
mp	941	943	209
mp	943	944	208
mp	944	946	207
mp	946	947	205
mp	947	949	203
mp	949	950	201
mp	950	951	203
mp	951	954	199
mp	954	955	200
mp	955	956	197
mp	956	957	191
mp	957	958	193
mp	958	959	189
mp	959	961	188
mp	961	962	181
mp	962	963	183
mp	963	966	180
mp	966	967	165
mp	967	968	163
mp	968	969	155
mp	969	971	150
mp	971	973	144
mp	973	975	142
mp	975	977	143
mp	977	978	142
mp	978	979	141
mp	979	980	142
mp	980	984	138
mp	984	985	137
mp	985	987	136
mp	987	988	134
mp	988	989	132
mp	989	991	126
mp	991	994	127
mp	994	995	119
mp	995	996	118
mp	996	999	116
mp	999	1000	90
mp	1000	1004	87
mp	1004	1005	76
mp	1005	1009	74
mp	1009	1012	71
mp	1012	1013	58
mp	1013	1016	57
mp	1016	1017	56
mp	1017	1019	53
mp	1019	1020	52
mp	1020	1021	51
mp	1021	1022	50
mp	1022	1023	36
mp	1023	1024	34
mp	1024	1025	33
mp	1025	1026	32
mp	1026	1027	2
np	0	1	829
np	1	2	1029
np	2	3	1031
np	3	4	1034
np	4	5	1144
np	5	6	1196
np	6	7	1201
np	7	8	1224
np	8	9	1236
np	9	10	1239
np	10	11	1337
np	11	12	1347
np	12	13	1463
np	13	14	1465
np	14	15	1480
np	15	16	1603
np	16	17	1631
np	17	18	1687
np	18	19	1705
np	19	20	1903
np	20	21	1918
np	21	22	2021
np	22	23	2040
np	23	24	2137
np	24	25	2142
np	25	26	2196
np	26	27	2210
np	27	28	2277
np	28	29	2321
np	29	30	2378
np	30	31	2384
np	31	32	2437
np	32	33	2446
np	33	34	2483
np	34	35	2514
np	35	36	2592
np	36	37	2647
np	37	38	2659
np	38	39	2703
np	39	40	2726
np	40	41	2803
np	41	42	2884
np	42	43	2897
np	43	44	2914
np	44	45	2919
np	45	46	2939
np	46	47	2950
np	47	48	2953
np	48	49	2973
np	49	50	2977
np	50	51	3026
np	51	52	3061
np	52	53	3116
np	53	54	3127
np	54	55	3137
np	55	56	3134
np	56	57	3131
np	57	58	3135
np	58	59	3210
np	59	60	3214
np	60	61	3173
np	61	62	3205
np	62	63	3199
np	63	64	3217
np	64	65	3142
np	65	66	3122
np	66	67	3140
np	67	68	3100
np	68	69	3103
np	69	70	3094
np	70	71	3218
np	71	72	3249
np	72	73	3234
np	73	74	3247
np	74	75	3248
np	75	76	3293
np	76	77	3301
np	77	78	3272
np	78	79	3290
np	79	80	3242
np	80	81	3361
np	81	82	3397
np	82	83	3417
np	83	84	3434
np	84	85	3426
np	85	86	3424
np	86	87	3438
np	87	88	3472
np	88	89	3533
np	89	90	3516
np	90	91	3542
np	91	92	3553
np	92	93	3543
np	93	94	3561
np	94	95	3572
np	95	96	3567
np	96	97	3580
np	97	98	3515
np	98	99	3501
np	99	100	3527
np	100	101	3515
np	101	102	3544
np	102	103	3542
np	103	104	3534
np	104	105	3547
np	105	106	3525
np	106	107	3537
np	107	108	3532
np	108	109	3487
np	109	110	3499
np	110	111	3489
np	111	112	3533
np	112	113	3539
np	113	114	3541
np	114	115	3565
np	115	116	3562
np	116	117	3617
np	117	118	3620
np	118	119	3608
np	119	120	3618
np	120	121	3574
np	121	122	3596
np	122	123	3602
np	123	124	3599
np	124	125	3590
np	125	126	3570
np	126	127	3579
np	127	128	3621
np	128	129	3623
np	129	130	3656
np	130	131	3638
np	131	132	3626
np	132	133	3627
np	133	134	3680
np	134	135	3669
np	135	136	3630
np	136	137	3633
np	137	138	3599
np	138	139	3545
np	139	140	3518
np	140	141	3544
np	141	142	3541
np	142	143	3502
np	143	144	3510
np	144	145	3543
np	145	146	3542
np	146	147	3544
np	147	148	3545
np	148	149	3583
np	149	150	3552
np	150	151	3411
np	151	152	3379
np	152	153	3319
np	153	154	3318
np	154	155	3339
np	155	156	3332
np	156	157	3333
np	157	158	3336
np	158	159	3447
np	159	160	3488
np	160	161	3624
np	161	162	3622
np	162	163	3621
np	163	164	3967
np	164	165	4007
np	165	166	4166
np	166	167	4137
np	167	168	4037
np	168	169	4119
np	169	170	4024
np	170	171	4348
np	171	172	4357
np	172	173	4141
np	173	174	4154
np	174	175	4057
np	175	176	4101
np	176	177	4099
np	177	178	4061
np	178	179	4040
np	179	180	3855
np	180	181	3935
np	181	182	3911
np	182	183	3974
np	183	184	3987
np	184	186	3963
np	186	187	3969
np	187	188	3978
np	188	189	4018
np	189	190	4007
np	190	191	3947
np	191	192	3943
np	192	193	3890
np	193	194	3931
np	194	195	3951
np	195	196	3967
np	196	197	3989
np	197	198	4032
np	198	199	4063
np	199	200	4067
np	200	201	4053
np	201	202	4054
np	202	203	4048
np	203	204	4028
np	204	205	4035
np	205	206	4037
np	206	207	4036
np	207	208	3969
np	208	209	4001
np	209	210	3991
np	210	211	3986
np	211	212	3958
np	212	213	4014
np	213	214	4175
np	214	215	4165
np	215	216	4162
np	216	217	4169
np	217	218	4152
np	218	219	4169
np	219	220	4140
np	220	221	4119
np	221	222	4138
np	222	223	4008
np	223	224	4097
np	224	225	4122
np	225	226	4120
np	226	227	4148
np	227	228	4124
np	228	229	4252
np	229	230	4399
np	230	231	4345
np	231	232	4379
np	232	233	4330
np	233	234	4338
np	234	235	4356
np	235	236	4338
np	236	237	4332
np	237	238	4149
np	238	239	4009
np	239	240	4031
np	240	241	3990
np	241	242	3978
np	242	243	3997
np	243	244	4035
np	244	245	4005
np	245	246	4017
np	246	247	4055
np	247	248	4034
np	248	249	4037
np	249	250	4033
np	250	251	4035
np	251	252	4034
np	252	253	4044
np	253	254	4056
np	254	255	4042
np	255	256	4069
np	256	257	4066
np	257	258	4071
np	258	259	4110
np	259	260	4108
np	260	261	4104
np	261	262	4108
np	262	263	4032
np	263	264	4142
np	264	265	4109
np	265	266	4123
np	266	267	4153
np	267	269	4101
np	269	270	4179
np	270	271	4201
np	271	272	4229
np	272	273	4232
np	273	274	4206
np	274	275	4203
np	275	276	4222
np	276	277	4215
np	277	278	4268
np	278	279	4180
np	279	280	4207
np	280	281	4205
np	281	282	4173
np	282	283	4180
np	283	284	4140
np	284	285	4085
np	285	286	4169
np	286	287	4129
np	287	288	4133
np	288	289	4134
np	289	290	4104
np	290	292	4225
np	292	293	4214
np	293	294	4202
np	294	295	4115
np	295	296	4163
np	296	297	4138
np	297	298	4189
np	298	299	4186
np	299	300	4117
np	300	301	4110
np	301	302	4113
np	302	303	4126
np	303	304	4131
np	304	305	4056
np	305	306	4069
np	306	307	4070
np	307	308	4096
np	308	309	4086
np	309	310	4088
np	310	311	4043
np	311	312	4075
np	312	313	4069
np	313	314	4054
np	314	315	3979
np	315	316	3949
np	316	317	3879
np	317	318	3903
np	318	319	3821
np	319	320	3777
np	320	321	3693
np	321	322	3692
np	322	323	3696
np	323	324	3655
np	324	325	3687
np	325	326	3731
np	326	327	3706
np	327	328	3774
np	328	329	3765
np	329	330	3764
np	330	331	3914
np	331	332	3905
np	332	333	3994
np	333	334	3979
np	334	335	3920
np	335	336	3939
np	336	337	3887
np	337	338	3950
np	338	339	3948
np	339	340	3802
np	340	341	3805
np	341	342	3766
np	342	343	3719
np	343	344	3735
np	344	345	3691
np	345	346	3697
np	346	347	3614
np	347	348	3607
np	348	349	3611
np	349	350	3615
np	350	351	3611
np	351	352	3613
np	352	353	3593
np	353	354	3612
np	354	355	3610
np	355	356	3690
np	356	357	3695
np	357	358	3677
np	358	359	3680
np	359	360	3697
np	360	361	3698
np	361	362	3712
np	362	363	3662
np	363	364	3692
np	364	365	3648
np	365	366	3671
np	366	367	3676
np	367	368	3694
np	368	369	3742
np	369	370	3748
np	370	371	3761
np	371	372	3767
np	372	373	3835
np	373	374	3782
np	374	375	3814
np	375	376	3818
np	376	377	3824
np	377	378	3813
np	378	379	3754
np	379	380	3815
np	380	381	3792
np	381	382	3699
np	382	383	3713
np	383	384	3665
np	384	385	3736
np	385	386	3739
np	386	387	3716
np	387	388	3720
np	388	389	3604
np	389	390	3677
np	390	391	3661
np	391	392	3669
np	392	393	3690
np	393	394	3633
np	394	395	3669
np	395	396	3670
np	396	397	3661
np	397	398	3680
np	398	399	3649
np	399	400	3651
np	400	401	3638
np	401	402	3641
np	402	403	3639
np	403	404	3600
np	404	405	3621
np	405	406	3616
np	406	407	3613
np	407	408	3602
np	408	409	3618
np	409	410	3641
np	410	411	3737
np	411	412	3817
np	412	413	3814
np	413	414	3846
np	414	415	3904
np	415	416	4058
np	416	417	4084
np	417	418	4106
np	418	419	4210
np	419	420	4109
np	420	421	4046
np	421	422	4035
np	422	423	3932
np	423	424	3950
np	424	425	3804
np	425	426	3920
np	426	427	3896
np	427	428	3924
np	428	429	3938
np	429	430	3946
np	430	431	3974
np	431	432	3958
np	432	433	3934
np	433	434	3964
np	434	435	3843
np	435	436	3842
np	436	437	3817
np	437	438	3805
np	438	439	3865
np	439	440	3907
np	440	441	3904
np	441	442	3919
np	442	443	3885
np	443	444	3949
np	444	445	3944
np	445	446	3957
np	446	447	3958
np	447	448	4036
np	448	449	4022
np	449	450	4089
np	450	451	4111
np	451	452	4117
np	452	453	4091
np	453	454	4088
np	454	455	4089
np	455	456	4095
np	456	457	4062
np	457	458	4100
np	458	459	4059
np	459	461	4070
np	461	462	4069
np	462	463	4103
np	463	464	4160
np	464	465	4158
np	465	466	4172
np	466	467	4178
np	467	468	4168
np	468	469	4214
np	469	470	4256
np	470	471	4263
np	471	472	4269
np	472	473	4226
np	473	474	4299
np	474	475	4296
np	475	476	4278
np	476	477	4297
np	477	478	4216
np	478	479	4243
np	479	480	4228
np	480	481	4249
np	481	482	4260
np	482	483	4166
np	483	484	4242
np	484	485	4247
np	485	486	4277
np	486	487	4323
np	487	488	4283
np	488	489	4427
np	489	490	4410
np	490	491	4314
np	491	492	4323
np	492	493	4274
np	493	494	4359
np	494	495	4293
np	495	496	4272
np	496	497	4308
np	497	498	4165
np	498	499	4157
np	499	501	4205
np	501	502	4215
np	502	503	4160
np	503	504	4145
np	504	505	4149
np	505	506	4129
np	506	507	4140
np	507	508	4160
np	508	509	4103
np	509	510	4116
np	510	511	4093
np	511	512	4143
np	512	513	4181
np	513	514	4137
np	514	515	4143
np	515	516	4112
np	516	517	4218
np	517	518	4235
np	518	519	4246
np	519	520	4247
np	520	521	4140
np	521	522	4148
np	522	523	4166
np	523	524	4132
np	524	525	4260
np	525	526	4183
np	526	527	4181
np	527	528	4191
np	528	529	4229
np	529	530	4250
np	530	531	4202
np	531	532	4201
np	532	533	4060
np	533	534	4013
np	534	535	3937
np	535	536	3938
np	536	537	3945
np	537	538	3891
np	538	539	4008
np	539	540	3993
np	540	541	4046
np	541	542	4032
np	542	543	4008
np	543	544	4053
np	544	545	4054
np	545	546	4045
np	546	547	4041
np	547	548	3906
np	548	549	3921
np	549	550	3854
np	550	551	3920
np	551	552	3917
np	552	553	3887
np	553	554	3905
np	554	555	3916
np	555	556	3945
np	556	557	3967
np	557	558	3948
np	558	559	4015
np	559	560	3944
np	560	561	4183
np	561	562	4166
np	562	563	4147
np	563	564	4148
np	564	565	4113
np	565	566	4116
np	566	567	4093
np	567	568	3969
np	568	569	3963
np	569	570	3731
np	570	571	3729
np	571	572	3722
np	572	573	3712
np	573	574	3686
np	574	575	3698
np	575	576	3688
np	576	577	3673
np	577	578	3677
np	578	579	3653
np	579	580	3697
np	580	581	3687
np	581	582	3681
np	582	583	3687
np	583	584	3691
np	584	586	3667
np	586	587	3656
np	587	588	3617
np	588	589	3674
np	589	590	3657
np	590	591	3666
np	591	592	3732
np	592	593	3750
np	593	594	3769
np	594	595	3754
np	595	596	3747
np	596	597	3738
np	597	598	3662
np	598	599	3725
np	599	600	3629
np	600	601	3584
np	601	602	3554
np	602	603	3550
np	603	604	3567
np	604	605	3660
np	605	606	3656
np	606	607	3645
np	607	608	3632
np	608	609	3472
np	609	610	3546
np	610	611	3568
np	611	612	3581
np	612	613	3584
np	613	614	3402
np	614	615	3425
np	615	616	3481
np	616	617	3464
np	617	618	3473
np	618	619	3480
np	619	620	3465
np	620	621	3436
np	621	622	3426
np	622	623	3408
np	623	624	3435
np	624	625	3439
np	625	626	3447
np	626	627	3469
np	627	628	3381
np	628	629	3338
np	629	630	3322
np	630	631	3330
np	631	632	3309
np	632	633	3341
np	633	634	3379
np	634	635	3368
np	635	636	3389
np	636	637	3383
np	637	638	3401
np	638	639	3385
np	639	640	3364
np	640	641	3351
np	641	642	3282
np	642	643	3268
np	643	644	3313
np	644	645	3314
np	645	646	3326
np	646	647	3294
np	647	648	3299
np	648	649	3300
np	649	650	3294
np	650	651	3270
np	651	652	3279
np	652	653	3223
np	653	654	3199
np	654	655	3190
np	655	656	3188
np	656	657	3235
np	657	658	3245
np	658	659	3230
np	659	660	3298
np	660	661	3296
np	661	662	3289
np	662	663	3257
np	663	664	3260
np	664	665	3262
np	665	666	3255
np	666	667	3183
np	667	668	3163
np	668	669	3087
np	669	670	3118
np	670	671	3123
np	671	672	3115
np	672	673	3117
np	673	674	3115
np	674	675	3090
np	675	676	3042
np	676	677	3020
np	677	678	3053
np	678	679	3036
np	679	680	3027
np	680	681	3016
np	681	683	3038
np	683	684	3055
np	684	685	3040
np	685	686	3069
np	686	687	3088
np	687	688	3078
np	688	689	3056
np	689	690	3051
np	690	691	3037
np	691	692	3050
np	692	693	3085
np	693	694	3075
np	694	695	3038
np	695	696	3003
np	696	697	3138
np	697	698	3144
np	698	699	3172
np	699	700	3167
np	700	701	3184
np	701	702	3172
np	702	703	3175
np	703	704	3183
np	704	705	3185
np	705	706	3031
np	706	707	3041
np	707	708	3012
np	708	709	3062
np	709	710	3000
np	710	711	2995
np	711	712	2955
np	712	713	2962
np	713	714	2992
np	714	715	2962
np	715	716	2953
np	716	717	2956
np	717	718	2955
np	718	719	2979
np	719	720	2970
np	720	721	2981
np	721	722	2973
np	722	723	2991
np	723	724	2987
np	724	726	2983
np	726	727	2987
np	727	728	2980
np	728	729	2908
np	729	730	2907
np	730	731	2891
np	731	732	2982
np	732	733	2993
np	733	734	3002
np	734	735	3027
np	735	736	3019
np	736	737	3014
np	737	738	3011
np	738	739	2997
np	739	740	3031
np	740	741	2890
np	741	742	2898
np	742	743	2946
np	743	744	2928
np	744	745	2955
np	745	746	2958
np	746	747	2962
np	747	748	2982
np	748	749	2920
np	749	750	2902
np	750	751	2863
np	751	752	2911
np	752	753	2977
np	753	754	2976
np	754	755	2959
np	755	756	2960
np	756	757	3122
np	757	758	3150
np	758	759	3148
np	759	760	3142
np	760	761	3065
np	761	762	2998
np	762	763	3023
np	763	764	3020
np	764	765	3062
np	765	766	2885
np	766	767	2930
np	767	768	2964
np	768	769	2981
np	769	770	2963
np	770	771	2962
np	771	772	2924
np	772	773	2934
np	773	774	2949
np	774	775	2946
np	775	776	2872
np	776	777	2835
np	777	778	2790
np	778	779	2813
np	779	780	2821
np	780	781	2813
np	781	782	2812
np	782	783	2820
np	783	784	2815
np	784	785	2865
np	785	786	2892
np	786	787	2904
np	787	788	2887
np	788	789	2859
np	789	790	2863
np	790	791	2875
np	791	792	2888
np	792	793	2881
np	793	794	2833
np	794	795	2830
np	795	796	2836
np	796	797	2838
np	797	798	2834
np	798	799	2851
np	799	801	2862
np	801	802	2871
np	802	803	2886
np	803	804	2853
np	804	805	2863
np	805	806	2856
np	806	807	2855
np	807	808	2864
np	808	809	2873
np	809	810	2870
np	810	811	2867
np	811	812	2858
np	812	813	2901
np	813	814	2894
np	814	815	2899
np	815	816	2903
np	816	817	2870
np	817	818	2921
np	818	819	2920
np	819	820	2906
np	820	821	2902
np	821	822	2899
np	822	823	2896
np	823	824	2899
np	824	825	2895
np	825	826	2930
np	826	827	2979
np	827	828	3016
np	828	829	3005
np	829	830	3009
np	830	831	2974
np	831	832	3109
np	832	833	3161
np	833	834	3154
np	834	835	3186
np	835	836	3128
np	836	837	3213
np	837	838	3310
np	838	839	3349
np	839	840	3358
np	840	841	3305
np	841	842	3229
np	842	843	3259
np	843	844	3243
np	844	845	3280
np	845	846	3214
np	846	847	3122
np	847	848	3134
np	848	849	3136
np	849	850	3126
np	850	851	3152
np	851	852	3114
np	852	853	3124
np	853	854	3089
np	854	855	3105
np	855	856	3158
np	856	857	3125
np	857	858	3137
np	858	859	3245
np	859	860	3252
np	860	861	3273
np	861	862	3264
np	862	863	3279
np	863	864	3314
np	864	865	3247
np	865	866	3236
np	866	867	3212
np	867	868	3126
np	868	869	3173
np	869	870	3160
np	870	871	3184
np	871	872	3157
np	872	873	3162
np	873	874	3170
np	874	875	3163
np	875	876	3132
np	876	877	3159
np	877	878	3156
np	878	879	3158
np	879	880	3182
np	880	881	3219
np	881	882	3216
np	882	883	3251
np	883	884	3474
np	884	885	3500
np	885	886	3492
np	886	887	3494
np	887	888	3518
np	888	889	3496
np	889	890	3549
np	890	891	3499
np	891	892	3493
np	892	893	3376
np	893	894	3360
np	894	895	3468
np	895	896	3453
np	896	897	3463
np	897	898	3472
np	898	899	3404
np	899	900	3473
np	900	901	3476
np	901	902	3474
np	902	903	3468
np	903	904	3360
np	904	905	3432
np	905	906	3437
np	906	907	3592
np	907	908	3553
np	908	909	3489
np	909	910	3472
np	910	911	3463
np	911	912	3468
np	912	913	3477
np	913	914	3416
np	914	915	3505
np	915	916	3321
np	916	917	3338
np	917	918	3323
np	918	919	3349
np	919	920	3359
np	920	921	3352
np	921	922	3331
np	922	923	3351
np	923	924	3250
np	924	925	3305
np	925	926	3286
np	926	927	3346
np	927	928	3379
np	928	929	3376
np	929	930	3431
np	930	931	3435
np	931	932	3457
np	932	933	3501
np	933	934	3461
np	934	935	3577
np	935	936	3535
np	936	937	3520
np	937	938	3521
np	938	939	3581
np	939	940	3640
np	940	941	3642
np	941	942	3627
np	942	943	3616
np	943	944	3691
np	944	945	3686
np	945	946	3668
np	946	947	3675
np	947	948	3621
np	948	949	3645
np	949	950	3682
np	950	951	3694
np	951	952	3716
np	952	953	3708
np	953	954	3701
np	954	955	3718
np	955	956	3739
np	956	957	3757
np	957	958	3729
np	958	959	3732
np	959	960	3744
np	960	961	3756
np	961	962	3712
np	962	963	3759
np	963	964	3841
np	964	965	3845
np	965	966	3846
np	966	967	3858
np	967	968	3864
np	968	969	3844
np	969	970	3835
np	970	971	3831
np	971	972	3822
np	972	973	3727
np	973	974	3763
np	974	975	3782
np	975	976	3787
np	976	977	3806
np	977	978	3810
np	978	979	3921
np	979	980	3938
np	980	981	3981
np	981	982	3991
np	982	983	3977
np	983	984	3984
np	984	985	3999
np	985	986	4070
np	986	987	4053
np	987	988	3966
np	988	989	3952
np	989	990	4145
np	990	991	4157
np	991	992	4154
np	992	993	4136
np	993	994	4064
np	994	995	4053
np	995	996	4006
np	996	997	4005
np	997	998	3923
np	998	999	3868
np	999	1000	3848
np	1000	1001	3852
np	1001	1002	3885
np	1002	1003	3880
np	1003	1004	3860
np	1004	1005	3863
np	1005	1006	3868
np	1006	1007	3871
np	1007	1008	3852
np	1008	1009	3802
np	1009	1010	3786
np	1010	1011	3743
np	1011	1012	3782
np	1012	1013	3798
np	1013	1014	3818
np	1014	1015	3889
np	1015	1016	3895
np	1016	1017	3878
np	1017	1018	3874
np	1018	1019	3909
np	1019	1020	3917
np	1020	1021	3888
np	1021	1022	3907
np	1022	1023	3875
np	1023	1024	3863
np	1024	1025	3824
np	1025	1026	3852
np	1026	1027	3860
np	1027	1028	3858
np	1028	1029	4123
np	1029	1030	4179
np	1030	1031	4173
np	1031	1032	4169
np	1032	1033	4154
np	1033	1034	4165
np	1034	1035	4080
np	1035	1036	4047
np	1036	1037	4066
np	1037	1038	3903
np	1038	1039	3997
np	1039	1040	3952
np	1040	1041	3984
np	1041	1042	3979
np	1042	1043	3971
np	1043	1044	3999
np	1044	1045	3947
np	1045	1046	3968
np	1046	1047	3986
np	1047	1048	3917
np	1048	1049	3913
np	1049	1050	3866
np	1050	1051	3885
np	1051	1052	3893
np	1052	1053	3879
np	1053	1054	3944
np	1054	1055	3917
np	1055	1056	3924
np	1056	1057	3948
np	1057	1059	3886
np	1059	1060	3890
np	1060	1061	3899
np	1061	1062	3934
np	1062	1063	3926
np	1063	1064	3992
np	1064	1065	3976
np	1065	1066	3973
np	1066	1067	3968
np	1067	1068	3976
np	1068	1069	3963
np	1069	1070	3968
np	1070	1071	3950
np	1071	1072	4006
np	1072	1073	3930
np	1073	1074	3977
np	1074	1075	3972
np	1075	1076	3975
np	1076	1077	3962
np	1077	1078	3994
np	1078	1079	4005
np	1079	1080	4021
np	1080	1081	3974
np	1081	1082	3998
np	1082	1083	3995
np	1083	1084	3992
np	1084	1085	3990
np	1085	1086	3970
np	1086	1087	3897
np	1087	1088	3911
np	1088	1089	3874
np	1089	1090	3890
np	1090	1091	3953
np	1091	1092	4004
np	1092	1093	4018
np	1093	1094	4004
np	1094	1095	4015
np	1095	1096	4034
np	1096	1097	4156
np	1097	1098	4133
np	1098	1099	4139
np	1099	1100	4010
np	1100	1101	3925
np	1101	1102	4011
np	1102	1103	3989
np	1103	1104	4016
np	1104	1105	4005
np	1105	1106	3982
np	1106	1107	3988
np	1107	1108	3985
np	1108	1109	4086
np	1109	1110	4050
np	1110	1111	4038
np	1111	1112	4007
np	1112	1113	3983
np	1113	1114	3981
np	1114	1115	3942
np	1115	1116	3947
np	1116	1117	3979
np	1117	1118	3884
np	1118	1119	3938
np	1119	1120	3919
np	1120	1121	3944
np	1121	1122	3999
np	1122	1123	3983
np	1123	1124	4022
np	1124	1125	4014
np	1125	1126	3956
np	1126	1127	3993
np	1127	1128	3935
np	1128	1129	3951
np	1129	1130	3953
np	1130	1131	3899
np	1131	1132	3982
np	1132	1133	4003
np	1133	1134	4035
np	1134	1135	4058
np	1135	1136	4038
np	1136	1137	4028
np	1137	1138	4024
np	1138	1139	4020
np	1139	1140	3951
np	1140	1141	3863
np	1141	1142	3897
np	1142	1143	3938
np	1143	1144	3955
np	1144	1146	3960
np	1146	1147	3993
np	1147	1148	4004
np	1148	1149	4013
np	1149	1150	4006
np	1150	1151	3990
np	1151	1152	3985
np	1152	1153	3994
np	1153	1154	4011
np	1154	1155	4127
np	1155	1156	4105
np	1156	1157	4113
np	1157	1158	4121
np	1158	1159	4158
np	1159	1160	4182
np	1160	1161	4210
np	1161	1162	4204
np	1162	1163	4253
np	1163	1164	4116
np	1164	1165	4127
np	1165	1166	4104
np	1166	1167	4124
np	1167	1168	4125
np	1168	1169	4034
np	1169	1170	4125
np	1170	1171	4097
np	1171	1172	4135
np	1172	1173	4136
np	1173	1174	4122
np	1174	1175	4161
np	1175	1176	4168
np	1176	1177	4153
np	1177	1178	4249
np	1178	1179	4141
np	1179	1180	4146
np	1180	1181	4057
np	1181	1182	4035
np	1182	1183	4069
np	1183	1185	4033
np	1185	1186	4038
np	1186	1187	3840
np	1187	1188	3894
np	1188	1189	3848
np	1189	1190	3870
np	1190	1191	3936
np	1191	1192	3937
np	1192	1193	3994
np	1193	1194	4002
np	1194	1195	3972
np	1195	1196	4020
np	1196	1197	4083
np	1197	1198	4087
np	1198	1199	4038
np	1199	1200	4028
np	1200	1201	3870
np	1201	1202	3912
np	1202	1203	3955
np	1203	1204	3974
np	1204	1205	3951
np	1205	1206	3785
np	1206	1208	3807
np	1208	1209	3803
np	1209	1210	3801
np	1210	1211	3760
np	1211	1212	3727
np	1212	1213	3720
np	1213	1214	3726
np	1214	1215	3725
np	1215	1216	3707
np	1216	1217	3741
np	1217	1218	3746
np	1218	1219	3738
np	1219	1220	3740
np	1220	1221	3682
np	1221	1222	3697
np	1222	1223	3736
np	1223	1224	3732
np	1224	1225	3740
np	1225	1226	3727
np	1226	1227	3728
np	1227	1228	3699
np	1228	1229	3667
np	1229	1230	3696
np	1230	1231	3650
np	1231	1232	3704
np	1232	1233	3636
np	1233	1234	3798
np	1234	1235	3809
np	1235	1236	3900
np	1236	1237	3905
np	1237	1238	3835
np	1238	1239	3853
np	1239	1240	3862
np	1240	1241	3816
np	1241	1242	3829
np	1242	1243	3717
np	1243	1244	3769
np	1244	1245	3677
np	1245	1246	3683
np	1246	1247	3681
np	1247	1248	3665
np	1248	1249	3659
np	1249	1250	3743
np	1250	1251	3734
np	1251	1252	3740
np	1252	1253	3734
np	1253	1254	3687
np	1254	1255	3742
np	1255	1256	3739
np	1256	1257	3728
np	1257	1258	3732
np	1258	1259	3640
np	1259	1260	3698
np	1260	1261	3731
np	1261	1262	3815
np	1262	1263	3827
np	1263	1264	3763
np	1264	1265	3806
np	1265	1266	3811
np	1266	1267	3838
np	1267	1268	3823
np	1268	1269	3775
np	1269	1270	3780
np	1270	1271	3681
np	1271	1272	3831
np	1272	1273	3880
np	1273	1274	3866
np	1274	1275	3931
np	1275	1276	3919
np	1276	1277	3965
np	1277	1278	3956
np	1278	1279	3950
np	1279	1280	3998
np	1280	1281	3930
np	1281	1282	3717
np	1282	1283	3727
np	1283	1284	3610
np	1284	1285	3762
np	1285	1286	3719
np	1286	1287	3738
np	1287	1288	3740
np	1288	1289	3702
np	1289	1291	3713
np	1291	1292	3755
np	1292	1293	3734
np	1293	1295	3578
np	1295	1296	3575
np	1296	1298	3578
np	1298	1299	3608
np	1299	1300	3628
np	1300	1301	3602
np	1301	1302	3660
np	1302	1303	3661
np	1303	1304	3666
np	1304	1305	3653
np	1305	1306	3643
np	1306	1307	3645
np	1307	1308	3642
np	1308	1309	3597
np	1309	1310	3618
np	1310	1311	3562
np	1311	1312	3566
np	1312	1313	3554
np	1313	1314	3518
np	1314	1315	3530
np	1315	1316	3532
np	1316	1317	3563
np	1317	1318	3542
np	1318	1319	3534
np	1319	1320	3512
np	1320	1321	3498
np	1321	1322	3509
np	1322	1323	3487
np	1323	1324	3456
np	1324	1325	3439
np	1325	1326	3346
np	1326	1327	3360
np	1327	1328	3335
np	1328	1330	3363
np	1330	1333	3351
np	1333	1334	3365
np	1334	1335	3368
np	1335	1336	3334
np	1336	1337	3367
np	1337	1338	3333
np	1338	1339	3292
np	1339	1340	3313
np	1340	1341	3330
np	1341	1342	3315
np	1342	1343	3314
np	1343	1344	3280
np	1344	1345	3282
np	1345	1346	3296
np	1346	1347	3295
np	1347	1348	3275
np	1348	1349	3259
np	1349	1350	3248
np	1350	1351	3170
np	1351	1352	3162
np	1352	1353	3149
np	1353	1354	3148
np	1354	1355	3185
np	1355	1356	3160
np	1356	1357	3166
np	1357	1358	3160
np	1358	1359	3161
np	1359	1361	3170
np	1361	1362	3218
np	1362	1363	3156
np	1363	1364	3082
np	1364	1365	3072
np	1365	1366	3060
np	1366	1367	3090
np	1367	1368	3097
np	1368	1369	3073
np	1369	1370	3068
np	1370	1371	2954
np	1371	1372	2964
np	1372	1373	2911
np	1373	1374	2955
np	1374	1375	2980
np	1375	1376	2919
np	1376	1377	2951
np	1377	1378	3001
np	1378	1379	2978
np	1379	1380	2976
np	1380	1381	2952
np	1381	1382	2988
np	1382	1383	2918
np	1383	1384	2865
np	1384	1385	2782
np	1385	1386	2690
np	1386	1387	2733
np	1387	1388	2759
np	1388	1389	2785
np	1389	1390	2808
np	1390	1391	2754
np	1391	1392	2745
np	1392	1393	2736
np	1393	1394	2745
np	1394	1395	2757
np	1395	1396	2760
np	1396	1397	2764
np	1397	1398	2746
np	1398	1399	2703
np	1399	1400	2720
np	1400	1401	2734
np	1401	1402	2782
np	1402	1403	2776
np	1403	1404	2734
np	1404	1405	2761
np	1405	1406	2765
np	1406	1407	2779
np	1407	1408	2815
np	1408	1409	2761
np	1409	1410	2693
np	1410	1411	2712
np	1411	1412	2672
np	1412	1413	2708
np	1413	1414	2703
np	1414	1415	2775
np	1415	1416	2762
np	1416	1417	2822
np	1417	1418	2842
np	1418	1419	2847
np	1419	1420	2832
np	1420	1421	2813
np	1421	1422	2800
np	1422	1423	2736
np	1423	1424	2742
np	1424	1425	2737
np	1425	1427	2663
np	1427	1428	2660
np	1428	1429	2664
np	1429	1430	2675
np	1430	1431	2684
np	1431	1432	2726
np	1432	1433	2679
np	1433	1434	2711
np	1434	1435	2720
np	1435	1436	2731
np	1436	1437	2736
np	1437	1438	2737
np	1438	1439	2716
np	1439	1440	2721
np	1440	1441	2674
np	1441	1442	2666
np	1442	1443	2689
np	1443	1444	2679
np	1444	1445	2693
np	1445	1446	2690
np	1446	1447	2707
np	1447	1448	2693
np	1448	1449	2691
np	1449	1450	2680
np	1450	1451	2670
np	1451	1453	2639
np	1453	1454	2644
np	1454	1456	2648
np	1456	1457	2649
np	1457	1458	2635
np	1458	1459	2637
np	1459	1460	2628
np	1460	1461	2636
np	1461	1462	2534
np	1462	1463	2514
np	1463	1464	2515
np	1464	1465	2493
np	1465	1466	2467
np	1466	1467	2464
np	1467	1468	2457
np	1468	1469	2462
np	1469	1471	2436
np	1471	1472	2408
np	1472	1473	2403
np	1473	1474	2394
np	1474	1475	2388
np	1475	1476	2371
np	1476	1477	2368
np	1477	1478	2420
np	1478	1479	2410
np	1479	1480	2356
np	1480	1481	2355
np	1481	1482	2347
np	1482	1483	2352
np	1483	1484	2349
np	1484	1486	2343
np	1486	1487	2082
np	1487	1488	2110
np	1488	1489	2101
np	1489	1490	2109
np	1490	1491	2102
np	1491	1492	2064
np	1492	1493	2072
np	1493	1494	2071
np	1494	1495	2067
np	1495	1496	2060
np	1496	1497	1886
np	1497	1498	1890
np	1498	1499	1818
np	1499	1500	1808
np	1500	1501	1820
np	1501	1502	1787
np	1502	1503	1771
np	1503	1504	1768
np	1504	1505	1758
np	1505	1506	1752
np	1506	1507	1720
np	1507	1508	1704
np	1508	1509	1671
np	1509	1510	1614
np	1510	1511	1610
np	1511	1512	1595
np	1512	1513	1585
np	1513	1514	1584
np	1514	1515	1581
np	1515	1516	1578
np	1516	1517	1561
np	1517	1518	1545
np	1518	1520	1500
np	1520	1521	1494
np	1521	1522	1492
np	1522	1523	1491
np	1523	1524	1429
np	1524	1525	1419
np	1525	1526	1389
np	1526	1527	1340
np	1527	1528	1327
np	1528	1530	1060
np	1530	1531	965
np	1531	1532	958
np	1532	1533	955
np	1533	1534	907
np	1534	1535	905
np	1535	1536	864
np	1536	1537	605
np	1537	1538	601
np	1538	1539	480
np	1539	1540	471
np	1540	1542	463
np	1542	1544	462
np	1544	1545	408
np	1545	1546	405
np	1546	1547	403
np	1547	1549	402
np	1549	1550	398
np	1550	1551	392
np	1551	1552	391
np	1552	1553	360
np	1553	1554	351
np	1554	1555	340
np	1555	1556	331
np	1556	1557	330
np	1557	1558	314
np	1558	1559	312
np	1559	1560	303
np	1560	1561	254
np	1561	1562	244
np	1562	1563	238
np	1563	1564	235
np	1564	1565	45
pb1	0	1	1718
pb1	1	2	1924
pb1	2	3	1949
pb1	3	4	1961
pb1	4	5	2076
pb1	5	6	2085
pb1	6	7	2092
pb1	7	8	2100
pb1	8	9	2193
pb1	9	10	2206
pb1	10	11	2261
pb1	11	12	2281
pb1	12	13	2300
pb1	13	14	2303
pb1	14	15	2369
pb1	15	16	2385
pb1	16	17	2644
pb1	17	18	2686
pb1	18	19	2761
pb1	19	20	2822
pb1	20	21	2844
pb1	21	22	2853
pb1	22	23	2959
pb1	23	24	2981
pb1	24	25	3015
pb1	25	26	3023
pb1	26	27	3038
pb1	27	28	3078
pb1	28	29	3169
pb1	29	30	3199
pb1	30	31	3213
pb1	31	32	3219
pb1	32	33	3300
pb1	33	34	3314
pb1	34	35	3326
pb1	35	36	3343
pb1	36	37	3356
pb1	37	38	3379
pb1	38	39	3406
pb1	39	40	3478
pb1	40	41	3501
pb1	41	42	3506
pb1	42	43	3535
pb1	43	44	3544
pb1	44	45	3576
pb1	45	46	3590
pb1	46	47	3593
pb1	47	48	3611
pb1	48	49	3626
pb1	49	50	3661
pb1	50	52	3670
pb1	52	53	3674
pb1	53	54	3689
pb1	54	55	3688
pb1	55	56	3701
pb1	56	57	3703
pb1	57	58	3715
pb1	58	59	3714
pb1	59	60	3710
pb1	60	61	3718
pb1	61	62	3710
pb1	62	63	3695
pb1	63	64	3728
pb1	64	65	3739
pb1	65	66	3765
pb1	66	67	3770
pb1	67	68	3750
pb1	68	69	3764
pb1	69	70	3767
pb1	70	71	3815
pb1	71	72	3835
pb1	72	73	3934
pb1	73	74	3949
pb1	74	75	3962
pb1	75	77	3973
pb1	77	78	4082
pb1	78	79	4080
pb1	79	80	4095
pb1	80	81	4097
pb1	81	82	3992
pb1	82	83	4108
pb1	83	84	4085
pb1	84	85	4119
pb1	85	86	4129
pb1	86	87	4100
pb1	87	88	4325
pb1	88	89	4311
pb1	89	90	4715
pb1	90	91	4724
pb1	91	92	4702
pb1	92	93	4878
pb1	93	94	4845
pb1	94	95	5057
pb1	95	96	5074
pb1	96	97	4991
pb1	97	98	5062
pb1	98	99	4785
pb1	99	100	4816
pb1	100	101	4829
pb1	101	102	4719
pb1	102	103	4720
pb1	103	105	4602
pb1	105	106	4731
pb1	106	107	4703
pb1	107	108	4710
pb1	108	109	4919
pb1	109	110	4908
pb1	110	111	4957
pb1	111	112	4954
pb1	112	113	4930
pb1	113	114	4944
pb1	114	115	4800
pb1	115	116	4919
pb1	116	117	4949
pb1	117	118	4828
pb1	118	119	4835
pb1	119	120	4813
pb1	120	121	4810
pb1	121	122	4945
pb1	122	123	4939
pb1	123	124	4933
pb1	124	125	4894
pb1	125	126	4783
pb1	126	127	4830
pb1	127	128	4881
pb1	128	129	4878
pb1	129	130	4874
pb1	130	131	4952
pb1	131	132	4875
pb1	132	133	5021
pb1	133	134	5029
pb1	134	135	5106
pb1	135	136	5023
pb1	136	137	5033
pb1	137	138	5073
pb1	138	139	5072
pb1	139	140	5179
pb1	140	141	4914
pb1	141	142	4890
pb1	142	143	4838
pb1	143	144	4916
pb1	144	145	4913
pb1	145	146	4888
pb1	146	147	4860
pb1	147	148	4815
pb1	148	149	5024
pb1	149	150	4908
pb1	150	151	4818
pb1	151	152	4778
pb1	152	153	4820
pb1	153	154	4804
pb1	154	155	4796
pb1	155	156	4766
pb1	156	157	4722
pb1	157	158	4764
pb1	158	159	4424
pb1	159	160	4408
pb1	160	161	4399
pb1	161	162	4179
pb1	162	163	4406
pb1	163	164	4415
pb1	164	165	4546
pb1	165	166	4545
pb1	166	167	4479
pb1	167	168	4585
pb1	168	169	4572
pb1	169	170	4749
pb1	170	171	4742
pb1	171	172	4587
pb1	172	173	4616
pb1	173	174	4508
pb1	174	175	4632
pb1	175	176	4651
pb1	176	177	4620
pb1	177	178	4667
pb1	178	179	4594
pb1	179	180	4627
pb1	180	182	4666
pb1	182	183	4682
pb1	183	184	4633
pb1	184	185	4613
pb1	185	186	4661
pb1	186	187	4631
pb1	187	188	4677
pb1	188	189	4711
pb1	189	190	4712
pb1	190	191	4753
pb1	191	192	4702
pb1	192	193	4701
pb1	193	194	4718
pb1	194	195	4687
pb1	195	196	4694
pb1	196	197	4670
pb1	197	198	4907
pb1	198	199	4897
pb1	199	200	4892
pb1	200	201	4833
pb1	201	202	4852
pb1	202	203	4834
pb1	203	204	4923
pb1	204	205	4889
pb1	205	206	4918
pb1	206	207	4728
pb1	207	208	4724
pb1	208	210	4742
pb1	210	211	4740
pb1	211	212	4734
pb1	212	213	4657
pb1	213	214	4819
pb1	214	215	4770
pb1	215	216	4765
pb1	216	217	4767
pb1	217	218	4784
pb1	218	219	4885
pb1	219	220	4895
pb1	220	221	4869
pb1	221	222	4851
pb1	222	223	4709
pb1	223	224	4770
pb1	224	225	4807
pb1	225	226	4777
pb1	226	227	4774
pb1	227	228	4690
pb1	228	229	4733
pb1	229	230	4799
pb1	230	231	4858
pb1	231	232	4872
pb1	232	233	4853
pb1	233	234	4849
pb1	234	235	4848
pb1	235	236	4857
pb1	236	237	4888
pb1	237	238	4904
pb1	238	239	4851
pb1	239	240	4754
pb1	240	241	4783
pb1	241	242	4753
pb1	242	243	4871
pb1	243	244	5010
pb1	244	245	4983
pb1	245	246	4921
pb1	246	247	4936
pb1	247	248	4928
pb1	248	249	4970
pb1	249	250	4997
pb1	250	251	4966
pb1	251	252	5011
pb1	252	253	4850
pb1	253	254	4843
pb1	254	255	4846
pb1	255	256	4857
pb1	256	257	4818
pb1	257	259	4840
pb1	259	260	4803
pb1	260	261	4760
pb1	261	262	4768
pb1	262	263	4843
pb1	263	264	4891
pb1	264	265	4932
pb1	265	266	5060
pb1	266	267	5018
pb1	267	268	5013
pb1	268	269	5033
pb1	269	270	5054
pb1	270	271	5094
pb1	271	272	5062
pb1	272	273	5047
pb1	273	274	5226
pb1	274	275	5066
pb1	275	276	5197
pb1	276	277	5208
pb1	277	278	5205
pb1	278	279	5159
pb1	279	280	5239
pb1	280	281	5194
pb1	281	282	5164
pb1	282	283	5010
pb1	283	284	5078
pb1	284	285	5030
pb1	285	286	5076
pb1	286	287	5088
pb1	287	288	5168
pb1	288	289	5062
pb1	289	290	5042
pb1	290	291	5020
pb1	291	292	5018
pb1	292	293	4941
pb1	293	294	4936
pb1	294	295	4941
pb1	295	296	4929
pb1	296	297	4802
pb1	297	298	4807
pb1	298	299	4800
pb1	299	300	4764
pb1	300	301	4766
pb1	301	302	4739
pb1	302	303	4679
pb1	303	304	4619
pb1	304	305	5282
pb1	305	306	5402
pb1	306	307	5404
pb1	307	308	5400
pb1	308	309	5370
pb1	309	310	5392
pb1	310	311	5542
pb1	311	312	5536
pb1	312	313	5546
pb1	313	314	4847
pb1	314	315	4933
pb1	315	316	4909
pb1	316	317	4988
pb1	317	318	4981
pb1	318	319	5031
pb1	319	320	5063
pb1	320	321	5121
pb1	321	322	5098
pb1	322	323	5108
pb1	323	324	5004
pb1	324	325	5020
pb1	325	326	5027
pb1	326	327	5021
pb1	327	328	5026
pb1	328	329	4944
pb1	329	330	4943
pb1	330	331	4896
pb1	331	332	4914
pb1	332	333	4917
pb1	333	334	4920
pb1	334	335	4913
pb1	335	336	4903
pb1	336	337	4876
pb1	337	338	4821
pb1	338	339	4828
pb1	339	340	4810
pb1	340	341	4787
pb1	341	343	4792
pb1	343	344	4883
pb1	344	345	4910
pb1	345	346	4923
pb1	346	347	4915
pb1	347	348	4886
pb1	348	349	4862
pb1	349	350	4857
pb1	350	351	4844
pb1	351	352	4842
pb1	352	353	4838
pb1	353	354	4859
pb1	354	355	4835
pb1	355	356	4823
pb1	356	357	4821
pb1	357	358	4841
pb1	358	359	4868
pb1	359	360	4851
pb1	360	361	4855
pb1	361	362	4836
pb1	362	363	4837
pb1	363	364	4854
pb1	364	365	4832
pb1	365	366	4839
pb1	366	367	4861
pb1	367	368	4797
pb1	368	369	4869
pb1	369	370	4878
pb1	370	371	4957
pb1	371	372	4960
pb1	372	373	4914
pb1	373	374	4932
pb1	374	375	4922
pb1	375	376	4933
pb1	376	377	4943
pb1	377	378	4807
pb1	378	379	4810
pb1	379	380	4635
pb1	380	381	4675
pb1	381	382	4674
pb1	382	383	4641
pb1	383	384	4648
pb1	384	385	4580
pb1	385	386	4793
pb1	386	387	4785
pb1	387	388	4781
pb1	388	390	4765
pb1	390	391	4855
pb1	391	392	4862
pb1	392	393	4817
pb1	393	394	4759
pb1	394	395	4519
pb1	395	396	4529
pb1	396	397	4532
pb1	397	398	4545
pb1	398	399	4576
pb1	399	400	4525
pb1	400	401	4536
pb1	401	402	4537
pb1	402	403	4549
pb1	403	404	4546
pb1	404	405	4683
pb1	405	406	4788
pb1	406	407	4817
pb1	407	408	4775
pb1	408	409	4702
pb1	409	410	4723
pb1	410	411	4798
pb1	411	412	4814
pb1	412	413	4810
pb1	413	414	4623
pb1	414	415	4467
pb1	415	416	4444
pb1	416	417	4430
pb1	417	418	4551
pb1	418	419	4560
pb1	419	420	4494
pb1	420	421	4501
pb1	421	422	4471
pb1	422	423	4525
pb1	423	424	4522
pb1	424	425	4474
pb1	425	426	4448
pb1	426	427	4277
pb1	427	428	4343
pb1	428	429	4346
pb1	429	430	4334
pb1	430	431	4316
pb1	431	432	4238
pb1	432	433	4227
pb1	433	434	4204
pb1	434	435	4158
pb1	435	436	4159
pb1	436	437	4087
pb1	437	438	4104
pb1	438	439	4094
pb1	439	440	4100
pb1	440	441	4098
pb1	441	442	4109
pb1	442	443	4138
pb1	443	444	4135
pb1	444	445	4133
pb1	445	446	4137
pb1	446	447	4076
pb1	447	448	4382
pb1	448	449	4376
pb1	449	450	4383
pb1	450	451	4368
pb1	451	452	4318
pb1	452	453	5076
pb1	453	454	5116
pb1	454	455	4964
pb1	455	456	4953
pb1	456	457	4652
pb1	457	458	5047
pb1	458	459	5118
pb1	459	460	5151
pb1	460	461	5920
pb1	461	462	5317
pb1	462	463	5468
pb1	463	464	5471
pb1	464	465	5469
pb1	465	466	5512
pb1	466	467	5208
pb1	467	468	5184
pb1	468	469	5236
pb1	469	470	4889
pb1	470	471	5010
pb1	471	472	4994
pb1	472	473	5016
pb1	473	474	5021
pb1	474	475	4982
pb1	475	476	5014
pb1	476	477	5018
pb1	477	478	5023
pb1	478	479	5000
pb1	479	480	4975
pb1	480	481	4971
pb1	481	482	4968
pb1	482	483	5017
pb1	483	484	5026
pb1	484	485	5245
pb1	485	486	5272
pb1	486	487	5309
pb1	487	488	5351
pb1	488	489	5370
pb1	489	490	5360
pb1	490	491	5399
pb1	491	492	5375
pb1	492	493	5497
pb1	493	494	5556
pb1	494	495	5610
pb1	495	496	5630
pb1	496	497	5633
pb1	497	498	5647
pb1	498	499	5932
pb1	499	500	5939
pb1	500	501	5984
pb1	501	502	5947
pb1	502	503	5961
pb1	503	504	5937
pb1	504	505	5979
pb1	505	506	6012
pb1	506	507	6030
pb1	507	508	5893
pb1	508	509	5985
pb1	509	510	5939
pb1	510	511	6185
pb1	511	512	6129
pb1	512	513	6142
pb1	513	514	6172
pb1	514	515	6183
pb1	515	516	6173
pb1	516	517	6202
pb1	517	518	6121
pb1	518	519	6172
pb1	519	520	5975
pb1	520	521	6038
pb1	521	522	6104
pb1	522	523	6180
pb1	523	524	6184
pb1	524	525	6242
pb1	525	526	6224
pb1	526	527	6217
pb1	527	528	6261
pb1	528	529	6354
pb1	529	530	6484
pb1	530	531	6446
pb1	531	532	6595
pb1	532	533	6699
pb1	533	535	6720
pb1	535	536	6729
pb1	536	537	6667
pb1	537	538	6683
pb1	538	539	6554
pb1	539	540	6551
pb1	540	541	6355
pb1	541	542	6357
pb1	542	543	6324
pb1	543	544	6379
pb1	544	545	6404
pb1	545	546	6584
pb1	546	547	6719
pb1	547	548	6741
pb1	548	549	6730
pb1	549	550	6682
pb1	550	551	6684
pb1	551	552	6643
pb1	552	553	6686
pb1	553	554	6647
pb1	554	555	6552
pb1	555	556	6397
pb1	556	558	6345
pb1	558	560	6396
pb1	560	561	6631
pb1	561	562	6640
pb1	562	564	6679
pb1	564	565	6658
pb1	565	566	6780
pb1	566	567	6766
pb1	567	568	6664
pb1	568	569	6632
pb1	569	570	6316
pb1	570	571	6302
pb1	571	572	6314
pb1	572	573	6317
pb1	573	574	6343
pb1	574	575	6221
pb1	575	576	6276
pb1	576	577	6277
pb1	577	578	6292
pb1	578	579	6293
pb1	579	580	6272
pb1	580	581	6250
pb1	581	582	6254
pb1	582	583	6250
pb1	583	584	6359
pb1	584	585	6418
pb1	585	586	6406
pb1	586	587	6498
pb1	587	588	6503
pb1	588	589	6500
pb1	589	590	6521
pb1	590	591	6487
pb1	591	592	6445
pb1	592	593	6386
pb1	593	594	6376
pb1	594	595	6430
pb1	595	596	6296
pb1	596	597	6357
pb1	597	598	6338
pb1	598	599	6317
pb1	599	600	6403
pb1	600	601	6419
pb1	601	602	6371
pb1	602	603	6353
pb1	603	604	6257
pb1	604	605	6264
pb1	605	606	6254
pb1	606	607	6223
pb1	607	608	6124
pb1	608	609	5991
pb1	609	610	5956
pb1	610	611	5896
pb1	611	612	5780
pb1	612	613	5760
pb1	613	614	5738
pb1	614	615	5785
pb1	615	616	5784
pb1	616	617	5788
pb1	617	618	5768
pb1	618	619	5756
pb1	619	620	5774
pb1	620	621	5754
pb1	621	622	5773
pb1	622	623	5735
pb1	623	624	5686
pb1	624	625	5667
pb1	625	626	5937
pb1	626	627	5920
pb1	627	628	5921
pb1	628	629	5883
pb1	629	630	5910
pb1	630	631	5852
pb1	631	632	6004
pb1	632	633	6017
pb1	633	634	5980
pb1	634	635	6030
pb1	635	636	5803
pb1	636	637	5833
pb1	637	638	5824
pb1	638	639	5755
pb1	639	640	5785
pb1	640	641	5623
pb1	641	642	5590
pb1	642	643	5556
pb1	643	644	5368
pb1	644	645	5439
pb1	645	646	5417
pb1	646	647	5391
pb1	647	648	5395
pb1	648	649	5333
pb1	649	650	5268
pb1	650	652	5274
pb1	652	653	5205
pb1	653	654	5187
pb1	654	655	5109
pb1	655	656	5241
pb1	656	657	5251
pb1	657	658	5243
pb1	658	659	5220
pb1	659	660	5315
pb1	660	661	5360
pb1	661	662	5340
pb1	662	663	5357
pb1	663	664	5316
pb1	664	665	4988
pb1	665	666	4956
pb1	666	667	4936
pb1	667	668	4933
pb1	668	669	4901
pb1	669	670	4638
pb1	670	671	4648
pb1	671	672	4609
pb1	672	673	4561
pb1	673	674	4840
pb1	674	675	4906
pb1	675	676	4938
pb1	676	677	4957
pb1	677	678	5021
pb1	678	679	5030
pb1	679	680	5017
pb1	680	681	4970
pb1	681	682	4911
pb1	682	683	4851
pb1	683	684	4454
pb1	684	685	4512
pb1	685	686	4568
pb1	686	687	4418
pb1	687	688	4419
pb1	688	689	4394
pb1	689	690	4399
pb1	690	691	4447
pb1	691	692	4459
pb1	692	693	4320
pb1	693	694	4302
pb1	694	695	4083
pb1	695	696	4167
pb1	696	697	4125
pb1	697	698	4107
pb1	698	699	4148
pb1	699	700	4000
pb1	700	701	4100
pb1	701	702	4046
pb1	702	703	4077
pb1	703	704	4075
pb1	704	705	3996
pb1	705	706	3997
pb1	706	707	3980
pb1	707	708	3884
pb1	708	709	3874
pb1	709	710	3648
pb1	710	711	3664
pb1	711	712	3615
pb1	712	713	3542
pb1	713	714	3444
pb1	714	715	3435
pb1	715	716	3422
pb1	716	717	3421
pb1	717	718	3427
pb1	718	719	3439
pb1	719	720	3417
pb1	720	721	3404
pb1	721	722	3400
pb1	722	723	3404
pb1	723	724	3408
pb1	724	725	3413
pb1	725	726	3418
pb1	726	727	3438
pb1	727	728	3484
pb1	728	729	3516
pb1	729	730	3555
pb1	730	731	3550
pb1	731	732	3512
pb1	732	733	3500
pb1	733	734	3504
pb1	734	735	3533
pb1	735	736	3415
pb1	736	737	3435
pb1	737	738	3383
pb1	738	739	3310
pb1	739	740	3349
pb1	740	741	3328
pb1	741	742	3334
pb1	742	743	3351
pb1	743	744	3296
pb1	744	745	3289
pb1	745	746	3291
pb1	746	747	3298
pb1	747	748	3301
pb1	748	749	3222
pb1	749	750	3186
pb1	750	751	3157
pb1	751	752	3135
pb1	752	753	3045
pb1	753	754	3063
pb1	754	756	3006
pb1	756	757	2989
pb1	757	758	3028
pb1	758	759	3043
pb1	759	760	3106
pb1	760	761	3088
pb1	761	762	3089
pb1	762	763	3060
pb1	763	764	3021
pb1	764	765	3061
pb1	765	766	3069
pb1	766	767	3040
pb1	767	768	3036
pb1	768	769	2893
pb1	769	770	2924
pb1	770	771	2912
pb1	771	772	2951
pb1	772	773	3004
pb1	773	774	2958
pb1	774	775	3072
pb1	775	776	3076
pb1	776	777	3069
pb1	777	778	3138
pb1	778	779	3097
pb1	779	780	3104
pb1	780	781	3069
pb1	781	782	2855
pb1	782	783	2851
pb1	783	784	2725
pb1	784	785	2712
pb1	785	786	2685
pb1	786	787	2718
pb1	787	788	2702
pb1	788	789	2701
pb1	789	790	2704
pb1	790	791	2691
pb1	791	792	2694
pb1	792	793	2730
pb1	793	794	2914
pb1	794	795	2923
pb1	795	796	2938
pb1	796	797	2945
pb1	797	798	3030
pb1	798	799	3052
pb1	799	801	3080
pb1	801	802	3068
pb1	802	803	2925
pb1	803	804	3031
pb1	804	805	2992
pb1	805	806	3055
pb1	806	807	3015
pb1	807	808	3000
pb1	808	809	3103
pb1	809	810	3112
pb1	810	811	3137
pb1	811	812	3160
pb1	812	813	3082
pb1	813	814	3081
pb1	814	815	3011
pb1	815	816	3006
pb1	816	817	2992
pb1	817	818	2988
pb1	818	819	3038
pb1	819	820	3026
pb1	820	821	3023
pb1	821	822	3034
pb1	822	823	3084
pb1	823	824	3091
pb1	824	825	3053
pb1	825	826	3063
pb1	826	827	2985
pb1	827	828	3033
pb1	828	829	3015
pb1	829	830	3029
pb1	830	831	3024
pb1	831	832	3008
pb1	832	833	3019
pb1	833	834	3043
pb1	834	835	3067
pb1	835	836	3023
pb1	836	837	3062
pb1	837	838	3052
pb1	838	839	3079
pb1	839	840	3077
pb1	840	841	3112
pb1	841	842	3106
pb1	842	843	3107
pb1	843	844	3090
pb1	844	845	3128
pb1	845	847	3091
pb1	847	848	3093
pb1	848	849	3091
pb1	849	850	3057
pb1	850	851	3163
pb1	851	852	3196
pb1	852	853	3241
pb1	853	854	3230
pb1	854	855	3277
pb1	855	856	3267
pb1	856	857	3254
pb1	857	858	3272
pb1	858	859	3262
pb1	859	860	3257
pb1	860	861	3306
pb1	861	862	3303
pb1	862	863	3316
pb1	863	864	3280
pb1	864	865	3290
pb1	865	866	3289
pb1	866	867	3300
pb1	867	868	3288
pb1	868	869	3248
pb1	869	870	3325
pb1	870	871	3336
pb1	871	872	3345
pb1	872	873	3336
pb1	873	874	3320
pb1	874	875	3338
pb1	875	876	3332
pb1	876	877	3351
pb1	877	878	3393
pb1	878	879	3312
pb1	879	880	3329
pb1	880	881	3306
pb1	881	882	3324
pb1	882	883	3329
pb1	883	884	3361
pb1	884	885	3353
pb1	885	886	3320
pb1	886	887	3322
pb1	887	888	3352
pb1	888	889	3387
pb1	889	890	3385
pb1	890	891	3381
pb1	891	892	3370
pb1	892	893	3284
pb1	893	894	3298
pb1	894	895	3277
pb1	895	896	3280
pb1	896	897	3252
pb1	897	898	3197
pb1	898	899	3253
pb1	899	900	3305
pb1	900	901	3333
pb1	901	902	3437
pb1	902	903	3457
pb1	903	904	3518
pb1	904	905	3510
pb1	905	906	3520
pb1	906	907	3540
pb1	907	908	3625
pb1	908	909	3618
pb1	909	910	3554
pb1	910	911	3544
pb1	911	912	3428
pb1	912	913	3455
pb1	913	914	3420
pb1	914	915	3439
pb1	915	916	3420
pb1	916	917	3344
pb1	917	918	3435
pb1	918	919	3434
pb1	919	920	3449
pb1	920	921	3482
pb1	921	923	3502
pb1	923	924	3511
pb1	924	925	3486
pb1	925	926	3530
pb1	926	927	3468
pb1	927	928	3473
pb1	928	929	3553
pb1	929	930	3612
pb1	930	931	3588
pb1	931	932	3679
pb1	932	933	3648
pb1	933	934	3716
pb1	934	935	3719
pb1	935	936	3872
pb1	936	937	3897
pb1	937	938	3825
pb1	938	939	3802
pb1	939	940	3780
pb1	940	941	3766
pb1	941	942	3856
pb1	942	943	3802
pb1	943	944	3785
pb1	944	945	3624
pb1	945	946	3618
pb1	946	947	3610
pb1	947	948	3624
pb1	948	949	3613
pb1	949	950	3579
pb1	950	951	3577
pb1	951	952	3536
pb1	952	953	3540
pb1	953	954	3529
pb1	954	955	3524
pb1	955	956	3527
pb1	956	957	3499
pb1	957	958	3490
pb1	958	959	3461
pb1	959	960	3458
pb1	960	961	3446
pb1	961	962	3416
pb1	962	963	3428
pb1	963	964	3423
pb1	964	965	3451
pb1	965	966	3476
pb1	966	967	3491
pb1	967	968	3476
pb1	968	969	3446
pb1	969	970	3436
pb1	970	971	3472
pb1	971	972	3456
pb1	972	973	3464
pb1	973	974	3422
pb1	974	975	3549
pb1	975	976	3506
pb1	976	977	3517
pb1	977	978	3504
pb1	978	979	3510
pb1	979	980	3488
pb1	980	981	3555
pb1	981	982	3556
pb1	982	983	3555
pb1	983	984	3401
pb1	984	985	3495
pb1	985	986	3626
pb1	986	987	3648
pb1	987	988	3695
pb1	988	989	3707
pb1	989	990	3678
pb1	990	991	3685
pb1	991	992	4113
pb1	992	993	4592
pb1	993	994	4516
pb1	994	995	4499
pb1	995	996	4486
pb1	996	997	4451
pb1	997	998	4470
pb1	998	999	4451
pb1	999	1000	4549
pb1	1000	1001	4517
pb1	1001	1002	4128
pb1	1002	1003	4110
pb1	1003	1004	4067
pb1	1004	1005	4155
pb1	1005	1006	4166
pb1	1006	1007	4129
pb1	1007	1008	4130
pb1	1008	1009	4086
pb1	1009	1010	4006
pb1	1010	1011	4062
pb1	1011	1012	4095
pb1	1012	1013	4105
pb1	1013	1014	4085
pb1	1014	1015	4105
pb1	1015	1016	4118
pb1	1016	1017	4117
pb1	1017	1018	4136
pb1	1018	1019	4207
pb1	1019	1021	4796
pb1	1021	1022	4813
pb1	1022	1023	4823
pb1	1023	1024	4821
pb1	1024	1025	4893
pb1	1025	1026	4904
pb1	1026	1027	4890
pb1	1027	1028	4841
pb1	1028	1029	4591
pb1	1029	1030	4962
pb1	1030	1031	4966
pb1	1031	1032	5026
pb1	1032	1033	5034
pb1	1033	1034	5011
pb1	1034	1035	5024
pb1	1035	1036	5022
pb1	1036	1037	5122
pb1	1037	1038	5146
pb1	1038	1039	4999
pb1	1039	1040	5047
pb1	1040	1041	5036
pb1	1041	1042	5064
pb1	1042	1043	5129
pb1	1043	1044	5107
pb1	1044	1045	5720
pb1	1045	1046	5688
pb1	1046	1047	5669
pb1	1047	1048	5760
pb1	1048	1049	5744
pb1	1049	1050	5729
pb1	1050	1051	5737
pb1	1051	1052	5633
pb1	1052	1053	5645
pb1	1053	1054	5214
pb1	1054	1055	5195
pb1	1055	1056	5243
pb1	1056	1057	5202
pb1	1057	1059	5277
pb1	1059	1060	5298
pb1	1060	1061	5310
pb1	1061	1062	5282
pb1	1062	1063	5258
pb1	1063	1064	5284
pb1	1064	1065	5316
pb1	1065	1066	5506
pb1	1066	1067	5540
pb1	1067	1068	5583
pb1	1068	1069	5615
pb1	1069	1070	5606
pb1	1070	1071	5602
pb1	1071	1072	5695
pb1	1072	1073	5966
pb1	1073	1074	6003
pb1	1074	1075	6032
pb1	1075	1076	6002
pb1	1076	1077	6025
pb1	1077	1078	6095
pb1	1078	1079	6171
pb1	1079	1080	6181
pb1	1080	1081	6077
pb1	1081	1082	5914
pb1	1082	1083	5886
pb1	1083	1084	6204
pb1	1084	1085	6272
pb1	1085	1086	6289
pb1	1086	1087	6218
pb1	1087	1088	6189
pb1	1088	1089	6214
pb1	1089	1090	6267
pb1	1090	1091	6268
pb1	1091	1092	6352
pb1	1092	1093	6183
pb1	1093	1094	6169
pb1	1094	1095	6150
pb1	1095	1096	6154
pb1	1096	1097	6189
pb1	1097	1098	6381
pb1	1098	1099	6312
pb1	1099	1100	6364
pb1	1100	1101	6324
pb1	1101	1102	6305
pb1	1102	1103	6309
pb1	1103	1104	6356
pb1	1104	1105	6402
pb1	1105	1106	6486
pb1	1106	1107	6321
pb1	1107	1108	6315
pb1	1108	1109	6267
pb1	1109	1110	6255
pb1	1110	1111	6258
pb1	1111	1112	6234
pb1	1112	1113	6244
pb1	1113	1114	6198
pb1	1114	1115	6190
pb1	1115	1116	6198
pb1	1116	1117	6186
pb1	1117	1118	6198
pb1	1118	1119	6190
pb1	1119	1120	6170
pb1	1120	1121	6338
pb1	1121	1122	6288
pb1	1122	1123	6346
pb1	1123	1124	6358
pb1	1124	1125	6386
pb1	1125	1126	6359
pb1	1126	1127	6355
pb1	1127	1128	6338
pb1	1128	1129	6376
pb1	1129	1130	6127
pb1	1130	1131	6118
pb1	1131	1132	6127
pb1	1132	1133	6137
pb1	1133	1134	6128
pb1	1134	1135	6156
pb1	1135	1136	6176
pb1	1136	1137	6148
pb1	1137	1138	6185
pb1	1138	1139	6181
pb1	1139	1140	6212
pb1	1140	1141	6095
pb1	1141	1142	6080
pb1	1142	1143	6189
pb1	1143	1144	6157
pb1	1144	1145	6163
pb1	1145	1146	6153
pb1	1146	1147	6121
pb1	1147	1148	6461
pb1	1148	1149	6437
pb1	1149	1150	6415
pb1	1150	1151	6406
pb1	1151	1152	6260
pb1	1152	1153	6383
pb1	1153	1154	6350
pb1	1154	1155	6381
pb1	1155	1156	6343
pb1	1156	1157	6069
pb1	1157	1158	6281
pb1	1158	1159	6315
pb1	1159	1160	6303
pb1	1160	1161	6415
pb1	1161	1162	6273
pb1	1162	1163	6413
pb1	1163	1164	6376
pb1	1164	1165	6410
pb1	1165	1166	6416
pb1	1166	1167	6294
pb1	1167	1168	6232
pb1	1168	1169	6224
pb1	1169	1170	6063
pb1	1170	1171	5960
pb1	1171	1172	5785
pb1	1172	1173	5859
pb1	1173	1174	5849
pb1	1174	1175	5878
pb1	1175	1176	5846
pb1	1176	1177	5879
pb1	1177	1178	5937
pb1	1178	1179	5927
pb1	1179	1180	5912
pb1	1180	1181	5853
pb1	1181	1182	5869
pb1	1182	1183	5860
pb1	1183	1184	5840
pb1	1184	1185	5885
pb1	1185	1186	5888
pb1	1186	1187	5814
pb1	1187	1188	5811
pb1	1188	1189	5756
pb1	1189	1190	5740
pb1	1190	1191	5610
pb1	1191	1192	5663
pb1	1192	1193	5665
pb1	1193	1194	5663
pb1	1194	1195	5593
pb1	1195	1196	5563
pb1	1196	1197	5626
pb1	1197	1198	5625
pb1	1198	1199	5614
pb1	1199	1200	5583
pb1	1200	1201	5508
pb1	1201	1202	5537
pb1	1202	1203	5556
pb1	1203	1204	5538
pb1	1204	1205	5427
pb1	1205	1206	5382
pb1	1206	1207	6326
pb1	1207	1208	6420
pb1	1208	1209	6468
pb1	1209	1210	6639
pb1	1210	1211	6605
pb1	1211	1212	6693
pb1	1212	1213	6725
pb1	1213	1214	6712
pb1	1214	1215	6734
pb1	1215	1216	6551
pb1	1216	1217	5658
pb1	1217	1218	5666
pb1	1218	1219	5566
pb1	1219	1220	5619
pb1	1220	1221	5603
pb1	1221	1222	5570
pb1	1222	1223	5538
pb1	1223	1224	5401
pb1	1224	1225	5648
pb1	1225	1226	5668
pb1	1226	1227	5675
pb1	1227	1228	5700
pb1	1228	1229	5813
pb1	1229	1230	5850
pb1	1230	1231	5849
pb1	1231	1232	5838
pb1	1232	1233	5827
pb1	1233	1234	5549
pb1	1234	1236	5625
pb1	1236	1237	5595
pb1	1237	1238	5545
pb1	1238	1239	5529
pb1	1239	1240	5633
pb1	1240	1241	5705
pb1	1241	1242	5728
pb1	1242	1243	5711
pb1	1243	1244	5557
pb1	1244	1245	5712
pb1	1245	1246	5890
pb1	1246	1247	6105
pb1	1247	1248	6208
pb1	1248	1249	6170
pb1	1249	1250	6118
pb1	1250	1251	6271
pb1	1251	1252	6443
pb1	1252	1253	6476
pb1	1253	1254	6370
pb1	1254	1255	7206
pb1	1255	1256	7445
pb1	1256	1257	8306
pb1	1257	1258	8386
pb1	1258	1259	8623
pb1	1259	1260	8826
pb1	1260	1261	8666
pb1	1261	1262	8719
pb1	1262	1263	8741
pb1	1263	1264	8971
pb1	1264	1265	9016
pb1	1265	1266	10005
pb1	1266	1267	10190
pb1	1267	1268	10208
pb1	1268	1269	10434
pb1	1269	1270	10435
pb1	1270	1271	11289
pb1	1271	1272	11314
pb1	1272	1273	11270
pb1	1273	1274	11439
pb1	1274	1275	11281
pb1	1275	1276	12791
pb1	1276	1277	12928
pb1	1277	1278	12954
pb1	1278	1279	13003
pb1	1279	1280	12928
pb1	1280	1281	12968
pb1	1281	1282	12978
pb1	1282	1283	13025
pb1	1283	1284	12865
pb1	1284	1285	12784
pb1	1285	1286	12624
pb1	1286	1287	12677
pb1	1287	1288	12766
pb1	1288	1289	12806
pb1	1289	1290	12822
pb1	1290	1291	12945
pb1	1291	1292	12950
pb1	1292	1293	13083
pb1	1293	1294	13073
pb1	1294	1295	13081
pb1	1295	1296	13096
pb1	1296	1297	13097
pb1	1297	1298	13322
pb1	1298	1299	13310
pb1	1299	1300	13300
pb1	1300	1301	13296
pb1	1301	1302	13263
pb1	1302	1303	13597
pb1	1303	1304	13728
pb1	1304	1305	13761
pb1	1305	1306	13841
pb1	1306	1307	13777
pb1	1307	1308	13855
pb1	1308	1309	13872
pb1	1309	1310	13870
pb1	1310	1311	14144
pb1	1311	1312	13969
pb1	1312	1313	13935
pb1	1313	1314	13983
pb1	1314	1315	13967
pb1	1315	1316	14002
pb1	1316	1317	14521
pb1	1317	1318	14409
pb1	1318	1319	14649
pb1	1319	1320	14500
pb1	1320	1321	14383
pb1	1321	1322	14767
pb1	1322	1323	14800
pb1	1323	1324	16920
pb1	1324	1325	17465
pb1	1325	1326	17062
pb1	1326	1327	17898
pb1	1327	1328	17776
pb1	1328	1329	18652
pb1	1329	1330	18767
pb1	1330	1331	18576
pb1	1331	1332	18758
pb1	1332	1333	17322
pb1	1333	1334	17374
pb1	1334	1335	17497
pb1	1335	1336	17027
pb1	1336	1337	17099
pb1	1337	1338	16883
pb1	1338	1339	16916
pb1	1339	1340	17064
pb1	1340	1341	16931
pb1	1341	1342	16876
pb1	1342	1343	17374
pb1	1343	1344	17263
pb1	1344	1345	17544
pb1	1345	1346	17573
pb1	1346	1347	17787
pb1	1347	1348	17869
pb1	1348	1349	17893
pb1	1349	1350	17904
pb1	1350	1351	17912
pb1	1351	1352	17513
pb1	1352	1353	17567
pb1	1353	1354	18117
pb1	1354	1355	18076
pb1	1355	1356	18034
pb1	1356	1357	18100
pb1	1357	1358	18096
pb1	1358	1359	18082
pb1	1359	1360	18115
pb1	1360	1361	18199
pb1	1361	1362	18268
pb1	1362	1363	17942
pb1	1363	1364	17925
pb1	1364	1365	17943
pb1	1365	1366	18043
pb1	1366	1368	18405
pb1	1368	1369	19107
pb1	1369	1370	18973
pb1	1370	1371	19594
pb1	1371	1372	19638
pb1	1372	1373	19742
pb1	1373	1374	19826
pb1	1374	1375	20165
pb1	1375	1376	19761
pb1	1376	1377	19836
pb1	1377	1378	19116
pb1	1378	1379	19033
pb1	1379	1380	18195
pb1	1380	1381	18391
pb1	1381	1382	18524
pb1	1382	1383	18381
pb1	1383	1384	18392
pb1	1384	1385	18110
pb1	1385	1386	18089
pb1	1386	1387	18004
pb1	1387	1388	17958
pb1	1388	1389	18316
pb1	1389	1390	17858
pb1	1390	1391	17713
pb1	1391	1392	17676
pb1	1392	1393	17748
pb1	1393	1394	17908
pb1	1394	1395	17920
pb1	1395	1396	17913
pb1	1396	1397	18027
pb1	1397	1398	17598
pb1	1398	1399	17878
pb1	1399	1400	17868
pb1	1400	1401	17861
pb1	1401	1402	17757
pb1	1402	1403	17544
pb1	1403	1404	17505
pb1	1404	1405	17394
pb1	1405	1406	17285
pb1	1406	1407	17088
pb1	1407	1408	17647
pb1	1408	1409	17722
pb1	1409	1410	17670
pb1	1410	1411	17706
pb1	1411	1412	17551
pb1	1412	1413	17461
pb1	1413	1414	17592
pb1	1414	1415	17402
pb1	1415	1416	17287
pb1	1416	1417	15962
pb1	1417	1418	16226
pb1	1418	1419	16886
pb1	1419	1420	16800
pb1	1420	1421	16819
pb1	1421	1422	18107
pb1	1422	1423	17867
pb1	1423	1424	18016
pb1	1424	1425	18026
pb1	1425	1426	17831
pb1	1426	1427	17763
pb1	1427	1428	16631
pb1	1428	1429	16688
pb1	1429	1430	16941
pb1	1430	1431	15597
pb1	1431	1432	15593
pb1	1432	1433	15581
pb1	1433	1434	15586
pb1	1434	1435	15592
pb1	1435	1436	15503
pb1	1436	1437	15495
pb1	1437	1438	15483
pb1	1438	1439	15143
pb1	1439	1440	15335
pb1	1440	1441	15370
pb1	1441	1442	15352
pb1	1442	1443	15395
pb1	1443	1444	15415
pb1	1444	1445	15701
pb1	1445	1446	15717
pb1	1446	1448	15737
pb1	1448	1449	15597
pb1	1449	1450	15491
pb1	1450	1451	15505
pb1	1451	1452	15507
pb1	1452	1453	15520
pb1	1453	1454	14844
pb1	1454	1455	14925
pb1	1455	1456	15005
pb1	1456	1457	15031
pb1	1457	1458	14862
pb1	1458	1459	14921
pb1	1459	1460	14815
pb1	1460	1461	14951
pb1	1461	1462	14972
pb1	1462	1463	14908
pb1	1463	1464	14813
pb1	1464	1465	14486
pb1	1465	1466	14350
pb1	1466	1467	14652
pb1	1467	1468	14618
pb1	1468	1469	14596
pb1	1469	1470	14606
pb1	1470	1471	14758
pb1	1471	1472	15247
pb1	1472	1473	15207
pb1	1473	1474	15171
pb1	1474	1475	14857
pb1	1475	1476	14234
pb1	1476	1477	14207
pb1	1477	1478	14001
pb1	1478	1479	13969
pb1	1479	1480	12731
pb1	1480	1481	13025
pb1	1481	1482	12992
pb1	1482	1483	12892
pb1	1483	1484	12891
pb1	1484	1485	12266
pb1	1485	1486	12325
pb1	1486	1487	12568
pb1	1487	1488	12485
pb1	1488	1489	12472
pb1	1489	1490	11731
pb1	1490	1491	11300
pb1	1491	1492	11305
pb1	1492	1493	11269
pb1	1493	1494	11220
pb1	1494	1495	11151
pb1	1495	1496	10593
pb1	1496	1497	10408
pb1	1497	1498	10387
pb1	1498	1499	10224
pb1	1499	1500	10254
pb1	1500	1501	10194
pb1	1501	1502	10171
pb1	1502	1503	10168
pb1	1503	1504	10275
pb1	1504	1505	10295
pb1	1505	1506	10266
pb1	1506	1507	10318
pb1	1507	1508	10340
pb1	1508	1509	10328
pb1	1509	1510	10402
pb1	1510	1511	10454
pb1	1511	1512	10504
pb1	1512	1513	10349
pb1	1513	1514	10344
pb1	1514	1515	10380
pb1	1515	1516	10448
pb1	1516	1517	10583
pb1	1517	1518	10738
pb1	1518	1519	10686
pb1	1519	1520	10758
pb1	1520	1521	10755
pb1	1521	1522	10810
pb1	1522	1523	11045
pb1	1523	1524	11029
pb1	1524	1525	10946
pb1	1525	1526	10751
pb1	1526	1527	10499
pb1	1527	1528	10532
pb1	1528	1529	10419
pb1	1529	1530	10353
pb1	1530	1531	10366
pb1	1531	1532	10099
pb1	1532	1533	10073
pb1	1533	1534	10000
pb1	1534	1535	10010
pb1	1535	1536	10194
pb1	1536	1537	10134
pb1	1537	1538	10182
pb1	1538	1539	10174
pb1	1539	1540	10151
pb1	1540	1541	10379
pb1	1541	1542	10433
pb1	1542	1543	10408
pb1	1543	1544	10370
pb1	1544	1545	10031
pb1	1545	1546	10268
pb1	1546	1547	10213
pb1	1547	1548	10222
pb1	1548	1549	10165
pb1	1549	1550	9985
pb1	1550	1551	10106
pb1	1551	1552	10121
pb1	1552	1553	10153
pb1	1553	1554	10125
pb1	1554	1555	9882
pb1	1555	1556	10658
pb1	1556	1557	10721
pb1	1557	1558	10689
pb1	1558	1559	10691
pb1	1559	1560	10584
pb1	1560	1561	10608
pb1	1561	1562	10622
pb1	1562	1563	10657
pb1	1563	1564	10693
pb1	1564	1565	9861
pb1	1565	1566	10534
pb1	1566	1567	10535
pb1	1567	1568	10515
pb1	1568	1569	10529
pb1	1569	1570	10562
pb1	1570	1571	10922
pb1	1571	1572	10945
pb1	1572	1573	10764
pb1	1573	1574	10745
pb1	1574	1575	10540
pb1	1575	1576	10473
pb1	1576	1577	10490
pb1	1577	1578	10484
pb1	1578	1579	10478
pb1	1579	1580	10128
pb1	1580	1581	10082
pb1	1581	1582	10106
pb1	1582	1583	10227
pb1	1583	1584	10100
pb1	1584	1585	10167
pb1	1585	1586	10154
pb1	1586	1587	10163
pb1	1587	1588	10453
pb1	1588	1589	10422
pb1	1589	1590	10573
pb1	1590	1591	10559
pb1	1591	1592	10512
pb1	1592	1593	10701
pb1	1593	1594	10665
pb1	1594	1595	11091
pb1	1595	1596	11086
pb1	1596	1597	10851
pb1	1597	1598	10890
pb1	1598	1599	10749
pb1	1599	1600	11009
pb1	1600	1601	11688
pb1	1601	1602	11515
pb1	1602	1603	11522
pb1	1603	1604	11153
pb1	1604	1605	11164
pb1	1605	1606	11150
pb1	1606	1607	11416
pb1	1607	1608	11362
pb1	1608	1609	11893
pb1	1609	1610	11145
pb1	1610	1611	11448
pb1	1611	1612	11747
pb1	1612	1613	11730
pb1	1613	1614	11679
pb1	1614	1615	11676
pb1	1615	1616	11389
pb1	1616	1617	11630
pb1	1617	1618	11146
pb1	1618	1619	11140
pb1	1619	1620	11244
pb1	1620	1621	10865
pb1	1621	1622	11169
pb1	1622	1623	11278
pb1	1623	1624	11537
pb1	1624	1625	11585
pb1	1625	1626	11672
pb1	1626	1627	11707
pb1	1627	1628	11699
pb1	1628	1629	11721
pb1	1629	1630	11727
pb1	1630	1631	12017
pb1	1631	1632	12120
pb1	1632	1633	11895
pb1	1633	1634	11931
pb1	1634	1635	11740
pb1	1635	1636	12136
pb1	1636	1637	12357
pb1	1637	1638	12424
pb1	1638	1639	12474
pb1	1639	1640	12263
pb1	1640	1641	12299
pb1	1641	1642	12326
pb1	1642	1643	12381
pb1	1643	1644	12400
pb1	1644	1645	12193
pb1	1645	1646	12096
pb1	1646	1647	12043
pb1	1647	1648	12094
pb1	1648	1649	12140
pb1	1649	1650	12092
pb1	1650	1651	12038
pb1	1651	1652	12016
pb1	1652	1653	12050
pb1	1653	1654	12282
pb1	1654	1656	12261
pb1	1656	1657	12331
pb1	1657	1658	12352
pb1	1658	1659	12373
pb1	1659	1660	12366
pb1	1660	1661	12393
pb1	1661	1662	12329
pb1	1662	1663	12301
pb1	1663	1664	12417
pb1	1664	1665	12401
pb1	1665	1666	12577
pb1	1666	1667	12578
pb1	1667	1668	12564
pb1	1668	1669	12554
pb1	1669	1670	12496
pb1	1670	1671	12522
pb1	1671	1672	12741
pb1	1672	1673	12521
pb1	1673	1674	12727
pb1	1674	1675	12638
pb1	1675	1676	12754
pb1	1676	1677	12875
pb1	1677	1678	12852
pb1	1678	1679	12826
pb1	1679	1681	12778
pb1	1681	1682	12757
pb1	1682	1683	13112
pb1	1683	1684	13350
pb1	1684	1685	13306
pb1	1685	1686	13343
pb1	1686	1687	13286
pb1	1687	1688	13360
pb1	1688	1689	13656
pb1	1689	1690	13597
pb1	1690	1691	13749
pb1	1691	1692	13157
pb1	1692	1693	13125
pb1	1693	1694	13063
pb1	1694	1695	13757
pb1	1695	1696	13989
pb1	1696	1697	14866
pb1	1697	1698	14809
pb1	1698	1699	14818
pb1	1699	1700	14626
pb1	1700	1701	14598
pb1	1701	1702	14440
pb1	1702	1703	14617
pb1	1703	1704	14556
pb1	1704	1705	13529
pb1	1705	1706	13383
pb1	1706	1707	13571
pb1	1707	1708	13639
pb1	1708	1709	13664
pb1	1709	1710	13700
pb1	1710	1711	13593
pb1	1711	1712	13719
pb1	1712	1713	13317
pb1	1713	1714	13475
pb1	1714	1715	13454
pb1	1715	1716	13075
pb1	1716	1717	13064
pb1	1717	1718	13012
pb1	1718	1719	13039
pb1	1719	1720	12856
pb1	1720	1721	12963
pb1	1721	1722	12831
pb1	1722	1723	12873
pb1	1723	1724	12743
pb1	1724	1725	13069
pb1	1725	1726	13090
pb1	1726	1727	13111
pb1	1727	1728	13113
pb1	1728	1729	13275
pb1	1729	1730	13083
pb1	1730	1731	13228
pb1	1731	1732	13244
pb1	1732	1733	13412
pb1	1733	1734	13178
pb1	1734	1735	13179
pb1	1735	1736	13268
pb1	1736	1737	13420
pb1	1737	1738	13404
pb1	1738	1739	13493
pb1	1739	1740	13537
pb1	1740	1741	13576
pb1	1741	1742	13642
pb1	1742	1743	13615
pb1	1743	1744	13607
pb1	1744	1745	13603
pb1	1745	1746	13409
pb1	1746	1747	13430
pb1	1747	1748	13438
pb1	1748	1749	13445
pb1	1749	1750	13362
pb1	1750	1751	13346
pb1	1751	1752	13805
pb1	1752	1753	13810
pb1	1753	1754	13799
pb1	1754	1755	13811
pb1	1755	1756	13779
pb1	1756	1757	13696
pb1	1757	1758	13697
pb1	1758	1759	13618
pb1	1759	1760	13530
pb1	1760	1761	13496
pb1	1761	1762	13495
pb1	1762	1763	13572
pb1	1763	1764	13612
pb1	1764	1765	13846
pb1	1765	1766	13771
pb1	1766	1767	13634
pb1	1767	1768	13585
pb1	1768	1769	13465
pb1	1769	1770	13223
pb1	1770	1771	12973
pb1	1771	1772	12952
pb1	1772	1773	12897
pb1	1773	1774	12547
pb1	1774	1775	12549
pb1	1775	1776	12721
pb1	1776	1777	12714
pb1	1777	1778	12793
pb1	1778	1779	12759
pb1	1779	1780	12816
pb1	1780	1781	12983
pb1	1781	1782	12928
pb1	1782	1783	12945
pb1	1783	1784	12947
pb1	1784	1785	12704
pb1	1785	1786	12795
pb1	1786	1787	12768
pb1	1787	1788	12776
pb1	1788	1789	12852
pb1	1789	1790	12597
pb1	1790	1791	12678
pb1	1791	1792	12649
pb1	1792	1793	12624
pb1	1793	1794	12743
pb1	1794	1795	12898
pb1	1795	1796	12911
pb1	1796	1797	13140
pb1	1797	1798	13052
pb1	1798	1799	13244
pb1	1799	1800	13184
pb1	1800	1801	13230
pb1	1801	1802	13307
pb1	1802	1803	13106
pb1	1803	1804	12727
pb1	1804	1805	12704
pb1	1805	1806	12543
pb1	1806	1807	12688
pb1	1807	1808	12686
pb1	1808	1809	12616
pb1	1809	1810	12628
pb1	1810	1811	12504
pb1	1811	1812	12452
pb1	1812	1813	13768
pb1	1813	1814	13801
pb1	1814	1815	13885
pb1	1815	1816	14246
pb1	1816	1817	13657
pb1	1817	1818	14268
pb1	1818	1819	14278
pb1	1819	1820	14375
pb1	1820	1821	14461
pb1	1821	1822	12419
pb1	1822	1823	12567
pb1	1823	1824	12426
pb1	1824	1825	12362
pb1	1825	1826	12477
pb1	1826	1827	12213
pb1	1827	1828	12171
pb1	1828	1829	12134
pb1	1829	1830	12246
pb1	1830	1831	12261
pb1	1831	1832	12169
pb1	1832	1833	12223
pb1	1833	1834	12151
pb1	1834	1835	12214
pb1	1835	1836	12345
pb1	1836	1837	12340
pb1	1837	1838	12303
pb1	1838	1839	12329
pb1	1839	1840	12210
pb1	1840	1841	12844
pb1	1841	1842	12828
pb1	1842	1843	12938
pb1	1843	1844	12920
pb1	1844	1845	12901
pb1	1845	1846	12849
pb1	1846	1847	12830
pb1	1847	1848	12675
pb1	1848	1849	12725
pb1	1849	1850	12531
pb1	1850	1851	12543
pb1	1851	1852	12546
pb1	1852	1853	12623
pb1	1853	1854	12591
pb1	1854	1855	12600
pb1	1855	1856	12647
pb1	1856	1857	12650
pb1	1857	1858	12694
pb1	1858	1859	12804
pb1	1859	1860	12832
pb1	1860	1861	12840
pb1	1861	1862	12817
pb1	1862	1863	12793
pb1	1863	1864	12871
pb1	1864	1865	12835
pb1	1865	1866	12867
pb1	1866	1867	12889
pb1	1867	1868	12792
pb1	1868	1869	12963
pb1	1869	1870	12977
pb1	1870	1871	12983
pb1	1871	1872	12984
pb1	1872	1873	13118
pb1	1873	1874	13155
pb1	1874	1875	13104
pb1	1875	1876	13059
pb1	1876	1877	13103
pb1	1877	1878	12924
pb1	1878	1879	13290
pb1	1879	1880	13239
pb1	1880	1881	13790
pb1	1881	1882	13605
pb1	1882	1883	13894
pb1	1883	1884	13956
pb1	1884	1886	14091
pb1	1886	1887	14237
pb1	1887	1888	14042
pb1	1888	1889	14010
pb1	1889	1890	13479
pb1	1890	1891	13487
pb1	1891	1892	13622
pb1	1892	1893	14040
pb1	1893	1894	14048
pb1	1894	1895	13823
pb1	1895	1896	14293
pb1	1896	1897	14366
pb1	1897	1898	14752
pb1	1898	1899	14746
pb1	1899	1900	14673
pb1	1900	1901	14531
pb1	1901	1902	13836
pb1	1902	1903	14309
pb1	1903	1904	14574
pb1	1904	1905	14380
pb1	1905	1906	14359
pb1	1906	1907	14184
pb1	1907	1908	14274
pb1	1908	1909	14024
pb1	1909	1910	14055
pb1	1910	1911	14100
pb1	1911	1912	13751
pb1	1912	1913	13602
pb1	1913	1914	13517
pb1	1914	1915	13574
pb1	1915	1916	13605
pb1	1916	1918	13604
pb1	1918	1919	13565
pb1	1919	1920	13587
pb1	1920	1921	13508
pb1	1921	1922	13826
pb1	1922	1924	13865
pb1	1924	1925	13830
pb1	1925	1926	14106
pb1	1926	1927	14116
pb1	1927	1928	14467
pb1	1928	1929	14487
pb1	1929	1930	15525
pb1	1930	1931	15227
pb1	1931	1932	15397
pb1	1932	1933	15422
pb1	1933	1934	15434
pb1	1934	1935	15137
pb1	1935	1936	15289
pb1	1936	1937	15177
pb1	1937	1938	16649
pb1	1938	1939	16513
pb1	1939	1940	17167
pb1	1940	1941	17093
pb1	1941	1942	17300
pb1	1942	1943	17418
pb1	1943	1944	17724
pb1	1944	1945	17663
pb1	1945	1946	17513
pb1	1946	1947	17570
pb1	1947	1948	15893
pb1	1948	1949	16294
pb1	1949	1950	16192
pb1	1950	1951	16352
pb1	1951	1952	16347
pb1	1952	1953	16153
pb1	1953	1954	16225
pb1	1954	1955	16197
pb1	1955	1956	16661
pb1	1956	1957	16747
pb1	1957	1958	16417
pb1	1958	1959	16613
pb1	1959	1960	16527
pb1	1960	1961	16647
pb1	1961	1962	16679
pb1	1962	1963	16439
pb1	1963	1964	16397
pb1	1964	1965	16230
pb1	1965	1966	16349
pb1	1966	1967	16680
pb1	1967	1968	16670
pb1	1968	1969	16723
pb1	1969	1970	16654
pb1	1970	1971	16672
pb1	1971	1972	16674
pb1	1972	1973	16707
pb1	1973	1974	16673
pb1	1974	1975	16536
pb1	1975	1976	16249
pb1	1976	1977	16557
pb1	1977	1978	16759
pb1	1978	1979	16774
pb1	1979	1981	16792
pb1	1981	1982	16761
pb1	1982	1983	17006
pb1	1983	1984	16985
pb1	1984	1985	17135
pb1	1985	1986	16569
pb1	1986	1987	16443
pb1	1987	1988	16462
pb1	1988	1989	16521
pb1	1989	1990	17406
pb1	1990	1991	17360
pb1	1991	1992	17538
pb1	1992	1993	17544
pb1	1993	1994	17458
pb1	1994	1995	17441
pb1	1995	1996	17378
pb1	1996	1997	17613
pb1	1997	1998	17532
pb1	1998	1999	16696
pb1	1999	2000	16675
pb1	2000	2001	16361
pb1	2001	2002	16532
pb1	2002	2003	16404
pb1	2003	2004	16533
pb1	2004	2005	16613
pb1	2005	2006	16550
pb1	2006	2007	16530
pb1	2007	2008	16511
pb1	2008	2009	16500
pb1	2009	2010	16433
pb1	2010	2011	16046
pb1	2011	2012	16057
pb1	2012	2013	15852
pb1	2013	2014	15925
pb1	2014	2015	15718
pb1	2015	2016	16357
pb1	2016	2017	16340
pb1	2017	2018	16353
pb1	2018	2019	16243
pb1	2019	2020	16247
pb1	2020	2021	16238
pb1	2021	2022	16198
pb1	2022	2023	16053
pb1	2023	2024	16012
pb1	2024	2025	15847
pb1	2025	2026	15973
pb1	2026	2027	15933
pb1	2027	2028	15921
pb1	2028	2029	16173
pb1	2029	2030	16121
pb1	2030	2031	16107
pb1	2031	2032	16019
pb1	2032	2033	15983
pb1	2033	2034	15506
pb1	2034	2035	14842
pb1	2035	2036	14741
pb1	2036	2037	14744
pb1	2037	2038	14425
pb1	2038	2039	14534
pb1	2039	2040	14572
pb1	2040	2041	14564
pb1	2041	2042	14526
pb1	2042	2043	14268
pb1	2043	2044	14445
pb1	2044	2045	14449
pb1	2045	2046	15006
pb1	2046	2047	14941
pb1	2047	2048	14555
pb1	2048	2049	14688
pb1	2049	2050	14653
pb1	2050	2051	15077
pb1	2051	2052	15045
pb1	2052	2053	14722
pb1	2053	2054	14654
pb1	2054	2055	13266
pb1	2055	2056	13603
pb1	2056	2057	13776
pb1	2057	2058	13594
pb1	2058	2059	13641
pb1	2059	2060	13145
pb1	2060	2061	13158
pb1	2061	2062	13162
pb1	2062	2063	13265
pb1	2063	2064	13269
pb1	2064	2065	12909
pb1	2065	2066	12737
pb1	2066	2067	12608
pb1	2067	2068	12606
pb1	2068	2069	12707
pb1	2069	2070	12918
pb1	2070	2071	12854
pb1	2071	2072	12688
pb1	2072	2073	12664
pb1	2073	2074	12692
pb1	2074	2075	12797
pb1	2075	2076	12773
pb1	2076	2077	12802
pb1	2077	2078	12660
pb1	2078	2079	12108
pb1	2079	2080	12324
pb1	2080	2081	12220
pb1	2081	2082	12185
pb1	2082	2083	12216
pb1	2083	2084	11906
pb1	2084	2085	12281
pb1	2085	2086	12430
pb1	2086	2087	12369
pb1	2087	2088	12380
pb1	2088	2089	12292
pb1	2089	2090	12435
pb1	2090	2091	12430
pb1	2091	2092	12369
pb1	2092	2093	12318
pb1	2093	2094	11775
pb1	2094	2095	11759
pb1	2095	2096	11697
pb1	2096	2097	11793
pb1	2097	2098	11150
pb1	2098	2099	11077
pb1	2099	2100	11044
pb1	2100	2101	10981
pb1	2101	2102	11003
pb1	2102	2103	10998
pb1	2103	2104	10970
pb1	2104	2105	11033
pb1	2105	2106	10774
pb1	2106	2107	10818
pb1	2107	2108	10808
pb1	2108	2109	10779
pb1	2109	2110	10768
pb1	2110	2111	10771
pb1	2111	2112	10782
pb1	2112	2113	10783
pb1	2113	2114	10630
pb1	2114	2115	10628
pb1	2115	2116	10596
pb1	2116	2117	10590
pb1	2117	2118	10604
pb1	2118	2119	10626
pb1	2119	2120	10668
pb1	2120	2121	10805
pb1	2121	2122	10754
pb1	2122	2123	10795
pb1	2123	2124	10920
pb1	2124	2125	10885
pb1	2125	2126	10826
pb1	2126	2127	10737
pb1	2127	2128	10718
pb1	2128	2129	10768
pb1	2129	2130	10916
pb1	2130	2131	10827
pb1	2131	2132	11101
pb1	2132	2133	10975
pb1	2133	2134	11728
pb1	2134	2135	11793
pb1	2135	2136	11990
pb1	2136	2137	11986
pb1	2137	2138	11980
pb1	2138	2139	12043
pb1	2139	2140	11356
pb1	2140	2141	11179
pb1	2141	2142	11099
pb1	2142	2143	9945
pb1	2143	2144	9944
pb1	2144	2145	9413
pb1	2145	2146	9450
pb1	2146	2147	9319
pb1	2147	2148	9250
pb1	2148	2149	9320
pb1	2149	2150	9262
pb1	2150	2151	9337
pb1	2151	2152	9502
pb1	2152	2153	9514
pb1	2153	2154	9544
pb1	2154	2155	9539
pb1	2155	2156	9463
pb1	2156	2157	9501
pb1	2157	2158	9519
pb1	2158	2159	9535
pb1	2159	2160	9541
pb1	2160	2161	9494
pb1	2161	2162	9614
pb1	2162	2163	9599
pb1	2163	2164	9664
pb1	2164	2165	9681
pb1	2165	2166	9665
pb1	2166	2167	9870
pb1	2167	2168	9841
pb1	2168	2169	9862
pb1	2169	2170	9888
pb1	2170	2171	9712
pb1	2171	2172	9806
pb1	2172	2173	9766
pb1	2173	2174	9760
pb1	2174	2175	9594
pb1	2175	2176	9288
pb1	2176	2177	9310
pb1	2177	2178	9592
pb1	2178	2179	9699
pb1	2179	2180	9569
pb1	2180	2181	9534
pb1	2181	2182	9549
pb1	2182	2183	9523
pb1	2183	2184	9519
pb1	2184	2185	9495
pb1	2185	2186	9492
pb1	2186	2187	9038
pb1	2187	2188	9016
pb1	2188	2189	8932
pb1	2189	2190	9083
pb1	2190	2191	9093
pb1	2191	2192	9247
pb1	2192	2193	9315
pb1	2193	2195	9298
pb1	2195	2196	9168
pb1	2196	2197	9052
pb1	2197	2198	9008
pb1	2198	2199	9004
pb1	2199	2200	8988
pb1	2200	2201	8720
pb1	2201	2202	8727
pb1	2202	2203	8776
pb1	2203	2204	8773
pb1	2204	2205	8810
pb1	2205	2206	8777
pb1	2206	2207	8742
pb1	2207	2208	8715
pb1	2208	2209	8740
pb1	2209	2210	8683
pb1	2210	2211	8727
pb1	2211	2212	8647
pb1	2212	2213	8649
pb1	2213	2214	8571
pb1	2214	2215	8577
pb1	2215	2216	8712
pb1	2216	2217	8698
pb1	2217	2218	8616
pb1	2218	2219	8550
pb1	2219	2220	8455
pb1	2220	2221	8479
pb1	2221	2222	8488
pb1	2222	2223	8476
pb1	2223	2224	8457
pb1	2224	2225	8186
pb1	2225	2226	8783
pb1	2226	2227	8778
pb1	2227	2228	8764
pb1	2228	2229	8756
pb1	2229	2230	8594
pb1	2230	2231	8631
pb1	2231	2232	8648
pb1	2232	2233	8629
pb1	2233	2234	8437
pb1	2234	2235	6861
pb1	2235	2236	6802
pb1	2236	2237	6761
pb1	2237	2238	6772
pb1	2238	2239	6807
pb1	2239	2240	6620
pb1	2240	2241	6613
pb1	2241	2242	6461
pb1	2242	2243	6481
pb1	2243	2244	6483
pb1	2244	2245	6499
pb1	2245	2246	6488
pb1	2246	2247	6422
pb1	2247	2248	6424
pb1	2248	2249	6182
pb1	2249	2250	6331
pb1	2250	2251	6327
pb1	2251	2252	6290
pb1	2252	2253	6310
pb1	2253	2254	6357
pb1	2254	2255	6361
pb1	2255	2256	6362
pb1	2256	2257	6350
pb1	2257	2258	6297
pb1	2258	2259	6093
pb1	2259	2260	5967
pb1	2260	2261	5940
pb1	2261	2262	5955
pb1	2262	2263	5729
pb1	2263	2264	5814
pb1	2264	2265	5808
pb1	2265	2266	5816
pb1	2266	2267	5810
pb1	2267	2268	5648
pb1	2268	2269	5624
pb1	2269	2270	5771
pb1	2270	2271	5571
pb1	2271	2272	5526
pb1	2272	2273	5391
pb1	2273	2274	5312
pb1	2274	2275	5315
pb1	2275	2276	5274
pb1	2276	2278	5263
pb1	2278	2279	4639
pb1	2279	2280	4677
pb1	2280	2281	4505
pb1	2281	2282	4455
pb1	2282	2283	4465
pb1	2283	2284	4392
pb1	2284	2285	4343
pb1	2285	2286	4324
pb1	2286	2287	4292
pb1	2287	2288	4245
pb1	2288	2289	4160
pb1	2289	2290	4148
pb1	2290	2291	4142
pb1	2291	2292	4145
pb1	2292	2293	4130
pb1	2293	2294	4086
pb1	2294	2295	4066
pb1	2295	2296	3987
pb1	2296	2297	3879
pb1	2297	2298	3875
pb1	2298	2299	3607
pb1	2299	2300	3595
pb1	2300	2301	3392
pb1	2301	2302	3375
pb1	2302	2303	3359
pb1	2303	2304	3259
pb1	2304	2305	3233
pb1	2305	2306	3197
pb1	2306	2307	3186
pb1	2307	2308	3155
pb1	2308	2309	2951
pb1	2309	2310	2848
pb1	2310	2311	2842
pb1	2311	2312	2837
pb1	2312	2313	2824
pb1	2313	2314	2799
pb1	2314	2315	2630
pb1	2315	2316	2622
pb1	2316	2317	2594
pb1	2317	2318	2588
pb1	2318	2319	2581
pb1	2319	2320	2401
pb1	2320	2321	2343
pb1	2321	2322	2330
pb1	2322	2323	2307
pb1	2323	2324	2295
pb1	2324	2325	2254
pb1	2325	2326	2233
pb1	2326	2327	2222
pb1	2327	2328	2210
pb1	2328	2329	2171
pb1	2329	2330	2084
pb1	2330	2331	2057
pb1	2331	2332	2022
pb1	2332	2333	2018
pb1	2333	2334	1988
pb1	2334	2335	1975
pb1	2335	2336	1956
pb1	2336	2337	1746
pb1	2337	2338	1694
pb1	2338	2339	1679
pb1	2339	2340	1673
pb1	2340	2341	714
