segment	start	end	coverage
ns	0	1	7158
ns	1	2	8966
ns	2	3	9012
ns	3	4	9038
ns	4	5	10219
ns	5	6	10312
ns	6	7	10339
ns	7	8	10365
ns	8	9	10459
ns	9	10	10471
ns	10	11	10618
ns	11	12	10759
ns	12	13	10800
ns	13	14	10820
ns	14	15	11139
ns	15	16	11229
ns	16	17	11438
ns	17	18	11477
ns	18	19	11507
ns	19	20	11691
ns	20	21	11845
ns	21	22	12836
ns	22	23	13108
ns	23	24	13166
ns	24	25	13218
ns	25	26	13287
ns	26	27	13410
ns	27	28	13450
ns	28	29	13880
ns	29	30	14353
ns	30	31	15194
ns	31	32	21168
ns	32	33	21335
ns	33	34	21885
ns	34	35	21985
ns	35	36	22070
ns	36	37	22562
ns	37	38	22662
ns	38	39	22721
ns	39	40	22805
ns	40	41	22842
ns	41	42	24559
ns	42	43	24614
ns	43	44	24904
ns	44	45	24916
ns	45	46	24965
ns	46	47	24992
ns	47	48	25020
ns	48	49	25428
ns	49	50	25950
ns	50	51	25785
ns	51	52	26045
ns	52	53	26046
ns	53	54	26742
ns	54	55	26727
ns	55	56	26893
ns	56	57	26960
ns	57	58	26925
ns	58	59	26866
ns	59	60	27017
ns	60	61	27000
ns	61	62	27183
ns	62	63	27114
ns	63	64	27703
ns	64	65	27701
ns	65	66	27682
ns	66	67	27962
ns	67	68	28304
ns	68	69	28581
ns	69	70	28622
ns	70	71	28606
ns	71	72	28710
ns	72	73	28706
ns	73	74	28708
ns	74	75	28834
ns	75	76	28846
ns	76	77	29011
ns	77	78	29440
ns	78	79	29480
ns	79	80	29660
ns	80	81	29691
ns	81	82	29655
ns	82	83	29661
ns	83	84	29727
ns	84	85	29703
ns	85	86	29739
ns	86	87	29967
ns	87	88	29959
ns	88	89	29935
ns	89	90	29946
ns	90	91	30079
ns	91	92	30073
ns	92	93	30059
ns	93	94	30031
ns	94	95	29914
ns	95	96	30301
ns	96	97	30831
ns	97	98	31210
ns	98	99	31027
ns	99	100	30914
ns	100	101	30860
ns	101	102	31840
ns	102	103	31700
ns	103	104	31686
ns	104	105	31735
ns	105	106	31214
ns	106	107	31510
ns	107	108	31535
ns	108	109	31835
ns	109	110	31698
ns	110	111	31769
ns	111	112	31737
ns	112	113	31714
ns	113	114	32213
ns	114	115	32784
ns	115	116	32771
ns	116	117	32769
ns	117	118	32594
ns	118	119	32581
ns	119	120	33333
ns	120	121	33934
ns	121	122	34253
ns	122	123	34037
ns	123	124	33975
ns	124	125	33890
ns	125	126	33871
ns	126	127	33652
ns	127	128	33631
ns	128	129	32756
ns	129	130	32638
ns	130	131	33080
ns	131	132	33083
ns	132	133	32999
ns	133	134	33116
ns	134	135	33240
ns	135	136	33390
ns	136	137	33339
ns	137	138	33307
ns	138	139	33219
ns	139	140	32849
ns	140	141	33427
ns	141	142	33021
ns	142	143	33140
ns	143	144	33024
ns	144	145	32785
ns	145	146	32784
ns	146	147	32892
ns	147	148	32882
ns	148	149	33532
ns	149	150	33085
ns	150	151	31526
ns	151	152	31429
ns	152	153	31639
ns	153	154	31448
ns	154	155	31498
ns	155	156	31364
ns	156	157	31825
ns	157	158	31405
ns	158	159	31749
ns	159	160	31512
ns	160	161	31460
ns	161	162	31235
ns	162	163	31338
ns	163	164	31409
ns	164	165	31498
ns	165	166	31856
ns	166	167	31814
ns	167	168	31474
ns	168	169	31724
ns	169	170	32100
ns	170	171	31677
ns	171	172	33092
ns	172	173	32745
ns	173	174	32926
ns	174	175	32774
ns	175	176	32841
ns	176	177	33643
ns	177	178	34645
ns	178	179	34781
ns	179	180	32702
ns	180	181	31932
ns	181	182	32333
ns	182	183	32261
ns	183	184	32376
ns	184	185	32674
ns	185	186	32295
ns	186	187	32137
ns	187	188	31534
ns	188	189	31548
ns	189	190	31877
ns	190	191	31826
ns	191	192	31414
ns	192	193	31362
ns	193	194	31292
ns	194	195	31301
ns	195	196	31520
ns	196	197	31775
ns	197	198	31689
ns	198	199	31724
ns	199	200	31654
ns	200	201	31756
ns	201	202	32005
ns	202	203	31859
ns	203	204	32165
ns	204	205	32020
ns	205	206	31943
ns	206	207	32379
ns	207	208	32585
ns	208	209	32785
ns	209	210	32695
ns	210	211	32459
ns	211	212	32854
ns	212	213	32916
ns	213	214	32991
ns	214	215	33136
ns	215	216	33259
ns	216	217	33379
ns	217	218	33048
ns	218	219	34031
ns	219	220	33814
ns	220	221	33857
ns	221	222	34111
ns	222	223	33733
ns	223	224	33768
ns	224	225	33418
ns	225	226	33722
ns	226	227	33921
ns	227	228	33871
ns	228	229	34157
ns	229	230	34069
ns	230	231	34923
ns	231	232	35214
ns	232	233	35462
ns	233	234	35472
ns	234	235	35120
ns	235	236	35246
ns	236	237	35313
ns	237	238	35227
ns	238	239	35222
ns	239	240	35497
ns	240	241	35213
ns	241	242	35093
ns	242	243	35073
ns	243	244	35211
ns	244	245	35182
ns	245	246	35117
ns	246	247	35104
ns	247	248	35202
ns	248	249	35097
ns	249	250	34964
ns	250	251	34959
ns	251	252	35195
ns	252	253	34961
ns	253	254	34975
ns	254	255	35442
ns	255	256	35554
ns	256	257	36283
ns	257	258	36343
ns	258	259	36734
ns	259	260	36764
ns	260	261	36751
ns	261	262	37069
ns	262	263	37399
ns	263	264	37645
ns	264	265	37993
ns	265	266	37543
ns	266	267	37727
ns	267	268	37641
ns	268	269	37739
ns	269	270	37906
ns	270	271	37916
ns	271	272	38402
ns	272	273	37822
ns	273	274	37879
ns	274	275	37599
ns	275	276	38602
ns	276	277	38637
ns	277	278	38788
ns	278	279	38794
ns	279	280	38383
ns	280	281	37728
ns	281	282	38212
ns	282	283	38555
ns	283	284	38558
ns	284	285	38774
ns	285	286	37945
ns	286	287	37907
ns	287	288	38015
ns	288	289	37939
ns	289	290	38422
ns	290	291	37878
ns	291	292	39265
ns	292	293	39442
ns	293	294	39405
ns	294	295	39451
ns	295	296	39372
ns	296	297	39386
ns	297	298	39179
ns	298	299	38357
ns	299	300	38611
ns	300	301	37266
ns	301	302	37193
ns	302	303	37265
ns	303	304	37150
ns	304	305	37082
ns	305	306	36987
ns	306	307	38259
ns	307	308	38163
ns	308	309	38540
ns	309	310	38424
ns	310	311	38397
ns	311	312	38511
ns	312	313	39520
ns	313	314	39412
ns	314	315	39384
ns	315	316	37719
ns	316	317	38451
ns	317	318	38011
ns	318	319	38472
ns	319	320	39159
ns	320	321	39114
ns	321	322	38935
ns	322	323	39109
ns	323	324	39128
ns	324	325	39179
ns	325	326	38538
ns	326	327	38652
ns	327	328	37606
ns	328	329	37260
ns	329	330	36588
ns	330	331	37614
ns	331	332	38473
ns	332	333	38484
ns	333	334	38749
ns	334	335	38873
ns	335	336	38713
ns	336	337	38903
ns	337	338	39391
ns	338	339	39713
ns	339	340	38824
ns	340	341	38233
ns	341	342	38057
ns	342	343	38264
ns	343	344	38285
ns	344	345	38335
ns	345	346	38279
ns	346	347	37707
ns	347	348	37348
ns	348	349	37721
ns	349	350	37714
ns	350	351	37743
ns	351	352	37571
ns	352	353	37608
ns	353	354	37595
ns	354	355	37675
ns	355	356	37712
ns	356	357	37919
ns	357	358	37562
ns	358	359	37651
ns	359	360	37729
ns	360	361	37751
ns	361	362	37499
ns	362	363	37743
ns	363	364	37897
ns	364	365	37803
ns	365	366	37697
ns	366	367	38074
ns	367	368	38116
ns	368	369	38563
ns	369	370	38484
ns	370	371	39184
ns	371	372	38529
ns	372	373	40491
ns	373	374	40337
ns	374	375	40338
ns	375	376	40082
ns	376	377	39823
ns	377	378	38976
ns	378	379	39711
ns	379	380	39023
ns	380	381	39216
ns	381	382	36822
ns	382	383	36888
ns	383	384	37118
ns	384	385	36916
ns	385	386	37098
ns	386	387	36525
ns	387	388	35528
ns	388	389	36003
ns	389	390	36227
ns	390	391	36538
ns	391	392	36495
ns	392	393	37159
ns	393	394	37324
ns	394	395	37355
ns	395	396	37868
ns	396	397	37761
ns	397	398	37871
ns	398	399	38190
ns	399	400	38029
ns	400	401	38150
ns	401	402	37331
ns	402	403	37190
ns	403	404	37687
ns	404	405	37064
ns	405	406	37898
ns	406	407	37223
ns	407	408	37238
ns	408	409	37368
ns	409	410	37287
ns	410	411	37670
ns	411	412	37603
ns	412	413	37096
ns	413	414	36902
ns	414	415	35780
ns	415	416	35763
ns	416	417	35192
ns	417	418	35187
ns	418	419	35267
ns	419	420	35096
ns	420	421	34936
ns	421	422	34774
ns	422	423	34653
ns	423	424	34915
ns	424	425	35339
ns	425	426	35250
ns	426	427	35187
ns	427	428	35197
ns	428	429	34936
ns	429	430	35096
ns	430	431	35067
ns	431	432	35015
ns	432	433	34534
ns	433	434	34019
ns	434	435	34558
ns	435	436	34498
ns	436	437	34610
ns	437	438	34582
ns	438	439	34502
ns	439	440	34326
ns	440	441	34283
ns	441	442	34185
ns	442	443	33855
ns	443	444	33668
ns	444	445	33767
ns	445	446	34124
ns	446	447	34305
ns	447	448	34666
ns	448	449	35124
ns	449	450	35121
ns	450	451	34972
ns	451	452	34966
ns	452	453	34150
ns	453	454	36609
ns	454	455	35824
ns	455	456	36189
ns	456	457	36025
ns	457	458	36212
ns	458	459	38009
ns	459	460	37803
ns	460	461	37896
ns	461	462	37988
ns	462	463	34469
ns	463	464	35655
ns	464	465	35259
ns	465	466	34999
ns	466	467	34948
ns	467	468	33067
ns	468	469	33301
ns	469	470	33124
ns	470	471	33293
ns	471	472	33339
ns	472	473	32694
ns	473	474	32844
ns	474	475	33379
ns	475	476	33582
ns	476	477	33731
ns	477	478	33929
ns	478	479	33560
ns	479	480	33803
ns	480	481	33690
ns	481	482	33461
ns	482	483	33377
ns	483	484	32843
ns	484	485	32922
ns	485	486	32521
ns	486	487	32731
ns	487	488	32568
ns	488	489	32494
ns	489	490	32405
ns	490	491	32339
ns	491	492	32331
ns	492	493	32459
ns	493	494	32351
ns	494	495	32381
ns	495	496	31995
ns	496	497	32131
ns	497	498	32111
ns	498	499	32427
ns	499	500	32408
ns	500	501	32416
ns	501	502	32896
ns	502	503	33097
ns	503	504	33202
ns	504	505	33210
ns	505	506	33271
ns	506	507	33280
ns	507	508	33248
ns	508	509	33071
ns	509	510	33198
ns	510	511	32946
ns	511	512	32700
ns	512	513	32641
ns	513	514	32583
ns	514	515	32751
ns	515	516	32731
ns	516	517	32673
ns	517	518	32882
ns	518	519	32817
ns	519	520	32690
ns	520	521	32568
ns	521	522	32930
ns	522	523	33145
ns	523	524	33090
ns	524	525	33122
ns	525	526	33032
ns	526	527	33084
ns	527	528	33509
ns	528	529	33733
ns	529	530	33562
ns	530	531	32969
ns	531	532	32925
ns	532	533	32940
ns	533	534	33016
ns	534	535	33712
ns	535	536	33352
ns	536	537	33278
ns	537	538	33020
ns	538	539	32553
ns	539	540	32429
ns	540	541	31450
ns	541	542	31452
ns	542	543	31370
ns	543	544	30122
ns	544	545	30094
ns	545	546	29921
ns	546	547	29923
ns	547	548	30177
ns	548	549	30282
ns	549	550	30343
ns	550	551	30847
ns	551	552	30748
ns	552	553	30842
ns	553	554	30834
ns	554	555	30652
ns	555	556	30862
ns	556	557	30751
ns	557	558	30827
ns	558	559	30906
ns	559	560	30818
ns	560	561	30757
ns	561	562	30610
ns	562	563	30434
ns	563	564	30627
ns	564	565	30204
ns	565	566	30672
ns	566	567	30459
ns	567	568	30387
ns	568	569	30569
ns	569	570	30474
ns	570	571	30627
ns	571	572	30664
ns	572	573	30438
ns	573	574	30520
ns	574	575	29859
ns	575	576	29810
ns	576	577	30054
ns	577	578	29764
ns	578	579	30091
ns	579	580	30232
ns	580	581	30294
ns	581	582	30487
ns	582	583	30444
ns	583	584	30402
ns	584	585	30343
ns	585	586	29711
ns	586	587	30080
ns	587	588	29593
ns	588	589	29770
ns	589	590	31064
ns	590	591	31126
ns	591	592	31136
ns	592	593	31209
ns	593	594	31484
ns	594	595	31551
ns	595	596	31080
ns	596	597	30280
ns	597	598	30517
ns	598	599	27796
ns	599	600	28292
ns	600	601	28117
ns	601	602	28166
ns	602	603	28367
ns	603	604	28104
ns	604	605	27595
ns	605	606	27596
ns	606	607	27134
ns	607	608	27211
ns	608	609	26601
ns	609	610	26628
ns	610	611	26636
ns	611	612	26706
ns	612	613	27434
ns	613	614	27552
ns	614	615	27635
ns	615	616	27790
ns	616	617	27156
ns	617	618	27428
ns	618	619	27459
ns	619	620	27756
ns	620	621	27785
ns	621	622	27682
ns	622	623	27726
ns	623	624	27063
ns	624	625	27095
ns	625	626	27087
ns	626	627	26843
ns	627	628	26840
ns	628	629	26989
ns	629	630	27065
ns	630	631	27076
ns	631	632	27009
ns	632	633	27034
ns	633	634	26918
ns	634	635	27147
ns	635	636	27076
ns	636	637	27050
ns	637	638	26795
ns	638	639	26635
ns	639	640	26923
ns	640	641	27017
ns	641	642	26913
ns	642	643	27654
ns	643	644	27653
ns	644	645	27665
ns	645	646	27675
ns	646	647	27532
ns	647	648	27666
ns	648	649	26564
ns	649	650	26803
ns	650	651	27175
ns	651	652	25781
ns	652	653	25750
ns	653	654	25562
ns	654	655	25737
ns	655	656	25745
ns	656	657	25348
ns	657	658	25406
ns	658	659	24402
ns	659	660	24682
ns	660	661	25151
ns	661	662	25029
ns	662	663	25085
ns	663	664	24901
ns	664	665	24724
ns	665	666	24826
ns	666	667	24638
ns	667	668	24755
ns	668	669	23685
ns	669	670	23963
ns	670	671	23946
ns	671	672	23690
ns	672	673	23615
ns	673	674	23609
ns	674	675	23691
ns	675	676	23645
ns	676	677	23490
ns	677	678	23302
ns	678	679	22184
ns	679	680	22182
ns	680	681	22144
ns	681	682	22112
ns	682	683	21821
ns	683	684	21903
ns	684	685	21913
ns	685	686	21822
ns	686	687	21780
ns	687	688	21776
ns	688	689	21726
ns	689	690	21729
ns	690	691	21768
ns	691	692	21767
ns	692	693	21961
ns	693	694	21831
ns	694	695	21867
ns	695	696	21817
ns	696	697	21963
ns	697	698	22049
ns	698	699	22069
ns	699	700	22280
ns	700	701	22062
ns	701	702	22073
ns	702	703	22075
ns	703	704	22049
ns	704	705	22134
ns	705	706	21703
ns	706	707	21704
ns	707	708	21701
ns	708	709	21453
ns	709	710	21262
ns	710	711	21277
ns	711	712	21317
ns	712	713	21359
ns	713	714	21444
ns	714	715	20917
ns	715	716	20945
ns	716	717	20941
ns	717	718	20980
ns	718	719	20930
ns	719	720	20760
ns	720	721	21042
ns	721	722	20770
ns	722	723	20317
ns	723	724	20276
ns	724	725	20323
ns	725	726	20305
ns	726	727	20274
ns	727	728	20228
ns	728	729	20283
ns	729	730	19028
ns	730	731	19024
ns	731	732	19083
ns	732	733	19045
ns	733	734	18830
ns	734	735	19167
ns	735	736	19247
ns	736	737	19326
ns	737	738	19180
ns	738	739	19163
ns	739	740	19300
ns	740	741	18902
ns	741	742	18841
ns	742	743	18849
ns	743	744	17529
ns	744	745	17777
ns	745	746	17485
ns	746	747	17607
ns	747	748	17468
ns	748	749	17456
ns	749	750	17471
ns	750	751	17382
ns	751	752	17315
ns	752	753	17321
ns	753	754	16080
ns	754	755	16751
ns	755	756	16649
ns	756	757	16700
ns	757	758	16641
ns	758	759	16301
ns	759	760	16298
ns	760	761	16313
ns	761	762	16368
ns	762	763	16071
ns	763	764	13752
ns	764	765	13488
ns	765	766	13206
ns	766	767	13284
ns	767	768	13195
ns	768	769	13221
ns	769	770	13101
ns	770	771	13050
ns	771	772	13062
ns	772	773	13012
ns	773	774	13032
ns	774	775	12887
ns	775	776	12953
ns	776	777	12624
ns	777	778	12478
ns	778	779	12539
ns	779	780	12171
ns	780	781	12194
ns	781	782	12175
ns	782	783	12184
ns	783	784	12236
ns	784	785	11942
ns	785	786	12022
ns	786	787	12025
ns	787	788	12037
ns	788	789	12055
ns	789	790	12018
ns	790	791	12273
ns	791	792	12270
ns	792	793	12073
ns	793	794	11796
ns	794	795	11575
ns	795	796	11705
ns	796	797	11667
ns	797	798	11671
ns	798	799	11555
ns	799	800	10610
ns	800	801	10532
ns	801	802	10588
ns	802	803	10903
ns	803	804	10860
ns	804	805	10649
ns	805	806	10693
ns	806	807	10700
ns	807	808	10744
ns	808	809	10719
ns	809	810	10666
ns	810	811	10586
ns	811	812	8963
ns	812	813	8916
ns	813	814	8786
ns	814	815	8683
ns	815	816	8757
ns	816	817	8415
ns	817	818	8393
ns	818	819	8311
ns	819	820	8180
ns	820	821	8147
ns	821	822	8104
ns	822	823	8100
ns	823	824	7931
ns	824	825	7570
ns	825	826	7645
ns	826	827	7648
ns	827	828	7653
ns	828	829	7616
ns	829	830	7426
ns	830	831	7430
ns	831	832	7413
ns	832	833	7346
ns	833	834	7434
ns	834	835	6971
ns	835	836	6952
ns	836	837	6887
ns	837	838	6876
ns	838	839	6884
ns	839	840	6698
ns	840	841	6575
ns	841	842	6515
ns	842	843	5715
ns	843	844	5660
ns	844	845	5646
ns	845	846	5629
ns	846	847	5624
ns	847	848	5452
ns	848	849	5430
ns	849	850	5390
ns	850	851	5341
ns	851	852	5320
ns	852	853	5305
ns	853	854	5242
ns	854	855	5234
ns	855	856	5203
ns	856	857	5031
ns	857	858	4963
ns	858	859	4893
ns	859	860	4888
ns	860	861	4869
ns	861	862	4826
ns	862	863	4620
ns	863	864	4503
ns	864	865	4355
ns	865	866	4324
ns	866	867	4218
ns	867	868	3925
ns	868	869	3877
ns	869	870	3875
ns	870	871	3854
ns	871	872	3826
ns	872	873	3758
ns	873	874	3718
ns	874	875	3666
ns	875	876	3252
ns	876	877	3240
ns	877	878	3150
ns	878	879	3095
ns	879	880	2995
ns	880	881	2941
ns	881	882	2934
ns	882	883	2860
ns	883	884	2840
ns	884	885	2812
ns	885	886	2145
ns	886	887	2015
ns	887	888	1947
ns	888	889	1939
ns	889	890	427
na	0	1	2540
na	1	2	3103
na	2	3	3154
na	3	4	3166
na	4	5	3459
na	5	6	3637
na	6	7	3654
na	7	8	3671
na	8	10	3725
na	10	11	3750
na	11	12	3763
na	12	13	3869
na	13	14	4312
na	14	15	4336
na	15	16	4358
na	16	17	4396
na	17	18	4407
na	18	19	4554
na	19	20	4615
na	20	21	4627
na	21	22	4632
na	22	23	4650
na	23	24	4661
na	24	25	4777
na	25	26	4790
na	26	27	4802
na	27	28	4810
na	28	29	4816
na	29	30	5021
na	30	31	5057
na	31	32	5107
na	32	33	5126
na	33	34	5150
na	34	35	5267
na	35	36	5287
na	36	37	5321
na	37	38	5796
na	38	39	5986
na	39	40	6000
na	40	41	6038
na	41	42	6080
na	42	43	6251
na	43	44	6272
na	44	45	6313
na	45	46	7199
na	46	47	7276
na	47	48	7283
na	48	49	7316
na	49	50	7342
na	50	51	7949
na	51	52	7985
na	52	53	7987
na	53	54	7983
na	54	55	7928
na	55	56	8239
na	56	57	8480
na	57	58	8674
na	58	59	9395
na	59	60	9361
na	60	61	11250
na	61	62	11231
na	62	63	11265
na	63	64	11406
na	64	65	11432
na	65	66	12779
na	66	67	12724
na	67	68	12726
na	68	69	12716
na	69	70	12583
na	70	71	12731
na	71	72	13207
na	72	73	13257
na	73	74	13263
na	74	75	13191
na	75	76	13300
na	76	77	13469
na	77	78	13572
na	78	79	13582
na	79	80	13689
na	80	81	13610
na	81	82	13927
na	82	83	13961
na	83	84	13949
na	84	85	13964
na	85	86	13953
na	86	87	14054
na	87	88	14040
na	88	89	14047
na	89	90	14101
na	90	91	14054
na	91	92	14150
na	92	93	14172
na	93	94	14187
na	94	95	14202
na	95	96	14253
na	96	97	14327
na	97	98	14326
na	98	99	14349
na	99	100	14345
na	100	101	14458
na	101	102	14453
na	102	103	14525
na	103	104	14967
na	104	105	14935
na	105	106	14932
na	106	107	14948
na	107	108	15094
na	108	109	15659
na	109	110	15684
na	110	111	15646
na	111	112	17571
na	112	113	17490
na	113	114	17734
na	114	115	17714
na	115	116	17661
na	116	117	17615
na	117	118	17885
na	118	119	18014
na	119	120	18011
na	120	121	17392
na	121	122	17517
na	122	123	17493
na	123	124	17517
na	124	125	17558
na	125	126	17536
na	126	127	17587
na	127	128	17537
na	128	129	17545
na	129	130	17587
na	130	131	17604
na	131	132	17921
na	132	133	17889
na	133	134	17882
na	134	135	17794
na	135	136	17688
na	136	137	17563
na	137	138	17506
na	138	139	17617
na	139	140	17477
na	140	141	17471
na	141	142	17613
na	142	143	17983
na	143	144	17908
na	144	145	18190
na	145	146	18274
na	146	147	18276
na	147	148	18131
na	148	149	18418
na	149	150	18272
na	150	151	17814
na	151	152	17642
na	152	153	17440
na	153	154	18395
na	154	155	18619
na	155	156	19051
na	156	157	19040
na	157	158	19256
na	158	159	19675
na	159	160	19359
na	160	161	19278
na	161	162	19362
na	162	163	18618
na	163	164	18433
na	164	165	18336
na	165	166	18387
na	166	167	18467
na	167	168	18528
na	168	169	18779
na	169	170	19217
na	170	171	19387
na	171	172	19357
na	172	173	19711
na	173	174	19688
na	174	175	19856
na	175	176	20205
na	176	177	20446
na	177	178	20959
na	178	179	21247
na	179	180	21337
na	180	181	21832
na	181	182	21807
na	182	183	22359
na	183	184	22804
na	184	185	22731
na	185	186	22699
na	186	187	22684
na	187	188	22669
na	188	189	22614
na	189	190	22370
na	190	191	23044
na	191	192	23573
na	192	193	23452
na	193	194	23546
na	194	195	23301
na	195	196	23121
na	196	197	23305
na	197	198	23076
na	198	199	23201
na	199	200	22791
na	200	201	22602
na	201	202	23349
na	202	203	23394
na	203	204	23538
na	204	205	23590
na	205	206	23538
na	206	207	23970
na	207	208	23986
na	208	209	23957
na	209	210	23890
na	210	211	23479
na	211	212	23515
na	212	213	23751
na	213	214	23811
na	214	215	23856
na	215	216	23687
na	216	217	23741
na	217	218	23947
na	218	219	24100
na	219	220	24137
na	220	221	24157
na	221	222	24023
na	222	223	24190
na	223	224	24289
na	224	225	24307
na	225	226	24236
na	226	227	24389
na	227	228	24330
na	228	229	24422
na	229	230	24534
na	230	231	24501
na	231	232	24519
na	232	233	24427
na	233	234	24531
na	234	235	24654
na	235	236	24538
na	236	237	24487
na	237	238	24512
na	238	239	24619
na	239	240	24666
na	240	241	24705
na	241	242	24721
na	242	243	24711
na	243	244	24659
na	244	245	24650
na	245	246	24672
na	246	247	24613
na	247	248	24458
na	248	249	24602
na	249	250	24484
na	250	251	24489
na	251	252	24451
na	252	253	24369
na	253	254	24859
na	254	255	24843
na	255	256	24834
na	256	257	24759
na	257	258	24853
na	258	259	24799
na	259	260	24871
na	260	261	24840
na	261	262	24370
na	262	263	23762
na	263	264	23782
na	264	265	23514
na	265	266	23560
na	266	267	23588
na	267	268	23534
na	268	269	23397
na	269	270	23406
na	270	271	23558
na	271	272	23548
na	272	273	23582
na	273	274	23494
na	274	275	23340
na	275	276	23320
na	276	277	23166
na	277	278	23155
na	278	279	23078
na	279	280	22952
na	280	281	22957
na	281	282	22894
na	282	283	23184
na	283	284	23169
na	284	285	23153
na	285	286	23089
na	286	287	22923
na	287	288	22946
na	288	289	22953
na	289	290	22885
na	290	291	22899
na	291	292	22094
na	292	293	21989
na	293	294	21857
na	294	295	21798
na	295	296	21926
na	296	297	21781
na	297	298	21825
na	298	299	21541
na	299	300	22701
na	300	301	22691
na	301	302	22622
na	302	303	22187
na	303	304	22066
na	304	305	20983
na	305	306	20945
na	306	307	20275
na	307	308	20306
na	308	309	18609
na	309	310	18908
na	310	311	19473
na	311	312	19992
na	312	313	20029
na	313	314	19973
na	314	315	20853
na	315	316	20820
na	316	317	21291
na	317	318	21278
na	318	319	20892
na	319	320	21277
na	320	321	19445
na	321	322	19609
na	322	323	19912
na	323	324	18910
na	324	325	18884
na	325	327	18742
na	327	328	18539
na	328	329	18018
na	329	330	17627
na	330	331	17458
na	331	332	17690
na	332	333	17661
na	333	334	18624
na	334	335	18195
na	335	336	18075
na	336	337	18271
na	337	338	18235
na	338	339	18259
na	339	340	18556
na	340	341	18170
na	341	342	18017
na	342	343	16748
na	343	344	16659
na	344	345	16740
na	345	346	16845
na	346	347	17294
na	347	348	17272
na	348	349	17303
na	349	350	17351
na	350	351	17361
na	351	352	17444
na	352	353	17375
na	353	354	17629
na	354	355	17544
na	355	356	17219
na	356	357	17245
na	357	358	17234
na	358	359	17171
na	359	360	17597
na	360	361	17533
na	361	362	17931
na	362	363	17702
na	363	364	17948
na	364	365	18380
na	365	366	18783
na	366	367	18894
na	367	368	18924
na	368	369	18792
na	369	370	19318
na	370	371	19054
na	371	372	19064
na	372	373	19092
na	373	374	18736
na	374	375	18706
na	375	376	18254
na	376	377	18191
na	377	378	18536
na	378	379	17979
na	379	380	18198
na	380	381	18284
na	381	382	18415
na	382	383	18649
na	383	384	18632
na	384	385	18774
na	385	386	18943
na	386	387	18711
na	387	388	18715
na	388	389	18510
na	389	390	18642
na	390	391	18737
na	391	392	18765
na	392	393	18692
na	393	394	18823
na	394	395	18776
na	395	396	19076
na	396	397	19026
na	397	398	19084
na	398	399	19045
na	399	400	19060
na	400	401	19040
na	401	402	19084
na	402	403	18946
na	403	404	18929
na	404	405	18457
na	405	406	18504
na	406	407	18430
na	407	408	18321
na	408	409	18354
na	409	410	18213
na	410	411	18220
na	411	412	18332
na	412	413	18136
na	413	414	18169
na	414	415	18182
na	415	416	18224
na	416	417	18301
na	417	418	18394
na	418	419	18430
na	419	420	18322
na	420	421	18087
na	421	422	18349
na	422	423	18332
na	423	424	18564
na	424	425	18555
na	425	426	18463
na	426	427	18436
na	427	428	18467
na	428	429	18524
na	429	430	18657
na	430	431	18238
na	431	432	18294
na	432	433	18062
na	433	434	17898
na	434	435	18217
na	435	436	18138
na	436	437	18334
na	437	438	18316
na	438	439	18003
na	439	440	18094
na	440	441	17782
na	441	442	18042
na	442	443	18051
na	443	444	17490
na	444	445	17529
na	445	446	17146
na	446	447	17071
na	447	448	17062
na	448	449	16739
na	449	450	16664
na	450	451	16266
na	451	452	16495
na	452	453	16462
na	453	454	16638
na	454	455	16616
na	455	456	16672
na	456	457	16715
na	457	458	16489
na	458	459	16121
na	459	460	15856
na	460	461	15607
na	461	462	15353
na	462	463	15426
na	463	464	15117
na	464	465	16146
na	465	466	15944
na	466	467	16022
na	467	468	15953
na	468	469	15900
na	469	470	16384
na	470	471	16311
na	471	472	16166
na	472	473	16154
na	473	474	14209
na	474	475	14187
na	475	476	14119
na	476	477	14018
na	477	478	14029
na	478	479	14248
na	479	480	14208
na	480	481	14122
na	481	482	14815
na	482	483	14813
na	483	484	14763
na	484	485	14682
na	485	486	14559
na	486	487	14595
na	487	488	13565
na	488	489	13722
na	489	490	13651
na	490	491	13131
na	491	492	13433
na	492	493	13342
na	493	494	13368
na	494	495	13400
na	495	496	13339
na	496	497	13727
na	497	498	13510
na	498	500	13756
na	500	501	13687
na	501	502	14122
na	502	503	14215
na	503	504	14282
na	504	505	14338
na	505	506	14116
na	506	507	14151
na	507	508	14147
na	508	509	14526
na	509	510	14702
na	510	511	14738
na	511	512	14468
na	512	513	14581
na	513	514	14546
na	514	515	14726
na	515	516	14909
na	516	517	15104
na	517	518	15050
na	518	519	15154
na	519	520	14989
na	520	521	15004
na	521	522	16165
na	522	523	16348
na	523	524	16257
na	524	525	16289
na	525	526	15986
na	526	527	16207
na	527	528	16168
na	528	529	16154
na	529	530	16229
na	530	531	15467
na	531	532	15935
na	532	533	15934
na	533	534	15969
na	534	535	15984
na	535	536	15866
na	536	537	16024
na	537	538	16131
na	538	539	16269
na	539	540	16272
na	540	541	16020
na	541	542	16004
na	542	543	16024
na	543	544	16056
na	544	545	16135
na	545	546	16041
na	546	547	16200
na	547	548	16081
na	548	549	16290
na	549	550	16283
na	550	551	16363
na	551	552	16399
na	552	553	16329
na	553	554	16256
na	554	555	16416
na	555	556	16455
na	556	557	16757
na	557	558	16616
na	558	559	16726
na	559	560	16847
na	560	561	16917
na	561	562	16955
na	562	563	16958
na	563	564	16963
na	564	565	17188
na	565	566	17115
na	566	567	17251
na	567	568	17238
na	568	569	17139
na	569	570	17335
na	570	571	17698
na	571	572	17715
na	572	573	17647
na	573	574	17417
na	574	575	17371
na	575	576	17379
na	576	577	17327
na	577	578	17348
na	578	579	17316
na	579	580	17232
na	580	581	17244
na	581	582	17192
na	582	583	17154
na	583	584	17233
na	584	585	17188
na	585	586	17303
na	586	587	17290
na	587	588	17314
na	588	589	17397
na	589	590	17419
na	590	591	17396
na	591	592	17457
na	592	593	17472
na	593	594	17406
na	594	595	17398
na	595	596	17114
na	596	597	17066
na	597	598	17067
na	598	599	17136
na	599	600	17153
na	600	601	17308
na	601	602	17223
na	602	603	17097
na	603	604	17122
na	604	605	17174
na	605	606	17271
na	606	607	17244
na	607	608	16937
na	608	609	17234
na	609	610	17237
na	610	611	17055
na	611	612	17174
na	612	613	17054
na	613	614	17127
na	614	615	17083
na	615	616	16775
na	616	617	17337
na	617	618	17044
na	618	619	17190
na	619	620	17187
na	620	621	16979
na	621	622	17038
na	622	623	16758
na	623	624	16767
na	624	625	16841
na	625	626	16284
na	626	627	16382
na	627	628	16246
na	628	629	16308
na	629	630	16216
na	630	631	15786
na	631	632	15560
na	632	633	16182
na	633	634	16273
na	634	635	16314
na	635	636	16495
na	636	637	16335
na	637	638	16485
na	638	639	16316
na	639	640	16146
na	640	641	16502
na	641	642	15778
na	642	643	15799
na	643	644	15839
na	644	645	15561
na	645	646	15570
na	646	647	15378
na	647	648	15338
na	648	649	15718
na	649	650	15293
na	650	651	15246
na	651	652	15369
na	652	653	15164
na	653	654	15468
na	654	655	15445
na	655	656	15587
na	656	657	15520
na	657	658	14992
na	658	659	15022
na	659	660	15037
na	660	661	14927
na	661	662	14952
na	662	663	14760
na	663	664	15418
na	664	665	15289
na	665	666	15752
na	666	667	15739
na	667	668	15592
na	668	669	15545
na	669	670	15446
na	670	671	15620
na	671	672	15404
na	672	673	15054
na	673	674	14479
na	674	675	14302
na	675	676	14408
na	676	677	14493
na	677	678	14572
na	678	679	14620
na	679	680	14507
na	680	681	14460
na	681	682	14408
na	682	683	14362
na	683	684	14311
na	684	685	14355
na	685	686	14454
na	686	687	14453
na	687	688	14415
na	688	689	14386
na	689	690	14464
na	690	691	14451
na	691	692	14460
na	692	693	14429
na	693	694	14469
na	694	695	14303
na	695	696	14352
na	696	697	14625
na	697	698	14584
na	698	699	14589
na	699	700	14625
na	700	701	14637
na	701	702	14723
na	702	703	14733
na	703	704	15210
na	704	705	15144
na	705	706	15185
na	706	707	14997
na	707	708	15259
na	708	709	15233
na	709	710	15237
na	710	711	15050
na	711	712	15071
na	712	713	14582
na	713	714	14740
na	714	715	14572
na	715	716	14592
na	716	717	14516
na	717	718	14715
na	718	719	14945
na	719	720	15001
na	720	721	14948
na	721	722	14907
na	722	723	14981
na	723	724	14974
na	724	725	14981
na	725	726	14832
na	726	727	14930
na	727	728	14820
na	728	729	14743
na	729	730	14769
na	730	731	14785
na	731	732	14842
na	732	733	14929
na	733	734	15039
na	734	735	15028
na	735	736	14938
na	736	737	15000
na	737	738	15012
na	738	739	15498
na	739	740	15423
na	740	741	15546
na	741	742	15518
na	742	743	15514
na	743	744	15520
na	744	745	15447
na	745	746	15479
na	746	747	15336
na	747	748	15585
na	748	749	15228
na	749	750	15071
na	750	751	15045
na	751	752	15035
na	752	753	15116
na	753	754	15155
na	754	755	15047
na	755	756	15075
na	756	757	14356
na	757	758	14390
na	758	759	14335
na	759	760	14825
na	760	761	14906
na	761	762	14724
na	762	763	14643
na	763	764	14490
na	764	765	14683
na	765	766	14691
na	766	767	14617
na	767	768	14467
na	768	769	13481
na	769	770	13537
na	770	771	13789
na	771	772	13806
na	772	773	13737
na	773	774	13339
na	774	775	13746
na	775	776	13901
na	776	777	14041
na	777	778	14093
na	778	779	13927
na	779	780	13327
na	780	781	13288
na	781	782	13233
na	782	783	13284
na	783	784	12579
na	784	785	12681
na	785	786	12510
na	786	787	12596
na	787	788	12602
na	788	789	12614
na	789	790	12805
na	790	791	12788
na	791	792	12698
na	792	793	12673
na	793	794	12250
na	794	795	12495
na	795	796	12465
na	796	797	12515
na	797	798	12482
na	798	799	12256
na	799	800	12238
na	800	801	12250
na	801	802	12291
na	802	803	12285
na	803	804	12024
na	804	805	11950
na	805	806	11893
na	806	807	11941
na	807	808	11909
na	808	809	12034
na	809	810	12097
na	810	811	12106
na	811	812	12179
na	812	813	12228
na	813	814	12280
na	814	815	12134
na	815	816	11995
na	816	817	12022
na	817	818	11905
na	818	819	12168
na	819	820	12185
na	820	821	12432
na	821	822	12644
na	822	823	12691
na	823	824	12801
na	824	825	12816
na	825	826	12810
na	826	827	12899
na	827	828	12556
na	828	829	12518
na	829	830	12525
na	830	831	12446
na	831	832	12813
na	832	833	12798
na	833	834	12959
na	834	835	12995
na	835	836	12983
na	836	837	13536
na	837	838	13575
na	838	839	13657
na	839	840	13645
na	840	841	13247
na	841	842	13314
na	842	843	13165
na	843	844	13028
na	844	845	13204
na	845	846	12957
na	846	847	12999
na	847	848	12953
na	848	849	13029
na	849	850	12999
na	850	851	12895
na	851	852	13004
na	852	853	12912
na	853	854	12786
na	854	855	12643
na	855	856	12692
na	856	857	12659
na	857	858	12570
na	858	859	12782
na	859	860	12879
na	860	861	12771
na	861	862	12846
na	862	863	12704
na	863	864	12684
na	864	865	12985
na	865	866	12873
na	866	867	12835
na	867	868	12671
na	868	869	12267
na	869	870	12305
na	870	871	12227
na	871	872	12205
na	872	873	12191
na	873	874	11852
na	874	875	12026
na	875	876	12274
na	876	877	12328
na	877	878	12316
na	878	879	12902
na	879	880	13273
na	880	881	13945
na	881	882	13943
na	882	883	14308
na	883	884	13843
na	884	885	13893
na	885	886	13606
na	886	887	13726
na	887	888	12937
na	888	889	12960
na	889	890	11755
na	890	891	11909
na	891	892	11508
na	892	893	11872
na	893	894	11793
na	894	895	11850
na	895	896	11871
na	896	897	11733
na	897	898	11731
na	898	899	11751
na	899	900	11865
na	900	901	11828
na	901	902	11897
na	902	903	11729
na	903	904	11765
na	904	905	11763
na	905	906	11768
na	906	907	11699
na	907	908	11703
na	908	909	11608
na	909	910	11500
na	910	911	11161
na	911	912	11442
na	912	913	11673
na	913	914	11686
na	914	915	11688
na	915	916	11747
na	916	917	11711
na	917	918	11714
na	918	919	11667
na	919	920	11684
na	920	921	11381
na	921	922	11277
na	922	923	11322
na	923	924	11330
na	924	925	11273
na	925	926	11307
na	926	927	11240
na	927	928	11348
na	928	929	11433
na	929	930	11475
na	930	931	11368
na	931	932	11300
na	932	933	11299
na	933	934	11422
na	934	935	11351
na	935	936	11326
na	936	937	11250
na	937	938	11073
na	938	939	11143
na	939	940	11221
na	940	941	11197
na	941	942	11189
na	942	943	10896
na	943	944	10910
na	944	945	11021
na	945	946	11017
na	946	947	11023
na	947	948	11022
na	948	949	10970
na	949	950	10986
na	950	951	11004
na	951	952	10960
na	952	953	11277
na	953	954	11054
na	954	955	11552
na	955	956	11564
na	956	957	11560
na	957	958	11643
na	958	959	11636
na	959	960	11596
na	960	961	11619
na	961	962	11144
na	962	963	13390
na	963	964	13363
na	964	965	13587
na	965	966	14739
na	966	967	14948
na	967	968	15830
na	968	969	15873
na	969	970	15834
na	970	971	15952
na	971	972	14633
na	972	973	14643
na	973	974	14650
na	974	975	13794
na	975	976	13880
na	976	977	13394
na	977	978	13479
na	978	979	13515
na	979	980	13530
na	980	981	13639
na	981	982	13511
na	982	983	13622
na	983	984	13998
na	984	985	14001
na	985	986	14017
na	986	987	13986
na	987	988	14064
na	988	989	14085
na	989	990	14133
na	990	991	14104
na	991	992	14107
na	992	993	14027
na	993	994	14238
na	994	995	14247
na	995	996	14230
na	996	997	14239
na	997	998	14212
na	998	999	14192
na	999	1000	14229
na	1000	1001	14415
na	1001	1002	14412
na	1002	1003	14369
na	1003	1004	14391
na	1004	1005	14396
na	1005	1006	14460
na	1006	1007	14626
na	1007	1008	14635
na	1008	1009	14623
na	1009	1010	14483
na	1010	1011	14531
na	1011	1012	14628
na	1012	1013	14501
na	1013	1014	14427
na	1014	1015	14350
na	1015	1016	14129
na	1016	1017	14289
na	1017	1018	14282
na	1018	1019	14335
na	1019	1020	14220
na	1020	1021	14266
na	1021	1022	14336
na	1022	1023	14332
na	1023	1024	14346
na	1024	1025	14277
na	1025	1026	13947
na	1026	1027	14366
na	1027	1028	14357
na	1028	1029	14417
na	1029	1030	14186
na	1030	1031	14051
na	1031	1032	13780
na	1032	1033	13738
na	1033	1034	14113
na	1034	1035	14040
na	1035	1036	13757
na	1036	1037	13921
na	1037	1038	13785
na	1038	1039	14373
na	1039	1040	14216
na	1040	1041	14233
na	1041	1042	14122
na	1042	1043	13529
na	1043	1044	13499
na	1044	1045	13397
na	1045	1046	13306
na	1046	1047	13430
na	1047	1048	12907
na	1048	1049	12891
na	1049	1050	12764
na	1050	1051	12695
na	1051	1052	12685
na	1052	1053	12539
na	1053	1054	12853
na	1054	1055	12694
na	1055	1056	12942
na	1056	1057	12908
na	1057	1058	12732
na	1058	1059	12693
na	1059	1060	12634
na	1060	1061	12522
na	1061	1062	12583
na	1062	1063	12296
na	1063	1064	12286
na	1064	1065	12013
na	1065	1066	12110
na	1066	1067	12206
na	1067	1068	12262
na	1068	1069	12466
na	1069	1070	12438
na	1070	1071	12537
na	1071	1072	12494
na	1072	1073	12513
na	1073	1074	12860
na	1074	1075	12875
na	1075	1076	13039
na	1076	1077	13016
na	1077	1078	12808
na	1078	1079	13294
na	1079	1080	13347
na	1080	1081	14868
na	1081	1082	14821
na	1082	1083	14763
na	1083	1084	14751
na	1084	1085	14639
na	1085	1086	14668
na	1086	1087	14746
na	1087	1088	14779
na	1088	1089	14834
na	1089	1090	13951
na	1090	1091	14063
na	1091	1092	14277
na	1092	1093	14448
na	1093	1094	14544
na	1094	1095	14490
na	1095	1096	14463
na	1096	1097	14376
na	1097	1098	14386
na	1098	1099	14704
na	1099	1100	14682
na	1100	1101	14657
na	1101	1102	14778
na	1102	1103	14640
na	1103	1104	14728
na	1104	1105	14726
na	1105	1106	14723
na	1106	1107	14735
na	1107	1108	14481
na	1108	1109	14516
na	1109	1110	14456
na	1110	1111	14546
na	1111	1112	14561
na	1112	1113	14264
na	1113	1114	14091
na	1114	1115	14093
na	1115	1116	14330
na	1116	1117	14348
na	1117	1118	15040
na	1118	1119	15092
na	1119	1120	15066
na	1120	1121	15019
na	1121	1122	15012
na	1122	1123	15037
na	1123	1124	15049
na	1124	1125	14828
na	1125	1126	14839
na	1126	1127	14616
na	1127	1128	14636
na	1128	1129	14975
na	1129	1130	14979
na	1130	1131	14969
na	1131	1132	15029
na	1132	1133	15059
na	1133	1134	15115
na	1134	1135	15117
na	1135	1136	15172
na	1136	1137	15210
na	1137	1138	14944
na	1138	1139	15269
na	1139	1140	15334
na	1140	1141	15610
na	1141	1142	15662
na	1142	1143	15639
na	1143	1144	15623
na	1144	1145	15595
na	1145	1146	15615
na	1146	1147	15702
na	1147	1148	15473
na	1148	1149	15614
na	1149	1150	15558
na	1150	1151	15638
na	1151	1152	15685
na	1152	1153	15687
na	1153	1154	15785
na	1154	1155	15903
na	1155	1156	15976
na	1156	1157	16121
na	1157	1158	16028
na	1158	1159	16150
na	1159	1160	16448
na	1160	1161	16390
na	1161	1162	16375
na	1162	1163	16242
na	1163	1164	16487
na	1164	1165	16309
na	1165	1166	16357
na	1166	1167	16329
na	1167	1168	16255
na	1168	1169	16239
na	1169	1170	16371
na	1170	1171	16300
na	1171	1172	16359
na	1172	1173	16050
na	1173	1174	16463
na	1174	1175	16487
na	1175	1176	16452
na	1176	1177	16522
na	1177	1178	16093
na	1178	1179	16083
na	1179	1180	16120
na	1180	1181	16081
na	1181	1182	16005
na	1182	1183	16059
na	1183	1184	15634
na	1184	1185	15640
na	1185	1186	15575
na	1186	1187	15534
na	1187	1188	15732
na	1188	1189	15706
na	1189	1190	15595
na	1190	1191	15581
na	1191	1192	15453
na	1192	1193	15487
na	1193	1194	15437
na	1194	1195	15651
na	1195	1196	15531
na	1196	1197	14963
na	1197	1198	15158
na	1198	1199	15028
na	1199	1200	15081
na	1200	1201	15083
na	1201	1202	15063
na	1202	1203	15128
na	1203	1204	14766
na	1204	1205	14563
na	1205	1206	14642
na	1206	1207	14447
na	1207	1208	14467
na	1208	1209	14367
na	1209	1210	14382
na	1210	1211	14204
na	1211	1212	14222
na	1212	1213	14081
na	1213	1214	14080
na	1214	1215	13928
na	1215	1216	14587
na	1216	1217	14802
na	1217	1218	14861
na	1218	1219	14960
na	1219	1220	14954
na	1220	1221	15671
na	1221	1222	15891
na	1222	1223	15987
na	1223	1224	15977
na	1224	1225	14842
na	1225	1226	14954
na	1226	1227	14621
na	1227	1228	14791
na	1228	1229	14514
na	1229	1230	13631
na	1230	1231	13578
na	1231	1232	13286
na	1232	1233	13326
na	1233	1234	13487
na	1234	1235	13414
na	1235	1236	13499
na	1236	1237	13555
na	1237	1238	13556
na	1238	1239	13613
na	1239	1240	13612
na	1240	1241	13673
na	1241	1242	13704
na	1242	1243	13545
na	1243	1244	13627
na	1244	1245	13696
na	1245	1246	14115
na	1246	1247	14152
na	1247	1248	14154
na	1248	1249	14114
na	1249	1250	14121
na	1250	1251	14269
na	1251	1252	14256
na	1252	1253	14136
na	1253	1254	14129
na	1254	1255	13643
na	1255	1256	13692
na	1256	1257	13660
na	1257	1258	13749
na	1258	1259	13735
na	1259	1260	14153
na	1260	1261	14438
na	1261	1262	14441
na	1262	1263	14429
na	1263	1264	14457
na	1264	1265	14377
na	1265	1266	14484
na	1266	1267	14349
na	1267	1268	14366
na	1268	1269	13224
na	1269	1270	13461
na	1270	1271	13499
na	1271	1272	13511
na	1272	1273	13533
na	1273	1274	13432
na	1274	1275	13309
na	1275	1276	13373
na	1276	1277	13496
na	1277	1278	13519
na	1278	1279	13211
na	1279	1280	13190
na	1280	1281	13273
na	1281	1282	13537
na	1282	1283	13896
na	1283	1284	13992
na	1284	1285	13904
na	1285	1286	13824
na	1286	1287	13749
na	1287	1288	13847
na	1288	1289	13882
na	1289	1290	13875
na	1290	1291	13621
na	1291	1292	13249
na	1292	1293	13708
na	1293	1294	13788
na	1294	1295	13923
na	1295	1296	13913
na	1296	1297	13818
na	1297	1298	14412
na	1298	1299	14547
na	1299	1300	14584
na	1300	1301	14602
na	1301	1302	14087
na	1302	1303	14131
na	1303	1304	13833
na	1304	1305	13837
na	1305	1306	13857
na	1306	1307	13357
na	1307	1308	12908
na	1308	1309	13011
na	1309	1310	13177
na	1310	1311	13277
na	1311	1312	13291
na	1312	1313	13296
na	1313	1314	13305
na	1314	1315	13267
na	1315	1316	13310
na	1316	1317	13345
na	1317	1318	12806
na	1318	1319	12829
na	1319	1320	12445
na	1320	1321	12442
na	1321	1322	12455
na	1322	1323	12367
na	1323	1324	12407
na	1324	1325	12315
na	1325	1326	12391
na	1326	1327	12376
na	1327	1328	12256
na	1328	1329	12234
na	1329	1330	12243
na	1330	1331	12251
na	1331	1332	12233
na	1332	1333	12143
na	1333	1334	11950
na	1334	1335	11868
na	1335	1336	11862
na	1336	1337	11850
na	1337	1338	11851
na	1338	1339	11703
na	1339	1340	11695
na	1340	1341	11681
na	1341	1342	11684
na	1342	1343	11699
na	1343	1344	11424
na	1344	1345	11562
na	1345	1346	11471
na	1346	1347	11457
na	1347	1348	11429
na	1348	1349	11330
na	1349	1350	11368
na	1350	1351	11313
na	1351	1352	11102
na	1352	1353	11045
na	1353	1354	10243
na	1354	1355	10209
na	1355	1356	10167
na	1356	1357	10134
na	1357	1358	9948
na	1358	1359	9852
na	1359	1360	9993
na	1360	1361	9696
na	1361	1362	9760
na	1362	1363	9738
na	1363	1364	9704
na	1364	1365	9693
na	1365	1366	9524
na	1366	1367	9523
na	1367	1368	9048
na	1368	1369	9008
na	1369	1370	7928
na	1370	1371	7868
na	1371	1372	7712
na	1372	1373	7694
na	1373	1374	7465
na	1374	1375	7438
na	1375	1376	6832
na	1376	1377	6854
na	1377	1378	6726
na	1378	1379	6810
na	1379	1380	6822
na	1380	1381	6781
na	1381	1382	6484
na	1382	1383	6534
na	1383	1384	6427
na	1384	1385	6466
na	1385	1386	6364
na	1386	1387	6346
na	1387	1388	6179
na	1388	1389	6186
na	1389	1390	6191
na	1390	1391	6199
na	1391	1392	6192
na	1392	1393	6149
na	1393	1394	5811
na	1394	1395	5800
na	1395	1396	5759
na	1396	1397	5732
na	1397	1398	5535
na	1398	1399	5523
na	1399	1400	5442
na	1400	1401	5484
na	1401	1402	5477
na	1402	1403	5437
na	1403	1404	5466
na	1404	1405	5428
na	1405	1406	5429
na	1406	1407	5364
na	1407	1408	4120
na	1408	1409	4146
na	1409	1410	4034
na	1410	1411	4026
na	1411	1412	4019
na	1412	1413	3888
na	1413	1414	3861
na	1414	1415	3826
na	1415	1416	3767
na	1416	1417	3755
na	1417	1418	3602
na	1418	1419	3486
na	1419	1420	3476
na	1420	1421	3367
na	1421	1422	3363
na	1422	1423	3339
na	1423	1424	3332
na	1424	1425	3195
na	1425	1426	2878
na	1426	1427	2836
na	1427	1428	2821
na	1428	1429	2769
na	1429	1430	2767
na	1430	1431	2598
na	1431	1432	2563
na	1432	1433	1865
na	1433	1434	1852
na	1434	1435	1832
na	1435	1436	1830
na	1436	1437	1828
na	1437	1438	1755
na	1438	1439	1749
na	1439	1440	1746
na	1440	1441	1744
na	1441	1442	1737
na	1442	1443	1304
na	1443	1448	1303
na	1448	1449	1301
na	1449	1450	1266
na	1450	1451	1258
na	1451	1452	1147
na	1452	1453	1117
na	1453	1454	945
na	1454	1455	927
na	1455	1456	923
na	1456	1457	379
pb2	0	1	243
pb2	1	4	311
pb2	4	5	341
pb2	5	10	343
pb2	10	11	419
pb2	11	13	430
pb2	13	15	439
pb2	15	16	542
pb2	16	17	543
pb2	17	18	544
pb2	18	19	597
pb2	19	20	602
pb2	20	21	735
pb2	21	22	763
pb2	22	23	780
pb2	23	24	884
pb2	24	25	938
pb2	25	26	1002
pb2	26	27	1011
pb2	27	28	1024
pb2	28	29	1026
pb2	29	30	1057
pb2	30	31	1063
pb2	31	32	1065
pb2	32	33	1072
pb2	33	34	1073
pb2	34	35	1315
pb2	35	36	1318
pb2	36	37	1333
pb2	37	38	1419
pb2	38	39	1425
pb2	39	40	1452
pb2	40	41	1454
pb2	41	42	1461
pb2	42	43	1524
pb2	43	44	1539
pb2	44	45	1550
pb2	45	47	1554
pb2	47	48	1592
pb2	48	49	1599
pb2	49	50	1608
pb2	50	51	1618
pb2	51	52	1706
pb2	52	53	1784
pb2	53	54	1783
pb2	54	55	1790
pb2	55	56	1801
pb2	56	57	1812
pb2	57	58	1843
pb2	58	59	1850
pb2	59	60	1881
pb2	60	61	1899
pb2	61	62	1895
pb2	62	63	1896
pb2	63	64	1904
pb2	64	65	1903
pb2	65	66	1993
pb2	66	67	1996
pb2	67	69	2001
pb2	69	70	1998
pb2	70	71	2002
pb2	71	72	2000
pb2	72	73	1997
pb2	73	74	2010
pb2	74	75	1992
pb2	75	76	2099
pb2	76	77	2107
pb2	77	78	2122
pb2	78	79	2123
pb2	79	80	2127
pb2	80	81	2132
pb2	81	82	2243
pb2	82	83	2252
pb2	83	84	2254
pb2	84	85	2265
pb2	85	86	2245
pb2	86	87	2311
pb2	87	88	2280
pb2	88	89	2294
pb2	89	90	2278
pb2	90	91	2265
pb2	91	92	2249
pb2	92	93	2223
pb2	93	94	2185
pb2	94	95	2202
pb2	95	96	2188
pb2	96	97	2147
pb2	97	98	2196
pb2	98	99	2201
pb2	99	100	2291
pb2	100	101	2300
pb2	101	102	2292
pb2	102	103	2297
pb2	103	104	2261
pb2	104	105	2309
pb2	105	106	2315
pb2	106	107	2251
pb2	107	108	2263
pb2	108	109	2236
pb2	109	110	2233
pb2	110	111	2252
pb2	111	112	2342
pb2	112	113	2347
pb2	113	114	2346
pb2	114	115	2350
pb2	115	116	2395
pb2	116	117	2397
pb2	117	118	2540
pb2	118	119	2554
pb2	119	120	2566
pb2	120	121	2532
pb2	121	122	2536
pb2	122	123	2576
pb2	123	124	2616
pb2	124	125	2603
pb2	125	126	2693
pb2	126	127	2656
pb2	127	128	2643
pb2	128	129	2646
pb2	129	130	2609
pb2	130	131	2715
pb2	131	132	2681
pb2	132	133	2679
pb2	133	134	2691
pb2	134	136	2665
pb2	136	137	2671
pb2	137	138	2683
pb2	138	139	2675
pb2	139	140	2677
pb2	140	141	2647
pb2	141	142	2670
pb2	142	143	2667
pb2	143	144	2666
pb2	144	145	2775
pb2	145	146	2795
pb2	146	147	2807
pb2	147	148	2815
pb2	148	149	2792
pb2	149	150	2774
pb2	150	151	2678
pb2	151	152	2685
pb2	152	153	2706
pb2	153	154	2648
pb2	154	155	2650
pb2	155	156	2652
pb2	156	157	2679
pb2	157	158	2692
pb2	158	159	2689
pb2	159	160	2688
pb2	160	161	2665
pb2	161	162	2682
pb2	162	163	2658
pb2	163	164	2727
pb2	164	165	2747
pb2	165	166	2737
pb2	166	167	2749
pb2	167	168	2771
pb2	168	169	2807
pb2	169	170	2787
pb2	170	171	2783
pb2	171	172	2739
pb2	172	173	2709
pb2	173	174	2726
pb2	174	175	2714
pb2	175	176	2707
pb2	176	177	2683
pb2	177	178	2655
pb2	178	179	2677
pb2	179	180	2685
pb2	180	181	2715
pb2	181	182	2773
pb2	182	183	2763
pb2	183	184	2754
pb2	184	185	2761
pb2	185	186	2800
pb2	186	187	2812
pb2	187	188	2821
pb2	188	189	2812
pb2	189	190	2800
pb2	190	191	2799
pb2	191	192	2819
pb2	192	193	2808
pb2	193	194	2806
pb2	194	195	2761
pb2	195	196	2744
pb2	196	197	2750
pb2	197	198	2746
pb2	198	199	2709
pb2	199	200	2753
pb2	200	201	2718
pb2	201	202	2729
pb2	202	203	2754
pb2	203	204	2755
pb2	204	205	2754
pb2	205	206	2755
pb2	206	207	2781
pb2	207	208	2767
pb2	208	209	2725
pb2	209	210	2723
pb2	210	211	2739
pb2	211	212	2763
pb2	212	213	2774
pb2	213	214	2771
pb2	214	215	2767
pb2	215	216	2702
pb2	216	217	2803
pb2	217	218	2793
pb2	218	219	2783
pb2	219	220	2786
pb2	220	221	2765
pb2	221	222	2748
pb2	222	223	2699
pb2	223	224	2701
pb2	224	225	2695
pb2	225	226	2642
pb2	226	228	2644
pb2	228	229	2677
pb2	229	231	2658
pb2	231	232	2663
pb2	232	233	2646
pb2	233	234	2631
pb2	234	235	2628
pb2	235	236	2650
pb2	236	237	2668
pb2	237	238	2623
pb2	238	239	2663
pb2	239	240	2733
pb2	240	241	2852
pb2	241	242	2909
pb2	242	243	2957
pb2	243	244	3040
pb2	244	245	3028
pb2	245	246	3018
pb2	246	247	3062
pb2	247	248	3088
pb2	248	249	3070
pb2	249	250	3027
pb2	250	251	2979
pb2	251	252	2941
pb2	252	253	2944
pb2	253	254	2973
pb2	254	255	2958
pb2	255	256	2994
pb2	256	257	2942
pb2	257	258	2955
pb2	258	259	2953
pb2	259	260	2956
pb2	260	261	2985
pb2	261	262	2940
pb2	262	263	2925
pb2	263	264	2923
pb2	264	265	2882
pb2	265	266	2926
pb2	266	267	2933
pb2	267	268	2906
pb2	268	269	2903
pb2	269	270	2873
pb2	270	271	2892
pb2	271	272	2910
pb2	272	273	2923
pb2	273	274	2916
pb2	274	275	2836
pb2	275	276	2824
pb2	276	277	2815
pb2	277	278	2835
pb2	278	279	2836
pb2	279	280	2859
pb2	280	281	2868
pb2	281	282	2856
pb2	282	283	2857
pb2	283	284	2861
pb2	284	285	2833
pb2	285	287	2859
pb2	287	288	2863
pb2	288	289	2816
pb2	289	290	2843
pb2	290	291	2844
pb2	291	292	2854
pb2	292	293	2844
pb2	293	294	2865
pb2	294	295	2812
pb2	295	296	2799
pb2	296	297	2834
pb2	297	298	2924
pb2	298	299	2891
pb2	299	300	2897
pb2	300	301	2882
pb2	301	302	2876
pb2	302	303	2885
pb2	303	304	2969
pb2	304	305	2960
pb2	305	306	2933
pb2	306	307	2835
pb2	307	308	2807
pb2	308	309	2840
pb2	309	310	2848
pb2	310	311	2830
pb2	311	312	2770
pb2	312	313	2749
pb2	313	314	2724
pb2	314	315	2736
pb2	315	317	2742
pb2	317	318	2664
pb2	318	319	2647
pb2	319	320	2628
pb2	320	321	2688
pb2	321	322	2675
pb2	322	323	2707
pb2	323	324	2809
pb2	324	325	2786
pb2	325	326	2779
pb2	326	327	2780
pb2	327	328	2751
pb2	328	329	2788
pb2	329	330	2714
pb2	330	331	2604
pb2	331	332	2607
pb2	332	333	2378
pb2	333	334	2385
pb2	334	335	2411
pb2	335	336	2391
pb2	336	337	2401
pb2	337	338	2326
pb2	338	339	2308
pb2	339	340	2302
pb2	340	341	2362
pb2	341	342	2385
pb2	342	343	2377
pb2	343	344	2374
pb2	344	345	2368
pb2	345	346	2362
pb2	346	347	2409
pb2	347	348	2407
pb2	348	349	2414
pb2	349	350	2412
pb2	350	351	2272
pb2	351	352	2337
pb2	352	353	2304
pb2	353	354	2356
pb2	354	355	2360
pb2	355	356	2277
pb2	356	357	2296
pb2	357	358	2274
pb2	358	359	2497
pb2	359	360	2499
pb2	360	361	2414
pb2	361	362	2403
pb2	362	363	2364
pb2	363	364	2392
pb2	364	365	2400
pb2	365	366	2474
pb2	366	367	2507
pb2	367	368	2144
pb2	368	369	2192
pb2	369	370	2187
pb2	370	371	2194
pb2	371	372	2195
pb2	372	373	2178
pb2	373	374	2170
pb2	374	375	2045
pb2	375	376	2015
pb2	376	377	2018
pb2	377	378	1985
pb2	378	379	1966
pb2	379	380	1979
pb2	380	381	1977
pb2	381	382	1974
pb2	382	383	1978
pb2	383	384	1974
pb2	384	385	1975
pb2	385	386	1968
pb2	386	387	1954
pb2	387	388	1944
pb2	388	389	1948
pb2	389	390	1955
pb2	390	391	1986
pb2	391	392	1981
pb2	392	393	1984
pb2	393	394	1987
pb2	394	395	1983
pb2	395	396	1975
pb2	396	397	1981
pb2	397	398	2020
pb2	398	399	2072
pb2	399	400	2056
pb2	400	401	2066
pb2	401	402	2099
pb2	402	403	2113
pb2	403	404	2106
pb2	404	405	2117
pb2	405	406	2137
pb2	406	407	2125
pb2	407	408	2131
pb2	408	409	2111
pb2	409	410	2138
pb2	410	411	2131
pb2	411	412	2161
pb2	412	413	2285
pb2	413	414	2333
pb2	414	415	2312
pb2	415	416	2297
pb2	416	417	2286
pb2	417	418	2297
pb2	418	419	2422
pb2	419	420	2415
pb2	420	421	2418
pb2	421	422	2411
pb2	422	423	2346
pb2	423	424	2474
pb2	424	425	2478
pb2	425	426	2474
pb2	426	427	2475
pb2	427	428	2368
pb2	428	429	2482
pb2	429	430	2455
pb2	430	432	2506
pb2	432	433	2474
pb2	433	434	2476
pb2	434	435	2464
pb2	435	436	2457
pb2	436	437	2420
pb2	437	438	2399
pb2	438	439	2388
pb2	439	440	2375
pb2	440	441	2411
pb2	441	442	2448
pb2	442	443	2454
pb2	443	444	2488
pb2	444	445	2496
pb2	445	446	2674
pb2	446	447	2693
pb2	447	448	2722
pb2	448	449	2720
pb2	449	450	2724
pb2	450	451	2729
pb2	451	452	2768
pb2	452	453	2772
pb2	453	454	2767
pb2	454	455	2679
pb2	455	456	2681
pb2	456	457	2674
pb2	457	458	2724
pb2	458	459	2744
pb2	459	460	2747
pb2	460	461	2743
pb2	461	462	2788
pb2	462	463	2806
pb2	463	464	3038
pb2	464	465	3056
pb2	465	466	3048
pb2	466	467	3039
pb2	467	468	3031
pb2	468	469	3033
pb2	469	470	3027
pb2	470	471	3032
pb2	471	472	3016
pb2	472	473	2902
pb2	473	475	2894
pb2	475	476	2896
pb2	476	477	2895
pb2	477	478	2867
pb2	478	479	2921
pb2	479	480	2913
pb2	480	481	2945
pb2	481	482	2952
pb2	482	483	2944
pb2	483	484	2971
pb2	484	485	2969
pb2	485	486	3027
pb2	486	487	3017
pb2	487	488	2980
pb2	488	489	2959
pb2	489	490	2919
pb2	490	491	3007
pb2	491	492	2999
pb2	492	493	3025
pb2	493	494	3024
pb2	494	495	3008
pb2	495	496	3023
pb2	496	497	3046
pb2	497	498	3016
pb2	498	499	3033
pb2	499	500	2981
pb2	500	501	2994
pb2	501	502	3032
pb2	502	503	3053
pb2	503	504	3032
pb2	504	505	3046
pb2	505	506	3025
pb2	506	507	3209
pb2	507	508	3239
pb2	508	509	3233
pb2	509	510	3205
pb2	510	511	3185
pb2	511	512	3196
pb2	512	513	3201
pb2	513	514	3214
pb2	514	515	3257
pb2	515	516	3100
pb2	516	517	3074
pb2	517	518	3063
pb2	518	519	3061
pb2	519	520	3089
pb2	520	521	3083
pb2	521	522	3070
pb2	522	523	3065
pb2	523	524	3013
pb2	524	525	2986
pb2	525	526	3005
pb2	526	527	3001
pb2	527	528	3024
pb2	528	529	3008
pb2	529	530	3035
pb2	530	531	3042
pb2	531	532	3059
pb2	532	533	3088
pb2	533	534	3090
pb2	534	535	3100
pb2	535	536	3099
pb2	536	537	3109
pb2	537	538	3117
pb2	538	539	3121
pb2	539	540	3112
pb2	540	541	3114
pb2	541	542	3094
pb2	542	543	3107
pb2	543	544	3102
pb2	544	546	3144
pb2	546	547	3142
pb2	547	548	3200
pb2	548	549	3188
pb2	549	550	3197
pb2	550	551	3255
pb2	551	552	3260
pb2	552	553	3292
pb2	553	554	3249
pb2	554	555	3247
pb2	555	556	3238
pb2	556	557	3157
pb2	557	558	3150
pb2	558	559	3113
pb2	559	560	3063
pb2	560	561	3058
pb2	561	562	3020
pb2	562	563	2994
pb2	563	564	2991
pb2	564	565	2982
pb2	565	566	2990
pb2	566	567	2997
pb2	567	568	3010
pb2	568	569	2998
pb2	569	570	2988
pb2	570	571	3045
pb2	571	572	3037
pb2	572	573	3028
pb2	573	574	3003
pb2	574	575	2977
pb2	575	576	2972
pb2	576	577	2943
pb2	577	578	2960
pb2	578	579	2947
pb2	579	580	2936
pb2	580	581	2932
pb2	581	582	2930
pb2	582	583	2928
pb2	583	584	2922
pb2	584	585	2923
pb2	585	586	2932
pb2	586	587	2925
pb2	587	588	2913
pb2	588	589	2908
pb2	589	590	2838
pb2	590	591	2831
pb2	591	592	2809
pb2	592	593	2780
pb2	593	594	2826
pb2	594	595	2817
pb2	595	596	2820
pb2	596	597	2781
pb2	597	598	2806
pb2	598	599	2804
pb2	599	600	2790
pb2	600	601	2803
pb2	601	602	2772
pb2	602	603	2715
pb2	603	604	2944
pb2	604	605	2931
pb2	605	606	2969
pb2	606	607	2948
pb2	607	608	2943
pb2	608	609	2958
pb2	609	610	2965
pb2	610	611	2968
pb2	611	612	2944
pb2	612	613	2766
pb2	613	614	2777
pb2	614	615	2800
pb2	615	616	2803
pb2	616	617	2821
pb2	617	618	2805
pb2	618	619	2822
pb2	619	620	2818
pb2	620	621	2790
pb2	621	622	2722
pb2	622	623	2774
pb2	623	624	2758
pb2	624	625	2836
pb2	625	626	2875
pb2	626	627	2912
pb2	627	628	2923
pb2	628	629	2908
pb2	629	630	2911
pb2	630	631	2902
pb2	631	632	2884
pb2	632	633	2934
pb2	633	634	3014
pb2	634	635	3010
pb2	635	636	2996
pb2	636	637	3053
pb2	637	638	3083
pb2	638	639	3098
pb2	639	640	3099
pb2	640	641	3097
pb2	641	642	3086
pb2	642	643	2943
pb2	643	644	2953
pb2	644	645	3064
pb2	645	646	3138
pb2	646	647	3127
pb2	647	648	3115
pb2	648	649	3131
pb2	649	650	3239
pb2	650	651	3236
pb2	651	652	3216
pb2	652	653	3225
pb2	653	654	3121
pb2	654	655	3146
pb2	655	656	3062
pb2	656	657	3066
pb2	657	658	3060
pb2	658	659	2976
pb2	659	660	3028
pb2	660	661	3049
pb2	661	662	3046
pb2	662	663	3093
pb2	663	664	3071
pb2	664	665	3073
pb2	665	667	3069
pb2	667	668	3147
pb2	668	669	3142
pb2	669	670	3129
pb2	670	671	3130
pb2	671	672	3117
pb2	672	673	3145
pb2	673	674	3195
pb2	674	675	3238
pb2	675	676	3245
pb2	676	677	3264
pb2	677	678	3303
pb2	678	679	3322
pb2	679	680	3352
pb2	680	682	3402
pb2	682	683	3382
pb2	683	684	3339
pb2	684	685	3348
pb2	685	686	3346
pb2	686	687	3382
pb2	687	688	3377
pb2	688	689	3373
pb2	689	690	3357
pb2	690	691	3419
pb2	691	692	3468
pb2	692	693	3471
pb2	693	694	3529
pb2	694	695	3546
pb2	695	696	3544
pb2	696	697	3530
pb2	697	698	3519
pb2	698	699	3536
pb2	699	700	3514
pb2	700	701	3481
pb2	701	702	3473
pb2	702	703	3409
pb2	703	704	3473
pb2	704	705	3503
pb2	705	706	3524
pb2	706	707	3582
pb2	707	708	3613
pb2	708	709	3624
pb2	709	710	3888
pb2	710	711	3916
pb2	711	712	3927
pb2	712	713	3923
pb2	713	714	3832
pb2	714	715	3844
pb2	715	716	3809
pb2	716	717	3813
pb2	717	718	3843
pb2	718	719	3713
pb2	719	720	3752
pb2	720	721	3750
pb2	721	722	3743
pb2	722	723	3849
pb2	723	724	3920
pb2	724	725	3947
pb2	725	726	3948
pb2	726	727	3905
pb2	727	728	3899
pb2	728	729	3894
pb2	729	730	3905
pb2	730	731	3910
pb2	731	732	3868
pb2	732	733	3820
pb2	733	734	3784
pb2	734	735	3821
pb2	735	736	3856
pb2	736	737	3871
pb2	737	738	3855
pb2	738	739	3834
pb2	739	740	3828
pb2	740	741	3825
pb2	741	742	3840
pb2	742	743	3884
pb2	743	744	3865
pb2	744	745	3818
pb2	745	746	3827
pb2	746	747	3817
pb2	747	748	3922
pb2	748	749	3907
pb2	749	750	3887
pb2	750	751	3931
pb2	751	752	3842
pb2	752	753	4073
pb2	753	754	4079
pb2	754	755	4012
pb2	755	756	4094
pb2	756	757	4032
pb2	757	758	4054
pb2	758	759	4073
pb2	759	760	3989
pb2	760	761	4116
pb2	761	762	3902
pb2	762	763	3937
pb2	763	764	3925
pb2	764	765	3856
pb2	765	766	3857
pb2	766	767	3874
pb2	767	768	3865
pb2	768	769	3883
pb2	769	770	3806
pb2	770	771	3759
pb2	771	772	3775
pb2	772	773	3753
pb2	773	774	3741
pb2	774	775	3752
pb2	775	776	3668
pb2	776	777	3671
pb2	777	778	3649
pb2	778	779	3652
pb2	779	780	3647
pb2	780	781	3604
pb2	781	782	3596
pb2	782	783	3604
pb2	783	784	3572
pb2	784	785	3545
pb2	785	786	3512
pb2	786	787	3566
pb2	787	788	3659
pb2	788	789	3647
pb2	789	790	3648
pb2	790	791	3635
pb2	791	792	3565
pb2	792	793	3614
pb2	793	794	3580
pb2	794	795	3562
pb2	795	796	3485
pb2	796	797	3379
pb2	797	798	3383
pb2	798	799	3381
pb2	799	800	3533
pb2	800	801	3516
pb2	801	802	3467
pb2	802	803	3497
pb2	803	804	3535
pb2	804	805	3574
pb2	805	806	3576
pb2	806	807	3560
pb2	807	808	3566
pb2	808	809	3418
pb2	809	810	3413
pb2	810	811	3410
pb2	811	812	3427
pb2	812	813	3403
pb2	813	814	3416
pb2	814	815	3466
pb2	815	816	3468
pb2	816	817	3472
pb2	817	818	3558
pb2	818	819	3542
pb2	819	820	3563
pb2	820	821	3562
pb2	821	822	3594
pb2	822	823	3607
pb2	823	824	3593
pb2	824	825	3567
pb2	825	826	3580
pb2	826	827	3522
pb2	827	828	3547
pb2	828	829	3516
pb2	829	830	3526
pb2	830	831	3512
pb2	831	832	3451
pb2	832	833	3509
pb2	833	834	3508
pb2	834	835	3504
pb2	835	836	3492
pb2	836	837	3472
pb2	837	838	3463
pb2	838	839	3485
pb2	839	840	3481
pb2	840	841	3569
pb2	841	842	3524
pb2	842	843	3585
pb2	843	844	3575
pb2	844	845	3610
pb2	845	846	3592
pb2	846	847	3595
pb2	847	848	3591
pb2	848	849	3468
pb2	849	850	3446
pb2	850	851	3410
pb2	851	852	3550
pb2	852	853	3501
pb2	853	854	3484
pb2	854	856	3482
pb2	856	857	3483
pb2	857	858	3485
pb2	858	859	3478
pb2	859	860	3411
pb2	860	861	3264
pb2	861	862	3290
pb2	862	863	3259
pb2	863	864	3248
pb2	864	865	3457
pb2	865	866	3451
pb2	866	867	3464
pb2	867	868	3468
pb2	868	869	3458
pb2	869	870	3452
pb2	870	871	3429
pb2	871	872	3435
pb2	872	873	3412
pb2	873	874	3301
pb2	874	875	3150
pb2	875	876	3194
pb2	876	877	3170
pb2	877	878	3172
pb2	878	879	3167
pb2	879	880	3145
pb2	880	881	3133
pb2	881	882	3138
pb2	882	883	3083
pb2	883	884	3127
pb2	884	885	3086
pb2	885	886	3073
pb2	886	887	3090
pb2	887	888	3072
pb2	888	889	3116
pb2	889	890	3099
pb2	890	891	3179
pb2	891	892	3183
pb2	892	893	3105
pb2	893	894	3094
pb2	894	895	3080
pb2	895	896	3071
pb2	896	897	3063
pb2	897	898	3065
pb2	898	899	3157
pb2	899	900	3118
pb2	900	901	3108
pb2	901	902	3103
pb2	902	903	3075
pb2	903	904	3038
pb2	904	905	3069
pb2	905	906	3100
pb2	906	907	3070
pb2	907	908	2895
pb2	908	909	2939
pb2	909	910	3012
pb2	910	911	3020
pb2	911	912	2995
pb2	912	913	2993
pb2	913	915	2946
pb2	915	916	2920
pb2	916	917	2940
pb2	917	918	2900
pb2	918	919	2891
pb2	919	921	2832
pb2	921	922	2828
pb2	922	923	2818
pb2	923	924	2825
pb2	924	925	2820
pb2	925	926	2812
pb2	926	927	2819
pb2	927	928	2810
pb2	928	929	2877
pb2	929	930	2881
pb2	930	931	2878
pb2	931	932	2872
pb2	932	933	2835
pb2	933	934	2818
pb2	934	935	2824
pb2	935	936	2806
pb2	936	937	2820
pb2	937	938	2768
pb2	938	939	2792
pb2	939	940	2803
pb2	940	941	2808
pb2	941	942	2801
pb2	942	943	2796
pb2	943	944	2779
pb2	944	945	2755
pb2	945	946	2788
pb2	946	947	2823
pb2	947	948	2780
pb2	948	949	2783
pb2	949	950	2777
pb2	950	951	2791
pb2	951	952	2936
pb2	952	953	2943
pb2	953	954	2945
pb2	954	955	2862
pb2	955	956	2837
pb2	956	957	2931
pb2	957	958	2921
pb2	958	959	2924
pb2	959	960	2919
pb2	960	961	2790
pb2	961	962	2803
pb2	962	963	2760
pb2	963	964	2778
pb2	964	965	2767
pb2	965	966	2667
pb2	966	967	2720
pb2	967	968	2722
pb2	968	969	2718
pb2	969	970	2716
pb2	970	971	2677
pb2	971	972	2697
pb2	972	973	2717
pb2	973	974	2713
pb2	974	975	2706
pb2	975	976	2662
pb2	976	977	2666
pb2	977	979	2679
pb2	979	980	2712
pb2	980	981	2718
pb2	981	982	2674
pb2	982	983	2652
pb2	983	984	2632
pb2	984	985	2642
pb2	985	987	2646
pb2	987	988	2628
pb2	988	989	2572
pb2	989	990	2559
pb2	990	991	2598
pb2	991	992	2560
pb2	992	993	2554
pb2	993	994	2546
pb2	994	995	2532
pb2	995	996	2526
pb2	996	997	2514
pb2	997	998	2545
pb2	998	999	2541
pb2	999	1000	2479
pb2	1000	1001	2473
pb2	1001	1002	2463
pb2	1002	1003	2446
pb2	1003	1004	2460
pb2	1004	1005	2440
pb2	1005	1006	2463
pb2	1006	1007	2414
pb2	1007	1008	2401
pb2	1008	1010	2403
pb2	1010	1011	2412
pb2	1011	1012	2389
pb2	1012	1013	2414
pb2	1013	1014	2408
pb2	1014	1015	2390
pb2	1015	1016	2338
pb2	1016	1017	2334
pb2	1017	1018	2329
pb2	1018	1019	2338
pb2	1019	1020	2330
pb2	1020	1021	2317
pb2	1021	1022	2331
pb2	1022	1023	2265
pb2	1023	1024	2259
pb2	1024	1025	2282
pb2	1025	1026	2277
pb2	1026	1027	2283
pb2	1027	1028	2302
pb2	1028	1029	2308
pb2	1029	1030	2330
pb2	1030	1031	2328
pb2	1031	1032	2325
pb2	1032	1033	2356
pb2	1033	1034	2324
pb2	1034	1035	2332
pb2	1035	1037	2320
pb2	1037	1038	2319
pb2	1038	1039	2381
pb2	1039	1040	2387
pb2	1040	1041	2378
pb2	1041	1042	2382
pb2	1042	1043	2401
pb2	1043	1044	2404
pb2	1044	1045	2399
pb2	1045	1046	2463
pb2	1046	1047	2479
pb2	1047	1048	2458
pb2	1048	1049	2429
pb2	1049	1050	2409
pb2	1050	1051	2435
pb2	1051	1052	2438
pb2	1052	1053	2434
pb2	1053	1054	2441
pb2	1054	1055	2388
pb2	1055	1056	2396
pb2	1056	1057	2415
pb2	1057	1058	2396
pb2	1058	1059	2456
pb2	1059	1060	2429
pb2	1060	1061	2438
pb2	1061	1063	2448
pb2	1063	1064	2439
pb2	1064	1065	2438
pb2	1065	1066	2424
pb2	1066	1067	2425
pb2	1067	1068	2372
pb2	1068	1069	2354
pb2	1069	1070	2351
pb2	1070	1071	2443
pb2	1071	1072	2444
pb2	1072	1073	2450
pb2	1073	1074	2451
pb2	1074	1075	2461
pb2	1075	1076	2478
pb2	1076	1077	2484
pb2	1077	1078	2482
pb2	1078	1079	2490
pb2	1079	1080	2359
pb2	1080	1081	2361
pb2	1081	1082	2362
pb2	1082	1083	2431
pb2	1083	1084	2421
pb2	1084	1085	2463
pb2	1085	1086	2460
pb2	1086	1087	2448
pb2	1087	1088	2445
pb2	1088	1089	2419
pb2	1089	1090	2417
pb2	1090	1091	2486
pb2	1091	1092	2435
pb2	1092	1093	2541
pb2	1093	1094	2527
pb2	1094	1095	2563
pb2	1095	1096	2847
pb2	1096	1097	2840
pb2	1097	1098	2854
pb2	1098	1099	2862
pb2	1099	1100	2826
pb2	1100	1101	2953
pb2	1101	1102	3167
pb2	1102	1103	4569
pb2	1103	1104	4771
pb2	1104	1105	4719
pb2	1105	1106	4803
pb2	1106	1107	4816
pb2	1107	1108	5031
pb2	1108	1109	5051
pb2	1109	1110	5036
pb2	1110	1111	5161
pb2	1111	1112	4932
pb2	1112	1113	5251
pb2	1113	1114	5235
pb2	1114	1115	5611
pb2	1115	1116	5817
pb2	1116	1117	5799
pb2	1117	1118	5960
pb2	1118	1119	5952
pb2	1119	1120	6003
pb2	1120	1121	6007
pb2	1121	1122	6150
pb2	1122	1123	6331
pb2	1123	1124	6294
pb2	1124	1125	6337
pb2	1125	1126	6398
pb2	1126	1127	6574
pb2	1127	1128	6590
pb2	1128	1129	6577
pb2	1129	1130	6623
pb2	1130	1131	6609
pb2	1131	1132	6552
pb2	1132	1133	6648
pb2	1133	1134	6666
pb2	1134	1135	6711
pb2	1135	1136	6736
pb2	1136	1137	6729
pb2	1137	1138	6728
pb2	1138	1139	6792
pb2	1139	1140	6782
pb2	1140	1141	6840
pb2	1141	1142	6844
pb2	1142	1143	6856
pb2	1143	1144	7011
pb2	1144	1145	7043
pb2	1145	1146	7082
pb2	1146	1147	7105
pb2	1147	1148	7093
pb2	1148	1149	7175
pb2	1149	1150	7163
pb2	1150	1151	7193
pb2	1151	1152	7223
pb2	1152	1153	7185
pb2	1153	1154	7160
pb2	1154	1155	7142
pb2	1155	1156	7180
pb2	1156	1157	7185
pb2	1157	1159	7116
pb2	1159	1160	7401
pb2	1160	1161	7399
pb2	1161	1162	7381
pb2	1162	1163	7411
pb2	1163	1164	7402
pb2	1164	1165	7435
pb2	1165	1166	7482
pb2	1166	1167	7452
pb2	1167	1168	7464
pb2	1168	1169	7272
pb2	1169	1170	7380
pb2	1170	1171	7371
pb2	1171	1172	7346
pb2	1172	1173	7318
pb2	1173	1174	7253
pb2	1174	1175	7663
pb2	1175	1176	7820
pb2	1176	1177	7823
pb2	1177	1178	7797
pb2	1178	1179	7789
pb2	1179	1180	7852
pb2	1180	1181	7944
pb2	1181	1182	7869
pb2	1182	1183	7892
pb2	1183	1184	7434
pb2	1184	1185	7442
pb2	1185	1186	7421
pb2	1186	1187	7659
pb2	1187	1188	7649
pb2	1188	1189	7639
pb2	1189	1190	7626
pb2	1190	1191	7586
pb2	1191	1192	7538
pb2	1192	1193	7743
pb2	1193	1194	7782
pb2	1194	1195	7827
pb2	1195	1196	7763
pb2	1196	1197	7827
pb2	1197	1198	7921
pb2	1198	1199	7912
pb2	1199	1200	7918
pb2	1200	1201	7947
pb2	1201	1202	7800
pb2	1202	1203	8111
pb2	1203	1204	8046
pb2	1204	1205	8069
pb2	1205	1206	7932
pb2	1206	1207	7912
pb2	1207	1208	7883
pb2	1208	1209	7815
pb2	1209	1210	7769
pb2	1210	1211	7778
pb2	1211	1212	7602
pb2	1212	1213	7607
pb2	1213	1214	7564
pb2	1214	1215	7708
pb2	1215	1216	7795
pb2	1216	1217	8116
pb2	1217	1218	8092
pb2	1218	1219	8163
pb2	1219	1220	8211
pb2	1220	1221	8283
pb2	1221	1222	8601
pb2	1222	1223	8654
pb2	1223	1224	8551
pb2	1224	1225	8547
pb2	1225	1226	8305
pb2	1226	1227	8364
pb2	1227	1228	8382
pb2	1228	1229	8398
pb2	1229	1230	8370
pb2	1230	1231	8392
pb2	1231	1232	8445
pb2	1232	1233	8522
pb2	1233	1234	8854
pb2	1234	1235	8852
pb2	1235	1236	8918
pb2	1236	1237	8896
pb2	1237	1238	9055
pb2	1238	1239	9113
pb2	1239	1240	9074
pb2	1240	1241	9442
pb2	1241	1242	9434
pb2	1242	1243	9627
pb2	1243	1244	9543
pb2	1244	1245	9480
pb2	1245	1246	9491
pb2	1246	1247	9356
pb2	1247	1248	9447
pb2	1248	1249	9478
pb2	1249	1250	9284
pb2	1250	1251	9352
pb2	1251	1252	9230
pb2	1252	1253	9272
pb2	1253	1254	8976
pb2	1254	1255	8963
pb2	1255	1256	9151
pb2	1256	1257	9795
pb2	1257	1258	9909
pb2	1258	1259	9843
pb2	1259	1260	9779
pb2	1260	1261	9754
pb2	1261	1262	9741
pb2	1262	1263	9748
pb2	1263	1264	9691
pb2	1264	1265	9636
pb2	1265	1266	9289
pb2	1266	1267	9534
pb2	1267	1268	9548
pb2	1268	1269	9517
pb2	1269	1270	9589
pb2	1270	1271	9584
pb2	1271	1272	9649
pb2	1272	1273	9625
pb2	1273	1274	9646
pb2	1274	1275	9610
pb2	1275	1276	9739
pb2	1276	1277	9849
pb2	1277	1278	9884
pb2	1278	1279	9914
pb2	1279	1280	9886
pb2	1280	1281	10000
pb2	1281	1282	10027
pb2	1282	1283	10000
pb2	1283	1284	9994
pb2	1284	1285	9927
pb2	1285	1286	9946
pb2	1286	1287	10064
pb2	1287	1288	10091
pb2	1288	1289	10124
pb2	1289	1290	10199
pb2	1290	1291	10151
pb2	1291	1292	10107
pb2	1292	1293	10104
pb2	1293	1294	10060
pb2	1294	1295	10125
pb2	1295	1296	10288
pb2	1296	1297	10358
pb2	1297	1298	10316
pb2	1298	1299	10297
pb2	1299	1300	10277
pb2	1300	1301	10278
pb2	1301	1302	10306
pb2	1302	1303	10314
pb2	1303	1304	10189
pb2	1304	1305	10179
pb2	1305	1306	10205
pb2	1306	1307	10206
pb2	1307	1308	10333
pb2	1308	1309	10211
pb2	1309	1310	10169
pb2	1310	1311	10236
pb2	1311	1312	10184
pb2	1312	1313	10426
pb2	1313	1314	10409
pb2	1314	1315	10457
pb2	1315	1316	10494
pb2	1316	1317	10299
pb2	1317	1318	10290
pb2	1318	1319	10291
pb2	1319	1320	10333
pb2	1320	1321	10359
pb2	1321	1322	10127
pb2	1322	1323	10115
pb2	1323	1324	10111
pb2	1324	1325	9911
pb2	1325	1326	10092
pb2	1326	1327	10113
pb2	1327	1328	10135
pb2	1328	1329	10226
pb2	1329	1330	10175
pb2	1330	1331	10185
pb2	1331	1332	10142
pb2	1332	1333	10094
pb2	1333	1334	10074
pb2	1334	1335	9632
pb2	1335	1336	9630
pb2	1336	1337	9427
pb2	1337	1338	10030
pb2	1338	1339	9956
pb2	1339	1340	10066
pb2	1340	1341	10097
pb2	1341	1342	10077
pb2	1342	1343	10075
pb2	1343	1344	10089
pb2	1344	1345	10072
pb2	1345	1346	10051
pb2	1346	1347	9879
pb2	1347	1348	9235
pb2	1348	1349	9570
pb2	1349	1350	9593
pb2	1350	1351	9619
pb2	1351	1352	9751
pb2	1352	1353	9739
pb2	1353	1354	9718
pb2	1354	1355	9732
pb2	1355	1356	9593
pb2	1356	1357	9624
pb2	1357	1358	9475
pb2	1358	1359	9547
pb2	1359	1360	9562
pb2	1360	1361	9476
pb2	1361	1362	9524
pb2	1362	1363	9604
pb2	1363	1364	9680
pb2	1364	1365	9691
pb2	1365	1366	9676
pb2	1366	1367	9660
pb2	1367	1368	9756
pb2	1368	1369	9870
pb2	1369	1370	9915
pb2	1370	1371	9790
pb2	1371	1372	9762
pb2	1372	1373	9736
pb2	1373	1374	9743
pb2	1374	1375	9742
pb2	1375	1376	9821
pb2	1376	1377	9835
pb2	1377	1378	9856
pb2	1378	1379	9864
pb2	1379	1380	9881
pb2	1380	1381	9931
pb2	1381	1382	9835
pb2	1382	1383	10006
pb2	1383	1384	10057
pb2	1384	1385	10095
pb2	1385	1386	10083
pb2	1386	1387	10050
pb2	1387	1388	10158
pb2	1388	1389	10142
pb2	1389	1390	10192
pb2	1390	1391	10093
pb2	1391	1392	10115
pb2	1392	1393	9788
pb2	1393	1394	9883
pb2	1394	1395	9859
pb2	1395	1396	9985
pb2	1396	1397	9909
pb2	1397	1398	9980
pb2	1398	1399	9941
pb2	1399	1400	9909
pb2	1400	1401	9945
pb2	1401	1402	9982
pb2	1402	1403	9989
pb2	1403	1404	9894
pb2	1404	1405	9822
pb2	1405	1406	9718
pb2	1406	1407	9770
pb2	1407	1408	9653
pb2	1408	1409	9667
pb2	1409	1410	9669
pb2	1410	1411	9643
pb2	1411	1412	9970
pb2	1412	1413	10006
pb2	1413	1414	10069
pb2	1414	1415	10071
pb2	1415	1416	9890
pb2	1416	1417	9920
pb2	1417	1418	9904
pb2	1418	1419	10060
pb2	1419	1420	10077
pb2	1420	1421	9960
pb2	1421	1422	9828
pb2	1422	1423	9852
pb2	1423	1424	10026
pb2	1424	1425	10053
pb2	1425	1426	10063
pb2	1426	1427	9929
pb2	1427	1428	9873
pb2	1428	1429	9947
pb2	1429	1430	10067
pb2	1430	1431	10090
pb2	1431	1432	10091
pb2	1432	1433	9980
pb2	1433	1434	10000
pb2	1434	1435	10030
pb2	1435	1436	10736
pb2	1436	1437	10745
pb2	1437	1438	10787
pb2	1438	1439	10720
pb2	1439	1440	10644
pb2	1440	1441	10668
pb2	1441	1442	10740
pb2	1442	1443	10860
pb2	1443	1444	10998
pb2	1444	1445	10199
pb2	1445	1446	10227
pb2	1446	1447	10356
pb2	1447	1448	10467
pb2	1448	1449	10494
pb2	1449	1450	10507
pb2	1450	1451	10452
pb2	1451	1452	10481
pb2	1452	1453	10322
pb2	1453	1454	10448
pb2	1454	1455	10546
pb2	1455	1456	10421
pb2	1456	1457	10724
pb2	1457	1458	10714
pb2	1458	1459	10692
pb2	1459	1460	10706
pb2	1460	1461	10702
pb2	1461	1462	10636
pb2	1462	1463	10623
pb2	1463	1464	10463
pb2	1464	1465	10530
pb2	1465	1466	10268
pb2	1466	1467	10424
pb2	1467	1468	10432
pb2	1468	1469	10515
pb2	1469	1470	10503
pb2	1470	1471	10447
pb2	1471	1472	10375
pb2	1472	1473	10486
pb2	1473	1474	10462
pb2	1474	1475	10443
pb2	1475	1476	10315
pb2	1476	1477	10314
pb2	1477	1478	10483
pb2	1478	1479	10278
pb2	1479	1480	10315
pb2	1480	1481	10318
pb2	1481	1482	10155
pb2	1482	1483	10437
pb2	1483	1484	10454
pb2	1484	1485	10478
pb2	1485	1486	10633
pb2	1486	1487	10404
pb2	1487	1488	10427
pb2	1488	1489	10280
pb2	1489	1490	10237
pb2	1490	1491	12004
pb2	1491	1492	11795
pb2	1492	1493	12059
pb2	1493	1494	12049
pb2	1494	1495	11917
pb2	1495	1496	12344
pb2	1496	1497	12343
pb2	1497	1498	12324
pb2	1498	1499	12305
pb2	1499	1500	10882
pb2	1500	1501	10954
pb2	1501	1502	10800
pb2	1502	1503	10846
pb2	1503	1504	10833
pb2	1504	1505	10840
pb2	1505	1506	10881
pb2	1506	1507	10934
pb2	1507	1508	11033
pb2	1508	1509	11088
pb2	1509	1510	11544
pb2	1510	1511	11492
pb2	1511	1512	11624
pb2	1512	1513	11639
pb2	1513	1514	12034
pb2	1514	1515	12084
pb2	1515	1516	12020
pb2	1516	1517	12086
pb2	1517	1518	12170
pb2	1518	1519	11822
pb2	1519	1520	11804
pb2	1520	1521	11645
pb2	1521	1522	11629
pb2	1522	1523	11645
pb2	1523	1524	11661
pb2	1524	1525	11653
pb2	1525	1526	11641
pb2	1526	1527	11931
pb2	1527	1528	12098
pb2	1528	1529	12167
pb2	1529	1530	12216
pb2	1530	1531	12262
pb2	1531	1532	12254
pb2	1532	1533	12256
pb2	1533	1534	12267
pb2	1534	1535	12286
pb2	1535	1536	12016
pb2	1536	1537	12146
pb2	1537	1538	12145
pb2	1538	1539	12185
pb2	1539	1540	12270
pb2	1540	1541	12269
pb2	1541	1542	12274
pb2	1542	1543	12244
pb2	1543	1544	12152
pb2	1544	1545	12220
pb2	1545	1546	12113
pb2	1546	1547	12008
pb2	1547	1548	11772
pb2	1548	1549	11822
pb2	1549	1550	11810
pb2	1550	1551	11718
pb2	1551	1552	11734
pb2	1552	1553	11783
pb2	1553	1554	11824
pb2	1554	1555	11689
pb2	1555	1556	11872
pb2	1556	1557	11875
pb2	1557	1558	12336
pb2	1558	1559	12330
pb2	1559	1560	12245
pb2	1560	1561	12251
pb2	1561	1562	12151
pb2	1562	1563	12231
pb2	1563	1564	12224
pb2	1564	1565	11898
pb2	1565	1566	11913
pb2	1566	1567	11434
pb2	1567	1568	11546
pb2	1568	1569	11471
pb2	1569	1570	11522
pb2	1570	1571	11533
pb2	1571	1572	11479
pb2	1572	1573	11487
pb2	1573	1574	11477
pb2	1574	1575	11419
pb2	1575	1576	11434
pb2	1576	1577	11317
pb2	1577	1578	11394
pb2	1578	1579	11389
pb2	1579	1580	11303
pb2	1580	1581	11320
pb2	1581	1582	11272
pb2	1582	1583	11320
pb2	1583	1584	11349
pb2	1584	1585	11334
pb2	1585	1586	11295
pb2	1586	1587	11135
pb2	1587	1588	11183
pb2	1588	1589	11283
pb2	1589	1590	11214
pb2	1590	1591	11235
pb2	1591	1592	11155
pb2	1592	1593	11153
pb2	1593	1594	11147
pb2	1594	1595	11439
pb2	1595	1596	11472
pb2	1596	1597	11371
pb2	1597	1598	11370
pb2	1598	1599	11216
pb2	1599	1600	11255
pb2	1600	1601	11344
pb2	1601	1602	11391
pb2	1602	1603	11324
pb2	1603	1604	10903
pb2	1604	1605	10835
pb2	1605	1606	10780
pb2	1606	1607	10703
pb2	1607	1608	10760
pb2	1608	1609	10631
pb2	1609	1610	10649
pb2	1610	1611	10591
pb2	1611	1612	10571
pb2	1612	1613	10592
pb2	1613	1614	10738
pb2	1614	1616	10689
pb2	1616	1617	10627
pb2	1617	1618	10616
pb2	1618	1619	10635
pb2	1619	1620	10662
pb2	1620	1621	10675
pb2	1621	1622	10634
pb2	1622	1623	10474
pb2	1623	1624	10385
pb2	1624	1625	10361
pb2	1625	1626	10363
pb2	1626	1627	10497
pb2	1627	1628	10434
pb2	1628	1629	10408
pb2	1629	1630	10418
pb2	1630	1631	10459
pb2	1631	1632	10423
pb2	1632	1633	10395
pb2	1633	1634	10244
pb2	1634	1635	10254
pb2	1635	1636	9999
pb2	1636	1637	9924
pb2	1637	1638	9966
pb2	1638	1639	9940
pb2	1639	1640	9755
pb2	1640	1641	9723
pb2	1641	1642	9228
pb2	1642	1643	9195
pb2	1643	1644	9186
pb2	1644	1645	9139
pb2	1645	1646	9129
pb2	1646	1647	8987
pb2	1647	1648	9006
pb2	1648	1649	9167
pb2	1649	1650	9054
pb2	1650	1651	9039
pb2	1651	1652	9019
pb2	1652	1653	8936
pb2	1653	1654	9507
pb2	1654	1655	10027
pb2	1655	1656	10046
pb2	1656	1657	9979
pb2	1657	1658	9730
pb2	1658	1659	9576
pb2	1659	1660	9864
pb2	1660	1661	9836
pb2	1661	1662	9922
pb2	1662	1663	9287
pb2	1663	1664	7851
pb2	1664	1665	8175
pb2	1665	1666	8311
pb2	1666	1667	8307
pb2	1667	1668	8386
pb2	1668	1669	8121
pb2	1669	1670	8619
pb2	1670	1671	8630
pb2	1671	1672	8794
pb2	1672	1673	8850
pb2	1673	1674	8465
pb2	1674	1675	8536
pb2	1675	1676	8581
pb2	1676	1677	8623
pb2	1677	1678	8560
pb2	1678	1679	8019
pb2	1679	1680	8108
pb2	1680	1681	8030
pb2	1681	1682	8078
pb2	1682	1683	8157
pb2	1683	1684	8163
pb2	1684	1685	8162
pb2	1685	1686	8106
pb2	1686	1687	8288
pb2	1687	1688	8283
pb2	1688	1689	8264
pb2	1689	1690	8172
pb2	1690	1691	8188
pb2	1691	1692	8184
pb2	1692	1693	8180
pb2	1693	1694	8160
pb2	1694	1695	8200
pb2	1695	1696	8057
pb2	1696	1697	8066
pb2	1697	1698	8070
pb2	1698	1699	8086
pb2	1699	1700	8058
pb2	1700	1701	8042
pb2	1701	1702	8033
pb2	1702	1703	8038
pb2	1703	1704	7941
pb2	1704	1705	7982
pb2	1705	1706	7986
pb2	1706	1707	7940
pb2	1707	1708	7908
pb2	1708	1709	7849
pb2	1709	1710	7823
pb2	1710	1711	7838
pb2	1711	1712	7791
pb2	1712	1713	7777
pb2	1713	1714	7741
pb2	1714	1715	7682
pb2	1715	1716	7677
pb2	1716	1717	7705
pb2	1717	1718	7807
pb2	1718	1719	7798
pb2	1719	1720	7753
pb2	1720	1721	7817
pb2	1721	1722	7847
pb2	1722	1723	7915
pb2	1723	1724	7911
pb2	1724	1725	7947
pb2	1725	1726	7976
pb2	1726	1727	7922
pb2	1727	1728	7926
pb2	1728	1729	7936
pb2	1729	1730	8116
pb2	1730	1731	8122
pb2	1731	1732	8048
pb2	1732	1733	8081
pb2	1733	1734	7957
pb2	1734	1735	8344
pb2	1735	1736	8185
pb2	1736	1737	8277
pb2	1737	1738	8287
pb2	1738	1739	7613
pb2	1739	1740	8271
pb2	1740	1741	8229
pb2	1741	1742	8200
pb2	1742	1743	8273
pb2	1743	1744	7653
pb2	1744	1745	7919
pb2	1745	1746	7661
pb2	1746	1747	7644
pb2	1747	1748	7594
pb2	1748	1749	7189
pb2	1749	1750	7146
pb2	1750	1751	7107
pb2	1751	1752	7059
pb2	1752	1753	7147
pb2	1753	1754	7018
pb2	1754	1755	7156
pb2	1755	1756	7118
pb2	1756	1757	7127
pb2	1757	1758	7106
pb2	1758	1759	7111
pb2	1759	1760	7173
pb2	1760	1761	7170
pb2	1761	1762	7191
pb2	1762	1763	7156
pb2	1763	1764	7312
pb2	1764	1765	7383
pb2	1765	1766	7405
pb2	1766	1767	7422
pb2	1767	1768	7407
pb2	1768	1769	7384
pb2	1769	1770	7405
pb2	1770	1771	7452
pb2	1771	1772	7570
pb2	1772	1773	7506
pb2	1773	1774	7499
pb2	1774	1775	7484
pb2	1775	1776	7512
pb2	1776	1777	7572
pb2	1777	1778	7551
pb2	1778	1779	7938
pb2	1779	1780	7925
pb2	1780	1781	7890
pb2	1781	1782	7888
pb2	1782	1783	7909
pb2	1783	1784	7905
pb2	1784	1785	7902
pb2	1785	1786	7896
pb2	1786	1787	7874
pb2	1787	1788	7699
pb2	1788	1789	7740
pb2	1789	1790	7759
pb2	1790	1791	7724
pb2	1791	1792	7710
pb2	1792	1793	7736
pb2	1793	1794	7786
pb2	1794	1795	8465
pb2	1795	1796	8635
pb2	1796	1797	8620
pb2	1797	1798	8707
pb2	1798	1799	8651
pb2	1799	1800	9099
pb2	1800	1801	9138
pb2	1801	1802	9090
pb2	1802	1803	9144
pb2	1803	1804	8317
pb2	1804	1805	8235
pb2	1805	1806	8079
pb2	1806	1807	8204
pb2	1807	1808	8228
pb2	1808	1809	8161
pb2	1809	1810	8035
pb2	1810	1811	8185
pb2	1811	1812	8353
pb2	1812	1813	8370
pb2	1813	1814	8372
pb2	1814	1815	8387
pb2	1815	1816	8381
pb2	1816	1817	8427
pb2	1817	1818	8422
pb2	1818	1819	8402
pb2	1819	1820	8442
pb2	1820	1821	8318
pb2	1821	1822	8579
pb2	1822	1823	8573
pb2	1823	1824	8842
pb2	1824	1825	8850
pb2	1825	1826	8833
pb2	1826	1827	8864
pb2	1827	1828	8901
pb2	1828	1829	8825
pb2	1829	1830	8842
pb2	1830	1831	8838
pb2	1831	1832	8756
pb2	1832	1833	8670
pb2	1833	1834	8682
pb2	1834	1835	8779
pb2	1835	1836	8787
pb2	1836	1837	8748
pb2	1837	1838	8784
pb2	1838	1839	8802
pb2	1839	1840	8832
pb2	1840	1841	8994
pb2	1841	1842	9000
pb2	1842	1843	9139
pb2	1843	1844	9138
pb2	1844	1845	9295
pb2	1845	1846	9291
pb2	1846	1847	9240
pb2	1847	1848	9253
pb2	1848	1849	9230
pb2	1849	1850	9251
pb2	1850	1851	9255
pb2	1851	1852	9135
pb2	1852	1853	9288
pb2	1853	1854	9620
pb2	1854	1855	9608
pb2	1855	1856	9603
pb2	1856	1857	9602
pb2	1857	1858	9591
pb2	1858	1859	9628
pb2	1859	1860	9614
pb2	1860	1861	9513
pb2	1861	1862	9622
pb2	1862	1863	9130
pb2	1863	1864	9645
pb2	1864	1865	9631
pb2	1865	1866	9684
pb2	1866	1867	9706
pb2	1867	1868	9605
pb2	1868	1869	9653
pb2	1869	1870	9676
pb2	1870	1871	10041
pb2	1871	1872	9933
pb2	1872	1873	9446
pb2	1873	1874	9440
pb2	1874	1875	9392
pb2	1875	1876	9397
pb2	1876	1877	9326
pb2	1877	1878	9215
pb2	1878	1879	9194
pb2	1879	1880	8842
pb2	1880	1881	8853
pb2	1881	1882	8824
pb2	1882	1883	8816
pb2	1883	1884	9047
pb2	1884	1885	8946
pb2	1885	1887	9015
pb2	1887	1888	9002
pb2	1888	1889	9029
pb2	1889	1890	8995
pb2	1890	1891	8911
pb2	1891	1892	8937
pb2	1892	1893	8879
pb2	1893	1894	8883
pb2	1894	1895	8828
pb2	1895	1896	8822
pb2	1896	1897	8886
pb2	1897	1898	8869
pb2	1898	1899	8867
pb2	1899	1900	8915
pb2	1900	1901	8902
pb2	1901	1902	8858
pb2	1902	1903	8862
pb2	1903	1904	8871
pb2	1904	1905	8855
pb2	1905	1906	8957
pb2	1906	1907	8987
pb2	1907	1908	9042
pb2	1908	1909	9059
pb2	1909	1910	9025
pb2	1910	1911	9146
pb2	1911	1912	9113
pb2	1912	1913	9215
pb2	1913	1914	9220
pb2	1914	1915	9003
pb2	1915	1916	9038
pb2	1916	1917	9026
pb2	1917	1918	9214
pb2	1918	1919	9210
pb2	1919	1920	9110
pb2	1920	1921	9158
pb2	1921	1922	9017
pb2	1922	1923	9164
pb2	1923	1924	9154
pb2	1924	1925	9288
pb2	1925	1926	9286
pb2	1926	1927	9158
pb2	1927	1928	9226
pb2	1928	1929	9151
pb2	1929	1930	9071
pb2	1930	1931	9147
pb2	1931	1932	9069
pb2	1932	1933	9115
pb2	1933	1934	8985
pb2	1934	1935	9053
pb2	1935	1936	9045
pb2	1936	1937	9276
pb2	1937	1938	9232
pb2	1938	1939	9268
pb2	1939	1940	9206
pb2	1940	1941	9236
pb2	1941	1942	9227
pb2	1942	1943	9279
pb2	1943	1944	9262
pb2	1944	1945	9182
pb2	1945	1946	8832
pb2	1946	1947	8848
pb2	1947	1948	8744
pb2	1948	1949	8748
pb2	1949	1950	8686
pb2	1950	1951	8635
pb2	1951	1952	8926
pb2	1952	1953	8966
pb2	1953	1954	8988
pb2	1954	1955	9010
pb2	1955	1956	9006
pb2	1956	1957	9301
pb2	1957	1958	9328
pb2	1958	1959	9298
pb2	1959	1960	9247
pb2	1960	1961	9157
pb2	1961	1962	9174
pb2	1962	1963	9164
pb2	1963	1964	9328
pb2	1964	1965	9302
pb2	1965	1966	9082
pb2	1966	1967	9063
pb2	1967	1968	9081
pb2	1968	1969	9082
pb2	1969	1970	8769
pb2	1970	1971	9084
pb2	1971	1972	9115
pb2	1972	1973	8860
pb2	1973	1974	8834
pb2	1974	1975	8677
pb2	1975	1976	8715
pb2	1976	1977	8691
pb2	1977	1978	8682
pb2	1978	1979	8683
pb2	1979	1980	8571
pb2	1980	1981	8468
pb2	1981	1982	8851
pb2	1982	1983	8906
pb2	1983	1984	8953
pb2	1984	1985	9051
pb2	1985	1986	8980
pb2	1986	1987	9036
pb2	1987	1988	9023
pb2	1988	1989	8938
pb2	1989	1990	9042
pb2	1990	1991	8710
pb2	1991	1992	8908
pb2	1992	1993	8926
pb2	1993	1994	8869
pb2	1994	1995	9010
pb2	1995	1996	8999
pb2	1996	1997	9159
pb2	1997	1998	9154
pb2	1998	1999	9210
pb2	1999	2000	9369
pb2	2000	2001	9426
pb2	2001	2002	9347
pb2	2002	2003	9295
pb2	2003	2004	9182
pb2	2004	2005	9050
pb2	2005	2006	8932
pb2	2006	2007	8964
pb2	2007	2008	9072
pb2	2008	2009	9132
pb2	2009	2010	9058
pb2	2010	2011	9097
pb2	2011	2012	9225
pb2	2012	2014	9200
pb2	2014	2015	9094
pb2	2015	2016	9128
pb2	2016	2017	8966
pb2	2017	2018	9088
pb2	2018	2019	9151
pb2	2019	2020	9014
pb2	2020	2021	8996
pb2	2021	2022	9084
pb2	2022	2023	9060
pb2	2023	2024	9076
pb2	2024	2025	9039
pb2	2025	2026	9220
pb2	2026	2027	9125
pb2	2027	2028	9159
pb2	2028	2029	9265
pb2	2029	2030	9246
pb2	2030	2031	9283
pb2	2031	2032	9276
pb2	2032	2033	9363
pb2	2033	2034	9418
pb2	2034	2035	9224
pb2	2035	2036	9205
pb2	2036	2037	9150
pb2	2037	2038	9204
pb2	2038	2039	9274
pb2	2039	2040	9267
pb2	2040	2041	9278
pb2	2041	2042	9222
pb2	2042	2043	9176
pb2	2043	2044	9207
pb2	2044	2045	9258
pb2	2045	2046	9298
pb2	2046	2047	9256
pb2	2047	2048	9433
pb2	2048	2049	9443
pb2	2049	2050	9467
pb2	2050	2051	9439
pb2	2051	2052	9422
pb2	2052	2053	9391
pb2	2053	2054	9447
pb2	2054	2055	9315
pb2	2055	2056	9287
pb2	2056	2057	9126
pb2	2057	2058	9113
pb2	2058	2059	9141
pb2	2059	2060	9167
pb2	2060	2061	9189
pb2	2061	2062	9083
pb2	2062	2063	9043
pb2	2063	2064	9022
pb2	2064	2065	9214
pb2	2065	2066	9289
pb2	2066	2067	9316
pb2	2067	2068	9328
pb2	2068	2069	9095
pb2	2069	2070	9094
pb2	2070	2071	9172
pb2	2071	2072	9227
pb2	2072	2073	9239
pb2	2073	2074	9079
pb2	2074	2075	9136
pb2	2075	2076	9101
pb2	2076	2077	9265
pb2	2077	2078	9328
pb2	2078	2079	9295
pb2	2079	2080	9473
pb2	2080	2081	9528
pb2	2081	2082	9510
pb2	2082	2083	9550
pb2	2083	2084	9338
pb2	2084	2085	9382
pb2	2085	2086	9341
pb2	2086	2087	9033
pb2	2087	2088	9047
pb2	2088	2089	8837
pb2	2089	2090	8943
pb2	2090	2091	8940
pb2	2091	2092	8999
pb2	2092	2093	8938
pb2	2093	2094	8883
pb2	2094	2095	9137
pb2	2095	2096	9066
pb2	2096	2097	9124
pb2	2097	2098	9157
pb2	2098	2099	9060
pb2	2099	2100	9063
pb2	2100	2101	8984
pb2	2101	2102	8980
pb2	2102	2103	8892
pb2	2103	2104	8618
pb2	2104	2105	8646
pb2	2105	2106	8617
pb2	2106	2107	8710
pb2	2107	2108	8708
pb2	2108	2109	8780
pb2	2109	2110	8693
pb2	2110	2111	8683
pb2	2111	2112	8696
pb2	2112	2113	8672
pb2	2113	2114	8632
pb2	2114	2115	8606
pb2	2115	2116	8588
pb2	2116	2117	8497
pb2	2117	2118	8473
pb2	2118	2119	8448
pb2	2119	2120	8444
pb2	2120	2121	8342
pb2	2121	2122	8285
pb2	2122	2123	8299
pb2	2123	2124	8294
pb2	2124	2125	8394
pb2	2125	2126	8397
pb2	2126	2127	8382
pb2	2127	2128	8397
pb2	2128	2129	8381
pb2	2129	2130	8460
pb2	2130	2131	8429
pb2	2131	2132	8424
pb2	2132	2133	8340
pb2	2133	2134	8286
pb2	2134	2135	8361
pb2	2135	2136	8301
pb2	2136	2137	8181
pb2	2137	2138	8164
pb2	2138	2139	8055
pb2	2139	2140	8072
pb2	2140	2141	8550
pb2	2141	2142	8446
pb2	2142	2143	8252
pb2	2143	2144	8191
pb2	2144	2145	8026
pb2	2145	2146	8165
pb2	2146	2147	8124
pb2	2147	2148	8073
pb2	2148	2149	8057
pb2	2149	2150	7077
pb2	2150	2151	7179
pb2	2151	2152	7136
pb2	2152	2153	7193
pb2	2153	2154	7210
pb2	2154	2155	7015
pb2	2155	2156	7181
pb2	2156	2157	7194
pb2	2157	2158	7198
pb2	2158	2159	7186
pb2	2159	2160	6926
pb2	2160	2161	6990
pb2	2161	2162	6819
pb2	2162	2163	6830
pb2	2163	2164	6842
pb2	2164	2165	6610
pb2	2165	2166	6672
pb2	2166	2167	6661
pb2	2167	2168	6675
pb2	2168	2169	6669
pb2	2169	2170	6503
pb2	2170	2171	6548
pb2	2171	2172	6470
pb2	2172	2173	6453
pb2	2173	2174	6456
pb2	2174	2175	6519
pb2	2175	2176	6541
pb2	2176	2177	6510
pb2	2177	2178	6503
pb2	2178	2179	6500
pb2	2179	2180	6273
pb2	2180	2181	6347
pb2	2181	2182	6325
pb2	2182	2183	6330
pb2	2183	2184	6151
pb2	2184	2185	6169
pb2	2185	2186	6161
pb2	2186	2187	6205
pb2	2187	2188	6214
pb2	2188	2189	6186
pb2	2189	2190	6124
pb2	2190	2191	6196
pb2	2191	2192	6213
pb2	2192	2193	6151
pb2	2193	2194	6083
pb2	2194	2195	6085
pb2	2195	2196	6019
pb2	2196	2197	6099
pb2	2197	2198	5830
pb2	2198	2199	5724
pb2	2199	2200	5706
pb2	2200	2201	5643
pb2	2201	2202	5625
pb2	2202	2203	5601
pb2	2203	2204	5575
pb2	2204	2205	5514
pb2	2205	2206	5310
pb2	2206	2207	5229
pb2	2207	2208	5236
pb2	2208	2209	5220
pb2	2209	2210	5184
pb2	2210	2211	5111
pb2	2211	2212	5137
pb2	2212	2213	5167
pb2	2213	2214	5152
pb2	2214	2215	5041
pb2	2215	2216	4928
pb2	2216	2217	4922
pb2	2217	2218	4923
pb2	2218	2219	4884
pb2	2219	2220	4929
pb2	2220	2221	5006
pb2	2221	2222	4843
pb2	2222	2223	4981
pb2	2223	2224	4880
pb2	2224	2225	4958
pb2	2225	2226	5049
pb2	2226	2227	5068
pb2	2227	2228	4976
pb2	2228	2229	5066
pb2	2229	2230	4940
pb2	2230	2231	4893
pb2	2231	2232	4914
pb2	2232	2234	4916
pb2	2234	2235	4888
pb2	2235	2236	4883
pb2	2236	2237	4876
pb2	2237	2238	4892
pb2	2238	2239	4879
pb2	2239	2240	4865
pb2	2240	2241	4849
pb2	2241	2242	4863
pb2	2242	2243	4856
pb2	2243	2244	4880
pb2	2244	2245	4877
pb2	2245	2246	4801
pb2	2246	2247	4808
pb2	2247	2248	4740
pb2	2248	2249	4903
pb2	2249	2250	4898
pb2	2250	2251	4922
pb2	2251	2252	4943
pb2	2252	2253	4848
pb2	2253	2254	4834
pb2	2254	2255	4833
pb2	2255	2256	4703
pb2	2256	2257	4742
pb2	2257	2258	4238
pb2	2258	2259	4241
pb2	2259	2260	4178
pb2	2260	2261	4166
pb2	2261	2262	4122
pb2	2262	2263	4120
pb2	2263	2264	4037
pb2	2264	2265	4061
pb2	2265	2266	3865
pb2	2266	2267	3894
pb2	2267	2268	3888
pb2	2268	2269	3890
pb2	2269	2270	3866
pb2	2270	2271	3865
pb2	2271	2272	3845
pb2	2272	2273	3848
pb2	2273	2274	3683
pb2	2274	2275	3677
pb2	2275	2276	3531
pb2	2276	2277	3530
pb2	2277	2279	3509
pb2	2279	2280	3497
pb2	2280	2281	3482
pb2	2281	2282	3475
pb2	2282	2283	3477
pb2	2283	2284	3470
pb2	2284	2285	3466
pb2	2285	2286	3308
pb2	2286	2287	3288
pb2	2287	2289	3280
pb2	2289	2290	3278
pb2	2290	2291	3219
pb2	2291	2292	3161
pb2	2292	2293	3151
pb2	2293	2294	3037
pb2	2294	2295	3034
pb2	2295	2296	3018
pb2	2296	2297	2993
pb2	2297	2298	2982
pb2	2298	2299	2968
pb2	2299	2300	2952
pb2	2300	2301	2924
pb2	2301	2302	2917
pb2	2302	2303	2911
pb2	2303	2304	2856
pb2	2304	2305	2723
pb2	2305	2306	2462
pb2	2306	2307	2439
pb2	2307	2308	2270
pb2	2308	2309	2259
pb2	2309	2310	2193
pb2	2310	2311	2057
pb2	2311	2312	2052
pb2	2312	2313	2047
pb2	2313	2314	2035
pb2	2314	2315	2026
pb2	2315	2316	1741
pb2	2316	2317	1733
pb2	2317	2318	1673
pb2	2318	2320	1671
pb2	2320	2321	1646
pb2	2321	2322	1644
pb2	2322	2323	1641
pb2	2323	2324	1624
pb2	2324	2325	1606
pb2	2325	2326	1135
pb2	2326	2327	1119
pb2	2327	2328	1103
pb2	2328	2329	1102
pb2	2329	2330	1099
pb2	2330	2331	1089
pb2	2331	2332	1080
pb2	2332	2333	1079
pb2	2333	2334	1073
pb2	2334	2335	1062
pb2	2335	2336	1054
pb2	2336	2337	894
pb2	2337	2338	852
pb2	2338	2339	838
pb2	2339	2340	825
pb2	2340	2341	165
pa	0	1	2982
pa	1	2	3499
pa	2	3	3519
pa	3	4	3609
pa	4	5	3894
pa	5	6	3971
pa	6	7	4642
pa	7	8	4681
pa	8	9	4739
pa	9	10	4747
pa	10	11	4813
pa	11	12	4916
pa	12	13	4963
pa	13	14	4978
pa	14	15	4997
pa	15	16	5034
pa	16	17	5137
pa	17	18	5191
pa	18	19	5204
pa	19	20	5225
pa	20	21	5247
pa	21	22	5258
pa	22	23	5349
pa	23	24	5374
pa	24	25	5459
pa	25	26	5471
pa	26	27	5540
pa	27	28	5561
pa	28	29	5571
pa	29	30	5580
pa	30	31	5623
pa	31	32	5726
pa	32	33	5733
pa	33	34	5753
pa	34	35	5820
pa	35	36	5829
pa	36	37	5868
pa	37	38	5874
pa	38	39	5884
pa	39	40	5932
pa	40	41	5946
pa	41	42	6107
pa	42	43	6163
pa	43	44	6173
pa	44	45	6204
pa	45	46	6241
pa	46	47	6451
pa	47	48	6600
pa	48	49	6609
pa	49	50	6617
pa	50	51	6624
pa	51	52	6644
pa	52	53	6963
pa	53	54	6981
pa	54	55	6982
pa	55	56	6948
pa	56	57	6911
pa	57	58	6915
pa	58	59	6962
pa	59	60	6973
pa	60	61	6976
pa	61	62	6910
pa	62	63	6912
pa	63	64	6921
pa	64	65	6945
pa	65	66	6931
pa	66	67	6919
pa	67	68	6980
pa	68	69	6984
pa	69	70	6967
pa	70	71	6939
pa	71	72	6940
pa	72	73	6950
pa	73	74	6959
pa	74	75	6974
pa	75	76	6980
pa	76	77	6956
pa	77	78	6935
pa	78	79	6913
pa	79	80	6919
pa	80	81	6856
pa	81	82	6913
pa	82	83	6997
pa	83	84	6950
pa	84	85	6985
pa	85	86	6983
pa	86	87	7115
pa	87	88	7126
pa	88	89	7071
pa	89	90	7288
pa	90	91	7548
pa	91	92	7563
pa	92	93	7785
pa	93	94	7797
pa	94	95	7824
pa	95	96	7877
pa	96	97	7898
pa	97	98	7947
pa	98	99	7855
pa	99	100	7796
pa	100	101	7742
pa	101	102	7579
pa	102	103	7622
pa	103	104	7545
pa	104	105	7556
pa	105	106	7587
pa	106	107	7573
pa	107	108	7552
pa	108	109	7523
pa	109	110	7497
pa	110	111	7570
pa	111	112	7520
pa	112	113	7503
pa	113	114	7477
pa	114	115	7439
pa	115	116	7401
pa	116	117	7388
pa	117	118	7398
pa	118	119	7432
pa	119	120	7365
pa	120	121	7331
pa	121	122	7227
pa	122	123	7244
pa	123	124	7259
pa	124	125	7260
pa	125	126	7221
pa	126	127	7209
pa	127	128	7222
pa	128	129	7214
pa	129	130	7207
pa	130	131	7213
pa	131	132	7190
pa	132	133	7205
pa	133	134	7356
pa	134	135	7410
pa	135	136	7544
pa	136	137	7556
pa	137	138	7878
pa	138	139	7925
pa	139	140	7922
pa	140	141	8068
pa	141	142	8001
pa	142	143	7997
pa	143	144	7744
pa	144	145	8987
pa	145	146	8909
pa	146	147	9306
pa	147	148	9155
pa	148	149	9103
pa	149	150	8846
pa	150	151	8350
pa	151	152	8556
pa	152	153	8485
pa	153	154	8456
pa	154	155	7830
pa	155	156	7781
pa	156	157	7639
pa	157	158	7911
pa	158	159	7924
pa	159	160	7984
pa	160	161	8012
pa	161	162	8001
pa	162	163	7992
pa	163	164	8043
pa	164	165	8199
pa	165	166	8168
pa	166	167	8059
pa	167	168	8045
pa	168	169	8095
pa	169	170	8126
pa	170	171	8125
pa	171	172	8225
pa	172	173	8261
pa	173	174	8217
pa	174	175	8231
pa	175	176	8228
pa	176	177	8353
pa	177	178	8349
pa	178	179	8370
pa	179	180	8400
pa	180	181	8401
pa	181	182	8616
pa	182	183	8613
pa	183	184	8823
pa	184	185	8883
pa	185	186	8832
pa	186	187	8872
pa	187	188	8908
pa	188	189	8976
pa	189	190	9061
pa	190	191	9011
pa	191	192	9016
pa	192	193	8984
pa	193	194	8969
pa	194	195	9015
pa	195	196	9022
pa	196	197	9047
pa	197	198	9006
pa	198	199	9101
pa	199	200	9181
pa	200	201	9232
pa	201	202	9240
pa	202	203	9234
pa	203	204	9249
pa	204	205	9264
pa	205	206	9390
pa	206	207	9405
pa	207	208	9396
pa	208	209	9606
pa	209	210	9560
pa	210	211	9622
pa	211	212	9601
pa	212	213	9594
pa	213	214	9666
pa	214	215	9614
pa	215	216	9654
pa	216	217	9619
pa	217	218	9470
pa	218	219	9505
pa	219	220	9510
pa	220	221	9515
pa	221	222	9526
pa	222	223	9485
pa	223	224	9639
pa	224	225	9695
pa	225	226	9760
pa	226	228	9789
pa	228	229	9786
pa	229	230	9804
pa	230	231	9817
pa	231	232	10005
pa	232	233	9961
pa	233	234	9898
pa	234	235	9942
pa	235	236	9890
pa	236	237	10250
pa	237	238	10332
pa	238	239	10286
pa	239	240	10255
pa	240	241	10041
pa	241	242	9888
pa	242	243	9852
pa	243	244	9807
pa	244	245	9721
pa	245	246	9739
pa	246	247	9471
pa	247	248	9569
pa	248	249	9637
pa	249	250	9694
pa	250	251	9712
pa	251	252	9709
pa	252	253	9737
pa	253	254	9748
pa	254	255	9758
pa	255	256	9772
pa	256	257	9660
pa	257	258	9604
pa	258	259	9878
pa	259	260	9992
pa	260	261	10036
pa	261	262	9988
pa	262	263	9976
pa	263	264	9964
pa	264	265	10204
pa	265	266	10517
pa	266	267	10616
pa	267	268	10387
pa	268	269	10400
pa	269	270	10395
pa	270	271	10538
pa	271	272	10500
pa	272	273	10529
pa	273	274	10344
pa	274	275	10409
pa	275	276	10380
pa	276	277	10495
pa	277	278	10508
pa	278	279	10388
pa	279	280	10226
pa	280	281	10186
pa	281	282	10725
pa	282	283	10771
pa	283	284	10729
pa	284	285	10670
pa	285	286	10578
pa	286	287	10778
pa	287	288	10817
pa	288	289	10709
pa	289	290	10708
pa	290	291	9865
pa	291	292	10418
pa	292	293	10402
pa	293	294	10760
pa	294	295	10806
pa	295	296	10236
pa	296	297	10428
pa	297	298	10404
pa	298	299	10415
pa	299	300	10462
pa	300	301	9659
pa	301	302	9861
pa	302	303	9490
pa	303	304	9599
pa	304	305	9604
pa	305	306	9588
pa	306	307	9571
pa	307	308	9580
pa	308	309	9631
pa	309	310	9522
pa	310	311	9494
pa	311	312	9592
pa	312	313	9497
pa	313	314	9649
pa	314	315	9467
pa	315	316	9457
pa	316	317	9469
pa	317	318	9406
pa	318	319	9429
pa	319	320	9365
pa	320	321	9331
pa	321	322	9353
pa	322	323	9245
pa	323	324	9313
pa	324	325	9372
pa	325	326	9368
pa	326	327	9361
pa	327	328	9295
pa	328	329	9225
pa	329	330	9385
pa	330	331	9457
pa	331	332	9455
pa	332	333	9452
pa	333	334	9538
pa	334	335	9621
pa	335	336	9672
pa	336	337	9696
pa	337	338	9625
pa	338	339	9587
pa	339	340	9462
pa	340	341	9528
pa	341	342	9567
pa	342	343	9478
pa	343	344	9461
pa	344	345	9382
pa	345	346	9590
pa	346	347	9612
pa	347	348	9579
pa	348	349	9663
pa	349	350	9572
pa	350	351	9611
pa	351	352	9595
pa	352	353	9589
pa	353	354	9593
pa	354	355	9338
pa	355	356	9467
pa	356	357	9666
pa	357	358	9595
pa	358	359	9634
pa	359	360	9551
pa	360	361	9650
pa	361	362	9674
pa	362	363	9652
pa	363	364	9729
pa	364	365	9389
pa	365	366	9246
pa	366	367	8987
pa	367	368	8924
pa	368	369	8925
pa	369	370	8719
pa	370	371	8692
pa	371	372	8676
pa	372	373	8603
pa	373	374	8566
pa	374	375	8522
pa	375	376	8521
pa	376	377	8502
pa	377	379	8492
pa	379	380	8529
pa	380	381	8507
pa	381	382	8487
pa	382	383	8478
pa	383	384	8420
pa	384	385	8423
pa	385	386	8480
pa	386	387	8435
pa	387	388	8390
pa	388	389	8290
pa	389	390	8223
pa	390	391	8216
pa	391	392	8330
pa	392	393	8331
pa	393	394	8320
pa	394	395	8248
pa	395	396	8245
pa	396	397	8220
pa	397	398	8222
pa	398	399	8229
pa	399	400	8236
pa	400	401	7982
pa	401	402	8136
pa	402	403	8242
pa	403	404	8159
pa	404	405	8200
pa	405	406	8989
pa	406	407	8961
pa	407	408	9301
pa	408	409	9230
pa	409	410	9158
pa	410	411	9025
pa	411	412	8931
pa	412	413	9002
pa	413	414	9100
pa	414	415	7825
pa	415	416	8736
pa	416	417	8297
pa	417	418	8335
pa	418	419	8349
pa	419	420	8203
pa	420	421	8245
pa	421	422	8214
pa	422	423	8077
pa	423	424	8035
pa	424	425	7311
pa	425	426	7378
pa	426	427	7387
pa	427	428	7434
pa	428	429	7446
pa	429	430	7417
pa	430	431	7412
pa	431	432	7372
pa	432	433	7413
pa	433	434	7452
pa	434	435	7553
pa	435	436	7555
pa	436	437	7548
pa	437	438	7513
pa	438	439	7598
pa	439	440	7636
pa	440	441	7644
pa	441	442	7636
pa	442	443	7561
pa	443	444	7434
pa	444	445	7513
pa	445	446	7533
pa	446	447	7580
pa	447	448	7543
pa	448	449	7572
pa	449	450	7553
pa	450	451	7574
pa	451	452	7780
pa	452	453	7755
pa	453	454	7983
pa	454	455	7944
pa	455	456	8148
pa	456	457	8311
pa	457	458	8397
pa	458	459	8400
pa	459	460	8836
pa	460	461	8716
pa	461	462	8853
pa	462	463	8728
pa	463	464	8749
pa	464	465	8715
pa	465	466	9039
pa	466	467	9007
pa	467	468	9153
pa	468	469	8884
pa	469	470	8943
pa	470	471	8969
pa	471	472	8965
pa	472	473	9094
pa	473	474	9104
pa	474	475	8877
pa	475	476	9003
pa	476	477	8903
pa	477	478	9111
pa	478	479	9143
pa	479	480	9092
pa	480	481	9112
pa	481	482	9081
pa	482	483	9147
pa	483	484	9238
pa	484	485	9166
pa	485	486	9147
pa	486	487	9035
pa	487	488	8952
pa	488	489	8985
pa	489	490	8977
pa	490	491	8962
pa	491	492	8948
pa	492	493	8908
pa	493	494	8971
pa	494	495	8970
pa	495	496	8976
pa	496	497	8967
pa	497	498	8982
pa	498	499	8991
pa	499	500	8985
pa	500	501	9037
pa	501	502	9223
pa	502	503	9320
pa	503	504	9419
pa	504	505	9411
pa	505	506	9379
pa	506	507	9290
pa	507	508	9157
pa	508	509	9390
pa	509	510	9228
pa	510	511	9205
pa	511	512	9265
pa	512	513	9161
pa	513	514	9290
pa	514	515	9304
pa	515	516	9277
pa	516	517	9449
pa	517	518	9276
pa	518	519	9303
pa	519	520	9314
pa	520	521	9071
pa	521	522	9205
pa	522	523	9034
pa	523	525	9031
pa	525	526	8846
pa	526	527	9018
pa	527	528	8973
pa	528	529	8988
pa	529	530	9018
pa	530	531	8855
pa	531	532	8830
pa	532	533	8912
pa	533	534	8994
pa	534	535	9164
pa	535	536	8967
pa	536	537	8936
pa	537	538	8937
pa	538	539	9171
pa	539	540	9086
pa	540	541	8951
pa	541	542	8942
pa	542	543	8838
pa	543	544	8691
pa	544	545	8695
pa	545	546	8694
pa	546	547	8738
pa	547	548	8467
pa	548	549	8898
pa	549	550	8877
pa	550	551	8869
pa	551	552	8908
pa	552	553	8840
pa	553	554	9906
pa	554	555	9865
pa	555	556	9778
pa	556	557	9690
pa	557	558	9254
pa	558	559	9243
pa	559	560	9419
pa	560	561	9371
pa	561	562	9357
pa	562	563	8576
pa	563	564	8582
pa	564	565	8780
pa	565	566	8859
pa	566	567	8816
pa	567	568	8781
pa	568	569	8615
pa	569	570	8941
pa	570	571	8955
pa	571	572	8966
pa	572	573	9078
pa	573	574	8945
pa	574	575	9694
pa	575	576	9844
pa	576	577	9839
pa	577	578	9884
pa	578	579	9635
pa	579	580	10052
pa	580	581	10461
pa	581	582	10413
pa	582	583	10639
pa	583	584	10264
pa	584	585	10397
pa	585	586	10519
pa	586	587	10527
pa	587	588	10613
pa	588	589	10462
pa	589	590	10193
pa	590	591	10192
pa	591	592	10142
pa	592	593	10525
pa	593	594	10463
pa	594	595	10446
pa	595	596	10454
pa	596	597	10464
pa	597	598	10489
pa	598	599	10501
pa	599	600	10536
pa	600	601	10676
pa	601	602	10532
pa	602	603	10819
pa	603	604	10867
pa	604	605	10863
pa	605	606	10834
pa	606	607	10810
pa	607	608	10789
pa	608	609	10780
pa	609	610	10735
pa	610	611	10709
pa	611	612	10534
pa	612	613	10596
pa	613	614	10611
pa	614	615	10575
pa	615	616	10554
pa	616	617	10509
pa	617	618	10484
pa	618	619	10487
pa	619	620	10474
pa	620	621	10491
pa	621	622	10302
pa	622	623	10361
pa	623	624	10302
pa	624	625	10397
pa	625	626	10370
pa	626	627	10313
pa	627	628	10334
pa	628	629	10275
pa	629	630	10205
pa	630	631	10202
pa	631	632	10083
pa	632	633	10047
pa	633	634	9854
pa	634	635	9963
pa	635	636	9958
pa	636	637	9935
pa	637	638	9946
pa	638	639	9940
pa	639	640	9933
pa	640	641	9913
pa	641	642	9857
pa	642	643	9809
pa	643	644	9867
pa	644	645	10310
pa	645	646	10235
pa	646	647	10280
pa	647	648	10274
pa	648	649	10289
pa	649	650	10342
pa	650	651	10279
pa	651	652	10314
pa	652	653	10307
pa	653	654	9779
pa	654	655	9717
pa	655	656	9719
pa	656	657	9770
pa	657	658	9726
pa	658	659	9675
pa	659	660	9649
pa	660	661	9524
pa	661	662	9559
pa	662	663	9599
pa	663	664	9606
pa	664	665	9460
pa	665	666	9382
pa	666	667	9364
pa	667	668	9369
pa	668	669	9316
pa	669	670	9352
pa	670	671	9319
pa	671	672	9377
pa	672	673	9355
pa	673	674	9352
pa	674	675	9345
pa	675	676	9340
pa	676	677	9485
pa	677	678	9429
pa	678	679	9383
pa	679	680	9408
pa	680	681	9498
pa	681	682	10123
pa	682	683	10103
pa	683	684	10004
pa	684	685	10025
pa	685	686	9862
pa	686	687	9897
pa	687	688	9804
pa	688	689	9757
pa	689	690	9727
pa	690	691	9631
pa	691	692	9792
pa	692	693	9874
pa	693	694	9882
pa	694	695	9906
pa	695	696	9865
pa	696	697	9763
pa	697	698	9829
pa	698	699	9689
pa	699	700	9726
pa	700	701	9631
pa	701	702	9611
pa	702	703	9634
pa	703	704	9668
pa	704	705	9379
pa	705	706	9334
pa	706	707	9257
pa	707	708	9662
pa	708	709	9590
pa	709	710	9598
pa	710	711	9542
pa	711	712	9520
pa	712	713	9580
pa	713	714	9529
pa	714	715	9734
pa	715	716	9630
pa	716	717	9442
pa	717	718	9380
pa	718	719	9727
pa	719	720	9755
pa	720	721	9737
pa	721	722	9668
pa	722	723	9719
pa	723	724	9457
pa	724	725	9385
pa	725	726	9165
pa	726	727	9092
pa	727	728	9301
pa	728	729	9295
pa	729	730	9244
pa	730	731	9183
pa	731	732	9064
pa	732	733	9088
pa	733	734	9039
pa	734	735	9003
pa	735	736	9031
pa	736	737	8695
pa	737	738	8741
pa	738	739	8651
pa	739	740	8670
pa	740	741	8753
pa	741	742	8712
pa	742	743	9160
pa	743	744	9148
pa	744	745	9133
pa	745	746	9331
pa	746	747	9349
pa	747	748	9415
pa	748	749	9440
pa	749	750	9362
pa	750	751	9428
pa	751	752	9032
pa	752	753	9106
pa	753	754	9073
pa	754	755	9066
pa	755	756	9080
pa	756	757	9054
pa	757	758	9111
pa	758	759	9120
pa	759	760	9193
pa	760	761	9175
pa	761	762	9131
pa	762	763	9191
pa	763	764	9264
pa	764	765	9290
pa	765	766	9318
pa	766	767	9283
pa	767	768	9321
pa	768	769	9329
pa	769	770	9389
pa	770	771	9494
pa	771	772	9512
pa	772	773	9602
pa	773	774	9624
pa	774	775	9685
pa	775	776	9680
pa	776	777	9694
pa	777	778	9764
pa	778	779	9722
pa	779	780	9647
pa	780	781	9710
pa	781	782	9665
pa	782	783	9764
pa	783	784	9728
pa	784	785	9690
pa	785	786	9817
pa	786	787	9757
pa	787	788	9816
pa	788	789	9808
pa	789	790	9786
pa	790	791	9899
pa	791	792	10008
pa	792	793	10015
pa	793	794	10096
pa	794	795	9742
pa	795	796	9643
pa	796	797	9543
pa	797	798	9544
pa	798	799	9573
pa	799	800	9476
pa	800	801	9469
pa	801	802	9658
pa	802	803	9674
pa	803	804	9910
pa	804	805	9890
pa	805	806	9858
pa	806	807	9905
pa	807	808	9900
pa	808	809	10014
pa	809	810	10057
pa	810	811	9781
pa	811	812	9872
pa	812	813	9614
pa	813	814	9744
pa	814	815	9900
pa	815	816	9749
pa	816	817	9789
pa	817	818	9626
pa	818	819	9502
pa	819	820	9544
pa	820	821	9346
pa	821	822	9664
pa	822	823	9449
pa	823	824	10826
pa	824	825	10786
pa	825	826	10820
pa	826	827	10814
pa	827	828	10983
pa	828	829	11019
pa	829	830	11111
pa	830	831	10903
pa	831	832	10695
pa	832	833	8967
pa	833	834	9133
pa	834	835	9287
pa	835	836	9281
pa	836	837	9189
pa	837	838	9202
pa	838	839	9171
pa	839	840	9209
pa	840	841	9306
pa	841	842	9337
pa	842	843	9330
pa	843	844	9270
pa	844	845	9258
pa	845	846	9580
pa	846	847	9762
pa	847	848	9761
pa	848	849	9762
pa	849	850	9742
pa	850	851	10023
pa	851	852	9953
pa	852	853	9998
pa	853	854	10106
pa	854	855	9802
pa	855	856	9815
pa	856	857	9760
pa	857	858	9741
pa	858	859	9722
pa	859	860	9612
pa	860	861	9704
pa	861	862	9712
pa	862	863	9838
pa	863	864	9879
pa	864	865	9910
pa	865	866	9897
pa	866	867	9981
pa	867	868	10043
pa	868	869	10108
pa	869	870	10111
pa	870	871	10100
pa	871	872	10131
pa	872	873	10163
pa	873	874	10166
pa	874	875	10190
pa	875	876	10268
pa	876	877	10343
pa	877	878	10354
pa	878	879	10350
pa	879	880	10399
pa	880	881	10385
pa	881	882	10330
pa	882	883	10375
pa	883	884	11059
pa	884	885	11076
pa	885	886	11102
pa	886	887	11046
pa	887	888	11053
pa	888	889	11089
pa	889	890	11128
pa	890	891	11160
pa	891	892	11193
pa	892	893	10033
pa	893	894	10068
pa	894	895	9938
pa	895	896	10035
pa	896	897	10052
pa	897	898	10032
pa	898	899	10125
pa	899	900	10056
pa	900	901	10067
pa	901	902	10070
pa	902	903	10016
pa	903	904	10011
pa	904	905	9729
pa	905	906	9951
pa	906	907	9861
pa	907	908	9769
pa	908	909	9697
pa	909	910	9809
pa	910	911	9854
pa	911	912	9901
pa	912	913	9867
pa	913	914	9795
pa	914	915	9656
pa	915	916	9726
pa	916	917	9701
pa	917	918	9723
pa	918	919	9594
pa	919	920	9483
pa	920	921	9399
pa	921	922	9394
pa	922	923	9241
pa	923	924	9306
pa	924	925	9361
pa	925	926	9491
pa	926	927	9436
pa	927	928	9330
pa	928	929	9316
pa	929	930	9255
pa	930	931	9527
pa	931	932	9507
pa	932	933	9359
pa	933	934	9357
pa	934	935	8945
pa	935	936	9273
pa	936	937	9245
pa	937	938	9224
pa	938	939	9218
pa	939	940	8382
pa	940	941	8416
pa	941	942	8205
pa	942	943	8176
pa	943	944	8158
pa	944	945	7469
pa	945	946	7500
pa	946	947	7476
pa	947	948	7491
pa	948	949	7468
pa	949	950	7279
pa	950	951	7296
pa	951	952	7278
pa	952	953	7241
pa	953	954	7140
pa	954	955	7035
pa	955	956	7025
pa	956	957	6982
pa	957	958	7018
pa	958	959	7013
pa	959	960	6992
pa	960	961	6912
pa	961	962	6927
pa	962	963	6877
pa	963	964	6886
pa	964	965	6879
pa	965	966	6858
pa	966	967	6836
pa	967	968	6843
pa	968	969	6782
pa	969	970	6771
pa	970	971	6765
pa	971	972	6490
pa	972	973	6464
pa	973	974	6611
pa	974	975	6691
pa	975	976	6892
pa	976	977	6903
pa	977	978	6915
pa	978	979	7087
pa	979	980	6965
pa	980	981	7229
pa	981	982	7273
pa	982	983	7247
pa	983	984	7212
pa	984	985	7146
pa	985	986	7183
pa	986	987	7225
pa	987	988	7080
pa	988	989	7707
pa	989	990	7531
pa	990	991	7569
pa	991	992	7563
pa	992	993	7519
pa	993	994	7509
pa	994	995	7375
pa	995	996	7350
pa	996	997	7328
pa	997	998	6942
pa	998	999	6965
pa	999	1000	6992
pa	1000	1001	6984
pa	1001	1002	7044
pa	1002	1003	7071
pa	1003	1004	7084
pa	1004	1005	7131
pa	1005	1006	7095
pa	1006	1007	7084
pa	1007	1008	7057
pa	1008	1009	7220
pa	1009	1010	7388
pa	1010	1011	7349
pa	1011	1012	7305
pa	1012	1013	7289
pa	1013	1014	7184
pa	1014	1015	7126
pa	1015	1016	7192
pa	1016	1017	7791
pa	1017	1018	7636
pa	1018	1019	7643
pa	1019	1020	7572
pa	1020	1021	7869
pa	1021	1022	7938
pa	1022	1023	7945
pa	1023	1024	7927
pa	1024	1025	7837
pa	1025	1026	7564
pa	1026	1027	7395
pa	1027	1028	7284
pa	1028	1029	7288
pa	1029	1030	7190
pa	1030	1031	7172
pa	1031	1032	7284
pa	1032	1033	7361
pa	1033	1034	7345
pa	1034	1035	7287
pa	1035	1036	7258
pa	1036	1037	7289
pa	1037	1038	7307
pa	1038	1039	7336
pa	1039	1040	7324
pa	1040	1041	7277
pa	1041	1042	7188
pa	1042	1043	7110
pa	1043	1044	7175
pa	1044	1045	7212
pa	1045	1046	7179
pa	1046	1047	7168
pa	1047	1048	7230
pa	1048	1049	7297
pa	1049	1050	7351
pa	1050	1051	7353
pa	1051	1052	7362
pa	1052	1053	7256
pa	1053	1054	7252
pa	1054	1055	7206
pa	1055	1056	7229
pa	1056	1057	7652
pa	1057	1058	7641
pa	1058	1059	7612
pa	1059	1060	7596
pa	1060	1061	7584
pa	1061	1062	7580
pa	1062	1063	7572
pa	1063	1064	7525
pa	1064	1065	7612
pa	1065	1066	7029
pa	1066	1067	7096
pa	1067	1068	7089
pa	1068	1069	7139
pa	1069	1070	7119
pa	1070	1071	7090
pa	1071	1072	7084
pa	1072	1073	7037
pa	1073	1074	6845
pa	1074	1075	6837
pa	1075	1076	6692
pa	1076	1077	6694
pa	1077	1078	6713
pa	1078	1079	6625
pa	1079	1080	6637
pa	1080	1081	6631
pa	1081	1082	6608
pa	1082	1083	6596
pa	1083	1084	6535
pa	1084	1085	6572
pa	1085	1086	6551
pa	1086	1087	6520
pa	1087	1088	6493
pa	1088	1089	6470
pa	1089	1090	6463
pa	1090	1091	6461
pa	1091	1092	6446
pa	1092	1093	6463
pa	1093	1094	6499
pa	1094	1095	6447
pa	1095	1096	6456
pa	1096	1097	6436
pa	1097	1098	6545
pa	1098	1099	6513
pa	1099	1100	6512
pa	1100	1101	6523
pa	1101	1102	6457
pa	1102	1103	6416
pa	1103	1104	6654
pa	1104	1105	6652
pa	1105	1106	6624
pa	1106	1107	6604
pa	1107	1108	6376
pa	1108	1109	6414
pa	1109	1110	6324
pa	1110	1111	6275
pa	1111	1112	6297
pa	1112	1113	6017
pa	1113	1114	6043
pa	1114	1115	6077
pa	1115	1116	6133
pa	1116	1117	6358
pa	1117	1118	6251
pa	1118	1119	6304
pa	1119	1120	6292
pa	1120	1121	6289
pa	1121	1122	6360
pa	1122	1123	6213
pa	1123	1125	6218
pa	1125	1126	5563
pa	1126	1127	5608
pa	1127	1128	5549
pa	1128	1129	5547
pa	1129	1130	5571
pa	1130	1131	5416
pa	1131	1132	5551
pa	1132	1133	5504
pa	1133	1134	5512
pa	1134	1135	5818
pa	1135	1136	5870
pa	1136	1137	5835
pa	1137	1138	5865
pa	1138	1139	5774
pa	1139	1140	5895
pa	1140	1141	5816
pa	1141	1142	5855
pa	1142	1143	5867
pa	1143	1144	5786
pa	1144	1145	5766
pa	1145	1146	5762
pa	1146	1147	5839
pa	1147	1148	5888
pa	1148	1149	5845
pa	1149	1150	5890
pa	1150	1151	5899
pa	1151	1152	5896
pa	1152	1153	5895
pa	1153	1154	5920
pa	1154	1155	5888
pa	1155	1156	5915
pa	1156	1157	5965
pa	1157	1158	5987
pa	1158	1159	5999
pa	1159	1160	5936
pa	1160	1161	5907
pa	1161	1162	5978
pa	1162	1163	6243
pa	1163	1164	6289
pa	1164	1165	6268
pa	1165	1166	6252
pa	1166	1167	6254
pa	1167	1168	6150
pa	1168	1169	6135
pa	1169	1170	6150
pa	1170	1171	6135
pa	1171	1172	5989
pa	1172	1173	6225
pa	1173	1174	6229
pa	1174	1175	6575
pa	1175	1176	6565
pa	1176	1177	6551
pa	1177	1178	6533
pa	1178	1179	6493
pa	1179	1180	6726
pa	1180	1181	6756
pa	1181	1182	6644
pa	1182	1183	6636
pa	1183	1184	6505
pa	1184	1185	6547
pa	1185	1186	6546
pa	1186	1187	6547
pa	1187	1188	6535
pa	1188	1189	6520
pa	1189	1190	8326
pa	1190	1191	8344
pa	1191	1192	8395
pa	1192	1193	8472
pa	1193	1194	8518
pa	1194	1195	8568
pa	1195	1196	8584
pa	1196	1197	8556
pa	1197	1198	8851
pa	1198	1199	8197
pa	1199	1200	8634
pa	1200	1201	8690
pa	1201	1202	8700
pa	1202	1203	8759
pa	1203	1204	8735
pa	1204	1205	8764
pa	1205	1206	8760
pa	1206	1207	8583
pa	1207	1208	8553
pa	1208	1209	8422
pa	1209	1210	8429
pa	1210	1211	8433
pa	1211	1212	8415
pa	1212	1213	8393
pa	1213	1214	8385
pa	1214	1215	8290
pa	1215	1216	8424
pa	1216	1217	8393
pa	1217	1218	8366
pa	1218	1219	8504
pa	1219	1220	8531
pa	1220	1221	8784
pa	1221	1222	8806
pa	1222	1223	8856
pa	1223	1224	8851
pa	1224	1225	8798
pa	1225	1226	8847
pa	1226	1227	8876
pa	1227	1228	8872
pa	1228	1229	8897
pa	1229	1230	8812
pa	1230	1231	8957
pa	1231	1232	8949
pa	1232	1233	9010
pa	1233	1234	9019
pa	1234	1235	9078
pa	1235	1236	9080
pa	1236	1237	9070
pa	1237	1238	9197
pa	1238	1239	9252
pa	1239	1240	9181
pa	1240	1241	9296
pa	1241	1242	9363
pa	1242	1243	9409
pa	1243	1244	9390
pa	1244	1245	9372
pa	1245	1246	9385
pa	1246	1247	9238
pa	1247	1248	9322
pa	1248	1249	9445
pa	1249	1250	9462
pa	1250	1251	9381
pa	1251	1252	9610
pa	1252	1253	9666
pa	1253	1254	9701
pa	1254	1255	9673
pa	1255	1256	9677
pa	1256	1257	9908
pa	1257	1258	9838
pa	1258	1259	9892
pa	1259	1260	9877
pa	1260	1261	9772
pa	1261	1262	9791
pa	1262	1263	9848
pa	1263	1264	9970
pa	1264	1265	10029
pa	1265	1266	9971
pa	1266	1267	10025
pa	1267	1268	10074
pa	1268	1269	10130
pa	1269	1270	10254
pa	1270	1271	10241
pa	1271	1272	10205
pa	1272	1273	10187
pa	1273	1274	10237
pa	1274	1275	10317
pa	1275	1276	10228
pa	1276	1277	10223
pa	1277	1278	10176
pa	1278	1279	10183
pa	1279	1280	10175
pa	1280	1281	10176
pa	1281	1282	10207
pa	1282	1283	10156
pa	1283	1284	10212
pa	1284	1285	10342
pa	1285	1286	10316
pa	1286	1287	10326
pa	1287	1288	10386
pa	1288	1289	10651
pa	1289	1290	10844
pa	1290	1291	10755
pa	1291	1292	10761
pa	1292	1293	10784
pa	1293	1294	10942
pa	1294	1295	11014
pa	1295	1296	10981
pa	1296	1297	10966
pa	1297	1298	10874
pa	1298	1299	10994
pa	1299	1300	11034
pa	1300	1301	11066
pa	1301	1302	11068
pa	1302	1303	11089
pa	1303	1304	11292
pa	1304	1305	11409
pa	1305	1306	11396
pa	1306	1307	11375
pa	1307	1308	11214
pa	1308	1309	11536
pa	1309	1310	11639
pa	1310	1311	11664
pa	1311	1312	11676
pa	1312	1313	11413
pa	1313	1314	11221
pa	1314	1315	11218
pa	1315	1316	11350
pa	1316	1317	11410
pa	1317	1318	11190
pa	1318	1319	11198
pa	1319	1320	11291
pa	1320	1321	11424
pa	1321	1322	11374
pa	1322	1323	11377
pa	1323	1324	11423
pa	1324	1325	11220
pa	1325	1326	11198
pa	1326	1327	11464
pa	1327	1328	11487
pa	1328	1329	11518
pa	1329	1330	11463
pa	1330	1331	11466
pa	1331	1332	11455
pa	1332	1333	11510
pa	1333	1334	11450
pa	1334	1335	11844
pa	1335	1336	11662
pa	1336	1337	11796
pa	1337	1338	11815
pa	1338	1339	11816
pa	1339	1340	11093
pa	1340	1341	11128
pa	1341	1342	11162
pa	1342	1343	11239
pa	1343	1344	10983
pa	1344	1345	11173
pa	1345	1346	11038
pa	1346	1347	11176
pa	1347	1348	11147
pa	1348	1349	11081
pa	1349	1350	11134
pa	1350	1351	10896
pa	1351	1352	10835
pa	1352	1353	10937
pa	1353	1354	10944
pa	1354	1355	10947
pa	1355	1356	11138
pa	1356	1357	11091
pa	1357	1358	11232
pa	1358	1359	11172
pa	1359	1360	11167
pa	1360	1361	11202
pa	1361	1362	11120
pa	1362	1363	11040
pa	1363	1364	11090
pa	1364	1365	10788
pa	1365	1366	10815
pa	1366	1367	10667
pa	1367	1368	10689
pa	1368	1369	10826
pa	1369	1370	10788
pa	1370	1371	10855
pa	1371	1372	10851
pa	1372	1373	10791
pa	1373	1374	10860
pa	1374	1375	10964
pa	1375	1376	10970
pa	1376	1377	11077
pa	1377	1378	10936
pa	1378	1379	10828
pa	1379	1380	10920
pa	1380	1381	10866
pa	1381	1382	10834
pa	1382	1383	10840
pa	1383	1384	10631
pa	1384	1385	10672
pa	1385	1386	10560
pa	1386	1387	10589
pa	1387	1388	10581
pa	1388	1389	10453
pa	1389	1390	10592
pa	1390	1391	10640
pa	1391	1392	10637
pa	1392	1393	10751
pa	1393	1394	10673
pa	1394	1395	10814
pa	1395	1396	10775
pa	1396	1397	10729
pa	1397	1398	10846
pa	1398	1399	10453
pa	1399	1400	10527
pa	1400	1401	10458
pa	1401	1402	10483
pa	1402	1403	10398
pa	1403	1404	10209
pa	1404	1405	10121
pa	1405	1406	9933
pa	1406	1407	9941
pa	1407	1408	9753
pa	1408	1409	10006
pa	1409	1410	9670
pa	1410	1411	9842
pa	1411	1412	9698
pa	1412	1413	9800
pa	1413	1414	9997
pa	1414	1415	10058
pa	1415	1416	10944
pa	1416	1417	10664
pa	1417	1418	10425
pa	1418	1419	10364
pa	1419	1420	10214
pa	1420	1421	10269
pa	1421	1422	10256
pa	1422	1423	9947
pa	1423	1424	9963
pa	1424	1425	9171
pa	1425	1426	9813
pa	1426	1427	9892
pa	1427	1428	9914
pa	1428	1429	9972
pa	1429	1430	9907
pa	1430	1431	10359
pa	1431	1432	10377
pa	1432	1433	10417
pa	1433	1434	10851
pa	1434	1435	10268
pa	1435	1436	10267
pa	1436	1437	10241
pa	1437	1438	10150
pa	1438	1439	10177
pa	1439	1440	10078
pa	1440	1441	10084
pa	1441	1442	10095
pa	1442	1443	10135
pa	1443	1444	9874
pa	1444	1445	9995
pa	1445	1446	9988
pa	1446	1447	10009
pa	1447	1448	10011
pa	1448	1449	9865
pa	1449	1450	10074
pa	1450	1451	10083
pa	1451	1452	10039
pa	1452	1453	10087
pa	1453	1454	10020
pa	1454	1455	10005
pa	1455	1456	10022
pa	1456	1457	10105
pa	1457	1458	10096
pa	1458	1459	9892
pa	1459	1460	9970
pa	1460	1461	10186
pa	1461	1462	10171
pa	1462	1463	10163
pa	1463	1464	10151
pa	1464	1465	10117
pa	1465	1466	10099
pa	1466	1467	10060
pa	1467	1468	10041
pa	1468	1469	9885
pa	1469	1470	9862
pa	1470	1471	9665
pa	1471	1472	9736
pa	1472	1473	9767
pa	1473	1474	9778
pa	1474	1475	9768
pa	1475	1476	9781
pa	1476	1477	9773
pa	1477	1478	9859
pa	1478	1479	9883
pa	1479	1480	9925
pa	1480	1481	9792
pa	1481	1482	9774
pa	1482	1483	9921
pa	1483	1484	9964
pa	1484	1485	9912
pa	1485	1486	9765
pa	1486	1487	9553
pa	1487	1488	9736
pa	1488	1489	9657
pa	1489	1490	9661
pa	1490	1491	9645
pa	1491	1492	9403
pa	1492	1493	9526
pa	1493	1494	9518
pa	1494	1495	9532
pa	1495	1496	9555
pa	1496	1497	9255
pa	1497	1498	9266
pa	1498	1499	9288
pa	1499	1500	9260
pa	1500	1501	9280
pa	1501	1502	9029
pa	1502	1503	8999
pa	1503	1504	8973
pa	1504	1505	9000
pa	1505	1506	9027
pa	1506	1507	8871
pa	1507	1508	8886
pa	1508	1509	8869
pa	1509	1510	8866
pa	1510	1511	8819
pa	1511	1512	8847
pa	1512	1513	8858
pa	1513	1514	8906
pa	1514	1515	8910
pa	1515	1516	8907
pa	1516	1517	8910
pa	1517	1518	8798
pa	1518	1519	8979
pa	1519	1520	8963
pa	1520	1521	8934
pa	1521	1522	8944
pa	1522	1523	8694
pa	1523	1524	8927
pa	1524	1525	8917
pa	1525	1526	8880
pa	1526	1527	9003
pa	1527	1528	8640
pa	1528	1529	8675
pa	1529	1530	8644
pa	1530	1531	8542
pa	1531	1532	8552
pa	1532	1533	8474
pa	1533	1534	8382
pa	1534	1535	8568
pa	1535	1536	8567
pa	1536	1537	8818
pa	1537	1538	8689
pa	1538	1539	8449
pa	1539	1540	8438
pa	1540	1541	8402
pa	1541	1542	8301
pa	1542	1543	8375
pa	1543	1544	8342
pa	1544	1545	8328
pa	1545	1546	8158
pa	1546	1547	8227
pa	1547	1548	8216
pa	1548	1549	8236
pa	1549	1550	8206
pa	1550	1551	8224
pa	1551	1552	8377
pa	1552	1553	8392
pa	1553	1554	8389
pa	1554	1555	8399
pa	1555	1557	8357
pa	1557	1558	8342
pa	1558	1559	8336
pa	1559	1560	8552
pa	1560	1561	8437
pa	1561	1562	8415
pa	1562	1563	8457
pa	1563	1564	8439
pa	1564	1565	8515
pa	1565	1566	8419
pa	1566	1567	8355
pa	1567	1568	8428
pa	1568	1569	8322
pa	1569	1570	8371
pa	1570	1571	8410
pa	1571	1572	8428
pa	1572	1573	8676
pa	1573	1574	8538
pa	1574	1575	8849
pa	1575	1576	8891
pa	1576	1577	8746
pa	1577	1578	8783
pa	1578	1579	8794
pa	1579	1580	8844
pa	1580	1581	8874
pa	1581	1582	8769
pa	1582	1583	8800
pa	1583	1584	8664
pa	1584	1585	8607
pa	1585	1586	8593
pa	1586	1587	8606
pa	1587	1588	8569
pa	1588	1589	8628
pa	1589	1590	8516
pa	1590	1591	8563
pa	1591	1592	8595
pa	1592	1593	8636
pa	1593	1594	8820
pa	1594	1595	8831
pa	1595	1596	8786
pa	1596	1597	8787
pa	1597	1598	8757
pa	1598	1599	9365
pa	1599	1600	9336
pa	1600	1601	9545
pa	1601	1602	9535
pa	1602	1603	9592
pa	1603	1604	9603
pa	1604	1605	9722
pa	1605	1606	9713
pa	1606	1607	9750
pa	1607	1608	9386
pa	1608	1609	9413
pa	1609	1610	9225
pa	1610	1611	9258
pa	1611	1612	9227
pa	1612	1613	9205
pa	1613	1614	9190
pa	1614	1615	9333
pa	1615	1616	9531
pa	1616	1617	9612
pa	1617	1618	9625
pa	1618	1619	9610
pa	1619	1620	9554
pa	1620	1621	9711
pa	1621	1622	9796
pa	1622	1623	9860
pa	1623	1624	9758
pa	1624	1625	9627
pa	1625	1626	9620
pa	1626	1627	9678
pa	1627	1628	9666
pa	1628	1629	9745
pa	1629	1630	9658
pa	1630	1631	9758
pa	1631	1632	9706
pa	1632	1633	9872
pa	1633	1634	9892
pa	1634	1635	9991
pa	1635	1636	10251
pa	1636	1637	10249
pa	1637	1638	10286
pa	1638	1639	10259
pa	1639	1640	10183
pa	1640	1641	10495
pa	1641	1642	10480
pa	1642	1643	10478
pa	1643	1644	10420
pa	1644	1645	10226
pa	1645	1646	10455
pa	1646	1647	10395
pa	1647	1648	10862
pa	1648	1649	10846
pa	1649	1650	10785
pa	1650	1651	10884
pa	1651	1652	10900
pa	1652	1653	10934
pa	1653	1654	10954
pa	1654	1655	11046
pa	1655	1656	11120
pa	1656	1657	10814
pa	1657	1658	10803
pa	1658	1659	10717
pa	1659	1660	10784
pa	1660	1661	10811
pa	1661	1662	10834
pa	1662	1663	10900
pa	1663	1664	10764
pa	1664	1665	10732
pa	1665	1666	10699
pa	1666	1667	10829
pa	1667	1668	10868
pa	1668	1669	11390
pa	1669	1670	11356
pa	1670	1671	11620
pa	1671	1672	11566
pa	1672	1673	11556
pa	1673	1674	11572
pa	1674	1675	11518
pa	1675	1676	11481
pa	1676	1677	11617
pa	1677	1678	11042
pa	1678	1679	11139
pa	1679	1680	10966
pa	1680	1681	11516
pa	1681	1682	11598
pa	1682	1683	11586
pa	1683	1684	11569
pa	1684	1685	11519
pa	1685	1686	11312
pa	1686	1687	11487
pa	1687	1688	11431
pa	1688	1689	11430
pa	1689	1690	11106
pa	1690	1691	11018
pa	1691	1692	11017
pa	1692	1693	11183
pa	1693	1694	11291
pa	1694	1695	11581
pa	1695	1696	11471
pa	1696	1697	11529
pa	1697	1698	11553
pa	1698	1699	11569
pa	1699	1700	11676
pa	1700	1701	11777
pa	1701	1702	11740
pa	1702	1703	11885
pa	1703	1704	11750
pa	1704	1705	11897
pa	1705	1706	11911
pa	1706	1707	12070
pa	1707	1708	12090
pa	1708	1709	12209
pa	1709	1710	12141
pa	1710	1711	12147
pa	1711	1712	12043
pa	1712	1713	12296
pa	1713	1714	12103
pa	1714	1715	12111
pa	1715	1716	12034
pa	1716	1717	12075
pa	1717	1718	11935
pa	1718	1719	11922
pa	1719	1720	11783
pa	1720	1721	11819
pa	1721	1722	11489
pa	1722	1723	11468
pa	1723	1724	11624
pa	1724	1725	11548
pa	1725	1726	11456
pa	1726	1727	11451
pa	1727	1728	11490
pa	1728	1729	11502
pa	1729	1730	11467
pa	1730	1731	11445
pa	1731	1732	11346
pa	1732	1733	11218
pa	1733	1734	11057
pa	1734	1735	11223
pa	1735	1736	11225
pa	1736	1737	11229
pa	1737	1738	11211
pa	1738	1739	11163
pa	1739	1740	11212
pa	1740	1741	11288
pa	1741	1742	11243
pa	1742	1743	11235
pa	1743	1744	11130
pa	1744	1745	11278
pa	1745	1746	11267
pa	1746	1747	11269
pa	1747	1748	11288
pa	1748	1749	11321
pa	1749	1750	11200
pa	1750	1751	11143
pa	1751	1752	11093
pa	1752	1753	11096
pa	1753	1754	10988
pa	1754	1755	11148
pa	1755	1756	11169
pa	1756	1757	11245
pa	1757	1758	11128
pa	1758	1759	11115
pa	1759	1760	11093
pa	1760	1761	11130
pa	1761	1762	11586
pa	1762	1763	11577
pa	1763	1764	11534
pa	1764	1765	11466
pa	1765	1766	11286
pa	1766	1767	11259
pa	1767	1768	11196
pa	1768	1769	11258
pa	1769	1770	11272
pa	1770	1771	10867
pa	1771	1772	10832
pa	1772	1773	10772
pa	1773	1774	10831
pa	1774	1775	11121
pa	1775	1776	11131
pa	1776	1777	11201
pa	1777	1778	11174
pa	1778	1779	11272
pa	1779	1780	11606
pa	1780	1781	11616
pa	1781	1782	11635
pa	1782	1783	11642
pa	1783	1784	11133
pa	1784	1785	11117
pa	1785	1786	11059
pa	1786	1787	11181
pa	1787	1788	11170
pa	1788	1789	11042
pa	1789	1790	11129
pa	1790	1791	11140
pa	1791	1792	11170
pa	1792	1793	11154
pa	1793	1794	11155
pa	1794	1795	11204
pa	1795	1796	11020
pa	1796	1797	11006
pa	1797	1798	10967
pa	1798	1799	10871
pa	1799	1800	10883
pa	1800	1801	10852
pa	1801	1802	10657
pa	1802	1803	10761
pa	1803	1804	10613
pa	1804	1805	10762
pa	1805	1806	10664
pa	1806	1807	10600
pa	1807	1808	10590
pa	1808	1809	10768
pa	1809	1810	10842
pa	1810	1811	10813
pa	1811	1812	10687
pa	1812	1813	10702
pa	1813	1814	10416
pa	1814	1815	10439
pa	1815	1816	10583
pa	1816	1817	10584
pa	1817	1818	10397
pa	1818	1819	10302
pa	1819	1820	10144
pa	1820	1821	10139
pa	1821	1822	10080
pa	1822	1823	10098
pa	1823	1824	10052
pa	1824	1825	10411
pa	1825	1826	10521
pa	1826	1827	10590
pa	1827	1828	10858
pa	1828	1829	10889
pa	1829	1830	10929
pa	1830	1831	10927
pa	1831	1832	10752
pa	1832	1833	10738
pa	1833	1834	11041
pa	1834	1835	11040
pa	1835	1836	11064
pa	1836	1837	10792
pa	1837	1838	10728
pa	1838	1839	10823
pa	1839	1840	10917
pa	1840	1841	10892
pa	1841	1842	10876
pa	1842	1843	10561
pa	1843	1844	10639
pa	1844	1845	10854
pa	1845	1846	10838
pa	1846	1847	10889
pa	1847	1848	10749
pa	1848	1849	10693
pa	1849	1850	10665
pa	1850	1851	10616
pa	1851	1852	10633
pa	1852	1853	10448
pa	1853	1854	9979
pa	1854	1855	9981
pa	1855	1856	9926
pa	1856	1857	9959
pa	1857	1858	9919
pa	1858	1859	9906
pa	1859	1860	9833
pa	1860	1861	9783
pa	1861	1862	9744
pa	1862	1863	9732
pa	1863	1864	9637
pa	1864	1865	9623
pa	1865	1866	9602
pa	1866	1867	9538
pa	1867	1868	9600
pa	1868	1869	9697
pa	1869	1870	9779
pa	1870	1871	9790
pa	1871	1872	9768
pa	1872	1873	9787
pa	1873	1874	9782
pa	1874	1875	9711
pa	1875	1876	9669
pa	1876	1877	9601
pa	1877	1878	9491
pa	1878	1879	9465
pa	1879	1880	9481
pa	1880	1881	9540
pa	1881	1882	9561
pa	1882	1883	9616
pa	1883	1884	9580
pa	1884	1885	9672
pa	1885	1886	9662
pa	1886	1887	9700
pa	1887	1888	9714
pa	1888	1889	9783
pa	1889	1890	9655
pa	1890	1891	9689
pa	1891	1893	9574
pa	1893	1894	9499
pa	1894	1895	9463
pa	1895	1896	9722
pa	1896	1897	9931
pa	1897	1898	9940
pa	1898	1899	9894
pa	1899	1900	9856
pa	1900	1901	9894
pa	1901	1902	9903
pa	1902	1903	10016
pa	1903	1904	10094
pa	1904	1905	9882
pa	1905	1906	9851
pa	1906	1907	9796
pa	1907	1908	9873
pa	1908	1909	10051
pa	1909	1910	10021
pa	1910	1911	10044
pa	1911	1912	9941
pa	1912	1913	9660
pa	1913	1914	9573
pa	1914	1915	9517
pa	1915	1916	9707
pa	1916	1917	9711
pa	1917	1918	9554
pa	1918	1919	9849
pa	1919	1920	9814
pa	1920	1921	9949
pa	1921	1922	9990
pa	1922	1923	9957
pa	1923	1924	9964
pa	1924	1925	9677
pa	1925	1926	9646
pa	1926	1927	9663
pa	1927	1928	9406
pa	1928	1929	9345
pa	1929	1930	9475
pa	1930	1931	9295
pa	1931	1932	9520
pa	1932	1933	9477
pa	1933	1934	9507
pa	1934	1935	9496
pa	1935	1936	9395
pa	1936	1937	9496
pa	1937	1938	9469
pa	1938	1939	9170
pa	1939	1940	9188
pa	1940	1941	8912
pa	1941	1942	8926
pa	1942	1943	8863
pa	1943	1944	8891
pa	1944	1945	8882
pa	1945	1946	8752
pa	1946	1947	8832
pa	1947	1948	8824
pa	1948	1949	8862
pa	1949	1950	8890
pa	1950	1951	8854
pa	1951	1952	8872
pa	1952	1953	9006
pa	1953	1954	8944
pa	1954	1955	8938
pa	1955	1956	8763
pa	1956	1957	8912
pa	1957	1958	8905
pa	1958	1959	9025
pa	1959	1960	8991
pa	1960	1961	8958
pa	1961	1962	8968
pa	1962	1963	8818
pa	1963	1964	8774
pa	1964	1965	8765
pa	1965	1966	8440
pa	1966	1967	9294
pa	1967	1968	9319
pa	1968	1969	9415
pa	1969	1970	9406
pa	1970	1971	9621
pa	1971	1972	9622
pa	1972	1973	9708
pa	1973	1974	9713
pa	1974	1975	9688
pa	1975	1976	8643
pa	1976	1977	8236
pa	1977	1978	8115
pa	1978	1979	8139
pa	1979	1980	8012
pa	1980	1981	8149
pa	1981	1982	8081
pa	1982	1983	8042
pa	1983	1984	8010
pa	1984	1985	7848
pa	1985	1986	7806
pa	1986	1987	7884
pa	1987	1988	7820
pa	1988	1989	7751
pa	1989	1990	7631
pa	1990	1991	7629
pa	1991	1992	7645
pa	1992	1993	7644
pa	1993	1994	7733
pa	1994	1995	7816
pa	1995	1996	7667
pa	1996	1997	7787
pa	1997	1998	7919
pa	1998	1999	7952
pa	1999	2000	7975
pa	2000	2001	7945
pa	2001	2002	7960
pa	2002	2003	7985
pa	2003	2004	7787
pa	2004	2005	7845
pa	2005	2006	7841
pa	2006	2007	7850
pa	2007	2008	7849
pa	2008	2009	7868
pa	2009	2010	7871
pa	2010	2011	7878
pa	2011	2012	7921
pa	2012	2013	7963
pa	2013	2014	7921
pa	2014	2015	7926
pa	2015	2016	7891
pa	2016	2017	7916
pa	2017	2018	7874
pa	2018	2019	7891
pa	2019	2020	7847
pa	2020	2022	7796
pa	2022	2023	7882
pa	2023	2024	7923
pa	2024	2025	7977
pa	2025	2026	7994
pa	2026	2027	8066
pa	2027	2028	8081
pa	2028	2029	8311
pa	2029	2030	8303
pa	2030	2031	8336
pa	2031	2032	8373
pa	2032	2033	8196
pa	2033	2034	8235
pa	2034	2035	8290
pa	2035	2036	8232
pa	2036	2037	8205
pa	2037	2038	8409
pa	2038	2039	8180
pa	2039	2040	8199
pa	2040	2041	8200
pa	2041	2042	8230
pa	2042	2043	8204
pa	2043	2044	8214
pa	2044	2045	8069
pa	2045	2046	8018
pa	2046	2047	7408
pa	2047	2048	7550
pa	2048	2049	7619
pa	2049	2050	7620
pa	2050	2051	7555
pa	2051	2052	7553
pa	2052	2053	7584
pa	2053	2054	7526
pa	2054	2055	7551
pa	2055	2056	7689
pa	2056	2057	7240
pa	2057	2058	7063
pa	2058	2059	7084
pa	2059	2060	7095
pa	2060	2061	7080
pa	2061	2062	7041
pa	2062	2063	7050
pa	2063	2064	6927
pa	2064	2065	6862
pa	2065	2066	6980
pa	2066	2067	7004
pa	2067	2068	7021
pa	2068	2069	7110
pa	2069	2070	7092
pa	2070	2071	7123
pa	2071	2072	7085
pa	2072	2073	7061
pa	2073	2074	7067
pa	2074	2075	7077
pa	2075	2076	7082
pa	2076	2077	7163
pa	2077	2078	6973
pa	2078	2079	7015
pa	2079	2080	6964
pa	2080	2081	6922
pa	2081	2082	7287
pa	2082	2083	7319
pa	2083	2084	7318
pa	2084	2085	7331
pa	2085	2086	7033
pa	2086	2087	7022
pa	2087	2088	6908
pa	2088	2089	6940
pa	2089	2090	7079
pa	2090	2091	6678
pa	2091	2092	6944
pa	2092	2093	6941
pa	2093	2094	6953
pa	2094	2095	6979
pa	2095	2096	6931
pa	2096	2097	6934
pa	2097	2098	6942
pa	2098	2099	6596
pa	2099	2100	6669
pa	2100	2101	6255
pa	2101	2102	6315
pa	2102	2103	6343
pa	2103	2104	6333
pa	2104	2105	6323
pa	2105	2106	6385
pa	2106	2107	6394
pa	2107	2108	6374
pa	2108	2109	6170
pa	2109	2110	6163
pa	2110	2111	6140
pa	2111	2112	6118
pa	2112	2113	6093
pa	2113	2114	6075
pa	2114	2115	6025
pa	2115	2116	6035
pa	2116	2117	5901
pa	2117	2118	5873
pa	2118	2119	5852
pa	2119	2120	5910
pa	2120	2121	5944
pa	2121	2122	5945
pa	2122	2123	5886
pa	2123	2124	5833
pa	2124	2125	5991
pa	2125	2126	6023
pa	2126	2127	6121
pa	2127	2128	6127
pa	2128	2129	6093
pa	2129	2130	6106
pa	2130	2131	5968
pa	2131	2132	5961
pa	2132	2133	5975
pa	2133	2134	6007
pa	2134	2135	5939
pa	2135	2136	5825
pa	2136	2137	5835
pa	2137	2139	5879
pa	2139	2140	5922
pa	2140	2141	5953
pa	2141	2142	6036
pa	2142	2143	6034
pa	2143	2144	6086
pa	2144	2145	6157
pa	2145	2146	6096
pa	2146	2147	6106
pa	2147	2148	6108
pa	2148	2149	6104
pa	2149	2150	6119
pa	2150	2151	5926
pa	2151	2152	5934
pa	2152	2153	5973
pa	2153	2154	5993
pa	2154	2155	5976
pa	2155	2156	5927
pa	2156	2157	5922
pa	2157	2158	5903
pa	2158	2159	5905
pa	2159	2160	5830
pa	2160	2161	5824
pa	2161	2162	5772
pa	2162	2163	5712
pa	2163	2164	5692
pa	2164	2165	5713
pa	2165	2166	5657
pa	2166	2167	5699
pa	2167	2168	5556
pa	2168	2169	5584
pa	2169	2170	5541
pa	2170	2171	5525
pa	2171	2172	5510
pa	2172	2173	5474
pa	2173	2174	5204
pa	2174	2175	5192
pa	2175	2176	4980
pa	2176	2177	4819
pa	2177	2178	4603
pa	2178	2179	4451
pa	2179	2181	4430
pa	2181	2182	4422
pa	2182	2183	4297
pa	2183	2184	4225
pa	2184	2185	4206
pa	2185	2186	4194
pa	2186	2187	4134
pa	2187	2188	4081
pa	2188	2189	4067
pa	2189	2190	4066
pa	2190	2191	4034
pa	2191	2192	4024
pa	2192	2193	3825
pa	2193	2194	3745
pa	2194	2195	3704
pa	2195	2196	3664
pa	2196	2197	3625
pa	2197	2198	3400
pa	2198	2199	3384
pa	2199	2200	3376
pa	2200	2201	3357
pa	2201	2202	3307
pa	2202	2203	3183
pa	2203	2204	3181
pa	2204	2205	3127
pa	2205	2206	3107
pa	2206	2207	2366
pa	2207	2208	2218
pa	2208	2209	2076
pa	2209	2210	2049
pa	2210	2211	2045
pa	2211	2212	1973
pa	2212	2213	1971
pa	2213	2214	1969
pa	2214	2215	1945
pa	2215	2216	1922
pa	2216	2217	1123
pa	2217	2218	1115
pa	2218	2219	1104
pa	2219	2220	1083
pa	2220	2221	1081
pa	2221	2222	1003
pa	2222	2223	989
pa	2223	2224	941
pa	2224	2225	938
pa	2225	2226	901
pa	2226	2227	854
pa	2227	2228	837
pa	2228	2229	768
pa	2229	2230	722
pa	2230	2231	717
pa	2231	2232	702
pa	2232	2233	173
ha	0	1	2694
ha	1	2	3187
ha	2	3	3206
ha	3	4	3215
ha	4	5	3400
ha	5	6	3577
ha	6	7	3619
ha	7	8	3636
ha	8	9	3726
ha	9	10	3729
ha	10	11	3805
ha	11	12	3853
ha	12	13	4138
ha	13	14	4155
ha	14	15	4160
ha	15	16	4170
ha	16	17	4222
ha	17	18	4234
ha	18	19	4358
ha	19	20	4387
ha	20	21	4460
ha	21	22	4468
ha	22	23	4991
ha	23	24	5008
ha	24	25	5047
ha	25	26	5062
ha	26	27	5116
ha	27	28	5145
ha	28	29	5354
ha	29	30	5358
ha	30	31	5498
ha	31	32	5516
ha	32	33	5522
ha	33	34	5649
ha	34	35	5671
ha	35	36	6671
ha	36	37	6715
ha	37	38	6732
ha	38	39	7222
ha	39	40	7245
ha	40	41	8296
ha	41	42	8316
ha	42	43	8336
ha	43	44	8352
ha	44	45	8373
ha	45	46	8541
ha	46	47	8589
ha	47	48	8626
ha	48	49	8782
ha	49	50	8792
ha	50	51	9071
ha	51	52	9069
ha	52	53	9145
ha	53	54	9169
ha	54	55	9168
ha	55	56	9315
ha	56	57	9680
ha	57	58	9999
ha	58	59	10020
ha	59	60	9956
ha	60	61	10026
ha	61	62	10010
ha	62	63	10118
ha	63	64	10150
ha	64	65	10140
ha	65	66	10095
ha	66	67	10523
ha	67	68	10606
ha	68	69	10598
ha	69	70	10604
ha	70	71	10613
ha	71	72	10644
ha	72	73	10643
ha	73	74	10640
ha	74	75	10688
ha	75	76	10585
ha	76	77	10637
ha	77	78	10652
ha	78	79	10656
ha	79	80	10647
ha	80	81	10627
ha	81	82	11113
ha	82	83	11080
ha	83	84	11063
ha	84	85	11118
ha	85	86	11162
ha	86	87	11270
ha	87	88	11252
ha	88	89	11206
ha	89	90	11203
ha	90	91	11079
ha	91	92	11350
ha	92	93	11365
ha	93	94	11439
ha	94	95	11476
ha	95	96	11474
ha	96	97	11644
ha	97	98	11648
ha	98	99	11693
ha	99	101	11683
ha	101	102	11681
ha	102	103	11659
ha	103	104	11662
ha	104	105	11645
ha	105	106	12166
ha	106	107	12073
ha	107	108	12168
ha	108	109	12157
ha	109	110	12204
ha	110	111	12243
ha	111	112	12216
ha	112	113	12179
ha	113	114	12160
ha	114	115	11941
ha	115	116	12134
ha	116	117	12065
ha	117	118	12077
ha	118	119	12079
ha	119	120	12077
ha	120	121	12166
ha	121	122	12190
ha	122	123	12189
ha	123	124	12244
ha	124	125	12158
ha	125	126	12104
ha	126	127	12091
ha	127	128	11956
ha	128	129	12150
ha	129	130	12084
ha	130	131	12106
ha	131	132	12014
ha	132	133	11916
ha	133	134	11990
ha	134	135	11976
ha	135	136	11965
ha	136	137	12007
ha	137	138	11791
ha	138	139	11769
ha	139	140	11704
ha	140	141	11610
ha	141	142	11666
ha	142	143	11408
ha	143	144	11357
ha	144	145	11371
ha	145	146	11294
ha	146	147	11300
ha	147	148	11336
ha	148	149	11260
ha	149	150	11316
ha	150	151	11374
ha	151	152	11582
ha	152	153	11596
ha	153	154	11580
ha	154	155	11583
ha	155	156	11570
ha	156	157	11499
ha	157	158	11492
ha	158	159	10860
ha	159	160	11036
ha	160	161	11534
ha	161	162	12171
ha	162	163	12136
ha	163	164	12161
ha	164	165	12158
ha	165	166	12221
ha	166	167	12283
ha	167	168	12468
ha	168	169	12490
ha	169	170	11995
ha	170	171	11954
ha	171	172	11932
ha	172	173	11825
ha	173	174	11782
ha	174	175	11832
ha	175	176	11842
ha	176	177	11844
ha	177	178	11817
ha	178	179	11807
ha	179	180	11844
ha	180	181	11736
ha	181	182	11620
ha	182	183	11615
ha	183	184	11424
ha	184	185	11457
ha	185	186	11154
ha	186	187	11313
ha	187	188	11220
ha	188	189	11495
ha	189	190	11503
ha	190	191	11501
ha	191	192	11395
ha	192	193	11411
ha	193	194	11425
ha	194	195	11399
ha	195	196	11339
ha	196	197	11450
ha	197	198	11241
ha	198	199	11275
ha	199	200	11168
ha	200	201	11195
ha	201	202	11330
ha	202	203	11746
ha	203	204	11941
ha	204	205	11933
ha	205	206	11970
ha	206	207	11959
ha	207	208	12228
ha	208	209	12220
ha	209	210	12211
ha	210	211	12242
ha	211	212	12002
ha	212	213	12084
ha	213	214	12123
ha	214	215	12261
ha	215	216	12231
ha	216	217	12303
ha	217	218	12386
ha	218	219	12369
ha	219	220	12435
ha	220	221	12457
ha	221	222	12372
ha	222	223	12284
ha	223	224	12330
ha	224	225	12404
ha	225	226	12585
ha	226	227	12653
ha	227	228	13128
ha	228	229	13104
ha	229	230	13135
ha	230	231	13137
ha	231	232	13138
ha	232	233	13172
ha	233	234	13165
ha	234	235	13487
ha	235	236	13520
ha	236	237	13230
ha	237	238	13468
ha	238	239	13565
ha	239	240	14062
ha	240	241	14173
ha	241	242	14169
ha	242	243	14389
ha	243	244	14056
ha	244	245	14283
ha	245	246	14301
ha	246	247	14236
ha	247	248	14297
ha	248	249	14166
ha	249	250	14080
ha	250	251	14244
ha	251	252	14168
ha	252	253	14176
ha	253	254	14249
ha	254	255	14286
ha	255	256	14379
ha	256	257	14287
ha	257	258	14256
ha	258	259	14356
ha	259	260	14352
ha	260	261	14383
ha	261	262	14478
ha	262	263	14500
ha	263	264	14557
ha	264	265	14470
ha	265	266	14333
ha	266	267	14225
ha	267	268	14414
ha	268	269	14377
ha	269	270	14350
ha	270	271	14211
ha	271	272	14218
ha	272	273	14202
ha	273	274	14240
ha	274	275	14232
ha	275	276	14281
ha	276	277	14128
ha	277	278	14124
ha	278	279	14065
ha	279	280	14062
ha	280	281	14177
ha	281	282	14140
ha	282	283	14274
ha	283	284	14297
ha	284	285	14397
ha	285	286	14495
ha	286	287	14474
ha	287	288	14484
ha	288	289	14504
ha	289	290	14317
ha	290	291	14377
ha	291	292	14104
ha	292	293	14378
ha	293	294	14376
ha	294	295	14393
ha	295	296	14428
ha	296	297	14420
ha	297	298	14415
ha	298	299	14515
ha	299	300	14400
ha	300	301	14130
ha	301	302	13682
ha	302	303	13657
ha	303	304	14831
ha	304	305	14779
ha	305	306	14954
ha	306	307	15031
ha	307	308	14918
ha	308	309	15913
ha	309	310	15866
ha	310	311	16023
ha	311	312	15917
ha	312	313	13643
ha	313	314	13754
ha	314	315	13632
ha	315	316	13598
ha	316	317	13603
ha	317	318	12859
ha	318	319	12875
ha	319	320	12702
ha	320	321	12677
ha	321	322	12973
ha	322	323	12931
ha	323	324	12929
ha	324	325	12911
ha	325	326	12866
ha	326	327	12828
ha	327	328	12857
ha	328	329	12854
ha	329	330	12800
ha	330	331	12292
ha	331	332	12527
ha	332	333	12621
ha	333	334	12632
ha	334	335	12585
ha	335	336	12559
ha	336	337	12552
ha	337	338	12553
ha	338	339	12475
ha	339	340	12532
ha	340	341	12419
ha	341	342	12221
ha	342	343	12823
ha	343	344	12811
ha	344	345	12921
ha	345	346	12916
ha	346	347	12956
ha	347	348	13083
ha	348	349	12995
ha	349	350	12989
ha	350	351	12986
ha	351	352	12326
ha	352	353	12351
ha	353	354	12200
ha	354	355	12195
ha	355	356	11996
ha	356	357	11899
ha	357	358	11884
ha	358	359	12006
ha	359	360	11986
ha	360	361	12080
ha	361	362	12037
ha	362	363	12015
ha	363	364	11941
ha	364	365	11989
ha	365	366	11637
ha	366	367	11727
ha	367	368	11305
ha	368	369	11416
ha	369	370	11358
ha	370	371	11388
ha	371	372	11377
ha	372	373	11297
ha	373	374	11385
ha	374	375	11177
ha	375	376	10856
ha	376	377	10849
ha	377	378	10701
ha	378	379	10750
ha	379	380	10719
ha	380	381	10801
ha	381	382	10752
ha	382	383	10655
ha	383	384	10564
ha	384	385	10607
ha	385	386	10593
ha	386	387	10602
ha	387	388	10541
ha	388	389	10482
ha	389	390	10267
ha	390	391	10301
ha	391	392	10169
ha	392	393	10181
ha	393	394	10168
ha	394	395	9868
ha	395	396	10221
ha	396	397	10142
ha	397	398	10198
ha	398	399	10223
ha	399	400	10020
ha	400	401	10009
ha	401	402	9994
ha	402	403	10012
ha	403	404	10006
ha	404	405	9536
ha	405	406	9507
ha	406	407	9522
ha	407	408	9527
ha	408	409	9478
ha	409	410	9537
ha	410	411	9631
ha	411	412	9632
ha	412	413	9622
ha	413	414	9509
ha	414	415	9646
ha	415	416	9972
ha	416	417	9980
ha	417	418	9986
ha	418	419	9981
ha	419	420	9914
ha	420	421	9998
ha	421	422	10091
ha	422	423	10115
ha	423	424	10028
ha	424	425	9793
ha	425	426	10219
ha	426	427	10459
ha	427	428	10540
ha	428	429	10544
ha	429	430	10578
ha	430	431	10575
ha	431	432	10561
ha	432	433	10602
ha	433	434	10516
ha	434	435	10559
ha	435	436	10277
ha	436	437	10286
ha	437	438	10303
ha	438	439	10226
ha	439	440	10222
ha	440	441	10280
ha	441	442	10261
ha	442	443	10186
ha	443	444	10129
ha	444	445	10062
ha	445	446	10091
ha	446	447	10122
ha	447	448	10269
ha	448	449	10398
ha	449	450	10365
ha	450	451	10401
ha	451	452	10409
ha	452	453	10415
ha	453	454	10362
ha	454	455	9991
ha	455	456	10049
ha	456	457	9949
ha	457	458	9989
ha	458	459	10389
ha	459	460	10433
ha	460	461	10591
ha	461	462	10529
ha	462	463	10525
ha	463	464	10516
ha	464	465	10409
ha	465	466	10517
ha	466	467	10550
ha	467	468	9842
ha	468	469	10078
ha	469	470	9878
ha	470	471	9971
ha	471	472	9950
ha	472	473	9891
ha	473	474	9924
ha	474	475	9807
ha	475	476	9832
ha	476	477	9833
ha	477	478	9756
ha	478	479	9821
ha	479	480	10103
ha	480	481	10090
ha	481	482	10161
ha	482	483	10120
ha	483	484	10421
ha	484	485	10484
ha	485	486	10499
ha	486	487	10561
ha	487	488	10450
ha	488	489	9990
ha	489	490	10000
ha	490	491	9959
ha	491	492	9964
ha	492	493	9455
ha	493	494	9420
ha	494	495	9390
ha	495	496	9374
ha	496	497	9367
ha	497	498	9311
ha	498	499	9323
ha	499	500	9321
ha	500	501	9407
ha	501	502	9404
ha	502	503	9353
ha	503	504	9357
ha	504	505	9386
ha	505	506	9376
ha	506	507	9425
ha	507	508	9397
ha	508	509	9352
ha	509	510	9452
ha	510	511	9363
ha	511	512	9402
ha	512	513	9437
ha	513	514	9402
ha	514	515	9457
ha	515	516	9445
ha	516	517	9478
ha	517	518	9522
ha	518	519	9339
ha	519	520	9458
ha	520	521	9407
ha	521	522	9540
ha	522	523	9632
ha	523	524	9539
ha	524	525	9467
ha	525	526	9425
ha	526	527	9469
ha	527	528	9452
ha	528	529	9438
ha	529	530	9439
ha	530	531	9315
ha	531	532	9273
ha	532	533	9268
ha	533	534	9219
ha	534	535	9292
ha	535	536	9090
ha	536	537	9065
ha	537	538	9081
ha	538	539	9057
ha	539	540	9410
ha	540	541	9405
ha	541	542	9421
ha	542	543	9426
ha	543	544	9383
ha	544	545	9417
ha	545	546	9393
ha	546	547	9447
ha	547	548	9369
ha	548	549	9068
ha	549	550	8935
ha	550	551	9041
ha	551	552	9372
ha	552	553	9225
ha	553	554	9254
ha	554	555	9221
ha	555	556	9047
ha	556	557	9063
ha	557	558	8901
ha	558	559	8975
ha	559	560	8834
ha	560	561	8349
ha	561	562	8302
ha	562	563	8491
ha	563	565	8612
ha	565	566	8578
ha	566	567	8587
ha	567	568	9513
ha	568	569	9502
ha	569	570	9563
ha	570	571	9556
ha	571	572	9226
ha	572	573	9158
ha	573	574	9101
ha	574	575	9132
ha	575	576	9091
ha	576	577	8322
ha	577	578	8296
ha	578	579	8301
ha	579	580	8309
ha	580	581	8331
ha	581	582	8354
ha	582	583	8383
ha	583	584	8399
ha	584	585	8388
ha	585	586	8321
ha	586	587	8451
ha	587	588	8418
ha	588	589	8590
ha	589	590	8976
ha	590	591	9268
ha	591	592	9606
ha	592	593	9594
ha	593	594	9599
ha	594	595	9594
ha	595	596	9587
ha	596	597	9576
ha	597	598	9469
ha	598	599	9472
ha	599	600	8955
ha	600	601	9151
ha	601	602	9025
ha	602	603	9079
ha	603	604	9087
ha	604	605	9034
ha	605	606	9159
ha	606	607	9090
ha	607	608	9075
ha	608	609	9047
ha	609	610	8879
ha	610	611	8874
ha	611	612	8809
ha	612	613	8954
ha	613	614	9022
ha	614	615	8936
ha	615	616	9049
ha	616	617	9034
ha	617	618	9299
ha	618	619	9372
ha	619	620	9295
ha	620	621	9274
ha	621	622	9326
ha	622	623	9186
ha	623	624	9392
ha	624	625	9277
ha	625	626	9330
ha	626	627	9338
ha	627	628	9230
ha	628	629	9258
ha	629	630	9452
ha	630	631	9333
ha	631	632	9377
ha	632	633	9076
ha	633	634	9091
ha	634	635	9018
ha	635	636	8980
ha	636	637	9028
ha	637	638	8998
ha	638	639	9007
ha	639	640	8977
ha	640	641	8967
ha	641	642	8880
ha	642	643	8876
ha	643	644	8943
ha	644	645	8863
ha	645	646	8927
ha	646	647	8906
ha	647	648	9032
ha	648	649	9062
ha	649	650	8977
ha	650	651	8965
ha	651	652	8920
ha	652	653	8872
ha	653	654	8817
ha	654	655	8869
ha	655	656	8742
ha	656	657	8641
ha	657	658	8391
ha	658	659	8394
ha	659	660	8440
ha	660	661	8400
ha	661	662	8140
ha	662	663	8307
ha	663	664	8341
ha	664	665	8308
ha	665	666	8482
ha	666	667	8550
ha	667	668	8488
ha	668	669	8526
ha	669	670	8470
ha	670	671	8495
ha	671	672	8475
ha	672	673	8364
ha	673	674	8388
ha	674	675	8283
ha	675	676	8182
ha	676	677	8192
ha	677	678	8170
ha	678	679	8185
ha	679	680	8328
ha	680	681	8323
ha	681	682	8291
ha	682	683	8256
ha	683	684	8244
ha	684	685	8286
ha	685	686	8399
ha	686	687	8522
ha	687	688	8459
ha	688	689	8497
ha	689	690	8381
ha	690	691	8393
ha	691	692	8481
ha	692	693	8457
ha	693	694	8506
ha	694	695	8379
ha	695	696	8078
ha	696	697	8067
ha	697	698	8079
ha	698	699	8168
ha	699	700	8179
ha	700	701	8045
ha	701	702	8072
ha	702	703	8006
ha	703	704	8015
ha	704	705	8032
ha	705	706	8006
ha	706	707	8066
ha	707	708	8001
ha	708	709	8014
ha	709	710	8042
ha	710	711	8058
ha	711	712	8072
ha	712	713	8052
ha	713	714	8022
ha	714	715	8053
ha	715	716	8061
ha	716	717	7847
ha	717	718	7842
ha	718	719	8002
ha	719	720	7988
ha	720	722	7975
ha	722	723	7967
ha	723	725	8060
ha	725	726	8043
ha	726	727	8057
ha	727	728	8000
ha	728	729	8016
ha	729	730	8036
ha	730	732	8095
ha	732	733	7988
ha	733	734	7977
ha	734	735	7960
ha	735	736	7981
ha	736	738	7863
ha	738	739	7869
ha	739	740	7761
ha	740	741	7647
ha	741	742	7716
ha	742	743	7756
ha	743	744	7801
ha	744	745	7798
ha	745	746	7804
ha	746	747	7839
ha	747	748	7865
ha	748	749	7852
ha	749	750	7890
ha	750	751	7589
ha	751	752	7541
ha	752	753	7507
ha	753	754	7530
ha	754	755	7599
ha	755	756	7535
ha	756	757	7542
ha	757	758	7463
ha	758	759	7484
ha	759	760	7760
ha	760	761	7766
ha	761	762	7779
ha	762	763	7752
ha	763	764	7651
ha	764	765	7685
ha	765	766	7686
ha	766	767	7706
ha	767	768	7705
ha	768	769	6888
ha	769	770	7074
ha	770	771	7168
ha	771	772	7304
ha	772	773	7402
ha	773	774	7392
ha	774	775	7403
ha	775	776	7413
ha	776	777	7384
ha	777	778	7369
ha	778	779	7384
ha	779	780	6983
ha	780	781	6702
ha	781	782	6715
ha	782	783	6720
ha	783	784	6749
ha	784	785	6715
ha	785	786	6773
ha	786	787	6768
ha	787	788	6774
ha	788	789	6766
ha	789	790	6619
ha	790	791	6624
ha	791	792	6612
ha	792	793	6647
ha	793	794	6639
ha	794	795	6366
ha	795	796	6392
ha	796	797	6372
ha	797	798	6403
ha	798	799	6381
ha	799	800	6358
ha	800	801	6310
ha	801	802	6332
ha	802	803	6201
ha	803	804	6241
ha	804	805	6199
ha	805	806	6142
ha	806	807	6158
ha	807	808	6168
ha	808	809	6198
ha	809	810	6187
ha	810	811	6106
ha	811	812	6094
ha	812	813	5866
ha	813	814	5864
ha	814	815	5850
ha	815	816	5876
ha	816	817	5905
ha	817	818	5861
ha	818	819	5878
ha	819	820	5834
ha	820	821	6823
ha	821	822	7156
ha	822	823	7124
ha	823	824	7342
ha	824	825	7362
ha	825	826	7546
ha	826	827	7935
ha	827	828	7968
ha	828	829	8044
ha	829	830	7621
ha	830	831	7550
ha	831	832	7537
ha	832	833	7480
ha	833	834	7506
ha	834	835	7617
ha	835	836	7408
ha	836	837	7372
ha	837	838	7421
ha	838	839	7360
ha	839	840	7461
ha	840	841	7473
ha	841	842	7525
ha	842	843	7500
ha	843	844	7380
ha	844	845	7496
ha	845	846	7494
ha	846	847	7599
ha	847	848	7608
ha	848	849	7643
ha	849	850	7824
ha	850	851	7861
ha	851	852	7872
ha	852	853	7867
ha	853	854	7839
ha	854	855	7853
ha	855	856	7899
ha	856	857	7920
ha	857	858	7899
ha	858	859	8037
ha	859	860	7908
ha	860	861	8142
ha	861	862	8124
ha	862	863	8144
ha	863	864	8204
ha	864	865	8137
ha	865	866	8392
ha	866	867	8382
ha	867	868	8291
ha	868	869	8344
ha	869	870	8167
ha	870	871	8268
ha	871	872	8249
ha	872	873	8186
ha	873	874	8185
ha	874	875	7846
ha	875	876	7967
ha	876	877	7920
ha	877	878	7914
ha	878	879	8049
ha	879	880	7947
ha	880	881	8075
ha	881	882	8049
ha	882	883	8229
ha	883	884	9033
ha	884	885	9139
ha	885	886	9147
ha	886	887	9099
ha	887	889	8968
ha	889	890	8974
ha	890	891	8968
ha	891	892	8864
ha	892	893	8550
ha	893	894	8172
ha	894	895	8626
ha	895	896	8621
ha	896	897	8661
ha	897	898	8651
ha	898	899	8435
ha	899	900	8426
ha	900	901	8522
ha	901	902	8483
ha	902	903	8552
ha	903	904	8131
ha	904	905	8106
ha	905	906	8064
ha	906	907	8097
ha	907	908	8267
ha	908	909	8368
ha	909	910	8266
ha	910	911	8155
ha	911	912	8065
ha	912	913	8045
ha	913	914	8042
ha	914	915	8524
ha	915	916	8506
ha	916	917	8339
ha	917	918	8334
ha	918	919	8314
ha	919	920	8316
ha	920	921	8291
ha	921	922	8238
ha	922	923	8188
ha	923	924	7814
ha	924	925	7701
ha	925	926	7733
ha	926	927	7752
ha	927	928	7795
ha	928	929	7845
ha	929	930	7836
ha	930	931	8103
ha	931	932	8113
ha	932	933	8216
ha	933	934	8258
ha	934	935	8270
ha	935	936	8600
ha	936	937	8611
ha	937	938	8662
ha	938	939	8689
ha	939	940	8601
ha	940	941	8671
ha	941	942	8609
ha	942	943	8606
ha	943	944	9071
ha	944	945	8998
ha	945	946	9053
ha	946	947	9182
ha	947	948	9172
ha	948	949	9478
ha	949	950	9440
ha	950	951	9425
ha	951	952	9474
ha	952	953	9316
ha	953	954	10442
ha	954	955	10631
ha	955	956	10632
ha	956	957	10795
ha	957	958	10639
ha	958	959	10683
ha	959	960	10582
ha	960	961	10789
ha	961	962	11017
ha	962	963	10837
ha	963	964	10882
ha	964	965	10909
ha	965	966	10874
ha	966	967	11051
ha	967	968	11006
ha	968	969	12180
ha	969	970	12145
ha	970	971	12164
ha	971	972	12052
ha	972	973	11996
ha	973	974	12045
ha	974	975	12000
ha	975	976	11994
ha	976	977	11967
ha	977	978	11557
ha	978	979	11546
ha	979	980	11519
ha	980	981	11697
ha	981	982	12027
ha	982	983	12043
ha	983	984	12082
ha	984	985	12067
ha	985	986	12290
ha	986	987	12383
ha	987	988	12487
ha	988	989	12606
ha	989	990	12673
ha	990	991	12587
ha	991	992	12581
ha	992	993	12569
ha	993	994	12619
ha	994	995	12718
ha	995	996	12724
ha	996	997	12913
ha	997	998	12927
ha	998	999	13027
ha	999	1000	13023
ha	1000	1001	13020
ha	1001	1002	12981
ha	1002	1003	13038
ha	1003	1004	13161
ha	1004	1005	13243
ha	1005	1006	13250
ha	1006	1007	13226
ha	1007	1008	13388
ha	1008	1009	13533
ha	1009	1010	13655
ha	1010	1011	13626
ha	1011	1012	13870
ha	1012	1013	13773
ha	1013	1014	13791
ha	1014	1015	13769
ha	1015	1016	13766
ha	1016	1017	13772
ha	1017	1018	13757
ha	1018	1019	13613
ha	1019	1020	13583
ha	1020	1021	13476
ha	1021	1022	13568
ha	1022	1023	13614
ha	1023	1024	13805
ha	1024	1025	13836
ha	1025	1026	13772
ha	1026	1027	14092
ha	1027	1028	14084
ha	1028	1029	14447
ha	1029	1030	14460
ha	1030	1031	14347
ha	1031	1032	14272
ha	1032	1033	14114
ha	1033	1034	13915
ha	1034	1035	13893
ha	1035	1036	13751
ha	1036	1037	13909
ha	1037	1038	13918
ha	1038	1039	13829
ha	1039	1040	13801
ha	1040	1041	13700
ha	1041	1042	13733
ha	1042	1043	13779
ha	1043	1044	13862
ha	1044	1045	13805
ha	1045	1046	13707
ha	1046	1047	13514
ha	1047	1048	13498
ha	1048	1049	13486
ha	1049	1050	13470
ha	1050	1051	13486
ha	1051	1052	13441
ha	1052	1053	13625
ha	1053	1054	13559
ha	1054	1055	13526
ha	1055	1056	13648
ha	1056	1057	13730
ha	1057	1058	13660
ha	1058	1059	13750
ha	1059	1060	13655
ha	1060	1061	13631
ha	1061	1062	13692
ha	1062	1063	13486
ha	1063	1064	13582
ha	1064	1065	13552
ha	1065	1066	13385
ha	1066	1067	13337
ha	1067	1068	13271
ha	1068	1069	13756
ha	1069	1070	13611
ha	1070	1071	13561
ha	1071	1072	13580
ha	1072	1073	13513
ha	1073	1074	13560
ha	1074	1075	13596
ha	1075	1076	13669
ha	1076	1077	13633
ha	1077	1078	13377
ha	1078	1079	13539
ha	1079	1080	13567
ha	1080	1081	13738
ha	1081	1082	13735
ha	1082	1083	13654
ha	1083	1084	13514
ha	1084	1085	14605
ha	1085	1086	15830
ha	1086	1087	16132
ha	1087	1088	15900
ha	1088	1089	15956
ha	1089	1091	16116
ha	1091	1092	16031
ha	1092	1093	15890
ha	1093	1094	15920
ha	1094	1095	13682
ha	1095	1096	13639
ha	1096	1097	13601
ha	1097	1098	13669
ha	1098	1099	13583
ha	1099	1101	13616
ha	1101	1102	13584
ha	1102	1103	13532
ha	1103	1104	13558
ha	1104	1105	13370
ha	1105	1106	13310
ha	1106	1107	13180
ha	1107	1108	13267
ha	1108	1109	13376
ha	1109	1110	13547
ha	1110	1111	13492
ha	1111	1112	13406
ha	1112	1113	13362
ha	1113	1114	13616
ha	1114	1115	13796
ha	1115	1116	13778
ha	1116	1117	13704
ha	1117	1118	13793
ha	1118	1119	13710
ha	1119	1120	13651
ha	1120	1121	13842
ha	1121	1122	14000
ha	1122	1123	13767
ha	1123	1124	13739
ha	1124	1125	14038
ha	1125	1126	14687
ha	1126	1127	14804
ha	1127	1128	14906
ha	1128	1129	14881
ha	1129	1130	15311
ha	1130	1131	15464
ha	1131	1132	15472
ha	1132	1133	15392
ha	1133	1134	15257
ha	1134	1135	15414
ha	1135	1136	15274
ha	1136	1137	15301
ha	1137	1138	16084
ha	1138	1139	15850
ha	1139	1140	15573
ha	1140	1141	15622
ha	1141	1142	15680
ha	1142	1143	16213
ha	1143	1144	16057
ha	1144	1145	15724
ha	1145	1146	15727
ha	1146	1147	15376
ha	1147	1148	16014
ha	1148	1149	16547
ha	1149	1150	16745
ha	1150	1151	16774
ha	1151	1152	16434
ha	1152	1153	16709
ha	1153	1154	16732
ha	1154	1155	16846
ha	1155	1156	16880
ha	1156	1157	16450
ha	1157	1158	16697
ha	1158	1159	16624
ha	1159	1160	17019
ha	1160	1161	17151
ha	1161	1162	17186
ha	1162	1163	17015
ha	1163	1164	16908
ha	1164	1165	16833
ha	1165	1166	16805
ha	1166	1167	16834
ha	1167	1168	16503
ha	1168	1169	16623
ha	1169	1170	16554
ha	1170	1171	16581
ha	1171	1172	16741
ha	1172	1173	16719
ha	1173	1174	16862
ha	1174	1175	16792
ha	1175	1176	16751
ha	1176	1177	16722
ha	1177	1178	16816
ha	1178	1179	16589
ha	1179	1180	16410
ha	1180	1181	16323
ha	1181	1182	16346
ha	1182	1183	16179
ha	1183	1184	16119
ha	1184	1185	16472
ha	1185	1186	16460
ha	1186	1187	16406
ha	1187	1188	16330
ha	1188	1189	16364
ha	1189	1190	16355
ha	1190	1191	16551
ha	1191	1192	16763
ha	1192	1193	17026
ha	1193	1194	16955
ha	1194	1195	16791
ha	1195	1196	16992
ha	1196	1197	17765
ha	1197	1198	17719
ha	1198	1199	17734
ha	1199	1200	17594
ha	1200	1201	17383
ha	1201	1202	17206
ha	1202	1203	17552
ha	1203	1204	17496
ha	1204	1205	17692
ha	1205	1206	17086
ha	1206	1207	17063
ha	1207	1208	17143
ha	1208	1209	17668
ha	1209	1210	17785
ha	1210	1211	17755
ha	1211	1212	17445
ha	1212	1213	17398
ha	1213	1214	17283
ha	1214	1215	17301
ha	1215	1216	17577
ha	1216	1217	17585
ha	1217	1218	17127
ha	1218	1219	16923
ha	1219	1220	16789
ha	1220	1221	17182
ha	1221	1222	17244
ha	1222	1223	17204
ha	1223	1224	17236
ha	1224	1225	16906
ha	1225	1226	17213
ha	1226	1227	17218
ha	1227	1228	17209
ha	1228	1229	17160
ha	1229	1230	16837
ha	1230	1231	16779
ha	1231	1232	16935
ha	1232	1233	16859
ha	1233	1234	16960
ha	1234	1235	16705
ha	1235	1236	16622
ha	1236	1237	16829
ha	1237	1238	16915
ha	1238	1239	16987
ha	1239	1240	16985
ha	1240	1241	16852
ha	1241	1242	16705
ha	1242	1243	16833
ha	1243	1244	16572
ha	1244	1245	16606
ha	1245	1246	16326
ha	1246	1247	16453
ha	1247	1248	16369
ha	1248	1249	16979
ha	1249	1250	16893
ha	1250	1251	16857
ha	1251	1252	16778
ha	1252	1253	16736
ha	1253	1254	16569
ha	1254	1255	16566
ha	1255	1256	16484
ha	1256	1257	16420
ha	1257	1258	15860
ha	1258	1259	16386
ha	1259	1260	16379
ha	1260	1261	16359
ha	1261	1262	16399
ha	1262	1263	16412
ha	1263	1264	16383
ha	1264	1265	16264
ha	1265	1266	16218
ha	1266	1267	16212
ha	1267	1268	16482
ha	1268	1269	15787
ha	1269	1270	16299
ha	1270	1271	16231
ha	1271	1272	16201
ha	1272	1273	16322
ha	1273	1274	16333
ha	1274	1275	16278
ha	1275	1276	16202
ha	1276	1277	15613
ha	1277	1278	15760
ha	1278	1279	15861
ha	1279	1280	15754
ha	1280	1281	15714
ha	1281	1282	15591
ha	1282	1283	15677
ha	1283	1284	15662
ha	1284	1285	15638
ha	1285	1286	15524
ha	1286	1287	15517
ha	1287	1288	15643
ha	1288	1289	15069
ha	1289	1290	15500
ha	1290	1291	15608
ha	1291	1292	15571
ha	1292	1293	15511
ha	1293	1294	15297
ha	1294	1295	15359
ha	1295	1296	15245
ha	1296	1297	15389
ha	1297	1298	15584
ha	1298	1299	15037
ha	1299	1300	14954
ha	1300	1301	14909
ha	1301	1302	15032
ha	1302	1303	15101
ha	1303	1304	15043
ha	1304	1305	15002
ha	1305	1306	14982
ha	1306	1307	15137
ha	1307	1308	15321
ha	1308	1309	15354
ha	1309	1310	15364
ha	1310	1311	15326
ha	1311	1312	15248
ha	1312	1313	15414
ha	1313	1314	15476
ha	1314	1315	15477
ha	1315	1316	15545
ha	1316	1317	15451
ha	1317	1318	15366
ha	1318	1319	15405
ha	1319	1320	15382
ha	1320	1321	15468
ha	1321	1322	15334
ha	1322	1323	15546
ha	1323	1324	15551
ha	1324	1325	15631
ha	1325	1326	16075
ha	1326	1327	16308
ha	1327	1328	16282
ha	1328	1329	16278
ha	1329	1330	16250
ha	1330	1331	16284
ha	1331	1332	16097
ha	1332	1333	16347
ha	1333	1334	16560
ha	1334	1335	16232
ha	1335	1336	16269
ha	1336	1337	16195
ha	1337	1338	16262
ha	1338	1339	16579
ha	1339	1340	16565
ha	1340	1341	16853
ha	1341	1342	17018
ha	1342	1343	16813
ha	1343	1344	17018
ha	1344	1345	17033
ha	1345	1346	17021
ha	1346	1347	17202
ha	1347	1348	16584
ha	1348	1349	16603
ha	1349	1350	16553
ha	1350	1351	15916
ha	1351	1352	16047
ha	1352	1353	16076
ha	1353	1354	16122
ha	1354	1355	16367
ha	1355	1356	16346
ha	1356	1357	16417
ha	1357	1358	16222
ha	1358	1359	16232
ha	1359	1360	16315
ha	1360	1361	16360
ha	1361	1362	16268
ha	1362	1363	16339
ha	1363	1364	16135
ha	1364	1365	16053
ha	1365	1366	16096
ha	1366	1367	16136
ha	1367	1368	16213
ha	1368	1369	16221
ha	1369	1370	16386
ha	1370	1371	16392
ha	1371	1372	16307
ha	1372	1373	16365
ha	1373	1374	16396
ha	1374	1375	16566
ha	1375	1376	16557
ha	1376	1377	16509
ha	1377	1378	16599
ha	1378	1379	16573
ha	1379	1380	16726
ha	1380	1381	16901
ha	1381	1382	16935
ha	1382	1383	17444
ha	1383	1384	17298
ha	1384	1385	17529
ha	1385	1386	17514
ha	1386	1387	17585
ha	1387	1388	17542
ha	1388	1389	17492
ha	1389	1390	17376
ha	1390	1391	17297
ha	1391	1392	17072
ha	1392	1393	17089
ha	1393	1394	16945
ha	1394	1395	16928
ha	1395	1396	16832
ha	1396	1397	16880
ha	1397	1398	17276
ha	1398	1399	17415
ha	1399	1400	17461
ha	1400	1401	17641
ha	1401	1402	17651
ha	1402	1403	17732
ha	1403	1404	18026
ha	1404	1405	18070
ha	1405	1406	18505
ha	1406	1407	18433
ha	1407	1408	18472
ha	1408	1409	18482
ha	1409	1410	18315
ha	1410	1411	18316
ha	1411	1412	18147
ha	1412	1413	18045
ha	1413	1414	18338
ha	1414	1415	18207
ha	1415	1416	18038
ha	1416	1417	18046
ha	1417	1418	18050
ha	1418	1419	18049
ha	1419	1420	17976
ha	1420	1421	17935
ha	1421	1422	18002
ha	1422	1423	17931
ha	1423	1424	17518
ha	1424	1425	17548
ha	1425	1426	17633
ha	1426	1427	17897
ha	1427	1428	17917
ha	1428	1429	17624
ha	1429	1430	17577
ha	1430	1431	17950
ha	1431	1432	18002
ha	1432	1433	18044
ha	1433	1434	17971
ha	1434	1435	17859
ha	1435	1436	17855
ha	1436	1437	17445
ha	1437	1438	18069
ha	1438	1439	18025
ha	1439	1440	17554
ha	1440	1441	17574
ha	1441	1442	17482
ha	1442	1443	17659
ha	1443	1444	17980
ha	1444	1445	17985
ha	1445	1446	17951
ha	1446	1447	17047
ha	1447	1448	16582
ha	1448	1449	17412
ha	1449	1450	17451
ha	1450	1451	17535
ha	1451	1452	17523
ha	1452	1453	16832
ha	1453	1454	16817
ha	1454	1455	16811
ha	1455	1456	16911
ha	1456	1457	16988
ha	1457	1458	15731
ha	1458	1459	15741
ha	1459	1460	15740
ha	1460	1461	15618
ha	1461	1462	16052
ha	1462	1464	16156
ha	1464	1465	16024
ha	1465	1466	15867
ha	1466	1467	15845
ha	1467	1468	15819
ha	1468	1469	15808
ha	1469	1470	15799
ha	1470	1471	15472
ha	1471	1472	15227
ha	1472	1473	15502
ha	1473	1474	15477
ha	1474	1475	15605
ha	1475	1476	15608
ha	1476	1477	15355
ha	1477	1478	15394
ha	1478	1479	15369
ha	1479	1480	15406
ha	1480	1481	15535
ha	1481	1482	15357
ha	1482	1483	15304
ha	1483	1484	15049
ha	1484	1485	15262
ha	1485	1486	15401
ha	1486	1487	15371
ha	1487	1488	15370
ha	1488	1489	15410
ha	1489	1490	15343
ha	1490	1491	15304
ha	1491	1492	15195
ha	1492	1493	15131
ha	1493	1494	15391
ha	1494	1495	15086
ha	1495	1496	15233
ha	1496	1497	15331
ha	1497	1498	15297
ha	1498	1499	15337
ha	1499	1500	15502
ha	1500	1501	15400
ha	1501	1502	15485
ha	1502	1503	14977
ha	1503	1504	15016
ha	1504	1505	15082
ha	1505	1506	15120
ha	1506	1507	15153
ha	1507	1508	15177
ha	1508	1509	15200
ha	1509	1510	15133
ha	1510	1511	15136
ha	1511	1512	14852
ha	1512	1513	14684
ha	1513	1514	14138
ha	1514	1515	14400
ha	1515	1516	13866
ha	1516	1517	13970
ha	1517	1518	13886
ha	1518	1519	13973
ha	1519	1520	13984
ha	1520	1521	14117
ha	1521	1522	14151
ha	1522	1523	14136
ha	1523	1524	13604
ha	1524	1525	13468
ha	1525	1526	13399
ha	1526	1527	13448
ha	1527	1528	13447
ha	1528	1529	13620
ha	1529	1530	13386
ha	1530	1531	13425
ha	1531	1532	13447
ha	1532	1533	13427
ha	1533	1534	13786
ha	1534	1535	13807
ha	1535	1536	13796
ha	1536	1537	13759
ha	1537	1538	13538
ha	1538	1539	13620
ha	1539	1540	13603
ha	1540	1541	13699
ha	1541	1542	13664
ha	1542	1543	13335
ha	1543	1544	13415
ha	1544	1545	13337
ha	1545	1546	13832
ha	1546	1547	13812
ha	1547	1548	13836
ha	1548	1549	13730
ha	1549	1550	13464
ha	1550	1551	13510
ha	1551	1552	13313
ha	1552	1553	13389
ha	1553	1554	13434
ha	1554	1555	12399
ha	1555	1556	12375
ha	1556	1557	12063
ha	1557	1558	12050
ha	1558	1559	12061
ha	1559	1560	12057
ha	1560	1561	12013
ha	1561	1562	11873
ha	1562	1563	11956
ha	1563	1564	12286
ha	1564	1565	12218
ha	1565	1566	12108
ha	1566	1567	12104
ha	1567	1568	12132
ha	1568	1569	12103
ha	1569	1570	12043
ha	1570	1571	11778
ha	1571	1572	11857
ha	1572	1573	11540
ha	1573	1574	11607
ha	1574	1575	11633
ha	1575	1576	11610
ha	1576	1577	11844
ha	1577	1578	11847
ha	1578	1579	11862
ha	1579	1580	11838
ha	1580	1581	11677
ha	1581	1582	11618
ha	1582	1583	11484
ha	1583	1584	11497
ha	1584	1585	11534
ha	1585	1586	11099
ha	1586	1587	11189
ha	1587	1588	11103
ha	1588	1589	11084
ha	1589	1590	11110
ha	1590	1591	11204
ha	1591	1592	11223
ha	1592	1593	11249
ha	1593	1594	11238
ha	1594	1595	11169
ha	1595	1596	10982
ha	1596	1597	10793
ha	1597	1598	10750
ha	1598	1599	10689
ha	1599	1600	10547
ha	1600	1601	10430
ha	1601	1602	10660
ha	1602	1603	10728
ha	1603	1604	10797
ha	1604	1605	10819
ha	1605	1606	10845
ha	1606	1607	10863
ha	1607	1608	10979
ha	1608	1609	10935
ha	1609	1610	10920
ha	1610	1611	10736
ha	1611	1612	10298
ha	1612	1613	10367
ha	1613	1614	10716
ha	1614	1615	10754
ha	1615	1616	10735
ha	1616	1617	10341
ha	1617	1618	10384
ha	1618	1619	10375
ha	1619	1620	10315
ha	1620	1621	10220
ha	1621	1622	10236
ha	1622	1623	9655
ha	1623	1624	9748
ha	1624	1625	9848
ha	1625	1626	9969
ha	1626	1627	9936
ha	1627	1628	9964
ha	1628	1629	9970
ha	1629	1630	10184
ha	1630	1631	9975
ha	1631	1632	10200
ha	1632	1633	10146
ha	1633	1634	10149
ha	1634	1635	10175
ha	1635	1636	10055
ha	1636	1637	10003
ha	1637	1638	10008
ha	1638	1639	9702
ha	1639	1640	9700
ha	1640	1641	9608
ha	1641	1642	9621
ha	1642	1643	9610
ha	1643	1644	9522
ha	1644	1645	9540
ha	1645	1646	9553
ha	1646	1647	9647
ha	1647	1648	9640
ha	1648	1649	9642
ha	1649	1650	9925
ha	1650	1651	9885
ha	1651	1652	9847
ha	1652	1653	9844
ha	1653	1654	9832
ha	1654	1655	9849
ha	1655	1656	9637
ha	1656	1657	9484
ha	1657	1658	9471
ha	1658	1659	9137
ha	1659	1660	9202
ha	1660	1661	9214
ha	1661	1662	9230
ha	1662	1663	9219
ha	1663	1664	9147
ha	1664	1665	9148
ha	1665	1666	9209
ha	1666	1667	9186
ha	1667	1668	9170
ha	1668	1669	9082
ha	1669	1670	8987
ha	1670	1671	8949
ha	1671	1672	8925
ha	1672	1673	8896
ha	1673	1674	8849
ha	1674	1675	8524
ha	1675	1676	8685
ha	1676	1677	8843
ha	1677	1678	8819
ha	1678	1679	8827
ha	1679	1680	8757
ha	1680	1681	9016
ha	1681	1682	9014
ha	1682	1683	9026
ha	1683	1684	8929
ha	1684	1685	8762
ha	1685	1686	8441
ha	1686	1687	8426
ha	1687	1688	8429
ha	1688	1689	8409
ha	1689	1690	8034
ha	1690	1691	7722
ha	1691	1692	7306
ha	1692	1693	7310
ha	1693	1694	7001
ha	1694	1695	7117
ha	1695	1696	7065
ha	1696	1697	7067
ha	1697	1698	7101
ha	1698	1699	7013
ha	1699	1700	7006
ha	1700	1701	7002
ha	1701	1702	6892
ha	1702	1703	6889
ha	1703	1704	6779
ha	1704	1706	6716
ha	1706	1707	6624
ha	1707	1708	6653
ha	1708	1709	6731
ha	1709	1710	6755
ha	1710	1711	6778
ha	1711	1712	6753
ha	1712	1713	6050
ha	1713	1714	6104
ha	1714	1715	5973
ha	1715	1716	6002
ha	1716	1717	6009
ha	1717	1718	5739
ha	1718	1719	5766
ha	1719	1720	5728
ha	1720	1721	5719
ha	1721	1722	5706
ha	1722	1723	5260
ha	1723	1724	5246
ha	1724	1725	5217
ha	1725	1726	5212
ha	1726	1727	5195
ha	1727	1728	5010
ha	1728	1729	4969
ha	1729	1730	4949
ha	1730	1731	4920
ha	1731	1732	4914
ha	1732	1733	4903
ha	1733	1734	4801
ha	1734	1735	4739
ha	1735	1736	4711
ha	1736	1737	4697
ha	1737	1738	4670
ha	1738	1739	4660
ha	1739	1740	4458
ha	1740	1741	4434
ha	1741	1742	4408
ha	1742	1743	4383
ha	1743	1744	4377
ha	1744	1745	4298
ha	1745	1746	4296
ha	1746	1747	4279
ha	1747	1748	4261
ha	1748	1749	4216
ha	1749	1750	4062
ha	1750	1751	3969
ha	1751	1752	3910
ha	1752	1753	3886
ha	1753	1754	3730
ha	1754	1755	3398
ha	1755	1756	3368
ha	1756	1757	3330
ha	1757	1758	3313
ha	1758	1759	3169
ha	1759	1760	3126
ha	1760	1761	3096
ha	1761	1762	2708
ha	1762	1763	2696
ha	1763	1764	2631
ha	1764	1765	2589
ha	1765	1766	2529
ha	1766	1767	2499
ha	1767	1768	2494
ha	1768	1769	2445
ha	1769	1770	2403
ha	1770	1771	2376
ha	1771	1772	1758
ha	1772	1773	1693
ha	1773	1774	1641
ha	1774	1775	1631
ha	1775	1776	328
mp	0	1	26
mp	1	4	32
mp	4	6	36
mp	6	8	38
mp	8	10	47
mp	10	11	54
mp	11	14	55
mp	14	15	57
mp	15	17	58
mp	17	21	66
mp	21	22	68
mp	22	24	70
mp	24	26	71
mp	26	29	72
mp	29	30	86
mp	30	31	90
mp	31	32	93
mp	32	37	97
mp	37	42	98
mp	42	43	100
mp	43	45	104
mp	45	47	105
mp	47	48	107
mp	48	49	108
mp	49	50	107
mp	50	51	113
mp	51	53	112
mp	53	54	113
mp	54	55	115
mp	55	56	116
mp	56	57	117
mp	57	58	124
mp	58	59	127
mp	59	60	128
mp	60	62	135
mp	62	64	141
mp	64	66	144
mp	66	69	143
mp	69	70	142
mp	70	72	143
mp	72	74	144
mp	74	77	146
mp	77	79	147
mp	79	80	148
mp	80	81	149
mp	81	83	152
mp	83	84	150
mp	84	85	152
mp	85	86	151
mp	86	87	150
mp	87	90	151
mp	90	92	149
mp	92	93	152
mp	93	94	151
mp	94	96	152
mp	96	97	149
mp	97	102	150
mp	102	103	152
mp	103	104	153
mp	104	105	167
mp	105	106	163
mp	106	107	165
mp	107	108	164
mp	108	109	166
mp	109	110	170
mp	110	111	171
mp	111	114	167
mp	114	115	169
mp	115	116	175
mp	116	117	179
mp	117	118	180
mp	118	119	177
mp	119	120	176
mp	120	121	178
mp	121	122	176
mp	122	126	177
mp	126	128	179
mp	128	129	176
mp	129	131	177
mp	131	132	176
mp	132	133	177
mp	133	134	171
mp	134	135	173
mp	135	136	171
mp	136	137	172
mp	137	138	178
mp	138	139	180
mp	139	141	179
mp	141	142	178
mp	142	145	177
mp	145	146	178
mp	146	147	177
mp	147	148	175
mp	148	149	174
mp	149	150	173
mp	150	152	174
mp	152	154	173
mp	154	155	172
mp	155	156	169
mp	156	157	166
mp	157	159	160
mp	159	160	167
mp	160	162	166
mp	162	164	167
mp	164	165	174
mp	165	166	177
mp	166	167	180
mp	167	168	179
mp	168	169	172
mp	169	170	176
mp	170	173	178
mp	173	174	177
mp	174	175	178
mp	175	176	180
mp	176	178	182
mp	178	180	172
mp	180	181	173
mp	181	182	172
mp	182	183	173
mp	183	184	170
mp	184	185	173
mp	185	186	175
mp	186	187	174
mp	187	189	173
mp	189	192	177
mp	192	193	175
mp	193	196	170
mp	196	197	173
mp	197	198	174
mp	198	200	173
mp	200	201	178
mp	201	202	177
mp	202	204	178
mp	204	205	180
mp	205	206	179
mp	206	207	180
mp	207	208	183
mp	208	209	181
mp	209	210	185
mp	210	211	186
mp	211	213	185
mp	213	214	187
mp	214	216	188
mp	216	218	191
mp	218	219	192
mp	219	221	191
mp	221	222	192
mp	222	225	197
mp	225	231	194
mp	231	232	188
mp	232	233	186
mp	233	235	188
mp	235	236	191
mp	236	237	198
mp	237	238	197
mp	238	239	198
mp	239	241	197
mp	241	243	199
mp	243	244	196
mp	244	245	199
mp	245	246	196
mp	246	249	197
mp	249	250	200
mp	250	251	201
mp	251	252	202
mp	252	253	203
mp	253	255	201
mp	255	256	195
mp	256	257	194
mp	257	258	195
mp	258	259	194
mp	259	260	190
mp	260	261	194
mp	261	262	193
mp	262	263	199
mp	263	265	201
mp	265	266	199
mp	266	267	198
mp	267	268	199
mp	268	269	197
mp	269	270	196
mp	270	272	195
mp	272	273	194
mp	273	274	197
mp	274	275	199
mp	275	276	201
mp	276	278	200
mp	278	279	203
mp	279	280	205
mp	280	281	202
mp	281	282	200
mp	282	283	197
mp	283	285	194
mp	285	288	193
mp	288	290	188
mp	290	291	186
mp	291	292	192
mp	292	295	194
mp	295	296	192
mp	296	297	191
mp	297	298	204
mp	298	299	216
mp	299	300	215
mp	300	301	209
mp	301	302	207
mp	302	303	206
mp	303	304	215
mp	304	306	219
mp	306	307	217
mp	307	308	205
mp	308	310	207
mp	310	311	206
mp	311	312	207
mp	312	313	202
mp	313	314	210
mp	314	315	211
mp	315	316	209
mp	316	317	210
mp	317	318	208
mp	318	319	214
mp	319	320	215
mp	320	321	212
mp	321	322	219
mp	322	323	215
mp	323	325	216
mp	325	326	212
mp	326	327	216
mp	327	328	213
mp	328	329	216
mp	329	330	215
mp	330	331	210
mp	331	333	211
mp	333	334	212
mp	334	335	215
mp	335	336	210
mp	336	337	211
mp	337	338	209
mp	338	339	213
mp	339	340	211
mp	340	341	212
mp	341	342	218
mp	342	343	223
mp	343	346	228
mp	346	347	235
mp	347	348	236
mp	348	350	240
mp	350	351	237
mp	351	352	244
mp	352	353	242
mp	353	355	241
mp	355	356	240
mp	356	357	238
mp	357	358	236
mp	358	360	238
mp	360	361	236
mp	361	362	237
mp	362	365	238
mp	365	366	231
mp	366	367	229
mp	367	368	228
mp	368	369	227
mp	369	370	228
mp	370	372	231
mp	372	373	230
mp	373	374	232
mp	374	375	226
mp	375	376	236
mp	376	377	235
mp	377	378	248
mp	378	379	247
mp	379	381	248
mp	381	382	252
mp	382	383	250
mp	383	384	251
mp	384	385	241
mp	385	386	240
mp	386	387	246
mp	387	388	245
mp	388	389	244
mp	389	390	246
mp	390	391	244
mp	391	392	246
mp	392	393	245
mp	393	394	246
mp	394	395	247
mp	395	396	241
mp	396	397	246
mp	397	398	247
mp	398	399	248
mp	399	400	247
mp	400	401	245
mp	401	402	250
mp	402	403	253
mp	403	404	255
mp	404	406	260
mp	406	408	259
mp	408	409	263
mp	409	410	268
mp	410	411	270
mp	411	412	266
mp	412	413	276
mp	413	414	274
mp	414	415	281
mp	415	416	293
mp	416	417	294
mp	417	418	298
mp	418	419	300
mp	419	420	297
mp	420	421	305
mp	421	422	299
mp	422	423	298
mp	423	424	297
mp	424	425	286
mp	425	426	295
mp	426	427	298
mp	427	428	297
mp	428	429	299
mp	429	430	293
mp	430	431	296
mp	431	433	305
mp	433	434	304
mp	434	435	296
mp	435	437	295
mp	437	438	294
mp	438	439	301
mp	439	440	299
mp	440	441	304
mp	441	444	302
mp	444	445	300
mp	445	446	302
mp	446	447	305
mp	447	448	301
mp	448	449	300
mp	449	450	296
mp	450	451	294
mp	451	452	298
mp	452	453	297
mp	453	454	296
mp	454	455	294
mp	455	456	293
mp	456	457	296
mp	457	458	301
mp	458	460	304
mp	460	462	299
mp	462	463	300
mp	463	465	308
mp	465	466	316
mp	466	467	300
mp	467	468	304
mp	468	470	306
mp	470	471	309
mp	471	472	300
mp	472	473	294
mp	473	475	297
mp	475	476	292
mp	476	477	293
mp	477	479	286
mp	479	480	283
mp	480	482	282
mp	482	484	272
mp	484	485	268
mp	485	486	267
mp	486	487	266
mp	487	488	267
mp	488	490	270
mp	490	493	271
mp	493	494	270
mp	494	495	267
mp	495	496	266
mp	496	497	263
mp	497	498	258
mp	498	499	259
mp	499	500	258
mp	500	501	255
mp	501	502	257
mp	502	503	256
mp	503	504	257
mp	504	505	262
mp	505	506	263
mp	506	507	267
mp	507	508	266
mp	508	510	270
mp	510	512	275
mp	512	513	273
mp	513	515	269
mp	515	516	268
mp	516	517	271
mp	517	520	269
mp	520	521	272
mp	521	523	270
mp	523	524	268
mp	524	525	266
mp	525	526	261
mp	526	527	246
mp	527	528	244
mp	528	529	243
mp	529	530	237
mp	530	531	238
mp	531	532	239
mp	532	533	232
mp	533	534	230
mp	534	535	232
mp	535	536	234
mp	536	537	231
mp	537	541	228
mp	541	542	229
mp	542	543	228
mp	543	544	226
mp	544	545	221
mp	545	546	222
mp	546	548	219
mp	548	551	220
mp	551	552	221
mp	552	553	223
mp	553	554	221
mp	554	555	217
mp	555	556	219
mp	556	557	215
mp	557	558	216
mp	558	559	219
mp	559	560	218
mp	560	561	219
mp	561	562	211
mp	562	563	222
mp	563	566	217
mp	566	567	208
mp	567	568	216
mp	568	569	215
mp	569	570	217
mp	570	571	212
mp	571	572	205
mp	572	573	236
mp	573	574	239
mp	574	575	242
mp	575	576	239
mp	576	577	233
mp	577	579	234
mp	579	580	243
mp	580	581	248
mp	581	583	235
mp	583	584	234
mp	584	585	237
mp	585	586	242
mp	586	587	247
mp	587	588	255
mp	588	589	243
mp	589	591	244
mp	591	592	245
mp	592	593	247
mp	593	594	245
mp	594	596	242
mp	596	597	240
mp	597	598	243
mp	598	599	244
mp	599	600	252
mp	600	602	255
mp	602	603	254
mp	603	604	253
mp	604	605	256
mp	605	608	260
mp	608	613	256
mp	613	614	260
mp	614	616	259
mp	616	617	260
mp	617	618	261
mp	618	619	260
mp	619	620	259
mp	620	621	262
mp	621	622	259
mp	622	623	265
mp	623	624	262
mp	624	625	265
mp	625	626	266
mp	626	627	268
mp	627	628	267
mp	628	629	270
mp	629	630	281
mp	630	631	279
mp	631	632	273
mp	632	634	276
mp	634	635	275
mp	635	636	273
mp	636	637	274
mp	637	638	268
mp	638	639	261
mp	639	640	260
mp	640	641	261
mp	641	642	262
mp	642	643	259
mp	643	644	262
mp	644	645	263
mp	645	646	262
mp	646	647	261
mp	647	648	259
mp	648	650	274
mp	650	651	273
mp	651	652	269
mp	652	653	267
mp	653	655	271
mp	655	656	270
mp	656	657	265
mp	657	658	262
mp	658	659	260
mp	659	660	262
mp	660	662	269
mp	662	663	266
mp	663	664	265
mp	664	665	267
mp	665	666	265
mp	666	667	268
mp	667	668	274
mp	668	669	273
mp	669	670	275
mp	670	671	271
mp	671	673	268
mp	673	674	267
mp	674	677	270
mp	677	678	282
mp	678	680	281
mp	680	681	284
mp	681	682	283
mp	682	683	285
mp	683	686	291
mp	686	687	288
mp	687	688	284
mp	688	689	285
mp	689	690	280
mp	690	691	295
mp	691	692	296
mp	692	693	295
mp	693	694	296
mp	694	695	295
mp	695	696	296
mp	696	698	301
mp	698	699	302
mp	699	701	299
mp	701	702	300
mp	702	703	301
mp	703	704	302
mp	704	705	303
mp	705	706	301
mp	706	707	303
mp	707	709	308
mp	709	710	309
mp	710	711	306
mp	711	712	308
mp	712	713	307
mp	713	714	303
mp	714	715	305
mp	715	716	304
mp	716	718	294
mp	718	719	292
mp	719	720	294
mp	720	721	291
mp	721	722	279
mp	722	723	275
mp	723	725	278
mp	725	726	276
mp	726	728	275
mp	728	729	271
mp	729	730	269
mp	730	731	266
mp	731	732	267
mp	732	733	264
mp	733	734	266
mp	734	735	264
mp	735	736	266
mp	736	737	260
mp	737	738	259
mp	738	740	260
mp	740	741	259
mp	741	742	258
mp	742	743	257
mp	743	744	260
mp	744	745	262
mp	745	746	266
mp	746	747	265
mp	747	748	262
mp	748	749	258
mp	749	750	254
mp	750	752	255
mp	752	753	256
mp	753	756	254
mp	756	757	256
mp	757	758	258
mp	758	760	262
mp	760	761	261
mp	761	763	262
mp	763	764	269
mp	764	765	268
mp	765	766	269
mp	766	767	270
mp	767	768	267
mp	768	769	266
mp	769	770	262
mp	770	772	261
mp	772	773	255
mp	773	774	256
mp	774	775	254
mp	775	777	255
mp	777	778	254
mp	778	779	253
mp	779	780	254
mp	780	781	249
mp	781	782	250
mp	782	783	251
mp	783	785	254
mp	785	786	258
mp	786	787	254
mp	787	788	258
mp	788	789	259
mp	789	790	260
mp	790	792	263
mp	792	794	261
mp	794	795	258
mp	795	796	260
mp	796	798	259
mp	798	799	253
mp	799	801	251
mp	801	802	253
mp	802	803	254
mp	803	804	253
mp	804	805	256
mp	805	807	262
mp	807	808	261
mp	808	812	262
mp	812	813	263
mp	813	814	262
mp	814	816	259
mp	816	817	258
mp	817	818	250
mp	818	819	257
mp	819	820	253
mp	820	821	257
mp	821	823	258
mp	823	824	259
mp	824	825	255
mp	825	826	256
mp	826	827	253
mp	827	828	251
mp	828	829	245
mp	829	830	238
mp	830	831	239
mp	831	832	233
mp	832	833	242
mp	833	834	237
mp	834	836	233
mp	836	837	225
mp	837	839	228
mp	839	841	218
mp	841	842	219
mp	842	844	220
mp	844	845	222
mp	845	846	224
mp	846	848	223
mp	848	849	221
mp	849	850	218
mp	850	851	220
mp	851	852	219
mp	852	853	222
mp	853	855	226
mp	855	856	230
mp	856	857	229
mp	857	859	227
mp	859	860	230
mp	860	861	231
mp	861	862	233
mp	862	863	234
mp	863	864	236
mp	864	865	233
mp	865	867	232
mp	867	868	233
mp	868	869	237
mp	869	870	236
mp	870	871	235
mp	871	872	231
mp	872	873	233
mp	873	874	236
mp	874	875	239
mp	875	877	243
mp	877	878	246
mp	878	879	248
mp	879	880	249
mp	880	883	250
mp	883	884	244
mp	884	885	236
mp	885	886	238
mp	886	887	236
mp	887	888	239
mp	888	890	243
mp	890	891	244
mp	891	892	248
mp	892	894	249
mp	894	895	246
mp	895	896	240
mp	896	897	241
mp	897	898	243
mp	898	899	242
mp	899	900	244
mp	900	903	242
mp	903	904	241
mp	904	905	243
mp	905	906	244
mp	906	907	245
mp	907	908	239
mp	908	909	240
mp	909	911	237
mp	911	912	239
mp	912	913	238
mp	913	914	233
mp	914	915	234
mp	915	916	233
mp	916	917	234
mp	917	918	233
mp	918	919	234
mp	919	920	233
mp	920	921	234
mp	921	922	231
mp	922	923	234
mp	923	924	228
mp	924	925	227
mp	925	926	223
mp	926	927	222
mp	927	929	220
mp	929	931	223
mp	931	933	211
mp	933	934	210
mp	934	935	203
mp	935	936	202
mp	936	937	198
mp	937	938	199
mp	938	939	197
mp	939	940	192
mp	940	941	191
mp	941	944	188
mp	944	945	187
mp	945	946	188
mp	946	951	186
mp	951	952	184
mp	952	954	185
mp	954	955	186
mp	955	956	184
mp	956	958	165
mp	958	959	163
mp	959	960	159
mp	960	961	158
mp	961	963	145
mp	963	964	143
mp	964	966	140
mp	966	968	123
mp	968	969	115
mp	969	970	107
mp	970	971	106
mp	971	973	105
mp	973	974	104
mp	974	975	102
mp	975	977	98
mp	977	978	93
mp	978	980	94
mp	980	983	93
mp	983	984	92
mp	984	987	91
mp	987	989	86
mp	989	994	83
mp	994	996	74
mp	996	999	72
mp	999	1000	62
mp	1000	1004	61
mp	1004	1005	56
mp	1005	1006	55
mp	1006	1009	51
mp	1009	1010	47
mp	1010	1011	45
mp	1011	1012	44
mp	1012	1017	32
mp	1017	1019	30
mp	1019	1022	28
mp	1022	1023	18
mp	1023	1025	16
mp	1025	1026	15
mp	1026	1027	6
np	0	1	564
np	1	2	724
np	2	4	727
np	4	5	815
np	5	6	837
np	6	7	842
np	7	8	849
np	8	9	852
np	9	10	853
np	10	11	920
np	11	12	933
np	12	13	1007
np	13	14	1012
np	14	15	1025
np	15	16	1098
np	16	17	1107
np	17	18	1148
np	18	19	1154
np	19	20	1288
np	20	21	1294
np	21	22	1349
np	22	23	1358
np	23	24	1421
np	24	25	1426
np	25	26	1460
np	26	27	1466
np	27	28	1505
np	28	29	1536
np	29	30	1576
np	30	31	1579
np	31	32	1607
np	32	33	1616
np	33	34	1643
np	34	35	1659
np	35	36	1722
np	36	37	1742
np	37	38	1751
np	38	39	1775
np	39	40	1790
np	40	41	1816
np	41	42	1877
np	42	43	1890
np	43	44	1894
np	44	45	1896
np	45	46	1905
np	46	47	1908
np	47	48	1911
np	48	49	1922
np	49	50	1931
np	50	51	1948
np	51	52	1976
np	52	53	2000
np	53	54	2004
np	54	55	2014
np	55	56	2009
np	56	57	2004
np	57	58	2007
np	58	59	2065
np	59	60	2059
np	60	61	2024
np	61	62	2046
np	62	63	2042
np	63	64	2057
np	64	65	2000
np	65	66	1979
np	66	67	1994
np	67	68	1986
np	68	69	1991
np	69	70	1987
np	70	71	2058
np	71	72	2084
np	72	73	2073
np	73	74	2085
np	74	75	2086
np	75	76	2117
np	76	77	2112
np	77	78	2084
np	78	79	2087
np	79	80	2068
np	80	81	2127
np	81	82	2131
np	82	83	2139
np	83	84	2147
np	84	85	2152
np	85	86	2154
np	86	87	2163
np	87	88	2209
np	88	89	2244
np	89	90	2241
np	90	91	2254
np	91	92	2251
np	92	93	2244
np	93	94	2256
np	94	95	2266
np	95	96	2268
np	96	97	2272
np	97	98	2250
np	98	99	2248
np	99	100	2261
np	100	101	2260
np	101	102	2288
np	102	103	2283
np	103	104	2286
np	104	105	2295
np	105	106	2289
np	106	107	2297
np	107	108	2291
np	108	109	2268
np	109	110	2276
np	110	111	2269
np	111	112	2296
np	112	113	2297
np	113	114	2295
np	114	115	2314
np	115	116	2319
np	116	117	2347
np	117	118	2346
np	118	119	2344
np	119	120	2353
np	120	121	2333
np	121	122	2354
np	122	123	2347
np	123	124	2355
np	124	125	2375
np	125	126	2362
np	126	127	2371
np	127	128	2408
np	128	129	2414
np	129	130	2447
np	130	131	2441
np	131	132	2440
np	132	133	2437
np	133	134	2458
np	134	135	2457
np	135	136	2432
np	136	137	2435
np	137	138	2420
np	138	139	2395
np	139	140	2388
np	140	141	2412
np	141	142	2420
np	142	143	2403
np	143	144	2416
np	144	145	2431
np	145	146	2435
np	146	147	2439
np	147	148	2435
np	148	149	2447
np	149	150	2433
np	150	151	2317
np	151	152	2284
np	152	153	2238
np	153	155	2240
np	155	156	2242
np	156	157	2243
np	157	158	2250
np	158	159	2319
np	159	160	2356
np	160	161	2420
np	161	162	2406
np	162	163	2410
np	163	164	2657
np	164	165	2686
np	165	166	2768
np	166	167	2747
np	167	168	2721
np	168	169	2759
np	169	170	2731
np	170	171	2923
np	171	172	2932
np	172	173	2862
np	173	174	2855
np	174	175	2812
np	175	176	2847
np	176	177	2840
np	177	178	2818
np	178	179	2796
np	179	180	2684
np	180	181	2716
np	181	182	2703
np	182	183	2741
np	183	184	2739
np	184	185	2732
np	185	186	2725
np	186	187	2729
np	187	188	2744
np	188	189	2774
np	189	190	2770
np	190	191	2744
np	191	192	2737
np	192	193	2720
np	193	194	2749
np	194	195	2770
np	195	196	2782
np	196	197	2800
np	197	198	2837
np	198	199	2865
np	199	200	2878
np	200	201	2865
np	201	203	2858
np	203	204	2850
np	204	205	2841
np	205	207	2837
np	207	208	2814
np	208	209	2823
np	209	210	2812
np	210	211	2809
np	211	212	2793
np	212	213	2857
np	213	215	2940
np	215	216	2951
np	216	217	2961
np	217	218	2944
np	218	219	2938
np	219	220	2911
np	220	221	2885
np	221	222	2909
np	222	223	2825
np	223	224	2886
np	224	225	2904
np	225	226	2899
np	226	227	2912
np	227	228	2900
np	228	229	3003
np	229	230	3138
np	230	231	3094
np	231	232	3108
np	232	233	3078
np	233	234	3088
np	234	235	3108
np	235	236	3098
np	236	237	3105
np	237	238	3000
np	238	239	2917
np	239	240	2932
np	240	241	2901
np	241	242	2893
np	242	243	2921
np	243	244	2963
np	244	245	2944
np	245	246	2951
np	246	247	2976
np	247	248	2960
np	248	249	2962
np	249	250	2956
np	250	252	2959
np	252	253	2981
np	253	254	2982
np	254	255	2973
np	255	256	2992
np	256	257	2989
np	257	258	2992
np	258	259	3023
np	259	260	3017
np	260	261	3010
np	261	262	3007
np	262	263	2973
np	263	264	3029
np	264	265	3015
np	265	266	3022
np	266	267	3044
np	267	268	3022
np	268	269	3033
np	269	270	3098
np	270	271	3108
np	271	273	3124
np	273	274	3112
np	274	275	3117
np	275	276	3135
np	276	277	3134
np	277	278	3150
np	278	279	3113
np	279	280	3121
np	280	281	3118
np	281	282	3119
np	282	283	3128
np	283	284	3110
np	284	285	3079
np	285	286	3123
np	286	287	3103
np	287	288	3098
np	288	289	3096
np	289	290	3073
np	290	291	3182
np	291	292	3175
np	292	293	3177
np	293	294	3160
np	294	295	3131
np	295	296	3176
np	296	297	3165
np	297	298	3205
np	298	299	3209
np	299	300	3157
np	300	302	3164
np	302	303	3178
np	303	304	3174
np	304	305	3111
np	305	306	3108
np	306	307	3123
np	307	308	3129
np	308	309	3122
np	309	310	3106
np	310	311	3090
np	311	312	3111
np	312	313	3110
np	313	314	3099
np	314	315	3028
np	315	316	2995
np	316	317	2959
np	317	318	2991
np	318	319	2924
np	319	320	2855
np	320	321	2794
np	321	322	2790
np	322	323	2796
np	323	324	2764
np	324	325	2787
np	325	326	2815
np	326	327	2780
np	327	328	2838
np	328	329	2842
np	329	330	2851
np	330	331	2960
np	331	332	2948
np	332	333	3008
np	333	334	2965
np	334	335	2945
np	335	336	2967
np	336	337	2949
np	337	338	3006
np	338	339	3005
np	339	340	2918
np	340	341	2925
np	341	342	2903
np	342	343	2883
np	343	344	2893
np	344	345	2858
np	345	346	2868
np	346	347	2835
np	347	348	2824
np	348	349	2830
np	349	350	2826
np	350	351	2825
np	351	352	2827
np	352	353	2816
np	353	354	2822
np	354	355	2815
np	355	356	2888
np	356	357	2890
np	357	358	2882
np	358	359	2893
np	359	360	2902
np	360	361	2907
np	361	362	2923
np	362	363	2882
np	363	364	2913
np	364	365	2862
np	365	366	2871
np	366	367	2882
np	367	368	2900
np	368	369	2925
np	369	370	2934
np	370	371	2940
np	371	372	2936
np	372	373	2977
np	373	374	2926
np	374	375	2958
np	375	376	2964
np	376	377	2984
np	377	378	2982
np	378	379	2964
np	379	380	2993
np	380	381	2957
np	381	382	2876
np	382	383	2899
np	383	384	2874
np	384	385	2916
np	385	386	2924
np	386	387	2918
np	387	388	2926
np	388	389	2844
np	389	390	2861
np	390	391	2868
np	391	392	2877
np	392	393	2893
np	393	394	2849
np	394	395	2857
np	395	396	2861
np	396	397	2851
np	397	398	2862
np	398	400	2871
np	400	402	2870
np	402	403	2868
np	403	404	2834
np	404	405	2840
np	405	406	2837
np	406	407	2842
np	407	408	2846
np	408	409	2865
np	409	410	2870
np	410	411	2924
np	411	412	2972
np	412	413	2970
np	413	414	2994
np	414	415	3032
np	415	416	3128
np	416	417	3143
np	417	418	3149
np	418	419	3222
np	419	420	3135
np	420	421	3105
np	421	422	3106
np	422	423	3056
np	423	424	3066
np	424	425	2973
np	425	426	3058
np	426	427	3040
np	427	428	3082
np	428	429	3093
np	429	430	3095
np	430	431	3099
np	431	432	3080
np	432	433	3063
np	433	434	3074
np	434	435	3002
np	435	436	3001
np	436	437	2981
np	437	438	2986
np	438	439	3043
np	439	440	3065
np	440	442	3061
np	442	443	3036
np	443	444	3083
np	444	445	3074
np	445	446	3068
np	446	447	3076
np	447	448	3151
np	448	449	3150
np	449	450	3194
np	450	451	3206
np	451	452	3203
np	452	453	3191
np	453	454	3186
np	454	455	3182
np	455	456	3192
np	456	457	3145
np	457	458	3174
np	458	459	3153
np	459	460	3163
np	460	461	3164
np	461	462	3173
np	462	463	3212
np	463	464	3226
np	464	466	3240
np	466	467	3246
np	467	468	3241
np	468	469	3291
np	469	470	3316
np	470	471	3308
np	471	472	3317
np	472	473	3298
np	473	474	3332
np	474	475	3328
np	475	476	3313
np	476	477	3327
np	477	478	3276
np	478	479	3257
np	479	480	3252
np	480	481	3263
np	481	482	3287
np	482	483	3237
np	483	484	3288
np	484	485	3290
np	485	486	3325
np	486	487	3357
np	487	488	3312
np	488	489	3408
np	489	490	3374
np	490	491	3297
np	491	492	3320
np	492	493	3279
np	493	494	3366
np	494	495	3327
np	495	496	3294
np	496	497	3312
np	497	498	3228
np	498	499	3221
np	499	500	3253
np	500	501	3242
np	501	502	3254
np	502	503	3203
np	503	504	3194
np	504	505	3192
np	505	506	3184
np	506	507	3196
np	507	508	3211
np	508	509	3169
np	509	510	3181
np	510	511	3173
np	511	512	3193
np	512	513	3225
np	513	514	3198
np	514	515	3191
np	515	516	3187
np	516	517	3251
np	517	518	3258
np	518	519	3274
np	519	520	3271
np	520	521	3203
np	521	522	3195
np	522	523	3199
np	523	524	3200
np	524	525	3292
np	525	526	3232
np	526	527	3219
np	527	528	3225
np	528	529	3276
np	529	530	3278
np	530	531	3249
np	531	532	3248
np	532	533	3141
np	533	534	3105
np	534	535	3064
np	535	536	3058
np	536	537	3065
np	537	538	3043
np	538	539	3133
np	539	540	3118
np	540	541	3168
np	541	542	3169
np	542	543	3161
np	543	545	3187
np	545	546	3181
np	546	547	3177
np	547	548	3085
np	548	549	3106
np	549	550	3057
np	550	551	3112
np	551	552	3105
np	552	553	3070
np	553	554	3077
np	554	555	3102
np	555	556	3123
np	556	557	3138
np	557	558	3123
np	558	559	3183
np	559	560	3148
np	560	561	3372
np	561	562	3359
np	562	563	3346
np	563	564	3350
np	564	565	3340
np	565	566	3339
np	566	567	3320
np	567	568	3221
np	568	569	3222
np	569	570	3098
np	570	571	3095
np	571	572	3076
np	572	573	3065
np	573	574	3058
np	574	575	3055
np	575	576	3050
np	576	577	3037
np	577	578	3031
np	578	579	3021
np	579	580	3045
np	580	581	3044
np	581	582	3040
np	582	583	3042
np	583	584	3046
np	584	585	3027
np	585	586	3026
np	586	587	3020
np	587	588	2989
np	588	589	3009
np	589	590	3003
np	590	591	3011
np	591	592	3064
np	592	593	3062
np	593	594	3082
np	594	595	3069
np	595	596	3057
np	596	597	3040
np	597	598	2974
np	598	599	3036
np	599	600	2974
np	600	601	2959
np	601	602	2937
np	602	603	2945
np	603	604	2952
np	604	605	3000
np	605	606	3001
np	606	607	2979
np	607	608	2962
np	608	609	2833
np	609	610	2869
np	610	611	2892
np	611	612	2900
np	612	613	2917
np	613	614	2792
np	614	615	2806
np	615	616	2864
np	616	617	2859
np	617	618	2853
np	618	619	2871
np	619	620	2844
np	620	621	2849
np	621	622	2841
np	622	623	2820
np	623	624	2827
np	624	625	2832
np	625	626	2846
np	626	627	2876
np	627	628	2811
np	628	629	2786
np	629	630	2774
np	630	631	2775
np	631	632	2763
np	632	633	2758
np	633	634	2763
np	634	635	2751
np	635	636	2750
np	636	637	2730
np	637	638	2720
np	638	639	2700
np	639	640	2679
np	640	641	2671
np	641	642	2625
np	642	643	2623
np	643	644	2662
np	644	645	2657
np	645	646	2684
np	646	647	2651
np	647	648	2669
np	648	649	2671
np	649	650	2670
np	650	651	2658
np	651	652	2659
np	652	653	2620
np	653	654	2607
np	654	655	2603
np	655	656	2606
np	656	657	2645
np	657	658	2644
np	658	659	2629
np	659	660	2695
np	660	661	2690
np	661	662	2687
np	662	663	2670
np	663	664	2664
np	664	665	2661
np	665	666	2654
np	666	667	2621
np	667	668	2613
np	668	669	2549
np	669	670	2576
np	670	671	2575
np	671	672	2572
np	672	673	2570
np	673	674	2555
np	674	675	2536
np	675	676	2494
np	676	677	2476
np	677	678	2494
np	678	679	2455
np	679	680	2451
np	680	681	2446
np	681	682	2465
np	682	683	2467
np	683	684	2480
np	684	685	2477
np	685	686	2490
np	686	687	2518
np	687	688	2507
np	688	689	2486
np	689	690	2479
np	690	691	2470
np	691	692	2469
np	692	693	2504
np	693	694	2499
np	694	695	2508
np	695	696	2468
np	696	697	2568
np	697	698	2567
np	698	700	2563
np	700	701	2583
np	701	702	2568
np	702	703	2578
np	703	704	2583
np	704	705	2587
np	705	706	2455
np	706	707	2463
np	707	708	2444
np	708	709	2476
np	709	710	2430
np	710	711	2416
np	711	712	2358
np	712	713	2367
np	713	714	2389
np	714	715	2369
np	715	716	2368
np	716	717	2365
np	717	718	2371
np	718	719	2389
np	719	720	2359
np	720	722	2367
np	722	723	2381
np	723	724	2383
np	724	725	2373
np	725	726	2368
np	726	727	2370
np	727	728	2372
np	728	729	2293
np	729	730	2284
np	730	731	2276
np	731	732	2339
np	732	733	2341
np	733	734	2350
np	734	735	2370
np	735	736	2361
np	736	737	2360
np	737	738	2359
np	738	739	2350
np	739	740	2385
np	740	741	2284
np	741	742	2295
np	742	743	2350
np	743	744	2339
np	744	745	2360
np	745	746	2367
np	746	747	2360
np	747	748	2389
np	748	749	2329
np	749	750	2309
np	750	751	2278
np	751	752	2289
np	752	753	2316
np	753	754	2309
np	754	755	2307
np	755	756	2303
np	756	757	2442
np	757	758	2464
np	758	759	2465
np	759	760	2458
np	760	761	2399
np	761	762	2354
np	762	763	2387
np	763	764	2393
np	764	765	2426
np	765	766	2290
np	766	767	2331
np	767	768	2349
np	768	769	2362
np	769	770	2355
np	770	771	2362
np	771	772	2312
np	772	773	2329
np	773	774	2344
np	774	775	2349
np	775	776	2290
np	776	777	2260
np	777	778	2230
np	778	779	2254
np	779	780	2264
np	780	781	2262
np	781	782	2263
np	782	783	2276
np	783	784	2284
np	784	785	2315
np	785	786	2335
np	786	787	2347
np	787	788	2345
np	788	789	2332
np	789	790	2340
np	790	791	2341
np	791	792	2346
np	792	793	2348
np	793	794	2314
np	794	796	2307
np	796	797	2314
np	797	798	2299
np	798	799	2320
np	799	801	2329
np	801	802	2343
np	802	803	2360
np	803	804	2346
np	804	805	2345
np	805	807	2338
np	807	808	2356
np	808	809	2355
np	809	810	2348
np	810	811	2349
np	811	812	2345
np	812	813	2381
np	813	815	2376
np	815	816	2377
np	816	817	2356
np	817	818	2378
np	818	819	2377
np	819	820	2364
np	820	821	2363
np	821	822	2371
np	822	823	2380
np	823	824	2381
np	824	825	2379
np	825	826	2391
np	826	827	2414
np	827	828	2463
np	828	829	2451
np	829	830	2456
np	830	831	2442
np	831	832	2547
np	832	833	2578
np	833	834	2581
np	834	835	2613
np	835	836	2560
np	836	837	2634
np	837	838	2675
np	838	839	2707
np	839	840	2709
np	840	841	2653
np	841	842	2585
np	842	843	2601
np	843	844	2586
np	844	845	2606
np	845	846	2558
np	846	847	2494
np	847	848	2505
np	848	849	2510
np	849	850	2514
np	850	851	2525
np	851	852	2508
np	852	853	2518
np	853	854	2492
np	854	855	2526
np	855	856	2570
np	856	858	2547
np	858	859	2637
np	859	860	2638
np	860	861	2651
np	861	862	2637
np	862	863	2659
np	863	864	2699
np	864	865	2642
np	865	866	2640
np	866	867	2628
np	867	868	2562
np	868	869	2592
np	869	870	2586
np	870	871	2604
np	871	872	2598
np	872	873	2591
np	873	874	2600
np	874	875	2595
np	875	876	2575
np	876	877	2600
np	877	878	2593
np	878	879	2591
np	879	880	2602
np	880	881	2628
np	881	882	2608
np	882	883	2622
np	883	884	2752
np	884	885	2775
np	885	886	2774
np	886	888	2797
np	888	889	2782
np	889	890	2837
np	890	891	2787
np	891	892	2765
np	892	893	2669
np	893	894	2660
np	894	895	2784
np	895	896	2766
np	896	897	2771
np	897	898	2789
np	898	899	2746
np	899	900	2798
np	900	901	2796
np	901	902	2793
np	902	903	2792
np	903	904	2719
np	904	905	2768
np	905	906	2759
np	906	907	2885
np	907	908	2850
np	908	909	2812
np	909	910	2806
np	910	911	2794
np	911	912	2808
np	912	913	2798
np	913	914	2748
np	914	915	2819
np	915	916	2696
np	916	917	2706
np	917	918	2684
np	918	919	2689
np	919	921	2681
np	921	922	2677
np	922	923	2679
np	923	924	2609
np	924	925	2663
np	925	926	2652
np	926	927	2693
np	927	928	2722
np	928	929	2733
np	929	930	2755
np	930	931	2747
np	931	932	2754
np	932	933	2784
np	933	934	2743
np	934	935	2829
np	935	936	2814
np	936	937	2809
np	937	938	2802
np	938	939	2848
np	939	940	2893
np	940	941	2892
np	941	942	2872
np	942	943	2857
np	943	944	2918
np	944	945	2911
np	945	946	2901
np	946	947	2905
np	947	948	2862
np	948	949	2885
np	949	950	2936
np	950	951	2943
np	951	952	2952
np	952	953	2934
np	953	954	2922
np	954	955	2932
np	955	956	2950
np	956	957	2959
np	957	958	2938
np	958	959	2942
np	959	960	2947
np	960	961	2962
np	961	962	2943
np	962	963	2976
np	963	965	3018
np	965	966	3025
np	966	967	3036
np	967	968	3033
np	968	969	3025
np	969	970	3006
np	970	971	2992
np	971	972	2991
np	972	973	2912
np	973	974	2939
np	974	975	2967
np	975	976	2968
np	976	977	2969
np	977	978	2968
np	978	979	3037
np	979	980	3060
np	980	981	3103
np	981	982	3106
np	982	983	3099
np	983	984	3100
np	984	985	3113
np	985	986	3149
np	986	987	3144
np	987	988	3090
np	988	989	3086
np	989	990	3180
np	990	991	3179
np	991	992	3178
np	992	993	3163
np	993	994	3119
np	994	995	3113
np	995	996	3064
np	996	997	3062
np	997	998	3011
np	998	999	2964
np	999	1000	2916
np	1000	1001	2912
np	1001	1002	2926
np	1002	1003	2919
np	1003	1004	2903
np	1004	1005	2893
np	1005	1006	2891
np	1006	1007	2882
np	1007	1008	2857
np	1008	1009	2827
np	1009	1010	2820
np	1010	1011	2788
np	1011	1012	2805
np	1012	1013	2809
np	1013	1014	2824
np	1014	1015	2874
np	1015	1016	2891
np	1016	1017	2874
np	1017	1018	2881
np	1018	1019	2899
np	1019	1020	2893
np	1020	1021	2871
np	1021	1022	2878
np	1022	1023	2870
np	1023	1024	2883
np	1024	1025	2862
np	1025	1026	2885
np	1026	1027	2883
np	1027	1028	2887
np	1028	1029	3047
np	1029	1030	3082
np	1030	1031	3067
np	1031	1032	3058
np	1032	1033	3055
np	1033	1034	3064
np	1034	1035	3018
np	1035	1036	3023
np	1036	1037	3044
np	1037	1038	2941
np	1038	1039	2988
np	1039	1040	2945
np	1040	1041	2981
np	1041	1042	2982
np	1042	1043	2985
np	1043	1044	3005
np	1044	1045	2954
np	1045	1047	2956
np	1047	1048	2902
np	1048	1049	2893
np	1049	1050	2882
np	1050	1051	2896
np	1051	1052	2895
np	1052	1053	2882
np	1053	1054	2910
np	1054	1055	2875
np	1055	1056	2891
np	1056	1057	2916
np	1057	1058	2863
np	1058	1059	2862
np	1059	1060	2863
np	1060	1061	2868
np	1061	1062	2894
np	1062	1063	2885
np	1063	1064	2941
np	1064	1065	2933
np	1065	1066	2923
np	1066	1067	2920
np	1067	1068	2928
np	1068	1069	2918
np	1069	1070	2929
np	1070	1071	2919
np	1071	1072	2967
np	1072	1073	2900
np	1073	1074	2946
np	1074	1075	2941
np	1075	1076	2930
np	1076	1077	2925
np	1077	1078	2926
np	1078	1079	2934
np	1079	1080	2943
np	1080	1081	2908
np	1081	1082	2931
np	1082	1083	2946
np	1083	1084	2942
np	1084	1085	2937
np	1085	1086	2916
np	1086	1087	2863
np	1087	1088	2876
np	1088	1089	2851
np	1089	1090	2865
np	1090	1091	2917
np	1091	1092	2954
np	1092	1093	2984
np	1093	1094	2973
np	1094	1095	2982
np	1095	1096	2996
np	1096	1097	3056
np	1097	1098	3054
np	1098	1099	3061
np	1099	1100	2988
np	1100	1101	2919
np	1101	1102	2973
np	1102	1103	2974
np	1103	1104	3007
np	1104	1105	3011
np	1105	1106	2981
np	1106	1107	2980
np	1107	1108	2976
np	1108	1109	3044
np	1109	1110	3008
np	1110	1111	2990
np	1111	1114	2971
np	1114	1115	2943
np	1115	1116	2955
np	1116	1117	2974
np	1117	1118	2926
np	1118	1119	2963
np	1119	1120	2954
np	1120	1121	2978
np	1121	1122	3028
np	1122	1123	3023
np	1123	1124	3042
np	1124	1125	3031
np	1125	1126	2987
np	1126	1127	3009
np	1127	1128	2982
np	1128	1129	2996
np	1129	1130	2988
np	1130	1131	2947
np	1131	1132	3022
np	1132	1133	3053
np	1133	1134	3085
np	1134	1135	3106
np	1135	1136	3105
np	1136	1137	3103
np	1137	1138	3093
np	1138	1139	3080
np	1139	1140	3032
np	1140	1141	2949
np	1141	1142	2966
np	1142	1143	2997
np	1143	1144	3025
np	1144	1145	3027
np	1145	1146	3034
np	1146	1147	3057
np	1147	1148	3060
np	1148	1149	3077
np	1149	1150	3073
np	1150	1151	3076
np	1151	1152	3073
np	1152	1153	3079
np	1153	1154	3086
np	1154	1155	3162
np	1155	1156	3136
np	1156	1157	3146
np	1157	1158	3154
np	1158	1159	3184
np	1159	1160	3200
np	1160	1161	3220
np	1161	1162	3231
np	1162	1163	3279
np	1163	1164	3194
np	1164	1165	3205
np	1165	1166	3194
np	1166	1167	3202
np	1167	1168	3213
np	1168	1169	3167
np	1169	1170	3228
np	1170	1171	3211
np	1171	1172	3242
np	1172	1173	3244
np	1173	1174	3216
np	1174	1175	3247
np	1175	1176	3253
np	1176	1177	3230
np	1177	1178	3297
np	1178	1180	3189
np	1180	1181	3152
np	1181	1182	3150
np	1182	1183	3173
np	1183	1184	3144
np	1184	1185	3123
np	1185	1186	3125
np	1186	1187	2986
np	1187	1188	3027
np	1188	1189	3006
np	1189	1190	3004
np	1190	1191	3051
np	1191	1192	3036
np	1192	1193	3059
np	1193	1194	3056
np	1194	1195	3026
np	1195	1196	3052
np	1196	1197	3111
np	1197	1198	3102
np	1198	1200	3078
np	1200	1201	2948
np	1201	1202	2972
np	1202	1203	2995
np	1203	1204	3005
np	1204	1205	2992
np	1205	1206	2884
np	1206	1207	2897
np	1207	1208	2899
np	1208	1209	2881
np	1209	1210	2872
np	1210	1211	2862
np	1211	1212	2815
np	1212	1213	2818
np	1213	1214	2817
np	1214	1215	2815
np	1215	1216	2798
np	1216	1217	2838
np	1217	1218	2848
np	1218	1219	2847
np	1219	1220	2852
np	1220	1221	2817
np	1221	1222	2843
np	1222	1223	2870
np	1223	1224	2862
np	1224	1225	2860
np	1225	1226	2871
np	1226	1227	2876
np	1227	1228	2850
np	1228	1229	2852
np	1229	1230	2876
np	1230	1231	2841
np	1231	1232	2868
np	1232	1233	2827
np	1233	1234	2952
np	1234	1235	2967
np	1235	1236	3022
np	1236	1237	3029
np	1237	1238	2971
np	1238	1239	2957
np	1239	1240	2963
np	1240	1241	2928
np	1241	1242	2925
np	1242	1243	2833
np	1243	1244	2850
np	1244	1245	2792
np	1245	1246	2798
np	1246	1247	2801
np	1247	1248	2777
np	1248	1249	2776
np	1249	1250	2840
np	1250	1251	2825
np	1251	1252	2829
np	1252	1253	2823
np	1253	1254	2797
np	1254	1255	2837
np	1255	1256	2840
np	1256	1257	2841
np	1257	1258	2840
np	1258	1259	2795
np	1259	1260	2834
np	1260	1261	2859
np	1261	1262	2902
np	1262	1263	2909
np	1263	1264	2827
np	1264	1265	2853
np	1265	1266	2860
np	1266	1267	2873
np	1267	1268	2862
np	1268	1269	2826
np	1269	1270	2828
np	1270	1271	2764
np	1271	1272	2873
np	1272	1273	2893
np	1273	1274	2892
np	1274	1275	2925
np	1275	1276	2909
np	1276	1277	2948
np	1277	1278	2945
np	1278	1279	2938
np	1279	1280	2953
np	1280	1281	2914
np	1281	1282	2763
np	1282	1283	2769
np	1283	1284	2691
np	1284	1285	2791
np	1285	1286	2769
np	1286	1287	2778
np	1287	1288	2777
np	1288	1289	2736
np	1289	1290	2750
np	1290	1291	2757
np	1291	1292	2802
np	1292	1293	2788
np	1293	1294	2684
np	1294	1295	2678
np	1295	1296	2672
np	1296	1297	2675
np	1297	1298	2682
np	1298	1299	2711
np	1299	1300	2721
np	1300	1301	2698
np	1301	1302	2727
np	1302	1303	2718
np	1303	1304	2715
np	1304	1305	2714
np	1305	1306	2706
np	1306	1307	2709
np	1307	1308	2717
np	1308	1309	2688
np	1309	1310	2691
np	1310	1311	2654
np	1311	1312	2657
np	1312	1313	2638
np	1313	1314	2596
np	1314	1315	2598
np	1315	1316	2606
np	1316	1317	2624
np	1317	1318	2610
np	1318	1319	2577
np	1319	1320	2571
np	1320	1321	2559
np	1321	1322	2552
np	1322	1323	2530
np	1323	1324	2514
np	1324	1325	2505
np	1325	1326	2433
np	1326	1327	2447
np	1327	1328	2418
np	1328	1329	2427
np	1329	1330	2419
np	1330	1331	2412
np	1331	1332	2410
np	1332	1333	2414
np	1333	1334	2415
np	1334	1335	2417
np	1335	1336	2410
np	1336	1337	2455
np	1337	1338	2441
np	1338	1339	2420
np	1339	1340	2416
np	1340	1341	2427
np	1341	1342	2424
np	1342	1343	2417
np	1343	1344	2399
np	1344	1345	2404
np	1345	1346	2418
np	1346	1347	2410
np	1347	1348	2387
np	1348	1349	2406
np	1349	1350	2408
np	1350	1351	2374
np	1351	1352	2380
np	1352	1353	2362
np	1353	1354	2361
np	1354	1355	2374
np	1355	1356	2347
np	1356	1357	2341
np	1357	1358	2332
np	1358	1359	2327
np	1359	1360	2332
np	1360	1361	2316
np	1361	1362	2325
np	1362	1363	2291
np	1363	1364	2232
np	1364	1365	2229
np	1365	1366	2225
np	1366	1367	2242
np	1367	1368	2237
np	1368	1369	2225
np	1369	1370	2219
np	1370	1371	2142
np	1371	1372	2148
np	1372	1373	2116
np	1373	1374	2131
np	1374	1375	2150
np	1375	1376	2096
np	1376	1377	2115
np	1377	1378	2166
np	1378	1379	2155
np	1379	1380	2156
np	1380	1381	2148
np	1381	1382	2165
np	1382	1383	2101
np	1383	1384	2065
np	1384	1385	2004
np	1385	1386	1925
np	1386	1387	1954
np	1387	1388	1989
np	1388	1389	2002
np	1389	1390	2013
np	1390	1391	1984
np	1391	1392	1969
np	1392	1393	1972
np	1393	1394	1978
np	1394	1395	1990
np	1395	1396	1981
np	1396	1397	1986
np	1397	1398	1987
np	1398	1399	1970
np	1399	1400	1979
np	1400	1401	1976
np	1401	1402	1999
np	1402	1403	1991
np	1403	1404	1952
np	1404	1405	1959
np	1405	1407	1957
np	1407	1408	1970
np	1408	1409	1947
np	1409	1410	1903
np	1410	1411	1913
np	1411	1412	1891
np	1412	1413	1932
np	1413	1414	1926
np	1414	1415	2013
np	1415	1416	1995
np	1416	1417	2020
np	1417	1418	2024
np	1418	1419	2032
np	1419	1420	2018
np	1420	1421	2004
np	1421	1422	1996
np	1422	1423	1964
np	1423	1424	1960
np	1424	1425	1945
np	1425	1426	1896
np	1426	1427	1900
np	1427	1428	1902
np	1428	1429	1901
np	1429	1430	1910
np	1430	1431	1919
np	1431	1432	1946
np	1432	1433	1913
np	1433	1434	1942
np	1434	1435	1953
np	1435	1436	1962
np	1436	1437	1957
np	1437	1438	1960
np	1438	1439	1948
np	1439	1440	1954
np	1440	1441	1911
np	1441	1442	1899
np	1442	1443	1919
np	1443	1444	1917
np	1444	1445	1923
np	1445	1446	1925
np	1446	1447	1939
np	1447	1448	1934
np	1448	1449	1924
np	1449	1450	1916
np	1450	1451	1911
np	1451	1452	1897
np	1452	1453	1900
np	1453	1454	1897
np	1454	1455	1902
np	1455	1457	1901
np	1457	1458	1894
np	1458	1459	1887
np	1459	1460	1879
np	1460	1461	1884
np	1461	1462	1836
np	1462	1463	1827
np	1463	1464	1820
np	1464	1465	1807
np	1465	1466	1793
np	1466	1467	1797
np	1467	1468	1800
np	1468	1469	1805
np	1469	1470	1786
np	1470	1471	1790
np	1471	1472	1781
np	1472	1474	1791
np	1474	1475	1785
np	1475	1476	1773
np	1476	1477	1763
np	1477	1478	1791
np	1478	1479	1786
np	1479	1481	1764
np	1481	1482	1760
np	1482	1483	1771
np	1483	1484	1768
np	1484	1485	1765
np	1485	1486	1759
np	1486	1487	1582
np	1487	1488	1593
np	1488	1489	1580
np	1489	1490	1595
np	1490	1491	1601
np	1491	1492	1563
np	1492	1493	1572
np	1493	1494	1565
np	1494	1495	1562
np	1495	1496	1551
np	1496	1497	1441
np	1497	1498	1437
np	1498	1499	1359
np	1499	1500	1362
np	1500	1501	1364
np	1501	1502	1348
np	1502	1503	1331
np	1503	1504	1327
np	1504	1506	1322
np	1506	1507	1310
np	1507	1508	1301
np	1508	1509	1279
np	1509	1510	1232
np	1510	1511	1228
np	1511	1512	1220
np	1512	1514	1217
np	1514	1515	1211
np	1515	1516	1207
np	1516	1517	1198
np	1517	1518	1191
np	1518	1519	1150
np	1519	1520	1146
np	1520	1521	1142
np	1521	1522	1141
np	1522	1523	1139
np	1523	1524	1092
np	1524	1525	1090
np	1525	1526	1081
np	1526	1527	1038
np	1527	1528	1029
np	1528	1530	796
np	1530	1531	728
np	1531	1532	721
np	1532	1533	719
np	1533	1534	691
np	1534	1535	689
np	1535	1536	671
np	1536	1538	485
np	1538	1539	400
np	1539	1540	391
np	1540	1541	382
np	1541	1542	384
np	1542	1543	383
np	1543	1544	382
np	1544	1545	344
np	1545	1546	343
np	1546	1547	334
np	1547	1549	333
np	1549	1551	329
np	1551	1552	324
np	1552	1553	308
np	1553	1554	296
np	1554	1555	285
np	1555	1557	282
np	1557	1558	278
np	1558	1559	277
np	1559	1560	273
np	1560	1561	245
np	1561	1562	229
np	1562	1564	227
np	1564	1565	44
pb1	0	1	141
pb1	1	4	153
pb1	4	8	157
pb1	8	9	167
pb1	9	11	169
pb1	11	12	170
pb1	12	13	172
pb1	13	14	173
pb1	14	15	174
pb1	15	16	175
pb1	16	17	191
pb1	17	18	193
pb1	18	19	199
pb1	19	20	203
pb1	20	22	204
pb1	22	24	205
pb1	24	27	208
pb1	27	28	213
pb1	28	29	216
pb1	29	30	218
pb1	30	32	222
pb1	32	33	227
pb1	33	37	229
pb1	37	39	232
pb1	39	40	247
pb1	40	42	248
pb1	42	44	253
pb1	44	45	256
pb1	45	47	258
pb1	47	49	259
pb1	49	51	262
pb1	51	53	260
pb1	53	55	263
pb1	55	57	261
pb1	57	58	265
pb1	58	59	261
pb1	59	61	259
pb1	61	62	257
pb1	62	63	256
pb1	63	64	258
pb1	64	68	256
pb1	68	70	259
pb1	70	71	269
pb1	71	72	271
pb1	72	73	279
pb1	73	74	280
pb1	74	75	277
pb1	75	77	279
pb1	77	78	294
pb1	78	79	290
pb1	79	81	293
pb1	81	82	290
pb1	82	83	304
pb1	83	84	299
pb1	84	85	298
pb1	85	86	297
pb1	86	87	296
pb1	87	88	309
pb1	88	89	308
pb1	89	90	336
pb1	90	91	338
pb1	91	92	334
pb1	92	93	348
pb1	93	94	346
pb1	94	95	357
pb1	95	96	355
pb1	96	97	353
pb1	97	98	360
pb1	98	99	341
pb1	99	101	342
pb1	101	103	337
pb1	103	104	333
pb1	104	105	335
pb1	105	108	354
pb1	108	109	369
pb1	109	110	368
pb1	110	112	370
pb1	112	113	369
pb1	113	114	371
pb1	114	115	368
pb1	115	116	372
pb1	116	117	374
pb1	117	118	370
pb1	118	119	373
pb1	119	120	372
pb1	120	121	371
pb1	121	122	382
pb1	122	123	380
pb1	123	125	377
pb1	125	126	368
pb1	126	127	377
pb1	127	128	384
pb1	128	130	380
pb1	130	131	386
pb1	131	132	381
pb1	132	133	392
pb1	133	134	391
pb1	134	135	403
pb1	135	136	394
pb1	136	137	395
pb1	137	139	397
pb1	139	140	404
pb1	140	141	387
pb1	141	142	389
pb1	142	143	386
pb1	143	144	402
pb1	144	145	403
pb1	145	146	404
pb1	146	147	400
pb1	147	148	407
pb1	148	149	450
pb1	149	150	445
pb1	150	151	443
pb1	151	152	442
pb1	152	153	458
pb1	153	154	459
pb1	154	156	463
pb1	156	157	457
pb1	157	158	460
pb1	158	159	436
pb1	159	160	437
pb1	160	161	436
pb1	161	162	420
pb1	162	163	446
pb1	163	164	448
pb1	164	165	457
pb1	165	166	458
pb1	166	167	456
pb1	167	168	468
pb1	168	169	466
pb1	169	171	477
pb1	171	174	471
pb1	174	175	477
pb1	175	176	483
pb1	176	177	482
pb1	177	178	481
pb1	178	179	476
pb1	179	180	477
pb1	180	181	481
pb1	181	182	482
pb1	182	183	488
pb1	183	184	483
pb1	184	185	481
pb1	185	187	488
pb1	187	188	494
pb1	188	189	501
pb1	189	190	507
pb1	190	191	510
pb1	191	195	503
pb1	195	196	502
pb1	196	197	504
pb1	197	198	527
pb1	198	199	525
pb1	199	200	523
pb1	200	201	515
pb1	201	202	516
pb1	202	203	515
pb1	203	204	534
pb1	204	205	528
pb1	205	206	526
pb1	206	207	506
pb1	207	208	510
pb1	208	211	506
pb1	211	212	515
pb1	212	213	509
pb1	213	214	517
pb1	214	217	509
pb1	217	218	503
pb1	218	219	504
pb1	219	220	503
pb1	220	221	500
pb1	221	222	496
pb1	222	223	487
pb1	223	224	489
pb1	224	225	494
pb1	225	226	492
pb1	226	227	485
pb1	227	229	475
pb1	229	230	478
pb1	230	231	481
pb1	231	232	479
pb1	232	233	477
pb1	233	234	478
pb1	234	235	479
pb1	235	236	480
pb1	236	237	482
pb1	237	238	481
pb1	238	239	476
pb1	239	241	455
pb1	241	242	454
pb1	242	243	466
pb1	243	244	472
pb1	244	245	467
pb1	245	246	462
pb1	246	247	467
pb1	247	248	472
pb1	248	249	473
pb1	249	250	475
pb1	250	251	468
pb1	251	252	472
pb1	252	253	456
pb1	253	255	454
pb1	255	256	453
pb1	256	257	455
pb1	257	258	462
pb1	258	260	465
pb1	260	261	463
pb1	261	262	464
pb1	262	263	468
pb1	263	264	478
pb1	264	265	486
pb1	265	266	496
pb1	266	267	491
pb1	267	268	490
pb1	268	269	493
pb1	269	270	492
pb1	270	271	497
pb1	271	272	495
pb1	272	273	494
pb1	273	274	509
pb1	274	275	498
pb1	275	276	505
pb1	276	277	504
pb1	277	278	507
pb1	278	279	508
pb1	279	280	506
pb1	280	281	503
pb1	281	282	497
pb1	282	283	490
pb1	283	284	499
pb1	284	285	489
pb1	285	287	491
pb1	287	288	500
pb1	288	289	493
pb1	289	290	490
pb1	290	291	491
pb1	291	292	490
pb1	292	293	487
pb1	293	294	484
pb1	294	295	480
pb1	295	296	478
pb1	296	297	464
pb1	297	298	466
pb1	298	299	464
pb1	299	300	457
pb1	300	301	459
pb1	301	302	458
pb1	302	303	459
pb1	303	304	457
pb1	304	305	507
pb1	305	306	518
pb1	306	307	517
pb1	307	308	516
pb1	308	309	510
pb1	309	310	511
pb1	310	311	527
pb1	311	312	526
pb1	312	313	529
pb1	313	314	477
pb1	314	315	482
pb1	315	316	478
pb1	316	317	483
pb1	317	318	480
pb1	318	319	491
pb1	319	320	493
pb1	320	321	496
pb1	321	322	499
pb1	322	323	497
pb1	323	324	490
pb1	324	325	491
pb1	325	326	496
pb1	326	327	490
pb1	327	328	488
pb1	328	329	483
pb1	329	330	486
pb1	330	331	473
pb1	331	332	474
pb1	332	333	477
pb1	333	335	471
pb1	335	336	469
pb1	336	337	467
pb1	337	339	465
pb1	339	340	451
pb1	340	341	448
pb1	341	342	447
pb1	342	343	448
pb1	343	344	451
pb1	344	345	450
pb1	345	346	452
pb1	346	347	453
pb1	347	348	446
pb1	348	349	444
pb1	349	351	439
pb1	351	352	438
pb1	352	353	442
pb1	353	354	445
pb1	354	355	442
pb1	355	356	441
pb1	356	357	440
pb1	357	358	442
pb1	358	359	443
pb1	359	360	444
pb1	360	361	445
pb1	361	362	438
pb1	362	363	433
pb1	363	364	434
pb1	364	365	432
pb1	365	366	433
pb1	366	367	437
pb1	367	368	432
pb1	368	369	434
pb1	369	370	441
pb1	370	371	447
pb1	371	372	446
pb1	372	374	444
pb1	374	376	445
pb1	376	377	447
pb1	377	378	436
pb1	378	379	435
pb1	379	380	426
pb1	380	381	432
pb1	381	382	433
pb1	382	384	432
pb1	384	385	429
pb1	385	386	441
pb1	386	387	443
pb1	387	388	439
pb1	388	389	438
pb1	389	390	439
pb1	390	391	448
pb1	391	392	450
pb1	392	393	444
pb1	393	394	438
pb1	394	397	422
pb1	397	398	421
pb1	398	399	426
pb1	399	400	423
pb1	400	401	425
pb1	401	402	424
pb1	402	403	434
pb1	403	404	432
pb1	404	405	443
pb1	405	406	448
pb1	406	407	449
pb1	407	408	448
pb1	408	409	437
pb1	409	410	442
pb1	410	412	446
pb1	412	413	444
pb1	413	414	435
pb1	414	415	422
pb1	415	416	415
pb1	416	417	412
pb1	417	418	420
pb1	418	419	424
pb1	419	420	418
pb1	420	421	420
pb1	421	422	414
pb1	422	424	417
pb1	424	425	411
pb1	425	426	409
pb1	426	427	402
pb1	427	428	408
pb1	428	429	410
pb1	429	431	406
pb1	431	432	404
pb1	432	433	396
pb1	433	434	393
pb1	434	436	390
pb1	436	437	389
pb1	437	438	388
pb1	438	439	386
pb1	439	440	387
pb1	440	441	386
pb1	441	442	387
pb1	442	443	393
pb1	443	444	392
pb1	444	445	393
pb1	445	446	399
pb1	446	447	395
pb1	447	448	418
pb1	448	449	419
pb1	449	450	420
pb1	450	451	421
pb1	451	452	413
pb1	452	453	452
pb1	453	454	454
pb1	454	456	443
pb1	456	457	414
pb1	457	458	440
pb1	458	459	445
pb1	459	460	454
pb1	460	461	486
pb1	461	462	433
pb1	462	463	444
pb1	463	464	443
pb1	464	465	442
pb1	465	466	443
pb1	466	467	424
pb1	467	468	421
pb1	468	469	426
pb1	469	470	394
pb1	470	471	401
pb1	471	474	400
pb1	474	475	397
pb1	475	476	396
pb1	476	478	393
pb1	478	479	391
pb1	479	480	383
pb1	480	482	389
pb1	482	483	394
pb1	483	484	392
pb1	484	485	400
pb1	485	486	396
pb1	486	487	401
pb1	487	488	406
pb1	488	489	405
pb1	489	490	402
pb1	490	491	403
pb1	491	492	397
pb1	492	493	404
pb1	493	494	412
pb1	494	495	414
pb1	495	497	412
pb1	497	498	413
pb1	498	501	432
pb1	501	502	430
pb1	502	503	431
pb1	503	504	428
pb1	504	505	432
pb1	505	506	436
pb1	506	507	437
pb1	507	508	423
pb1	508	509	430
pb1	509	510	432
pb1	510	511	446
pb1	511	512	436
pb1	512	513	433
pb1	513	514	438
pb1	514	515	437
pb1	515	516	438
pb1	516	517	443
pb1	517	518	440
pb1	518	519	442
pb1	519	521	421
pb1	521	522	429
pb1	522	523	432
pb1	523	524	433
pb1	524	525	437
pb1	525	526	434
pb1	526	527	438
pb1	527	529	440
pb1	529	530	445
pb1	530	531	444
pb1	531	535	453
pb1	535	536	456
pb1	536	537	450
pb1	537	538	459
pb1	538	539	457
pb1	539	540	455
pb1	540	541	433
pb1	541	542	431
pb1	542	543	436
pb1	543	544	439
pb1	544	545	442
pb1	545	546	451
pb1	546	547	457
pb1	547	548	462
pb1	548	549	461
pb1	549	550	457
pb1	550	551	459
pb1	551	552	456
pb1	552	553	462
pb1	553	554	460
pb1	554	555	453
pb1	555	556	450
pb1	556	558	446
pb1	558	559	448
pb1	559	560	450
pb1	560	561	466
pb1	561	562	469
pb1	562	563	476
pb1	563	564	480
pb1	564	565	476
pb1	565	566	482
pb1	566	567	483
pb1	567	569	473
pb1	569	570	466
pb1	570	571	463
pb1	571	573	467
pb1	573	574	465
pb1	574	575	457
pb1	575	576	454
pb1	576	577	451
pb1	577	578	449
pb1	578	579	448
pb1	579	580	447
pb1	580	581	449
pb1	581	582	454
pb1	582	583	451
pb1	583	584	460
pb1	584	585	463
pb1	585	586	461
pb1	586	588	472
pb1	588	589	467
pb1	589	590	473
pb1	590	591	471
pb1	591	592	467
pb1	592	593	459
pb1	593	594	433
pb1	594	595	439
pb1	595	596	433
pb1	596	597	440
pb1	597	598	438
pb1	598	599	436
pb1	599	600	440
pb1	600	601	441
pb1	601	602	437
pb1	602	603	432
pb1	603	604	429
pb1	604	607	427
pb1	607	608	415
pb1	608	609	408
pb1	609	610	410
pb1	610	611	404
pb1	611	612	397
pb1	612	613	396
pb1	613	614	399
pb1	614	615	398
pb1	615	616	397
pb1	616	617	395
pb1	617	618	394
pb1	618	620	392
pb1	620	621	396
pb1	621	622	399
pb1	622	623	396
pb1	623	624	395
pb1	624	625	396
pb1	625	626	419
pb1	626	627	420
pb1	627	628	422
pb1	628	629	420
pb1	629	630	424
pb1	630	631	422
pb1	631	632	430
pb1	632	633	434
pb1	633	634	433
pb1	634	635	436
pb1	635	636	426
pb1	636	638	427
pb1	638	640	423
pb1	640	643	407
pb1	643	645	401
pb1	645	646	402
pb1	646	648	404
pb1	648	649	399
pb1	649	651	391
pb1	651	652	387
pb1	652	653	384
pb1	653	654	386
pb1	654	655	383
pb1	655	656	393
pb1	656	657	394
pb1	657	658	398
pb1	658	659	394
pb1	659	660	399
pb1	660	661	405
pb1	661	662	403
pb1	662	663	404
pb1	663	664	402
pb1	664	665	392
pb1	665	667	394
pb1	667	668	395
pb1	668	669	394
pb1	669	670	379
pb1	670	671	384
pb1	671	672	379
pb1	672	673	374
pb1	673	674	398
pb1	674	675	402
pb1	675	676	407
pb1	676	677	408
pb1	677	679	415
pb1	679	680	412
pb1	680	681	409
pb1	681	682	406
pb1	682	683	401
pb1	683	684	377
pb1	684	685	384
pb1	685	686	391
pb1	686	687	375
pb1	687	688	374
pb1	688	689	371
pb1	689	690	370
pb1	690	691	372
pb1	691	692	371
pb1	692	693	356
pb1	693	694	352
pb1	694	695	337
pb1	695	696	343
pb1	696	697	341
pb1	697	698	337
pb1	698	699	340
pb1	699	700	325
pb1	700	701	332
pb1	701	702	327
pb1	702	703	329
pb1	703	704	335
pb1	704	705	327
pb1	705	707	326
pb1	707	709	324
pb1	709	710	316
pb1	710	711	318
pb1	711	712	315
pb1	712	713	310
pb1	713	714	301
pb1	714	715	302
pb1	715	716	301
pb1	716	717	300
pb1	717	718	301
pb1	718	719	302
pb1	719	721	301
pb1	721	722	304
pb1	722	723	301
pb1	723	724	294
pb1	724	725	292
pb1	725	726	291
pb1	726	729	294
pb1	729	731	297
pb1	731	732	293
pb1	732	734	292
pb1	734	735	290
pb1	735	736	278
pb1	736	737	280
pb1	737	738	276
pb1	738	739	269
pb1	739	740	276
pb1	740	742	272
pb1	742	743	273
pb1	743	744	272
pb1	744	745	270
pb1	745	746	267
pb1	746	747	268
pb1	747	748	271
pb1	748	749	262
pb1	749	750	256
pb1	750	751	254
pb1	751	752	252
pb1	752	754	242
pb1	754	755	237
pb1	755	756	238
pb1	756	757	236
pb1	757	759	237
pb1	759	760	245
pb1	760	761	244
pb1	761	762	243
pb1	762	763	242
pb1	763	764	238
pb1	764	765	242
pb1	765	766	243
pb1	766	768	241
pb1	768	769	232
pb1	769	770	233
pb1	770	771	232
pb1	771	772	238
pb1	772	773	250
pb1	773	774	246
pb1	774	775	250
pb1	775	776	252
pb1	776	777	247
pb1	777	778	253
pb1	778	779	252
pb1	779	780	251
pb1	780	781	247
pb1	781	782	244
pb1	782	783	245
pb1	783	785	229
pb1	785	786	226
pb1	786	788	225
pb1	788	789	223
pb1	789	791	222
pb1	791	792	225
pb1	792	793	226
pb1	793	794	241
pb1	794	795	243
pb1	795	796	246
pb1	796	797	247
pb1	797	798	252
pb1	798	799	253
pb1	799	800	255
pb1	800	801	254
pb1	801	802	251
pb1	802	803	246
pb1	803	804	256
pb1	804	805	255
pb1	805	808	258
pb1	808	809	260
pb1	809	810	259
pb1	810	812	257
pb1	812	813	255
pb1	813	814	256
pb1	814	815	253
pb1	815	816	255
pb1	816	817	256
pb1	817	818	258
pb1	818	819	264
pb1	819	821	262
pb1	821	823	263
pb1	823	824	260
pb1	824	825	259
pb1	825	826	257
pb1	826	827	252
pb1	827	828	258
pb1	828	829	255
pb1	829	831	258
pb1	831	832	263
pb1	832	833	265
pb1	833	834	262
pb1	834	835	263
pb1	835	836	259
pb1	836	837	261
pb1	837	838	258
pb1	838	839	262
pb1	839	841	261
pb1	841	842	258
pb1	842	844	260
pb1	844	845	263
pb1	845	846	264
pb1	846	847	266
pb1	847	848	269
pb1	848	849	270
pb1	849	850	267
pb1	850	851	275
pb1	851	852	274
pb1	852	853	273
pb1	853	854	274
pb1	854	855	269
pb1	855	856	267
pb1	856	857	266
pb1	857	858	268
pb1	858	859	270
pb1	859	860	267
pb1	860	861	275
pb1	861	862	276
pb1	862	863	275
pb1	863	865	273
pb1	865	867	274
pb1	867	868	276
pb1	868	869	274
pb1	869	871	280
pb1	871	873	282
pb1	873	875	281
pb1	875	876	278
pb1	876	877	280
pb1	877	878	284
pb1	878	879	276
pb1	879	880	277
pb1	880	881	268
pb1	881	882	270
pb1	882	883	269
pb1	883	884	272
pb1	884	885	273
pb1	885	886	269
pb1	886	887	270
pb1	887	888	275
pb1	888	890	282
pb1	890	891	280
pb1	891	892	277
pb1	892	894	274
pb1	894	895	272
pb1	895	896	273
pb1	896	897	271
pb1	897	898	267
pb1	898	899	268
pb1	899	901	270
pb1	901	902	276
pb1	902	903	277
pb1	903	904	281
pb1	904	905	282
pb1	905	906	284
pb1	906	907	285
pb1	907	908	287
pb1	908	909	285
pb1	909	910	281
pb1	910	911	283
pb1	911	912	278
pb1	912	913	285
pb1	913	914	280
pb1	914	915	284
pb1	915	916	281
pb1	916	917	275
pb1	917	918	281
pb1	918	919	282
pb1	919	920	285
pb1	920	921	288
pb1	921	922	289
pb1	922	923	291
pb1	923	924	289
pb1	924	925	288
pb1	925	926	296
pb1	926	928	294
pb1	928	929	297
pb1	929	930	296
pb1	930	931	295
pb1	931	932	303
pb1	932	933	299
pb1	933	934	301
pb1	934	935	296
pb1	935	936	301
pb1	936	938	304
pb1	938	939	302
pb1	939	940	298
pb1	940	941	296
pb1	941	942	297
pb1	942	943	296
pb1	943	944	295
pb1	944	945	284
pb1	945	946	285
pb1	946	947	284
pb1	947	948	288
pb1	948	949	287
pb1	949	950	282
pb1	950	951	280
pb1	951	952	277
pb1	952	954	279
pb1	954	955	277
pb1	955	956	278
pb1	956	957	276
pb1	957	958	275
pb1	958	959	272
pb1	959	960	274
pb1	960	962	272
pb1	962	963	273
pb1	963	964	272
pb1	964	965	275
pb1	965	966	276
pb1	966	967	277
pb1	967	968	278
pb1	968	969	277
pb1	969	970	276
pb1	970	972	285
pb1	972	974	286
pb1	974	975	295
pb1	975	976	290
pb1	976	977	289
pb1	977	978	286
pb1	978	980	284
pb1	980	981	289
pb1	981	982	288
pb1	982	983	287
pb1	983	984	278
pb1	984	985	286
pb1	985	986	292
pb1	986	987	296
pb1	987	989	299
pb1	989	990	295
pb1	990	991	294
pb1	991	992	312
pb1	992	993	327
pb1	993	994	324
pb1	994	995	318
pb1	995	996	316
pb1	996	997	315
pb1	997	998	312
pb1	998	999	308
pb1	999	1000	311
pb1	1000	1001	303
pb1	1001	1003	277
pb1	1003	1004	276
pb1	1004	1005	277
pb1	1005	1006	279
pb1	1006	1007	277
pb1	1007	1008	278
pb1	1008	1009	276
pb1	1009	1010	266
pb1	1010	1011	267
pb1	1011	1012	268
pb1	1012	1013	267
pb1	1013	1015	265
pb1	1015	1016	268
pb1	1016	1017	270
pb1	1017	1018	272
pb1	1018	1019	273
pb1	1019	1021	307
pb1	1021	1022	306
pb1	1022	1024	305
pb1	1024	1025	306
pb1	1025	1026	307
pb1	1026	1027	304
pb1	1027	1028	301
pb1	1028	1029	289
pb1	1029	1030	323
pb1	1030	1031	319
pb1	1031	1032	326
pb1	1032	1034	327
pb1	1034	1036	328
pb1	1036	1037	336
pb1	1037	1038	334
pb1	1038	1039	322
pb1	1039	1040	323
pb1	1040	1041	316
pb1	1041	1042	318
pb1	1042	1044	322
pb1	1044	1045	359
pb1	1045	1046	357
pb1	1046	1047	356
pb1	1047	1049	362
pb1	1049	1050	364
pb1	1050	1051	365
pb1	1051	1052	361
pb1	1052	1053	366
pb1	1053	1054	341
pb1	1054	1055	339
pb1	1055	1056	337
pb1	1056	1058	339
pb1	1058	1059	340
pb1	1059	1060	344
pb1	1060	1061	346
pb1	1061	1064	343
pb1	1064	1065	348
pb1	1065	1066	358
pb1	1066	1067	359
pb1	1067	1068	361
pb1	1068	1069	362
pb1	1069	1070	360
pb1	1070	1071	358
pb1	1071	1072	361
pb1	1072	1073	365
pb1	1073	1074	367
pb1	1074	1075	362
pb1	1075	1076	356
pb1	1076	1077	362
pb1	1077	1078	364
pb1	1078	1079	370
pb1	1079	1080	368
pb1	1080	1081	362
pb1	1081	1082	352
pb1	1082	1083	348
pb1	1083	1084	372
pb1	1084	1085	374
pb1	1085	1086	377
pb1	1086	1087	373
pb1	1087	1088	380
pb1	1088	1089	379
pb1	1089	1090	380
pb1	1090	1091	378
pb1	1091	1092	383
pb1	1092	1093	373
pb1	1093	1095	375
pb1	1095	1096	374
pb1	1096	1097	377
pb1	1097	1098	386
pb1	1098	1099	388
pb1	1099	1100	390
pb1	1100	1101	389
pb1	1101	1102	390
pb1	1102	1104	391
pb1	1104	1105	395
pb1	1105	1106	405
pb1	1106	1107	400
pb1	1107	1108	398
pb1	1108	1109	395
pb1	1109	1111	396
pb1	1111	1112	394
pb1	1112	1113	392
pb1	1113	1114	391
pb1	1114	1115	390
pb1	1115	1116	391
pb1	1116	1117	393
pb1	1117	1118	395
pb1	1118	1119	393
pb1	1119	1120	395
pb1	1120	1121	405
pb1	1121	1122	400
pb1	1122	1123	406
pb1	1123	1124	405
pb1	1124	1125	404
pb1	1125	1127	403
pb1	1127	1128	402
pb1	1128	1129	404
pb1	1129	1130	399
pb1	1130	1131	398
pb1	1131	1132	404
pb1	1132	1133	408
pb1	1133	1134	407
pb1	1134	1135	409
pb1	1135	1136	411
pb1	1136	1137	409
pb1	1137	1138	410
pb1	1138	1139	409
pb1	1139	1140	411
pb1	1140	1141	408
pb1	1141	1142	407
pb1	1142	1144	408
pb1	1144	1146	410
pb1	1146	1147	408
pb1	1147	1148	429
pb1	1148	1149	428
pb1	1149	1150	425
pb1	1150	1151	423
pb1	1151	1152	420
pb1	1152	1153	425
pb1	1153	1154	424
pb1	1154	1156	423
pb1	1156	1157	411
pb1	1157	1159	417
pb1	1159	1160	416
pb1	1160	1161	423
pb1	1161	1162	421
pb1	1162	1163	431
pb1	1163	1164	427
pb1	1164	1165	432
pb1	1165	1166	430
pb1	1166	1167	427
pb1	1167	1168	424
pb1	1168	1169	423
pb1	1169	1170	414
pb1	1170	1171	403
pb1	1171	1172	401
pb1	1172	1173	405
pb1	1173	1174	403
pb1	1174	1175	405
pb1	1175	1176	404
pb1	1176	1177	408
pb1	1177	1178	411
pb1	1178	1179	408
pb1	1179	1180	405
pb1	1180	1181	406
pb1	1181	1182	409
pb1	1182	1183	405
pb1	1183	1184	400
pb1	1184	1185	403
pb1	1185	1186	401
pb1	1186	1187	392
pb1	1187	1188	388
pb1	1188	1190	386
pb1	1190	1191	382
pb1	1191	1192	385
pb1	1192	1193	386
pb1	1193	1194	387
pb1	1194	1195	385
pb1	1195	1196	380
pb1	1196	1199	381
pb1	1199	1200	380
pb1	1200	1201	364
pb1	1201	1202	367
pb1	1202	1203	371
pb1	1203	1205	369
pb1	1205	1206	370
pb1	1206	1207	414
pb1	1207	1208	417
pb1	1208	1209	418
pb1	1209	1210	420
pb1	1210	1211	419
pb1	1211	1212	423
pb1	1212	1214	428
pb1	1214	1215	427
pb1	1215	1216	421
pb1	1216	1218	386
pb1	1218	1219	385
pb1	1219	1220	388
pb1	1220	1221	389
pb1	1221	1223	388
pb1	1223	1224	379
pb1	1224	1226	386
pb1	1226	1227	388
pb1	1227	1228	393
pb1	1228	1229	397
pb1	1229	1230	401
pb1	1230	1231	400
pb1	1231	1232	397
pb1	1232	1233	398
pb1	1233	1234	377
pb1	1234	1235	389
pb1	1235	1236	388
pb1	1236	1237	380
pb1	1237	1238	372
pb1	1238	1239	365
pb1	1239	1240	379
pb1	1240	1242	380
pb1	1242	1243	376
pb1	1243	1244	364
pb1	1244	1245	380
pb1	1245	1246	452
pb1	1246	1247	563
pb1	1247	1248	589
pb1	1248	1249	595
pb1	1249	1250	597
pb1	1250	1251	679
pb1	1251	1252	961
pb1	1252	1253	974
pb1	1253	1254	961
pb1	1254	1255	1033
pb1	1255	1256	1131
pb1	1256	1257	1458
pb1	1257	1258	1489
pb1	1258	1259	1553
pb1	1259	1260	1604
pb1	1260	1261	1599
pb1	1261	1262	1620
pb1	1262	1263	1638
pb1	1263	1264	1739
pb1	1264	1265	1756
pb1	1265	1266	2258
pb1	1266	1267	2320
pb1	1267	1268	2326
pb1	1268	1269	2444
pb1	1269	1270	2451
pb1	1270	1271	2866
pb1	1271	1272	2872
pb1	1272	1273	2873
pb1	1273	1274	2950
pb1	1274	1275	2962
pb1	1275	1276	3569
pb1	1276	1277	3635
pb1	1277	1278	3656
pb1	1278	1279	3662
pb1	1279	1280	3697
pb1	1280	1281	3713
pb1	1281	1282	3716
pb1	1282	1283	3732
pb1	1283	1284	3731
pb1	1284	1285	3738
pb1	1285	1286	3744
pb1	1286	1287	3760
pb1	1287	1288	3786
pb1	1288	1289	3798
pb1	1289	1290	3802
pb1	1290	1291	3870
pb1	1291	1292	3869
pb1	1292	1293	3961
pb1	1293	1294	3966
pb1	1294	1295	3967
pb1	1295	1296	3978
pb1	1296	1297	3988
pb1	1297	1298	4064
pb1	1298	1299	4063
pb1	1299	1300	4058
pb1	1300	1301	4055
pb1	1301	1302	4069
pb1	1302	1303	4239
pb1	1303	1304	4299
pb1	1304	1305	4322
pb1	1305	1306	4339
pb1	1306	1307	4344
pb1	1307	1308	4380
pb1	1308	1309	4390
pb1	1309	1310	4381
pb1	1310	1311	4505
pb1	1311	1312	4529
pb1	1312	1313	4539
pb1	1313	1314	4575
pb1	1314	1315	4591
pb1	1315	1316	4596
pb1	1316	1317	4856
pb1	1317	1318	4830
pb1	1318	1319	4968
pb1	1319	1320	4955
pb1	1320	1321	4947
pb1	1321	1322	5132
pb1	1322	1323	5161
pb1	1323	1324	6297
pb1	1324	1325	6552
pb1	1325	1326	6506
pb1	1326	1327	6944
pb1	1327	1328	6908
pb1	1328	1329	7275
pb1	1329	1330	7332
pb1	1330	1331	7324
pb1	1331	1332	7420
pb1	1332	1333	7204
pb1	1333	1334	7283
pb1	1334	1335	7326
pb1	1335	1336	7245
pb1	1336	1337	7268
pb1	1337	1338	7266
pb1	1338	1339	7278
pb1	1339	1340	7358
pb1	1340	1341	7352
pb1	1341	1342	7344
pb1	1342	1343	7657
pb1	1343	1344	7626
pb1	1344	1345	7734
pb1	1345	1346	7745
pb1	1346	1347	7839
pb1	1347	1348	7886
pb1	1348	1349	7885
pb1	1349	1350	7886
pb1	1350	1351	7890
pb1	1351	1352	7874
pb1	1352	1353	7892
pb1	1353	1354	8222
pb1	1354	1355	8236
pb1	1355	1356	8219
pb1	1356	1357	8235
pb1	1357	1358	8229
pb1	1358	1359	8225
pb1	1359	1360	8240
pb1	1360	1361	8323
pb1	1361	1362	8351
pb1	1362	1363	8275
pb1	1363	1364	8265
pb1	1364	1365	8271
pb1	1365	1366	8322
pb1	1366	1367	8488
pb1	1367	1368	8494
pb1	1368	1369	8926
pb1	1369	1370	8907
pb1	1370	1371	9287
pb1	1371	1372	9311
pb1	1372	1373	9342
pb1	1373	1374	9384
pb1	1374	1375	9590
pb1	1375	1376	9551
pb1	1376	1377	9564
pb1	1377	1378	9352
pb1	1378	1379	9317
pb1	1379	1380	9155
pb1	1380	1381	9379
pb1	1381	1382	9490
pb1	1382	1383	9445
pb1	1383	1384	9458
pb1	1384	1385	9374
pb1	1385	1386	9373
pb1	1386	1387	9281
pb1	1387	1388	9207
pb1	1388	1389	9447
pb1	1389	1390	9309
pb1	1390	1391	9242
pb1	1391	1392	9229
pb1	1392	1393	9282
pb1	1393	1394	9364
pb1	1394	1395	9386
pb1	1395	1396	9421
pb1	1396	1397	9486
pb1	1397	1398	9361
pb1	1398	1399	9504
pb1	1399	1400	9495
pb1	1400	1401	9513
pb1	1401	1402	9412
pb1	1402	1403	9341
pb1	1403	1404	9318
pb1	1404	1405	9280
pb1	1405	1406	9295
pb1	1406	1407	9236
pb1	1407	1408	9635
pb1	1408	1409	9668
pb1	1409	1410	9663
pb1	1410	1411	9680
pb1	1411	1412	9624
pb1	1412	1413	9603
pb1	1413	1414	9664
pb1	1414	1415	9580
pb1	1415	1416	9475
pb1	1416	1417	9055
pb1	1417	1418	9139
pb1	1418	1419	9637
pb1	1419	1420	9617
pb1	1420	1421	9631
pb1	1421	1422	10422
pb1	1422	1423	10329
pb1	1423	1424	10452
pb1	1424	1425	10436
pb1	1425	1426	10334
pb1	1426	1427	10286
pb1	1427	1428	9896
pb1	1428	1429	9986
pb1	1429	1430	10171
pb1	1430	1431	9736
pb1	1431	1432	9738
pb1	1432	1433	9719
pb1	1433	1434	9753
pb1	1434	1435	9740
pb1	1435	1436	9704
pb1	1436	1437	9698
pb1	1437	1438	9692
pb1	1438	1439	9579
pb1	1439	1440	9701
pb1	1440	1441	9734
pb1	1441	1442	9723
pb1	1442	1443	9759
pb1	1443	1444	9767
pb1	1444	1445	10019
pb1	1445	1446	10037
pb1	1446	1447	10033
pb1	1447	1448	10031
pb1	1448	1449	10038
pb1	1449	1450	9981
pb1	1450	1451	10028
pb1	1451	1452	10021
pb1	1452	1453	10057
pb1	1453	1454	9796
pb1	1454	1455	9866
pb1	1455	1456	9970
pb1	1456	1457	9996
pb1	1457	1458	9943
pb1	1458	1459	10084
pb1	1459	1460	10078
pb1	1460	1461	10185
pb1	1461	1462	10210
pb1	1462	1463	10180
pb1	1463	1464	10169
pb1	1464	1465	10090
pb1	1465	1466	10054
pb1	1466	1467	10274
pb1	1467	1468	10314
pb1	1468	1469	10335
pb1	1469	1470	10429
pb1	1470	1471	10596
pb1	1471	1472	10952
pb1	1472	1473	10926
pb1	1473	1474	10922
pb1	1474	1475	10681
pb1	1475	1476	10673
pb1	1476	1477	10638
pb1	1477	1478	10489
pb1	1478	1479	10483
pb1	1479	1480	10064
pb1	1480	1481	10386
pb1	1481	1482	10445
pb1	1482	1483	10412
pb1	1483	1484	10416
pb1	1484	1485	10283
pb1	1485	1486	10302
pb1	1486	1487	10484
pb1	1487	1488	10455
pb1	1488	1489	10480
pb1	1489	1490	10311
pb1	1490	1491	10197
pb1	1491	1492	10174
pb1	1492	1493	10156
pb1	1493	1494	10114
pb1	1494	1495	10083
pb1	1495	1496	9990
pb1	1496	1497	9979
pb1	1497	1498	9947
pb1	1498	1499	9887
pb1	1499	1500	9904
pb1	1500	1501	9876
pb1	1501	1502	9867
pb1	1502	1503	9868
pb1	1503	1504	9953
pb1	1504	1505	9899
pb1	1505	1506	9888
pb1	1506	1507	9919
pb1	1507	1508	9941
pb1	1508	1509	9934
pb1	1509	1510	9996
pb1	1510	1511	10086
pb1	1511	1512	10145
pb1	1512	1513	10103
pb1	1513	1514	10149
pb1	1514	1515	10178
pb1	1515	1516	10222
pb1	1516	1517	10308
pb1	1517	1518	10358
pb1	1518	1519	10333
pb1	1519	1521	10358
pb1	1521	1522	10330
pb1	1522	1523	10548
pb1	1523	1524	10545
pb1	1524	1525	10534
pb1	1525	1526	10413
pb1	1526	1527	10312
pb1	1527	1528	10331
pb1	1528	1529	10254
pb1	1529	1530	10229
pb1	1530	1531	10209
pb1	1531	1532	10069
pb1	1532	1533	10063
pb1	1533	1534	10008
pb1	1534	1535	10014
pb1	1535	1536	10188
pb1	1536	1537	10152
pb1	1537	1538	10183
pb1	1538	1539	10160
pb1	1539	1540	10183
pb1	1540	1541	10357
pb1	1541	1542	10495
pb1	1542	1543	10478
pb1	1543	1544	10443
pb1	1544	1545	10243
pb1	1545	1546	10479
pb1	1546	1547	10451
pb1	1547	1548	10480
pb1	1548	1549	10444
pb1	1549	1550	10311
pb1	1550	1551	10428
pb1	1551	1552	10464
pb1	1552	1553	10514
pb1	1553	1554	10473
pb1	1554	1555	10277
pb1	1555	1556	10900
pb1	1556	1557	10985
pb1	1557	1558	10961
pb1	1558	1559	10977
pb1	1559	1560	10906
pb1	1560	1561	10927
pb1	1561	1562	10919
pb1	1562	1563	10999
pb1	1563	1564	11042
pb1	1564	1565	10278
pb1	1565	1566	10957
pb1	1566	1567	10959
pb1	1567	1568	10917
pb1	1568	1569	10942
pb1	1569	1570	10972
pb1	1570	1571	11229
pb1	1571	1572	11250
pb1	1572	1573	11002
pb1	1573	1574	11012
pb1	1574	1575	10792
pb1	1575	1576	10739
pb1	1576	1577	10758
pb1	1577	1578	10744
pb1	1578	1579	10746
pb1	1579	1580	10438
pb1	1580	1581	10410
pb1	1581	1582	10421
pb1	1582	1583	10535
pb1	1583	1584	10434
pb1	1584	1585	10519
pb1	1585	1586	10521
pb1	1586	1587	10530
pb1	1587	1588	10777
pb1	1588	1589	10755
pb1	1589	1590	10863
pb1	1590	1591	10869
pb1	1591	1592	10818
pb1	1592	1593	10970
pb1	1593	1594	10944
pb1	1594	1595	11291
pb1	1595	1596	11269
pb1	1596	1597	11082
pb1	1597	1598	11122
pb1	1598	1599	11038
pb1	1599	1600	11255
pb1	1600	1601	11884
pb1	1601	1602	11736
pb1	1602	1603	11752
pb1	1603	1604	11446
pb1	1604	1605	11433
pb1	1605	1606	11404
pb1	1606	1607	11569
pb1	1607	1608	11514
pb1	1608	1609	11978
pb1	1609	1610	11323
pb1	1610	1611	11552
pb1	1611	1612	11760
pb1	1612	1613	11741
pb1	1613	1614	11707
pb1	1614	1615	11724
pb1	1615	1616	11430
pb1	1616	1617	11668
pb1	1617	1618	11267
pb1	1618	1619	11247
pb1	1619	1620	11325
pb1	1620	1621	11026
pb1	1621	1622	11187
pb1	1622	1623	11252
pb1	1623	1624	11467
pb1	1624	1625	11521
pb1	1625	1626	11525
pb1	1626	1627	11544
pb1	1627	1629	11551
pb1	1629	1630	11543
pb1	1630	1631	11694
pb1	1631	1632	11735
pb1	1632	1633	11551
pb1	1633	1634	11594
pb1	1634	1635	11497
pb1	1635	1636	11804
pb1	1636	1637	11947
pb1	1637	1638	12014
pb1	1638	1639	12073
pb1	1639	1640	11891
pb1	1640	1641	11951
pb1	1641	1642	11975
pb1	1642	1643	12051
pb1	1643	1644	12076
pb1	1644	1645	11901
pb1	1645	1646	11809
pb1	1646	1647	11761
pb1	1647	1648	11826
pb1	1648	1649	11890
pb1	1649	1650	11821
pb1	1650	1651	11775
pb1	1651	1652	11767
pb1	1652	1653	11796
pb1	1653	1654	12039
pb1	1654	1655	12021
pb1	1655	1656	12034
pb1	1656	1657	12101
pb1	1657	1658	12110
pb1	1658	1659	12116
pb1	1659	1661	12105
pb1	1661	1662	12051
pb1	1662	1663	12034
pb1	1663	1664	12167
pb1	1664	1665	12147
pb1	1665	1666	12346
pb1	1666	1667	12316
pb1	1667	1668	12293
pb1	1668	1669	12278
pb1	1669	1670	12214
pb1	1670	1671	12244
pb1	1671	1672	12481
pb1	1672	1673	12300
pb1	1673	1674	12481
pb1	1674	1675	12404
pb1	1675	1676	12535
pb1	1676	1677	12659
pb1	1677	1678	12609
pb1	1678	1679	12594
pb1	1679	1680	12577
pb1	1680	1681	12600
pb1	1681	1682	12585
pb1	1682	1683	12959
pb1	1683	1684	13209
pb1	1684	1685	13182
pb1	1685	1686	13178
pb1	1686	1687	13095
pb1	1687	1688	13179
pb1	1688	1689	13386
pb1	1689	1690	13328
pb1	1690	1691	13402
pb1	1691	1692	12972
pb1	1692	1693	12951
pb1	1693	1694	12903
pb1	1694	1695	13538
pb1	1695	1696	13711
pb1	1696	1697	14556
pb1	1697	1698	14604
pb1	1698	1699	14639
pb1	1699	1700	14495
pb1	1700	1701	14504
pb1	1701	1702	14389
pb1	1702	1703	14533
pb1	1703	1704	14534
pb1	1704	1705	13814
pb1	1705	1706	13720
pb1	1706	1707	13873
pb1	1707	1709	13899
pb1	1709	1710	13932
pb1	1710	1711	13861
pb1	1711	1712	13958
pb1	1712	1713	13646
pb1	1713	1714	13805
pb1	1714	1715	13759
pb1	1715	1716	13403
pb1	1716	1717	13367
pb1	1717	1718	13290
pb1	1718	1719	13305
pb1	1719	1720	13092
pb1	1720	1721	13174
pb1	1721	1722	13005
pb1	1722	1723	13050
pb1	1723	1724	12928
pb1	1724	1725	13238
pb1	1725	1726	13209
pb1	1726	1727	13232
pb1	1727	1728	13217
pb1	1728	1729	13307
pb1	1729	1730	13145
pb1	1730	1731	13227
pb1	1731	1732	13233
pb1	1732	1733	13395
pb1	1733	1734	13221
pb1	1734	1735	13239
pb1	1735	1736	13332
pb1	1736	1737	13470
pb1	1737	1738	13498
pb1	1738	1739	13566
pb1	1739	1740	13628
pb1	1740	1741	13674
pb1	1741	1742	13769
pb1	1742	1743	13770
pb1	1743	1744	13776
pb1	1744	1745	13814
pb1	1745	1746	13662
pb1	1746	1747	13677
pb1	1747	1748	13660
pb1	1748	1749	13667
pb1	1749	1750	13515
pb1	1750	1751	13573
pb1	1751	1752	14046
pb1	1752	1753	14054
pb1	1753	1754	14028
pb1	1754	1755	14039
pb1	1755	1756	14080
pb1	1756	1757	14009
pb1	1757	1758	14039
pb1	1758	1759	13865
pb1	1759	1760	13779
pb1	1760	1761	13826
pb1	1761	1762	13875
pb1	1762	1763	13980
pb1	1763	1764	14030
pb1	1764	1765	14252
pb1	1765	1766	14166
pb1	1766	1767	14036
pb1	1767	1768	13992
pb1	1768	1769	13891
pb1	1769	1770	13638
pb1	1770	1771	13430
pb1	1771	1772	13413
pb1	1772	1773	13347
pb1	1773	1774	13066
pb1	1774	1775	13064
pb1	1775	1776	13210
pb1	1776	1777	13200
pb1	1777	1778	13269
pb1	1778	1779	13264
pb1	1779	1780	13359
pb1	1780	1781	13544
pb1	1781	1782	13474
pb1	1782	1783	13495
pb1	1783	1784	13538
pb1	1784	1785	13361
pb1	1785	1786	13408
pb1	1786	1787	13433
pb1	1787	1788	13493
pb1	1788	1789	13540
pb1	1789	1790	13299
pb1	1790	1791	13365
pb1	1791	1792	13316
pb1	1792	1793	13288
pb1	1793	1794	13403
pb1	1794	1795	13580
pb1	1795	1796	13601
pb1	1796	1797	13893
pb1	1797	1798	13848
pb1	1798	1799	14011
pb1	1799	1800	13913
pb1	1800	1801	13935
pb1	1801	1802	14018
pb1	1802	1803	13872
pb1	1803	1804	13587
pb1	1804	1805	13542
pb1	1805	1806	13432
pb1	1806	1807	13561
pb1	1807	1808	13599
pb1	1808	1809	13555
pb1	1809	1810	13579
pb1	1810	1811	13457
pb1	1811	1812	13407
pb1	1812	1813	14590
pb1	1813	1814	14621
pb1	1814	1815	14684
pb1	1815	1816	14890
pb1	1816	1817	14545
pb1	1817	1818	15082
pb1	1818	1819	15076
pb1	1819	1820	15236
pb1	1820	1821	15311
pb1	1821	1822	13688
pb1	1822	1823	13737
pb1	1823	1824	13558
pb1	1824	1825	13334
pb1	1825	1826	13401
pb1	1826	1827	13127
pb1	1827	1828	13080
pb1	1828	1829	13033
pb1	1829	1830	13136
pb1	1830	1831	13157
pb1	1831	1832	13066
pb1	1832	1833	13100
pb1	1833	1834	12996
pb1	1834	1835	13085
pb1	1835	1836	13174
pb1	1836	1837	13188
pb1	1837	1838	13139
pb1	1838	1839	13175
pb1	1839	1840	13091
pb1	1840	1841	13649
pb1	1841	1842	13665
pb1	1842	1843	13743
pb1	1843	1844	13715
pb1	1844	1845	13714
pb1	1845	1846	13626
pb1	1846	1847	13569
pb1	1847	1848	13365
pb1	1848	1849	13392
pb1	1849	1850	13252
pb1	1850	1851	13275
pb1	1851	1852	13247
pb1	1852	1853	13286
pb1	1853	1854	13202
pb1	1854	1855	13230
pb1	1855	1856	13263
pb1	1856	1857	13266
pb1	1857	1858	13276
pb1	1858	1859	13316
pb1	1859	1860	13349
pb1	1860	1861	13362
pb1	1861	1862	13336
pb1	1862	1863	13334
pb1	1863	1864	13403
pb1	1864	1865	13405
pb1	1865	1867	13440
pb1	1867	1868	13366
pb1	1868	1869	13518
pb1	1869	1870	13527
pb1	1870	1871	13544
pb1	1871	1872	13528
pb1	1872	1873	13670
pb1	1873	1874	13748
pb1	1874	1875	13692
pb1	1875	1876	13629
pb1	1876	1877	13666
pb1	1877	1878	13474
pb1	1878	1879	13738
pb1	1879	1880	13655
pb1	1880	1881	14119
pb1	1881	1882	13922
pb1	1882	1883	14166
pb1	1883	1884	14249
pb1	1884	1885	14363
pb1	1885	1886	14359
pb1	1886	1887	14467
pb1	1887	1888	14287
pb1	1888	1889	14265
pb1	1889	1890	13820
pb1	1890	1891	13809
pb1	1891	1892	13921
pb1	1892	1894	14247
pb1	1894	1895	14030
pb1	1895	1896	14422
pb1	1896	1897	14496
pb1	1897	1899	14825
pb1	1899	1900	14767
pb1	1900	1901	14659
pb1	1901	1902	14060
pb1	1902	1903	14374
pb1	1903	1904	14674
pb1	1904	1905	14463
pb1	1905	1906	14437
pb1	1906	1907	14293
pb1	1907	1908	14374
pb1	1908	1909	14076
pb1	1909	1910	14051
pb1	1910	1911	14085
pb1	1911	1912	13722
pb1	1912	1913	13569
pb1	1913	1914	13508
pb1	1914	1915	13569
pb1	1915	1916	13589
pb1	1916	1917	13591
pb1	1917	1918	13606
pb1	1918	1919	13552
pb1	1919	1920	13564
pb1	1920	1921	13520
pb1	1921	1922	13763
pb1	1922	1924	13823
pb1	1924	1925	13795
pb1	1925	1926	14001
pb1	1926	1927	14017
pb1	1927	1928	14361
pb1	1928	1929	14384
pb1	1929	1930	15272
pb1	1930	1931	15032
pb1	1931	1932	15181
pb1	1932	1933	15217
pb1	1933	1934	15254
pb1	1934	1935	14981
pb1	1935	1936	15129
pb1	1936	1937	15046
pb1	1937	1938	16176
pb1	1938	1939	15899
pb1	1939	1940	16472
pb1	1940	1941	16420
pb1	1941	1942	16541
pb1	1942	1943	16654
pb1	1943	1944	16907
pb1	1944	1945	16838
pb1	1945	1946	16687
pb1	1946	1947	16732
pb1	1947	1948	15206
pb1	1948	1949	15606
pb1	1949	1950	15581
pb1	1950	1951	15712
pb1	1951	1952	15714
pb1	1952	1953	15576
pb1	1953	1954	15630
pb1	1954	1955	15624
pb1	1955	1956	16087
pb1	1956	1957	16211
pb1	1957	1958	15874
pb1	1958	1959	16098
pb1	1959	1960	16024
pb1	1960	1961	16110
pb1	1961	1962	16142
pb1	1962	1963	15807
pb1	1963	1964	15756
pb1	1964	1965	15582
pb1	1965	1966	15676
pb1	1966	1967	15865
pb1	1967	1968	15856
pb1	1968	1969	15918
pb1	1969	1970	15844
pb1	1970	1971	15861
pb1	1971	1972	15862
pb1	1972	1973	15897
pb1	1973	1974	15868
pb1	1974	1975	15769
pb1	1975	1976	15493
pb1	1976	1977	15782
pb1	1977	1978	15926
pb1	1978	1979	15944
pb1	1979	1980	15953
pb1	1980	1981	15951
pb1	1981	1982	15928
pb1	1982	1983	16067
pb1	1983	1984	16070
pb1	1984	1985	16135
pb1	1985	1986	15710
pb1	1986	1987	15575
pb1	1987	1988	15596
pb1	1988	1989	15637
pb1	1989	1990	16244
pb1	1990	1991	16225
pb1	1991	1992	16286
pb1	1992	1993	16322
pb1	1993	1994	16256
pb1	1994	1995	16250
pb1	1995	1996	16193
pb1	1996	1997	16366
pb1	1997	1998	16277
pb1	1998	1999	15602
pb1	1999	2000	15594
pb1	2000	2001	15289
pb1	2001	2002	15424
pb1	2002	2003	15333
pb1	2003	2004	15429
pb1	2004	2005	15506
pb1	2005	2006	15478
pb1	2006	2007	15443
pb1	2007	2008	15405
pb1	2008	2009	15356
pb1	2009	2010	15274
pb1	2010	2011	14921
pb1	2011	2012	14910
pb1	2012	2013	14660
pb1	2013	2014	14684
pb1	2014	2015	14469
pb1	2015	2016	14806
pb1	2016	2017	14786
pb1	2017	2018	14800
pb1	2018	2019	14697
pb1	2019	2020	14709
pb1	2020	2021	14687
pb1	2021	2022	14648
pb1	2022	2023	14507
pb1	2023	2024	14479
pb1	2024	2025	14298
pb1	2025	2026	14358
pb1	2026	2027	14322
pb1	2027	2028	14312
pb1	2028	2029	14465
pb1	2029	2030	14409
pb1	2030	2031	14387
pb1	2031	2032	14286
pb1	2032	2033	14261
pb1	2033	2034	13820
pb1	2034	2035	13116
pb1	2035	2036	13012
pb1	2036	2037	13023
pb1	2037	2038	12825
pb1	2038	2039	12870
pb1	2039	2040	12876
pb1	2040	2041	12865
pb1	2041	2042	12840
pb1	2042	2043	12612
pb1	2043	2044	12659
pb1	2044	2045	12650
pb1	2045	2046	12981
pb1	2046	2047	12912
pb1	2047	2048	12602
pb1	2048	2049	12697
pb1	2049	2050	12692
pb1	2050	2051	12914
pb1	2051	2052	12892
pb1	2052	2053	12633
pb1	2053	2054	12526
pb1	2054	2055	11394
pb1	2055	2056	11579
pb1	2056	2057	11690
pb1	2057	2058	11574
pb1	2058	2059	11615
pb1	2059	2060	11203
pb1	2060	2061	11217
pb1	2061	2062	11220
pb1	2062	2063	11273
pb1	2063	2064	11297
pb1	2064	2065	10971
pb1	2065	2066	10852
pb1	2066	2067	10777
pb1	2067	2068	10741
pb1	2068	2069	10791
pb1	2069	2070	10926
pb1	2070	2071	10820
pb1	2071	2072	10687
pb1	2072	2073	10677
pb1	2073	2074	10694
pb1	2074	2075	10802
pb1	2075	2076	10750
pb1	2076	2077	10723
pb1	2077	2078	10629
pb1	2078	2079	10168
pb1	2079	2080	10232
pb1	2080	2081	10095
pb1	2081	2082	10055
pb1	2082	2083	10051
pb1	2083	2084	9838
pb1	2084	2085	10042
pb1	2085	2086	10345
pb1	2086	2087	10353
pb1	2087	2088	10320
pb1	2088	2089	10135
pb1	2089	2090	10150
pb1	2090	2091	10126
pb1	2091	2092	10108
pb1	2092	2093	10084
pb1	2093	2094	9716
pb1	2094	2095	9678
pb1	2095	2096	9641
pb1	2096	2097	9723
pb1	2097	2098	9287
pb1	2098	2099	9318
pb1	2099	2100	9261
pb1	2100	2101	9226
pb1	2101	2102	9267
pb1	2102	2103	9263
pb1	2103	2104	9250
pb1	2104	2105	9322
pb1	2105	2106	9157
pb1	2106	2107	9227
pb1	2107	2108	9286
pb1	2108	2109	9289
pb1	2109	2110	9295
pb1	2110	2112	9315
pb1	2112	2113	9327
pb1	2113	2114	9223
pb1	2114	2115	9231
pb1	2115	2116	9216
pb1	2116	2117	9223
pb1	2117	2118	9169
pb1	2118	2119	9193
pb1	2119	2120	9247
pb1	2120	2121	9330
pb1	2121	2122	9328
pb1	2122	2123	9359
pb1	2123	2124	9443
pb1	2124	2125	9415
pb1	2125	2126	9352
pb1	2126	2128	9307
pb1	2128	2129	9341
pb1	2129	2130	9550
pb1	2130	2131	9496
pb1	2131	2132	9651
pb1	2132	2133	9576
pb1	2133	2134	9977
pb1	2134	2135	10017
pb1	2135	2136	10142
pb1	2136	2137	10139
pb1	2137	2138	10090
pb1	2138	2139	10146
pb1	2139	2140	9745
pb1	2140	2141	9566
pb1	2141	2142	9525
pb1	2142	2143	8780
pb1	2143	2144	8783
pb1	2144	2145	8431
pb1	2145	2146	8454
pb1	2146	2147	8346
pb1	2147	2148	8287
pb1	2148	2149	8362
pb1	2149	2150	8341
pb1	2150	2151	8448
pb1	2151	2152	8594
pb1	2152	2153	8634
pb1	2153	2154	8664
pb1	2154	2155	8654
pb1	2155	2156	8603
pb1	2156	2157	8607
pb1	2157	2158	8656
pb1	2158	2159	8661
pb1	2159	2160	8662
pb1	2160	2161	8604
pb1	2161	2162	8673
pb1	2162	2163	8648
pb1	2163	2164	8678
pb1	2164	2166	8700
pb1	2166	2167	8794
pb1	2167	2168	8769
pb1	2168	2169	8795
pb1	2169	2170	8847
pb1	2170	2171	8732
pb1	2171	2172	8777
pb1	2172	2173	8758
pb1	2173	2174	8753
pb1	2174	2175	8609
pb1	2175	2176	8309
pb1	2176	2177	8305
pb1	2177	2178	8449
pb1	2178	2179	8487
pb1	2179	2180	8390
pb1	2180	2181	8339
pb1	2181	2182	8384
pb1	2182	2183	8373
pb1	2183	2184	8387
pb1	2184	2185	8406
pb1	2185	2186	8411
pb1	2186	2187	8049
pb1	2187	2188	8023
pb1	2188	2189	7954
pb1	2189	2190	8143
pb1	2190	2191	8181
pb1	2191	2192	8244
pb1	2192	2193	8353
pb1	2193	2194	8335
pb1	2194	2195	8338
pb1	2195	2196	8224
pb1	2196	2197	8064
pb1	2197	2198	8018
pb1	2198	2199	8011
pb1	2199	2200	7990
pb1	2200	2201	7753
pb1	2201	2202	7760
pb1	2202	2203	7777
pb1	2203	2204	7794
pb1	2204	2205	7825
pb1	2205	2206	7802
pb1	2206	2207	7774
pb1	2207	2208	7751
pb1	2208	2209	7762
pb1	2209	2210	7725
pb1	2210	2211	7746
pb1	2211	2212	7699
pb1	2212	2213	7707
pb1	2213	2214	7647
pb1	2214	2215	7656
pb1	2215	2216	7689
pb1	2216	2217	7686
pb1	2217	2218	7606
pb1	2218	2219	7567
pb1	2219	2220	7492
pb1	2220	2221	7508
pb1	2221	2222	7517
pb1	2222	2223	7505
pb1	2223	2224	7500
pb1	2224	2225	7272
pb1	2225	2226	7491
pb1	2226	2227	7483
pb1	2227	2228	7479
pb1	2228	2229	7487
pb1	2229	2230	7368
pb1	2230	2231	7358
pb1	2231	2232	7361
pb1	2232	2233	7342
pb1	2233	2234	7202
pb1	2234	2235	5670
pb1	2235	2236	5623
pb1	2236	2237	5579
pb1	2237	2238	5585
pb1	2238	2239	5593
pb1	2239	2240	5394
pb1	2240	2241	5401
pb1	2241	2242	5261
pb1	2242	2243	5294
pb1	2243	2244	5346
pb1	2244	2245	5351
pb1	2245	2246	5349
pb1	2246	2247	5321
pb1	2247	2248	5331
pb1	2248	2249	5114
pb1	2249	2250	5142
pb1	2250	2251	5131
pb1	2251	2252	5102
pb1	2252	2253	5119
pb1	2253	2254	5120
pb1	2254	2255	5122
pb1	2255	2256	5125
pb1	2256	2257	5108
pb1	2257	2258	5070
pb1	2258	2259	4839
pb1	2259	2260	4712
pb1	2260	2261	4706
pb1	2261	2262	4696
pb1	2262	2263	4504
pb1	2263	2264	4524
pb1	2264	2265	4514
pb1	2265	2267	4522
pb1	2267	2268	4388
pb1	2268	2269	4370
pb1	2269	2270	4419
pb1	2270	2271	4232
pb1	2271	2272	4199
pb1	2272	2273	4072
pb1	2273	2274	4014
pb1	2274	2275	4002
pb1	2275	2276	3973
pb1	2276	2277	3963
pb1	2277	2278	3966
pb1	2278	2279	3343
pb1	2279	2280	3338
pb1	2280	2281	3223
pb1	2281	2282	3187
pb1	2282	2283	3199
pb1	2283	2284	3124
pb1	2284	2285	3092
pb1	2285	2286	3071
pb1	2286	2287	3050
pb1	2287	2288	3014
pb1	2288	2289	2935
pb1	2289	2290	2925
pb1	2290	2291	2918
pb1	2291	2292	2924
pb1	2292	2293	2914
pb1	2293	2294	2884
pb1	2294	2295	2876
pb1	2295	2296	2797
pb1	2296	2297	2714
pb1	2297	2298	2708
pb1	2298	2299	2479
pb1	2299	2300	2473
pb1	2300	2301	2305
pb1	2301	2302	2292
pb1	2302	2303	2282
pb1	2303	2304	2207
pb1	2304	2305	2188
pb1	2305	2306	2148
pb1	2306	2307	2143
pb1	2307	2308	2116
pb1	2308	2309	1949
pb1	2309	2310	1902
pb1	2310	2311	1892
pb1	2311	2312	1885
pb1	2312	2313	1882
pb1	2313	2314	1869
pb1	2314	2315	1716
pb1	2315	2316	1712
pb1	2316	2317	1699
pb1	2317	2318	1698
pb1	2318	2319	1695
pb1	2319	2320	1599
pb1	2320	2321	1575
pb1	2321	2322	1570
pb1	2322	2323	1556
pb1	2323	2324	1553
pb1	2324	2325	1528
pb1	2325	2326	1517
pb1	2326	2327	1502
pb1	2327	2328	1493
pb1	2328	2329	1482
pb1	2329	2330	1433
pb1	2330	2331	1413
pb1	2331	2332	1386
pb1	2332	2333	1384
pb1	2333	2334	1364
pb1	2334	2335	1354
pb1	2335	2336	1338
pb1	2336	2337	1180
pb1	2337	2338	1144
pb1	2338	2339	1134
pb1	2339	2340	1127
pb1	2340	2341	505
