gene	pos	cvg	rep
ns	1	11632	replicate-2
ns	2	14419	replicate-2
ns	3	14481	replicate-2
ns	4	14532	replicate-2
ns	5	16387	replicate-2
ns	6	16520	replicate-2
ns	7	16572	replicate-2
ns	8	16616	replicate-2
ns	9	16874	replicate-2
ns	10	16891	replicate-2
ns	11	17118	replicate-2
ns	12	17443	replicate-2
ns	13	17527	replicate-2
ns	14	17566	replicate-2
ns	15	17985	replicate-2
ns	16	18128	replicate-2
ns	17	18475	replicate-2
ns	18	18562	replicate-2
ns	19	18614	replicate-2
ns	20	18915	replicate-2
ns	21	19137	replicate-2
ns	22	20599	replicate-2
ns	23	21048	replicate-2
ns	24	21134	replicate-2
ns	25	21239	replicate-2
ns	26	21356	replicate-2
ns	27	21589	replicate-2
ns	28	21657	replicate-2
ns	29	22304	replicate-2
ns	30	22929	replicate-2
ns	31	24148	replicate-2
ns	32	32469	replicate-2
ns	33	32815	replicate-2
ns	34	33628	replicate-2
ns	35	33808	replicate-2
ns	36	33915	replicate-2
ns	37	34399	replicate-2
ns	38	34479	replicate-2
ns	39	34552	replicate-2
ns	40	34682	replicate-2
ns	41	34762	replicate-2
ns	42	36835	replicate-2
ns	43	36919	replicate-2
ns	44	37311	replicate-2
ns	45	37337	replicate-2
ns	46	37415	replicate-2
ns	47	37452	replicate-2
ns	48	37498	replicate-2
ns	49	37995	replicate-2
ns	50	38591	replicate-2
ns	51	38289	replicate-2
ns	52	38685	replicate-2
ns	53	38675	replicate-2
ns	54	39661	replicate-2
ns	55	39689	replicate-2
ns	56	39909	replicate-2
ns	57	40030	replicate-2
ns	58	39920	replicate-2
ns	59	39680	replicate-2
ns	60	39921	replicate-2
ns	61	39983	replicate-2
ns	62	40193	replicate-2
ns	63	39895	replicate-2
ns	64	40688	replicate-2
ns	65	40694	replicate-2
ns	66	40714	replicate-2
ns	67	41158	replicate-2
ns	68	41574	replicate-2
ns	69	41931	replicate-2
ns	70	42052	replicate-2
ns	71	41973	replicate-2
ns	72	42197	replicate-2
ns	73	42104	replicate-2
ns	74	42106	replicate-2
ns	75	42313	replicate-2
ns	76	42273	replicate-2
ns	77	42506	replicate-2
ns	78	43044	replicate-2
ns	79	43089	replicate-2
ns	80	43349	replicate-2
ns	81	43389	replicate-2
ns	82	43369	replicate-2
ns	83	43385	replicate-2
ns	84	43530	replicate-2
ns	85	43517	replicate-2
ns	86	43661	replicate-2
ns	87	43877	replicate-2
ns	88	43804	replicate-2
ns	89	43784	replicate-2
ns	90	43720	replicate-2
ns	91	43932	replicate-2
ns	92	43946	replicate-2
ns	93	43955	replicate-2
ns	94	43920	replicate-2
ns	95	43684	replicate-2
ns	96	44174	replicate-2
ns	97	44829	replicate-2
ns	98	45312	replicate-2
ns	99	45171	replicate-2
ns	100	45091	replicate-2
ns	101	45135	replicate-2
ns	102	46361	replicate-2
ns	103	46299	replicate-2
ns	104	46283	replicate-2
ns	105	46235	replicate-2
ns	106	44838	replicate-2
ns	107	45186	replicate-2
ns	108	45230	replicate-2
ns	109	45604	replicate-2
ns	110	45350	replicate-2
ns	111	44763	replicate-2
ns	112	44751	replicate-2
ns	113	44702	replicate-2
ns	114	45302	replicate-2
ns	115	46068	replicate-2
ns	116	45989	replicate-2
ns	117	46043	replicate-2
ns	118	45663	replicate-2
ns	119	45702	replicate-2
ns	120	46798	replicate-2
ns	121	47561	replicate-2
ns	122	48138	replicate-2
ns	123	47364	replicate-2
ns	124	46965	replicate-2
ns	125	46708	replicate-2
ns	126	46690	replicate-2
ns	127	46519	replicate-2
ns	128	46509	replicate-2
ns	129	45251	replicate-2
ns	130	44953	replicate-2
ns	131	45423	replicate-2
ns	132	45446	replicate-2
ns	133	45359	replicate-2
ns	134	45491	replicate-2
ns	135	45662	replicate-2
ns	136	45883	replicate-2
ns	137	45852	replicate-2
ns	138	45809	replicate-2
ns	139	45736	replicate-2
ns	140	45129	replicate-2
ns	141	45869	replicate-2
ns	142	45523	replicate-2
ns	143	45640	replicate-2
ns	144	45514	replicate-2
ns	145	45024	replicate-2
ns	146	45073	replicate-2
ns	147	45242	replicate-2
ns	148	45229	replicate-2
ns	149	46031	replicate-2
ns	150	45055	replicate-2
ns	151	42640	replicate-2
ns	152	42473	replicate-2
ns	153	42806	replicate-2
ns	154	42667	replicate-2
ns	155	42708	replicate-2
ns	156	42600	replicate-2
ns	157	43265	replicate-2
ns	158	42309	replicate-2
ns	159	42757	replicate-2
ns	160	41894	replicate-2
ns	161	41834	replicate-2
ns	162	41469	replicate-2
ns	163	41600	replicate-2
ns	164	41701	replicate-2
ns	165	41848	replicate-2
ns	166	42146	replicate-2
ns	167	42096	replicate-2
ns	168	41526	replicate-2
ns	169	41838	replicate-2
ns	170	42242	replicate-2
ns	171	41903	replicate-2
ns	172	43788	replicate-2
ns	173	43286	replicate-2
ns	174	43533	replicate-2
ns	175	43351	replicate-2
ns	176	43408	replicate-2
ns	177	44383	replicate-2
ns	178	44539	replicate-2
ns	179	44227	replicate-2
ns	180	41478	replicate-2
ns	181	39904	replicate-2
ns	182	40415	replicate-2
ns	183	40570	replicate-2
ns	184	40475	replicate-2
ns	185	40803	replicate-2
ns	186	40170	replicate-2
ns	187	40112	replicate-2
ns	188	40074	replicate-2
ns	189	40113	replicate-2
ns	190	40509	replicate-2
ns	191	40382	replicate-2
ns	192	39748	replicate-2
ns	193	39703	replicate-2
ns	194	39526	replicate-2
ns	195	39571	replicate-2
ns	196	39841	replicate-2
ns	197	40102	replicate-2
ns	198	39991	replicate-2
ns	199	40019	replicate-2
ns	200	39939	replicate-2
ns	201	40027	replicate-2
ns	202	40353	replicate-2
ns	203	40110	replicate-2
ns	204	40338	replicate-2
ns	205	40111	replicate-2
ns	206	40007	replicate-2
ns	207	40576	replicate-2
ns	208	40847	replicate-2
ns	209	41086	replicate-2
ns	210	41013	replicate-2
ns	211	40585	replicate-2
ns	212	41223	replicate-2
ns	213	41322	replicate-2
ns	214	41403	replicate-2
ns	215	41676	replicate-2
ns	216	41748	replicate-2
ns	217	41919	replicate-2
ns	218	41358	replicate-2
ns	219	42796	replicate-2
ns	220	42484	replicate-2
ns	221	42430	replicate-2
ns	222	42706	replicate-2
ns	223	41978	replicate-2
ns	224	42069	replicate-2
ns	225	41546	replicate-2
ns	226	41969	replicate-2
ns	227	42252	replicate-2
ns	228	42067	replicate-2
ns	229	42465	replicate-2
ns	230	42182	replicate-2
ns	231	43180	replicate-2
ns	232	43542	replicate-2
ns	233	43877	replicate-2
ns	234	43899	replicate-2
ns	235	43359	replicate-2
ns	236	43618	replicate-2
ns	237	43560	replicate-2
ns	238	43432	replicate-2
ns	239	43444	replicate-2
ns	240	43843	replicate-2
ns	241	43663	replicate-2
ns	242	43465	replicate-2
ns	243	43395	replicate-2
ns	244	43512	replicate-2
ns	245	43412	replicate-2
ns	246	43311	replicate-2
ns	247	43257	replicate-2
ns	248	43284	replicate-2
ns	249	43062	replicate-2
ns	250	42974	replicate-2
ns	251	42974	replicate-2
ns	252	43229	replicate-2
ns	253	42938	replicate-2
ns	254	42945	replicate-2
ns	255	43710	replicate-2
ns	256	43837	replicate-2
ns	257	45020	replicate-2
ns	258	45052	replicate-2
ns	259	45558	replicate-2
ns	260	45548	replicate-2
ns	261	45544	replicate-2
ns	262	45961	replicate-2
ns	263	46649	replicate-2
ns	264	47100	replicate-2
ns	265	47740	replicate-2
ns	266	47072	replicate-2
ns	267	47229	replicate-2
ns	268	47059	replicate-2
ns	269	47180	replicate-2
ns	270	47368	replicate-2
ns	271	47299	replicate-2
ns	272	47947	replicate-2
ns	273	47097	replicate-2
ns	274	47111	replicate-2
ns	275	46631	replicate-2
ns	276	48000	replicate-2
ns	277	48114	replicate-2
ns	278	48286	replicate-2
ns	279	48309	replicate-2
ns	280	47867	replicate-2
ns	281	47041	replicate-2
ns	282	47768	replicate-2
ns	283	48223	replicate-2
ns	284	48230	replicate-2
ns	285	48514	replicate-2
ns	286	47641	replicate-2
ns	287	47777	replicate-2
ns	288	47893	replicate-2
ns	289	47828	replicate-2
ns	290	48741	replicate-2
ns	291	48060	replicate-2
ns	292	50368	replicate-2
ns	293	50577	replicate-2
ns	294	50516	replicate-2
ns	295	50576	replicate-2
ns	296	50479	replicate-2
ns	297	50473	replicate-2
ns	298	50207	replicate-2
ns	299	49105	replicate-2
ns	300	49548	replicate-2
ns	301	47842	replicate-2
ns	302	47735	replicate-2
ns	303	47855	replicate-2
ns	304	47643	replicate-2
ns	305	47539	replicate-2
ns	306	47431	replicate-2
ns	307	49479	replicate-2
ns	308	49372	replicate-2
ns	309	50158	replicate-2
ns	310	50002	replicate-2
ns	311	49954	replicate-2
ns	312	50058	replicate-2
ns	313	51391	replicate-2
ns	314	51345	replicate-2
ns	315	51313	replicate-2
ns	316	49132	replicate-2
ns	317	50362	replicate-2
ns	318	49949	replicate-2
ns	319	50509	replicate-2
ns	320	51670	replicate-2
ns	321	51714	replicate-2
ns	322	51470	replicate-2
ns	323	51701	replicate-2
ns	324	51730	replicate-2
ns	325	51783	replicate-2
ns	326	51088	replicate-2
ns	327	51339	replicate-2
ns	328	50451	replicate-2
ns	329	50291	replicate-2
ns	330	49385	replicate-2
ns	331	51079	replicate-2
ns	332	52344	replicate-2
ns	333	52349	replicate-2
ns	334	52513	replicate-2
ns	335	52575	replicate-2
ns	336	52400	replicate-2
ns	337	52638	replicate-2
ns	338	53422	replicate-2
ns	339	54007	replicate-2
ns	340	52895	replicate-2
ns	341	52098	replicate-2
ns	342	51882	replicate-2
ns	343	52185	replicate-2
ns	344	52187	replicate-2
ns	345	52184	replicate-2
ns	346	52103	replicate-2
ns	347	51348	replicate-2
ns	348	50899	replicate-2
ns	349	51493	replicate-2
ns	350	51548	replicate-2
ns	351	51583	replicate-2
ns	352	51368	replicate-2
ns	353	51359	replicate-2
ns	354	51356	replicate-2
ns	355	51484	replicate-2
ns	356	51460	replicate-2
ns	357	51666	replicate-2
ns	358	51063	replicate-2
ns	359	51032	replicate-2
ns	360	51062	replicate-2
ns	361	51053	replicate-2
ns	362	50823	replicate-2
ns	363	51126	replicate-2
ns	364	51323	replicate-2
ns	365	51211	replicate-2
ns	366	51086	replicate-2
ns	367	51614	replicate-2
ns	368	51649	replicate-2
ns	369	52328	replicate-2
ns	370	52219	replicate-2
ns	371	53413	replicate-2
ns	372	52477	replicate-2
ns	373	55254	replicate-2
ns	374	55023	replicate-2
ns	375	55030	replicate-2
ns	376	54631	replicate-2
ns	377	54253	replicate-2
ns	378	53087	replicate-2
ns	379	54282	replicate-2
ns	380	53276	replicate-2
ns	381	53478	replicate-2
ns	382	49921	replicate-2
ns	383	49989	replicate-2
ns	384	50413	replicate-2
ns	385	50266	replicate-2
ns	386	50448	replicate-2
ns	387	49679	replicate-2
ns	388	48360	replicate-2
ns	389	49057	replicate-2
ns	390	49436	replicate-2
ns	391	49840	replicate-2
ns	392	49790	replicate-2
ns	393	50822	replicate-2
ns	394	51114	replicate-2
ns	395	51175	replicate-2
ns	396	52100	replicate-2
ns	397	51985	replicate-2
ns	398	52299	replicate-2
ns	399	52802	replicate-2
ns	400	52627	replicate-2
ns	401	52813	replicate-2
ns	402	51502	replicate-2
ns	403	51351	replicate-2
ns	404	52013	replicate-2
ns	405	51208	replicate-2
ns	406	52424	replicate-2
ns	407	51441	replicate-2
ns	408	51517	replicate-2
ns	409	51695	replicate-2
ns	410	51512	replicate-2
ns	411	52165	replicate-2
ns	412	52120	replicate-2
ns	413	51410	replicate-2
ns	414	51078	replicate-2
ns	415	49433	replicate-2
ns	416	49500	replicate-2
ns	417	48724	replicate-2
ns	418	48703	replicate-2
ns	419	48811	replicate-2
ns	420	48559	replicate-2
ns	421	48329	replicate-2
ns	422	48192	replicate-2
ns	423	48013	replicate-2
ns	424	48395	replicate-2
ns	425	49015	replicate-2
ns	426	48907	replicate-2
ns	427	48864	replicate-2
ns	428	48815	replicate-2
ns	429	48420	replicate-2
ns	430	48645	replicate-2
ns	431	48604	replicate-2
ns	432	48549	replicate-2
ns	433	47866	replicate-2
ns	434	47152	replicate-2
ns	435	47936	replicate-2
ns	436	47881	replicate-2
ns	437	47988	replicate-2
ns	438	48004	replicate-2
ns	439	47966	replicate-2
ns	440	47713	replicate-2
ns	441	47650	replicate-2
ns	442	47483	replicate-2
ns	443	47004	replicate-2
ns	444	46749	replicate-2
ns	445	46899	replicate-2
ns	446	47408	replicate-2
ns	447	47631	replicate-2
ns	448	48187	replicate-2
ns	449	48942	replicate-2
ns	450	48954	replicate-2
ns	451	48783	replicate-2
ns	452	48803	replicate-2
ns	453	47643	replicate-2
ns	454	51108	replicate-2
ns	455	50076	replicate-2
ns	456	50653	replicate-2
ns	457	50494	replicate-2
ns	458	50704	replicate-2
ns	459	53671	replicate-2
ns	460	53369	replicate-2
ns	461	53469	replicate-2
ns	462	53608	replicate-2
ns	463	48684	replicate-2
ns	464	50525	replicate-2
ns	465	49861	replicate-2
ns	466	49374	replicate-2
ns	467	49253	replicate-2
ns	468	46285	replicate-2
ns	469	46746	replicate-2
ns	470	46586	replicate-2
ns	471	46780	replicate-2
ns	472	46739	replicate-2
ns	473	45830	replicate-2
ns	474	46051	replicate-2
ns	475	46998	replicate-2
ns	476	47371	replicate-2
ns	477	47709	replicate-2
ns	478	47964	replicate-2
ns	479	47385	replicate-2
ns	480	47827	replicate-2
ns	481	47709	replicate-2
ns	482	47499	replicate-2
ns	483	47387	replicate-2
ns	484	46554	replicate-2
ns	485	46694	replicate-2
ns	486	46229	replicate-2
ns	487	46561	replicate-2
ns	488	46265	replicate-2
ns	489	46082	replicate-2
ns	490	45897	replicate-2
ns	491	45765	replicate-2
ns	492	45784	replicate-2
ns	493	45947	replicate-2
ns	494	45731	replicate-2
ns	495	45761	replicate-2
ns	496	45252	replicate-2
ns	497	45409	replicate-2
ns	498	45391	replicate-2
ns	499	45859	replicate-2
ns	500	45860	replicate-2
ns	501	45884	replicate-2
ns	502	46548	replicate-2
ns	503	46810	replicate-2
ns	504	46932	replicate-2
ns	505	46973	replicate-2
ns	506	47070	replicate-2
ns	507	47092	replicate-2
ns	508	47125	replicate-2
ns	509	47023	replicate-2
ns	510	47216	replicate-2
ns	511	46902	replicate-2
ns	512	46602	replicate-2
ns	513	46531	replicate-2
ns	514	46469	replicate-2
ns	515	46747	replicate-2
ns	516	46722	replicate-2
ns	517	46721	replicate-2
ns	518	46952	replicate-2
ns	519	46840	replicate-2
ns	520	46557	replicate-2
ns	521	46334	replicate-2
ns	522	46949	replicate-2
ns	523	47301	replicate-2
ns	524	47202	replicate-2
ns	525	47171	replicate-2
ns	526	46949	replicate-2
ns	527	47035	replicate-2
ns	528	47742	replicate-2
ns	529	48054	replicate-2
ns	530	47753	replicate-2
ns	531	46739	replicate-2
ns	532	46603	replicate-2
ns	533	46690	replicate-2
ns	534	46787	replicate-2
ns	535	47918	replicate-2
ns	536	47323	replicate-2
ns	537	47216	replicate-2
ns	538	46801	replicate-2
ns	539	45959	replicate-2
ns	540	45808	replicate-2
ns	541	44186	replicate-2
ns	542	44256	replicate-2
ns	543	44201	replicate-2
ns	544	42116	replicate-2
ns	545	42088	replicate-2
ns	546	41756	replicate-2
ns	547	41634	replicate-2
ns	548	41784	replicate-2
ns	549	41941	replicate-2
ns	550	41896	replicate-2
ns	551	42344	replicate-2
ns	552	42147	replicate-2
ns	553	42266	replicate-2
ns	554	42242	replicate-2
ns	555	42003	replicate-2
ns	556	42274	replicate-2
ns	557	42057	replicate-2
ns	558	42244	replicate-2
ns	559	42346	replicate-2
ns	560	42210	replicate-2
ns	561	42156	replicate-2
ns	562	41900	replicate-2
ns	563	41643	replicate-2
ns	564	41900	replicate-2
ns	565	41224	replicate-2
ns	566	41868	replicate-2
ns	567	41588	replicate-2
ns	568	41456	replicate-2
ns	569	41704	replicate-2
ns	570	41589	replicate-2
ns	571	41825	replicate-2
ns	572	41850	replicate-2
ns	573	41475	replicate-2
ns	574	41578	replicate-2
ns	575	40495	replicate-2
ns	576	40472	replicate-2
ns	577	40812	replicate-2
ns	578	40327	replicate-2
ns	579	40730	replicate-2
ns	580	40910	replicate-2
ns	581	40986	replicate-2
ns	582	41297	replicate-2
ns	583	41155	replicate-2
ns	584	41131	replicate-2
ns	585	41020	replicate-2
ns	586	39931	replicate-2
ns	587	40664	replicate-2
ns	588	40015	replicate-2
ns	589	40462	replicate-2
ns	590	42738	replicate-2
ns	591	43017	replicate-2
ns	592	43188	replicate-2
ns	593	43303	replicate-2
ns	594	43677	replicate-2
ns	595	43788	replicate-2
ns	596	43147	replicate-2
ns	597	42020	replicate-2
ns	598	42382	replicate-2
ns	599	37962	replicate-2
ns	600	38703	replicate-2
ns	601	38406	replicate-2
ns	602	38428	replicate-2
ns	603	38703	replicate-2
ns	604	38278	replicate-2
ns	605	37608	replicate-2
ns	606	37582	replicate-2
ns	607	36898	replicate-2
ns	608	36936	replicate-2
ns	609	35998	replicate-2
ns	610	36041	replicate-2
ns	611	36058	replicate-2
ns	612	36138	replicate-2
ns	613	37146	replicate-2
ns	614	37358	replicate-2
ns	615	37584	replicate-2
ns	616	37783	replicate-2
ns	617	36968	replicate-2
ns	618	37392	replicate-2
ns	619	37365	replicate-2
ns	620	37696	replicate-2
ns	621	37713	replicate-2
ns	622	37568	replicate-2
ns	623	37638	replicate-2
ns	624	36601	replicate-2
ns	625	36664	replicate-2
ns	626	36636	replicate-2
ns	627	36316	replicate-2
ns	628	36258	replicate-2
ns	629	36447	replicate-2
ns	630	36579	replicate-2
ns	631	36540	replicate-2
ns	632	36444	replicate-2
ns	633	36464	replicate-2
ns	634	36294	replicate-2
ns	635	36713	replicate-2
ns	636	36651	replicate-2
ns	637	36607	replicate-2
ns	638	36229	replicate-2
ns	639	36026	replicate-2
ns	640	36520	replicate-2
ns	641	36696	replicate-2
ns	642	36578	replicate-2
ns	643	37723	replicate-2
ns	644	37680	replicate-2
ns	645	37769	replicate-2
ns	646	37789	replicate-2
ns	647	37605	replicate-2
ns	648	37959	replicate-2
ns	649	36417	replicate-2
ns	650	36797	replicate-2
ns	651	37237	replicate-2
ns	652	35243	replicate-2
ns	653	35249	replicate-2
ns	654	34983	replicate-2
ns	655	35265	replicate-2
ns	656	35275	replicate-2
ns	657	34652	replicate-2
ns	658	34747	replicate-2
ns	659	33477	replicate-2
ns	660	34011	replicate-2
ns	661	34579	replicate-2
ns	662	34365	replicate-2
ns	663	34512	replicate-2
ns	664	34223	replicate-2
ns	665	34045	replicate-2
ns	666	34207	replicate-2
ns	667	33903	replicate-2
ns	668	34072	replicate-2
ns	669	32655	replicate-2
ns	670	33207	replicate-2
ns	671	33168	replicate-2
ns	672	32839	replicate-2
ns	673	32704	replicate-2
ns	674	32623	replicate-2
ns	675	32710	replicate-2
ns	676	32625	replicate-2
ns	677	32388	replicate-2
ns	678	32093	replicate-2
ns	679	30631	replicate-2
ns	680	30618	replicate-2
ns	681	30568	replicate-2
ns	682	30529	replicate-2
ns	683	30172	replicate-2
ns	684	30323	replicate-2
ns	685	30339	replicate-2
ns	686	30165	replicate-2
ns	687	30059	replicate-2
ns	688	29994	replicate-2
ns	689	29916	replicate-2
ns	690	29923	replicate-2
ns	691	29975	replicate-2
ns	692	29987	replicate-2
ns	693	30193	replicate-2
ns	694	29897	replicate-2
ns	695	29924	replicate-2
ns	696	29790	replicate-2
ns	697	30129	replicate-2
ns	698	30234	replicate-2
ns	699	30253	replicate-2
ns	700	30583	replicate-2
ns	701	30313	replicate-2
ns	702	30310	replicate-2
ns	703	30306	replicate-2
ns	704	30212	replicate-2
ns	705	30235	replicate-2
ns	706	29527	replicate-2
ns	707	29511	replicate-2
ns	708	29426	replicate-2
ns	709	28936	replicate-2
ns	710	28750	replicate-2
ns	711	28782	replicate-2
ns	712	28812	replicate-2
ns	713	28903	replicate-2
ns	714	29034	replicate-2
ns	715	28234	replicate-2
ns	716	28239	replicate-2
ns	717	28226	replicate-2
ns	718	28262	replicate-2
ns	719	28203	replicate-2
ns	720	27939	replicate-2
ns	721	28474	replicate-2
ns	722	28149	replicate-2
ns	723	27572	replicate-2
ns	724	27512	replicate-2
ns	725	27615	replicate-2
ns	726	27570	replicate-2
ns	727	27478	replicate-2
ns	728	27431	replicate-2
ns	729	27495	replicate-2
ns	730	25774	replicate-2
ns	731	25763	replicate-2
ns	732	25775	replicate-2
ns	733	25710	replicate-2
ns	734	25448	replicate-2
ns	735	25843	replicate-2
ns	736	25934	replicate-2
ns	737	26057	replicate-2
ns	738	25760	replicate-2
ns	739	25754	replicate-2
ns	740	25949	replicate-2
ns	741	25292	replicate-2
ns	742	25109	replicate-2
ns	743	25049	replicate-2
ns	744	23193	replicate-2
ns	745	23524	replicate-2
ns	746	23087	replicate-2
ns	747	23161	replicate-2
ns	748	22944	replicate-2
ns	749	22925	replicate-2
ns	750	22960	replicate-2
ns	751	22835	replicate-2
ns	752	22770	replicate-2
ns	753	22766	replicate-2
ns	754	21168	replicate-2
ns	755	22315	replicate-2
ns	756	22199	replicate-2
ns	757	22248	replicate-2
ns	758	22160	replicate-2
ns	759	21682	replicate-2
ns	760	21683	replicate-2
ns	761	21690	replicate-2
ns	762	21747	replicate-2
ns	763	21386	replicate-2
ns	764	18089	replicate-2
ns	765	17674	replicate-2
ns	766	17186	replicate-2
ns	767	17306	replicate-2
ns	768	17162	replicate-2
ns	769	17227	replicate-2
ns	770	17039	replicate-2
ns	771	17026	replicate-2
ns	772	17002	replicate-2
ns	773	16908	replicate-2
ns	774	16909	replicate-2
ns	775	16639	replicate-2
ns	776	16754	replicate-2
ns	777	16325	replicate-2
ns	778	16084	replicate-2
ns	779	16112	replicate-2
ns	780	15618	replicate-2
ns	781	15654	replicate-2
ns	782	15626	replicate-2
ns	783	15640	replicate-2
ns	784	15769	replicate-2
ns	785	15332	replicate-2
ns	786	15464	replicate-2
ns	787	15463	replicate-2
ns	788	15497	replicate-2
ns	789	15479	replicate-2
ns	790	15463	replicate-2
ns	791	16028	replicate-2
ns	792	15986	replicate-2
ns	793	15718	replicate-2
ns	794	15311	replicate-2
ns	795	15057	replicate-2
ns	796	15245	replicate-2
ns	797	15197	replicate-2
ns	798	15196	replicate-2
ns	799	15013	replicate-2
ns	800	13870	replicate-2
ns	801	13800	replicate-2
ns	802	13910	replicate-2
ns	803	14653	replicate-2
ns	804	14568	replicate-2
ns	805	14320	replicate-2
ns	806	14391	replicate-2
ns	807	14389	replicate-2
ns	808	14539	replicate-2
ns	809	14520	replicate-2
ns	810	14468	replicate-2
ns	811	14394	replicate-2
ns	812	12372	replicate-2
ns	813	12296	replicate-2
ns	814	12144	replicate-2
ns	815	12070	replicate-2
ns	816	12191	replicate-2
ns	817	11704	replicate-2
ns	818	11691	replicate-2
ns	819	11590	replicate-2
ns	820	11385	replicate-2
ns	821	11364	replicate-2
ns	822	11312	replicate-2
ns	823	11314	replicate-2
ns	824	11088	replicate-2
ns	825	10678	replicate-2
ns	826	10733	replicate-2
ns	827	10705	replicate-2
ns	828	10711	replicate-2
ns	829	10643	replicate-2
ns	830	10443	replicate-2
ns	831	10456	replicate-2
ns	832	10421	replicate-2
ns	833	10345	replicate-2
ns	834	10524	replicate-2
ns	835	9885	replicate-2
ns	836	9863	replicate-2
ns	837	9821	replicate-2
ns	838	9806	replicate-2
ns	839	9817	replicate-2
ns	840	9635	replicate-2
ns	841	9513	replicate-2
ns	842	9405	replicate-2
ns	843	8297	replicate-2
ns	844	8248	replicate-2
ns	845	8228	replicate-2
ns	846	8189	replicate-2
ns	847	8186	replicate-2
ns	848	7913	replicate-2
ns	849	7876	replicate-2
ns	850	7807	replicate-2
ns	851	7742	replicate-2
ns	852	7721	replicate-2
ns	853	7695	replicate-2
ns	854	7626	replicate-2
ns	855	7624	replicate-2
ns	856	7590	replicate-2
ns	857	7332	replicate-2
ns	858	7230	replicate-2
ns	859	7143	replicate-2
ns	860	7136	replicate-2
ns	861	7119	replicate-2
ns	862	7054	replicate-2
ns	863	6743	replicate-2
ns	864	6533	replicate-2
ns	865	6322	replicate-2
ns	866	6287	replicate-2
ns	867	6127	replicate-2
ns	868	5595	replicate-2
ns	869	5538	replicate-2
ns	870	5535	replicate-2
ns	871	5503	replicate-2
ns	872	5463	replicate-2
ns	873	5395	replicate-2
ns	874	5350	replicate-2
ns	875	5309	replicate-2
ns	876	4745	replicate-2
ns	877	4733	replicate-2
ns	878	4567	replicate-2
ns	879	4492	replicate-2
ns	880	4367	replicate-2
ns	881	4275	replicate-2
ns	882	4266	replicate-2
ns	883	4190	replicate-2
ns	884	4150	replicate-2
ns	885	4108	replicate-2
ns	886	3127	replicate-2
ns	887	3014	replicate-2
ns	888	2921	replicate-2
ns	889	2899	replicate-2
ns	890	564	replicate-2
na	1	2236	replicate-2
na	2	2745	replicate-2
na	3	2810	replicate-2
na	4	2839	replicate-2
na	5	3177	replicate-2
na	6	3361	replicate-2
na	7	3383	replicate-2
na	8	3397	replicate-2
na	9	3450	replicate-2
na	10	3454	replicate-2
na	11	3473	replicate-2
na	12	3481	replicate-2
na	13	3578	replicate-2
na	14	3935	replicate-2
na	15	3964	replicate-2
na	16	3984	replicate-2
na	17	4023	replicate-2
na	18	4038	replicate-2
na	19	4180	replicate-2
na	20	4225	replicate-2
na	21	4238	replicate-2
na	22	4242	replicate-2
na	23	4263	replicate-2
na	24	4278	replicate-2
na	25	4372	replicate-2
na	26	4383	replicate-2
na	27	4401	replicate-2
na	28	4409	replicate-2
na	29	4410	replicate-2
na	30	4543	replicate-2
na	31	4579	replicate-2
na	32	4613	replicate-2
na	33	4618	replicate-2
na	34	4633	replicate-2
na	35	4712	replicate-2
na	36	4742	replicate-2
na	37	4791	replicate-2
na	38	5138	replicate-2
na	39	5293	replicate-2
na	40	5310	replicate-2
na	41	5342	replicate-2
na	42	5385	replicate-2
na	43	5490	replicate-2
na	44	5511	replicate-2
na	45	5539	replicate-2
na	46	6139	replicate-2
na	47	6214	replicate-2
na	48	6223	replicate-2
na	49	6257	replicate-2
na	50	6288	replicate-2
na	51	6665	replicate-2
na	52	6702	replicate-2
na	53	6726	replicate-2
na	54	6721	replicate-2
na	55	6694	replicate-2
na	56	6886	replicate-2
na	57	7147	replicate-2
na	58	7282	replicate-2
na	59	7866	replicate-2
na	60	7845	replicate-2
na	61	9220	replicate-2
na	62	9208	replicate-2
na	63	9244	replicate-2
na	64	9347	replicate-2
na	65	9370	replicate-2
na	66	10452	replicate-2
na	67	10416	replicate-2
na	68	10346	replicate-2
na	69	10337	replicate-2
na	70	10090	replicate-2
na	71	10219	replicate-2
na	72	10525	replicate-2
na	73	10549	replicate-2
na	74	10544	replicate-2
na	75	10362	replicate-2
na	76	10433	replicate-2
na	77	10540	replicate-2
na	78	10609	replicate-2
na	79	10600	replicate-2
na	80	10667	replicate-2
na	81	10530	replicate-2
na	82	10744	replicate-2
na	83	10793	replicate-2
na	84	10785	replicate-2
na	85	10808	replicate-2
na	86	10804	replicate-2
na	87	10847	replicate-2
na	88	10842	replicate-2
na	89	10840	replicate-2
na	90	10886	replicate-2
na	91	10837	replicate-2
na	92	10895	replicate-2
na	93	10921	replicate-2
na	94	10935	replicate-2
na	95	10961	replicate-2
na	96	10990	replicate-2
na	97	11053	replicate-2
na	98	11049	replicate-2
na	99	11080	replicate-2
na	100	11096	replicate-2
na	101	11194	replicate-2
na	102	11190	replicate-2
na	103	11241	replicate-2
na	104	11578	replicate-2
na	105	11560	replicate-2
na	106	11585	replicate-2
na	107	11622	replicate-2
na	108	11763	replicate-2
na	109	12139	replicate-2
na	110	12156	replicate-2
na	111	12095	replicate-2
na	112	13579	replicate-2
na	113	13480	replicate-2
na	114	13671	replicate-2
na	115	13679	replicate-2
na	116	13665	replicate-2
na	117	13634	replicate-2
na	118	13768	replicate-2
na	119	13856	replicate-2
na	120	13863	replicate-2
na	121	13102	replicate-2
na	122	13191	replicate-2
na	123	13161	replicate-2
na	124	13191	replicate-2
na	125	13257	replicate-2
na	126	13235	replicate-2
na	127	13176	replicate-2
na	128	13143	replicate-2
na	129	13157	replicate-2
na	130	13204	replicate-2
na	131	13230	replicate-2
na	132	13511	replicate-2
na	133	13509	replicate-2
na	134	13515	replicate-2
na	135	13482	replicate-2
na	136	13421	replicate-2
na	137	13376	replicate-2
na	138	13362	replicate-2
na	139	13437	replicate-2
na	140	13309	replicate-2
na	141	13317	replicate-2
na	142	13388	replicate-2
na	143	13627	replicate-2
na	144	13630	replicate-2
na	145	13864	replicate-2
na	146	13962	replicate-2
na	147	13969	replicate-2
na	148	13913	replicate-2
na	149	14199	replicate-2
na	150	14048	replicate-2
na	151	13761	replicate-2
na	152	13601	replicate-2
na	153	13359	replicate-2
na	154	13769	replicate-2
na	155	13930	replicate-2
na	156	14287	replicate-2
na	157	14293	replicate-2
na	158	14310	replicate-2
na	159	14606	replicate-2
na	160	14479	replicate-2
na	161	14450	replicate-2
na	162	14505	replicate-2
na	163	13800	replicate-2
na	164	13706	replicate-2
na	165	13668	replicate-2
na	166	13687	replicate-2
na	167	13738	replicate-2
na	168	13693	replicate-2
na	169	13899	replicate-2
na	170	14229	replicate-2
na	171	14352	replicate-2
na	172	14330	replicate-2
na	173	14592	replicate-2
na	174	14578	replicate-2
na	175	14708	replicate-2
na	176	14972	replicate-2
na	177	15163	replicate-2
na	178	15487	replicate-2
na	179	15640	replicate-2
na	180	15693	replicate-2
na	181	16092	replicate-2
na	182	16048	replicate-2
na	183	16473	replicate-2
na	184	16733	replicate-2
na	185	16638	replicate-2
na	186	16550	replicate-2
na	187	16465	replicate-2
na	188	16422	replicate-2
na	189	16398	replicate-2
na	190	16160	replicate-2
na	191	16716	replicate-2
na	192	17051	replicate-2
na	193	16830	replicate-2
na	194	16878	replicate-2
na	195	16674	replicate-2
na	196	16600	replicate-2
na	197	16721	replicate-2
na	198	16570	replicate-2
na	199	16645	replicate-2
na	200	16255	replicate-2
na	201	16073	replicate-2
na	202	16680	replicate-2
na	203	16686	replicate-2
na	204	16763	replicate-2
na	205	16785	replicate-2
na	206	16638	replicate-2
na	207	17013	replicate-2
na	208	17017	replicate-2
na	209	16983	replicate-2
na	210	16909	replicate-2
na	211	16456	replicate-2
na	212	16483	replicate-2
na	213	16649	replicate-2
na	214	16716	replicate-2
na	215	16735	replicate-2
na	216	16542	replicate-2
na	217	16511	replicate-2
na	218	16633	replicate-2
na	219	16715	replicate-2
na	220	16704	replicate-2
na	221	16635	replicate-2
na	222	16500	replicate-2
na	223	16627	replicate-2
na	224	16733	replicate-2
na	225	16729	replicate-2
na	226	16683	replicate-2
na	227	16805	replicate-2
na	228	16795	replicate-2
na	229	16841	replicate-2
na	230	16899	replicate-2
na	231	16827	replicate-2
na	232	16799	replicate-2
na	233	16768	replicate-2
na	234	16838	replicate-2
na	235	16935	replicate-2
na	236	16804	replicate-2
na	237	16782	replicate-2
na	238	16859	replicate-2
na	239	16948	replicate-2
na	240	16958	replicate-2
na	241	16944	replicate-2
na	242	16925	replicate-2
na	243	16920	replicate-2
na	244	16860	replicate-2
na	245	16839	replicate-2
na	246	16869	replicate-2
na	247	16839	replicate-2
na	248	16709	replicate-2
na	249	16834	replicate-2
na	250	16757	replicate-2
na	251	16761	replicate-2
na	252	16745	replicate-2
na	253	16699	replicate-2
na	254	17044	replicate-2
na	255	17016	replicate-2
na	256	17023	replicate-2
na	257	17001	replicate-2
na	258	17045	replicate-2
na	259	16986	replicate-2
na	260	16998	replicate-2
na	261	16979	replicate-2
na	262	16630	replicate-2
na	263	16113	replicate-2
na	264	16099	replicate-2
na	265	15831	replicate-2
na	266	15830	replicate-2
na	267	15854	replicate-2
na	268	15815	replicate-2
na	269	15718	replicate-2
na	270	15730	replicate-2
na	271	15849	replicate-2
na	272	15818	replicate-2
na	273	15809	replicate-2
na	274	15710	replicate-2
na	275	15579	replicate-2
na	276	15566	replicate-2
na	277	15437	replicate-2
na	278	15450	replicate-2
na	279	15408	replicate-2
na	280	15319	replicate-2
na	281	15340	replicate-2
na	282	15291	replicate-2
na	283	15577	replicate-2
na	284	15563	replicate-2
na	285	15562	replicate-2
na	286	15548	replicate-2
na	287	15416	replicate-2
na	288	15442	replicate-2
na	289	15448	replicate-2
na	290	15419	replicate-2
na	291	15398	replicate-2
na	292	14777	replicate-2
na	293	14740	replicate-2
na	294	14669	replicate-2
na	295	14616	replicate-2
na	296	14792	replicate-2
na	297	14699	replicate-2
na	298	14786	replicate-2
na	299	14623	replicate-2
na	300	15577	replicate-2
na	301	15573	replicate-2
na	302	15539	replicate-2
na	303	15315	replicate-2
na	304	15227	replicate-2
na	305	14470	replicate-2
na	306	14434	replicate-2
na	307	13934	replicate-2
na	308	13957	replicate-2
na	309	12960	replicate-2
na	310	13094	replicate-2
na	311	13508	replicate-2
na	312	13863	replicate-2
na	313	13881	replicate-2
na	314	13847	replicate-2
na	315	14418	replicate-2
na	316	14374	replicate-2
na	317	14641	replicate-2
na	318	14630	replicate-2
na	319	14412	replicate-2
na	320	14742	replicate-2
na	321	13446	replicate-2
na	322	13571	replicate-2
na	323	13831	replicate-2
na	324	13162	replicate-2
na	325	13133	replicate-2
na	326	12956	replicate-2
na	327	12934	replicate-2
na	328	12765	replicate-2
na	329	12388	replicate-2
na	330	12129	replicate-2
na	331	12049	replicate-2
na	332	12248	replicate-2
na	333	12257	replicate-2
na	334	13015	replicate-2
na	335	12772	replicate-2
na	336	12742	replicate-2
na	337	12869	replicate-2
na	338	12887	replicate-2
na	339	12927	replicate-2
na	340	13141	replicate-2
na	341	12790	replicate-2
na	342	12680	replicate-2
na	343	11764	replicate-2
na	344	11687	replicate-2
na	345	11720	replicate-2
na	346	11771	replicate-2
na	347	12137	replicate-2
na	348	12138	replicate-2
na	349	12137	replicate-2
na	350	12145	replicate-2
na	351	12141	replicate-2
na	352	12220	replicate-2
na	353	12191	replicate-2
na	354	12372	replicate-2
na	355	12312	replicate-2
na	356	12103	replicate-2
na	357	12119	replicate-2
na	358	12113	replicate-2
na	359	12032	replicate-2
na	360	12283	replicate-2
na	361	12254	replicate-2
na	362	12541	replicate-2
na	363	12356	replicate-2
na	364	12455	replicate-2
na	365	12735	replicate-2
na	366	13074	replicate-2
na	367	13179	replicate-2
na	368	13182	replicate-2
na	369	13094	replicate-2
na	370	13561	replicate-2
na	371	13395	replicate-2
na	372	13444	replicate-2
na	373	13461	replicate-2
na	374	13106	replicate-2
na	375	13070	replicate-2
na	376	12763	replicate-2
na	377	12753	replicate-2
na	378	13022	replicate-2
na	379	12636	replicate-2
na	380	12811	replicate-2
na	381	12862	replicate-2
na	382	12922	replicate-2
na	383	13034	replicate-2
na	384	13023	replicate-2
na	385	13137	replicate-2
na	386	13267	replicate-2
na	387	13084	replicate-2
na	388	13066	replicate-2
na	389	12951	replicate-2
na	390	13033	replicate-2
na	391	13067	replicate-2
na	392	13100	replicate-2
na	393	13043	replicate-2
na	394	13088	replicate-2
na	395	13062	replicate-2
na	396	13275	replicate-2
na	397	13258	replicate-2
na	398	13331	replicate-2
na	399	13302	replicate-2
na	400	13287	replicate-2
na	401	13260	replicate-2
na	402	13269	replicate-2
na	403	13143	replicate-2
na	404	13141	replicate-2
na	405	12786	replicate-2
na	406	12804	replicate-2
na	407	12757	replicate-2
na	408	12690	replicate-2
na	409	12704	replicate-2
na	410	12629	replicate-2
na	411	12695	replicate-2
na	412	12743	replicate-2
na	413	12625	replicate-2
na	414	12668	replicate-2
na	415	12652	replicate-2
na	416	12648	replicate-2
na	417	12686	replicate-2
na	418	12718	replicate-2
na	419	12717	replicate-2
na	420	12633	replicate-2
na	421	12440	replicate-2
na	422	12614	replicate-2
na	423	12626	replicate-2
na	424	12826	replicate-2
na	425	12832	replicate-2
na	426	12797	replicate-2
na	427	12822	replicate-2
na	428	12835	replicate-2
na	429	12862	replicate-2
na	430	12932	replicate-2
na	431	12697	replicate-2
na	432	12737	replicate-2
na	433	12607	replicate-2
na	434	12480	replicate-2
na	435	12701	replicate-2
na	436	12662	replicate-2
na	437	12823	replicate-2
na	438	12817	replicate-2
na	439	12613	replicate-2
na	440	12683	replicate-2
na	441	12449	replicate-2
na	442	12639	replicate-2
na	443	12656	replicate-2
na	444	12225	replicate-2
na	445	12249	replicate-2
na	446	11959	replicate-2
na	447	11908	replicate-2
na	448	11902	replicate-2
na	449	11665	replicate-2
na	450	11604	replicate-2
na	451	11299	replicate-2
na	452	11466	replicate-2
na	453	11430	replicate-2
na	454	11578	replicate-2
na	455	11560	replicate-2
na	456	11580	replicate-2
na	457	11611	replicate-2
na	458	11419	replicate-2
na	459	11154	replicate-2
na	460	10939	replicate-2
na	461	10814	replicate-2
na	462	10589	replicate-2
na	463	10633	replicate-2
na	464	10385	replicate-2
na	465	11134	replicate-2
na	466	10978	replicate-2
na	467	11017	replicate-2
na	468	10951	replicate-2
na	469	10905	replicate-2
na	470	11192	replicate-2
na	471	11160	replicate-2
na	472	11048	replicate-2
na	473	11045	replicate-2
na	474	9547	replicate-2
na	475	9534	replicate-2
na	476	9533	replicate-2
na	477	9477	replicate-2
na	478	9499	replicate-2
na	479	9731	replicate-2
na	480	9733	replicate-2
na	481	9694	replicate-2
na	482	10128	replicate-2
na	483	10154	replicate-2
na	484	10080	replicate-2
na	485	10029	replicate-2
na	486	9962	replicate-2
na	487	9977	replicate-2
na	488	9295	replicate-2
na	489	9414	replicate-2
na	490	9376	replicate-2
na	491	9069	replicate-2
na	492	9281	replicate-2
na	493	9217	replicate-2
na	494	9242	replicate-2
na	495	9285	replicate-2
na	496	9254	replicate-2
na	497	9442	replicate-2
na	498	9298	replicate-2
na	499	9458	replicate-2
na	500	9480	replicate-2
na	501	9400	replicate-2
na	502	9656	replicate-2
na	503	9743	replicate-2
na	504	9764	replicate-2
na	505	9830	replicate-2
na	506	9674	replicate-2
na	507	9711	replicate-2
na	508	9681	replicate-2
na	509	9932	replicate-2
na	510	10054	replicate-2
na	511	10107	replicate-2
na	512	9935	replicate-2
na	513	9993	replicate-2
na	514	9985	replicate-2
na	515	10079	replicate-2
na	516	10177	replicate-2
na	517	10246	replicate-2
na	518	10200	replicate-2
na	519	10283	replicate-2
na	520	10136	replicate-2
na	521	10164	replicate-2
na	522	11022	replicate-2
na	523	11171	replicate-2
na	524	11117	replicate-2
na	525	11115	replicate-2
na	526	10903	replicate-2
na	527	11078	replicate-2
na	528	11061	replicate-2
na	529	11049	replicate-2
na	530	11101	replicate-2
na	531	10572	replicate-2
na	532	10957	replicate-2
na	533	10957	replicate-2
na	534	10957	replicate-2
na	535	10948	replicate-2
na	536	10834	replicate-2
na	537	10949	replicate-2
na	538	11007	replicate-2
na	539	11098	replicate-2
na	540	11108	replicate-2
na	541	10889	replicate-2
na	542	10882	replicate-2
na	543	10887	replicate-2
na	544	10928	replicate-2
na	545	11008	replicate-2
na	546	10916	replicate-2
na	547	11001	replicate-2
na	548	10915	replicate-2
na	549	11069	replicate-2
na	550	11063	replicate-2
na	551	11079	replicate-2
na	552	11106	replicate-2
na	553	11065	replicate-2
na	554	11023	replicate-2
na	555	11104	replicate-2
na	556	11088	replicate-2
na	557	11264	replicate-2
na	558	11180	replicate-2
na	559	11210	replicate-2
na	560	11282	replicate-2
na	561	11328	replicate-2
na	562	11357	replicate-2
na	563	11364	replicate-2
na	564	11367	replicate-2
na	565	11596	replicate-2
na	566	11552	replicate-2
na	567	11625	replicate-2
na	568	11604	replicate-2
na	569	11518	replicate-2
na	570	11606	replicate-2
na	571	11820	replicate-2
na	572	11853	replicate-2
na	573	11806	replicate-2
na	574	11600	replicate-2
na	575	11545	replicate-2
na	576	11539	replicate-2
na	577	11500	replicate-2
na	578	11528	replicate-2
na	579	11502	replicate-2
na	580	11439	replicate-2
na	581	11456	replicate-2
na	582	11461	replicate-2
na	583	11461	replicate-2
na	584	11477	replicate-2
na	585	11437	replicate-2
na	586	11543	replicate-2
na	587	11554	replicate-2
na	588	11473	replicate-2
na	589	11510	replicate-2
na	590	11523	replicate-2
na	591	11501	replicate-2
na	592	11511	replicate-2
na	593	11501	replicate-2
na	594	11468	replicate-2
na	595	11505	replicate-2
na	596	11277	replicate-2
na	597	11266	replicate-2
na	598	11266	replicate-2
na	599	11355	replicate-2
na	600	11368	replicate-2
na	601	11455	replicate-2
na	602	11403	replicate-2
na	603	11309	replicate-2
na	604	11335	replicate-2
na	605	11408	replicate-2
na	606	11459	replicate-2
na	607	11451	replicate-2
na	608	11217	replicate-2
na	609	11398	replicate-2
na	610	11387	replicate-2
na	611	11273	replicate-2
na	612	11314	replicate-2
na	613	11216	replicate-2
na	614	11295	replicate-2
na	615	11261	replicate-2
na	616	11101	replicate-2
na	617	11429	replicate-2
na	618	11245	replicate-2
na	619	11366	replicate-2
na	620	11361	replicate-2
na	621	11222	replicate-2
na	622	11234	replicate-2
na	623	11014	replicate-2
na	624	11010	replicate-2
na	625	11029	replicate-2
na	626	10617	replicate-2
na	627	10685	replicate-2
na	628	10637	replicate-2
na	629	10681	replicate-2
na	630	10654	replicate-2
na	631	10361	replicate-2
na	632	10196	replicate-2
na	633	10619	replicate-2
na	634	10668	replicate-2
na	635	10753	replicate-2
na	636	10926	replicate-2
na	637	10800	replicate-2
na	638	10928	replicate-2
na	639	10843	replicate-2
na	640	10750	replicate-2
na	641	11053	replicate-2
na	642	10508	replicate-2
na	643	10527	replicate-2
na	644	10564	replicate-2
na	645	10317	replicate-2
na	646	10328	replicate-2
na	647	10176	replicate-2
na	648	10241	replicate-2
na	649	10491	replicate-2
na	650	10218	replicate-2
na	651	10202	replicate-2
na	652	10338	replicate-2
na	653	10187	replicate-2
na	654	10450	replicate-2
na	655	10473	replicate-2
na	656	10586	replicate-2
na	657	10508	replicate-2
na	658	10113	replicate-2
na	659	10156	replicate-2
na	660	10173	replicate-2
na	661	10056	replicate-2
na	662	10058	replicate-2
na	663	9897	replicate-2
na	664	10378	replicate-2
na	665	10328	replicate-2
na	666	10667	replicate-2
na	667	10630	replicate-2
na	668	10527	replicate-2
na	669	10480	replicate-2
na	670	10414	replicate-2
na	671	10537	replicate-2
na	672	10357	replicate-2
na	673	10139	replicate-2
na	674	9740	replicate-2
na	675	9592	replicate-2
na	676	9670	replicate-2
na	677	9702	replicate-2
na	678	9746	replicate-2
na	679	9764	replicate-2
na	680	9708	replicate-2
na	681	9688	replicate-2
na	682	9638	replicate-2
na	683	9610	replicate-2
na	684	9577	replicate-2
na	685	9624	replicate-2
na	686	9721	replicate-2
na	687	9715	replicate-2
na	688	9706	replicate-2
na	689	9667	replicate-2
na	690	9728	replicate-2
na	691	9743	replicate-2
na	692	9747	replicate-2
na	693	9755	replicate-2
na	694	9781	replicate-2
na	695	9658	replicate-2
na	696	9711	replicate-2
na	697	9911	replicate-2
na	698	9887	replicate-2
na	699	9905	replicate-2
na	700	9912	replicate-2
na	701	9921	replicate-2
na	702	9974	replicate-2
na	703	9997	replicate-2
na	704	10391	replicate-2
na	705	10347	replicate-2
na	706	10388	replicate-2
na	707	10274	replicate-2
na	708	10466	replicate-2
na	709	10461	replicate-2
na	710	10468	replicate-2
na	711	10343	replicate-2
na	712	10356	replicate-2
na	713	9998	replicate-2
na	714	10053	replicate-2
na	715	9912	replicate-2
na	716	9935	replicate-2
na	717	9885	replicate-2
na	718	9977	replicate-2
na	719	10120	replicate-2
na	720	10155	replicate-2
na	721	10152	replicate-2
na	722	10137	replicate-2
na	723	10183	replicate-2
na	724	10208	replicate-2
na	725	10203	replicate-2
na	726	10115	replicate-2
na	727	10178	replicate-2
na	728	10051	replicate-2
na	729	9995	replicate-2
na	730	10009	replicate-2
na	731	9991	replicate-2
na	732	10029	replicate-2
na	733	10102	replicate-2
na	734	10170	replicate-2
na	735	10160	replicate-2
na	736	10064	replicate-2
na	737	10147	replicate-2
na	738	10187	replicate-2
na	739	10597	replicate-2
na	740	10570	replicate-2
na	741	10640	replicate-2
na	742	10623	replicate-2
na	743	10625	replicate-2
na	744	10635	replicate-2
na	745	10593	replicate-2
na	746	10610	replicate-2
na	747	10509	replicate-2
na	748	10680	replicate-2
na	749	10407	replicate-2
na	750	10289	replicate-2
na	751	10262	replicate-2
na	752	10231	replicate-2
na	753	10282	replicate-2
na	754	10316	replicate-2
na	755	10246	replicate-2
na	756	10254	replicate-2
na	757	9756	replicate-2
na	758	9799	replicate-2
na	759	9816	replicate-2
na	760	10214	replicate-2
na	761	10266	replicate-2
na	762	10146	replicate-2
na	763	10104	replicate-2
na	764	9953	replicate-2
na	765	10088	replicate-2
na	766	10087	replicate-2
na	767	10035	replicate-2
na	768	9934	replicate-2
na	769	9238	replicate-2
na	770	9291	replicate-2
na	771	9450	replicate-2
na	772	9508	replicate-2
na	773	9474	replicate-2
na	774	9154	replicate-2
na	775	9433	replicate-2
na	776	9565	replicate-2
na	777	9742	replicate-2
na	778	9769	replicate-2
na	779	9648	replicate-2
na	780	9237	replicate-2
na	781	9189	replicate-2
na	782	9183	replicate-2
na	783	9281	replicate-2
na	784	8756	replicate-2
na	785	8854	replicate-2
na	786	8731	replicate-2
na	787	8784	replicate-2
na	788	8771	replicate-2
na	789	8778	replicate-2
na	790	8953	replicate-2
na	791	8968	replicate-2
na	792	8924	replicate-2
na	793	8922	replicate-2
na	794	8634	replicate-2
na	795	8926	replicate-2
na	796	8916	replicate-2
na	797	8933	replicate-2
na	798	8914	replicate-2
na	799	8765	replicate-2
na	800	8778	replicate-2
na	801	8798	replicate-2
na	802	8819	replicate-2
na	803	8793	replicate-2
na	804	8612	replicate-2
na	805	8594	replicate-2
na	806	8553	replicate-2
na	807	8635	replicate-2
na	808	8611	replicate-2
na	809	8674	replicate-2
na	810	8713	replicate-2
na	811	8708	replicate-2
na	812	8750	replicate-2
na	813	8787	replicate-2
na	814	8809	replicate-2
na	815	8706	replicate-2
na	816	8625	replicate-2
na	817	8646	replicate-2
na	818	8556	replicate-2
na	819	8855	replicate-2
na	820	8864	replicate-2
na	821	8980	replicate-2
na	822	9084	replicate-2
na	823	9117	replicate-2
na	824	9222	replicate-2
na	825	9243	replicate-2
na	826	9230	replicate-2
na	827	9301	replicate-2
na	828	9106	replicate-2
na	829	9098	replicate-2
na	830	9100	replicate-2
na	831	9025	replicate-2
na	832	9347	replicate-2
na	833	9335	replicate-2
na	834	9475	replicate-2
na	835	9492	replicate-2
na	836	9510	replicate-2
na	837	9857	replicate-2
na	838	9869	replicate-2
na	839	9915	replicate-2
na	840	9910	replicate-2
na	841	9591	replicate-2
na	842	9621	replicate-2
na	843	9518	replicate-2
na	844	9425	replicate-2
na	845	9516	replicate-2
na	846	9334	replicate-2
na	847	9365	replicate-2
na	848	9297	replicate-2
na	849	9325	replicate-2
na	850	9307	replicate-2
na	851	9245	replicate-2
na	852	9327	replicate-2
na	853	9251	replicate-2
na	854	9143	replicate-2
na	855	9044	replicate-2
na	856	9056	replicate-2
na	857	9063	replicate-2
na	858	9027	replicate-2
na	859	9162	replicate-2
na	860	9230	replicate-2
na	861	9187	replicate-2
na	862	9240	replicate-2
na	863	9132	replicate-2
na	864	9118	replicate-2
na	865	9312	replicate-2
na	866	9219	replicate-2
na	867	9179	replicate-2
na	868	9050	replicate-2
na	869	8757	replicate-2
na	870	8774	replicate-2
na	871	8718	replicate-2
na	872	8694	replicate-2
na	873	8689	replicate-2
na	874	8444	replicate-2
na	875	8527	replicate-2
na	876	8697	replicate-2
na	877	8701	replicate-2
na	878	8668	replicate-2
na	879	9013	replicate-2
na	880	9239	replicate-2
na	881	9744	replicate-2
na	882	9751	replicate-2
na	883	9971	replicate-2
na	884	9585	replicate-2
na	885	9623	replicate-2
na	886	9399	replicate-2
na	887	9453	replicate-2
na	888	8700	replicate-2
na	889	8696	replicate-2
na	890	7740	replicate-2
na	891	7803	replicate-2
na	892	7453	replicate-2
na	893	7652	replicate-2
na	894	7598	replicate-2
na	895	7628	replicate-2
na	896	7601	replicate-2
na	897	7481	replicate-2
na	898	7503	replicate-2
na	899	7490	replicate-2
na	900	7561	replicate-2
na	901	7548	replicate-2
na	902	7587	replicate-2
na	903	7439	replicate-2
na	904	7454	replicate-2
na	905	7457	replicate-2
na	906	7453	replicate-2
na	907	7414	replicate-2
na	908	7383	replicate-2
na	909	7307	replicate-2
na	910	7236	replicate-2
na	911	6999	replicate-2
na	912	7077	replicate-2
na	913	7196	replicate-2
na	914	7200	replicate-2
na	915	7200	replicate-2
na	916	7213	replicate-2
na	917	7193	replicate-2
na	918	7177	replicate-2
na	919	7140	replicate-2
na	920	7145	replicate-2
na	921	6943	replicate-2
na	922	6881	replicate-2
na	923	6892	replicate-2
na	924	6893	replicate-2
na	925	6844	replicate-2
na	926	6862	replicate-2
na	927	6787	replicate-2
na	928	6854	replicate-2
na	929	6881	replicate-2
na	930	6887	replicate-2
na	931	6798	replicate-2
na	932	6740	replicate-2
na	933	6733	replicate-2
na	934	6750	replicate-2
na	935	6681	replicate-2
na	936	6652	replicate-2
na	937	6567	replicate-2
na	938	6413	replicate-2
na	939	6439	replicate-2
na	940	6469	replicate-2
na	941	6454	replicate-2
na	942	6439	replicate-2
na	943	6203	replicate-2
na	944	6214	replicate-2
na	945	6281	replicate-2
na	946	6270	replicate-2
na	947	6276	replicate-2
na	948	6270	replicate-2
na	949	6225	replicate-2
na	950	6238	replicate-2
na	951	6236	replicate-2
na	952	6211	replicate-2
na	953	6388	replicate-2
na	954	6218	replicate-2
na	955	6541	replicate-2
na	956	6544	replicate-2
na	957	6524	replicate-2
na	958	6567	replicate-2
na	959	6555	replicate-2
na	960	6549	replicate-2
na	961	6572	replicate-2
na	962	6286	replicate-2
na	963	7901	replicate-2
na	964	7821	replicate-2
na	965	7973	replicate-2
na	966	8778	replicate-2
na	967	8972	replicate-2
na	968	9681	replicate-2
na	969	9693	replicate-2
na	970	9670	replicate-2
na	971	9764	replicate-2
na	972	9026	replicate-2
na	973	9066	replicate-2
na	974	9049	replicate-2
na	975	8437	replicate-2
na	976	8483	replicate-2
na	977	8225	replicate-2
na	978	8270	replicate-2
na	979	8294	replicate-2
na	980	8301	replicate-2
na	981	8371	replicate-2
na	982	8313	replicate-2
na	983	8377	replicate-2
na	984	8649	replicate-2
na	985	8660	replicate-2
na	986	8663	replicate-2
na	987	8637	replicate-2
na	988	8696	replicate-2
na	989	8717	replicate-2
na	990	8757	replicate-2
na	991	8747	replicate-2
na	992	8741	replicate-2
na	993	8680	replicate-2
na	994	8818	replicate-2
na	995	8856	replicate-2
na	996	8848	replicate-2
na	997	8878	replicate-2
na	998	8866	replicate-2
na	999	8847	replicate-2
na	1000	8868	replicate-2
na	1001	8970	replicate-2
na	1002	8970	replicate-2
na	1003	8978	replicate-2
na	1004	9013	replicate-2
na	1005	9032	replicate-2
na	1006	9078	replicate-2
na	1007	9190	replicate-2
na	1008	9193	replicate-2
na	1009	9186	replicate-2
na	1010	9092	replicate-2
na	1011	9103	replicate-2
na	1012	9171	replicate-2
na	1013	9133	replicate-2
na	1014	9107	replicate-2
na	1015	9056	replicate-2
na	1016	8950	replicate-2
na	1017	9083	replicate-2
na	1018	9119	replicate-2
na	1019	9182	replicate-2
na	1020	9154	replicate-2
na	1021	9174	replicate-2
na	1022	9259	replicate-2
na	1023	9273	replicate-2
na	1024	9281	replicate-2
na	1025	9248	replicate-2
na	1026	9031	replicate-2
na	1027	9294	replicate-2
na	1028	9299	replicate-2
na	1029	9360	replicate-2
na	1030	9257	replicate-2
na	1031	9199	replicate-2
na	1032	9088	replicate-2
na	1033	9120	replicate-2
na	1034	9387	replicate-2
na	1035	9349	replicate-2
na	1036	9263	replicate-2
na	1037	9414	replicate-2
na	1038	9344	replicate-2
na	1039	9721	replicate-2
na	1040	9657	replicate-2
na	1041	9682	replicate-2
na	1042	9645	replicate-2
na	1043	9245	replicate-2
na	1044	9202	replicate-2
na	1045	9141	replicate-2
na	1046	9064	replicate-2
na	1047	9194	replicate-2
na	1048	8855	replicate-2
na	1049	8861	replicate-2
na	1050	8804	replicate-2
na	1051	8758	replicate-2
na	1052	8755	replicate-2
na	1053	8651	replicate-2
na	1054	8860	replicate-2
na	1055	8705	replicate-2
na	1056	8854	replicate-2
na	1057	8838	replicate-2
na	1058	8743	replicate-2
na	1059	8735	replicate-2
na	1060	8724	replicate-2
na	1061	8675	replicate-2
na	1062	8738	replicate-2
na	1063	8544	replicate-2
na	1064	8538	replicate-2
na	1065	8260	replicate-2
na	1066	8331	replicate-2
na	1067	8392	replicate-2
na	1068	8442	replicate-2
na	1069	8606	replicate-2
na	1070	8602	replicate-2
na	1071	8689	replicate-2
na	1072	8637	replicate-2
na	1073	8645	replicate-2
na	1074	8900	replicate-2
na	1075	8927	replicate-2
na	1076	9046	replicate-2
na	1077	9053	replicate-2
na	1078	8914	replicate-2
na	1079	9275	replicate-2
na	1080	9323	replicate-2
na	1081	10441	replicate-2
na	1082	10406	replicate-2
na	1083	10355	replicate-2
na	1084	10362	replicate-2
na	1085	10279	replicate-2
na	1086	10306	replicate-2
na	1087	10392	replicate-2
na	1088	10417	replicate-2
na	1089	10455	replicate-2
na	1090	9728	replicate-2
na	1091	9827	replicate-2
na	1092	9957	replicate-2
na	1093	10065	replicate-2
na	1094	10164	replicate-2
na	1095	10108	replicate-2
na	1096	10101	replicate-2
na	1097	10000	replicate-2
na	1098	9986	replicate-2
na	1099	10201	replicate-2
na	1100	10202	replicate-2
na	1101	10190	replicate-2
na	1102	10273	replicate-2
na	1103	10190	replicate-2
na	1104	10235	replicate-2
na	1105	10258	replicate-2
na	1106	10258	replicate-2
na	1107	10278	replicate-2
na	1108	10088	replicate-2
na	1109	10113	replicate-2
na	1110	10082	replicate-2
na	1111	10154	replicate-2
na	1112	10147	replicate-2
na	1113	9906	replicate-2
na	1114	9769	replicate-2
na	1115	9753	replicate-2
na	1116	9918	replicate-2
na	1117	9903	replicate-2
na	1118	10378	replicate-2
na	1119	10376	replicate-2
na	1120	10358	replicate-2
na	1121	10311	replicate-2
na	1122	10310	replicate-2
na	1123	10313	replicate-2
na	1124	10311	replicate-2
na	1125	10154	replicate-2
na	1126	10162	replicate-2
na	1127	10014	replicate-2
na	1128	10021	replicate-2
na	1129	10258	replicate-2
na	1130	10256	replicate-2
na	1131	10258	replicate-2
na	1132	10285	replicate-2
na	1133	10301	replicate-2
na	1134	10340	replicate-2
na	1135	10351	replicate-2
na	1136	10406	replicate-2
na	1137	10461	replicate-2
na	1138	10240	replicate-2
na	1139	10480	replicate-2
na	1140	10528	replicate-2
na	1141	10740	replicate-2
na	1142	10757	replicate-2
na	1143	10735	replicate-2
na	1144	10724	replicate-2
na	1145	10713	replicate-2
na	1146	10709	replicate-2
na	1147	10766	replicate-2
na	1148	10561	replicate-2
na	1149	10632	replicate-2
na	1150	10594	replicate-2
na	1151	10653	replicate-2
na	1152	10679	replicate-2
na	1153	10691	replicate-2
na	1154	10777	replicate-2
na	1155	10826	replicate-2
na	1156	10898	replicate-2
na	1157	10966	replicate-2
na	1158	10861	replicate-2
na	1159	10915	replicate-2
na	1160	11126	replicate-2
na	1161	11110	replicate-2
na	1162	11098	replicate-2
na	1163	10970	replicate-2
na	1164	11152	replicate-2
na	1165	11026	replicate-2
na	1166	11053	replicate-2
na	1167	11029	replicate-2
na	1168	10967	replicate-2
na	1169	10956	replicate-2
na	1170	11078	replicate-2
na	1171	11034	replicate-2
na	1172	11090	replicate-2
na	1173	10909	replicate-2
na	1174	11266	replicate-2
na	1175	11323	replicate-2
na	1176	11318	replicate-2
na	1177	11357	replicate-2
na	1178	11058	replicate-2
na	1179	11035	replicate-2
na	1180	11066	replicate-2
na	1181	10978	replicate-2
na	1182	10922	replicate-2
na	1183	10970	replicate-2
na	1184	10608	replicate-2
na	1185	10633	replicate-2
na	1186	10582	replicate-2
na	1187	10564	replicate-2
na	1188	10755	replicate-2
na	1189	10744	replicate-2
na	1190	10707	replicate-2
na	1191	10695	replicate-2
na	1192	10618	replicate-2
na	1193	10664	replicate-2
na	1194	10640	replicate-2
na	1195	10881	replicate-2
na	1196	10825	replicate-2
na	1197	10358	replicate-2
na	1198	10532	replicate-2
na	1199	10442	replicate-2
na	1200	10558	replicate-2
na	1201	10581	replicate-2
na	1202	10622	replicate-2
na	1203	10705	replicate-2
na	1204	10482	replicate-2
na	1205	10387	replicate-2
na	1206	10482	replicate-2
na	1207	10391	replicate-2
na	1208	10416	replicate-2
na	1209	10350	replicate-2
na	1210	10376	replicate-2
na	1211	10231	replicate-2
na	1212	10252	replicate-2
na	1213	10176	replicate-2
na	1214	10175	replicate-2
na	1215	10051	replicate-2
na	1216	10757	replicate-2
na	1217	10971	replicate-2
na	1218	11033	replicate-2
na	1219	11042	replicate-2
na	1220	11048	replicate-2
na	1221	11775	replicate-2
na	1222	11920	replicate-2
na	1223	12053	replicate-2
na	1224	12055	replicate-2
na	1225	11367	replicate-2
na	1226	11535	replicate-2
na	1227	11331	replicate-2
na	1228	11502	replicate-2
na	1229	11361	replicate-2
na	1230	10733	replicate-2
na	1231	10648	replicate-2
na	1232	10424	replicate-2
na	1233	10452	replicate-2
na	1234	10587	replicate-2
na	1235	10550	replicate-2
na	1236	10575	replicate-2
na	1237	10567	replicate-2
na	1238	10574	replicate-2
na	1239	10642	replicate-2
na	1240	10633	replicate-2
na	1241	10659	replicate-2
na	1242	10648	replicate-2
na	1243	10572	replicate-2
na	1244	10632	replicate-2
na	1245	10691	replicate-2
na	1246	11129	replicate-2
na	1247	11160	replicate-2
na	1248	11181	replicate-2
na	1249	11143	replicate-2
na	1250	11149	replicate-2
na	1251	11264	replicate-2
na	1252	11273	replicate-2
na	1253	11204	replicate-2
na	1254	11193	replicate-2
na	1255	10870	replicate-2
na	1256	10935	replicate-2
na	1257	10901	replicate-2
na	1258	10949	replicate-2
na	1259	10940	replicate-2
na	1260	11462	replicate-2
na	1261	11700	replicate-2
na	1262	11715	replicate-2
na	1263	11725	replicate-2
na	1264	11739	replicate-2
na	1265	11738	replicate-2
na	1266	11853	replicate-2
na	1267	11776	replicate-2
na	1268	11786	replicate-2
na	1269	10999	replicate-2
na	1270	11283	replicate-2
na	1271	11311	replicate-2
na	1272	11317	replicate-2
na	1273	11320	replicate-2
na	1274	11227	replicate-2
na	1275	11151	replicate-2
na	1276	11225	replicate-2
na	1277	11404	replicate-2
na	1278	11411	replicate-2
na	1279	11176	replicate-2
na	1280	11151	replicate-2
na	1281	11187	replicate-2
na	1282	11451	replicate-2
na	1283	11792	replicate-2
na	1284	11844	replicate-2
na	1285	11761	replicate-2
na	1286	11684	replicate-2
na	1287	11571	replicate-2
na	1288	11656	replicate-2
na	1289	11668	replicate-2
na	1290	11625	replicate-2
na	1291	11413	replicate-2
na	1292	11088	replicate-2
na	1293	11427	replicate-2
na	1294	11485	replicate-2
na	1295	11594	replicate-2
na	1296	11594	replicate-2
na	1297	11517	replicate-2
na	1298	12281	replicate-2
na	1299	12446	replicate-2
na	1300	12503	replicate-2
na	1301	12501	replicate-2
na	1302	12131	replicate-2
na	1303	12148	replicate-2
na	1304	11902	replicate-2
na	1305	11912	replicate-2
na	1306	11898	replicate-2
na	1307	11511	replicate-2
na	1308	11167	replicate-2
na	1309	11303	replicate-2
na	1310	11503	replicate-2
na	1311	11615	replicate-2
na	1312	11605	replicate-2
na	1313	11618	replicate-2
na	1314	11611	replicate-2
na	1315	11584	replicate-2
na	1316	11623	replicate-2
na	1317	11661	replicate-2
na	1318	11279	replicate-2
na	1319	11304	replicate-2
na	1320	10969	replicate-2
na	1321	10955	replicate-2
na	1322	10949	replicate-2
na	1323	10892	replicate-2
na	1324	10948	replicate-2
na	1325	10850	replicate-2
na	1326	10949	replicate-2
na	1327	10919	replicate-2
na	1328	10827	replicate-2
na	1329	10800	replicate-2
na	1330	10820	replicate-2
na	1331	10816	replicate-2
na	1332	10787	replicate-2
na	1333	10703	replicate-2
na	1334	10514	replicate-2
na	1335	10479	replicate-2
na	1336	10478	replicate-2
na	1337	10456	replicate-2
na	1338	10455	replicate-2
na	1339	10337	replicate-2
na	1340	10342	replicate-2
na	1341	10320	replicate-2
na	1342	10319	replicate-2
na	1343	10347	replicate-2
na	1344	10128	replicate-2
na	1345	10377	replicate-2
na	1346	10307	replicate-2
na	1347	10307	replicate-2
na	1348	10300	replicate-2
na	1349	10263	replicate-2
na	1350	10317	replicate-2
na	1351	10282	replicate-2
na	1352	10128	replicate-2
na	1353	10081	replicate-2
na	1354	9376	replicate-2
na	1355	9344	replicate-2
na	1356	9298	replicate-2
na	1357	9252	replicate-2
na	1358	9113	replicate-2
na	1359	9058	replicate-2
na	1360	9325	replicate-2
na	1361	9059	replicate-2
na	1362	9112	replicate-2
na	1363	9104	replicate-2
na	1364	9092	replicate-2
na	1365	9116	replicate-2
na	1366	8952	replicate-2
na	1367	9068	replicate-2
na	1368	8642	replicate-2
na	1369	8605	replicate-2
na	1370	7727	replicate-2
na	1371	7678	replicate-2
na	1372	7529	replicate-2
na	1373	7574	replicate-2
na	1374	7373	replicate-2
na	1375	7351	replicate-2
na	1376	6828	replicate-2
na	1377	6851	replicate-2
na	1378	6758	replicate-2
na	1379	6837	replicate-2
na	1380	6840	replicate-2
na	1381	6827	replicate-2
na	1382	6603	replicate-2
na	1383	6613	replicate-2
na	1384	6547	replicate-2
na	1385	6595	replicate-2
na	1386	6548	replicate-2
na	1387	6518	replicate-2
na	1388	6413	replicate-2
na	1389	6391	replicate-2
na	1390	6404	replicate-2
na	1391	6410	replicate-2
na	1392	6404	replicate-2
na	1393	6362	replicate-2
na	1394	6113	replicate-2
na	1395	6114	replicate-2
na	1396	6057	replicate-2
na	1397	6053	replicate-2
na	1398	5906	replicate-2
na	1399	5943	replicate-2
na	1400	5889	replicate-2
na	1401	5912	replicate-2
na	1402	5899	replicate-2
na	1403	5840	replicate-2
na	1404	5861	replicate-2
na	1405	5820	replicate-2
na	1406	5818	replicate-2
na	1407	5737	replicate-2
na	1408	4622	replicate-2
na	1409	4655	replicate-2
na	1410	4557	replicate-2
na	1411	4545	replicate-2
na	1412	4540	replicate-2
na	1413	4412	replicate-2
na	1414	4372	replicate-2
na	1415	4336	replicate-2
na	1416	4287	replicate-2
na	1417	4282	replicate-2
na	1418	4086	replicate-2
na	1419	3962	replicate-2
na	1420	3940	replicate-2
na	1421	3801	replicate-2
na	1422	3795	replicate-2
na	1423	3772	replicate-2
na	1424	3753	replicate-2
na	1425	3606	replicate-2
na	1426	3223	replicate-2
na	1427	3156	replicate-2
na	1428	3113	replicate-2
na	1429	3065	replicate-2
na	1430	3056	replicate-2
na	1431	2885	replicate-2
na	1432	2856	replicate-2
na	1433	2128	replicate-2
na	1434	2118	replicate-2
na	1435	2087	replicate-2
na	1436	2078	replicate-2
na	1437	2078	replicate-2
na	1438	1992	replicate-2
na	1439	1989	replicate-2
na	1440	1989	replicate-2
na	1441	1987	replicate-2
na	1442	1979	replicate-2
na	1443	1498	replicate-2
na	1444	1498	replicate-2
na	1445	1497	replicate-2
na	1446	1496	replicate-2
na	1447	1496	replicate-2
na	1448	1496	replicate-2
na	1449	1490	replicate-2
na	1450	1449	replicate-2
na	1451	1430	replicate-2
na	1452	1285	replicate-2
na	1453	1254	replicate-2
na	1454	1079	replicate-2
na	1455	1063	replicate-2
na	1456	1058	replicate-2
na	1457	414	replicate-2
pb2	1	1070	replicate-2
pb2	2	1280	replicate-2
pb2	3	1286	replicate-2
pb2	4	1290	replicate-2
pb2	5	1390	replicate-2
pb2	6	1405	replicate-2
pb2	7	1408	replicate-2
pb2	8	1410	replicate-2
pb2	9	1418	replicate-2
pb2	10	1419	replicate-2
pb2	11	1603	replicate-2
pb2	12	1649	replicate-2
pb2	13	1659	replicate-2
pb2	14	1689	replicate-2
pb2	15	1696	replicate-2
pb2	16	2012	replicate-2
pb2	17	2037	replicate-2
pb2	18	2045	replicate-2
pb2	19	2197	replicate-2
pb2	20	2221	replicate-2
pb2	21	2599	replicate-2
pb2	22	2648	replicate-2
pb2	23	2703	replicate-2
pb2	24	3038	replicate-2
pb2	25	3245	replicate-2
pb2	26	3512	replicate-2
pb2	27	3542	replicate-2
pb2	28	3584	replicate-2
pb2	29	3592	replicate-2
pb2	30	3739	replicate-2
pb2	31	3749	replicate-2
pb2	32	3758	replicate-2
pb2	33	3793	replicate-2
pb2	34	3807	replicate-2
pb2	35	4587	replicate-2
pb2	36	4603	replicate-2
pb2	37	4645	replicate-2
pb2	38	4990	replicate-2
pb2	39	5012	replicate-2
pb2	40	5127	replicate-2
pb2	41	5136	replicate-2
pb2	42	5160	replicate-2
pb2	43	5374	replicate-2
pb2	44	5442	replicate-2
pb2	45	5473	replicate-2
pb2	46	5502	replicate-2
pb2	47	5510	replicate-2
pb2	48	5630	replicate-2
pb2	49	5644	replicate-2
pb2	50	5675	replicate-2
pb2	51	5698	replicate-2
pb2	52	6063	replicate-2
pb2	53	6396	replicate-2
pb2	54	6423	replicate-2
pb2	55	6467	replicate-2
pb2	56	6508	replicate-2
pb2	57	6538	replicate-2
pb2	58	6678	replicate-2
pb2	59	6718	replicate-2
pb2	60	6802	replicate-2
pb2	61	6878	replicate-2
pb2	62	6866	replicate-2
pb2	63	6864	replicate-2
pb2	64	6884	replicate-2
pb2	65	6882	replicate-2
pb2	66	7259	replicate-2
pb2	67	7301	replicate-2
pb2	68	7365	replicate-2
pb2	69	7368	replicate-2
pb2	70	7381	replicate-2
pb2	71	7391	replicate-2
pb2	72	7411	replicate-2
pb2	73	7412	replicate-2
pb2	74	7476	replicate-2
pb2	75	7444	replicate-2
pb2	76	7787	replicate-2
pb2	77	7815	replicate-2
pb2	78	7849	replicate-2
pb2	79	7853	replicate-2
pb2	80	7861	replicate-2
pb2	81	7897	replicate-2
pb2	82	8198	replicate-2
pb2	83	8226	replicate-2
pb2	84	8235	replicate-2
pb2	85	8295	replicate-2
pb2	86	8138	replicate-2
pb2	87	8360	replicate-2
pb2	88	8365	replicate-2
pb2	89	8411	replicate-2
pb2	90	8404	replicate-2
pb2	91	8310	replicate-2
pb2	92	8363	replicate-2
pb2	93	8316	replicate-2
pb2	94	8271	replicate-2
pb2	95	8367	replicate-2
pb2	96	8321	replicate-2
pb2	97	8234	replicate-2
pb2	98	8402	replicate-2
pb2	99	8437	replicate-2
pb2	100	8743	replicate-2
pb2	101	8749	replicate-2
pb2	102	8720	replicate-2
pb2	103	8734	replicate-2
pb2	104	8668	replicate-2
pb2	105	8797	replicate-2
pb2	106	8802	replicate-2
pb2	107	8666	replicate-2
pb2	108	8708	replicate-2
pb2	109	8563	replicate-2
pb2	110	8562	replicate-2
pb2	111	8661	replicate-2
pb2	112	8983	replicate-2
pb2	113	9029	replicate-2
pb2	114	8978	replicate-2
pb2	115	8978	replicate-2
pb2	116	9135	replicate-2
pb2	117	9142	replicate-2
pb2	118	9627	replicate-2
pb2	119	9674	replicate-2
pb2	120	9693	replicate-2
pb2	121	9427	replicate-2
pb2	122	9430	replicate-2
pb2	123	9585	replicate-2
pb2	124	9655	replicate-2
pb2	125	9572	replicate-2
pb2	126	9823	replicate-2
pb2	127	9608	replicate-2
pb2	128	9398	replicate-2
pb2	129	9420	replicate-2
pb2	130	9666	replicate-2
pb2	131	9913	replicate-2
pb2	132	9741	replicate-2
pb2	133	9793	replicate-2
pb2	134	9829	replicate-2
pb2	135	9636	replicate-2
pb2	136	9659	replicate-2
pb2	137	9719	replicate-2
pb2	138	9768	replicate-2
pb2	139	9734	replicate-2
pb2	140	9630	replicate-2
pb2	141	9587	replicate-2
pb2	142	9710	replicate-2
pb2	143	9645	replicate-2
pb2	144	9651	replicate-2
pb2	145	10039	replicate-2
pb2	146	10092	replicate-2
pb2	147	10150	replicate-2
pb2	148	10165	replicate-2
pb2	149	10051	replicate-2
pb2	150	10006	replicate-2
pb2	151	9651	replicate-2
pb2	152	9765	replicate-2
pb2	153	9812	replicate-2
pb2	154	9557	replicate-2
pb2	155	9570	replicate-2
pb2	156	9559	replicate-2
pb2	157	9644	replicate-2
pb2	158	9671	replicate-2
pb2	159	9670	replicate-2
pb2	160	9699	replicate-2
pb2	161	9535	replicate-2
pb2	162	9596	replicate-2
pb2	163	9531	replicate-2
pb2	164	9827	replicate-2
pb2	165	9885	replicate-2
pb2	166	9817	replicate-2
pb2	167	9859	replicate-2
pb2	168	9959	replicate-2
pb2	169	10116	replicate-2
pb2	170	10059	replicate-2
pb2	171	10029	replicate-2
pb2	172	9918	replicate-2
pb2	173	9723	replicate-2
pb2	174	9787	replicate-2
pb2	175	9729	replicate-2
pb2	176	9711	replicate-2
pb2	177	9582	replicate-2
pb2	178	9453	replicate-2
pb2	179	9502	replicate-2
pb2	180	9532	replicate-2
pb2	181	9702	replicate-2
pb2	182	9886	replicate-2
pb2	183	9802	replicate-2
pb2	184	9838	replicate-2
pb2	185	9850	replicate-2
pb2	186	10093	replicate-2
pb2	187	10117	replicate-2
pb2	188	10080	replicate-2
pb2	189	10033	replicate-2
pb2	190	9967	replicate-2
pb2	191	10052	replicate-2
pb2	192	10212	replicate-2
pb2	193	10153	replicate-2
pb2	194	10159	replicate-2
pb2	195	10036	replicate-2
pb2	196	10007	replicate-2
pb2	197	10010	replicate-2
pb2	198	9995	replicate-2
pb2	199	9887	replicate-2
pb2	200	10065	replicate-2
pb2	201	9907	replicate-2
pb2	202	9957	replicate-2
pb2	203	10027	replicate-2
pb2	204	9964	replicate-2
pb2	205	9985	replicate-2
pb2	206	10002	replicate-2
pb2	207	10044	replicate-2
pb2	208	10016	replicate-2
pb2	209	9804	replicate-2
pb2	210	9808	replicate-2
pb2	211	9816	replicate-2
pb2	212	9886	replicate-2
pb2	213	9905	replicate-2
pb2	214	9864	replicate-2
pb2	215	9910	replicate-2
pb2	216	9727	replicate-2
pb2	217	10109	replicate-2
pb2	218	10027	replicate-2
pb2	219	10011	replicate-2
pb2	220	10004	replicate-2
pb2	221	9893	replicate-2
pb2	222	9839	replicate-2
pb2	223	9781	replicate-2
pb2	224	9786	replicate-2
pb2	225	9779	replicate-2
pb2	226	9645	replicate-2
pb2	227	9642	replicate-2
pb2	228	9638	replicate-2
pb2	229	9778	replicate-2
pb2	230	9705	replicate-2
pb2	231	9688	replicate-2
pb2	232	9704	replicate-2
pb2	233	9668	replicate-2
pb2	234	9663	replicate-2
pb2	235	9658	replicate-2
pb2	236	9765	replicate-2
pb2	237	9937	replicate-2
pb2	238	9746	replicate-2
pb2	239	9834	replicate-2
pb2	240	10003	replicate-2
pb2	241	10399	replicate-2
pb2	242	10608	replicate-2
pb2	243	10664	replicate-2
pb2	244	10820	replicate-2
pb2	245	10701	replicate-2
pb2	246	10575	replicate-2
pb2	247	10752	replicate-2
pb2	248	10880	replicate-2
pb2	249	10850	replicate-2
pb2	250	10594	replicate-2
pb2	251	10364	replicate-2
pb2	252	10256	replicate-2
pb2	253	10287	replicate-2
pb2	254	10361	replicate-2
pb2	255	10327	replicate-2
pb2	256	10487	replicate-2
pb2	257	10274	replicate-2
pb2	258	10284	replicate-2
pb2	259	10279	replicate-2
pb2	260	10319	replicate-2
pb2	261	10416	replicate-2
pb2	262	10257	replicate-2
pb2	263	10197	replicate-2
pb2	264	10094	replicate-2
pb2	265	9900	replicate-2
pb2	266	10089	replicate-2
pb2	267	10103	replicate-2
pb2	268	10036	replicate-2
pb2	269	10000	replicate-2
pb2	270	9846	replicate-2
pb2	271	9896	replicate-2
pb2	272	9942	replicate-2
pb2	273	9946	replicate-2
pb2	274	9887	replicate-2
pb2	275	9642	replicate-2
pb2	276	9568	replicate-2
pb2	277	9489	replicate-2
pb2	278	9520	replicate-2
pb2	279	9508	replicate-2
pb2	280	9583	replicate-2
pb2	281	9621	replicate-2
pb2	282	9558	replicate-2
pb2	283	9561	replicate-2
pb2	284	9548	replicate-2
pb2	285	9439	replicate-2
pb2	286	9569	replicate-2
pb2	287	9578	replicate-2
pb2	288	9581	replicate-2
pb2	289	9371	replicate-2
pb2	290	9399	replicate-2
pb2	291	9393	replicate-2
pb2	292	9430	replicate-2
pb2	293	9372	replicate-2
pb2	294	9399	replicate-2
pb2	295	9222	replicate-2
pb2	296	9153	replicate-2
pb2	297	9271	replicate-2
pb2	298	9611	replicate-2
pb2	299	9507	replicate-2
pb2	300	9456	replicate-2
pb2	301	9407	replicate-2
pb2	302	9350	replicate-2
pb2	303	9343	replicate-2
pb2	304	9545	replicate-2
pb2	305	9497	replicate-2
pb2	306	9414	replicate-2
pb2	307	9119	replicate-2
pb2	308	9028	replicate-2
pb2	309	9116	replicate-2
pb2	310	9123	replicate-2
pb2	311	9010	replicate-2
pb2	312	8842	replicate-2
pb2	313	8794	replicate-2
pb2	314	8720	replicate-2
pb2	315	8744	replicate-2
pb2	316	8763	replicate-2
pb2	317	8762	replicate-2
pb2	318	8572	replicate-2
pb2	319	8492	replicate-2
pb2	320	8424	replicate-2
pb2	321	8623	replicate-2
pb2	322	8543	replicate-2
pb2	323	8623	replicate-2
pb2	324	8863	replicate-2
pb2	325	8797	replicate-2
pb2	326	8775	replicate-2
pb2	327	8771	replicate-2
pb2	328	8677	replicate-2
pb2	329	8728	replicate-2
pb2	330	8567	replicate-2
pb2	331	8176	replicate-2
pb2	332	8165	replicate-2
pb2	333	7415	replicate-2
pb2	334	7437	replicate-2
pb2	335	7463	replicate-2
pb2	336	7403	replicate-2
pb2	337	7405	replicate-2
pb2	338	7187	replicate-2
pb2	339	7126	replicate-2
pb2	340	7103	replicate-2
pb2	341	7247	replicate-2
pb2	342	7327	replicate-2
pb2	343	7287	replicate-2
pb2	344	7266	replicate-2
pb2	345	7234	replicate-2
pb2	346	7203	replicate-2
pb2	347	7356	replicate-2
pb2	348	7337	replicate-2
pb2	349	7333	replicate-2
pb2	350	7265	replicate-2
pb2	351	6711	replicate-2
pb2	352	6872	replicate-2
pb2	353	6765	replicate-2
pb2	354	6896	replicate-2
pb2	355	6894	replicate-2
pb2	356	6595	replicate-2
pb2	357	6638	replicate-2
pb2	358	6555	replicate-2
pb2	359	7226	replicate-2
pb2	360	7225	replicate-2
pb2	361	6961	replicate-2
pb2	362	6923	replicate-2
pb2	363	6730	replicate-2
pb2	364	6795	replicate-2
pb2	365	6803	replicate-2
pb2	366	6998	replicate-2
pb2	367	7119	replicate-2
pb2	368	5997	replicate-2
pb2	369	6126	replicate-2
pb2	370	6125	replicate-2
pb2	371	6143	replicate-2
pb2	372	6159	replicate-2
pb2	373	6044	replicate-2
pb2	374	6038	replicate-2
pb2	375	5563	replicate-2
pb2	376	5483	replicate-2
pb2	377	5487	replicate-2
pb2	378	5322	replicate-2
pb2	379	5317	replicate-2
pb2	380	5300	replicate-2
pb2	381	5302	replicate-2
pb2	382	5297	replicate-2
pb2	383	5288	replicate-2
pb2	384	5278	replicate-2
pb2	385	5281	replicate-2
pb2	386	5272	replicate-2
pb2	387	5249	replicate-2
pb2	388	5234	replicate-2
pb2	389	5240	replicate-2
pb2	390	5269	replicate-2
pb2	391	5386	replicate-2
pb2	392	5403	replicate-2
pb2	393	5399	replicate-2
pb2	394	5406	replicate-2
pb2	395	5407	replicate-2
pb2	396	5403	replicate-2
pb2	397	5408	replicate-2
pb2	398	5563	replicate-2
pb2	399	5744	replicate-2
pb2	400	5713	replicate-2
pb2	401	5723	replicate-2
pb2	402	5796	replicate-2
pb2	403	5869	replicate-2
pb2	404	5860	replicate-2
pb2	405	5917	replicate-2
pb2	406	5999	replicate-2
pb2	407	5969	replicate-2
pb2	408	5965	replicate-2
pb2	409	5933	replicate-2
pb2	410	5998	replicate-2
pb2	411	6003	replicate-2
pb2	412	6197	replicate-2
pb2	413	6537	replicate-2
pb2	414	6674	replicate-2
pb2	415	6615	replicate-2
pb2	416	6626	replicate-2
pb2	417	6604	replicate-2
pb2	418	6629	replicate-2
pb2	419	6938	replicate-2
pb2	420	6944	replicate-2
pb2	421	6965	replicate-2
pb2	422	6911	replicate-2
pb2	423	6749	replicate-2
pb2	424	7136	replicate-2
pb2	425	7140	replicate-2
pb2	426	7150	replicate-2
pb2	427	7155	replicate-2
pb2	428	6878	replicate-2
pb2	429	7258	replicate-2
pb2	430	7214	replicate-2
pb2	431	7377	replicate-2
pb2	432	7384	replicate-2
pb2	433	7232	replicate-2
pb2	434	7251	replicate-2
pb2	435	7222	replicate-2
pb2	436	7224	replicate-2
pb2	437	7175	replicate-2
pb2	438	7108	replicate-2
pb2	439	7013	replicate-2
pb2	440	6946	replicate-2
pb2	441	7014	replicate-2
pb2	442	7104	replicate-2
pb2	443	7142	replicate-2
pb2	444	7207	replicate-2
pb2	445	7216	replicate-2
pb2	446	7736	replicate-2
pb2	447	7786	replicate-2
pb2	448	7861	replicate-2
pb2	449	7829	replicate-2
pb2	450	7778	replicate-2
pb2	451	7784	replicate-2
pb2	452	7899	replicate-2
pb2	453	7919	replicate-2
pb2	454	7902	replicate-2
pb2	455	7692	replicate-2
pb2	456	7695	replicate-2
pb2	457	7685	replicate-2
pb2	458	7829	replicate-2
pb2	459	7861	replicate-2
pb2	460	7872	replicate-2
pb2	461	7849	replicate-2
pb2	462	7941	replicate-2
pb2	463	8038	replicate-2
pb2	464	8718	replicate-2
pb2	465	8796	replicate-2
pb2	466	8773	replicate-2
pb2	467	8718	replicate-2
pb2	468	8671	replicate-2
pb2	469	8742	replicate-2
pb2	470	8739	replicate-2
pb2	471	8752	replicate-2
pb2	472	8713	replicate-2
pb2	473	8392	replicate-2
pb2	474	8410	replicate-2
pb2	475	8420	replicate-2
pb2	476	8446	replicate-2
pb2	477	8453	replicate-2
pb2	478	8411	replicate-2
pb2	479	8609	replicate-2
pb2	480	8601	replicate-2
pb2	481	8734	replicate-2
pb2	482	8780	replicate-2
pb2	483	8753	replicate-2
pb2	484	8810	replicate-2
pb2	485	8807	replicate-2
pb2	486	8918	replicate-2
pb2	487	8899	replicate-2
pb2	488	8761	replicate-2
pb2	489	8752	replicate-2
pb2	490	8624	replicate-2
pb2	491	8819	replicate-2
pb2	492	8824	replicate-2
pb2	493	8916	replicate-2
pb2	494	8894	replicate-2
pb2	495	8714	replicate-2
pb2	496	8748	replicate-2
pb2	497	8954	replicate-2
pb2	498	8899	replicate-2
pb2	499	8962	replicate-2
pb2	500	8768	replicate-2
pb2	501	8781	replicate-2
pb2	502	8867	replicate-2
pb2	503	8927	replicate-2
pb2	504	8874	replicate-2
pb2	505	8914	replicate-2
pb2	506	8863	replicate-2
pb2	507	9402	replicate-2
pb2	508	9490	replicate-2
pb2	509	9517	replicate-2
pb2	510	9368	replicate-2
pb2	511	9278	replicate-2
pb2	512	9301	replicate-2
pb2	513	9324	replicate-2
pb2	514	9390	replicate-2
pb2	515	9659	replicate-2
pb2	516	9165	replicate-2
pb2	517	9028	replicate-2
pb2	518	8980	replicate-2
pb2	519	8973	replicate-2
pb2	520	9037	replicate-2
pb2	521	9032	replicate-2
pb2	522	8994	replicate-2
pb2	523	8990	replicate-2
pb2	524	8703	replicate-2
pb2	525	8633	replicate-2
pb2	526	8675	replicate-2
pb2	527	8686	replicate-2
pb2	528	8740	replicate-2
pb2	529	8677	replicate-2
pb2	530	8729	replicate-2
pb2	531	8748	replicate-2
pb2	532	8785	replicate-2
pb2	533	8830	replicate-2
pb2	534	8852	replicate-2
pb2	535	8887	replicate-2
pb2	536	8891	replicate-2
pb2	537	8900	replicate-2
pb2	538	8914	replicate-2
pb2	539	8904	replicate-2
pb2	540	8883	replicate-2
pb2	541	8911	replicate-2
pb2	542	8796	replicate-2
pb2	543	8811	replicate-2
pb2	544	8808	replicate-2
pb2	545	8904	replicate-2
pb2	546	8910	replicate-2
pb2	547	8930	replicate-2
pb2	548	9102	replicate-2
pb2	549	9080	replicate-2
pb2	550	9098	replicate-2
pb2	551	9267	replicate-2
pb2	552	9273	replicate-2
pb2	553	9355	replicate-2
pb2	554	9201	replicate-2
pb2	555	9196	replicate-2
pb2	556	9166	replicate-2
pb2	557	8819	replicate-2
pb2	558	8839	replicate-2
pb2	559	8745	replicate-2
pb2	560	8571	replicate-2
pb2	561	8556	replicate-2
pb2	562	8452	replicate-2
pb2	563	8412	replicate-2
pb2	564	8418	replicate-2
pb2	565	8458	replicate-2
pb2	566	8489	replicate-2
pb2	567	8513	replicate-2
pb2	568	8523	replicate-2
pb2	569	8476	replicate-2
pb2	570	8477	replicate-2
pb2	571	8671	replicate-2
pb2	572	8668	replicate-2
pb2	573	8666	replicate-2
pb2	574	8557	replicate-2
pb2	575	8436	replicate-2
pb2	576	8428	replicate-2
pb2	577	8400	replicate-2
pb2	578	8436	replicate-2
pb2	579	8400	replicate-2
pb2	580	8210	replicate-2
pb2	581	8195	replicate-2
pb2	582	8149	replicate-2
pb2	583	8152	replicate-2
pb2	584	8238	replicate-2
pb2	585	8201	replicate-2
pb2	586	8248	replicate-2
pb2	587	8207	replicate-2
pb2	588	8196	replicate-2
pb2	589	8260	replicate-2
pb2	590	8220	replicate-2
pb2	591	8216	replicate-2
pb2	592	8178	replicate-2
pb2	593	8035	replicate-2
pb2	594	8149	replicate-2
pb2	595	8144	replicate-2
pb2	596	8177	replicate-2
pb2	597	8062	replicate-2
pb2	598	8129	replicate-2
pb2	599	8152	replicate-2
pb2	600	8139	replicate-2
pb2	601	8208	replicate-2
pb2	602	8198	replicate-2
pb2	603	8050	replicate-2
pb2	604	8746	replicate-2
pb2	605	8717	replicate-2
pb2	606	8797	replicate-2
pb2	607	8738	replicate-2
pb2	608	8716	replicate-2
pb2	609	8752	replicate-2
pb2	610	8792	replicate-2
pb2	611	8762	replicate-2
pb2	612	8683	replicate-2
pb2	613	8118	replicate-2
pb2	614	8181	replicate-2
pb2	615	8224	replicate-2
pb2	616	8220	replicate-2
pb2	617	8277	replicate-2
pb2	618	8223	replicate-2
pb2	619	8318	replicate-2
pb2	620	8343	replicate-2
pb2	621	8257	replicate-2
pb2	622	8113	replicate-2
pb2	623	8273	replicate-2
pb2	624	8233	replicate-2
pb2	625	8557	replicate-2
pb2	626	8680	replicate-2
pb2	627	8792	replicate-2
pb2	628	8792	replicate-2
pb2	629	8755	replicate-2
pb2	630	8780	replicate-2
pb2	631	8784	replicate-2
pb2	632	8773	replicate-2
pb2	633	8923	replicate-2
pb2	634	9095	replicate-2
pb2	635	9050	replicate-2
pb2	636	8989	replicate-2
pb2	637	9110	replicate-2
pb2	638	9178	replicate-2
pb2	639	9230	replicate-2
pb2	640	9212	replicate-2
pb2	641	9213	replicate-2
pb2	642	9181	replicate-2
pb2	643	8822	replicate-2
pb2	644	8866	replicate-2
pb2	645	9176	replicate-2
pb2	646	9541	replicate-2
pb2	647	9512	replicate-2
pb2	648	9467	replicate-2
pb2	649	9521	replicate-2
pb2	650	9910	replicate-2
pb2	651	9916	replicate-2
pb2	652	9826	replicate-2
pb2	653	9843	replicate-2
pb2	654	9527	replicate-2
pb2	655	9602	replicate-2
pb2	656	9316	replicate-2
pb2	657	9311	replicate-2
pb2	658	9294	replicate-2
pb2	659	9069	replicate-2
pb2	660	9183	replicate-2
pb2	661	9219	replicate-2
pb2	662	9217	replicate-2
pb2	663	9322	replicate-2
pb2	664	9254	replicate-2
pb2	665	9201	replicate-2
pb2	666	9174	replicate-2
pb2	667	9170	replicate-2
pb2	668	9394	replicate-2
pb2	669	9428	replicate-2
pb2	670	9394	replicate-2
pb2	671	9388	replicate-2
pb2	672	9336	replicate-2
pb2	673	9407	replicate-2
pb2	674	9523	replicate-2
pb2	675	9665	replicate-2
pb2	676	9678	replicate-2
pb2	677	9662	replicate-2
pb2	678	9725	replicate-2
pb2	679	9776	replicate-2
pb2	680	9838	replicate-2
pb2	681	10039	replicate-2
pb2	682	10028	replicate-2
pb2	683	9940	replicate-2
pb2	684	9804	replicate-2
pb2	685	9838	replicate-2
pb2	686	9835	replicate-2
pb2	687	9933	replicate-2
pb2	688	9938	replicate-2
pb2	689	9898	replicate-2
pb2	690	9878	replicate-2
pb2	691	9984	replicate-2
pb2	692	10109	replicate-2
pb2	693	10098	replicate-2
pb2	694	10201	replicate-2
pb2	695	10249	replicate-2
pb2	696	10261	replicate-2
pb2	697	10247	replicate-2
pb2	698	10225	replicate-2
pb2	699	10275	replicate-2
pb2	700	10249	replicate-2
pb2	701	10156	replicate-2
pb2	702	10136	replicate-2
pb2	703	9939	replicate-2
pb2	704	10100	replicate-2
pb2	705	10206	replicate-2
pb2	706	10303	replicate-2
pb2	707	10511	replicate-2
pb2	708	10579	replicate-2
pb2	709	10604	replicate-2
pb2	710	11450	replicate-2
pb2	711	11596	replicate-2
pb2	712	11628	replicate-2
pb2	713	11634	replicate-2
pb2	714	11360	replicate-2
pb2	715	11390	replicate-2
pb2	716	11272	replicate-2
pb2	717	11260	replicate-2
pb2	718	11369	replicate-2
pb2	719	11020	replicate-2
pb2	720	11084	replicate-2
pb2	721	11038	replicate-2
pb2	722	11038	replicate-2
pb2	723	11396	replicate-2
pb2	724	11644	replicate-2
pb2	725	11779	replicate-2
pb2	726	11786	replicate-2
pb2	727	11681	replicate-2
pb2	728	11677	replicate-2
pb2	729	11685	replicate-2
pb2	730	11729	replicate-2
pb2	731	11758	replicate-2
pb2	732	11597	replicate-2
pb2	733	11492	replicate-2
pb2	734	11447	replicate-2
pb2	735	11618	replicate-2
pb2	736	11701	replicate-2
pb2	737	11726	replicate-2
pb2	738	11706	replicate-2
pb2	739	11608	replicate-2
pb2	740	11594	replicate-2
pb2	741	11563	replicate-2
pb2	742	11629	replicate-2
pb2	743	11772	replicate-2
pb2	744	11704	replicate-2
pb2	745	11547	replicate-2
pb2	746	11635	replicate-2
pb2	747	11645	replicate-2
pb2	748	11944	replicate-2
pb2	749	11949	replicate-2
pb2	750	11894	replicate-2
pb2	751	12015	replicate-2
pb2	752	11773	replicate-2
pb2	753	12611	replicate-2
pb2	754	12637	replicate-2
pb2	755	12447	replicate-2
pb2	756	12788	replicate-2
pb2	757	12707	replicate-2
pb2	758	12799	replicate-2
pb2	759	12853	replicate-2
pb2	760	12612	replicate-2
pb2	761	13107	replicate-2
pb2	762	12532	replicate-2
pb2	763	12642	replicate-2
pb2	764	12504	replicate-2
pb2	765	12328	replicate-2
pb2	766	12370	replicate-2
pb2	767	12492	replicate-2
pb2	768	12448	replicate-2
pb2	769	12478	replicate-2
pb2	770	12253	replicate-2
pb2	771	12132	replicate-2
pb2	772	12128	replicate-2
pb2	773	12107	replicate-2
pb2	774	12062	replicate-2
pb2	775	12126	replicate-2
pb2	776	11890	replicate-2
pb2	777	11874	replicate-2
pb2	778	11797	replicate-2
pb2	779	11800	replicate-2
pb2	780	11770	replicate-2
pb2	781	11632	replicate-2
pb2	782	11622	replicate-2
pb2	783	11628	replicate-2
pb2	784	11546	replicate-2
pb2	785	11502	replicate-2
pb2	786	11421	replicate-2
pb2	787	11646	replicate-2
pb2	788	12010	replicate-2
pb2	789	11972	replicate-2
pb2	790	12006	replicate-2
pb2	791	11976	replicate-2
pb2	792	11716	replicate-2
pb2	793	11882	replicate-2
pb2	794	11764	replicate-2
pb2	795	11715	replicate-2
pb2	796	11458	replicate-2
pb2	797	11125	replicate-2
pb2	798	11144	replicate-2
pb2	799	11143	replicate-2
pb2	800	11565	replicate-2
pb2	801	11522	replicate-2
pb2	802	11364	replicate-2
pb2	803	11493	replicate-2
pb2	804	11601	replicate-2
pb2	805	11746	replicate-2
pb2	806	11744	replicate-2
pb2	807	11686	replicate-2
pb2	808	11638	replicate-2
pb2	809	11156	replicate-2
pb2	810	11122	replicate-2
pb2	811	11123	replicate-2
pb2	812	11215	replicate-2
pb2	813	11113	replicate-2
pb2	814	11186	replicate-2
pb2	815	11371	replicate-2
pb2	816	11385	replicate-2
pb2	817	11379	replicate-2
pb2	818	11634	replicate-2
pb2	819	11598	replicate-2
pb2	820	11696	replicate-2
pb2	821	11740	replicate-2
pb2	822	11897	replicate-2
pb2	823	11941	replicate-2
pb2	824	11923	replicate-2
pb2	825	11816	replicate-2
pb2	826	11921	replicate-2
pb2	827	11644	replicate-2
pb2	828	11721	replicate-2
pb2	829	11569	replicate-2
pb2	830	11589	replicate-2
pb2	831	11538	replicate-2
pb2	832	11280	replicate-2
pb2	833	11481	replicate-2
pb2	834	11526	replicate-2
pb2	835	11530	replicate-2
pb2	836	11484	replicate-2
pb2	837	11439	replicate-2
pb2	838	11427	replicate-2
pb2	839	11513	replicate-2
pb2	840	11526	replicate-2
pb2	841	11805	replicate-2
pb2	842	11577	replicate-2
pb2	843	11692	replicate-2
pb2	844	11643	replicate-2
pb2	845	11719	replicate-2
pb2	846	11688	replicate-2
pb2	847	11688	replicate-2
pb2	848	11653	replicate-2
pb2	849	11331	replicate-2
pb2	850	11296	replicate-2
pb2	851	11294	replicate-2
pb2	852	11744	replicate-2
pb2	853	11658	replicate-2
pb2	854	11614	replicate-2
pb2	855	11616	replicate-2
pb2	856	11577	replicate-2
pb2	857	11567	replicate-2
pb2	858	11531	replicate-2
pb2	859	11501	replicate-2
pb2	860	11251	replicate-2
pb2	861	10639	replicate-2
pb2	862	10714	replicate-2
pb2	863	10620	replicate-2
pb2	864	10576	replicate-2
pb2	865	11334	replicate-2
pb2	866	11326	replicate-2
pb2	867	11413	replicate-2
pb2	868	11415	replicate-2
pb2	869	11326	replicate-2
pb2	870	11342	replicate-2
pb2	871	11290	replicate-2
pb2	872	11268	replicate-2
pb2	873	11212	replicate-2
pb2	874	10784	replicate-2
pb2	875	10238	replicate-2
pb2	876	10340	replicate-2
pb2	877	10253	replicate-2
pb2	878	10262	replicate-2
pb2	879	10261	replicate-2
pb2	880	10200	replicate-2
pb2	881	10165	replicate-2
pb2	882	10172	replicate-2
pb2	883	10031	replicate-2
pb2	884	10207	replicate-2
pb2	885	10062	replicate-2
pb2	886	10040	replicate-2
pb2	887	10111	replicate-2
pb2	888	10056	replicate-2
pb2	889	10189	replicate-2
pb2	890	10151	replicate-2
pb2	891	10361	replicate-2
pb2	892	10345	replicate-2
pb2	893	10069	replicate-2
pb2	894	9994	replicate-2
pb2	895	9951	replicate-2
pb2	896	9940	replicate-2
pb2	897	9897	replicate-2
pb2	898	9874	replicate-2
pb2	899	10216	replicate-2
pb2	900	10043	replicate-2
pb2	901	10016	replicate-2
pb2	902	9986	replicate-2
pb2	903	9888	replicate-2
pb2	904	9777	replicate-2
pb2	905	9891	replicate-2
pb2	906	9983	replicate-2
pb2	907	9866	replicate-2
pb2	908	9161	replicate-2
pb2	909	9233	replicate-2
pb2	910	9444	replicate-2
pb2	911	9425	replicate-2
pb2	912	9337	replicate-2
pb2	913	9344	replicate-2
pb2	914	9209	replicate-2
pb2	915	9208	replicate-2
pb2	916	9106	replicate-2
pb2	917	9186	replicate-2
pb2	918	9077	replicate-2
pb2	919	9027	replicate-2
pb2	920	8818	replicate-2
pb2	921	8814	replicate-2
pb2	922	8815	replicate-2
pb2	923	8775	replicate-2
pb2	924	8807	replicate-2
pb2	925	8796	replicate-2
pb2	926	8755	replicate-2
pb2	927	8779	replicate-2
pb2	928	8741	replicate-2
pb2	929	8999	replicate-2
pb2	930	8999	replicate-2
pb2	931	9002	replicate-2
pb2	932	8987	replicate-2
pb2	933	8912	replicate-2
pb2	934	8894	replicate-2
pb2	935	8909	replicate-2
pb2	936	8874	replicate-2
pb2	937	8908	replicate-2
pb2	938	8720	replicate-2
pb2	939	8819	replicate-2
pb2	940	8872	replicate-2
pb2	941	8910	replicate-2
pb2	942	8900	replicate-2
pb2	943	8873	replicate-2
pb2	944	8824	replicate-2
pb2	945	8761	replicate-2
pb2	946	8803	replicate-2
pb2	947	8857	replicate-2
pb2	948	8681	replicate-2
pb2	949	8675	replicate-2
pb2	950	8669	replicate-2
pb2	951	8721	replicate-2
pb2	952	9194	replicate-2
pb2	953	9214	replicate-2
pb2	954	9251	replicate-2
pb2	955	8950	replicate-2
pb2	956	8889	replicate-2
pb2	957	9150	replicate-2
pb2	958	9109	replicate-2
pb2	959	9112	replicate-2
pb2	960	9097	replicate-2
pb2	961	8597	replicate-2
pb2	962	8673	replicate-2
pb2	963	8585	replicate-2
pb2	964	8669	replicate-2
pb2	965	8628	replicate-2
pb2	966	8350	replicate-2
pb2	967	8535	replicate-2
pb2	968	8492	replicate-2
pb2	969	8488	replicate-2
pb2	970	8500	replicate-2
pb2	971	8394	replicate-2
pb2	972	8442	replicate-2
pb2	973	8499	replicate-2
pb2	974	8494	replicate-2
pb2	975	8493	replicate-2
pb2	976	8355	replicate-2
pb2	977	8302	replicate-2
pb2	978	8350	replicate-2
pb2	979	8356	replicate-2
pb2	980	8505	replicate-2
pb2	981	8519	replicate-2
pb2	982	8295	replicate-2
pb2	983	8219	replicate-2
pb2	984	8159	replicate-2
pb2	985	8163	replicate-2
pb2	986	8197	replicate-2
pb2	987	8207	replicate-2
pb2	988	8166	replicate-2
pb2	989	8000	replicate-2
pb2	990	7934	replicate-2
pb2	991	8132	replicate-2
pb2	992	8087	replicate-2
pb2	993	8093	replicate-2
pb2	994	8069	replicate-2
pb2	995	8024	replicate-2
pb2	996	8021	replicate-2
pb2	997	8006	replicate-2
pb2	998	8152	replicate-2
pb2	999	8147	replicate-2
pb2	1000	7987	replicate-2
pb2	1001	7987	replicate-2
pb2	1002	7953	replicate-2
pb2	1003	7879	replicate-2
pb2	1004	7867	replicate-2
pb2	1005	7835	replicate-2
pb2	1006	7905	replicate-2
pb2	1007	7774	replicate-2
pb2	1008	7788	replicate-2
pb2	1009	7781	replicate-2
pb2	1010	7742	replicate-2
pb2	1011	7760	replicate-2
pb2	1012	7643	replicate-2
pb2	1013	7861	replicate-2
pb2	1014	7842	replicate-2
pb2	1015	7802	replicate-2
pb2	1016	7594	replicate-2
pb2	1017	7582	replicate-2
pb2	1018	7585	replicate-2
pb2	1019	7622	replicate-2
pb2	1020	7624	replicate-2
pb2	1021	7570	replicate-2
pb2	1022	7636	replicate-2
pb2	1023	7450	replicate-2
pb2	1024	7440	replicate-2
pb2	1025	7565	replicate-2
pb2	1026	7531	replicate-2
pb2	1027	7563	replicate-2
pb2	1028	7626	replicate-2
pb2	1029	7638	replicate-2
pb2	1030	7695	replicate-2
pb2	1031	7650	replicate-2
pb2	1032	7622	replicate-2
pb2	1033	7737	replicate-2
pb2	1034	7683	replicate-2
pb2	1035	7701	replicate-2
pb2	1036	7684	replicate-2
pb2	1037	7658	replicate-2
pb2	1038	7639	replicate-2
pb2	1039	7820	replicate-2
pb2	1040	7812	replicate-2
pb2	1041	7795	replicate-2
pb2	1042	7805	replicate-2
pb2	1043	7823	replicate-2
pb2	1044	7824	replicate-2
pb2	1045	7824	replicate-2
pb2	1046	8034	replicate-2
pb2	1047	8083	replicate-2
pb2	1048	8058	replicate-2
pb2	1049	7978	replicate-2
pb2	1050	7855	replicate-2
pb2	1051	7955	replicate-2
pb2	1052	7980	replicate-2
pb2	1053	7977	replicate-2
pb2	1054	7996	replicate-2
pb2	1055	7798	replicate-2
pb2	1056	7785	replicate-2
pb2	1057	7811	replicate-2
pb2	1058	7691	replicate-2
pb2	1059	7877	replicate-2
pb2	1060	7751	replicate-2
pb2	1061	7756	replicate-2
pb2	1062	7770	replicate-2
pb2	1063	7754	replicate-2
pb2	1064	7781	replicate-2
pb2	1065	7746	replicate-2
pb2	1066	7711	replicate-2
pb2	1067	7692	replicate-2
pb2	1068	7552	replicate-2
pb2	1069	7470	replicate-2
pb2	1070	7521	replicate-2
pb2	1071	7839	replicate-2
pb2	1072	7850	replicate-2
pb2	1073	7841	replicate-2
pb2	1074	7833	replicate-2
pb2	1075	7837	replicate-2
pb2	1076	7875	replicate-2
pb2	1077	7880	replicate-2
pb2	1078	7879	replicate-2
pb2	1079	7896	replicate-2
pb2	1080	7383	replicate-2
pb2	1081	7383	replicate-2
pb2	1082	7355	replicate-2
pb2	1083	7540	replicate-2
pb2	1084	7533	replicate-2
pb2	1085	7647	replicate-2
pb2	1086	7650	replicate-2
pb2	1087	7613	replicate-2
pb2	1088	7678	replicate-2
pb2	1089	7596	replicate-2
pb2	1090	7584	replicate-2
pb2	1091	7834	replicate-2
pb2	1092	7657	replicate-2
pb2	1093	8075	replicate-2
pb2	1094	7972	replicate-2
pb2	1095	8056	replicate-2
pb2	1096	8847	replicate-2
pb2	1097	8807	replicate-2
pb2	1098	8832	replicate-2
pb2	1099	8842	replicate-2
pb2	1100	8699	replicate-2
pb2	1101	8953	replicate-2
pb2	1102	9481	replicate-2
pb2	1103	12199	replicate-2
pb2	1104	12640	replicate-2
pb2	1105	12405	replicate-2
pb2	1106	12605	replicate-2
pb2	1107	12627	replicate-2
pb2	1108	13074	replicate-2
pb2	1109	13117	replicate-2
pb2	1110	13038	replicate-2
pb2	1111	13295	replicate-2
pb2	1112	12671	replicate-2
pb2	1113	13278	replicate-2
pb2	1114	13237	replicate-2
pb2	1115	14219	replicate-2
pb2	1116	14608	replicate-2
pb2	1117	14575	replicate-2
pb2	1118	14878	replicate-2
pb2	1119	14873	replicate-2
pb2	1120	14962	replicate-2
pb2	1121	14984	replicate-2
pb2	1122	15268	replicate-2
pb2	1123	15652	replicate-2
pb2	1124	15541	replicate-2
pb2	1125	15639	replicate-2
pb2	1126	15789	replicate-2
pb2	1127	16141	replicate-2
pb2	1128	16182	replicate-2
pb2	1129	16145	replicate-2
pb2	1130	16228	replicate-2
pb2	1131	16166	replicate-2
pb2	1132	16050	replicate-2
pb2	1133	16271	replicate-2
pb2	1134	16299	replicate-2
pb2	1135	16377	replicate-2
pb2	1136	16446	replicate-2
pb2	1137	16402	replicate-2
pb2	1138	16384	replicate-2
pb2	1139	16492	replicate-2
pb2	1140	16468	replicate-2
pb2	1141	16586	replicate-2
pb2	1142	16587	replicate-2
pb2	1143	16611	replicate-2
pb2	1144	16853	replicate-2
pb2	1145	16912	replicate-2
pb2	1146	17023	replicate-2
pb2	1147	17038	replicate-2
pb2	1148	16974	replicate-2
pb2	1149	17144	replicate-2
pb2	1150	17078	replicate-2
pb2	1151	17140	replicate-2
pb2	1152	17204	replicate-2
pb2	1153	17110	replicate-2
pb2	1154	17092	replicate-2
pb2	1155	17046	replicate-2
pb2	1156	17090	replicate-2
pb2	1157	17087	replicate-2
pb2	1158	16979	replicate-2
pb2	1159	17035	replicate-2
pb2	1160	17484	replicate-2
pb2	1161	17457	replicate-2
pb2	1162	17422	replicate-2
pb2	1163	17449	replicate-2
pb2	1164	17405	replicate-2
pb2	1165	17396	replicate-2
pb2	1166	17484	replicate-2
pb2	1167	17480	replicate-2
pb2	1168	17490	replicate-2
pb2	1169	16977	replicate-2
pb2	1170	17182	replicate-2
pb2	1171	17232	replicate-2
pb2	1172	17175	replicate-2
pb2	1173	17145	replicate-2
pb2	1174	17052	replicate-2
pb2	1175	17804	replicate-2
pb2	1176	18098	replicate-2
pb2	1177	18116	replicate-2
pb2	1178	18103	replicate-2
pb2	1179	18031	replicate-2
pb2	1180	18107	replicate-2
pb2	1181	18320	replicate-2
pb2	1182	18230	replicate-2
pb2	1183	18276	replicate-2
pb2	1184	16730	replicate-2
pb2	1185	16682	replicate-2
pb2	1186	16631	replicate-2
pb2	1187	17051	replicate-2
pb2	1188	17032	replicate-2
pb2	1189	16975	replicate-2
pb2	1190	16891	replicate-2
pb2	1191	16778	replicate-2
pb2	1192	16707	replicate-2
pb2	1193	17110	replicate-2
pb2	1194	17121	replicate-2
pb2	1195	17189	replicate-2
pb2	1196	16915	replicate-2
pb2	1197	17080	replicate-2
pb2	1198	17236	replicate-2
pb2	1199	17197	replicate-2
pb2	1200	17214	replicate-2
pb2	1201	17232	replicate-2
pb2	1202	16717	replicate-2
pb2	1203	17241	replicate-2
pb2	1204	17114	replicate-2
pb2	1205	17210	replicate-2
pb2	1206	17096	replicate-2
pb2	1207	17037	replicate-2
pb2	1208	16994	replicate-2
pb2	1209	16871	replicate-2
pb2	1210	16849	replicate-2
pb2	1211	16853	replicate-2
pb2	1212	16332	replicate-2
pb2	1213	16304	replicate-2
pb2	1214	16237	replicate-2
pb2	1215	16430	replicate-2
pb2	1216	16609	replicate-2
pb2	1217	16948	replicate-2
pb2	1218	16930	replicate-2
pb2	1219	17051	replicate-2
pb2	1220	17108	replicate-2
pb2	1221	17221	replicate-2
pb2	1222	17624	replicate-2
pb2	1223	17685	replicate-2
pb2	1224	17306	replicate-2
pb2	1225	17298	replicate-2
pb2	1226	16526	replicate-2
pb2	1227	16621	replicate-2
pb2	1228	16644	replicate-2
pb2	1229	16646	replicate-2
pb2	1230	16558	replicate-2
pb2	1231	16483	replicate-2
pb2	1232	16548	replicate-2
pb2	1233	16655	replicate-2
pb2	1234	17174	replicate-2
pb2	1235	17150	replicate-2
pb2	1236	17126	replicate-2
pb2	1237	17054	replicate-2
pb2	1238	17321	replicate-2
pb2	1239	17401	replicate-2
pb2	1240	17252	replicate-2
pb2	1241	17730	replicate-2
pb2	1242	17604	replicate-2
pb2	1243	17615	replicate-2
pb2	1244	17252	replicate-2
pb2	1245	17120	replicate-2
pb2	1246	17092	replicate-2
pb2	1247	16710	replicate-2
pb2	1248	16768	replicate-2
pb2	1249	16797	replicate-2
pb2	1250	16153	replicate-2
pb2	1251	16259	replicate-2
pb2	1252	15846	replicate-2
pb2	1253	15869	replicate-2
pb2	1254	15294	replicate-2
pb2	1255	15282	replicate-2
pb2	1256	15566	replicate-2
pb2	1257	16468	replicate-2
pb2	1258	16661	replicate-2
pb2	1259	16598	replicate-2
pb2	1260	16450	replicate-2
pb2	1261	16438	replicate-2
pb2	1262	16215	replicate-2
pb2	1263	16209	replicate-2
pb2	1264	16093	replicate-2
pb2	1265	15955	replicate-2
pb2	1266	14908	replicate-2
pb2	1267	15265	replicate-2
pb2	1268	15274	replicate-2
pb2	1269	15244	replicate-2
pb2	1270	15333	replicate-2
pb2	1271	15275	replicate-2
pb2	1272	15343	replicate-2
pb2	1273	15273	replicate-2
pb2	1274	15281	replicate-2
pb2	1275	15116	replicate-2
pb2	1276	15223	replicate-2
pb2	1277	15371	replicate-2
pb2	1278	15422	replicate-2
pb2	1279	15446	replicate-2
pb2	1280	15381	replicate-2
pb2	1281	15560	replicate-2
pb2	1282	15610	replicate-2
pb2	1283	15598	replicate-2
pb2	1284	15601	replicate-2
pb2	1285	15363	replicate-2
pb2	1286	15391	replicate-2
pb2	1287	15536	replicate-2
pb2	1288	15551	replicate-2
pb2	1289	15631	replicate-2
pb2	1290	15679	replicate-2
pb2	1291	15560	replicate-2
pb2	1292	15530	replicate-2
pb2	1293	15528	replicate-2
pb2	1294	15346	replicate-2
pb2	1295	15441	replicate-2
pb2	1296	15544	replicate-2
pb2	1297	15597	replicate-2
pb2	1298	15525	replicate-2
pb2	1299	15453	replicate-2
pb2	1300	15447	replicate-2
pb2	1301	15460	replicate-2
pb2	1302	15491	replicate-2
pb2	1303	15502	replicate-2
pb2	1304	15263	replicate-2
pb2	1305	15278	replicate-2
pb2	1306	15318	replicate-2
pb2	1307	15329	replicate-2
pb2	1308	15481	replicate-2
pb2	1309	15315	replicate-2
pb2	1310	15257	replicate-2
pb2	1311	15368	replicate-2
pb2	1312	15333	replicate-2
pb2	1313	15674	replicate-2
pb2	1314	15642	replicate-2
pb2	1315	15692	replicate-2
pb2	1316	15713	replicate-2
pb2	1317	15311	replicate-2
pb2	1318	15327	replicate-2
pb2	1319	15320	replicate-2
pb2	1320	15260	replicate-2
pb2	1321	15300	replicate-2
pb2	1322	14747	replicate-2
pb2	1323	14751	replicate-2
pb2	1324	14734	replicate-2
pb2	1325	14440	replicate-2
pb2	1326	14695	replicate-2
pb2	1327	14660	replicate-2
pb2	1328	14655	replicate-2
pb2	1329	14689	replicate-2
pb2	1330	14511	replicate-2
pb2	1331	14527	replicate-2
pb2	1332	14460	replicate-2
pb2	1333	14409	replicate-2
pb2	1334	14388	replicate-2
pb2	1335	13567	replicate-2
pb2	1336	13549	replicate-2
pb2	1337	13160	replicate-2
pb2	1338	13889	replicate-2
pb2	1339	13737	replicate-2
pb2	1340	13806	replicate-2
pb2	1341	13846	replicate-2
pb2	1342	13842	replicate-2
pb2	1343	13835	replicate-2
pb2	1344	13817	replicate-2
pb2	1345	13801	replicate-2
pb2	1346	13750	replicate-2
pb2	1347	13235	replicate-2
pb2	1348	11876	replicate-2
pb2	1349	12249	replicate-2
pb2	1350	12295	replicate-2
pb2	1351	12324	replicate-2
pb2	1352	12477	replicate-2
pb2	1353	12478	replicate-2
pb2	1354	12436	replicate-2
pb2	1355	12430	replicate-2
pb2	1356	12130	replicate-2
pb2	1357	12170	replicate-2
pb2	1358	11879	replicate-2
pb2	1359	11912	replicate-2
pb2	1360	11924	replicate-2
pb2	1361	11752	replicate-2
pb2	1362	11804	replicate-2
pb2	1363	11911	replicate-2
pb2	1364	12007	replicate-2
pb2	1365	11997	replicate-2
pb2	1366	11888	replicate-2
pb2	1367	11854	replicate-2
pb2	1368	11983	replicate-2
pb2	1369	12124	replicate-2
pb2	1370	12198	replicate-2
pb2	1371	11659	replicate-2
pb2	1372	11594	replicate-2
pb2	1373	11547	replicate-2
pb2	1374	11547	replicate-2
pb2	1375	11543	replicate-2
pb2	1376	11668	replicate-2
pb2	1377	11559	replicate-2
pb2	1378	11563	replicate-2
pb2	1379	11532	replicate-2
pb2	1380	11492	replicate-2
pb2	1381	11512	replicate-2
pb2	1382	11430	replicate-2
pb2	1383	11629	replicate-2
pb2	1384	11707	replicate-2
pb2	1385	11736	replicate-2
pb2	1386	11788	replicate-2
pb2	1387	11768	replicate-2
pb2	1388	11897	replicate-2
pb2	1389	11838	replicate-2
pb2	1390	11888	replicate-2
pb2	1391	11775	replicate-2
pb2	1392	11790	replicate-2
pb2	1393	11394	replicate-2
pb2	1394	11504	replicate-2
pb2	1395	11406	replicate-2
pb2	1396	11585	replicate-2
pb2	1397	11525	replicate-2
pb2	1398	11559	replicate-2
pb2	1399	11488	replicate-2
pb2	1400	11447	replicate-2
pb2	1401	11479	replicate-2
pb2	1402	11519	replicate-2
pb2	1403	11511	replicate-2
pb2	1404	11398	replicate-2
pb2	1405	11305	replicate-2
pb2	1406	11178	replicate-2
pb2	1407	11229	replicate-2
pb2	1408	11096	replicate-2
pb2	1409	11122	replicate-2
pb2	1410	11096	replicate-2
pb2	1411	11054	replicate-2
pb2	1412	11411	replicate-2
pb2	1413	11453	replicate-2
pb2	1414	11546	replicate-2
pb2	1415	11569	replicate-2
pb2	1416	11372	replicate-2
pb2	1417	11439	replicate-2
pb2	1418	11423	replicate-2
pb2	1419	11577	replicate-2
pb2	1420	11595	replicate-2
pb2	1421	11437	replicate-2
pb2	1422	11274	replicate-2
pb2	1423	11304	replicate-2
pb2	1424	11531	replicate-2
pb2	1425	11555	replicate-2
pb2	1426	11553	replicate-2
pb2	1427	11417	replicate-2
pb2	1428	11348	replicate-2
pb2	1429	11457	replicate-2
pb2	1430	11624	replicate-2
pb2	1431	11655	replicate-2
pb2	1432	11668	replicate-2
pb2	1433	11526	replicate-2
pb2	1434	11506	replicate-2
pb2	1435	11529	replicate-2
pb2	1436	12380	replicate-2
pb2	1437	12391	replicate-2
pb2	1438	12428	replicate-2
pb2	1439	12330	replicate-2
pb2	1440	12241	replicate-2
pb2	1441	12260	replicate-2
pb2	1442	12348	replicate-2
pb2	1443	12469	replicate-2
pb2	1444	12608	replicate-2
pb2	1445	11679	replicate-2
pb2	1446	11687	replicate-2
pb2	1447	11873	replicate-2
pb2	1448	11958	replicate-2
pb2	1449	12006	replicate-2
pb2	1450	12009	replicate-2
pb2	1451	11927	replicate-2
pb2	1452	11952	replicate-2
pb2	1453	11763	replicate-2
pb2	1454	11925	replicate-2
pb2	1455	12042	replicate-2
pb2	1456	11861	replicate-2
pb2	1457	12165	replicate-2
pb2	1458	12129	replicate-2
pb2	1459	12128	replicate-2
pb2	1460	12162	replicate-2
pb2	1461	12163	replicate-2
pb2	1462	12085	replicate-2
pb2	1463	12027	replicate-2
pb2	1464	11834	replicate-2
pb2	1465	11907	replicate-2
pb2	1466	11637	replicate-2
pb2	1467	11806	replicate-2
pb2	1468	11813	replicate-2
pb2	1469	11952	replicate-2
pb2	1470	11968	replicate-2
pb2	1471	11887	replicate-2
pb2	1472	11800	replicate-2
pb2	1473	11883	replicate-2
pb2	1474	11868	replicate-2
pb2	1475	11864	replicate-2
pb2	1476	11709	replicate-2
pb2	1477	11654	replicate-2
pb2	1478	11881	replicate-2
pb2	1479	11653	replicate-2
pb2	1480	11697	replicate-2
pb2	1481	11720	replicate-2
pb2	1482	11586	replicate-2
pb2	1483	11912	replicate-2
pb2	1484	11955	replicate-2
pb2	1485	12029	replicate-2
pb2	1486	12211	replicate-2
pb2	1487	11935	replicate-2
pb2	1488	11961	replicate-2
pb2	1489	11747	replicate-2
pb2	1490	11694	replicate-2
pb2	1491	13656	replicate-2
pb2	1492	13440	replicate-2
pb2	1493	13770	replicate-2
pb2	1494	13763	replicate-2
pb2	1495	13601	replicate-2
pb2	1496	14092	replicate-2
pb2	1497	14116	replicate-2
pb2	1498	14119	replicate-2
pb2	1499	14064	replicate-2
pb2	1500	12306	replicate-2
pb2	1501	12392	replicate-2
pb2	1502	12280	replicate-2
pb2	1503	12340	replicate-2
pb2	1504	12354	replicate-2
pb2	1505	12245	replicate-2
pb2	1506	12299	replicate-2
pb2	1507	12363	replicate-2
pb2	1508	12509	replicate-2
pb2	1509	12538	replicate-2
pb2	1510	13132	replicate-2
pb2	1511	13085	replicate-2
pb2	1512	13261	replicate-2
pb2	1513	13276	replicate-2
pb2	1514	12909	replicate-2
pb2	1515	12896	replicate-2
pb2	1516	12844	replicate-2
pb2	1517	12906	replicate-2
pb2	1518	13018	replicate-2
pb2	1519	12575	replicate-2
pb2	1520	12549	replicate-2
pb2	1521	12328	replicate-2
pb2	1522	12324	replicate-2
pb2	1523	12464	replicate-2
pb2	1524	12515	replicate-2
pb2	1525	12483	replicate-2
pb2	1526	12475	replicate-2
pb2	1527	12823	replicate-2
pb2	1528	13148	replicate-2
pb2	1529	13216	replicate-2
pb2	1530	13284	replicate-2
pb2	1531	13327	replicate-2
pb2	1532	13317	replicate-2
pb2	1533	13332	replicate-2
pb2	1534	13320	replicate-2
pb2	1535	13328	replicate-2
pb2	1536	12954	replicate-2
pb2	1537	13120	replicate-2
pb2	1538	13082	replicate-2
pb2	1539	13117	replicate-2
pb2	1540	13184	replicate-2
pb2	1541	13177	replicate-2
pb2	1542	13231	replicate-2
pb2	1543	13226	replicate-2
pb2	1544	13171	replicate-2
pb2	1545	13241	replicate-2
pb2	1546	13107	replicate-2
pb2	1547	13050	replicate-2
pb2	1548	12875	replicate-2
pb2	1549	12938	replicate-2
pb2	1550	12920	replicate-2
pb2	1551	12871	replicate-2
pb2	1552	12900	replicate-2
pb2	1553	12956	replicate-2
pb2	1554	13039	replicate-2
pb2	1555	12900	replicate-2
pb2	1556	13208	replicate-2
pb2	1557	13175	replicate-2
pb2	1558	13678	replicate-2
pb2	1559	13688	replicate-2
pb2	1560	13607	replicate-2
pb2	1561	13614	replicate-2
pb2	1562	13539	replicate-2
pb2	1563	13653	replicate-2
pb2	1564	13594	replicate-2
pb2	1565	13157	replicate-2
pb2	1566	13167	replicate-2
pb2	1567	12579	replicate-2
pb2	1568	12729	replicate-2
pb2	1569	12646	replicate-2
pb2	1570	12697	replicate-2
pb2	1571	12690	replicate-2
pb2	1572	12614	replicate-2
pb2	1573	12660	replicate-2
pb2	1574	12640	replicate-2
pb2	1575	12544	replicate-2
pb2	1576	12564	replicate-2
pb2	1577	12347	replicate-2
pb2	1578	12439	replicate-2
pb2	1579	12428	replicate-2
pb2	1580	12324	replicate-2
pb2	1581	12316	replicate-2
pb2	1582	12236	replicate-2
pb2	1583	12285	replicate-2
pb2	1584	12332	replicate-2
pb2	1585	12323	replicate-2
pb2	1586	12241	replicate-2
pb2	1587	12092	replicate-2
pb2	1588	12224	replicate-2
pb2	1589	12325	replicate-2
pb2	1590	12318	replicate-2
pb2	1591	12406	replicate-2
pb2	1592	12292	replicate-2
pb2	1593	12301	replicate-2
pb2	1594	12295	replicate-2
pb2	1595	12754	replicate-2
pb2	1596	12761	replicate-2
pb2	1597	12660	replicate-2
pb2	1598	12654	replicate-2
pb2	1599	12455	replicate-2
pb2	1600	12534	replicate-2
pb2	1601	12610	replicate-2
pb2	1602	12678	replicate-2
pb2	1603	12575	replicate-2
pb2	1604	11953	replicate-2
pb2	1605	11876	replicate-2
pb2	1606	11801	replicate-2
pb2	1607	11706	replicate-2
pb2	1608	11817	replicate-2
pb2	1609	11683	replicate-2
pb2	1610	11695	replicate-2
pb2	1611	11597	replicate-2
pb2	1612	11574	replicate-2
pb2	1613	11587	replicate-2
pb2	1614	11831	replicate-2
pb2	1615	11768	replicate-2
pb2	1616	11853	replicate-2
pb2	1617	11702	replicate-2
pb2	1618	11694	replicate-2
pb2	1619	11704	replicate-2
pb2	1620	11720	replicate-2
pb2	1621	11714	replicate-2
pb2	1622	11691	replicate-2
pb2	1623	11446	replicate-2
pb2	1624	11382	replicate-2
pb2	1625	11295	replicate-2
pb2	1626	11304	replicate-2
pb2	1627	11546	replicate-2
pb2	1628	11470	replicate-2
pb2	1629	11441	replicate-2
pb2	1630	11503	replicate-2
pb2	1631	11595	replicate-2
pb2	1632	11527	replicate-2
pb2	1633	11479	replicate-2
pb2	1634	11292	replicate-2
pb2	1635	11325	replicate-2
pb2	1636	11000	replicate-2
pb2	1637	10907	replicate-2
pb2	1638	10949	replicate-2
pb2	1639	10913	replicate-2
pb2	1640	10580	replicate-2
pb2	1641	10568	replicate-2
pb2	1642	10033	replicate-2
pb2	1643	9989	replicate-2
pb2	1644	9997	replicate-2
pb2	1645	9949	replicate-2
pb2	1646	9960	replicate-2
pb2	1647	9780	replicate-2
pb2	1648	9788	replicate-2
pb2	1649	10077	replicate-2
pb2	1650	9814	replicate-2
pb2	1651	9805	replicate-2
pb2	1652	9782	replicate-2
pb2	1653	9636	replicate-2
pb2	1654	9821	replicate-2
pb2	1655	9798	replicate-2
pb2	1656	9798	replicate-2
pb2	1657	9720	replicate-2
pb2	1658	9342	replicate-2
pb2	1659	9347	replicate-2
pb2	1660	9607	replicate-2
pb2	1661	9429	replicate-2
pb2	1662	9527	replicate-2
pb2	1663	9384	replicate-2
pb2	1664	9456	replicate-2
pb2	1665	9816	replicate-2
pb2	1666	9899	replicate-2
pb2	1667	9888	replicate-2
pb2	1668	9918	replicate-2
pb2	1669	9538	replicate-2
pb2	1670	10321	replicate-2
pb2	1671	10327	replicate-2
pb2	1672	10557	replicate-2
pb2	1673	10637	replicate-2
pb2	1674	9894	replicate-2
pb2	1675	9948	replicate-2
pb2	1676	9975	replicate-2
pb2	1677	10018	replicate-2
pb2	1678	9931	replicate-2
pb2	1679	8942	replicate-2
pb2	1680	9058	replicate-2
pb2	1681	8862	replicate-2
pb2	1682	8894	replicate-2
pb2	1683	8969	replicate-2
pb2	1684	8907	replicate-2
pb2	1685	8913	replicate-2
pb2	1686	8844	replicate-2
pb2	1687	9073	replicate-2
pb2	1688	9071	replicate-2
pb2	1689	8998	replicate-2
pb2	1690	8840	replicate-2
pb2	1691	8867	replicate-2
pb2	1692	8819	replicate-2
pb2	1693	8816	replicate-2
pb2	1694	8801	replicate-2
pb2	1695	8862	replicate-2
pb2	1696	8635	replicate-2
pb2	1697	8653	replicate-2
pb2	1698	8657	replicate-2
pb2	1699	8664	replicate-2
pb2	1700	8628	replicate-2
pb2	1701	8618	replicate-2
pb2	1702	8570	replicate-2
pb2	1703	8596	replicate-2
pb2	1704	8487	replicate-2
pb2	1705	8555	replicate-2
pb2	1706	8545	replicate-2
pb2	1707	8494	replicate-2
pb2	1708	8446	replicate-2
pb2	1709	8381	replicate-2
pb2	1710	8372	replicate-2
pb2	1711	8398	replicate-2
pb2	1712	8336	replicate-2
pb2	1713	8295	replicate-2
pb2	1714	8244	replicate-2
pb2	1715	8175	replicate-2
pb2	1716	8171	replicate-2
pb2	1717	8192	replicate-2
pb2	1718	8323	replicate-2
pb2	1719	8321	replicate-2
pb2	1720	8260	replicate-2
pb2	1721	8304	replicate-2
pb2	1722	8347	replicate-2
pb2	1723	8433	replicate-2
pb2	1724	8428	replicate-2
pb2	1725	8524	replicate-2
pb2	1726	8546	replicate-2
pb2	1727	8484	replicate-2
pb2	1728	8478	replicate-2
pb2	1729	8481	replicate-2
pb2	1730	8753	replicate-2
pb2	1731	8769	replicate-2
pb2	1732	8710	replicate-2
pb2	1733	8760	replicate-2
pb2	1734	8628	replicate-2
pb2	1735	9237	replicate-2
pb2	1736	9012	replicate-2
pb2	1737	9205	replicate-2
pb2	1738	9193	replicate-2
pb2	1739	8386	replicate-2
pb2	1740	9418	replicate-2
pb2	1741	9376	replicate-2
pb2	1742	9354	replicate-2
pb2	1743	9485	replicate-2
pb2	1744	8717	replicate-2
pb2	1745	9088	replicate-2
pb2	1746	8770	replicate-2
pb2	1747	8826	replicate-2
pb2	1748	8793	replicate-2
pb2	1749	8345	replicate-2
pb2	1750	8282	replicate-2
pb2	1751	8233	replicate-2
pb2	1752	8164	replicate-2
pb2	1753	8264	replicate-2
pb2	1754	8040	replicate-2
pb2	1755	8176	replicate-2
pb2	1756	8113	replicate-2
pb2	1757	8127	replicate-2
pb2	1758	8087	replicate-2
pb2	1759	8078	replicate-2
pb2	1760	8152	replicate-2
pb2	1761	8154	replicate-2
pb2	1762	8164	replicate-2
pb2	1763	8141	replicate-2
pb2	1764	8406	replicate-2
pb2	1765	8477	replicate-2
pb2	1766	8501	replicate-2
pb2	1767	8515	replicate-2
pb2	1768	8514	replicate-2
pb2	1769	8503	replicate-2
pb2	1770	8527	replicate-2
pb2	1771	8563	replicate-2
pb2	1772	8715	replicate-2
pb2	1773	8648	replicate-2
pb2	1774	8661	replicate-2
pb2	1775	8656	replicate-2
pb2	1776	8687	replicate-2
pb2	1777	8755	replicate-2
pb2	1778	8721	replicate-2
pb2	1779	9117	replicate-2
pb2	1780	9104	replicate-2
pb2	1781	9058	replicate-2
pb2	1782	9056	replicate-2
pb2	1783	9079	replicate-2
pb2	1784	9085	replicate-2
pb2	1785	9078	replicate-2
pb2	1786	9061	replicate-2
pb2	1787	9017	replicate-2
pb2	1788	8847	replicate-2
pb2	1789	8891	replicate-2
pb2	1790	8916	replicate-2
pb2	1791	8889	replicate-2
pb2	1792	8865	replicate-2
pb2	1793	8891	replicate-2
pb2	1794	8948	replicate-2
pb2	1795	9509	replicate-2
pb2	1796	9745	replicate-2
pb2	1797	9684	replicate-2
pb2	1798	9747	replicate-2
pb2	1799	9744	replicate-2
pb2	1800	10249	replicate-2
pb2	1801	10322	replicate-2
pb2	1802	10287	replicate-2
pb2	1803	10357	replicate-2
pb2	1804	9470	replicate-2
pb2	1805	9502	replicate-2
pb2	1806	9458	replicate-2
pb2	1807	9655	replicate-2
pb2	1808	9684	replicate-2
pb2	1809	9626	replicate-2
pb2	1810	9454	replicate-2
pb2	1811	9603	replicate-2
pb2	1812	9768	replicate-2
pb2	1813	9791	replicate-2
pb2	1814	9807	replicate-2
pb2	1815	9826	replicate-2
pb2	1816	9816	replicate-2
pb2	1817	9865	replicate-2
pb2	1818	9839	replicate-2
pb2	1819	9871	replicate-2
pb2	1820	9891	replicate-2
pb2	1821	9757	replicate-2
pb2	1822	10011	replicate-2
pb2	1823	9980	replicate-2
pb2	1824	10250	replicate-2
pb2	1825	10273	replicate-2
pb2	1826	10208	replicate-2
pb2	1827	10214	replicate-2
pb2	1828	10237	replicate-2
pb2	1829	10073	replicate-2
pb2	1830	10089	replicate-2
pb2	1831	10042	replicate-2
pb2	1832	9896	replicate-2
pb2	1833	9774	replicate-2
pb2	1834	9786	replicate-2
pb2	1835	9883	replicate-2
pb2	1836	9895	replicate-2
pb2	1837	9836	replicate-2
pb2	1838	9880	replicate-2
pb2	1839	9922	replicate-2
pb2	1840	9947	replicate-2
pb2	1841	10133	replicate-2
pb2	1842	10117	replicate-2
pb2	1843	10244	replicate-2
pb2	1844	10189	replicate-2
pb2	1845	10352	replicate-2
pb2	1846	10361	replicate-2
pb2	1847	10267	replicate-2
pb2	1848	10281	replicate-2
pb2	1849	10246	replicate-2
pb2	1850	10273	replicate-2
pb2	1851	10298	replicate-2
pb2	1852	10135	replicate-2
pb2	1853	10339	replicate-2
pb2	1854	10716	replicate-2
pb2	1855	10739	replicate-2
pb2	1856	10727	replicate-2
pb2	1857	10730	replicate-2
pb2	1858	10722	replicate-2
pb2	1859	10766	replicate-2
pb2	1860	10755	replicate-2
pb2	1861	10587	replicate-2
pb2	1862	10702	replicate-2
pb2	1863	10068	replicate-2
pb2	1864	10800	replicate-2
pb2	1865	10796	replicate-2
pb2	1866	10840	replicate-2
pb2	1867	10853	replicate-2
pb2	1868	10687	replicate-2
pb2	1869	10750	replicate-2
pb2	1870	10789	replicate-2
pb2	1871	11270	replicate-2
pb2	1872	11188	replicate-2
pb2	1873	10507	replicate-2
pb2	1874	10483	replicate-2
pb2	1875	10425	replicate-2
pb2	1876	10427	replicate-2
pb2	1877	10393	replicate-2
pb2	1878	10262	replicate-2
pb2	1879	10246	replicate-2
pb2	1880	9759	replicate-2
pb2	1881	9783	replicate-2
pb2	1882	9751	replicate-2
pb2	1883	9739	replicate-2
pb2	1884	10044	replicate-2
pb2	1885	9924	replicate-2
pb2	1886	9958	replicate-2
pb2	1887	9930	replicate-2
pb2	1888	9896	replicate-2
pb2	1889	9915	replicate-2
pb2	1890	9877	replicate-2
pb2	1891	9727	replicate-2
pb2	1892	9750	replicate-2
pb2	1893	9649	replicate-2
pb2	1894	9654	replicate-2
pb2	1895	9548	replicate-2
pb2	1896	9530	replicate-2
pb2	1897	9603	replicate-2
pb2	1898	9585	replicate-2
pb2	1899	9587	replicate-2
pb2	1900	9636	replicate-2
pb2	1901	9644	replicate-2
pb2	1902	9620	replicate-2
pb2	1903	9632	replicate-2
pb2	1904	9652	replicate-2
pb2	1905	9653	replicate-2
pb2	1906	9824	replicate-2
pb2	1907	9868	replicate-2
pb2	1908	9946	replicate-2
pb2	1909	9977	replicate-2
pb2	1910	9925	replicate-2
pb2	1911	10053	replicate-2
pb2	1912	10037	replicate-2
pb2	1913	10170	replicate-2
pb2	1914	10170	replicate-2
pb2	1915	9867	replicate-2
pb2	1916	9899	replicate-2
pb2	1917	9862	replicate-2
pb2	1918	10076	replicate-2
pb2	1919	10068	replicate-2
pb2	1920	9989	replicate-2
pb2	1921	10044	replicate-2
pb2	1922	9921	replicate-2
pb2	1923	10090	replicate-2
pb2	1924	10072	replicate-2
pb2	1925	10250	replicate-2
pb2	1926	10258	replicate-2
pb2	1927	10097	replicate-2
pb2	1928	10197	replicate-2
pb2	1929	10137	replicate-2
pb2	1930	10031	replicate-2
pb2	1931	10104	replicate-2
pb2	1932	9990	replicate-2
pb2	1933	10026	replicate-2
pb2	1934	9901	replicate-2
pb2	1935	9961	replicate-2
pb2	1936	9994	replicate-2
pb2	1937	10256	replicate-2
pb2	1938	10233	replicate-2
pb2	1939	10290	replicate-2
pb2	1940	10214	replicate-2
pb2	1941	10259	replicate-2
pb2	1942	10276	replicate-2
pb2	1943	10363	replicate-2
pb2	1944	10317	replicate-2
pb2	1945	10240	replicate-2
pb2	1946	9824	replicate-2
pb2	1947	9818	replicate-2
pb2	1948	9733	replicate-2
pb2	1949	9743	replicate-2
pb2	1950	9655	replicate-2
pb2	1951	9591	replicate-2
pb2	1952	9844	replicate-2
pb2	1953	9874	replicate-2
pb2	1954	9891	replicate-2
pb2	1955	9900	replicate-2
pb2	1956	9888	replicate-2
pb2	1957	10184	replicate-2
pb2	1958	10207	replicate-2
pb2	1959	10181	replicate-2
pb2	1960	10080	replicate-2
pb2	1961	9901	replicate-2
pb2	1962	9918	replicate-2
pb2	1963	9894	replicate-2
pb2	1964	10109	replicate-2
pb2	1965	10071	replicate-2
pb2	1966	9733	replicate-2
pb2	1967	9721	replicate-2
pb2	1968	9740	replicate-2
pb2	1969	9751	replicate-2
pb2	1970	9404	replicate-2
pb2	1971	9806	replicate-2
pb2	1972	9873	replicate-2
pb2	1973	9602	replicate-2
pb2	1974	9567	replicate-2
pb2	1975	9414	replicate-2
pb2	1976	9463	replicate-2
pb2	1977	9517	replicate-2
pb2	1978	9482	replicate-2
pb2	1979	9491	replicate-2
pb2	1980	9421	replicate-2
pb2	1981	9339	replicate-2
pb2	1982	9845	replicate-2
pb2	1983	9905	replicate-2
pb2	1984	9937	replicate-2
pb2	1985	10084	replicate-2
pb2	1986	10032	replicate-2
pb2	1987	10107	replicate-2
pb2	1988	10085	replicate-2
pb2	1989	9965	replicate-2
pb2	1990	10108	replicate-2
pb2	1991	9746	replicate-2
pb2	1992	10062	replicate-2
pb2	1993	10092	replicate-2
pb2	1994	10000	replicate-2
pb2	1995	10193	replicate-2
pb2	1996	10224	replicate-2
pb2	1997	10437	replicate-2
pb2	1998	10443	replicate-2
pb2	1999	10447	replicate-2
pb2	2000	10701	replicate-2
pb2	2001	10779	replicate-2
pb2	2002	10688	replicate-2
pb2	2003	10643	replicate-2
pb2	2004	10511	replicate-2
pb2	2005	10400	replicate-2
pb2	2006	10323	replicate-2
pb2	2007	10374	replicate-2
pb2	2008	10506	replicate-2
pb2	2009	10582	replicate-2
pb2	2010	10498	replicate-2
pb2	2011	10596	replicate-2
pb2	2012	10765	replicate-2
pb2	2013	10743	replicate-2
pb2	2014	10759	replicate-2
pb2	2015	10644	replicate-2
pb2	2016	10688	replicate-2
pb2	2017	10498	replicate-2
pb2	2018	10600	replicate-2
pb2	2019	10613	replicate-2
pb2	2020	10474	replicate-2
pb2	2021	10467	replicate-2
pb2	2022	10524	replicate-2
pb2	2023	10505	replicate-2
pb2	2024	10537	replicate-2
pb2	2025	10480	replicate-2
pb2	2026	10717	replicate-2
pb2	2027	10641	replicate-2
pb2	2028	10652	replicate-2
pb2	2029	10749	replicate-2
pb2	2030	10738	replicate-2
pb2	2031	10758	replicate-2
pb2	2032	10763	replicate-2
pb2	2033	10880	replicate-2
pb2	2034	10952	replicate-2
pb2	2035	10695	replicate-2
pb2	2036	10686	replicate-2
pb2	2037	10662	replicate-2
pb2	2038	10731	replicate-2
pb2	2039	10879	replicate-2
pb2	2040	10878	replicate-2
pb2	2041	10886	replicate-2
pb2	2042	10812	replicate-2
pb2	2043	10781	replicate-2
pb2	2044	10803	replicate-2
pb2	2045	10846	replicate-2
pb2	2046	10930	replicate-2
pb2	2047	10905	replicate-2
pb2	2048	11086	replicate-2
pb2	2049	11094	replicate-2
pb2	2050	11121	replicate-2
pb2	2051	11109	replicate-2
pb2	2052	11083	replicate-2
pb2	2053	11071	replicate-2
pb2	2054	11166	replicate-2
pb2	2055	11043	replicate-2
pb2	2056	10998	replicate-2
pb2	2057	10821	replicate-2
pb2	2058	10812	replicate-2
pb2	2059	10834	replicate-2
pb2	2060	10984	replicate-2
pb2	2061	11017	replicate-2
pb2	2062	10910	replicate-2
pb2	2063	10868	replicate-2
pb2	2064	10855	replicate-2
pb2	2065	11157	replicate-2
pb2	2066	11243	replicate-2
pb2	2067	11263	replicate-2
pb2	2068	11249	replicate-2
pb2	2069	10974	replicate-2
pb2	2070	10977	replicate-2
pb2	2071	11048	replicate-2
pb2	2072	11100	replicate-2
pb2	2073	11089	replicate-2
pb2	2074	10866	replicate-2
pb2	2075	10947	replicate-2
pb2	2076	10901	replicate-2
pb2	2077	11137	replicate-2
pb2	2078	11189	replicate-2
pb2	2079	11159	replicate-2
pb2	2080	11367	replicate-2
pb2	2081	11414	replicate-2
pb2	2082	11400	replicate-2
pb2	2083	11454	replicate-2
pb2	2084	11205	replicate-2
pb2	2085	11248	replicate-2
pb2	2086	11179	replicate-2
pb2	2087	10844	replicate-2
pb2	2088	10866	replicate-2
pb2	2089	10601	replicate-2
pb2	2090	10683	replicate-2
pb2	2091	10661	replicate-2
pb2	2092	10710	replicate-2
pb2	2093	10645	replicate-2
pb2	2094	10584	replicate-2
pb2	2095	10920	replicate-2
pb2	2096	10840	replicate-2
pb2	2097	10902	replicate-2
pb2	2098	10907	replicate-2
pb2	2099	10763	replicate-2
pb2	2100	10759	replicate-2
pb2	2101	10674	replicate-2
pb2	2102	10652	replicate-2
pb2	2103	10517	replicate-2
pb2	2104	10199	replicate-2
pb2	2105	10215	replicate-2
pb2	2106	10208	replicate-2
pb2	2107	10362	replicate-2
pb2	2108	10380	replicate-2
pb2	2109	10410	replicate-2
pb2	2110	10293	replicate-2
pb2	2111	10284	replicate-2
pb2	2112	10301	replicate-2
pb2	2113	10285	replicate-2
pb2	2114	10230	replicate-2
pb2	2115	10153	replicate-2
pb2	2116	10097	replicate-2
pb2	2117	9969	replicate-2
pb2	2118	9963	replicate-2
pb2	2119	9925	replicate-2
pb2	2120	9909	replicate-2
pb2	2121	9763	replicate-2
pb2	2122	9696	replicate-2
pb2	2123	9726	replicate-2
pb2	2124	9719	replicate-2
pb2	2125	9858	replicate-2
pb2	2126	9879	replicate-2
pb2	2127	9849	replicate-2
pb2	2128	9906	replicate-2
pb2	2129	9895	replicate-2
pb2	2130	9977	replicate-2
pb2	2131	9925	replicate-2
pb2	2132	9894	replicate-2
pb2	2133	9806	replicate-2
pb2	2134	9840	replicate-2
pb2	2135	9992	replicate-2
pb2	2136	9953	replicate-2
pb2	2137	9829	replicate-2
pb2	2138	9816	replicate-2
pb2	2139	9668	replicate-2
pb2	2140	9722	replicate-2
pb2	2141	10430	replicate-2
pb2	2142	10310	replicate-2
pb2	2143	10098	replicate-2
pb2	2144	10033	replicate-2
pb2	2145	9866	replicate-2
pb2	2146	10128	replicate-2
pb2	2147	10074	replicate-2
pb2	2148	10030	replicate-2
pb2	2149	9984	replicate-2
pb2	2150	8940	replicate-2
pb2	2151	9149	replicate-2
pb2	2152	9114	replicate-2
pb2	2153	9208	replicate-2
pb2	2154	9226	replicate-2
pb2	2155	9048	replicate-2
pb2	2156	9366	replicate-2
pb2	2157	9382	replicate-2
pb2	2158	9394	replicate-2
pb2	2159	9348	replicate-2
pb2	2160	9069	replicate-2
pb2	2161	9175	replicate-2
pb2	2162	8969	replicate-2
pb2	2163	8997	replicate-2
pb2	2164	9003	replicate-2
pb2	2165	8726	replicate-2
pb2	2166	8848	replicate-2
pb2	2167	8832	replicate-2
pb2	2168	8844	replicate-2
pb2	2169	8843	replicate-2
pb2	2170	8642	replicate-2
pb2	2171	8801	replicate-2
pb2	2172	8707	replicate-2
pb2	2173	8699	replicate-2
pb2	2174	8710	replicate-2
pb2	2175	8890	replicate-2
pb2	2176	8921	replicate-2
pb2	2177	8870	replicate-2
pb2	2178	8864	replicate-2
pb2	2179	8862	replicate-2
pb2	2180	8599	replicate-2
pb2	2181	8729	replicate-2
pb2	2182	8715	replicate-2
pb2	2183	8734	replicate-2
pb2	2184	8571	replicate-2
pb2	2185	8629	replicate-2
pb2	2186	8613	replicate-2
pb2	2187	8651	replicate-2
pb2	2188	8693	replicate-2
pb2	2189	8716	replicate-2
pb2	2190	8673	replicate-2
pb2	2191	8862	replicate-2
pb2	2192	8922	replicate-2
pb2	2193	8884	replicate-2
pb2	2194	8822	replicate-2
pb2	2195	8836	replicate-2
pb2	2196	8747	replicate-2
pb2	2197	8936	replicate-2
pb2	2198	8630	replicate-2
pb2	2199	8514	replicate-2
pb2	2200	8470	replicate-2
pb2	2201	8404	replicate-2
pb2	2202	8421	replicate-2
pb2	2203	8381	replicate-2
pb2	2204	8343	replicate-2
pb2	2205	8261	replicate-2
pb2	2206	8107	replicate-2
pb2	2207	8059	replicate-2
pb2	2208	8060	replicate-2
pb2	2209	8029	replicate-2
pb2	2210	7979	replicate-2
pb2	2211	7923	replicate-2
pb2	2212	7947	replicate-2
pb2	2213	8038	replicate-2
pb2	2214	8009	replicate-2
pb2	2215	7893	replicate-2
pb2	2216	7734	replicate-2
pb2	2217	7735	replicate-2
pb2	2218	7749	replicate-2
pb2	2219	7727	replicate-2
pb2	2220	7810	replicate-2
pb2	2221	7984	replicate-2
pb2	2222	7771	replicate-2
pb2	2223	7950	replicate-2
pb2	2224	7782	replicate-2
pb2	2225	7846	replicate-2
pb2	2226	7967	replicate-2
pb2	2227	7975	replicate-2
pb2	2228	7859	replicate-2
pb2	2229	7947	replicate-2
pb2	2230	7796	replicate-2
pb2	2231	7723	replicate-2
pb2	2232	7744	replicate-2
pb2	2233	7732	replicate-2
pb2	2234	7723	replicate-2
pb2	2235	7670	replicate-2
pb2	2236	7655	replicate-2
pb2	2237	7649	replicate-2
pb2	2238	7655	replicate-2
pb2	2239	7630	replicate-2
pb2	2240	7616	replicate-2
pb2	2241	7588	replicate-2
pb2	2242	7589	replicate-2
pb2	2243	7561	replicate-2
pb2	2244	7639	replicate-2
pb2	2245	7626	replicate-2
pb2	2246	7557	replicate-2
pb2	2247	7617	replicate-2
pb2	2248	7542	replicate-2
pb2	2249	7894	replicate-2
pb2	2250	7881	replicate-2
pb2	2251	7906	replicate-2
pb2	2252	7920	replicate-2
pb2	2253	7803	replicate-2
pb2	2254	7780	replicate-2
pb2	2255	7794	replicate-2
pb2	2256	7618	replicate-2
pb2	2257	7776	replicate-2
pb2	2258	6995	replicate-2
pb2	2259	6990	replicate-2
pb2	2260	6841	replicate-2
pb2	2261	6836	replicate-2
pb2	2262	6773	replicate-2
pb2	2263	6774	replicate-2
pb2	2264	6668	replicate-2
pb2	2265	6726	replicate-2
pb2	2266	6417	replicate-2
pb2	2267	6479	replicate-2
pb2	2268	6477	replicate-2
pb2	2269	6472	replicate-2
pb2	2270	6439	replicate-2
pb2	2271	6451	replicate-2
pb2	2272	6423	replicate-2
pb2	2273	6415	replicate-2
pb2	2274	6224	replicate-2
pb2	2275	6211	replicate-2
pb2	2276	5996	replicate-2
pb2	2277	5986	replicate-2
pb2	2278	5948	replicate-2
pb2	2279	5948	replicate-2
pb2	2280	5926	replicate-2
pb2	2281	5911	replicate-2
pb2	2282	5919	replicate-2
pb2	2283	5918	replicate-2
pb2	2284	5897	replicate-2
pb2	2285	5871	replicate-2
pb2	2286	5677	replicate-2
pb2	2287	5640	replicate-2
pb2	2288	5618	replicate-2
pb2	2289	5620	replicate-2
pb2	2290	5595	replicate-2
pb2	2291	5508	replicate-2
pb2	2292	5388	replicate-2
pb2	2293	5377	replicate-2
pb2	2294	5206	replicate-2
pb2	2295	5195	replicate-2
pb2	2296	5169	replicate-2
pb2	2297	5103	replicate-2
pb2	2298	5092	replicate-2
pb2	2299	5087	replicate-2
pb2	2300	5069	replicate-2
pb2	2301	5005	replicate-2
pb2	2302	4997	replicate-2
pb2	2303	4989	replicate-2
pb2	2304	4888	replicate-2
pb2	2305	4718	replicate-2
pb2	2306	4289	replicate-2
pb2	2307	4249	replicate-2
pb2	2308	4013	replicate-2
pb2	2309	3990	replicate-2
pb2	2310	3890	replicate-2
pb2	2311	3675	replicate-2
pb2	2312	3659	replicate-2
pb2	2313	3650	replicate-2
pb2	2314	3640	replicate-2
pb2	2315	3630	replicate-2
pb2	2316	3241	replicate-2
pb2	2317	3223	replicate-2
pb2	2318	3126	replicate-2
pb2	2319	3124	replicate-2
pb2	2320	3123	replicate-2
pb2	2321	3051	replicate-2
pb2	2322	3034	replicate-2
pb2	2323	3029	replicate-2
pb2	2324	3006	replicate-2
pb2	2325	2972	replicate-2
pb2	2326	2281	replicate-2
pb2	2327	2236	replicate-2
pb2	2328	2209	replicate-2
pb2	2329	2206	replicate-2
pb2	2330	2173	replicate-2
pb2	2331	2146	replicate-2
pb2	2332	2126	replicate-2
pb2	2333	2117	replicate-2
pb2	2334	2095	replicate-2
pb2	2335	2082	replicate-2
pb2	2336	2063	replicate-2
pb2	2337	1764	replicate-2
pb2	2338	1674	replicate-2
pb2	2339	1646	replicate-2
pb2	2340	1624	replicate-2
pb2	2341	274	replicate-2
pa	1	2264	replicate-2
pa	2	2691	replicate-2
pa	3	2727	replicate-2
pa	4	2855	replicate-2
pa	5	3121	replicate-2
pa	6	3189	replicate-2
pa	7	3757	replicate-2
pa	8	3786	replicate-2
pa	9	3837	replicate-2
pa	10	3844	replicate-2
pa	11	3883	replicate-2
pa	12	4009	replicate-2
pa	13	4040	replicate-2
pa	14	4051	replicate-2
pa	15	4062	replicate-2
pa	16	4131	replicate-2
pa	17	4208	replicate-2
pa	18	4254	replicate-2
pa	19	4266	replicate-2
pa	20	4284	replicate-2
pa	21	4307	replicate-2
pa	22	4313	replicate-2
pa	23	4374	replicate-2
pa	24	4403	replicate-2
pa	25	4470	replicate-2
pa	26	4481	replicate-2
pa	27	4533	replicate-2
pa	28	4548	replicate-2
pa	29	4555	replicate-2
pa	30	4566	replicate-2
pa	31	4601	replicate-2
pa	32	4701	replicate-2
pa	33	4714	replicate-2
pa	34	4730	replicate-2
pa	35	4776	replicate-2
pa	36	4781	replicate-2
pa	37	4825	replicate-2
pa	38	4832	replicate-2
pa	39	4841	replicate-2
pa	40	4877	replicate-2
pa	41	4890	replicate-2
pa	42	4985	replicate-2
pa	43	5020	replicate-2
pa	44	5029	replicate-2
pa	45	5050	replicate-2
pa	46	5079	replicate-2
pa	47	5247	replicate-2
pa	48	5342	replicate-2
pa	49	5347	replicate-2
pa	50	5360	replicate-2
pa	51	5346	replicate-2
pa	52	5358	replicate-2
pa	53	5599	replicate-2
pa	54	5616	replicate-2
pa	55	5618	replicate-2
pa	56	5581	replicate-2
pa	57	5588	replicate-2
pa	58	5595	replicate-2
pa	59	5654	replicate-2
pa	60	5679	replicate-2
pa	61	5701	replicate-2
pa	62	5634	replicate-2
pa	63	5632	replicate-2
pa	64	5649	replicate-2
pa	65	5660	replicate-2
pa	66	5657	replicate-2
pa	67	5658	replicate-2
pa	68	5668	replicate-2
pa	69	5675	replicate-2
pa	70	5666	replicate-2
pa	71	5648	replicate-2
pa	72	5652	replicate-2
pa	73	5658	replicate-2
pa	74	5664	replicate-2
pa	75	5674	replicate-2
pa	76	5692	replicate-2
pa	77	5681	replicate-2
pa	78	5677	replicate-2
pa	79	5676	replicate-2
pa	80	5692	replicate-2
pa	81	5680	replicate-2
pa	82	5736	replicate-2
pa	83	5800	replicate-2
pa	84	5769	replicate-2
pa	85	5806	replicate-2
pa	86	5806	replicate-2
pa	87	5946	replicate-2
pa	88	5993	replicate-2
pa	89	5955	replicate-2
pa	90	6093	replicate-2
pa	91	6244	replicate-2
pa	92	6189	replicate-2
pa	93	6360	replicate-2
pa	94	6325	replicate-2
pa	95	6355	replicate-2
pa	96	6335	replicate-2
pa	97	6288	replicate-2
pa	98	6326	replicate-2
pa	99	6235	replicate-2
pa	100	6160	replicate-2
pa	101	6084	replicate-2
pa	102	5825	replicate-2
pa	103	5831	replicate-2
pa	104	5787	replicate-2
pa	105	5820	replicate-2
pa	106	5840	replicate-2
pa	107	5827	replicate-2
pa	108	5824	replicate-2
pa	109	5816	replicate-2
pa	110	5805	replicate-2
pa	111	5822	replicate-2
pa	112	5775	replicate-2
pa	113	5765	replicate-2
pa	114	5731	replicate-2
pa	115	5722	replicate-2
pa	116	5726	replicate-2
pa	117	5724	replicate-2
pa	118	5736	replicate-2
pa	119	5766	replicate-2
pa	120	5742	replicate-2
pa	121	5750	replicate-2
pa	122	5708	replicate-2
pa	123	5723	replicate-2
pa	124	5745	replicate-2
pa	125	5746	replicate-2
pa	126	5740	replicate-2
pa	127	5738	replicate-2
pa	128	5740	replicate-2
pa	129	5727	replicate-2
pa	130	5723	replicate-2
pa	131	5718	replicate-2
pa	132	5701	replicate-2
pa	133	5705	replicate-2
pa	134	5790	replicate-2
pa	135	5831	replicate-2
pa	136	5942	replicate-2
pa	137	5961	replicate-2
pa	138	6175	replicate-2
pa	139	6212	replicate-2
pa	140	6219	replicate-2
pa	141	6320	replicate-2
pa	142	6293	replicate-2
pa	143	6288	replicate-2
pa	144	6115	replicate-2
pa	145	6994	replicate-2
pa	146	6947	replicate-2
pa	147	7304	replicate-2
pa	148	7119	replicate-2
pa	149	7078	replicate-2
pa	150	6839	replicate-2
pa	151	6458	replicate-2
pa	152	6613	replicate-2
pa	153	6496	replicate-2
pa	154	6458	replicate-2
pa	155	5758	replicate-2
pa	156	5673	replicate-2
pa	157	5539	replicate-2
pa	158	5791	replicate-2
pa	159	5811	replicate-2
pa	160	5833	replicate-2
pa	161	5855	replicate-2
pa	162	5824	replicate-2
pa	163	5808	replicate-2
pa	164	5850	replicate-2
pa	165	5985	replicate-2
pa	166	5938	replicate-2
pa	167	5751	replicate-2
pa	168	5743	replicate-2
pa	169	5766	replicate-2
pa	170	5785	replicate-2
pa	171	5772	replicate-2
pa	172	5853	replicate-2
pa	173	5863	replicate-2
pa	174	5807	replicate-2
pa	175	5821	replicate-2
pa	176	5819	replicate-2
pa	177	5923	replicate-2
pa	178	5934	replicate-2
pa	179	5951	replicate-2
pa	180	5968	replicate-2
pa	181	5939	replicate-2
pa	182	6057	replicate-2
pa	183	6031	replicate-2
pa	184	6128	replicate-2
pa	185	6170	replicate-2
pa	186	6129	replicate-2
pa	187	6179	replicate-2
pa	188	6173	replicate-2
pa	189	6200	replicate-2
pa	190	6266	replicate-2
pa	191	6235	replicate-2
pa	192	6235	replicate-2
pa	193	6206	replicate-2
pa	194	6193	replicate-2
pa	195	6261	replicate-2
pa	196	6266	replicate-2
pa	197	6269	replicate-2
pa	198	6220	replicate-2
pa	199	6229	replicate-2
pa	200	6283	replicate-2
pa	201	6344	replicate-2
pa	202	6356	replicate-2
pa	203	6342	replicate-2
pa	204	6313	replicate-2
pa	205	6346	replicate-2
pa	206	6427	replicate-2
pa	207	6431	replicate-2
pa	208	6391	replicate-2
pa	209	6612	replicate-2
pa	210	6564	replicate-2
pa	211	6612	replicate-2
pa	212	6586	replicate-2
pa	213	6568	replicate-2
pa	214	6631	replicate-2
pa	215	6586	replicate-2
pa	216	6620	replicate-2
pa	217	6572	replicate-2
pa	218	6395	replicate-2
pa	219	6392	replicate-2
pa	220	6377	replicate-2
pa	221	6378	replicate-2
pa	222	6373	replicate-2
pa	223	6339	replicate-2
pa	224	6476	replicate-2
pa	225	6528	replicate-2
pa	226	6567	replicate-2
pa	227	6585	replicate-2
pa	228	6600	replicate-2
pa	229	6608	replicate-2
pa	230	6639	replicate-2
pa	231	6635	replicate-2
pa	232	6806	replicate-2
pa	233	6767	replicate-2
pa	234	6719	replicate-2
pa	235	6761	replicate-2
pa	236	6732	replicate-2
pa	237	7061	replicate-2
pa	238	7101	replicate-2
pa	239	7062	replicate-2
pa	240	7032	replicate-2
pa	241	6866	replicate-2
pa	242	6791	replicate-2
pa	243	6773	replicate-2
pa	244	6737	replicate-2
pa	245	6690	replicate-2
pa	246	6701	replicate-2
pa	247	6462	replicate-2
pa	248	6546	replicate-2
pa	249	6607	replicate-2
pa	250	6651	replicate-2
pa	251	6660	replicate-2
pa	252	6659	replicate-2
pa	253	6689	replicate-2
pa	254	6715	replicate-2
pa	255	6711	replicate-2
pa	256	6710	replicate-2
pa	257	6618	replicate-2
pa	258	6574	replicate-2
pa	259	6802	replicate-2
pa	260	6885	replicate-2
pa	261	6955	replicate-2
pa	262	6945	replicate-2
pa	263	6943	replicate-2
pa	264	6940	replicate-2
pa	265	7103	replicate-2
pa	266	7364	replicate-2
pa	267	7425	replicate-2
pa	268	7213	replicate-2
pa	269	7227	replicate-2
pa	270	7181	replicate-2
pa	271	7215	replicate-2
pa	272	7191	replicate-2
pa	273	7208	replicate-2
pa	274	7054	replicate-2
pa	275	7078	replicate-2
pa	276	7044	replicate-2
pa	277	7127	replicate-2
pa	278	7128	replicate-2
pa	279	7075	replicate-2
pa	280	7038	replicate-2
pa	281	7001	replicate-2
pa	282	7499	replicate-2
pa	283	7511	replicate-2
pa	284	7451	replicate-2
pa	285	7411	replicate-2
pa	286	7308	replicate-2
pa	287	7457	replicate-2
pa	288	7480	replicate-2
pa	289	7406	replicate-2
pa	290	7410	replicate-2
pa	291	6833	replicate-2
pa	292	7334	replicate-2
pa	293	7299	replicate-2
pa	294	7661	replicate-2
pa	295	7665	replicate-2
pa	296	7276	replicate-2
pa	297	7404	replicate-2
pa	298	7354	replicate-2
pa	299	7385	replicate-2
pa	300	7433	replicate-2
pa	301	6882	replicate-2
pa	302	7090	replicate-2
pa	303	6789	replicate-2
pa	304	6885	replicate-2
pa	305	6888	replicate-2
pa	306	6963	replicate-2
pa	307	6949	replicate-2
pa	308	6944	replicate-2
pa	309	6980	replicate-2
pa	310	6921	replicate-2
pa	311	6891	replicate-2
pa	312	6963	replicate-2
pa	313	6919	replicate-2
pa	314	7057	replicate-2
pa	315	6896	replicate-2
pa	316	6893	replicate-2
pa	317	6899	replicate-2
pa	318	6859	replicate-2
pa	319	6871	replicate-2
pa	320	6850	replicate-2
pa	321	6836	replicate-2
pa	322	6860	replicate-2
pa	323	6774	replicate-2
pa	324	6801	replicate-2
pa	325	6826	replicate-2
pa	326	6824	replicate-2
pa	327	6821	replicate-2
pa	328	6764	replicate-2
pa	329	6710	replicate-2
pa	330	6782	replicate-2
pa	331	6807	replicate-2
pa	332	6793	replicate-2
pa	333	6786	replicate-2
pa	334	6809	replicate-2
pa	335	6826	replicate-2
pa	336	6875	replicate-2
pa	337	6896	replicate-2
pa	338	6901	replicate-2
pa	339	6864	replicate-2
pa	340	6770	replicate-2
pa	341	6862	replicate-2
pa	342	6895	replicate-2
pa	343	6889	replicate-2
pa	344	6882	replicate-2
pa	345	6854	replicate-2
pa	346	7027	replicate-2
pa	347	7039	replicate-2
pa	348	7015	replicate-2
pa	349	7074	replicate-2
pa	350	6979	replicate-2
pa	351	7021	replicate-2
pa	352	7029	replicate-2
pa	353	7017	replicate-2
pa	354	7015	replicate-2
pa	355	6836	replicate-2
pa	356	7018	replicate-2
pa	357	7142	replicate-2
pa	358	7082	replicate-2
pa	359	7102	replicate-2
pa	360	7044	replicate-2
pa	361	7119	replicate-2
pa	362	7128	replicate-2
pa	363	7116	replicate-2
pa	364	7133	replicate-2
pa	365	6851	replicate-2
pa	366	6704	replicate-2
pa	367	6529	replicate-2
pa	368	6490	replicate-2
pa	369	6489	replicate-2
pa	370	6283	replicate-2
pa	371	6267	replicate-2
pa	372	6260	replicate-2
pa	373	6215	replicate-2
pa	374	6214	replicate-2
pa	375	6160	replicate-2
pa	376	6151	replicate-2
pa	377	6146	replicate-2
pa	378	6137	replicate-2
pa	379	6134	replicate-2
pa	380	6150	replicate-2
pa	381	6165	replicate-2
pa	382	6148	replicate-2
pa	383	6136	replicate-2
pa	384	6098	replicate-2
pa	385	6100	replicate-2
pa	386	6137	replicate-2
pa	387	6099	replicate-2
pa	388	6055	replicate-2
pa	389	5998	replicate-2
pa	390	5931	replicate-2
pa	391	5921	replicate-2
pa	392	5964	replicate-2
pa	393	5954	replicate-2
pa	394	5934	replicate-2
pa	395	5876	replicate-2
pa	396	5879	replicate-2
pa	397	5869	replicate-2
pa	398	5877	replicate-2
pa	399	5877	replicate-2
pa	400	5885	replicate-2
pa	401	5635	replicate-2
pa	402	5740	replicate-2
pa	403	5833	replicate-2
pa	404	5783	replicate-2
pa	405	5781	replicate-2
pa	406	6229	replicate-2
pa	407	6177	replicate-2
pa	408	6343	replicate-2
pa	409	6274	replicate-2
pa	410	6193	replicate-2
pa	411	6002	replicate-2
pa	412	5847	replicate-2
pa	413	5873	replicate-2
pa	414	5934	replicate-2
pa	415	4791	replicate-2
pa	416	5356	replicate-2
pa	417	4997	replicate-2
pa	418	4988	replicate-2
pa	419	4999	replicate-2
pa	420	4873	replicate-2
pa	421	4910	replicate-2
pa	422	4889	replicate-2
pa	423	4781	replicate-2
pa	424	4724	replicate-2
pa	425	4168	replicate-2
pa	426	4197	replicate-2
pa	427	4203	replicate-2
pa	428	4231	replicate-2
pa	429	4249	replicate-2
pa	430	4219	replicate-2
pa	431	4221	replicate-2
pa	432	4208	replicate-2
pa	433	4234	replicate-2
pa	434	4269	replicate-2
pa	435	4343	replicate-2
pa	436	4336	replicate-2
pa	437	4331	replicate-2
pa	438	4299	replicate-2
pa	439	4346	replicate-2
pa	440	4375	replicate-2
pa	441	4373	replicate-2
pa	442	4366	replicate-2
pa	443	4309	replicate-2
pa	444	4233	replicate-2
pa	445	4318	replicate-2
pa	446	4332	replicate-2
pa	447	4351	replicate-2
pa	448	4320	replicate-2
pa	449	4334	replicate-2
pa	450	4327	replicate-2
pa	451	4362	replicate-2
pa	452	4561	replicate-2
pa	453	4558	replicate-2
pa	454	4732	replicate-2
pa	455	4705	replicate-2
pa	456	4864	replicate-2
pa	457	4968	replicate-2
pa	458	5035	replicate-2
pa	459	5037	replicate-2
pa	460	5403	replicate-2
pa	461	5314	replicate-2
pa	462	5412	replicate-2
pa	463	5333	replicate-2
pa	464	5333	replicate-2
pa	465	5311	replicate-2
pa	466	5696	replicate-2
pa	467	5692	replicate-2
pa	468	5811	replicate-2
pa	469	5671	replicate-2
pa	470	5735	replicate-2
pa	471	5756	replicate-2
pa	472	5759	replicate-2
pa	473	5863	replicate-2
pa	474	5893	replicate-2
pa	475	5735	replicate-2
pa	476	5848	replicate-2
pa	477	5794	replicate-2
pa	478	5974	replicate-2
pa	479	5999	replicate-2
pa	480	5951	replicate-2
pa	481	5981	replicate-2
pa	482	5967	replicate-2
pa	483	6035	replicate-2
pa	484	6111	replicate-2
pa	485	6078	replicate-2
pa	486	6086	replicate-2
pa	487	6011	replicate-2
pa	488	5946	replicate-2
pa	489	5971	replicate-2
pa	490	5950	replicate-2
pa	491	5951	replicate-2
pa	492	5953	replicate-2
pa	493	5933	replicate-2
pa	494	5979	replicate-2
pa	495	5981	replicate-2
pa	496	5987	replicate-2
pa	497	5978	replicate-2
pa	498	5997	replicate-2
pa	499	6013	replicate-2
pa	500	6002	replicate-2
pa	501	6020	replicate-2
pa	502	6109	replicate-2
pa	503	6158	replicate-2
pa	504	6215	replicate-2
pa	505	6208	replicate-2
pa	506	6198	replicate-2
pa	507	6157	replicate-2
pa	508	6107	replicate-2
pa	509	6258	replicate-2
pa	510	6179	replicate-2
pa	511	6206	replicate-2
pa	512	6240	replicate-2
pa	513	6195	replicate-2
pa	514	6311	replicate-2
pa	515	6318	replicate-2
pa	516	6311	replicate-2
pa	517	6455	replicate-2
pa	518	6329	replicate-2
pa	519	6341	replicate-2
pa	520	6350	replicate-2
pa	521	6173	replicate-2
pa	522	6269	replicate-2
pa	523	6123	replicate-2
pa	524	6132	replicate-2
pa	525	6128	replicate-2
pa	526	5944	replicate-2
pa	527	6063	replicate-2
pa	528	6031	replicate-2
pa	529	6036	replicate-2
pa	530	6046	replicate-2
pa	531	5949	replicate-2
pa	532	5939	replicate-2
pa	533	5996	replicate-2
pa	534	6061	replicate-2
pa	535	6158	replicate-2
pa	536	6009	replicate-2
pa	537	5984	replicate-2
pa	538	5997	replicate-2
pa	539	6145	replicate-2
pa	540	6125	replicate-2
pa	541	6076	replicate-2
pa	542	6079	replicate-2
pa	543	6011	replicate-2
pa	544	5894	replicate-2
pa	545	5908	replicate-2
pa	546	5920	replicate-2
pa	547	5931	replicate-2
pa	548	5715	replicate-2
pa	549	5925	replicate-2
pa	550	5928	replicate-2
pa	551	5920	replicate-2
pa	552	5920	replicate-2
pa	553	5891	replicate-2
pa	554	6423	replicate-2
pa	555	6393	replicate-2
pa	556	6320	replicate-2
pa	557	6271	replicate-2
pa	558	5913	replicate-2
pa	559	5916	replicate-2
pa	560	6018	replicate-2
pa	561	5991	replicate-2
pa	562	5984	replicate-2
pa	563	5425	replicate-2
pa	564	5436	replicate-2
pa	565	5555	replicate-2
pa	566	5594	replicate-2
pa	567	5542	replicate-2
pa	568	5526	replicate-2
pa	569	5406	replicate-2
pa	570	5563	replicate-2
pa	571	5557	replicate-2
pa	572	5563	replicate-2
pa	573	5622	replicate-2
pa	574	5493	replicate-2
pa	575	5821	replicate-2
pa	576	5912	replicate-2
pa	577	5910	replicate-2
pa	578	5918	replicate-2
pa	579	5724	replicate-2
pa	580	5975	replicate-2
pa	581	6161	replicate-2
pa	582	6124	replicate-2
pa	583	6270	replicate-2
pa	584	5932	replicate-2
pa	585	6004	replicate-2
pa	586	6062	replicate-2
pa	587	6065	replicate-2
pa	588	6103	replicate-2
pa	589	5971	replicate-2
pa	590	5753	replicate-2
pa	591	5757	replicate-2
pa	592	5719	replicate-2
pa	593	5867	replicate-2
pa	594	5792	replicate-2
pa	595	5785	replicate-2
pa	596	5783	replicate-2
pa	597	5775	replicate-2
pa	598	5799	replicate-2
pa	599	5793	replicate-2
pa	600	5813	replicate-2
pa	601	5888	replicate-2
pa	602	5777	replicate-2
pa	603	5938	replicate-2
pa	604	5953	replicate-2
pa	605	5955	replicate-2
pa	606	5922	replicate-2
pa	607	5910	replicate-2
pa	608	5899	replicate-2
pa	609	5888	replicate-2
pa	610	5854	replicate-2
pa	611	5836	replicate-2
pa	612	5704	replicate-2
pa	613	5747	replicate-2
pa	614	5762	replicate-2
pa	615	5744	replicate-2
pa	616	5730	replicate-2
pa	617	5687	replicate-2
pa	618	5688	replicate-2
pa	619	5695	replicate-2
pa	620	5692	replicate-2
pa	621	5684	replicate-2
pa	622	5586	replicate-2
pa	623	5634	replicate-2
pa	624	5620	replicate-2
pa	625	5671	replicate-2
pa	626	5667	replicate-2
pa	627	5634	replicate-2
pa	628	5640	replicate-2
pa	629	5602	replicate-2
pa	630	5557	replicate-2
pa	631	5552	replicate-2
pa	632	5458	replicate-2
pa	633	5457	replicate-2
pa	634	5329	replicate-2
pa	635	5387	replicate-2
pa	636	5398	replicate-2
pa	637	5370	replicate-2
pa	638	5368	replicate-2
pa	639	5370	replicate-2
pa	640	5364	replicate-2
pa	641	5355	replicate-2
pa	642	5351	replicate-2
pa	643	5336	replicate-2
pa	644	5342	replicate-2
pa	645	5621	replicate-2
pa	646	5579	replicate-2
pa	647	5608	replicate-2
pa	648	5599	replicate-2
pa	649	5622	replicate-2
pa	650	5655	replicate-2
pa	651	5633	replicate-2
pa	652	5675	replicate-2
pa	653	5666	replicate-2
pa	654	5295	replicate-2
pa	655	5265	replicate-2
pa	656	5305	replicate-2
pa	657	5350	replicate-2
pa	658	5322	replicate-2
pa	659	5300	replicate-2
pa	660	5283	replicate-2
pa	661	5185	replicate-2
pa	662	5214	replicate-2
pa	663	5239	replicate-2
pa	664	5244	replicate-2
pa	665	5156	replicate-2
pa	666	5104	replicate-2
pa	667	5093	replicate-2
pa	668	5102	replicate-2
pa	669	5081	replicate-2
pa	670	5116	replicate-2
pa	671	5113	replicate-2
pa	672	5135	replicate-2
pa	673	5139	replicate-2
pa	674	5142	replicate-2
pa	675	5161	replicate-2
pa	676	5168	replicate-2
pa	677	5288	replicate-2
pa	678	5268	replicate-2
pa	679	5234	replicate-2
pa	680	5242	replicate-2
pa	681	5292	replicate-2
pa	682	5686	replicate-2
pa	683	5687	replicate-2
pa	684	5655	replicate-2
pa	685	5655	replicate-2
pa	686	5582	replicate-2
pa	687	5606	replicate-2
pa	688	5639	replicate-2
pa	689	5628	replicate-2
pa	690	5639	replicate-2
pa	691	5595	replicate-2
pa	692	5709	replicate-2
pa	693	5759	replicate-2
pa	694	5756	replicate-2
pa	695	5767	replicate-2
pa	696	5746	replicate-2
pa	697	5702	replicate-2
pa	698	5779	replicate-2
pa	699	5698	replicate-2
pa	700	5716	replicate-2
pa	701	5664	replicate-2
pa	702	5633	replicate-2
pa	703	5634	replicate-2
pa	704	5656	replicate-2
pa	705	5520	replicate-2
pa	706	5505	replicate-2
pa	707	5492	replicate-2
pa	708	5796	replicate-2
pa	709	5760	replicate-2
pa	710	5756	replicate-2
pa	711	5726	replicate-2
pa	712	5708	replicate-2
pa	713	5754	replicate-2
pa	714	5724	replicate-2
pa	715	5921	replicate-2
pa	716	5872	replicate-2
pa	717	5770	replicate-2
pa	718	5748	replicate-2
pa	719	5996	replicate-2
pa	720	6024	replicate-2
pa	721	6011	replicate-2
pa	722	5970	replicate-2
pa	723	5997	replicate-2
pa	724	5883	replicate-2
pa	725	5826	replicate-2
pa	726	5673	replicate-2
pa	727	5624	replicate-2
pa	728	5848	replicate-2
pa	729	5855	replicate-2
pa	730	5818	replicate-2
pa	731	5781	replicate-2
pa	732	5716	replicate-2
pa	733	5745	replicate-2
pa	734	5709	replicate-2
pa	735	5704	replicate-2
pa	736	5729	replicate-2
pa	737	5566	replicate-2
pa	738	5590	replicate-2
pa	739	5550	replicate-2
pa	740	5552	replicate-2
pa	741	5595	replicate-2
pa	742	5581	replicate-2
pa	743	5885	replicate-2
pa	744	5887	replicate-2
pa	745	5892	replicate-2
pa	746	6021	replicate-2
pa	747	6036	replicate-2
pa	748	6073	replicate-2
pa	749	6099	replicate-2
pa	750	6013	replicate-2
pa	751	6043	replicate-2
pa	752	5817	replicate-2
pa	753	5899	replicate-2
pa	754	5866	replicate-2
pa	755	5850	replicate-2
pa	756	5849	replicate-2
pa	757	5835	replicate-2
pa	758	5875	replicate-2
pa	759	5890	replicate-2
pa	760	5938	replicate-2
pa	761	5910	replicate-2
pa	762	5884	replicate-2
pa	763	5906	replicate-2
pa	764	5942	replicate-2
pa	765	5956	replicate-2
pa	766	5975	replicate-2
pa	767	5962	replicate-2
pa	768	5973	replicate-2
pa	769	5958	replicate-2
pa	770	5991	replicate-2
pa	771	6086	replicate-2
pa	772	6076	replicate-2
pa	773	6137	replicate-2
pa	774	6148	replicate-2
pa	775	6173	replicate-2
pa	776	6164	replicate-2
pa	777	6170	replicate-2
pa	778	6216	replicate-2
pa	779	6168	replicate-2
pa	780	6103	replicate-2
pa	781	6139	replicate-2
pa	782	6076	replicate-2
pa	783	6115	replicate-2
pa	784	6086	replicate-2
pa	785	6086	replicate-2
pa	786	6158	replicate-2
pa	787	6127	replicate-2
pa	788	6164	replicate-2
pa	789	6168	replicate-2
pa	790	6157	replicate-2
pa	791	6238	replicate-2
pa	792	6345	replicate-2
pa	793	6361	replicate-2
pa	794	6405	replicate-2
pa	795	6178	replicate-2
pa	796	6144	replicate-2
pa	797	6092	replicate-2
pa	798	6089	replicate-2
pa	799	6086	replicate-2
pa	800	6037	replicate-2
pa	801	6019	replicate-2
pa	802	6214	replicate-2
pa	803	6231	replicate-2
pa	804	6496	replicate-2
pa	805	6445	replicate-2
pa	806	6425	replicate-2
pa	807	6450	replicate-2
pa	808	6450	replicate-2
pa	809	6558	replicate-2
pa	810	6591	replicate-2
pa	811	6449	replicate-2
pa	812	6496	replicate-2
pa	813	6319	replicate-2
pa	814	6427	replicate-2
pa	815	6550	replicate-2
pa	816	6467	replicate-2
pa	817	6539	replicate-2
pa	818	6441	replicate-2
pa	819	6370	replicate-2
pa	820	6395	replicate-2
pa	821	6247	replicate-2
pa	822	6566	replicate-2
pa	823	6494	replicate-2
pa	824	7617	replicate-2
pa	825	7601	replicate-2
pa	826	7601	replicate-2
pa	827	7597	replicate-2
pa	828	7755	replicate-2
pa	829	7791	replicate-2
pa	830	7883	replicate-2
pa	831	7761	replicate-2
pa	832	7633	replicate-2
pa	833	6600	replicate-2
pa	834	6705	replicate-2
pa	835	6809	replicate-2
pa	836	6797	replicate-2
pa	837	6694	replicate-2
pa	838	6698	replicate-2
pa	839	6676	replicate-2
pa	840	6688	replicate-2
pa	841	6727	replicate-2
pa	842	6761	replicate-2
pa	843	6769	replicate-2
pa	844	6721	replicate-2
pa	845	6717	replicate-2
pa	846	7019	replicate-2
pa	847	7163	replicate-2
pa	848	7164	replicate-2
pa	849	7177	replicate-2
pa	850	7175	replicate-2
pa	851	7350	replicate-2
pa	852	7321	replicate-2
pa	853	7351	replicate-2
pa	854	7400	replicate-2
pa	855	7237	replicate-2
pa	856	7246	replicate-2
pa	857	7223	replicate-2
pa	858	7224	replicate-2
pa	859	7224	replicate-2
pa	860	7159	replicate-2
pa	861	7246	replicate-2
pa	862	7238	replicate-2
pa	863	7281	replicate-2
pa	864	7296	replicate-2
pa	865	7330	replicate-2
pa	866	7325	replicate-2
pa	867	7404	replicate-2
pa	868	7453	replicate-2
pa	869	7484	replicate-2
pa	870	7455	replicate-2
pa	871	7452	replicate-2
pa	872	7464	replicate-2
pa	873	7483	replicate-2
pa	874	7468	replicate-2
pa	875	7467	replicate-2
pa	876	7525	replicate-2
pa	877	7595	replicate-2
pa	878	7617	replicate-2
pa	879	7591	replicate-2
pa	880	7612	replicate-2
pa	881	7611	replicate-2
pa	882	7577	replicate-2
pa	883	7591	replicate-2
pa	884	8063	replicate-2
pa	885	8088	replicate-2
pa	886	8132	replicate-2
pa	887	8094	replicate-2
pa	888	8104	replicate-2
pa	889	8147	replicate-2
pa	890	8145	replicate-2
pa	891	8171	replicate-2
pa	892	8203	replicate-2
pa	893	7416	replicate-2
pa	894	7453	replicate-2
pa	895	7362	replicate-2
pa	896	7370	replicate-2
pa	897	7373	replicate-2
pa	898	7361	replicate-2
pa	899	7475	replicate-2
pa	900	7438	replicate-2
pa	901	7448	replicate-2
pa	902	7452	replicate-2
pa	903	7402	replicate-2
pa	904	7410	replicate-2
pa	905	7364	replicate-2
pa	906	7519	replicate-2
pa	907	7495	replicate-2
pa	908	7448	replicate-2
pa	909	7387	replicate-2
pa	910	7471	replicate-2
pa	911	7522	replicate-2
pa	912	7552	replicate-2
pa	913	7541	replicate-2
pa	914	7519	replicate-2
pa	915	7369	replicate-2
pa	916	7436	replicate-2
pa	917	7405	replicate-2
pa	918	7426	replicate-2
pa	919	7329	replicate-2
pa	920	7234	replicate-2
pa	921	7175	replicate-2
pa	922	7154	replicate-2
pa	923	7023	replicate-2
pa	924	7086	replicate-2
pa	925	7134	replicate-2
pa	926	7258	replicate-2
pa	927	7224	replicate-2
pa	928	7141	replicate-2
pa	929	7139	replicate-2
pa	930	7092	replicate-2
pa	931	7369	replicate-2
pa	932	7338	replicate-2
pa	933	7198	replicate-2
pa	934	7230	replicate-2
pa	935	6915	replicate-2
pa	936	7279	replicate-2
pa	937	7257	replicate-2
pa	938	7253	replicate-2
pa	939	7242	replicate-2
pa	940	6501	replicate-2
pa	941	6559	replicate-2
pa	942	6424	replicate-2
pa	943	6405	replicate-2
pa	944	6402	replicate-2
pa	945	5907	replicate-2
pa	946	5965	replicate-2
pa	947	5946	replicate-2
pa	948	5955	replicate-2
pa	949	5931	replicate-2
pa	950	5799	replicate-2
pa	951	5816	replicate-2
pa	952	5814	replicate-2
pa	953	5786	replicate-2
pa	954	5715	replicate-2
pa	955	5609	replicate-2
pa	956	5614	replicate-2
pa	957	5581	replicate-2
pa	958	5596	replicate-2
pa	959	5580	replicate-2
pa	960	5577	replicate-2
pa	961	5553	replicate-2
pa	962	5560	replicate-2
pa	963	5491	replicate-2
pa	964	5484	replicate-2
pa	965	5479	replicate-2
pa	966	5473	replicate-2
pa	967	5452	replicate-2
pa	968	5452	replicate-2
pa	969	5405	replicate-2
pa	970	5389	replicate-2
pa	971	5375	replicate-2
pa	972	5182	replicate-2
pa	973	5145	replicate-2
pa	974	5217	replicate-2
pa	975	5248	replicate-2
pa	976	5375	replicate-2
pa	977	5401	replicate-2
pa	978	5399	replicate-2
pa	979	5414	replicate-2
pa	980	5319	replicate-2
pa	981	5403	replicate-2
pa	982	5429	replicate-2
pa	983	5406	replicate-2
pa	984	5364	replicate-2
pa	985	5328	replicate-2
pa	986	5348	replicate-2
pa	987	5362	replicate-2
pa	988	5252	replicate-2
pa	989	5444	replicate-2
pa	990	5299	replicate-2
pa	991	5305	replicate-2
pa	992	5296	replicate-2
pa	993	5239	replicate-2
pa	994	5226	replicate-2
pa	995	5110	replicate-2
pa	996	5062	replicate-2
pa	997	5029	replicate-2
pa	998	4778	replicate-2
pa	999	4774	replicate-2
pa	1000	4776	replicate-2
pa	1001	4775	replicate-2
pa	1002	4752	replicate-2
pa	1003	4768	replicate-2
pa	1004	4748	replicate-2
pa	1005	4758	replicate-2
pa	1006	4700	replicate-2
pa	1007	4697	replicate-2
pa	1008	4673	replicate-2
pa	1009	4691	replicate-2
pa	1010	4762	replicate-2
pa	1011	4711	replicate-2
pa	1012	4690	replicate-2
pa	1013	4666	replicate-2
pa	1014	4599	replicate-2
pa	1015	4546	replicate-2
pa	1016	4544	replicate-2
pa	1017	4712	replicate-2
pa	1018	4574	replicate-2
pa	1019	4492	replicate-2
pa	1020	4396	replicate-2
pa	1021	4493	replicate-2
pa	1022	4503	replicate-2
pa	1023	4499	replicate-2
pa	1024	4471	replicate-2
pa	1025	4375	replicate-2
pa	1026	4139	replicate-2
pa	1027	3921	replicate-2
pa	1028	3803	replicate-2
pa	1029	3782	replicate-2
pa	1030	3689	replicate-2
pa	1031	3659	replicate-2
pa	1032	3686	replicate-2
pa	1033	3702	replicate-2
pa	1034	3649	replicate-2
pa	1035	3608	replicate-2
pa	1036	3578	replicate-2
pa	1037	3577	replicate-2
pa	1038	3579	replicate-2
pa	1039	3602	replicate-2
pa	1040	3596	replicate-2
pa	1041	3554	replicate-2
pa	1042	3456	replicate-2
pa	1043	3402	replicate-2
pa	1044	3427	replicate-2
pa	1045	3440	replicate-2
pa	1046	3416	replicate-2
pa	1047	3408	replicate-2
pa	1048	3381	replicate-2
pa	1049	3407	replicate-2
pa	1050	3430	replicate-2
pa	1051	3436	replicate-2
pa	1052	3438	replicate-2
pa	1053	3372	replicate-2
pa	1054	3365	replicate-2
pa	1055	3333	replicate-2
pa	1056	3317	replicate-2
pa	1057	3388	replicate-2
pa	1058	3294	replicate-2
pa	1059	3273	replicate-2
pa	1060	3243	replicate-2
pa	1061	3216	replicate-2
pa	1062	3203	replicate-2
pa	1063	3192	replicate-2
pa	1064	3142	replicate-2
pa	1065	3130	replicate-2
pa	1066	2714	replicate-2
pa	1067	2719	replicate-2
pa	1068	2709	replicate-2
pa	1069	2728	replicate-2
pa	1070	2722	replicate-2
pa	1071	2719	replicate-2
pa	1072	2710	replicate-2
pa	1073	2686	replicate-2
pa	1074	2538	replicate-2
pa	1075	2535	replicate-2
pa	1076	2471	replicate-2
pa	1077	2475	replicate-2
pa	1078	2472	replicate-2
pa	1079	2410	replicate-2
pa	1080	2411	replicate-2
pa	1081	2404	replicate-2
pa	1082	2377	replicate-2
pa	1083	2368	replicate-2
pa	1084	2336	replicate-2
pa	1085	2340	replicate-2
pa	1086	2313	replicate-2
pa	1087	2284	replicate-2
pa	1088	2268	replicate-2
pa	1089	2255	replicate-2
pa	1090	2251	replicate-2
pa	1091	2249	replicate-2
pa	1092	2239	replicate-2
pa	1093	2235	replicate-2
pa	1094	2240	replicate-2
pa	1095	2214	replicate-2
pa	1096	2219	replicate-2
pa	1097	2208	replicate-2
pa	1098	2220	replicate-2
pa	1099	2223	replicate-2
pa	1100	2198	replicate-2
pa	1101	2191	replicate-2
pa	1102	2140	replicate-2
pa	1103	2096	replicate-2
pa	1104	2122	replicate-2
pa	1105	2116	replicate-2
pa	1106	2107	replicate-2
pa	1107	2091	replicate-2
pa	1108	1942	replicate-2
pa	1109	1931	replicate-2
pa	1110	1869	replicate-2
pa	1111	1858	replicate-2
pa	1112	1859	replicate-2
pa	1113	1713	replicate-2
pa	1114	1709	replicate-2
pa	1115	1707	replicate-2
pa	1116	1715	replicate-2
pa	1117	1733	replicate-2
pa	1118	1650	replicate-2
pa	1119	1657	replicate-2
pa	1120	1656	replicate-2
pa	1121	1647	replicate-2
pa	1122	1662	replicate-2
pa	1123	1516	replicate-2
pa	1124	1498	replicate-2
pa	1125	1488	replicate-2
pa	1126	1032	replicate-2
pa	1127	1032	replicate-2
pa	1128	953	replicate-2
pa	1129	949	replicate-2
pa	1130	944	replicate-2
pa	1131	864	replicate-2
pa	1132	887	replicate-2
pa	1133	880	replicate-2
pa	1134	884	replicate-2
pa	1135	933	replicate-2
pa	1136	948	replicate-2
pa	1137	939	replicate-2
pa	1138	939	replicate-2
pa	1139	918	replicate-2
pa	1140	924	replicate-2
pa	1141	920	replicate-2
pa	1142	922	replicate-2
pa	1143	929	replicate-2
pa	1144	906	replicate-2
pa	1145	903	replicate-2
pa	1146	902	replicate-2
pa	1147	911	replicate-2
pa	1148	917	replicate-2
pa	1149	914	replicate-2
pa	1150	913	replicate-2
pa	1151	914	replicate-2
pa	1152	912	replicate-2
pa	1153	914	replicate-2
pa	1154	914	replicate-2
pa	1155	911	replicate-2
pa	1156	925	replicate-2
pa	1157	928	replicate-2
pa	1158	926	replicate-2
pa	1159	925	replicate-2
pa	1160	922	replicate-2
pa	1161	916	replicate-2
pa	1162	927	replicate-2
pa	1163	959	replicate-2
pa	1164	970	replicate-2
pa	1165	971	replicate-2
pa	1166	966	replicate-2
pa	1167	967	replicate-2
pa	1168	952	replicate-2
pa	1169	951	replicate-2
pa	1170	955	replicate-2
pa	1171	958	replicate-2
pa	1172	928	replicate-2
pa	1173	961	replicate-2
pa	1174	959	replicate-2
pa	1175	1022	replicate-2
pa	1176	1022	replicate-2
pa	1177	1021	replicate-2
pa	1178	1023	replicate-2
pa	1179	1021	replicate-2
pa	1180	1060	replicate-2
pa	1181	1060	replicate-2
pa	1182	1047	replicate-2
pa	1183	1047	replicate-2
pa	1184	1021	replicate-2
pa	1185	1034	replicate-2
pa	1186	1031	replicate-2
pa	1187	1034	replicate-2
pa	1188	1033	replicate-2
pa	1189	1029	replicate-2
pa	1190	1286	replicate-2
pa	1191	1295	replicate-2
pa	1192	1310	replicate-2
pa	1193	1316	replicate-2
pa	1194	1321	replicate-2
pa	1195	1325	replicate-2
pa	1196	1323	replicate-2
pa	1197	1321	replicate-2
pa	1198	1361	replicate-2
pa	1199	1220	replicate-2
pa	1200	1266	replicate-2
pa	1201	1274	replicate-2
pa	1202	1274	replicate-2
pa	1203	1277	replicate-2
pa	1204	1275	replicate-2
pa	1205	1281	replicate-2
pa	1206	1281	replicate-2
pa	1207	1246	replicate-2
pa	1208	1239	replicate-2
pa	1209	1225	replicate-2
pa	1210	1226	replicate-2
pa	1211	1233	replicate-2
pa	1212	1228	replicate-2
pa	1213	1225	replicate-2
pa	1214	1244	replicate-2
pa	1215	1227	replicate-2
pa	1216	1262	replicate-2
pa	1217	1262	replicate-2
pa	1218	1252	replicate-2
pa	1219	1278	replicate-2
pa	1220	1279	replicate-2
pa	1221	1316	replicate-2
pa	1222	1324	replicate-2
pa	1223	1335	replicate-2
pa	1224	1337	replicate-2
pa	1225	1307	replicate-2
pa	1226	1314	replicate-2
pa	1227	1319	replicate-2
pa	1228	1316	replicate-2
pa	1229	1316	replicate-2
pa	1230	1302	replicate-2
pa	1231	1328	replicate-2
pa	1232	1323	replicate-2
pa	1233	1337	replicate-2
pa	1234	1337	replicate-2
pa	1235	1341	replicate-2
pa	1236	1342	replicate-2
pa	1237	1336	replicate-2
pa	1238	1355	replicate-2
pa	1239	1364	replicate-2
pa	1240	1351	replicate-2
pa	1241	1381	replicate-2
pa	1242	1392	replicate-2
pa	1243	1398	replicate-2
pa	1244	1404	replicate-2
pa	1245	1398	replicate-2
pa	1246	1401	replicate-2
pa	1247	1375	replicate-2
pa	1248	1386	replicate-2
pa	1249	1406	replicate-2
pa	1250	1403	replicate-2
pa	1251	1404	replicate-2
pa	1252	1429	replicate-2
pa	1253	1444	replicate-2
pa	1254	1447	replicate-2
pa	1255	1439	replicate-2
pa	1256	1443	replicate-2
pa	1257	1469	replicate-2
pa	1258	1460	replicate-2
pa	1259	1468	replicate-2
pa	1260	1467	replicate-2
pa	1261	1462	replicate-2
pa	1262	1469	replicate-2
pa	1263	1480	replicate-2
pa	1264	1500	replicate-2
pa	1265	1506	replicate-2
pa	1266	1482	replicate-2
pa	1267	1490	replicate-2
pa	1268	1491	replicate-2
pa	1269	1494	replicate-2
pa	1270	1508	replicate-2
pa	1271	1505	replicate-2
pa	1272	1495	replicate-2
pa	1273	1489	replicate-2
pa	1274	1485	replicate-2
pa	1275	1501	replicate-2
pa	1276	1495	replicate-2
pa	1277	1494	replicate-2
pa	1278	1480	replicate-2
pa	1279	1479	replicate-2
pa	1280	1481	replicate-2
pa	1281	1487	replicate-2
pa	1282	1489	replicate-2
pa	1283	1487	replicate-2
pa	1284	1491	replicate-2
pa	1285	1501	replicate-2
pa	1286	1493	replicate-2
pa	1287	1494	replicate-2
pa	1288	1491	replicate-2
pa	1289	1535	replicate-2
pa	1290	1557	replicate-2
pa	1291	1550	replicate-2
pa	1292	1550	replicate-2
pa	1293	1554	replicate-2
pa	1294	1570	replicate-2
pa	1295	1592	replicate-2
pa	1296	1594	replicate-2
pa	1297	1599	replicate-2
pa	1298	1568	replicate-2
pa	1299	1586	replicate-2
pa	1300	1594	replicate-2
pa	1301	1598	replicate-2
pa	1302	1598	replicate-2
pa	1303	1595	replicate-2
pa	1304	1622	replicate-2
pa	1305	1639	replicate-2
pa	1306	1630	replicate-2
pa	1307	1628	replicate-2
pa	1308	1600	replicate-2
pa	1309	1648	replicate-2
pa	1310	1663	replicate-2
pa	1311	1666	replicate-2
pa	1312	1663	replicate-2
pa	1313	1616	replicate-2
pa	1314	1584	replicate-2
pa	1315	1580	replicate-2
pa	1316	1602	replicate-2
pa	1317	1610	replicate-2
pa	1318	1572	replicate-2
pa	1319	1560	replicate-2
pa	1320	1558	replicate-2
pa	1321	1581	replicate-2
pa	1322	1567	replicate-2
pa	1323	1567	replicate-2
pa	1324	1570	replicate-2
pa	1325	1543	replicate-2
pa	1326	1544	replicate-2
pa	1327	1576	replicate-2
pa	1328	1580	replicate-2
pa	1329	1577	replicate-2
pa	1330	1566	replicate-2
pa	1331	1574	replicate-2
pa	1332	1573	replicate-2
pa	1333	1578	replicate-2
pa	1334	1567	replicate-2
pa	1335	1637	replicate-2
pa	1336	1589	replicate-2
pa	1337	1605	replicate-2
pa	1338	1613	replicate-2
pa	1339	1612	replicate-2
pa	1340	1529	replicate-2
pa	1341	1527	replicate-2
pa	1342	1528	replicate-2
pa	1343	1534	replicate-2
pa	1344	1495	replicate-2
pa	1345	1505	replicate-2
pa	1346	1477	replicate-2
pa	1347	1496	replicate-2
pa	1348	1491	replicate-2
pa	1349	1480	replicate-2
pa	1350	1488	replicate-2
pa	1351	1462	replicate-2
pa	1352	1457	replicate-2
pa	1353	1487	replicate-2
pa	1354	1495	replicate-2
pa	1355	1495	replicate-2
pa	1356	1530	replicate-2
pa	1357	1513	replicate-2
pa	1358	1533	replicate-2
pa	1359	1533	replicate-2
pa	1360	1532	replicate-2
pa	1361	1536	replicate-2
pa	1362	1517	replicate-2
pa	1363	1509	replicate-2
pa	1364	1516	replicate-2
pa	1365	1452	replicate-2
pa	1366	1465	replicate-2
pa	1367	1443	replicate-2
pa	1368	1448	replicate-2
pa	1369	1471	replicate-2
pa	1370	1463	replicate-2
pa	1371	1461	replicate-2
pa	1372	1466	replicate-2
pa	1373	1452	replicate-2
pa	1374	1461	replicate-2
pa	1375	1475	replicate-2
pa	1376	1475	replicate-2
pa	1377	1495	replicate-2
pa	1378	1468	replicate-2
pa	1379	1462	replicate-2
pa	1380	1478	replicate-2
pa	1381	1465	replicate-2
pa	1382	1459	replicate-2
pa	1383	1453	replicate-2
pa	1384	1425	replicate-2
pa	1385	1431	replicate-2
pa	1386	1423	replicate-2
pa	1387	1429	replicate-2
pa	1388	1435	replicate-2
pa	1389	1415	replicate-2
pa	1390	1427	replicate-2
pa	1391	1430	replicate-2
pa	1392	1432	replicate-2
pa	1393	1449	replicate-2
pa	1394	1439	replicate-2
pa	1395	1477	replicate-2
pa	1396	1477	replicate-2
pa	1397	1477	replicate-2
pa	1398	1492	replicate-2
pa	1399	1424	replicate-2
pa	1400	1433	replicate-2
pa	1401	1428	replicate-2
pa	1402	1446	replicate-2
pa	1403	1434	replicate-2
pa	1404	1409	replicate-2
pa	1405	1391	replicate-2
pa	1406	1366	replicate-2
pa	1407	1370	replicate-2
pa	1408	1353	replicate-2
pa	1409	1382	replicate-2
pa	1410	1328	replicate-2
pa	1411	1361	replicate-2
pa	1412	1338	replicate-2
pa	1413	1346	replicate-2
pa	1414	1381	replicate-2
pa	1415	1388	replicate-2
pa	1416	1539	replicate-2
pa	1417	1519	replicate-2
pa	1418	1492	replicate-2
pa	1419	1481	replicate-2
pa	1420	1480	replicate-2
pa	1421	1481	replicate-2
pa	1422	1480	replicate-2
pa	1423	1445	replicate-2
pa	1424	1448	replicate-2
pa	1425	1343	replicate-2
pa	1426	1458	replicate-2
pa	1427	1468	replicate-2
pa	1428	1474	replicate-2
pa	1429	1472	replicate-2
pa	1430	1467	replicate-2
pa	1431	1567	replicate-2
pa	1432	1571	replicate-2
pa	1433	1579	replicate-2
pa	1434	1638	replicate-2
pa	1435	1560	replicate-2
pa	1436	1559	replicate-2
pa	1437	1555	replicate-2
pa	1438	1527	replicate-2
pa	1439	1536	replicate-2
pa	1440	1526	replicate-2
pa	1441	1527	replicate-2
pa	1442	1524	replicate-2
pa	1443	1525	replicate-2
pa	1444	1491	replicate-2
pa	1445	1504	replicate-2
pa	1446	1506	replicate-2
pa	1447	1509	replicate-2
pa	1448	1507	replicate-2
pa	1449	1494	replicate-2
pa	1450	1523	replicate-2
pa	1451	1530	replicate-2
pa	1452	1529	replicate-2
pa	1453	1537	replicate-2
pa	1454	1533	replicate-2
pa	1455	1523	replicate-2
pa	1456	1526	replicate-2
pa	1457	1542	replicate-2
pa	1458	1545	replicate-2
pa	1459	1517	replicate-2
pa	1460	1523	replicate-2
pa	1461	1531	replicate-2
pa	1462	1533	replicate-2
pa	1463	1530	replicate-2
pa	1464	1524	replicate-2
pa	1465	1530	replicate-2
pa	1466	1527	replicate-2
pa	1467	1525	replicate-2
pa	1468	1529	replicate-2
pa	1469	1497	replicate-2
pa	1470	1487	replicate-2
pa	1471	1457	replicate-2
pa	1472	1470	replicate-2
pa	1473	1476	replicate-2
pa	1474	1476	replicate-2
pa	1475	1478	replicate-2
pa	1476	1480	replicate-2
pa	1477	1484	replicate-2
pa	1478	1494	replicate-2
pa	1479	1499	replicate-2
pa	1480	1503	replicate-2
pa	1481	1478	replicate-2
pa	1482	1482	replicate-2
pa	1483	1512	replicate-2
pa	1484	1520	replicate-2
pa	1485	1508	replicate-2
pa	1486	1486	replicate-2
pa	1487	1441	replicate-2
pa	1488	1465	replicate-2
pa	1489	1437	replicate-2
pa	1490	1438	replicate-2
pa	1491	1438	replicate-2
pa	1492	1402	replicate-2
pa	1493	1428	replicate-2
pa	1494	1428	replicate-2
pa	1495	1434	replicate-2
pa	1496	1438	replicate-2
pa	1497	1385	replicate-2
pa	1498	1390	replicate-2
pa	1499	1397	replicate-2
pa	1500	1394	replicate-2
pa	1501	1402	replicate-2
pa	1502	1357	replicate-2
pa	1503	1350	replicate-2
pa	1504	1340	replicate-2
pa	1505	1338	replicate-2
pa	1506	1331	replicate-2
pa	1507	1298	replicate-2
pa	1508	1301	replicate-2
pa	1509	1295	replicate-2
pa	1510	1285	replicate-2
pa	1511	1280	replicate-2
pa	1512	1283	replicate-2
pa	1513	1283	replicate-2
pa	1514	1289	replicate-2
pa	1515	1287	replicate-2
pa	1516	1292	replicate-2
pa	1517	1292	replicate-2
pa	1518	1279	replicate-2
pa	1519	1304	replicate-2
pa	1520	1300	replicate-2
pa	1521	1281	replicate-2
pa	1522	1279	replicate-2
pa	1523	1215	replicate-2
pa	1524	1261	replicate-2
pa	1525	1251	replicate-2
pa	1526	1246	replicate-2
pa	1527	1257	replicate-2
pa	1528	1212	replicate-2
pa	1529	1217	replicate-2
pa	1530	1217	replicate-2
pa	1531	1201	replicate-2
pa	1532	1193	replicate-2
pa	1533	1171	replicate-2
pa	1534	1146	replicate-2
pa	1535	1167	replicate-2
pa	1536	1165	replicate-2
pa	1537	1184	replicate-2
pa	1538	1165	replicate-2
pa	1539	1146	replicate-2
pa	1540	1147	replicate-2
pa	1541	1144	replicate-2
pa	1542	1126	replicate-2
pa	1543	1158	replicate-2
pa	1544	1153	replicate-2
pa	1545	1138	replicate-2
pa	1546	1114	replicate-2
pa	1547	1122	replicate-2
pa	1548	1118	replicate-2
pa	1549	1134	replicate-2
pa	1550	1133	replicate-2
pa	1551	1141	replicate-2
pa	1552	1179	replicate-2
pa	1553	1187	replicate-2
pa	1554	1185	replicate-2
pa	1555	1186	replicate-2
pa	1556	1183	replicate-2
pa	1557	1184	replicate-2
pa	1558	1183	replicate-2
pa	1559	1178	replicate-2
pa	1560	1208	replicate-2
pa	1561	1189	replicate-2
pa	1562	1184	replicate-2
pa	1563	1188	replicate-2
pa	1564	1189	replicate-2
pa	1565	1201	replicate-2
pa	1566	1169	replicate-2
pa	1567	1153	replicate-2
pa	1568	1167	replicate-2
pa	1569	1158	replicate-2
pa	1570	1161	replicate-2
pa	1571	1160	replicate-2
pa	1572	1160	replicate-2
pa	1573	1194	replicate-2
pa	1574	1162	replicate-2
pa	1575	1197	replicate-2
pa	1576	1200	replicate-2
pa	1577	1170	replicate-2
pa	1578	1175	replicate-2
pa	1579	1175	replicate-2
pa	1580	1177	replicate-2
pa	1581	1184	replicate-2
pa	1582	1169	replicate-2
pa	1583	1167	replicate-2
pa	1584	1136	replicate-2
pa	1585	1128	replicate-2
pa	1586	1123	replicate-2
pa	1587	1123	replicate-2
pa	1588	1119	replicate-2
pa	1589	1137	replicate-2
pa	1590	1101	replicate-2
pa	1591	1103	replicate-2
pa	1592	1105	replicate-2
pa	1593	1109	replicate-2
pa	1594	1137	replicate-2
pa	1595	1137	replicate-2
pa	1596	1138	replicate-2
pa	1597	1130	replicate-2
pa	1598	1124	replicate-2
pa	1599	1188	replicate-2
pa	1600	1181	replicate-2
pa	1601	1201	replicate-2
pa	1602	1198	replicate-2
pa	1603	1207	replicate-2
pa	1604	1206	replicate-2
pa	1605	1225	replicate-2
pa	1606	1228	replicate-2
pa	1607	1229	replicate-2
pa	1608	1189	replicate-2
pa	1609	1192	replicate-2
pa	1610	1166	replicate-2
pa	1611	1176	replicate-2
pa	1612	1175	replicate-2
pa	1613	1167	replicate-2
pa	1614	1162	replicate-2
pa	1615	1189	replicate-2
pa	1616	1211	replicate-2
pa	1617	1215	replicate-2
pa	1618	1217	replicate-2
pa	1619	1216	replicate-2
pa	1620	1208	replicate-2
pa	1621	1218	replicate-2
pa	1622	1234	replicate-2
pa	1623	1238	replicate-2
pa	1624	1220	replicate-2
pa	1625	1200	replicate-2
pa	1626	1199	replicate-2
pa	1627	1206	replicate-2
pa	1628	1205	replicate-2
pa	1629	1216	replicate-2
pa	1630	1211	replicate-2
pa	1631	1227	replicate-2
pa	1632	1220	replicate-2
pa	1633	1237	replicate-2
pa	1634	1244	replicate-2
pa	1635	1286	replicate-2
pa	1636	1314	replicate-2
pa	1637	1316	replicate-2
pa	1638	1309	replicate-2
pa	1639	1308	replicate-2
pa	1640	1297	replicate-2
pa	1641	1334	replicate-2
pa	1642	1338	replicate-2
pa	1643	1344	replicate-2
pa	1644	1340	replicate-2
pa	1645	1315	replicate-2
pa	1646	1339	replicate-2
pa	1647	1331	replicate-2
pa	1648	1395	replicate-2
pa	1649	1396	replicate-2
pa	1650	1379	replicate-2
pa	1651	1400	replicate-2
pa	1652	1400	replicate-2
pa	1653	1417	replicate-2
pa	1654	1421	replicate-2
pa	1655	1429	replicate-2
pa	1656	1436	replicate-2
pa	1657	1404	replicate-2
pa	1658	1403	replicate-2
pa	1659	1390	replicate-2
pa	1660	1398	replicate-2
pa	1661	1404	replicate-2
pa	1662	1407	replicate-2
pa	1663	1423	replicate-2
pa	1664	1420	replicate-2
pa	1665	1404	replicate-2
pa	1666	1400	replicate-2
pa	1667	1419	replicate-2
pa	1668	1428	replicate-2
pa	1669	1494	replicate-2
pa	1670	1485	replicate-2
pa	1671	1522	replicate-2
pa	1672	1510	replicate-2
pa	1673	1511	replicate-2
pa	1674	1510	replicate-2
pa	1675	1499	replicate-2
pa	1676	1490	replicate-2
pa	1677	1512	replicate-2
pa	1678	1448	replicate-2
pa	1679	1462	replicate-2
pa	1680	1441	replicate-2
pa	1681	1506	replicate-2
pa	1682	1512	replicate-2
pa	1683	1512	replicate-2
pa	1684	1509	replicate-2
pa	1685	1501	replicate-2
pa	1686	1474	replicate-2
pa	1687	1508	replicate-2
pa	1688	1503	replicate-2
pa	1689	1503	replicate-2
pa	1690	1465	replicate-2
pa	1691	1452	replicate-2
pa	1692	1448	replicate-2
pa	1693	1465	replicate-2
pa	1694	1472	replicate-2
pa	1695	1517	replicate-2
pa	1696	1505	replicate-2
pa	1697	1507	replicate-2
pa	1698	1509	replicate-2
pa	1699	1513	replicate-2
pa	1700	1524	replicate-2
pa	1701	1546	replicate-2
pa	1702	1519	replicate-2
pa	1703	1529	replicate-2
pa	1704	1511	replicate-2
pa	1705	1528	replicate-2
pa	1706	1530	replicate-2
pa	1707	1548	replicate-2
pa	1708	1566	replicate-2
pa	1709	1565	replicate-2
pa	1710	1558	replicate-2
pa	1711	1548	replicate-2
pa	1712	1534	replicate-2
pa	1713	1575	replicate-2
pa	1714	1562	replicate-2
pa	1715	1557	replicate-2
pa	1716	1542	replicate-2
pa	1717	1558	replicate-2
pa	1718	1536	replicate-2
pa	1719	1531	replicate-2
pa	1720	1496	replicate-2
pa	1721	1499	replicate-2
pa	1722	1450	replicate-2
pa	1723	1453	replicate-2
pa	1724	1475	replicate-2
pa	1725	1463	replicate-2
pa	1726	1454	replicate-2
pa	1727	1455	replicate-2
pa	1728	1459	replicate-2
pa	1729	1459	replicate-2
pa	1730	1461	replicate-2
pa	1731	1461	replicate-2
pa	1732	1450	replicate-2
pa	1733	1441	replicate-2
pa	1734	1426	replicate-2
pa	1735	1455	replicate-2
pa	1736	1454	replicate-2
pa	1737	1455	replicate-2
pa	1738	1450	replicate-2
pa	1739	1440	replicate-2
pa	1740	1440	replicate-2
pa	1741	1448	replicate-2
pa	1742	1442	replicate-2
pa	1743	1443	replicate-2
pa	1744	1427	replicate-2
pa	1745	1460	replicate-2
pa	1746	1464	replicate-2
pa	1747	1472	replicate-2
pa	1748	1473	replicate-2
pa	1749	1474	replicate-2
pa	1750	1464	replicate-2
pa	1751	1460	replicate-2
pa	1752	1458	replicate-2
pa	1753	1458	replicate-2
pa	1754	1438	replicate-2
pa	1755	1456	replicate-2
pa	1756	1453	replicate-2
pa	1757	1468	replicate-2
pa	1758	1463	replicate-2
pa	1759	1469	replicate-2
pa	1760	1463	replicate-2
pa	1761	1468	replicate-2
pa	1762	1531	replicate-2
pa	1763	1541	replicate-2
pa	1764	1526	replicate-2
pa	1765	1511	replicate-2
pa	1766	1486	replicate-2
pa	1767	1482	replicate-2
pa	1768	1480	replicate-2
pa	1769	1485	replicate-2
pa	1770	1485	replicate-2
pa	1771	1422	replicate-2
pa	1772	1419	replicate-2
pa	1773	1415	replicate-2
pa	1774	1421	replicate-2
pa	1775	1453	replicate-2
pa	1776	1456	replicate-2
pa	1777	1450	replicate-2
pa	1778	1437	replicate-2
pa	1779	1449	replicate-2
pa	1780	1472	replicate-2
pa	1781	1474	replicate-2
pa	1782	1476	replicate-2
pa	1783	1475	replicate-2
pa	1784	1410	replicate-2
pa	1785	1406	replicate-2
pa	1786	1381	replicate-2
pa	1787	1393	replicate-2
pa	1788	1386	replicate-2
pa	1789	1372	replicate-2
pa	1790	1372	replicate-2
pa	1791	1369	replicate-2
pa	1792	1384	replicate-2
pa	1793	1388	replicate-2
pa	1794	1391	replicate-2
pa	1795	1395	replicate-2
pa	1796	1365	replicate-2
pa	1797	1375	replicate-2
pa	1798	1366	replicate-2
pa	1799	1341	replicate-2
pa	1800	1341	replicate-2
pa	1801	1337	replicate-2
pa	1802	1287	replicate-2
pa	1803	1296	replicate-2
pa	1804	1264	replicate-2
pa	1805	1269	replicate-2
pa	1806	1252	replicate-2
pa	1807	1233	replicate-2
pa	1808	1226	replicate-2
pa	1809	1245	replicate-2
pa	1810	1244	replicate-2
pa	1811	1244	replicate-2
pa	1812	1221	replicate-2
pa	1813	1217	replicate-2
pa	1814	1179	replicate-2
pa	1815	1189	replicate-2
pa	1816	1205	replicate-2
pa	1817	1201	replicate-2
pa	1818	1186	replicate-2
pa	1819	1178	replicate-2
pa	1820	1166	replicate-2
pa	1821	1167	replicate-2
pa	1822	1161	replicate-2
pa	1823	1163	replicate-2
pa	1824	1152	replicate-2
pa	1825	1190	replicate-2
pa	1826	1187	replicate-2
pa	1827	1196	replicate-2
pa	1828	1238	replicate-2
pa	1829	1239	replicate-2
pa	1830	1244	replicate-2
pa	1831	1236	replicate-2
pa	1832	1220	replicate-2
pa	1833	1221	replicate-2
pa	1834	1243	replicate-2
pa	1835	1229	replicate-2
pa	1836	1235	replicate-2
pa	1837	1204	replicate-2
pa	1838	1191	replicate-2
pa	1839	1209	replicate-2
pa	1840	1216	replicate-2
pa	1841	1210	replicate-2
pa	1842	1208	replicate-2
pa	1843	1171	replicate-2
pa	1844	1177	replicate-2
pa	1845	1190	replicate-2
pa	1846	1187	replicate-2
pa	1847	1189	replicate-2
pa	1848	1156	replicate-2
pa	1849	1154	replicate-2
pa	1850	1151	replicate-2
pa	1851	1151	replicate-2
pa	1852	1156	replicate-2
pa	1853	1127	replicate-2
pa	1854	1072	replicate-2
pa	1855	1061	replicate-2
pa	1856	1057	replicate-2
pa	1857	1065	replicate-2
pa	1858	1044	replicate-2
pa	1859	1044	replicate-2
pa	1860	1032	replicate-2
pa	1861	1018	replicate-2
pa	1862	1014	replicate-2
pa	1863	1018	replicate-2
pa	1864	1010	replicate-2
pa	1865	1007	replicate-2
pa	1866	1016	replicate-2
pa	1867	1002	replicate-2
pa	1868	1008	replicate-2
pa	1869	1029	replicate-2
pa	1870	1034	replicate-2
pa	1871	1036	replicate-2
pa	1872	1032	replicate-2
pa	1873	1035	replicate-2
pa	1874	1036	replicate-2
pa	1875	1032	replicate-2
pa	1876	1029	replicate-2
pa	1877	1025	replicate-2
pa	1878	1013	replicate-2
pa	1879	1001	replicate-2
pa	1880	1003	replicate-2
pa	1881	1013	replicate-2
pa	1882	1016	replicate-2
pa	1883	1027	replicate-2
pa	1884	1021	replicate-2
pa	1885	1034	replicate-2
pa	1886	1032	replicate-2
pa	1887	1037	replicate-2
pa	1888	1041	replicate-2
pa	1889	1046	replicate-2
pa	1890	1026	replicate-2
pa	1891	1030	replicate-2
pa	1892	1020	replicate-2
pa	1893	1018	replicate-2
pa	1894	1006	replicate-2
pa	1895	1005	replicate-2
pa	1896	1032	replicate-2
pa	1897	1057	replicate-2
pa	1898	1054	replicate-2
pa	1899	1045	replicate-2
pa	1900	1049	replicate-2
pa	1901	1051	replicate-2
pa	1902	1048	replicate-2
pa	1903	1063	replicate-2
pa	1904	1066	replicate-2
pa	1905	1051	replicate-2
pa	1906	1046	replicate-2
pa	1907	1036	replicate-2
pa	1908	1046	replicate-2
pa	1909	1060	replicate-2
pa	1910	1052	replicate-2
pa	1911	1059	replicate-2
pa	1912	1049	replicate-2
pa	1913	1011	replicate-2
pa	1914	1007	replicate-2
pa	1915	1023	replicate-2
pa	1916	1059	replicate-2
pa	1917	1060	replicate-2
pa	1918	1040	replicate-2
pa	1919	1086	replicate-2
pa	1920	1084	replicate-2
pa	1921	1106	replicate-2
pa	1922	1112	replicate-2
pa	1923	1109	replicate-2
pa	1924	1107	replicate-2
pa	1925	1079	replicate-2
pa	1926	1074	replicate-2
pa	1927	1082	replicate-2
pa	1928	1064	replicate-2
pa	1929	1068	replicate-2
pa	1930	1132	replicate-2
pa	1931	1121	replicate-2
pa	1932	1152	replicate-2
pa	1933	1143	replicate-2
pa	1934	1151	replicate-2
pa	1935	1147	replicate-2
pa	1936	1136	replicate-2
pa	1937	1161	replicate-2
pa	1938	1162	replicate-2
pa	1939	1135	replicate-2
pa	1940	1135	replicate-2
pa	1941	1123	replicate-2
pa	1942	1132	replicate-2
pa	1943	1124	replicate-2
pa	1944	1125	replicate-2
pa	1945	1126	replicate-2
pa	1946	1118	replicate-2
pa	1947	1133	replicate-2
pa	1948	1135	replicate-2
pa	1949	1155	replicate-2
pa	1950	1172	replicate-2
pa	1951	1176	replicate-2
pa	1952	1179	replicate-2
pa	1953	1194	replicate-2
pa	1954	1186	replicate-2
pa	1955	1185	replicate-2
pa	1956	1169	replicate-2
pa	1957	1199	replicate-2
pa	1958	1199	replicate-2
pa	1959	1231	replicate-2
pa	1960	1227	replicate-2
pa	1961	1226	replicate-2
pa	1962	1226	replicate-2
pa	1963	1216	replicate-2
pa	1964	1213	replicate-2
pa	1965	1210	replicate-2
pa	1966	1172	replicate-2
pa	1967	1301	replicate-2
pa	1968	1314	replicate-2
pa	1969	1326	replicate-2
pa	1970	1327	replicate-2
pa	1971	1361	replicate-2
pa	1972	1362	replicate-2
pa	1973	1380	replicate-2
pa	1974	1382	replicate-2
pa	1975	1384	replicate-2
pa	1976	1276	replicate-2
pa	1977	1245	replicate-2
pa	1978	1234	replicate-2
pa	1979	1244	replicate-2
pa	1980	1232	replicate-2
pa	1981	1262	replicate-2
pa	1982	1256	replicate-2
pa	1983	1253	replicate-2
pa	1984	1252	replicate-2
pa	1985	1241	replicate-2
pa	1986	1242	replicate-2
pa	1987	1250	replicate-2
pa	1988	1240	replicate-2
pa	1989	1232	replicate-2
pa	1990	1227	replicate-2
pa	1991	1226	replicate-2
pa	1992	1230	replicate-2
pa	1993	1238	replicate-2
pa	1994	1252	replicate-2
pa	1995	1264	replicate-2
pa	1996	1241	replicate-2
pa	1997	1256	replicate-2
pa	1998	1272	replicate-2
pa	1999	1271	replicate-2
pa	2000	1271	replicate-2
pa	2001	1269	replicate-2
pa	2002	1269	replicate-2
pa	2003	1273	replicate-2
pa	2004	1242	replicate-2
pa	2005	1251	replicate-2
pa	2006	1252	replicate-2
pa	2007	1254	replicate-2
pa	2008	1252	replicate-2
pa	2009	1253	replicate-2
pa	2010	1250	replicate-2
pa	2011	1250	replicate-2
pa	2012	1258	replicate-2
pa	2013	1261	replicate-2
pa	2014	1254	replicate-2
pa	2015	1258	replicate-2
pa	2016	1256	replicate-2
pa	2017	1263	replicate-2
pa	2018	1256	replicate-2
pa	2019	1259	replicate-2
pa	2020	1247	replicate-2
pa	2021	1244	replicate-2
pa	2022	1245	replicate-2
pa	2023	1251	replicate-2
pa	2024	1220	replicate-2
pa	2025	1226	replicate-2
pa	2026	1228	replicate-2
pa	2027	1240	replicate-2
pa	2028	1241	replicate-2
pa	2029	1275	replicate-2
pa	2030	1271	replicate-2
pa	2031	1276	replicate-2
pa	2032	1274	replicate-2
pa	2033	1254	replicate-2
pa	2034	1257	replicate-2
pa	2035	1266	replicate-2
pa	2036	1268	replicate-2
pa	2037	1268	replicate-2
pa	2038	1348	replicate-2
pa	2039	1314	replicate-2
pa	2040	1316	replicate-2
pa	2041	1315	replicate-2
pa	2042	1319	replicate-2
pa	2043	1324	replicate-2
pa	2044	1326	replicate-2
pa	2045	1306	replicate-2
pa	2046	1302	replicate-2
pa	2047	1228	replicate-2
pa	2048	1260	replicate-2
pa	2049	1283	replicate-2
pa	2050	1287	replicate-2
pa	2051	1278	replicate-2
pa	2052	1275	replicate-2
pa	2053	1280	replicate-2
pa	2054	1268	replicate-2
pa	2055	1284	replicate-2
pa	2056	1303	replicate-2
pa	2057	1249	replicate-2
pa	2058	1224	replicate-2
pa	2059	1229	replicate-2
pa	2060	1230	replicate-2
pa	2061	1228	replicate-2
pa	2062	1223	replicate-2
pa	2063	1232	replicate-2
pa	2064	1205	replicate-2
pa	2065	1191	replicate-2
pa	2066	1211	replicate-2
pa	2067	1214	replicate-2
pa	2068	1214	replicate-2
pa	2069	1231	replicate-2
pa	2070	1228	replicate-2
pa	2071	1234	replicate-2
pa	2072	1218	replicate-2
pa	2073	1213	replicate-2
pa	2074	1214	replicate-2
pa	2075	1216	replicate-2
pa	2076	1213	replicate-2
pa	2077	1234	replicate-2
pa	2078	1219	replicate-2
pa	2079	1223	replicate-2
pa	2080	1206	replicate-2
pa	2081	1200	replicate-2
pa	2082	1304	replicate-2
pa	2083	1312	replicate-2
pa	2084	1315	replicate-2
pa	2085	1318	replicate-2
pa	2086	1265	replicate-2
pa	2087	1270	replicate-2
pa	2088	1264	replicate-2
pa	2089	1274	replicate-2
pa	2090	1314	replicate-2
pa	2091	1242	replicate-2
pa	2092	1314	replicate-2
pa	2093	1312	replicate-2
pa	2094	1316	replicate-2
pa	2095	1315	replicate-2
pa	2096	1309	replicate-2
pa	2097	1310	replicate-2
pa	2098	1306	replicate-2
pa	2099	1244	replicate-2
pa	2100	1263	replicate-2
pa	2101	1186	replicate-2
pa	2102	1196	replicate-2
pa	2103	1196	replicate-2
pa	2104	1194	replicate-2
pa	2105	1192	replicate-2
pa	2106	1220	replicate-2
pa	2107	1219	replicate-2
pa	2108	1219	replicate-2
pa	2109	1200	replicate-2
pa	2110	1203	replicate-2
pa	2111	1195	replicate-2
pa	2112	1188	replicate-2
pa	2113	1183	replicate-2
pa	2114	1198	replicate-2
pa	2115	1202	replicate-2
pa	2116	1200	replicate-2
pa	2117	1168	replicate-2
pa	2118	1162	replicate-2
pa	2119	1158	replicate-2
pa	2120	1168	replicate-2
pa	2121	1173	replicate-2
pa	2122	1178	replicate-2
pa	2123	1164	replicate-2
pa	2124	1157	replicate-2
pa	2125	1181	replicate-2
pa	2126	1183	replicate-2
pa	2127	1206	replicate-2
pa	2128	1207	replicate-2
pa	2129	1202	replicate-2
pa	2130	1196	replicate-2
pa	2131	1160	replicate-2
pa	2132	1161	replicate-2
pa	2133	1163	replicate-2
pa	2134	1167	replicate-2
pa	2135	1162	replicate-2
pa	2136	1143	replicate-2
pa	2137	1141	replicate-2
pa	2138	1144	replicate-2
pa	2139	1145	replicate-2
pa	2140	1147	replicate-2
pa	2141	1147	replicate-2
pa	2142	1157	replicate-2
pa	2143	1156	replicate-2
pa	2144	1154	replicate-2
pa	2145	1157	replicate-2
pa	2146	1145	replicate-2
pa	2147	1149	replicate-2
pa	2148	1151	replicate-2
pa	2149	1141	replicate-2
pa	2150	1148	replicate-2
pa	2151	1118	replicate-2
pa	2152	1118	replicate-2
pa	2153	1132	replicate-2
pa	2154	1133	replicate-2
pa	2155	1120	replicate-2
pa	2156	1111	replicate-2
pa	2157	1108	replicate-2
pa	2158	1107	replicate-2
pa	2159	1109	replicate-2
pa	2160	1094	replicate-2
pa	2161	1093	replicate-2
pa	2162	1082	replicate-2
pa	2163	1074	replicate-2
pa	2164	1072	replicate-2
pa	2165	1081	replicate-2
pa	2166	1074	replicate-2
pa	2167	1089	replicate-2
pa	2168	1042	replicate-2
pa	2169	1053	replicate-2
pa	2170	1046	replicate-2
pa	2171	1044	replicate-2
pa	2172	1039	replicate-2
pa	2173	1025	replicate-2
pa	2174	964	replicate-2
pa	2175	968	replicate-2
pa	2176	923	replicate-2
pa	2177	902	replicate-2
pa	2178	880	replicate-2
pa	2179	852	replicate-2
pa	2180	851	replicate-2
pa	2181	851	replicate-2
pa	2182	851	replicate-2
pa	2183	821	replicate-2
pa	2184	807	replicate-2
pa	2185	801	replicate-2
pa	2186	799	replicate-2
pa	2187	784	replicate-2
pa	2188	772	replicate-2
pa	2189	769	replicate-2
pa	2190	769	replicate-2
pa	2191	761	replicate-2
pa	2192	760	replicate-2
pa	2193	731	replicate-2
pa	2194	722	replicate-2
pa	2195	714	replicate-2
pa	2196	704	replicate-2
pa	2197	697	replicate-2
pa	2198	649	replicate-2
pa	2199	647	replicate-2
pa	2200	644	replicate-2
pa	2201	634	replicate-2
pa	2202	623	replicate-2
pa	2203	593	replicate-2
pa	2204	591	replicate-2
pa	2205	583	replicate-2
pa	2206	581	replicate-2
pa	2207	479	replicate-2
pa	2208	465	replicate-2
pa	2209	433	replicate-2
pa	2210	430	replicate-2
pa	2211	428	replicate-2
pa	2212	417	replicate-2
pa	2213	416	replicate-2
pa	2214	415	replicate-2
pa	2215	412	replicate-2
pa	2216	411	replicate-2
pa	2217	246	replicate-2
pa	2218	243	replicate-2
pa	2219	236	replicate-2
pa	2220	232	replicate-2
pa	2221	232	replicate-2
pa	2222	225	replicate-2
pa	2223	224	replicate-2
pa	2224	217	replicate-2
pa	2225	215	replicate-2
pa	2226	212	replicate-2
pa	2227	205	replicate-2
pa	2228	200	replicate-2
pa	2229	184	replicate-2
pa	2230	175	replicate-2
pa	2231	169	replicate-2
pa	2232	165	replicate-2
pa	2233	42	replicate-2
ha	1	1063	replicate-2
ha	2	1259	replicate-2
ha	3	1272	replicate-2
ha	4	1283	replicate-2
ha	5	1346	replicate-2
ha	6	1421	replicate-2
ha	7	1442	replicate-2
ha	8	1453	replicate-2
ha	9	1515	replicate-2
ha	10	1518	replicate-2
ha	11	1552	replicate-2
ha	12	1598	replicate-2
ha	13	1707	replicate-2
ha	14	1715	replicate-2
ha	15	1715	replicate-2
ha	16	1722	replicate-2
ha	17	1751	replicate-2
ha	18	1768	replicate-2
ha	19	1824	replicate-2
ha	20	1840	replicate-2
ha	21	1887	replicate-2
ha	22	1889	replicate-2
ha	23	2095	replicate-2
ha	24	2115	replicate-2
ha	25	2123	replicate-2
ha	26	2138	replicate-2
ha	27	2157	replicate-2
ha	28	2169	replicate-2
ha	29	2251	replicate-2
ha	30	2257	replicate-2
ha	31	2316	replicate-2
ha	32	2324	replicate-2
ha	33	2331	replicate-2
ha	34	2381	replicate-2
ha	35	2401	replicate-2
ha	36	2875	replicate-2
ha	37	2900	replicate-2
ha	38	2922	replicate-2
ha	39	3181	replicate-2
ha	40	3188	replicate-2
ha	41	3624	replicate-2
ha	42	3635	replicate-2
ha	43	3644	replicate-2
ha	44	3648	replicate-2
ha	45	3661	replicate-2
ha	46	3736	replicate-2
ha	47	3747	replicate-2
ha	48	3766	replicate-2
ha	49	3817	replicate-2
ha	50	3813	replicate-2
ha	51	3939	replicate-2
ha	52	3945	replicate-2
ha	53	3975	replicate-2
ha	54	4001	replicate-2
ha	55	3993	replicate-2
ha	56	4049	replicate-2
ha	57	4232	replicate-2
ha	58	4382	replicate-2
ha	59	4389	replicate-2
ha	60	4363	replicate-2
ha	61	4415	replicate-2
ha	62	4417	replicate-2
ha	63	4457	replicate-2
ha	64	4486	replicate-2
ha	65	4491	replicate-2
ha	66	4461	replicate-2
ha	67	4619	replicate-2
ha	68	4672	replicate-2
ha	69	4672	replicate-2
ha	70	4679	replicate-2
ha	71	4681	replicate-2
ha	72	4696	replicate-2
ha	73	4705	replicate-2
ha	74	4708	replicate-2
ha	75	4742	replicate-2
ha	76	4665	replicate-2
ha	77	4680	replicate-2
ha	78	4686	replicate-2
ha	79	4687	replicate-2
ha	80	4689	replicate-2
ha	81	4688	replicate-2
ha	82	4913	replicate-2
ha	83	4910	replicate-2
ha	84	4903	replicate-2
ha	85	4936	replicate-2
ha	86	4966	replicate-2
ha	87	5023	replicate-2
ha	88	5032	replicate-2
ha	89	5034	replicate-2
ha	90	5038	replicate-2
ha	91	4921	replicate-2
ha	92	5052	replicate-2
ha	93	5067	replicate-2
ha	94	5100	replicate-2
ha	95	5126	replicate-2
ha	96	5117	replicate-2
ha	97	5210	replicate-2
ha	98	5226	replicate-2
ha	99	5264	replicate-2
ha	100	5259	replicate-2
ha	101	5221	replicate-2
ha	102	5203	replicate-2
ha	103	5209	replicate-2
ha	104	5217	replicate-2
ha	105	5229	replicate-2
ha	106	5452	replicate-2
ha	107	5379	replicate-2
ha	108	5434	replicate-2
ha	109	5428	replicate-2
ha	110	5440	replicate-2
ha	111	5453	replicate-2
ha	112	5445	replicate-2
ha	113	5441	replicate-2
ha	114	5438	replicate-2
ha	115	5290	replicate-2
ha	116	5394	replicate-2
ha	117	5380	replicate-2
ha	118	5387	replicate-2
ha	119	5391	replicate-2
ha	120	5394	replicate-2
ha	121	5446	replicate-2
ha	122	5456	replicate-2
ha	123	5464	replicate-2
ha	124	5486	replicate-2
ha	125	5429	replicate-2
ha	126	5428	replicate-2
ha	127	5427	replicate-2
ha	128	5398	replicate-2
ha	129	5502	replicate-2
ha	130	5468	replicate-2
ha	131	5484	replicate-2
ha	132	5451	replicate-2
ha	133	5426	replicate-2
ha	134	5484	replicate-2
ha	135	5475	replicate-2
ha	136	5469	replicate-2
ha	137	5503	replicate-2
ha	138	5356	replicate-2
ha	139	5358	replicate-2
ha	140	5340	replicate-2
ha	141	5315	replicate-2
ha	142	5354	replicate-2
ha	143	5300	replicate-2
ha	144	5305	replicate-2
ha	145	5290	replicate-2
ha	146	5257	replicate-2
ha	147	5261	replicate-2
ha	148	5269	replicate-2
ha	149	5233	replicate-2
ha	150	5281	replicate-2
ha	151	5269	replicate-2
ha	152	5358	replicate-2
ha	153	5349	replicate-2
ha	154	5325	replicate-2
ha	155	5342	replicate-2
ha	156	5332	replicate-2
ha	157	5300	replicate-2
ha	158	5297	replicate-2
ha	159	4812	replicate-2
ha	160	4852	replicate-2
ha	161	5061	replicate-2
ha	162	5301	replicate-2
ha	163	5297	replicate-2
ha	164	5316	replicate-2
ha	165	5327	replicate-2
ha	166	5362	replicate-2
ha	167	5381	replicate-2
ha	168	5457	replicate-2
ha	169	5451	replicate-2
ha	170	5174	replicate-2
ha	171	5146	replicate-2
ha	172	5131	replicate-2
ha	173	5090	replicate-2
ha	174	5065	replicate-2
ha	175	5082	replicate-2
ha	176	5081	replicate-2
ha	177	5075	replicate-2
ha	178	5077	replicate-2
ha	179	5086	replicate-2
ha	180	5109	replicate-2
ha	181	5082	replicate-2
ha	182	5043	replicate-2
ha	183	5030	replicate-2
ha	184	4923	replicate-2
ha	185	4941	replicate-2
ha	186	4771	replicate-2
ha	187	4834	replicate-2
ha	188	4788	replicate-2
ha	189	4882	replicate-2
ha	190	4878	replicate-2
ha	191	4885	replicate-2
ha	192	4853	replicate-2
ha	193	4860	replicate-2
ha	194	4872	replicate-2
ha	195	4862	replicate-2
ha	196	4808	replicate-2
ha	197	4864	replicate-2
ha	198	4773	replicate-2
ha	199	4783	replicate-2
ha	200	4724	replicate-2
ha	201	4735	replicate-2
ha	202	4791	replicate-2
ha	203	4962	replicate-2
ha	204	5055	replicate-2
ha	205	5044	replicate-2
ha	206	5045	replicate-2
ha	207	5032	replicate-2
ha	208	5142	replicate-2
ha	209	5126	replicate-2
ha	210	5113	replicate-2
ha	211	5118	replicate-2
ha	212	4949	replicate-2
ha	213	4954	replicate-2
ha	214	4967	replicate-2
ha	215	5015	replicate-2
ha	216	4991	replicate-2
ha	217	4977	replicate-2
ha	218	5010	replicate-2
ha	219	5010	replicate-2
ha	220	5034	replicate-2
ha	221	5043	replicate-2
ha	222	5005	replicate-2
ha	223	4963	replicate-2
ha	224	4968	replicate-2
ha	225	4988	replicate-2
ha	226	5099	replicate-2
ha	227	5126	replicate-2
ha	228	5343	replicate-2
ha	229	5332	replicate-2
ha	230	5335	replicate-2
ha	231	5324	replicate-2
ha	232	5307	replicate-2
ha	233	5331	replicate-2
ha	234	5333	replicate-2
ha	235	5464	replicate-2
ha	236	5485	replicate-2
ha	237	5319	replicate-2
ha	238	5415	replicate-2
ha	239	5436	replicate-2
ha	240	5648	replicate-2
ha	241	5691	replicate-2
ha	242	5686	replicate-2
ha	243	5784	replicate-2
ha	244	5606	replicate-2
ha	245	5676	replicate-2
ha	246	5674	replicate-2
ha	247	5630	replicate-2
ha	248	5638	replicate-2
ha	249	5560	replicate-2
ha	250	5518	replicate-2
ha	251	5556	replicate-2
ha	252	5521	replicate-2
ha	253	5523	replicate-2
ha	254	5538	replicate-2
ha	255	5524	replicate-2
ha	256	5543	replicate-2
ha	257	5505	replicate-2
ha	258	5486	replicate-2
ha	259	5507	replicate-2
ha	260	5510	replicate-2
ha	261	5528	replicate-2
ha	262	5570	replicate-2
ha	263	5582	replicate-2
ha	264	5611	replicate-2
ha	265	5581	replicate-2
ha	266	5559	replicate-2
ha	267	5535	replicate-2
ha	268	5607	replicate-2
ha	269	5606	replicate-2
ha	270	5604	replicate-2
ha	271	5553	replicate-2
ha	272	5556	replicate-2
ha	273	5542	replicate-2
ha	274	5549	replicate-2
ha	275	5547	replicate-2
ha	276	5555	replicate-2
ha	277	5483	replicate-2
ha	278	5478	replicate-2
ha	279	5443	replicate-2
ha	280	5430	replicate-2
ha	281	5463	replicate-2
ha	282	5456	replicate-2
ha	283	5515	replicate-2
ha	284	5518	replicate-2
ha	285	5539	replicate-2
ha	286	5576	replicate-2
ha	287	5564	replicate-2
ha	288	5563	replicate-2
ha	289	5562	replicate-2
ha	290	5487	replicate-2
ha	291	5512	replicate-2
ha	292	5405	replicate-2
ha	293	5515	replicate-2
ha	294	5528	replicate-2
ha	295	5522	replicate-2
ha	296	5527	replicate-2
ha	297	5516	replicate-2
ha	298	5508	replicate-2
ha	299	5533	replicate-2
ha	300	5488	replicate-2
ha	301	5374	replicate-2
ha	302	5184	replicate-2
ha	303	5159	replicate-2
ha	304	5580	replicate-2
ha	305	5561	replicate-2
ha	306	5612	replicate-2
ha	307	5636	replicate-2
ha	308	5580	replicate-2
ha	309	5966	replicate-2
ha	310	5945	replicate-2
ha	311	6024	replicate-2
ha	312	5953	replicate-2
ha	313	5161	replicate-2
ha	314	5209	replicate-2
ha	315	5172	replicate-2
ha	316	5160	replicate-2
ha	317	5147	replicate-2
ha	318	4892	replicate-2
ha	319	4893	replicate-2
ha	320	4828	replicate-2
ha	321	4822	replicate-2
ha	322	4952	replicate-2
ha	323	4949	replicate-2
ha	324	4955	replicate-2
ha	325	4948	replicate-2
ha	326	4948	replicate-2
ha	327	4954	replicate-2
ha	328	4976	replicate-2
ha	329	4977	replicate-2
ha	330	4952	replicate-2
ha	331	4782	replicate-2
ha	332	4863	replicate-2
ha	333	4895	replicate-2
ha	334	4897	replicate-2
ha	335	4877	replicate-2
ha	336	4868	replicate-2
ha	337	4871	replicate-2
ha	338	4865	replicate-2
ha	339	4851	replicate-2
ha	340	4871	replicate-2
ha	341	4811	replicate-2
ha	342	4738	replicate-2
ha	343	4947	replicate-2
ha	344	4929	replicate-2
ha	345	4976	replicate-2
ha	346	4980	replicate-2
ha	347	4984	replicate-2
ha	348	5045	replicate-2
ha	349	5016	replicate-2
ha	350	5002	replicate-2
ha	351	4996	replicate-2
ha	352	4728	replicate-2
ha	353	4730	replicate-2
ha	354	4696	replicate-2
ha	355	4689	replicate-2
ha	356	4616	replicate-2
ha	357	4575	replicate-2
ha	358	4552	replicate-2
ha	359	4620	replicate-2
ha	360	4608	replicate-2
ha	361	4637	replicate-2
ha	362	4624	replicate-2
ha	363	4625	replicate-2
ha	364	4600	replicate-2
ha	365	4636	replicate-2
ha	366	4526	replicate-2
ha	367	4559	replicate-2
ha	368	4371	replicate-2
ha	369	4431	replicate-2
ha	370	4390	replicate-2
ha	371	4403	replicate-2
ha	372	4395	replicate-2
ha	373	4368	replicate-2
ha	374	4386	replicate-2
ha	375	4312	replicate-2
ha	376	4204	replicate-2
ha	377	4207	replicate-2
ha	378	4133	replicate-2
ha	379	4156	replicate-2
ha	380	4131	replicate-2
ha	381	4160	replicate-2
ha	382	4149	replicate-2
ha	383	4093	replicate-2
ha	384	4056	replicate-2
ha	385	4055	replicate-2
ha	386	4026	replicate-2
ha	387	4039	replicate-2
ha	388	3993	replicate-2
ha	389	3972	replicate-2
ha	390	3889	replicate-2
ha	391	3908	replicate-2
ha	392	3851	replicate-2
ha	393	3861	replicate-2
ha	394	3849	replicate-2
ha	395	3683	replicate-2
ha	396	3858	replicate-2
ha	397	3827	replicate-2
ha	398	3858	replicate-2
ha	399	3869	replicate-2
ha	400	3795	replicate-2
ha	401	3804	replicate-2
ha	402	3801	replicate-2
ha	403	3808	replicate-2
ha	404	3803	replicate-2
ha	405	3635	replicate-2
ha	406	3634	replicate-2
ha	407	3638	replicate-2
ha	408	3640	replicate-2
ha	409	3622	replicate-2
ha	410	3642	replicate-2
ha	411	3692	replicate-2
ha	412	3689	replicate-2
ha	413	3683	replicate-2
ha	414	3648	replicate-2
ha	415	3699	replicate-2
ha	416	3813	replicate-2
ha	417	3822	replicate-2
ha	418	3830	replicate-2
ha	419	3822	replicate-2
ha	420	3789	replicate-2
ha	421	3818	replicate-2
ha	422	3862	replicate-2
ha	423	3863	replicate-2
ha	424	3837	replicate-2
ha	425	3734	replicate-2
ha	426	3915	replicate-2
ha	427	4009	replicate-2
ha	428	4052	replicate-2
ha	429	4052	replicate-2
ha	430	4065	replicate-2
ha	431	4065	replicate-2
ha	432	4062	replicate-2
ha	433	4049	replicate-2
ha	434	4001	replicate-2
ha	435	4017	replicate-2
ha	436	3955	replicate-2
ha	437	3943	replicate-2
ha	438	3949	replicate-2
ha	439	3916	replicate-2
ha	440	3912	replicate-2
ha	441	3942	replicate-2
ha	442	3942	replicate-2
ha	443	3923	replicate-2
ha	444	3911	replicate-2
ha	445	3886	replicate-2
ha	446	3910	replicate-2
ha	447	3939	replicate-2
ha	448	4007	replicate-2
ha	449	4055	replicate-2
ha	450	4063	replicate-2
ha	451	4069	replicate-2
ha	452	4069	replicate-2
ha	453	4083	replicate-2
ha	454	4077	replicate-2
ha	455	3966	replicate-2
ha	456	3988	replicate-2
ha	457	3944	replicate-2
ha	458	3994	replicate-2
ha	459	4170	replicate-2
ha	460	4186	replicate-2
ha	461	4253	replicate-2
ha	462	4218	replicate-2
ha	463	4217	replicate-2
ha	464	4225	replicate-2
ha	465	4184	replicate-2
ha	466	4220	replicate-2
ha	467	4229	replicate-2
ha	468	3983	replicate-2
ha	469	4099	replicate-2
ha	470	3994	replicate-2
ha	471	4021	replicate-2
ha	472	4012	replicate-2
ha	473	4009	replicate-2
ha	474	4031	replicate-2
ha	475	3956	replicate-2
ha	476	3971	replicate-2
ha	477	3980	replicate-2
ha	478	3950	replicate-2
ha	479	3979	replicate-2
ha	480	4109	replicate-2
ha	481	4090	replicate-2
ha	482	4085	replicate-2
ha	483	4056	replicate-2
ha	484	4229	replicate-2
ha	485	4243	replicate-2
ha	486	4268	replicate-2
ha	487	4297	replicate-2
ha	488	4249	replicate-2
ha	489	4097	replicate-2
ha	490	4108	replicate-2
ha	491	4098	replicate-2
ha	492	4093	replicate-2
ha	493	3898	replicate-2
ha	494	3889	replicate-2
ha	495	3881	replicate-2
ha	496	3885	replicate-2
ha	497	3901	replicate-2
ha	498	3881	replicate-2
ha	499	3878	replicate-2
ha	500	3883	replicate-2
ha	501	3940	replicate-2
ha	502	3933	replicate-2
ha	503	3913	replicate-2
ha	504	3913	replicate-2
ha	505	3916	replicate-2
ha	506	3905	replicate-2
ha	507	3923	replicate-2
ha	508	3922	replicate-2
ha	509	3895	replicate-2
ha	510	3940	replicate-2
ha	511	3906	replicate-2
ha	512	3930	replicate-2
ha	513	3938	replicate-2
ha	514	3924	replicate-2
ha	515	3956	replicate-2
ha	516	3944	replicate-2
ha	517	3975	replicate-2
ha	518	3983	replicate-2
ha	519	3894	replicate-2
ha	520	3935	replicate-2
ha	521	3886	replicate-2
ha	522	3935	replicate-2
ha	523	3957	replicate-2
ha	524	3917	replicate-2
ha	525	3906	replicate-2
ha	526	3888	replicate-2
ha	527	3916	replicate-2
ha	528	3912	replicate-2
ha	529	3915	replicate-2
ha	530	3908	replicate-2
ha	531	3884	replicate-2
ha	532	3866	replicate-2
ha	533	3865	replicate-2
ha	534	3859	replicate-2
ha	535	3885	replicate-2
ha	536	3819	replicate-2
ha	537	3805	replicate-2
ha	538	3802	replicate-2
ha	539	3782	replicate-2
ha	540	3931	replicate-2
ha	541	3930	replicate-2
ha	542	3932	replicate-2
ha	543	3930	replicate-2
ha	544	3922	replicate-2
ha	545	3924	replicate-2
ha	546	3913	replicate-2
ha	547	3949	replicate-2
ha	548	3919	replicate-2
ha	549	3793	replicate-2
ha	550	3734	replicate-2
ha	551	3768	replicate-2
ha	552	3872	replicate-2
ha	553	3805	replicate-2
ha	554	3808	replicate-2
ha	555	3794	replicate-2
ha	556	3700	replicate-2
ha	557	3703	replicate-2
ha	558	3616	replicate-2
ha	559	3643	replicate-2
ha	560	3581	replicate-2
ha	561	3357	replicate-2
ha	562	3321	replicate-2
ha	563	3413	replicate-2
ha	564	3461	replicate-2
ha	565	3462	replicate-2
ha	566	3436	replicate-2
ha	567	3459	replicate-2
ha	568	3779	replicate-2
ha	569	3764	replicate-2
ha	570	3787	replicate-2
ha	571	3768	replicate-2
ha	572	3617	replicate-2
ha	573	3609	replicate-2
ha	574	3581	replicate-2
ha	575	3585	replicate-2
ha	576	3560	replicate-2
ha	577	3250	replicate-2
ha	578	3244	replicate-2
ha	579	3238	replicate-2
ha	580	3229	replicate-2
ha	581	3231	replicate-2
ha	582	3226	replicate-2
ha	583	3241	replicate-2
ha	584	3242	replicate-2
ha	585	3242	replicate-2
ha	586	3211	replicate-2
ha	587	3255	replicate-2
ha	588	3256	replicate-2
ha	589	3331	replicate-2
ha	590	3497	replicate-2
ha	591	3622	replicate-2
ha	592	3759	replicate-2
ha	593	3756	replicate-2
ha	594	3760	replicate-2
ha	595	3766	replicate-2
ha	596	3756	replicate-2
ha	597	3745	replicate-2
ha	598	3690	replicate-2
ha	599	3685	replicate-2
ha	600	3450	replicate-2
ha	601	3551	replicate-2
ha	602	3509	replicate-2
ha	603	3538	replicate-2
ha	604	3542	replicate-2
ha	605	3500	replicate-2
ha	606	3543	replicate-2
ha	607	3513	replicate-2
ha	608	3496	replicate-2
ha	609	3485	replicate-2
ha	610	3378	replicate-2
ha	611	3370	replicate-2
ha	612	3356	replicate-2
ha	613	3419	replicate-2
ha	614	3469	replicate-2
ha	615	3421	replicate-2
ha	616	3481	replicate-2
ha	617	3475	replicate-2
ha	618	3584	replicate-2
ha	619	3604	replicate-2
ha	620	3590	replicate-2
ha	621	3587	replicate-2
ha	622	3602	replicate-2
ha	623	3535	replicate-2
ha	624	3632	replicate-2
ha	625	3562	replicate-2
ha	626	3595	replicate-2
ha	627	3595	replicate-2
ha	628	3546	replicate-2
ha	629	3554	replicate-2
ha	630	3650	replicate-2
ha	631	3619	replicate-2
ha	632	3645	replicate-2
ha	633	3527	replicate-2
ha	634	3540	replicate-2
ha	635	3516	replicate-2
ha	636	3513	replicate-2
ha	637	3540	replicate-2
ha	638	3533	replicate-2
ha	639	3538	replicate-2
ha	640	3539	replicate-2
ha	641	3540	replicate-2
ha	642	3513	replicate-2
ha	643	3527	replicate-2
ha	644	3562	replicate-2
ha	645	3518	replicate-2
ha	646	3589	replicate-2
ha	647	3587	replicate-2
ha	648	3626	replicate-2
ha	649	3632	replicate-2
ha	650	3598	replicate-2
ha	651	3602	replicate-2
ha	652	3580	replicate-2
ha	653	3562	replicate-2
ha	654	3555	replicate-2
ha	655	3573	replicate-2
ha	656	3528	replicate-2
ha	657	3487	replicate-2
ha	658	3434	replicate-2
ha	659	3450	replicate-2
ha	660	3462	replicate-2
ha	661	3482	replicate-2
ha	662	3401	replicate-2
ha	663	3481	replicate-2
ha	664	3483	replicate-2
ha	665	3470	replicate-2
ha	666	3568	replicate-2
ha	667	3609	replicate-2
ha	668	3577	replicate-2
ha	669	3582	replicate-2
ha	670	3564	replicate-2
ha	671	3575	replicate-2
ha	672	3554	replicate-2
ha	673	3503	replicate-2
ha	674	3507	replicate-2
ha	675	3454	replicate-2
ha	676	3406	replicate-2
ha	677	3398	replicate-2
ha	678	3381	replicate-2
ha	679	3397	replicate-2
ha	680	3496	replicate-2
ha	681	3510	replicate-2
ha	682	3500	replicate-2
ha	683	3496	replicate-2
ha	684	3506	replicate-2
ha	685	3521	replicate-2
ha	686	3620	replicate-2
ha	687	3705	replicate-2
ha	688	3657	replicate-2
ha	689	3670	replicate-2
ha	690	3614	replicate-2
ha	691	3622	replicate-2
ha	692	3685	replicate-2
ha	693	3694	replicate-2
ha	694	3705	replicate-2
ha	695	3648	replicate-2
ha	696	3493	replicate-2
ha	697	3502	replicate-2
ha	698	3494	replicate-2
ha	699	3528	replicate-2
ha	700	3528	replicate-2
ha	701	3475	replicate-2
ha	702	3468	replicate-2
ha	703	3432	replicate-2
ha	704	3452	replicate-2
ha	705	3459	replicate-2
ha	706	3451	replicate-2
ha	707	3490	replicate-2
ha	708	3457	replicate-2
ha	709	3463	replicate-2
ha	710	3479	replicate-2
ha	711	3495	replicate-2
ha	712	3499	replicate-2
ha	713	3505	replicate-2
ha	714	3500	replicate-2
ha	715	3513	replicate-2
ha	716	3514	replicate-2
ha	717	3450	replicate-2
ha	718	3454	replicate-2
ha	719	3525	replicate-2
ha	720	3510	replicate-2
ha	721	3505	replicate-2
ha	722	3501	replicate-2
ha	723	3491	replicate-2
ha	724	3540	replicate-2
ha	725	3535	replicate-2
ha	726	3521	replicate-2
ha	727	3522	replicate-2
ha	728	3464	replicate-2
ha	729	3478	replicate-2
ha	730	3483	replicate-2
ha	731	3530	replicate-2
ha	732	3529	replicate-2
ha	733	3488	replicate-2
ha	734	3485	replicate-2
ha	735	3487	replicate-2
ha	736	3501	replicate-2
ha	737	3443	replicate-2
ha	738	3430	replicate-2
ha	739	3422	replicate-2
ha	740	3354	replicate-2
ha	741	3297	replicate-2
ha	742	3348	replicate-2
ha	743	3348	replicate-2
ha	744	3380	replicate-2
ha	745	3375	replicate-2
ha	746	3378	replicate-2
ha	747	3371	replicate-2
ha	748	3381	replicate-2
ha	749	3390	replicate-2
ha	750	3404	replicate-2
ha	751	3246	replicate-2
ha	752	3220	replicate-2
ha	753	3187	replicate-2
ha	754	3200	replicate-2
ha	755	3238	replicate-2
ha	756	3213	replicate-2
ha	757	3209	replicate-2
ha	758	3171	replicate-2
ha	759	3165	replicate-2
ha	760	3387	replicate-2
ha	761	3389	replicate-2
ha	762	3399	replicate-2
ha	763	3375	replicate-2
ha	764	3320	replicate-2
ha	765	3337	replicate-2
ha	766	3333	replicate-2
ha	767	3343	replicate-2
ha	768	3338	replicate-2
ha	769	2987	replicate-2
ha	770	3117	replicate-2
ha	771	3200	replicate-2
ha	772	3311	replicate-2
ha	773	3376	replicate-2
ha	774	3363	replicate-2
ha	775	3361	replicate-2
ha	776	3364	replicate-2
ha	777	3346	replicate-2
ha	778	3344	replicate-2
ha	779	3356	replicate-2
ha	780	3210	replicate-2
ha	781	3094	replicate-2
ha	782	3097	replicate-2
ha	783	3099	replicate-2
ha	784	3106	replicate-2
ha	785	3090	replicate-2
ha	786	3131	replicate-2
ha	787	3123	replicate-2
ha	788	3117	replicate-2
ha	789	3119	replicate-2
ha	790	3046	replicate-2
ha	791	3062	replicate-2
ha	792	3061	replicate-2
ha	793	3084	replicate-2
ha	794	3090	replicate-2
ha	795	2996	replicate-2
ha	796	3013	replicate-2
ha	797	3021	replicate-2
ha	798	3022	replicate-2
ha	799	3010	replicate-2
ha	800	3002	replicate-2
ha	801	2985	replicate-2
ha	802	3004	replicate-2
ha	803	2947	replicate-2
ha	804	2964	replicate-2
ha	805	2950	replicate-2
ha	806	2933	replicate-2
ha	807	2947	replicate-2
ha	808	2952	replicate-2
ha	809	2956	replicate-2
ha	810	2968	replicate-2
ha	811	2938	replicate-2
ha	812	2923	replicate-2
ha	813	2859	replicate-2
ha	814	2868	replicate-2
ha	815	2862	replicate-2
ha	816	2905	replicate-2
ha	817	2917	replicate-2
ha	818	2902	replicate-2
ha	819	2917	replicate-2
ha	820	2890	replicate-2
ha	821	4248	replicate-2
ha	822	4669	replicate-2
ha	823	4680	replicate-2
ha	824	4911	replicate-2
ha	825	4952	replicate-2
ha	826	5209	replicate-2
ha	827	5633	replicate-2
ha	828	5707	replicate-2
ha	829	5800	replicate-2
ha	830	5654	replicate-2
ha	831	5659	replicate-2
ha	832	5668	replicate-2
ha	833	5689	replicate-2
ha	834	5728	replicate-2
ha	835	5994	replicate-2
ha	836	5927	replicate-2
ha	837	5911	replicate-2
ha	838	5964	replicate-2
ha	839	5935	replicate-2
ha	840	6034	replicate-2
ha	841	6061	replicate-2
ha	842	6114	replicate-2
ha	843	6113	replicate-2
ha	844	6123	replicate-2
ha	845	6267	replicate-2
ha	846	6268	replicate-2
ha	847	6394	replicate-2
ha	848	6399	replicate-2
ha	849	6475	replicate-2
ha	850	6664	replicate-2
ha	851	6805	replicate-2
ha	852	6814	replicate-2
ha	853	6818	replicate-2
ha	854	6839	replicate-2
ha	855	6865	replicate-2
ha	856	6952	replicate-2
ha	857	6990	replicate-2
ha	858	6987	replicate-2
ha	859	7137	replicate-2
ha	860	7085	replicate-2
ha	861	7320	replicate-2
ha	862	7323	replicate-2
ha	863	7361	replicate-2
ha	864	7423	replicate-2
ha	865	7399	replicate-2
ha	866	7709	replicate-2
ha	867	7712	replicate-2
ha	868	7695	replicate-2
ha	869	7764	replicate-2
ha	870	7684	replicate-2
ha	871	7823	replicate-2
ha	872	7810	replicate-2
ha	873	7787	replicate-2
ha	874	7813	replicate-2
ha	875	7637	replicate-2
ha	876	7787	replicate-2
ha	877	7755	replicate-2
ha	878	7830	replicate-2
ha	879	7943	replicate-2
ha	880	7883	replicate-2
ha	881	8028	replicate-2
ha	882	8024	replicate-2
ha	883	8296	replicate-2
ha	884	9079	replicate-2
ha	885	9323	replicate-2
ha	886	9352	replicate-2
ha	887	9357	replicate-2
ha	888	9259	replicate-2
ha	889	9256	replicate-2
ha	890	9291	replicate-2
ha	891	9303	replicate-2
ha	892	9231	replicate-2
ha	893	9029	replicate-2
ha	894	8813	replicate-2
ha	895	9218	replicate-2
ha	896	9239	replicate-2
ha	897	9273	replicate-2
ha	898	9279	replicate-2
ha	899	9156	replicate-2
ha	900	9158	replicate-2
ha	901	9257	replicate-2
ha	902	9243	replicate-2
ha	903	9328	replicate-2
ha	904	9015	replicate-2
ha	905	8995	replicate-2
ha	906	8952	replicate-2
ha	907	8981	replicate-2
ha	908	9134	replicate-2
ha	909	9262	replicate-2
ha	910	9170	replicate-2
ha	911	9089	replicate-2
ha	912	9055	replicate-2
ha	913	9024	replicate-2
ha	914	9021	replicate-2
ha	915	9436	replicate-2
ha	916	9417	replicate-2
ha	917	9320	replicate-2
ha	918	9337	replicate-2
ha	919	9322	replicate-2
ha	920	9335	replicate-2
ha	921	9315	replicate-2
ha	922	9267	replicate-2
ha	923	9201	replicate-2
ha	924	8886	replicate-2
ha	925	8744	replicate-2
ha	926	8771	replicate-2
ha	927	8771	replicate-2
ha	928	8816	replicate-2
ha	929	8865	replicate-2
ha	930	8851	replicate-2
ha	931	9085	replicate-2
ha	932	9085	replicate-2
ha	933	9165	replicate-2
ha	934	9216	replicate-2
ha	935	9207	replicate-2
ha	936	9500	replicate-2
ha	937	9525	replicate-2
ha	938	9544	replicate-2
ha	939	9557	replicate-2
ha	940	9387	replicate-2
ha	941	9489	replicate-2
ha	942	9396	replicate-2
ha	943	9384	replicate-2
ha	944	9917	replicate-2
ha	945	9806	replicate-2
ha	946	9850	replicate-2
ha	947	9990	replicate-2
ha	948	9990	replicate-2
ha	949	10293	replicate-2
ha	950	10257	replicate-2
ha	951	10297	replicate-2
ha	952	10361	replicate-2
ha	953	10174	replicate-2
ha	954	11242	replicate-2
ha	955	11392	replicate-2
ha	956	11439	replicate-2
ha	957	11634	replicate-2
ha	958	11428	replicate-2
ha	959	11481	replicate-2
ha	960	11346	replicate-2
ha	961	11480	replicate-2
ha	962	11677	replicate-2
ha	963	11351	replicate-2
ha	964	11333	replicate-2
ha	965	11351	replicate-2
ha	966	11309	replicate-2
ha	967	11452	replicate-2
ha	968	11422	replicate-2
ha	969	12528	replicate-2
ha	970	12474	replicate-2
ha	971	12354	replicate-2
ha	972	12177	replicate-2
ha	973	12078	replicate-2
ha	974	12119	replicate-2
ha	975	12100	replicate-2
ha	976	12052	replicate-2
ha	977	11996	replicate-2
ha	978	11234	replicate-2
ha	979	11247	replicate-2
ha	980	11190	replicate-2
ha	981	11408	replicate-2
ha	982	11662	replicate-2
ha	983	11661	replicate-2
ha	984	11709	replicate-2
ha	985	11677	replicate-2
ha	986	11852	replicate-2
ha	987	11917	replicate-2
ha	988	12027	replicate-2
ha	989	12137	replicate-2
ha	990	12121	replicate-2
ha	991	11893	replicate-2
ha	992	11839	replicate-2
ha	993	11822	replicate-2
ha	994	11854	replicate-2
ha	995	11916	replicate-2
ha	996	11901	replicate-2
ha	997	12031	replicate-2
ha	998	12066	replicate-2
ha	999	12115	replicate-2
ha	1000	12110	replicate-2
ha	1001	12163	replicate-2
ha	1002	12143	replicate-2
ha	1003	12207	replicate-2
ha	1004	12277	replicate-2
ha	1005	12406	replicate-2
ha	1006	12387	replicate-2
ha	1007	12350	replicate-2
ha	1008	12512	replicate-2
ha	1009	12611	replicate-2
ha	1010	12727	replicate-2
ha	1011	12706	replicate-2
ha	1012	12903	replicate-2
ha	1013	12803	replicate-2
ha	1014	12764	replicate-2
ha	1015	12766	replicate-2
ha	1016	12769	replicate-2
ha	1017	12767	replicate-2
ha	1018	12776	replicate-2
ha	1019	12699	replicate-2
ha	1020	12669	replicate-2
ha	1021	12554	replicate-2
ha	1022	12630	replicate-2
ha	1023	12671	replicate-2
ha	1024	12842	replicate-2
ha	1025	12875	replicate-2
ha	1026	12799	replicate-2
ha	1027	13033	replicate-2
ha	1028	13036	replicate-2
ha	1029	13334	replicate-2
ha	1030	13364	replicate-2
ha	1031	13226	replicate-2
ha	1032	13124	replicate-2
ha	1033	12859	replicate-2
ha	1034	12636	replicate-2
ha	1035	12620	replicate-2
ha	1036	12376	replicate-2
ha	1037	12512	replicate-2
ha	1038	12424	replicate-2
ha	1039	12297	replicate-2
ha	1040	12286	replicate-2
ha	1041	12237	replicate-2
ha	1042	12290	replicate-2
ha	1043	12346	replicate-2
ha	1044	12400	replicate-2
ha	1045	12289	replicate-2
ha	1046	12205	replicate-2
ha	1047	11947	replicate-2
ha	1048	11944	replicate-2
ha	1049	11957	replicate-2
ha	1050	11943	replicate-2
ha	1051	11995	replicate-2
ha	1052	11934	replicate-2
ha	1053	12059	replicate-2
ha	1054	11998	replicate-2
ha	1055	11948	replicate-2
ha	1056	12053	replicate-2
ha	1057	12152	replicate-2
ha	1058	12100	replicate-2
ha	1059	12168	replicate-2
ha	1060	12133	replicate-2
ha	1061	12111	replicate-2
ha	1062	12143	replicate-2
ha	1063	11945	replicate-2
ha	1064	12000	replicate-2
ha	1065	11946	replicate-2
ha	1066	11796	replicate-2
ha	1067	11782	replicate-2
ha	1068	11728	replicate-2
ha	1069	12088	replicate-2
ha	1070	12027	replicate-2
ha	1071	11978	replicate-2
ha	1072	11989	replicate-2
ha	1073	11892	replicate-2
ha	1074	11912	replicate-2
ha	1075	11988	replicate-2
ha	1076	12244	replicate-2
ha	1077	12179	replicate-2
ha	1078	11958	replicate-2
ha	1079	12104	replicate-2
ha	1080	12144	replicate-2
ha	1081	12941	replicate-2
ha	1082	12935	replicate-2
ha	1083	12869	replicate-2
ha	1084	12745	replicate-2
ha	1085	13964	replicate-2
ha	1086	15113	replicate-2
ha	1087	15488	replicate-2
ha	1088	15260	replicate-2
ha	1089	15296	replicate-2
ha	1090	15490	replicate-2
ha	1091	15567	replicate-2
ha	1092	15510	replicate-2
ha	1093	15399	replicate-2
ha	1094	15465	replicate-2
ha	1095	13093	replicate-2
ha	1096	13073	replicate-2
ha	1097	12973	replicate-2
ha	1098	13066	replicate-2
ha	1099	12956	replicate-2
ha	1100	12982	replicate-2
ha	1101	12978	replicate-2
ha	1102	12961	replicate-2
ha	1103	12901	replicate-2
ha	1104	12901	replicate-2
ha	1105	12778	replicate-2
ha	1106	12713	replicate-2
ha	1107	12594	replicate-2
ha	1108	12712	replicate-2
ha	1109	12808	replicate-2
ha	1110	12972	replicate-2
ha	1111	12945	replicate-2
ha	1112	12863	replicate-2
ha	1113	12833	replicate-2
ha	1114	13047	replicate-2
ha	1115	13199	replicate-2
ha	1116	13185	replicate-2
ha	1117	13070	replicate-2
ha	1118	13111	replicate-2
ha	1119	13038	replicate-2
ha	1120	12954	replicate-2
ha	1121	13118	replicate-2
ha	1122	13236	replicate-2
ha	1123	13076	replicate-2
ha	1124	13017	replicate-2
ha	1125	13203	replicate-2
ha	1126	13824	replicate-2
ha	1127	13957	replicate-2
ha	1128	14070	replicate-2
ha	1129	14082	replicate-2
ha	1130	14506	replicate-2
ha	1131	14611	replicate-2
ha	1132	14645	replicate-2
ha	1133	14599	replicate-2
ha	1134	14486	replicate-2
ha	1135	14603	replicate-2
ha	1136	14430	replicate-2
ha	1137	14465	replicate-2
ha	1138	15281	replicate-2
ha	1139	15062	replicate-2
ha	1140	14844	replicate-2
ha	1141	14858	replicate-2
ha	1142	14877	replicate-2
ha	1143	15410	replicate-2
ha	1144	15261	replicate-2
ha	1145	14969	replicate-2
ha	1146	14963	replicate-2
ha	1147	14616	replicate-2
ha	1148	15252	replicate-2
ha	1149	15878	replicate-2
ha	1150	16115	replicate-2
ha	1151	16138	replicate-2
ha	1152	15759	replicate-2
ha	1153	16025	replicate-2
ha	1154	16051	replicate-2
ha	1155	16185	replicate-2
ha	1156	16235	replicate-2
ha	1157	15765	replicate-2
ha	1158	15973	replicate-2
ha	1159	15843	replicate-2
ha	1160	16214	replicate-2
ha	1161	16337	replicate-2
ha	1162	16362	replicate-2
ha	1163	16205	replicate-2
ha	1164	16117	replicate-2
ha	1165	16077	replicate-2
ha	1166	16058	replicate-2
ha	1167	16097	replicate-2
ha	1168	15824	replicate-2
ha	1169	15908	replicate-2
ha	1170	15841	replicate-2
ha	1171	15865	replicate-2
ha	1172	16002	replicate-2
ha	1173	15988	replicate-2
ha	1174	16161	replicate-2
ha	1175	16096	replicate-2
ha	1176	16089	replicate-2
ha	1177	16079	replicate-2
ha	1178	16173	replicate-2
ha	1179	16022	replicate-2
ha	1180	15881	replicate-2
ha	1181	15772	replicate-2
ha	1182	15801	replicate-2
ha	1183	15679	replicate-2
ha	1184	15703	replicate-2
ha	1185	16030	replicate-2
ha	1186	16026	replicate-2
ha	1187	15962	replicate-2
ha	1188	15911	replicate-2
ha	1189	15937	replicate-2
ha	1190	15939	replicate-2
ha	1191	16102	replicate-2
ha	1192	16339	replicate-2
ha	1193	16578	replicate-2
ha	1194	16458	replicate-2
ha	1195	16234	replicate-2
ha	1196	16457	replicate-2
ha	1197	17187	replicate-2
ha	1198	17215	replicate-2
ha	1199	17254	replicate-2
ha	1200	17113	replicate-2
ha	1201	16901	replicate-2
ha	1202	16632	replicate-2
ha	1203	17038	replicate-2
ha	1204	16982	replicate-2
ha	1205	17162	replicate-2
ha	1206	16470	replicate-2
ha	1207	16456	replicate-2
ha	1208	16558	replicate-2
ha	1209	17154	replicate-2
ha	1210	17259	replicate-2
ha	1211	17198	replicate-2
ha	1212	16845	replicate-2
ha	1213	16775	replicate-2
ha	1214	16659	replicate-2
ha	1215	16640	replicate-2
ha	1216	16978	replicate-2
ha	1217	16997	replicate-2
ha	1218	16438	replicate-2
ha	1219	16258	replicate-2
ha	1220	16132	replicate-2
ha	1221	16489	replicate-2
ha	1222	16569	replicate-2
ha	1223	16545	replicate-2
ha	1224	16465	replicate-2
ha	1225	16118	replicate-2
ha	1226	16418	replicate-2
ha	1227	16400	replicate-2
ha	1228	16374	replicate-2
ha	1229	16329	replicate-2
ha	1230	15981	replicate-2
ha	1231	15903	replicate-2
ha	1232	16006	replicate-2
ha	1233	15933	replicate-2
ha	1234	15999	replicate-2
ha	1235	15689	replicate-2
ha	1236	15521	replicate-2
ha	1237	15686	replicate-2
ha	1238	15766	replicate-2
ha	1239	15846	replicate-2
ha	1240	15844	replicate-2
ha	1241	15807	replicate-2
ha	1242	15723	replicate-2
ha	1243	15788	replicate-2
ha	1244	15610	replicate-2
ha	1245	15652	replicate-2
ha	1246	15415	replicate-2
ha	1247	15559	replicate-2
ha	1248	15444	replicate-2
ha	1249	16034	replicate-2
ha	1250	15992	replicate-2
ha	1251	15955	replicate-2
ha	1252	15811	replicate-2
ha	1253	15773	replicate-2
ha	1254	15662	replicate-2
ha	1255	15664	replicate-2
ha	1256	15556	replicate-2
ha	1257	15522	replicate-2
ha	1258	14901	replicate-2
ha	1259	15348	replicate-2
ha	1260	15356	replicate-2
ha	1261	15345	replicate-2
ha	1262	15407	replicate-2
ha	1263	15444	replicate-2
ha	1264	15425	replicate-2
ha	1265	15325	replicate-2
ha	1266	15287	replicate-2
ha	1267	15274	replicate-2
ha	1268	15542	replicate-2
ha	1269	14598	replicate-2
ha	1270	15110	replicate-2
ha	1271	15060	replicate-2
ha	1272	14997	replicate-2
ha	1273	15106	replicate-2
ha	1274	15133	replicate-2
ha	1275	15113	replicate-2
ha	1276	15023	replicate-2
ha	1277	14354	replicate-2
ha	1278	14567	replicate-2
ha	1279	14704	replicate-2
ha	1280	14563	replicate-2
ha	1281	14556	replicate-2
ha	1282	14435	replicate-2
ha	1283	14556	replicate-2
ha	1284	14577	replicate-2
ha	1285	14631	replicate-2
ha	1286	14538	replicate-2
ha	1287	14519	replicate-2
ha	1288	14636	replicate-2
ha	1289	14004	replicate-2
ha	1290	14539	replicate-2
ha	1291	14655	replicate-2
ha	1292	14629	replicate-2
ha	1293	14613	replicate-2
ha	1294	14378	replicate-2
ha	1295	14447	replicate-2
ha	1296	14308	replicate-2
ha	1297	14472	replicate-2
ha	1298	14729	replicate-2
ha	1299	14208	replicate-2
ha	1300	14134	replicate-2
ha	1301	14111	replicate-2
ha	1302	14235	replicate-2
ha	1303	14335	replicate-2
ha	1304	14277	replicate-2
ha	1305	14247	replicate-2
ha	1306	14252	replicate-2
ha	1307	14381	replicate-2
ha	1308	14647	replicate-2
ha	1309	14715	replicate-2
ha	1310	14746	replicate-2
ha	1311	14740	replicate-2
ha	1312	14684	replicate-2
ha	1313	14906	replicate-2
ha	1314	14967	replicate-2
ha	1315	14962	replicate-2
ha	1316	15027	replicate-2
ha	1317	14916	replicate-2
ha	1318	14820	replicate-2
ha	1319	14856	replicate-2
ha	1320	14877	replicate-2
ha	1321	14964	replicate-2
ha	1322	14883	replicate-2
ha	1323	15173	replicate-2
ha	1324	15196	replicate-2
ha	1325	15314	replicate-2
ha	1326	15838	replicate-2
ha	1327	16124	replicate-2
ha	1328	16138	replicate-2
ha	1329	16134	replicate-2
ha	1330	16128	replicate-2
ha	1331	16174	replicate-2
ha	1332	16009	replicate-2
ha	1333	16227	replicate-2
ha	1334	16549	replicate-2
ha	1335	16232	replicate-2
ha	1336	16208	replicate-2
ha	1337	16139	replicate-2
ha	1338	16202	replicate-2
ha	1339	16567	replicate-2
ha	1340	16551	replicate-2
ha	1341	16990	replicate-2
ha	1342	17378	replicate-2
ha	1343	17200	replicate-2
ha	1344	17512	replicate-2
ha	1345	17523	replicate-2
ha	1346	17531	replicate-2
ha	1347	17733	replicate-2
ha	1348	17114	replicate-2
ha	1349	17113	replicate-2
ha	1350	17040	replicate-2
ha	1351	16330	replicate-2
ha	1352	16473	replicate-2
ha	1353	16563	replicate-2
ha	1354	16554	replicate-2
ha	1355	16883	replicate-2
ha	1356	16827	replicate-2
ha	1357	16885	replicate-2
ha	1358	16673	replicate-2
ha	1359	16680	replicate-2
ha	1360	16735	replicate-2
ha	1361	16765	replicate-2
ha	1362	16734	replicate-2
ha	1363	16841	replicate-2
ha	1364	16591	replicate-2
ha	1365	16499	replicate-2
ha	1366	16551	replicate-2
ha	1367	16615	replicate-2
ha	1368	16700	replicate-2
ha	1369	16711	replicate-2
ha	1370	16895	replicate-2
ha	1371	16890	replicate-2
ha	1372	16833	replicate-2
ha	1373	16953	replicate-2
ha	1374	17002	replicate-2
ha	1375	17164	replicate-2
ha	1376	17164	replicate-2
ha	1377	17087	replicate-2
ha	1378	17159	replicate-2
ha	1379	17108	replicate-2
ha	1380	17288	replicate-2
ha	1381	17496	replicate-2
ha	1382	17544	replicate-2
ha	1383	18067	replicate-2
ha	1384	17927	replicate-2
ha	1385	18248	replicate-2
ha	1386	18250	replicate-2
ha	1387	18408	replicate-2
ha	1388	18388	replicate-2
ha	1389	18294	replicate-2
ha	1390	18178	replicate-2
ha	1391	18080	replicate-2
ha	1392	17686	replicate-2
ha	1393	17781	replicate-2
ha	1394	17605	replicate-2
ha	1395	17600	replicate-2
ha	1396	17497	replicate-2
ha	1397	17500	replicate-2
ha	1398	17961	replicate-2
ha	1399	18046	replicate-2
ha	1400	17950	replicate-2
ha	1401	18073	replicate-2
ha	1402	18077	replicate-2
ha	1403	18137	replicate-2
ha	1404	18478	replicate-2
ha	1405	18517	replicate-2
ha	1406	19015	replicate-2
ha	1407	18936	replicate-2
ha	1408	18952	replicate-2
ha	1409	18922	replicate-2
ha	1410	18756	replicate-2
ha	1411	18776	replicate-2
ha	1412	18627	replicate-2
ha	1413	18507	replicate-2
ha	1414	18924	replicate-2
ha	1415	18819	replicate-2
ha	1416	18570	replicate-2
ha	1417	18567	replicate-2
ha	1418	18528	replicate-2
ha	1419	18472	replicate-2
ha	1420	18421	replicate-2
ha	1421	18417	replicate-2
ha	1422	18453	replicate-2
ha	1423	18395	replicate-2
ha	1424	17914	replicate-2
ha	1425	17976	replicate-2
ha	1426	18059	replicate-2
ha	1427	18333	replicate-2
ha	1428	18317	replicate-2
ha	1429	17998	replicate-2
ha	1430	17927	replicate-2
ha	1431	18452	replicate-2
ha	1432	18510	replicate-2
ha	1433	18588	replicate-2
ha	1434	18490	replicate-2
ha	1435	18345	replicate-2
ha	1436	18302	replicate-2
ha	1437	17885	replicate-2
ha	1438	18541	replicate-2
ha	1439	18480	replicate-2
ha	1440	17960	replicate-2
ha	1441	17975	replicate-2
ha	1442	17870	replicate-2
ha	1443	18087	replicate-2
ha	1444	18450	replicate-2
ha	1445	18433	replicate-2
ha	1446	18359	replicate-2
ha	1447	17451	replicate-2
ha	1448	16904	replicate-2
ha	1449	17994	replicate-2
ha	1450	18031	replicate-2
ha	1451	18147	replicate-2
ha	1452	18115	replicate-2
ha	1453	17373	replicate-2
ha	1454	17374	replicate-2
ha	1455	17382	replicate-2
ha	1456	17520	replicate-2
ha	1457	17623	replicate-2
ha	1458	16332	replicate-2
ha	1459	16356	replicate-2
ha	1460	16339	replicate-2
ha	1461	16188	replicate-2
ha	1462	16647	replicate-2
ha	1463	16720	replicate-2
ha	1464	16689	replicate-2
ha	1465	16552	replicate-2
ha	1466	16373	replicate-2
ha	1467	16365	replicate-2
ha	1468	16351	replicate-2
ha	1469	16335	replicate-2
ha	1470	16317	replicate-2
ha	1471	15963	replicate-2
ha	1472	15708	replicate-2
ha	1473	15906	replicate-2
ha	1474	15900	replicate-2
ha	1475	16045	replicate-2
ha	1476	16031	replicate-2
ha	1477	15791	replicate-2
ha	1478	15817	replicate-2
ha	1479	15781	replicate-2
ha	1480	15810	replicate-2
ha	1481	15951	replicate-2
ha	1482	15750	replicate-2
ha	1483	15698	replicate-2
ha	1484	15469	replicate-2
ha	1485	15678	replicate-2
ha	1486	15847	replicate-2
ha	1487	15817	replicate-2
ha	1488	15827	replicate-2
ha	1489	15890	replicate-2
ha	1490	15798	replicate-2
ha	1491	15751	replicate-2
ha	1492	15671	replicate-2
ha	1493	15600	replicate-2
ha	1494	15943	replicate-2
ha	1495	15573	replicate-2
ha	1496	15756	replicate-2
ha	1497	15820	replicate-2
ha	1498	15800	replicate-2
ha	1499	15773	replicate-2
ha	1500	15865	replicate-2
ha	1501	15736	replicate-2
ha	1502	15820	replicate-2
ha	1503	15243	replicate-2
ha	1504	15312	replicate-2
ha	1505	15456	replicate-2
ha	1506	15542	replicate-2
ha	1507	15556	replicate-2
ha	1508	15598	replicate-2
ha	1509	15662	replicate-2
ha	1510	15622	replicate-2
ha	1511	15628	replicate-2
ha	1512	15376	replicate-2
ha	1513	15226	replicate-2
ha	1514	14608	replicate-2
ha	1515	14875	replicate-2
ha	1516	14363	replicate-2
ha	1517	14437	replicate-2
ha	1518	14328	replicate-2
ha	1519	14391	replicate-2
ha	1520	14363	replicate-2
ha	1521	14501	replicate-2
ha	1522	14542	replicate-2
ha	1523	14493	replicate-2
ha	1524	13859	replicate-2
ha	1525	13729	replicate-2
ha	1526	13648	replicate-2
ha	1527	13729	replicate-2
ha	1528	13723	replicate-2
ha	1529	13892	replicate-2
ha	1530	13629	replicate-2
ha	1531	13633	replicate-2
ha	1532	13688	replicate-2
ha	1533	13657	replicate-2
ha	1534	14094	replicate-2
ha	1535	14093	replicate-2
ha	1536	14039	replicate-2
ha	1537	14010	replicate-2
ha	1538	13735	replicate-2
ha	1539	13823	replicate-2
ha	1540	13822	replicate-2
ha	1541	13923	replicate-2
ha	1542	13895	replicate-2
ha	1543	13609	replicate-2
ha	1544	13728	replicate-2
ha	1545	13612	replicate-2
ha	1546	14233	replicate-2
ha	1547	14214	replicate-2
ha	1548	14204	replicate-2
ha	1549	14069	replicate-2
ha	1550	13743	replicate-2
ha	1551	13772	replicate-2
ha	1552	13553	replicate-2
ha	1553	13699	replicate-2
ha	1554	13687	replicate-2
ha	1555	12437	replicate-2
ha	1556	12404	replicate-2
ha	1557	12088	replicate-2
ha	1558	12094	replicate-2
ha	1559	12097	replicate-2
ha	1560	12090	replicate-2
ha	1561	12062	replicate-2
ha	1562	11901	replicate-2
ha	1563	12004	replicate-2
ha	1564	12373	replicate-2
ha	1565	12314	replicate-2
ha	1566	12220	replicate-2
ha	1567	12216	replicate-2
ha	1568	12253	replicate-2
ha	1569	12247	replicate-2
ha	1570	12196	replicate-2
ha	1571	11900	replicate-2
ha	1572	12013	replicate-2
ha	1573	11578	replicate-2
ha	1574	11657	replicate-2
ha	1575	11662	replicate-2
ha	1576	11664	replicate-2
ha	1577	12063	replicate-2
ha	1578	12108	replicate-2
ha	1579	12173	replicate-2
ha	1580	12149	replicate-2
ha	1581	11976	replicate-2
ha	1582	11925	replicate-2
ha	1583	11820	replicate-2
ha	1584	11842	replicate-2
ha	1585	11868	replicate-2
ha	1586	11403	replicate-2
ha	1587	11572	replicate-2
ha	1588	11472	replicate-2
ha	1589	11540	replicate-2
ha	1590	11549	replicate-2
ha	1591	11622	replicate-2
ha	1592	11675	replicate-2
ha	1593	11683	replicate-2
ha	1594	11694	replicate-2
ha	1595	11639	replicate-2
ha	1596	11477	replicate-2
ha	1597	11309	replicate-2
ha	1598	11265	replicate-2
ha	1599	11247	replicate-2
ha	1600	11161	replicate-2
ha	1601	11062	replicate-2
ha	1602	11651	replicate-2
ha	1603	11810	replicate-2
ha	1604	11900	replicate-2
ha	1605	11922	replicate-2
ha	1606	11920	replicate-2
ha	1607	11960	replicate-2
ha	1608	12317	replicate-2
ha	1609	12321	replicate-2
ha	1610	12321	replicate-2
ha	1611	12187	replicate-2
ha	1612	11841	replicate-2
ha	1613	11995	replicate-2
ha	1614	12755	replicate-2
ha	1615	12820	replicate-2
ha	1616	12794	replicate-2
ha	1617	12415	replicate-2
ha	1618	12522	replicate-2
ha	1619	12523	replicate-2
ha	1620	12477	replicate-2
ha	1621	12429	replicate-2
ha	1622	12570	replicate-2
ha	1623	11955	replicate-2
ha	1624	12153	replicate-2
ha	1625	12287	replicate-2
ha	1626	12534	replicate-2
ha	1627	12550	replicate-2
ha	1628	12602	replicate-2
ha	1629	12635	replicate-2
ha	1630	13060	replicate-2
ha	1631	12829	replicate-2
ha	1632	13131	replicate-2
ha	1633	13067	replicate-2
ha	1634	13058	replicate-2
ha	1635	13087	replicate-2
ha	1636	12960	replicate-2
ha	1637	12924	replicate-2
ha	1638	12927	replicate-2
ha	1639	12594	replicate-2
ha	1640	12635	replicate-2
ha	1641	12531	replicate-2
ha	1642	12577	replicate-2
ha	1643	12585	replicate-2
ha	1644	12488	replicate-2
ha	1645	12497	replicate-2
ha	1646	12493	replicate-2
ha	1647	12655	replicate-2
ha	1648	12652	replicate-2
ha	1649	12627	replicate-2
ha	1650	13081	replicate-2
ha	1651	13040	replicate-2
ha	1652	13003	replicate-2
ha	1653	13000	replicate-2
ha	1654	12979	replicate-2
ha	1655	13004	replicate-2
ha	1656	12767	replicate-2
ha	1657	12592	replicate-2
ha	1658	12541	replicate-2
ha	1659	12183	replicate-2
ha	1660	12349	replicate-2
ha	1661	12362	replicate-2
ha	1662	12397	replicate-2
ha	1663	12377	replicate-2
ha	1664	12349	replicate-2
ha	1665	12369	replicate-2
ha	1666	12627	replicate-2
ha	1667	12639	replicate-2
ha	1668	12614	replicate-2
ha	1669	12494	replicate-2
ha	1670	12392	replicate-2
ha	1671	12339	replicate-2
ha	1672	12338	replicate-2
ha	1673	12291	replicate-2
ha	1674	12268	replicate-2
ha	1675	11896	replicate-2
ha	1676	12241	replicate-2
ha	1677	12505	replicate-2
ha	1678	12463	replicate-2
ha	1679	12472	replicate-2
ha	1680	12379	replicate-2
ha	1681	13097	replicate-2
ha	1682	13122	replicate-2
ha	1683	13210	replicate-2
ha	1684	13050	replicate-2
ha	1685	12943	replicate-2
ha	1686	12583	replicate-2
ha	1687	12578	replicate-2
ha	1688	12558	replicate-2
ha	1689	12552	replicate-2
ha	1690	12119	replicate-2
ha	1691	11760	replicate-2
ha	1692	11204	replicate-2
ha	1693	11228	replicate-2
ha	1694	10816	replicate-2
ha	1695	11022	replicate-2
ha	1696	10994	replicate-2
ha	1697	10989	replicate-2
ha	1698	11113	replicate-2
ha	1699	11050	replicate-2
ha	1700	11031	replicate-2
ha	1701	11032	replicate-2
ha	1702	10924	replicate-2
ha	1703	10942	replicate-2
ha	1704	10844	replicate-2
ha	1705	10764	replicate-2
ha	1706	10760	replicate-2
ha	1707	10608	replicate-2
ha	1708	10592	replicate-2
ha	1709	10771	replicate-2
ha	1710	10790	replicate-2
ha	1711	10808	replicate-2
ha	1712	10791	replicate-2
ha	1713	9856	replicate-2
ha	1714	9994	replicate-2
ha	1715	9831	replicate-2
ha	1716	9842	replicate-2
ha	1717	9844	replicate-2
ha	1718	9476	replicate-2
ha	1719	9529	replicate-2
ha	1720	9493	replicate-2
ha	1721	9471	replicate-2
ha	1722	9443	replicate-2
ha	1723	8820	replicate-2
ha	1724	8773	replicate-2
ha	1725	8770	replicate-2
ha	1726	8764	replicate-2
ha	1727	8733	replicate-2
ha	1728	8456	replicate-2
ha	1729	8380	replicate-2
ha	1730	8352	replicate-2
ha	1731	8295	replicate-2
ha	1732	8290	replicate-2
ha	1733	8278	replicate-2
ha	1734	8126	replicate-2
ha	1735	8039	replicate-2
ha	1736	7987	replicate-2
ha	1737	7967	replicate-2
ha	1738	7943	replicate-2
ha	1739	7922	replicate-2
ha	1740	7619	replicate-2
ha	1741	7585	replicate-2
ha	1742	7545	replicate-2
ha	1743	7507	replicate-2
ha	1744	7500	replicate-2
ha	1745	7386	replicate-2
ha	1746	7384	replicate-2
ha	1747	7362	replicate-2
ha	1748	7343	replicate-2
ha	1749	7252	replicate-2
ha	1750	6999	replicate-2
ha	1751	6836	replicate-2
ha	1752	6741	replicate-2
ha	1753	6663	replicate-2
ha	1754	6397	replicate-2
ha	1755	5823	replicate-2
ha	1756	5785	replicate-2
ha	1757	5728	replicate-2
ha	1758	5696	replicate-2
ha	1759	5411	replicate-2
ha	1760	5339	replicate-2
ha	1761	5307	replicate-2
ha	1762	4729	replicate-2
ha	1763	4699	replicate-2
ha	1764	4574	replicate-2
ha	1765	4523	replicate-2
ha	1766	4463	replicate-2
ha	1767	4402	replicate-2
ha	1768	4388	replicate-2
ha	1769	4293	replicate-2
ha	1770	4225	replicate-2
ha	1771	4177	replicate-2
ha	1772	3124	replicate-2
ha	1773	3008	replicate-2
ha	1774	2901	replicate-2
ha	1775	2880	replicate-2
ha	1776	560	replicate-2
mp	1	63	replicate-2
mp	2	74	replicate-2
mp	3	75	replicate-2
mp	4	75	replicate-2
mp	5	83	replicate-2
mp	6	86	replicate-2
mp	7	97	replicate-2
mp	8	101	replicate-2
mp	9	106	replicate-2
mp	10	106	replicate-2
mp	11	129	replicate-2
mp	12	131	replicate-2
mp	13	131	replicate-2
mp	14	132	replicate-2
mp	15	132	replicate-2
mp	16	134	replicate-2
mp	17	136	replicate-2
mp	18	142	replicate-2
mp	19	144	replicate-2
mp	20	147	replicate-2
mp	21	150	replicate-2
mp	22	150	replicate-2
mp	23	154	replicate-2
mp	24	157	replicate-2
mp	25	160	replicate-2
mp	26	162	replicate-2
mp	27	164	replicate-2
mp	28	166	replicate-2
mp	29	167	replicate-2
mp	30	182	replicate-2
mp	31	187	replicate-2
mp	32	199	replicate-2
mp	33	213	replicate-2
mp	34	217	replicate-2
mp	35	219	replicate-2
mp	36	219	replicate-2
mp	37	224	replicate-2
mp	38	225	replicate-2
mp	39	225	replicate-2
mp	40	225	replicate-2
mp	41	225	replicate-2
mp	42	225	replicate-2
mp	43	230	replicate-2
mp	44	238	replicate-2
mp	45	238	replicate-2
mp	46	239	replicate-2
mp	47	239	replicate-2
mp	48	242	replicate-2
mp	49	242	replicate-2
mp	50	245	replicate-2
mp	51	251	replicate-2
mp	52	252	replicate-2
mp	53	254	replicate-2
mp	54	254	replicate-2
mp	55	256	replicate-2
mp	56	262	replicate-2
mp	57	263	replicate-2
mp	58	271	replicate-2
mp	59	278	replicate-2
mp	60	274	replicate-2
mp	61	284	replicate-2
mp	62	284	replicate-2
mp	63	293	replicate-2
mp	64	293	replicate-2
mp	65	294	replicate-2
mp	66	294	replicate-2
mp	67	294	replicate-2
mp	68	295	replicate-2
mp	69	292	replicate-2
mp	70	291	replicate-2
mp	71	295	replicate-2
mp	72	291	replicate-2
mp	73	292	replicate-2
mp	74	292	replicate-2
mp	75	294	replicate-2
mp	76	294	replicate-2
mp	77	298	replicate-2
mp	78	299	replicate-2
mp	79	297	replicate-2
mp	80	300	replicate-2
mp	81	302	replicate-2
mp	82	314	replicate-2
mp	83	315	replicate-2
mp	84	314	replicate-2
mp	85	315	replicate-2
mp	86	314	replicate-2
mp	87	313	replicate-2
mp	88	314	replicate-2
mp	89	319	replicate-2
mp	90	318	replicate-2
mp	91	318	replicate-2
mp	92	316	replicate-2
mp	93	320	replicate-2
mp	94	318	replicate-2
mp	95	318	replicate-2
mp	96	318	replicate-2
mp	97	317	replicate-2
mp	98	318	replicate-2
mp	99	320	replicate-2
mp	100	320	replicate-2
mp	101	324	replicate-2
mp	102	323	replicate-2
mp	103	323	replicate-2
mp	104	322	replicate-2
mp	105	340	replicate-2
mp	106	337	replicate-2
mp	107	341	replicate-2
mp	108	341	replicate-2
mp	109	339	replicate-2
mp	110	345	replicate-2
mp	111	344	replicate-2
mp	112	342	replicate-2
mp	113	342	replicate-2
mp	114	327	replicate-2
mp	115	329	replicate-2
mp	116	327	replicate-2
mp	117	330	replicate-2
mp	118	331	replicate-2
mp	119	325	replicate-2
mp	120	325	replicate-2
mp	121	333	replicate-2
mp	122	340	replicate-2
mp	123	340	replicate-2
mp	124	339	replicate-2
mp	125	343	replicate-2
mp	126	343	replicate-2
mp	127	355	replicate-2
mp	128	356	replicate-2
mp	129	353	replicate-2
mp	130	355	replicate-2
mp	131	349	replicate-2
mp	132	348	replicate-2
mp	133	351	replicate-2
mp	134	338	replicate-2
mp	135	346	replicate-2
mp	136	335	replicate-2
mp	137	339	replicate-2
mp	138	340	replicate-2
mp	139	341	replicate-2
mp	140	343	replicate-2
mp	141	339	replicate-2
mp	142	339	replicate-2
mp	143	339	replicate-2
mp	144	341	replicate-2
mp	145	342	replicate-2
mp	146	345	replicate-2
mp	147	345	replicate-2
mp	148	346	replicate-2
mp	149	349	replicate-2
mp	150	351	replicate-2
mp	151	353	replicate-2
mp	152	354	replicate-2
mp	153	350	replicate-2
mp	154	348	replicate-2
mp	155	350	replicate-2
mp	156	348	replicate-2
mp	157	351	replicate-2
mp	158	326	replicate-2
mp	159	335	replicate-2
mp	160	340	replicate-2
mp	161	338	replicate-2
mp	162	340	replicate-2
mp	163	345	replicate-2
mp	164	344	replicate-2
mp	165	348	replicate-2
mp	166	352	replicate-2
mp	167	352	replicate-2
mp	168	348	replicate-2
mp	169	338	replicate-2
mp	170	336	replicate-2
mp	171	343	replicate-2
mp	172	344	replicate-2
mp	173	346	replicate-2
mp	174	336	replicate-2
mp	175	326	replicate-2
mp	176	325	replicate-2
mp	177	325	replicate-2
mp	178	334	replicate-2
mp	179	325	replicate-2
mp	180	327	replicate-2
mp	181	333	replicate-2
mp	182	333	replicate-2
mp	183	331	replicate-2
mp	184	329	replicate-2
mp	185	332	replicate-2
mp	186	331	replicate-2
mp	187	329	replicate-2
mp	188	331	replicate-2
mp	189	330	replicate-2
mp	190	339	replicate-2
mp	191	335	replicate-2
mp	192	336	replicate-2
mp	193	333	replicate-2
mp	194	325	replicate-2
mp	195	325	replicate-2
mp	196	326	replicate-2
mp	197	328	replicate-2
mp	198	328	replicate-2
mp	199	328	replicate-2
mp	200	329	replicate-2
mp	201	333	replicate-2
mp	202	333	replicate-2
mp	203	335	replicate-2
mp	204	334	replicate-2
mp	205	335	replicate-2
mp	206	340	replicate-2
mp	207	340	replicate-2
mp	208	341	replicate-2
mp	209	340	replicate-2
mp	210	338	replicate-2
mp	211	339	replicate-2
mp	212	347	replicate-2
mp	213	347	replicate-2
mp	214	352	replicate-2
mp	215	352	replicate-2
mp	216	352	replicate-2
mp	217	354	replicate-2
mp	218	352	replicate-2
mp	219	354	replicate-2
mp	220	354	replicate-2
mp	221	351	replicate-2
mp	222	350	replicate-2
mp	223	352	replicate-2
mp	224	353	replicate-2
mp	225	356	replicate-2
mp	226	352	replicate-2
mp	227	353	replicate-2
mp	228	350	replicate-2
mp	229	351	replicate-2
mp	230	351	replicate-2
mp	231	350	replicate-2
mp	232	347	replicate-2
mp	233	343	replicate-2
mp	234	343	replicate-2
mp	235	343	replicate-2
mp	236	345	replicate-2
mp	237	347	replicate-2
mp	238	350	replicate-2
mp	239	349	replicate-2
mp	240	350	replicate-2
mp	241	350	replicate-2
mp	242	355	replicate-2
mp	243	358	replicate-2
mp	244	352	replicate-2
mp	245	360	replicate-2
mp	246	353	replicate-2
mp	247	355	replicate-2
mp	248	353	replicate-2
mp	249	348	replicate-2
mp	250	353	replicate-2
mp	251	354	replicate-2
mp	252	357	replicate-2
mp	253	357	replicate-2
mp	254	351	replicate-2
mp	255	351	replicate-2
mp	256	351	replicate-2
mp	257	351	replicate-2
mp	258	352	replicate-2
mp	259	348	replicate-2
mp	260	343	replicate-2
mp	261	340	replicate-2
mp	262	338	replicate-2
mp	263	344	replicate-2
mp	264	346	replicate-2
mp	265	344	replicate-2
mp	266	343	replicate-2
mp	267	342	replicate-2
mp	268	343	replicate-2
mp	269	345	replicate-2
mp	270	342	replicate-2
mp	271	343	replicate-2
mp	272	327	replicate-2
mp	273	325	replicate-2
mp	274	329	replicate-2
mp	275	336	replicate-2
mp	276	336	replicate-2
mp	277	339	replicate-2
mp	278	338	replicate-2
mp	279	340	replicate-2
mp	280	345	replicate-2
mp	281	342	replicate-2
mp	282	340	replicate-2
mp	283	337	replicate-2
mp	284	339	replicate-2
mp	285	338	replicate-2
mp	286	324	replicate-2
mp	287	326	replicate-2
mp	288	326	replicate-2
mp	289	318	replicate-2
mp	290	323	replicate-2
mp	291	320	replicate-2
mp	292	330	replicate-2
mp	293	329	replicate-2
mp	294	327	replicate-2
mp	295	326	replicate-2
mp	296	324	replicate-2
mp	297	323	replicate-2
mp	298	344	replicate-2
mp	299	348	replicate-2
mp	300	351	replicate-2
mp	301	349	replicate-2
mp	302	344	replicate-2
mp	303	343	replicate-2
mp	304	344	replicate-2
mp	305	344	replicate-2
mp	306	342	replicate-2
mp	307	343	replicate-2
mp	308	316	replicate-2
mp	309	322	replicate-2
mp	310	319	replicate-2
mp	311	317	replicate-2
mp	312	319	replicate-2
mp	313	306	replicate-2
mp	314	310	replicate-2
mp	315	310	replicate-2
mp	316	313	replicate-2
mp	317	318	replicate-2
mp	318	318	replicate-2
mp	319	321	replicate-2
mp	320	320	replicate-2
mp	321	319	replicate-2
mp	322	331	replicate-2
mp	323	329	replicate-2
mp	324	327	replicate-2
mp	325	327	replicate-2
mp	326	326	replicate-2
mp	327	324	replicate-2
mp	328	326	replicate-2
mp	329	336	replicate-2
mp	330	334	replicate-2
mp	331	323	replicate-2
mp	332	322	replicate-2
mp	333	322	replicate-2
mp	334	322	replicate-2
mp	335	320	replicate-2
mp	336	315	replicate-2
mp	337	315	replicate-2
mp	338	302	replicate-2
mp	339	313	replicate-2
mp	340	317	replicate-2
mp	341	323	replicate-2
mp	342	334	replicate-2
mp	343	350	replicate-2
mp	344	362	replicate-2
mp	345	363	replicate-2
mp	346	361	replicate-2
mp	347	375	replicate-2
mp	348	377	replicate-2
mp	349	376	replicate-2
mp	350	372	replicate-2
mp	351	363	replicate-2
mp	352	378	replicate-2
mp	353	371	replicate-2
mp	354	371	replicate-2
mp	355	372	replicate-2
mp	356	365	replicate-2
mp	357	371	replicate-2
mp	358	373	replicate-2
mp	359	375	replicate-2
mp	360	375	replicate-2
mp	361	375	replicate-2
mp	362	375	replicate-2
mp	363	378	replicate-2
mp	364	380	replicate-2
mp	365	380	replicate-2
mp	366	380	replicate-2
mp	367	377	replicate-2
mp	368	383	replicate-2
mp	369	381	replicate-2
mp	370	381	replicate-2
mp	371	380	replicate-2
mp	372	379	replicate-2
mp	373	375	replicate-2
mp	374	380	replicate-2
mp	375	375	replicate-2
mp	376	395	replicate-2
mp	377	394	replicate-2
mp	378	402	replicate-2
mp	379	403	replicate-2
mp	380	406	replicate-2
mp	381	408	replicate-2
mp	382	413	replicate-2
mp	383	412	replicate-2
mp	384	411	replicate-2
mp	385	404	replicate-2
mp	386	404	replicate-2
mp	387	410	replicate-2
mp	388	401	replicate-2
mp	389	402	replicate-2
mp	390	410	replicate-2
mp	391	409	replicate-2
mp	392	410	replicate-2
mp	393	408	replicate-2
mp	394	403	replicate-2
mp	395	404	replicate-2
mp	396	396	replicate-2
mp	397	410	replicate-2
mp	398	411	replicate-2
mp	399	408	replicate-2
mp	400	408	replicate-2
mp	401	405	replicate-2
mp	402	421	replicate-2
mp	403	421	replicate-2
mp	404	419	replicate-2
mp	405	426	replicate-2
mp	406	422	replicate-2
mp	407	422	replicate-2
mp	408	422	replicate-2
mp	409	426	replicate-2
mp	410	441	replicate-2
mp	411	451	replicate-2
mp	412	449	replicate-2
mp	413	480	replicate-2
mp	414	473	replicate-2
mp	415	487	replicate-2
mp	416	509	replicate-2
mp	417	510	replicate-2
mp	418	520	replicate-2
mp	419	510	replicate-2
mp	420	503	replicate-2
mp	421	526	replicate-2
mp	422	515	replicate-2
mp	423	516	replicate-2
mp	424	515	replicate-2
mp	425	489	replicate-2
mp	426	505	replicate-2
mp	427	509	replicate-2
mp	428	512	replicate-2
mp	429	512	replicate-2
mp	430	501	replicate-2
mp	431	502	replicate-2
mp	432	512	replicate-2
mp	433	517	replicate-2
mp	434	519	replicate-2
mp	435	509	replicate-2
mp	436	508	replicate-2
mp	437	512	replicate-2
mp	438	514	replicate-2
mp	439	519	replicate-2
mp	440	514	replicate-2
mp	441	515	replicate-2
mp	442	512	replicate-2
mp	443	511	replicate-2
mp	444	512	replicate-2
mp	445	511	replicate-2
mp	446	515	replicate-2
mp	447	517	replicate-2
mp	448	516	replicate-2
mp	449	507	replicate-2
mp	450	493	replicate-2
mp	451	498	replicate-2
mp	452	516	replicate-2
mp	453	517	replicate-2
mp	454	519	replicate-2
mp	455	516	replicate-2
mp	456	515	replicate-2
mp	457	520	replicate-2
mp	458	547	replicate-2
mp	459	548	replicate-2
mp	460	547	replicate-2
mp	461	536	replicate-2
mp	462	535	replicate-2
mp	463	544	replicate-2
mp	464	551	replicate-2
mp	465	549	replicate-2
mp	466	555	replicate-2
mp	467	521	replicate-2
mp	468	529	replicate-2
mp	469	529	replicate-2
mp	470	529	replicate-2
mp	471	534	replicate-2
mp	472	527	replicate-2
mp	473	523	replicate-2
mp	474	527	replicate-2
mp	475	526	replicate-2
mp	476	518	replicate-2
mp	477	520	replicate-2
mp	478	509	replicate-2
mp	479	507	replicate-2
mp	480	505	replicate-2
mp	481	508	replicate-2
mp	482	514	replicate-2
mp	483	497	replicate-2
mp	484	502	replicate-2
mp	485	499	replicate-2
mp	486	496	replicate-2
mp	487	497	replicate-2
mp	488	499	replicate-2
mp	489	499	replicate-2
mp	490	494	replicate-2
mp	491	490	replicate-2
mp	492	486	replicate-2
mp	493	481	replicate-2
mp	494	482	replicate-2
mp	495	479	replicate-2
mp	496	474	replicate-2
mp	497	475	replicate-2
mp	498	471	replicate-2
mp	499	473	replicate-2
mp	500	471	replicate-2
mp	501	472	replicate-2
mp	502	472	replicate-2
mp	503	468	replicate-2
mp	504	468	replicate-2
mp	505	474	replicate-2
mp	506	475	replicate-2
mp	507	483	replicate-2
mp	508	480	replicate-2
mp	509	484	replicate-2
mp	510	484	replicate-2
mp	511	489	replicate-2
mp	512	485	replicate-2
mp	513	498	replicate-2
mp	514	486	replicate-2
mp	515	492	replicate-2
mp	516	488	replicate-2
mp	517	497	replicate-2
mp	518	494	replicate-2
mp	519	494	replicate-2
mp	520	487	replicate-2
mp	521	487	replicate-2
mp	522	486	replicate-2
mp	523	486	replicate-2
mp	524	484	replicate-2
mp	525	484	replicate-2
mp	526	471	replicate-2
mp	527	452	replicate-2
mp	528	457	replicate-2
mp	529	455	replicate-2
mp	530	425	replicate-2
mp	531	426	replicate-2
mp	532	422	replicate-2
mp	533	402	replicate-2
mp	534	396	replicate-2
mp	535	402	replicate-2
mp	536	408	replicate-2
mp	537	407	replicate-2
mp	538	398	replicate-2
mp	539	401	replicate-2
mp	540	402	replicate-2
mp	541	416	replicate-2
mp	542	416	replicate-2
mp	543	412	replicate-2
mp	544	407	replicate-2
mp	545	395	replicate-2
mp	546	393	replicate-2
mp	547	393	replicate-2
mp	548	395	replicate-2
mp	549	396	replicate-2
mp	550	392	replicate-2
mp	551	391	replicate-2
mp	552	391	replicate-2
mp	553	391	replicate-2
mp	554	389	replicate-2
mp	555	391	replicate-2
mp	556	396	replicate-2
mp	557	389	replicate-2
mp	558	400	replicate-2
mp	559	401	replicate-2
mp	560	406	replicate-2
mp	561	407	replicate-2
mp	562	406	replicate-2
mp	563	425	replicate-2
mp	564	419	replicate-2
mp	565	416	replicate-2
mp	566	414	replicate-2
mp	567	399	replicate-2
mp	568	404	replicate-2
mp	569	403	replicate-2
mp	570	407	replicate-2
mp	571	403	replicate-2
mp	572	386	replicate-2
mp	573	431	replicate-2
mp	574	434	replicate-2
mp	575	434	replicate-2
mp	576	434	replicate-2
mp	577	419	replicate-2
mp	578	418	replicate-2
mp	579	427	replicate-2
mp	580	433	replicate-2
mp	581	443	replicate-2
mp	582	419	replicate-2
mp	583	412	replicate-2
mp	584	410	replicate-2
mp	585	410	replicate-2
mp	586	422	replicate-2
mp	587	427	replicate-2
mp	588	429	replicate-2
mp	589	419	replicate-2
mp	590	424	replicate-2
mp	591	423	replicate-2
mp	592	421	replicate-2
mp	593	427	replicate-2
mp	594	423	replicate-2
mp	595	429	replicate-2
mp	596	425	replicate-2
mp	597	419	replicate-2
mp	598	420	replicate-2
mp	599	417	replicate-2
mp	600	431	replicate-2
mp	601	431	replicate-2
mp	602	432	replicate-2
mp	603	433	replicate-2
mp	604	433	replicate-2
mp	605	435	replicate-2
mp	606	438	replicate-2
mp	607	434	replicate-2
mp	608	434	replicate-2
mp	609	422	replicate-2
mp	610	425	replicate-2
mp	611	424	replicate-2
mp	612	426	replicate-2
mp	613	427	replicate-2
mp	614	436	replicate-2
mp	615	436	replicate-2
mp	616	438	replicate-2
mp	617	437	replicate-2
mp	618	437	replicate-2
mp	619	436	replicate-2
mp	620	438	replicate-2
mp	621	444	replicate-2
mp	622	440	replicate-2
mp	623	452	replicate-2
mp	624	447	replicate-2
mp	625	448	replicate-2
mp	626	448	replicate-2
mp	627	446	replicate-2
mp	628	447	replicate-2
mp	629	451	replicate-2
mp	630	464	replicate-2
mp	631	461	replicate-2
mp	632	449	replicate-2
mp	633	450	replicate-2
mp	634	449	replicate-2
mp	635	444	replicate-2
mp	636	430	replicate-2
mp	637	434	replicate-2
mp	638	433	replicate-2
mp	639	417	replicate-2
mp	640	422	replicate-2
mp	641	427	replicate-2
mp	642	427	replicate-2
mp	643	429	replicate-2
mp	644	439	replicate-2
mp	645	439	replicate-2
mp	646	438	replicate-2
mp	647	438	replicate-2
mp	648	436	replicate-2
mp	649	451	replicate-2
mp	650	454	replicate-2
mp	651	454	replicate-2
mp	652	452	replicate-2
mp	653	447	replicate-2
mp	654	452	replicate-2
mp	655	452	replicate-2
mp	656	450	replicate-2
mp	657	431	replicate-2
mp	658	428	replicate-2
mp	659	422	replicate-2
mp	660	420	replicate-2
mp	661	426	replicate-2
mp	662	440	replicate-2
mp	663	437	replicate-2
mp	664	439	replicate-2
mp	665	440	replicate-2
mp	666	439	replicate-2
mp	667	444	replicate-2
mp	668	442	replicate-2
mp	669	443	replicate-2
mp	670	443	replicate-2
mp	671	433	replicate-2
mp	672	433	replicate-2
mp	673	434	replicate-2
mp	674	434	replicate-2
mp	675	435	replicate-2
mp	676	434	replicate-2
mp	677	427	replicate-2
mp	678	434	replicate-2
mp	679	433	replicate-2
mp	680	429	replicate-2
mp	681	436	replicate-2
mp	682	435	replicate-2
mp	683	435	replicate-2
mp	684	439	replicate-2
mp	685	430	replicate-2
mp	686	429	replicate-2
mp	687	419	replicate-2
mp	688	401	replicate-2
mp	689	407	replicate-2
mp	690	406	replicate-2
mp	691	420	replicate-2
mp	692	422	replicate-2
mp	693	416	replicate-2
mp	694	414	replicate-2
mp	695	414	replicate-2
mp	696	414	replicate-2
mp	697	420	replicate-2
mp	698	418	replicate-2
mp	699	419	replicate-2
mp	700	416	replicate-2
mp	701	409	replicate-2
mp	702	413	replicate-2
mp	703	415	replicate-2
mp	704	414	replicate-2
mp	705	413	replicate-2
mp	706	400	replicate-2
mp	707	406	replicate-2
mp	708	415	replicate-2
mp	709	414	replicate-2
mp	710	416	replicate-2
mp	711	410	replicate-2
mp	712	412	replicate-2
mp	713	408	replicate-2
mp	714	405	replicate-2
mp	715	406	replicate-2
mp	716	399	replicate-2
mp	717	384	replicate-2
mp	718	377	replicate-2
mp	719	374	replicate-2
mp	720	371	replicate-2
mp	721	363	replicate-2
mp	722	357	replicate-2
mp	723	354	replicate-2
mp	724	360	replicate-2
mp	725	356	replicate-2
mp	726	356	replicate-2
mp	727	355	replicate-2
mp	728	354	replicate-2
mp	729	350	replicate-2
mp	730	344	replicate-2
mp	731	342	replicate-2
mp	732	339	replicate-2
mp	733	337	replicate-2
mp	734	343	replicate-2
mp	735	343	replicate-2
mp	736	342	replicate-2
mp	737	341	replicate-2
mp	738	339	replicate-2
mp	739	337	replicate-2
mp	740	337	replicate-2
mp	741	337	replicate-2
mp	742	334	replicate-2
mp	743	336	replicate-2
mp	744	344	replicate-2
mp	745	349	replicate-2
mp	746	353	replicate-2
mp	747	351	replicate-2
mp	748	351	replicate-2
mp	749	350	replicate-2
mp	750	350	replicate-2
mp	751	350	replicate-2
mp	752	352	replicate-2
mp	753	352	replicate-2
mp	754	348	replicate-2
mp	755	349	replicate-2
mp	756	350	replicate-2
mp	757	349	replicate-2
mp	758	358	replicate-2
mp	759	361	replicate-2
mp	760	352	replicate-2
mp	761	353	replicate-2
mp	762	348	replicate-2
mp	763	350	replicate-2
mp	764	354	replicate-2
mp	765	355	replicate-2
mp	766	356	replicate-2
mp	767	355	replicate-2
mp	768	351	replicate-2
mp	769	354	replicate-2
mp	770	352	replicate-2
mp	771	348	replicate-2
mp	772	348	replicate-2
mp	773	337	replicate-2
mp	774	339	replicate-2
mp	775	347	replicate-2
mp	776	348	replicate-2
mp	777	347	replicate-2
mp	778	349	replicate-2
mp	779	347	replicate-2
mp	780	343	replicate-2
mp	781	337	replicate-2
mp	782	336	replicate-2
mp	783	338	replicate-2
mp	784	336	replicate-2
mp	785	335	replicate-2
mp	786	335	replicate-2
mp	787	333	replicate-2
mp	788	330	replicate-2
mp	789	332	replicate-2
mp	790	330	replicate-2
mp	791	340	replicate-2
mp	792	340	replicate-2
mp	793	336	replicate-2
mp	794	333	replicate-2
mp	795	323	replicate-2
mp	796	323	replicate-2
mp	797	320	replicate-2
mp	798	316	replicate-2
mp	799	310	replicate-2
mp	800	302	replicate-2
mp	801	304	replicate-2
mp	802	305	replicate-2
mp	803	306	replicate-2
mp	804	303	replicate-2
mp	805	303	replicate-2
mp	806	304	replicate-2
mp	807	305	replicate-2
mp	808	303	replicate-2
mp	809	305	replicate-2
mp	810	305	replicate-2
mp	811	304	replicate-2
mp	812	304	replicate-2
mp	813	299	replicate-2
mp	814	294	replicate-2
mp	815	291	replicate-2
mp	816	300	replicate-2
mp	817	300	replicate-2
mp	818	288	replicate-2
mp	819	288	replicate-2
mp	820	289	replicate-2
mp	821	292	replicate-2
mp	822	289	replicate-2
mp	823	290	replicate-2
mp	824	290	replicate-2
mp	825	285	replicate-2
mp	826	285	replicate-2
mp	827	284	replicate-2
mp	828	291	replicate-2
mp	829	290	replicate-2
mp	830	286	replicate-2
mp	831	288	replicate-2
mp	832	280	replicate-2
mp	833	281	replicate-2
mp	834	275	replicate-2
mp	835	276	replicate-2
mp	836	279	replicate-2
mp	837	273	replicate-2
mp	838	280	replicate-2
mp	839	281	replicate-2
mp	840	274	replicate-2
mp	841	274	replicate-2
mp	842	271	replicate-2
mp	843	271	replicate-2
mp	844	270	replicate-2
mp	845	271	replicate-2
mp	846	268	replicate-2
mp	847	261	replicate-2
mp	848	263	replicate-2
mp	849	266	replicate-2
mp	850	263	replicate-2
mp	851	263	replicate-2
mp	852	264	replicate-2
mp	853	264	replicate-2
mp	854	269	replicate-2
mp	855	269	replicate-2
mp	856	269	replicate-2
mp	857	269	replicate-2
mp	858	254	replicate-2
mp	859	255	replicate-2
mp	860	254	replicate-2
mp	861	251	replicate-2
mp	862	255	replicate-2
mp	863	258	replicate-2
mp	864	259	replicate-2
mp	865	255	replicate-2
mp	866	257	replicate-2
mp	867	260	replicate-2
mp	868	260	replicate-2
mp	869	261	replicate-2
mp	870	258	replicate-2
mp	871	256	replicate-2
mp	872	251	replicate-2
mp	873	246	replicate-2
mp	874	247	replicate-2
mp	875	254	replicate-2
mp	876	263	replicate-2
mp	877	263	replicate-2
mp	878	265	replicate-2
mp	879	265	replicate-2
mp	880	265	replicate-2
mp	881	267	replicate-2
mp	882	267	replicate-2
mp	883	264	replicate-2
mp	884	261	replicate-2
mp	885	259	replicate-2
mp	886	266	replicate-2
mp	887	265	replicate-2
mp	888	271	replicate-2
mp	889	277	replicate-2
mp	890	280	replicate-2
mp	891	279	replicate-2
mp	892	280	replicate-2
mp	893	281	replicate-2
mp	894	281	replicate-2
mp	895	281	replicate-2
mp	896	265	replicate-2
mp	897	266	replicate-2
mp	898	266	replicate-2
mp	899	269	replicate-2
mp	900	269	replicate-2
mp	901	268	replicate-2
mp	902	269	replicate-2
mp	903	271	replicate-2
mp	904	273	replicate-2
mp	905	271	replicate-2
mp	906	268	replicate-2
mp	907	269	replicate-2
mp	908	263	replicate-2
mp	909	264	replicate-2
mp	910	259	replicate-2
mp	911	259	replicate-2
mp	912	257	replicate-2
mp	913	261	replicate-2
mp	914	257	replicate-2
mp	915	258	replicate-2
mp	916	257	replicate-2
mp	917	258	replicate-2
mp	918	257	replicate-2
mp	919	255	replicate-2
mp	920	253	replicate-2
mp	921	257	replicate-2
mp	922	248	replicate-2
mp	923	250	replicate-2
mp	924	243	replicate-2
mp	925	244	replicate-2
mp	926	241	replicate-2
mp	927	238	replicate-2
mp	928	238	replicate-2
mp	929	238	replicate-2
mp	930	236	replicate-2
mp	931	238	replicate-2
mp	932	228	replicate-2
mp	933	226	replicate-2
mp	934	226	replicate-2
mp	935	222	replicate-2
mp	936	222	replicate-2
mp	937	218	replicate-2
mp	938	218	replicate-2
mp	939	210	replicate-2
mp	940	206	replicate-2
mp	941	204	replicate-2
mp	942	201	replicate-2
mp	943	199	replicate-2
mp	944	199	replicate-2
mp	945	194	replicate-2
mp	946	194	replicate-2
mp	947	194	replicate-2
mp	948	197	replicate-2
mp	949	197	replicate-2
mp	950	198	replicate-2
mp	951	197	replicate-2
mp	952	193	replicate-2
mp	953	192	replicate-2
mp	954	192	replicate-2
mp	955	194	replicate-2
mp	956	193	replicate-2
mp	957	183	replicate-2
mp	958	183	replicate-2
mp	959	182	replicate-2
mp	960	182	replicate-2
mp	961	181	replicate-2
mp	962	174	replicate-2
mp	963	174	replicate-2
mp	964	172	replicate-2
mp	965	171	replicate-2
mp	966	171	replicate-2
mp	967	159	replicate-2
mp	968	158	replicate-2
mp	969	150	replicate-2
mp	970	144	replicate-2
mp	971	142	replicate-2
mp	972	140	replicate-2
mp	973	140	replicate-2
mp	974	137	replicate-2
mp	975	134	replicate-2
mp	976	133	replicate-2
mp	977	134	replicate-2
mp	978	132	replicate-2
mp	979	132	replicate-2
mp	980	132	replicate-2
mp	981	132	replicate-2
mp	982	130	replicate-2
mp	983	130	replicate-2
mp	984	130	replicate-2
mp	985	128	replicate-2
mp	986	128	replicate-2
mp	987	128	replicate-2
mp	988	122	replicate-2
mp	989	120	replicate-2
mp	990	120	replicate-2
mp	991	120	replicate-2
mp	992	120	replicate-2
mp	993	119	replicate-2
mp	994	119	replicate-2
mp	995	103	replicate-2
mp	996	102	replicate-2
mp	997	99	replicate-2
mp	998	98	replicate-2
mp	999	96	replicate-2
mp	1000	78	replicate-2
mp	1001	76	replicate-2
mp	1002	76	replicate-2
mp	1003	76	replicate-2
mp	1004	76	replicate-2
mp	1005	70	replicate-2
mp	1006	70	replicate-2
mp	1007	70	replicate-2
mp	1008	70	replicate-2
mp	1009	70	replicate-2
mp	1010	60	replicate-2
mp	1011	55	replicate-2
mp	1012	55	replicate-2
mp	1013	49	replicate-2
mp	1014	48	replicate-2
mp	1015	48	replicate-2
mp	1016	48	replicate-2
mp	1017	48	replicate-2
mp	1018	45	replicate-2
mp	1019	44	replicate-2
mp	1020	43	replicate-2
mp	1021	41	replicate-2
mp	1022	38	replicate-2
mp	1023	31	replicate-2
mp	1024	28	replicate-2
mp	1025	28	replicate-2
mp	1026	27	replicate-2
mp	1027	13	replicate-2
np	1	1378	replicate-2
np	2	1734	replicate-2
np	3	1742	replicate-2
np	4	1743	replicate-2
np	5	1942	replicate-2
np	6	2019	replicate-2
np	7	2025	replicate-2
np	8	2038	replicate-2
np	9	2059	replicate-2
np	10	2065	replicate-2
np	11	2193	replicate-2
np	12	2202	replicate-2
np	13	2357	replicate-2
np	14	2360	replicate-2
np	15	2388	replicate-2
np	16	2561	replicate-2
np	17	2601	replicate-2
np	18	2678	replicate-2
np	19	2729	replicate-2
np	20	3037	replicate-2
np	21	3056	replicate-2
np	22	3222	replicate-2
np	23	3257	replicate-2
np	24	3420	replicate-2
np	25	3432	replicate-2
np	26	3488	replicate-2
np	27	3513	replicate-2
np	28	3586	replicate-2
np	29	3683	replicate-2
np	30	3768	replicate-2
np	31	3773	replicate-2
np	32	3853	replicate-2
np	33	3870	replicate-2
np	34	3916	replicate-2
np	35	3943	replicate-2
np	36	4056	replicate-2
np	37	4114	replicate-2
np	38	4132	replicate-2
np	39	4201	replicate-2
np	40	4230	replicate-2
np	41	4280	replicate-2
np	42	4448	replicate-2
np	43	4465	replicate-2
np	44	4486	replicate-2
np	45	4498	replicate-2
np	46	4517	replicate-2
np	47	4531	replicate-2
np	48	4532	replicate-2
np	49	4551	replicate-2
np	50	4557	replicate-2
np	51	4576	replicate-2
np	52	4633	replicate-2
np	53	4710	replicate-2
np	54	4711	replicate-2
np	55	4728	replicate-2
np	56	4726	replicate-2
np	57	4721	replicate-2
np	58	4729	replicate-2
np	59	4814	replicate-2
np	60	4810	replicate-2
np	61	4744	replicate-2
np	62	4770	replicate-2
np	63	4749	replicate-2
np	64	4762	replicate-2
np	65	4646	replicate-2
np	66	4641	replicate-2
np	67	4657	replicate-2
np	68	4626	replicate-2
np	69	4646	replicate-2
np	70	4633	replicate-2
np	71	4788	replicate-2
np	72	4840	replicate-2
np	73	4820	replicate-2
np	74	4838	replicate-2
np	75	4838	replicate-2
np	76	4907	replicate-2
np	77	4914	replicate-2
np	78	4885	replicate-2
np	79	4908	replicate-2
np	80	4858	replicate-2
np	81	4982	replicate-2
np	82	5017	replicate-2
np	83	5029	replicate-2
np	84	5048	replicate-2
np	85	5050	replicate-2
np	86	5032	replicate-2
np	87	5065	replicate-2
np	88	5119	replicate-2
np	89	5215	replicate-2
np	90	5166	replicate-2
np	91	5194	replicate-2
np	92	5208	replicate-2
np	93	5191	replicate-2
np	94	5221	replicate-2
np	95	5250	replicate-2
np	96	5247	replicate-2
np	97	5256	replicate-2
np	98	5195	replicate-2
np	99	5191	replicate-2
np	100	5208	replicate-2
np	101	5205	replicate-2
np	102	5250	replicate-2
np	103	5253	replicate-2
np	104	5236	replicate-2
np	105	5251	replicate-2
np	106	5252	replicate-2
np	107	5263	replicate-2
np	108	5254	replicate-2
np	109	5199	replicate-2
np	110	5217	replicate-2
np	111	5196	replicate-2
np	112	5245	replicate-2
np	113	5259	replicate-2
np	114	5252	replicate-2
np	115	5289	replicate-2
np	116	5274	replicate-2
np	117	5329	replicate-2
np	118	5324	replicate-2
np	119	5305	replicate-2
np	120	5317	replicate-2
np	121	5240	replicate-2
np	122	5276	replicate-2
np	123	5281	replicate-2
np	124	5285	replicate-2
np	125	5299	replicate-2
np	126	5260	replicate-2
np	127	5274	replicate-2
np	128	5327	replicate-2
np	129	5322	replicate-2
np	130	5392	replicate-2
np	131	5329	replicate-2
np	132	5322	replicate-2
np	133	5319	replicate-2
np	134	5347	replicate-2
np	135	5338	replicate-2
np	136	5279	replicate-2
np	137	5269	replicate-2
np	138	5224	replicate-2
np	139	5149	replicate-2
np	140	5093	replicate-2
np	141	5126	replicate-2
np	142	5128	replicate-2
np	143	5059	replicate-2
np	144	5073	replicate-2
np	145	5091	replicate-2
np	146	5092	replicate-2
np	147	5089	replicate-2
np	148	5092	replicate-2
np	149	5109	replicate-2
np	150	5082	replicate-2
np	151	4773	replicate-2
np	152	4698	replicate-2
np	153	4573	replicate-2
np	154	4567	replicate-2
np	155	4590	replicate-2
np	156	4585	replicate-2
np	157	4574	replicate-2
np	158	4559	replicate-2
np	159	4657	replicate-2
np	160	4729	replicate-2
np	161	4876	replicate-2
np	162	4837	replicate-2
np	163	4826	replicate-2
np	164	5247	replicate-2
np	165	5269	replicate-2
np	166	5472	replicate-2
np	167	5393	replicate-2
np	168	5266	replicate-2
np	169	5328	replicate-2
np	170	5193	replicate-2
np	171	5593	replicate-2
np	172	5599	replicate-2
np	173	5275	replicate-2
np	174	5264	replicate-2
np	175	5119	replicate-2
np	176	5191	replicate-2
np	177	5175	replicate-2
np	178	5121	replicate-2
np	179	5094	replicate-2
np	180	4785	replicate-2
np	181	4862	replicate-2
np	182	4807	replicate-2
np	183	4901	replicate-2
np	184	4921	replicate-2
np	185	4894	replicate-2
np	186	4884	replicate-2
np	187	4890	replicate-2
np	188	4911	replicate-2
np	189	4951	replicate-2
np	190	4938	replicate-2
np	191	4880	replicate-2
np	192	4857	replicate-2
np	193	4811	replicate-2
np	194	4861	replicate-2
np	195	4889	replicate-2
np	196	4915	replicate-2
np	197	4955	replicate-2
np	198	5049	replicate-2
np	199	5087	replicate-2
np	200	5092	replicate-2
np	201	5074	replicate-2
np	202	5065	replicate-2
np	203	5063	replicate-2
np	204	5046	replicate-2
np	205	5053	replicate-2
np	206	5046	replicate-2
np	207	5050	replicate-2
np	208	4973	replicate-2
np	209	4992	replicate-2
np	210	4982	replicate-2
np	211	4977	replicate-2
np	212	4962	replicate-2
np	213	5014	replicate-2
np	214	5183	replicate-2
np	215	5177	replicate-2
np	216	5186	replicate-2
np	217	5195	replicate-2
np	218	5151	replicate-2
np	219	5200	replicate-2
np	220	5160	replicate-2
np	221	5142	replicate-2
np	222	5186	replicate-2
np	223	4971	replicate-2
np	224	5103	replicate-2
np	225	5129	replicate-2
np	226	5134	replicate-2
np	227	5146	replicate-2
np	228	5112	replicate-2
np	229	5290	replicate-2
np	230	5555	replicate-2
np	231	5461	replicate-2
np	232	5489	replicate-2
np	233	5427	replicate-2
np	234	5453	replicate-2
np	235	5499	replicate-2
np	236	5492	replicate-2
np	237	5477	replicate-2
np	238	5273	replicate-2
np	239	5126	replicate-2
np	240	5153	replicate-2
np	241	5099	replicate-2
np	242	5087	replicate-2
np	243	5118	replicate-2
np	244	5176	replicate-2
np	245	5139	replicate-2
np	246	5162	replicate-2
np	247	5220	replicate-2
np	248	5168	replicate-2
np	249	5175	replicate-2
np	250	5159	replicate-2
np	251	5161	replicate-2
np	252	5156	replicate-2
np	253	5187	replicate-2
np	254	5203	replicate-2
np	255	5172	replicate-2
np	256	5186	replicate-2
np	257	5182	replicate-2
np	258	5172	replicate-2
np	259	5238	replicate-2
np	260	5227	replicate-2
np	261	5218	replicate-2
np	262	5208	replicate-2
np	263	5117	replicate-2
np	264	5257	replicate-2
np	265	5234	replicate-2
np	266	5250	replicate-2
np	267	5293	replicate-2
np	268	5231	replicate-2
np	269	5263	replicate-2
np	270	5383	replicate-2
np	271	5417	replicate-2
np	272	5454	replicate-2
np	273	5450	replicate-2
np	274	5441	replicate-2
np	275	5443	replicate-2
np	276	5482	replicate-2
np	277	5480	replicate-2
np	278	5515	replicate-2
np	279	5425	replicate-2
np	280	5444	replicate-2
np	281	5428	replicate-2
np	282	5390	replicate-2
np	283	5406	replicate-2
np	284	5369	replicate-2
np	285	5341	replicate-2
np	286	5440	replicate-2
np	287	5405	replicate-2
np	288	5415	replicate-2
np	289	5418	replicate-2
np	290	5385	replicate-2
np	291	5561	replicate-2
np	292	5575	replicate-2
np	293	5578	replicate-2
np	294	5563	replicate-2
np	295	5468	replicate-2
np	296	5522	replicate-2
np	297	5496	replicate-2
np	298	5558	replicate-2
np	299	5572	replicate-2
np	300	5418	replicate-2
np	301	5421	replicate-2
np	302	5425	replicate-2
np	303	5445	replicate-2
np	304	5448	replicate-2
np	305	5337	replicate-2
np	306	5339	replicate-2
np	307	5331	replicate-2
np	308	5363	replicate-2
np	309	5366	replicate-2
np	310	5369	replicate-2
np	311	5321	replicate-2
np	312	5380	replicate-2
np	313	5374	replicate-2
np	314	5364	replicate-2
np	315	5282	replicate-2
np	316	5210	replicate-2
np	317	5094	replicate-2
np	318	5125	replicate-2
np	319	5021	replicate-2
np	320	4907	replicate-2
np	321	4813	replicate-2
np	322	4816	replicate-2
np	323	4831	replicate-2
np	324	4778	replicate-2
np	325	4802	replicate-2
np	326	4846	replicate-2
np	327	4810	replicate-2
np	328	4887	replicate-2
np	329	4871	replicate-2
np	330	4884	replicate-2
np	331	5120	replicate-2
np	332	5108	replicate-2
np	333	5215	replicate-2
np	334	5193	replicate-2
np	335	5117	replicate-2
np	336	5147	replicate-2
np	337	5100	replicate-2
np	338	5221	replicate-2
np	339	5231	replicate-2
np	340	5051	replicate-2
np	341	5056	replicate-2
np	342	5003	replicate-2
np	343	4958	replicate-2
np	344	4978	replicate-2
np	345	4900	replicate-2
np	346	4915	replicate-2
np	347	4851	replicate-2
np	348	4842	replicate-2
np	349	4844	replicate-2
np	350	4860	replicate-2
np	351	4849	replicate-2
np	352	4873	replicate-2
np	353	4835	replicate-2
np	354	4860	replicate-2
np	355	4854	replicate-2
np	356	4962	replicate-2
np	357	4972	replicate-2
np	358	4957	replicate-2
np	359	4971	replicate-2
np	360	4981	replicate-2
np	361	5006	replicate-2
np	362	5023	replicate-2
np	363	4946	replicate-2
np	364	5003	replicate-2
np	365	4924	replicate-2
np	366	4958	replicate-2
np	367	4978	replicate-2
np	368	5010	replicate-2
np	369	5052	replicate-2
np	370	5093	replicate-2
np	371	5086	replicate-2
np	372	5088	replicate-2
np	373	5134	replicate-2
np	374	5061	replicate-2
np	375	5100	replicate-2
np	376	5105	replicate-2
np	377	5120	replicate-2
np	378	5114	replicate-2
np	379	5056	replicate-2
np	380	5120	replicate-2
np	381	5094	replicate-2
np	382	4991	replicate-2
np	383	5020	replicate-2
np	384	4988	replicate-2
np	385	5067	replicate-2
np	386	5084	replicate-2
np	387	5055	replicate-2
np	388	5060	replicate-2
np	389	4910	replicate-2
np	390	4976	replicate-2
np	391	4988	replicate-2
np	392	5004	replicate-2
np	393	5031	replicate-2
np	394	4944	replicate-2
np	395	4990	replicate-2
np	396	4996	replicate-2
np	397	4980	replicate-2
np	398	5002	replicate-2
np	399	4979	replicate-2
np	400	5003	replicate-2
np	401	4990	replicate-2
np	402	4983	replicate-2
np	403	4985	replicate-2
np	404	4919	replicate-2
np	405	4921	replicate-2
np	406	4920	replicate-2
np	407	4908	replicate-2
np	408	4913	replicate-2
np	409	4922	replicate-2
np	410	4939	replicate-2
np	411	5026	replicate-2
np	412	5109	replicate-2
np	413	5122	replicate-2
np	414	5166	replicate-2
np	415	5244	replicate-2
np	416	5435	replicate-2
np	417	5478	replicate-2
np	418	5523	replicate-2
np	419	5653	replicate-2
np	420	5525	replicate-2
np	421	5453	replicate-2
np	422	5455	replicate-2
np	423	5324	replicate-2
np	424	5333	replicate-2
np	425	5117	replicate-2
np	426	5291	replicate-2
np	427	5248	replicate-2
np	428	5277	replicate-2
np	429	5301	replicate-2
np	430	5307	replicate-2
np	431	5357	replicate-2
np	432	5343	replicate-2
np	433	5317	replicate-2
np	434	5362	replicate-2
np	435	5230	replicate-2
np	436	5241	replicate-2
np	437	5199	replicate-2
np	438	5180	replicate-2
np	439	5244	replicate-2
np	440	5252	replicate-2
np	441	5235	replicate-2
np	442	5238	replicate-2
np	443	5174	replicate-2
np	444	5245	replicate-2
np	445	5242	replicate-2
np	446	5253	replicate-2
np	447	5263	replicate-2
np	448	5367	replicate-2
np	449	5339	replicate-2
np	450	5410	replicate-2
np	451	5441	replicate-2
np	452	5450	replicate-2
np	453	5406	replicate-2
np	454	5405	replicate-2
np	455	5399	replicate-2
np	456	5407	replicate-2
np	457	5320	replicate-2
np	458	5377	replicate-2
np	459	5337	replicate-2
np	460	5342	replicate-2
np	461	5337	replicate-2
np	462	5335	replicate-2
np	463	5372	replicate-2
np	464	5437	replicate-2
np	465	5438	replicate-2
np	466	5442	replicate-2
np	467	5444	replicate-2
np	468	5427	replicate-2
np	469	5493	replicate-2
np	470	5536	replicate-2
np	471	5523	replicate-2
np	472	5532	replicate-2
np	473	5502	replicate-2
np	474	5586	replicate-2
np	475	5583	replicate-2
np	476	5561	replicate-2
np	477	5562	replicate-2
np	478	5471	replicate-2
np	479	5489	replicate-2
np	480	5490	replicate-2
np	481	5501	replicate-2
np	482	5508	replicate-2
np	483	5404	replicate-2
np	484	5489	replicate-2
np	485	5494	replicate-2
np	486	5532	replicate-2
np	487	5604	replicate-2
np	488	5539	replicate-2
np	489	5708	replicate-2
np	490	5682	replicate-2
np	491	5565	replicate-2
np	492	5592	replicate-2
np	493	5516	replicate-2
np	494	5652	replicate-2
np	495	5557	replicate-2
np	496	5517	replicate-2
np	497	5569	replicate-2
np	498	5409	replicate-2
np	499	5415	replicate-2
np	500	5462	replicate-2
np	501	5455	replicate-2
np	502	5472	replicate-2
np	503	5405	replicate-2
np	504	5392	replicate-2
np	505	5402	replicate-2
np	506	5379	replicate-2
np	507	5404	replicate-2
np	508	5440	replicate-2
np	509	5372	replicate-2
np	510	5397	replicate-2
np	511	5371	replicate-2
np	512	5443	replicate-2
np	513	5491	replicate-2
np	514	5410	replicate-2
np	515	5414	replicate-2
np	516	5377	replicate-2
np	517	5500	replicate-2
np	518	5528	replicate-2
np	519	5545	replicate-2
np	520	5533	replicate-2
np	521	5390	replicate-2
np	522	5385	replicate-2
np	523	5402	replicate-2
np	524	5393	replicate-2
np	525	5541	replicate-2
np	526	5453	replicate-2
np	527	5455	replicate-2
np	528	5464	replicate-2
np	529	5583	replicate-2
np	530	5585	replicate-2
np	531	5519	replicate-2
np	532	5508	replicate-2
np	533	5317	replicate-2
np	534	5255	replicate-2
np	535	5163	replicate-2
np	536	5165	replicate-2
np	537	5164	replicate-2
np	538	5100	replicate-2
np	539	5251	replicate-2
np	540	5228	replicate-2
np	541	5302	replicate-2
np	542	5292	replicate-2
np	543	5289	replicate-2
np	544	5351	replicate-2
np	545	5366	replicate-2
np	546	5345	replicate-2
np	547	5347	replicate-2
np	548	5172	replicate-2
np	549	5197	replicate-2
np	550	5108	replicate-2
np	551	5211	replicate-2
np	552	5214	replicate-2
np	553	5162	replicate-2
np	554	5174	replicate-2
np	555	5226	replicate-2
np	556	5271	replicate-2
np	557	5296	replicate-2
np	558	5259	replicate-2
np	559	5331	replicate-2
np	560	5243	replicate-2
np	561	5609	replicate-2
np	562	5596	replicate-2
np	563	5575	replicate-2
np	564	5585	replicate-2
np	565	5559	replicate-2
np	566	5540	replicate-2
np	567	5506	replicate-2
np	568	5342	replicate-2
np	569	5320	replicate-2
np	570	5052	replicate-2
np	571	5041	replicate-2
np	572	5030	replicate-2
np	573	5001	replicate-2
np	574	4986	replicate-2
np	575	4990	replicate-2
np	576	4992	replicate-2
np	577	4964	replicate-2
np	578	4973	replicate-2
np	579	4955	replicate-2
np	580	5000	replicate-2
np	581	4986	replicate-2
np	582	4984	replicate-2
np	583	4989	replicate-2
np	584	4999	replicate-2
np	585	4965	replicate-2
np	586	4961	replicate-2
np	587	4957	replicate-2
np	588	4920	replicate-2
np	589	4966	replicate-2
np	590	4948	replicate-2
np	591	4977	replicate-2
np	592	5050	replicate-2
np	593	5069	replicate-2
np	594	5112	replicate-2
np	595	5097	replicate-2
np	596	5081	replicate-2
np	597	5075	replicate-2
np	598	4979	replicate-2
np	599	5094	replicate-2
np	600	5007	replicate-2
np	601	4980	replicate-2
np	602	4928	replicate-2
np	603	4925	replicate-2
np	604	4953	replicate-2
np	605	5080	replicate-2
np	606	5085	replicate-2
np	607	5069	replicate-2
np	608	5066	replicate-2
np	609	4843	replicate-2
np	610	4956	replicate-2
np	611	4967	replicate-2
np	612	4990	replicate-2
np	613	5006	replicate-2
np	614	4776	replicate-2
np	615	4806	replicate-2
np	616	4883	replicate-2
np	617	4851	replicate-2
np	618	4856	replicate-2
np	619	4861	replicate-2
np	620	4854	replicate-2
np	621	4839	replicate-2
np	622	4843	replicate-2
np	623	4825	replicate-2
np	624	4833	replicate-2
np	625	4842	replicate-2
np	626	4861	replicate-2
np	627	4879	replicate-2
np	628	4758	replicate-2
np	629	4711	replicate-2
np	630	4697	replicate-2
np	631	4697	replicate-2
np	632	4662	replicate-2
np	633	4678	replicate-2
np	634	4705	replicate-2
np	635	4693	replicate-2
np	636	4696	replicate-2
np	637	4692	replicate-2
np	638	4698	replicate-2
np	639	4666	replicate-2
np	640	4633	replicate-2
np	641	4624	replicate-2
np	642	4528	replicate-2
np	643	4520	replicate-2
np	644	4598	replicate-2
np	645	4574	replicate-2
np	646	4598	replicate-2
np	647	4540	replicate-2
np	648	4551	replicate-2
np	649	4538	replicate-2
np	650	4536	replicate-2
np	651	4504	replicate-2
np	652	4502	replicate-2
np	653	4400	replicate-2
np	654	4359	replicate-2
np	655	4353	replicate-2
np	656	4347	replicate-2
np	657	4393	replicate-2
np	658	4394	replicate-2
np	659	4386	replicate-2
np	660	4501	replicate-2
np	661	4497	replicate-2
np	662	4485	replicate-2
np	663	4442	replicate-2
np	664	4445	replicate-2
np	665	4446	replicate-2
np	666	4440	replicate-2
np	667	4367	replicate-2
np	668	4357	replicate-2
np	669	4218	replicate-2
np	670	4248	replicate-2
np	671	4260	replicate-2
np	672	4257	replicate-2
np	673	4248	replicate-2
np	674	4234	replicate-2
np	675	4196	replicate-2
np	676	4124	replicate-2
np	677	4106	replicate-2
np	678	4136	replicate-2
np	679	4077	replicate-2
np	680	4072	replicate-2
np	681	4063	replicate-2
np	682	4096	replicate-2
np	683	4103	replicate-2
np	684	4121	replicate-2
np	685	4105	replicate-2
np	686	4142	replicate-2
np	687	4171	replicate-2
np	688	4156	replicate-2
np	689	4107	replicate-2
np	690	4082	replicate-2
np	691	4065	replicate-2
np	692	4078	replicate-2
np	693	4134	replicate-2
np	694	4117	replicate-2
np	695	4077	replicate-2
np	696	4008	replicate-2
np	697	4196	replicate-2
np	698	4180	replicate-2
np	699	4202	replicate-2
np	700	4186	replicate-2
np	701	4204	replicate-2
np	702	4203	replicate-2
np	703	4214	replicate-2
np	704	4234	replicate-2
np	705	4235	replicate-2
np	706	4000	replicate-2
np	707	4009	replicate-2
np	708	3952	replicate-2
np	709	3997	replicate-2
np	710	3915	replicate-2
np	711	3906	replicate-2
np	712	3836	replicate-2
np	713	3861	replicate-2
np	714	3885	replicate-2
np	715	3858	replicate-2
np	716	3840	replicate-2
np	717	3844	replicate-2
np	718	3849	replicate-2
np	719	3880	replicate-2
np	720	3910	replicate-2
np	721	3921	replicate-2
np	722	3910	replicate-2
np	723	3920	replicate-2
np	724	3917	replicate-2
np	725	3930	replicate-2
np	726	3929	replicate-2
np	727	3916	replicate-2
np	728	3911	replicate-2
np	729	3806	replicate-2
np	730	3793	replicate-2
np	731	3771	replicate-2
np	732	3920	replicate-2
np	733	3926	replicate-2
np	734	3924	replicate-2
np	735	3933	replicate-2
np	736	3911	replicate-2
np	737	3919	replicate-2
np	738	3920	replicate-2
np	739	3900	replicate-2
np	740	3954	replicate-2
np	741	3787	replicate-2
np	742	3814	replicate-2
np	743	3896	replicate-2
np	744	3869	replicate-2
np	745	3911	replicate-2
np	746	3932	replicate-2
np	747	3929	replicate-2
np	748	3949	replicate-2
np	749	3853	replicate-2
np	750	3817	replicate-2
np	751	3789	replicate-2
np	752	3848	replicate-2
np	753	3911	replicate-2
np	754	3937	replicate-2
np	755	3907	replicate-2
np	756	3909	replicate-2
np	757	4174	replicate-2
np	758	4223	replicate-2
np	759	4223	replicate-2
np	760	4206	replicate-2
np	761	4084	replicate-2
np	762	4016	replicate-2
np	763	4062	replicate-2
np	764	4055	replicate-2
np	765	4126	replicate-2
np	766	3911	replicate-2
np	767	3947	replicate-2
np	768	3978	replicate-2
np	769	4007	replicate-2
np	770	3984	replicate-2
np	771	3992	replicate-2
np	772	3934	replicate-2
np	773	3947	replicate-2
np	774	3979	replicate-2
np	775	3987	replicate-2
np	776	3902	replicate-2
np	777	3860	replicate-2
np	778	3818	replicate-2
np	779	3847	replicate-2
np	780	3869	replicate-2
np	781	3863	replicate-2
np	782	3852	replicate-2
np	783	3860	replicate-2
np	784	3861	replicate-2
np	785	3936	replicate-2
np	786	3952	replicate-2
np	787	3976	replicate-2
np	788	3951	replicate-2
np	789	3933	replicate-2
np	790	3948	replicate-2
np	791	3959	replicate-2
np	792	3975	replicate-2
np	793	3967	replicate-2
np	794	3904	replicate-2
np	795	3903	replicate-2
np	796	3899	replicate-2
np	797	3913	replicate-2
np	798	3918	replicate-2
np	799	3953	replicate-2
np	800	3975	replicate-2
np	801	3981	replicate-2
np	802	4006	replicate-2
np	803	4020	replicate-2
np	804	4004	replicate-2
np	805	4014	replicate-2
np	806	3999	replicate-2
np	807	4004	replicate-2
np	808	4015	replicate-2
np	809	4005	replicate-2
np	810	4006	replicate-2
np	811	4005	replicate-2
np	812	4005	replicate-2
np	813	4072	replicate-2
np	814	4064	replicate-2
np	815	4064	replicate-2
np	816	4065	replicate-2
np	817	4031	replicate-2
np	818	4070	replicate-2
np	819	4072	replicate-2
np	820	4046	replicate-2
np	821	4043	replicate-2
np	822	4051	replicate-2
np	823	4055	replicate-2
np	824	4060	replicate-2
np	825	4056	replicate-2
np	826	4096	replicate-2
np	827	4141	replicate-2
np	828	4219	replicate-2
np	829	4212	replicate-2
np	830	4217	replicate-2
np	831	4184	replicate-2
np	832	4337	replicate-2
np	833	4405	replicate-2
np	834	4402	replicate-2
np	835	4440	replicate-2
np	836	4370	replicate-2
np	837	4483	replicate-2
np	838	4582	replicate-2
np	839	4623	replicate-2
np	840	4627	replicate-2
np	841	4523	replicate-2
np	842	4401	replicate-2
np	843	4431	replicate-2
np	844	4407	replicate-2
np	845	4466	replicate-2
np	846	4354	replicate-2
np	847	4283	replicate-2
np	848	4291	replicate-2
np	849	4309	replicate-2
np	850	4293	replicate-2
np	851	4310	replicate-2
np	852	4270	replicate-2
np	853	4280	replicate-2
np	854	4233	replicate-2
np	855	4253	replicate-2
np	856	4307	replicate-2
np	857	4277	replicate-2
np	858	4282	replicate-2
np	859	4456	replicate-2
np	860	4474	replicate-2
np	861	4510	replicate-2
np	862	4478	replicate-2
np	863	4500	replicate-2
np	864	4553	replicate-2
np	865	4479	replicate-2
np	866	4464	replicate-2
np	867	4387	replicate-2
np	868	4290	replicate-2
np	869	4343	replicate-2
np	870	4331	replicate-2
np	871	4363	replicate-2
np	872	4329	replicate-2
np	873	4314	replicate-2
np	874	4328	replicate-2
np	875	4308	replicate-2
np	876	4285	replicate-2
np	877	4297	replicate-2
np	878	4286	replicate-2
np	879	4285	replicate-2
np	880	4305	replicate-2
np	881	4351	replicate-2
np	882	4316	replicate-2
np	883	4360	replicate-2
np	884	4655	replicate-2
np	885	4708	replicate-2
np	886	4708	replicate-2
np	887	4741	replicate-2
np	888	4777	replicate-2
np	889	4756	replicate-2
np	890	4860	replicate-2
np	891	4761	replicate-2
np	892	4741	replicate-2
np	893	4594	replicate-2
np	894	4578	replicate-2
np	895	4777	replicate-2
np	896	4756	replicate-2
np	897	4763	replicate-2
np	898	4797	replicate-2
np	899	4715	replicate-2
np	900	4811	replicate-2
np	901	4814	replicate-2
np	902	4799	replicate-2
np	903	4781	replicate-2
np	904	4595	replicate-2
np	905	4676	replicate-2
np	906	4685	replicate-2
np	907	4894	replicate-2
np	908	4837	replicate-2
np	909	4752	replicate-2
np	910	4739	replicate-2
np	911	4722	replicate-2
np	912	4731	replicate-2
np	913	4735	replicate-2
np	914	4661	replicate-2
np	915	4818	replicate-2
np	916	4569	replicate-2
np	917	4596	replicate-2
np	918	4578	replicate-2
np	919	4605	replicate-2
np	920	4626	replicate-2
np	921	4626	replicate-2
np	922	4622	replicate-2
np	923	4666	replicate-2
np	924	4523	replicate-2
np	925	4619	replicate-2
np	926	4603	replicate-2
np	927	4690	replicate-2
np	928	4733	replicate-2
np	929	4729	replicate-2
np	930	4781	replicate-2
np	931	4778	replicate-2
np	932	4824	replicate-2
np	933	4870	replicate-2
np	934	4798	replicate-2
np	935	4944	replicate-2
np	936	4899	replicate-2
np	937	4915	replicate-2
np	938	4900	replicate-2
np	939	4988	replicate-2
np	940	5045	replicate-2
np	941	5033	replicate-2
np	942	5002	replicate-2
np	943	4976	replicate-2
np	944	5079	replicate-2
np	945	5085	replicate-2
np	946	5054	replicate-2
np	947	5062	replicate-2
np	948	4994	replicate-2
np	949	5051	replicate-2
np	950	5155	replicate-2
np	951	5176	replicate-2
np	952	5211	replicate-2
np	953	5195	replicate-2
np	954	5181	replicate-2
np	955	5198	replicate-2
np	956	5216	replicate-2
np	957	5238	replicate-2
np	958	5207	replicate-2
np	959	5211	replicate-2
np	960	5221	replicate-2
np	961	5238	replicate-2
np	962	5195	replicate-2
np	963	5265	replicate-2
np	964	5385	replicate-2
np	965	5383	replicate-2
np	966	5401	replicate-2
np	967	5437	replicate-2
np	968	5460	replicate-2
np	969	5463	replicate-2
np	970	5451	replicate-2
np	971	5448	replicate-2
np	972	5442	replicate-2
np	973	5278	replicate-2
np	974	5322	replicate-2
np	975	5360	replicate-2
np	976	5363	replicate-2
np	977	5361	replicate-2
np	978	5364	replicate-2
np	979	5482	replicate-2
np	980	5517	replicate-2
np	981	5569	replicate-2
np	982	5574	replicate-2
np	983	5558	replicate-2
np	984	5559	replicate-2
np	985	5584	replicate-2
np	986	5669	replicate-2
np	987	5666	replicate-2
np	988	5538	replicate-2
np	989	5487	replicate-2
np	990	5712	replicate-2
np	991	5712	replicate-2
np	992	5702	replicate-2
np	993	5685	replicate-2
np	994	5598	replicate-2
np	995	5574	replicate-2
np	996	5513	replicate-2
np	997	5510	replicate-2
np	998	5419	replicate-2
np	999	5303	replicate-2
np	1000	5274	replicate-2
np	1001	5276	replicate-2
np	1002	5327	replicate-2
np	1003	5331	replicate-2
np	1004	5309	replicate-2
np	1005	5302	replicate-2
np	1006	5304	replicate-2
np	1007	5297	replicate-2
np	1008	5280	replicate-2
np	1009	5221	replicate-2
np	1010	5202	replicate-2
np	1011	5125	replicate-2
np	1012	5149	replicate-2
np	1013	5184	replicate-2
np	1014	5218	replicate-2
np	1015	5333	replicate-2
np	1016	5347	replicate-2
np	1017	5321	replicate-2
np	1018	5321	replicate-2
np	1019	5356	replicate-2
np	1020	5360	replicate-2
np	1021	5352	replicate-2
np	1022	5373	replicate-2
np	1023	5357	replicate-2
np	1024	5338	replicate-2
np	1025	5294	replicate-2
np	1026	5333	replicate-2
np	1027	5346	replicate-2
np	1028	5349	replicate-2
np	1029	5691	replicate-2
np	1030	5780	replicate-2
np	1031	5782	replicate-2
np	1032	5759	replicate-2
np	1033	5748	replicate-2
np	1034	5735	replicate-2
np	1035	5628	replicate-2
np	1036	5600	replicate-2
np	1037	5637	replicate-2
np	1038	5429	replicate-2
np	1039	5511	replicate-2
np	1040	5433	replicate-2
np	1041	5486	replicate-2
np	1042	5485	replicate-2
np	1043	5465	replicate-2
np	1044	5492	replicate-2
np	1045	5402	replicate-2
np	1046	5430	replicate-2
np	1047	5444	replicate-2
np	1048	5330	replicate-2
np	1049	5324	replicate-2
np	1050	5299	replicate-2
np	1051	5312	replicate-2
np	1052	5313	replicate-2
np	1053	5298	replicate-2
np	1054	5387	replicate-2
np	1055	5345	replicate-2
np	1056	5363	replicate-2
np	1057	5401	replicate-2
np	1058	5297	replicate-2
np	1059	5292	replicate-2
np	1060	5295	replicate-2
np	1061	5305	replicate-2
np	1062	5345	replicate-2
np	1063	5341	replicate-2
np	1064	5431	replicate-2
np	1065	5403	replicate-2
np	1066	5344	replicate-2
np	1067	5332	replicate-2
np	1068	5361	replicate-2
np	1069	5342	replicate-2
np	1070	5342	replicate-2
np	1071	5304	replicate-2
np	1072	5350	replicate-2
np	1073	5248	replicate-2
np	1074	5321	replicate-2
np	1075	5321	replicate-2
np	1076	5312	replicate-2
np	1077	5290	replicate-2
np	1078	5319	replicate-2
np	1079	5326	replicate-2
np	1080	5348	replicate-2
np	1081	5290	replicate-2
np	1082	5362	replicate-2
np	1083	5368	replicate-2
np	1084	5365	replicate-2
np	1085	5351	replicate-2
np	1086	5306	replicate-2
np	1087	5191	replicate-2
np	1088	5209	replicate-2
np	1089	5174	replicate-2
np	1090	5187	replicate-2
np	1091	5308	replicate-2
np	1092	5382	replicate-2
np	1093	5418	replicate-2
np	1094	5391	replicate-2
np	1095	5398	replicate-2
np	1096	5406	replicate-2
np	1097	5544	replicate-2
np	1098	5535	replicate-2
np	1099	5539	replicate-2
np	1100	5397	replicate-2
np	1101	5280	replicate-2
np	1102	5388	replicate-2
np	1103	5393	replicate-2
np	1104	5441	replicate-2
np	1105	5420	replicate-2
np	1106	5384	replicate-2
np	1107	5381	replicate-2
np	1108	5369	replicate-2
np	1109	5528	replicate-2
np	1110	5501	replicate-2
np	1111	5480	replicate-2
np	1112	5454	replicate-2
np	1113	5433	replicate-2
np	1114	5407	replicate-2
np	1115	5361	replicate-2
np	1116	5388	replicate-2
np	1117	5413	replicate-2
np	1118	5284	replicate-2
np	1119	5376	replicate-2
np	1120	5336	replicate-2
np	1121	5384	replicate-2
np	1122	5467	replicate-2
np	1123	5452	replicate-2
np	1124	5511	replicate-2
np	1125	5494	replicate-2
np	1126	5421	replicate-2
np	1127	5470	replicate-2
np	1128	5412	replicate-2
np	1129	5432	replicate-2
np	1130	5397	replicate-2
np	1131	5291	replicate-2
np	1132	5425	replicate-2
np	1133	5469	replicate-2
np	1134	5503	replicate-2
np	1135	5528	replicate-2
np	1136	5489	replicate-2
np	1137	5490	replicate-2
np	1138	5482	replicate-2
np	1139	5470	replicate-2
np	1140	5407	replicate-2
np	1141	5289	replicate-2
np	1142	5331	replicate-2
np	1143	5389	replicate-2
np	1144	5414	replicate-2
np	1145	5410	replicate-2
np	1146	5402	replicate-2
np	1147	5455	replicate-2
np	1148	5468	replicate-2
np	1149	5484	replicate-2
np	1150	5468	replicate-2
np	1151	5451	replicate-2
np	1152	5445	replicate-2
np	1153	5445	replicate-2
np	1154	5440	replicate-2
np	1155	5614	replicate-2
np	1156	5596	replicate-2
np	1157	5609	replicate-2
np	1158	5609	replicate-2
np	1159	5674	replicate-2
np	1160	5698	replicate-2
np	1161	5712	replicate-2
np	1162	5702	replicate-2
np	1163	5782	replicate-2
np	1164	5592	replicate-2
np	1165	5613	replicate-2
np	1166	5576	replicate-2
np	1167	5605	replicate-2
np	1168	5622	replicate-2
np	1169	5523	replicate-2
np	1170	5696	replicate-2
np	1171	5668	replicate-2
np	1172	5718	replicate-2
np	1173	5720	replicate-2
np	1174	5696	replicate-2
np	1175	5725	replicate-2
np	1176	5734	replicate-2
np	1177	5704	replicate-2
np	1178	5876	replicate-2
np	1179	5706	replicate-2
np	1180	5720	replicate-2
np	1181	5597	replicate-2
np	1182	5580	replicate-2
np	1183	5605	replicate-2
np	1184	5553	replicate-2
np	1185	5544	replicate-2
np	1186	5558	replicate-2
np	1187	5298	replicate-2
np	1188	5365	replicate-2
np	1189	5304	replicate-2
np	1190	5307	replicate-2
np	1191	5403	replicate-2
np	1192	5389	replicate-2
np	1193	5450	replicate-2
np	1194	5460	replicate-2
np	1195	5434	replicate-2
np	1196	5504	replicate-2
np	1197	5609	replicate-2
np	1198	5611	replicate-2
np	1199	5577	replicate-2
np	1200	5571	replicate-2
np	1201	5359	replicate-2
np	1202	5420	replicate-2
np	1203	5491	replicate-2
np	1204	5505	replicate-2
np	1205	5458	replicate-2
np	1206	5258	replicate-2
np	1207	5287	replicate-2
np	1208	5279	replicate-2
np	1209	5262	replicate-2
np	1210	5265	replicate-2
np	1211	5222	replicate-2
np	1212	5175	replicate-2
np	1213	5171	replicate-2
np	1214	5159	replicate-2
np	1215	5163	replicate-2
np	1216	5146	replicate-2
np	1217	5213	replicate-2
np	1218	5234	replicate-2
np	1219	5219	replicate-2
np	1220	5248	replicate-2
np	1221	5165	replicate-2
np	1222	5175	replicate-2
np	1223	5241	replicate-2
np	1224	5235	replicate-2
np	1225	5245	replicate-2
np	1226	5250	replicate-2
np	1227	5236	replicate-2
np	1228	5207	replicate-2
np	1229	5156	replicate-2
np	1230	5187	replicate-2
np	1231	5131	replicate-2
np	1232	5216	replicate-2
np	1233	5143	replicate-2
np	1234	5388	replicate-2
np	1235	5422	replicate-2
np	1236	5538	replicate-2
np	1237	5539	replicate-2
np	1238	5432	replicate-2
np	1239	5447	replicate-2
np	1240	5459	replicate-2
np	1241	5394	replicate-2
np	1242	5391	replicate-2
np	1243	5232	replicate-2
np	1244	5292	replicate-2
np	1245	5183	replicate-2
np	1246	5193	replicate-2
np	1247	5182	replicate-2
np	1248	5133	replicate-2
np	1249	5126	replicate-2
np	1250	5234	replicate-2
np	1251	5211	replicate-2
np	1252	5212	replicate-2
np	1253	5207	replicate-2
np	1254	5137	replicate-2
np	1255	5203	replicate-2
np	1256	5204	replicate-2
np	1257	5200	replicate-2
np	1258	5208	replicate-2
np	1259	5094	replicate-2
np	1260	5148	replicate-2
np	1261	5177	replicate-2
np	1262	5307	replicate-2
np	1263	5315	replicate-2
np	1264	5219	replicate-2
np	1265	5271	replicate-2
np	1266	5279	replicate-2
np	1267	5318	replicate-2
np	1268	5314	replicate-2
np	1269	5258	replicate-2
np	1270	5253	replicate-2
np	1271	5110	replicate-2
np	1272	5330	replicate-2
np	1273	5407	replicate-2
np	1274	5408	replicate-2
np	1275	5493	replicate-2
np	1276	5448	replicate-2
np	1277	5505	replicate-2
np	1278	5508	replicate-2
np	1279	5500	replicate-2
np	1280	5564	replicate-2
np	1281	5479	replicate-2
np	1282	5192	replicate-2
np	1283	5201	replicate-2
np	1284	5029	replicate-2
np	1285	5255	replicate-2
np	1286	5215	replicate-2
np	1287	5215	replicate-2
np	1288	5219	replicate-2
np	1289	5177	replicate-2
np	1290	5198	replicate-2
np	1291	5196	replicate-2
np	1292	5249	replicate-2
np	1293	5209	replicate-2
np	1294	4970	replicate-2
np	1295	4960	replicate-2
np	1296	4951	replicate-2
np	1297	4972	replicate-2
np	1298	4966	replicate-2
np	1299	5004	replicate-2
np	1300	5029	replicate-2
np	1301	4994	replicate-2
np	1302	5059	replicate-2
np	1303	5050	replicate-2
np	1304	5052	replicate-2
np	1305	5033	replicate-2
np	1306	5023	replicate-2
np	1307	5018	replicate-2
np	1308	5026	replicate-2
np	1309	4961	replicate-2
np	1310	4994	replicate-2
np	1311	4916	replicate-2
np	1312	4922	replicate-2
np	1313	4898	replicate-2
np	1314	4869	replicate-2
np	1315	4874	replicate-2
np	1316	4878	replicate-2
np	1317	4922	replicate-2
np	1318	4890	replicate-2
np	1319	4867	replicate-2
np	1320	4836	replicate-2
np	1321	4813	replicate-2
np	1322	4818	replicate-2
np	1323	4773	replicate-2
np	1324	4743	replicate-2
np	1325	4734	replicate-2
np	1326	4577	replicate-2
np	1327	4595	replicate-2
np	1328	4576	replicate-2
np	1329	4607	replicate-2
np	1330	4605	replicate-2
np	1331	4577	replicate-2
np	1332	4571	replicate-2
np	1333	4582	replicate-2
np	1334	4595	replicate-2
np	1335	4594	replicate-2
np	1336	4575	replicate-2
np	1337	4628	replicate-2
np	1338	4589	replicate-2
np	1339	4560	replicate-2
np	1340	4596	replicate-2
np	1341	4626	replicate-2
np	1342	4627	replicate-2
np	1343	4603	replicate-2
np	1344	4551	replicate-2
np	1345	4549	replicate-2
np	1346	4602	replicate-2
np	1347	4601	replicate-2
np	1348	4571	replicate-2
np	1349	4548	replicate-2
np	1350	4537	replicate-2
np	1351	4467	replicate-2
np	1352	4472	replicate-2
np	1353	4443	replicate-2
np	1354	4451	replicate-2
np	1355	4492	replicate-2
np	1356	4456	replicate-2
np	1357	4479	replicate-2
np	1358	4461	replicate-2
np	1359	4456	replicate-2
np	1360	4475	replicate-2
np	1361	4454	replicate-2
np	1362	4506	replicate-2
np	1363	4432	replicate-2
np	1364	4361	replicate-2
np	1365	4351	replicate-2
np	1366	4335	replicate-2
np	1367	4369	replicate-2
np	1368	4356	replicate-2
np	1369	4325	replicate-2
np	1370	4312	replicate-2
np	1371	4205	replicate-2
np	1372	4220	replicate-2
np	1373	4145	replicate-2
np	1374	4208	replicate-2
np	1375	4269	replicate-2
np	1376	4181	replicate-2
np	1377	4273	replicate-2
np	1378	4395	replicate-2
np	1379	4386	replicate-2
np	1380	4398	replicate-2
np	1381	4373	replicate-2
np	1382	4416	replicate-2
np	1383	4285	replicate-2
np	1384	4228	replicate-2
np	1385	4101	replicate-2
np	1386	3968	replicate-2
np	1387	4064	replicate-2
np	1388	4107	replicate-2
np	1389	4139	replicate-2
np	1390	4187	replicate-2
np	1391	4108	replicate-2
np	1392	4094	replicate-2
np	1393	4081	replicate-2
np	1394	4097	replicate-2
np	1395	4121	replicate-2
np	1396	4125	replicate-2
np	1397	4113	replicate-2
np	1398	4101	replicate-2
np	1399	4058	replicate-2
np	1400	4096	replicate-2
np	1401	4101	replicate-2
np	1402	4173	replicate-2
np	1403	4157	replicate-2
np	1404	4113	replicate-2
np	1405	4159	replicate-2
np	1406	4165	replicate-2
np	1407	4196	replicate-2
np	1408	4226	replicate-2
np	1409	4164	replicate-2
np	1410	4102	replicate-2
np	1411	4134	replicate-2
np	1412	4092	replicate-2
np	1413	4147	replicate-2
np	1414	4143	replicate-2
np	1415	4274	replicate-2
np	1416	4260	replicate-2
np	1417	4342	replicate-2
np	1418	4349	replicate-2
np	1419	4353	replicate-2
np	1420	4327	replicate-2
np	1421	4272	replicate-2
np	1422	4267	replicate-2
np	1423	4196	replicate-2
np	1424	4161	replicate-2
np	1425	4144	replicate-2
np	1426	4034	replicate-2
np	1427	4030	replicate-2
np	1428	4024	replicate-2
np	1429	4026	replicate-2
np	1430	4043	replicate-2
np	1431	4021	replicate-2
np	1432	4090	replicate-2
np	1433	4048	replicate-2
np	1434	4066	replicate-2
np	1435	4095	replicate-2
np	1436	4104	replicate-2
np	1437	4108	replicate-2
np	1438	4113	replicate-2
np	1439	4094	replicate-2
np	1440	4097	replicate-2
np	1441	4005	replicate-2
np	1442	3978	replicate-2
np	1443	4001	replicate-2
np	1444	3994	replicate-2
np	1445	4003	replicate-2
np	1446	4003	replicate-2
np	1447	4019	replicate-2
np	1448	4000	replicate-2
np	1449	3983	replicate-2
np	1450	3974	replicate-2
np	1451	3968	replicate-2
np	1452	3925	replicate-2
np	1453	3916	replicate-2
np	1454	3917	replicate-2
np	1455	3933	replicate-2
np	1456	3926	replicate-2
np	1457	3926	replicate-2
np	1458	3900	replicate-2
np	1459	3897	replicate-2
np	1460	3883	replicate-2
np	1461	3882	replicate-2
np	1462	3751	replicate-2
np	1463	3736	replicate-2
np	1464	3733	replicate-2
np	1465	3697	replicate-2
np	1466	3663	replicate-2
np	1467	3664	replicate-2
np	1468	3660	replicate-2
np	1469	3662	replicate-2
np	1470	3608	replicate-2
np	1471	3622	replicate-2
np	1472	3609	replicate-2
np	1473	3621	replicate-2
np	1474	3622	replicate-2
np	1475	3598	replicate-2
np	1476	3572	replicate-2
np	1477	3573	replicate-2
np	1478	3674	replicate-2
np	1479	3668	replicate-2
np	1480	3601	replicate-2
np	1481	3597	replicate-2
np	1482	3588	replicate-2
np	1483	3590	replicate-2
np	1484	3581	replicate-2
np	1485	3574	replicate-2
np	1486	3560	replicate-2
np	1487	3187	replicate-2
np	1488	3209	replicate-2
np	1489	3193	replicate-2
np	1490	3213	replicate-2
np	1491	3208	replicate-2
np	1492	3129	replicate-2
np	1493	3127	replicate-2
np	1494	3116	replicate-2
np	1495	3118	replicate-2
np	1496	3110	replicate-2
np	1497	2855	replicate-2
np	1498	2858	replicate-2
np	1499	2734	replicate-2
np	1500	2722	replicate-2
np	1501	2726	replicate-2
np	1502	2703	replicate-2
np	1503	2684	replicate-2
np	1504	2674	replicate-2
np	1505	2659	replicate-2
np	1506	2654	replicate-2
np	1507	2617	replicate-2
np	1508	2596	replicate-2
np	1509	2553	replicate-2
np	1510	2464	replicate-2
np	1511	2463	replicate-2
np	1512	2442	replicate-2
np	1513	2438	replicate-2
np	1514	2439	replicate-2
np	1515	2425	replicate-2
np	1516	2423	replicate-2
np	1517	2407	replicate-2
np	1518	2391	replicate-2
np	1519	2321	replicate-2
np	1520	2320	replicate-2
np	1521	2312	replicate-2
np	1522	2308	replicate-2
np	1523	2299	replicate-2
np	1524	2186	replicate-2
np	1525	2162	replicate-2
np	1526	2123	replicate-2
np	1527	2043	replicate-2
np	1528	2015	replicate-2
np	1529	1574	replicate-2
np	1530	1573	replicate-2
np	1531	1420	replicate-2
np	1532	1414	replicate-2
np	1533	1414	replicate-2
np	1534	1358	replicate-2
np	1535	1350	replicate-2
np	1536	1287	replicate-2
np	1537	899	replicate-2
np	1538	887	replicate-2
np	1539	705	replicate-2
np	1540	690	replicate-2
np	1541	681	replicate-2
np	1542	679	replicate-2
np	1543	675	replicate-2
np	1544	673	replicate-2
np	1545	572	replicate-2
np	1546	566	replicate-2
np	1547	562	replicate-2
np	1548	559	replicate-2
np	1549	557	replicate-2
np	1550	555	replicate-2
np	1551	547	replicate-2
np	1552	544	replicate-2
np	1553	507	replicate-2
np	1554	498	replicate-2
np	1555	476	replicate-2
np	1556	468	replicate-2
np	1557	468	replicate-2
np	1558	453	replicate-2
np	1559	449	replicate-2
np	1560	445	replicate-2
np	1561	387	replicate-2
np	1562	377	replicate-2
np	1563	364	replicate-2
np	1564	361	replicate-2
np	1565	91	replicate-2
pb1	1	360	replicate-2
pb1	2	411	replicate-2
pb1	3	418	replicate-2
pb1	4	418	replicate-2
pb1	5	444	replicate-2
pb1	6	446	replicate-2
pb1	7	449	replicate-2
pb1	8	453	replicate-2
pb1	9	470	replicate-2
pb1	10	475	replicate-2
pb1	11	486	replicate-2
pb1	12	493	replicate-2
pb1	13	497	replicate-2
pb1	14	497	replicate-2
pb1	15	499	replicate-2
pb1	16	499	replicate-2
pb1	17	530	replicate-2
pb1	18	533	replicate-2
pb1	19	550	replicate-2
pb1	20	561	replicate-2
pb1	21	567	replicate-2
pb1	22	570	replicate-2
pb1	23	580	replicate-2
pb1	24	585	replicate-2
pb1	25	588	replicate-2
pb1	26	588	replicate-2
pb1	27	590	replicate-2
pb1	28	594	replicate-2
pb1	29	607	replicate-2
pb1	30	610	replicate-2
pb1	31	612	replicate-2
pb1	32	613	replicate-2
pb1	33	623	replicate-2
pb1	34	627	replicate-2
pb1	35	630	replicate-2
pb1	36	630	replicate-2
pb1	37	632	replicate-2
pb1	38	631	replicate-2
pb1	39	632	replicate-2
pb1	40	643	replicate-2
pb1	41	646	replicate-2
pb1	42	648	replicate-2
pb1	43	653	replicate-2
pb1	44	653	replicate-2
pb1	45	655	replicate-2
pb1	46	656	replicate-2
pb1	47	657	replicate-2
pb1	48	659	replicate-2
pb1	49	659	replicate-2
pb1	50	666	replicate-2
pb1	51	666	replicate-2
pb1	52	666	replicate-2
pb1	53	665	replicate-2
pb1	54	668	replicate-2
pb1	55	668	replicate-2
pb1	56	670	replicate-2
pb1	57	671	replicate-2
pb1	58	681	replicate-2
pb1	59	673	replicate-2
pb1	60	671	replicate-2
pb1	61	672	replicate-2
pb1	62	673	replicate-2
pb1	63	671	replicate-2
pb1	64	674	replicate-2
pb1	65	675	replicate-2
pb1	66	679	replicate-2
pb1	67	681	replicate-2
pb1	68	680	replicate-2
pb1	69	683	replicate-2
pb1	70	682	replicate-2
pb1	71	686	replicate-2
pb1	72	690	replicate-2
pb1	73	701	replicate-2
pb1	74	702	replicate-2
pb1	75	703	replicate-2
pb1	76	708	replicate-2
pb1	77	710	replicate-2
pb1	78	724	replicate-2
pb1	79	724	replicate-2
pb1	80	728	replicate-2
pb1	81	728	replicate-2
pb1	82	711	replicate-2
pb1	83	723	replicate-2
pb1	84	723	replicate-2
pb1	85	723	replicate-2
pb1	86	727	replicate-2
pb1	87	722	replicate-2
pb1	88	741	replicate-2
pb1	89	739	replicate-2
pb1	90	799	replicate-2
pb1	91	802	replicate-2
pb1	92	790	replicate-2
pb1	93	809	replicate-2
pb1	94	797	replicate-2
pb1	95	827	replicate-2
pb1	96	829	replicate-2
pb1	97	818	replicate-2
pb1	98	820	replicate-2
pb1	99	781	replicate-2
pb1	100	783	replicate-2
pb1	101	786	replicate-2
pb1	102	763	replicate-2
pb1	103	762	replicate-2
pb1	104	743	replicate-2
pb1	105	738	replicate-2
pb1	106	747	replicate-2
pb1	107	743	replicate-2
pb1	108	743	replicate-2
pb1	109	774	replicate-2
pb1	110	768	replicate-2
pb1	111	768	replicate-2
pb1	112	765	replicate-2
pb1	113	767	replicate-2
pb1	114	765	replicate-2
pb1	115	738	replicate-2
pb1	116	746	replicate-2
pb1	117	758	replicate-2
pb1	118	737	replicate-2
pb1	119	738	replicate-2
pb1	120	739	replicate-2
pb1	121	739	replicate-2
pb1	122	764	replicate-2
pb1	123	767	replicate-2
pb1	124	764	replicate-2
pb1	125	759	replicate-2
pb1	126	743	replicate-2
pb1	127	747	replicate-2
pb1	128	756	replicate-2
pb1	129	754	replicate-2
pb1	130	759	replicate-2
pb1	131	760	replicate-2
pb1	132	751	replicate-2
pb1	133	783	replicate-2
pb1	134	785	replicate-2
pb1	135	803	replicate-2
pb1	136	796	replicate-2
pb1	137	796	replicate-2
pb1	138	800	replicate-2
pb1	139	800	replicate-2
pb1	140	808	replicate-2
pb1	141	776	replicate-2
pb1	142	769	replicate-2
pb1	143	757	replicate-2
pb1	144	774	replicate-2
pb1	145	774	replicate-2
pb1	146	775	replicate-2
pb1	147	770	replicate-2
pb1	148	758	replicate-2
pb1	149	798	replicate-2
pb1	150	783	replicate-2
pb1	151	753	replicate-2
pb1	152	748	replicate-2
pb1	153	748	replicate-2
pb1	154	752	replicate-2
pb1	155	757	replicate-2
pb1	156	755	replicate-2
pb1	157	748	replicate-2
pb1	158	750	replicate-2
pb1	159	705	replicate-2
pb1	160	701	replicate-2
pb1	161	705	replicate-2
pb1	162	686	replicate-2
pb1	163	716	replicate-2
pb1	164	713	replicate-2
pb1	165	739	replicate-2
pb1	166	738	replicate-2
pb1	167	728	replicate-2
pb1	168	755	replicate-2
pb1	169	760	replicate-2
pb1	170	773	replicate-2
pb1	171	773	replicate-2
pb1	172	758	replicate-2
pb1	173	762	replicate-2
pb1	174	741	replicate-2
pb1	175	757	replicate-2
pb1	176	760	replicate-2
pb1	177	756	replicate-2
pb1	178	760	replicate-2
pb1	179	757	replicate-2
pb1	180	759	replicate-2
pb1	181	774	replicate-2
pb1	182	775	replicate-2
pb1	183	775	replicate-2
pb1	184	766	replicate-2
pb1	185	767	replicate-2
pb1	186	774	replicate-2
pb1	187	766	replicate-2
pb1	188	766	replicate-2
pb1	189	770	replicate-2
pb1	190	786	replicate-2
pb1	191	793	replicate-2
pb1	192	793	replicate-2
pb1	193	799	replicate-2
pb1	194	803	replicate-2
pb1	195	797	replicate-2
pb1	196	795	replicate-2
pb1	197	794	replicate-2
pb1	198	832	replicate-2
pb1	199	827	replicate-2
pb1	200	824	replicate-2
pb1	201	814	replicate-2
pb1	202	817	replicate-2
pb1	203	820	replicate-2
pb1	204	828	replicate-2
pb1	205	825	replicate-2
pb1	206	830	replicate-2
pb1	207	809	replicate-2
pb1	208	808	replicate-2
pb1	209	809	replicate-2
pb1	210	808	replicate-2
pb1	211	808	replicate-2
pb1	212	813	replicate-2
pb1	213	802	replicate-2
pb1	214	811	replicate-2
pb1	215	806	replicate-2
pb1	216	800	replicate-2
pb1	217	801	replicate-2
pb1	218	806	replicate-2
pb1	219	814	replicate-2
pb1	220	815	replicate-2
pb1	221	814	replicate-2
pb1	222	808	replicate-2
pb1	223	786	replicate-2
pb1	224	804	replicate-2
pb1	225	809	replicate-2
pb1	226	804	replicate-2
pb1	227	810	replicate-2
pb1	228	788	replicate-2
pb1	229	789	replicate-2
pb1	230	801	replicate-2
pb1	231	815	replicate-2
pb1	232	816	replicate-2
pb1	233	825	replicate-2
pb1	234	829	replicate-2
pb1	235	832	replicate-2
pb1	236	831	replicate-2
pb1	237	833	replicate-2
pb1	238	833	replicate-2
pb1	239	832	replicate-2
pb1	240	818	replicate-2
pb1	241	818	replicate-2
pb1	242	807	replicate-2
pb1	243	817	replicate-2
pb1	244	839	replicate-2
pb1	245	824	replicate-2
pb1	246	816	replicate-2
pb1	247	823	replicate-2
pb1	248	822	replicate-2
pb1	249	823	replicate-2
pb1	250	831	replicate-2
pb1	251	830	replicate-2
pb1	252	837	replicate-2
pb1	253	818	replicate-2
pb1	254	821	replicate-2
pb1	255	821	replicate-2
pb1	256	828	replicate-2
pb1	257	825	replicate-2
pb1	258	824	replicate-2
pb1	259	826	replicate-2
pb1	260	824	replicate-2
pb1	261	821	replicate-2
pb1	262	826	replicate-2
pb1	263	831	replicate-2
pb1	264	845	replicate-2
pb1	265	852	replicate-2
pb1	266	869	replicate-2
pb1	267	863	replicate-2
pb1	268	863	replicate-2
pb1	269	868	replicate-2
pb1	270	872	replicate-2
pb1	271	882	replicate-2
pb1	272	877	replicate-2
pb1	273	874	replicate-2
pb1	274	904	replicate-2
pb1	275	874	replicate-2
pb1	276	889	replicate-2
pb1	277	888	replicate-2
pb1	278	888	replicate-2
pb1	279	884	replicate-2
pb1	280	884	replicate-2
pb1	281	874	replicate-2
pb1	282	864	replicate-2
pb1	283	838	replicate-2
pb1	284	852	replicate-2
pb1	285	843	replicate-2
pb1	286	853	replicate-2
pb1	287	855	replicate-2
pb1	288	877	replicate-2
pb1	289	868	replicate-2
pb1	290	864	replicate-2
pb1	291	862	replicate-2
pb1	292	858	replicate-2
pb1	293	852	replicate-2
pb1	294	848	replicate-2
pb1	295	845	replicate-2
pb1	296	845	replicate-2
pb1	297	826	replicate-2
pb1	298	827	replicate-2
pb1	299	825	replicate-2
pb1	300	813	replicate-2
pb1	301	811	replicate-2
pb1	302	808	replicate-2
pb1	303	792	replicate-2
pb1	304	787	replicate-2
pb1	305	841	replicate-2
pb1	306	859	replicate-2
pb1	307	856	replicate-2
pb1	308	856	replicate-2
pb1	309	852	replicate-2
pb1	310	855	replicate-2
pb1	311	879	replicate-2
pb1	312	874	replicate-2
pb1	313	871	replicate-2
pb1	314	781	replicate-2
pb1	315	784	replicate-2
pb1	316	781	replicate-2
pb1	317	790	replicate-2
pb1	318	782	replicate-2
pb1	319	803	replicate-2
pb1	320	801	replicate-2
pb1	321	810	replicate-2
pb1	322	803	replicate-2
pb1	323	803	replicate-2
pb1	324	786	replicate-2
pb1	325	788	replicate-2
pb1	326	795	replicate-2
pb1	327	794	replicate-2
pb1	328	791	replicate-2
pb1	329	780	replicate-2
pb1	330	783	replicate-2
pb1	331	756	replicate-2
pb1	332	763	replicate-2
pb1	333	760	replicate-2
pb1	334	755	replicate-2
pb1	335	753	replicate-2
pb1	336	752	replicate-2
pb1	337	744	replicate-2
pb1	338	738	replicate-2
pb1	339	744	replicate-2
pb1	340	686	replicate-2
pb1	341	680	replicate-2
pb1	342	675	replicate-2
pb1	343	677	replicate-2
pb1	344	684	replicate-2
pb1	345	689	replicate-2
pb1	346	692	replicate-2
pb1	347	689	replicate-2
pb1	348	687	replicate-2
pb1	349	682	replicate-2
pb1	350	683	replicate-2
pb1	351	680	replicate-2
pb1	352	684	replicate-2
pb1	353	682	replicate-2
pb1	354	678	replicate-2
pb1	355	677	replicate-2
pb1	356	676	replicate-2
pb1	357	673	replicate-2
pb1	358	674	replicate-2
pb1	359	679	replicate-2
pb1	360	682	replicate-2
pb1	361	686	replicate-2
pb1	362	680	replicate-2
pb1	363	674	replicate-2
pb1	364	674	replicate-2
pb1	365	672	replicate-2
pb1	366	674	replicate-2
pb1	367	677	replicate-2
pb1	368	668	replicate-2
pb1	369	678	replicate-2
pb1	370	680	replicate-2
pb1	371	697	replicate-2
pb1	372	697	replicate-2
pb1	373	690	replicate-2
pb1	374	687	replicate-2
pb1	375	687	replicate-2
pb1	376	688	replicate-2
pb1	377	693	replicate-2
pb1	378	672	replicate-2
pb1	379	676	replicate-2
pb1	380	660	replicate-2
pb1	381	657	replicate-2
pb1	382	658	replicate-2
pb1	383	655	replicate-2
pb1	384	653	replicate-2
pb1	385	644	replicate-2
pb1	386	660	replicate-2
pb1	387	659	replicate-2
pb1	388	662	replicate-2
pb1	389	662	replicate-2
pb1	390	662	replicate-2
pb1	391	670	replicate-2
pb1	392	679	replicate-2
pb1	393	672	replicate-2
pb1	394	658	replicate-2
pb1	395	623	replicate-2
pb1	396	625	replicate-2
pb1	397	631	replicate-2
pb1	398	638	replicate-2
pb1	399	642	replicate-2
pb1	400	633	replicate-2
pb1	401	633	replicate-2
pb1	402	629	replicate-2
pb1	403	629	replicate-2
pb1	404	628	replicate-2
pb1	405	648	replicate-2
pb1	406	644	replicate-2
pb1	407	646	replicate-2
pb1	408	642	replicate-2
pb1	409	636	replicate-2
pb1	410	642	replicate-2
pb1	411	647	replicate-2
pb1	412	645	replicate-2
pb1	413	642	replicate-2
pb1	414	615	replicate-2
pb1	415	589	replicate-2
pb1	416	577	replicate-2
pb1	417	572	replicate-2
pb1	418	582	replicate-2
pb1	419	582	replicate-2
pb1	420	574	replicate-2
pb1	421	579	replicate-2
pb1	422	577	replicate-2
pb1	423	584	replicate-2
pb1	424	585	replicate-2
pb1	425	575	replicate-2
pb1	426	572	replicate-2
pb1	427	557	replicate-2
pb1	428	565	replicate-2
pb1	429	569	replicate-2
pb1	430	570	replicate-2
pb1	431	569	replicate-2
pb1	432	567	replicate-2
pb1	433	565	replicate-2
pb1	434	558	replicate-2
pb1	435	552	replicate-2
pb1	436	550	replicate-2
pb1	437	538	replicate-2
pb1	438	535	replicate-2
pb1	439	538	replicate-2
pb1	440	540	replicate-2
pb1	441	540	replicate-2
pb1	442	540	replicate-2
pb1	443	547	replicate-2
pb1	444	546	replicate-2
pb1	445	547	replicate-2
pb1	446	555	replicate-2
pb1	447	547	replicate-2
pb1	448	572	replicate-2
pb1	449	572	replicate-2
pb1	450	573	replicate-2
pb1	451	571	replicate-2
pb1	452	558	replicate-2
pb1	453	631	replicate-2
pb1	454	638	replicate-2
pb1	455	619	replicate-2
pb1	456	615	replicate-2
pb1	457	585	replicate-2
pb1	458	640	replicate-2
pb1	459	648	replicate-2
pb1	460	650	replicate-2
pb1	461	728	replicate-2
pb1	462	662	replicate-2
pb1	463	677	replicate-2
pb1	464	678	replicate-2
pb1	465	674	replicate-2
pb1	466	678	replicate-2
pb1	467	656	replicate-2
pb1	468	652	replicate-2
pb1	469	660	replicate-2
pb1	470	614	replicate-2
pb1	471	626	replicate-2
pb1	472	624	replicate-2
pb1	473	625	replicate-2
pb1	474	626	replicate-2
pb1	475	619	replicate-2
pb1	476	630	replicate-2
pb1	477	629	replicate-2
pb1	478	631	replicate-2
pb1	479	629	replicate-2
pb1	480	630	replicate-2
pb1	481	627	replicate-2
pb1	482	627	replicate-2
pb1	483	633	replicate-2
pb1	484	630	replicate-2
pb1	485	641	replicate-2
pb1	486	641	replicate-2
pb1	487	641	replicate-2
pb1	488	643	replicate-2
pb1	489	644	replicate-2
pb1	490	642	replicate-2
pb1	491	645	replicate-2
pb1	492	641	replicate-2
pb1	493	655	replicate-2
pb1	494	666	replicate-2
pb1	495	666	replicate-2
pb1	496	664	replicate-2
pb1	497	666	replicate-2
pb1	498	665	replicate-2
pb1	499	692	replicate-2
pb1	500	693	replicate-2
pb1	501	698	replicate-2
pb1	502	687	replicate-2
pb1	503	685	replicate-2
pb1	504	685	replicate-2
pb1	505	685	replicate-2
pb1	506	687	replicate-2
pb1	507	688	replicate-2
pb1	508	662	replicate-2
pb1	509	670	replicate-2
pb1	510	668	replicate-2
pb1	511	692	replicate-2
pb1	512	685	replicate-2
pb1	513	682	replicate-2
pb1	514	690	replicate-2
pb1	515	692	replicate-2
pb1	516	689	replicate-2
pb1	517	688	replicate-2
pb1	518	678	replicate-2
pb1	519	687	replicate-2
pb1	520	669	replicate-2
pb1	521	672	replicate-2
pb1	522	680	replicate-2
pb1	523	692	replicate-2
pb1	524	691	replicate-2
pb1	525	697	replicate-2
pb1	526	696	replicate-2
pb1	527	692	replicate-2
pb1	528	702	replicate-2
pb1	529	717	replicate-2
pb1	530	727	replicate-2
pb1	531	716	replicate-2
pb1	532	729	replicate-2
pb1	533	737	replicate-2
pb1	534	738	replicate-2
pb1	535	738	replicate-2
pb1	536	740	replicate-2
pb1	537	730	replicate-2
pb1	538	742	replicate-2
pb1	539	733	replicate-2
pb1	540	728	replicate-2
pb1	541	717	replicate-2
pb1	542	720	replicate-2
pb1	543	722	replicate-2
pb1	544	730	replicate-2
pb1	545	732	replicate-2
pb1	546	742	replicate-2
pb1	547	759	replicate-2
pb1	548	757	replicate-2
pb1	549	754	replicate-2
pb1	550	742	replicate-2
pb1	551	752	replicate-2
pb1	552	750	replicate-2
pb1	553	752	replicate-2
pb1	554	750	replicate-2
pb1	555	748	replicate-2
pb1	556	729	replicate-2
pb1	557	728	replicate-2
pb1	558	729	replicate-2
pb1	559	731	replicate-2
pb1	560	729	replicate-2
pb1	561	759	replicate-2
pb1	562	771	replicate-2
pb1	563	774	replicate-2
pb1	564	771	replicate-2
pb1	565	766	replicate-2
pb1	566	784	replicate-2
pb1	567	785	replicate-2
pb1	568	780	replicate-2
pb1	569	780	replicate-2
pb1	570	739	replicate-2
pb1	571	741	replicate-2
pb1	572	736	replicate-2
pb1	573	730	replicate-2
pb1	574	734	replicate-2
pb1	575	725	replicate-2
pb1	576	734	replicate-2
pb1	577	736	replicate-2
pb1	578	738	replicate-2
pb1	579	733	replicate-2
pb1	580	733	replicate-2
pb1	581	732	replicate-2
pb1	582	737	replicate-2
pb1	583	734	replicate-2
pb1	584	737	replicate-2
pb1	585	748	replicate-2
pb1	586	752	replicate-2
pb1	587	777	replicate-2
pb1	588	775	replicate-2
pb1	589	773	replicate-2
pb1	590	783	replicate-2
pb1	591	785	replicate-2
pb1	592	774	replicate-2
pb1	593	763	replicate-2
pb1	594	732	replicate-2
pb1	595	737	replicate-2
pb1	596	725	replicate-2
pb1	597	732	replicate-2
pb1	598	727	replicate-2
pb1	599	728	replicate-2
pb1	600	734	replicate-2
pb1	601	735	replicate-2
pb1	602	729	replicate-2
pb1	603	726	replicate-2
pb1	604	704	replicate-2
pb1	605	706	replicate-2
pb1	606	707	replicate-2
pb1	607	706	replicate-2
pb1	608	691	replicate-2
pb1	609	681	replicate-2
pb1	610	676	replicate-2
pb1	611	666	replicate-2
pb1	612	659	replicate-2
pb1	613	656	replicate-2
pb1	614	660	replicate-2
pb1	615	665	replicate-2
pb1	616	662	replicate-2
pb1	617	665	replicate-2
pb1	618	664	replicate-2
pb1	619	664	replicate-2
pb1	620	664	replicate-2
pb1	621	661	replicate-2
pb1	622	665	replicate-2
pb1	623	663	replicate-2
pb1	624	659	replicate-2
pb1	625	661	replicate-2
pb1	626	679	replicate-2
pb1	627	674	replicate-2
pb1	628	676	replicate-2
pb1	629	673	replicate-2
pb1	630	677	replicate-2
pb1	631	673	replicate-2
pb1	632	696	replicate-2
pb1	633	698	replicate-2
pb1	634	699	replicate-2
pb1	635	701	replicate-2
pb1	636	675	replicate-2
pb1	637	676	replicate-2
pb1	638	674	replicate-2
pb1	639	668	replicate-2
pb1	640	671	replicate-2
pb1	641	656	replicate-2
pb1	642	653	replicate-2
pb1	643	650	replicate-2
pb1	644	633	replicate-2
pb1	645	639	replicate-2
pb1	646	633	replicate-2
pb1	647	628	replicate-2
pb1	648	630	replicate-2
pb1	649	622	replicate-2
pb1	650	616	replicate-2
pb1	651	620	replicate-2
pb1	652	620	replicate-2
pb1	653	614	replicate-2
pb1	654	615	replicate-2
pb1	655	600	replicate-2
pb1	656	609	replicate-2
pb1	657	612	replicate-2
pb1	658	607	replicate-2
pb1	659	602	replicate-2
pb1	660	602	replicate-2
pb1	661	605	replicate-2
pb1	662	607	replicate-2
pb1	663	607	replicate-2
pb1	664	606	replicate-2
pb1	665	571	replicate-2
pb1	666	569	replicate-2
pb1	667	569	replicate-2
pb1	668	570	replicate-2
pb1	669	567	replicate-2
pb1	670	544	replicate-2
pb1	671	545	replicate-2
pb1	672	543	replicate-2
pb1	673	531	replicate-2
pb1	674	569	replicate-2
pb1	675	570	replicate-2
pb1	676	573	replicate-2
pb1	677	573	replicate-2
pb1	678	566	replicate-2
pb1	679	565	replicate-2
pb1	680	564	replicate-2
pb1	681	561	replicate-2
pb1	682	548	replicate-2
pb1	683	549	replicate-2
pb1	684	515	replicate-2
pb1	685	526	replicate-2
pb1	686	532	replicate-2
pb1	687	512	replicate-2
pb1	688	514	replicate-2
pb1	689	504	replicate-2
pb1	690	503	replicate-2
pb1	691	510	replicate-2
pb1	692	515	replicate-2
pb1	693	491	replicate-2
pb1	694	488	replicate-2
pb1	695	465	replicate-2
pb1	696	477	replicate-2
pb1	697	471	replicate-2
pb1	698	468	replicate-2
pb1	699	473	replicate-2
pb1	700	449	replicate-2
pb1	701	456	replicate-2
pb1	702	448	replicate-2
pb1	703	450	replicate-2
pb1	704	455	replicate-2
pb1	705	446	replicate-2
pb1	706	445	replicate-2
pb1	707	446	replicate-2
pb1	708	442	replicate-2
pb1	709	439	replicate-2
pb1	710	415	replicate-2
pb1	711	413	replicate-2
pb1	712	401	replicate-2
pb1	713	392	replicate-2
pb1	714	383	replicate-2
pb1	715	382	replicate-2
pb1	716	385	replicate-2
pb1	717	385	replicate-2
pb1	718	386	replicate-2
pb1	719	389	replicate-2
pb1	720	388	replicate-2
pb1	721	391	replicate-2
pb1	722	389	replicate-2
pb1	723	393	replicate-2
pb1	724	391	replicate-2
pb1	725	392	replicate-2
pb1	726	390	replicate-2
pb1	727	395	replicate-2
pb1	728	398	replicate-2
pb1	729	409	replicate-2
pb1	730	412	replicate-2
pb1	731	411	replicate-2
pb1	732	410	replicate-2
pb1	733	409	replicate-2
pb1	734	409	replicate-2
pb1	735	411	replicate-2
pb1	736	402	replicate-2
pb1	737	401	replicate-2
pb1	738	396	replicate-2
pb1	739	390	replicate-2
pb1	740	403	replicate-2
pb1	741	394	replicate-2
pb1	742	397	replicate-2
pb1	743	402	replicate-2
pb1	744	393	replicate-2
pb1	745	389	replicate-2
pb1	746	391	replicate-2
pb1	747	390	replicate-2
pb1	748	392	replicate-2
pb1	749	378	replicate-2
pb1	750	372	replicate-2
pb1	751	366	replicate-2
pb1	752	371	replicate-2
pb1	753	363	replicate-2
pb1	754	367	replicate-2
pb1	755	360	replicate-2
pb1	756	356	replicate-2
pb1	757	353	replicate-2
pb1	758	354	replicate-2
pb1	759	354	replicate-2
pb1	760	371	replicate-2
pb1	761	374	replicate-2
pb1	762	375	replicate-2
pb1	763	376	replicate-2
pb1	764	368	replicate-2
pb1	765	377	replicate-2
pb1	766	380	replicate-2
pb1	767	372	replicate-2
pb1	768	372	replicate-2
pb1	769	356	replicate-2
pb1	770	356	replicate-2
pb1	771	357	replicate-2
pb1	772	359	replicate-2
pb1	773	369	replicate-2
pb1	774	362	replicate-2
pb1	775	374	replicate-2
pb1	776	371	replicate-2
pb1	777	367	replicate-2
pb1	778	377	replicate-2
pb1	779	374	replicate-2
pb1	780	375	replicate-2
pb1	781	376	replicate-2
pb1	782	359	replicate-2
pb1	783	360	replicate-2
pb1	784	349	replicate-2
pb1	785	346	replicate-2
pb1	786	348	replicate-2
pb1	787	356	replicate-2
pb1	788	358	replicate-2
pb1	789	357	replicate-2
pb1	790	357	replicate-2
pb1	791	357	replicate-2
pb1	792	358	replicate-2
pb1	793	360	replicate-2
pb1	794	375	replicate-2
pb1	795	385	replicate-2
pb1	796	388	replicate-2
pb1	797	387	replicate-2
pb1	798	388	replicate-2
pb1	799	389	replicate-2
pb1	800	390	replicate-2
pb1	801	390	replicate-2
pb1	802	391	replicate-2
pb1	803	383	replicate-2
pb1	804	392	replicate-2
pb1	805	390	replicate-2
pb1	806	399	replicate-2
pb1	807	392	replicate-2
pb1	808	391	replicate-2
pb1	809	402	replicate-2
pb1	810	403	replicate-2
pb1	811	403	replicate-2
pb1	812	404	replicate-2
pb1	813	399	replicate-2
pb1	814	400	replicate-2
pb1	815	391	replicate-2
pb1	816	389	replicate-2
pb1	817	388	replicate-2
pb1	818	394	replicate-2
pb1	819	399	replicate-2
pb1	820	402	replicate-2
pb1	821	400	replicate-2
pb1	822	398	replicate-2
pb1	823	402	replicate-2
pb1	824	397	replicate-2
pb1	825	397	replicate-2
pb1	826	400	replicate-2
pb1	827	395	replicate-2
pb1	828	405	replicate-2
pb1	829	408	replicate-2
pb1	830	409	replicate-2
pb1	831	405	replicate-2
pb1	832	405	replicate-2
pb1	833	404	replicate-2
pb1	834	403	replicate-2
pb1	835	397	replicate-2
pb1	836	391	replicate-2
pb1	837	398	replicate-2
pb1	838	395	replicate-2
pb1	839	397	replicate-2
pb1	840	399	replicate-2
pb1	841	408	replicate-2
pb1	842	408	replicate-2
pb1	843	408	replicate-2
pb1	844	413	replicate-2
pb1	845	418	replicate-2
pb1	846	411	replicate-2
pb1	847	411	replicate-2
pb1	848	416	replicate-2
pb1	849	414	replicate-2
pb1	850	410	replicate-2
pb1	851	420	replicate-2
pb1	852	422	replicate-2
pb1	853	421	replicate-2
pb1	854	416	replicate-2
pb1	855	415	replicate-2
pb1	856	417	replicate-2
pb1	857	416	replicate-2
pb1	858	420	replicate-2
pb1	859	421	replicate-2
pb1	860	422	replicate-2
pb1	861	432	replicate-2
pb1	862	432	replicate-2
pb1	863	432	replicate-2
pb1	864	431	replicate-2
pb1	865	431	replicate-2
pb1	866	430	replicate-2
pb1	867	434	replicate-2
pb1	868	432	replicate-2
pb1	869	425	replicate-2
pb1	870	440	replicate-2
pb1	871	443	replicate-2
pb1	872	444	replicate-2
pb1	873	444	replicate-2
pb1	874	444	replicate-2
pb1	875	448	replicate-2
pb1	876	446	replicate-2
pb1	877	443	replicate-2
pb1	878	448	replicate-2
pb1	879	429	replicate-2
pb1	880	431	replicate-2
pb1	881	424	replicate-2
pb1	882	426	replicate-2
pb1	883	425	replicate-2
pb1	884	429	replicate-2
pb1	885	430	replicate-2
pb1	886	427	replicate-2
pb1	887	427	replicate-2
pb1	888	428	replicate-2
pb1	889	438	replicate-2
pb1	890	436	replicate-2
pb1	891	430	replicate-2
pb1	892	432	replicate-2
pb1	893	428	replicate-2
pb1	894	428	replicate-2
pb1	895	426	replicate-2
pb1	896	427	replicate-2
pb1	897	426	replicate-2
pb1	898	419	replicate-2
pb1	899	424	replicate-2
pb1	900	426	replicate-2
pb1	901	432	replicate-2
pb1	902	439	replicate-2
pb1	903	441	replicate-2
pb1	904	448	replicate-2
pb1	905	446	replicate-2
pb1	906	444	replicate-2
pb1	907	447	replicate-2
pb1	908	465	replicate-2
pb1	909	462	replicate-2
pb1	910	451	replicate-2
pb1	911	451	replicate-2
pb1	912	442	replicate-2
pb1	913	455	replicate-2
pb1	914	450	replicate-2
pb1	915	454	replicate-2
pb1	916	456	replicate-2
pb1	917	452	replicate-2
pb1	918	458	replicate-2
pb1	919	458	replicate-2
pb1	920	464	replicate-2
pb1	921	471	replicate-2
pb1	922	472	replicate-2
pb1	923	469	replicate-2
pb1	924	468	replicate-2
pb1	925	464	replicate-2
pb1	926	464	replicate-2
pb1	927	453	replicate-2
pb1	928	451	replicate-2
pb1	929	461	replicate-2
pb1	930	469	replicate-2
pb1	931	470	replicate-2
pb1	932	479	replicate-2
pb1	933	474	replicate-2
pb1	934	481	replicate-2
pb1	935	487	replicate-2
pb1	936	494	replicate-2
pb1	937	493	replicate-2
pb1	938	488	replicate-2
pb1	939	487	replicate-2
pb1	940	484	replicate-2
pb1	941	470	replicate-2
pb1	942	491	replicate-2
pb1	943	497	replicate-2
pb1	944	494	replicate-2
pb1	945	467	replicate-2
pb1	946	464	replicate-2
pb1	947	461	replicate-2
pb1	948	462	replicate-2
pb1	949	462	replicate-2
pb1	950	457	replicate-2
pb1	951	458	replicate-2
pb1	952	453	replicate-2
pb1	953	450	replicate-2
pb1	954	444	replicate-2
pb1	955	442	replicate-2
pb1	956	442	replicate-2
pb1	957	438	replicate-2
pb1	958	438	replicate-2
pb1	959	434	replicate-2
pb1	960	433	replicate-2
pb1	961	431	replicate-2
pb1	962	427	replicate-2
pb1	963	430	replicate-2
pb1	964	430	replicate-2
pb1	965	429	replicate-2
pb1	966	429	replicate-2
pb1	967	438	replicate-2
pb1	968	435	replicate-2
pb1	969	433	replicate-2
pb1	970	435	replicate-2
pb1	971	461	replicate-2
pb1	972	468	replicate-2
pb1	973	465	replicate-2
pb1	974	463	replicate-2
pb1	975	474	replicate-2
pb1	976	466	replicate-2
pb1	977	465	replicate-2
pb1	978	464	replicate-2
pb1	979	461	replicate-2
pb1	980	458	replicate-2
pb1	981	463	replicate-2
pb1	982	464	replicate-2
pb1	983	462	replicate-2
pb1	984	444	replicate-2
pb1	985	454	replicate-2
pb1	986	461	replicate-2
pb1	987	463	replicate-2
pb1	988	466	replicate-2
pb1	989	466	replicate-2
pb1	990	471	replicate-2
pb1	991	471	replicate-2
pb1	992	520	replicate-2
pb1	993	560	replicate-2
pb1	994	553	replicate-2
pb1	995	550	replicate-2
pb1	996	552	replicate-2
pb1	997	548	replicate-2
pb1	998	547	replicate-2
pb1	999	544	replicate-2
pb1	1000	557	replicate-2
pb1	1001	559	replicate-2
pb1	1002	515	replicate-2
pb1	1003	516	replicate-2
pb1	1004	514	replicate-2
pb1	1005	524	replicate-2
pb1	1006	531	replicate-2
pb1	1007	529	replicate-2
pb1	1008	527	replicate-2
pb1	1009	522	replicate-2
pb1	1010	515	replicate-2
pb1	1011	519	replicate-2
pb1	1012	523	replicate-2
pb1	1013	528	replicate-2
pb1	1014	517	replicate-2
pb1	1015	517	replicate-2
pb1	1016	523	replicate-2
pb1	1017	521	replicate-2
pb1	1018	523	replicate-2
pb1	1019	535	replicate-2
pb1	1020	589	replicate-2
pb1	1021	584	replicate-2
pb1	1022	588	replicate-2
pb1	1023	588	replicate-2
pb1	1024	586	replicate-2
pb1	1025	594	replicate-2
pb1	1026	595	replicate-2
pb1	1027	595	replicate-2
pb1	1028	594	replicate-2
pb1	1029	555	replicate-2
pb1	1030	595	replicate-2
pb1	1031	598	replicate-2
pb1	1032	603	replicate-2
pb1	1033	598	replicate-2
pb1	1034	598	replicate-2
pb1	1035	601	replicate-2
pb1	1036	598	replicate-2
pb1	1037	607	replicate-2
pb1	1038	610	replicate-2
pb1	1039	587	replicate-2
pb1	1040	592	replicate-2
pb1	1041	593	replicate-2
pb1	1042	599	replicate-2
pb1	1043	605	replicate-2
pb1	1044	603	replicate-2
pb1	1045	656	replicate-2
pb1	1046	640	replicate-2
pb1	1047	636	replicate-2
pb1	1048	656	replicate-2
pb1	1049	656	replicate-2
pb1	1050	653	replicate-2
pb1	1051	656	replicate-2
pb1	1052	641	replicate-2
pb1	1053	641	replicate-2
pb1	1054	598	replicate-2
pb1	1055	594	replicate-2
pb1	1056	594	replicate-2
pb1	1057	588	replicate-2
pb1	1058	587	replicate-2
pb1	1059	587	replicate-2
pb1	1060	589	replicate-2
pb1	1061	587	replicate-2
pb1	1062	592	replicate-2
pb1	1063	590	replicate-2
pb1	1064	594	replicate-2
pb1	1065	604	replicate-2
pb1	1066	623	replicate-2
pb1	1067	619	replicate-2
pb1	1068	627	replicate-2
pb1	1069	631	replicate-2
pb1	1070	629	replicate-2
pb1	1071	628	replicate-2
pb1	1072	633	replicate-2
pb1	1073	647	replicate-2
pb1	1074	651	replicate-2
pb1	1075	656	replicate-2
pb1	1076	651	replicate-2
pb1	1077	660	replicate-2
pb1	1078	663	replicate-2
pb1	1079	673	replicate-2
pb1	1080	672	replicate-2
pb1	1081	662	replicate-2
pb1	1082	641	replicate-2
pb1	1083	638	replicate-2
pb1	1084	672	replicate-2
pb1	1085	680	replicate-2
pb1	1086	688	replicate-2
pb1	1087	686	replicate-2
pb1	1088	685	replicate-2
pb1	1089	687	replicate-2
pb1	1090	687	replicate-2
pb1	1091	688	replicate-2
pb1	1092	693	replicate-2
pb1	1093	679	replicate-2
pb1	1094	678	replicate-2
pb1	1095	680	replicate-2
pb1	1096	683	replicate-2
pb1	1097	688	replicate-2
pb1	1098	710	replicate-2
pb1	1099	705	replicate-2
pb1	1100	715	replicate-2
pb1	1101	714	replicate-2
pb1	1102	714	replicate-2
pb1	1103	716	replicate-2
pb1	1104	723	replicate-2
pb1	1105	731	replicate-2
pb1	1106	744	replicate-2
pb1	1107	726	replicate-2
pb1	1108	724	replicate-2
pb1	1109	717	replicate-2
pb1	1110	715	replicate-2
pb1	1111	715	replicate-2
pb1	1112	712	replicate-2
pb1	1113	714	replicate-2
pb1	1114	710	replicate-2
pb1	1115	719	replicate-2
pb1	1116	719	replicate-2
pb1	1117	721	replicate-2
pb1	1118	719	replicate-2
pb1	1119	715	replicate-2
pb1	1120	710	replicate-2
pb1	1121	732	replicate-2
pb1	1122	722	replicate-2
pb1	1123	725	replicate-2
pb1	1124	725	replicate-2
pb1	1125	732	replicate-2
pb1	1126	730	replicate-2
pb1	1127	730	replicate-2
pb1	1128	728	replicate-2
pb1	1129	736	replicate-2
pb1	1130	703	replicate-2
pb1	1131	702	replicate-2
pb1	1132	698	replicate-2
pb1	1133	700	replicate-2
pb1	1134	700	replicate-2
pb1	1135	701	replicate-2
pb1	1136	708	replicate-2
pb1	1137	706	replicate-2
pb1	1138	709	replicate-2
pb1	1139	709	replicate-2
pb1	1140	716	replicate-2
pb1	1141	702	replicate-2
pb1	1142	701	replicate-2
pb1	1143	713	replicate-2
pb1	1144	706	replicate-2
pb1	1145	702	replicate-2
pb1	1146	697	replicate-2
pb1	1147	696	replicate-2
pb1	1148	727	replicate-2
pb1	1149	724	replicate-2
pb1	1150	722	replicate-2
pb1	1151	720	replicate-2
pb1	1152	698	replicate-2
pb1	1153	717	replicate-2
pb1	1154	718	replicate-2
pb1	1155	720	replicate-2
pb1	1156	720	replicate-2
pb1	1157	685	replicate-2
pb1	1158	712	replicate-2
pb1	1159	716	replicate-2
pb1	1160	717	replicate-2
pb1	1161	731	replicate-2
pb1	1162	728	replicate-2
pb1	1163	746	replicate-2
pb1	1164	743	replicate-2
pb1	1165	747	replicate-2
pb1	1166	748	replicate-2
pb1	1167	737	replicate-2
pb1	1168	730	replicate-2
pb1	1169	731	replicate-2
pb1	1170	713	replicate-2
pb1	1171	708	replicate-2
pb1	1172	696	replicate-2
pb1	1173	714	replicate-2
pb1	1174	712	replicate-2
pb1	1175	712	replicate-2
pb1	1176	713	replicate-2
pb1	1177	714	replicate-2
pb1	1178	727	replicate-2
pb1	1179	725	replicate-2
pb1	1180	722	replicate-2
pb1	1181	717	replicate-2
pb1	1182	737	replicate-2
pb1	1183	736	replicate-2
pb1	1184	733	replicate-2
pb1	1185	740	replicate-2
pb1	1186	746	replicate-2
pb1	1187	736	replicate-2
pb1	1188	734	replicate-2
pb1	1189	730	replicate-2
pb1	1190	734	replicate-2
pb1	1191	716	replicate-2
pb1	1192	720	replicate-2
pb1	1193	718	replicate-2
pb1	1194	714	replicate-2
pb1	1195	708	replicate-2
pb1	1196	709	replicate-2
pb1	1197	718	replicate-2
pb1	1198	719	replicate-2
pb1	1199	718	replicate-2
pb1	1200	715	replicate-2
pb1	1201	706	replicate-2
pb1	1202	708	replicate-2
pb1	1203	712	replicate-2
pb1	1204	703	replicate-2
pb1	1205	698	replicate-2
pb1	1206	695	replicate-2
pb1	1207	799	replicate-2
pb1	1208	805	replicate-2
pb1	1209	811	replicate-2
pb1	1210	827	replicate-2
pb1	1211	822	replicate-2
pb1	1212	833	replicate-2
pb1	1213	834	replicate-2
pb1	1214	835	replicate-2
pb1	1215	844	replicate-2
pb1	1216	816	replicate-2
pb1	1217	737	replicate-2
pb1	1218	735	replicate-2
pb1	1219	730	replicate-2
pb1	1220	737	replicate-2
pb1	1221	738	replicate-2
pb1	1222	735	replicate-2
pb1	1223	730	replicate-2
pb1	1224	718	replicate-2
pb1	1225	742	replicate-2
pb1	1226	747	replicate-2
pb1	1227	750	replicate-2
pb1	1228	755	replicate-2
pb1	1229	774	replicate-2
pb1	1230	778	replicate-2
pb1	1231	776	replicate-2
pb1	1232	776	replicate-2
pb1	1233	775	replicate-2
pb1	1234	748	replicate-2
pb1	1235	753	replicate-2
pb1	1236	754	replicate-2
pb1	1237	749	replicate-2
pb1	1238	749	replicate-2
pb1	1239	741	replicate-2
pb1	1240	759	replicate-2
pb1	1241	769	replicate-2
pb1	1242	769	replicate-2
pb1	1243	767	replicate-2
pb1	1244	749	replicate-2
pb1	1245	776	replicate-2
pb1	1246	905	replicate-2
pb1	1247	1226	replicate-2
pb1	1248	1324	replicate-2
pb1	1249	1325	replicate-2
pb1	1250	1325	replicate-2
pb1	1251	1510	replicate-2
pb1	1252	2249	replicate-2
pb1	1253	2298	replicate-2
pb1	1254	2292	replicate-2
pb1	1255	2486	replicate-2
pb1	1256	2732	replicate-2
pb1	1257	3508	replicate-2
pb1	1258	3581	replicate-2
pb1	1259	3803	replicate-2
pb1	1260	3951	replicate-2
pb1	1261	3957	replicate-2
pb1	1262	4010	replicate-2
pb1	1263	4034	replicate-2
pb1	1264	4269	replicate-2
pb1	1265	4321	replicate-2
pb1	1266	5436	replicate-2
pb1	1267	5611	replicate-2
pb1	1268	5631	replicate-2
pb1	1269	5830	replicate-2
pb1	1270	5837	replicate-2
pb1	1271	6576	replicate-2
pb1	1272	6594	replicate-2
pb1	1273	6599	replicate-2
pb1	1274	6758	replicate-2
pb1	1275	6820	replicate-2
pb1	1276	8233	replicate-2
pb1	1277	8403	replicate-2
pb1	1278	8447	replicate-2
pb1	1279	8472	replicate-2
pb1	1280	8590	replicate-2
pb1	1281	8634	replicate-2
pb1	1282	8649	replicate-2
pb1	1283	8678	replicate-2
pb1	1284	8694	replicate-2
pb1	1285	8709	replicate-2
pb1	1286	8703	replicate-2
pb1	1287	8730	replicate-2
pb1	1288	8792	replicate-2
pb1	1289	8817	replicate-2
pb1	1290	8831	replicate-2
pb1	1291	8963	replicate-2
pb1	1292	8968	replicate-2
pb1	1293	9127	replicate-2
pb1	1294	9138	replicate-2
pb1	1295	9148	replicate-2
pb1	1296	9168	replicate-2
pb1	1297	9188	replicate-2
pb1	1298	9388	replicate-2
pb1	1299	9386	replicate-2
pb1	1300	9388	replicate-2
pb1	1301	9391	replicate-2
pb1	1302	9392	replicate-2
pb1	1303	9662	replicate-2
pb1	1304	9826	replicate-2
pb1	1305	9841	replicate-2
pb1	1306	9902	replicate-2
pb1	1307	9901	replicate-2
pb1	1308	9977	replicate-2
pb1	1309	10011	replicate-2
pb1	1310	10021	replicate-2
pb1	1311	10247	replicate-2
pb1	1312	10233	replicate-2
pb1	1313	10256	replicate-2
pb1	1314	10314	replicate-2
pb1	1315	10327	replicate-2
pb1	1316	10355	replicate-2
pb1	1317	10788	replicate-2
pb1	1318	10749	replicate-2
pb1	1319	10995	replicate-2
pb1	1320	10947	replicate-2
pb1	1321	10906	replicate-2
pb1	1322	11258	replicate-2
pb1	1323	11369	replicate-2
pb1	1324	13168	replicate-2
pb1	1325	13653	replicate-2
pb1	1326	13515	replicate-2
pb1	1327	14324	replicate-2
pb1	1328	14293	replicate-2
pb1	1329	15055	replicate-2
pb1	1330	15148	replicate-2
pb1	1331	15079	replicate-2
pb1	1332	15268	replicate-2
pb1	1333	14542	replicate-2
pb1	1334	14711	replicate-2
pb1	1335	14831	replicate-2
pb1	1336	14586	replicate-2
pb1	1337	14635	replicate-2
pb1	1338	14542	replicate-2
pb1	1339	14551	replicate-2
pb1	1340	14698	replicate-2
pb1	1341	14638	replicate-2
pb1	1342	14639	replicate-2
pb1	1343	15139	replicate-2
pb1	1344	15087	replicate-2
pb1	1345	15303	replicate-2
pb1	1346	15329	replicate-2
pb1	1347	15514	replicate-2
pb1	1348	15569	replicate-2
pb1	1349	15603	replicate-2
pb1	1350	15634	replicate-2
pb1	1351	15643	replicate-2
pb1	1352	15445	replicate-2
pb1	1353	15473	replicate-2
pb1	1354	15965	replicate-2
pb1	1355	15975	replicate-2
pb1	1356	15941	replicate-2
pb1	1357	15974	replicate-2
pb1	1358	15987	replicate-2
pb1	1359	15975	replicate-2
pb1	1360	16005	replicate-2
pb1	1361	16117	replicate-2
pb1	1362	16156	replicate-2
pb1	1363	15969	replicate-2
pb1	1364	15957	replicate-2
pb1	1365	15955	replicate-2
pb1	1366	16064	replicate-2
pb1	1367	16363	replicate-2
pb1	1368	16360	replicate-2
pb1	1369	17008	replicate-2
pb1	1370	16923	replicate-2
pb1	1371	17562	replicate-2
pb1	1372	17585	replicate-2
pb1	1373	17639	replicate-2
pb1	1374	17715	replicate-2
pb1	1375	18072	replicate-2
pb1	1376	17808	replicate-2
pb1	1377	17893	replicate-2
pb1	1378	17427	replicate-2
pb1	1379	17392	replicate-2
pb1	1380	16856	replicate-2
pb1	1381	17160	replicate-2
pb1	1382	17305	replicate-2
pb1	1383	17226	replicate-2
pb1	1384	17224	replicate-2
pb1	1385	17017	replicate-2
pb1	1386	17034	replicate-2
pb1	1387	16988	replicate-2
pb1	1388	16954	replicate-2
pb1	1389	17278	replicate-2
pb1	1390	16916	replicate-2
pb1	1391	16819	replicate-2
pb1	1392	16788	replicate-2
pb1	1393	16862	replicate-2
pb1	1394	17008	replicate-2
pb1	1395	17032	replicate-2
pb1	1396	17080	replicate-2
pb1	1397	17149	replicate-2
pb1	1398	16645	replicate-2
pb1	1399	16847	replicate-2
pb1	1400	16854	replicate-2
pb1	1401	16856	replicate-2
pb1	1402	16683	replicate-2
pb1	1403	16490	replicate-2
pb1	1404	16462	replicate-2
pb1	1405	16371	replicate-2
pb1	1406	16307	replicate-2
pb1	1407	16142	replicate-2
pb1	1408	16650	replicate-2
pb1	1409	16729	replicate-2
pb1	1410	16646	replicate-2
pb1	1411	16683	replicate-2
pb1	1412	16533	replicate-2
pb1	1413	16470	replicate-2
pb1	1414	16554	replicate-2
pb1	1415	16377	replicate-2
pb1	1416	16160	replicate-2
pb1	1417	15026	replicate-2
pb1	1418	15253	replicate-2
pb1	1419	16079	replicate-2
pb1	1420	16011	replicate-2
pb1	1421	16006	replicate-2
pb1	1422	17268	replicate-2
pb1	1423	17111	replicate-2
pb1	1424	17264	replicate-2
pb1	1425	17263	replicate-2
pb1	1426	17129	replicate-2
pb1	1427	17036	replicate-2
pb1	1428	16194	replicate-2
pb1	1429	16365	replicate-2
pb1	1430	16638	replicate-2
pb1	1431	15622	replicate-2
pb1	1432	15629	replicate-2
pb1	1433	15606	replicate-2
pb1	1434	15643	replicate-2
pb1	1435	15649	replicate-2
pb1	1436	15589	replicate-2
pb1	1437	15587	replicate-2
pb1	1438	15584	replicate-2
pb1	1439	15329	replicate-2
pb1	1440	15490	replicate-2
pb1	1441	15528	replicate-2
pb1	1442	15522	replicate-2
pb1	1443	15560	replicate-2
pb1	1444	15568	replicate-2
pb1	1445	15899	replicate-2
pb1	1446	15970	replicate-2
pb1	1447	16009	replicate-2
pb1	1448	16030	replicate-2
pb1	1449	16017	replicate-2
pb1	1450	15925	replicate-2
pb1	1451	16006	replicate-2
pb1	1452	16024	replicate-2
pb1	1453	16114	replicate-2
pb1	1454	15513	replicate-2
pb1	1455	15606	replicate-2
pb1	1456	15715	replicate-2
pb1	1457	15764	replicate-2
pb1	1458	15607	replicate-2
pb1	1459	15786	replicate-2
pb1	1460	15757	replicate-2
pb1	1461	15902	replicate-2
pb1	1462	15968	replicate-2
pb1	1463	15931	replicate-2
pb1	1464	15860	replicate-2
pb1	1465	15674	replicate-2
pb1	1466	15597	replicate-2
pb1	1467	15946	replicate-2
pb1	1468	15973	replicate-2
pb1	1469	15977	replicate-2
pb1	1470	16076	replicate-2
pb1	1471	16311	replicate-2
pb1	1472	16862	replicate-2
pb1	1473	16804	replicate-2
pb1	1474	16810	replicate-2
pb1	1475	16454	replicate-2
pb1	1476	16240	replicate-2
pb1	1477	16219	replicate-2
pb1	1478	16005	replicate-2
pb1	1479	15967	replicate-2
pb1	1480	15128	replicate-2
pb1	1481	15669	replicate-2
pb1	1482	15743	replicate-2
pb1	1483	15675	replicate-2
pb1	1484	15651	replicate-2
pb1	1485	15248	replicate-2
pb1	1486	15317	replicate-2
pb1	1487	15638	replicate-2
pb1	1488	15614	replicate-2
pb1	1489	15660	replicate-2
pb1	1490	15256	replicate-2
pb1	1491	14992	replicate-2
pb1	1492	15008	replicate-2
pb1	1493	14951	replicate-2
pb1	1494	14915	replicate-2
pb1	1495	14875	replicate-2
pb1	1496	14642	replicate-2
pb1	1497	14636	replicate-2
pb1	1498	14605	replicate-2
pb1	1499	14417	replicate-2
pb1	1500	14468	replicate-2
pb1	1501	14433	replicate-2
pb1	1502	14442	replicate-2
pb1	1503	14445	replicate-2
pb1	1504	14600	replicate-2
pb1	1505	14562	replicate-2
pb1	1506	14555	replicate-2
pb1	1507	14588	replicate-2
pb1	1508	14586	replicate-2
pb1	1509	14571	replicate-2
pb1	1510	14621	replicate-2
pb1	1511	14658	replicate-2
pb1	1512	14652	replicate-2
pb1	1513	14528	replicate-2
pb1	1514	14532	replicate-2
pb1	1515	14539	replicate-2
pb1	1516	14620	replicate-2
pb1	1517	14761	replicate-2
pb1	1518	14910	replicate-2
pb1	1519	14850	replicate-2
pb1	1520	14919	replicate-2
pb1	1521	14927	replicate-2
pb1	1522	14916	replicate-2
pb1	1523	15221	replicate-2
pb1	1524	15202	replicate-2
pb1	1525	15122	replicate-2
pb1	1526	14909	replicate-2
pb1	1527	14630	replicate-2
pb1	1528	14680	replicate-2
pb1	1529	14611	replicate-2
pb1	1530	14563	replicate-2
pb1	1531	14575	replicate-2
pb1	1532	14353	replicate-2
pb1	1533	14351	replicate-2
pb1	1534	14276	replicate-2
pb1	1535	14319	replicate-2
pb1	1536	14571	replicate-2
pb1	1537	14529	replicate-2
pb1	1538	14564	replicate-2
pb1	1539	14501	replicate-2
pb1	1540	14525	replicate-2
pb1	1541	14783	replicate-2
pb1	1542	14997	replicate-2
pb1	1543	15000	replicate-2
pb1	1544	14972	replicate-2
pb1	1545	14642	replicate-2
pb1	1546	14926	replicate-2
pb1	1547	14866	replicate-2
pb1	1548	14888	replicate-2
pb1	1549	14807	replicate-2
pb1	1550	14543	replicate-2
pb1	1551	14701	replicate-2
pb1	1552	14722	replicate-2
pb1	1553	14790	replicate-2
pb1	1554	14738	replicate-2
pb1	1555	14409	replicate-2
pb1	1556	15319	replicate-2
pb1	1557	15395	replicate-2
pb1	1558	15368	replicate-2
pb1	1559	15398	replicate-2
pb1	1560	15283	replicate-2
pb1	1561	15307	replicate-2
pb1	1562	15307	replicate-2
pb1	1563	15369	replicate-2
pb1	1564	15420	replicate-2
pb1	1565	14240	replicate-2
pb1	1566	15230	replicate-2
pb1	1567	15217	replicate-2
pb1	1568	15095	replicate-2
pb1	1569	15123	replicate-2
pb1	1570	15159	replicate-2
pb1	1571	15537	replicate-2
pb1	1572	15575	replicate-2
pb1	1573	15171	replicate-2
pb1	1574	15173	replicate-2
pb1	1575	14844	replicate-2
pb1	1576	14780	replicate-2
pb1	1577	14823	replicate-2
pb1	1578	14816	replicate-2
pb1	1579	14798	replicate-2
pb1	1580	14324	replicate-2
pb1	1581	14271	replicate-2
pb1	1582	14256	replicate-2
pb1	1583	14405	replicate-2
pb1	1584	14216	replicate-2
pb1	1585	14288	replicate-2
pb1	1586	14270	replicate-2
pb1	1587	14297	replicate-2
pb1	1588	14591	replicate-2
pb1	1589	14572	replicate-2
pb1	1590	14731	replicate-2
pb1	1591	14737	replicate-2
pb1	1592	14667	replicate-2
pb1	1593	14853	replicate-2
pb1	1594	14806	replicate-2
pb1	1595	15295	replicate-2
pb1	1596	15302	replicate-2
pb1	1597	14999	replicate-2
pb1	1598	15032	replicate-2
pb1	1599	14879	replicate-2
pb1	1600	15246	replicate-2
pb1	1601	16097	replicate-2
pb1	1602	15846	replicate-2
pb1	1603	15858	replicate-2
pb1	1604	15321	replicate-2
pb1	1605	15309	replicate-2
pb1	1606	15266	replicate-2
pb1	1607	15496	replicate-2
pb1	1608	15421	replicate-2
pb1	1609	16079	replicate-2
pb1	1610	15058	replicate-2
pb1	1611	15415	replicate-2
pb1	1612	15786	replicate-2
pb1	1613	15766	replicate-2
pb1	1614	15700	replicate-2
pb1	1615	15727	replicate-2
pb1	1616	15360	replicate-2
pb1	1617	15695	replicate-2
pb1	1618	15124	replicate-2
pb1	1619	15116	replicate-2
pb1	1620	15204	replicate-2
pb1	1621	14741	replicate-2
pb1	1622	15069	replicate-2
pb1	1623	15122	replicate-2
pb1	1624	15485	replicate-2
pb1	1625	15551	replicate-2
pb1	1626	15622	replicate-2
pb1	1627	15679	replicate-2
pb1	1628	15670	replicate-2
pb1	1629	15671	replicate-2
pb1	1630	15693	replicate-2
pb1	1631	16019	replicate-2
pb1	1632	16074	replicate-2
pb1	1633	15783	replicate-2
pb1	1634	15863	replicate-2
pb1	1635	15648	replicate-2
pb1	1636	16120	replicate-2
pb1	1637	16337	replicate-2
pb1	1638	16442	replicate-2
pb1	1639	16493	replicate-2
pb1	1640	16283	replicate-2
pb1	1641	16337	replicate-2
pb1	1642	16367	replicate-2
pb1	1643	16439	replicate-2
pb1	1644	16476	replicate-2
pb1	1645	16222	replicate-2
pb1	1646	16128	replicate-2
pb1	1647	16076	replicate-2
pb1	1648	16146	replicate-2
pb1	1649	16229	replicate-2
pb1	1650	16157	replicate-2
pb1	1651	16106	replicate-2
pb1	1652	16110	replicate-2
pb1	1653	16172	replicate-2
pb1	1654	16496	replicate-2
pb1	1655	16487	replicate-2
pb1	1656	16496	replicate-2
pb1	1657	16574	replicate-2
pb1	1658	16620	replicate-2
pb1	1659	16632	replicate-2
pb1	1660	16651	replicate-2
pb1	1661	16659	replicate-2
pb1	1662	16554	replicate-2
pb1	1663	16552	replicate-2
pb1	1664	16711	replicate-2
pb1	1665	16679	replicate-2
pb1	1666	16990	replicate-2
pb1	1667	16976	replicate-2
pb1	1668	16920	replicate-2
pb1	1669	16922	replicate-2
pb1	1670	16868	replicate-2
pb1	1671	16925	replicate-2
pb1	1672	17393	replicate-2
pb1	1673	17176	replicate-2
pb1	1674	17416	replicate-2
pb1	1675	17325	replicate-2
pb1	1676	17503	replicate-2
pb1	1677	17639	replicate-2
pb1	1678	17620	replicate-2
pb1	1679	17602	replicate-2
pb1	1680	17528	replicate-2
pb1	1681	17573	replicate-2
pb1	1682	17550	replicate-2
pb1	1683	18046	replicate-2
pb1	1684	18409	replicate-2
pb1	1685	18381	replicate-2
pb1	1686	18351	replicate-2
pb1	1687	18265	replicate-2
pb1	1688	18394	replicate-2
pb1	1689	18711	replicate-2
pb1	1690	18660	replicate-2
pb1	1691	18743	replicate-2
pb1	1692	18153	replicate-2
pb1	1693	18090	replicate-2
pb1	1694	18060	replicate-2
pb1	1695	18901	replicate-2
pb1	1696	19209	replicate-2
pb1	1697	20337	replicate-2
pb1	1698	20353	replicate-2
pb1	1699	20383	replicate-2
pb1	1700	20186	replicate-2
pb1	1701	20166	replicate-2
pb1	1702	19995	replicate-2
pb1	1703	20231	replicate-2
pb1	1704	20222	replicate-2
pb1	1705	19062	replicate-2
pb1	1706	18846	replicate-2
pb1	1707	19088	replicate-2
pb1	1708	19124	replicate-2
pb1	1709	19152	replicate-2
pb1	1710	19200	replicate-2
pb1	1711	19095	replicate-2
pb1	1712	19228	replicate-2
pb1	1713	18777	replicate-2
pb1	1714	18970	replicate-2
pb1	1715	18953	replicate-2
pb1	1716	18399	replicate-2
pb1	1717	18371	replicate-2
pb1	1718	18308	replicate-2
pb1	1719	18357	replicate-2
pb1	1720	18167	replicate-2
pb1	1721	18325	replicate-2
pb1	1722	18141	replicate-2
pb1	1723	18184	replicate-2
pb1	1724	18015	replicate-2
pb1	1725	18399	replicate-2
pb1	1726	18407	replicate-2
pb1	1727	18445	replicate-2
pb1	1728	18425	replicate-2
pb1	1729	18546	replicate-2
pb1	1730	18273	replicate-2
pb1	1731	18460	replicate-2
pb1	1732	18473	replicate-2
pb1	1733	18640	replicate-2
pb1	1734	18336	replicate-2
pb1	1735	18342	replicate-2
pb1	1736	18444	replicate-2
pb1	1737	18672	replicate-2
pb1	1738	18645	replicate-2
pb1	1739	18722	replicate-2
pb1	1740	18822	replicate-2
pb1	1741	18852	replicate-2
pb1	1742	18904	replicate-2
pb1	1743	18889	replicate-2
pb1	1744	18895	replicate-2
pb1	1745	18909	replicate-2
pb1	1746	18556	replicate-2
pb1	1747	18593	replicate-2
pb1	1748	18598	replicate-2
pb1	1749	18602	replicate-2
pb1	1750	18408	replicate-2
pb1	1751	18414	replicate-2
pb1	1752	18999	replicate-2
pb1	1753	19021	replicate-2
pb1	1754	19018	replicate-2
pb1	1755	19041	replicate-2
pb1	1756	19087	replicate-2
pb1	1757	18996	replicate-2
pb1	1758	18975	replicate-2
pb1	1759	18730	replicate-2
pb1	1760	18626	replicate-2
pb1	1761	18583	replicate-2
pb1	1762	18617	replicate-2
pb1	1763	18718	replicate-2
pb1	1764	18767	replicate-2
pb1	1765	19068	replicate-2
pb1	1766	19009	replicate-2
pb1	1767	18825	replicate-2
pb1	1768	18737	replicate-2
pb1	1769	18625	replicate-2
pb1	1770	18425	replicate-2
pb1	1771	18125	replicate-2
pb1	1772	18077	replicate-2
pb1	1773	18005	replicate-2
pb1	1774	17612	replicate-2
pb1	1775	17612	replicate-2
pb1	1776	17787	replicate-2
pb1	1777	17768	replicate-2
pb1	1778	17826	replicate-2
pb1	1779	17800	replicate-2
pb1	1780	17889	replicate-2
pb1	1781	18077	replicate-2
pb1	1782	17982	replicate-2
pb1	1783	17983	replicate-2
pb1	1784	18000	replicate-2
pb1	1785	17660	replicate-2
pb1	1786	17752	replicate-2
pb1	1787	17786	replicate-2
pb1	1788	17854	replicate-2
pb1	1789	17914	replicate-2
pb1	1790	17567	replicate-2
pb1	1791	17647	replicate-2
pb1	1792	17602	replicate-2
pb1	1793	17544	replicate-2
pb1	1794	17743	replicate-2
pb1	1795	17905	replicate-2
pb1	1796	17960	replicate-2
pb1	1797	18290	replicate-2
pb1	1798	18238	replicate-2
pb1	1799	18476	replicate-2
pb1	1800	18363	replicate-2
pb1	1801	18430	replicate-2
pb1	1802	18559	replicate-2
pb1	1803	18212	replicate-2
pb1	1804	17655	replicate-2
pb1	1805	17578	replicate-2
pb1	1806	17422	replicate-2
pb1	1807	17594	replicate-2
pb1	1808	17667	replicate-2
pb1	1809	17641	replicate-2
pb1	1810	17649	replicate-2
pb1	1811	17486	replicate-2
pb1	1812	17449	replicate-2
pb1	1813	19159	replicate-2
pb1	1814	19225	replicate-2
pb1	1815	19367	replicate-2
pb1	1816	19688	replicate-2
pb1	1817	19008	replicate-2
pb1	1818	19748	replicate-2
pb1	1819	19752	replicate-2
pb1	1820	19903	replicate-2
pb1	1821	20008	replicate-2
pb1	1822	17203	replicate-2
pb1	1823	17341	replicate-2
pb1	1824	17115	replicate-2
pb1	1825	17096	replicate-2
pb1	1826	17211	replicate-2
pb1	1827	16844	replicate-2
pb1	1828	16774	replicate-2
pb1	1829	16697	replicate-2
pb1	1830	16829	replicate-2
pb1	1831	16864	replicate-2
pb1	1832	16725	replicate-2
pb1	1833	16763	replicate-2
pb1	1834	16676	replicate-2
pb1	1835	16742	replicate-2
pb1	1836	16955	replicate-2
pb1	1837	16929	replicate-2
pb1	1838	16885	replicate-2
pb1	1839	16526	replicate-2
pb1	1840	16678	replicate-2
pb1	1841	17220	replicate-2
pb1	1842	17575	replicate-2
pb1	1843	17665	replicate-2
pb1	1844	17629	replicate-2
pb1	1845	17602	replicate-2
pb1	1846	17457	replicate-2
pb1	1847	17367	replicate-2
pb1	1848	17051	replicate-2
pb1	1849	17055	replicate-2
pb1	1850	16898	replicate-2
pb1	1851	16948	replicate-2
pb1	1852	16952	replicate-2
pb1	1853	17020	replicate-2
pb1	1854	16920	replicate-2
pb1	1855	16949	replicate-2
pb1	1856	16971	replicate-2
pb1	1857	16934	replicate-2
pb1	1858	16972	replicate-2
pb1	1859	17135	replicate-2
pb1	1860	17172	replicate-2
pb1	1861	17175	replicate-2
pb1	1862	17157	replicate-2
pb1	1863	17125	replicate-2
pb1	1864	17217	replicate-2
pb1	1865	17183	replicate-2
pb1	1866	17204	replicate-2
pb1	1867	17210	replicate-2
pb1	1868	17132	replicate-2
pb1	1869	17326	replicate-2
pb1	1870	17349	replicate-2
pb1	1871	17348	replicate-2
pb1	1872	17309	replicate-2
pb1	1873	17508	replicate-2
pb1	1874	17584	replicate-2
pb1	1875	17501	replicate-2
pb1	1876	17426	replicate-2
pb1	1877	17488	replicate-2
pb1	1878	17308	replicate-2
pb1	1879	17792	replicate-2
pb1	1880	17720	replicate-2
pb1	1881	18429	replicate-2
pb1	1882	18196	replicate-2
pb1	1883	18517	replicate-2
pb1	1884	18657	replicate-2
pb1	1885	18860	replicate-2
pb1	1886	18863	replicate-2
pb1	1887	19029	replicate-2
pb1	1888	18804	replicate-2
pb1	1889	18769	replicate-2
pb1	1890	18121	replicate-2
pb1	1891	18121	replicate-2
pb1	1892	18295	replicate-2
pb1	1893	18778	replicate-2
pb1	1894	18782	replicate-2
pb1	1895	18526	replicate-2
pb1	1896	19205	replicate-2
pb1	1897	19344	replicate-2
pb1	1898	19835	replicate-2
pb1	1899	19855	replicate-2
pb1	1900	19768	replicate-2
pb1	1901	19628	replicate-2
pb1	1902	18874	replicate-2
pb1	1903	19351	replicate-2
pb1	1904	19869	replicate-2
pb1	1905	19638	replicate-2
pb1	1906	19586	replicate-2
pb1	1907	19408	replicate-2
pb1	1908	19513	replicate-2
pb1	1909	19216	replicate-2
pb1	1910	19295	replicate-2
pb1	1911	19354	replicate-2
pb1	1912	18918	replicate-2
pb1	1913	18762	replicate-2
pb1	1914	18752	replicate-2
pb1	1915	18842	replicate-2
pb1	1916	18883	replicate-2
pb1	1917	18852	replicate-2
pb1	1918	18858	replicate-2
pb1	1919	18801	replicate-2
pb1	1920	18787	replicate-2
pb1	1921	18717	replicate-2
pb1	1922	19054	replicate-2
pb1	1923	19134	replicate-2
pb1	1924	19127	replicate-2
pb1	1925	19098	replicate-2
pb1	1926	19348	replicate-2
pb1	1927	19384	replicate-2
pb1	1928	19861	replicate-2
pb1	1929	19886	replicate-2
pb1	1930	21091	replicate-2
pb1	1931	20745	replicate-2
pb1	1932	20926	replicate-2
pb1	1933	20972	replicate-2
pb1	1934	20986	replicate-2
pb1	1935	20637	replicate-2
pb1	1936	20830	replicate-2
pb1	1937	20689	replicate-2
pb1	1938	22342	replicate-2
pb1	1939	22184	replicate-2
pb1	1940	23043	replicate-2
pb1	1941	22969	replicate-2
pb1	1942	23138	replicate-2
pb1	1943	23324	replicate-2
pb1	1944	23766	replicate-2
pb1	1945	23689	replicate-2
pb1	1946	23532	replicate-2
pb1	1947	23536	replicate-2
pb1	1948	21408	replicate-2
pb1	1949	21969	replicate-2
pb1	1950	21966	replicate-2
pb1	1951	22187	replicate-2
pb1	1952	22161	replicate-2
pb1	1953	21970	replicate-2
pb1	1954	22066	replicate-2
pb1	1955	22025	replicate-2
pb1	1956	22605	replicate-2
pb1	1957	22739	replicate-2
pb1	1958	22306	replicate-2
pb1	1959	22495	replicate-2
pb1	1960	22388	replicate-2
pb1	1961	22528	replicate-2
pb1	1962	22547	replicate-2
pb1	1963	22091	replicate-2
pb1	1964	22037	replicate-2
pb1	1965	21814	replicate-2
pb1	1966	21996	replicate-2
pb1	1967	22267	replicate-2
pb1	1968	22242	replicate-2
pb1	1969	22272	replicate-2
pb1	1970	22159	replicate-2
pb1	1971	22171	replicate-2
pb1	1972	22184	replicate-2
pb1	1973	22226	replicate-2
pb1	1974	22149	replicate-2
pb1	1975	21974	replicate-2
pb1	1976	21633	replicate-2
pb1	1977	22053	replicate-2
pb1	1978	22219	replicate-2
pb1	1979	22226	replicate-2
pb1	1980	22244	replicate-2
pb1	1981	22235	replicate-2
pb1	1982	22199	replicate-2
pb1	1983	22449	replicate-2
pb1	1984	22456	replicate-2
pb1	1985	22601	replicate-2
pb1	1986	21921	replicate-2
pb1	1987	21756	replicate-2
pb1	1988	21802	replicate-2
pb1	1989	21838	replicate-2
pb1	1990	22879	replicate-2
pb1	1991	22829	replicate-2
pb1	1992	22967	replicate-2
pb1	1993	23058	replicate-2
pb1	1994	22968	replicate-2
pb1	1995	22941	replicate-2
pb1	1996	22868	replicate-2
pb1	1997	23150	replicate-2
pb1	1998	23008	replicate-2
pb1	1999	22050	replicate-2
pb1	2000	22051	replicate-2
pb1	2001	21650	replicate-2
pb1	2002	21829	replicate-2
pb1	2003	21734	replicate-2
pb1	2004	21829	replicate-2
pb1	2005	21873	replicate-2
pb1	2006	21837	replicate-2
pb1	2007	21827	replicate-2
pb1	2008	21805	replicate-2
pb1	2009	21812	replicate-2
pb1	2010	21753	replicate-2
pb1	2011	21365	replicate-2
pb1	2012	21407	replicate-2
pb1	2013	21181	replicate-2
pb1	2014	21299	replicate-2
pb1	2015	21100	replicate-2
pb1	2016	21756	replicate-2
pb1	2017	21691	replicate-2
pb1	2018	21667	replicate-2
pb1	2019	21510	replicate-2
pb1	2020	21522	replicate-2
pb1	2021	21483	replicate-2
pb1	2022	21455	replicate-2
pb1	2023	21254	replicate-2
pb1	2024	21217	replicate-2
pb1	2025	21170	replicate-2
pb1	2026	21311	replicate-2
pb1	2027	21223	replicate-2
pb1	2028	21219	replicate-2
pb1	2029	21440	replicate-2
pb1	2030	21362	replicate-2
pb1	2031	21294	replicate-2
pb1	2032	21165	replicate-2
pb1	2033	21118	replicate-2
pb1	2034	20551	replicate-2
pb1	2035	19610	replicate-2
pb1	2036	19555	replicate-2
pb1	2037	19593	replicate-2
pb1	2038	19322	replicate-2
pb1	2039	19436	replicate-2
pb1	2040	19481	replicate-2
pb1	2041	19436	replicate-2
pb1	2042	19355	replicate-2
pb1	2043	19006	replicate-2
pb1	2044	19120	replicate-2
pb1	2045	19139	replicate-2
pb1	2046	19652	replicate-2
pb1	2047	19535	replicate-2
pb1	2048	19163	replicate-2
pb1	2049	19292	replicate-2
pb1	2050	19271	replicate-2
pb1	2051	19684	replicate-2
pb1	2052	19652	replicate-2
pb1	2053	19306	replicate-2
pb1	2054	19160	replicate-2
pb1	2055	17276	replicate-2
pb1	2056	17644	replicate-2
pb1	2057	17874	replicate-2
pb1	2058	17711	replicate-2
pb1	2059	17738	replicate-2
pb1	2060	17103	replicate-2
pb1	2061	17098	replicate-2
pb1	2062	17104	replicate-2
pb1	2063	17225	replicate-2
pb1	2064	17260	replicate-2
pb1	2065	16768	replicate-2
pb1	2066	16523	replicate-2
pb1	2067	16356	replicate-2
pb1	2068	16371	replicate-2
pb1	2069	16474	replicate-2
pb1	2070	16750	replicate-2
pb1	2071	16590	replicate-2
pb1	2072	16382	replicate-2
pb1	2073	16350	replicate-2
pb1	2074	16376	replicate-2
pb1	2075	16569	replicate-2
pb1	2076	16539	replicate-2
pb1	2077	16518	replicate-2
pb1	2078	16307	replicate-2
pb1	2079	15483	replicate-2
pb1	2080	15618	replicate-2
pb1	2081	15438	replicate-2
pb1	2082	15409	replicate-2
pb1	2083	15411	replicate-2
pb1	2084	15040	replicate-2
pb1	2085	15494	replicate-2
pb1	2086	15931	replicate-2
pb1	2087	15920	replicate-2
pb1	2088	15861	replicate-2
pb1	2089	15658	replicate-2
pb1	2090	15660	replicate-2
pb1	2091	15651	replicate-2
pb1	2092	15586	replicate-2
pb1	2093	15523	replicate-2
pb1	2094	14975	replicate-2
pb1	2095	14907	replicate-2
pb1	2096	14840	replicate-2
pb1	2097	15003	replicate-2
pb1	2098	14256	replicate-2
pb1	2099	14223	replicate-2
pb1	2100	14157	replicate-2
pb1	2101	14104	replicate-2
pb1	2102	14143	replicate-2
pb1	2103	14162	replicate-2
pb1	2104	14144	replicate-2
pb1	2105	14252	replicate-2
pb1	2106	13985	replicate-2
pb1	2107	14057	replicate-2
pb1	2108	14102	replicate-2
pb1	2109	14147	replicate-2
pb1	2110	14161	replicate-2
pb1	2111	14147	replicate-2
pb1	2112	14139	replicate-2
pb1	2113	14186	replicate-2
pb1	2114	14034	replicate-2
pb1	2115	14049	replicate-2
pb1	2116	14056	replicate-2
pb1	2117	14055	replicate-2
pb1	2118	14034	replicate-2
pb1	2119	14071	replicate-2
pb1	2120	14140	replicate-2
pb1	2121	14311	replicate-2
pb1	2122	14272	replicate-2
pb1	2123	14330	replicate-2
pb1	2124	14497	replicate-2
pb1	2125	14426	replicate-2
pb1	2126	14304	replicate-2
pb1	2127	14240	replicate-2
pb1	2128	14224	replicate-2
pb1	2129	14264	replicate-2
pb1	2130	14566	replicate-2
pb1	2131	14534	replicate-2
pb1	2132	14887	replicate-2
pb1	2133	14741	replicate-2
pb1	2134	15633	replicate-2
pb1	2135	15700	replicate-2
pb1	2136	16028	replicate-2
pb1	2137	16024	replicate-2
pb1	2138	16006	replicate-2
pb1	2139	16134	replicate-2
pb1	2140	15430	replicate-2
pb1	2141	15201	replicate-2
pb1	2142	15136	replicate-2
pb1	2143	13894	replicate-2
pb1	2144	13892	replicate-2
pb1	2145	13379	replicate-2
pb1	2146	13466	replicate-2
pb1	2147	13337	replicate-2
pb1	2148	13271	replicate-2
pb1	2149	13414	replicate-2
pb1	2150	13332	replicate-2
pb1	2151	13457	replicate-2
pb1	2152	13611	replicate-2
pb1	2153	13645	replicate-2
pb1	2154	13699	replicate-2
pb1	2155	13706	replicate-2
pb1	2156	13631	replicate-2
pb1	2157	13688	replicate-2
pb1	2158	13741	replicate-2
pb1	2159	13743	replicate-2
pb1	2160	13739	replicate-2
pb1	2161	13657	replicate-2
pb1	2162	13773	replicate-2
pb1	2163	13736	replicate-2
pb1	2164	13795	replicate-2
pb1	2165	13818	replicate-2
pb1	2166	13746	replicate-2
pb1	2167	13944	replicate-2
pb1	2168	13913	replicate-2
pb1	2169	13912	replicate-2
pb1	2170	13980	replicate-2
pb1	2171	13809	replicate-2
pb1	2172	13920	replicate-2
pb1	2173	13873	replicate-2
pb1	2174	13860	replicate-2
pb1	2175	13628	replicate-2
pb1	2176	13245	replicate-2
pb1	2177	13189	replicate-2
pb1	2178	13554	replicate-2
pb1	2179	13632	replicate-2
pb1	2180	13482	replicate-2
pb1	2181	13394	replicate-2
pb1	2182	13416	replicate-2
pb1	2183	13377	replicate-2
pb1	2184	13369	replicate-2
pb1	2185	13372	replicate-2
pb1	2186	13371	replicate-2
pb1	2187	12839	replicate-2
pb1	2188	12776	replicate-2
pb1	2189	12635	replicate-2
pb1	2190	12969	replicate-2
pb1	2191	13006	replicate-2
pb1	2192	13202	replicate-2
pb1	2193	13385	replicate-2
pb1	2194	13375	replicate-2
pb1	2195	13380	replicate-2
pb1	2196	13152	replicate-2
pb1	2197	12944	replicate-2
pb1	2198	12911	replicate-2
pb1	2199	12884	replicate-2
pb1	2200	12845	replicate-2
pb1	2201	12452	replicate-2
pb1	2202	12449	replicate-2
pb1	2203	12465	replicate-2
pb1	2204	12470	replicate-2
pb1	2205	12510	replicate-2
pb1	2206	12451	replicate-2
pb1	2207	12379	replicate-2
pb1	2208	12316	replicate-2
pb1	2209	12366	replicate-2
pb1	2210	12301	replicate-2
pb1	2211	12348	replicate-2
pb1	2212	12257	replicate-2
pb1	2213	12254	replicate-2
pb1	2214	12163	replicate-2
pb1	2215	12174	replicate-2
pb1	2216	12313	replicate-2
pb1	2217	12301	replicate-2
pb1	2218	12177	replicate-2
pb1	2219	12039	replicate-2
pb1	2220	11919	replicate-2
pb1	2221	11957	replicate-2
pb1	2222	11956	replicate-2
pb1	2223	11946	replicate-2
pb1	2224	11943	replicate-2
pb1	2225	11565	replicate-2
pb1	2226	12104	replicate-2
pb1	2227	12092	replicate-2
pb1	2228	12078	replicate-2
pb1	2229	12057	replicate-2
pb1	2230	11946	replicate-2
pb1	2231	11977	replicate-2
pb1	2232	12018	replicate-2
pb1	2233	12027	replicate-2
pb1	2234	11748	replicate-2
pb1	2235	9645	replicate-2
pb1	2236	9535	replicate-2
pb1	2237	9477	replicate-2
pb1	2238	9490	replicate-2
pb1	2239	9517	replicate-2
pb1	2240	9213	replicate-2
pb1	2241	9212	replicate-2
pb1	2242	8996	replicate-2
pb1	2243	9028	replicate-2
pb1	2244	9006	replicate-2
pb1	2245	9018	replicate-2
pb1	2246	8986	replicate-2
pb1	2247	8936	replicate-2
pb1	2248	8940	replicate-2
pb1	2249	8607	replicate-2
pb1	2250	8721	replicate-2
pb1	2251	8700	replicate-2
pb1	2252	8662	replicate-2
pb1	2253	8663	replicate-2
pb1	2254	8702	replicate-2
pb1	2255	8705	replicate-2
pb1	2256	8686	replicate-2
pb1	2257	8664	replicate-2
pb1	2258	8610	replicate-2
pb1	2259	8308	replicate-2
pb1	2260	8074	replicate-2
pb1	2261	8036	replicate-2
pb1	2262	8040	replicate-2
pb1	2263	7702	replicate-2
pb1	2264	7790	replicate-2
pb1	2265	7777	replicate-2
pb1	2266	7782	replicate-2
pb1	2267	7761	replicate-2
pb1	2268	7553	replicate-2
pb1	2269	7533	replicate-2
pb1	2270	7729	replicate-2
pb1	2271	7439	replicate-2
pb1	2272	7377	replicate-2
pb1	2273	7243	replicate-2
pb1	2274	7126	replicate-2
pb1	2275	7111	replicate-2
pb1	2276	7068	replicate-2
pb1	2277	7047	replicate-2
pb1	2278	7039	replicate-2
pb1	2279	6266	replicate-2
pb1	2280	6291	replicate-2
pb1	2281	6044	replicate-2
pb1	2282	6019	replicate-2
pb1	2283	6023	replicate-2
pb1	2284	5917	replicate-2
pb1	2285	5805	replicate-2
pb1	2286	5746	replicate-2
pb1	2287	5711	replicate-2
pb1	2288	5650	replicate-2
pb1	2289	5567	replicate-2
pb1	2290	5545	replicate-2
pb1	2291	5539	replicate-2
pb1	2292	5533	replicate-2
pb1	2293	5522	replicate-2
pb1	2294	5477	replicate-2
pb1	2295	5459	replicate-2
pb1	2296	5340	replicate-2
pb1	2297	5217	replicate-2
pb1	2298	5207	replicate-2
pb1	2299	4835	replicate-2
pb1	2300	4828	replicate-2
pb1	2301	4607	replicate-2
pb1	2302	4579	replicate-2
pb1	2303	4557	replicate-2
pb1	2304	4442	replicate-2
pb1	2305	4408	replicate-2
pb1	2306	4369	replicate-2
pb1	2307	4354	replicate-2
pb1	2308	4299	replicate-2
pb1	2309	4038	replicate-2
pb1	2310	3927	replicate-2
pb1	2311	3920	replicate-2
pb1	2312	3905	replicate-2
pb1	2313	3891	replicate-2
pb1	2314	3852	replicate-2
pb1	2315	3619	replicate-2
pb1	2316	3617	replicate-2
pb1	2317	3571	replicate-2
pb1	2318	3569	replicate-2
pb1	2319	3566	replicate-2
pb1	2320	3351	replicate-2
pb1	2321	3296	replicate-2
pb1	2322	3270	replicate-2
pb1	2323	3238	replicate-2
pb1	2324	3231	replicate-2
pb1	2325	3172	replicate-2
pb1	2326	3154	replicate-2
pb1	2327	3114	replicate-2
pb1	2328	3091	replicate-2
pb1	2329	3036	replicate-2
pb1	2330	2942	replicate-2
pb1	2331	2906	replicate-2
pb1	2332	2870	replicate-2
pb1	2333	2861	replicate-2
pb1	2334	2813	replicate-2
pb1	2335	2796	replicate-2
pb1	2336	2778	replicate-2
pb1	2337	2528	replicate-2
pb1	2338	2452	replicate-2
pb1	2339	2435	replicate-2
pb1	2340	2422	replicate-2
pb1	2341	1067	replicate-2
ns	1	4917	replicate-1
ns	2	6144	replicate-1
ns	3	6166	replicate-1
ns	4	6182	replicate-1
ns	5	6942	replicate-1
ns	6	7010	replicate-1
ns	7	7035	replicate-1
ns	8	7068	replicate-1
ns	9	7185	replicate-1
ns	10	7192	replicate-1
ns	11	7329	replicate-1
ns	12	7448	replicate-1
ns	13	7489	replicate-1
ns	14	7502	replicate-1
ns	15	7734	replicate-1
ns	16	7800	replicate-1
ns	17	7934	replicate-1
ns	18	7979	replicate-1
ns	19	8005	replicate-1
ns	20	8180	replicate-1
ns	21	8292	replicate-1
ns	22	8908	replicate-1
ns	23	9112	replicate-1
ns	24	9160	replicate-1
ns	25	9202	replicate-1
ns	26	9266	replicate-1
ns	27	9358	replicate-1
ns	28	9391	replicate-1
ns	29	9758	replicate-1
ns	30	10115	replicate-1
ns	31	10805	replicate-1
ns	32	14815	replicate-1
ns	33	14926	replicate-1
ns	34	15345	replicate-1
ns	35	15434	replicate-1
ns	36	15484	replicate-1
ns	37	15749	replicate-1
ns	38	15796	replicate-1
ns	39	15837	replicate-1
ns	40	15903	replicate-1
ns	41	15954	replicate-1
ns	42	17101	replicate-1
ns	43	17138	replicate-1
ns	44	17329	replicate-1
ns	45	17346	replicate-1
ns	46	17389	replicate-1
ns	47	17412	replicate-1
ns	48	17436	replicate-1
ns	49	17712	replicate-1
ns	50	18104	replicate-1
ns	51	18044	replicate-1
ns	52	18281	replicate-1
ns	53	18288	replicate-1
ns	54	18759	replicate-1
ns	55	18762	replicate-1
ns	56	18889	replicate-1
ns	57	18945	replicate-1
ns	58	18938	replicate-1
ns	59	18952	replicate-1
ns	60	19056	replicate-1
ns	61	19145	replicate-1
ns	62	19257	replicate-1
ns	63	19203	replicate-1
ns	64	19683	replicate-1
ns	65	19705	replicate-1
ns	66	19750	replicate-1
ns	67	19995	replicate-1
ns	68	20220	replicate-1
ns	69	20470	replicate-1
ns	70	20617	replicate-1
ns	71	20617	replicate-1
ns	72	20727	replicate-1
ns	73	20799	replicate-1
ns	74	20805	replicate-1
ns	75	20960	replicate-1
ns	76	20987	replicate-1
ns	77	21217	replicate-1
ns	78	21539	replicate-1
ns	79	21583	replicate-1
ns	80	21755	replicate-1
ns	81	21765	replicate-1
ns	82	21755	replicate-1
ns	83	21796	replicate-1
ns	84	21875	replicate-1
ns	85	21879	replicate-1
ns	86	21948	replicate-1
ns	87	22148	replicate-1
ns	88	22158	replicate-1
ns	89	22149	replicate-1
ns	90	22167	replicate-1
ns	91	22304	replicate-1
ns	92	22307	replicate-1
ns	93	22301	replicate-1
ns	94	22290	replicate-1
ns	95	22229	replicate-1
ns	96	22503	replicate-1
ns	97	22856	replicate-1
ns	98	23168	replicate-1
ns	99	23124	replicate-1
ns	100	23105	replicate-1
ns	101	23112	replicate-1
ns	102	23756	replicate-1
ns	103	23725	replicate-1
ns	104	23730	replicate-1
ns	105	23777	replicate-1
ns	106	23367	replicate-1
ns	107	23540	replicate-1
ns	108	23536	replicate-1
ns	109	23730	replicate-1
ns	110	23645	replicate-1
ns	111	23710	replicate-1
ns	112	23744	replicate-1
ns	113	23775	replicate-1
ns	114	24097	replicate-1
ns	115	24477	replicate-1
ns	116	24555	replicate-1
ns	117	24641	replicate-1
ns	118	24534	replicate-1
ns	119	24584	replicate-1
ns	120	25167	replicate-1
ns	121	25547	replicate-1
ns	122	25837	replicate-1
ns	123	25688	replicate-1
ns	124	25640	replicate-1
ns	125	25586	replicate-1
ns	126	25581	replicate-1
ns	127	25490	replicate-1
ns	128	25496	replicate-1
ns	129	24926	replicate-1
ns	130	24844	replicate-1
ns	131	25188	replicate-1
ns	132	25203	replicate-1
ns	133	25174	replicate-1
ns	134	25270	replicate-1
ns	135	25393	replicate-1
ns	136	25518	replicate-1
ns	137	25499	replicate-1
ns	138	25489	replicate-1
ns	139	25439	replicate-1
ns	140	25204	replicate-1
ns	141	25610	replicate-1
ns	142	25377	replicate-1
ns	143	25438	replicate-1
ns	144	25376	replicate-1
ns	145	25205	replicate-1
ns	146	25237	replicate-1
ns	147	25368	replicate-1
ns	148	25358	replicate-1
ns	149	25775	replicate-1
ns	150	25419	replicate-1
ns	151	24065	replicate-1
ns	152	24015	replicate-1
ns	153	24187	replicate-1
ns	154	24123	replicate-1
ns	155	24210	replicate-1
ns	156	24156	replicate-1
ns	157	24460	replicate-1
ns	158	24077	replicate-1
ns	159	24300	replicate-1
ns	160	24094	replicate-1
ns	161	24092	replicate-1
ns	162	23884	replicate-1
ns	163	23957	replicate-1
ns	164	24030	replicate-1
ns	165	24120	replicate-1
ns	166	24384	replicate-1
ns	167	24366	replicate-1
ns	168	24140	replicate-1
ns	169	24305	replicate-1
ns	170	24607	replicate-1
ns	171	24368	replicate-1
ns	172	25224	replicate-1
ns	173	24966	replicate-1
ns	174	25131	replicate-1
ns	175	25076	replicate-1
ns	176	25123	replicate-1
ns	177	25628	replicate-1
ns	178	25794	replicate-1
ns	179	25674	replicate-1
ns	180	23901	replicate-1
ns	181	23224	replicate-1
ns	182	23524	replicate-1
ns	183	23628	replicate-1
ns	184	23585	replicate-1
ns	185	23768	replicate-1
ns	186	23442	replicate-1
ns	187	23427	replicate-1
ns	188	23354	replicate-1
ns	189	23379	replicate-1
ns	190	23614	replicate-1
ns	191	23577	replicate-1
ns	192	23199	replicate-1
ns	193	23191	replicate-1
ns	194	23125	replicate-1
ns	195	23135	replicate-1
ns	196	23288	replicate-1
ns	197	23454	replicate-1
ns	198	23414	replicate-1
ns	199	23370	replicate-1
ns	200	23315	replicate-1
ns	201	23377	replicate-1
ns	202	23541	replicate-1
ns	203	23363	replicate-1
ns	204	23495	replicate-1
ns	205	23357	replicate-1
ns	206	23316	replicate-1
ns	207	23589	replicate-1
ns	208	23725	replicate-1
ns	209	23868	replicate-1
ns	210	23824	replicate-1
ns	211	23583	replicate-1
ns	212	23830	replicate-1
ns	213	23856	replicate-1
ns	214	23888	replicate-1
ns	215	23974	replicate-1
ns	216	23989	replicate-1
ns	217	24085	replicate-1
ns	218	23747	replicate-1
ns	219	24319	replicate-1
ns	220	24128	replicate-1
ns	221	24096	replicate-1
ns	222	24282	replicate-1
ns	223	23962	replicate-1
ns	224	23997	replicate-1
ns	225	23755	replicate-1
ns	226	23941	replicate-1
ns	227	24101	replicate-1
ns	228	23947	replicate-1
ns	229	24114	replicate-1
ns	230	24009	replicate-1
ns	231	24505	replicate-1
ns	232	24719	replicate-1
ns	233	24869	replicate-1
ns	234	24889	replicate-1
ns	235	24629	replicate-1
ns	236	24727	replicate-1
ns	237	24810	replicate-1
ns	238	24738	replicate-1
ns	239	24734	replicate-1
ns	240	24945	replicate-1
ns	241	24795	replicate-1
ns	242	24698	replicate-1
ns	243	24670	replicate-1
ns	244	24747	replicate-1
ns	245	24684	replicate-1
ns	246	24609	replicate-1
ns	247	24595	replicate-1
ns	248	24639	replicate-1
ns	249	24540	replicate-1
ns	250	24473	replicate-1
ns	251	24451	replicate-1
ns	252	24604	replicate-1
ns	253	24467	replicate-1
ns	254	24488	replicate-1
ns	255	24886	replicate-1
ns	256	24965	replicate-1
ns	257	25452	replicate-1
ns	258	25467	replicate-1
ns	259	25738	replicate-1
ns	260	25764	replicate-1
ns	261	25765	replicate-1
ns	262	25955	replicate-1
ns	263	26200	replicate-1
ns	264	26338	replicate-1
ns	265	26595	replicate-1
ns	266	26245	replicate-1
ns	267	26357	replicate-1
ns	268	26236	replicate-1
ns	269	26307	replicate-1
ns	270	26421	replicate-1
ns	271	26328	replicate-1
ns	272	26645	replicate-1
ns	273	26243	replicate-1
ns	274	26286	replicate-1
ns	275	26064	replicate-1
ns	276	26777	replicate-1
ns	277	26781	replicate-1
ns	278	26867	replicate-1
ns	279	26861	replicate-1
ns	280	26609	replicate-1
ns	281	26183	replicate-1
ns	282	26565	replicate-1
ns	283	26800	replicate-1
ns	284	26787	replicate-1
ns	285	26945	replicate-1
ns	286	26520	replicate-1
ns	287	26606	replicate-1
ns	288	26698	replicate-1
ns	289	26657	replicate-1
ns	290	26964	replicate-1
ns	291	26619	replicate-1
ns	292	27611	replicate-1
ns	293	27725	replicate-1
ns	294	27743	replicate-1
ns	295	27766	replicate-1
ns	296	27693	replicate-1
ns	297	27656	replicate-1
ns	298	27506	replicate-1
ns	299	26971	replicate-1
ns	300	27175	replicate-1
ns	301	26274	replicate-1
ns	302	26233	replicate-1
ns	303	26277	replicate-1
ns	304	26211	replicate-1
ns	305	26121	replicate-1
ns	306	26043	replicate-1
ns	307	26855	replicate-1
ns	308	26758	replicate-1
ns	309	26976	replicate-1
ns	310	26864	replicate-1
ns	311	26828	replicate-1
ns	312	26894	replicate-1
ns	313	27634	replicate-1
ns	314	27593	replicate-1
ns	315	27553	replicate-1
ns	316	26595	replicate-1
ns	317	27095	replicate-1
ns	318	26925	replicate-1
ns	319	27171	replicate-1
ns	320	27651	replicate-1
ns	321	27603	replicate-1
ns	322	27411	replicate-1
ns	323	27518	replicate-1
ns	324	27540	replicate-1
ns	325	27577	replicate-1
ns	326	27189	replicate-1
ns	327	27266	replicate-1
ns	328	26776	replicate-1
ns	329	26682	replicate-1
ns	330	26191	replicate-1
ns	331	27032	replicate-1
ns	332	27596	replicate-1
ns	333	27556	replicate-1
ns	334	27675	replicate-1
ns	335	27683	replicate-1
ns	336	27600	replicate-1
ns	337	27779	replicate-1
ns	338	28085	replicate-1
ns	339	28330	replicate-1
ns	340	27749	replicate-1
ns	341	27324	replicate-1
ns	342	27217	replicate-1
ns	343	27390	replicate-1
ns	344	27372	replicate-1
ns	345	27397	replicate-1
ns	346	27367	replicate-1
ns	347	26996	replicate-1
ns	348	26785	replicate-1
ns	349	26982	replicate-1
ns	350	27001	replicate-1
ns	351	27000	replicate-1
ns	352	26875	replicate-1
ns	353	26875	replicate-1
ns	354	26862	replicate-1
ns	355	26907	replicate-1
ns	356	26922	replicate-1
ns	357	27025	replicate-1
ns	358	26719	replicate-1
ns	359	26703	replicate-1
ns	360	26682	replicate-1
ns	361	26711	replicate-1
ns	362	26549	replicate-1
ns	363	26694	replicate-1
ns	364	26810	replicate-1
ns	365	26720	replicate-1
ns	366	26645	replicate-1
ns	367	26951	replicate-1
ns	368	26974	replicate-1
ns	369	27291	replicate-1
ns	370	27248	replicate-1
ns	371	27749	replicate-1
ns	372	27390	replicate-1
ns	373	28741	replicate-1
ns	374	28676	replicate-1
ns	375	28697	replicate-1
ns	376	28509	replicate-1
ns	377	28279	replicate-1
ns	378	27800	replicate-1
ns	379	28381	replicate-1
ns	380	28047	replicate-1
ns	381	28273	replicate-1
ns	382	26807	replicate-1
ns	383	26888	replicate-1
ns	384	27060	replicate-1
ns	385	26964	replicate-1
ns	386	27099	replicate-1
ns	387	26732	replicate-1
ns	388	26114	replicate-1
ns	389	26467	replicate-1
ns	390	26671	replicate-1
ns	391	26896	replicate-1
ns	392	26906	replicate-1
ns	393	27461	replicate-1
ns	394	27635	replicate-1
ns	395	27678	replicate-1
ns	396	28136	replicate-1
ns	397	28063	replicate-1
ns	398	28234	replicate-1
ns	399	28489	replicate-1
ns	400	28380	replicate-1
ns	401	28469	replicate-1
ns	402	27845	replicate-1
ns	403	27725	replicate-1
ns	404	28118	replicate-1
ns	405	27676	replicate-1
ns	406	28253	replicate-1
ns	407	27818	replicate-1
ns	408	27941	replicate-1
ns	409	28054	replicate-1
ns	410	27988	replicate-1
ns	411	28283	replicate-1
ns	412	28255	replicate-1
ns	413	27899	replicate-1
ns	414	27741	replicate-1
ns	415	27022	replicate-1
ns	416	27051	replicate-1
ns	417	26654	replicate-1
ns	418	26647	replicate-1
ns	419	26681	replicate-1
ns	420	26579	replicate-1
ns	421	26435	replicate-1
ns	422	26384	replicate-1
ns	423	26305	replicate-1
ns	424	26532	replicate-1
ns	425	26801	replicate-1
ns	426	26743	replicate-1
ns	427	26749	replicate-1
ns	428	26736	replicate-1
ns	429	26546	replicate-1
ns	430	26683	replicate-1
ns	431	26672	replicate-1
ns	432	26617	replicate-1
ns	433	26331	replicate-1
ns	434	26039	replicate-1
ns	435	26473	replicate-1
ns	436	26467	replicate-1
ns	437	26504	replicate-1
ns	438	26536	replicate-1
ns	439	26501	replicate-1
ns	440	26368	replicate-1
ns	441	26346	replicate-1
ns	442	26284	replicate-1
ns	443	26017	replicate-1
ns	444	25922	replicate-1
ns	445	26003	replicate-1
ns	446	26368	replicate-1
ns	447	26518	replicate-1
ns	448	26839	replicate-1
ns	449	27292	replicate-1
ns	450	27329	replicate-1
ns	451	27234	replicate-1
ns	452	27257	replicate-1
ns	453	26726	replicate-1
ns	454	28506	replicate-1
ns	455	27981	replicate-1
ns	456	28225	replicate-1
ns	457	28118	replicate-1
ns	458	28308	replicate-1
ns	459	29640	replicate-1
ns	460	29470	replicate-1
ns	461	29561	replicate-1
ns	462	29647	replicate-1
ns	463	27468	replicate-1
ns	464	28325	replicate-1
ns	465	28054	replicate-1
ns	466	27872	replicate-1
ns	467	27813	replicate-1
ns	468	26601	replicate-1
ns	469	26800	replicate-1
ns	470	26674	replicate-1
ns	471	26812	replicate-1
ns	472	26912	replicate-1
ns	473	26566	replicate-1
ns	474	26692	replicate-1
ns	475	27107	replicate-1
ns	476	27267	replicate-1
ns	477	27414	replicate-1
ns	478	27545	replicate-1
ns	479	27291	replicate-1
ns	480	27470	replicate-1
ns	481	27413	replicate-1
ns	482	27189	replicate-1
ns	483	27099	replicate-1
ns	484	26759	replicate-1
ns	485	26807	replicate-1
ns	486	26505	replicate-1
ns	487	26617	replicate-1
ns	488	26428	replicate-1
ns	489	26381	replicate-1
ns	490	26316	replicate-1
ns	491	26284	replicate-1
ns	492	26282	replicate-1
ns	493	26358	replicate-1
ns	494	26286	replicate-1
ns	495	26305	replicate-1
ns	496	26052	replicate-1
ns	497	26152	replicate-1
ns	498	26141	replicate-1
ns	499	26396	replicate-1
ns	500	26425	replicate-1
ns	501	26433	replicate-1
ns	502	26822	replicate-1
ns	503	27016	replicate-1
ns	504	27202	replicate-1
ns	505	27217	replicate-1
ns	506	27239	replicate-1
ns	507	27287	replicate-1
ns	508	27274	replicate-1
ns	509	27209	replicate-1
ns	510	27338	replicate-1
ns	511	27188	replicate-1
ns	512	27101	replicate-1
ns	513	27082	replicate-1
ns	514	27063	replicate-1
ns	515	27178	replicate-1
ns	516	27186	replicate-1
ns	517	27155	replicate-1
ns	518	27332	replicate-1
ns	519	27305	replicate-1
ns	520	27081	replicate-1
ns	521	26982	replicate-1
ns	522	27343	replicate-1
ns	523	27514	replicate-1
ns	524	27496	replicate-1
ns	525	27512	replicate-1
ns	526	27429	replicate-1
ns	527	27493	replicate-1
ns	528	27812	replicate-1
ns	529	28019	replicate-1
ns	530	27847	replicate-1
ns	531	27410	replicate-1
ns	532	27388	replicate-1
ns	533	27397	replicate-1
ns	534	27454	replicate-1
ns	535	27889	replicate-1
ns	536	27610	replicate-1
ns	537	27563	replicate-1
ns	538	27397	replicate-1
ns	539	27059	replicate-1
ns	540	26925	replicate-1
ns	541	26268	replicate-1
ns	542	26247	replicate-1
ns	543	26193	replicate-1
ns	544	25272	replicate-1
ns	545	25236	replicate-1
ns	546	24993	replicate-1
ns	547	24923	replicate-1
ns	548	24959	replicate-1
ns	549	25033	replicate-1
ns	550	25024	replicate-1
ns	551	25366	replicate-1
ns	552	25330	replicate-1
ns	553	25397	replicate-1
ns	554	25382	replicate-1
ns	555	25193	replicate-1
ns	556	25285	replicate-1
ns	557	25194	replicate-1
ns	558	25239	replicate-1
ns	559	25261	replicate-1
ns	560	25153	replicate-1
ns	561	25095	replicate-1
ns	562	24930	replicate-1
ns	563	24789	replicate-1
ns	564	24921	replicate-1
ns	565	24669	replicate-1
ns	566	24959	replicate-1
ns	567	24789	replicate-1
ns	568	24765	replicate-1
ns	569	24906	replicate-1
ns	570	24859	replicate-1
ns	571	24964	replicate-1
ns	572	24997	replicate-1
ns	573	24839	replicate-1
ns	574	24937	replicate-1
ns	575	24371	replicate-1
ns	576	24330	replicate-1
ns	577	24527	replicate-1
ns	578	24277	replicate-1
ns	579	24529	replicate-1
ns	580	24646	replicate-1
ns	581	24678	replicate-1
ns	582	24880	replicate-1
ns	583	24830	replicate-1
ns	584	24814	replicate-1
ns	585	24796	replicate-1
ns	586	24262	replicate-1
ns	587	24616	replicate-1
ns	588	24191	replicate-1
ns	589	24316	replicate-1
ns	590	25341	replicate-1
ns	591	25403	replicate-1
ns	592	25440	replicate-1
ns	593	25497	replicate-1
ns	594	25741	replicate-1
ns	595	25796	replicate-1
ns	596	25380	replicate-1
ns	597	24765	replicate-1
ns	598	24952	replicate-1
ns	599	22929	replicate-1
ns	600	23334	replicate-1
ns	601	23205	replicate-1
ns	602	23212	replicate-1
ns	603	23424	replicate-1
ns	604	23268	replicate-1
ns	605	22845	replicate-1
ns	606	22845	replicate-1
ns	607	22468	replicate-1
ns	608	22460	replicate-1
ns	609	22005	replicate-1
ns	610	22027	replicate-1
ns	611	22031	replicate-1
ns	612	22052	replicate-1
ns	613	22632	replicate-1
ns	614	22755	replicate-1
ns	615	22910	replicate-1
ns	616	23030	replicate-1
ns	617	22561	replicate-1
ns	618	22804	replicate-1
ns	619	22798	replicate-1
ns	620	23026	replicate-1
ns	621	23020	replicate-1
ns	622	22944	replicate-1
ns	623	22950	replicate-1
ns	624	22467	replicate-1
ns	625	22532	replicate-1
ns	626	22561	replicate-1
ns	627	22417	replicate-1
ns	628	22390	replicate-1
ns	629	22515	replicate-1
ns	630	22604	replicate-1
ns	631	22615	replicate-1
ns	632	22593	replicate-1
ns	633	22631	replicate-1
ns	634	22514	replicate-1
ns	635	22753	replicate-1
ns	636	22698	replicate-1
ns	637	22680	replicate-1
ns	638	22519	replicate-1
ns	639	22378	replicate-1
ns	640	22590	replicate-1
ns	641	22672	replicate-1
ns	642	22552	replicate-1
ns	643	23128	replicate-1
ns	644	23167	replicate-1
ns	645	23209	replicate-1
ns	646	23225	replicate-1
ns	647	23101	replicate-1
ns	648	23206	replicate-1
ns	649	22567	replicate-1
ns	650	22701	replicate-1
ns	651	22986	replicate-1
ns	652	21985	replicate-1
ns	653	21936	replicate-1
ns	654	21779	replicate-1
ns	655	21876	replicate-1
ns	656	21873	replicate-1
ns	657	21556	replicate-1
ns	658	21604	replicate-1
ns	659	20942	replicate-1
ns	660	21154	replicate-1
ns	661	21577	replicate-1
ns	662	21480	replicate-1
ns	663	21574	replicate-1
ns	664	21448	replicate-1
ns	665	21360	replicate-1
ns	666	21457	replicate-1
ns	667	21343	replicate-1
ns	668	21526	replicate-1
ns	669	20901	replicate-1
ns	670	21053	replicate-1
ns	671	21032	replicate-1
ns	672	20736	replicate-1
ns	673	20678	replicate-1
ns	674	20678	replicate-1
ns	675	20787	replicate-1
ns	676	20737	replicate-1
ns	677	20638	replicate-1
ns	678	20468	replicate-1
ns	679	19737	replicate-1
ns	680	19701	replicate-1
ns	681	19686	replicate-1
ns	682	19681	replicate-1
ns	683	19432	replicate-1
ns	684	19565	replicate-1
ns	685	19543	replicate-1
ns	686	19489	replicate-1
ns	687	19472	replicate-1
ns	688	19441	replicate-1
ns	689	19408	replicate-1
ns	690	19420	replicate-1
ns	691	19441	replicate-1
ns	692	19431	replicate-1
ns	693	19605	replicate-1
ns	694	19483	replicate-1
ns	695	19508	replicate-1
ns	696	19408	replicate-1
ns	697	19573	replicate-1
ns	698	19656	replicate-1
ns	699	19656	replicate-1
ns	700	19808	replicate-1
ns	701	19647	replicate-1
ns	702	19640	replicate-1
ns	703	19650	replicate-1
ns	704	19609	replicate-1
ns	705	19642	replicate-1
ns	706	19295	replicate-1
ns	707	19274	replicate-1
ns	708	19259	replicate-1
ns	709	19064	replicate-1
ns	710	18902	replicate-1
ns	711	18904	replicate-1
ns	712	18953	replicate-1
ns	713	18995	replicate-1
ns	714	19031	replicate-1
ns	715	18600	replicate-1
ns	716	18581	replicate-1
ns	717	18553	replicate-1
ns	718	18560	replicate-1
ns	719	18523	replicate-1
ns	720	18370	replicate-1
ns	721	18621	replicate-1
ns	722	18453	replicate-1
ns	723	18009	replicate-1
ns	724	17980	replicate-1
ns	725	18028	replicate-1
ns	726	18001	replicate-1
ns	727	17958	replicate-1
ns	728	17892	replicate-1
ns	729	17911	replicate-1
ns	730	16969	replicate-1
ns	731	16966	replicate-1
ns	732	16980	replicate-1
ns	733	16891	replicate-1
ns	734	16733	replicate-1
ns	735	16955	replicate-1
ns	736	17031	replicate-1
ns	737	17076	replicate-1
ns	738	16842	replicate-1
ns	739	16807	replicate-1
ns	740	16946	replicate-1
ns	741	16530	replicate-1
ns	742	16419	replicate-1
ns	743	16423	replicate-1
ns	744	15345	replicate-1
ns	745	15492	replicate-1
ns	746	15221	replicate-1
ns	747	15265	replicate-1
ns	748	15140	replicate-1
ns	749	15136	replicate-1
ns	750	15115	replicate-1
ns	751	15050	replicate-1
ns	752	14985	replicate-1
ns	753	14996	replicate-1
ns	754	13911	replicate-1
ns	755	14434	replicate-1
ns	756	14340	replicate-1
ns	757	14331	replicate-1
ns	758	14276	replicate-1
ns	759	14007	replicate-1
ns	760	14012	replicate-1
ns	761	14029	replicate-1
ns	762	14073	replicate-1
ns	763	13855	replicate-1
ns	764	12114	replicate-1
ns	765	11889	replicate-1
ns	766	11646	replicate-1
ns	767	11700	replicate-1
ns	768	11620	replicate-1
ns	769	11617	replicate-1
ns	770	11496	replicate-1
ns	771	11481	replicate-1
ns	772	11460	replicate-1
ns	773	11412	replicate-1
ns	774	11407	replicate-1
ns	775	11207	replicate-1
ns	776	11268	replicate-1
ns	777	11050	replicate-1
ns	778	10905	replicate-1
ns	779	10923	replicate-1
ns	780	10590	replicate-1
ns	781	10608	replicate-1
ns	782	10585	replicate-1
ns	783	10576	replicate-1
ns	784	10630	replicate-1
ns	785	10338	replicate-1
ns	786	10419	replicate-1
ns	787	10430	replicate-1
ns	788	10436	replicate-1
ns	789	10435	replicate-1
ns	790	10400	replicate-1
ns	791	10548	replicate-1
ns	792	10527	replicate-1
ns	793	10354	replicate-1
ns	794	10062	replicate-1
ns	795	9903	replicate-1
ns	796	9986	replicate-1
ns	797	9964	replicate-1
ns	798	9963	replicate-1
ns	799	9848	replicate-1
ns	800	9183	replicate-1
ns	801	9113	replicate-1
ns	802	9128	replicate-1
ns	803	9306	replicate-1
ns	804	9267	replicate-1
ns	805	9103	replicate-1
ns	806	9128	replicate-1
ns	807	9136	replicate-1
ns	808	9192	replicate-1
ns	809	9171	replicate-1
ns	810	9114	replicate-1
ns	811	9011	replicate-1
ns	812	7776	replicate-1
ns	813	7722	replicate-1
ns	814	7613	replicate-1
ns	815	7520	replicate-1
ns	816	7568	replicate-1
ns	817	7280	replicate-1
ns	818	7268	replicate-1
ns	819	7195	replicate-1
ns	820	7081	replicate-1
ns	821	7037	replicate-1
ns	822	7000	replicate-1
ns	823	7009	replicate-1
ns	824	6876	replicate-1
ns	825	6531	replicate-1
ns	826	6559	replicate-1
ns	827	6544	replicate-1
ns	828	6545	replicate-1
ns	829	6489	replicate-1
ns	830	6319	replicate-1
ns	831	6321	replicate-1
ns	832	6304	replicate-1
ns	833	6231	replicate-1
ns	834	6302	replicate-1
ns	835	5869	replicate-1
ns	836	5848	replicate-1
ns	837	5777	replicate-1
ns	838	5762	replicate-1
ns	839	5773	replicate-1
ns	840	5629	replicate-1
ns	841	5537	replicate-1
ns	842	5475	replicate-1
ns	843	4849	replicate-1
ns	844	4798	replicate-1
ns	845	4784	replicate-1
ns	846	4743	replicate-1
ns	847	4731	replicate-1
ns	848	4577	replicate-1
ns	849	4548	replicate-1
ns	850	4505	replicate-1
ns	851	4453	replicate-1
ns	852	4435	replicate-1
ns	853	4404	replicate-1
ns	854	4340	replicate-1
ns	855	4336	replicate-1
ns	856	4308	replicate-1
ns	857	4150	replicate-1
ns	858	4059	replicate-1
ns	859	4006	replicate-1
ns	860	3996	replicate-1
ns	861	3988	replicate-1
ns	862	3951	replicate-1
ns	863	3780	replicate-1
ns	864	3691	replicate-1
ns	865	3599	replicate-1
ns	866	3580	replicate-1
ns	867	3475	replicate-1
ns	868	3235	replicate-1
ns	869	3192	replicate-1
ns	870	3192	replicate-1
ns	871	3175	replicate-1
ns	872	3151	replicate-1
ns	873	3110	replicate-1
ns	874	3080	replicate-1
ns	875	3070	replicate-1
ns	876	2732	replicate-1
ns	877	2721	replicate-1
ns	878	2621	replicate-1
ns	879	2579	replicate-1
ns	880	2513	replicate-1
ns	881	2439	replicate-1
ns	882	2432	replicate-1
ns	883	2378	replicate-1
ns	884	2347	replicate-1
ns	885	2312	replicate-1
ns	886	1778	replicate-1
ns	887	1675	replicate-1
ns	888	1625	replicate-1
ns	889	1610	replicate-1
ns	890	351	replicate-1
na	1	3262	replicate-1
na	2	3860	replicate-1
na	3	3947	replicate-1
na	4	3971	replicate-1
na	5	4380	replicate-1
na	6	4540	replicate-1
na	7	4564	replicate-1
na	8	4572	replicate-1
na	9	4632	replicate-1
na	10	4637	replicate-1
na	11	4672	replicate-1
na	12	4686	replicate-1
na	13	4893	replicate-1
na	14	5276	replicate-1
na	15	5313	replicate-1
na	16	5348	replicate-1
na	17	5393	replicate-1
na	18	5404	replicate-1
na	19	5543	replicate-1
na	20	5586	replicate-1
na	21	5602	replicate-1
na	22	5612	replicate-1
na	23	5644	replicate-1
na	24	5655	replicate-1
na	25	5750	replicate-1
na	26	5761	replicate-1
na	27	5783	replicate-1
na	28	5801	replicate-1
na	29	5812	replicate-1
na	30	5990	replicate-1
na	31	6026	replicate-1
na	32	6080	replicate-1
na	33	6091	replicate-1
na	34	6124	replicate-1
na	35	6216	replicate-1
na	36	6250	replicate-1
na	37	6304	replicate-1
na	38	6790	replicate-1
na	39	7006	replicate-1
na	40	7037	replicate-1
na	41	7112	replicate-1
na	42	7176	replicate-1
na	43	7309	replicate-1
na	44	7347	replicate-1
na	45	7382	replicate-1
na	46	8089	replicate-1
na	47	8191	replicate-1
na	48	8199	replicate-1
na	49	8250	replicate-1
na	50	8300	replicate-1
na	51	8884	replicate-1
na	52	8933	replicate-1
na	53	8967	replicate-1
na	54	8972	replicate-1
na	55	8928	replicate-1
na	56	9218	replicate-1
na	57	9485	replicate-1
na	58	9660	replicate-1
na	59	10347	replicate-1
na	60	10367	replicate-1
na	61	12040	replicate-1
na	62	12033	replicate-1
na	63	12098	replicate-1
na	64	12252	replicate-1
na	65	12245	replicate-1
na	66	13514	replicate-1
na	67	13488	replicate-1
na	68	13472	replicate-1
na	69	13480	replicate-1
na	70	13220	replicate-1
na	71	13348	replicate-1
na	72	13794	replicate-1
na	73	13834	replicate-1
na	74	13858	replicate-1
na	75	13746	replicate-1
na	76	13872	replicate-1
na	77	14045	replicate-1
na	78	14165	replicate-1
na	79	14170	replicate-1
na	80	14278	replicate-1
na	81	14182	replicate-1
na	82	14451	replicate-1
na	83	14555	replicate-1
na	84	14540	replicate-1
na	85	14597	replicate-1
na	86	14603	replicate-1
na	87	14679	replicate-1
na	88	14675	replicate-1
na	89	14694	replicate-1
na	90	14771	replicate-1
na	91	14749	replicate-1
na	92	14832	replicate-1
na	93	14876	replicate-1
na	94	14901	replicate-1
na	95	14933	replicate-1
na	96	14993	replicate-1
na	97	15085	replicate-1
na	98	15102	replicate-1
na	99	15130	replicate-1
na	100	15136	replicate-1
na	101	15257	replicate-1
na	102	15268	replicate-1
na	103	15375	replicate-1
na	104	15797	replicate-1
na	105	15793	replicate-1
na	106	15808	replicate-1
na	107	15855	replicate-1
na	108	16025	replicate-1
na	109	16607	replicate-1
na	110	16632	replicate-1
na	111	16592	replicate-1
na	112	18302	replicate-1
na	113	18263	replicate-1
na	114	18533	replicate-1
na	115	18533	replicate-1
na	116	18531	replicate-1
na	117	18483	replicate-1
na	118	18758	replicate-1
na	119	18885	replicate-1
na	120	18900	replicate-1
na	121	18257	replicate-1
na	122	18402	replicate-1
na	123	18377	replicate-1
na	124	18414	replicate-1
na	125	18519	replicate-1
na	126	18498	replicate-1
na	127	18515	replicate-1
na	128	18483	replicate-1
na	129	18518	replicate-1
na	130	18580	replicate-1
na	131	18619	replicate-1
na	132	18980	replicate-1
na	133	18960	replicate-1
na	134	18982	replicate-1
na	135	18918	replicate-1
na	136	18860	replicate-1
na	137	18789	replicate-1
na	138	18761	replicate-1
na	139	18892	replicate-1
na	140	18785	replicate-1
na	141	18808	replicate-1
na	142	18967	replicate-1
na	143	19299	replicate-1
na	144	19316	replicate-1
na	145	19644	replicate-1
na	146	19759	replicate-1
na	147	19766	replicate-1
na	148	19688	replicate-1
na	149	19977	replicate-1
na	150	19662	replicate-1
na	151	19092	replicate-1
na	152	18856	replicate-1
na	153	18587	replicate-1
na	154	19354	replicate-1
na	155	19574	replicate-1
na	156	20081	replicate-1
na	157	20080	replicate-1
na	158	20298	replicate-1
na	159	20698	replicate-1
na	160	20561	replicate-1
na	161	20516	replicate-1
na	162	20608	replicate-1
na	163	19634	replicate-1
na	164	19503	replicate-1
na	165	19429	replicate-1
na	166	19459	replicate-1
na	167	19537	replicate-1
na	168	19570	replicate-1
na	169	19845	replicate-1
na	170	20291	replicate-1
na	171	20501	replicate-1
na	172	20480	replicate-1
na	173	20918	replicate-1
na	174	20914	replicate-1
na	175	21085	replicate-1
na	176	21453	replicate-1
na	177	21706	replicate-1
na	178	22093	replicate-1
na	179	22314	replicate-1
na	180	22402	replicate-1
na	181	22868	replicate-1
na	182	22820	replicate-1
na	183	23380	replicate-1
na	184	23776	replicate-1
na	185	23613	replicate-1
na	186	23545	replicate-1
na	187	23477	replicate-1
na	188	23439	replicate-1
na	189	23354	replicate-1
na	190	23084	replicate-1
na	191	23730	replicate-1
na	192	24193	replicate-1
na	193	24009	replicate-1
na	194	24061	replicate-1
na	195	23815	replicate-1
na	196	23724	replicate-1
na	197	23874	replicate-1
na	198	23686	replicate-1
na	199	23829	replicate-1
na	200	23335	replicate-1
na	201	23094	replicate-1
na	202	23780	replicate-1
na	203	23791	replicate-1
na	204	23890	replicate-1
na	205	23944	replicate-1
na	206	23763	replicate-1
na	207	24237	replicate-1
na	208	24227	replicate-1
na	209	24170	replicate-1
na	210	24031	replicate-1
na	211	23538	replicate-1
na	212	23527	replicate-1
na	213	23774	replicate-1
na	214	23852	replicate-1
na	215	23901	replicate-1
na	216	23649	replicate-1
na	217	23558	replicate-1
na	218	23695	replicate-1
na	219	23799	replicate-1
na	220	23799	replicate-1
na	221	23731	replicate-1
na	222	23560	replicate-1
na	223	23663	replicate-1
na	224	23785	replicate-1
na	225	23785	replicate-1
na	226	23716	replicate-1
na	227	23753	replicate-1
na	228	23716	replicate-1
na	229	23794	replicate-1
na	230	23884	replicate-1
na	231	23821	replicate-1
na	232	23779	replicate-1
na	233	23691	replicate-1
na	234	23792	replicate-1
na	235	23916	replicate-1
na	236	23746	replicate-1
na	237	23683	replicate-1
na	238	23773	replicate-1
na	239	23870	replicate-1
na	240	23868	replicate-1
na	241	23821	replicate-1
na	242	23784	replicate-1
na	243	23784	replicate-1
na	244	23756	replicate-1
na	245	23729	replicate-1
na	246	23736	replicate-1
na	247	23671	replicate-1
na	248	23516	replicate-1
na	249	23660	replicate-1
na	250	23551	replicate-1
na	251	23559	replicate-1
na	252	23535	replicate-1
na	253	23435	replicate-1
na	254	23774	replicate-1
na	255	23725	replicate-1
na	256	23608	replicate-1
na	257	23571	replicate-1
na	258	23604	replicate-1
na	259	23542	replicate-1
na	260	23584	replicate-1
na	261	23535	replicate-1
na	262	22986	replicate-1
na	263	22363	replicate-1
na	264	22360	replicate-1
na	265	22003	replicate-1
na	266	22023	replicate-1
na	267	22029	replicate-1
na	268	21981	replicate-1
na	269	21781	replicate-1
na	270	21788	replicate-1
na	271	21876	replicate-1
na	272	21833	replicate-1
na	273	21804	replicate-1
na	274	21639	replicate-1
na	275	21482	replicate-1
na	276	21466	replicate-1
na	277	21224	replicate-1
na	278	21209	replicate-1
na	279	21151	replicate-1
na	280	21038	replicate-1
na	281	21060	replicate-1
na	282	20986	replicate-1
na	283	21246	replicate-1
na	284	21227	replicate-1
na	285	21237	replicate-1
na	286	21149	replicate-1
na	287	21017	replicate-1
na	288	21038	replicate-1
na	289	21030	replicate-1
na	290	20950	replicate-1
na	291	20942	replicate-1
na	292	20201	replicate-1
na	293	20115	replicate-1
na	294	20010	replicate-1
na	295	19925	replicate-1
na	296	20034	replicate-1
na	297	19902	replicate-1
na	298	19942	replicate-1
na	299	19681	replicate-1
na	300	20734	replicate-1
na	301	20723	replicate-1
na	302	20685	replicate-1
na	303	20306	replicate-1
na	304	20120	replicate-1
na	305	19176	replicate-1
na	306	19114	replicate-1
na	307	18449	replicate-1
na	308	18472	replicate-1
na	309	16978	replicate-1
na	310	17243	replicate-1
na	311	17772	replicate-1
na	312	18184	replicate-1
na	313	18221	replicate-1
na	314	18163	replicate-1
na	315	18900	replicate-1
na	316	18843	replicate-1
na	317	19167	replicate-1
na	318	19170	replicate-1
na	319	18824	replicate-1
na	320	19166	replicate-1
na	321	17608	replicate-1
na	322	17737	replicate-1
na	323	18154	replicate-1
na	324	17280	replicate-1
na	325	17248	replicate-1
na	326	17063	replicate-1
na	327	17025	replicate-1
na	328	16846	replicate-1
na	329	16439	replicate-1
na	330	16104	replicate-1
na	331	15995	replicate-1
na	332	16205	replicate-1
na	333	16167	replicate-1
na	334	16965	replicate-1
na	335	16600	replicate-1
na	336	16536	replicate-1
na	337	16707	replicate-1
na	338	16700	replicate-1
na	339	16730	replicate-1
na	340	16965	replicate-1
na	341	16614	replicate-1
na	342	16477	replicate-1
na	343	15391	replicate-1
na	344	15322	replicate-1
na	345	15381	replicate-1
na	346	15447	replicate-1
na	347	15904	replicate-1
na	348	15884	replicate-1
na	349	15851	replicate-1
na	350	15899	replicate-1
na	351	15912	replicate-1
na	352	15990	replicate-1
na	353	15901	replicate-1
na	354	16096	replicate-1
na	355	16049	replicate-1
na	356	15768	replicate-1
na	357	15771	replicate-1
na	358	15744	replicate-1
na	359	15637	replicate-1
na	360	16014	replicate-1
na	361	15992	replicate-1
na	362	16373	replicate-1
na	363	16112	replicate-1
na	364	16233	replicate-1
na	365	16581	replicate-1
na	366	16952	replicate-1
na	367	17062	replicate-1
na	368	17071	replicate-1
na	369	16986	replicate-1
na	370	17567	replicate-1
na	371	17389	replicate-1
na	372	17424	replicate-1
na	373	17435	replicate-1
na	374	17107	replicate-1
na	375	17075	replicate-1
na	376	16740	replicate-1
na	377	16695	replicate-1
na	378	16962	replicate-1
na	379	16497	replicate-1
na	380	16744	replicate-1
na	381	16863	replicate-1
na	382	16937	replicate-1
na	383	17063	replicate-1
na	384	17080	replicate-1
na	385	17197	replicate-1
na	386	17316	replicate-1
na	387	17079	replicate-1
na	388	17087	replicate-1
na	389	16939	replicate-1
na	390	17037	replicate-1
na	391	17099	replicate-1
na	392	17143	replicate-1
na	393	17077	replicate-1
na	394	17205	replicate-1
na	395	17168	replicate-1
na	396	17422	replicate-1
na	397	17471	replicate-1
na	398	17546	replicate-1
na	399	17511	replicate-1
na	400	17500	replicate-1
na	401	17480	replicate-1
na	402	17517	replicate-1
na	403	17391	replicate-1
na	404	17408	replicate-1
na	405	17022	replicate-1
na	406	17031	replicate-1
na	407	16964	replicate-1
na	408	16898	replicate-1
na	409	16912	replicate-1
na	410	16836	replicate-1
na	411	16872	replicate-1
na	412	16956	replicate-1
na	413	16806	replicate-1
na	414	16817	replicate-1
na	415	16805	replicate-1
na	416	16801	replicate-1
na	417	16852	replicate-1
na	418	16900	replicate-1
na	419	16913	replicate-1
na	420	16803	replicate-1
na	421	16586	replicate-1
na	422	16779	replicate-1
na	423	16799	replicate-1
na	424	16980	replicate-1
na	425	16969	replicate-1
na	426	16905	replicate-1
na	427	16915	replicate-1
na	428	16926	replicate-1
na	429	16987	replicate-1
na	430	17104	replicate-1
na	431	16824	replicate-1
na	432	16910	replicate-1
na	433	16680	replicate-1
na	434	16557	replicate-1
na	435	16848	replicate-1
na	436	16775	replicate-1
na	437	16944	replicate-1
na	438	16926	replicate-1
na	439	16655	replicate-1
na	440	16760	replicate-1
na	441	16519	replicate-1
na	442	16732	replicate-1
na	443	16746	replicate-1
na	444	16261	replicate-1
na	445	16309	replicate-1
na	446	15935	replicate-1
na	447	15858	replicate-1
na	448	15851	replicate-1
na	449	15603	replicate-1
na	450	15513	replicate-1
na	451	15190	replicate-1
na	452	15402	replicate-1
na	453	15356	replicate-1
na	454	15540	replicate-1
na	455	15534	replicate-1
na	456	15571	replicate-1
na	457	15626	replicate-1
na	458	15382	replicate-1
na	459	15049	replicate-1
na	460	14813	replicate-1
na	461	14636	replicate-1
na	462	14359	replicate-1
na	463	14463	replicate-1
na	464	14190	replicate-1
na	465	15175	replicate-1
na	466	14930	replicate-1
na	467	15028	replicate-1
na	468	14975	replicate-1
na	469	14938	replicate-1
na	470	15291	replicate-1
na	471	15205	replicate-1
na	472	15118	replicate-1
na	473	15088	replicate-1
na	474	13304	replicate-1
na	475	13291	replicate-1
na	476	13328	replicate-1
na	477	13270	replicate-1
na	478	13266	replicate-1
na	479	13527	replicate-1
na	480	13533	replicate-1
na	481	13447	replicate-1
na	482	13961	replicate-1
na	483	13966	replicate-1
na	484	13935	replicate-1
na	485	13865	replicate-1
na	486	13745	replicate-1
na	487	13771	replicate-1
na	488	13040	replicate-1
na	489	13220	replicate-1
na	490	13163	replicate-1
na	491	12818	replicate-1
na	492	13102	replicate-1
na	493	13031	replicate-1
na	494	13069	replicate-1
na	495	13133	replicate-1
na	496	13124	replicate-1
na	497	13351	replicate-1
na	498	13168	replicate-1
na	499	13379	replicate-1
na	500	13444	replicate-1
na	501	13352	replicate-1
na	502	13823	replicate-1
na	503	13914	replicate-1
na	504	13932	replicate-1
na	505	14013	replicate-1
na	506	13881	replicate-1
na	507	13934	replicate-1
na	508	13921	replicate-1
na	509	14338	replicate-1
na	510	14525	replicate-1
na	511	14580	replicate-1
na	512	14372	replicate-1
na	513	14477	replicate-1
na	514	14450	replicate-1
na	515	14605	replicate-1
na	516	14730	replicate-1
na	517	14824	replicate-1
na	518	14756	replicate-1
na	519	14853	replicate-1
na	520	14653	replicate-1
na	521	14686	replicate-1
na	522	15759	replicate-1
na	523	16003	replicate-1
na	524	15996	replicate-1
na	525	16021	replicate-1
na	526	15755	replicate-1
na	527	15977	replicate-1
na	528	15946	replicate-1
na	529	15930	replicate-1
na	530	15955	replicate-1
na	531	15267	replicate-1
na	532	15704	replicate-1
na	533	15702	replicate-1
na	534	15707	replicate-1
na	535	15671	replicate-1
na	536	15565	replicate-1
na	537	15685	replicate-1
na	538	15765	replicate-1
na	539	15866	replicate-1
na	540	15870	replicate-1
na	541	15655	replicate-1
na	542	15645	replicate-1
na	543	15650	replicate-1
na	544	15673	replicate-1
na	545	15757	replicate-1
na	546	15687	replicate-1
na	547	15822	replicate-1
na	548	15725	replicate-1
na	549	15857	replicate-1
na	550	15851	replicate-1
na	551	15900	replicate-1
na	552	15933	replicate-1
na	553	15855	replicate-1
na	554	15807	replicate-1
na	555	15955	replicate-1
na	556	15967	replicate-1
na	557	16222	replicate-1
na	558	16115	replicate-1
na	559	16167	replicate-1
na	560	16242	replicate-1
na	561	16337	replicate-1
na	562	16360	replicate-1
na	563	16379	replicate-1
na	564	16378	replicate-1
na	565	16616	replicate-1
na	566	16565	replicate-1
na	567	16666	replicate-1
na	568	16656	replicate-1
na	569	16552	replicate-1
na	570	16703	replicate-1
na	571	16995	replicate-1
na	572	17011	replicate-1
na	573	16952	replicate-1
na	574	16738	replicate-1
na	575	16691	replicate-1
na	576	16681	replicate-1
na	577	16627	replicate-1
na	578	16655	replicate-1
na	579	16590	replicate-1
na	580	16479	replicate-1
na	581	16496	replicate-1
na	582	16472	replicate-1
na	583	16450	replicate-1
na	584	16513	replicate-1
na	585	16476	replicate-1
na	586	16529	replicate-1
na	587	16540	replicate-1
na	588	16473	replicate-1
na	589	16516	replicate-1
na	590	16571	replicate-1
na	591	16530	replicate-1
na	592	16549	replicate-1
na	593	16489	replicate-1
na	594	16435	replicate-1
na	595	16465	replicate-1
na	596	16181	replicate-1
na	597	16162	replicate-1
na	598	16182	replicate-1
na	599	16204	replicate-1
na	600	16230	replicate-1
na	601	16330	replicate-1
na	602	16242	replicate-1
na	603	16097	replicate-1
na	604	16112	replicate-1
na	605	16083	replicate-1
na	606	16194	replicate-1
na	607	16168	replicate-1
na	608	15906	replicate-1
na	609	16106	replicate-1
na	610	16123	replicate-1
na	611	15951	replicate-1
na	612	16037	replicate-1
na	613	15880	replicate-1
na	614	15962	replicate-1
na	615	15905	replicate-1
na	616	15579	replicate-1
na	617	15983	replicate-1
na	618	15761	replicate-1
na	619	15865	replicate-1
na	620	15857	replicate-1
na	621	15642	replicate-1
na	622	15698	replicate-1
na	623	15415	replicate-1
na	624	15405	replicate-1
na	625	15474	replicate-1
na	626	14923	replicate-1
na	627	15017	replicate-1
na	628	14914	replicate-1
na	629	14982	replicate-1
na	630	14875	replicate-1
na	631	14469	replicate-1
na	632	14233	replicate-1
na	633	14711	replicate-1
na	634	14824	replicate-1
na	635	14942	replicate-1
na	636	15110	replicate-1
na	637	14936	replicate-1
na	638	15062	replicate-1
na	639	14931	replicate-1
na	640	14786	replicate-1
na	641	15106	replicate-1
na	642	14415	replicate-1
na	643	14416	replicate-1
na	644	14476	replicate-1
na	645	14196	replicate-1
na	646	14220	replicate-1
na	647	14070	replicate-1
na	648	14096	replicate-1
na	649	14441	replicate-1
na	650	13997	replicate-1
na	651	13972	replicate-1
na	652	14096	replicate-1
na	653	13845	replicate-1
na	654	14107	replicate-1
na	655	14117	replicate-1
na	656	14218	replicate-1
na	657	14153	replicate-1
na	658	13748	replicate-1
na	659	13771	replicate-1
na	660	13804	replicate-1
na	661	13653	replicate-1
na	662	13670	replicate-1
na	663	13497	replicate-1
na	664	14067	replicate-1
na	665	13932	replicate-1
na	666	14286	replicate-1
na	667	14263	replicate-1
na	668	14109	replicate-1
na	669	14065	replicate-1
na	670	13974	replicate-1
na	671	14163	replicate-1
na	672	13974	replicate-1
na	673	13682	replicate-1
na	674	13107	replicate-1
na	675	12921	replicate-1
na	676	12981	replicate-1
na	677	13020	replicate-1
na	678	13070	replicate-1
na	679	13109	replicate-1
na	680	13044	replicate-1
na	681	13024	replicate-1
na	682	12961	replicate-1
na	683	12917	replicate-1
na	684	12889	replicate-1
na	685	12929	replicate-1
na	686	13004	replicate-1
na	687	12991	replicate-1
na	688	12954	replicate-1
na	689	12931	replicate-1
na	690	12973	replicate-1
na	691	12994	replicate-1
na	692	13003	replicate-1
na	693	13002	replicate-1
na	694	13044	replicate-1
na	695	12900	replicate-1
na	696	12936	replicate-1
na	697	13124	replicate-1
na	698	13086	replicate-1
na	699	13102	replicate-1
na	700	13134	replicate-1
na	701	13140	replicate-1
na	702	13181	replicate-1
na	703	13229	replicate-1
na	704	13639	replicate-1
na	705	13575	replicate-1
na	706	13583	replicate-1
na	707	13431	replicate-1
na	708	13665	replicate-1
na	709	13656	replicate-1
na	710	13661	replicate-1
na	711	13498	replicate-1
na	712	13509	replicate-1
na	713	13114	replicate-1
na	714	13226	replicate-1
na	715	13072	replicate-1
na	716	13105	replicate-1
na	717	13078	replicate-1
na	718	13188	replicate-1
na	719	13342	replicate-1
na	720	13388	replicate-1
na	721	13382	replicate-1
na	722	13357	replicate-1
na	723	13438	replicate-1
na	724	13434	replicate-1
na	725	13424	replicate-1
na	726	13306	replicate-1
na	727	13388	replicate-1
na	728	13298	replicate-1
na	729	13241	replicate-1
na	730	13232	replicate-1
na	731	13247	replicate-1
na	732	13311	replicate-1
na	733	13394	replicate-1
na	734	13503	replicate-1
na	735	13542	replicate-1
na	736	13480	replicate-1
na	737	13557	replicate-1
na	738	13592	replicate-1
na	739	14093	replicate-1
na	740	14045	replicate-1
na	741	14133	replicate-1
na	742	14142	replicate-1
na	743	14133	replicate-1
na	744	14138	replicate-1
na	745	14066	replicate-1
na	746	14098	replicate-1
na	747	14011	replicate-1
na	748	14269	replicate-1
na	749	13950	replicate-1
na	750	13808	replicate-1
na	751	13807	replicate-1
na	752	13787	replicate-1
na	753	13869	replicate-1
na	754	13891	replicate-1
na	755	13873	replicate-1
na	756	13908	replicate-1
na	757	13248	replicate-1
na	758	13280	replicate-1
na	759	13261	replicate-1
na	760	13663	replicate-1
na	761	13761	replicate-1
na	762	13622	replicate-1
na	763	13556	replicate-1
na	764	13393	replicate-1
na	765	13581	replicate-1
na	766	13588	replicate-1
na	767	13518	replicate-1
na	768	13373	replicate-1
na	769	12557	replicate-1
na	770	12601	replicate-1
na	771	12840	replicate-1
na	772	12854	replicate-1
na	773	12789	replicate-1
na	774	12398	replicate-1
na	775	12717	replicate-1
na	776	12872	replicate-1
na	777	12998	replicate-1
na	778	13029	replicate-1
na	779	12875	replicate-1
na	780	12401	replicate-1
na	781	12359	replicate-1
na	782	12333	replicate-1
na	783	12378	replicate-1
na	784	11785	replicate-1
na	785	11880	replicate-1
na	786	11734	replicate-1
na	787	11800	replicate-1
na	788	11770	replicate-1
na	789	11778	replicate-1
na	790	11965	replicate-1
na	791	11980	replicate-1
na	792	11907	replicate-1
na	793	11898	replicate-1
na	794	11567	replicate-1
na	795	11807	replicate-1
na	796	11775	replicate-1
na	797	11787	replicate-1
na	798	11755	replicate-1
na	799	11528	replicate-1
na	800	11513	replicate-1
na	801	11535	replicate-1
na	802	11568	replicate-1
na	803	11549	replicate-1
na	804	11372	replicate-1
na	805	11314	replicate-1
na	806	11238	replicate-1
na	807	11273	replicate-1
na	808	11231	replicate-1
na	809	11299	replicate-1
na	810	11307	replicate-1
na	811	11298	replicate-1
na	812	11336	replicate-1
na	813	11379	replicate-1
na	814	11405	replicate-1
na	815	11247	replicate-1
na	816	11127	replicate-1
na	817	11150	replicate-1
na	818	11039	replicate-1
na	819	11292	replicate-1
na	820	11302	replicate-1
na	821	11443	replicate-1
na	822	11613	replicate-1
na	823	11638	replicate-1
na	824	11759	replicate-1
na	825	11774	replicate-1
na	826	11786	replicate-1
na	827	11835	replicate-1
na	828	11587	replicate-1
na	829	11565	replicate-1
na	830	11571	replicate-1
na	831	11474	replicate-1
na	832	11795	replicate-1
na	833	11760	replicate-1
na	834	11915	replicate-1
na	835	11903	replicate-1
na	836	11873	replicate-1
na	837	12297	replicate-1
na	838	12297	replicate-1
na	839	12358	replicate-1
na	840	12345	replicate-1
na	841	12014	replicate-1
na	842	12068	replicate-1
na	843	11954	replicate-1
na	844	11823	replicate-1
na	845	11964	replicate-1
na	846	11721	replicate-1
na	847	11753	replicate-1
na	848	11688	replicate-1
na	849	11709	replicate-1
na	850	11686	replicate-1
na	851	11610	replicate-1
na	852	11663	replicate-1
na	853	11560	replicate-1
na	854	11383	replicate-1
na	855	11251	replicate-1
na	856	11243	replicate-1
na	857	11209	replicate-1
na	858	11144	replicate-1
na	859	11315	replicate-1
na	860	11375	replicate-1
na	861	11290	replicate-1
na	862	11350	replicate-1
na	863	11217	replicate-1
na	864	11187	replicate-1
na	865	11334	replicate-1
na	866	11183	replicate-1
na	867	11139	replicate-1
na	868	11005	replicate-1
na	869	10722	replicate-1
na	870	10743	replicate-1
na	871	10665	replicate-1
na	872	10637	replicate-1
na	873	10624	replicate-1
na	874	10310	replicate-1
na	875	10429	replicate-1
na	876	10571	replicate-1
na	877	10605	replicate-1
na	878	10543	replicate-1
na	879	10886	replicate-1
na	880	11127	replicate-1
na	881	11637	replicate-1
na	882	11616	replicate-1
na	883	11833	replicate-1
na	884	11436	replicate-1
na	885	11480	replicate-1
na	886	11248	replicate-1
na	887	11324	replicate-1
na	888	10560	replicate-1
na	889	10535	replicate-1
na	890	9563	replicate-1
na	891	9655	replicate-1
na	892	9308	replicate-1
na	893	9540	replicate-1
na	894	9466	replicate-1
na	895	9518	replicate-1
na	896	9487	replicate-1
na	897	9310	replicate-1
na	898	9283	replicate-1
na	899	9272	replicate-1
na	900	9315	replicate-1
na	901	9275	replicate-1
na	902	9264	replicate-1
na	903	9070	replicate-1
na	904	9093	replicate-1
na	905	9069	replicate-1
na	906	9056	replicate-1
na	907	9007	replicate-1
na	908	8984	replicate-1
na	909	8923	replicate-1
na	910	8837	replicate-1
na	911	8551	replicate-1
na	912	8660	replicate-1
na	913	8836	replicate-1
na	914	8803	replicate-1
na	915	8793	replicate-1
na	916	8799	replicate-1
na	917	8772	replicate-1
na	918	8753	replicate-1
na	919	8732	replicate-1
na	920	8741	replicate-1
na	921	8433	replicate-1
na	922	8315	replicate-1
na	923	8333	replicate-1
na	924	8328	replicate-1
na	925	8275	replicate-1
na	926	8285	replicate-1
na	927	8210	replicate-1
na	928	8283	replicate-1
na	929	8331	replicate-1
na	930	8347	replicate-1
na	931	8232	replicate-1
na	932	8143	replicate-1
na	933	8138	replicate-1
na	934	8173	replicate-1
na	935	8097	replicate-1
na	936	8062	replicate-1
na	937	7991	replicate-1
na	938	7841	replicate-1
na	939	7875	replicate-1
na	940	7927	replicate-1
na	941	7901	replicate-1
na	942	7888	replicate-1
na	943	7644	replicate-1
na	944	7653	replicate-1
na	945	7742	replicate-1
na	946	7724	replicate-1
na	947	7723	replicate-1
na	948	7705	replicate-1
na	949	7658	replicate-1
na	950	7686	replicate-1
na	951	7697	replicate-1
na	952	7667	replicate-1
na	953	7892	replicate-1
na	954	7637	replicate-1
na	955	7976	replicate-1
na	956	7978	replicate-1
na	957	7969	replicate-1
na	958	8011	replicate-1
na	959	8011	replicate-1
na	960	8009	replicate-1
na	961	8023	replicate-1
na	962	7713	replicate-1
na	963	9279	replicate-1
na	964	9197	replicate-1
na	965	9379	replicate-1
na	966	10381	replicate-1
na	967	10514	replicate-1
na	968	11317	replicate-1
na	969	11356	replicate-1
na	970	11339	replicate-1
na	971	11453	replicate-1
na	972	10721	replicate-1
na	973	10800	replicate-1
na	974	10811	replicate-1
na	975	10102	replicate-1
na	976	10183	replicate-1
na	977	9889	replicate-1
na	978	9923	replicate-1
na	979	9954	replicate-1
na	980	9945	replicate-1
na	981	10025	replicate-1
na	982	9949	replicate-1
na	983	10033	replicate-1
na	984	10404	replicate-1
na	985	10412	replicate-1
na	986	10428	replicate-1
na	987	10413	replicate-1
na	988	10490	replicate-1
na	989	10506	replicate-1
na	990	10560	replicate-1
na	991	10553	replicate-1
na	992	10544	replicate-1
na	993	10478	replicate-1
na	994	10630	replicate-1
na	995	10675	replicate-1
na	996	10689	replicate-1
na	997	10722	replicate-1
na	998	10710	replicate-1
na	999	10703	replicate-1
na	1000	10738	replicate-1
na	1001	10894	replicate-1
na	1002	10901	replicate-1
na	1003	10929	replicate-1
na	1004	10973	replicate-1
na	1005	10985	replicate-1
na	1006	11068	replicate-1
na	1007	11250	replicate-1
na	1008	11254	replicate-1
na	1009	11266	replicate-1
na	1010	11165	replicate-1
na	1011	11184	replicate-1
na	1012	11278	replicate-1
na	1013	11256	replicate-1
na	1014	11216	replicate-1
na	1015	11161	replicate-1
na	1016	11065	replicate-1
na	1017	11231	replicate-1
na	1018	11271	replicate-1
na	1019	11337	replicate-1
na	1020	11299	replicate-1
na	1021	11379	replicate-1
na	1022	11486	replicate-1
na	1023	11508	replicate-1
na	1024	11513	replicate-1
na	1025	11474	replicate-1
na	1026	11300	replicate-1
na	1027	11695	replicate-1
na	1028	11714	replicate-1
na	1029	11778	replicate-1
na	1030	11652	replicate-1
na	1031	11603	replicate-1
na	1032	11465	replicate-1
na	1033	11506	replicate-1
na	1034	11924	replicate-1
na	1035	11905	replicate-1
na	1036	11839	replicate-1
na	1037	12048	replicate-1
na	1038	11963	replicate-1
na	1039	12513	replicate-1
na	1040	12449	replicate-1
na	1041	12528	replicate-1
na	1042	12476	replicate-1
na	1043	12075	replicate-1
na	1044	12082	replicate-1
na	1045	12105	replicate-1
na	1046	12156	replicate-1
na	1047	12341	replicate-1
na	1048	12043	replicate-1
na	1049	12039	replicate-1
na	1050	11973	replicate-1
na	1051	11928	replicate-1
na	1052	11923	replicate-1
na	1053	11823	replicate-1
na	1054	12182	replicate-1
na	1055	12087	replicate-1
na	1056	12342	replicate-1
na	1057	12359	replicate-1
na	1058	12217	replicate-1
na	1059	12205	replicate-1
na	1060	12212	replicate-1
na	1061	12150	replicate-1
na	1062	12239	replicate-1
na	1063	12052	replicate-1
na	1064	12056	replicate-1
na	1065	11869	replicate-1
na	1066	11968	replicate-1
na	1067	12063	replicate-1
na	1068	12102	replicate-1
na	1069	12298	replicate-1
na	1070	12279	replicate-1
na	1071	12382	replicate-1
na	1072	12342	replicate-1
na	1073	12353	replicate-1
na	1074	12800	replicate-1
na	1075	12832	replicate-1
na	1076	13027	replicate-1
na	1077	13040	replicate-1
na	1078	12924	replicate-1
na	1079	13476	replicate-1
na	1080	13538	replicate-1
na	1081	14908	replicate-1
na	1082	14884	replicate-1
na	1083	14821	replicate-1
na	1084	14837	replicate-1
na	1085	14745	replicate-1
na	1086	14763	replicate-1
na	1087	14889	replicate-1
na	1088	14913	replicate-1
na	1089	14960	replicate-1
na	1090	14179	replicate-1
na	1091	14294	replicate-1
na	1092	14462	replicate-1
na	1093	14626	replicate-1
na	1094	14728	replicate-1
na	1095	14644	replicate-1
na	1096	14628	replicate-1
na	1097	14484	replicate-1
na	1098	14476	replicate-1
na	1099	14780	replicate-1
na	1100	14787	replicate-1
na	1101	14781	replicate-1
na	1102	14919	replicate-1
na	1103	14858	replicate-1
na	1104	14916	replicate-1
na	1105	14917	replicate-1
na	1106	14910	replicate-1
na	1107	14935	replicate-1
na	1108	14742	replicate-1
na	1109	14761	replicate-1
na	1110	14723	replicate-1
na	1111	14795	replicate-1
na	1112	14778	replicate-1
na	1113	14489	replicate-1
na	1114	14283	replicate-1
na	1115	14281	replicate-1
na	1116	14493	replicate-1
na	1117	14454	replicate-1
na	1118	15123	replicate-1
na	1119	15106	replicate-1
na	1120	15088	replicate-1
na	1121	15049	replicate-1
na	1122	15051	replicate-1
na	1123	15059	replicate-1
na	1124	15081	replicate-1
na	1125	14837	replicate-1
na	1126	14846	replicate-1
na	1127	14603	replicate-1
na	1128	14615	replicate-1
na	1129	14861	replicate-1
na	1130	14859	replicate-1
na	1131	14865	replicate-1
na	1132	14887	replicate-1
na	1133	14909	replicate-1
na	1134	14951	replicate-1
na	1135	14959	replicate-1
na	1136	14998	replicate-1
na	1137	15047	replicate-1
na	1138	14789	replicate-1
na	1139	15022	replicate-1
na	1140	15151	replicate-1
na	1141	15446	replicate-1
na	1142	15466	replicate-1
na	1143	15441	replicate-1
na	1144	15446	replicate-1
na	1145	15426	replicate-1
na	1146	15444	replicate-1
na	1147	15530	replicate-1
na	1148	15280	replicate-1
na	1149	15377	replicate-1
na	1150	15315	replicate-1
na	1151	15359	replicate-1
na	1152	15444	replicate-1
na	1153	15479	replicate-1
na	1154	15559	replicate-1
na	1155	15585	replicate-1
na	1156	15648	replicate-1
na	1157	15757	replicate-1
na	1158	15687	replicate-1
na	1159	15776	replicate-1
na	1160	15994	replicate-1
na	1161	15973	replicate-1
na	1162	15956	replicate-1
na	1163	15781	replicate-1
na	1164	15996	replicate-1
na	1165	15838	replicate-1
na	1166	15862	replicate-1
na	1167	15841	replicate-1
na	1168	15783	replicate-1
na	1169	15762	replicate-1
na	1170	15933	replicate-1
na	1171	15871	replicate-1
na	1172	15951	replicate-1
na	1173	15702	replicate-1
na	1174	16111	replicate-1
na	1175	16168	replicate-1
na	1176	16156	replicate-1
na	1177	16201	replicate-1
na	1178	15811	replicate-1
na	1179	15796	replicate-1
na	1180	15843	replicate-1
na	1181	15764	replicate-1
na	1182	15704	replicate-1
na	1183	15789	replicate-1
na	1184	15377	replicate-1
na	1185	15337	replicate-1
na	1186	15258	replicate-1
na	1187	15224	replicate-1
na	1188	15451	replicate-1
na	1189	15388	replicate-1
na	1190	15306	replicate-1
na	1191	15286	replicate-1
na	1192	15173	replicate-1
na	1193	15238	replicate-1
na	1194	15204	replicate-1
na	1195	15386	replicate-1
na	1196	15297	replicate-1
na	1197	14694	replicate-1
na	1198	14880	replicate-1
na	1199	14761	replicate-1
na	1200	14845	replicate-1
na	1201	14868	replicate-1
na	1202	14877	replicate-1
na	1203	14951	replicate-1
na	1204	14691	replicate-1
na	1205	14526	replicate-1
na	1206	14618	replicate-1
na	1207	14447	replicate-1
na	1208	14507	replicate-1
na	1209	14446	replicate-1
na	1210	14471	replicate-1
na	1211	14286	replicate-1
na	1212	14322	replicate-1
na	1213	14168	replicate-1
na	1214	14163	replicate-1
na	1215	13971	replicate-1
na	1216	14788	replicate-1
na	1217	14991	replicate-1
na	1218	15081	replicate-1
na	1219	15093	replicate-1
na	1220	15095	replicate-1
na	1221	15899	replicate-1
na	1222	16107	replicate-1
na	1223	16200	replicate-1
na	1224	16203	replicate-1
na	1225	15143	replicate-1
na	1226	15290	replicate-1
na	1227	15045	replicate-1
na	1228	15228	replicate-1
na	1229	14980	replicate-1
na	1230	14126	replicate-1
na	1231	14041	replicate-1
na	1232	13800	replicate-1
na	1233	13825	replicate-1
na	1234	13969	replicate-1
na	1235	13946	replicate-1
na	1236	13988	replicate-1
na	1237	13975	replicate-1
na	1238	13962	replicate-1
na	1239	14020	replicate-1
na	1240	14010	replicate-1
na	1241	14042	replicate-1
na	1242	14050	replicate-1
na	1243	13935	replicate-1
na	1244	14010	replicate-1
na	1245	14103	replicate-1
na	1246	14585	replicate-1
na	1247	14632	replicate-1
na	1248	14666	replicate-1
na	1249	14603	replicate-1
na	1250	14590	replicate-1
na	1251	14732	replicate-1
na	1252	14738	replicate-1
na	1253	14633	replicate-1
na	1254	14631	replicate-1
na	1255	14248	replicate-1
na	1256	14322	replicate-1
na	1257	14203	replicate-1
na	1258	14273	replicate-1
na	1259	14247	replicate-1
na	1260	14710	replicate-1
na	1261	15062	replicate-1
na	1262	15062	replicate-1
na	1263	15078	replicate-1
na	1264	15109	replicate-1
na	1265	15125	replicate-1
na	1266	15215	replicate-1
na	1267	15110	replicate-1
na	1268	15143	replicate-1
na	1269	14243	replicate-1
na	1270	14492	replicate-1
na	1271	14519	replicate-1
na	1272	14528	replicate-1
na	1273	14539	replicate-1
na	1274	14424	replicate-1
na	1275	14355	replicate-1
na	1276	14421	replicate-1
na	1277	14609	replicate-1
na	1278	14615	replicate-1
na	1279	14362	replicate-1
na	1280	14348	replicate-1
na	1281	14398	replicate-1
na	1282	14651	replicate-1
na	1283	14986	replicate-1
na	1284	15009	replicate-1
na	1285	14932	replicate-1
na	1286	14846	replicate-1
na	1287	14747	replicate-1
na	1288	14844	replicate-1
na	1289	14867	replicate-1
na	1290	14809	replicate-1
na	1291	14562	replicate-1
na	1292	14244	replicate-1
na	1293	14663	replicate-1
na	1294	14728	replicate-1
na	1295	14829	replicate-1
na	1296	14812	replicate-1
na	1297	14725	replicate-1
na	1298	15332	replicate-1
na	1299	15465	replicate-1
na	1300	15513	replicate-1
na	1301	15516	replicate-1
na	1302	15078	replicate-1
na	1303	15109	replicate-1
na	1304	14836	replicate-1
na	1305	14820	replicate-1
na	1306	14787	replicate-1
na	1307	14286	replicate-1
na	1308	13879	replicate-1
na	1309	13983	replicate-1
na	1310	14196	replicate-1
na	1311	14284	replicate-1
na	1312	14268	replicate-1
na	1313	14266	replicate-1
na	1314	14282	replicate-1
na	1315	14249	replicate-1
na	1316	14286	replicate-1
na	1317	14311	replicate-1
na	1318	13830	replicate-1
na	1319	13870	replicate-1
na	1320	13447	replicate-1
na	1321	13429	replicate-1
na	1322	13416	replicate-1
na	1323	13362	replicate-1
na	1324	13399	replicate-1
na	1325	13288	replicate-1
na	1326	13363	replicate-1
na	1327	13331	replicate-1
na	1328	13210	replicate-1
na	1329	13178	replicate-1
na	1330	13158	replicate-1
na	1331	13155	replicate-1
na	1332	13136	replicate-1
na	1333	13061	replicate-1
na	1334	12867	replicate-1
na	1335	12803	replicate-1
na	1336	12777	replicate-1
na	1337	12747	replicate-1
na	1338	12748	replicate-1
na	1339	12574	replicate-1
na	1340	12561	replicate-1
na	1341	12515	replicate-1
na	1342	12518	replicate-1
na	1343	12532	replicate-1
na	1344	12291	replicate-1
na	1345	12474	replicate-1
na	1346	12368	replicate-1
na	1347	12354	replicate-1
na	1348	12323	replicate-1
na	1349	12198	replicate-1
na	1350	12233	replicate-1
na	1351	12129	replicate-1
na	1352	11915	replicate-1
na	1353	11887	replicate-1
na	1354	11113	replicate-1
na	1355	11079	replicate-1
na	1356	11030	replicate-1
na	1357	10976	replicate-1
na	1358	10792	replicate-1
na	1359	10663	replicate-1
na	1360	10846	replicate-1
na	1361	10572	replicate-1
na	1362	10616	replicate-1
na	1363	10598	replicate-1
na	1364	10564	replicate-1
na	1365	10568	replicate-1
na	1366	10398	replicate-1
na	1367	10363	replicate-1
na	1368	9963	replicate-1
na	1369	9944	replicate-1
na	1370	9075	replicate-1
na	1371	8987	replicate-1
na	1372	8797	replicate-1
na	1373	8779	replicate-1
na	1374	8528	replicate-1
na	1375	8472	replicate-1
na	1376	7870	replicate-1
na	1377	7901	replicate-1
na	1378	7782	replicate-1
na	1379	7840	replicate-1
na	1380	7831	replicate-1
na	1381	7807	replicate-1
na	1382	7552	replicate-1
na	1383	7505	replicate-1
na	1384	7397	replicate-1
na	1385	7415	replicate-1
na	1386	7312	replicate-1
na	1387	7285	replicate-1
na	1388	7118	replicate-1
na	1389	7094	replicate-1
na	1390	7092	replicate-1
na	1391	7100	replicate-1
na	1392	7089	replicate-1
na	1393	7034	replicate-1
na	1394	6682	replicate-1
na	1395	6668	replicate-1
na	1396	6597	replicate-1
na	1397	6560	replicate-1
na	1398	6345	replicate-1
na	1399	6361	replicate-1
na	1400	6301	replicate-1
na	1401	6327	replicate-1
na	1402	6301	replicate-1
na	1403	6223	replicate-1
na	1404	6231	replicate-1
na	1405	6183	replicate-1
na	1406	6183	replicate-1
na	1407	6085	replicate-1
na	1408	4620	replicate-1
na	1409	4625	replicate-1
na	1410	4478	replicate-1
na	1411	4466	replicate-1
na	1412	4457	replicate-1
na	1413	4302	replicate-1
na	1414	4282	replicate-1
na	1415	4232	replicate-1
na	1416	4143	replicate-1
na	1417	4137	replicate-1
na	1418	3897	replicate-1
na	1419	3776	replicate-1
na	1420	3761	replicate-1
na	1421	3618	replicate-1
na	1422	3612	replicate-1
na	1423	3578	replicate-1
na	1424	3573	replicate-1
na	1425	3418	replicate-1
na	1426	3035	replicate-1
na	1427	2981	replicate-1
na	1428	2952	replicate-1
na	1429	2898	replicate-1
na	1430	2892	replicate-1
na	1431	2698	replicate-1
na	1432	2668	replicate-1
na	1433	1937	replicate-1
na	1434	1926	replicate-1
na	1435	1880	replicate-1
na	1436	1877	replicate-1
na	1437	1872	replicate-1
na	1438	1773	replicate-1
na	1439	1768	replicate-1
na	1440	1766	replicate-1
na	1441	1765	replicate-1
na	1442	1759	replicate-1
na	1443	1278	replicate-1
na	1444	1278	replicate-1
na	1445	1278	replicate-1
na	1446	1278	replicate-1
na	1447	1278	replicate-1
na	1448	1278	replicate-1
na	1449	1270	replicate-1
na	1450	1224	replicate-1
na	1451	1211	replicate-1
na	1452	1122	replicate-1
na	1453	1105	replicate-1
na	1454	969	replicate-1
na	1455	948	replicate-1
na	1456	937	replicate-1
na	1457	406	replicate-1
pb2	1	369	replicate-1
pb2	2	468	replicate-1
pb2	3	469	replicate-1
pb2	4	469	replicate-1
pb2	5	516	replicate-1
pb2	6	526	replicate-1
pb2	7	526	replicate-1
pb2	8	528	replicate-1
pb2	9	530	replicate-1
pb2	10	531	replicate-1
pb2	11	614	replicate-1
pb2	12	633	replicate-1
pb2	13	635	replicate-1
pb2	14	645	replicate-1
pb2	15	649	replicate-1
pb2	16	719	replicate-1
pb2	17	725	replicate-1
pb2	18	725	replicate-1
pb2	19	788	replicate-1
pb2	20	794	replicate-1
pb2	21	975	replicate-1
pb2	22	996	replicate-1
pb2	23	1020	replicate-1
pb2	24	1193	replicate-1
pb2	25	1265	replicate-1
pb2	26	1363	replicate-1
pb2	27	1376	replicate-1
pb2	28	1405	replicate-1
pb2	29	1407	replicate-1
pb2	30	1463	replicate-1
pb2	31	1466	replicate-1
pb2	32	1473	replicate-1
pb2	33	1493	replicate-1
pb2	34	1501	replicate-1
pb2	35	1842	replicate-1
pb2	36	1852	replicate-1
pb2	37	1871	replicate-1
pb2	38	2002	replicate-1
pb2	39	2012	replicate-1
pb2	40	2057	replicate-1
pb2	41	2059	replicate-1
pb2	42	2068	replicate-1
pb2	43	2157	replicate-1
pb2	44	2189	replicate-1
pb2	45	2206	replicate-1
pb2	46	2221	replicate-1
pb2	47	2224	replicate-1
pb2	48	2263	replicate-1
pb2	49	2270	replicate-1
pb2	50	2288	replicate-1
pb2	51	2296	replicate-1
pb2	52	2429	replicate-1
pb2	53	2585	replicate-1
pb2	54	2595	replicate-1
pb2	55	2628	replicate-1
pb2	56	2653	replicate-1
pb2	57	2676	replicate-1
pb2	58	2740	replicate-1
pb2	59	2759	replicate-1
pb2	60	2823	replicate-1
pb2	61	2864	replicate-1
pb2	62	2862	replicate-1
pb2	63	2863	replicate-1
pb2	64	2872	replicate-1
pb2	65	2869	replicate-1
pb2	66	3079	replicate-1
pb2	67	3098	replicate-1
pb2	68	3119	replicate-1
pb2	69	3120	replicate-1
pb2	70	3130	replicate-1
pb2	71	3137	replicate-1
pb2	72	3138	replicate-1
pb2	73	3139	replicate-1
pb2	74	3180	replicate-1
pb2	75	3170	replicate-1
pb2	76	3344	replicate-1
pb2	77	3369	replicate-1
pb2	78	3384	replicate-1
pb2	79	3388	replicate-1
pb2	80	3399	replicate-1
pb2	81	3419	replicate-1
pb2	82	3571	replicate-1
pb2	83	3588	replicate-1
pb2	84	3590	replicate-1
pb2	85	3629	replicate-1
pb2	86	3621	replicate-1
pb2	87	3742	replicate-1
pb2	88	3759	replicate-1
pb2	89	3790	replicate-1
pb2	90	3787	replicate-1
pb2	91	3776	replicate-1
pb2	92	3808	replicate-1
pb2	93	3800	replicate-1
pb2	94	3789	replicate-1
pb2	95	3838	replicate-1
pb2	96	3822	replicate-1
pb2	97	3808	replicate-1
pb2	98	3910	replicate-1
pb2	99	3930	replicate-1
pb2	100	4095	replicate-1
pb2	101	4122	replicate-1
pb2	102	4120	replicate-1
pb2	103	4122	replicate-1
pb2	104	4117	replicate-1
pb2	105	4204	replicate-1
pb2	106	4233	replicate-1
pb2	107	4176	replicate-1
pb2	108	4192	replicate-1
pb2	109	4141	replicate-1
pb2	110	4148	replicate-1
pb2	111	4212	replicate-1
pb2	112	4422	replicate-1
pb2	113	4449	replicate-1
pb2	114	4449	replicate-1
pb2	115	4465	replicate-1
pb2	116	4571	replicate-1
pb2	117	4590	replicate-1
pb2	118	4831	replicate-1
pb2	119	4863	replicate-1
pb2	120	4900	replicate-1
pb2	121	4832	replicate-1
pb2	122	4838	replicate-1
pb2	123	4934	replicate-1
pb2	124	4998	replicate-1
pb2	125	4955	replicate-1
pb2	126	5103	replicate-1
pb2	127	5033	replicate-1
pb2	128	5047	replicate-1
pb2	129	5053	replicate-1
pb2	130	5026	replicate-1
pb2	131	5243	replicate-1
pb2	132	5188	replicate-1
pb2	133	5210	replicate-1
pb2	134	5243	replicate-1
pb2	135	5195	replicate-1
pb2	136	5201	replicate-1
pb2	137	5226	replicate-1
pb2	138	5269	replicate-1
pb2	139	5269	replicate-1
pb2	140	5251	replicate-1
pb2	141	5231	replicate-1
pb2	142	5305	replicate-1
pb2	143	5289	replicate-1
pb2	144	5292	replicate-1
pb2	145	5513	replicate-1
pb2	146	5540	replicate-1
pb2	147	5570	replicate-1
pb2	148	5582	replicate-1
pb2	149	5559	replicate-1
pb2	150	5523	replicate-1
pb2	151	5373	replicate-1
pb2	152	5444	replicate-1
pb2	153	5467	replicate-1
pb2	154	5356	replicate-1
pb2	155	5367	replicate-1
pb2	156	5393	replicate-1
pb2	157	5449	replicate-1
pb2	158	5473	replicate-1
pb2	159	5466	replicate-1
pb2	160	5476	replicate-1
pb2	161	5432	replicate-1
pb2	162	5496	replicate-1
pb2	163	5468	replicate-1
pb2	164	5626	replicate-1
pb2	165	5655	replicate-1
pb2	166	5627	replicate-1
pb2	167	5669	replicate-1
pb2	168	5727	replicate-1
pb2	169	5837	replicate-1
pb2	170	5805	replicate-1
pb2	171	5796	replicate-1
pb2	172	5730	replicate-1
pb2	173	5676	replicate-1
pb2	174	5712	replicate-1
pb2	175	5668	replicate-1
pb2	176	5658	replicate-1
pb2	177	5577	replicate-1
pb2	178	5551	replicate-1
pb2	179	5605	replicate-1
pb2	180	5632	replicate-1
pb2	181	5735	replicate-1
pb2	182	5853	replicate-1
pb2	183	5823	replicate-1
pb2	184	5826	replicate-1
pb2	185	5825	replicate-1
pb2	186	5897	replicate-1
pb2	187	5912	replicate-1
pb2	188	5894	replicate-1
pb2	189	5883	replicate-1
pb2	190	5884	replicate-1
pb2	191	5929	replicate-1
pb2	192	5997	replicate-1
pb2	193	5945	replicate-1
pb2	194	5988	replicate-1
pb2	195	5965	replicate-1
pb2	196	5948	replicate-1
pb2	197	5958	replicate-1
pb2	198	5941	replicate-1
pb2	199	5881	replicate-1
pb2	200	5990	replicate-1
pb2	201	5924	replicate-1
pb2	202	5965	replicate-1
pb2	203	6008	replicate-1
pb2	204	6001	replicate-1
pb2	205	6021	replicate-1
pb2	206	6022	replicate-1
pb2	207	6057	replicate-1
pb2	208	6036	replicate-1
pb2	209	5984	replicate-1
pb2	210	5971	replicate-1
pb2	211	5951	replicate-1
pb2	212	5988	replicate-1
pb2	213	5997	replicate-1
pb2	214	5973	replicate-1
pb2	215	5983	replicate-1
pb2	216	5887	replicate-1
pb2	217	6130	replicate-1
pb2	218	6080	replicate-1
pb2	219	6081	replicate-1
pb2	220	6090	replicate-1
pb2	221	6034	replicate-1
pb2	222	5995	replicate-1
pb2	223	5958	replicate-1
pb2	224	5992	replicate-1
pb2	225	5973	replicate-1
pb2	226	5890	replicate-1
pb2	227	5890	replicate-1
pb2	228	5879	replicate-1
pb2	229	5940	replicate-1
pb2	230	5903	replicate-1
pb2	231	5903	replicate-1
pb2	232	5908	replicate-1
pb2	233	5886	replicate-1
pb2	234	5877	replicate-1
pb2	235	5874	replicate-1
pb2	236	5894	replicate-1
pb2	237	5956	replicate-1
pb2	238	5839	replicate-1
pb2	239	5906	replicate-1
pb2	240	6015	replicate-1
pb2	241	6212	replicate-1
pb2	242	6332	replicate-1
pb2	243	6368	replicate-1
pb2	244	6478	replicate-1
pb2	245	6411	replicate-1
pb2	246	6402	replicate-1
pb2	247	6474	replicate-1
pb2	248	6536	replicate-1
pb2	249	6492	replicate-1
pb2	250	6351	replicate-1
pb2	251	6240	replicate-1
pb2	252	6153	replicate-1
pb2	253	6121	replicate-1
pb2	254	6166	replicate-1
pb2	255	6092	replicate-1
pb2	256	6119	replicate-1
pb2	257	5992	replicate-1
pb2	258	5996	replicate-1
pb2	259	5992	replicate-1
pb2	260	6003	replicate-1
pb2	261	6052	replicate-1
pb2	262	5925	replicate-1
pb2	263	5889	replicate-1
pb2	264	5862	replicate-1
pb2	265	5739	replicate-1
pb2	266	5808	replicate-1
pb2	267	5805	replicate-1
pb2	268	5750	replicate-1
pb2	269	5717	replicate-1
pb2	270	5657	replicate-1
pb2	271	5670	replicate-1
pb2	272	5699	replicate-1
pb2	273	5699	replicate-1
pb2	274	5667	replicate-1
pb2	275	5551	replicate-1
pb2	276	5532	replicate-1
pb2	277	5487	replicate-1
pb2	278	5518	replicate-1
pb2	279	5504	replicate-1
pb2	280	5523	replicate-1
pb2	281	5525	replicate-1
pb2	282	5467	replicate-1
pb2	283	5465	replicate-1
pb2	284	5447	replicate-1
pb2	285	5392	replicate-1
pb2	286	5439	replicate-1
pb2	287	5442	replicate-1
pb2	288	5446	replicate-1
pb2	289	5351	replicate-1
pb2	290	5346	replicate-1
pb2	291	5342	replicate-1
pb2	292	5350	replicate-1
pb2	293	5303	replicate-1
pb2	294	5313	replicate-1
pb2	295	5216	replicate-1
pb2	296	5171	replicate-1
pb2	297	5218	replicate-1
pb2	298	5327	replicate-1
pb2	299	5251	replicate-1
pb2	300	5216	replicate-1
pb2	301	5166	replicate-1
pb2	302	5129	replicate-1
pb2	303	5112	replicate-1
pb2	304	5187	replicate-1
pb2	305	5170	replicate-1
pb2	306	5119	replicate-1
pb2	307	4957	replicate-1
pb2	308	4918	replicate-1
pb2	309	4947	replicate-1
pb2	310	4955	replicate-1
pb2	311	4889	replicate-1
pb2	312	4791	replicate-1
pb2	313	4763	replicate-1
pb2	314	4725	replicate-1
pb2	315	4738	replicate-1
pb2	316	4741	replicate-1
pb2	317	4747	replicate-1
pb2	318	4605	replicate-1
pb2	319	4541	replicate-1
pb2	320	4499	replicate-1
pb2	321	4590	replicate-1
pb2	322	4564	replicate-1
pb2	323	4593	replicate-1
pb2	324	4716	replicate-1
pb2	325	4690	replicate-1
pb2	326	4677	replicate-1
pb2	327	4673	replicate-1
pb2	328	4642	replicate-1
pb2	329	4660	replicate-1
pb2	330	4548	replicate-1
pb2	331	4348	replicate-1
pb2	332	4349	replicate-1
pb2	333	3971	replicate-1
pb2	334	3983	replicate-1
pb2	335	4016	replicate-1
pb2	336	3974	replicate-1
pb2	337	3976	replicate-1
pb2	338	3883	replicate-1
pb2	339	3844	replicate-1
pb2	340	3826	replicate-1
pb2	341	3891	replicate-1
pb2	342	3910	replicate-1
pb2	343	3881	replicate-1
pb2	344	3822	replicate-1
pb2	345	3797	replicate-1
pb2	346	3770	replicate-1
pb2	347	3849	replicate-1
pb2	348	3835	replicate-1
pb2	349	3825	replicate-1
pb2	350	3770	replicate-1
pb2	351	3502	replicate-1
pb2	352	3594	replicate-1
pb2	353	3533	replicate-1
pb2	354	3584	replicate-1
pb2	355	3585	replicate-1
pb2	356	3439	replicate-1
pb2	357	3465	replicate-1
pb2	358	3421	replicate-1
pb2	359	3717	replicate-1
pb2	360	3705	replicate-1
pb2	361	3576	replicate-1
pb2	362	3547	replicate-1
pb2	363	3440	replicate-1
pb2	364	3472	replicate-1
pb2	365	3474	replicate-1
pb2	366	3545	replicate-1
pb2	367	3602	replicate-1
pb2	368	3008	replicate-1
pb2	369	3064	replicate-1
pb2	370	3066	replicate-1
pb2	371	3073	replicate-1
pb2	372	3078	replicate-1
pb2	373	2989	replicate-1
pb2	374	2979	replicate-1
pb2	375	2730	replicate-1
pb2	376	2704	replicate-1
pb2	377	2709	replicate-1
pb2	378	2634	replicate-1
pb2	379	2635	replicate-1
pb2	380	2634	replicate-1
pb2	381	2630	replicate-1
pb2	382	2630	replicate-1
pb2	383	2624	replicate-1
pb2	384	2609	replicate-1
pb2	385	2612	replicate-1
pb2	386	2602	replicate-1
pb2	387	2593	replicate-1
pb2	388	2597	replicate-1
pb2	389	2602	replicate-1
pb2	390	2614	replicate-1
pb2	391	2682	replicate-1
pb2	392	2688	replicate-1
pb2	393	2688	replicate-1
pb2	394	2688	replicate-1
pb2	395	2690	replicate-1
pb2	396	2688	replicate-1
pb2	397	2687	replicate-1
pb2	398	2763	replicate-1
pb2	399	2853	replicate-1
pb2	400	2843	replicate-1
pb2	401	2858	replicate-1
pb2	402	2888	replicate-1
pb2	403	2923	replicate-1
pb2	404	2917	replicate-1
pb2	405	2938	replicate-1
pb2	406	2978	replicate-1
pb2	407	2975	replicate-1
pb2	408	2982	replicate-1
pb2	409	2964	replicate-1
pb2	410	3007	replicate-1
pb2	411	3011	replicate-1
pb2	412	3092	replicate-1
pb2	413	3299	replicate-1
pb2	414	3395	replicate-1
pb2	415	3386	replicate-1
pb2	416	3384	replicate-1
pb2	417	3371	replicate-1
pb2	418	3380	replicate-1
pb2	419	3583	replicate-1
pb2	420	3583	replicate-1
pb2	421	3586	replicate-1
pb2	422	3576	replicate-1
pb2	423	3507	replicate-1
pb2	424	3685	replicate-1
pb2	425	3690	replicate-1
pb2	426	3698	replicate-1
pb2	427	3699	replicate-1
pb2	428	3571	replicate-1
pb2	429	3775	replicate-1
pb2	430	3762	replicate-1
pb2	431	3842	replicate-1
pb2	432	3843	replicate-1
pb2	433	3773	replicate-1
pb2	434	3772	replicate-1
pb2	435	3770	replicate-1
pb2	436	3782	replicate-1
pb2	437	3766	replicate-1
pb2	438	3745	replicate-1
pb2	439	3728	replicate-1
pb2	440	3716	replicate-1
pb2	441	3769	replicate-1
pb2	442	3808	replicate-1
pb2	443	3821	replicate-1
pb2	444	3851	replicate-1
pb2	445	3858	replicate-1
pb2	446	4122	replicate-1
pb2	447	4153	replicate-1
pb2	448	4191	replicate-1
pb2	449	4177	replicate-1
pb2	450	4180	replicate-1
pb2	451	4180	replicate-1
pb2	452	4249	replicate-1
pb2	453	4270	replicate-1
pb2	454	4255	replicate-1
pb2	455	4152	replicate-1
pb2	456	4149	replicate-1
pb2	457	4142	replicate-1
pb2	458	4213	replicate-1
pb2	459	4233	replicate-1
pb2	460	4261	replicate-1
pb2	461	4267	replicate-1
pb2	462	4335	replicate-1
pb2	463	4406	replicate-1
pb2	464	4790	replicate-1
pb2	465	4816	replicate-1
pb2	466	4810	replicate-1
pb2	467	4792	replicate-1
pb2	468	4782	replicate-1
pb2	469	4811	replicate-1
pb2	470	4802	replicate-1
pb2	471	4809	replicate-1
pb2	472	4797	replicate-1
pb2	473	4638	replicate-1
pb2	474	4644	replicate-1
pb2	475	4657	replicate-1
pb2	476	4674	replicate-1
pb2	477	4680	replicate-1
pb2	478	4659	replicate-1
pb2	479	4774	replicate-1
pb2	480	4774	replicate-1
pb2	481	4842	replicate-1
pb2	482	4863	replicate-1
pb2	483	4856	replicate-1
pb2	484	4912	replicate-1
pb2	485	4933	replicate-1
pb2	486	5000	replicate-1
pb2	487	4990	replicate-1
pb2	488	4939	replicate-1
pb2	489	4955	replicate-1
pb2	490	4900	replicate-1
pb2	491	5014	replicate-1
pb2	492	5058	replicate-1
pb2	493	5143	replicate-1
pb2	494	5151	replicate-1
pb2	495	5147	replicate-1
pb2	496	5183	replicate-1
pb2	497	5229	replicate-1
pb2	498	5200	replicate-1
pb2	499	5229	replicate-1
pb2	500	5117	replicate-1
pb2	501	5131	replicate-1
pb2	502	5201	replicate-1
pb2	503	5253	replicate-1
pb2	504	5241	replicate-1
pb2	505	5276	replicate-1
pb2	506	5260	replicate-1
pb2	507	5573	replicate-1
pb2	508	5621	replicate-1
pb2	509	5679	replicate-1
pb2	510	5632	replicate-1
pb2	511	5599	replicate-1
pb2	512	5636	replicate-1
pb2	513	5649	replicate-1
pb2	514	5676	replicate-1
pb2	515	5753	replicate-1
pb2	516	5546	replicate-1
pb2	517	5496	replicate-1
pb2	518	5474	replicate-1
pb2	519	5478	replicate-1
pb2	520	5505	replicate-1
pb2	521	5510	replicate-1
pb2	522	5496	replicate-1
pb2	523	5501	replicate-1
pb2	524	5444	replicate-1
pb2	525	5444	replicate-1
pb2	526	5470	replicate-1
pb2	527	5481	replicate-1
pb2	528	5504	replicate-1
pb2	529	5483	replicate-1
pb2	530	5541	replicate-1
pb2	531	5562	replicate-1
pb2	532	5585	replicate-1
pb2	533	5616	replicate-1
pb2	534	5629	replicate-1
pb2	535	5650	replicate-1
pb2	536	5649	replicate-1
pb2	537	5654	replicate-1
pb2	538	5672	replicate-1
pb2	539	5687	replicate-1
pb2	540	5662	replicate-1
pb2	541	5687	replicate-1
pb2	542	5619	replicate-1
pb2	543	5629	replicate-1
pb2	544	5635	replicate-1
pb2	545	5695	replicate-1
pb2	546	5715	replicate-1
pb2	547	5721	replicate-1
pb2	548	5825	replicate-1
pb2	549	5816	replicate-1
pb2	550	5817	replicate-1
pb2	551	5919	replicate-1
pb2	552	5921	replicate-1
pb2	553	6000	replicate-1
pb2	554	5924	replicate-1
pb2	555	5941	replicate-1
pb2	556	5928	replicate-1
pb2	557	5814	replicate-1
pb2	558	5810	replicate-1
pb2	559	5773	replicate-1
pb2	560	5687	replicate-1
pb2	561	5679	replicate-1
pb2	562	5639	replicate-1
pb2	563	5571	replicate-1
pb2	564	5573	replicate-1
pb2	565	5568	replicate-1
pb2	566	5612	replicate-1
pb2	567	5624	replicate-1
pb2	568	5646	replicate-1
pb2	569	5660	replicate-1
pb2	570	5654	replicate-1
pb2	571	5761	replicate-1
pb2	572	5754	replicate-1
pb2	573	5767	replicate-1
pb2	574	5701	replicate-1
pb2	575	5635	replicate-1
pb2	576	5613	replicate-1
pb2	577	5562	replicate-1
pb2	578	5578	replicate-1
pb2	579	5563	replicate-1
pb2	580	5425	replicate-1
pb2	581	5435	replicate-1
pb2	582	5394	replicate-1
pb2	583	5410	replicate-1
pb2	584	5451	replicate-1
pb2	585	5424	replicate-1
pb2	586	5440	replicate-1
pb2	587	5419	replicate-1
pb2	588	5415	replicate-1
pb2	589	5449	replicate-1
pb2	590	5434	replicate-1
pb2	591	5426	replicate-1
pb2	592	5404	replicate-1
pb2	593	5365	replicate-1
pb2	594	5461	replicate-1
pb2	595	5460	replicate-1
pb2	596	5471	replicate-1
pb2	597	5379	replicate-1
pb2	598	5389	replicate-1
pb2	599	5401	replicate-1
pb2	600	5392	replicate-1
pb2	601	5431	replicate-1
pb2	602	5409	replicate-1
pb2	603	5314	replicate-1
pb2	604	5725	replicate-1
pb2	605	5700	replicate-1
pb2	606	5749	replicate-1
pb2	607	5709	replicate-1
pb2	608	5692	replicate-1
pb2	609	5709	replicate-1
pb2	610	5726	replicate-1
pb2	611	5738	replicate-1
pb2	612	5647	replicate-1
pb2	613	5306	replicate-1
pb2	614	5341	replicate-1
pb2	615	5371	replicate-1
pb2	616	5386	replicate-1
pb2	617	5423	replicate-1
pb2	618	5402	replicate-1
pb2	619	5451	replicate-1
pb2	620	5447	replicate-1
pb2	621	5423	replicate-1
pb2	622	5332	replicate-1
pb2	623	5418	replicate-1
pb2	624	5369	replicate-1
pb2	625	5468	replicate-1
pb2	626	5541	replicate-1
pb2	627	5605	replicate-1
pb2	628	5586	replicate-1
pb2	629	5555	replicate-1
pb2	630	5561	replicate-1
pb2	631	5563	replicate-1
pb2	632	5532	replicate-1
pb2	633	5630	replicate-1
pb2	634	5709	replicate-1
pb2	635	5720	replicate-1
pb2	636	5685	replicate-1
pb2	637	5766	replicate-1
pb2	638	5814	replicate-1
pb2	639	5842	replicate-1
pb2	640	5840	replicate-1
pb2	641	5814	replicate-1
pb2	642	5774	replicate-1
pb2	643	5571	replicate-1
pb2	644	5569	replicate-1
pb2	645	5762	replicate-1
pb2	646	5923	replicate-1
pb2	647	5923	replicate-1
pb2	648	5875	replicate-1
pb2	649	5886	replicate-1
pb2	650	6089	replicate-1
pb2	651	6095	replicate-1
pb2	652	6052	replicate-1
pb2	653	6063	replicate-1
pb2	654	5891	replicate-1
pb2	655	5933	replicate-1
pb2	656	5779	replicate-1
pb2	657	5774	replicate-1
pb2	658	5723	replicate-1
pb2	659	5606	replicate-1
pb2	660	5701	replicate-1
pb2	661	5741	replicate-1
pb2	662	5723	replicate-1
pb2	663	5776	replicate-1
pb2	664	5742	replicate-1
pb2	665	5721	replicate-1
pb2	666	5711	replicate-1
pb2	667	5709	replicate-1
pb2	668	5821	replicate-1
pb2	669	5823	replicate-1
pb2	670	5789	replicate-1
pb2	671	5788	replicate-1
pb2	672	5764	replicate-1
pb2	673	5798	replicate-1
pb2	674	5874	replicate-1
pb2	675	5964	replicate-1
pb2	676	5989	replicate-1
pb2	677	5991	replicate-1
pb2	678	6023	replicate-1
pb2	679	6048	replicate-1
pb2	680	6090	replicate-1
pb2	681	6208	replicate-1
pb2	682	6192	replicate-1
pb2	683	6160	replicate-1
pb2	684	6112	replicate-1
pb2	685	6131	replicate-1
pb2	686	6126	replicate-1
pb2	687	6168	replicate-1
pb2	688	6164	replicate-1
pb2	689	6120	replicate-1
pb2	690	6103	replicate-1
pb2	691	6170	replicate-1
pb2	692	6252	replicate-1
pb2	693	6250	replicate-1
pb2	694	6301	replicate-1
pb2	695	6328	replicate-1
pb2	696	6317	replicate-1
pb2	697	6306	replicate-1
pb2	698	6283	replicate-1
pb2	699	6330	replicate-1
pb2	700	6300	replicate-1
pb2	701	6234	replicate-1
pb2	702	6213	replicate-1
pb2	703	6127	replicate-1
pb2	704	6220	replicate-1
pb2	705	6269	replicate-1
pb2	706	6319	replicate-1
pb2	707	6410	replicate-1
pb2	708	6461	replicate-1
pb2	709	6468	replicate-1
pb2	710	6835	replicate-1
pb2	711	6878	replicate-1
pb2	712	6905	replicate-1
pb2	713	6889	replicate-1
pb2	714	6734	replicate-1
pb2	715	6752	replicate-1
pb2	716	6673	replicate-1
pb2	717	6676	replicate-1
pb2	718	6710	replicate-1
pb2	719	6488	replicate-1
pb2	720	6525	replicate-1
pb2	721	6498	replicate-1
pb2	722	6495	replicate-1
pb2	723	6663	replicate-1
pb2	724	6824	replicate-1
pb2	725	6881	replicate-1
pb2	726	6883	replicate-1
pb2	727	6838	replicate-1
pb2	728	6833	replicate-1
pb2	729	6827	replicate-1
pb2	730	6856	replicate-1
pb2	731	6876	replicate-1
pb2	732	6768	replicate-1
pb2	733	6690	replicate-1
pb2	734	6635	replicate-1
pb2	735	6718	replicate-1
pb2	736	6773	replicate-1
pb2	737	6802	replicate-1
pb2	738	6787	replicate-1
pb2	739	6726	replicate-1
pb2	740	6720	replicate-1
pb2	741	6702	replicate-1
pb2	742	6720	replicate-1
pb2	743	6787	replicate-1
pb2	744	6737	replicate-1
pb2	745	6678	replicate-1
pb2	746	6693	replicate-1
pb2	747	6691	replicate-1
pb2	748	6852	replicate-1
pb2	749	6866	replicate-1
pb2	750	6836	replicate-1
pb2	751	6888	replicate-1
pb2	752	6724	replicate-1
pb2	753	7083	replicate-1
pb2	754	7073	replicate-1
pb2	755	6933	replicate-1
pb2	756	7044	replicate-1
pb2	757	6994	replicate-1
pb2	758	7022	replicate-1
pb2	759	7042	replicate-1
pb2	760	6936	replicate-1
pb2	761	7159	replicate-1
pb2	762	6805	replicate-1
pb2	763	6862	replicate-1
pb2	764	6819	replicate-1
pb2	765	6711	replicate-1
pb2	766	6726	replicate-1
pb2	767	6767	replicate-1
pb2	768	6746	replicate-1
pb2	769	6749	replicate-1
pb2	770	6614	replicate-1
pb2	771	6559	replicate-1
pb2	772	6579	replicate-1
pb2	773	6561	replicate-1
pb2	774	6521	replicate-1
pb2	775	6553	replicate-1
pb2	776	6446	replicate-1
pb2	777	6436	replicate-1
pb2	778	6401	replicate-1
pb2	779	6393	replicate-1
pb2	780	6381	replicate-1
pb2	781	6305	replicate-1
pb2	782	6316	replicate-1
pb2	783	6314	replicate-1
pb2	784	6261	replicate-1
pb2	785	6203	replicate-1
pb2	786	6162	replicate-1
pb2	787	6254	replicate-1
pb2	788	6386	replicate-1
pb2	789	6360	replicate-1
pb2	790	6365	replicate-1
pb2	791	6346	replicate-1
pb2	792	6228	replicate-1
pb2	793	6280	replicate-1
pb2	794	6221	replicate-1
pb2	795	6170	replicate-1
pb2	796	6028	replicate-1
pb2	797	5900	replicate-1
pb2	798	5901	replicate-1
pb2	799	5895	replicate-1
pb2	800	6108	replicate-1
pb2	801	6063	replicate-1
pb2	802	5989	replicate-1
pb2	803	6032	replicate-1
pb2	804	6090	replicate-1
pb2	805	6174	replicate-1
pb2	806	6176	replicate-1
pb2	807	6163	replicate-1
pb2	808	6161	replicate-1
pb2	809	5959	replicate-1
pb2	810	5936	replicate-1
pb2	811	5931	replicate-1
pb2	812	5981	replicate-1
pb2	813	5935	replicate-1
pb2	814	5968	replicate-1
pb2	815	6056	replicate-1
pb2	816	6063	replicate-1
pb2	817	6058	replicate-1
pb2	818	6148	replicate-1
pb2	819	6138	replicate-1
pb2	820	6160	replicate-1
pb2	821	6176	replicate-1
pb2	822	6221	replicate-1
pb2	823	6247	replicate-1
pb2	824	6239	replicate-1
pb2	825	6181	replicate-1
pb2	826	6237	replicate-1
pb2	827	6114	replicate-1
pb2	828	6148	replicate-1
pb2	829	6084	replicate-1
pb2	830	6107	replicate-1
pb2	831	6108	replicate-1
pb2	832	5983	replicate-1
pb2	833	6094	replicate-1
pb2	834	6089	replicate-1
pb2	835	6081	replicate-1
pb2	836	6074	replicate-1
pb2	837	6024	replicate-1
pb2	838	6011	replicate-1
pb2	839	6073	replicate-1
pb2	840	6058	replicate-1
pb2	841	6237	replicate-1
pb2	842	6142	replicate-1
pb2	843	6222	replicate-1
pb2	844	6203	replicate-1
pb2	845	6239	replicate-1
pb2	846	6232	replicate-1
pb2	847	6231	replicate-1
pb2	848	6210	replicate-1
pb2	849	6033	replicate-1
pb2	850	6018	replicate-1
pb2	851	6005	replicate-1
pb2	852	6253	replicate-1
pb2	853	6192	replicate-1
pb2	854	6174	replicate-1
pb2	855	6171	replicate-1
pb2	856	6165	replicate-1
pb2	857	6148	replicate-1
pb2	858	6108	replicate-1
pb2	859	6097	replicate-1
pb2	860	5990	replicate-1
pb2	861	5688	replicate-1
pb2	862	5710	replicate-1
pb2	863	5681	replicate-1
pb2	864	5662	replicate-1
pb2	865	6022	replicate-1
pb2	866	6014	replicate-1
pb2	867	6079	replicate-1
pb2	868	6076	replicate-1
pb2	869	6046	replicate-1
pb2	870	6044	replicate-1
pb2	871	6028	replicate-1
pb2	872	6040	replicate-1
pb2	873	6019	replicate-1
pb2	874	5859	replicate-1
pb2	875	5594	replicate-1
pb2	876	5636	replicate-1
pb2	877	5618	replicate-1
pb2	878	5616	replicate-1
pb2	879	5630	replicate-1
pb2	880	5608	replicate-1
pb2	881	5586	replicate-1
pb2	882	5583	replicate-1
pb2	883	5503	replicate-1
pb2	884	5600	replicate-1
pb2	885	5554	replicate-1
pb2	886	5557	replicate-1
pb2	887	5581	replicate-1
pb2	888	5555	replicate-1
pb2	889	5628	replicate-1
pb2	890	5617	replicate-1
pb2	891	5721	replicate-1
pb2	892	5720	replicate-1
pb2	893	5615	replicate-1
pb2	894	5591	replicate-1
pb2	895	5586	replicate-1
pb2	896	5580	replicate-1
pb2	897	5564	replicate-1
pb2	898	5573	replicate-1
pb2	899	5761	replicate-1
pb2	900	5727	replicate-1
pb2	901	5710	replicate-1
pb2	902	5700	replicate-1
pb2	903	5630	replicate-1
pb2	904	5574	replicate-1
pb2	905	5667	replicate-1
pb2	906	5725	replicate-1
pb2	907	5685	replicate-1
pb2	908	5381	replicate-1
pb2	909	5423	replicate-1
pb2	910	5565	replicate-1
pb2	911	5566	replicate-1
pb2	912	5518	replicate-1
pb2	913	5517	replicate-1
pb2	914	5465	replicate-1
pb2	915	5462	replicate-1
pb2	916	5430	replicate-1
pb2	917	5486	replicate-1
pb2	918	5406	replicate-1
pb2	919	5382	replicate-1
pb2	920	5324	replicate-1
pb2	921	5326	replicate-1
pb2	922	5321	replicate-1
pb2	923	5307	replicate-1
pb2	924	5328	replicate-1
pb2	925	5336	replicate-1
pb2	926	5301	replicate-1
pb2	927	5311	replicate-1
pb2	928	5295	replicate-1
pb2	929	5463	replicate-1
pb2	930	5470	replicate-1
pb2	931	5477	replicate-1
pb2	932	5471	replicate-1
pb2	933	5417	replicate-1
pb2	934	5410	replicate-1
pb2	935	5423	replicate-1
pb2	936	5405	replicate-1
pb2	937	5439	replicate-1
pb2	938	5358	replicate-1
pb2	939	5388	replicate-1
pb2	940	5416	replicate-1
pb2	941	5459	replicate-1
pb2	942	5446	replicate-1
pb2	943	5416	replicate-1
pb2	944	5414	replicate-1
pb2	945	5372	replicate-1
pb2	946	5427	replicate-1
pb2	947	5463	replicate-1
pb2	948	5382	replicate-1
pb2	949	5382	replicate-1
pb2	950	5370	replicate-1
pb2	951	5362	replicate-1
pb2	952	5623	replicate-1
pb2	953	5643	replicate-1
pb2	954	5659	replicate-1
pb2	955	5545	replicate-1
pb2	956	5505	replicate-1
pb2	957	5642	replicate-1
pb2	958	5610	replicate-1
pb2	959	5610	replicate-1
pb2	960	5617	replicate-1
pb2	961	5436	replicate-1
pb2	962	5469	replicate-1
pb2	963	5416	replicate-1
pb2	964	5451	replicate-1
pb2	965	5418	replicate-1
pb2	966	5285	replicate-1
pb2	967	5379	replicate-1
pb2	968	5378	replicate-1
pb2	969	5378	replicate-1
pb2	970	5382	replicate-1
pb2	971	5347	replicate-1
pb2	972	5357	replicate-1
pb2	973	5385	replicate-1
pb2	974	5380	replicate-1
pb2	975	5358	replicate-1
pb2	976	5293	replicate-1
pb2	977	5283	replicate-1
pb2	978	5313	replicate-1
pb2	979	5318	replicate-1
pb2	980	5390	replicate-1
pb2	981	5396	replicate-1
pb2	982	5293	replicate-1
pb2	983	5226	replicate-1
pb2	984	5196	replicate-1
pb2	985	5221	replicate-1
pb2	986	5238	replicate-1
pb2	987	5234	replicate-1
pb2	988	5200	replicate-1
pb2	989	5104	replicate-1
pb2	990	5067	replicate-1
pb2	991	5196	replicate-1
pb2	992	5133	replicate-1
pb2	993	5149	replicate-1
pb2	994	5133	replicate-1
pb2	995	5104	replicate-1
pb2	996	5100	replicate-1
pb2	997	5094	replicate-1
pb2	998	5168	replicate-1
pb2	999	5160	replicate-1
pb2	1000	5070	replicate-1
pb2	1001	5063	replicate-1
pb2	1002	5016	replicate-1
pb2	1003	4981	replicate-1
pb2	1004	4985	replicate-1
pb2	1005	4951	replicate-1
pb2	1006	4982	replicate-1
pb2	1007	4923	replicate-1
pb2	1008	4910	replicate-1
pb2	1009	4905	replicate-1
pb2	1010	4887	replicate-1
pb2	1011	4887	replicate-1
pb2	1012	4854	replicate-1
pb2	1013	4920	replicate-1
pb2	1014	4917	replicate-1
pb2	1015	4882	replicate-1
pb2	1016	4744	replicate-1
pb2	1017	4721	replicate-1
pb2	1018	4713	replicate-1
pb2	1019	4736	replicate-1
pb2	1020	4730	replicate-1
pb2	1021	4705	replicate-1
pb2	1022	4719	replicate-1
pb2	1023	4628	replicate-1
pb2	1024	4629	replicate-1
pb2	1025	4694	replicate-1
pb2	1026	4676	replicate-1
pb2	1027	4681	replicate-1
pb2	1028	4703	replicate-1
pb2	1029	4717	replicate-1
pb2	1030	4737	replicate-1
pb2	1031	4707	replicate-1
pb2	1032	4683	replicate-1
pb2	1033	4728	replicate-1
pb2	1034	4679	replicate-1
pb2	1035	4697	replicate-1
pb2	1036	4663	replicate-1
pb2	1037	4639	replicate-1
pb2	1038	4635	replicate-1
pb2	1039	4712	replicate-1
pb2	1040	4704	replicate-1
pb2	1041	4668	replicate-1
pb2	1042	4671	replicate-1
pb2	1043	4699	replicate-1
pb2	1044	4696	replicate-1
pb2	1045	4689	replicate-1
pb2	1046	4782	replicate-1
pb2	1047	4802	replicate-1
pb2	1048	4770	replicate-1
pb2	1049	4718	replicate-1
pb2	1050	4624	replicate-1
pb2	1051	4671	replicate-1
pb2	1052	4664	replicate-1
pb2	1053	4666	replicate-1
pb2	1054	4674	replicate-1
pb2	1055	4568	replicate-1
pb2	1056	4575	replicate-1
pb2	1057	4601	replicate-1
pb2	1058	4532	replicate-1
pb2	1059	4606	replicate-1
pb2	1060	4540	replicate-1
pb2	1061	4548	replicate-1
pb2	1062	4565	replicate-1
pb2	1063	4561	replicate-1
pb2	1064	4552	replicate-1
pb2	1065	4524	replicate-1
pb2	1066	4495	replicate-1
pb2	1067	4486	replicate-1
pb2	1068	4390	replicate-1
pb2	1069	4346	replicate-1
pb2	1070	4366	replicate-1
pb2	1071	4556	replicate-1
pb2	1072	4567	replicate-1
pb2	1073	4571	replicate-1
pb2	1074	4564	replicate-1
pb2	1075	4564	replicate-1
pb2	1076	4589	replicate-1
pb2	1077	4596	replicate-1
pb2	1078	4594	replicate-1
pb2	1079	4575	replicate-1
pb2	1080	4269	replicate-1
pb2	1081	4259	replicate-1
pb2	1082	4255	replicate-1
pb2	1083	4356	replicate-1
pb2	1084	4356	replicate-1
pb2	1085	4424	replicate-1
pb2	1086	4429	replicate-1
pb2	1087	4411	replicate-1
pb2	1088	4416	replicate-1
pb2	1089	4375	replicate-1
pb2	1090	4375	replicate-1
pb2	1091	4507	replicate-1
pb2	1092	4387	replicate-1
pb2	1093	4604	replicate-1
pb2	1094	4546	replicate-1
pb2	1095	4574	replicate-1
pb2	1096	5044	replicate-1
pb2	1097	5021	replicate-1
pb2	1098	5039	replicate-1
pb2	1099	5053	replicate-1
pb2	1100	4999	replicate-1
pb2	1101	5153	replicate-1
pb2	1102	5417	replicate-1
pb2	1103	7054	replicate-1
pb2	1104	7357	replicate-1
pb2	1105	7250	replicate-1
pb2	1106	7360	replicate-1
pb2	1107	7377	replicate-1
pb2	1108	7638	replicate-1
pb2	1109	7669	replicate-1
pb2	1110	7647	replicate-1
pb2	1111	7813	replicate-1
pb2	1112	7467	replicate-1
pb2	1113	7867	replicate-1
pb2	1114	7838	replicate-1
pb2	1115	8398	replicate-1
pb2	1116	8703	replicate-1
pb2	1117	8688	replicate-1
pb2	1118	8879	replicate-1
pb2	1119	8877	replicate-1
pb2	1120	8975	replicate-1
pb2	1121	8982	replicate-1
pb2	1122	9163	replicate-1
pb2	1123	9402	replicate-1
pb2	1124	9357	replicate-1
pb2	1125	9428	replicate-1
pb2	1126	9521	replicate-1
pb2	1127	9730	replicate-1
pb2	1128	9749	replicate-1
pb2	1129	9727	replicate-1
pb2	1130	9806	replicate-1
pb2	1131	9768	replicate-1
pb2	1132	9715	replicate-1
pb2	1133	9837	replicate-1
pb2	1134	9851	replicate-1
pb2	1135	9922	replicate-1
pb2	1136	9998	replicate-1
pb2	1137	9990	replicate-1
pb2	1138	9982	replicate-1
pb2	1139	10069	replicate-1
pb2	1140	10045	replicate-1
pb2	1141	10133	replicate-1
pb2	1142	10135	replicate-1
pb2	1143	10160	replicate-1
pb2	1144	10331	replicate-1
pb2	1145	10406	replicate-1
pb2	1146	10478	replicate-1
pb2	1147	10494	replicate-1
pb2	1148	10483	replicate-1
pb2	1149	10594	replicate-1
pb2	1150	10561	replicate-1
pb2	1151	10600	replicate-1
pb2	1152	10648	replicate-1
pb2	1153	10653	replicate-1
pb2	1154	10642	replicate-1
pb2	1155	10617	replicate-1
pb2	1156	10662	replicate-1
pb2	1157	10669	replicate-1
pb2	1158	10640	replicate-1
pb2	1159	10693	replicate-1
pb2	1160	11012	replicate-1
pb2	1161	11026	replicate-1
pb2	1162	11001	replicate-1
pb2	1163	11014	replicate-1
pb2	1164	10995	replicate-1
pb2	1165	11039	replicate-1
pb2	1166	11109	replicate-1
pb2	1167	11131	replicate-1
pb2	1168	11151	replicate-1
pb2	1169	10893	replicate-1
pb2	1170	11018	replicate-1
pb2	1171	11097	replicate-1
pb2	1172	11059	replicate-1
pb2	1173	11034	replicate-1
pb2	1174	10996	replicate-1
pb2	1175	11472	replicate-1
pb2	1176	11666	replicate-1
pb2	1177	11696	replicate-1
pb2	1178	11689	replicate-1
pb2	1179	11732	replicate-1
pb2	1180	11818	replicate-1
pb2	1181	11938	replicate-1
pb2	1182	11873	replicate-1
pb2	1183	11922	replicate-1
pb2	1184	11459	replicate-1
pb2	1185	11498	replicate-1
pb2	1186	11482	replicate-1
pb2	1187	11730	replicate-1
pb2	1188	11767	replicate-1
pb2	1189	11737	replicate-1
pb2	1190	11698	replicate-1
pb2	1191	11651	replicate-1
pb2	1192	11613	replicate-1
pb2	1193	11893	replicate-1
pb2	1194	11943	replicate-1
pb2	1195	12010	replicate-1
pb2	1196	11908	replicate-1
pb2	1197	12045	replicate-1
pb2	1198	12144	replicate-1
pb2	1199	12101	replicate-1
pb2	1200	12115	replicate-1
pb2	1201	12135	replicate-1
pb2	1202	11829	replicate-1
pb2	1203	12194	replicate-1
pb2	1204	12099	replicate-1
pb2	1205	12153	replicate-1
pb2	1206	12059	replicate-1
pb2	1207	12039	replicate-1
pb2	1208	12010	replicate-1
pb2	1209	11916	replicate-1
pb2	1210	11898	replicate-1
pb2	1211	11905	replicate-1
pb2	1212	11602	replicate-1
pb2	1213	11601	replicate-1
pb2	1214	11556	replicate-1
pb2	1215	11712	replicate-1
pb2	1216	11815	replicate-1
pb2	1217	12076	replicate-1
pb2	1218	12070	replicate-1
pb2	1219	12138	replicate-1
pb2	1220	12192	replicate-1
pb2	1221	12247	replicate-1
pb2	1222	12588	replicate-1
pb2	1223	12649	replicate-1
pb2	1224	12478	replicate-1
pb2	1225	12473	replicate-1
pb2	1226	12072	replicate-1
pb2	1227	12134	replicate-1
pb2	1228	12153	replicate-1
pb2	1229	12153	replicate-1
pb2	1230	12094	replicate-1
pb2	1231	12121	replicate-1
pb2	1232	12203	replicate-1
pb2	1233	12303	replicate-1
pb2	1234	12622	replicate-1
pb2	1235	12614	replicate-1
pb2	1236	12616	replicate-1
pb2	1237	12564	replicate-1
pb2	1238	12801	replicate-1
pb2	1239	12875	replicate-1
pb2	1240	12803	replicate-1
pb2	1241	13152	replicate-1
pb2	1242	13132	replicate-1
pb2	1243	13255	replicate-1
pb2	1244	13056	replicate-1
pb2	1245	12973	replicate-1
pb2	1246	12934	replicate-1
pb2	1247	12712	replicate-1
pb2	1248	12808	replicate-1
pb2	1249	12838	replicate-1
pb2	1250	12556	replicate-1
pb2	1251	12663	replicate-1
pb2	1252	12412	replicate-1
pb2	1253	12430	replicate-1
pb2	1254	11965	replicate-1
pb2	1255	11985	replicate-1
pb2	1256	12200	replicate-1
pb2	1257	12894	replicate-1
pb2	1258	13008	replicate-1
pb2	1259	12968	replicate-1
pb2	1260	12864	replicate-1
pb2	1261	12845	replicate-1
pb2	1262	12716	replicate-1
pb2	1263	12725	replicate-1
pb2	1264	12627	replicate-1
pb2	1265	12549	replicate-1
pb2	1266	11820	replicate-1
pb2	1267	12041	replicate-1
pb2	1268	12090	replicate-1
pb2	1269	12071	replicate-1
pb2	1270	12139	replicate-1
pb2	1271	12102	replicate-1
pb2	1272	12173	replicate-1
pb2	1273	12103	replicate-1
pb2	1274	12096	replicate-1
pb2	1275	12019	replicate-1
pb2	1276	12153	replicate-1
pb2	1277	12307	replicate-1
pb2	1278	12355	replicate-1
pb2	1279	12357	replicate-1
pb2	1280	12329	replicate-1
pb2	1281	12469	replicate-1
pb2	1282	12498	replicate-1
pb2	1283	12497	replicate-1
pb2	1284	12494	replicate-1
pb2	1285	12382	replicate-1
pb2	1286	12408	replicate-1
pb2	1287	12529	replicate-1
pb2	1288	12551	replicate-1
pb2	1289	12602	replicate-1
pb2	1290	12642	replicate-1
pb2	1291	12578	replicate-1
pb2	1292	12554	replicate-1
pb2	1293	12551	replicate-1
pb2	1294	12469	replicate-1
pb2	1295	12545	replicate-1
pb2	1296	12733	replicate-1
pb2	1297	12792	replicate-1
pb2	1298	12754	replicate-1
pb2	1299	12713	replicate-1
pb2	1300	12720	replicate-1
pb2	1301	12742	replicate-1
pb2	1302	12788	replicate-1
pb2	1303	12794	replicate-1
pb2	1304	12627	replicate-1
pb2	1305	12635	replicate-1
pb2	1306	12679	replicate-1
pb2	1307	12677	replicate-1
pb2	1308	12835	replicate-1
pb2	1309	12680	replicate-1
pb2	1310	12631	replicate-1
pb2	1311	12730	replicate-1
pb2	1312	12729	replicate-1
pb2	1313	13025	replicate-1
pb2	1314	12996	replicate-1
pb2	1315	13036	replicate-1
pb2	1316	13045	replicate-1
pb2	1317	12795	replicate-1
pb2	1318	12816	replicate-1
pb2	1319	12820	replicate-1
pb2	1320	12842	replicate-1
pb2	1321	12856	replicate-1
pb2	1322	12551	replicate-1
pb2	1323	12560	replicate-1
pb2	1324	12547	replicate-1
pb2	1325	12263	replicate-1
pb2	1326	12460	replicate-1
pb2	1327	12513	replicate-1
pb2	1328	12552	replicate-1
pb2	1329	12688	replicate-1
pb2	1330	12570	replicate-1
pb2	1331	12590	replicate-1
pb2	1332	12542	replicate-1
pb2	1333	12499	replicate-1
pb2	1334	12484	replicate-1
pb2	1335	11884	replicate-1
pb2	1336	11831	replicate-1
pb2	1337	11564	replicate-1
pb2	1338	12182	replicate-1
pb2	1339	12103	replicate-1
pb2	1340	12189	replicate-1
pb2	1341	12240	replicate-1
pb2	1342	12244	replicate-1
pb2	1343	12238	replicate-1
pb2	1344	12217	replicate-1
pb2	1345	12199	replicate-1
pb2	1346	12170	replicate-1
pb2	1347	11872	replicate-1
pb2	1348	11097	replicate-1
pb2	1349	11505	replicate-1
pb2	1350	11568	replicate-1
pb2	1351	11572	replicate-1
pb2	1352	11680	replicate-1
pb2	1353	11683	replicate-1
pb2	1354	11658	replicate-1
pb2	1355	11665	replicate-1
pb2	1356	11477	replicate-1
pb2	1357	11509	replicate-1
pb2	1358	11259	replicate-1
pb2	1359	11290	replicate-1
pb2	1360	11313	replicate-1
pb2	1361	11183	replicate-1
pb2	1362	11220	replicate-1
pb2	1363	11321	replicate-1
pb2	1364	11376	replicate-1
pb2	1365	11350	replicate-1
pb2	1366	11295	replicate-1
pb2	1367	11284	replicate-1
pb2	1368	11384	replicate-1
pb2	1369	11484	replicate-1
pb2	1370	11574	replicate-1
pb2	1371	11328	replicate-1
pb2	1372	11252	replicate-1
pb2	1373	11202	replicate-1
pb2	1374	11194	replicate-1
pb2	1375	11188	replicate-1
pb2	1376	11249	replicate-1
pb2	1377	11211	replicate-1
pb2	1378	11211	replicate-1
pb2	1379	11186	replicate-1
pb2	1380	11149	replicate-1
pb2	1381	11153	replicate-1
pb2	1382	11052	replicate-1
pb2	1383	11197	replicate-1
pb2	1384	11225	replicate-1
pb2	1385	11231	replicate-1
pb2	1386	11210	replicate-1
pb2	1387	11186	replicate-1
pb2	1388	11296	replicate-1
pb2	1389	11234	replicate-1
pb2	1390	11236	replicate-1
pb2	1391	11151	replicate-1
pb2	1392	11132	replicate-1
pb2	1393	10767	replicate-1
pb2	1394	10816	replicate-1
pb2	1395	10753	replicate-1
pb2	1396	10877	replicate-1
pb2	1397	10797	replicate-1
pb2	1398	10845	replicate-1
pb2	1399	10736	replicate-1
pb2	1400	10725	replicate-1
pb2	1401	10704	replicate-1
pb2	1402	10738	replicate-1
pb2	1403	10723	replicate-1
pb2	1404	10613	replicate-1
pb2	1405	10538	replicate-1
pb2	1406	10403	replicate-1
pb2	1407	10353	replicate-1
pb2	1408	10222	replicate-1
pb2	1409	10249	replicate-1
pb2	1410	10240	replicate-1
pb2	1411	10219	replicate-1
pb2	1412	10466	replicate-1
pb2	1413	10474	replicate-1
pb2	1414	10546	replicate-1
pb2	1415	10556	replicate-1
pb2	1416	10388	replicate-1
pb2	1417	10431	replicate-1
pb2	1418	10416	replicate-1
pb2	1419	10577	replicate-1
pb2	1420	10568	replicate-1
pb2	1421	10465	replicate-1
pb2	1422	10325	replicate-1
pb2	1423	10348	replicate-1
pb2	1424	10523	replicate-1
pb2	1425	10536	replicate-1
pb2	1426	10545	replicate-1
pb2	1427	10389	replicate-1
pb2	1428	10294	replicate-1
pb2	1429	10329	replicate-1
pb2	1430	10426	replicate-1
pb2	1431	10438	replicate-1
pb2	1432	10466	replicate-1
pb2	1433	10356	replicate-1
pb2	1434	10347	replicate-1
pb2	1435	10363	replicate-1
pb2	1436	10928	replicate-1
pb2	1437	10925	replicate-1
pb2	1438	10894	replicate-1
pb2	1439	10846	replicate-1
pb2	1440	10771	replicate-1
pb2	1441	10795	replicate-1
pb2	1442	10836	replicate-1
pb2	1443	10939	replicate-1
pb2	1444	11003	replicate-1
pb2	1445	10232	replicate-1
pb2	1446	10261	replicate-1
pb2	1447	10324	replicate-1
pb2	1448	10401	replicate-1
pb2	1449	10427	replicate-1
pb2	1450	10425	replicate-1
pb2	1451	10362	replicate-1
pb2	1452	10379	replicate-1
pb2	1453	10213	replicate-1
pb2	1454	10332	replicate-1
pb2	1455	10418	replicate-1
pb2	1456	10257	replicate-1
pb2	1457	10535	replicate-1
pb2	1458	10509	replicate-1
pb2	1459	10500	replicate-1
pb2	1460	10504	replicate-1
pb2	1461	10497	replicate-1
pb2	1462	10410	replicate-1
pb2	1463	10417	replicate-1
pb2	1464	10271	replicate-1
pb2	1465	10341	replicate-1
pb2	1466	10070	replicate-1
pb2	1467	10232	replicate-1
pb2	1468	10225	replicate-1
pb2	1469	10354	replicate-1
pb2	1470	10354	replicate-1
pb2	1471	10277	replicate-1
pb2	1472	10194	replicate-1
pb2	1473	10259	replicate-1
pb2	1474	10236	replicate-1
pb2	1475	10226	replicate-1
pb2	1476	10052	replicate-1
pb2	1477	10004	replicate-1
pb2	1478	10148	replicate-1
pb2	1479	9941	replicate-1
pb2	1480	9976	replicate-1
pb2	1481	9982	replicate-1
pb2	1482	9838	replicate-1
pb2	1483	10066	replicate-1
pb2	1484	10117	replicate-1
pb2	1485	10178	replicate-1
pb2	1486	10297	replicate-1
pb2	1487	10121	replicate-1
pb2	1488	10123	replicate-1
pb2	1489	9921	replicate-1
pb2	1490	9922	replicate-1
pb2	1491	11780	replicate-1
pb2	1492	11571	replicate-1
pb2	1493	11888	replicate-1
pb2	1494	11873	replicate-1
pb2	1495	11768	replicate-1
pb2	1496	12254	replicate-1
pb2	1497	12268	replicate-1
pb2	1498	12269	replicate-1
pb2	1499	12253	replicate-1
pb2	1500	10924	replicate-1
pb2	1501	11022	replicate-1
pb2	1502	10954	replicate-1
pb2	1503	11013	replicate-1
pb2	1504	11040	replicate-1
pb2	1505	11076	replicate-1
pb2	1506	11121	replicate-1
pb2	1507	11181	replicate-1
pb2	1508	11370	replicate-1
pb2	1509	11406	replicate-1
pb2	1510	11906	replicate-1
pb2	1511	11854	replicate-1
pb2	1512	12049	replicate-1
pb2	1513	12059	replicate-1
pb2	1514	11860	replicate-1
pb2	1515	11844	replicate-1
pb2	1516	11796	replicate-1
pb2	1517	11847	replicate-1
pb2	1518	12022	replicate-1
pb2	1519	11724	replicate-1
pb2	1520	11723	replicate-1
pb2	1521	11540	replicate-1
pb2	1522	11541	replicate-1
pb2	1523	11712	replicate-1
pb2	1524	11770	replicate-1
pb2	1525	11740	replicate-1
pb2	1526	11721	replicate-1
pb2	1527	11973	replicate-1
pb2	1528	12262	replicate-1
pb2	1529	12322	replicate-1
pb2	1530	12366	replicate-1
pb2	1531	12417	replicate-1
pb2	1532	12437	replicate-1
pb2	1533	12457	replicate-1
pb2	1534	12454	replicate-1
pb2	1535	12455	replicate-1
pb2	1536	12218	replicate-1
pb2	1537	12313	replicate-1
pb2	1538	12310	replicate-1
pb2	1539	12340	replicate-1
pb2	1540	12380	replicate-1
pb2	1541	12380	replicate-1
pb2	1542	12412	replicate-1
pb2	1543	12409	replicate-1
pb2	1544	12357	replicate-1
pb2	1545	12420	replicate-1
pb2	1546	12292	replicate-1
pb2	1547	12243	replicate-1
pb2	1548	12132	replicate-1
pb2	1549	12167	replicate-1
pb2	1550	12161	replicate-1
pb2	1551	12122	replicate-1
pb2	1552	12140	replicate-1
pb2	1553	12181	replicate-1
pb2	1554	12207	replicate-1
pb2	1555	12098	replicate-1
pb2	1556	12343	replicate-1
pb2	1557	12308	replicate-1
pb2	1558	12745	replicate-1
pb2	1559	12764	replicate-1
pb2	1560	12682	replicate-1
pb2	1561	12670	replicate-1
pb2	1562	12594	replicate-1
pb2	1563	12641	replicate-1
pb2	1564	12628	replicate-1
pb2	1565	12298	replicate-1
pb2	1566	12320	replicate-1
pb2	1567	11862	replicate-1
pb2	1568	11979	replicate-1
pb2	1569	11929	replicate-1
pb2	1570	11993	replicate-1
pb2	1571	11999	replicate-1
pb2	1572	11940	replicate-1
pb2	1573	11940	replicate-1
pb2	1574	11932	replicate-1
pb2	1575	11856	replicate-1
pb2	1576	11865	replicate-1
pb2	1577	11743	replicate-1
pb2	1578	11828	replicate-1
pb2	1579	11820	replicate-1
pb2	1580	11744	replicate-1
pb2	1581	11746	replicate-1
pb2	1582	11698	replicate-1
pb2	1583	11741	replicate-1
pb2	1584	11784	replicate-1
pb2	1585	11772	replicate-1
pb2	1586	11750	replicate-1
pb2	1587	11634	replicate-1
pb2	1588	11781	replicate-1
pb2	1589	11852	replicate-1
pb2	1590	11843	replicate-1
pb2	1591	11877	replicate-1
pb2	1592	11769	replicate-1
pb2	1593	11780	replicate-1
pb2	1594	11774	replicate-1
pb2	1595	12114	replicate-1
pb2	1596	12142	replicate-1
pb2	1597	12045	replicate-1
pb2	1598	12055	replicate-1
pb2	1599	11886	replicate-1
pb2	1600	11928	replicate-1
pb2	1601	11971	replicate-1
pb2	1602	12030	replicate-1
pb2	1603	11935	replicate-1
pb2	1604	11491	replicate-1
pb2	1605	11398	replicate-1
pb2	1606	11329	replicate-1
pb2	1607	11217	replicate-1
pb2	1608	11296	replicate-1
pb2	1609	11184	replicate-1
pb2	1610	11194	replicate-1
pb2	1611	11119	replicate-1
pb2	1612	11105	replicate-1
pb2	1613	11106	replicate-1
pb2	1614	11262	replicate-1
pb2	1615	11225	replicate-1
pb2	1616	11273	replicate-1
pb2	1617	11198	replicate-1
pb2	1618	11189	replicate-1
pb2	1619	11199	replicate-1
pb2	1620	11207	replicate-1
pb2	1621	11196	replicate-1
pb2	1622	11178	replicate-1
pb2	1623	11020	replicate-1
pb2	1624	10920	replicate-1
pb2	1625	10869	replicate-1
pb2	1626	10869	replicate-1
pb2	1627	11023	replicate-1
pb2	1628	10958	replicate-1
pb2	1629	10929	replicate-1
pb2	1630	10952	replicate-1
pb2	1631	10975	replicate-1
pb2	1632	10948	replicate-1
pb2	1633	10929	replicate-1
pb2	1634	10760	replicate-1
pb2	1635	10803	replicate-1
pb2	1636	10551	replicate-1
pb2	1637	10450	replicate-1
pb2	1638	10508	replicate-1
pb2	1639	10486	replicate-1
pb2	1640	10183	replicate-1
pb2	1641	10110	replicate-1
pb2	1642	9485	replicate-1
pb2	1643	9460	replicate-1
pb2	1644	9383	replicate-1
pb2	1645	9362	replicate-1
pb2	1646	9343	replicate-1
pb2	1647	9156	replicate-1
pb2	1648	9145	replicate-1
pb2	1649	9360	replicate-1
pb2	1650	9156	replicate-1
pb2	1651	9117	replicate-1
pb2	1652	9090	replicate-1
pb2	1653	8970	replicate-1
pb2	1654	9133	replicate-1
pb2	1655	9080	replicate-1
pb2	1656	9060	replicate-1
pb2	1657	8995	replicate-1
pb2	1658	8613	replicate-1
pb2	1659	8617	replicate-1
pb2	1660	8793	replicate-1
pb2	1661	8631	replicate-1
pb2	1662	8710	replicate-1
pb2	1663	8537	replicate-1
pb2	1664	8542	replicate-1
pb2	1665	8876	replicate-1
pb2	1666	8966	replicate-1
pb2	1667	8960	replicate-1
pb2	1668	8973	replicate-1
pb2	1669	8597	replicate-1
pb2	1670	9079	replicate-1
pb2	1671	9089	replicate-1
pb2	1672	9218	replicate-1
pb2	1673	9268	replicate-1
pb2	1674	8664	replicate-1
pb2	1675	8699	replicate-1
pb2	1676	8716	replicate-1
pb2	1677	8755	replicate-1
pb2	1678	8667	replicate-1
pb2	1679	7949	replicate-1
pb2	1680	8048	replicate-1
pb2	1681	7939	replicate-1
pb2	1682	7914	replicate-1
pb2	1683	7973	replicate-1
pb2	1684	7921	replicate-1
pb2	1685	7924	replicate-1
pb2	1686	7861	replicate-1
pb2	1687	8030	replicate-1
pb2	1688	8015	replicate-1
pb2	1689	7959	replicate-1
pb2	1690	7840	replicate-1
pb2	1691	7850	replicate-1
pb2	1692	7834	replicate-1
pb2	1693	7834	replicate-1
pb2	1694	7818	replicate-1
pb2	1695	7841	replicate-1
pb2	1696	7665	replicate-1
pb2	1697	7662	replicate-1
pb2	1698	7663	replicate-1
pb2	1699	7660	replicate-1
pb2	1700	7634	replicate-1
pb2	1701	7631	replicate-1
pb2	1702	7592	replicate-1
pb2	1703	7562	replicate-1
pb2	1704	7476	replicate-1
pb2	1705	7523	replicate-1
pb2	1706	7499	replicate-1
pb2	1707	7457	replicate-1
pb2	1708	7413	replicate-1
pb2	1709	7359	replicate-1
pb2	1710	7355	replicate-1
pb2	1711	7384	replicate-1
pb2	1712	7337	replicate-1
pb2	1713	7328	replicate-1
pb2	1714	7282	replicate-1
pb2	1715	7227	replicate-1
pb2	1716	7233	replicate-1
pb2	1717	7254	replicate-1
pb2	1718	7390	replicate-1
pb2	1719	7393	replicate-1
pb2	1720	7352	replicate-1
pb2	1721	7403	replicate-1
pb2	1722	7468	replicate-1
pb2	1723	7547	replicate-1
pb2	1724	7547	replicate-1
pb2	1725	7616	replicate-1
pb2	1726	7635	replicate-1
pb2	1727	7574	replicate-1
pb2	1728	7566	replicate-1
pb2	1729	7585	replicate-1
pb2	1730	7833	replicate-1
pb2	1731	7827	replicate-1
pb2	1732	7777	replicate-1
pb2	1733	7788	replicate-1
pb2	1734	7630	replicate-1
pb2	1735	8037	replicate-1
pb2	1736	7855	replicate-1
pb2	1737	7968	replicate-1
pb2	1738	7973	replicate-1
pb2	1739	7319	replicate-1
pb2	1740	8003	replicate-1
pb2	1741	7947	replicate-1
pb2	1742	7926	replicate-1
pb2	1743	8023	replicate-1
pb2	1744	7404	replicate-1
pb2	1745	7663	replicate-1
pb2	1746	7428	replicate-1
pb2	1747	7436	replicate-1
pb2	1748	7428	replicate-1
pb2	1749	7095	replicate-1
pb2	1750	7067	replicate-1
pb2	1751	7041	replicate-1
pb2	1752	6983	replicate-1
pb2	1753	7073	replicate-1
pb2	1754	6919	replicate-1
pb2	1755	7016	replicate-1
pb2	1756	6974	replicate-1
pb2	1757	6985	replicate-1
pb2	1758	6951	replicate-1
pb2	1759	6946	replicate-1
pb2	1760	7010	replicate-1
pb2	1761	7012	replicate-1
pb2	1762	7021	replicate-1
pb2	1763	6994	replicate-1
pb2	1764	7190	replicate-1
pb2	1765	7255	replicate-1
pb2	1766	7283	replicate-1
pb2	1767	7291	replicate-1
pb2	1768	7269	replicate-1
pb2	1769	7246	replicate-1
pb2	1770	7277	replicate-1
pb2	1771	7307	replicate-1
pb2	1772	7430	replicate-1
pb2	1773	7368	replicate-1
pb2	1774	7367	replicate-1
pb2	1775	7361	replicate-1
pb2	1776	7412	replicate-1
pb2	1777	7512	replicate-1
pb2	1778	7474	replicate-1
pb2	1779	7807	replicate-1
pb2	1780	7780	replicate-1
pb2	1781	7745	replicate-1
pb2	1782	7739	replicate-1
pb2	1783	7756	replicate-1
pb2	1784	7744	replicate-1
pb2	1785	7740	replicate-1
pb2	1786	7724	replicate-1
pb2	1787	7707	replicate-1
pb2	1788	7557	replicate-1
pb2	1789	7606	replicate-1
pb2	1790	7632	replicate-1
pb2	1791	7602	replicate-1
pb2	1792	7603	replicate-1
pb2	1793	7627	replicate-1
pb2	1794	7708	replicate-1
pb2	1795	8162	replicate-1
pb2	1796	8364	replicate-1
pb2	1797	8339	replicate-1
pb2	1798	8400	replicate-1
pb2	1799	8393	replicate-1
pb2	1800	8739	replicate-1
pb2	1801	8796	replicate-1
pb2	1802	8802	replicate-1
pb2	1803	8869	replicate-1
pb2	1804	8247	replicate-1
pb2	1805	8248	replicate-1
pb2	1806	8213	replicate-1
pb2	1807	8318	replicate-1
pb2	1808	8329	replicate-1
pb2	1809	8313	replicate-1
pb2	1810	8237	replicate-1
pb2	1811	8332	replicate-1
pb2	1812	8502	replicate-1
pb2	1813	8527	replicate-1
pb2	1814	8536	replicate-1
pb2	1815	8553	replicate-1
pb2	1816	8559	replicate-1
pb2	1817	8604	replicate-1
pb2	1818	8597	replicate-1
pb2	1819	8621	replicate-1
pb2	1820	8658	replicate-1
pb2	1821	8547	replicate-1
pb2	1822	8783	replicate-1
pb2	1823	8793	replicate-1
pb2	1824	9014	replicate-1
pb2	1825	9049	replicate-1
pb2	1826	9013	replicate-1
pb2	1827	9033	replicate-1
pb2	1828	9041	replicate-1
pb2	1829	8936	replicate-1
pb2	1830	8948	replicate-1
pb2	1831	8945	replicate-1
pb2	1832	8853	replicate-1
pb2	1833	8754	replicate-1
pb2	1834	8772	replicate-1
pb2	1835	8871	replicate-1
pb2	1836	8869	replicate-1
pb2	1837	8837	replicate-1
pb2	1838	8877	replicate-1
pb2	1839	8912	replicate-1
pb2	1840	8928	replicate-1
pb2	1841	9106	replicate-1
pb2	1842	9085	replicate-1
pb2	1843	9195	replicate-1
pb2	1844	9184	replicate-1
pb2	1845	9336	replicate-1
pb2	1846	9338	replicate-1
pb2	1847	9298	replicate-1
pb2	1848	9311	replicate-1
pb2	1849	9297	replicate-1
pb2	1850	9345	replicate-1
pb2	1851	9384	replicate-1
pb2	1852	9340	replicate-1
pb2	1853	9497	replicate-1
pb2	1854	9811	replicate-1
pb2	1855	9842	replicate-1
pb2	1856	9823	replicate-1
pb2	1857	9822	replicate-1
pb2	1858	9817	replicate-1
pb2	1859	9854	replicate-1
pb2	1860	9855	replicate-1
pb2	1861	9726	replicate-1
pb2	1862	9832	replicate-1
pb2	1863	9375	replicate-1
pb2	1864	9902	replicate-1
pb2	1865	9902	replicate-1
pb2	1866	9938	replicate-1
pb2	1867	9954	replicate-1
pb2	1868	9812	replicate-1
pb2	1869	9854	replicate-1
pb2	1870	9896	replicate-1
pb2	1871	10283	replicate-1
pb2	1872	10195	replicate-1
pb2	1873	9610	replicate-1
pb2	1874	9603	replicate-1
pb2	1875	9575	replicate-1
pb2	1876	9581	replicate-1
pb2	1877	9563	replicate-1
pb2	1878	9481	replicate-1
pb2	1879	9434	replicate-1
pb2	1880	9146	replicate-1
pb2	1881	9162	replicate-1
pb2	1882	9117	replicate-1
pb2	1883	9104	replicate-1
pb2	1884	9387	replicate-1
pb2	1885	9290	replicate-1
pb2	1886	9355	replicate-1
pb2	1887	9357	replicate-1
pb2	1888	9360	replicate-1
pb2	1889	9361	replicate-1
pb2	1890	9327	replicate-1
pb2	1891	9207	replicate-1
pb2	1892	9230	replicate-1
pb2	1893	9153	replicate-1
pb2	1894	9168	replicate-1
pb2	1895	9076	replicate-1
pb2	1896	9054	replicate-1
pb2	1897	9127	replicate-1
pb2	1898	9086	replicate-1
pb2	1899	9082	replicate-1
pb2	1900	9128	replicate-1
pb2	1901	9128	replicate-1
pb2	1902	9128	replicate-1
pb2	1903	9145	replicate-1
pb2	1904	9154	replicate-1
pb2	1905	9165	replicate-1
pb2	1906	9286	replicate-1
pb2	1907	9317	replicate-1
pb2	1908	9410	replicate-1
pb2	1909	9436	replicate-1
pb2	1910	9375	replicate-1
pb2	1911	9524	replicate-1
pb2	1912	9504	replicate-1
pb2	1913	9613	replicate-1
pb2	1914	9623	replicate-1
pb2	1915	9380	replicate-1
pb2	1916	9397	replicate-1
pb2	1917	9371	replicate-1
pb2	1918	9587	replicate-1
pb2	1919	9604	replicate-1
pb2	1920	9540	replicate-1
pb2	1921	9591	replicate-1
pb2	1922	9514	replicate-1
pb2	1923	9658	replicate-1
pb2	1924	9649	replicate-1
pb2	1925	9830	replicate-1
pb2	1926	9812	replicate-1
pb2	1927	9658	replicate-1
pb2	1928	9753	replicate-1
pb2	1929	9685	replicate-1
pb2	1930	9635	replicate-1
pb2	1931	9703	replicate-1
pb2	1932	9624	replicate-1
pb2	1933	9656	replicate-1
pb2	1934	9547	replicate-1
pb2	1935	9599	replicate-1
pb2	1936	9624	replicate-1
pb2	1937	9835	replicate-1
pb2	1938	9808	replicate-1
pb2	1939	9855	replicate-1
pb2	1940	9789	replicate-1
pb2	1941	9823	replicate-1
pb2	1942	9848	replicate-1
pb2	1943	9931	replicate-1
pb2	1944	9870	replicate-1
pb2	1945	9779	replicate-1
pb2	1946	9397	replicate-1
pb2	1947	9387	replicate-1
pb2	1948	9284	replicate-1
pb2	1949	9291	replicate-1
pb2	1950	9189	replicate-1
pb2	1951	9109	replicate-1
pb2	1952	9398	replicate-1
pb2	1953	9467	replicate-1
pb2	1954	9496	replicate-1
pb2	1955	9511	replicate-1
pb2	1956	9501	replicate-1
pb2	1957	9822	replicate-1
pb2	1958	9860	replicate-1
pb2	1959	9837	replicate-1
pb2	1960	9771	replicate-1
pb2	1961	9651	replicate-1
pb2	1962	9670	replicate-1
pb2	1963	9648	replicate-1
pb2	1964	9836	replicate-1
pb2	1965	9820	replicate-1
pb2	1966	9550	replicate-1
pb2	1967	9539	replicate-1
pb2	1968	9559	replicate-1
pb2	1969	9543	replicate-1
pb2	1970	9286	replicate-1
pb2	1971	9590	replicate-1
pb2	1972	9652	replicate-1
pb2	1973	9418	replicate-1
pb2	1974	9383	replicate-1
pb2	1975	9234	replicate-1
pb2	1976	9284	replicate-1
pb2	1977	9318	replicate-1
pb2	1978	9286	replicate-1
pb2	1979	9289	replicate-1
pb2	1980	9229	replicate-1
pb2	1981	9120	replicate-1
pb2	1982	9511	replicate-1
pb2	1983	9548	replicate-1
pb2	1984	9595	replicate-1
pb2	1985	9690	replicate-1
pb2	1986	9645	replicate-1
pb2	1987	9693	replicate-1
pb2	1988	9666	replicate-1
pb2	1989	9581	replicate-1
pb2	1990	9687	replicate-1
pb2	1991	9370	replicate-1
pb2	1992	9606	replicate-1
pb2	1993	9628	replicate-1
pb2	1994	9570	replicate-1
pb2	1995	9682	replicate-1
pb2	1996	9699	replicate-1
pb2	1997	9914	replicate-1
pb2	1998	9925	replicate-1
pb2	1999	9961	replicate-1
pb2	2000	10257	replicate-1
pb2	2001	10279	replicate-1
pb2	2002	10213	replicate-1
pb2	2003	10153	replicate-1
pb2	2004	10006	replicate-1
pb2	2005	9937	replicate-1
pb2	2006	9828	replicate-1
pb2	2007	9892	replicate-1
pb2	2008	10024	replicate-1
pb2	2009	10129	replicate-1
pb2	2010	10040	replicate-1
pb2	2011	10147	replicate-1
pb2	2012	10256	replicate-1
pb2	2013	10242	replicate-1
pb2	2014	10243	replicate-1
pb2	2015	10148	replicate-1
pb2	2016	10186	replicate-1
pb2	2017	10048	replicate-1
pb2	2018	10132	replicate-1
pb2	2019	10141	replicate-1
pb2	2020	10036	replicate-1
pb2	2021	10040	replicate-1
pb2	2022	10101	replicate-1
pb2	2023	10071	replicate-1
pb2	2024	10118	replicate-1
pb2	2025	10076	replicate-1
pb2	2026	10346	replicate-1
pb2	2027	10275	replicate-1
pb2	2028	10307	replicate-1
pb2	2029	10389	replicate-1
pb2	2030	10376	replicate-1
pb2	2031	10389	replicate-1
pb2	2032	10398	replicate-1
pb2	2033	10446	replicate-1
pb2	2034	10509	replicate-1
pb2	2035	10269	replicate-1
pb2	2036	10260	replicate-1
pb2	2037	10214	replicate-1
pb2	2038	10271	replicate-1
pb2	2039	10418	replicate-1
pb2	2040	10437	replicate-1
pb2	2041	10460	replicate-1
pb2	2042	10398	replicate-1
pb2	2043	10366	replicate-1
pb2	2044	10393	replicate-1
pb2	2045	10434	replicate-1
pb2	2046	10525	replicate-1
pb2	2047	10497	replicate-1
pb2	2048	10668	replicate-1
pb2	2049	10678	replicate-1
pb2	2050	10711	replicate-1
pb2	2051	10695	replicate-1
pb2	2052	10670	replicate-1
pb2	2053	10641	replicate-1
pb2	2054	10731	replicate-1
pb2	2055	10644	replicate-1
pb2	2056	10606	replicate-1
pb2	2057	10455	replicate-1
pb2	2058	10439	replicate-1
pb2	2059	10477	replicate-1
pb2	2060	10531	replicate-1
pb2	2061	10538	replicate-1
pb2	2062	10429	replicate-1
pb2	2063	10386	replicate-1
pb2	2064	10360	replicate-1
pb2	2065	10587	replicate-1
pb2	2066	10695	replicate-1
pb2	2067	10715	replicate-1
pb2	2068	10680	replicate-1
pb2	2069	10441	replicate-1
pb2	2070	10417	replicate-1
pb2	2071	10456	replicate-1
pb2	2072	10502	replicate-1
pb2	2073	10481	replicate-1
pb2	2074	10301	replicate-1
pb2	2075	10341	replicate-1
pb2	2076	10304	replicate-1
pb2	2077	10449	replicate-1
pb2	2078	10499	replicate-1
pb2	2079	10460	replicate-1
pb2	2080	10636	replicate-1
pb2	2081	10678	replicate-1
pb2	2082	10672	replicate-1
pb2	2083	10703	replicate-1
pb2	2084	10506	replicate-1
pb2	2085	10575	replicate-1
pb2	2086	10518	replicate-1
pb2	2087	10243	replicate-1
pb2	2088	10281	replicate-1
pb2	2089	10086	replicate-1
pb2	2090	10150	replicate-1
pb2	2091	10136	replicate-1
pb2	2092	10176	replicate-1
pb2	2093	10121	replicate-1
pb2	2094	10059	replicate-1
pb2	2095	10314	replicate-1
pb2	2096	10232	replicate-1
pb2	2097	10225	replicate-1
pb2	2098	10236	replicate-1
pb2	2099	10116	replicate-1
pb2	2100	10119	replicate-1
pb2	2101	10033	replicate-1
pb2	2102	10028	replicate-1
pb2	2103	9917	replicate-1
pb2	2104	9622	replicate-1
pb2	2105	9623	replicate-1
pb2	2106	9610	replicate-1
pb2	2107	9745	replicate-1
pb2	2108	9713	replicate-1
pb2	2109	9779	replicate-1
pb2	2110	9673	replicate-1
pb2	2111	9662	replicate-1
pb2	2112	9674	replicate-1
pb2	2113	9655	replicate-1
pb2	2114	9620	replicate-1
pb2	2115	9566	replicate-1
pb2	2116	9524	replicate-1
pb2	2117	9403	replicate-1
pb2	2118	9367	replicate-1
pb2	2119	9322	replicate-1
pb2	2120	9313	replicate-1
pb2	2121	9177	replicate-1
pb2	2122	9102	replicate-1
pb2	2123	9142	replicate-1
pb2	2124	9142	replicate-1
pb2	2125	9248	replicate-1
pb2	2126	9272	replicate-1
pb2	2127	9256	replicate-1
pb2	2128	9294	replicate-1
pb2	2129	9284	replicate-1
pb2	2130	9316	replicate-1
pb2	2131	9279	replicate-1
pb2	2132	9251	replicate-1
pb2	2133	9133	replicate-1
pb2	2134	9170	replicate-1
pb2	2135	9253	replicate-1
pb2	2136	9242	replicate-1
pb2	2137	9140	replicate-1
pb2	2138	9099	replicate-1
pb2	2139	8982	replicate-1
pb2	2140	8989	replicate-1
pb2	2141	9607	replicate-1
pb2	2142	9499	replicate-1
pb2	2143	9337	replicate-1
pb2	2144	9282	replicate-1
pb2	2145	9085	replicate-1
pb2	2146	9341	replicate-1
pb2	2147	9268	replicate-1
pb2	2148	9228	replicate-1
pb2	2149	9193	replicate-1
pb2	2150	8229	replicate-1
pb2	2151	8328	replicate-1
pb2	2152	8299	replicate-1
pb2	2153	8378	replicate-1
pb2	2154	8420	replicate-1
pb2	2155	8225	replicate-1
pb2	2156	8470	replicate-1
pb2	2157	8465	replicate-1
pb2	2158	8471	replicate-1
pb2	2159	8456	replicate-1
pb2	2160	8162	replicate-1
pb2	2161	8218	replicate-1
pb2	2162	8028	replicate-1
pb2	2163	8063	replicate-1
pb2	2164	8070	replicate-1
pb2	2165	7894	replicate-1
pb2	2166	7960	replicate-1
pb2	2167	7942	replicate-1
pb2	2168	7954	replicate-1
pb2	2169	7943	replicate-1
pb2	2170	7747	replicate-1
pb2	2171	7842	replicate-1
pb2	2172	7768	replicate-1
pb2	2173	7753	replicate-1
pb2	2174	7763	replicate-1
pb2	2175	7903	replicate-1
pb2	2176	7927	replicate-1
pb2	2177	7852	replicate-1
pb2	2178	7838	replicate-1
pb2	2179	7830	replicate-1
pb2	2180	7620	replicate-1
pb2	2181	7730	replicate-1
pb2	2182	7725	replicate-1
pb2	2183	7729	replicate-1
pb2	2184	7554	replicate-1
pb2	2185	7593	replicate-1
pb2	2186	7575	replicate-1
pb2	2187	7612	replicate-1
pb2	2188	7618	replicate-1
pb2	2189	7614	replicate-1
pb2	2190	7560	replicate-1
pb2	2191	7700	replicate-1
pb2	2192	7722	replicate-1
pb2	2193	7682	replicate-1
pb2	2194	7620	replicate-1
pb2	2195	7625	replicate-1
pb2	2196	7552	replicate-1
pb2	2197	7646	replicate-1
pb2	2198	7435	replicate-1
pb2	2199	7320	replicate-1
pb2	2200	7313	replicate-1
pb2	2201	7237	replicate-1
pb2	2202	7255	replicate-1
pb2	2203	7224	replicate-1
pb2	2204	7198	replicate-1
pb2	2205	7115	replicate-1
pb2	2206	6955	replicate-1
pb2	2207	6904	replicate-1
pb2	2208	6906	replicate-1
pb2	2209	6878	replicate-1
pb2	2210	6845	replicate-1
pb2	2211	6779	replicate-1
pb2	2212	6783	replicate-1
pb2	2213	6808	replicate-1
pb2	2214	6786	replicate-1
pb2	2215	6682	replicate-1
pb2	2216	6548	replicate-1
pb2	2217	6543	replicate-1
pb2	2218	6553	replicate-1
pb2	2219	6523	replicate-1
pb2	2220	6600	replicate-1
pb2	2221	6702	replicate-1
pb2	2222	6554	replicate-1
pb2	2223	6708	replicate-1
pb2	2224	6584	replicate-1
pb2	2225	6651	replicate-1
pb2	2226	6760	replicate-1
pb2	2227	6778	replicate-1
pb2	2228	6687	replicate-1
pb2	2229	6747	replicate-1
pb2	2230	6651	replicate-1
pb2	2231	6592	replicate-1
pb2	2232	6588	replicate-1
pb2	2233	6585	replicate-1
pb2	2234	6579	replicate-1
pb2	2235	6548	replicate-1
pb2	2236	6523	replicate-1
pb2	2237	6520	replicate-1
pb2	2238	6521	replicate-1
pb2	2239	6495	replicate-1
pb2	2240	6482	replicate-1
pb2	2241	6438	replicate-1
pb2	2242	6439	replicate-1
pb2	2243	6418	replicate-1
pb2	2244	6432	replicate-1
pb2	2245	6436	replicate-1
pb2	2246	6320	replicate-1
pb2	2247	6354	replicate-1
pb2	2248	6294	replicate-1
pb2	2249	6450	replicate-1
pb2	2250	6438	replicate-1
pb2	2251	6444	replicate-1
pb2	2252	6451	replicate-1
pb2	2253	6335	replicate-1
pb2	2254	6319	replicate-1
pb2	2255	6314	replicate-1
pb2	2256	6151	replicate-1
pb2	2257	6227	replicate-1
pb2	2258	5632	replicate-1
pb2	2259	5627	replicate-1
pb2	2260	5502	replicate-1
pb2	2261	5490	replicate-1
pb2	2262	5445	replicate-1
pb2	2263	5444	replicate-1
pb2	2264	5357	replicate-1
pb2	2265	5382	replicate-1
pb2	2266	5108	replicate-1
pb2	2267	5134	replicate-1
pb2	2268	5129	replicate-1
pb2	2269	5124	replicate-1
pb2	2270	5093	replicate-1
pb2	2271	5096	replicate-1
pb2	2272	5070	replicate-1
pb2	2273	5063	replicate-1
pb2	2274	4911	replicate-1
pb2	2275	4899	replicate-1
pb2	2276	4729	replicate-1
pb2	2277	4713	replicate-1
pb2	2278	4664	replicate-1
pb2	2279	4659	replicate-1
pb2	2280	4633	replicate-1
pb2	2281	4612	replicate-1
pb2	2282	4604	replicate-1
pb2	2283	4598	replicate-1
pb2	2284	4590	replicate-1
pb2	2285	4556	replicate-1
pb2	2286	4353	replicate-1
pb2	2287	4308	replicate-1
pb2	2288	4284	replicate-1
pb2	2289	4278	replicate-1
pb2	2290	4259	replicate-1
pb2	2291	4175	replicate-1
pb2	2292	4046	replicate-1
pb2	2293	4034	replicate-1
pb2	2294	3895	replicate-1
pb2	2295	3888	replicate-1
pb2	2296	3854	replicate-1
pb2	2297	3791	replicate-1
pb2	2298	3785	replicate-1
pb2	2299	3781	replicate-1
pb2	2300	3771	replicate-1
pb2	2301	3731	replicate-1
pb2	2302	3729	replicate-1
pb2	2303	3714	replicate-1
pb2	2304	3628	replicate-1
pb2	2305	3443	replicate-1
pb2	2306	3103	replicate-1
pb2	2307	3079	replicate-1
pb2	2308	2873	replicate-1
pb2	2309	2866	replicate-1
pb2	2310	2783	replicate-1
pb2	2311	2615	replicate-1
pb2	2312	2597	replicate-1
pb2	2313	2582	replicate-1
pb2	2314	2570	replicate-1
pb2	2315	2562	replicate-1
pb2	2316	2210	replicate-1
pb2	2317	2202	replicate-1
pb2	2318	2131	replicate-1
pb2	2319	2124	replicate-1
pb2	2320	2117	replicate-1
pb2	2321	2080	replicate-1
pb2	2322	2063	replicate-1
pb2	2323	2060	replicate-1
pb2	2324	2048	replicate-1
pb2	2325	2037	replicate-1
pb2	2326	1516	replicate-1
pb2	2327	1486	replicate-1
pb2	2328	1474	replicate-1
pb2	2329	1470	replicate-1
pb2	2330	1440	replicate-1
pb2	2331	1423	replicate-1
pb2	2332	1409	replicate-1
pb2	2333	1402	replicate-1
pb2	2334	1386	replicate-1
pb2	2335	1372	replicate-1
pb2	2336	1356	replicate-1
pb2	2337	1157	replicate-1
pb2	2338	1095	replicate-1
pb2	2339	1076	replicate-1
pb2	2340	1056	replicate-1
pb2	2341	185	replicate-1
pa	1	1132	replicate-1
pa	2	1338	replicate-1
pa	3	1356	replicate-1
pa	4	1419	replicate-1
pa	5	1536	replicate-1
pa	6	1585	replicate-1
pa	7	1898	replicate-1
pa	8	1907	replicate-1
pa	9	1940	replicate-1
pa	10	1942	replicate-1
pa	11	1962	replicate-1
pa	12	2031	replicate-1
pa	13	2043	replicate-1
pa	14	2046	replicate-1
pa	15	2058	replicate-1
pa	16	2092	replicate-1
pa	17	2146	replicate-1
pa	18	2166	replicate-1
pa	19	2173	replicate-1
pa	20	2184	replicate-1
pa	21	2200	replicate-1
pa	22	2204	replicate-1
pa	23	2241	replicate-1
pa	24	2261	replicate-1
pa	25	2312	replicate-1
pa	26	2316	replicate-1
pa	27	2350	replicate-1
pa	28	2361	replicate-1
pa	29	2363	replicate-1
pa	30	2365	replicate-1
pa	31	2380	replicate-1
pa	32	2419	replicate-1
pa	33	2425	replicate-1
pa	34	2431	replicate-1
pa	35	2470	replicate-1
pa	36	2476	replicate-1
pa	37	2493	replicate-1
pa	38	2496	replicate-1
pa	39	2503	replicate-1
pa	40	2518	replicate-1
pa	41	2529	replicate-1
pa	42	2608	replicate-1
pa	43	2634	replicate-1
pa	44	2639	replicate-1
pa	45	2649	replicate-1
pa	46	2662	replicate-1
pa	47	2752	replicate-1
pa	48	2802	replicate-1
pa	49	2804	replicate-1
pa	50	2805	replicate-1
pa	51	2803	replicate-1
pa	52	2812	replicate-1
pa	53	2945	replicate-1
pa	54	2954	replicate-1
pa	55	2956	replicate-1
pa	56	2949	replicate-1
pa	57	2960	replicate-1
pa	58	2971	replicate-1
pa	59	3019	replicate-1
pa	60	3026	replicate-1
pa	61	3031	replicate-1
pa	62	3006	replicate-1
pa	63	3018	replicate-1
pa	64	3020	replicate-1
pa	65	3027	replicate-1
pa	66	3033	replicate-1
pa	67	3035	replicate-1
pa	68	3063	replicate-1
pa	69	3065	replicate-1
pa	70	3069	replicate-1
pa	71	3063	replicate-1
pa	72	3062	replicate-1
pa	73	3063	replicate-1
pa	74	3068	replicate-1
pa	75	3072	replicate-1
pa	76	3076	replicate-1
pa	77	3071	replicate-1
pa	78	3073	replicate-1
pa	79	3071	replicate-1
pa	80	3077	replicate-1
pa	81	3065	replicate-1
pa	82	3089	replicate-1
pa	83	3122	replicate-1
pa	84	3116	replicate-1
pa	85	3138	replicate-1
pa	86	3135	replicate-1
pa	87	3214	replicate-1
pa	88	3229	replicate-1
pa	89	3220	replicate-1
pa	90	3283	replicate-1
pa	91	3376	replicate-1
pa	92	3385	replicate-1
pa	93	3492	replicate-1
pa	94	3490	replicate-1
pa	95	3506	replicate-1
pa	96	3502	replicate-1
pa	97	3502	replicate-1
pa	98	3516	replicate-1
pa	99	3493	replicate-1
pa	100	3474	replicate-1
pa	101	3450	replicate-1
pa	102	3349	replicate-1
pa	103	3361	replicate-1
pa	104	3351	replicate-1
pa	105	3357	replicate-1
pa	106	3378	replicate-1
pa	107	3382	replicate-1
pa	108	3380	replicate-1
pa	109	3379	replicate-1
pa	110	3370	replicate-1
pa	111	3387	replicate-1
pa	112	3364	replicate-1
pa	113	3363	replicate-1
pa	114	3350	replicate-1
pa	115	3347	replicate-1
pa	116	3343	replicate-1
pa	117	3342	replicate-1
pa	118	3355	replicate-1
pa	119	3367	replicate-1
pa	120	3357	replicate-1
pa	121	3346	replicate-1
pa	122	3328	replicate-1
pa	123	3344	replicate-1
pa	124	3354	replicate-1
pa	125	3355	replicate-1
pa	126	3346	replicate-1
pa	127	3344	replicate-1
pa	128	3338	replicate-1
pa	129	3316	replicate-1
pa	130	3315	replicate-1
pa	131	3323	replicate-1
pa	132	3312	replicate-1
pa	133	3318	replicate-1
pa	134	3378	replicate-1
pa	135	3415	replicate-1
pa	136	3483	replicate-1
pa	137	3494	replicate-1
pa	138	3634	replicate-1
pa	139	3657	replicate-1
pa	140	3665	replicate-1
pa	141	3715	replicate-1
pa	142	3691	replicate-1
pa	143	3705	replicate-1
pa	144	3597	replicate-1
pa	145	4091	replicate-1
pa	146	4062	replicate-1
pa	147	4209	replicate-1
pa	148	4122	replicate-1
pa	149	4107	replicate-1
pa	150	3969	replicate-1
pa	151	3711	replicate-1
pa	152	3825	replicate-1
pa	153	3782	replicate-1
pa	154	3775	replicate-1
pa	155	3502	replicate-1
pa	156	3461	replicate-1
pa	157	3395	replicate-1
pa	158	3520	replicate-1
pa	159	3537	replicate-1
pa	160	3555	replicate-1
pa	161	3575	replicate-1
pa	162	3546	replicate-1
pa	163	3561	replicate-1
pa	164	3577	replicate-1
pa	165	3654	replicate-1
pa	166	3640	replicate-1
pa	167	3546	replicate-1
pa	168	3549	replicate-1
pa	169	3571	replicate-1
pa	170	3595	replicate-1
pa	171	3592	replicate-1
pa	172	3628	replicate-1
pa	173	3639	replicate-1
pa	174	3595	replicate-1
pa	175	3599	replicate-1
pa	176	3588	replicate-1
pa	177	3631	replicate-1
pa	178	3634	replicate-1
pa	179	3643	replicate-1
pa	180	3662	replicate-1
pa	181	3644	replicate-1
pa	182	3706	replicate-1
pa	183	3695	replicate-1
pa	184	3731	replicate-1
pa	185	3752	replicate-1
pa	186	3717	replicate-1
pa	187	3745	replicate-1
pa	188	3738	replicate-1
pa	189	3755	replicate-1
pa	190	3777	replicate-1
pa	191	3750	replicate-1
pa	192	3737	replicate-1
pa	193	3715	replicate-1
pa	194	3707	replicate-1
pa	195	3736	replicate-1
pa	196	3734	replicate-1
pa	197	3743	replicate-1
pa	198	3716	replicate-1
pa	199	3747	replicate-1
pa	200	3783	replicate-1
pa	201	3801	replicate-1
pa	202	3808	replicate-1
pa	203	3795	replicate-1
pa	204	3787	replicate-1
pa	205	3807	replicate-1
pa	206	3847	replicate-1
pa	207	3859	replicate-1
pa	208	3858	replicate-1
pa	209	3972	replicate-1
pa	210	3938	replicate-1
pa	211	3954	replicate-1
pa	212	3948	replicate-1
pa	213	3937	replicate-1
pa	214	3973	replicate-1
pa	215	3986	replicate-1
pa	216	4001	replicate-1
pa	217	3985	replicate-1
pa	218	3907	replicate-1
pa	219	3924	replicate-1
pa	220	3923	replicate-1
pa	221	3927	replicate-1
pa	222	3930	replicate-1
pa	223	3910	replicate-1
pa	224	3960	replicate-1
pa	225	3982	replicate-1
pa	226	4005	replicate-1
pa	227	4007	replicate-1
pa	228	4009	replicate-1
pa	229	4004	replicate-1
pa	230	4016	replicate-1
pa	231	4015	replicate-1
pa	232	4102	replicate-1
pa	233	4072	replicate-1
pa	234	4051	replicate-1
pa	235	4078	replicate-1
pa	236	4049	replicate-1
pa	237	4157	replicate-1
pa	238	4165	replicate-1
pa	239	4150	replicate-1
pa	240	4132	replicate-1
pa	241	4035	replicate-1
pa	242	3995	replicate-1
pa	243	3974	replicate-1
pa	244	3936	replicate-1
pa	245	3926	replicate-1
pa	246	3926	replicate-1
pa	247	3802	replicate-1
pa	248	3839	replicate-1
pa	249	3861	replicate-1
pa	250	3881	replicate-1
pa	251	3887	replicate-1
pa	252	3880	replicate-1
pa	253	3886	replicate-1
pa	254	3878	replicate-1
pa	255	3878	replicate-1
pa	256	3889	replicate-1
pa	257	3834	replicate-1
pa	258	3809	replicate-1
pa	259	3883	replicate-1
pa	260	3932	replicate-1
pa	261	3967	replicate-1
pa	262	3951	replicate-1
pa	263	3944	replicate-1
pa	264	3934	replicate-1
pa	265	4017	replicate-1
pa	266	4162	replicate-1
pa	267	4199	replicate-1
pa	268	4107	replicate-1
pa	269	4104	replicate-1
pa	270	4106	replicate-1
pa	271	4127	replicate-1
pa	272	4131	replicate-1
pa	273	4138	replicate-1
pa	274	4057	replicate-1
pa	275	4078	replicate-1
pa	276	4070	replicate-1
pa	277	4101	replicate-1
pa	278	4103	replicate-1
pa	279	4056	replicate-1
pa	280	4040	replicate-1
pa	281	4018	replicate-1
pa	282	4199	replicate-1
pa	283	4214	replicate-1
pa	284	4190	replicate-1
pa	285	4149	replicate-1
pa	286	4108	replicate-1
pa	287	4170	replicate-1
pa	288	4174	replicate-1
pa	289	4120	replicate-1
pa	290	4114	replicate-1
pa	291	3804	replicate-1
pa	292	3984	replicate-1
pa	293	3976	replicate-1
pa	294	4117	replicate-1
pa	295	4112	replicate-1
pa	296	3887	replicate-1
pa	297	3934	replicate-1
pa	298	3913	replicate-1
pa	299	3913	replicate-1
pa	300	3918	replicate-1
pa	301	3575	replicate-1
pa	302	3654	replicate-1
pa	303	3519	replicate-1
pa	304	3550	replicate-1
pa	305	3544	replicate-1
pa	306	3544	replicate-1
pa	307	3536	replicate-1
pa	308	3535	replicate-1
pa	309	3552	replicate-1
pa	310	3511	replicate-1
pa	311	3480	replicate-1
pa	312	3518	replicate-1
pa	313	3490	replicate-1
pa	314	3546	replicate-1
pa	315	3475	replicate-1
pa	316	3471	replicate-1
pa	317	3473	replicate-1
pa	318	3441	replicate-1
pa	319	3445	replicate-1
pa	320	3425	replicate-1
pa	321	3398	replicate-1
pa	322	3404	replicate-1
pa	323	3362	replicate-1
pa	324	3368	replicate-1
pa	325	3376	replicate-1
pa	326	3378	replicate-1
pa	327	3381	replicate-1
pa	328	3353	replicate-1
pa	329	3325	replicate-1
pa	330	3357	replicate-1
pa	331	3369	replicate-1
pa	332	3359	replicate-1
pa	333	3354	replicate-1
pa	334	3362	replicate-1
pa	335	3368	replicate-1
pa	336	3381	replicate-1
pa	337	3394	replicate-1
pa	338	3384	replicate-1
pa	339	3367	replicate-1
pa	340	3321	replicate-1
pa	341	3349	replicate-1
pa	342	3365	replicate-1
pa	343	3360	replicate-1
pa	344	3356	replicate-1
pa	345	3322	replicate-1
pa	346	3404	replicate-1
pa	347	3418	replicate-1
pa	348	3412	replicate-1
pa	349	3430	replicate-1
pa	350	3396	replicate-1
pa	351	3425	replicate-1
pa	352	3418	replicate-1
pa	353	3420	replicate-1
pa	354	3416	replicate-1
pa	355	3341	replicate-1
pa	356	3392	replicate-1
pa	357	3449	replicate-1
pa	358	3415	replicate-1
pa	359	3420	replicate-1
pa	360	3385	replicate-1
pa	361	3417	replicate-1
pa	362	3423	replicate-1
pa	363	3410	replicate-1
pa	364	3412	replicate-1
pa	365	3287	replicate-1
pa	366	3217	replicate-1
pa	367	3161	replicate-1
pa	368	3150	replicate-1
pa	369	3149	replicate-1
pa	370	3063	replicate-1
pa	371	3059	replicate-1
pa	372	3065	replicate-1
pa	373	3050	replicate-1
pa	374	3052	replicate-1
pa	375	3032	replicate-1
pa	376	3034	replicate-1
pa	377	3035	replicate-1
pa	378	3027	replicate-1
pa	379	3028	replicate-1
pa	380	3030	replicate-1
pa	381	3030	replicate-1
pa	382	3023	replicate-1
pa	383	3008	replicate-1
pa	384	2993	replicate-1
pa	385	2990	replicate-1
pa	386	3016	replicate-1
pa	387	2995	replicate-1
pa	388	2975	replicate-1
pa	389	2929	replicate-1
pa	390	2894	replicate-1
pa	391	2898	replicate-1
pa	392	2927	replicate-1
pa	393	2923	replicate-1
pa	394	2923	replicate-1
pa	395	2895	replicate-1
pa	396	2893	replicate-1
pa	397	2888	replicate-1
pa	398	2896	replicate-1
pa	399	2893	replicate-1
pa	400	2892	replicate-1
pa	401	2794	replicate-1
pa	402	2834	replicate-1
pa	403	2877	replicate-1
pa	404	2857	replicate-1
pa	405	2859	replicate-1
pa	406	3044	replicate-1
pa	407	3022	replicate-1
pa	408	3102	replicate-1
pa	409	3070	replicate-1
pa	410	3045	replicate-1
pa	411	2976	replicate-1
pa	412	2906	replicate-1
pa	413	2929	replicate-1
pa	414	2963	replicate-1
pa	415	2494	replicate-1
pa	416	2762	replicate-1
pa	417	2624	replicate-1
pa	418	2624	replicate-1
pa	419	2630	replicate-1
pa	420	2560	replicate-1
pa	421	2576	replicate-1
pa	422	2556	replicate-1
pa	423	2511	replicate-1
pa	424	2494	replicate-1
pa	425	2279	replicate-1
pa	426	2301	replicate-1
pa	427	2302	replicate-1
pa	428	2319	replicate-1
pa	429	2326	replicate-1
pa	430	2316	replicate-1
pa	431	2321	replicate-1
pa	432	2306	replicate-1
pa	433	2325	replicate-1
pa	434	2336	replicate-1
pa	435	2350	replicate-1
pa	436	2350	replicate-1
pa	437	2346	replicate-1
pa	438	2336	replicate-1
pa	439	2359	replicate-1
pa	440	2368	replicate-1
pa	441	2373	replicate-1
pa	442	2361	replicate-1
pa	443	2327	replicate-1
pa	444	2280	replicate-1
pa	445	2320	replicate-1
pa	446	2331	replicate-1
pa	447	2346	replicate-1
pa	448	2336	replicate-1
pa	449	2341	replicate-1
pa	450	2338	replicate-1
pa	451	2354	replicate-1
pa	452	2437	replicate-1
pa	453	2430	replicate-1
pa	454	2496	replicate-1
pa	455	2474	replicate-1
pa	456	2538	replicate-1
pa	457	2590	replicate-1
pa	458	2614	replicate-1
pa	459	2608	replicate-1
pa	460	2793	replicate-1
pa	461	2758	replicate-1
pa	462	2809	replicate-1
pa	463	2765	replicate-1
pa	464	2768	replicate-1
pa	465	2763	replicate-1
pa	466	2917	replicate-1
pa	467	2904	replicate-1
pa	468	2967	replicate-1
pa	469	2897	replicate-1
pa	470	2923	replicate-1
pa	471	2947	replicate-1
pa	472	2949	replicate-1
pa	473	2996	replicate-1
pa	474	3004	replicate-1
pa	475	2946	replicate-1
pa	476	3000	replicate-1
pa	477	2970	replicate-1
pa	478	3063	replicate-1
pa	479	3077	replicate-1
pa	480	3066	replicate-1
pa	481	3080	replicate-1
pa	482	3072	replicate-1
pa	483	3109	replicate-1
pa	484	3156	replicate-1
pa	485	3137	replicate-1
pa	486	3142	replicate-1
pa	487	3106	replicate-1
pa	488	3079	replicate-1
pa	489	3084	replicate-1
pa	490	3083	replicate-1
pa	491	3074	replicate-1
pa	492	3067	replicate-1
pa	493	3074	replicate-1
pa	494	3102	replicate-1
pa	495	3102	replicate-1
pa	496	3101	replicate-1
pa	497	3100	replicate-1
pa	498	3097	replicate-1
pa	499	3112	replicate-1
pa	500	3110	replicate-1
pa	501	3113	replicate-1
pa	502	3171	replicate-1
pa	503	3195	replicate-1
pa	504	3232	replicate-1
pa	505	3229	replicate-1
pa	506	3237	replicate-1
pa	507	3199	replicate-1
pa	508	3159	replicate-1
pa	509	3247	replicate-1
pa	510	3219	replicate-1
pa	511	3226	replicate-1
pa	512	3265	replicate-1
pa	513	3247	replicate-1
pa	514	3300	replicate-1
pa	515	3322	replicate-1
pa	516	3322	replicate-1
pa	517	3372	replicate-1
pa	518	3317	replicate-1
pa	519	3328	replicate-1
pa	520	3334	replicate-1
pa	521	3248	replicate-1
pa	522	3290	replicate-1
pa	523	3238	replicate-1
pa	524	3243	replicate-1
pa	525	3243	replicate-1
pa	526	3173	replicate-1
pa	527	3253	replicate-1
pa	528	3242	replicate-1
pa	529	3244	replicate-1
pa	530	3251	replicate-1
pa	531	3204	replicate-1
pa	532	3207	replicate-1
pa	533	3253	replicate-1
pa	534	3270	replicate-1
pa	535	3345	replicate-1
pa	536	3289	replicate-1
pa	537	3283	replicate-1
pa	538	3283	replicate-1
pa	539	3366	replicate-1
pa	540	3357	replicate-1
pa	541	3322	replicate-1
pa	542	3320	replicate-1
pa	543	3278	replicate-1
pa	544	3233	replicate-1
pa	545	3238	replicate-1
pa	546	3250	replicate-1
pa	547	3258	replicate-1
pa	548	3163	replicate-1
pa	549	3335	replicate-1
pa	550	3332	replicate-1
pa	551	3338	replicate-1
pa	552	3343	replicate-1
pa	553	3320	replicate-1
pa	554	3602	replicate-1
pa	555	3585	replicate-1
pa	556	3560	replicate-1
pa	557	3539	replicate-1
pa	558	3369	replicate-1
pa	559	3372	replicate-1
pa	560	3418	replicate-1
pa	561	3405	replicate-1
pa	562	3405	replicate-1
pa	563	3181	replicate-1
pa	564	3178	replicate-1
pa	565	3260	replicate-1
pa	566	3292	replicate-1
pa	567	3267	replicate-1
pa	568	3262	replicate-1
pa	569	3208	replicate-1
pa	570	3365	replicate-1
pa	571	3363	replicate-1
pa	572	3374	replicate-1
pa	573	3398	replicate-1
pa	574	3356	replicate-1
pa	575	3604	replicate-1
pa	576	3691	replicate-1
pa	577	3687	replicate-1
pa	578	3692	replicate-1
pa	579	3640	replicate-1
pa	580	3788	replicate-1
pa	581	3915	replicate-1
pa	582	3903	replicate-1
pa	583	3967	replicate-1
pa	584	3836	replicate-1
pa	585	3881	replicate-1
pa	586	3920	replicate-1
pa	587	3926	replicate-1
pa	588	3958	replicate-1
pa	589	3893	replicate-1
pa	590	3790	replicate-1
pa	591	3798	replicate-1
pa	592	3777	replicate-1
pa	593	3869	replicate-1
pa	594	3845	replicate-1
pa	595	3840	replicate-1
pa	596	3842	replicate-1
pa	597	3839	replicate-1
pa	598	3849	replicate-1
pa	599	3849	replicate-1
pa	600	3860	replicate-1
pa	601	3925	replicate-1
pa	602	3902	replicate-1
pa	603	4019	replicate-1
pa	604	4038	replicate-1
pa	605	4033	replicate-1
pa	606	4030	replicate-1
pa	607	4025	replicate-1
pa	608	4018	replicate-1
pa	609	4014	replicate-1
pa	610	3994	replicate-1
pa	611	3961	replicate-1
pa	612	3903	replicate-1
pa	613	3930	replicate-1
pa	614	3936	replicate-1
pa	615	3923	replicate-1
pa	616	3923	replicate-1
pa	617	3881	replicate-1
pa	618	3882	replicate-1
pa	619	3871	replicate-1
pa	620	3888	replicate-1
pa	621	3897	replicate-1
pa	622	3823	replicate-1
pa	623	3867	replicate-1
pa	624	3859	replicate-1
pa	625	3902	replicate-1
pa	626	3891	replicate-1
pa	627	3872	replicate-1
pa	628	3878	replicate-1
pa	629	3855	replicate-1
pa	630	3837	replicate-1
pa	631	3839	replicate-1
pa	632	3798	replicate-1
pa	633	3807	replicate-1
pa	634	3727	replicate-1
pa	635	3761	replicate-1
pa	636	3776	replicate-1
pa	637	3762	replicate-1
pa	638	3765	replicate-1
pa	639	3768	replicate-1
pa	640	3765	replicate-1
pa	641	3770	replicate-1
pa	642	3763	replicate-1
pa	643	3756	replicate-1
pa	644	3769	replicate-1
pa	645	3974	replicate-1
pa	646	3955	replicate-1
pa	647	3997	replicate-1
pa	648	3992	replicate-1
pa	649	4006	replicate-1
pa	650	4041	replicate-1
pa	651	4035	replicate-1
pa	652	4057	replicate-1
pa	653	4049	replicate-1
pa	654	3836	replicate-1
pa	655	3832	replicate-1
pa	656	3869	replicate-1
pa	657	3885	replicate-1
pa	658	3874	replicate-1
pa	659	3859	replicate-1
pa	660	3859	replicate-1
pa	661	3797	replicate-1
pa	662	3811	replicate-1
pa	663	3844	replicate-1
pa	664	3841	replicate-1
pa	665	3776	replicate-1
pa	666	3749	replicate-1
pa	667	3739	replicate-1
pa	668	3752	replicate-1
pa	669	3737	replicate-1
pa	670	3751	replicate-1
pa	671	3738	replicate-1
pa	672	3776	replicate-1
pa	673	3790	replicate-1
pa	674	3803	replicate-1
pa	675	3819	replicate-1
pa	676	3819	replicate-1
pa	677	3892	replicate-1
pa	678	3869	replicate-1
pa	679	3867	replicate-1
pa	680	3879	replicate-1
pa	681	3914	replicate-1
pa	682	4181	replicate-1
pa	683	4169	replicate-1
pa	684	4154	replicate-1
pa	685	4154	replicate-1
pa	686	4113	replicate-1
pa	687	4131	replicate-1
pa	688	4122	replicate-1
pa	689	4118	replicate-1
pa	690	4108	replicate-1
pa	691	4079	replicate-1
pa	692	4148	replicate-1
pa	693	4167	replicate-1
pa	694	4173	replicate-1
pa	695	4178	replicate-1
pa	696	4167	replicate-1
pa	697	4119	replicate-1
pa	698	4154	replicate-1
pa	699	4069	replicate-1
pa	700	4094	replicate-1
pa	701	4060	replicate-1
pa	702	4042	replicate-1
pa	703	4055	replicate-1
pa	704	4073	replicate-1
pa	705	3957	replicate-1
pa	706	3940	replicate-1
pa	707	3927	replicate-1
pa	708	4103	replicate-1
pa	709	4109	replicate-1
pa	710	4105	replicate-1
pa	711	4089	replicate-1
pa	712	4079	replicate-1
pa	713	4102	replicate-1
pa	714	4070	replicate-1
pa	715	4223	replicate-1
pa	716	4181	replicate-1
pa	717	4130	replicate-1
pa	718	4115	replicate-1
pa	719	4257	replicate-1
pa	720	4271	replicate-1
pa	721	4226	replicate-1
pa	722	4201	replicate-1
pa	723	4222	replicate-1
pa	724	4137	replicate-1
pa	725	4096	replicate-1
pa	726	3990	replicate-1
pa	727	3923	replicate-1
pa	728	4008	replicate-1
pa	729	4013	replicate-1
pa	730	3993	replicate-1
pa	731	3941	replicate-1
pa	732	3882	replicate-1
pa	733	3889	replicate-1
pa	734	3881	replicate-1
pa	735	3873	replicate-1
pa	736	3884	replicate-1
pa	737	3778	replicate-1
pa	738	3792	replicate-1
pa	739	3759	replicate-1
pa	740	3755	replicate-1
pa	741	3790	replicate-1
pa	742	3773	replicate-1
pa	743	3936	replicate-1
pa	744	3929	replicate-1
pa	745	3917	replicate-1
pa	746	3989	replicate-1
pa	747	4004	replicate-1
pa	748	4028	replicate-1
pa	749	4040	replicate-1
pa	750	3997	replicate-1
pa	751	4012	replicate-1
pa	752	3838	replicate-1
pa	753	3872	replicate-1
pa	754	3841	replicate-1
pa	755	3830	replicate-1
pa	756	3831	replicate-1
pa	757	3822	replicate-1
pa	758	3826	replicate-1
pa	759	3831	replicate-1
pa	760	3872	replicate-1
pa	761	3857	replicate-1
pa	762	3826	replicate-1
pa	763	3845	replicate-1
pa	764	3860	replicate-1
pa	765	3865	replicate-1
pa	766	3869	replicate-1
pa	767	3861	replicate-1
pa	768	3875	replicate-1
pa	769	3883	replicate-1
pa	770	3916	replicate-1
pa	771	3951	replicate-1
pa	772	3949	replicate-1
pa	773	3961	replicate-1
pa	774	3967	replicate-1
pa	775	3985	replicate-1
pa	776	3984	replicate-1
pa	777	3980	replicate-1
pa	778	4017	replicate-1
pa	779	3992	replicate-1
pa	780	3952	replicate-1
pa	781	3961	replicate-1
pa	782	3939	replicate-1
pa	783	3968	replicate-1
pa	784	3962	replicate-1
pa	785	3960	replicate-1
pa	786	4003	replicate-1
pa	787	3977	replicate-1
pa	788	3995	replicate-1
pa	789	3988	replicate-1
pa	790	3983	replicate-1
pa	791	4026	replicate-1
pa	792	4128	replicate-1
pa	793	4141	replicate-1
pa	794	4177	replicate-1
pa	795	4062	replicate-1
pa	796	4006	replicate-1
pa	797	3968	replicate-1
pa	798	3970	replicate-1
pa	799	3974	replicate-1
pa	800	3928	replicate-1
pa	801	3924	replicate-1
pa	802	4013	replicate-1
pa	803	4016	replicate-1
pa	804	4113	replicate-1
pa	805	4090	replicate-1
pa	806	4058	replicate-1
pa	807	4095	replicate-1
pa	808	4091	replicate-1
pa	809	4134	replicate-1
pa	810	4153	replicate-1
pa	811	4039	replicate-1
pa	812	4053	replicate-1
pa	813	3953	replicate-1
pa	814	4030	replicate-1
pa	815	4097	replicate-1
pa	816	4040	replicate-1
pa	817	4066	replicate-1
pa	818	3979	replicate-1
pa	819	3928	replicate-1
pa	820	3939	replicate-1
pa	821	3873	replicate-1
pa	822	4020	replicate-1
pa	823	3940	replicate-1
pa	824	4484	replicate-1
pa	825	4454	replicate-1
pa	826	4465	replicate-1
pa	827	4463	replicate-1
pa	828	4551	replicate-1
pa	829	4566	replicate-1
pa	830	4593	replicate-1
pa	831	4530	replicate-1
pa	832	4484	replicate-1
pa	833	3909	replicate-1
pa	834	3951	replicate-1
pa	835	4017	replicate-1
pa	836	3992	replicate-1
pa	837	3955	replicate-1
pa	838	3947	replicate-1
pa	839	3928	replicate-1
pa	840	3941	replicate-1
pa	841	3960	replicate-1
pa	842	3982	replicate-1
pa	843	3981	replicate-1
pa	844	3977	replicate-1
pa	845	3969	replicate-1
pa	846	4158	replicate-1
pa	847	4272	replicate-1
pa	848	4272	replicate-1
pa	849	4269	replicate-1
pa	850	4261	replicate-1
pa	851	4381	replicate-1
pa	852	4357	replicate-1
pa	853	4383	replicate-1
pa	854	4409	replicate-1
pa	855	4291	replicate-1
pa	856	4308	replicate-1
pa	857	4280	replicate-1
pa	858	4270	replicate-1
pa	859	4264	replicate-1
pa	860	4210	replicate-1
pa	861	4256	replicate-1
pa	862	4254	replicate-1
pa	863	4303	replicate-1
pa	864	4317	replicate-1
pa	865	4325	replicate-1
pa	866	4298	replicate-1
pa	867	4331	replicate-1
pa	868	4355	replicate-1
pa	869	4379	replicate-1
pa	870	4368	replicate-1
pa	871	4369	replicate-1
pa	872	4381	replicate-1
pa	873	4389	replicate-1
pa	874	4385	replicate-1
pa	875	4396	replicate-1
pa	876	4433	replicate-1
pa	877	4480	replicate-1
pa	878	4497	replicate-1
pa	879	4485	replicate-1
pa	880	4499	replicate-1
pa	881	4504	replicate-1
pa	882	4494	replicate-1
pa	883	4507	replicate-1
pa	884	4748	replicate-1
pa	885	4768	replicate-1
pa	886	4785	replicate-1
pa	887	4782	replicate-1
pa	888	4788	replicate-1
pa	889	4794	replicate-1
pa	890	4795	replicate-1
pa	891	4817	replicate-1
pa	892	4848	replicate-1
pa	893	4507	replicate-1
pa	894	4509	replicate-1
pa	895	4468	replicate-1
pa	896	4475	replicate-1
pa	897	4479	replicate-1
pa	898	4472	replicate-1
pa	899	4522	replicate-1
pa	900	4501	replicate-1
pa	901	4498	replicate-1
pa	902	4518	replicate-1
pa	903	4498	replicate-1
pa	904	4485	replicate-1
pa	905	4459	replicate-1
pa	906	4558	replicate-1
pa	907	4536	replicate-1
pa	908	4508	replicate-1
pa	909	4485	replicate-1
pa	910	4531	replicate-1
pa	911	4549	replicate-1
pa	912	4573	replicate-1
pa	913	4568	replicate-1
pa	914	4558	replicate-1
pa	915	4536	replicate-1
pa	916	4573	replicate-1
pa	917	4559	replicate-1
pa	918	4573	replicate-1
pa	919	4526	replicate-1
pa	920	4487	replicate-1
pa	921	4457	replicate-1
pa	922	4449	replicate-1
pa	923	4400	replicate-1
pa	924	4441	replicate-1
pa	925	4454	replicate-1
pa	926	4500	replicate-1
pa	927	4477	replicate-1
pa	928	4456	replicate-1
pa	929	4449	replicate-1
pa	930	4423	replicate-1
pa	931	4562	replicate-1
pa	932	4552	replicate-1
pa	933	4475	replicate-1
pa	934	4486	replicate-1
pa	935	4318	replicate-1
pa	936	4487	replicate-1
pa	937	4488	replicate-1
pa	938	4483	replicate-1
pa	939	4474	replicate-1
pa	940	4095	replicate-1
pa	941	4111	replicate-1
pa	942	4029	replicate-1
pa	943	3997	replicate-1
pa	944	3988	replicate-1
pa	945	3757	replicate-1
pa	946	3786	replicate-1
pa	947	3767	replicate-1
pa	948	3774	replicate-1
pa	949	3779	replicate-1
pa	950	3707	replicate-1
pa	951	3721	replicate-1
pa	952	3717	replicate-1
pa	953	3692	replicate-1
pa	954	3647	replicate-1
pa	955	3608	replicate-1
pa	956	3612	replicate-1
pa	957	3594	replicate-1
pa	958	3602	replicate-1
pa	959	3597	replicate-1
pa	960	3581	replicate-1
pa	961	3555	replicate-1
pa	962	3559	replicate-1
pa	963	3535	replicate-1
pa	964	3528	replicate-1
pa	965	3501	replicate-1
pa	966	3488	replicate-1
pa	967	3487	replicate-1
pa	968	3482	replicate-1
pa	969	3463	replicate-1
pa	970	3451	replicate-1
pa	971	3457	replicate-1
pa	972	3257	replicate-1
pa	973	3236	replicate-1
pa	974	3381	replicate-1
pa	975	3454	replicate-1
pa	976	3589	replicate-1
pa	977	3601	replicate-1
pa	978	3604	replicate-1
pa	979	3768	replicate-1
pa	980	3726	replicate-1
pa	981	3976	replicate-1
pa	982	3995	replicate-1
pa	983	3976	replicate-1
pa	984	4004	replicate-1
pa	985	3970	replicate-1
pa	986	4069	replicate-1
pa	987	4100	replicate-1
pa	988	4062	replicate-1
pa	989	4854	replicate-1
pa	990	4789	replicate-1
pa	991	4837	replicate-1
pa	992	4841	replicate-1
pa	993	4836	replicate-1
pa	994	4854	replicate-1
pa	995	4823	replicate-1
pa	996	4825	replicate-1
pa	997	4822	replicate-1
pa	998	4666	replicate-1
pa	999	4683	replicate-1
pa	1000	4732	replicate-1
pa	1001	4729	replicate-1
pa	1002	4783	replicate-1
pa	1003	4811	replicate-1
pa	1004	4833	replicate-1
pa	1005	4909	replicate-1
pa	1006	4884	replicate-1
pa	1007	4882	replicate-1
pa	1008	4873	replicate-1
pa	1009	5056	replicate-1
pa	1010	5225	replicate-1
pa	1011	5211	replicate-1
pa	1012	5192	replicate-1
pa	1013	5183	replicate-1
pa	1014	5159	replicate-1
pa	1015	5161	replicate-1
pa	1016	5255	replicate-1
pa	1017	5812	replicate-1
pa	1018	5779	replicate-1
pa	1019	5829	replicate-1
pa	1020	5806	replicate-1
pa	1021	6043	replicate-1
pa	1022	6105	replicate-1
pa	1023	6108	replicate-1
pa	1024	6108	replicate-1
pa	1025	6073	replicate-1
pa	1026	6040	replicate-1
pa	1027	5965	replicate-1
pa	1028	5923	replicate-1
pa	1029	5932	replicate-1
pa	1030	5896	replicate-1
pa	1031	5910	replicate-1
pa	1032	6043	replicate-1
pa	1033	6101	replicate-1
pa	1034	6167	replicate-1
pa	1035	6140	replicate-1
pa	1036	6111	replicate-1
pa	1037	6139	replicate-1
pa	1038	6153	replicate-1
pa	1039	6293	replicate-1
pa	1040	6292	replicate-1
pa	1041	6265	replicate-1
pa	1042	6234	replicate-1
pa	1043	6193	replicate-1
pa	1044	6250	replicate-1
pa	1045	6317	replicate-1
pa	1046	6306	replicate-1
pa	1047	6304	replicate-1
pa	1048	6444	replicate-1
pa	1049	6604	replicate-1
pa	1050	6667	replicate-1
pa	1051	6683	replicate-1
pa	1052	6698	replicate-1
pa	1053	6609	replicate-1
pa	1054	6615	replicate-1
pa	1055	6636	replicate-1
pa	1056	6732	replicate-1
pa	1057	7106	replicate-1
pa	1058	7147	replicate-1
pa	1059	7155	replicate-1
pa	1060	7151	replicate-1
pa	1061	7152	replicate-1
pa	1062	7154	replicate-1
pa	1063	7147	replicate-1
pa	1064	7152	replicate-1
pa	1065	7230	replicate-1
pa	1066	6916	replicate-1
pa	1067	7013	replicate-1
pa	1068	7011	replicate-1
pa	1069	7062	replicate-1
pa	1070	7069	replicate-1
pa	1071	7058	replicate-1
pa	1072	7067	replicate-1
pa	1073	7046	replicate-1
pa	1074	6936	replicate-1
pa	1075	6964	replicate-1
pa	1076	6904	replicate-1
pa	1077	6922	replicate-1
pa	1078	6961	replicate-1
pa	1079	6919	replicate-1
pa	1080	6944	replicate-1
pa	1081	6970	replicate-1
pa	1082	6965	replicate-1
pa	1083	6958	replicate-1
pa	1084	6942	replicate-1
pa	1085	6976	replicate-1
pa	1086	6993	replicate-1
pa	1087	6975	replicate-1
pa	1088	6961	replicate-1
pa	1089	6957	replicate-1
pa	1090	6960	replicate-1
pa	1091	6975	replicate-1
pa	1092	6977	replicate-1
pa	1093	7006	replicate-1
pa	1094	7044	replicate-1
pa	1095	7013	replicate-1
pa	1096	7040	replicate-1
pa	1097	7031	replicate-1
pa	1098	7191	replicate-1
pa	1099	7191	replicate-1
pa	1100	7244	replicate-1
pa	1101	7285	replicate-1
pa	1102	7238	replicate-1
pa	1103	7203	replicate-1
pa	1104	7468	replicate-1
pa	1105	7464	replicate-1
pa	1106	7446	replicate-1
pa	1107	7456	replicate-1
pa	1108	7357	replicate-1
pa	1109	7432	replicate-1
pa	1110	7381	replicate-1
pa	1111	7343	replicate-1
pa	1112	7370	replicate-1
pa	1113	7163	replicate-1
pa	1114	7201	replicate-1
pa	1115	7238	replicate-1
pa	1116	7311	replicate-1
pa	1117	7568	replicate-1
pa	1118	7510	replicate-1
pa	1119	7594	replicate-1
pa	1120	7612	replicate-1
pa	1121	7613	replicate-1
pa	1122	7727	replicate-1
pa	1123	7668	replicate-1
pa	1124	7730	replicate-1
pa	1125	7709	replicate-1
pa	1126	7272	replicate-1
pa	1127	7308	replicate-1
pa	1128	7315	replicate-1
pa	1129	7317	replicate-1
pa	1130	7344	replicate-1
pa	1131	7205	replicate-1
pa	1132	7368	replicate-1
pa	1133	7342	replicate-1
pa	1134	7352	replicate-1
pa	1135	7700	replicate-1
pa	1136	7771	replicate-1
pa	1137	7688	replicate-1
pa	1138	7711	replicate-1
pa	1139	7517	replicate-1
pa	1140	7568	replicate-1
pa	1141	7472	replicate-1
pa	1142	7490	replicate-1
pa	1143	7499	replicate-1
pa	1144	7376	replicate-1
pa	1145	7363	replicate-1
pa	1146	7344	replicate-1
pa	1147	7424	replicate-1
pa	1148	7476	replicate-1
pa	1149	7414	replicate-1
pa	1150	7432	replicate-1
pa	1151	7445	replicate-1
pa	1152	7431	replicate-1
pa	1153	7429	replicate-1
pa	1154	7468	replicate-1
pa	1155	7439	replicate-1
pa	1156	7452	replicate-1
pa	1157	7512	replicate-1
pa	1158	7530	replicate-1
pa	1159	7539	replicate-1
pa	1160	7460	replicate-1
pa	1161	7418	replicate-1
pa	1162	7476	replicate-1
pa	1163	7773	replicate-1
pa	1164	7872	replicate-1
pa	1165	7877	replicate-1
pa	1166	7862	replicate-1
pa	1167	7841	replicate-1
pa	1168	7685	replicate-1
pa	1169	7653	replicate-1
pa	1170	7670	replicate-1
pa	1171	7677	replicate-1
pa	1172	7508	replicate-1
pa	1173	7759	replicate-1
pa	1174	7764	replicate-1
pa	1175	8139	replicate-1
pa	1176	8121	replicate-1
pa	1177	8109	replicate-1
pa	1178	8099	replicate-1
pa	1179	8081	replicate-1
pa	1180	8417	replicate-1
pa	1181	8422	replicate-1
pa	1182	8274	replicate-1
pa	1183	8242	replicate-1
pa	1184	8097	replicate-1
pa	1185	8166	replicate-1
pa	1186	8172	replicate-1
pa	1187	8175	replicate-1
pa	1188	8142	replicate-1
pa	1189	8114	replicate-1
pa	1190	10078	replicate-1
pa	1191	10106	replicate-1
pa	1192	10196	replicate-1
pa	1193	10273	replicate-1
pa	1194	10347	replicate-1
pa	1195	10398	replicate-1
pa	1196	10390	replicate-1
pa	1197	10370	replicate-1
pa	1198	10746	replicate-1
pa	1199	9793	replicate-1
pa	1200	10294	replicate-1
pa	1201	10421	replicate-1
pa	1202	10453	replicate-1
pa	1203	10515	replicate-1
pa	1204	10482	replicate-1
pa	1205	10557	replicate-1
pa	1206	10557	replicate-1
pa	1207	10314	replicate-1
pa	1208	10313	replicate-1
pa	1209	10195	replicate-1
pa	1210	10218	replicate-1
pa	1211	10251	replicate-1
pa	1212	10245	replicate-1
pa	1213	10236	replicate-1
pa	1214	10290	replicate-1
pa	1215	10221	replicate-1
pa	1216	10384	replicate-1
pa	1217	10357	replicate-1
pa	1218	10315	replicate-1
pa	1219	10479	replicate-1
pa	1220	10540	replicate-1
pa	1221	10819	replicate-1
pa	1222	10849	replicate-1
pa	1223	10912	replicate-1
pa	1224	10904	replicate-1
pa	1225	10823	replicate-1
pa	1226	10869	replicate-1
pa	1227	10938	replicate-1
pa	1228	10918	replicate-1
pa	1229	10968	replicate-1
pa	1230	10901	replicate-1
pa	1231	11073	replicate-1
pa	1232	11069	replicate-1
pa	1233	11147	replicate-1
pa	1234	11150	replicate-1
pa	1235	11261	replicate-1
pa	1236	11271	replicate-1
pa	1237	11255	replicate-1
pa	1238	11387	replicate-1
pa	1239	11453	replicate-1
pa	1240	11387	replicate-1
pa	1241	11525	replicate-1
pa	1242	11644	replicate-1
pa	1243	11710	replicate-1
pa	1244	11708	replicate-1
pa	1245	11709	replicate-1
pa	1246	11725	replicate-1
pa	1247	11562	replicate-1
pa	1248	11650	replicate-1
pa	1249	11832	replicate-1
pa	1250	11853	replicate-1
pa	1251	11741	replicate-1
pa	1252	12062	replicate-1
pa	1253	12176	replicate-1
pa	1254	12266	replicate-1
pa	1255	12246	replicate-1
pa	1256	12274	replicate-1
pa	1257	12561	replicate-1
pa	1258	12548	replicate-1
pa	1259	12632	replicate-1
pa	1260	12642	replicate-1
pa	1261	12525	replicate-1
pa	1262	12565	replicate-1
pa	1263	12649	replicate-1
pa	1264	12773	replicate-1
pa	1265	12855	replicate-1
pa	1266	12813	replicate-1
pa	1267	12883	replicate-1
pa	1268	12931	replicate-1
pa	1269	12957	replicate-1
pa	1270	13124	replicate-1
pa	1271	13108	replicate-1
pa	1272	13058	replicate-1
pa	1273	13001	replicate-1
pa	1274	13027	replicate-1
pa	1275	13145	replicate-1
pa	1276	13090	replicate-1
pa	1277	13076	replicate-1
pa	1278	13012	replicate-1
pa	1279	13043	replicate-1
pa	1280	13064	replicate-1
pa	1281	13068	replicate-1
pa	1282	13081	replicate-1
pa	1283	13003	replicate-1
pa	1284	13024	replicate-1
pa	1285	13154	replicate-1
pa	1286	13117	replicate-1
pa	1287	13121	replicate-1
pa	1288	13135	replicate-1
pa	1289	13401	replicate-1
pa	1290	13601	replicate-1
pa	1291	13516	replicate-1
pa	1292	13536	replicate-1
pa	1293	13525	replicate-1
pa	1294	13668	replicate-1
pa	1295	13766	replicate-1
pa	1296	13741	replicate-1
pa	1297	13740	replicate-1
pa	1298	13621	replicate-1
pa	1299	13749	replicate-1
pa	1300	13784	replicate-1
pa	1301	13784	replicate-1
pa	1302	13775	replicate-1
pa	1303	13761	replicate-1
pa	1304	13887	replicate-1
pa	1305	14058	replicate-1
pa	1306	14022	replicate-1
pa	1307	14022	replicate-1
pa	1308	13813	replicate-1
pa	1309	14076	replicate-1
pa	1310	14203	replicate-1
pa	1311	14235	replicate-1
pa	1312	14233	replicate-1
pa	1313	13907	replicate-1
pa	1314	13614	replicate-1
pa	1315	13592	replicate-1
pa	1316	13702	replicate-1
pa	1317	13736	replicate-1
pa	1318	13442	replicate-1
pa	1319	13429	replicate-1
pa	1320	13472	replicate-1
pa	1321	13594	replicate-1
pa	1322	13530	replicate-1
pa	1323	13529	replicate-1
pa	1324	13546	replicate-1
pa	1325	13244	replicate-1
pa	1326	13222	replicate-1
pa	1327	13482	replicate-1
pa	1328	13504	replicate-1
pa	1329	13516	replicate-1
pa	1330	13439	replicate-1
pa	1331	13378	replicate-1
pa	1332	13360	replicate-1
pa	1333	13399	replicate-1
pa	1334	13323	replicate-1
pa	1335	13595	replicate-1
pa	1336	13296	replicate-1
pa	1337	13398	replicate-1
pa	1338	13397	replicate-1
pa	1339	13359	replicate-1
pa	1340	12496	replicate-1
pa	1341	12454	replicate-1
pa	1342	12428	replicate-1
pa	1343	12487	replicate-1
pa	1344	12219	replicate-1
pa	1345	12318	replicate-1
pa	1346	12161	replicate-1
pa	1347	12272	replicate-1
pa	1348	12198	replicate-1
pa	1349	12111	replicate-1
pa	1350	12137	replicate-1
pa	1351	11840	replicate-1
pa	1352	11756	replicate-1
pa	1353	11838	replicate-1
pa	1354	11825	replicate-1
pa	1355	11836	replicate-1
pa	1356	11952	replicate-1
pa	1357	11886	replicate-1
pa	1358	11997	replicate-1
pa	1359	11922	replicate-1
pa	1360	11911	replicate-1
pa	1361	11945	replicate-1
pa	1362	11827	replicate-1
pa	1363	11741	replicate-1
pa	1364	11755	replicate-1
pa	1365	11430	replicate-1
pa	1366	11441	replicate-1
pa	1367	11263	replicate-1
pa	1368	11281	replicate-1
pa	1369	11395	replicate-1
pa	1370	11332	replicate-1
pa	1371	11395	replicate-1
pa	1372	11338	replicate-1
pa	1373	11267	replicate-1
pa	1374	11323	replicate-1
pa	1375	11437	replicate-1
pa	1376	11441	replicate-1
pa	1377	11573	replicate-1
pa	1378	11429	replicate-1
pa	1379	11313	replicate-1
pa	1380	11405	replicate-1
pa	1381	11312	replicate-1
pa	1382	11272	replicate-1
pa	1383	11253	replicate-1
pa	1384	11014	replicate-1
pa	1385	11025	replicate-1
pa	1386	10923	replicate-1
pa	1387	10969	replicate-1
pa	1388	11007	replicate-1
pa	1389	10846	replicate-1
pa	1390	11066	replicate-1
pa	1391	11100	replicate-1
pa	1392	11076	replicate-1
pa	1393	11204	replicate-1
pa	1394	11125	replicate-1
pa	1395	11314	replicate-1
pa	1396	11263	replicate-1
pa	1397	11135	replicate-1
pa	1398	11262	replicate-1
pa	1399	10855	replicate-1
pa	1400	10904	replicate-1
pa	1401	10892	replicate-1
pa	1402	10940	replicate-1
pa	1403	10835	replicate-1
pa	1404	10610	replicate-1
pa	1405	10520	replicate-1
pa	1406	10328	replicate-1
pa	1407	10334	replicate-1
pa	1408	10139	replicate-1
pa	1409	10415	replicate-1
pa	1410	10059	replicate-1
pa	1411	10284	replicate-1
pa	1412	10153	replicate-1
pa	1413	10240	replicate-1
pa	1414	10487	replicate-1
pa	1415	10520	replicate-1
pa	1416	11485	replicate-1
pa	1417	11247	replicate-1
pa	1418	11038	replicate-1
pa	1419	11030	replicate-1
pa	1420	10871	replicate-1
pa	1421	10952	replicate-1
pa	1422	10932	replicate-1
pa	1423	10645	replicate-1
pa	1424	10666	replicate-1
pa	1425	9894	replicate-1
pa	1426	10507	replicate-1
pa	1427	10593	replicate-1
pa	1428	10625	replicate-1
pa	1429	10725	replicate-1
pa	1430	10645	replicate-1
pa	1431	11120	replicate-1
pa	1432	11168	replicate-1
pa	1433	11204	replicate-1
pa	1434	11658	replicate-1
pa	1435	11206	replicate-1
pa	1436	11215	replicate-1
pa	1437	11211	replicate-1
pa	1438	11103	replicate-1
pa	1439	11163	replicate-1
pa	1440	11160	replicate-1
pa	1441	11163	replicate-1
pa	1442	11171	replicate-1
pa	1443	11204	replicate-1
pa	1444	10951	replicate-1
pa	1445	11065	replicate-1
pa	1446	11059	replicate-1
pa	1447	11062	replicate-1
pa	1448	11077	replicate-1
pa	1449	10935	replicate-1
pa	1450	11169	replicate-1
pa	1451	11188	replicate-1
pa	1452	11140	replicate-1
pa	1453	11217	replicate-1
pa	1454	11141	replicate-1
pa	1455	11127	replicate-1
pa	1456	11140	replicate-1
pa	1457	11283	replicate-1
pa	1458	11301	replicate-1
pa	1459	11126	replicate-1
pa	1460	11237	replicate-1
pa	1461	11435	replicate-1
pa	1462	11436	replicate-1
pa	1463	11442	replicate-1
pa	1464	11434	replicate-1
pa	1465	11389	replicate-1
pa	1466	11379	replicate-1
pa	1467	11365	replicate-1
pa	1468	11366	replicate-1
pa	1469	11190	replicate-1
pa	1470	11165	replicate-1
pa	1471	11023	replicate-1
pa	1472	11113	replicate-1
pa	1473	11144	replicate-1
pa	1474	11175	replicate-1
pa	1475	11156	replicate-1
pa	1476	11199	replicate-1
pa	1477	11222	replicate-1
pa	1478	11355	replicate-1
pa	1479	11429	replicate-1
pa	1480	11492	replicate-1
pa	1481	11377	replicate-1
pa	1482	11385	replicate-1
pa	1483	11549	replicate-1
pa	1484	11595	replicate-1
pa	1485	11569	replicate-1
pa	1486	11473	replicate-1
pa	1487	11254	replicate-1
pa	1488	11472	replicate-1
pa	1489	11372	replicate-1
pa	1490	11405	replicate-1
pa	1491	11389	replicate-1
pa	1492	11155	replicate-1
pa	1493	11328	replicate-1
pa	1494	11366	replicate-1
pa	1495	11415	replicate-1
pa	1496	11441	replicate-1
pa	1497	11192	replicate-1
pa	1498	11248	replicate-1
pa	1499	11304	replicate-1
pa	1500	11291	replicate-1
pa	1501	11336	replicate-1
pa	1502	11050	replicate-1
pa	1503	11024	replicate-1
pa	1504	10978	replicate-1
pa	1505	10997	replicate-1
pa	1506	11050	replicate-1
pa	1507	10895	replicate-1
pa	1508	10912	replicate-1
pa	1509	10936	replicate-1
pa	1510	10912	replicate-1
pa	1511	10854	replicate-1
pa	1512	10910	replicate-1
pa	1513	10954	replicate-1
pa	1514	10975	replicate-1
pa	1515	10981	replicate-1
pa	1516	11009	replicate-1
pa	1517	11023	replicate-1
pa	1518	10890	replicate-1
pa	1519	11046	replicate-1
pa	1520	11020	replicate-1
pa	1521	10953	replicate-1
pa	1522	10963	replicate-1
pa	1523	10655	replicate-1
pa	1524	11020	replicate-1
pa	1525	10989	replicate-1
pa	1526	10964	replicate-1
pa	1527	11133	replicate-1
pa	1528	10730	replicate-1
pa	1529	10769	replicate-1
pa	1530	10764	replicate-1
pa	1531	10618	replicate-1
pa	1532	10603	replicate-1
pa	1533	10367	replicate-1
pa	1534	10245	replicate-1
pa	1535	10439	replicate-1
pa	1536	10449	replicate-1
pa	1537	10779	replicate-1
pa	1538	10621	replicate-1
pa	1539	10430	replicate-1
pa	1540	10451	replicate-1
pa	1541	10409	replicate-1
pa	1542	10271	replicate-1
pa	1543	10370	replicate-1
pa	1544	10327	replicate-1
pa	1545	10304	replicate-1
pa	1546	10101	replicate-1
pa	1547	10153	replicate-1
pa	1548	10140	replicate-1
pa	1549	10167	replicate-1
pa	1550	10111	replicate-1
pa	1551	10104	replicate-1
pa	1552	10252	replicate-1
pa	1553	10276	replicate-1
pa	1554	10284	replicate-1
pa	1555	10277	replicate-1
pa	1556	10214	replicate-1
pa	1557	10227	replicate-1
pa	1558	10184	replicate-1
pa	1559	10175	replicate-1
pa	1560	10392	replicate-1
pa	1561	10256	replicate-1
pa	1562	10214	replicate-1
pa	1563	10253	replicate-1
pa	1564	10197	replicate-1
pa	1565	10276	replicate-1
pa	1566	10130	replicate-1
pa	1567	10067	replicate-1
pa	1568	10156	replicate-1
pa	1569	10019	replicate-1
pa	1570	10095	replicate-1
pa	1571	10142	replicate-1
pa	1572	10148	replicate-1
pa	1573	10385	replicate-1
pa	1574	10222	replicate-1
pa	1575	10523	replicate-1
pa	1576	10577	replicate-1
pa	1577	10431	replicate-1
pa	1578	10438	replicate-1
pa	1579	10425	replicate-1
pa	1580	10458	replicate-1
pa	1581	10494	replicate-1
pa	1582	10392	replicate-1
pa	1583	10410	replicate-1
pa	1584	10220	replicate-1
pa	1585	10118	replicate-1
pa	1586	10083	replicate-1
pa	1587	10102	replicate-1
pa	1588	10056	replicate-1
pa	1589	10125	replicate-1
pa	1590	9971	replicate-1
pa	1591	10021	replicate-1
pa	1592	10037	replicate-1
pa	1593	10051	replicate-1
pa	1594	10208	replicate-1
pa	1595	10231	replicate-1
pa	1596	10210	replicate-1
pa	1597	10204	replicate-1
pa	1598	10140	replicate-1
pa	1599	10729	replicate-1
pa	1600	10688	replicate-1
pa	1601	10875	replicate-1
pa	1602	10847	replicate-1
pa	1603	10886	replicate-1
pa	1604	10908	replicate-1
pa	1605	11027	replicate-1
pa	1606	11032	replicate-1
pa	1607	11050	replicate-1
pa	1608	10589	replicate-1
pa	1609	10621	replicate-1
pa	1610	10386	replicate-1
pa	1611	10418	replicate-1
pa	1612	10413	replicate-1
pa	1613	10378	replicate-1
pa	1614	10375	replicate-1
pa	1615	10549	replicate-1
pa	1616	10749	replicate-1
pa	1617	10831	replicate-1
pa	1618	10833	replicate-1
pa	1619	10825	replicate-1
pa	1620	10771	replicate-1
pa	1621	10925	replicate-1
pa	1622	11003	replicate-1
pa	1623	11069	replicate-1
pa	1624	10968	replicate-1
pa	1625	10844	replicate-1
pa	1626	10835	replicate-1
pa	1627	10883	replicate-1
pa	1628	10853	replicate-1
pa	1629	10931	replicate-1
pa	1630	10823	replicate-1
pa	1631	10916	replicate-1
pa	1632	10831	replicate-1
pa	1633	11016	replicate-1
pa	1634	10987	replicate-1
pa	1635	11054	replicate-1
pa	1636	11277	replicate-1
pa	1637	11278	replicate-1
pa	1638	11331	replicate-1
pa	1639	11319	replicate-1
pa	1640	11240	replicate-1
pa	1641	11552	replicate-1
pa	1642	11542	replicate-1
pa	1643	11523	replicate-1
pa	1644	11425	replicate-1
pa	1645	11202	replicate-1
pa	1646	11439	replicate-1
pa	1647	11345	replicate-1
pa	1648	11814	replicate-1
pa	1649	11767	replicate-1
pa	1650	11701	replicate-1
pa	1651	11778	replicate-1
pa	1652	11794	replicate-1
pa	1653	11839	replicate-1
pa	1654	11869	replicate-1
pa	1655	11919	replicate-1
pa	1656	11990	replicate-1
pa	1657	11739	replicate-1
pa	1658	11774	replicate-1
pa	1659	11652	replicate-1
pa	1660	11714	replicate-1
pa	1661	11749	replicate-1
pa	1662	11783	replicate-1
pa	1663	11859	replicate-1
pa	1664	11717	replicate-1
pa	1665	11651	replicate-1
pa	1666	11608	replicate-1
pa	1667	11760	replicate-1
pa	1668	11797	replicate-1
pa	1669	12276	replicate-1
pa	1670	12241	replicate-1
pa	1671	12487	replicate-1
pa	1672	12380	replicate-1
pa	1673	12366	replicate-1
pa	1674	12371	replicate-1
pa	1675	12269	replicate-1
pa	1676	12226	replicate-1
pa	1677	12371	replicate-1
pa	1678	11808	replicate-1
pa	1679	11916	replicate-1
pa	1680	11723	replicate-1
pa	1681	12243	replicate-1
pa	1682	12316	replicate-1
pa	1683	12299	replicate-1
pa	1684	12298	replicate-1
pa	1685	12228	replicate-1
pa	1686	12007	replicate-1
pa	1687	12134	replicate-1
pa	1688	12079	replicate-1
pa	1689	12071	replicate-1
pa	1690	11795	replicate-1
pa	1691	11711	replicate-1
pa	1692	11731	replicate-1
pa	1693	11936	replicate-1
pa	1694	12054	replicate-1
pa	1695	12325	replicate-1
pa	1696	12227	replicate-1
pa	1697	12243	replicate-1
pa	1698	12296	replicate-1
pa	1699	12306	replicate-1
pa	1700	12377	replicate-1
pa	1701	12457	replicate-1
pa	1702	12373	replicate-1
pa	1703	12547	replicate-1
pa	1704	12401	replicate-1
pa	1705	12558	replicate-1
pa	1706	12558	replicate-1
pa	1707	12708	replicate-1
pa	1708	12738	replicate-1
pa	1709	12845	replicate-1
pa	1710	12821	replicate-1
pa	1711	12834	replicate-1
pa	1712	12732	replicate-1
pa	1713	12995	replicate-1
pa	1714	12817	replicate-1
pa	1715	12834	replicate-1
pa	1716	12739	replicate-1
pa	1717	12755	replicate-1
pa	1718	12597	replicate-1
pa	1719	12557	replicate-1
pa	1720	12352	replicate-1
pa	1721	12362	replicate-1
pa	1722	12006	replicate-1
pa	1723	11995	replicate-1
pa	1724	12123	replicate-1
pa	1725	12030	replicate-1
pa	1726	11946	replicate-1
pa	1727	11986	replicate-1
pa	1728	12026	replicate-1
pa	1729	12050	replicate-1
pa	1730	12043	replicate-1
pa	1731	12001	replicate-1
pa	1732	11910	replicate-1
pa	1733	11818	replicate-1
pa	1734	11664	replicate-1
pa	1735	11834	replicate-1
pa	1736	11836	replicate-1
pa	1737	11831	replicate-1
pa	1738	11820	replicate-1
pa	1739	11790	replicate-1
pa	1740	11816	replicate-1
pa	1741	11900	replicate-1
pa	1742	11870	replicate-1
pa	1743	11855	replicate-1
pa	1744	11795	replicate-1
pa	1745	11966	replicate-1
pa	1746	11958	replicate-1
pa	1747	12012	replicate-1
pa	1748	12014	replicate-1
pa	1749	12017	replicate-1
pa	1750	11917	replicate-1
pa	1751	11873	replicate-1
pa	1752	11838	replicate-1
pa	1753	11862	replicate-1
pa	1754	11760	replicate-1
pa	1755	11954	replicate-1
pa	1756	11976	replicate-1
pa	1757	12072	replicate-1
pa	1758	11934	replicate-1
pa	1759	11960	replicate-1
pa	1760	11938	replicate-1
pa	1761	11966	replicate-1
pa	1762	12402	replicate-1
pa	1763	12394	replicate-1
pa	1764	12336	replicate-1
pa	1765	12287	replicate-1
pa	1766	12091	replicate-1
pa	1767	12034	replicate-1
pa	1768	12002	replicate-1
pa	1769	12038	replicate-1
pa	1770	12060	replicate-1
pa	1771	11608	replicate-1
pa	1772	11581	replicate-1
pa	1773	11537	replicate-1
pa	1774	11591	replicate-1
pa	1775	11921	replicate-1
pa	1776	11931	replicate-1
pa	1777	12048	replicate-1
pa	1778	12015	replicate-1
pa	1779	12114	replicate-1
pa	1780	12380	replicate-1
pa	1781	12402	replicate-1
pa	1782	12424	replicate-1
pa	1783	12410	replicate-1
pa	1784	11882	replicate-1
pa	1785	11895	replicate-1
pa	1786	11846	replicate-1
pa	1787	11948	replicate-1
pa	1788	11973	replicate-1
pa	1789	11849	replicate-1
pa	1790	11945	replicate-1
pa	1791	11968	replicate-1
pa	1792	11994	replicate-1
pa	1793	12010	replicate-1
pa	1794	12021	replicate-1
pa	1795	12090	replicate-1
pa	1796	11917	replicate-1
pa	1797	11938	replicate-1
pa	1798	11868	replicate-1
pa	1799	11752	replicate-1
pa	1800	11762	replicate-1
pa	1801	11718	replicate-1
pa	1802	11521	replicate-1
pa	1803	11611	replicate-1
pa	1804	11471	replicate-1
pa	1805	11615	replicate-1
pa	1806	11504	replicate-1
pa	1807	11447	replicate-1
pa	1808	11453	replicate-1
pa	1809	11618	replicate-1
pa	1810	11708	replicate-1
pa	1811	11700	replicate-1
pa	1812	11531	replicate-1
pa	1813	11517	replicate-1
pa	1814	11201	replicate-1
pa	1815	11259	replicate-1
pa	1816	11374	replicate-1
pa	1817	11353	replicate-1
pa	1818	11157	replicate-1
pa	1819	11076	replicate-1
pa	1820	10968	replicate-1
pa	1821	10995	replicate-1
pa	1822	10899	replicate-1
pa	1823	10912	replicate-1
pa	1824	10839	replicate-1
pa	1825	11187	replicate-1
pa	1826	11277	replicate-1
pa	1827	11329	replicate-1
pa	1828	11657	replicate-1
pa	1829	11652	replicate-1
pa	1830	11674	replicate-1
pa	1831	11669	replicate-1
pa	1832	11491	replicate-1
pa	1833	11482	replicate-1
pa	1834	11754	replicate-1
pa	1835	11729	replicate-1
pa	1836	11767	replicate-1
pa	1837	11500	replicate-1
pa	1838	11422	replicate-1
pa	1839	11577	replicate-1
pa	1840	11662	replicate-1
pa	1841	11636	replicate-1
pa	1842	11614	replicate-1
pa	1843	11283	replicate-1
pa	1844	11294	replicate-1
pa	1845	11508	replicate-1
pa	1846	11527	replicate-1
pa	1847	11573	replicate-1
pa	1848	11410	replicate-1
pa	1849	11370	replicate-1
pa	1850	11352	replicate-1
pa	1851	11315	replicate-1
pa	1852	11342	replicate-1
pa	1853	11167	replicate-1
pa	1854	10640	replicate-1
pa	1855	10613	replicate-1
pa	1856	10538	replicate-1
pa	1857	10553	replicate-1
pa	1858	10500	replicate-1
pa	1859	10492	replicate-1
pa	1860	10415	replicate-1
pa	1861	10327	replicate-1
pa	1862	10258	replicate-1
pa	1863	10249	replicate-1
pa	1864	10140	replicate-1
pa	1865	10124	replicate-1
pa	1866	10103	replicate-1
pa	1867	10027	replicate-1
pa	1868	10109	replicate-1
pa	1869	10220	replicate-1
pa	1870	10315	replicate-1
pa	1871	10318	replicate-1
pa	1872	10282	replicate-1
pa	1873	10294	replicate-1
pa	1874	10294	replicate-1
pa	1875	10215	replicate-1
pa	1876	10176	replicate-1
pa	1877	10126	replicate-1
pa	1878	9993	replicate-1
pa	1879	9950	replicate-1
pa	1880	9935	replicate-1
pa	1881	9990	replicate-1
pa	1882	10009	replicate-1
pa	1883	10062	replicate-1
pa	1884	10011	replicate-1
pa	1885	10136	replicate-1
pa	1886	10131	replicate-1
pa	1887	10159	replicate-1
pa	1888	10172	replicate-1
pa	1889	10230	replicate-1
pa	1890	10115	replicate-1
pa	1891	10163	replicate-1
pa	1892	10029	replicate-1
pa	1893	10034	replicate-1
pa	1894	9918	replicate-1
pa	1895	9861	replicate-1
pa	1896	10170	replicate-1
pa	1897	10350	replicate-1
pa	1898	10327	replicate-1
pa	1899	10250	replicate-1
pa	1900	10228	replicate-1
pa	1901	10258	replicate-1
pa	1902	10249	replicate-1
pa	1903	10378	replicate-1
pa	1904	10440	replicate-1
pa	1905	10226	replicate-1
pa	1906	10205	replicate-1
pa	1907	10173	replicate-1
pa	1908	10243	replicate-1
pa	1909	10387	replicate-1
pa	1910	10343	replicate-1
pa	1911	10364	replicate-1
pa	1912	10275	replicate-1
pa	1913	10004	replicate-1
pa	1914	9881	replicate-1
pa	1915	9805	replicate-1
pa	1916	10052	replicate-1
pa	1917	10069	replicate-1
pa	1918	9942	replicate-1
pa	1919	10266	replicate-1
pa	1920	10219	replicate-1
pa	1921	10413	replicate-1
pa	1922	10478	replicate-1
pa	1923	10420	replicate-1
pa	1924	10429	replicate-1
pa	1925	10142	replicate-1
pa	1926	10067	replicate-1
pa	1927	10122	replicate-1
pa	1928	9852	replicate-1
pa	1929	9786	replicate-1
pa	1930	9983	replicate-1
pa	1931	9809	replicate-1
pa	1932	10096	replicate-1
pa	1933	10052	replicate-1
pa	1934	10068	replicate-1
pa	1935	10066	replicate-1
pa	1936	9948	replicate-1
pa	1937	10083	replicate-1
pa	1938	10122	replicate-1
pa	1939	9831	replicate-1
pa	1940	9843	replicate-1
pa	1941	9642	replicate-1
pa	1942	9663	replicate-1
pa	1943	9579	replicate-1
pa	1944	9612	replicate-1
pa	1945	9597	replicate-1
pa	1946	9489	replicate-1
pa	1947	9601	replicate-1
pa	1948	9571	replicate-1
pa	1949	9671	replicate-1
pa	1950	9756	replicate-1
pa	1951	9727	replicate-1
pa	1952	9760	replicate-1
pa	1953	9920	replicate-1
pa	1954	9857	replicate-1
pa	1955	9832	replicate-1
pa	1956	9713	replicate-1
pa	1957	9951	replicate-1
pa	1958	9951	replicate-1
pa	1959	10102	replicate-1
pa	1960	10086	replicate-1
pa	1961	10022	replicate-1
pa	1962	10044	replicate-1
pa	1963	9939	replicate-1
pa	1964	9925	replicate-1
pa	1965	9902	replicate-1
pa	1966	9662	replicate-1
pa	1967	10836	replicate-1
pa	1968	10932	replicate-1
pa	1969	11009	replicate-1
pa	1970	10990	replicate-1
pa	1971	11238	replicate-1
pa	1972	11230	replicate-1
pa	1973	11386	replicate-1
pa	1974	11407	replicate-1
pa	1975	11385	replicate-1
pa	1976	10564	replicate-1
pa	1977	10221	replicate-1
pa	1978	10128	replicate-1
pa	1979	10216	replicate-1
pa	1980	10175	replicate-1
pa	1981	10386	replicate-1
pa	1982	10310	replicate-1
pa	1983	10263	replicate-1
pa	1984	10258	replicate-1
pa	1985	10115	replicate-1
pa	1986	10104	replicate-1
pa	1987	10204	replicate-1
pa	1988	10120	replicate-1
pa	1989	10049	replicate-1
pa	1990	9988	replicate-1
pa	1991	9985	replicate-1
pa	1992	10008	replicate-1
pa	1993	10001	replicate-1
pa	1994	10067	replicate-1
pa	1995	10181	replicate-1
pa	1996	10015	replicate-1
pa	1997	10161	replicate-1
pa	1998	10250	replicate-1
pa	1999	10269	replicate-1
pa	2000	10287	replicate-1
pa	2001	10263	replicate-1
pa	2002	10268	replicate-1
pa	2003	10330	replicate-1
pa	2004	10191	replicate-1
pa	2005	10247	replicate-1
pa	2006	10255	replicate-1
pa	2007	10292	replicate-1
pa	2008	10291	replicate-1
pa	2009	10304	replicate-1
pa	2010	10330	replicate-1
pa	2011	10351	replicate-1
pa	2012	10380	replicate-1
pa	2013	10465	replicate-1
pa	2014	10429	replicate-1
pa	2015	10450	replicate-1
pa	2016	10430	replicate-1
pa	2017	10496	replicate-1
pa	2018	10455	replicate-1
pa	2019	10507	replicate-1
pa	2020	10417	replicate-1
pa	2021	10378	replicate-1
pa	2022	10415	replicate-1
pa	2023	10477	replicate-1
pa	2024	10664	replicate-1
pa	2025	10727	replicate-1
pa	2026	10812	replicate-1
pa	2027	10908	replicate-1
pa	2028	10940	replicate-1
pa	2029	11307	replicate-1
pa	2030	11303	replicate-1
pa	2031	11308	replicate-1
pa	2032	11327	replicate-1
pa	2033	11142	replicate-1
pa	2034	11204	replicate-1
pa	2035	11298	replicate-1
pa	2036	11244	replicate-1
pa	2037	11220	replicate-1
pa	2038	11582	replicate-1
pa	2039	11388	replicate-1
pa	2040	11396	replicate-1
pa	2041	11390	replicate-1
pa	2042	11426	replicate-1
pa	2043	11424	replicate-1
pa	2044	11423	replicate-1
pa	2045	11245	replicate-1
pa	2046	11196	replicate-1
pa	2047	10616	replicate-1
pa	2048	10914	replicate-1
pa	2049	11050	replicate-1
pa	2050	11026	replicate-1
pa	2051	10983	replicate-1
pa	2052	10955	replicate-1
pa	2053	11030	replicate-1
pa	2054	10945	replicate-1
pa	2055	10983	replicate-1
pa	2056	11267	replicate-1
pa	2057	10855	replicate-1
pa	2058	10713	replicate-1
pa	2059	10749	replicate-1
pa	2060	10770	replicate-1
pa	2061	10771	replicate-1
pa	2062	10749	replicate-1
pa	2063	10786	replicate-1
pa	2064	10636	replicate-1
pa	2065	10555	replicate-1
pa	2066	10803	replicate-1
pa	2067	10795	replicate-1
pa	2068	10805	replicate-1
pa	2069	10951	replicate-1
pa	2070	10900	replicate-1
pa	2071	10899	replicate-1
pa	2072	10848	replicate-1
pa	2073	10827	replicate-1
pa	2074	10829	replicate-1
pa	2075	10822	replicate-1
pa	2076	10812	replicate-1
pa	2077	10960	replicate-1
pa	2078	10791	replicate-1
pa	2079	10844	replicate-1
pa	2080	10756	replicate-1
pa	2081	10683	replicate-1
pa	2082	11292	replicate-1
pa	2083	11315	replicate-1
pa	2084	11301	replicate-1
pa	2085	11298	replicate-1
pa	2086	10976	replicate-1
pa	2087	10970	replicate-1
pa	2088	10794	replicate-1
pa	2089	10836	replicate-1
pa	2090	11084	replicate-1
pa	2091	10577	replicate-1
pa	2092	10960	replicate-1
pa	2093	10961	replicate-1
pa	2094	10955	replicate-1
pa	2095	10974	replicate-1
pa	2096	10909	replicate-1
pa	2097	10915	replicate-1
pa	2098	10882	replicate-1
pa	2099	10397	replicate-1
pa	2100	10530	replicate-1
pa	2101	10094	replicate-1
pa	2102	10155	replicate-1
pa	2103	10128	replicate-1
pa	2104	10122	replicate-1
pa	2105	10087	replicate-1
pa	2106	10216	replicate-1
pa	2107	10206	replicate-1
pa	2108	10178	replicate-1
pa	2109	9896	replicate-1
pa	2110	9860	replicate-1
pa	2111	9825	replicate-1
pa	2112	9813	replicate-1
pa	2113	9780	replicate-1
pa	2114	9737	replicate-1
pa	2115	9620	replicate-1
pa	2116	9612	replicate-1
pa	2117	9331	replicate-1
pa	2118	9274	replicate-1
pa	2119	9256	replicate-1
pa	2120	9313	replicate-1
pa	2121	9348	replicate-1
pa	2122	9362	replicate-1
pa	2123	9287	replicate-1
pa	2124	9178	replicate-1
pa	2125	9355	replicate-1
pa	2126	9373	replicate-1
pa	2127	9494	replicate-1
pa	2128	9457	replicate-1
pa	2129	9390	replicate-1
pa	2130	9388	replicate-1
pa	2131	9203	replicate-1
pa	2132	9175	replicate-1
pa	2133	9178	replicate-1
pa	2134	9197	replicate-1
pa	2135	9083	replicate-1
pa	2136	8949	replicate-1
pa	2137	8973	replicate-1
pa	2138	8977	replicate-1
pa	2139	8970	replicate-1
pa	2140	9028	replicate-1
pa	2141	9052	replicate-1
pa	2142	9141	replicate-1
pa	2143	9126	replicate-1
pa	2144	9153	replicate-1
pa	2145	9163	replicate-1
pa	2146	9063	replicate-1
pa	2147	9065	replicate-1
pa	2148	9075	replicate-1
pa	2149	9050	replicate-1
pa	2150	9035	replicate-1
pa	2151	8839	replicate-1
pa	2152	8841	replicate-1
pa	2153	8877	replicate-1
pa	2154	8908	replicate-1
pa	2155	8884	replicate-1
pa	2156	8848	replicate-1
pa	2157	8825	replicate-1
pa	2158	8794	replicate-1
pa	2159	8802	replicate-1
pa	2160	8687	replicate-1
pa	2161	8638	replicate-1
pa	2162	8532	replicate-1
pa	2163	8410	replicate-1
pa	2164	8371	replicate-1
pa	2165	8378	replicate-1
pa	2166	8295	replicate-1
pa	2167	8302	replicate-1
pa	2168	8074	replicate-1
pa	2169	8092	replicate-1
pa	2170	8023	replicate-1
pa	2171	8007	replicate-1
pa	2172	7980	replicate-1
pa	2173	7893	replicate-1
pa	2174	7531	replicate-1
pa	2175	7504	replicate-1
pa	2176	7213	replicate-1
pa	2177	7019	replicate-1
pa	2178	6726	replicate-1
pa	2179	6474	replicate-1
pa	2180	6411	replicate-1
pa	2181	6409	replicate-1
pa	2182	6399	replicate-1
pa	2183	6197	replicate-1
pa	2184	6109	replicate-1
pa	2185	6072	replicate-1
pa	2186	6058	replicate-1
pa	2187	5923	replicate-1
pa	2188	5852	replicate-1
pa	2189	5830	replicate-1
pa	2190	5821	replicate-1
pa	2191	5776	replicate-1
pa	2192	5758	replicate-1
pa	2193	5490	replicate-1
pa	2194	5385	replicate-1
pa	2195	5308	replicate-1
pa	2196	5226	replicate-1
pa	2197	5127	replicate-1
pa	2198	4821	replicate-1
pa	2199	4797	replicate-1
pa	2200	4766	replicate-1
pa	2201	4726	replicate-1
pa	2202	4654	replicate-1
pa	2203	4439	replicate-1
pa	2204	4432	replicate-1
pa	2205	4345	replicate-1
pa	2206	4300	replicate-1
pa	2207	3189	replicate-1
pa	2208	2987	replicate-1
pa	2209	2787	replicate-1
pa	2210	2756	replicate-1
pa	2211	2740	replicate-1
pa	2212	2609	replicate-1
pa	2213	2608	replicate-1
pa	2214	2606	replicate-1
pa	2215	2582	replicate-1
pa	2216	2566	replicate-1
pa	2217	1502	replicate-1
pa	2218	1491	replicate-1
pa	2219	1466	replicate-1
pa	2220	1436	replicate-1
pa	2221	1431	replicate-1
pa	2222	1283	replicate-1
pa	2223	1274	replicate-1
pa	2224	1220	replicate-1
pa	2225	1217	replicate-1
pa	2226	1193	replicate-1
pa	2227	1140	replicate-1
pa	2228	1114	replicate-1
pa	2229	1019	replicate-1
pa	2230	963	replicate-1
pa	2231	943	replicate-1
pa	2232	914	replicate-1
pa	2233	247	replicate-1
ha	1	2986	replicate-1
ha	2	3519	replicate-1
ha	3	3550	replicate-1
ha	4	3564	replicate-1
ha	5	3828	replicate-1
ha	6	4015	replicate-1
ha	7	4060	replicate-1
ha	8	4089	replicate-1
ha	9	4299	replicate-1
ha	10	4310	replicate-1
ha	11	4402	replicate-1
ha	12	4507	replicate-1
ha	13	4864	replicate-1
ha	14	4908	replicate-1
ha	15	4923	replicate-1
ha	16	4939	replicate-1
ha	17	5014	replicate-1
ha	18	5042	replicate-1
ha	19	5243	replicate-1
ha	20	5289	replicate-1
ha	21	5416	replicate-1
ha	22	5426	replicate-1
ha	23	6113	replicate-1
ha	24	6139	replicate-1
ha	25	6169	replicate-1
ha	26	6186	replicate-1
ha	27	6260	replicate-1
ha	28	6306	replicate-1
ha	29	6591	replicate-1
ha	30	6601	replicate-1
ha	31	6771	replicate-1
ha	32	6805	replicate-1
ha	33	6817	replicate-1
ha	34	6947	replicate-1
ha	35	7005	replicate-1
ha	36	8081	replicate-1
ha	37	8154	replicate-1
ha	38	8192	replicate-1
ha	39	8811	replicate-1
ha	40	8825	replicate-1
ha	41	10045	replicate-1
ha	42	10076	replicate-1
ha	43	10100	replicate-1
ha	44	10123	replicate-1
ha	45	10174	replicate-1
ha	46	10343	replicate-1
ha	47	10408	replicate-1
ha	48	10483	replicate-1
ha	49	10690	replicate-1
ha	50	10707	replicate-1
ha	51	11064	replicate-1
ha	52	11087	replicate-1
ha	53	11172	replicate-1
ha	54	11232	replicate-1
ha	55	11267	replicate-1
ha	56	11496	replicate-1
ha	57	12032	replicate-1
ha	58	12425	replicate-1
ha	59	12447	replicate-1
ha	60	12406	replicate-1
ha	61	12563	replicate-1
ha	62	12577	replicate-1
ha	63	12721	replicate-1
ha	64	12792	replicate-1
ha	65	12843	replicate-1
ha	66	12870	replicate-1
ha	67	13385	replicate-1
ha	68	13547	replicate-1
ha	69	13553	replicate-1
ha	70	13585	replicate-1
ha	71	13629	replicate-1
ha	72	13704	replicate-1
ha	73	13744	replicate-1
ha	74	13757	replicate-1
ha	75	13852	replicate-1
ha	76	13767	replicate-1
ha	77	13860	replicate-1
ha	78	13898	replicate-1
ha	79	13922	replicate-1
ha	80	13929	replicate-1
ha	81	13926	replicate-1
ha	82	14462	replicate-1
ha	83	14458	replicate-1
ha	84	14473	replicate-1
ha	85	14573	replicate-1
ha	86	14694	replicate-1
ha	87	14839	replicate-1
ha	88	14852	replicate-1
ha	89	14854	replicate-1
ha	90	14892	replicate-1
ha	91	14784	replicate-1
ha	92	15146	replicate-1
ha	93	15187	replicate-1
ha	94	15330	replicate-1
ha	95	15396	replicate-1
ha	96	15413	replicate-1
ha	97	15630	replicate-1
ha	98	15693	replicate-1
ha	99	15787	replicate-1
ha	100	15757	replicate-1
ha	101	15672	replicate-1
ha	102	15652	replicate-1
ha	103	15670	replicate-1
ha	104	15710	replicate-1
ha	105	15759	replicate-1
ha	106	16304	replicate-1
ha	107	16207	replicate-1
ha	108	16363	replicate-1
ha	109	16341	replicate-1
ha	110	16396	replicate-1
ha	111	16446	replicate-1
ha	112	16394	replicate-1
ha	113	16377	replicate-1
ha	114	16377	replicate-1
ha	115	16119	replicate-1
ha	116	16321	replicate-1
ha	117	16304	replicate-1
ha	118	16339	replicate-1
ha	119	16361	replicate-1
ha	120	16374	replicate-1
ha	121	16507	replicate-1
ha	122	16549	replicate-1
ha	123	16552	replicate-1
ha	124	16636	replicate-1
ha	125	16497	replicate-1
ha	126	16466	replicate-1
ha	127	16459	replicate-1
ha	128	16389	replicate-1
ha	129	16664	replicate-1
ha	130	16570	replicate-1
ha	131	16591	replicate-1
ha	132	16511	replicate-1
ha	133	16406	replicate-1
ha	134	16541	replicate-1
ha	135	16511	replicate-1
ha	136	16556	replicate-1
ha	137	16621	replicate-1
ha	138	16312	replicate-1
ha	139	16328	replicate-1
ha	140	16269	replicate-1
ha	141	16197	replicate-1
ha	142	16267	replicate-1
ha	143	16024	replicate-1
ha	144	16016	replicate-1
ha	145	16034	replicate-1
ha	146	15922	replicate-1
ha	147	15924	replicate-1
ha	148	15940	replicate-1
ha	149	15829	replicate-1
ha	150	15434	replicate-1
ha	151	15497	replicate-1
ha	152	15765	replicate-1
ha	153	15798	replicate-1
ha	154	15774	replicate-1
ha	155	15815	replicate-1
ha	156	15772	replicate-1
ha	157	15681	replicate-1
ha	158	15660	replicate-1
ha	159	14632	replicate-1
ha	160	14736	replicate-1
ha	161	15144	replicate-1
ha	162	15809	replicate-1
ha	163	15773	replicate-1
ha	164	15812	replicate-1
ha	165	15853	replicate-1
ha	166	15981	replicate-1
ha	167	16029	replicate-1
ha	168	16288	replicate-1
ha	169	16281	replicate-1
ha	170	15487	replicate-1
ha	171	15436	replicate-1
ha	172	15363	replicate-1
ha	173	15204	replicate-1
ha	174	15130	replicate-1
ha	175	15169	replicate-1
ha	176	15183	replicate-1
ha	177	15160	replicate-1
ha	178	15175	replicate-1
ha	179	15171	replicate-1
ha	180	15210	replicate-1
ha	181	15113	replicate-1
ha	182	14994	replicate-1
ha	183	14963	replicate-1
ha	184	14689	replicate-1
ha	185	14708	replicate-1
ha	186	14296	replicate-1
ha	187	14364	replicate-1
ha	188	14195	replicate-1
ha	189	14447	replicate-1
ha	190	14394	replicate-1
ha	191	14347	replicate-1
ha	192	14156	replicate-1
ha	193	14179	replicate-1
ha	194	14172	replicate-1
ha	195	14141	replicate-1
ha	196	13956	replicate-1
ha	197	14086	replicate-1
ha	198	13831	replicate-1
ha	199	13826	replicate-1
ha	200	13679	replicate-1
ha	201	13714	replicate-1
ha	202	13888	replicate-1
ha	203	14286	replicate-1
ha	204	14471	replicate-1
ha	205	14433	replicate-1
ha	206	14361	replicate-1
ha	207	14351	replicate-1
ha	208	14536	replicate-1
ha	209	14509	replicate-1
ha	210	14495	replicate-1
ha	211	14517	replicate-1
ha	212	14148	replicate-1
ha	213	14167	replicate-1
ha	214	14202	replicate-1
ha	215	14300	replicate-1
ha	216	14243	replicate-1
ha	217	14176	replicate-1
ha	218	14234	replicate-1
ha	219	14233	replicate-1
ha	220	14306	replicate-1
ha	221	14326	replicate-1
ha	222	14231	replicate-1
ha	223	14109	replicate-1
ha	224	14143	replicate-1
ha	225	14211	replicate-1
ha	226	14403	replicate-1
ha	227	14487	replicate-1
ha	228	14888	replicate-1
ha	229	14840	replicate-1
ha	230	14837	replicate-1
ha	231	14812	replicate-1
ha	232	14767	replicate-1
ha	233	14806	replicate-1
ha	234	14799	replicate-1
ha	235	15108	replicate-1
ha	236	15101	replicate-1
ha	237	14701	replicate-1
ha	238	14932	replicate-1
ha	239	14987	replicate-1
ha	240	15439	replicate-1
ha	241	15578	replicate-1
ha	242	15556	replicate-1
ha	243	15808	replicate-1
ha	244	15420	replicate-1
ha	245	15703	replicate-1
ha	246	15707	replicate-1
ha	247	15542	replicate-1
ha	248	15573	replicate-1
ha	249	15385	replicate-1
ha	250	15259	replicate-1
ha	251	15370	replicate-1
ha	252	15270	replicate-1
ha	253	15261	replicate-1
ha	254	15293	replicate-1
ha	255	15212	replicate-1
ha	256	15260	replicate-1
ha	257	15137	replicate-1
ha	258	15064	replicate-1
ha	259	15127	replicate-1
ha	260	15103	replicate-1
ha	261	15127	replicate-1
ha	262	15228	replicate-1
ha	263	15225	replicate-1
ha	264	15292	replicate-1
ha	265	15209	replicate-1
ha	266	15092	replicate-1
ha	267	15014	replicate-1
ha	268	15192	replicate-1
ha	269	15167	replicate-1
ha	270	15145	replicate-1
ha	271	15020	replicate-1
ha	272	15023	replicate-1
ha	273	15032	replicate-1
ha	274	15070	replicate-1
ha	275	15062	replicate-1
ha	276	15076	replicate-1
ha	277	14921	replicate-1
ha	278	14901	replicate-1
ha	279	14823	replicate-1
ha	280	14802	replicate-1
ha	281	14858	replicate-1
ha	282	14817	replicate-1
ha	283	14993	replicate-1
ha	284	15004	replicate-1
ha	285	15063	replicate-1
ha	286	15145	replicate-1
ha	287	15125	replicate-1
ha	288	15128	replicate-1
ha	289	15130	replicate-1
ha	290	14925	replicate-1
ha	291	14989	replicate-1
ha	292	14712	replicate-1
ha	293	14943	replicate-1
ha	294	14957	replicate-1
ha	295	14950	replicate-1
ha	296	14964	replicate-1
ha	297	14943	replicate-1
ha	298	14928	replicate-1
ha	299	15007	replicate-1
ha	300	14888	replicate-1
ha	301	14572	replicate-1
ha	302	14126	replicate-1
ha	303	13996	replicate-1
ha	304	14968	replicate-1
ha	305	14875	replicate-1
ha	306	15052	replicate-1
ha	307	15139	replicate-1
ha	308	15039	replicate-1
ha	309	15897	replicate-1
ha	310	15829	replicate-1
ha	311	16009	replicate-1
ha	312	15820	replicate-1
ha	313	13796	replicate-1
ha	314	13883	replicate-1
ha	315	13776	replicate-1
ha	316	13709	replicate-1
ha	317	13681	replicate-1
ha	318	13152	replicate-1
ha	319	13165	replicate-1
ha	320	12965	replicate-1
ha	321	12944	replicate-1
ha	322	13237	replicate-1
ha	323	13206	replicate-1
ha	324	13230	replicate-1
ha	325	13211	replicate-1
ha	326	13186	replicate-1
ha	327	13185	replicate-1
ha	328	13242	replicate-1
ha	329	13253	replicate-1
ha	330	13204	replicate-1
ha	331	12797	replicate-1
ha	332	13033	replicate-1
ha	333	13133	replicate-1
ha	334	13139	replicate-1
ha	335	13106	replicate-1
ha	336	13093	replicate-1
ha	337	13105	replicate-1
ha	338	13062	replicate-1
ha	339	13004	replicate-1
ha	340	13058	replicate-1
ha	341	12919	replicate-1
ha	342	12756	replicate-1
ha	343	13247	replicate-1
ha	344	13232	replicate-1
ha	345	13344	replicate-1
ha	346	13333	replicate-1
ha	347	13422	replicate-1
ha	348	13579	replicate-1
ha	349	13527	replicate-1
ha	350	13490	replicate-1
ha	351	13487	replicate-1
ha	352	12809	replicate-1
ha	353	12842	replicate-1
ha	354	12661	replicate-1
ha	355	12650	replicate-1
ha	356	12409	replicate-1
ha	357	12287	replicate-1
ha	358	12205	replicate-1
ha	359	12383	replicate-1
ha	360	12357	replicate-1
ha	361	12428	replicate-1
ha	362	12394	replicate-1
ha	363	12386	replicate-1
ha	364	12317	replicate-1
ha	365	12353	replicate-1
ha	366	12047	replicate-1
ha	367	12172	replicate-1
ha	368	11749	replicate-1
ha	369	11928	replicate-1
ha	370	11870	replicate-1
ha	371	11865	replicate-1
ha	372	11859	replicate-1
ha	373	11791	replicate-1
ha	374	11884	replicate-1
ha	375	11741	replicate-1
ha	376	11464	replicate-1
ha	377	11455	replicate-1
ha	378	11289	replicate-1
ha	379	11333	replicate-1
ha	380	11309	replicate-1
ha	381	11420	replicate-1
ha	382	11412	replicate-1
ha	383	11336	replicate-1
ha	384	11253	replicate-1
ha	385	11276	replicate-1
ha	386	11237	replicate-1
ha	387	11245	replicate-1
ha	388	11167	replicate-1
ha	389	11104	replicate-1
ha	390	10882	replicate-1
ha	391	10898	replicate-1
ha	392	10728	replicate-1
ha	393	10733	replicate-1
ha	394	10724	replicate-1
ha	395	10369	replicate-1
ha	396	10674	replicate-1
ha	397	10609	replicate-1
ha	398	10709	replicate-1
ha	399	10740	replicate-1
ha	400	10540	replicate-1
ha	401	10543	replicate-1
ha	402	10564	replicate-1
ha	403	10578	replicate-1
ha	404	10594	replicate-1
ha	405	10220	replicate-1
ha	406	10213	replicate-1
ha	407	10213	replicate-1
ha	408	10241	replicate-1
ha	409	10213	replicate-1
ha	410	10291	replicate-1
ha	411	10403	replicate-1
ha	412	10411	replicate-1
ha	413	10420	replicate-1
ha	414	10341	replicate-1
ha	415	10496	replicate-1
ha	416	10805	replicate-1
ha	417	10822	replicate-1
ha	418	10826	replicate-1
ha	419	10812	replicate-1
ha	420	10777	replicate-1
ha	421	10850	replicate-1
ha	422	10996	replicate-1
ha	423	11021	replicate-1
ha	424	10947	replicate-1
ha	425	10777	replicate-1
ha	426	11237	replicate-1
ha	427	11509	replicate-1
ha	428	11611	replicate-1
ha	429	11630	replicate-1
ha	430	11674	replicate-1
ha	431	11674	replicate-1
ha	432	11655	replicate-1
ha	433	11647	replicate-1
ha	434	11504	replicate-1
ha	435	11575	replicate-1
ha	436	11312	replicate-1
ha	437	11272	replicate-1
ha	438	11295	replicate-1
ha	439	11201	replicate-1
ha	440	11199	replicate-1
ha	441	11259	replicate-1
ha	442	11252	replicate-1
ha	443	11168	replicate-1
ha	444	11109	replicate-1
ha	445	11045	replicate-1
ha	446	11114	replicate-1
ha	447	11182	replicate-1
ha	448	11333	replicate-1
ha	449	11434	replicate-1
ha	450	11432	replicate-1
ha	451	11450	replicate-1
ha	452	11455	replicate-1
ha	453	11483	replicate-1
ha	454	11442	replicate-1
ha	455	11025	replicate-1
ha	456	11085	replicate-1
ha	457	10957	replicate-1
ha	458	11015	replicate-1
ha	459	11331	replicate-1
ha	460	11356	replicate-1
ha	461	11530	replicate-1
ha	462	11460	replicate-1
ha	463	11471	replicate-1
ha	464	11460	replicate-1
ha	465	11354	replicate-1
ha	466	11438	replicate-1
ha	467	11438	replicate-1
ha	468	10746	replicate-1
ha	469	10964	replicate-1
ha	470	10775	replicate-1
ha	471	10895	replicate-1
ha	472	10832	replicate-1
ha	473	10753	replicate-1
ha	474	10757	replicate-1
ha	475	10633	replicate-1
ha	476	10664	replicate-1
ha	477	10666	replicate-1
ha	478	10593	replicate-1
ha	479	10656	replicate-1
ha	480	10924	replicate-1
ha	481	10902	replicate-1
ha	482	10957	replicate-1
ha	483	10893	replicate-1
ha	484	11244	replicate-1
ha	485	11307	replicate-1
ha	486	11316	replicate-1
ha	487	11371	replicate-1
ha	488	11270	replicate-1
ha	489	10856	replicate-1
ha	490	10874	replicate-1
ha	491	10849	replicate-1
ha	492	10828	replicate-1
ha	493	10317	replicate-1
ha	494	10299	replicate-1
ha	495	10233	replicate-1
ha	496	10242	replicate-1
ha	497	10229	replicate-1
ha	498	10148	replicate-1
ha	499	10163	replicate-1
ha	500	10153	replicate-1
ha	501	10292	replicate-1
ha	502	10274	replicate-1
ha	503	10213	replicate-1
ha	504	10214	replicate-1
ha	505	10205	replicate-1
ha	506	10166	replicate-1
ha	507	10187	replicate-1
ha	508	10162	replicate-1
ha	509	10099	replicate-1
ha	510	10175	replicate-1
ha	511	10094	replicate-1
ha	512	10141	replicate-1
ha	513	10195	replicate-1
ha	514	10172	replicate-1
ha	515	10242	replicate-1
ha	516	10233	replicate-1
ha	517	10238	replicate-1
ha	518	10289	replicate-1
ha	519	10104	replicate-1
ha	520	10217	replicate-1
ha	521	10126	replicate-1
ha	522	10248	replicate-1
ha	523	10323	replicate-1
ha	524	10202	replicate-1
ha	525	10128	replicate-1
ha	526	10064	replicate-1
ha	527	10102	replicate-1
ha	528	10085	replicate-1
ha	529	10062	replicate-1
ha	530	10031	replicate-1
ha	531	9952	replicate-1
ha	532	9930	replicate-1
ha	533	9924	replicate-1
ha	534	9883	replicate-1
ha	535	9969	replicate-1
ha	536	9776	replicate-1
ha	537	9736	replicate-1
ha	538	9736	replicate-1
ha	539	9709	replicate-1
ha	540	10101	replicate-1
ha	541	10121	replicate-1
ha	542	10115	replicate-1
ha	543	10115	replicate-1
ha	544	10127	replicate-1
ha	545	10142	replicate-1
ha	546	10118	replicate-1
ha	547	10205	replicate-1
ha	548	10111	replicate-1
ha	549	9793	replicate-1
ha	550	9670	replicate-1
ha	551	9786	replicate-1
ha	552	10092	replicate-1
ha	553	9929	replicate-1
ha	554	9954	replicate-1
ha	555	9909	replicate-1
ha	556	9680	replicate-1
ha	557	9708	replicate-1
ha	558	9597	replicate-1
ha	559	9684	replicate-1
ha	560	9540	replicate-1
ha	561	9002	replicate-1
ha	562	8980	replicate-1
ha	563	9215	replicate-1
ha	564	9360	replicate-1
ha	565	9342	replicate-1
ha	566	9320	replicate-1
ha	567	9270	replicate-1
ha	568	10243	replicate-1
ha	569	10230	replicate-1
ha	570	10297	replicate-1
ha	571	10262	replicate-1
ha	572	9907	replicate-1
ha	573	9852	replicate-1
ha	574	9785	replicate-1
ha	575	9808	replicate-1
ha	576	9742	replicate-1
ha	577	9043	replicate-1
ha	578	9006	replicate-1
ha	579	9056	replicate-1
ha	580	9061	replicate-1
ha	581	9075	replicate-1
ha	582	9075	replicate-1
ha	583	9153	replicate-1
ha	584	9175	replicate-1
ha	585	9164	replicate-1
ha	586	9115	replicate-1
ha	587	9243	replicate-1
ha	588	9239	replicate-1
ha	589	9486	replicate-1
ha	590	9999	replicate-1
ha	591	10428	replicate-1
ha	592	10856	replicate-1
ha	593	10851	replicate-1
ha	594	10864	replicate-1
ha	595	10874	replicate-1
ha	596	10906	replicate-1
ha	597	10895	replicate-1
ha	598	10863	replicate-1
ha	599	10856	replicate-1
ha	600	10320	replicate-1
ha	601	10598	replicate-1
ha	602	10487	replicate-1
ha	603	10599	replicate-1
ha	604	10611	replicate-1
ha	605	10555	replicate-1
ha	606	10708	replicate-1
ha	607	10626	replicate-1
ha	608	10632	replicate-1
ha	609	10619	replicate-1
ha	610	10379	replicate-1
ha	611	10386	replicate-1
ha	612	10346	replicate-1
ha	613	10550	replicate-1
ha	614	10679	replicate-1
ha	615	10589	replicate-1
ha	616	10765	replicate-1
ha	617	10766	replicate-1
ha	618	11090	replicate-1
ha	619	11206	replicate-1
ha	620	11148	replicate-1
ha	621	11150	replicate-1
ha	622	11194	replicate-1
ha	623	11070	replicate-1
ha	624	11340	replicate-1
ha	625	11187	replicate-1
ha	626	11263	replicate-1
ha	627	11309	replicate-1
ha	628	11211	replicate-1
ha	629	11248	replicate-1
ha	630	11579	replicate-1
ha	631	11544	replicate-1
ha	632	11605	replicate-1
ha	633	11329	replicate-1
ha	634	11346	replicate-1
ha	635	11268	replicate-1
ha	636	11269	replicate-1
ha	637	11353	replicate-1
ha	638	11337	replicate-1
ha	639	11359	replicate-1
ha	640	11373	replicate-1
ha	641	11402	replicate-1
ha	642	11343	replicate-1
ha	643	11366	replicate-1
ha	644	11469	replicate-1
ha	645	11409	replicate-1
ha	646	11486	replicate-1
ha	647	11479	replicate-1
ha	648	11638	replicate-1
ha	649	11670	replicate-1
ha	650	11608	replicate-1
ha	651	11615	replicate-1
ha	652	11578	replicate-1
ha	653	11551	replicate-1
ha	654	11525	replicate-1
ha	655	11602	replicate-1
ha	656	11481	replicate-1
ha	657	11373	replicate-1
ha	658	11146	replicate-1
ha	659	11191	replicate-1
ha	660	11223	replicate-1
ha	661	11229	replicate-1
ha	662	10980	replicate-1
ha	663	11230	replicate-1
ha	664	11259	replicate-1
ha	665	11228	replicate-1
ha	666	11444	replicate-1
ha	667	11509	replicate-1
ha	668	11463	replicate-1
ha	669	11529	replicate-1
ha	670	11477	replicate-1
ha	671	11458	replicate-1
ha	672	11365	replicate-1
ha	673	11267	replicate-1
ha	674	11282	replicate-1
ha	675	11152	replicate-1
ha	676	11023	replicate-1
ha	677	11009	replicate-1
ha	678	11006	replicate-1
ha	679	11041	replicate-1
ha	680	11274	replicate-1
ha	681	11302	replicate-1
ha	682	11264	replicate-1
ha	683	11216	replicate-1
ha	684	11216	replicate-1
ha	685	11283	replicate-1
ha	686	11448	replicate-1
ha	687	11623	replicate-1
ha	688	11529	replicate-1
ha	689	11545	replicate-1
ha	690	11374	replicate-1
ha	691	11402	replicate-1
ha	692	11562	replicate-1
ha	693	11588	replicate-1
ha	694	11650	replicate-1
ha	695	11507	replicate-1
ha	696	11200	replicate-1
ha	697	11212	replicate-1
ha	698	11199	replicate-1
ha	699	11285	replicate-1
ha	700	11284	replicate-1
ha	701	11094	replicate-1
ha	702	11067	replicate-1
ha	703	10976	replicate-1
ha	704	11006	replicate-1
ha	705	11038	replicate-1
ha	706	11009	replicate-1
ha	707	11094	replicate-1
ha	708	11030	replicate-1
ha	709	11044	replicate-1
ha	710	11082	replicate-1
ha	711	11130	replicate-1
ha	712	11144	replicate-1
ha	713	11120	replicate-1
ha	714	11062	replicate-1
ha	715	11064	replicate-1
ha	716	11056	replicate-1
ha	717	10748	replicate-1
ha	718	10724	replicate-1
ha	719	10966	replicate-1
ha	720	10956	replicate-1
ha	721	10942	replicate-1
ha	722	10918	replicate-1
ha	723	10904	replicate-1
ha	724	11001	replicate-1
ha	725	10994	replicate-1
ha	726	10935	replicate-1
ha	727	10928	replicate-1
ha	728	10842	replicate-1
ha	729	10859	replicate-1
ha	730	10858	replicate-1
ha	731	10963	replicate-1
ha	732	10967	replicate-1
ha	733	10814	replicate-1
ha	734	10824	replicate-1
ha	735	10796	replicate-1
ha	736	10823	replicate-1
ha	737	10655	replicate-1
ha	738	10652	replicate-1
ha	739	10629	replicate-1
ha	740	10415	replicate-1
ha	741	10277	replicate-1
ha	742	10403	replicate-1
ha	743	10421	replicate-1
ha	744	10498	replicate-1
ha	745	10496	replicate-1
ha	746	10496	replicate-1
ha	747	10474	replicate-1
ha	748	10495	replicate-1
ha	749	10465	replicate-1
ha	750	10493	replicate-1
ha	751	10097	replicate-1
ha	752	10005	replicate-1
ha	753	9948	replicate-1
ha	754	9951	replicate-1
ha	755	10039	replicate-1
ha	756	9937	replicate-1
ha	757	9915	replicate-1
ha	758	9807	replicate-1
ha	759	9807	replicate-1
ha	760	10257	replicate-1
ha	761	10275	replicate-1
ha	762	10278	replicate-1
ha	763	10178	replicate-1
ha	764	10024	replicate-1
ha	765	10045	replicate-1
ha	766	10061	replicate-1
ha	767	10047	replicate-1
ha	768	10047	replicate-1
ha	769	9079	replicate-1
ha	770	9342	replicate-1
ha	771	9506	replicate-1
ha	772	9680	replicate-1
ha	773	9832	replicate-1
ha	774	9799	replicate-1
ha	775	9749	replicate-1
ha	776	9803	replicate-1
ha	777	9775	replicate-1
ha	778	9764	replicate-1
ha	779	9784	replicate-1
ha	780	9321	replicate-1
ha	781	9060	replicate-1
ha	782	9062	replicate-1
ha	783	9072	replicate-1
ha	784	9083	replicate-1
ha	785	9042	replicate-1
ha	786	9140	replicate-1
ha	787	9118	replicate-1
ha	788	9068	replicate-1
ha	789	9045	replicate-1
ha	790	8837	replicate-1
ha	791	8882	replicate-1
ha	792	8850	replicate-1
ha	793	8889	replicate-1
ha	794	8876	replicate-1
ha	795	8551	replicate-1
ha	796	8591	replicate-1
ha	797	8573	replicate-1
ha	798	8578	replicate-1
ha	799	8530	replicate-1
ha	800	8512	replicate-1
ha	801	8444	replicate-1
ha	802	8473	replicate-1
ha	803	8251	replicate-1
ha	804	8298	replicate-1
ha	805	8252	replicate-1
ha	806	8196	replicate-1
ha	807	8204	replicate-1
ha	808	8198	replicate-1
ha	809	8209	replicate-1
ha	810	8214	replicate-1
ha	811	8122	replicate-1
ha	812	8109	replicate-1
ha	813	7849	replicate-1
ha	814	7823	replicate-1
ha	815	7797	replicate-1
ha	816	7817	replicate-1
ha	817	7781	replicate-1
ha	818	7729	replicate-1
ha	819	7744	replicate-1
ha	820	7670	replicate-1
ha	821	8941	replicate-1
ha	822	9405	replicate-1
ha	823	9389	replicate-1
ha	824	9706	replicate-1
ha	825	9712	replicate-1
ha	826	9943	replicate-1
ha	827	10461	replicate-1
ha	828	10515	replicate-1
ha	829	10621	replicate-1
ha	830	10124	replicate-1
ha	831	10030	replicate-1
ha	832	10005	replicate-1
ha	833	9934	replicate-1
ha	834	9974	replicate-1
ha	835	10186	replicate-1
ha	836	9957	replicate-1
ha	837	9899	replicate-1
ha	838	9931	replicate-1
ha	839	9848	replicate-1
ha	840	9929	replicate-1
ha	841	9965	replicate-1
ha	842	10001	replicate-1
ha	843	9961	replicate-1
ha	844	9795	replicate-1
ha	845	9981	replicate-1
ha	846	9964	replicate-1
ha	847	10077	replicate-1
ha	848	10083	replicate-1
ha	849	10116	replicate-1
ha	850	10327	replicate-1
ha	851	10401	replicate-1
ha	852	10411	replicate-1
ha	853	10394	replicate-1
ha	854	10360	replicate-1
ha	855	10387	replicate-1
ha	856	10438	replicate-1
ha	857	10461	replicate-1
ha	858	10422	replicate-1
ha	859	10620	replicate-1
ha	860	10474	replicate-1
ha	861	10755	replicate-1
ha	862	10730	replicate-1
ha	863	10744	replicate-1
ha	864	10833	replicate-1
ha	865	10720	replicate-1
ha	866	11061	replicate-1
ha	867	11042	replicate-1
ha	868	10927	replicate-1
ha	869	10999	replicate-1
ha	870	10806	replicate-1
ha	871	10968	replicate-1
ha	872	10964	replicate-1
ha	873	10940	replicate-1
ha	874	10955	replicate-1
ha	875	10602	replicate-1
ha	876	10755	replicate-1
ha	877	10707	replicate-1
ha	878	10734	replicate-1
ha	879	10890	replicate-1
ha	880	10769	replicate-1
ha	881	10953	replicate-1
ha	882	10929	replicate-1
ha	883	11200	replicate-1
ha	884	12224	replicate-1
ha	885	12477	replicate-1
ha	886	12514	replicate-1
ha	887	12478	replicate-1
ha	888	12346	replicate-1
ha	889	12344	replicate-1
ha	890	12321	replicate-1
ha	891	12340	replicate-1
ha	892	12184	replicate-1
ha	893	11778	replicate-1
ha	894	11343	replicate-1
ha	895	11868	replicate-1
ha	896	11921	replicate-1
ha	897	12010	replicate-1
ha	898	12005	replicate-1
ha	899	11789	replicate-1
ha	900	11803	replicate-1
ha	901	11910	replicate-1
ha	902	11880	replicate-1
ha	903	11985	replicate-1
ha	904	11496	replicate-1
ha	905	11474	replicate-1
ha	906	11420	replicate-1
ha	907	11484	replicate-1
ha	908	11666	replicate-1
ha	909	11831	replicate-1
ha	910	11674	replicate-1
ha	911	11521	replicate-1
ha	912	11473	replicate-1
ha	913	11494	replicate-1
ha	914	11551	replicate-1
ha	915	12057	replicate-1
ha	916	11992	replicate-1
ha	917	11844	replicate-1
ha	918	11843	replicate-1
ha	919	11815	replicate-1
ha	920	11820	replicate-1
ha	921	11783	replicate-1
ha	922	11729	replicate-1
ha	923	11626	replicate-1
ha	924	11162	replicate-1
ha	925	11057	replicate-1
ha	926	11072	replicate-1
ha	927	11095	replicate-1
ha	928	11153	replicate-1
ha	929	11217	replicate-1
ha	930	11205	replicate-1
ha	931	11533	replicate-1
ha	932	11518	replicate-1
ha	933	11671	replicate-1
ha	934	11769	replicate-1
ha	935	11772	replicate-1
ha	936	12104	replicate-1
ha	937	12112	replicate-1
ha	938	12155	replicate-1
ha	939	12194	replicate-1
ha	940	12049	replicate-1
ha	941	12169	replicate-1
ha	942	12070	replicate-1
ha	943	12053	replicate-1
ha	944	12820	replicate-1
ha	945	12743	replicate-1
ha	946	12846	replicate-1
ha	947	13008	replicate-1
ha	948	13024	replicate-1
ha	949	13438	replicate-1
ha	950	13389	replicate-1
ha	951	13425	replicate-1
ha	952	13510	replicate-1
ha	953	13363	replicate-1
ha	954	14565	replicate-1
ha	955	14757	replicate-1
ha	956	14809	replicate-1
ha	957	15084	replicate-1
ha	958	14889	replicate-1
ha	959	14974	replicate-1
ha	960	14844	replicate-1
ha	961	15049	replicate-1
ha	962	15324	replicate-1
ha	963	15079	replicate-1
ha	964	15139	replicate-1
ha	965	15165	replicate-1
ha	966	15070	replicate-1
ha	967	15266	replicate-1
ha	968	15255	replicate-1
ha	969	16524	replicate-1
ha	970	16465	replicate-1
ha	971	16405	replicate-1
ha	972	16205	replicate-1
ha	973	16104	replicate-1
ha	974	16152	replicate-1
ha	975	16126	replicate-1
ha	976	16102	replicate-1
ha	977	16059	replicate-1
ha	978	15471	replicate-1
ha	979	15483	replicate-1
ha	980	15392	replicate-1
ha	981	15669	replicate-1
ha	982	16003	replicate-1
ha	983	16027	replicate-1
ha	984	16090	replicate-1
ha	985	16025	replicate-1
ha	986	16288	replicate-1
ha	987	16381	replicate-1
ha	988	16540	replicate-1
ha	989	16680	replicate-1
ha	990	16763	replicate-1
ha	991	16586	replicate-1
ha	992	16565	replicate-1
ha	993	16539	replicate-1
ha	994	16590	replicate-1
ha	995	16681	replicate-1
ha	996	16674	replicate-1
ha	997	16901	replicate-1
ha	998	16946	replicate-1
ha	999	17053	replicate-1
ha	1000	17064	replicate-1
ha	1001	17110	replicate-1
ha	1002	17090	replicate-1
ha	1003	17182	replicate-1
ha	1004	17274	replicate-1
ha	1005	17384	replicate-1
ha	1006	17363	replicate-1
ha	1007	17331	replicate-1
ha	1008	17527	replicate-1
ha	1009	17660	replicate-1
ha	1010	17780	replicate-1
ha	1011	17745	replicate-1
ha	1012	17967	replicate-1
ha	1013	17814	replicate-1
ha	1014	17826	replicate-1
ha	1015	17825	replicate-1
ha	1016	17830	replicate-1
ha	1017	17812	replicate-1
ha	1018	17834	replicate-1
ha	1019	17700	replicate-1
ha	1020	17662	replicate-1
ha	1021	17510	replicate-1
ha	1022	17604	replicate-1
ha	1023	17663	replicate-1
ha	1024	17906	replicate-1
ha	1025	17944	replicate-1
ha	1026	17869	replicate-1
ha	1027	18178	replicate-1
ha	1028	18155	replicate-1
ha	1029	18492	replicate-1
ha	1030	18532	replicate-1
ha	1031	18368	replicate-1
ha	1032	18257	replicate-1
ha	1033	17971	replicate-1
ha	1034	17685	replicate-1
ha	1035	17604	replicate-1
ha	1036	17290	replicate-1
ha	1037	17433	replicate-1
ha	1038	17365	replicate-1
ha	1039	17249	replicate-1
ha	1040	17217	replicate-1
ha	1041	17156	replicate-1
ha	1042	17191	replicate-1
ha	1043	17225	replicate-1
ha	1044	17286	replicate-1
ha	1045	17113	replicate-1
ha	1046	17019	replicate-1
ha	1047	16711	replicate-1
ha	1048	16697	replicate-1
ha	1049	16714	replicate-1
ha	1050	16679	replicate-1
ha	1051	16709	replicate-1
ha	1052	16655	replicate-1
ha	1053	16808	replicate-1
ha	1054	16772	replicate-1
ha	1055	16714	replicate-1
ha	1056	16836	replicate-1
ha	1057	16971	replicate-1
ha	1058	16914	replicate-1
ha	1059	16979	replicate-1
ha	1060	16886	replicate-1
ha	1061	16864	replicate-1
ha	1062	16922	replicate-1
ha	1063	16706	replicate-1
ha	1064	16815	replicate-1
ha	1065	16739	replicate-1
ha	1066	16509	replicate-1
ha	1067	16455	replicate-1
ha	1068	16394	replicate-1
ha	1069	16844	replicate-1
ha	1070	16751	replicate-1
ha	1071	16691	replicate-1
ha	1072	16689	replicate-1
ha	1073	16572	replicate-1
ha	1074	16591	replicate-1
ha	1075	16635	replicate-1
ha	1076	16748	replicate-1
ha	1077	16664	replicate-1
ha	1078	16331	replicate-1
ha	1079	16544	replicate-1
ha	1080	16590	replicate-1
ha	1081	16967	replicate-1
ha	1082	16933	replicate-1
ha	1083	16818	replicate-1
ha	1084	16629	replicate-1
ha	1085	17769	replicate-1
ha	1086	18843	replicate-1
ha	1087	19118	replicate-1
ha	1088	18884	replicate-1
ha	1089	18876	replicate-1
ha	1090	19002	replicate-1
ha	1091	19097	replicate-1
ha	1092	19018	replicate-1
ha	1093	18862	replicate-1
ha	1094	18891	replicate-1
ha	1095	16055	replicate-1
ha	1096	15986	replicate-1
ha	1097	15887	replicate-1
ha	1098	15951	replicate-1
ha	1099	15782	replicate-1
ha	1100	15765	replicate-1
ha	1101	15739	replicate-1
ha	1102	15707	replicate-1
ha	1103	15649	replicate-1
ha	1104	15659	replicate-1
ha	1105	15386	replicate-1
ha	1106	15267	replicate-1
ha	1107	15075	replicate-1
ha	1108	15144	replicate-1
ha	1109	15282	replicate-1
ha	1110	15482	replicate-1
ha	1111	15435	replicate-1
ha	1112	15327	replicate-1
ha	1113	15273	replicate-1
ha	1114	15475	replicate-1
ha	1115	15662	replicate-1
ha	1116	15647	replicate-1
ha	1117	15563	replicate-1
ha	1118	15571	replicate-1
ha	1119	15497	replicate-1
ha	1120	15391	replicate-1
ha	1121	15614	replicate-1
ha	1122	15761	replicate-1
ha	1123	15542	replicate-1
ha	1124	15432	replicate-1
ha	1125	15700	replicate-1
ha	1126	16377	replicate-1
ha	1127	16492	replicate-1
ha	1128	16622	replicate-1
ha	1129	16641	replicate-1
ha	1130	16993	replicate-1
ha	1131	17138	replicate-1
ha	1132	17108	replicate-1
ha	1133	17021	replicate-1
ha	1134	16832	replicate-1
ha	1135	16904	replicate-1
ha	1136	16648	replicate-1
ha	1137	16687	replicate-1
ha	1138	17518	replicate-1
ha	1139	17198	replicate-1
ha	1140	16954	replicate-1
ha	1141	16949	replicate-1
ha	1142	16996	replicate-1
ha	1143	17563	replicate-1
ha	1144	17414	replicate-1
ha	1145	17123	replicate-1
ha	1146	17124	replicate-1
ha	1147	16691	replicate-1
ha	1148	17263	replicate-1
ha	1149	17876	replicate-1
ha	1150	18082	replicate-1
ha	1151	18099	replicate-1
ha	1152	17698	replicate-1
ha	1153	17970	replicate-1
ha	1154	18012	replicate-1
ha	1155	18138	replicate-1
ha	1156	18232	replicate-1
ha	1157	17940	replicate-1
ha	1158	18198	replicate-1
ha	1159	18126	replicate-1
ha	1160	18524	replicate-1
ha	1161	18648	replicate-1
ha	1162	18700	replicate-1
ha	1163	18513	replicate-1
ha	1164	18419	replicate-1
ha	1165	18340	replicate-1
ha	1166	18336	replicate-1
ha	1167	18391	replicate-1
ha	1168	18039	replicate-1
ha	1169	18155	replicate-1
ha	1170	18075	replicate-1
ha	1171	18103	replicate-1
ha	1172	18320	replicate-1
ha	1173	18301	replicate-1
ha	1174	18530	replicate-1
ha	1175	18439	replicate-1
ha	1176	18423	replicate-1
ha	1177	18400	replicate-1
ha	1178	18542	replicate-1
ha	1179	18348	replicate-1
ha	1180	18236	replicate-1
ha	1181	18143	replicate-1
ha	1182	18175	replicate-1
ha	1183	18070	replicate-1
ha	1184	18100	replicate-1
ha	1185	18545	replicate-1
ha	1186	18546	replicate-1
ha	1187	18503	replicate-1
ha	1188	18447	replicate-1
ha	1189	18491	replicate-1
ha	1190	18492	replicate-1
ha	1191	18695	replicate-1
ha	1192	18952	replicate-1
ha	1193	19346	replicate-1
ha	1194	19288	replicate-1
ha	1195	19088	replicate-1
ha	1196	19341	replicate-1
ha	1197	20346	replicate-1
ha	1198	20395	replicate-1
ha	1199	20455	replicate-1
ha	1200	20396	replicate-1
ha	1201	20249	replicate-1
ha	1202	20078	replicate-1
ha	1203	20553	replicate-1
ha	1204	20508	replicate-1
ha	1205	20823	replicate-1
ha	1206	20187	replicate-1
ha	1207	20182	replicate-1
ha	1208	20313	replicate-1
ha	1209	20990	replicate-1
ha	1210	21092	replicate-1
ha	1211	21123	replicate-1
ha	1212	20825	replicate-1
ha	1213	20778	replicate-1
ha	1214	20700	replicate-1
ha	1215	20737	replicate-1
ha	1216	21113	replicate-1
ha	1217	21161	replicate-1
ha	1218	20675	replicate-1
ha	1219	20459	replicate-1
ha	1220	20349	replicate-1
ha	1221	20827	replicate-1
ha	1222	20941	replicate-1
ha	1223	20918	replicate-1
ha	1224	20963	replicate-1
ha	1225	20642	replicate-1
ha	1226	21053	replicate-1
ha	1227	21036	replicate-1
ha	1228	21024	replicate-1
ha	1229	21027	replicate-1
ha	1230	20707	replicate-1
ha	1231	20639	replicate-1
ha	1232	20805	replicate-1
ha	1233	20764	replicate-1
ha	1234	20888	replicate-1
ha	1235	20567	replicate-1
ha	1236	20355	replicate-1
ha	1237	20637	replicate-1
ha	1238	20783	replicate-1
ha	1239	20889	replicate-1
ha	1240	20902	replicate-1
ha	1241	20944	replicate-1
ha	1242	20833	replicate-1
ha	1243	20979	replicate-1
ha	1244	20784	replicate-1
ha	1245	20893	replicate-1
ha	1246	20616	replicate-1
ha	1247	20797	replicate-1
ha	1248	20677	replicate-1
ha	1249	21483	replicate-1
ha	1250	21410	replicate-1
ha	1251	21370	replicate-1
ha	1252	21225	replicate-1
ha	1253	21187	replicate-1
ha	1254	21050	replicate-1
ha	1255	21053	replicate-1
ha	1256	20927	replicate-1
ha	1257	20897	replicate-1
ha	1258	20209	replicate-1
ha	1259	20916	replicate-1
ha	1260	20917	replicate-1
ha	1261	20890	replicate-1
ha	1262	20967	replicate-1
ha	1263	21020	replicate-1
ha	1264	21028	replicate-1
ha	1265	20885	replicate-1
ha	1266	20838	replicate-1
ha	1267	20811	replicate-1
ha	1268	21188	replicate-1
ha	1269	20270	replicate-1
ha	1270	20890	replicate-1
ha	1271	20837	replicate-1
ha	1272	20765	replicate-1
ha	1273	20927	replicate-1
ha	1274	20994	replicate-1
ha	1275	20993	replicate-1
ha	1276	20870	replicate-1
ha	1277	20259	replicate-1
ha	1278	20541	replicate-1
ha	1279	20857	replicate-1
ha	1280	20690	replicate-1
ha	1281	20671	replicate-1
ha	1282	20533	replicate-1
ha	1283	20700	replicate-1
ha	1284	20724	replicate-1
ha	1285	20800	replicate-1
ha	1286	20682	replicate-1
ha	1287	20707	replicate-1
ha	1288	20917	replicate-1
ha	1289	20208	replicate-1
ha	1290	20872	replicate-1
ha	1291	21094	replicate-1
ha	1292	21066	replicate-1
ha	1293	21046	replicate-1
ha	1294	20776	replicate-1
ha	1295	20880	replicate-1
ha	1296	20758	replicate-1
ha	1297	20995	replicate-1
ha	1298	21488	replicate-1
ha	1299	20922	replicate-1
ha	1300	20825	replicate-1
ha	1301	20802	replicate-1
ha	1302	20966	replicate-1
ha	1303	21074	replicate-1
ha	1304	20982	replicate-1
ha	1305	20954	replicate-1
ha	1306	20981	replicate-1
ha	1307	21131	replicate-1
ha	1308	21449	replicate-1
ha	1309	21542	replicate-1
ha	1310	21596	replicate-1
ha	1311	21590	replicate-1
ha	1312	21482	replicate-1
ha	1313	21778	replicate-1
ha	1314	21857	replicate-1
ha	1315	21882	replicate-1
ha	1316	21983	replicate-1
ha	1317	21825	replicate-1
ha	1318	21717	replicate-1
ha	1319	21810	replicate-1
ha	1320	21848	replicate-1
ha	1321	22022	replicate-1
ha	1322	21910	replicate-1
ha	1323	22242	replicate-1
ha	1324	22290	replicate-1
ha	1325	22466	replicate-1
ha	1326	23143	replicate-1
ha	1327	23500	replicate-1
ha	1328	23511	replicate-1
ha	1329	23513	replicate-1
ha	1330	23484	replicate-1
ha	1331	23510	replicate-1
ha	1332	23377	replicate-1
ha	1333	23831	replicate-1
ha	1334	24158	replicate-1
ha	1335	23783	replicate-1
ha	1336	23772	replicate-1
ha	1337	23652	replicate-1
ha	1338	23753	replicate-1
ha	1339	24304	replicate-1
ha	1340	24288	replicate-1
ha	1341	24753	replicate-1
ha	1342	25128	replicate-1
ha	1343	24898	replicate-1
ha	1344	25280	replicate-1
ha	1345	25292	replicate-1
ha	1346	25294	replicate-1
ha	1347	25596	replicate-1
ha	1348	24830	replicate-1
ha	1349	24814	replicate-1
ha	1350	24751	replicate-1
ha	1351	24021	replicate-1
ha	1352	24176	replicate-1
ha	1353	24313	replicate-1
ha	1354	24367	replicate-1
ha	1355	24679	replicate-1
ha	1356	24706	replicate-1
ha	1357	24778	replicate-1
ha	1358	24408	replicate-1
ha	1359	24429	replicate-1
ha	1360	24488	replicate-1
ha	1361	24541	replicate-1
ha	1362	24450	replicate-1
ha	1363	24700	replicate-1
ha	1364	24476	replicate-1
ha	1365	24434	replicate-1
ha	1366	24500	replicate-1
ha	1367	24576	replicate-1
ha	1368	24697	replicate-1
ha	1369	24710	replicate-1
ha	1370	24925	replicate-1
ha	1371	24935	replicate-1
ha	1372	24830	replicate-1
ha	1373	24939	replicate-1
ha	1374	25015	replicate-1
ha	1375	25216	replicate-1
ha	1376	25198	replicate-1
ha	1377	25066	replicate-1
ha	1378	25202	replicate-1
ha	1379	25152	replicate-1
ha	1380	25352	replicate-1
ha	1381	25617	replicate-1
ha	1382	25684	replicate-1
ha	1383	26308	replicate-1
ha	1384	26090	replicate-1
ha	1385	26451	replicate-1
ha	1386	26453	replicate-1
ha	1387	26574	replicate-1
ha	1388	26493	replicate-1
ha	1389	26526	replicate-1
ha	1390	26386	replicate-1
ha	1391	26249	replicate-1
ha	1392	25853	replicate-1
ha	1393	25923	replicate-1
ha	1394	25716	replicate-1
ha	1395	25707	replicate-1
ha	1396	25575	replicate-1
ha	1397	25572	replicate-1
ha	1398	26158	replicate-1
ha	1399	26291	replicate-1
ha	1400	26161	replicate-1
ha	1401	26337	replicate-1
ha	1402	26398	replicate-1
ha	1403	26469	replicate-1
ha	1404	26940	replicate-1
ha	1405	27041	replicate-1
ha	1406	27573	replicate-1
ha	1407	27478	replicate-1
ha	1408	27490	replicate-1
ha	1409	27467	replicate-1
ha	1410	27161	replicate-1
ha	1411	27211	replicate-1
ha	1412	27047	replicate-1
ha	1413	26926	replicate-1
ha	1414	27368	replicate-1
ha	1415	27226	replicate-1
ha	1416	26948	replicate-1
ha	1417	26932	replicate-1
ha	1418	26877	replicate-1
ha	1419	26815	replicate-1
ha	1420	26712	replicate-1
ha	1421	26686	replicate-1
ha	1422	26790	replicate-1
ha	1423	26701	replicate-1
ha	1424	26107	replicate-1
ha	1425	26172	replicate-1
ha	1426	26235	replicate-1
ha	1427	26569	replicate-1
ha	1428	26552	replicate-1
ha	1429	26044	replicate-1
ha	1430	25962	replicate-1
ha	1431	26481	replicate-1
ha	1432	26571	replicate-1
ha	1433	26638	replicate-1
ha	1434	26491	replicate-1
ha	1435	26322	replicate-1
ha	1436	26257	replicate-1
ha	1437	25700	replicate-1
ha	1438	26342	replicate-1
ha	1439	26209	replicate-1
ha	1440	25602	replicate-1
ha	1441	25612	replicate-1
ha	1442	25458	replicate-1
ha	1443	25645	replicate-1
ha	1444	25924	replicate-1
ha	1445	25923	replicate-1
ha	1446	25840	replicate-1
ha	1447	24785	replicate-1
ha	1448	23940	replicate-1
ha	1449	24899	replicate-1
ha	1450	24925	replicate-1
ha	1451	25067	replicate-1
ha	1452	25058	replicate-1
ha	1453	24230	replicate-1
ha	1454	24217	replicate-1
ha	1455	24218	replicate-1
ha	1456	24321	replicate-1
ha	1457	24398	replicate-1
ha	1458	22851	replicate-1
ha	1459	22868	replicate-1
ha	1460	22867	replicate-1
ha	1461	22693	replicate-1
ha	1462	23234	replicate-1
ha	1463	23349	replicate-1
ha	1464	23308	replicate-1
ha	1465	23145	replicate-1
ha	1466	22880	replicate-1
ha	1467	22816	replicate-1
ha	1468	22769	replicate-1
ha	1469	22745	replicate-1
ha	1470	22725	replicate-1
ha	1471	22209	replicate-1
ha	1472	21848	replicate-1
ha	1473	22201	replicate-1
ha	1474	22170	replicate-1
ha	1475	22309	replicate-1
ha	1476	22275	replicate-1
ha	1477	21883	replicate-1
ha	1478	21913	replicate-1
ha	1479	21861	replicate-1
ha	1480	21925	replicate-1
ha	1481	22110	replicate-1
ha	1482	21753	replicate-1
ha	1483	21638	replicate-1
ha	1484	21303	replicate-1
ha	1485	21548	replicate-1
ha	1486	21712	replicate-1
ha	1487	21633	replicate-1
ha	1488	21609	replicate-1
ha	1489	21578	replicate-1
ha	1490	21472	replicate-1
ha	1491	21382	replicate-1
ha	1492	21227	replicate-1
ha	1493	21064	replicate-1
ha	1494	21465	replicate-1
ha	1495	21081	replicate-1
ha	1496	21267	replicate-1
ha	1497	21351	replicate-1
ha	1498	21267	replicate-1
ha	1499	21272	replicate-1
ha	1500	21428	replicate-1
ha	1501	21270	replicate-1
ha	1502	21365	replicate-1
ha	1503	20658	replicate-1
ha	1504	20730	replicate-1
ha	1505	20872	replicate-1
ha	1506	20947	replicate-1
ha	1507	20939	replicate-1
ha	1508	20951	replicate-1
ha	1509	21012	replicate-1
ha	1510	20923	replicate-1
ha	1511	20886	replicate-1
ha	1512	20525	replicate-1
ha	1513	20372	replicate-1
ha	1514	19610	replicate-1
ha	1515	19923	replicate-1
ha	1516	19150	replicate-1
ha	1517	19256	replicate-1
ha	1518	19115	replicate-1
ha	1519	19195	replicate-1
ha	1520	19172	replicate-1
ha	1521	19312	replicate-1
ha	1522	19382	replicate-1
ha	1523	19345	replicate-1
ha	1524	18670	replicate-1
ha	1525	18465	replicate-1
ha	1526	18316	replicate-1
ha	1527	18371	replicate-1
ha	1528	18341	replicate-1
ha	1529	18565	replicate-1
ha	1530	18253	replicate-1
ha	1531	18275	replicate-1
ha	1532	18325	replicate-1
ha	1533	18249	replicate-1
ha	1534	18686	replicate-1
ha	1535	18644	replicate-1
ha	1536	18569	replicate-1
ha	1537	18540	replicate-1
ha	1538	18211	replicate-1
ha	1539	18330	replicate-1
ha	1540	18295	replicate-1
ha	1541	18431	replicate-1
ha	1542	18390	replicate-1
ha	1543	18039	replicate-1
ha	1544	18199	replicate-1
ha	1545	18092	replicate-1
ha	1546	18734	replicate-1
ha	1547	18686	replicate-1
ha	1548	18638	replicate-1
ha	1549	18514	replicate-1
ha	1550	18137	replicate-1
ha	1551	18178	replicate-1
ha	1552	17875	replicate-1
ha	1553	18017	replicate-1
ha	1554	18068	replicate-1
ha	1555	16644	replicate-1
ha	1556	16592	replicate-1
ha	1557	16213	replicate-1
ha	1558	16190	replicate-1
ha	1559	16192	replicate-1
ha	1560	16182	replicate-1
ha	1561	16130	replicate-1
ha	1562	15910	replicate-1
ha	1563	16011	replicate-1
ha	1564	16489	replicate-1
ha	1565	16390	replicate-1
ha	1566	16286	replicate-1
ha	1567	16246	replicate-1
ha	1568	16318	replicate-1
ha	1569	16299	replicate-1
ha	1570	16236	replicate-1
ha	1571	15908	replicate-1
ha	1572	16021	replicate-1
ha	1573	15549	replicate-1
ha	1574	15623	replicate-1
ha	1575	15627	replicate-1
ha	1576	15617	replicate-1
ha	1577	15960	replicate-1
ha	1578	15989	replicate-1
ha	1579	16053	replicate-1
ha	1580	16022	replicate-1
ha	1581	15787	replicate-1
ha	1582	15709	replicate-1
ha	1583	15560	replicate-1
ha	1584	15579	replicate-1
ha	1585	15613	replicate-1
ha	1586	15056	replicate-1
ha	1587	15170	replicate-1
ha	1588	15005	replicate-1
ha	1589	15014	replicate-1
ha	1590	15023	replicate-1
ha	1591	15093	replicate-1
ha	1592	15118	replicate-1
ha	1593	15121	replicate-1
ha	1594	15144	replicate-1
ha	1595	15084	replicate-1
ha	1596	14837	replicate-1
ha	1597	14574	replicate-1
ha	1598	14525	replicate-1
ha	1599	14487	replicate-1
ha	1600	14344	replicate-1
ha	1601	14226	replicate-1
ha	1602	14722	replicate-1
ha	1603	14807	replicate-1
ha	1604	14924	replicate-1
ha	1605	14945	replicate-1
ha	1606	14946	replicate-1
ha	1607	14941	replicate-1
ha	1608	15165	replicate-1
ha	1609	15132	replicate-1
ha	1610	15133	replicate-1
ha	1611	15028	replicate-1
ha	1612	14523	replicate-1
ha	1613	14662	replicate-1
ha	1614	15232	replicate-1
ha	1615	15282	replicate-1
ha	1616	15236	replicate-1
ha	1617	14780	replicate-1
ha	1618	14846	replicate-1
ha	1619	14811	replicate-1
ha	1620	14734	replicate-1
ha	1621	14592	replicate-1
ha	1622	14680	replicate-1
ha	1623	13980	replicate-1
ha	1624	14105	replicate-1
ha	1625	14290	replicate-1
ha	1626	14520	replicate-1
ha	1627	14465	replicate-1
ha	1628	14487	replicate-1
ha	1629	14538	replicate-1
ha	1630	14762	replicate-1
ha	1631	14454	replicate-1
ha	1632	14743	replicate-1
ha	1633	14683	replicate-1
ha	1634	14630	replicate-1
ha	1635	14647	replicate-1
ha	1636	14506	replicate-1
ha	1637	14444	replicate-1
ha	1638	14454	replicate-1
ha	1639	14063	replicate-1
ha	1640	14060	replicate-1
ha	1641	13909	replicate-1
ha	1642	13939	replicate-1
ha	1643	13933	replicate-1
ha	1644	13806	replicate-1
ha	1645	13829	replicate-1
ha	1646	13818	replicate-1
ha	1647	13932	replicate-1
ha	1648	13934	replicate-1
ha	1649	13920	replicate-1
ha	1650	14262	replicate-1
ha	1651	14198	replicate-1
ha	1652	14116	replicate-1
ha	1653	14112	replicate-1
ha	1654	14101	replicate-1
ha	1655	14120	replicate-1
ha	1656	13825	replicate-1
ha	1657	13607	replicate-1
ha	1658	13537	replicate-1
ha	1659	13159	replicate-1
ha	1660	13296	replicate-1
ha	1661	13308	replicate-1
ha	1662	13327	replicate-1
ha	1663	13296	replicate-1
ha	1664	13236	replicate-1
ha	1665	13233	replicate-1
ha	1666	13300	replicate-1
ha	1667	13281	replicate-1
ha	1668	13256	replicate-1
ha	1669	13120	replicate-1
ha	1670	13000	replicate-1
ha	1671	12968	replicate-1
ha	1672	12926	replicate-1
ha	1673	12900	replicate-1
ha	1674	12846	replicate-1
ha	1675	12468	replicate-1
ha	1676	12653	replicate-1
ha	1677	12857	replicate-1
ha	1678	12811	replicate-1
ha	1679	12751	replicate-1
ha	1680	12668	replicate-1
ha	1681	13067	replicate-1
ha	1682	13039	replicate-1
ha	1683	12961	replicate-1
ha	1684	12815	replicate-1
ha	1685	12527	replicate-1
ha	1686	12141	replicate-1
ha	1687	12115	replicate-1
ha	1688	12105	replicate-1
ha	1689	12069	replicate-1
ha	1690	11595	replicate-1
ha	1691	11265	replicate-1
ha	1692	10812	replicate-1
ha	1693	10832	replicate-1
ha	1694	10382	replicate-1
ha	1695	10475	replicate-1
ha	1696	10350	replicate-1
ha	1697	10342	replicate-1
ha	1698	10354	replicate-1
ha	1699	10250	replicate-1
ha	1700	10217	replicate-1
ha	1701	10215	replicate-1
ha	1702	10121	replicate-1
ha	1703	10114	replicate-1
ha	1704	9912	replicate-1
ha	1705	9804	replicate-1
ha	1706	9782	replicate-1
ha	1707	9630	replicate-1
ha	1708	9635	replicate-1
ha	1709	9721	replicate-1
ha	1710	9735	replicate-1
ha	1711	9750	replicate-1
ha	1712	9735	replicate-1
ha	1713	8848	replicate-1
ha	1714	8928	replicate-1
ha	1715	8730	replicate-1
ha	1716	8749	replicate-1
ha	1717	8750	replicate-1
ha	1718	8391	replicate-1
ha	1719	8418	replicate-1
ha	1720	8372	replicate-1
ha	1721	8352	replicate-1
ha	1722	8324	replicate-1
ha	1723	7678	replicate-1
ha	1724	7646	replicate-1
ha	1725	7602	replicate-1
ha	1726	7587	replicate-1
ha	1727	7562	replicate-1
ha	1728	7269	replicate-1
ha	1729	7212	replicate-1
ha	1730	7177	replicate-1
ha	1731	7130	replicate-1
ha	1732	7125	replicate-1
ha	1733	7111	replicate-1
ha	1734	6961	replicate-1
ha	1735	6860	replicate-1
ha	1736	6815	replicate-1
ha	1737	6793	replicate-1
ha	1738	6752	replicate-1
ha	1739	6735	replicate-1
ha	1740	6524	replicate-1
ha	1741	6493	replicate-1
ha	1742	6454	replicate-1
ha	1743	6398	replicate-1
ha	1744	6381	replicate-1
ha	1745	6282	replicate-1
ha	1746	6282	replicate-1
ha	1747	6262	replicate-1
ha	1748	6241	replicate-1
ha	1749	6154	replicate-1
ha	1750	5891	replicate-1
ha	1751	5763	replicate-1
ha	1752	5669	replicate-1
ha	1753	5593	replicate-1
ha	1754	5391	replicate-1
ha	1755	4929	replicate-1
ha	1756	4895	replicate-1
ha	1757	4859	replicate-1
ha	1758	4832	replicate-1
ha	1759	4593	replicate-1
ha	1760	4549	replicate-1
ha	1761	4509	replicate-1
ha	1762	3868	replicate-1
ha	1763	3845	replicate-1
ha	1764	3714	replicate-1
ha	1765	3650	replicate-1
ha	1766	3599	replicate-1
ha	1767	3543	replicate-1
ha	1768	3533	replicate-1
ha	1769	3481	replicate-1
ha	1770	3437	replicate-1
ha	1771	3391	replicate-1
ha	1772	2550	replicate-1
ha	1773	2428	replicate-1
ha	1774	2347	replicate-1
ha	1775	2333	replicate-1
ha	1776	473	replicate-1
mp	1	59	replicate-1
mp	2	68	replicate-1
mp	3	68	replicate-1
mp	4	68	replicate-1
mp	5	73	replicate-1
mp	6	74	replicate-1
mp	7	84	replicate-1
mp	8	86	replicate-1
mp	9	94	replicate-1
mp	10	95	replicate-1
mp	11	113	replicate-1
mp	12	114	replicate-1
mp	13	114	replicate-1
mp	14	114	replicate-1
mp	15	117	replicate-1
mp	16	121	replicate-1
mp	17	122	replicate-1
mp	18	130	replicate-1
mp	19	131	replicate-1
mp	20	131	replicate-1
mp	21	132	replicate-1
mp	22	133	replicate-1
mp	23	139	replicate-1
mp	24	141	replicate-1
mp	25	143	replicate-1
mp	26	144	replicate-1
mp	27	146	replicate-1
mp	28	147	replicate-1
mp	29	147	replicate-1
mp	30	164	replicate-1
mp	31	169	replicate-1
mp	32	182	replicate-1
mp	33	191	replicate-1
mp	34	191	replicate-1
mp	35	191	replicate-1
mp	36	193	replicate-1
mp	37	200	replicate-1
mp	38	202	replicate-1
mp	39	202	replicate-1
mp	40	202	replicate-1
mp	41	202	replicate-1
mp	42	203	replicate-1
mp	43	205	replicate-1
mp	44	208	replicate-1
mp	45	208	replicate-1
mp	46	210	replicate-1
mp	47	210	replicate-1
mp	48	217	replicate-1
mp	49	218	replicate-1
mp	50	218	replicate-1
mp	51	219	replicate-1
mp	52	219	replicate-1
mp	53	219	replicate-1
mp	54	221	replicate-1
mp	55	223	replicate-1
mp	56	226	replicate-1
mp	57	227	replicate-1
mp	58	237	replicate-1
mp	59	251	replicate-1
mp	60	249	replicate-1
mp	61	260	replicate-1
mp	62	260	replicate-1
mp	63	273	replicate-1
mp	64	273	replicate-1
mp	65	277	replicate-1
mp	66	278	replicate-1
mp	67	276	replicate-1
mp	68	276	replicate-1
mp	69	275	replicate-1
mp	70	275	replicate-1
mp	71	276	replicate-1
mp	72	277	replicate-1
mp	73	277	replicate-1
mp	74	276	replicate-1
mp	75	278	replicate-1
mp	76	278	replicate-1
mp	77	279	replicate-1
mp	78	279	replicate-1
mp	79	278	replicate-1
mp	80	278	replicate-1
mp	81	279	replicate-1
mp	82	288	replicate-1
mp	83	288	replicate-1
mp	84	288	replicate-1
mp	85	289	replicate-1
mp	86	291	replicate-1
mp	87	293	replicate-1
mp	88	289	replicate-1
mp	89	290	replicate-1
mp	90	295	replicate-1
mp	91	296	replicate-1
mp	92	296	replicate-1
mp	93	296	replicate-1
mp	94	297	replicate-1
mp	95	302	replicate-1
mp	96	303	replicate-1
mp	97	301	replicate-1
mp	98	301	replicate-1
mp	99	304	replicate-1
mp	100	304	replicate-1
mp	101	304	replicate-1
mp	102	305	replicate-1
mp	103	307	replicate-1
mp	104	309	replicate-1
mp	105	325	replicate-1
mp	106	323	replicate-1
mp	107	323	replicate-1
mp	108	323	replicate-1
mp	109	323	replicate-1
mp	110	324	replicate-1
mp	111	325	replicate-1
mp	112	325	replicate-1
mp	113	324	replicate-1
mp	114	313	replicate-1
mp	115	312	replicate-1
mp	116	319	replicate-1
mp	117	322	replicate-1
mp	118	325	replicate-1
mp	119	322	replicate-1
mp	120	323	replicate-1
mp	121	325	replicate-1
mp	122	327	replicate-1
mp	123	325	replicate-1
mp	124	322	replicate-1
mp	125	326	replicate-1
mp	126	328	replicate-1
mp	127	336	replicate-1
mp	128	337	replicate-1
mp	129	334	replicate-1
mp	130	334	replicate-1
mp	131	332	replicate-1
mp	132	331	replicate-1
mp	133	333	replicate-1
mp	134	316	replicate-1
mp	135	320	replicate-1
mp	136	317	replicate-1
mp	137	322	replicate-1
mp	138	323	replicate-1
mp	139	323	replicate-1
mp	140	322	replicate-1
mp	141	322	replicate-1
mp	142	321	replicate-1
mp	143	321	replicate-1
mp	144	315	replicate-1
mp	145	318	replicate-1
mp	146	321	replicate-1
mp	147	323	replicate-1
mp	148	321	replicate-1
mp	149	314	replicate-1
mp	150	317	replicate-1
mp	151	319	replicate-1
mp	152	318	replicate-1
mp	153	317	replicate-1
mp	154	318	replicate-1
mp	155	316	replicate-1
mp	156	315	replicate-1
mp	157	315	replicate-1
mp	158	297	replicate-1
mp	159	305	replicate-1
mp	160	310	replicate-1
mp	161	306	replicate-1
mp	162	309	replicate-1
mp	163	308	replicate-1
mp	164	308	replicate-1
mp	165	320	replicate-1
mp	166	327	replicate-1
mp	167	323	replicate-1
mp	168	319	replicate-1
mp	169	310	replicate-1
mp	170	311	replicate-1
mp	171	315	replicate-1
mp	172	315	replicate-1
mp	173	314	replicate-1
mp	174	302	replicate-1
mp	175	298	replicate-1
mp	176	302	replicate-1
mp	177	305	replicate-1
mp	178	308	replicate-1
mp	179	297	replicate-1
mp	180	296	replicate-1
mp	181	300	replicate-1
mp	182	299	replicate-1
mp	183	299	replicate-1
mp	184	299	replicate-1
mp	185	314	replicate-1
mp	186	313	replicate-1
mp	187	314	replicate-1
mp	188	316	replicate-1
mp	189	317	replicate-1
mp	190	325	replicate-1
mp	191	321	replicate-1
mp	192	319	replicate-1
mp	193	316	replicate-1
mp	194	309	replicate-1
mp	195	307	replicate-1
mp	196	310	replicate-1
mp	197	311	replicate-1
mp	198	314	replicate-1
mp	199	313	replicate-1
mp	200	316	replicate-1
mp	201	321	replicate-1
mp	202	326	replicate-1
mp	203	326	replicate-1
mp	204	326	replicate-1
mp	205	324	replicate-1
mp	206	327	replicate-1
mp	207	330	replicate-1
mp	208	327	replicate-1
mp	209	327	replicate-1
mp	210	324	replicate-1
mp	211	323	replicate-1
mp	212	329	replicate-1
mp	213	329	replicate-1
mp	214	334	replicate-1
mp	215	339	replicate-1
mp	216	340	replicate-1
mp	217	343	replicate-1
mp	218	342	replicate-1
mp	219	345	replicate-1
mp	220	345	replicate-1
mp	221	343	replicate-1
mp	222	339	replicate-1
mp	223	348	replicate-1
mp	224	347	replicate-1
mp	225	349	replicate-1
mp	226	349	replicate-1
mp	227	353	replicate-1
mp	228	350	replicate-1
mp	229	354	replicate-1
mp	230	358	replicate-1
mp	231	358	replicate-1
mp	232	357	replicate-1
mp	233	354	replicate-1
mp	234	359	replicate-1
mp	235	359	replicate-1
mp	236	362	replicate-1
mp	237	366	replicate-1
mp	238	367	replicate-1
mp	239	362	replicate-1
mp	240	363	replicate-1
mp	241	362	replicate-1
mp	242	367	replicate-1
mp	243	367	replicate-1
mp	244	364	replicate-1
mp	245	369	replicate-1
mp	246	363	replicate-1
mp	247	366	replicate-1
mp	248	367	replicate-1
mp	249	367	replicate-1
mp	250	370	replicate-1
mp	251	367	replicate-1
mp	252	369	replicate-1
mp	253	367	replicate-1
mp	254	363	replicate-1
mp	255	359	replicate-1
mp	256	354	replicate-1
mp	257	356	replicate-1
mp	258	356	replicate-1
mp	259	352	replicate-1
mp	260	352	replicate-1
mp	261	351	replicate-1
mp	262	353	replicate-1
mp	263	364	replicate-1
mp	264	365	replicate-1
mp	265	367	replicate-1
mp	266	365	replicate-1
mp	267	365	replicate-1
mp	268	365	replicate-1
mp	269	366	replicate-1
mp	270	365	replicate-1
mp	271	368	replicate-1
mp	272	366	replicate-1
mp	273	366	replicate-1
mp	274	367	replicate-1
mp	275	372	replicate-1
mp	276	369	replicate-1
mp	277	371	replicate-1
mp	278	369	replicate-1
mp	279	364	replicate-1
mp	280	368	replicate-1
mp	281	365	replicate-1
mp	282	368	replicate-1
mp	283	369	replicate-1
mp	284	367	replicate-1
mp	285	369	replicate-1
mp	286	362	replicate-1
mp	287	362	replicate-1
mp	288	362	replicate-1
mp	289	357	replicate-1
mp	290	361	replicate-1
mp	291	354	replicate-1
mp	292	356	replicate-1
mp	293	356	replicate-1
mp	294	355	replicate-1
mp	295	353	replicate-1
mp	296	351	replicate-1
mp	297	351	replicate-1
mp	298	369	replicate-1
mp	299	378	replicate-1
mp	300	374	replicate-1
mp	301	376	replicate-1
mp	302	376	replicate-1
mp	303	375	replicate-1
mp	304	384	replicate-1
mp	305	385	replicate-1
mp	306	383	replicate-1
mp	307	385	replicate-1
mp	308	363	replicate-1
mp	309	368	replicate-1
mp	310	362	replicate-1
mp	311	359	replicate-1
mp	312	359	replicate-1
mp	313	354	replicate-1
mp	314	364	replicate-1
mp	315	363	replicate-1
mp	316	359	replicate-1
mp	317	368	replicate-1
mp	318	366	replicate-1
mp	319	369	replicate-1
mp	320	370	replicate-1
mp	321	370	replicate-1
mp	322	381	replicate-1
mp	323	379	replicate-1
mp	324	378	replicate-1
mp	325	376	replicate-1
mp	326	367	replicate-1
mp	327	368	replicate-1
mp	328	367	replicate-1
mp	329	368	replicate-1
mp	330	367	replicate-1
mp	331	363	replicate-1
mp	332	365	replicate-1
mp	333	362	replicate-1
mp	334	363	replicate-1
mp	335	361	replicate-1
mp	336	349	replicate-1
mp	337	349	replicate-1
mp	338	340	replicate-1
mp	339	342	replicate-1
mp	340	334	replicate-1
mp	341	335	replicate-1
mp	342	344	replicate-1
mp	343	352	replicate-1
mp	344	356	replicate-1
mp	345	355	replicate-1
mp	346	355	replicate-1
mp	347	363	replicate-1
mp	348	368	replicate-1
mp	349	369	replicate-1
mp	350	367	replicate-1
mp	351	360	replicate-1
mp	352	361	replicate-1
mp	353	355	replicate-1
mp	354	356	replicate-1
mp	355	356	replicate-1
mp	356	346	replicate-1
mp	357	350	replicate-1
mp	358	350	replicate-1
mp	359	348	replicate-1
mp	360	348	replicate-1
mp	361	341	replicate-1
mp	362	340	replicate-1
mp	363	339	replicate-1
mp	364	337	replicate-1
mp	365	338	replicate-1
mp	366	332	replicate-1
mp	367	327	replicate-1
mp	368	329	replicate-1
mp	369	329	replicate-1
mp	370	328	replicate-1
mp	371	331	replicate-1
mp	372	332	replicate-1
mp	373	330	replicate-1
mp	374	330	replicate-1
mp	375	329	replicate-1
mp	376	333	replicate-1
mp	377	331	replicate-1
mp	378	339	replicate-1
mp	379	341	replicate-1
mp	380	342	replicate-1
mp	381	344	replicate-1
mp	382	345	replicate-1
mp	383	347	replicate-1
mp	384	348	replicate-1
mp	385	337	replicate-1
mp	386	335	replicate-1
mp	387	335	replicate-1
mp	388	333	replicate-1
mp	389	332	replicate-1
mp	390	332	replicate-1
mp	391	332	replicate-1
mp	392	333	replicate-1
mp	393	331	replicate-1
mp	394	331	replicate-1
mp	395	335	replicate-1
mp	396	332	replicate-1
mp	397	337	replicate-1
mp	398	337	replicate-1
mp	399	342	replicate-1
mp	400	343	replicate-1
mp	401	343	replicate-1
mp	402	355	replicate-1
mp	403	356	replicate-1
mp	404	357	replicate-1
mp	405	362	replicate-1
mp	406	359	replicate-1
mp	407	359	replicate-1
mp	408	359	replicate-1
mp	409	358	replicate-1
mp	410	359	replicate-1
mp	411	364	replicate-1
mp	412	363	replicate-1
mp	413	380	replicate-1
mp	414	380	replicate-1
mp	415	389	replicate-1
mp	416	407	replicate-1
mp	417	405	replicate-1
mp	418	415	replicate-1
mp	419	411	replicate-1
mp	420	401	replicate-1
mp	421	414	replicate-1
mp	422	400	replicate-1
mp	423	402	replicate-1
mp	424	405	replicate-1
mp	425	377	replicate-1
mp	426	394	replicate-1
mp	427	404	replicate-1
mp	428	404	replicate-1
mp	429	402	replicate-1
mp	430	402	replicate-1
mp	431	405	replicate-1
mp	432	410	replicate-1
mp	433	412	replicate-1
mp	434	414	replicate-1
mp	435	404	replicate-1
mp	436	400	replicate-1
mp	437	400	replicate-1
mp	438	398	replicate-1
mp	439	408	replicate-1
mp	440	406	replicate-1
mp	441	410	replicate-1
mp	442	405	replicate-1
mp	443	405	replicate-1
mp	444	411	replicate-1
mp	445	414	replicate-1
mp	446	416	replicate-1
mp	447	420	replicate-1
mp	448	421	replicate-1
mp	449	420	replicate-1
mp	450	418	replicate-1
mp	451	420	replicate-1
mp	452	422	replicate-1
mp	453	422	replicate-1
mp	454	426	replicate-1
mp	455	418	replicate-1
mp	456	419	replicate-1
mp	457	420	replicate-1
mp	458	437	replicate-1
mp	459	445	replicate-1
mp	460	444	replicate-1
mp	461	441	replicate-1
mp	462	443	replicate-1
mp	463	448	replicate-1
mp	464	455	replicate-1
mp	465	451	replicate-1
mp	466	456	replicate-1
mp	467	436	replicate-1
mp	468	448	replicate-1
mp	469	450	replicate-1
mp	470	451	replicate-1
mp	471	450	replicate-1
mp	472	445	replicate-1
mp	473	441	replicate-1
mp	474	449	replicate-1
mp	475	448	replicate-1
mp	476	446	replicate-1
mp	477	445	replicate-1
mp	478	439	replicate-1
mp	479	441	replicate-1
mp	480	441	replicate-1
mp	481	442	replicate-1
mp	482	440	replicate-1
mp	483	436	replicate-1
mp	484	436	replicate-1
mp	485	435	replicate-1
mp	486	436	replicate-1
mp	487	437	replicate-1
mp	488	441	replicate-1
mp	489	449	replicate-1
mp	490	444	replicate-1
mp	491	447	replicate-1
mp	492	445	replicate-1
mp	493	442	replicate-1
mp	494	446	replicate-1
mp	495	441	replicate-1
mp	496	436	replicate-1
mp	497	437	replicate-1
mp	498	430	replicate-1
mp	499	432	replicate-1
mp	500	429	replicate-1
mp	501	429	replicate-1
mp	502	429	replicate-1
mp	503	432	replicate-1
mp	504	435	replicate-1
mp	505	440	replicate-1
mp	506	441	replicate-1
mp	507	452	replicate-1
mp	508	453	replicate-1
mp	509	460	replicate-1
mp	510	458	replicate-1
mp	511	461	replicate-1
mp	512	458	replicate-1
mp	513	469	replicate-1
mp	514	461	replicate-1
mp	515	470	replicate-1
mp	516	466	replicate-1
mp	517	473	replicate-1
mp	518	471	replicate-1
mp	519	473	replicate-1
mp	520	470	replicate-1
mp	521	472	replicate-1
mp	522	472	replicate-1
mp	523	471	replicate-1
mp	524	471	replicate-1
mp	525	470	replicate-1
mp	526	464	replicate-1
mp	527	449	replicate-1
mp	528	451	replicate-1
mp	529	453	replicate-1
mp	530	435	replicate-1
mp	531	436	replicate-1
mp	532	431	replicate-1
mp	533	408	replicate-1
mp	534	395	replicate-1
mp	535	399	replicate-1
mp	536	399	replicate-1
mp	537	400	replicate-1
mp	538	398	replicate-1
mp	539	402	replicate-1
mp	540	399	replicate-1
mp	541	406	replicate-1
mp	542	406	replicate-1
mp	543	404	replicate-1
mp	544	402	replicate-1
mp	545	392	replicate-1
mp	546	391	replicate-1
mp	547	393	replicate-1
mp	548	398	replicate-1
mp	549	397	replicate-1
mp	550	395	replicate-1
mp	551	396	replicate-1
mp	552	396	replicate-1
mp	553	398	replicate-1
mp	554	398	replicate-1
mp	555	394	replicate-1
mp	556	396	replicate-1
mp	557	385	replicate-1
mp	558	392	replicate-1
mp	559	395	replicate-1
mp	560	395	replicate-1
mp	561	400	replicate-1
mp	562	394	replicate-1
mp	563	412	replicate-1
mp	564	406	replicate-1
mp	565	407	replicate-1
mp	566	405	replicate-1
mp	567	395	replicate-1
mp	568	404	replicate-1
mp	569	403	replicate-1
mp	570	406	replicate-1
mp	571	401	replicate-1
mp	572	387	replicate-1
mp	573	418	replicate-1
mp	574	419	replicate-1
mp	575	424	replicate-1
mp	576	424	replicate-1
mp	577	407	replicate-1
mp	578	409	replicate-1
mp	579	416	replicate-1
mp	580	422	replicate-1
mp	581	430	replicate-1
mp	582	415	replicate-1
mp	583	411	replicate-1
mp	584	412	replicate-1
mp	585	406	replicate-1
mp	586	411	replicate-1
mp	587	415	replicate-1
mp	588	417	replicate-1
mp	589	400	replicate-1
mp	590	398	replicate-1
mp	591	398	replicate-1
mp	592	402	replicate-1
mp	593	405	replicate-1
mp	594	398	replicate-1
mp	595	401	replicate-1
mp	596	399	replicate-1
mp	597	390	replicate-1
mp	598	392	replicate-1
mp	599	391	replicate-1
mp	600	394	replicate-1
mp	601	395	replicate-1
mp	602	395	replicate-1
mp	603	395	replicate-1
mp	604	393	replicate-1
mp	605	395	replicate-1
mp	606	395	replicate-1
mp	607	393	replicate-1
mp	608	393	replicate-1
mp	609	383	replicate-1
mp	610	384	replicate-1
mp	611	386	replicate-1
mp	612	391	replicate-1
mp	613	393	replicate-1
mp	614	397	replicate-1
mp	615	393	replicate-1
mp	616	391	replicate-1
mp	617	393	replicate-1
mp	618	393	replicate-1
mp	619	389	replicate-1
mp	620	386	replicate-1
mp	621	391	replicate-1
mp	622	390	replicate-1
mp	623	394	replicate-1
mp	624	394	replicate-1
mp	625	394	replicate-1
mp	626	395	replicate-1
mp	627	393	replicate-1
mp	628	391	replicate-1
mp	629	392	replicate-1
mp	630	394	replicate-1
mp	631	386	replicate-1
mp	632	386	replicate-1
mp	633	387	replicate-1
mp	634	387	replicate-1
mp	635	386	replicate-1
mp	636	380	replicate-1
mp	637	381	replicate-1
mp	638	377	replicate-1
mp	639	359	replicate-1
mp	640	369	replicate-1
mp	641	376	replicate-1
mp	642	377	replicate-1
mp	643	378	replicate-1
mp	644	381	replicate-1
mp	645	382	replicate-1
mp	646	378	replicate-1
mp	647	381	replicate-1
mp	648	375	replicate-1
mp	649	390	replicate-1
mp	650	391	replicate-1
mp	651	390	replicate-1
mp	652	390	replicate-1
mp	653	388	replicate-1
mp	654	391	replicate-1
mp	655	391	replicate-1
mp	656	394	replicate-1
mp	657	381	replicate-1
mp	658	378	replicate-1
mp	659	370	replicate-1
mp	660	372	replicate-1
mp	661	378	replicate-1
mp	662	384	replicate-1
mp	663	376	replicate-1
mp	664	379	replicate-1
mp	665	377	replicate-1
mp	666	371	replicate-1
mp	667	373	replicate-1
mp	668	377	replicate-1
mp	669	378	replicate-1
mp	670	383	replicate-1
mp	671	384	replicate-1
mp	672	378	replicate-1
mp	673	380	replicate-1
mp	674	377	replicate-1
mp	675	377	replicate-1
mp	676	381	replicate-1
mp	677	381	replicate-1
mp	678	386	replicate-1
mp	679	387	replicate-1
mp	680	388	replicate-1
mp	681	391	replicate-1
mp	682	389	replicate-1
mp	683	389	replicate-1
mp	684	387	replicate-1
mp	685	389	replicate-1
mp	686	393	replicate-1
mp	687	391	replicate-1
mp	688	382	replicate-1
mp	689	389	replicate-1
mp	690	389	replicate-1
mp	691	400	replicate-1
mp	692	402	replicate-1
mp	693	400	replicate-1
mp	694	398	replicate-1
mp	695	392	replicate-1
mp	696	395	replicate-1
mp	697	397	replicate-1
mp	698	395	replicate-1
mp	699	398	replicate-1
mp	700	390	replicate-1
mp	701	388	replicate-1
mp	702	392	replicate-1
mp	703	392	replicate-1
mp	704	390	replicate-1
mp	705	391	replicate-1
mp	706	379	replicate-1
mp	707	381	replicate-1
mp	708	384	replicate-1
mp	709	381	replicate-1
mp	710	382	replicate-1
mp	711	374	replicate-1
mp	712	378	replicate-1
mp	713	376	replicate-1
mp	714	372	replicate-1
mp	715	369	replicate-1
mp	716	367	replicate-1
mp	717	361	replicate-1
mp	718	357	replicate-1
mp	719	351	replicate-1
mp	720	351	replicate-1
mp	721	347	replicate-1
mp	722	335	replicate-1
mp	723	326	replicate-1
mp	724	333	replicate-1
mp	725	326	replicate-1
mp	726	324	replicate-1
mp	727	325	replicate-1
mp	728	326	replicate-1
mp	729	323	replicate-1
mp	730	320	replicate-1
mp	731	316	replicate-1
mp	732	316	replicate-1
mp	733	319	replicate-1
mp	734	324	replicate-1
mp	735	323	replicate-1
mp	736	324	replicate-1
mp	737	323	replicate-1
mp	738	319	replicate-1
mp	739	319	replicate-1
mp	740	319	replicate-1
mp	741	318	replicate-1
mp	742	313	replicate-1
mp	743	312	replicate-1
mp	744	319	replicate-1
mp	745	318	replicate-1
mp	746	316	replicate-1
mp	747	314	replicate-1
mp	748	311	replicate-1
mp	749	310	replicate-1
mp	750	312	replicate-1
mp	751	316	replicate-1
mp	752	320	replicate-1
mp	753	320	replicate-1
mp	754	320	replicate-1
mp	755	319	replicate-1
mp	756	320	replicate-1
mp	757	320	replicate-1
mp	758	322	replicate-1
mp	759	324	replicate-1
mp	760	321	replicate-1
mp	761	325	replicate-1
mp	762	319	replicate-1
mp	763	323	replicate-1
mp	764	328	replicate-1
mp	765	330	replicate-1
mp	766	329	replicate-1
mp	767	328	replicate-1
mp	768	322	replicate-1
mp	769	323	replicate-1
mp	770	321	replicate-1
mp	771	319	replicate-1
mp	772	320	replicate-1
mp	773	315	replicate-1
mp	774	318	replicate-1
mp	775	324	replicate-1
mp	776	323	replicate-1
mp	777	322	replicate-1
mp	778	321	replicate-1
mp	779	319	replicate-1
mp	780	320	replicate-1
mp	781	319	replicate-1
mp	782	317	replicate-1
mp	783	314	replicate-1
mp	784	312	replicate-1
mp	785	313	replicate-1
mp	786	314	replicate-1
mp	787	311	replicate-1
mp	788	312	replicate-1
mp	789	311	replicate-1
mp	790	311	replicate-1
mp	791	310	replicate-1
mp	792	308	replicate-1
mp	793	303	replicate-1
mp	794	305	replicate-1
mp	795	304	replicate-1
mp	796	306	replicate-1
mp	797	301	replicate-1
mp	798	299	replicate-1
mp	799	289	replicate-1
mp	800	287	replicate-1
mp	801	291	replicate-1
mp	802	291	replicate-1
mp	803	292	replicate-1
mp	804	292	replicate-1
mp	805	296	replicate-1
mp	806	303	replicate-1
mp	807	298	replicate-1
mp	808	299	replicate-1
mp	809	309	replicate-1
mp	810	310	replicate-1
mp	811	309	replicate-1
mp	812	308	replicate-1
mp	813	308	replicate-1
mp	814	305	replicate-1
mp	815	302	replicate-1
mp	816	306	replicate-1
mp	817	308	replicate-1
mp	818	301	replicate-1
mp	819	304	replicate-1
mp	820	302	replicate-1
mp	821	304	replicate-1
mp	822	303	replicate-1
mp	823	306	replicate-1
mp	824	309	replicate-1
mp	825	307	replicate-1
mp	826	307	replicate-1
mp	827	307	replicate-1
mp	828	314	replicate-1
mp	829	311	replicate-1
mp	830	304	replicate-1
mp	831	305	replicate-1
mp	832	295	replicate-1
mp	833	296	replicate-1
mp	834	290	replicate-1
mp	835	284	replicate-1
mp	836	281	replicate-1
mp	837	269	replicate-1
mp	838	268	replicate-1
mp	839	265	replicate-1
mp	840	262	replicate-1
mp	841	264	replicate-1
mp	842	259	replicate-1
mp	843	260	replicate-1
mp	844	261	replicate-1
mp	845	260	replicate-1
mp	846	258	replicate-1
mp	847	260	replicate-1
mp	848	261	replicate-1
mp	849	262	replicate-1
mp	850	257	replicate-1
mp	851	257	replicate-1
mp	852	258	replicate-1
mp	853	257	replicate-1
mp	854	262	replicate-1
mp	855	261	replicate-1
mp	856	262	replicate-1
mp	857	260	replicate-1
mp	858	252	replicate-1
mp	859	251	replicate-1
mp	860	252	replicate-1
mp	861	251	replicate-1
mp	862	256	replicate-1
mp	863	253	replicate-1
mp	864	255	replicate-1
mp	865	258	replicate-1
mp	866	259	replicate-1
mp	867	260	replicate-1
mp	868	262	replicate-1
mp	869	263	replicate-1
mp	870	262	replicate-1
mp	871	259	replicate-1
mp	872	260	replicate-1
mp	873	265	replicate-1
mp	874	264	replicate-1
mp	875	271	replicate-1
mp	876	276	replicate-1
mp	877	280	replicate-1
mp	878	280	replicate-1
mp	879	281	replicate-1
mp	880	281	replicate-1
mp	881	281	replicate-1
mp	882	281	replicate-1
mp	883	276	replicate-1
mp	884	271	replicate-1
mp	885	262	replicate-1
mp	886	265	replicate-1
mp	887	265	replicate-1
mp	888	266	replicate-1
mp	889	269	replicate-1
mp	890	271	replicate-1
mp	891	271	replicate-1
mp	892	271	replicate-1
mp	893	269	replicate-1
mp	894	268	replicate-1
mp	895	263	replicate-1
mp	896	262	replicate-1
mp	897	264	replicate-1
mp	898	263	replicate-1
mp	899	264	replicate-1
mp	900	261	replicate-1
mp	901	259	replicate-1
mp	902	259	replicate-1
mp	903	260	replicate-1
mp	904	258	replicate-1
mp	905	257	replicate-1
mp	906	256	replicate-1
mp	907	256	replicate-1
mp	908	247	replicate-1
mp	909	248	replicate-1
mp	910	244	replicate-1
mp	911	243	replicate-1
mp	912	243	replicate-1
mp	913	242	replicate-1
mp	914	233	replicate-1
mp	915	231	replicate-1
mp	916	230	replicate-1
mp	917	229	replicate-1
mp	918	229	replicate-1
mp	919	226	replicate-1
mp	920	224	replicate-1
mp	921	226	replicate-1
mp	922	219	replicate-1
mp	923	223	replicate-1
mp	924	216	replicate-1
mp	925	214	replicate-1
mp	926	209	replicate-1
mp	927	209	replicate-1
mp	928	210	replicate-1
mp	929	210	replicate-1
mp	930	209	replicate-1
mp	931	210	replicate-1
mp	932	198	replicate-1
mp	933	196	replicate-1
mp	934	196	replicate-1
mp	935	188	replicate-1
mp	936	185	replicate-1
mp	937	184	replicate-1
mp	938	184	replicate-1
mp	939	184	replicate-1
mp	940	182	replicate-1
mp	941	181	replicate-1
mp	942	178	replicate-1
mp	943	178	replicate-1
mp	944	178	replicate-1
mp	945	176	replicate-1
mp	946	174	replicate-1
mp	947	170	replicate-1
mp	948	172	replicate-1
mp	949	171	replicate-1
mp	950	171	replicate-1
mp	951	171	replicate-1
mp	952	165	replicate-1
mp	953	165	replicate-1
mp	954	165	replicate-1
mp	955	165	replicate-1
mp	956	163	replicate-1
mp	957	152	replicate-1
mp	958	152	replicate-1
mp	959	148	replicate-1
mp	960	145	replicate-1
mp	961	145	replicate-1
mp	962	142	replicate-1
mp	963	140	replicate-1
mp	964	140	replicate-1
mp	965	138	replicate-1
mp	966	137	replicate-1
mp	967	130	replicate-1
mp	968	130	replicate-1
mp	969	124	replicate-1
mp	970	114	replicate-1
mp	971	107	replicate-1
mp	972	105	replicate-1
mp	973	103	replicate-1
mp	974	100	replicate-1
mp	975	99	replicate-1
mp	976	98	replicate-1
mp	977	100	replicate-1
mp	978	95	replicate-1
mp	979	94	replicate-1
mp	980	94	replicate-1
mp	981	93	replicate-1
mp	982	92	replicate-1
mp	983	90	replicate-1
mp	984	90	replicate-1
mp	985	89	replicate-1
mp	986	89	replicate-1
mp	987	89	replicate-1
mp	988	86	replicate-1
mp	989	86	replicate-1
mp	990	86	replicate-1
mp	991	84	replicate-1
mp	992	84	replicate-1
mp	993	83	replicate-1
mp	994	83	replicate-1
mp	995	75	replicate-1
mp	996	75	replicate-1
mp	997	68	replicate-1
mp	998	68	replicate-1
mp	999	68	replicate-1
mp	1000	57	replicate-1
mp	1001	55	replicate-1
mp	1002	55	replicate-1
mp	1003	55	replicate-1
mp	1004	55	replicate-1
mp	1005	49	replicate-1
mp	1006	49	replicate-1
mp	1007	49	replicate-1
mp	1008	49	replicate-1
mp	1009	49	replicate-1
mp	1010	49	replicate-1
mp	1011	46	replicate-1
mp	1012	45	replicate-1
mp	1013	39	replicate-1
mp	1014	39	replicate-1
mp	1015	38	replicate-1
mp	1016	38	replicate-1
mp	1017	38	replicate-1
mp	1018	37	replicate-1
mp	1019	37	replicate-1
mp	1020	37	replicate-1
mp	1021	36	replicate-1
mp	1022	36	replicate-1
mp	1023	25	replicate-1
mp	1024	24	replicate-1
mp	1025	24	replicate-1
mp	1026	24	replicate-1
mp	1027	10	replicate-1
np	1	776	replicate-1
np	2	987	replicate-1
np	3	991	replicate-1
np	4	992	replicate-1
np	5	1096	replicate-1
np	6	1126	replicate-1
np	7	1127	replicate-1
np	8	1136	replicate-1
np	9	1146	replicate-1
np	10	1148	replicate-1
np	11	1233	replicate-1
np	12	1245	replicate-1
np	13	1334	replicate-1
np	14	1337	replicate-1
np	15	1344	replicate-1
np	16	1447	replicate-1
np	17	1479	replicate-1
np	18	1541	replicate-1
np	19	1564	replicate-1
np	20	1738	replicate-1
np	21	1748	replicate-1
np	22	1857	replicate-1
np	23	1881	replicate-1
np	24	1962	replicate-1
np	25	1969	replicate-1
np	26	2013	replicate-1
np	27	2034	replicate-1
np	28	2073	replicate-1
np	29	2123	replicate-1
np	30	2176	replicate-1
np	31	2180	replicate-1
np	32	2213	replicate-1
np	33	2227	replicate-1
np	34	2263	replicate-1
np	35	2280	replicate-1
np	36	2341	replicate-1
np	37	2377	replicate-1
np	38	2386	replicate-1
np	39	2416	replicate-1
np	40	2444	replicate-1
np	41	2486	replicate-1
np	42	2572	replicate-1
np	43	2587	replicate-1
np	44	2597	replicate-1
np	45	2600	replicate-1
np	46	2612	replicate-1
np	47	2620	replicate-1
np	48	2624	replicate-1
np	49	2635	replicate-1
np	50	2648	replicate-1
np	51	2688	replicate-1
np	52	2734	replicate-1
np	53	2776	replicate-1
np	54	2785	replicate-1
np	55	2795	replicate-1
np	56	2797	replicate-1
np	57	2796	replicate-1
np	58	2799	replicate-1
np	59	2867	replicate-1
np	60	2867	replicate-1
np	61	2848	replicate-1
np	62	2884	replicate-1
np	63	2883	replicate-1
np	64	2901	replicate-1
np	65	2849	replicate-1
np	66	2840	replicate-1
np	67	2860	replicate-1
np	68	2849	replicate-1
np	69	2835	replicate-1
np	70	2828	replicate-1
np	71	2906	replicate-1
np	72	2942	replicate-1
np	73	2938	replicate-1
np	74	2959	replicate-1
np	75	2952	replicate-1
np	76	2982	replicate-1
np	77	2987	replicate-1
np	78	2973	replicate-1
np	79	2984	replicate-1
np	80	2982	replicate-1
np	81	3037	replicate-1
np	82	3052	replicate-1
np	83	3059	replicate-1
np	84	3089	replicate-1
np	85	3100	replicate-1
np	86	3102	replicate-1
np	87	3122	replicate-1
np	88	3185	replicate-1
np	89	3234	replicate-1
np	90	3221	replicate-1
np	91	3246	replicate-1
np	92	3253	replicate-1
np	93	3239	replicate-1
np	94	3259	replicate-1
np	95	3277	replicate-1
np	96	3270	replicate-1
np	97	3272	replicate-1
np	98	3254	replicate-1
np	99	3257	replicate-1
np	100	3286	replicate-1
np	101	3283	replicate-1
np	102	3308	replicate-1
np	103	3306	replicate-1
np	104	3305	replicate-1
np	105	3321	replicate-1
np	106	3314	replicate-1
np	107	3317	replicate-1
np	108	3314	replicate-1
np	109	3300	replicate-1
np	110	3296	replicate-1
np	111	3286	replicate-1
np	112	3329	replicate-1
np	113	3332	replicate-1
np	114	3332	replicate-1
np	115	3357	replicate-1
np	116	3358	replicate-1
np	117	3413	replicate-1
np	118	3403	replicate-1
np	119	3401	replicate-1
np	120	3407	replicate-1
np	121	3378	replicate-1
np	122	3398	replicate-1
np	123	3408	replicate-1
np	124	3419	replicate-1
np	125	3442	replicate-1
np	126	3415	replicate-1
np	127	3437	replicate-1
np	128	3478	replicate-1
np	129	3480	replicate-1
np	130	3531	replicate-1
np	131	3521	replicate-1
np	132	3518	replicate-1
np	133	3521	replicate-1
np	134	3548	replicate-1
np	135	3538	replicate-1
np	136	3504	replicate-1
np	137	3509	replicate-1
np	138	3472	replicate-1
np	139	3434	replicate-1
np	140	3420	replicate-1
np	141	3429	replicate-1
np	142	3433	replicate-1
np	143	3402	replicate-1
np	144	3411	replicate-1
np	145	3439	replicate-1
np	146	3444	replicate-1
np	147	3448	replicate-1
np	148	3449	replicate-1
np	149	3463	replicate-1
np	150	3429	replicate-1
np	151	3224	replicate-1
np	152	3177	replicate-1
np	153	3104	replicate-1
np	154	3109	replicate-1
np	155	3123	replicate-1
np	156	3117	replicate-1
np	157	3117	replicate-1
np	158	3123	replicate-1
np	159	3188	replicate-1
np	160	3215	replicate-1
np	161	3313	replicate-1
np	162	3298	replicate-1
np	163	3297	replicate-1
np	164	3553	replicate-1
np	165	3572	replicate-1
np	166	3711	replicate-1
np	167	3671	replicate-1
np	168	3616	replicate-1
np	169	3645	replicate-1
np	170	3562	replicate-1
np	171	3776	replicate-1
np	172	3782	replicate-1
np	173	3633	replicate-1
np	174	3628	replicate-1
np	175	3570	replicate-1
np	176	3605	replicate-1
np	177	3591	replicate-1
np	178	3562	replicate-1
np	179	3537	replicate-1
np	180	3393	replicate-1
np	181	3462	replicate-1
np	182	3432	replicate-1
np	183	3490	replicate-1
np	184	3503	replicate-1
np	185	3494	replicate-1
np	186	3497	replicate-1
np	187	3488	replicate-1
np	188	3498	replicate-1
np	189	3530	replicate-1
np	190	3523	replicate-1
np	191	3487	replicate-1
np	192	3477	replicate-1
np	193	3439	replicate-1
np	194	3476	replicate-1
np	195	3497	replicate-1
np	196	3522	replicate-1
np	197	3552	replicate-1
np	198	3598	replicate-1
np	199	3609	replicate-1
np	200	3619	replicate-1
np	201	3593	replicate-1
np	202	3588	replicate-1
np	203	3587	replicate-1
np	204	3577	replicate-1
np	205	3571	replicate-1
np	206	3566	replicate-1
np	207	3568	replicate-1
np	208	3510	replicate-1
np	209	3524	replicate-1
np	210	3518	replicate-1
np	211	3510	replicate-1
np	212	3484	replicate-1
np	213	3554	replicate-1
np	214	3662	replicate-1
np	215	3661	replicate-1
np	216	3668	replicate-1
np	217	3684	replicate-1
np	218	3676	replicate-1
np	219	3685	replicate-1
np	220	3680	replicate-1
np	221	3671	replicate-1
np	222	3689	replicate-1
np	223	3596	replicate-1
np	224	3643	replicate-1
np	225	3668	replicate-1
np	226	3673	replicate-1
np	227	3701	replicate-1
np	228	3694	replicate-1
np	229	3817	replicate-1
np	230	3948	replicate-1
np	231	3922	replicate-1
np	232	3957	replicate-1
np	233	3935	replicate-1
np	234	3941	replicate-1
np	235	3966	replicate-1
np	236	3964	replicate-1
np	237	3962	replicate-1
np	238	3857	replicate-1
np	239	3784	replicate-1
np	240	3802	replicate-1
np	241	3795	replicate-1
np	242	3792	replicate-1
np	243	3820	replicate-1
np	244	3860	replicate-1
np	245	3823	replicate-1
np	246	3838	replicate-1
np	247	3870	replicate-1
np	248	3853	replicate-1
np	249	3851	replicate-1
np	250	3847	replicate-1
np	251	3859	replicate-1
np	252	3856	replicate-1
np	253	3883	replicate-1
np	254	3896	replicate-1
np	255	3896	replicate-1
np	256	3910	replicate-1
np	257	3911	replicate-1
np	258	3906	replicate-1
np	259	3940	replicate-1
np	260	3938	replicate-1
np	261	3929	replicate-1
np	262	3924	replicate-1
np	263	3867	replicate-1
np	264	3956	replicate-1
np	265	3939	replicate-1
np	266	3948	replicate-1
np	267	3970	replicate-1
np	268	3926	replicate-1
np	269	3940	replicate-1
np	270	4006	replicate-1
np	271	4017	replicate-1
np	272	4045	replicate-1
np	273	4020	replicate-1
np	274	4011	replicate-1
np	275	4017	replicate-1
np	276	4050	replicate-1
np	277	4070	replicate-1
np	278	4077	replicate-1
np	279	4006	replicate-1
np	280	4020	replicate-1
np	281	4013	replicate-1
np	282	3999	replicate-1
np	283	4005	replicate-1
np	284	3974	replicate-1
np	285	3957	replicate-1
np	286	4030	replicate-1
np	287	4005	replicate-1
np	288	4009	replicate-1
np	289	4009	replicate-1
np	290	3990	replicate-1
np	291	4082	replicate-1
np	292	4089	replicate-1
np	293	4097	replicate-1
np	294	4097	replicate-1
np	295	4060	replicate-1
np	296	4099	replicate-1
np	297	4095	replicate-1
np	298	4131	replicate-1
np	299	4125	replicate-1
np	300	4057	replicate-1
np	301	4056	replicate-1
np	302	4060	replicate-1
np	303	4074	replicate-1
np	304	4086	replicate-1
np	305	4037	replicate-1
np	306	4036	replicate-1
np	307	4059	replicate-1
np	308	4081	replicate-1
np	309	4083	replicate-1
np	310	4068	replicate-1
np	311	4039	replicate-1
np	312	4040	replicate-1
np	313	4040	replicate-1
np	314	4027	replicate-1
np	315	3935	replicate-1
np	316	3887	replicate-1
np	317	3816	replicate-1
np	318	3851	replicate-1
np	319	3776	replicate-1
np	320	3688	replicate-1
np	321	3608	replicate-1
np	322	3610	replicate-1
np	323	3620	replicate-1
np	324	3571	replicate-1
np	325	3601	replicate-1
np	326	3639	replicate-1
np	327	3596	replicate-1
np	328	3640	replicate-1
np	329	3633	replicate-1
np	330	3633	replicate-1
np	331	3762	replicate-1
np	332	3728	replicate-1
np	333	3765	replicate-1
np	334	3740	replicate-1
np	335	3708	replicate-1
np	336	3732	replicate-1
np	337	3708	replicate-1
np	338	3763	replicate-1
np	339	3762	replicate-1
np	340	3662	replicate-1
np	341	3672	replicate-1
np	342	3651	replicate-1
np	343	3606	replicate-1
np	344	3622	replicate-1
np	345	3572	replicate-1
np	346	3578	replicate-1
np	347	3533	replicate-1
np	348	3530	replicate-1
np	349	3521	replicate-1
np	350	3520	replicate-1
np	351	3523	replicate-1
np	352	3531	replicate-1
np	353	3513	replicate-1
np	354	3526	replicate-1
np	355	3524	replicate-1
np	356	3582	replicate-1
np	357	3587	replicate-1
np	358	3582	replicate-1
np	359	3583	replicate-1
np	360	3590	replicate-1
np	361	3598	replicate-1
np	362	3608	replicate-1
np	363	3574	replicate-1
np	364	3604	replicate-1
np	365	3536	replicate-1
np	366	3559	replicate-1
np	367	3566	replicate-1
np	368	3582	replicate-1
np	369	3625	replicate-1
np	370	3648	replicate-1
np	371	3646	replicate-1
np	372	3639	replicate-1
np	373	3692	replicate-1
np	374	3662	replicate-1
np	375	3695	replicate-1
np	376	3703	replicate-1
np	377	3709	replicate-1
np	378	3702	replicate-1
np	379	3660	replicate-1
np	380	3679	replicate-1
np	381	3636	replicate-1
np	382	3568	replicate-1
np	383	3590	replicate-1
np	384	3559	replicate-1
np	385	3581	replicate-1
np	386	3591	replicate-1
np	387	3579	replicate-1
np	388	3591	replicate-1
np	389	3520	replicate-1
np	390	3550	replicate-1
np	391	3563	replicate-1
np	392	3575	replicate-1
np	393	3586	replicate-1
np	394	3528	replicate-1
np	395	3548	replicate-1
np	396	3554	replicate-1
np	397	3561	replicate-1
np	398	3565	replicate-1
np	399	3562	replicate-1
np	400	3576	replicate-1
np	401	3568	replicate-1
np	402	3566	replicate-1
np	403	3567	replicate-1
np	404	3518	replicate-1
np	405	3521	replicate-1
np	406	3513	replicate-1
np	407	3515	replicate-1
np	408	3510	replicate-1
np	409	3509	replicate-1
np	410	3516	replicate-1
np	411	3602	replicate-1
np	412	3647	replicate-1
np	413	3637	replicate-1
np	414	3636	replicate-1
np	415	3686	replicate-1
np	416	3790	replicate-1
np	417	3794	replicate-1
np	418	3828	replicate-1
np	419	3919	replicate-1
np	420	3851	replicate-1
np	421	3792	replicate-1
np	422	3796	replicate-1
np	423	3735	replicate-1
np	424	3738	replicate-1
np	425	3608	replicate-1
np	426	3700	replicate-1
np	427	3667	replicate-1
np	428	3677	replicate-1
np	429	3688	replicate-1
np	430	3692	replicate-1
np	431	3684	replicate-1
np	432	3665	replicate-1
np	433	3651	replicate-1
np	434	3668	replicate-1
np	435	3574	replicate-1
np	436	3580	replicate-1
np	437	3549	replicate-1
np	438	3548	replicate-1
np	439	3606	replicate-1
np	440	3624	replicate-1
np	441	3614	replicate-1
np	442	3623	replicate-1
np	443	3600	replicate-1
np	444	3644	replicate-1
np	445	3624	replicate-1
np	446	3624	replicate-1
np	447	3630	replicate-1
np	448	3681	replicate-1
np	449	3685	replicate-1
np	450	3713	replicate-1
np	451	3722	replicate-1
np	452	3722	replicate-1
np	453	3703	replicate-1
np	454	3700	replicate-1
np	455	3683	replicate-1
np	456	3700	replicate-1
np	457	3655	replicate-1
np	458	3660	replicate-1
np	459	3618	replicate-1
np	460	3618	replicate-1
np	461	3617	replicate-1
np	462	3618	replicate-1
np	463	3645	replicate-1
np	464	3693	replicate-1
np	465	3697	replicate-1
np	466	3689	replicate-1
np	467	3695	replicate-1
np	468	3674	replicate-1
np	469	3733	replicate-1
np	470	3772	replicate-1
np	471	3770	replicate-1
np	472	3772	replicate-1
np	473	3758	replicate-1
np	474	3808	replicate-1
np	475	3807	replicate-1
np	476	3793	replicate-1
np	477	3804	replicate-1
np	478	3740	replicate-1
np	479	3734	replicate-1
np	480	3729	replicate-1
np	481	3773	replicate-1
np	482	3768	replicate-1
np	483	3697	replicate-1
np	484	3739	replicate-1
np	485	3737	replicate-1
np	486	3775	replicate-1
np	487	3817	replicate-1
np	488	3774	replicate-1
np	489	3850	replicate-1
np	490	3825	replicate-1
np	491	3756	replicate-1
np	492	3780	replicate-1
np	493	3732	replicate-1
np	494	3814	replicate-1
np	495	3780	replicate-1
np	496	3745	replicate-1
np	497	3761	replicate-1
np	498	3665	replicate-1
np	499	3663	replicate-1
np	500	3691	replicate-1
np	501	3689	replicate-1
np	502	3706	replicate-1
np	503	3673	replicate-1
np	504	3650	replicate-1
np	505	3665	replicate-1
np	506	3653	replicate-1
np	507	3663	replicate-1
np	508	3679	replicate-1
np	509	3648	replicate-1
np	510	3665	replicate-1
np	511	3659	replicate-1
np	512	3691	replicate-1
np	513	3723	replicate-1
np	514	3654	replicate-1
np	515	3651	replicate-1
np	516	3642	replicate-1
np	517	3710	replicate-1
np	518	3724	replicate-1
np	519	3739	replicate-1
np	520	3730	replicate-1
np	521	3663	replicate-1
np	522	3653	replicate-1
np	523	3664	replicate-1
np	524	3633	replicate-1
np	525	3723	replicate-1
np	526	3669	replicate-1
np	527	3669	replicate-1
np	528	3683	replicate-1
np	529	3731	replicate-1
np	530	3735	replicate-1
np	531	3704	replicate-1
np	532	3703	replicate-1
np	533	3602	replicate-1
np	534	3546	replicate-1
np	535	3488	replicate-1
np	536	3490	replicate-1
np	537	3494	replicate-1
np	538	3457	replicate-1
np	539	3576	replicate-1
np	540	3561	replicate-1
np	541	3615	replicate-1
np	542	3607	replicate-1
np	543	3606	replicate-1
np	544	3649	replicate-1
np	545	3662	replicate-1
np	546	3655	replicate-1
np	547	3651	replicate-1
np	548	3559	replicate-1
np	549	3579	replicate-1
np	550	3542	replicate-1
np	551	3599	replicate-1
np	552	3598	replicate-1
np	553	3571	replicate-1
np	554	3599	replicate-1
np	555	3613	replicate-1
np	556	3639	replicate-1
np	557	3656	replicate-1
np	558	3651	replicate-1
np	559	3716	replicate-1
np	560	3691	replicate-1
np	561	3912	replicate-1
np	562	3895	replicate-1
np	563	3883	replicate-1
np	564	3888	replicate-1
np	565	3888	replicate-1
np	566	3883	replicate-1
np	567	3871	replicate-1
np	568	3799	replicate-1
np	569	3798	replicate-1
np	570	3647	replicate-1
np	571	3627	replicate-1
np	572	3618	replicate-1
np	573	3598	replicate-1
np	574	3584	replicate-1
np	575	3587	replicate-1
np	576	3584	replicate-1
np	577	3549	replicate-1
np	578	3542	replicate-1
np	579	3528	replicate-1
np	580	3570	replicate-1
np	581	3563	replicate-1
np	582	3564	replicate-1
np	583	3571	replicate-1
np	584	3581	replicate-1
np	585	3562	replicate-1
np	586	3561	replicate-1
np	587	3551	replicate-1
np	588	3526	replicate-1
np	589	3573	replicate-1
np	590	3556	replicate-1
np	591	3558	replicate-1
np	592	3614	replicate-1
np	593	3631	replicate-1
np	594	3672	replicate-1
np	595	3655	replicate-1
np	596	3660	replicate-1
np	597	3652	replicate-1
np	598	3601	replicate-1
np	599	3667	replicate-1
np	600	3623	replicate-1
np	601	3596	replicate-1
np	602	3557	replicate-1
np	603	3562	replicate-1
np	604	3586	replicate-1
np	605	3651	replicate-1
np	606	3651	replicate-1
np	607	3641	replicate-1
np	608	3632	replicate-1
np	609	3487	replicate-1
np	610	3554	replicate-1
np	611	3558	replicate-1
np	612	3564	replicate-1
np	613	3572	replicate-1
np	614	3451	replicate-1
np	615	3469	replicate-1
np	616	3550	replicate-1
np	617	3520	replicate-1
np	618	3517	replicate-1
np	619	3553	replicate-1
np	620	3530	replicate-1
np	621	3518	replicate-1
np	622	3519	replicate-1
np	623	3499	replicate-1
np	624	3517	replicate-1
np	625	3529	replicate-1
np	626	3542	replicate-1
np	627	3579	replicate-1
np	628	3520	replicate-1
np	629	3490	replicate-1
np	630	3478	replicate-1
np	631	3478	replicate-1
np	632	3461	replicate-1
np	633	3453	replicate-1
np	634	3468	replicate-1
np	635	3462	replicate-1
np	636	3452	replicate-1
np	637	3456	replicate-1
np	638	3474	replicate-1
np	639	3464	replicate-1
np	640	3440	replicate-1
np	641	3433	replicate-1
np	642	3382	replicate-1
np	643	3376	replicate-1
np	644	3416	replicate-1
np	645	3406	replicate-1
np	646	3419	replicate-1
np	647	3391	replicate-1
np	648	3388	replicate-1
np	649	3382	replicate-1
np	650	3375	replicate-1
np	651	3353	replicate-1
np	652	3348	replicate-1
np	653	3296	replicate-1
np	654	3264	replicate-1
np	655	3252	replicate-1
np	656	3243	replicate-1
np	657	3271	replicate-1
np	658	3274	replicate-1
np	659	3267	replicate-1
np	660	3336	replicate-1
np	661	3329	replicate-1
np	662	3321	replicate-1
np	663	3283	replicate-1
np	664	3282	replicate-1
np	665	3283	replicate-1
np	666	3272	replicate-1
np	667	3234	replicate-1
np	668	3228	replicate-1
np	669	3162	replicate-1
np	670	3196	replicate-1
np	671	3204	replicate-1
np	672	3200	replicate-1
np	673	3201	replicate-1
np	674	3185	replicate-1
np	675	3152	replicate-1
np	676	3104	replicate-1
np	677	3089	replicate-1
np	678	3103	replicate-1
np	679	3052	replicate-1
np	680	3052	replicate-1
np	681	3049	replicate-1
np	682	3070	replicate-1
np	683	3081	replicate-1
np	684	3090	replicate-1
np	685	3079	replicate-1
np	686	3100	replicate-1
np	687	3102	replicate-1
np	688	3089	replicate-1
np	689	3063	replicate-1
np	690	3046	replicate-1
np	691	3036	replicate-1
np	692	3043	replicate-1
np	693	3089	replicate-1
np	694	3069	replicate-1
np	695	3051	replicate-1
np	696	3042	replicate-1
np	697	3150	replicate-1
np	698	3150	replicate-1
np	699	3161	replicate-1
np	700	3147	replicate-1
np	701	3150	replicate-1
np	702	3144	replicate-1
np	703	3151	replicate-1
np	704	3170	replicate-1
np	705	3168	replicate-1
np	706	3049	replicate-1
np	707	3064	replicate-1
np	708	3037	replicate-1
np	709	3081	replicate-1
np	710	3008	replicate-1
np	711	3011	replicate-1
np	712	2954	replicate-1
np	713	2966	replicate-1
np	714	3002	replicate-1
np	715	2981	replicate-1
np	716	2968	replicate-1
np	717	2969	replicate-1
np	718	2979	replicate-1
np	719	3004	replicate-1
np	720	2970	replicate-1
np	721	2984	replicate-1
np	722	2982	replicate-1
np	723	2996	replicate-1
np	724	2991	replicate-1
np	725	2989	replicate-1
np	726	2988	replicate-1
np	727	2983	replicate-1
np	728	2990	replicate-1
np	729	2931	replicate-1
np	730	2922	replicate-1
np	731	2903	replicate-1
np	732	2987	replicate-1
np	733	2988	replicate-1
np	734	2988	replicate-1
np	735	3009	replicate-1
np	736	2988	replicate-1
np	737	2990	replicate-1
np	738	2983	replicate-1
np	739	2972	replicate-1
np	740	2989	replicate-1
np	741	2861	replicate-1
np	742	2869	replicate-1
np	743	2935	replicate-1
np	744	2919	replicate-1
np	745	2950	replicate-1
np	746	2959	replicate-1
np	747	2955	replicate-1
np	748	2969	replicate-1
np	749	2920	replicate-1
np	750	2901	replicate-1
np	751	2881	replicate-1
np	752	2913	replicate-1
np	753	2952	replicate-1
np	754	2968	replicate-1
np	755	2935	replicate-1
np	756	2933	replicate-1
np	757	3102	replicate-1
np	758	3114	replicate-1
np	759	3117	replicate-1
np	760	3123	replicate-1
np	761	3058	replicate-1
np	762	3008	replicate-1
np	763	3041	replicate-1
np	764	3037	replicate-1
np	765	3079	replicate-1
np	766	2913	replicate-1
np	767	2938	replicate-1
np	768	2963	replicate-1
np	769	2974	replicate-1
np	770	2953	replicate-1
np	771	2959	replicate-1
np	772	2906	replicate-1
np	773	2914	replicate-1
np	774	2936	replicate-1
np	775	2946	replicate-1
np	776	2852	replicate-1
np	777	2830	replicate-1
np	778	2790	replicate-1
np	779	2813	replicate-1
np	780	2834	replicate-1
np	781	2837	replicate-1
np	782	2824	replicate-1
np	783	2833	replicate-1
np	784	2829	replicate-1
np	785	2889	replicate-1
np	786	2909	replicate-1
np	787	2924	replicate-1
np	788	2909	replicate-1
np	789	2892	replicate-1
np	790	2892	replicate-1
np	791	2910	replicate-1
np	792	2910	replicate-1
np	793	2907	replicate-1
np	794	2877	replicate-1
np	795	2879	replicate-1
np	796	2864	replicate-1
np	797	2872	replicate-1
np	798	2869	replicate-1
np	799	2889	replicate-1
np	800	2901	replicate-1
np	801	2897	replicate-1
np	802	2912	replicate-1
np	803	2928	replicate-1
np	804	2896	replicate-1
np	805	2899	replicate-1
np	806	2888	replicate-1
np	807	2889	replicate-1
np	808	2901	replicate-1
np	809	2900	replicate-1
np	810	2889	replicate-1
np	811	2880	replicate-1
np	812	2875	replicate-1
np	813	2922	replicate-1
np	814	2917	replicate-1
np	815	2921	replicate-1
np	816	2927	replicate-1
np	817	2891	replicate-1
np	818	2923	replicate-1
np	819	2919	replicate-1
np	820	2897	replicate-1
np	821	2896	replicate-1
np	822	2904	replicate-1
np	823	2913	replicate-1
np	824	2913	replicate-1
np	825	2913	replicate-1
np	826	2935	replicate-1
np	827	2971	replicate-1
np	828	3032	replicate-1
np	829	3029	replicate-1
np	830	3032	replicate-1
np	831	3011	replicate-1
np	832	3147	replicate-1
np	833	3171	replicate-1
np	834	3167	replicate-1
np	835	3194	replicate-1
np	836	3143	replicate-1
np	837	3238	replicate-1
np	838	3289	replicate-1
np	839	3327	replicate-1
np	840	3337	replicate-1
np	841	3275	replicate-1
np	842	3205	replicate-1
np	843	3216	replicate-1
np	844	3222	replicate-1
np	845	3244	replicate-1
np	846	3205	replicate-1
np	847	3152	replicate-1
np	848	3157	replicate-1
np	849	3156	replicate-1
np	850	3138	replicate-1
np	851	3157	replicate-1
np	852	3131	replicate-1
np	853	3147	replicate-1
np	854	3121	replicate-1
np	855	3138	replicate-1
np	856	3185	replicate-1
np	857	3157	replicate-1
np	858	3159	replicate-1
np	859	3264	replicate-1
np	860	3284	replicate-1
np	861	3299	replicate-1
np	862	3275	replicate-1
np	863	3306	replicate-1
np	864	3346	replicate-1
np	865	3269	replicate-1
np	866	3268	replicate-1
np	867	3224	replicate-1
np	868	3148	replicate-1
np	869	3176	replicate-1
np	870	3176	replicate-1
np	871	3200	replicate-1
np	872	3187	replicate-1
np	873	3178	replicate-1
np	874	3192	replicate-1
np	875	3183	replicate-1
np	876	3162	replicate-1
np	877	3183	replicate-1
np	878	3186	replicate-1
np	879	3184	replicate-1
np	880	3182	replicate-1
np	881	3199	replicate-1
np	882	3181	replicate-1
np	883	3222	replicate-1
np	884	3357	replicate-1
np	885	3380	replicate-1
np	886	3365	replicate-1
np	887	3395	replicate-1
np	888	3416	replicate-1
np	889	3412	replicate-1
np	890	3490	replicate-1
np	891	3445	replicate-1
np	892	3424	replicate-1
np	893	3314	replicate-1
np	894	3301	replicate-1
np	895	3402	replicate-1
np	896	3380	replicate-1
np	897	3384	replicate-1
np	898	3401	replicate-1
np	899	3344	replicate-1
np	900	3398	replicate-1
np	901	3394	replicate-1
np	902	3388	replicate-1
np	903	3379	replicate-1
np	904	3284	replicate-1
np	905	3353	replicate-1
np	906	3365	replicate-1
np	907	3494	replicate-1
np	908	3428	replicate-1
np	909	3378	replicate-1
np	910	3373	replicate-1
np	911	3364	replicate-1
np	912	3362	replicate-1
np	913	3363	replicate-1
np	914	3319	replicate-1
np	915	3402	replicate-1
np	916	3275	replicate-1
np	917	3282	replicate-1
np	918	3257	replicate-1
np	919	3272	replicate-1
np	920	3288	replicate-1
np	921	3293	replicate-1
np	922	3294	replicate-1
np	923	3306	replicate-1
np	924	3222	replicate-1
np	925	3284	replicate-1
np	926	3284	replicate-1
np	927	3354	replicate-1
np	928	3373	replicate-1
np	929	3384	replicate-1
np	930	3418	replicate-1
np	931	3408	replicate-1
np	932	3430	replicate-1
np	933	3469	replicate-1
np	934	3440	replicate-1
np	935	3531	replicate-1
np	936	3491	replicate-1
np	937	3515	replicate-1
np	938	3498	replicate-1
np	939	3563	replicate-1
np	940	3610	replicate-1
np	941	3606	replicate-1
np	942	3596	replicate-1
np	943	3596	replicate-1
np	944	3644	replicate-1
np	945	3639	replicate-1
np	946	3618	replicate-1
np	947	3620	replicate-1
np	948	3573	replicate-1
np	949	3601	replicate-1
np	950	3635	replicate-1
np	951	3645	replicate-1
np	952	3668	replicate-1
np	953	3683	replicate-1
np	954	3691	replicate-1
np	955	3710	replicate-1
np	956	3726	replicate-1
np	957	3740	replicate-1
np	958	3724	replicate-1
np	959	3729	replicate-1
np	960	3734	replicate-1
np	961	3754	replicate-1
np	962	3728	replicate-1
np	963	3761	replicate-1
np	964	3829	replicate-1
np	965	3829	replicate-1
np	966	3832	replicate-1
np	967	3864	replicate-1
np	968	3863	replicate-1
np	969	3849	replicate-1
np	970	3838	replicate-1
np	971	3835	replicate-1
np	972	3834	replicate-1
np	973	3746	replicate-1
np	974	3773	replicate-1
np	975	3806	replicate-1
np	976	3803	replicate-1
np	977	3808	replicate-1
np	978	3799	replicate-1
np	979	3888	replicate-1
np	980	3921	replicate-1
np	981	3936	replicate-1
np	982	3944	replicate-1
np	983	3932	replicate-1
np	984	3939	replicate-1
np	985	3957	replicate-1
np	986	4024	replicate-1
np	987	4027	replicate-1
np	988	3944	replicate-1
np	989	3943	replicate-1
np	990	4089	replicate-1
np	991	4096	replicate-1
np	992	4092	replicate-1
np	993	4082	replicate-1
np	994	4019	replicate-1
np	995	4034	replicate-1
np	996	4007	replicate-1
np	997	4009	replicate-1
np	998	3954	replicate-1
np	999	3913	replicate-1
np	1000	3884	replicate-1
np	1001	3882	replicate-1
np	1002	3909	replicate-1
np	1003	3904	replicate-1
np	1004	3888	replicate-1
np	1005	3877	replicate-1
np	1006	3872	replicate-1
np	1007	3874	replicate-1
np	1008	3848	replicate-1
np	1009	3797	replicate-1
np	1010	3780	replicate-1
np	1011	3713	replicate-1
np	1012	3728	replicate-1
np	1013	3729	replicate-1
np	1014	3755	replicate-1
np	1015	3821	replicate-1
np	1016	3833	replicate-1
np	1017	3811	replicate-1
np	1018	3806	replicate-1
np	1019	3841	replicate-1
np	1020	3852	replicate-1
np	1021	3846	replicate-1
np	1022	3851	replicate-1
np	1023	3849	replicate-1
np	1024	3845	replicate-1
np	1025	3812	replicate-1
np	1026	3838	replicate-1
np	1027	3838	replicate-1
np	1028	3835	replicate-1
np	1029	4062	replicate-1
np	1030	4116	replicate-1
np	1031	4098	replicate-1
np	1032	4087	replicate-1
np	1033	4086	replicate-1
np	1034	4067	replicate-1
np	1035	4023	replicate-1
np	1036	4020	replicate-1
np	1037	4046	replicate-1
np	1038	3934	replicate-1
np	1039	3998	replicate-1
np	1040	3956	replicate-1
np	1041	3993	replicate-1
np	1042	3997	replicate-1
np	1043	3978	replicate-1
np	1044	3991	replicate-1
np	1045	3933	replicate-1
np	1046	3947	replicate-1
np	1047	3961	replicate-1
np	1048	3900	replicate-1
np	1049	3907	replicate-1
np	1050	3888	replicate-1
np	1051	3914	replicate-1
np	1052	3917	replicate-1
np	1053	3906	replicate-1
np	1054	3965	replicate-1
np	1055	3937	replicate-1
np	1056	3946	replicate-1
np	1057	3962	replicate-1
np	1058	3877	replicate-1
np	1059	3873	replicate-1
np	1060	3868	replicate-1
np	1061	3867	replicate-1
np	1062	3888	replicate-1
np	1063	3908	replicate-1
np	1064	3991	replicate-1
np	1065	3980	replicate-1
np	1066	3949	replicate-1
np	1067	3935	replicate-1
np	1068	3943	replicate-1
np	1069	3936	replicate-1
np	1070	3941	replicate-1
np	1071	3925	replicate-1
np	1072	3980	replicate-1
np	1073	3897	replicate-1
np	1074	3935	replicate-1
np	1075	3917	replicate-1
np	1076	3917	replicate-1
np	1077	3892	replicate-1
np	1078	3911	replicate-1
np	1079	3917	replicate-1
np	1080	3911	replicate-1
np	1081	3870	replicate-1
np	1082	3917	replicate-1
np	1083	3909	replicate-1
np	1084	3902	replicate-1
np	1085	3895	replicate-1
np	1086	3860	replicate-1
np	1087	3810	replicate-1
np	1088	3820	replicate-1
np	1089	3792	replicate-1
np	1090	3804	replicate-1
np	1091	3859	replicate-1
np	1092	3900	replicate-1
np	1093	3911	replicate-1
np	1094	3892	replicate-1
np	1095	3890	replicate-1
np	1096	3913	replicate-1
np	1097	3999	replicate-1
np	1098	3990	replicate-1
np	1099	3996	replicate-1
np	1100	3924	replicate-1
np	1101	3855	replicate-1
np	1102	3930	replicate-1
np	1103	3931	replicate-1
np	1104	3940	replicate-1
np	1105	3941	replicate-1
np	1106	3895	replicate-1
np	1107	3904	replicate-1
np	1108	3904	replicate-1
np	1109	3967	replicate-1
np	1110	3947	replicate-1
np	1111	3934	replicate-1
np	1112	3912	replicate-1
np	1113	3907	replicate-1
np	1114	3900	replicate-1
np	1115	3873	replicate-1
np	1116	3880	replicate-1
np	1117	3918	replicate-1
np	1118	3844	replicate-1
np	1119	3889	replicate-1
np	1120	3883	replicate-1
np	1121	3933	replicate-1
np	1122	3973	replicate-1
np	1123	3959	replicate-1
np	1124	3992	replicate-1
np	1125	3983	replicate-1
np	1126	3935	replicate-1
np	1127	3972	replicate-1
np	1128	3907	replicate-1
np	1129	3923	replicate-1
np	1130	3894	replicate-1
np	1131	3845	replicate-1
np	1132	3918	replicate-1
np	1133	3948	replicate-1
np	1134	3976	replicate-1
np	1135	3981	replicate-1
np	1136	3950	replicate-1
np	1137	3943	replicate-1
np	1138	3939	replicate-1
np	1139	3935	replicate-1
np	1140	3886	replicate-1
np	1141	3798	replicate-1
np	1142	3812	replicate-1
np	1143	3860	replicate-1
np	1144	3890	replicate-1
np	1145	3881	replicate-1
np	1146	3885	replicate-1
np	1147	3909	replicate-1
np	1148	3918	replicate-1
np	1149	3931	replicate-1
np	1150	3901	replicate-1
np	1151	3897	replicate-1
np	1152	3889	replicate-1
np	1153	3872	replicate-1
np	1154	3878	replicate-1
np	1155	3948	replicate-1
np	1156	3921	replicate-1
np	1157	3929	replicate-1
np	1158	3917	replicate-1
np	1159	3949	replicate-1
np	1160	3977	replicate-1
np	1161	3996	replicate-1
np	1162	4001	replicate-1
np	1163	4055	replicate-1
np	1164	3968	replicate-1
np	1165	3986	replicate-1
np	1166	3957	replicate-1
np	1167	3962	replicate-1
np	1168	3962	replicate-1
np	1169	3892	replicate-1
np	1170	3948	replicate-1
np	1171	3918	replicate-1
np	1172	3937	replicate-1
np	1173	3932	replicate-1
np	1174	3904	replicate-1
np	1175	3935	replicate-1
np	1176	3951	replicate-1
np	1177	3931	replicate-1
np	1178	3987	replicate-1
np	1179	3898	replicate-1
np	1180	3900	replicate-1
np	1181	3857	replicate-1
np	1182	3847	replicate-1
np	1183	3868	replicate-1
np	1184	3841	replicate-1
np	1185	3834	replicate-1
np	1186	3838	replicate-1
np	1187	3662	replicate-1
np	1188	3701	replicate-1
np	1189	3664	replicate-1
np	1190	3674	replicate-1
np	1191	3736	replicate-1
np	1192	3701	replicate-1
np	1193	3747	replicate-1
np	1194	3752	replicate-1
np	1195	3729	replicate-1
np	1196	3759	replicate-1
np	1197	3778	replicate-1
np	1198	3772	replicate-1
np	1199	3747	replicate-1
np	1200	3747	replicate-1
np	1201	3630	replicate-1
np	1202	3664	replicate-1
np	1203	3691	replicate-1
np	1204	3717	replicate-1
np	1205	3699	replicate-1
np	1206	3578	replicate-1
np	1207	3584	replicate-1
np	1208	3584	replicate-1
np	1209	3572	replicate-1
np	1210	3578	replicate-1
np	1211	3564	replicate-1
np	1212	3508	replicate-1
np	1213	3504	replicate-1
np	1214	3490	replicate-1
np	1215	3479	replicate-1
np	1216	3453	replicate-1
np	1217	3470	replicate-1
np	1218	3490	replicate-1
np	1219	3484	replicate-1
np	1220	3485	replicate-1
np	1221	3426	replicate-1
np	1222	3425	replicate-1
np	1223	3463	replicate-1
np	1224	3460	replicate-1
np	1225	3470	replicate-1
np	1226	3478	replicate-1
np	1227	3486	replicate-1
np	1228	3478	replicate-1
np	1229	3464	replicate-1
np	1230	3479	replicate-1
np	1231	3439	replicate-1
np	1232	3479	replicate-1
np	1233	3417	replicate-1
np	1234	3582	replicate-1
np	1235	3618	replicate-1
np	1236	3722	replicate-1
np	1237	3734	replicate-1
np	1238	3673	replicate-1
np	1239	3672	replicate-1
np	1240	3683	replicate-1
np	1241	3651	replicate-1
np	1242	3647	replicate-1
np	1243	3605	replicate-1
np	1244	3633	replicate-1
np	1245	3576	replicate-1
np	1246	3576	replicate-1
np	1247	3546	replicate-1
np	1248	3529	replicate-1
np	1249	3526	replicate-1
np	1250	3579	replicate-1
np	1251	3569	replicate-1
np	1252	3575	replicate-1
np	1253	3565	replicate-1
np	1254	3526	replicate-1
np	1255	3569	replicate-1
np	1256	3572	replicate-1
np	1257	3569	replicate-1
np	1258	3574	replicate-1
np	1259	3518	replicate-1
np	1260	3563	replicate-1
np	1261	3583	replicate-1
np	1262	3652	replicate-1
np	1263	3657	replicate-1
np	1264	3578	replicate-1
np	1265	3625	replicate-1
np	1266	3625	replicate-1
np	1267	3645	replicate-1
np	1268	3637	replicate-1
np	1269	3612	replicate-1
np	1270	3614	replicate-1
np	1271	3523	replicate-1
np	1272	3644	replicate-1
np	1273	3689	replicate-1
np	1274	3678	replicate-1
np	1275	3718	replicate-1
np	1276	3708	replicate-1
np	1277	3746	replicate-1
np	1278	3739	replicate-1
np	1279	3759	replicate-1
np	1280	3796	replicate-1
np	1281	3737	replicate-1
np	1282	3605	replicate-1
np	1283	3622	replicate-1
np	1284	3534	replicate-1
np	1285	3630	replicate-1
np	1286	3599	replicate-1
np	1287	3612	replicate-1
np	1288	3619	replicate-1
np	1289	3595	replicate-1
np	1290	3611	replicate-1
np	1291	3610	replicate-1
np	1292	3627	replicate-1
np	1293	3610	replicate-1
np	1294	3471	replicate-1
np	1295	3465	replicate-1
np	1296	3467	replicate-1
np	1297	3476	replicate-1
np	1298	3476	replicate-1
np	1299	3506	replicate-1
np	1300	3527	replicate-1
np	1301	3505	replicate-1
np	1302	3548	replicate-1
np	1303	3552	replicate-1
np	1304	3559	replicate-1
np	1305	3556	replicate-1
np	1306	3547	replicate-1
np	1307	3547	replicate-1
np	1308	3554	replicate-1
np	1309	3524	replicate-1
np	1310	3541	replicate-1
np	1311	3470	replicate-1
np	1312	3476	replicate-1
np	1313	3446	replicate-1
np	1314	3423	replicate-1
np	1315	3434	replicate-1
np	1316	3439	replicate-1
np	1317	3485	replicate-1
np	1318	3472	replicate-1
np	1319	3467	replicate-1
np	1320	3455	replicate-1
np	1321	3450	replicate-1
np	1322	3454	replicate-1
np	1323	3435	replicate-1
np	1324	3419	replicate-1
np	1325	3401	replicate-1
np	1326	3323	replicate-1
np	1327	3333	replicate-1
np	1328	3298	replicate-1
np	1329	3308	replicate-1
np	1330	3307	replicate-1
np	1331	3293	replicate-1
np	1332	3288	replicate-1
np	1333	3287	replicate-1
np	1334	3304	replicate-1
np	1335	3301	replicate-1
np	1336	3281	replicate-1
np	1337	3345	replicate-1
np	1338	3330	replicate-1
np	1339	3303	replicate-1
np	1340	3316	replicate-1
np	1341	3308	replicate-1
np	1342	3292	replicate-1
np	1343	3280	replicate-1
np	1344	3255	replicate-1
np	1345	3257	replicate-1
np	1346	3309	replicate-1
np	1347	3311	replicate-1
np	1348	3287	replicate-1
np	1349	3287	replicate-1
np	1350	3269	replicate-1
np	1351	3210	replicate-1
np	1352	3214	replicate-1
np	1353	3209	replicate-1
np	1354	3217	replicate-1
np	1355	3251	replicate-1
np	1356	3233	replicate-1
np	1357	3226	replicate-1
np	1358	3220	replicate-1
np	1359	3224	replicate-1
np	1360	3231	replicate-1
np	1361	3220	replicate-1
np	1362	3239	replicate-1
np	1363	3197	replicate-1
np	1364	3139	replicate-1
np	1365	3126	replicate-1
np	1366	3114	replicate-1
np	1367	3134	replicate-1
np	1368	3150	replicate-1
np	1369	3116	replicate-1
np	1370	3121	replicate-1
np	1371	3027	replicate-1
np	1372	3032	replicate-1
np	1373	2985	replicate-1
np	1374	3029	replicate-1
np	1375	3063	replicate-1
np	1376	3033	replicate-1
np	1377	3065	replicate-1
np	1378	3151	replicate-1
np	1379	3120	replicate-1
np	1380	3120	replicate-1
np	1381	3110	replicate-1
np	1382	3127	replicate-1
np	1383	3045	replicate-1
np	1384	2995	replicate-1
np	1385	2925	replicate-1
np	1386	2825	replicate-1
np	1387	2883	replicate-1
np	1388	2932	replicate-1
np	1389	2949	replicate-1
np	1390	2979	replicate-1
np	1391	2909	replicate-1
np	1392	2895	replicate-1
np	1393	2887	replicate-1
np	1394	2894	replicate-1
np	1395	2895	replicate-1
np	1396	2894	replicate-1
np	1397	2891	replicate-1
np	1398	2876	replicate-1
np	1399	2843	replicate-1
np	1400	2855	replicate-1
np	1401	2832	replicate-1
np	1402	2882	replicate-1
np	1403	2871	replicate-1
np	1404	2845	replicate-1
np	1405	2857	replicate-1
np	1406	2859	replicate-1
np	1407	2874	replicate-1
np	1408	2901	replicate-1
np	1409	2867	replicate-1
np	1410	2824	replicate-1
np	1411	2821	replicate-1
np	1412	2765	replicate-1
np	1413	2807	replicate-1
np	1414	2781	replicate-1
np	1415	2866	replicate-1
np	1416	2865	replicate-1
np	1417	2896	replicate-1
np	1418	2907	replicate-1
np	1419	2908	replicate-1
np	1420	2888	replicate-1
np	1421	2859	replicate-1
np	1422	2862	replicate-1
np	1423	2822	replicate-1
np	1424	2804	replicate-1
np	1425	2786	replicate-1
np	1426	2712	replicate-1
np	1427	2708	replicate-1
np	1428	2703	replicate-1
np	1429	2703	replicate-1
np	1430	2700	replicate-1
np	1431	2685	replicate-1
np	1432	2738	replicate-1
np	1433	2694	replicate-1
np	1434	2712	replicate-1
np	1435	2714	replicate-1
np	1436	2721	replicate-1
np	1437	2725	replicate-1
np	1438	2721	replicate-1
np	1439	2706	replicate-1
np	1440	2706	replicate-1
np	1441	2653	replicate-1
np	1442	2648	replicate-1
np	1443	2672	replicate-1
np	1444	2665	replicate-1
np	1445	2666	replicate-1
np	1446	2664	replicate-1
np	1447	2663	replicate-1
np	1448	2653	replicate-1
np	1449	2645	replicate-1
np	1450	2638	replicate-1
np	1451	2625	replicate-1
np	1452	2591	replicate-1
np	1453	2588	replicate-1
np	1454	2586	replicate-1
np	1455	2586	replicate-1
np	1456	2577	replicate-1
np	1457	2568	replicate-1
np	1458	2541	replicate-1
np	1459	2542	replicate-1
np	1460	2533	replicate-1
np	1461	2529	replicate-1
np	1462	2445	replicate-1
np	1463	2428	replicate-1
np	1464	2424	replicate-1
np	1465	2409	replicate-1
np	1466	2389	replicate-1
np	1467	2381	replicate-1
np	1468	2380	replicate-1
np	1469	2379	replicate-1
np	1470	2351	replicate-1
np	1471	2348	replicate-1
np	1472	2333	replicate-1
np	1473	2337	replicate-1
np	1474	2332	replicate-1
np	1475	2320	replicate-1
np	1476	2305	replicate-1
np	1477	2300	replicate-1
np	1478	2329	replicate-1
np	1479	2327	replicate-1
np	1480	2288	replicate-1
np	1481	2292	replicate-1
np	1482	2287	replicate-1
np	1483	2290	replicate-1
np	1484	2287	replicate-1
np	1485	2276	replicate-1
np	1486	2267	replicate-1
np	1487	2051	replicate-1
np	1488	2044	replicate-1
np	1489	2026	replicate-1
np	1490	2039	replicate-1
np	1491	2041	replicate-1
np	1492	1994	replicate-1
np	1493	1991	replicate-1
np	1494	1984	replicate-1
np	1495	1979	replicate-1
np	1496	1976	replicate-1
np	1497	1822	replicate-1
np	1498	1815	replicate-1
np	1499	1742	replicate-1
np	1500	1718	replicate-1
np	1501	1720	replicate-1
np	1502	1693	replicate-1
np	1503	1662	replicate-1
np	1504	1660	replicate-1
np	1505	1643	replicate-1
np	1506	1639	replicate-1
np	1507	1620	replicate-1
np	1508	1607	replicate-1
np	1509	1576	replicate-1
np	1510	1523	replicate-1
np	1511	1525	replicate-1
np	1512	1518	replicate-1
np	1513	1516	replicate-1
np	1514	1517	replicate-1
np	1515	1514	replicate-1
np	1516	1514	replicate-1
np	1517	1493	replicate-1
np	1518	1490	replicate-1
np	1519	1431	replicate-1
np	1520	1429	replicate-1
np	1521	1425	replicate-1
np	1522	1424	replicate-1
np	1523	1421	replicate-1
np	1524	1359	replicate-1
np	1525	1350	replicate-1
np	1526	1315	replicate-1
np	1527	1269	replicate-1
np	1528	1259	replicate-1
np	1529	959	replicate-1
np	1530	959	replicate-1
np	1531	884	replicate-1
np	1532	872	replicate-1
np	1533	868	replicate-1
np	1534	831	replicate-1
np	1535	828	replicate-1
np	1536	798	replicate-1
np	1537	568	replicate-1
np	1538	568	replicate-1
np	1539	452	replicate-1
np	1540	439	replicate-1
np	1541	435	replicate-1
np	1542	433	replicate-1
np	1543	430	replicate-1
np	1544	430	replicate-1
np	1545	400	replicate-1
np	1546	395	replicate-1
np	1547	393	replicate-1
np	1548	390	replicate-1
np	1549	390	replicate-1
np	1550	388	replicate-1
np	1551	384	replicate-1
np	1552	383	replicate-1
np	1553	351	replicate-1
np	1554	347	replicate-1
np	1555	320	replicate-1
np	1556	311	replicate-1
np	1557	311	replicate-1
np	1558	304	replicate-1
np	1559	303	replicate-1
np	1560	301	replicate-1
np	1561	256	replicate-1
np	1562	240	replicate-1
np	1563	235	replicate-1
np	1564	234	replicate-1
np	1565	53	replicate-1
pb1	1	2048	replicate-1
pb1	2	2243	replicate-1
pb1	3	2281	replicate-1
pb1	4	2287	replicate-1
pb1	5	2423	replicate-1
pb1	6	2438	replicate-1
pb1	7	2447	replicate-1
pb1	8	2464	replicate-1
pb1	9	2558	replicate-1
pb1	10	2573	replicate-1
pb1	11	2624	replicate-1
pb1	12	2666	replicate-1
pb1	13	2678	replicate-1
pb1	14	2683	replicate-1
pb1	15	2728	replicate-1
pb1	16	2744	replicate-1
pb1	17	2962	replicate-1
pb1	18	3001	replicate-1
pb1	19	3078	replicate-1
pb1	20	3160	replicate-1
pb1	21	3201	replicate-1
pb1	22	3217	replicate-1
pb1	23	3313	replicate-1
pb1	24	3335	replicate-1
pb1	25	3362	replicate-1
pb1	26	3375	replicate-1
pb1	27	3397	replicate-1
pb1	28	3431	replicate-1
pb1	29	3528	replicate-1
pb1	30	3574	replicate-1
pb1	31	3590	replicate-1
pb1	32	3595	replicate-1
pb1	33	3668	replicate-1
pb1	34	3690	replicate-1
pb1	35	3699	replicate-1
pb1	36	3711	replicate-1
pb1	37	3724	replicate-1
pb1	38	3734	replicate-1
pb1	39	3771	replicate-1
pb1	40	3830	replicate-1
pb1	41	3860	replicate-1
pb1	42	3866	replicate-1
pb1	43	3891	replicate-1
pb1	44	3902	replicate-1
pb1	45	3928	replicate-1
pb1	46	3946	replicate-1
pb1	47	3946	replicate-1
pb1	48	3969	replicate-1
pb1	49	3981	replicate-1
pb1	50	4037	replicate-1
pb1	51	4058	replicate-1
pb1	52	4063	replicate-1
pb1	53	4066	replicate-1
pb1	54	4088	replicate-1
pb1	55	4094	replicate-1
pb1	56	4126	replicate-1
pb1	57	4128	replicate-1
pb1	58	4140	replicate-1
pb1	59	4155	replicate-1
pb1	60	4165	replicate-1
pb1	61	4171	replicate-1
pb1	62	4167	replicate-1
pb1	63	4161	replicate-1
pb1	64	4190	replicate-1
pb1	65	4207	replicate-1
pb1	66	4225	replicate-1
pb1	67	4247	replicate-1
pb1	68	4247	replicate-1
pb1	69	4259	replicate-1
pb1	70	4266	replicate-1
pb1	71	4318	replicate-1
pb1	72	4356	replicate-1
pb1	73	4475	replicate-1
pb1	74	4488	replicate-1
pb1	75	4492	replicate-1
pb1	76	4514	replicate-1
pb1	77	4509	replicate-1
pb1	78	4623	replicate-1
pb1	79	4627	replicate-1
pb1	80	4658	replicate-1
pb1	81	4669	replicate-1
pb1	82	4619	replicate-1
pb1	83	4728	replicate-1
pb1	84	4727	replicate-1
pb1	85	4737	replicate-1
pb1	86	4761	replicate-1
pb1	87	4715	replicate-1
pb1	88	4873	replicate-1
pb1	89	4864	replicate-1
pb1	90	5256	replicate-1
pb1	91	5254	replicate-1
pb1	92	5231	replicate-1
pb1	93	5402	replicate-1
pb1	94	5372	replicate-1
pb1	95	5561	replicate-1
pb1	96	5591	replicate-1
pb1	97	5493	replicate-1
pb1	98	5546	replicate-1
pb1	99	5426	replicate-1
pb1	100	5466	replicate-1
pb1	101	5479	replicate-1
pb1	102	5398	replicate-1
pb1	103	5403	replicate-1
pb1	104	5402	replicate-1
pb1	105	5399	replicate-1
pb1	106	5566	replicate-1
pb1	107	5569	replicate-1
pb1	108	5590	replicate-1
pb1	109	5836	replicate-1
pb1	110	5838	replicate-1
pb1	111	5862	replicate-1
pb1	112	5860	replicate-1
pb1	113	5847	replicate-1
pb1	114	5861	replicate-1
pb1	115	5728	replicate-1
pb1	116	5878	replicate-1
pb1	117	5943	replicate-1
pb1	118	5863	replicate-1
pb1	119	5873	replicate-1
pb1	120	5858	replicate-1
pb1	121	5870	replicate-1
pb1	122	6033	replicate-1
pb1	123	6024	replicate-1
pb1	124	6012	replicate-1
pb1	125	5986	replicate-1
pb1	126	5881	replicate-1
pb1	127	5972	replicate-1
pb1	128	6077	replicate-1
pb1	129	6100	replicate-1
pb1	130	6111	replicate-1
pb1	131	6219	replicate-1
pb1	132	6140	replicate-1
pb1	133	6382	replicate-1
pb1	134	6426	replicate-1
pb1	135	6538	replicate-1
pb1	136	6450	replicate-1
pb1	137	6475	replicate-1
pb1	138	6524	replicate-1
pb1	139	6540	replicate-1
pb1	140	6702	replicate-1
pb1	141	6455	replicate-1
pb1	142	6464	replicate-1
pb1	143	6417	replicate-1
pb1	144	6567	replicate-1
pb1	145	6568	replicate-1
pb1	146	6576	replicate-1
pb1	147	6552	replicate-1
pb1	148	6542	replicate-1
pb1	149	6949	replicate-1
pb1	150	6819	replicate-1
pb1	151	6534	replicate-1
pb1	152	6479	replicate-1
pb1	153	6625	replicate-1
pb1	154	6636	replicate-1
pb1	155	6656	replicate-1
pb1	156	6647	replicate-1
pb1	157	6573	replicate-1
pb1	158	6652	replicate-1
pb1	159	6394	replicate-1
pb1	160	6398	replicate-1
pb1	161	6387	replicate-1
pb1	162	6225	replicate-1
pb1	163	6526	replicate-1
pb1	164	6663	replicate-1
pb1	165	6832	replicate-1
pb1	166	6842	replicate-1
pb1	167	6806	replicate-1
pb1	168	6937	replicate-1
pb1	169	6913	replicate-1
pb1	170	7087	replicate-1
pb1	171	7083	replicate-1
pb1	172	6924	replicate-1
pb1	173	6937	replicate-1
pb1	174	6900	replicate-1
pb1	175	7063	replicate-1
pb1	176	7105	replicate-1
pb1	177	7076	replicate-1
pb1	178	7154	replicate-1
pb1	179	7087	replicate-1
pb1	180	7124	replicate-1
pb1	181	7167	replicate-1
pb1	182	7174	replicate-1
pb1	183	7236	replicate-1
pb1	184	7185	replicate-1
pb1	185	7172	replicate-1
pb1	186	7260	replicate-1
pb1	187	7246	replicate-1
pb1	188	7302	replicate-1
pb1	189	7334	replicate-1
pb1	190	7357	replicate-1
pb1	191	7402	replicate-1
pb1	192	7372	replicate-1
pb1	193	7377	replicate-1
pb1	194	7392	replicate-1
pb1	195	7358	replicate-1
pb1	196	7379	replicate-1
pb1	197	7336	replicate-1
pb1	198	7597	replicate-1
pb1	199	7591	replicate-1
pb1	200	7584	replicate-1
pb1	201	7529	replicate-1
pb1	202	7558	replicate-1
pb1	203	7582	replicate-1
pb1	204	7706	replicate-1
pb1	205	7658	replicate-1
pb1	206	7691	replicate-1
pb1	207	7511	replicate-1
pb1	208	7514	replicate-1
pb1	209	7527	replicate-1
pb1	210	7531	replicate-1
pb1	211	7532	replicate-1
pb1	212	7548	replicate-1
pb1	213	7460	replicate-1
pb1	214	7695	replicate-1
pb1	215	7638	replicate-1
pb1	216	7627	replicate-1
pb1	217	7643	replicate-1
pb1	218	7690	replicate-1
pb1	219	7792	replicate-1
pb1	220	7795	replicate-1
pb1	221	7754	replicate-1
pb1	222	7729	replicate-1
pb1	223	7546	replicate-1
pb1	224	7594	replicate-1
pb1	225	7631	replicate-1
pb1	226	7586	replicate-1
pb1	227	7581	replicate-1
pb1	228	7549	replicate-1
pb1	229	7647	replicate-1
pb1	230	7749	replicate-1
pb1	231	7807	replicate-1
pb1	232	7840	replicate-1
pb1	233	7856	replicate-1
pb1	234	7855	replicate-1
pb1	235	7849	replicate-1
pb1	236	7911	replicate-1
pb1	237	7940	replicate-1
pb1	238	7959	replicate-1
pb1	239	7922	replicate-1
pb1	240	7776	replicate-1
pb1	241	7783	replicate-1
pb1	242	7761	replicate-1
pb1	243	7884	replicate-1
pb1	244	8160	replicate-1
pb1	245	8101	replicate-1
pb1	246	8020	replicate-1
pb1	247	8066	replicate-1
pb1	248	8064	replicate-1
pb1	249	8097	replicate-1
pb1	250	8151	replicate-1
pb1	251	8105	replicate-1
pb1	252	8151	replicate-1
pb1	253	7930	replicate-1
pb1	254	7927	replicate-1
pb1	255	7911	replicate-1
pb1	256	7923	replicate-1
pb1	257	7864	replicate-1
pb1	258	7881	replicate-1
pb1	259	7911	replicate-1
pb1	260	7897	replicate-1
pb1	261	7857	replicate-1
pb1	262	7862	replicate-1
pb1	263	7984	replicate-1
pb1	264	8135	replicate-1
pb1	265	8245	replicate-1
pb1	266	8438	replicate-1
pb1	267	8370	replicate-1
pb1	268	8342	replicate-1
pb1	269	8419	replicate-1
pb1	270	8453	replicate-1
pb1	271	8514	replicate-1
pb1	272	8443	replicate-1
pb1	273	8402	replicate-1
pb1	274	8582	replicate-1
pb1	275	8392	replicate-1
pb1	276	8629	replicate-1
pb1	277	8640	replicate-1
pb1	278	8631	replicate-1
pb1	279	8572	replicate-1
pb1	280	8660	replicate-1
pb1	281	8589	replicate-1
pb1	282	8492	replicate-1
pb1	283	8280	replicate-1
pb1	284	8400	replicate-1
pb1	285	8328	replicate-1
pb1	286	8403	replicate-1
pb1	287	8448	replicate-1
pb1	288	8583	replicate-1
pb1	289	8471	replicate-1
pb1	290	8447	replicate-1
pb1	291	8433	replicate-1
pb1	292	8426	replicate-1
pb1	293	8330	replicate-1
pb1	294	8331	replicate-1
pb1	295	8300	replicate-1
pb1	296	8273	replicate-1
pb1	297	8137	replicate-1
pb1	298	8167	replicate-1
pb1	299	8155	replicate-1
pb1	300	8055	replicate-1
pb1	301	8040	replicate-1
pb1	302	8039	replicate-1
pb1	303	7929	replicate-1
pb1	304	7867	replicate-1
pb1	305	8742	replicate-1
pb1	306	8960	replicate-1
pb1	307	8967	replicate-1
pb1	308	8961	replicate-1
pb1	309	8920	replicate-1
pb1	310	8930	replicate-1
pb1	311	9334	replicate-1
pb1	312	9334	replicate-1
pb1	313	9339	replicate-1
pb1	314	8472	replicate-1
pb1	315	8595	replicate-1
pb1	316	8557	replicate-1
pb1	317	8737	replicate-1
pb1	318	8717	replicate-1
pb1	319	8894	replicate-1
pb1	320	8948	replicate-1
pb1	321	9002	replicate-1
pb1	322	8990	replicate-1
pb1	323	8993	replicate-1
pb1	324	8861	replicate-1
pb1	325	8867	replicate-1
pb1	326	8859	replicate-1
pb1	327	8835	replicate-1
pb1	328	8871	replicate-1
pb1	329	8790	replicate-1
pb1	330	8775	replicate-1
pb1	331	8730	replicate-1
pb1	332	8742	replicate-1
pb1	333	8740	replicate-1
pb1	334	8734	replicate-1
pb1	335	8725	replicate-1
pb1	336	8723	replicate-1
pb1	337	8683	replicate-1
pb1	338	8637	replicate-1
pb1	339	8630	replicate-1
pb1	340	8605	replicate-1
pb1	341	8589	replicate-1
pb1	342	8597	replicate-1
pb1	343	8597	replicate-1
pb1	344	8729	replicate-1
pb1	345	8757	replicate-1
pb1	346	8775	replicate-1
pb1	347	8771	replicate-1
pb1	348	8719	replicate-1
pb1	349	8640	replicate-1
pb1	350	8638	replicate-1
pb1	351	8646	replicate-1
pb1	352	8651	replicate-1
pb1	353	8631	replicate-1
pb1	354	8620	replicate-1
pb1	355	8566	replicate-1
pb1	356	8550	replicate-1
pb1	357	8544	replicate-1
pb1	358	8615	replicate-1
pb1	359	8643	replicate-1
pb1	360	8624	replicate-1
pb1	361	8622	replicate-1
pb1	362	8591	replicate-1
pb1	363	8567	replicate-1
pb1	364	8586	replicate-1
pb1	365	8556	replicate-1
pb1	366	8548	replicate-1
pb1	367	8576	replicate-1
pb1	368	8492	replicate-1
pb1	369	8558	replicate-1
pb1	370	8597	replicate-1
pb1	371	8680	replicate-1
pb1	372	8690	replicate-1
pb1	373	8599	replicate-1
pb1	374	8585	replicate-1
pb1	375	8581	replicate-1
pb1	376	8597	replicate-1
pb1	377	8598	replicate-1
pb1	378	8408	replicate-1
pb1	379	8406	replicate-1
pb1	380	8178	replicate-1
pb1	381	8198	replicate-1
pb1	382	8199	replicate-1
pb1	383	8147	replicate-1
pb1	384	8145	replicate-1
pb1	385	8056	replicate-1
pb1	386	8316	replicate-1
pb1	387	8312	replicate-1
pb1	388	8271	replicate-1
pb1	389	8239	replicate-1
pb1	390	8240	replicate-1
pb1	391	8316	replicate-1
pb1	392	8335	replicate-1
pb1	393	8240	replicate-1
pb1	394	8137	replicate-1
pb1	395	7841	replicate-1
pb1	396	7849	replicate-1
pb1	397	7856	replicate-1
pb1	398	7883	replicate-1
pb1	399	7883	replicate-1
pb1	400	7782	replicate-1
pb1	401	7790	replicate-1
pb1	402	7757	replicate-1
pb1	403	7749	replicate-1
pb1	404	7756	replicate-1
pb1	405	7924	replicate-1
pb1	406	8035	replicate-1
pb1	407	8087	replicate-1
pb1	408	8026	replicate-1
pb1	409	7898	replicate-1
pb1	410	7924	replicate-1
pb1	411	8033	replicate-1
pb1	412	8023	replicate-1
pb1	413	8013	replicate-1
pb1	414	7693	replicate-1
pb1	415	7416	replicate-1
pb1	416	7318	replicate-1
pb1	417	7252	replicate-1
pb1	418	7347	replicate-1
pb1	419	7368	replicate-1
pb1	420	7239	replicate-1
pb1	421	7227	replicate-1
pb1	422	7171	replicate-1
pb1	423	7235	replicate-1
pb1	424	7246	replicate-1
pb1	425	7155	replicate-1
pb1	426	7114	replicate-1
pb1	427	6859	replicate-1
pb1	428	6915	replicate-1
pb1	429	6924	replicate-1
pb1	430	6898	replicate-1
pb1	431	6867	replicate-1
pb1	432	6755	replicate-1
pb1	433	6729	replicate-1
pb1	434	6705	replicate-1
pb1	435	6635	replicate-1
pb1	436	6631	replicate-1
pb1	437	6532	replicate-1
pb1	438	6529	replicate-1
pb1	439	6490	replicate-1
pb1	440	6491	replicate-1
pb1	441	6494	replicate-1
pb1	442	6512	replicate-1
pb1	443	6549	replicate-1
pb1	444	6544	replicate-1
pb1	445	6541	replicate-1
pb1	446	6530	replicate-1
pb1	447	6459	replicate-1
pb1	448	6806	replicate-1
pb1	449	6781	replicate-1
pb1	450	6789	replicate-1
pb1	451	6772	replicate-1
pb1	452	6672	replicate-1
pb1	453	7461	replicate-1
pb1	454	7493	replicate-1
pb1	455	7145	replicate-1
pb1	456	7119	replicate-1
pb1	457	6694	replicate-1
pb1	458	7133	replicate-1
pb1	459	7210	replicate-1
pb1	460	7252	replicate-1
pb1	461	7991	replicate-1
pb1	462	7110	replicate-1
pb1	463	7279	replicate-1
pb1	464	7284	replicate-1
pb1	465	7260	replicate-1
pb1	466	7322	replicate-1
pb1	467	6980	replicate-1
pb1	468	6931	replicate-1
pb1	469	6958	replicate-1
pb1	470	6556	replicate-1
pb1	471	6675	replicate-1
pb1	472	6649	replicate-1
pb1	473	6668	replicate-1
pb1	474	6673	replicate-1
pb1	475	6628	replicate-1
pb1	476	6670	replicate-1
pb1	477	6655	replicate-1
pb1	478	6667	replicate-1
pb1	479	6613	replicate-1
pb1	480	6588	replicate-1
pb1	481	6587	replicate-1
pb1	482	6589	replicate-1
pb1	483	6639	replicate-1
pb1	484	6644	replicate-1
pb1	485	6866	replicate-1
pb1	486	6916	replicate-1
pb1	487	6962	replicate-1
pb1	488	7022	replicate-1
pb1	489	7033	replicate-1
pb1	490	7012	replicate-1
pb1	491	7044	replicate-1
pb1	492	6988	replicate-1
pb1	493	7125	replicate-1
pb1	494	7239	replicate-1
pb1	495	7282	replicate-1
pb1	496	7319	replicate-1
pb1	497	7329	replicate-1
pb1	498	7373	replicate-1
pb1	499	7683	replicate-1
pb1	500	7687	replicate-1
pb1	501	7740	replicate-1
pb1	502	7715	replicate-1
pb1	503	7735	replicate-1
pb1	504	7683	replicate-1
pb1	505	7712	replicate-1
pb1	506	7769	replicate-1
pb1	507	7798	replicate-1
pb1	508	7607	replicate-1
pb1	509	7705	replicate-1
pb1	510	7669	replicate-1
pb1	511	7972	replicate-1
pb1	512	7936	replicate-1
pb1	513	7964	replicate-1
pb1	514	8052	replicate-1
pb1	515	8068	replicate-1
pb1	516	8068	replicate-1
pb1	517	8096	replicate-1
pb1	518	8037	replicate-1
pb1	519	8077	replicate-1
pb1	520	7883	replicate-1
pb1	521	7956	replicate-1
pb1	522	8043	replicate-1
pb1	523	8131	replicate-1
pb1	524	8130	replicate-1
pb1	525	8191	replicate-1
pb1	526	8181	replicate-1
pb1	527	8163	replicate-1
pb1	528	8210	replicate-1
pb1	529	8319	replicate-1
pb1	530	8446	replicate-1
pb1	531	8415	replicate-1
pb1	532	8606	replicate-1
pb1	533	8795	replicate-1
pb1	534	8847	replicate-1
pb1	535	8856	replicate-1
pb1	536	8890	replicate-1
pb1	537	8784	replicate-1
pb1	538	8844	replicate-1
pb1	539	8704	replicate-1
pb1	540	8708	replicate-1
pb1	541	8522	replicate-1
pb1	542	8515	replicate-1
pb1	543	8535	replicate-1
pb1	544	8678	replicate-1
pb1	545	8707	replicate-1
pb1	546	8884	replicate-1
pb1	547	9014	replicate-1
pb1	548	9051	replicate-1
pb1	549	9054	replicate-1
pb1	550	9047	replicate-1
pb1	551	9123	replicate-1
pb1	552	9095	replicate-1
pb1	553	9146	replicate-1
pb1	554	9083	replicate-1
pb1	555	9024	replicate-1
pb1	556	8917	replicate-1
pb1	557	8914	replicate-1
pb1	558	8925	replicate-1
pb1	559	8994	replicate-1
pb1	560	9024	replicate-1
pb1	561	9299	replicate-1
pb1	562	9333	replicate-1
pb1	563	9421	replicate-1
pb1	564	9410	replicate-1
pb1	565	9376	replicate-1
pb1	566	9514	replicate-1
pb1	567	9480	replicate-1
pb1	568	9413	replicate-1
pb1	569	9386	replicate-1
pb1	570	9166	replicate-1
pb1	571	9156	replicate-1
pb1	572	9156	replicate-1
pb1	573	9140	replicate-1
pb1	574	9162	replicate-1
pb1	575	9060	replicate-1
pb1	576	9113	replicate-1
pb1	577	9140	replicate-1
pb1	578	9154	replicate-1
pb1	579	9131	replicate-1
pb1	580	9113	replicate-1
pb1	581	9115	replicate-1
pb1	582	9122	replicate-1
pb1	583	9120	replicate-1
pb1	584	9221	replicate-1
pb1	585	9262	replicate-1
pb1	586	9272	replicate-1
pb1	587	9364	replicate-1
pb1	588	9385	replicate-1
pb1	589	9353	replicate-1
pb1	590	9391	replicate-1
pb1	591	9382	replicate-1
pb1	592	9325	replicate-1
pb1	593	9298	replicate-1
pb1	594	9307	replicate-1
pb1	595	9358	replicate-1
pb1	596	9244	replicate-1
pb1	597	9336	replicate-1
pb1	598	9253	replicate-1
pb1	599	9202	replicate-1
pb1	600	9283	replicate-1
pb1	601	9293	replicate-1
pb1	602	9187	replicate-1
pb1	603	9037	replicate-1
pb1	604	8919	replicate-1
pb1	605	8921	replicate-1
pb1	606	8913	replicate-1
pb1	607	8890	replicate-1
pb1	608	8784	replicate-1
pb1	609	8532	replicate-1
pb1	610	8469	replicate-1
pb1	611	8281	replicate-1
pb1	612	8138	replicate-1
pb1	613	8118	replicate-1
pb1	614	8091	replicate-1
pb1	615	8146	replicate-1
pb1	616	8151	replicate-1
pb1	617	8125	replicate-1
pb1	618	8112	replicate-1
pb1	619	8122	replicate-1
pb1	620	8116	replicate-1
pb1	621	8096	replicate-1
pb1	622	8118	replicate-1
pb1	623	8085	replicate-1
pb1	624	8055	replicate-1
pb1	625	8030	replicate-1
pb1	626	8270	replicate-1
pb1	627	8256	replicate-1
pb1	628	8270	replicate-1
pb1	629	8207	replicate-1
pb1	630	8255	replicate-1
pb1	631	8185	replicate-1
pb1	632	8312	replicate-1
pb1	633	8418	replicate-1
pb1	634	8378	replicate-1
pb1	635	8345	replicate-1
pb1	636	8095	replicate-1
pb1	637	8132	replicate-1
pb1	638	8117	replicate-1
pb1	639	8019	replicate-1
pb1	640	8067	replicate-1
pb1	641	7888	replicate-1
pb1	642	7846	replicate-1
pb1	643	7810	replicate-1
pb1	644	7588	replicate-1
pb1	645	7663	replicate-1
pb1	646	7624	replicate-1
pb1	647	7596	replicate-1
pb1	648	7600	replicate-1
pb1	649	7500	replicate-1
pb1	650	7373	replicate-1
pb1	651	7378	replicate-1
pb1	652	7370	replicate-1
pb1	653	7279	replicate-1
pb1	654	7227	replicate-1
pb1	655	7121	replicate-1
pb1	656	7237	replicate-1
pb1	657	7230	replicate-1
pb1	658	7198	replicate-1
pb1	659	7148	replicate-1
pb1	660	7244	replicate-1
pb1	661	7267	replicate-1
pb1	662	7213	replicate-1
pb1	663	7230	replicate-1
pb1	664	7185	replicate-1
pb1	665	6832	replicate-1
pb1	666	6804	replicate-1
pb1	667	6797	replicate-1
pb1	668	6794	replicate-1
pb1	669	6781	replicate-1
pb1	670	6506	replicate-1
pb1	671	6500	replicate-1
pb1	672	6412	replicate-1
pb1	673	6355	replicate-1
pb1	674	6703	replicate-1
pb1	675	6765	replicate-1
pb1	676	6824	replicate-1
pb1	677	6841	replicate-1
pb1	678	6903	replicate-1
pb1	679	6908	replicate-1
pb1	680	6869	replicate-1
pb1	681	6820	replicate-1
pb1	682	6749	replicate-1
pb1	683	6704	replicate-1
pb1	684	6212	replicate-1
pb1	685	6281	replicate-1
pb1	686	6387	replicate-1
pb1	687	6202	replicate-1
pb1	688	6211	replicate-1
pb1	689	6178	replicate-1
pb1	690	6184	replicate-1
pb1	691	6245	replicate-1
pb1	692	6256	replicate-1
pb1	693	6046	replicate-1
pb1	694	6006	replicate-1
pb1	695	5693	replicate-1
pb1	696	5803	replicate-1
pb1	697	5764	replicate-1
pb1	698	5747	replicate-1
pb1	699	5804	replicate-1
pb1	700	5569	replicate-1
pb1	701	5701	replicate-1
pb1	702	5630	replicate-1
pb1	703	5690	replicate-1
pb1	704	5717	replicate-1
pb1	705	5656	replicate-1
pb1	706	5643	replicate-1
pb1	707	5617	replicate-1
pb1	708	5520	replicate-1
pb1	709	5538	replicate-1
pb1	710	5271	replicate-1
pb1	711	5293	replicate-1
pb1	712	5219	replicate-1
pb1	713	5107	replicate-1
pb1	714	5007	replicate-1
pb1	715	4999	replicate-1
pb1	716	4991	replicate-1
pb1	717	4989	replicate-1
pb1	718	5001	replicate-1
pb1	719	5021	replicate-1
pb1	720	5002	replicate-1
pb1	721	4994	replicate-1
pb1	722	4994	replicate-1
pb1	723	5003	replicate-1
pb1	724	5005	replicate-1
pb1	725	5011	replicate-1
pb1	726	5012	replicate-1
pb1	727	5031	replicate-1
pb1	728	5074	replicate-1
pb1	729	5129	replicate-1
pb1	730	5191	replicate-1
pb1	731	5181	replicate-1
pb1	732	5141	replicate-1
pb1	733	5138	replicate-1
pb1	734	5137	replicate-1
pb1	735	5151	replicate-1
pb1	736	5065	replicate-1
pb1	737	5069	replicate-1
pb1	738	4981	replicate-1
pb1	739	4900	replicate-1
pb1	740	4951	replicate-1
pb1	741	4915	replicate-1
pb1	742	4923	replicate-1
pb1	743	4946	replicate-1
pb1	744	4911	replicate-1
pb1	745	4912	replicate-1
pb1	746	4926	replicate-1
pb1	747	4938	replicate-1
pb1	748	4953	replicate-1
pb1	749	4877	replicate-1
pb1	750	4834	replicate-1
pb1	751	4792	replicate-1
pb1	752	4800	replicate-1
pb1	753	4661	replicate-1
pb1	754	4709	replicate-1
pb1	755	4644	replicate-1
pb1	756	4631	replicate-1
pb1	757	4615	replicate-1
pb1	758	4669	replicate-1
pb1	759	4694	replicate-1
pb1	760	4783	replicate-1
pb1	761	4783	replicate-1
pb1	762	4791	replicate-1
pb1	763	4779	replicate-1
pb1	764	4741	replicate-1
pb1	765	4802	replicate-1
pb1	766	4810	replicate-1
pb1	767	4810	replicate-1
pb1	768	4808	replicate-1
pb1	769	4637	replicate-1
pb1	770	4671	replicate-1
pb1	771	4656	replicate-1
pb1	772	4723	replicate-1
pb1	773	4791	replicate-1
pb1	774	4750	replicate-1
pb1	775	4851	replicate-1
pb1	776	4839	replicate-1
pb1	777	4788	replicate-1
pb1	778	4890	replicate-1
pb1	779	4876	replicate-1
pb1	780	4868	replicate-1
pb1	781	4846	replicate-1
pb1	782	4573	replicate-1
pb1	783	4567	replicate-1
pb1	784	4420	replicate-1
pb1	785	4402	replicate-1
pb1	786	4346	replicate-1
pb1	787	4373	replicate-1
pb1	788	4389	replicate-1
pb1	789	4383	replicate-1
pb1	790	4384	replicate-1
pb1	791	4379	replicate-1
pb1	792	4396	replicate-1
pb1	793	4418	replicate-1
pb1	794	4651	replicate-1
pb1	795	4693	replicate-1
pb1	796	4703	replicate-1
pb1	797	4692	replicate-1
pb1	798	4800	replicate-1
pb1	799	4843	replicate-1
pb1	800	4890	replicate-1
pb1	801	4905	replicate-1
pb1	802	4889	replicate-1
pb1	803	4746	replicate-1
pb1	804	4861	replicate-1
pb1	805	4824	replicate-1
pb1	806	4916	replicate-1
pb1	807	4868	replicate-1
pb1	808	4848	replicate-1
pb1	809	4990	replicate-1
pb1	810	4990	replicate-1
pb1	811	4996	replicate-1
pb1	812	5019	replicate-1
pb1	813	4930	replicate-1
pb1	814	4939	replicate-1
pb1	815	4856	replicate-1
pb1	816	4858	replicate-1
pb1	817	4856	replicate-1
pb1	818	4853	replicate-1
pb1	819	4910	replicate-1
pb1	820	4898	replicate-1
pb1	821	4897	replicate-1
pb1	822	4900	replicate-1
pb1	823	4920	replicate-1
pb1	824	4934	replicate-1
pb1	825	4843	replicate-1
pb1	826	4849	replicate-1
pb1	827	4737	replicate-1
pb1	828	4816	replicate-1
pb1	829	4783	replicate-1
pb1	830	4799	replicate-1
pb1	831	4796	replicate-1
pb1	832	4795	replicate-1
pb1	833	4806	replicate-1
pb1	834	4831	replicate-1
pb1	835	4820	replicate-1
pb1	836	4755	replicate-1
pb1	837	4790	replicate-1
pb1	838	4777	replicate-1
pb1	839	4836	replicate-1
pb1	840	4836	replicate-1
pb1	841	4911	replicate-1
pb1	842	4922	replicate-1
pb1	843	4925	replicate-1
pb1	844	4913	replicate-1
pb1	845	4997	replicate-1
pb1	846	4939	replicate-1
pb1	847	4934	replicate-1
pb1	848	4925	replicate-1
pb1	849	4938	replicate-1
pb1	850	4901	replicate-1
pb1	851	5044	replicate-1
pb1	852	5115	replicate-1
pb1	853	5148	replicate-1
pb1	854	5145	replicate-1
pb1	855	5171	replicate-1
pb1	856	5161	replicate-1
pb1	857	5152	replicate-1
pb1	858	5177	replicate-1
pb1	859	5174	replicate-1
pb1	860	5181	replicate-1
pb1	861	5244	replicate-1
pb1	862	5229	replicate-1
pb1	863	5230	replicate-1
pb1	864	5199	replicate-1
pb1	865	5227	replicate-1
pb1	866	5219	replicate-1
pb1	867	5238	replicate-1
pb1	868	5256	replicate-1
pb1	869	5210	replicate-1
pb1	870	5285	replicate-1
pb1	871	5331	replicate-1
pb1	872	5348	replicate-1
pb1	873	5339	replicate-1
pb1	874	5303	replicate-1
pb1	875	5306	replicate-1
pb1	876	5317	replicate-1
pb1	877	5328	replicate-1
pb1	878	5428	replicate-1
pb1	879	5330	replicate-1
pb1	880	5330	replicate-1
pb1	881	5296	replicate-1
pb1	882	5320	replicate-1
pb1	883	5312	replicate-1
pb1	884	5354	replicate-1
pb1	885	5365	replicate-1
pb1	886	5309	replicate-1
pb1	887	5312	replicate-1
pb1	888	5369	replicate-1
pb1	889	5412	replicate-1
pb1	890	5413	replicate-1
pb1	891	5391	replicate-1
pb1	892	5381	replicate-1
pb1	893	5305	replicate-1
pb1	894	5303	replicate-1
pb1	895	5285	replicate-1
pb1	896	5297	replicate-1
pb1	897	5285	replicate-1
pb1	898	5210	replicate-1
pb1	899	5241	replicate-1
pb1	900	5297	replicate-1
pb1	901	5331	replicate-1
pb1	902	5448	replicate-1
pb1	903	5476	replicate-1
pb1	904	5547	replicate-1
pb1	905	5521	replicate-1
pb1	906	5530	replicate-1
pb1	907	5548	replicate-1
pb1	908	5603	replicate-1
pb1	909	5579	replicate-1
pb1	910	5488	replicate-1
pb1	911	5484	replicate-1
pb1	912	5349	replicate-1
pb1	913	5381	replicate-1
pb1	914	5353	replicate-1
pb1	915	5373	replicate-1
pb1	916	5321	replicate-1
pb1	917	5243	replicate-1
pb1	918	5296	replicate-1
pb1	919	5288	replicate-1
pb1	920	5301	replicate-1
pb1	921	5323	replicate-1
pb1	922	5328	replicate-1
pb1	923	5321	replicate-1
pb1	924	5299	replicate-1
pb1	925	5245	replicate-1
pb1	926	5281	replicate-1
pb1	927	5227	replicate-1
pb1	928	5230	replicate-1
pb1	929	5233	replicate-1
pb1	930	5259	replicate-1
pb1	931	5254	replicate-1
pb1	932	5333	replicate-1
pb1	933	5314	replicate-1
pb1	934	5359	replicate-1
pb1	935	5366	replicate-1
pb1	936	5459	replicate-1
pb1	937	5463	replicate-1
pb1	938	5338	replicate-1
pb1	939	5295	replicate-1
pb1	940	5275	replicate-1
pb1	941	5224	replicate-1
pb1	942	5307	replicate-1
pb1	943	5242	replicate-1
pb1	944	5185	replicate-1
pb1	945	4982	replicate-1
pb1	946	4970	replicate-1
pb1	947	4959	replicate-1
pb1	948	4987	replicate-1
pb1	949	4963	replicate-1
pb1	950	4883	replicate-1
pb1	951	4863	replicate-1
pb1	952	4800	replicate-1
pb1	953	4812	replicate-1
pb1	954	4796	replicate-1
pb1	955	4775	replicate-1
pb1	956	4789	replicate-1
pb1	957	4744	replicate-1
pb1	958	4734	replicate-1
pb1	959	4705	replicate-1
pb1	960	4691	replicate-1
pb1	961	4659	replicate-1
pb1	962	4625	replicate-1
pb1	963	4626	replicate-1
pb1	964	4611	replicate-1
pb1	965	4631	replicate-1
pb1	966	4648	replicate-1
pb1	967	4657	replicate-1
pb1	968	4615	replicate-1
pb1	969	4574	replicate-1
pb1	970	4573	replicate-1
pb1	971	4590	replicate-1
pb1	972	4593	replicate-1
pb1	973	4592	replicate-1
pb1	974	4544	replicate-1
pb1	975	4663	replicate-1
pb1	976	4600	replicate-1
pb1	977	4597	replicate-1
pb1	978	4585	replicate-1
pb1	979	4587	replicate-1
pb1	980	4554	replicate-1
pb1	981	4607	replicate-1
pb1	982	4603	replicate-1
pb1	983	4601	replicate-1
pb1	984	4429	replicate-1
pb1	985	4482	replicate-1
pb1	986	4578	replicate-1
pb1	987	4620	replicate-1
pb1	988	4647	replicate-1
pb1	989	4648	replicate-1
pb1	990	4586	replicate-1
pb1	991	4588	replicate-1
pb1	992	4987	replicate-1
pb1	993	5469	replicate-1
pb1	994	5411	replicate-1
pb1	995	5371	replicate-1
pb1	996	5378	replicate-1
pb1	997	5338	replicate-1
pb1	998	5359	replicate-1
pb1	999	5329	replicate-1
pb1	1000	5415	replicate-1
pb1	1001	5393	replicate-1
pb1	1002	5001	replicate-1
pb1	1003	4992	replicate-1
pb1	1004	4955	replicate-1
pb1	1005	5044	replicate-1
pb1	1006	5093	replicate-1
pb1	1007	5069	replicate-1
pb1	1008	5072	replicate-1
pb1	1009	5024	replicate-1
pb1	1010	4952	replicate-1
pb1	1011	5004	replicate-1
pb1	1012	5076	replicate-1
pb1	1013	5092	replicate-1
pb1	1014	5043	replicate-1
pb1	1015	5060	replicate-1
pb1	1016	5084	replicate-1
pb1	1017	5079	replicate-1
pb1	1018	5109	replicate-1
pb1	1019	5189	replicate-1
pb1	1020	5935	replicate-1
pb1	1021	5917	replicate-1
pb1	1022	5930	replicate-1
pb1	1023	5945	replicate-1
pb1	1024	5958	replicate-1
pb1	1025	6034	replicate-1
pb1	1026	6043	replicate-1
pb1	1027	6026	replicate-1
pb1	1028	5973	replicate-1
pb1	1029	5652	replicate-1
pb1	1030	6089	replicate-1
pb1	1031	6110	replicate-1
pb1	1032	6187	replicate-1
pb1	1033	6201	replicate-1
pb1	1034	6163	replicate-1
pb1	1035	6176	replicate-1
pb1	1036	6177	replicate-1
pb1	1037	6294	replicate-1
pb1	1038	6323	replicate-1
pb1	1039	6150	replicate-1
pb1	1040	6226	replicate-1
pb1	1041	6199	replicate-1
pb1	1042	6243	replicate-1
pb1	1043	6361	replicate-1
pb1	1044	6346	replicate-1
pb1	1045	7085	replicate-1
pb1	1046	7044	replicate-1
pb1	1047	7035	replicate-1
pb1	1048	7143	replicate-1
pb1	1049	7124	replicate-1
pb1	1050	7115	replicate-1
pb1	1051	7153	replicate-1
pb1	1052	7039	replicate-1
pb1	1053	7051	replicate-1
pb1	1054	6730	replicate-1
pb1	1055	6711	replicate-1
pb1	1056	6731	replicate-1
pb1	1057	6693	replicate-1
pb1	1058	6746	replicate-1
pb1	1059	6749	replicate-1
pb1	1060	6780	replicate-1
pb1	1061	6809	replicate-1
pb1	1062	6796	replicate-1
pb1	1063	6766	replicate-1
pb1	1064	6811	replicate-1
pb1	1065	6888	replicate-1
pb1	1066	7275	replicate-1
pb1	1067	7345	replicate-1
pb1	1068	7394	replicate-1
pb1	1069	7446	replicate-1
pb1	1070	7452	replicate-1
pb1	1071	7462	replicate-1
pb1	1072	7545	replicate-1
pb1	1073	7854	replicate-1
pb1	1074	7877	replicate-1
pb1	1075	7930	replicate-1
pb1	1076	7890	replicate-1
pb1	1077	7957	replicate-1
pb1	1078	8011	replicate-1
pb1	1079	8103	replicate-1
pb1	1080	8101	replicate-1
pb1	1081	8022	replicate-1
pb1	1082	7901	replicate-1
pb1	1083	7879	replicate-1
pb1	1084	8227	replicate-1
pb1	1085	8361	replicate-1
pb1	1086	8373	replicate-1
pb1	1087	8320	replicate-1
pb1	1088	8316	replicate-1
pb1	1089	8324	replicate-1
pb1	1090	8395	replicate-1
pb1	1091	8403	replicate-1
pb1	1092	8465	replicate-1
pb1	1093	8395	replicate-1
pb1	1094	8395	replicate-1
pb1	1095	8394	replicate-1
pb1	1096	8403	replicate-1
pb1	1097	8438	replicate-1
pb1	1098	8607	replicate-1
pb1	1099	8606	replicate-1
pb1	1100	8665	replicate-1
pb1	1101	8678	replicate-1
pb1	1102	8657	replicate-1
pb1	1103	8660	replicate-1
pb1	1104	8713	replicate-1
pb1	1105	8790	replicate-1
pb1	1106	8871	replicate-1
pb1	1107	8741	replicate-1
pb1	1108	8742	replicate-1
pb1	1109	8704	replicate-1
pb1	1110	8694	replicate-1
pb1	1111	8738	replicate-1
pb1	1112	8728	replicate-1
pb1	1113	8751	replicate-1
pb1	1114	8724	replicate-1
pb1	1115	8723	replicate-1
pb1	1116	8733	replicate-1
pb1	1117	8732	replicate-1
pb1	1118	8737	replicate-1
pb1	1119	8719	replicate-1
pb1	1120	8706	replicate-1
pb1	1121	8922	replicate-1
pb1	1122	8848	replicate-1
pb1	1123	8925	replicate-1
pb1	1124	8952	replicate-1
pb1	1125	8986	replicate-1
pb1	1126	8947	replicate-1
pb1	1127	8929	replicate-1
pb1	1128	8923	replicate-1
pb1	1129	8996	replicate-1
pb1	1130	8746	replicate-1
pb1	1131	8728	replicate-1
pb1	1132	8739	replicate-1
pb1	1133	8749	replicate-1
pb1	1134	8762	replicate-1
pb1	1135	8795	replicate-1
pb1	1136	8835	replicate-1
pb1	1137	8807	replicate-1
pb1	1138	8832	replicate-1
pb1	1139	8826	replicate-1
pb1	1140	8863	replicate-1
pb1	1141	8650	replicate-1
pb1	1142	8646	replicate-1
pb1	1143	8720	replicate-1
pb1	1144	8600	replicate-1
pb1	1145	8565	replicate-1
pb1	1146	8559	replicate-1
pb1	1147	8524	replicate-1
pb1	1148	8801	replicate-1
pb1	1149	8771	replicate-1
pb1	1150	8720	replicate-1
pb1	1151	8707	replicate-1
pb1	1152	8499	replicate-1
pb1	1153	8645	replicate-1
pb1	1154	8599	replicate-1
pb1	1155	8608	replicate-1
pb1	1156	8576	replicate-1
pb1	1157	8286	replicate-1
pb1	1158	8449	replicate-1
pb1	1159	8463	replicate-1
pb1	1160	8449	replicate-1
pb1	1161	8543	replicate-1
pb1	1162	8434	replicate-1
pb1	1163	8563	replicate-1
pb1	1164	8521	replicate-1
pb1	1165	8541	replicate-1
pb1	1166	8537	replicate-1
pb1	1167	8435	replicate-1
pb1	1168	8377	replicate-1
pb1	1169	8365	replicate-1
pb1	1170	8186	replicate-1
pb1	1171	7930	replicate-1
pb1	1172	7770	replicate-1
pb1	1173	7864	replicate-1
pb1	1174	7834	replicate-1
pb1	1175	7857	replicate-1
pb1	1176	7867	replicate-1
pb1	1177	7907	replicate-1
pb1	1178	7946	replicate-1
pb1	1179	7941	replicate-1
pb1	1180	7926	replicate-1
pb1	1181	7814	replicate-1
pb1	1182	7935	replicate-1
pb1	1183	7922	replicate-1
pb1	1184	7890	replicate-1
pb1	1185	7936	replicate-1
pb1	1186	7964	replicate-1
pb1	1187	7869	replicate-1
pb1	1188	7856	replicate-1
pb1	1189	7819	replicate-1
pb1	1190	7805	replicate-1
pb1	1191	7653	replicate-1
pb1	1192	7746	replicate-1
pb1	1193	7751	replicate-1
pb1	1194	7722	replicate-1
pb1	1195	7625	replicate-1
pb1	1196	7467	replicate-1
pb1	1197	7542	replicate-1
pb1	1198	7527	replicate-1
pb1	1199	7509	replicate-1
pb1	1200	7481	replicate-1
pb1	1201	7392	replicate-1
pb1	1202	7421	replicate-1
pb1	1203	7486	replicate-1
pb1	1204	7472	replicate-1
pb1	1205	7364	replicate-1
pb1	1206	7288	replicate-1
pb1	1207	8260	replicate-1
pb1	1208	8359	replicate-1
pb1	1209	8403	replicate-1
pb1	1210	8537	replicate-1
pb1	1211	8493	replicate-1
pb1	1212	8607	replicate-1
pb1	1213	8647	replicate-1
pb1	1214	8650	replicate-1
pb1	1215	8668	replicate-1
pb1	1216	8470	replicate-1
pb1	1217	7607	replicate-1
pb1	1218	7598	replicate-1
pb1	1219	7495	replicate-1
pb1	1220	7575	replicate-1
pb1	1221	7564	replicate-1
pb1	1222	7516	replicate-1
pb1	1223	7454	replicate-1
pb1	1224	7307	replicate-1
pb1	1225	7576	replicate-1
pb1	1226	7622	replicate-1
pb1	1227	7648	replicate-1
pb1	1228	7648	replicate-1
pb1	1229	7876	replicate-1
pb1	1230	7952	replicate-1
pb1	1231	7948	replicate-1
pb1	1232	7952	replicate-1
pb1	1233	7933	replicate-1
pb1	1234	7545	replicate-1
pb1	1235	7683	replicate-1
pb1	1236	7695	replicate-1
pb1	1237	7664	replicate-1
pb1	1238	7617	replicate-1
pb1	1239	7604	replicate-1
pb1	1240	7756	replicate-1
pb1	1241	7846	replicate-1
pb1	1242	7863	replicate-1
pb1	1243	7843	replicate-1
pb1	1244	7645	replicate-1
pb1	1245	7766	replicate-1
pb1	1246	7876	replicate-1
pb1	1247	8006	replicate-1
pb1	1248	8041	replicate-1
pb1	1249	7953	replicate-1
pb1	1250	7887	replicate-1
pb1	1251	7962	replicate-1
pb1	1252	8128	replicate-1
pb1	1253	8206	replicate-1
pb1	1254	8103	replicate-1
pb1	1255	8436	replicate-1
pb1	1256	8470	replicate-1
pb1	1257	8923	replicate-1
pb1	1258	8966	replicate-1
pb1	1259	9032	replicate-1
pb1	1260	9108	replicate-1
pb1	1261	8974	replicate-1
pb1	1262	9006	replicate-1
pb1	1263	9007	replicate-1
pb1	1264	9080	replicate-1
pb1	1265	9073	replicate-1
pb1	1266	9440	replicate-1
pb1	1267	9665	replicate-1
pb1	1268	9657	replicate-1
pb1	1269	9770	replicate-1
pb1	1270	9769	replicate-1
pb1	1271	10122	replicate-1
pb1	1272	10104	replicate-1
pb1	1273	10041	replicate-1
pb1	1274	10108	replicate-1
pb1	1275	9936	replicate-1
pb1	1276	10640	replicate-1
pb1	1277	10811	replicate-1
pb1	1278	10837	replicate-1
pb1	1279	10854	replicate-1
pb1	1280	10817	replicate-1
pb1	1281	10862	replicate-1
pb1	1282	10871	replicate-1
pb1	1283	10892	replicate-1
pb1	1284	10746	replicate-1
pb1	1285	10660	replicate-1
pb1	1286	10472	replicate-1
pb1	1287	10510	replicate-1
pb1	1288	10587	replicate-1
pb1	1289	10617	replicate-1
pb1	1290	10627	replicate-1
pb1	1291	10699	replicate-1
pb1	1292	10693	replicate-1
pb1	1293	10764	replicate-1
pb1	1294	10733	replicate-1
pb1	1295	10726	replicate-1
pb1	1296	10726	replicate-1
pb1	1297	10722	replicate-1
pb1	1298	10807	replicate-1
pb1	1299	10748	replicate-1
pb1	1300	10715	replicate-1
pb1	1301	10705	replicate-1
pb1	1302	10683	replicate-1
pb1	1303	10872	replicate-1
pb1	1304	10947	replicate-1
pb1	1305	10953	replicate-1
pb1	1306	10992	replicate-1
pb1	1307	10945	replicate-1
pb1	1308	10990	replicate-1
pb1	1309	10981	replicate-1
pb1	1310	10971	replicate-1
pb1	1311	11138	replicate-1
pb1	1312	11011	replicate-1
pb1	1313	11000	replicate-1
pb1	1314	11018	replicate-1
pb1	1315	11038	replicate-1
pb1	1316	11062	replicate-1
pb1	1317	11344	replicate-1
pb1	1318	11296	replicate-1
pb1	1319	11440	replicate-1
pb1	1320	11350	replicate-1
pb1	1321	11287	replicate-1
pb1	1322	11500	replicate-1
pb1	1323	11495	replicate-1
pb1	1324	12387	replicate-1
pb1	1325	12618	replicate-1
pb1	1326	12401	replicate-1
pb1	1327	12873	replicate-1
pb1	1328	12796	replicate-1
pb1	1329	13252	replicate-1
pb1	1330	13343	replicate-1
pb1	1331	13235	replicate-1
pb1	1332	13307	replicate-1
pb1	1333	12481	replicate-1
pb1	1334	12530	replicate-1
pb1	1335	12631	replicate-1
pb1	1336	12391	replicate-1
pb1	1337	12431	replicate-1
pb1	1338	12307	replicate-1
pb1	1339	12308	replicate-1
pb1	1340	12479	replicate-1
pb1	1341	12413	replicate-1
pb1	1342	12395	replicate-1
pb1	1343	12697	replicate-1
pb1	1344	12636	replicate-1
pb1	1345	12785	replicate-1
pb1	1346	12809	replicate-1
pb1	1347	12941	replicate-1
pb1	1348	12968	replicate-1
pb1	1349	12989	replicate-1
pb1	1350	13002	replicate-1
pb1	1351	13010	replicate-1
pb1	1352	12726	replicate-1
pb1	1353	12742	replicate-1
pb1	1354	13022	replicate-1
pb1	1355	12760	replicate-1
pb1	1356	12727	replicate-1
pb1	1357	12752	replicate-1
pb1	1358	12754	replicate-1
pb1	1359	12727	replicate-1
pb1	1360	12733	replicate-1
pb1	1361	12731	replicate-1
pb1	1362	12759	replicate-1
pb1	1363	12578	replicate-1
pb1	1364	12569	replicate-1
pb1	1365	12568	replicate-1
pb1	1366	12580	replicate-1
pb1	1367	12735	replicate-1
pb1	1368	12735	replicate-1
pb1	1369	13076	replicate-1
pb1	1370	12981	replicate-1
pb1	1371	13292	replicate-1
pb1	1372	13314	replicate-1
pb1	1373	13346	replicate-1
pb1	1374	13385	replicate-1
pb1	1375	13519	replicate-1
pb1	1376	13297	replicate-1
pb1	1377	13362	replicate-1
pb1	1378	13001	replicate-1
pb1	1379	12962	replicate-1
pb1	1380	12442	replicate-1
pb1	1381	12561	replicate-1
pb1	1382	12630	replicate-1
pb1	1383	12536	replicate-1
pb1	1384	12538	replicate-1
pb1	1385	12324	replicate-1
pb1	1386	12308	replicate-1
pb1	1387	12283	replicate-1
pb1	1388	12265	replicate-1
pb1	1389	12373	replicate-1
pb1	1390	12099	replicate-1
pb1	1391	12031	replicate-1
pb1	1392	11982	replicate-1
pb1	1393	11993	replicate-1
pb1	1394	12071	replicate-1
pb1	1395	12074	replicate-1
pb1	1396	12044	replicate-1
pb1	1397	12061	replicate-1
pb1	1398	11783	replicate-1
pb1	1399	11890	replicate-1
pb1	1400	11896	replicate-1
pb1	1401	11878	replicate-1
pb1	1402	11722	replicate-1
pb1	1403	11708	replicate-1
pb1	1404	11659	replicate-1
pb1	1405	11615	replicate-1
pb1	1406	11561	replicate-1
pb1	1407	11442	replicate-1
pb1	1408	11596	replicate-1
pb1	1409	11617	replicate-1
pb1	1410	11564	replicate-1
pb1	1411	11585	replicate-1
pb1	1412	11472	replicate-1
pb1	1413	11418	replicate-1
pb1	1414	11455	replicate-1
pb1	1415	11341	replicate-1
pb1	1416	11211	replicate-1
pb1	1417	10447	replicate-1
pb1	1418	10535	replicate-1
pb1	1419	10883	replicate-1
pb1	1420	10842	replicate-1
pb1	1421	10834	replicate-1
pb1	1422	11306	replicate-1
pb1	1423	11187	replicate-1
pb1	1424	11275	replicate-1
pb1	1425	11271	replicate-1
pb1	1426	11150	replicate-1
pb1	1427	11044	replicate-1
pb1	1428	10507	replicate-1
pb1	1429	10563	replicate-1
pb1	1430	10700	replicate-1
pb1	1431	10030	replicate-1
pb1	1432	10020	replicate-1
pb1	1433	10003	replicate-1
pb1	1434	10020	replicate-1
pb1	1435	10023	replicate-1
pb1	1436	9969	replicate-1
pb1	1437	9967	replicate-1
pb1	1438	9954	replicate-1
pb1	1439	9758	replicate-1
pb1	1440	9840	replicate-1
pb1	1441	9864	replicate-1
pb1	1442	9844	replicate-1
pb1	1443	9863	replicate-1
pb1	1444	9856	replicate-1
pb1	1445	9977	replicate-1
pb1	1446	10004	replicate-1
pb1	1447	10017	replicate-1
pb1	1448	10017	replicate-1
pb1	1449	9916	replicate-1
pb1	1450	9870	replicate-1
pb1	1451	9891	replicate-1
pb1	1452	9893	replicate-1
pb1	1453	9917	replicate-1
pb1	1454	9473	replicate-1
pb1	1455	9491	replicate-1
pb1	1456	9513	replicate-1
pb1	1457	9534	replicate-1
pb1	1458	9428	replicate-1
pb1	1459	9513	replicate-1
pb1	1460	9474	replicate-1
pb1	1461	9495	replicate-1
pb1	1462	9503	replicate-1
pb1	1463	9473	replicate-1
pb1	1464	9390	replicate-1
pb1	1465	9173	replicate-1
pb1	1466	9088	replicate-1
pb1	1467	9233	replicate-1
pb1	1468	9207	replicate-1
pb1	1469	9195	replicate-1
pb1	1470	9160	replicate-1
pb1	1471	9190	replicate-1
pb1	1472	9404	replicate-1
pb1	1473	9336	replicate-1
pb1	1474	9315	replicate-1
pb1	1475	9087	replicate-1
pb1	1476	8710	replicate-1
pb1	1477	8698	replicate-1
pb1	1478	8565	replicate-1
pb1	1479	8522	replicate-1
pb1	1480	7881	replicate-1
pb1	1481	8042	replicate-1
pb1	1482	8054	replicate-1
pb1	1483	8025	replicate-1
pb1	1484	8028	replicate-1
pb1	1485	7707	replicate-1
pb1	1486	7733	replicate-1
pb1	1487	7860	replicate-1
pb1	1488	7830	replicate-1
pb1	1489	7839	replicate-1
pb1	1490	7385	replicate-1
pb1	1491	7161	replicate-1
pb1	1492	7148	replicate-1
pb1	1493	7091	replicate-1
pb1	1494	7049	replicate-1
pb1	1495	6993	replicate-1
pb1	1496	6612	replicate-1
pb1	1497	6377	replicate-1
pb1	1498	6351	replicate-1
pb1	1499	6278	replicate-1
pb1	1500	6286	replicate-1
pb1	1501	6277	replicate-1
pb1	1502	6269	replicate-1
pb1	1503	6274	replicate-1
pb1	1504	6323	replicate-1
pb1	1505	6309	replicate-1
pb1	1506	6298	replicate-1
pb1	1507	6310	replicate-1
pb1	1508	6305	replicate-1
pb1	1509	6285	replicate-1
pb1	1510	6312	replicate-1
pb1	1511	6326	replicate-1
pb1	1512	6318	replicate-1
pb1	1513	6269	replicate-1
pb1	1514	6268	replicate-1
pb1	1515	6279	replicate-1
pb1	1516	6290	replicate-1
pb1	1517	6340	replicate-1
pb1	1518	6376	replicate-1
pb1	1519	6336	replicate-1
pb1	1520	6358	replicate-1
pb1	1521	6373	replicate-1
pb1	1522	6344	replicate-1
pb1	1523	6475	replicate-1
pb1	1524	6460	replicate-1
pb1	1525	6451	replicate-1
pb1	1526	6365	replicate-1
pb1	1527	6285	replicate-1
pb1	1528	6328	replicate-1
pb1	1529	6285	replicate-1
pb1	1530	6263	replicate-1
pb1	1531	6281	replicate-1
pb1	1532	6174	replicate-1
pb1	1533	6163	replicate-1
pb1	1534	6142	replicate-1
pb1	1535	6149	replicate-1
pb1	1536	6252	replicate-1
pb1	1537	6229	replicate-1
pb1	1538	6229	replicate-1
pb1	1539	6205	replicate-1
pb1	1540	6225	replicate-1
pb1	1541	6297	replicate-1
pb1	1542	6366	replicate-1
pb1	1543	6374	replicate-1
pb1	1544	6369	replicate-1
pb1	1545	6237	replicate-1
pb1	1546	6353	replicate-1
pb1	1547	6323	replicate-1
pb1	1548	6311	replicate-1
pb1	1549	6277	replicate-1
pb1	1550	6171	replicate-1
pb1	1551	6238	replicate-1
pb1	1552	6253	replicate-1
pb1	1553	6302	replicate-1
pb1	1554	6278	replicate-1
pb1	1555	6130	replicate-1
pb1	1556	6437	replicate-1
pb1	1557	6468	replicate-1
pb1	1558	6470	replicate-1
pb1	1559	6472	replicate-1
pb1	1560	6423	replicate-1
pb1	1561	6440	replicate-1
pb1	1562	6448	replicate-1
pb1	1563	6469	replicate-1
pb1	1564	6502	replicate-1
pb1	1565	6105	replicate-1
pb1	1566	6543	replicate-1
pb1	1567	6548	replicate-1
pb1	1568	6512	replicate-1
pb1	1569	6518	replicate-1
pb1	1570	6540	replicate-1
pb1	1571	6705	replicate-1
pb1	1572	6714	replicate-1
pb1	1573	6540	replicate-1
pb1	1574	6538	replicate-1
pb1	1575	6377	replicate-1
pb1	1576	6358	replicate-1
pb1	1577	6364	replicate-1
pb1	1578	6360	replicate-1
pb1	1579	6359	replicate-1
pb1	1580	6213	replicate-1
pb1	1581	6185	replicate-1
pb1	1582	6182	replicate-1
pb1	1583	6258	replicate-1
pb1	1584	6197	replicate-1
pb1	1585	6235	replicate-1
pb1	1586	6227	replicate-1
pb1	1587	6232	replicate-1
pb1	1588	6393	replicate-1
pb1	1589	6395	replicate-1
pb1	1590	6458	replicate-1
pb1	1591	6464	replicate-1
pb1	1592	6437	replicate-1
pb1	1593	6524	replicate-1
pb1	1594	6500	replicate-1
pb1	1595	6683	replicate-1
pb1	1596	6668	replicate-1
pb1	1597	6549	replicate-1
pb1	1598	6557	replicate-1
pb1	1599	6504	replicate-1
pb1	1600	6603	replicate-1
pb1	1601	6891	replicate-1
pb1	1602	6788	replicate-1
pb1	1603	6790	replicate-1
pb1	1604	6609	replicate-1
pb1	1605	6611	replicate-1
pb1	1606	6595	replicate-1
pb1	1607	6669	replicate-1
pb1	1608	6637	replicate-1
pb1	1609	6846	replicate-1
pb1	1610	6483	replicate-1
pb1	1611	6650	replicate-1
pb1	1612	6792	replicate-1
pb1	1613	6779	replicate-1
pb1	1614	6758	replicate-1
pb1	1615	6768	replicate-1
pb1	1616	6635	replicate-1
pb1	1617	6731	replicate-1
pb1	1618	6512	replicate-1
pb1	1619	6509	replicate-1
pb1	1620	6534	replicate-1
pb1	1621	6352	replicate-1
pb1	1622	6461	replicate-1
pb1	1623	6507	replicate-1
pb1	1624	6642	replicate-1
pb1	1625	6662	replicate-1
pb1	1626	6659	replicate-1
pb1	1627	6660	replicate-1
pb1	1628	6659	replicate-1
pb1	1629	6645	replicate-1
pb1	1630	6650	replicate-1
pb1	1631	6747	replicate-1
pb1	1632	6743	replicate-1
pb1	1633	6636	replicate-1
pb1	1634	6668	replicate-1
pb1	1635	6620	replicate-1
pb1	1636	6779	replicate-1
pb1	1637	6865	replicate-1
pb1	1638	6898	replicate-1
pb1	1639	6918	replicate-1
pb1	1640	6833	replicate-1
pb1	1641	6853	replicate-1
pb1	1642	6869	replicate-1
pb1	1643	6913	replicate-1
pb1	1644	6944	replicate-1
pb1	1645	6824	replicate-1
pb1	1646	6780	replicate-1
pb1	1647	6741	replicate-1
pb1	1648	6766	replicate-1
pb1	1649	6808	replicate-1
pb1	1650	6780	replicate-1
pb1	1651	6756	replicate-1
pb1	1652	6737	replicate-1
pb1	1653	6758	replicate-1
pb1	1654	6874	replicate-1
pb1	1655	6890	replicate-1
pb1	1656	6901	replicate-1
pb1	1657	6939	replicate-1
pb1	1658	6962	replicate-1
pb1	1659	6969	replicate-1
pb1	1660	6981	replicate-1
pb1	1661	6990	replicate-1
pb1	1662	6962	replicate-1
pb1	1663	6959	replicate-1
pb1	1664	7052	replicate-1
pb1	1665	7034	replicate-1
pb1	1666	7167	replicate-1
pb1	1667	7168	replicate-1
pb1	1668	7158	replicate-1
pb1	1669	7148	replicate-1
pb1	1670	7133	replicate-1
pb1	1671	7162	replicate-1
pb1	1672	7335	replicate-1
pb1	1673	7228	replicate-1
pb1	1674	7348	replicate-1
pb1	1675	7339	replicate-1
pb1	1676	7403	replicate-1
pb1	1677	7464	replicate-1
pb1	1678	7467	replicate-1
pb1	1679	7461	replicate-1
pb1	1680	7436	replicate-1
pb1	1681	7465	replicate-1
pb1	1682	7455	replicate-1
pb1	1683	7569	replicate-1
pb1	1684	7706	replicate-1
pb1	1685	7710	replicate-1
pb1	1686	7700	replicate-1
pb1	1687	7657	replicate-1
pb1	1688	7703	replicate-1
pb1	1689	7859	replicate-1
pb1	1690	7852	replicate-1
pb1	1691	7907	replicate-1
pb1	1692	7763	replicate-1
pb1	1693	7799	replicate-1
pb1	1694	7786	replicate-1
pb1	1695	8127	replicate-1
pb1	1696	8256	replicate-1
pb1	1697	8702	replicate-1
pb1	1698	8720	replicate-1
pb1	1699	8741	replicate-1
pb1	1700	8668	replicate-1
pb1	1701	8680	replicate-1
pb1	1702	8615	replicate-1
pb1	1703	8675	replicate-1
pb1	1704	8666	replicate-1
pb1	1705	8219	replicate-1
pb1	1706	8177	replicate-1
pb1	1707	8248	replicate-1
pb1	1708	8270	replicate-1
pb1	1709	8297	replicate-1
pb1	1710	8332	replicate-1
pb1	1711	8301	replicate-1
pb1	1712	8355	replicate-1
pb1	1713	8166	replicate-1
pb1	1714	8235	replicate-1
pb1	1715	8237	replicate-1
pb1	1716	8059	replicate-1
pb1	1717	8028	replicate-1
pb1	1718	8011	replicate-1
pb1	1719	8008	replicate-1
pb1	1720	7908	replicate-1
pb1	1721	7941	replicate-1
pb1	1722	7845	replicate-1
pb1	1723	7869	replicate-1
pb1	1724	7798	replicate-1
pb1	1725	7963	replicate-1
pb1	1726	7953	replicate-1
pb1	1727	7983	replicate-1
pb1	1728	7986	replicate-1
pb1	1729	8050	replicate-1
pb1	1730	7943	replicate-1
pb1	1731	7998	replicate-1
pb1	1732	8044	replicate-1
pb1	1733	8093	replicate-1
pb1	1734	7974	replicate-1
pb1	1735	7975	replicate-1
pb1	1736	8008	replicate-1
pb1	1737	8106	replicate-1
pb1	1738	8114	replicate-1
pb1	1739	8127	replicate-1
pb1	1740	8204	replicate-1
pb1	1741	8228	replicate-1
pb1	1742	8293	replicate-1
pb1	1743	8286	replicate-1
pb1	1744	8269	replicate-1
pb1	1745	8278	replicate-1
pb1	1746	8170	replicate-1
pb1	1747	8185	replicate-1
pb1	1748	8184	replicate-1
pb1	1749	8186	replicate-1
pb1	1750	8084	replicate-1
pb1	1751	8108	replicate-1
pb1	1752	8351	replicate-1
pb1	1753	8377	replicate-1
pb1	1754	8375	replicate-1
pb1	1755	8393	replicate-1
pb1	1756	8443	replicate-1
pb1	1757	8400	replicate-1
pb1	1758	8411	replicate-1
pb1	1759	8276	replicate-1
pb1	1760	8243	replicate-1
pb1	1761	8247	replicate-1
pb1	1762	8260	replicate-1
pb1	1763	8319	replicate-1
pb1	1764	8341	replicate-1
pb1	1765	8432	replicate-1
pb1	1766	8408	replicate-1
pb1	1767	8345	replicate-1
pb1	1768	8301	replicate-1
pb1	1769	8260	replicate-1
pb1	1770	8181	replicate-1
pb1	1771	8059	replicate-1
pb1	1772	8036	replicate-1
pb1	1773	7997	replicate-1
pb1	1774	7821	replicate-1
pb1	1775	7820	replicate-1
pb1	1776	7879	replicate-1
pb1	1777	7876	replicate-1
pb1	1778	7908	replicate-1
pb1	1779	7897	replicate-1
pb1	1780	7933	replicate-1
pb1	1781	8024	replicate-1
pb1	1782	7966	replicate-1
pb1	1783	7961	replicate-1
pb1	1784	7966	replicate-1
pb1	1785	7868	replicate-1
pb1	1786	7903	replicate-1
pb1	1787	7923	replicate-1
pb1	1788	7941	replicate-1
pb1	1789	7947	replicate-1
pb1	1790	7814	replicate-1
pb1	1791	7859	replicate-1
pb1	1792	7834	replicate-1
pb1	1793	7797	replicate-1
pb1	1794	7869	replicate-1
pb1	1795	7946	replicate-1
pb1	1796	7964	replicate-1
pb1	1797	8136	replicate-1
pb1	1798	8120	replicate-1
pb1	1799	8222	replicate-1
pb1	1800	8179	replicate-1
pb1	1801	8197	replicate-1
pb1	1802	8283	replicate-1
pb1	1803	8196	replicate-1
pb1	1804	7985	replicate-1
pb1	1805	7932	replicate-1
pb1	1806	7860	replicate-1
pb1	1807	7940	replicate-1
pb1	1808	7952	replicate-1
pb1	1809	7954	replicate-1
pb1	1810	7950	replicate-1
pb1	1811	7885	replicate-1
pb1	1812	7864	replicate-1
pb1	1813	8461	replicate-1
pb1	1814	8461	replicate-1
pb1	1815	8488	replicate-1
pb1	1816	8638	replicate-1
pb1	1817	8396	replicate-1
pb1	1818	8662	replicate-1
pb1	1819	8660	replicate-1
pb1	1820	8723	replicate-1
pb1	1821	8775	replicate-1
pb1	1822	7809	replicate-1
pb1	1823	7883	replicate-1
pb1	1824	7770	replicate-1
pb1	1825	7724	replicate-1
pb1	1826	7745	replicate-1
pb1	1827	7611	replicate-1
pb1	1828	7538	replicate-1
pb1	1829	7515	replicate-1
pb1	1830	7550	replicate-1
pb1	1831	7580	replicate-1
pb1	1832	7528	replicate-1
pb1	1833	7549	replicate-1
pb1	1834	7456	replicate-1
pb1	1835	7471	replicate-1
pb1	1836	7589	replicate-1
pb1	1837	7587	replicate-1
pb1	1838	7563	replicate-1
pb1	1839	7560	replicate-1
pb1	1840	7504	replicate-1
pb1	1841	7809	replicate-1
pb1	1842	7795	replicate-1
pb1	1843	7805	replicate-1
pb1	1844	7779	replicate-1
pb1	1845	7767	replicate-1
pb1	1846	7704	replicate-1
pb1	1847	7665	replicate-1
pb1	1848	7494	replicate-1
pb1	1849	7485	replicate-1
pb1	1850	7455	replicate-1
pb1	1851	7467	replicate-1
pb1	1852	7459	replicate-1
pb1	1853	7478	replicate-1
pb1	1854	7448	replicate-1
pb1	1855	7451	replicate-1
pb1	1856	7471	replicate-1
pb1	1857	7448	replicate-1
pb1	1858	7459	replicate-1
pb1	1859	7502	replicate-1
pb1	1860	7528	replicate-1
pb1	1861	7534	replicate-1
pb1	1862	7525	replicate-1
pb1	1863	7524	replicate-1
pb1	1864	7570	replicate-1
pb1	1865	7560	replicate-1
pb1	1866	7581	replicate-1
pb1	1867	7594	replicate-1
pb1	1868	7554	replicate-1
pb1	1869	7644	replicate-1
pb1	1870	7660	replicate-1
pb1	1871	7649	replicate-1
pb1	1872	7633	replicate-1
pb1	1873	7698	replicate-1
pb1	1874	7735	replicate-1
pb1	1875	7712	replicate-1
pb1	1876	7695	replicate-1
pb1	1877	7730	replicate-1
pb1	1878	7641	replicate-1
pb1	1879	7786	replicate-1
pb1	1880	7721	replicate-1
pb1	1881	7955	replicate-1
pb1	1882	7861	replicate-1
pb1	1883	8006	replicate-1
pb1	1884	8073	replicate-1
pb1	1885	8128	replicate-1
pb1	1886	8120	replicate-1
pb1	1887	8182	replicate-1
pb1	1888	8078	replicate-1
pb1	1889	8068	replicate-1
pb1	1890	7791	replicate-1
pb1	1891	7795	replicate-1
pb1	1892	7854	replicate-1
pb1	1893	8053	replicate-1
pb1	1894	8069	replicate-1
pb1	1895	7973	replicate-1
pb1	1896	8202	replicate-1
pb1	1897	8249	replicate-1
pb1	1898	8416	replicate-1
pb1	1899	8438	replicate-1
pb1	1900	8414	replicate-1
pb1	1901	8370	replicate-1
pb1	1902	8099	replicate-1
pb1	1903	8313	replicate-1
pb1	1904	8580	replicate-1
pb1	1905	8508	replicate-1
pb1	1906	8485	replicate-1
pb1	1907	8388	replicate-1
pb1	1908	8433	replicate-1
pb1	1909	8329	replicate-1
pb1	1910	8340	replicate-1
pb1	1911	8352	replicate-1
pb1	1912	8220	replicate-1
pb1	1913	8139	replicate-1
pb1	1914	8148	replicate-1
pb1	1915	8195	replicate-1
pb1	1916	8209	replicate-1
pb1	1917	8210	replicate-1
pb1	1918	8213	replicate-1
pb1	1919	8178	replicate-1
pb1	1920	8164	replicate-1
pb1	1921	8144	replicate-1
pb1	1922	8278	replicate-1
pb1	1923	8320	replicate-1
pb1	1924	8316	replicate-1
pb1	1925	8303	replicate-1
pb1	1926	8381	replicate-1
pb1	1927	8388	replicate-1
pb1	1928	8574	replicate-1
pb1	1929	8580	replicate-1
pb1	1930	9000	replicate-1
pb1	1931	8853	replicate-1
pb1	1932	8926	replicate-1
pb1	1933	8965	replicate-1
pb1	1934	8980	replicate-1
pb1	1935	8826	replicate-1
pb1	1936	8909	replicate-1
pb1	1937	8856	replicate-1
pb1	1938	9526	replicate-1
pb1	1939	9497	replicate-1
pb1	1940	9819	replicate-1
pb1	1941	9774	replicate-1
pb1	1942	9884	replicate-1
pb1	1943	9988	replicate-1
pb1	1944	10141	replicate-1
pb1	1945	10114	replicate-1
pb1	1946	10048	replicate-1
pb1	1947	10047	replicate-1
pb1	1948	9304	replicate-1
pb1	1949	9510	replicate-1
pb1	1950	9501	replicate-1
pb1	1951	9567	replicate-1
pb1	1952	9567	replicate-1
pb1	1953	9505	replicate-1
pb1	1954	9546	replicate-1
pb1	1955	9533	replicate-1
pb1	1956	9757	replicate-1
pb1	1957	9826	replicate-1
pb1	1958	9607	replicate-1
pb1	1959	9676	replicate-1
pb1	1960	9642	replicate-1
pb1	1961	9695	replicate-1
pb1	1962	9698	replicate-1
pb1	1963	9516	replicate-1
pb1	1964	9507	replicate-1
pb1	1965	9396	replicate-1
pb1	1966	9443	replicate-1
pb1	1967	9528	replicate-1
pb1	1968	9516	replicate-1
pb1	1969	9532	replicate-1
pb1	1970	9503	replicate-1
pb1	1971	9503	replicate-1
pb1	1972	9494	replicate-1
pb1	1973	9513	replicate-1
pb1	1974	9476	replicate-1
pb1	1975	9401	replicate-1
pb1	1976	9223	replicate-1
pb1	1977	9372	replicate-1
pb1	1978	9448	replicate-1
pb1	1979	9454	replicate-1
pb1	1980	9468	replicate-1
pb1	1981	9453	replicate-1
pb1	1982	9450	replicate-1
pb1	1983	9506	replicate-1
pb1	1984	9510	replicate-1
pb1	1985	9559	replicate-1
pb1	1986	9332	replicate-1
pb1	1987	9269	replicate-1
pb1	1988	9278	replicate-1
pb1	1989	9315	replicate-1
pb1	1990	9729	replicate-1
pb1	1991	9732	replicate-1
pb1	1992	9757	replicate-1
pb1	1993	9820	replicate-1
pb1	1994	9826	replicate-1
pb1	1995	9843	replicate-1
pb1	1996	9809	replicate-1
pb1	1997	9910	replicate-1
pb1	1998	9868	replicate-1
pb1	1999	9484	replicate-1
pb1	2000	9491	replicate-1
pb1	2001	9314	replicate-1
pb1	2002	9415	replicate-1
pb1	2003	9378	replicate-1
pb1	2004	9420	replicate-1
pb1	2005	9454	replicate-1
pb1	2006	9445	replicate-1
pb1	2007	9441	replicate-1
pb1	2008	9457	replicate-1
pb1	2009	9432	replicate-1
pb1	2010	9409	replicate-1
pb1	2011	9260	replicate-1
pb1	2012	9273	replicate-1
pb1	2013	9186	replicate-1
pb1	2014	9209	replicate-1
pb1	2015	9148	replicate-1
pb1	2016	9381	replicate-1
pb1	2017	9351	replicate-1
pb1	2018	9348	replicate-1
pb1	2019	9279	replicate-1
pb1	2020	9275	replicate-1
pb1	2021	9270	replicate-1
pb1	2022	9264	replicate-1
pb1	2023	9203	replicate-1
pb1	2024	9184	replicate-1
pb1	2025	9166	replicate-1
pb1	2026	9206	replicate-1
pb1	2027	9154	replicate-1
pb1	2028	9146	replicate-1
pb1	2029	9271	replicate-1
pb1	2030	9217	replicate-1
pb1	2031	9193	replicate-1
pb1	2032	9157	replicate-1
pb1	2033	9147	replicate-1
pb1	2034	8949	replicate-1
pb1	2035	8555	replicate-1
pb1	2036	8520	replicate-1
pb1	2037	8536	replicate-1
pb1	2038	8391	replicate-1
pb1	2039	8453	replicate-1
pb1	2040	8466	replicate-1
pb1	2041	8454	replicate-1
pb1	2042	8412	replicate-1
pb1	2043	8272	replicate-1
pb1	2044	8348	replicate-1
pb1	2045	8356	replicate-1
pb1	2046	8578	replicate-1
pb1	2047	8523	replicate-1
pb1	2048	8350	replicate-1
pb1	2049	8401	replicate-1
pb1	2050	8363	replicate-1
pb1	2051	8512	replicate-1
pb1	2052	8495	replicate-1
pb1	2053	8379	replicate-1
pb1	2054	8283	replicate-1
pb1	2055	7621	replicate-1
pb1	2056	7714	replicate-1
pb1	2057	7788	replicate-1
pb1	2058	7721	replicate-1
pb1	2059	7744	replicate-1
pb1	2060	7537	replicate-1
pb1	2061	7553	replicate-1
pb1	2062	7560	replicate-1
pb1	2063	7609	replicate-1
pb1	2064	7627	replicate-1
pb1	2065	7435	replicate-1
pb1	2066	7324	replicate-1
pb1	2067	7262	replicate-1
pb1	2068	7249	replicate-1
pb1	2069	7287	replicate-1
pb1	2070	7377	replicate-1
pb1	2071	7316	replicate-1
pb1	2072	7252	replicate-1
pb1	2073	7227	replicate-1
pb1	2074	7219	replicate-1
pb1	2075	7306	replicate-1
pb1	2076	7294	replicate-1
pb1	2077	7300	replicate-1
pb1	2078	7230	replicate-1
pb1	2079	6973	replicate-1
pb1	2080	7025	replicate-1
pb1	2081	6936	replicate-1
pb1	2082	6924	replicate-1
pb1	2083	6931	replicate-1
pb1	2084	6776	replicate-1
pb1	2085	6935	replicate-1
pb1	2086	7165	replicate-1
pb1	2087	7162	replicate-1
pb1	2088	7105	replicate-1
pb1	2089	7040	replicate-1
pb1	2090	7029	replicate-1
pb1	2091	7004	replicate-1
pb1	2092	6985	replicate-1
pb1	2093	6954	replicate-1
pb1	2094	6723	replicate-1
pb1	2095	6703	replicate-1
pb1	2096	6694	replicate-1
pb1	2097	6743	replicate-1
pb1	2098	6474	replicate-1
pb1	2099	6459	replicate-1
pb1	2100	6402	replicate-1
pb1	2101	6378	replicate-1
pb1	2102	6393	replicate-1
pb1	2103	6391	replicate-1
pb1	2104	6377	replicate-1
pb1	2105	6396	replicate-1
pb1	2106	6285	replicate-1
pb1	2107	6295	replicate-1
pb1	2108	6312	replicate-1
pb1	2109	6318	replicate-1
pb1	2110	6329	replicate-1
pb1	2111	6314	replicate-1
pb1	2112	6315	replicate-1
pb1	2113	6344	replicate-1
pb1	2114	6287	replicate-1
pb1	2115	6295	replicate-1
pb1	2116	6301	replicate-1
pb1	2117	6304	replicate-1
pb1	2118	6296	replicate-1
pb1	2119	6311	replicate-1
pb1	2120	6346	replicate-1
pb1	2121	6425	replicate-1
pb1	2122	6422	replicate-1
pb1	2123	6462	replicate-1
pb1	2124	6517	replicate-1
pb1	2125	6496	replicate-1
pb1	2126	6455	replicate-1
pb1	2127	6429	replicate-1
pb1	2128	6412	replicate-1
pb1	2129	6426	replicate-1
pb1	2130	6581	replicate-1
pb1	2131	6588	replicate-1
pb1	2132	6723	replicate-1
pb1	2133	6684	replicate-1
pb1	2134	7098	replicate-1
pb1	2135	7111	replicate-1
pb1	2136	7228	replicate-1
pb1	2137	7236	replicate-1
pb1	2138	7233	replicate-1
pb1	2139	7261	replicate-1
pb1	2140	6914	replicate-1
pb1	2141	6792	replicate-1
pb1	2142	6795	replicate-1
pb1	2143	6282	replicate-1
pb1	2144	6272	replicate-1
pb1	2145	6038	replicate-1
pb1	2146	6078	replicate-1
pb1	2147	5988	replicate-1
pb1	2148	5981	replicate-1
pb1	2149	6046	replicate-1
pb1	2150	6025	replicate-1
pb1	2151	6063	replicate-1
pb1	2152	6124	replicate-1
pb1	2153	6123	replicate-1
pb1	2154	6147	replicate-1
pb1	2155	6146	replicate-1
pb1	2156	6117	replicate-1
pb1	2157	6158	replicate-1
pb1	2158	6185	replicate-1
pb1	2159	6182	replicate-1
pb1	2160	6171	replicate-1
pb1	2161	6147	replicate-1
pb1	2162	6192	replicate-1
pb1	2163	6175	replicate-1
pb1	2164	6202	replicate-1
pb1	2165	6199	replicate-1
pb1	2166	6160	replicate-1
pb1	2167	6222	replicate-1
pb1	2168	6206	replicate-1
pb1	2169	6199	replicate-1
pb1	2170	6222	replicate-1
pb1	2171	6146	replicate-1
pb1	2172	6207	replicate-1
pb1	2173	6183	replicate-1
pb1	2174	6175	replicate-1
pb1	2175	6072	replicate-1
pb1	2176	5908	replicate-1
pb1	2177	5881	replicate-1
pb1	2178	5977	replicate-1
pb1	2179	6026	replicate-1
pb1	2180	5961	replicate-1
pb1	2181	5923	replicate-1
pb1	2182	5914	replicate-1
pb1	2183	5904	replicate-1
pb1	2184	5904	replicate-1
pb1	2185	5907	replicate-1
pb1	2186	5905	replicate-1
pb1	2187	5724	replicate-1
pb1	2188	5698	replicate-1
pb1	2189	5640	replicate-1
pb1	2190	5809	replicate-1
pb1	2191	5840	replicate-1
pb1	2192	5893	replicate-1
pb1	2193	5971	replicate-1
pb1	2194	5963	replicate-1
pb1	2195	5945	replicate-1
pb1	2196	5868	replicate-1
pb1	2197	5761	replicate-1
pb1	2198	5749	replicate-1
pb1	2199	5738	replicate-1
pb1	2200	5706	replicate-1
pb1	2201	5557	replicate-1
pb1	2202	5565	replicate-1
pb1	2203	5577	replicate-1
pb1	2204	5581	replicate-1
pb1	2205	5595	replicate-1
pb1	2206	5580	replicate-1
pb1	2207	5558	replicate-1
pb1	2208	5529	replicate-1
pb1	2209	5542	replicate-1
pb1	2210	5512	replicate-1
pb1	2211	5528	replicate-1
pb1	2212	5492	replicate-1
pb1	2213	5493	replicate-1
pb1	2214	5441	replicate-1
pb1	2215	5441	replicate-1
pb1	2216	5484	replicate-1
pb1	2217	5477	replicate-1
pb1	2218	5428	replicate-1
pb1	2219	5379	replicate-1
pb1	2220	5320	replicate-1
pb1	2221	5329	replicate-1
pb1	2222	5330	replicate-1
pb1	2223	5330	replicate-1
pb1	2224	5329	replicate-1
pb1	2225	5138	replicate-1
pb1	2226	5293	replicate-1
pb1	2227	5283	replicate-1
pb1	2228	5270	replicate-1
pb1	2229	5253	replicate-1
pb1	2230	5153	replicate-1
pb1	2231	5151	replicate-1
pb1	2232	5162	replicate-1
pb1	2233	5150	replicate-1
pb1	2234	5068	replicate-1
pb1	2235	4211	replicate-1
pb1	2236	4139	replicate-1
pb1	2237	4107	replicate-1
pb1	2238	4105	replicate-1
pb1	2239	4105	replicate-1
pb1	2240	3976	replicate-1
pb1	2241	3962	replicate-1
pb1	2242	3891	replicate-1
pb1	2243	3906	replicate-1
pb1	2244	3893	replicate-1
pb1	2245	3900	replicate-1
pb1	2246	3877	replicate-1
pb1	2247	3849	replicate-1
pb1	2248	3853	replicate-1
pb1	2249	3725	replicate-1
pb1	2250	3744	replicate-1
pb1	2251	3741	replicate-1
pb1	2252	3720	replicate-1
pb1	2253	3703	replicate-1
pb1	2254	3698	replicate-1
pb1	2255	3696	replicate-1
pb1	2256	3698	replicate-1
pb1	2257	3685	replicate-1
pb1	2258	3664	replicate-1
pb1	2259	3528	replicate-1
pb1	2260	3432	replicate-1
pb1	2261	3429	replicate-1
pb1	2262	3422	replicate-1
pb1	2263	3306	replicate-1
pb1	2264	3319	replicate-1
pb1	2265	3312	replicate-1
pb1	2266	3313	replicate-1
pb1	2267	3308	replicate-1
pb1	2268	3212	replicate-1
pb1	2269	3194	replicate-1
pb1	2270	3219	replicate-1
pb1	2271	3073	replicate-1
pb1	2272	3045	replicate-1
pb1	2273	2969	replicate-1
pb1	2274	2911	replicate-1
pb1	2275	2907	replicate-1
pb1	2276	2892	replicate-1
pb1	2277	2881	replicate-1
pb1	2278	2879	replicate-1
pb1	2279	2520	replicate-1
pb1	2280	2525	replicate-1
pb1	2281	2414	replicate-1
pb1	2282	2377	replicate-1
pb1	2283	2376	replicate-1
pb1	2284	2327	replicate-1
pb1	2285	2256	replicate-1
pb1	2286	2232	replicate-1
pb1	2287	2216	replicate-1
pb1	2288	2179	replicate-1
pb1	2289	2104	replicate-1
pb1	2290	2097	replicate-1
pb1	2291	2083	replicate-1
pb1	2292	2081	replicate-1
pb1	2293	2070	replicate-1
pb1	2294	2046	replicate-1
pb1	2295	2041	replicate-1
pb1	2296	1996	replicate-1
pb1	2297	1918	replicate-1
pb1	2298	1915	replicate-1
pb1	2299	1769	replicate-1
pb1	2300	1765	replicate-1
pb1	2301	1668	replicate-1
pb1	2302	1660	replicate-1
pb1	2303	1654	replicate-1
pb1	2304	1609	replicate-1
pb1	2305	1595	replicate-1
pb1	2306	1577	replicate-1
pb1	2307	1571	replicate-1
pb1	2308	1542	replicate-1
pb1	2309	1441	replicate-1
pb1	2310	1394	replicate-1
pb1	2311	1392	replicate-1
pb1	2312	1387	replicate-1
pb1	2313	1378	replicate-1
pb1	2314	1369	replicate-1
pb1	2315	1272	replicate-1
pb1	2316	1269	replicate-1
pb1	2317	1247	replicate-1
pb1	2318	1242	replicate-1
pb1	2319	1239	replicate-1
pb1	2320	1155	replicate-1
pb1	2321	1136	replicate-1
pb1	2322	1126	replicate-1
pb1	2323	1119	replicate-1
pb1	2324	1117	replicate-1
pb1	2325	1098	replicate-1
pb1	2326	1096	replicate-1
pb1	2327	1085	replicate-1
pb1	2328	1076	replicate-1
pb1	2329	1056	replicate-1
pb1	2330	1012	replicate-1
pb1	2331	996	replicate-1
pb1	2332	979	replicate-1
pb1	2333	974	replicate-1
pb1	2334	959	replicate-1
pb1	2335	949	replicate-1
pb1	2336	940	replicate-1
pb1	2337	846	replicate-1
pb1	2338	815	replicate-1
pb1	2339	808	replicate-1
pb1	2340	806	replicate-1
pb1	2341	332	replicate-1
