gene	pos	cvg	rep
ns	1	4225	replicate-1
ns	2	5212	replicate-1
ns	3	5246	replicate-1
ns	4	5268	replicate-1
ns	5	5862	replicate-1
ns	6	5918	replicate-1
ns	7	5943	replicate-1
ns	8	5963	replicate-1
ns	9	5995	replicate-1
ns	10	6006	replicate-1
ns	11	6067	replicate-1
ns	12	6110	replicate-1
ns	13	6157	replicate-1
ns	14	6167	replicate-1
ns	15	6359	replicate-1
ns	16	6418	replicate-1
ns	17	6548	replicate-1
ns	18	6568	replicate-1
ns	19	6591	replicate-1
ns	20	6683	replicate-1
ns	21	6758	replicate-1
ns	22	7305	replicate-1
ns	23	7494	replicate-1
ns	24	7521	replicate-1
ns	25	7566	replicate-1
ns	26	7626	replicate-1
ns	27	7704	replicate-1
ns	28	7731	replicate-1
ns	29	7976	replicate-1
ns	30	8209	replicate-1
ns	31	8653	replicate-1
ns	32	11629	replicate-1
ns	33	11808	replicate-1
ns	34	12111	replicate-1
ns	35	12147	replicate-1
ns	36	12179	replicate-1
ns	37	12382	replicate-1
ns	38	12424	replicate-1
ns	39	12467	replicate-1
ns	40	12531	replicate-1
ns	41	12553	replicate-1
ns	42	13228	replicate-1
ns	43	13246	replicate-1
ns	44	13370	replicate-1
ns	45	13382	replicate-1
ns	46	13424	replicate-1
ns	47	13447	replicate-1
ns	48	13497	replicate-1
ns	49	13678	replicate-1
ns	50	13905	replicate-1
ns	51	13771	replicate-1
ns	52	13922	replicate-1
ns	53	13953	replicate-1
ns	54	14272	replicate-1
ns	55	14292	replicate-1
ns	56	14383	replicate-1
ns	57	14445	replicate-1
ns	58	14422	replicate-1
ns	59	14344	replicate-1
ns	60	14422	replicate-1
ns	61	14446	replicate-1
ns	62	14542	replicate-1
ns	63	14416	replicate-1
ns	64	14676	replicate-1
ns	65	14695	replicate-1
ns	66	14695	replicate-1
ns	67	14845	replicate-1
ns	68	14998	replicate-1
ns	69	15143	replicate-1
ns	70	15158	replicate-1
ns	71	15143	replicate-1
ns	72	15181	replicate-1
ns	73	15156	replicate-1
ns	74	15172	replicate-1
ns	75	15186	replicate-1
ns	76	15157	replicate-1
ns	77	15158	replicate-1
ns	78	15346	replicate-1
ns	79	15351	replicate-1
ns	80	15459	replicate-1
ns	81	15458	replicate-1
ns	82	15449	replicate-1
ns	83	15471	replicate-1
ns	84	15467	replicate-1
ns	85	15502	replicate-1
ns	86	15485	replicate-1
ns	87	15530	replicate-1
ns	88	15475	replicate-1
ns	89	15408	replicate-1
ns	90	15366	replicate-1
ns	91	15440	replicate-1
ns	92	15442	replicate-1
ns	93	15444	replicate-1
ns	94	15411	replicate-1
ns	95	15274	replicate-1
ns	96	15387	replicate-1
ns	97	15484	replicate-1
ns	98	15662	replicate-1
ns	99	15546	replicate-1
ns	100	15514	replicate-1
ns	101	15447	replicate-1
ns	102	15837	replicate-1
ns	103	15704	replicate-1
ns	104	15689	replicate-1
ns	105	15701	replicate-1
ns	106	15029	replicate-1
ns	107	15068	replicate-1
ns	108	15033	replicate-1
ns	109	15166	replicate-1
ns	110	15058	replicate-1
ns	111	14816	replicate-1
ns	112	14804	replicate-1
ns	113	14777	replicate-1
ns	114	14960	replicate-1
ns	115	15079	replicate-1
ns	116	14958	replicate-1
ns	117	14909	replicate-1
ns	118	14702	replicate-1
ns	119	14629	replicate-1
ns	120	14947	replicate-1
ns	121	15093	replicate-1
ns	122	15150	replicate-1
ns	123	14746	replicate-1
ns	124	14519	replicate-1
ns	125	14412	replicate-1
ns	126	14383	replicate-1
ns	127	14253	replicate-1
ns	128	14238	replicate-1
ns	129	13714	replicate-1
ns	130	13601	replicate-1
ns	131	13628	replicate-1
ns	132	13612	replicate-1
ns	133	13503	replicate-1
ns	134	13517	replicate-1
ns	135	13653	replicate-1
ns	136	13668	replicate-1
ns	137	13655	replicate-1
ns	138	13640	replicate-1
ns	139	13591	replicate-1
ns	140	13460	replicate-1
ns	141	13660	replicate-1
ns	142	13565	replicate-1
ns	143	13550	replicate-1
ns	144	13604	replicate-1
ns	145	13520	replicate-1
ns	146	13514	replicate-1
ns	147	13478	replicate-1
ns	148	13421	replicate-1
ns	149	13287	replicate-1
ns	150	12704	replicate-1
ns	151	12558	replicate-1
ns	152	12258	replicate-1
ns	153	12187	replicate-1
ns	154	12044	replicate-1
ns	155	12077	replicate-1
ns	156	12000	replicate-1
ns	157	12225	replicate-1
ns	158	12140	replicate-1
ns	159	12142	replicate-1
ns	160	12159	replicate-1
ns	161	12076	replicate-1
ns	162	12047	replicate-1
ns	163	12077	replicate-1
ns	164	11993	replicate-1
ns	165	12022	replicate-1
ns	166	11808	replicate-1
ns	167	11789	replicate-1
ns	168	11497	replicate-1
ns	169	11545	replicate-1
ns	170	11570	replicate-1
ns	171	11403	replicate-1
ns	172	12272	replicate-1
ns	173	12049	replicate-1
ns	174	12184	replicate-1
ns	175	12043	replicate-1
ns	176	12109	replicate-1
ns	177	12268	replicate-1
ns	178	12218	replicate-1
ns	179	12092	replicate-1
ns	180	11728	replicate-1
ns	181	10697	replicate-1
ns	182	10841	replicate-1
ns	183	10865	replicate-1
ns	184	10868	replicate-1
ns	185	10921	replicate-1
ns	186	10796	replicate-1
ns	187	10817	replicate-1
ns	188	10832	replicate-1
ns	189	10874	replicate-1
ns	190	10908	replicate-1
ns	191	10701	replicate-1
ns	192	10650	replicate-1
ns	193	10647	replicate-1
ns	194	10473	replicate-1
ns	195	10500	replicate-1
ns	196	10531	replicate-1
ns	197	10552	replicate-1
ns	198	10452	replicate-1
ns	199	10527	replicate-1
ns	200	10536	replicate-1
ns	201	10499	replicate-1
ns	202	10781	replicate-1
ns	203	10743	replicate-1
ns	204	10823	replicate-1
ns	205	10941	replicate-1
ns	206	10889	replicate-1
ns	207	11091	replicate-1
ns	208	11127	replicate-1
ns	209	11248	replicate-1
ns	210	11241	replicate-1
ns	211	10837	replicate-1
ns	212	11087	replicate-1
ns	213	11180	replicate-1
ns	214	11226	replicate-1
ns	215	11300	replicate-1
ns	216	11124	replicate-1
ns	217	11241	replicate-1
ns	218	11022	replicate-1
ns	219	11273	replicate-1
ns	220	11192	replicate-1
ns	221	11009	replicate-1
ns	222	11067	replicate-1
ns	223	10776	replicate-1
ns	224	10830	replicate-1
ns	225	10818	replicate-1
ns	226	10815	replicate-1
ns	227	11133	replicate-1
ns	228	11038	replicate-1
ns	229	11076	replicate-1
ns	230	11095	replicate-1
ns	231	11234	replicate-1
ns	232	11217	replicate-1
ns	233	11296	replicate-1
ns	234	11331	replicate-1
ns	235	11372	replicate-1
ns	236	10962	replicate-1
ns	237	11017	replicate-1
ns	238	11083	replicate-1
ns	239	11064	replicate-1
ns	240	11183	replicate-1
ns	241	11268	replicate-1
ns	242	11283	replicate-1
ns	243	11270	replicate-1
ns	244	11287	replicate-1
ns	245	11290	replicate-1
ns	246	11411	replicate-1
ns	247	11504	replicate-1
ns	248	11480	replicate-1
ns	249	11420	replicate-1
ns	250	11173	replicate-1
ns	251	11159	replicate-1
ns	252	11063	replicate-1
ns	253	11221	replicate-1
ns	254	11193	replicate-1
ns	255	11702	replicate-1
ns	256	11669	replicate-1
ns	257	11819	replicate-1
ns	258	11931	replicate-1
ns	259	12002	replicate-1
ns	260	12003	replicate-1
ns	261	11979	replicate-1
ns	262	11790	replicate-1
ns	263	11841	replicate-1
ns	264	11537	replicate-1
ns	265	12080	replicate-1
ns	266	12040	replicate-1
ns	267	12082	replicate-1
ns	268	12074	replicate-1
ns	269	12087	replicate-1
ns	270	12166	replicate-1
ns	271	12180	replicate-1
ns	272	12221	replicate-1
ns	273	12116	replicate-1
ns	274	11983	replicate-1
ns	275	11848	replicate-1
ns	276	11941	replicate-1
ns	277	11959	replicate-1
ns	278	12015	replicate-1
ns	279	12059	replicate-1
ns	280	12028	replicate-1
ns	281	11940	replicate-1
ns	282	12134	replicate-1
ns	283	12182	replicate-1
ns	284	12120	replicate-1
ns	285	12145	replicate-1
ns	286	12194	replicate-1
ns	287	12168	replicate-1
ns	288	12217	replicate-1
ns	289	12212	replicate-1
ns	290	12459	replicate-1
ns	291	12263	replicate-1
ns	292	13145	replicate-1
ns	293	13195	replicate-1
ns	294	13224	replicate-1
ns	295	13279	replicate-1
ns	296	13313	replicate-1
ns	297	13315	replicate-1
ns	298	13334	replicate-1
ns	299	13033	replicate-1
ns	300	13135	replicate-1
ns	301	12668	replicate-1
ns	302	12728	replicate-1
ns	303	12699	replicate-1
ns	304	12669	replicate-1
ns	305	12657	replicate-1
ns	306	12629	replicate-1
ns	307	13167	replicate-1
ns	308	13147	replicate-1
ns	309	13322	replicate-1
ns	310	13266	replicate-1
ns	311	13232	replicate-1
ns	312	13259	replicate-1
ns	313	13361	replicate-1
ns	314	13411	replicate-1
ns	315	13371	replicate-1
ns	316	12699	replicate-1
ns	317	12893	replicate-1
ns	318	12585	replicate-1
ns	319	12792	replicate-1
ns	320	13312	replicate-1
ns	321	13311	replicate-1
ns	322	13268	replicate-1
ns	323	13250	replicate-1
ns	324	13269	replicate-1
ns	325	13291	replicate-1
ns	326	13272	replicate-1
ns	327	13277	replicate-1
ns	328	12995	replicate-1
ns	329	12975	replicate-1
ns	330	12475	replicate-1
ns	331	13120	replicate-1
ns	332	13574	replicate-1
ns	333	13595	replicate-1
ns	334	13702	replicate-1
ns	335	13646	replicate-1
ns	336	13577	replicate-1
ns	337	13617	replicate-1
ns	338	13705	replicate-1
ns	339	13793	replicate-1
ns	340	13274	replicate-1
ns	341	12944	replicate-1
ns	342	12858	replicate-1
ns	343	12989	replicate-1
ns	344	13046	replicate-1
ns	345	13111	replicate-1
ns	346	13090	replicate-1
ns	347	12998	replicate-1
ns	348	12897	replicate-1
ns	349	12828	replicate-1
ns	350	12786	replicate-1
ns	351	12810	replicate-1
ns	352	12625	replicate-1
ns	353	12833	replicate-1
ns	354	12732	replicate-1
ns	355	12778	replicate-1
ns	356	12779	replicate-1
ns	357	12738	replicate-1
ns	358	12757	replicate-1
ns	359	12718	replicate-1
ns	360	12730	replicate-1
ns	361	12697	replicate-1
ns	362	12426	replicate-1
ns	363	12428	replicate-1
ns	364	12555	replicate-1
ns	365	12530	replicate-1
ns	366	12594	replicate-1
ns	367	12590	replicate-1
ns	368	12696	replicate-1
ns	369	12751	replicate-1
ns	370	12635	replicate-1
ns	371	12687	replicate-1
ns	372	12608	replicate-1
ns	373	12497	replicate-1
ns	374	12625	replicate-1
ns	375	12549	replicate-1
ns	376	12517	replicate-1
ns	377	12402	replicate-1
ns	378	12518	replicate-1
ns	379	12912	replicate-1
ns	380	12839	replicate-1
ns	381	12849	replicate-1
ns	382	12731	replicate-1
ns	383	12576	replicate-1
ns	384	12710	replicate-1
ns	385	12608	replicate-1
ns	386	12634	replicate-1
ns	387	12040	replicate-1
ns	388	11717	replicate-1
ns	389	12418	replicate-1
ns	390	12471	replicate-1
ns	391	12547	replicate-1
ns	392	12356	replicate-1
ns	393	12341	replicate-1
ns	394	12328	replicate-1
ns	395	12238	replicate-1
ns	396	12241	replicate-1
ns	397	11811	replicate-1
ns	398	11241	replicate-1
ns	399	11404	replicate-1
ns	400	11328	replicate-1
ns	401	11350	replicate-1
ns	402	11044	replicate-1
ns	403	11032	replicate-1
ns	404	11100	replicate-1
ns	405	11041	replicate-1
ns	406	11122	replicate-1
ns	407	11245	replicate-1
ns	408	10977	replicate-1
ns	409	10975	replicate-1
ns	410	10977	replicate-1
ns	411	11034	replicate-1
ns	412	11082	replicate-1
ns	413	11269	replicate-1
ns	414	11288	replicate-1
ns	415	11058	replicate-1
ns	416	11098	replicate-1
ns	417	10829	replicate-1
ns	418	10826	replicate-1
ns	419	10809	replicate-1
ns	420	11013	replicate-1
ns	421	10983	replicate-1
ns	422	10890	replicate-1
ns	423	10898	replicate-1
ns	424	10923	replicate-1
ns	425	11126	replicate-1
ns	426	11103	replicate-1
ns	427	11106	replicate-1
ns	428	11150	replicate-1
ns	429	10949	replicate-1
ns	430	11016	replicate-1
ns	431	10988	replicate-1
ns	432	10992	replicate-1
ns	433	10933	replicate-1
ns	434	10964	replicate-1
ns	435	11091	replicate-1
ns	436	11090	replicate-1
ns	437	11131	replicate-1
ns	438	11143	replicate-1
ns	439	11090	replicate-1
ns	440	11071	replicate-1
ns	441	11065	replicate-1
ns	442	10997	replicate-1
ns	443	10972	replicate-1
ns	444	10809	replicate-1
ns	445	10789	replicate-1
ns	446	11075	replicate-1
ns	447	11123	replicate-1
ns	448	11146	replicate-1
ns	449	11251	replicate-1
ns	450	11311	replicate-1
ns	451	11277	replicate-1
ns	452	10959	replicate-1
ns	453	10905	replicate-1
ns	454	12822	replicate-1
ns	455	12660	replicate-1
ns	456	12623	replicate-1
ns	457	12874	replicate-1
ns	458	12992	replicate-1
ns	459	13609	replicate-1
ns	460	13601	replicate-1
ns	461	13753	replicate-1
ns	462	13809	replicate-1
ns	463	12443	replicate-1
ns	464	14030	replicate-1
ns	465	14058	replicate-1
ns	466	13938	replicate-1
ns	467	13958	replicate-1
ns	468	13654	replicate-1
ns	469	13730	replicate-1
ns	470	13722	replicate-1
ns	471	13736	replicate-1
ns	472	13734	replicate-1
ns	473	13382	replicate-1
ns	474	13424	replicate-1
ns	475	13583	replicate-1
ns	476	13640	replicate-1
ns	477	13708	replicate-1
ns	478	13799	replicate-1
ns	479	13656	replicate-1
ns	480	13924	replicate-1
ns	481	13887	replicate-1
ns	482	13917	replicate-1
ns	483	13936	replicate-1
ns	484	13873	replicate-1
ns	485	13891	replicate-1
ns	486	13943	replicate-1
ns	487	14127	replicate-1
ns	488	14092	replicate-1
ns	489	13985	replicate-1
ns	490	14007	replicate-1
ns	491	13925	replicate-1
ns	492	14065	replicate-1
ns	493	14191	replicate-1
ns	494	14204	replicate-1
ns	495	14253	replicate-1
ns	496	14093	replicate-1
ns	497	14167	replicate-1
ns	498	14266	replicate-1
ns	499	14347	replicate-1
ns	500	14330	replicate-1
ns	501	14269	replicate-1
ns	502	14475	replicate-1
ns	503	14618	replicate-1
ns	504	14588	replicate-1
ns	505	14601	replicate-1
ns	506	14594	replicate-1
ns	507	14443	replicate-1
ns	508	14706	replicate-1
ns	509	14672	replicate-1
ns	510	15089	replicate-1
ns	511	14904	replicate-1
ns	512	15093	replicate-1
ns	513	15111	replicate-1
ns	514	15139	replicate-1
ns	515	15290	replicate-1
ns	516	15354	replicate-1
ns	517	15172	replicate-1
ns	518	15037	replicate-1
ns	519	14863	replicate-1
ns	520	15002	replicate-1
ns	521	14828	replicate-1
ns	522	15515	replicate-1
ns	523	15714	replicate-1
ns	524	15758	replicate-1
ns	525	15793	replicate-1
ns	526	15703	replicate-1
ns	527	15785	replicate-1
ns	528	16099	replicate-1
ns	529	16205	replicate-1
ns	530	16261	replicate-1
ns	531	16003	replicate-1
ns	532	16266	replicate-1
ns	533	16330	replicate-1
ns	534	16432	replicate-1
ns	535	16981	replicate-1
ns	536	16812	replicate-1
ns	537	16852	replicate-1
ns	538	16715	replicate-1
ns	539	16505	replicate-1
ns	540	16427	replicate-1
ns	541	15962	replicate-1
ns	542	16139	replicate-1
ns	543	16157	replicate-1
ns	544	15791	replicate-1
ns	545	15879	replicate-1
ns	546	15929	replicate-1
ns	547	15960	replicate-1
ns	548	15982	replicate-1
ns	549	15996	replicate-1
ns	550	15985	replicate-1
ns	551	15821	replicate-1
ns	552	15801	replicate-1
ns	553	15925	replicate-1
ns	554	15830	replicate-1
ns	555	15801	replicate-1
ns	556	16179	replicate-1
ns	557	16097	replicate-1
ns	558	16180	replicate-1
ns	559	16236	replicate-1
ns	560	16186	replicate-1
ns	561	16147	replicate-1
ns	562	15969	replicate-1
ns	563	15973	replicate-1
ns	564	16098	replicate-1
ns	565	15743	replicate-1
ns	566	16017	replicate-1
ns	567	15967	replicate-1
ns	568	15978	replicate-1
ns	569	16201	replicate-1
ns	570	16145	replicate-1
ns	571	16229	replicate-1
ns	572	16234	replicate-1
ns	573	16107	replicate-1
ns	574	16156	replicate-1
ns	575	15965	replicate-1
ns	576	15958	replicate-1
ns	577	16151	replicate-1
ns	578	15952	replicate-1
ns	579	16188	replicate-1
ns	580	16195	replicate-1
ns	581	16278	replicate-1
ns	582	16430	replicate-1
ns	583	16397	replicate-1
ns	584	16350	replicate-1
ns	585	16321	replicate-1
ns	586	16054	replicate-1
ns	587	16317	replicate-1
ns	588	16071	replicate-1
ns	589	16203	replicate-1
ns	590	17281	replicate-1
ns	591	17463	replicate-1
ns	592	17491	replicate-1
ns	593	17485	replicate-1
ns	594	17535	replicate-1
ns	595	17617	replicate-1
ns	596	17421	replicate-1
ns	597	17018	replicate-1
ns	598	17153	replicate-1
ns	599	15531	replicate-1
ns	600	15853	replicate-1
ns	601	15709	replicate-1
ns	602	15719	replicate-1
ns	603	15763	replicate-1
ns	604	15560	replicate-1
ns	605	15431	replicate-1
ns	606	15447	replicate-1
ns	607	15300	replicate-1
ns	608	15628	replicate-1
ns	609	15326	replicate-1
ns	610	15405	replicate-1
ns	611	15406	replicate-1
ns	612	15432	replicate-1
ns	613	15497	replicate-1
ns	614	15423	replicate-1
ns	615	15489	replicate-1
ns	616	15606	replicate-1
ns	617	15241	replicate-1
ns	618	15748	replicate-1
ns	619	15661	replicate-1
ns	620	15847	replicate-1
ns	621	15876	replicate-1
ns	622	15779	replicate-1
ns	623	15834	replicate-1
ns	624	15399	replicate-1
ns	625	15427	replicate-1
ns	626	15343	replicate-1
ns	627	14728	replicate-1
ns	628	14725	replicate-1
ns	629	14753	replicate-1
ns	630	14777	replicate-1
ns	631	14806	replicate-1
ns	632	14741	replicate-1
ns	633	14727	replicate-1
ns	634	14682	replicate-1
ns	635	14870	replicate-1
ns	636	14837	replicate-1
ns	637	14826	replicate-1
ns	638	14677	replicate-1
ns	639	14605	replicate-1
ns	640	14817	replicate-1
ns	641	14870	replicate-1
ns	642	14788	replicate-1
ns	643	15309	replicate-1
ns	644	15220	replicate-1
ns	645	15227	replicate-1
ns	646	15214	replicate-1
ns	647	15155	replicate-1
ns	648	15272	replicate-1
ns	649	14598	replicate-1
ns	650	14830	replicate-1
ns	651	14942	replicate-1
ns	652	14257	replicate-1
ns	653	14310	replicate-1
ns	654	14249	replicate-1
ns	655	14359	replicate-1
ns	656	14377	replicate-1
ns	657	14117	replicate-1
ns	658	14141	replicate-1
ns	659	13544	replicate-1
ns	660	13820	replicate-1
ns	661	13957	replicate-1
ns	662	13855	replicate-1
ns	663	13897	replicate-1
ns	664	13767	replicate-1
ns	665	13677	replicate-1
ns	666	13722	replicate-1
ns	667	13548	replicate-1
ns	668	13635	replicate-1
ns	669	13058	replicate-1
ns	670	13338	replicate-1
ns	671	13330	replicate-1
ns	672	13270	replicate-1
ns	673	13241	replicate-1
ns	674	13166	replicate-1
ns	675	13167	replicate-1
ns	676	13098	replicate-1
ns	677	13009	replicate-1
ns	678	12966	replicate-1
ns	679	12297	replicate-1
ns	680	12313	replicate-1
ns	681	12246	replicate-1
ns	682	12215	replicate-1
ns	683	12091	replicate-1
ns	684	12234	replicate-1
ns	685	12248	replicate-1
ns	686	12324	replicate-1
ns	687	12356	replicate-1
ns	688	12404	replicate-1
ns	689	12404	replicate-1
ns	690	12423	replicate-1
ns	691	12495	replicate-1
ns	692	12501	replicate-1
ns	693	12570	replicate-1
ns	694	12478	replicate-1
ns	695	12509	replicate-1
ns	696	12482	replicate-1
ns	697	12641	replicate-1
ns	698	12672	replicate-1
ns	699	12672	replicate-1
ns	700	12859	replicate-1
ns	701	12762	replicate-1
ns	702	12758	replicate-1
ns	703	12731	replicate-1
ns	704	12711	replicate-1
ns	705	12767	replicate-1
ns	706	12524	replicate-1
ns	707	12542	replicate-1
ns	708	12527	replicate-1
ns	709	12377	replicate-1
ns	710	12332	replicate-1
ns	711	12365	replicate-1
ns	712	12370	replicate-1
ns	713	12374	replicate-1
ns	714	12443	replicate-1
ns	715	12113	replicate-1
ns	716	12132	replicate-1
ns	717	12195	replicate-1
ns	718	12254	replicate-1
ns	719	12218	replicate-1
ns	720	12079	replicate-1
ns	721	12274	replicate-1
ns	722	12160	replicate-1
ns	723	11859	replicate-1
ns	724	11819	replicate-1
ns	725	11994	replicate-1
ns	726	11942	replicate-1
ns	727	11894	replicate-1
ns	728	11902	replicate-1
ns	729	11894	replicate-1
ns	730	11481	replicate-1
ns	731	11273	replicate-1
ns	732	11285	replicate-1
ns	733	11269	replicate-1
ns	734	11049	replicate-1
ns	735	11323	replicate-1
ns	736	11349	replicate-1
ns	737	11518	replicate-1
ns	738	11499	replicate-1
ns	739	11546	replicate-1
ns	740	11591	replicate-1
ns	741	11442	replicate-1
ns	742	11417	replicate-1
ns	743	11389	replicate-1
ns	744	10797	replicate-1
ns	745	11012	replicate-1
ns	746	10737	replicate-1
ns	747	10826	replicate-1
ns	748	10763	replicate-1
ns	749	10753	replicate-1
ns	750	10798	replicate-1
ns	751	10773	replicate-1
ns	752	10724	replicate-1
ns	753	10726	replicate-1
ns	754	10316	replicate-1
ns	755	10713	replicate-1
ns	756	10671	replicate-1
ns	757	10680	replicate-1
ns	758	10645	replicate-1
ns	759	10680	replicate-1
ns	760	10651	replicate-1
ns	761	10791	replicate-1
ns	762	10831	replicate-1
ns	763	10594	replicate-1
ns	764	9996	replicate-1
ns	765	9931	replicate-1
ns	766	10115	replicate-1
ns	767	10113	replicate-1
ns	768	9889	replicate-1
ns	769	9863	replicate-1
ns	770	9426	replicate-1
ns	771	9551	replicate-1
ns	772	9457	replicate-1
ns	773	9317	replicate-1
ns	774	9316	replicate-1
ns	775	8981	replicate-1
ns	776	9129	replicate-1
ns	777	9084	replicate-1
ns	778	9098	replicate-1
ns	779	9159	replicate-1
ns	780	8969	replicate-1
ns	781	8979	replicate-1
ns	782	8943	replicate-1
ns	783	8905	replicate-1
ns	784	8921	replicate-1
ns	785	8457	replicate-1
ns	786	8577	replicate-1
ns	787	8558	replicate-1
ns	788	8559	replicate-1
ns	789	8550	replicate-1
ns	790	8575	replicate-1
ns	791	8831	replicate-1
ns	792	8823	replicate-1
ns	793	8728	replicate-1
ns	794	8708	replicate-1
ns	795	8461	replicate-1
ns	796	8550	replicate-1
ns	797	8540	replicate-1
ns	798	8553	replicate-1
ns	799	8458	replicate-1
ns	800	7849	replicate-1
ns	801	7846	replicate-1
ns	802	7907	replicate-1
ns	803	8199	replicate-1
ns	804	8190	replicate-1
ns	805	8114	replicate-1
ns	806	8150	replicate-1
ns	807	8157	replicate-1
ns	808	8230	replicate-1
ns	809	8219	replicate-1
ns	810	8169	replicate-1
ns	811	8118	replicate-1
ns	812	6812	replicate-1
ns	813	6781	replicate-1
ns	814	6691	replicate-1
ns	815	6634	replicate-1
ns	816	6709	replicate-1
ns	817	6425	replicate-1
ns	818	6411	replicate-1
ns	819	6356	replicate-1
ns	820	6283	replicate-1
ns	821	6257	replicate-1
ns	822	6214	replicate-1
ns	823	6230	replicate-1
ns	824	6107	replicate-1
ns	825	5860	replicate-1
ns	826	5913	replicate-1
ns	827	5909	replicate-1
ns	828	5904	replicate-1
ns	829	5847	replicate-1
ns	830	5708	replicate-1
ns	831	5711	replicate-1
ns	832	5686	replicate-1
ns	833	5629	replicate-1
ns	834	5681	replicate-1
ns	835	5252	replicate-1
ns	836	5234	replicate-1
ns	837	5189	replicate-1
ns	838	5178	replicate-1
ns	839	5190	replicate-1
ns	840	5058	replicate-1
ns	841	4971	replicate-1
ns	842	4903	replicate-1
ns	843	4322	replicate-1
ns	844	4301	replicate-1
ns	845	4287	replicate-1
ns	846	4272	replicate-1
ns	847	4262	replicate-1
ns	848	4092	replicate-1
ns	849	4068	replicate-1
ns	850	4033	replicate-1
ns	851	4000	replicate-1
ns	852	3982	replicate-1
ns	853	3952	replicate-1
ns	854	3914	replicate-1
ns	855	3911	replicate-1
ns	856	3901	replicate-1
ns	857	3761	replicate-1
ns	858	3695	replicate-1
ns	859	3643	replicate-1
ns	860	3636	replicate-1
ns	861	3626	replicate-1
ns	862	3603	replicate-1
ns	863	3391	replicate-1
ns	864	3293	replicate-1
ns	865	3196	replicate-1
ns	866	3174	replicate-1
ns	867	3048	replicate-1
ns	868	2824	replicate-1
ns	869	2792	replicate-1
ns	870	2787	replicate-1
ns	871	2777	replicate-1
ns	872	2767	replicate-1
ns	873	2717	replicate-1
ns	874	2695	replicate-1
ns	875	2680	replicate-1
ns	876	2426	replicate-1
ns	877	2422	replicate-1
ns	878	2345	replicate-1
ns	879	2302	replicate-1
ns	880	2243	replicate-1
ns	881	2193	replicate-1
ns	882	2190	replicate-1
ns	883	2130	replicate-1
ns	884	2113	replicate-1
ns	885	2090	replicate-1
ns	886	1618	replicate-1
ns	887	1573	replicate-1
ns	888	1523	replicate-1
ns	889	1513	replicate-1
ns	890	310	replicate-1
na	1	2485	replicate-1
na	2	2948	replicate-1
na	3	3004	replicate-1
na	4	3033	replicate-1
na	5	3321	replicate-1
na	6	3474	replicate-1
na	7	3492	replicate-1
na	8	3499	replicate-1
na	9	3546	replicate-1
na	10	3553	replicate-1
na	11	3574	replicate-1
na	12	3590	replicate-1
na	13	3682	replicate-1
na	14	4018	replicate-1
na	15	4042	replicate-1
na	16	4082	replicate-1
na	17	4124	replicate-1
na	18	4140	replicate-1
na	19	4262	replicate-1
na	20	4318	replicate-1
na	21	4331	replicate-1
na	22	4343	replicate-1
na	23	4353	replicate-1
na	24	4368	replicate-1
na	25	4458	replicate-1
na	26	4468	replicate-1
na	27	4481	replicate-1
na	28	4491	replicate-1
na	29	4503	replicate-1
na	30	4609	replicate-1
na	31	4636	replicate-1
na	32	4667	replicate-1
na	33	4680	replicate-1
na	34	4688	replicate-1
na	35	4757	replicate-1
na	36	4784	replicate-1
na	37	4812	replicate-1
na	38	5230	replicate-1
na	39	5372	replicate-1
na	40	5385	replicate-1
na	41	5413	replicate-1
na	42	5449	replicate-1
na	43	5553	replicate-1
na	44	5562	replicate-1
na	45	5607	replicate-1
na	46	6153	replicate-1
na	47	6232	replicate-1
na	48	6252	replicate-1
na	49	6272	replicate-1
na	50	6297	replicate-1
na	51	6713	replicate-1
na	52	6749	replicate-1
na	53	6770	replicate-1
na	54	6763	replicate-1
na	55	6681	replicate-1
na	56	6843	replicate-1
na	57	6967	replicate-1
na	58	7124	replicate-1
na	59	7466	replicate-1
na	60	7379	replicate-1
na	61	8542	replicate-1
na	62	8555	replicate-1
na	63	8573	replicate-1
na	64	8674	replicate-1
na	65	8681	replicate-1
na	66	9020	replicate-1
na	67	8999	replicate-1
na	68	9067	replicate-1
na	69	9067	replicate-1
na	70	8860	replicate-1
na	71	8877	replicate-1
na	72	9199	replicate-1
na	73	9211	replicate-1
na	74	9218	replicate-1
na	75	9131	replicate-1
na	76	9148	replicate-1
na	77	9244	replicate-1
na	78	9325	replicate-1
na	79	9322	replicate-1
na	80	9399	replicate-1
na	81	9290	replicate-1
na	82	9517	replicate-1
na	83	9518	replicate-1
na	84	9515	replicate-1
na	85	9505	replicate-1
na	86	9487	replicate-1
na	87	9503	replicate-1
na	88	9498	replicate-1
na	89	9500	replicate-1
na	90	9559	replicate-1
na	91	9510	replicate-1
na	92	9564	replicate-1
na	93	9609	replicate-1
na	94	9592	replicate-1
na	95	9635	replicate-1
na	96	9678	replicate-1
na	97	9718	replicate-1
na	98	9708	replicate-1
na	99	9737	replicate-1
na	100	9741	replicate-1
na	101	9801	replicate-1
na	102	9787	replicate-1
na	103	9811	replicate-1
na	104	10057	replicate-1
na	105	10061	replicate-1
na	106	10071	replicate-1
na	107	10074	replicate-1
na	108	10135	replicate-1
na	109	10513	replicate-1
na	110	10549	replicate-1
na	111	10519	replicate-1
na	112	11641	replicate-1
na	113	11498	replicate-1
na	114	11656	replicate-1
na	115	11655	replicate-1
na	116	11582	replicate-1
na	117	11543	replicate-1
na	118	11702	replicate-1
na	119	11777	replicate-1
na	120	11764	replicate-1
na	121	11080	replicate-1
na	122	11134	replicate-1
na	123	11093	replicate-1
na	124	11115	replicate-1
na	125	11137	replicate-1
na	126	11126	replicate-1
na	127	11055	replicate-1
na	128	11016	replicate-1
na	129	11021	replicate-1
na	130	11094	replicate-1
na	131	11144	replicate-1
na	132	11232	replicate-1
na	133	11214	replicate-1
na	134	11237	replicate-1
na	135	11215	replicate-1
na	136	11149	replicate-1
na	137	11122	replicate-1
na	138	11087	replicate-1
na	139	11150	replicate-1
na	140	11042	replicate-1
na	141	11055	replicate-1
na	142	11027	replicate-1
na	143	11195	replicate-1
na	144	11266	replicate-1
na	145	11602	replicate-1
na	146	11598	replicate-1
na	147	11668	replicate-1
na	148	11586	replicate-1
na	149	11832	replicate-1
na	150	11642	replicate-1
na	151	11476	replicate-1
na	152	11367	replicate-1
na	153	11180	replicate-1
na	154	11538	replicate-1
na	155	11693	replicate-1
na	156	11757	replicate-1
na	157	11757	replicate-1
na	158	11637	replicate-1
na	159	11807	replicate-1
na	160	11643	replicate-1
na	161	11599	replicate-1
na	162	11651	replicate-1
na	163	10813	replicate-1
na	164	10695	replicate-1
na	165	10677	replicate-1
na	166	10725	replicate-1
na	167	10754	replicate-1
na	168	10670	replicate-1
na	169	10828	replicate-1
na	170	10890	replicate-1
na	171	10968	replicate-1
na	172	10911	replicate-1
na	173	10984	replicate-1
na	174	10966	replicate-1
na	175	11068	replicate-1
na	176	11220	replicate-1
na	177	11331	replicate-1
na	178	11482	replicate-1
na	179	11567	replicate-1
na	180	11609	replicate-1
na	181	11957	replicate-1
na	182	11941	replicate-1
na	183	12372	replicate-1
na	184	12561	replicate-1
na	185	12449	replicate-1
na	186	12356	replicate-1
na	187	12352	replicate-1
na	188	12379	replicate-1
na	189	12446	replicate-1
na	190	12235	replicate-1
na	191	12719	replicate-1
na	192	12713	replicate-1
na	193	12496	replicate-1
na	194	12516	replicate-1
na	195	12375	replicate-1
na	196	12292	replicate-1
na	197	12455	replicate-1
na	198	12363	replicate-1
na	199	12432	replicate-1
na	200	12193	replicate-1
na	201	12072	replicate-1
na	202	12548	replicate-1
na	203	12571	replicate-1
na	204	12628	replicate-1
na	205	12579	replicate-1
na	206	12432	replicate-1
na	207	12805	replicate-1
na	208	12792	replicate-1
na	209	12812	replicate-1
na	210	12817	replicate-1
na	211	12475	replicate-1
na	212	12610	replicate-1
na	213	12624	replicate-1
na	214	12682	replicate-1
na	215	12727	replicate-1
na	216	12680	replicate-1
na	217	12785	replicate-1
na	218	12866	replicate-1
na	219	12992	replicate-1
na	220	13016	replicate-1
na	221	13024	replicate-1
na	222	13018	replicate-1
na	223	13056	replicate-1
na	224	13250	replicate-1
na	225	13191	replicate-1
na	226	13151	replicate-1
na	227	13204	replicate-1
na	228	13105	replicate-1
na	229	13168	replicate-1
na	230	13196	replicate-1
na	231	13122	replicate-1
na	232	13123	replicate-1
na	233	13045	replicate-1
na	234	13140	replicate-1
na	235	13199	replicate-1
na	236	13099	replicate-1
na	237	13067	replicate-1
na	238	13098	replicate-1
na	239	13174	replicate-1
na	240	13187	replicate-1
na	241	13163	replicate-1
na	242	13135	replicate-1
na	243	13159	replicate-1
na	244	13101	replicate-1
na	245	13087	replicate-1
na	246	13146	replicate-1
na	247	13137	replicate-1
na	248	13034	replicate-1
na	249	13156	replicate-1
na	250	13073	replicate-1
na	251	13072	replicate-1
na	252	13053	replicate-1
na	253	12997	replicate-1
na	254	13260	replicate-1
na	255	13214	replicate-1
na	256	13290	replicate-1
na	257	13206	replicate-1
na	258	13213	replicate-1
na	259	13177	replicate-1
na	260	13194	replicate-1
na	261	13181	replicate-1
na	262	13062	replicate-1
na	263	12640	replicate-1
na	264	12628	replicate-1
na	265	12453	replicate-1
na	266	12455	replicate-1
na	267	12482	replicate-1
na	268	12458	replicate-1
na	269	12400	replicate-1
na	270	12379	replicate-1
na	271	12487	replicate-1
na	272	12436	replicate-1
na	273	12443	replicate-1
na	274	12319	replicate-1
na	275	12146	replicate-1
na	276	12126	replicate-1
na	277	11971	replicate-1
na	278	11950	replicate-1
na	279	11868	replicate-1
na	280	11796	replicate-1
na	281	11809	replicate-1
na	282	11735	replicate-1
na	283	11969	replicate-1
na	284	11963	replicate-1
na	285	11944	replicate-1
na	286	11941	replicate-1
na	287	11845	replicate-1
na	288	11846	replicate-1
na	289	11899	replicate-1
na	290	11859	replicate-1
na	291	11828	replicate-1
na	292	11290	replicate-1
na	293	11183	replicate-1
na	294	11066	replicate-1
na	295	11030	replicate-1
na	296	11134	replicate-1
na	297	11019	replicate-1
na	298	11109	replicate-1
na	299	10961	replicate-1
na	300	11564	replicate-1
na	301	11531	replicate-1
na	302	11445	replicate-1
na	303	11157	replicate-1
na	304	11130	replicate-1
na	305	10610	replicate-1
na	306	10616	replicate-1
na	307	10196	replicate-1
na	308	10190	replicate-1
na	309	9326	replicate-1
na	310	9499	replicate-1
na	311	9824	replicate-1
na	312	10103	replicate-1
na	313	10145	replicate-1
na	314	10077	replicate-1
na	315	10531	replicate-1
na	316	10486	replicate-1
na	317	10730	replicate-1
na	318	10726	replicate-1
na	319	10501	replicate-1
na	320	10753	replicate-1
na	321	9782	replicate-1
na	322	9890	replicate-1
na	323	9949	replicate-1
na	324	9460	replicate-1
na	325	9450	replicate-1
na	326	9344	replicate-1
na	327	9358	replicate-1
na	328	9274	replicate-1
na	329	9072	replicate-1
na	330	8879	replicate-1
na	331	8812	replicate-1
na	332	9027	replicate-1
na	333	9016	replicate-1
na	334	9668	replicate-1
na	335	9506	replicate-1
na	336	9503	replicate-1
na	337	9554	replicate-1
na	338	9492	replicate-1
na	339	9499	replicate-1
na	340	9659	replicate-1
na	341	9358	replicate-1
na	342	9278	replicate-1
na	343	8628	replicate-1
na	344	8635	replicate-1
na	345	8721	replicate-1
na	346	8774	replicate-1
na	347	9054	replicate-1
na	348	9076	replicate-1
na	349	9170	replicate-1
na	350	9198	replicate-1
na	351	9212	replicate-1
na	352	9288	replicate-1
na	353	9307	replicate-1
na	354	9424	replicate-1
na	355	9385	replicate-1
na	356	9245	replicate-1
na	357	9279	replicate-1
na	358	9300	replicate-1
na	359	9252	replicate-1
na	360	9498	replicate-1
na	361	9481	replicate-1
na	362	9740	replicate-1
na	363	9600	replicate-1
na	364	9672	replicate-1
na	365	9864	replicate-1
na	366	10074	replicate-1
na	367	10129	replicate-1
na	368	10145	replicate-1
na	369	10066	replicate-1
na	370	10447	replicate-1
na	371	10294	replicate-1
na	372	10300	replicate-1
na	373	10334	replicate-1
na	374	10091	replicate-1
na	375	10081	replicate-1
na	376	9827	replicate-1
na	377	9802	replicate-1
na	378	9971	replicate-1
na	379	9687	replicate-1
na	380	9825	replicate-1
na	381	9817	replicate-1
na	382	9873	replicate-1
na	383	9986	replicate-1
na	384	9989	replicate-1
na	385	10051	replicate-1
na	386	10137	replicate-1
na	387	9993	replicate-1
na	388	9998	replicate-1
na	389	9891	replicate-1
na	390	9932	replicate-1
na	391	9994	replicate-1
na	392	10013	replicate-1
na	393	9944	replicate-1
na	394	10024	replicate-1
na	395	9996	replicate-1
na	396	10148	replicate-1
na	397	10128	replicate-1
na	398	10194	replicate-1
na	399	10161	replicate-1
na	400	10136	replicate-1
na	401	10114	replicate-1
na	402	10142	replicate-1
na	403	10027	replicate-1
na	404	10039	replicate-1
na	405	9822	replicate-1
na	406	9855	replicate-1
na	407	9829	replicate-1
na	408	9734	replicate-1
na	409	9729	replicate-1
na	410	9409	replicate-1
na	411	9415	replicate-1
na	412	9512	replicate-1
na	413	9435	replicate-1
na	414	9315	replicate-1
na	415	9267	replicate-1
na	416	9297	replicate-1
na	417	9390	replicate-1
na	418	9474	replicate-1
na	419	9495	replicate-1
na	420	9440	replicate-1
na	421	9235	replicate-1
na	422	9337	replicate-1
na	423	9312	replicate-1
na	424	9436	replicate-1
na	425	9412	replicate-1
na	426	9324	replicate-1
na	427	9305	replicate-1
na	428	9317	replicate-1
na	429	9325	replicate-1
na	430	9367	replicate-1
na	431	9186	replicate-1
na	432	9242	replicate-1
na	433	9140	replicate-1
na	434	9030	replicate-1
na	435	9170	replicate-1
na	436	9126	replicate-1
na	437	9216	replicate-1
na	438	9222	replicate-1
na	439	9129	replicate-1
na	440	9154	replicate-1
na	441	9017	replicate-1
na	442	9052	replicate-1
na	443	9043	replicate-1
na	444	8833	replicate-1
na	445	8782	replicate-1
na	446	8638	replicate-1
na	447	8598	replicate-1
na	448	8558	replicate-1
na	449	8476	replicate-1
na	450	8545	replicate-1
na	451	8511	replicate-1
na	452	8586	replicate-1
na	453	8585	replicate-1
na	454	8675	replicate-1
na	455	8630	replicate-1
na	456	8642	replicate-1
na	457	8648	replicate-1
na	458	8542	replicate-1
na	459	8168	replicate-1
na	460	7990	replicate-1
na	461	7885	replicate-1
na	462	7776	replicate-1
na	463	7819	replicate-1
na	464	7653	replicate-1
na	465	8103	replicate-1
na	466	8020	replicate-1
na	467	8023	replicate-1
na	468	7991	replicate-1
na	469	7943	replicate-1
na	470	8182	replicate-1
na	471	8194	replicate-1
na	472	8105	replicate-1
na	473	8090	replicate-1
na	474	7056	replicate-1
na	475	7054	replicate-1
na	476	6986	replicate-1
na	477	6946	replicate-1
na	478	6963	replicate-1
na	479	6927	replicate-1
na	480	6936	replicate-1
na	481	6895	replicate-1
na	482	7293	replicate-1
na	483	7285	replicate-1
na	484	7323	replicate-1
na	485	7280	replicate-1
na	486	7212	replicate-1
na	487	7240	replicate-1
na	488	6711	replicate-1
na	489	6890	replicate-1
na	490	6934	replicate-1
na	491	6526	replicate-1
na	492	6736	replicate-1
na	493	6694	replicate-1
na	494	6705	replicate-1
na	495	6732	replicate-1
na	496	6705	replicate-1
na	497	6859	replicate-1
na	498	6610	replicate-1
na	499	6701	replicate-1
na	500	6698	replicate-1
na	501	6557	replicate-1
na	502	6766	replicate-1
na	503	6813	replicate-1
na	504	6853	replicate-1
na	505	6865	replicate-1
na	506	6757	replicate-1
na	507	6785	replicate-1
na	508	6777	replicate-1
na	509	6965	replicate-1
na	510	7084	replicate-1
na	511	7108	replicate-1
na	512	6975	replicate-1
na	513	7019	replicate-1
na	514	7017	replicate-1
na	515	7098	replicate-1
na	516	7170	replicate-1
na	517	7266	replicate-1
na	518	7236	replicate-1
na	519	7300	replicate-1
na	520	7247	replicate-1
na	521	7262	replicate-1
na	522	7862	replicate-1
na	523	7952	replicate-1
na	524	7919	replicate-1
na	525	7952	replicate-1
na	526	7815	replicate-1
na	527	7978	replicate-1
na	528	7938	replicate-1
na	529	7932	replicate-1
na	530	7977	replicate-1
na	531	7620	replicate-1
na	532	7896	replicate-1
na	533	7872	replicate-1
na	534	7890	replicate-1
na	535	7924	replicate-1
na	536	7853	replicate-1
na	537	7984	replicate-1
na	538	8047	replicate-1
na	539	8109	replicate-1
na	540	8115	replicate-1
na	541	8006	replicate-1
na	542	7997	replicate-1
na	543	8018	replicate-1
na	544	8040	replicate-1
na	545	8116	replicate-1
na	546	8044	replicate-1
na	547	8168	replicate-1
na	548	8088	replicate-1
na	549	8172	replicate-1
na	550	8166	replicate-1
na	551	8214	replicate-1
na	552	8243	replicate-1
na	553	8216	replicate-1
na	554	8169	replicate-1
na	555	8260	replicate-1
na	556	8272	replicate-1
na	557	8428	replicate-1
na	558	8367	replicate-1
na	559	8427	replicate-1
na	560	8488	replicate-1
na	561	8532	replicate-1
na	562	8532	replicate-1
na	563	8529	replicate-1
na	564	8541	replicate-1
na	565	8755	replicate-1
na	566	8702	replicate-1
na	567	8760	replicate-1
na	568	8770	replicate-1
na	569	8694	replicate-1
na	570	8812	replicate-1
na	571	9006	replicate-1
na	572	9013	replicate-1
na	573	9023	replicate-1
na	574	8872	replicate-1
na	575	8847	replicate-1
na	576	8857	replicate-1
na	577	8804	replicate-1
na	578	8811	replicate-1
na	579	8814	replicate-1
na	580	8767	replicate-1
na	581	8794	replicate-1
na	582	8761	replicate-1
na	583	8756	replicate-1
na	584	8808	replicate-1
na	585	8790	replicate-1
na	586	9020	replicate-1
na	587	8978	replicate-1
na	588	8966	replicate-1
na	589	9019	replicate-1
na	590	9031	replicate-1
na	591	8994	replicate-1
na	592	9004	replicate-1
na	593	9028	replicate-1
na	594	9004	replicate-1
na	595	9015	replicate-1
na	596	8606	replicate-1
na	597	8585	replicate-1
na	598	8581	replicate-1
na	599	8684	replicate-1
na	600	8689	replicate-1
na	601	8828	replicate-1
na	602	8790	replicate-1
na	603	8742	replicate-1
na	604	8747	replicate-1
na	605	8829	replicate-1
na	606	8834	replicate-1
na	607	8842	replicate-1
na	608	8669	replicate-1
na	609	8755	replicate-1
na	610	8744	replicate-1
na	611	8648	replicate-1
na	612	8703	replicate-1
na	613	8642	replicate-1
na	614	8639	replicate-1
na	615	8599	replicate-1
na	616	8536	replicate-1
na	617	8675	replicate-1
na	618	8534	replicate-1
na	619	8547	replicate-1
na	620	8515	replicate-1
na	621	8474	replicate-1
na	622	8543	replicate-1
na	623	8449	replicate-1
na	624	8518	replicate-1
na	625	8541	replicate-1
na	626	8377	replicate-1
na	627	8462	replicate-1
na	628	8435	replicate-1
na	629	8458	replicate-1
na	630	8454	replicate-1
na	631	8254	replicate-1
na	632	8142	replicate-1
na	633	8478	replicate-1
na	634	8442	replicate-1
na	635	8472	replicate-1
na	636	8619	replicate-1
na	637	8514	replicate-1
na	638	8631	replicate-1
na	639	8532	replicate-1
na	640	8377	replicate-1
na	641	8569	replicate-1
na	642	8163	replicate-1
na	643	8159	replicate-1
na	644	8203	replicate-1
na	645	7934	replicate-1
na	646	7937	replicate-1
na	647	7849	replicate-1
na	648	7888	replicate-1
na	649	8098	replicate-1
na	650	7913	replicate-1
na	651	7887	replicate-1
na	652	7986	replicate-1
na	653	7898	replicate-1
na	654	8092	replicate-1
na	655	8100	replicate-1
na	656	8179	replicate-1
na	657	8124	replicate-1
na	658	7844	replicate-1
na	659	7852	replicate-1
na	660	7888	replicate-1
na	661	7845	replicate-1
na	662	7857	replicate-1
na	663	7753	replicate-1
na	664	8209	replicate-1
na	665	8129	replicate-1
na	666	8400	replicate-1
na	667	8387	replicate-1
na	668	8318	replicate-1
na	669	8271	replicate-1
na	670	8216	replicate-1
na	671	8361	replicate-1
na	672	8260	replicate-1
na	673	8161	replicate-1
na	674	7797	replicate-1
na	675	7735	replicate-1
na	676	7804	replicate-1
na	677	7887	replicate-1
na	678	7915	replicate-1
na	679	7940	replicate-1
na	680	7858	replicate-1
na	681	7856	replicate-1
na	682	7824	replicate-1
na	683	7844	replicate-1
na	684	7842	replicate-1
na	685	7889	replicate-1
na	686	7970	replicate-1
na	687	7985	replicate-1
na	688	7993	replicate-1
na	689	7989	replicate-1
na	690	7993	replicate-1
na	691	7992	replicate-1
na	692	7998	replicate-1
na	693	7973	replicate-1
na	694	7980	replicate-1
na	695	7805	replicate-1
na	696	7823	replicate-1
na	697	7954	replicate-1
na	698	7924	replicate-1
na	699	7965	replicate-1
na	700	7972	replicate-1
na	701	7974	replicate-1
na	702	8025	replicate-1
na	703	8018	replicate-1
na	704	8281	replicate-1
na	705	8230	replicate-1
na	706	8250	replicate-1
na	707	8106	replicate-1
na	708	8246	replicate-1
na	709	8228	replicate-1
na	710	8234	replicate-1
na	711	8153	replicate-1
na	712	8168	replicate-1
na	713	7845	replicate-1
na	714	7903	replicate-1
na	715	7804	replicate-1
na	716	7821	replicate-1
na	717	7770	replicate-1
na	718	7866	replicate-1
na	719	7941	replicate-1
na	720	7968	replicate-1
na	721	7980	replicate-1
na	722	7953	replicate-1
na	723	7951	replicate-1
na	724	7947	replicate-1
na	725	7969	replicate-1
na	726	7899	replicate-1
na	727	7961	replicate-1
na	728	7902	replicate-1
na	729	7859	replicate-1
na	730	7897	replicate-1
na	731	7921	replicate-1
na	732	7934	replicate-1
na	733	8010	replicate-1
na	734	8039	replicate-1
na	735	8017	replicate-1
na	736	8076	replicate-1
na	737	8081	replicate-1
na	738	8088	replicate-1
na	739	8337	replicate-1
na	740	8295	replicate-1
na	741	8748	replicate-1
na	742	8669	replicate-1
na	743	8617	replicate-1
na	744	8620	replicate-1
na	745	8438	replicate-1
na	746	8501	replicate-1
na	747	8416	replicate-1
na	748	8581	replicate-1
na	749	8259	replicate-1
na	750	7980	replicate-1
na	751	7958	replicate-1
na	752	7936	replicate-1
na	753	7985	replicate-1
na	754	8033	replicate-1
na	755	8015	replicate-1
na	756	8025	replicate-1
na	757	7610	replicate-1
na	758	7634	replicate-1
na	759	7601	replicate-1
na	760	7940	replicate-1
na	761	7963	replicate-1
na	762	7845	replicate-1
na	763	7796	replicate-1
na	764	7688	replicate-1
na	765	7879	replicate-1
na	766	7898	replicate-1
na	767	7870	replicate-1
na	768	7830	replicate-1
na	769	7299	replicate-1
na	770	7377	replicate-1
na	771	7549	replicate-1
na	772	7574	replicate-1
na	773	7546	replicate-1
na	774	7339	replicate-1
na	775	7600	replicate-1
na	776	7749	replicate-1
na	777	7877	replicate-1
na	778	7974	replicate-1
na	779	7865	replicate-1
na	780	7577	replicate-1
na	781	7557	replicate-1
na	782	7530	replicate-1
na	783	7604	replicate-1
na	784	7321	replicate-1
na	785	7477	replicate-1
na	786	7402	replicate-1
na	787	7489	replicate-1
na	788	7497	replicate-1
na	789	7490	replicate-1
na	790	7655	replicate-1
na	791	7677	replicate-1
na	792	7623	replicate-1
na	793	7607	replicate-1
na	794	7350	replicate-1
na	795	7598	replicate-1
na	796	7569	replicate-1
na	797	7599	replicate-1
na	798	7568	replicate-1
na	799	7461	replicate-1
na	800	7513	replicate-1
na	801	7525	replicate-1
na	802	7554	replicate-1
na	803	7563	replicate-1
na	804	7438	replicate-1
na	805	7433	replicate-1
na	806	7401	replicate-1
na	807	7461	replicate-1
na	808	7429	replicate-1
na	809	7507	replicate-1
na	810	7532	replicate-1
na	811	7513	replicate-1
na	812	7545	replicate-1
na	813	7551	replicate-1
na	814	7585	replicate-1
na	815	7538	replicate-1
na	816	7457	replicate-1
na	817	7513	replicate-1
na	818	7474	replicate-1
na	819	7698	replicate-1
na	820	7695	replicate-1
na	821	7748	replicate-1
na	822	7864	replicate-1
na	823	7852	replicate-1
na	824	7882	replicate-1
na	825	7905	replicate-1
na	826	7869	replicate-1
na	827	7934	replicate-1
na	828	7783	replicate-1
na	829	7759	replicate-1
na	830	7764	replicate-1
na	831	7698	replicate-1
na	832	7984	replicate-1
na	833	7981	replicate-1
na	834	8120	replicate-1
na	835	8170	replicate-1
na	836	8173	replicate-1
na	837	8547	replicate-1
na	838	8582	replicate-1
na	839	8623	replicate-1
na	840	8639	replicate-1
na	841	8421	replicate-1
na	842	8453	replicate-1
na	843	8335	replicate-1
na	844	8287	replicate-1
na	845	8403	replicate-1
na	846	8220	replicate-1
na	847	8255	replicate-1
na	848	8218	replicate-1
na	849	8274	replicate-1
na	850	8250	replicate-1
na	851	8201	replicate-1
na	852	8258	replicate-1
na	853	8190	replicate-1
na	854	8074	replicate-1
na	855	8039	replicate-1
na	856	8043	replicate-1
na	857	8061	replicate-1
na	858	7992	replicate-1
na	859	8119	replicate-1
na	860	8191	replicate-1
na	861	8137	replicate-1
na	862	8156	replicate-1
na	863	8073	replicate-1
na	864	8045	replicate-1
na	865	8174	replicate-1
na	866	8086	replicate-1
na	867	8077	replicate-1
na	868	7998	replicate-1
na	869	7763	replicate-1
na	870	7783	replicate-1
na	871	7710	replicate-1
na	872	7698	replicate-1
na	873	7701	replicate-1
na	874	7481	replicate-1
na	875	7556	replicate-1
na	876	7703	replicate-1
na	877	7724	replicate-1
na	878	7717	replicate-1
na	879	8085	replicate-1
na	880	8319	replicate-1
na	881	8698	replicate-1
na	882	8676	replicate-1
na	883	8848	replicate-1
na	884	8497	replicate-1
na	885	8378	replicate-1
na	886	8205	replicate-1
na	887	8223	replicate-1
na	888	7607	replicate-1
na	889	7583	replicate-1
na	890	6783	replicate-1
na	891	6836	replicate-1
na	892	6597	replicate-1
na	893	6718	replicate-1
na	894	6660	replicate-1
na	895	6695	replicate-1
na	896	6667	replicate-1
na	897	6531	replicate-1
na	898	6489	replicate-1
na	899	6468	replicate-1
na	900	6485	replicate-1
na	901	6474	replicate-1
na	902	6430	replicate-1
na	903	6291	replicate-1
na	904	6297	replicate-1
na	905	6292	replicate-1
na	906	6300	replicate-1
na	907	6260	replicate-1
na	908	6237	replicate-1
na	909	6171	replicate-1
na	910	6098	replicate-1
na	911	5942	replicate-1
na	912	5995	replicate-1
na	913	6039	replicate-1
na	914	6047	replicate-1
na	915	6037	replicate-1
na	916	6067	replicate-1
na	917	6044	replicate-1
na	918	6017	replicate-1
na	919	5993	replicate-1
na	920	5993	replicate-1
na	921	5819	replicate-1
na	922	5701	replicate-1
na	923	5718	replicate-1
na	924	5720	replicate-1
na	925	5696	replicate-1
na	926	5713	replicate-1
na	927	5642	replicate-1
na	928	5696	replicate-1
na	929	5738	replicate-1
na	930	5732	replicate-1
na	931	5084	replicate-1
na	932	4942	replicate-1
na	933	4899	replicate-1
na	934	4508	replicate-1
na	935	4389	replicate-1
na	936	4366	replicate-1
na	937	4320	replicate-1
na	938	4237	replicate-1
na	939	4234	replicate-1
na	940	4279	replicate-1
na	941	4260	replicate-1
na	942	4192	replicate-1
na	943	4055	replicate-1
na	944	4071	replicate-1
na	945	4162	replicate-1
na	946	4171	replicate-1
na	947	4147	replicate-1
na	948	4104	replicate-1
na	949	4075	replicate-1
na	950	4076	replicate-1
na	951	4088	replicate-1
na	952	4054	replicate-1
na	953	4247	replicate-1
na	954	4101	replicate-1
na	955	4374	replicate-1
na	956	4382	replicate-1
na	957	4380	replicate-1
na	958	4447	replicate-1
na	959	4460	replicate-1
na	960	4474	replicate-1
na	961	4483	replicate-1
na	962	4311	replicate-1
na	963	5489	replicate-1
na	964	5540	replicate-1
na	965	5694	replicate-1
na	966	6452	replicate-1
na	967	6607	replicate-1
na	968	7160	replicate-1
na	969	7210	replicate-1
na	970	7225	replicate-1
na	971	7318	replicate-1
na	972	6783	replicate-1
na	973	6867	replicate-1
na	974	6878	replicate-1
na	975	6444	replicate-1
na	976	6510	replicate-1
na	977	6282	replicate-1
na	978	6320	replicate-1
na	979	6356	replicate-1
na	980	6350	replicate-1
na	981	6427	replicate-1
na	982	6377	replicate-1
na	983	6497	replicate-1
na	984	6799	replicate-1
na	985	6848	replicate-1
na	986	6886	replicate-1
na	987	6894	replicate-1
na	988	6935	replicate-1
na	989	6973	replicate-1
na	990	7033	replicate-1
na	991	7040	replicate-1
na	992	7039	replicate-1
na	993	7010	replicate-1
na	994	7116	replicate-1
na	995	7148	replicate-1
na	996	7165	replicate-1
na	997	7166	replicate-1
na	998	7159	replicate-1
na	999	7153	replicate-1
na	1000	7173	replicate-1
na	1001	7292	replicate-1
na	1002	7311	replicate-1
na	1003	7316	replicate-1
na	1004	7334	replicate-1
na	1005	7351	replicate-1
na	1006	7406	replicate-1
na	1007	7502	replicate-1
na	1008	7516	replicate-1
na	1009	7522	replicate-1
na	1010	7465	replicate-1
na	1011	7492	replicate-1
na	1012	7552	replicate-1
na	1013	7518	replicate-1
na	1014	7495	replicate-1
na	1015	7470	replicate-1
na	1016	7396	replicate-1
na	1017	7513	replicate-1
na	1018	7497	replicate-1
na	1019	7529	replicate-1
na	1020	7498	replicate-1
na	1021	7554	replicate-1
na	1022	7643	replicate-1
na	1023	7654	replicate-1
na	1024	7671	replicate-1
na	1025	7659	replicate-1
na	1026	7493	replicate-1
na	1027	7670	replicate-1
na	1028	7661	replicate-1
na	1029	7779	replicate-1
na	1030	7706	replicate-1
na	1031	7601	replicate-1
na	1032	7532	replicate-1
na	1033	7513	replicate-1
na	1034	7716	replicate-1
na	1035	7694	replicate-1
na	1036	7597	replicate-1
na	1037	7803	replicate-1
na	1038	7713	replicate-1
na	1039	7963	replicate-1
na	1040	7873	replicate-1
na	1041	7880	replicate-1
na	1042	7827	replicate-1
na	1043	7573	replicate-1
na	1044	7552	replicate-1
na	1045	7519	replicate-1
na	1046	7295	replicate-1
na	1047	7321	replicate-1
na	1048	7013	replicate-1
na	1049	6969	replicate-1
na	1050	6889	replicate-1
na	1051	6836	replicate-1
na	1052	6831	replicate-1
na	1053	6747	replicate-1
na	1054	6863	replicate-1
na	1055	6756	replicate-1
na	1056	6893	replicate-1
na	1057	6861	replicate-1
na	1058	6725	replicate-1
na	1059	6704	replicate-1
na	1060	6654	replicate-1
na	1061	6587	replicate-1
na	1062	6633	replicate-1
na	1063	6455	replicate-1
na	1064	6446	replicate-1
na	1065	6228	replicate-1
na	1066	6259	replicate-1
na	1067	6286	replicate-1
na	1068	6324	replicate-1
na	1069	6460	replicate-1
na	1070	6435	replicate-1
na	1071	6473	replicate-1
na	1072	6418	replicate-1
na	1073	6397	replicate-1
na	1074	6504	replicate-1
na	1075	6492	replicate-1
na	1076	6588	replicate-1
na	1077	6572	replicate-1
na	1078	6410	replicate-1
na	1079	6623	replicate-1
na	1080	6641	replicate-1
na	1081	7350	replicate-1
na	1082	7337	replicate-1
na	1083	7256	replicate-1
na	1084	7220	replicate-1
na	1085	7143	replicate-1
na	1086	7159	replicate-1
na	1087	7189	replicate-1
na	1088	7185	replicate-1
na	1089	7240	replicate-1
na	1090	6645	replicate-1
na	1091	6700	replicate-1
na	1092	6783	replicate-1
na	1093	6849	replicate-1
na	1094	6934	replicate-1
na	1095	6919	replicate-1
na	1096	6908	replicate-1
na	1097	6814	replicate-1
na	1098	6795	replicate-1
na	1099	7072	replicate-1
na	1100	7054	replicate-1
na	1101	7022	replicate-1
na	1102	7144	replicate-1
na	1103	7142	replicate-1
na	1104	7134	replicate-1
na	1105	7131	replicate-1
na	1106	7134	replicate-1
na	1107	7146	replicate-1
na	1108	6912	replicate-1
na	1109	6905	replicate-1
na	1110	6861	replicate-1
na	1111	6917	replicate-1
na	1112	6937	replicate-1
na	1113	6837	replicate-1
na	1114	6825	replicate-1
na	1115	6826	replicate-1
na	1116	7008	replicate-1
na	1117	7082	replicate-1
na	1118	7390	replicate-1
na	1119	7440	replicate-1
na	1120	7444	replicate-1
na	1121	7437	replicate-1
na	1122	7439	replicate-1
na	1123	7471	replicate-1
na	1124	7450	replicate-1
na	1125	7283	replicate-1
na	1126	7316	replicate-1
na	1127	7151	replicate-1
na	1128	7163	replicate-1
na	1129	7302	replicate-1
na	1130	7315	replicate-1
na	1131	7325	replicate-1
na	1132	7377	replicate-1
na	1133	7407	replicate-1
na	1134	7444	replicate-1
na	1135	7443	replicate-1
na	1136	7479	replicate-1
na	1137	7485	replicate-1
na	1138	7363	replicate-1
na	1139	7581	replicate-1
na	1140	7620	replicate-1
na	1141	7765	replicate-1
na	1142	7812	replicate-1
na	1143	7819	replicate-1
na	1144	7838	replicate-1
na	1145	7839	replicate-1
na	1146	7864	replicate-1
na	1147	7921	replicate-1
na	1148	7763	replicate-1
na	1149	7849	replicate-1
na	1150	7824	replicate-1
na	1151	7866	replicate-1
na	1152	7877	replicate-1
na	1153	7860	replicate-1
na	1154	7971	replicate-1
na	1155	8153	replicate-1
na	1156	8227	replicate-1
na	1157	8284	replicate-1
na	1158	8230	replicate-1
na	1159	8277	replicate-1
na	1160	8472	replicate-1
na	1161	8451	replicate-1
na	1162	8462	replicate-1
na	1163	8372	replicate-1
na	1164	8529	replicate-1
na	1165	8407	replicate-1
na	1166	8434	replicate-1
na	1167	8361	replicate-1
na	1168	8299	replicate-1
na	1169	8291	replicate-1
na	1170	8386	replicate-1
na	1171	8354	replicate-1
na	1172	8451	replicate-1
na	1173	8307	replicate-1
na	1174	8588	replicate-1
na	1175	8610	replicate-1
na	1176	8562	replicate-1
na	1177	8625	replicate-1
na	1178	8486	replicate-1
na	1179	8508	replicate-1
na	1180	8557	replicate-1
na	1181	8508	replicate-1
na	1182	8482	replicate-1
na	1183	8523	replicate-1
na	1184	8300	replicate-1
na	1185	8377	replicate-1
na	1186	8305	replicate-1
na	1187	8347	replicate-1
na	1188	8530	replicate-1
na	1189	8533	replicate-1
na	1190	8562	replicate-1
na	1191	8539	replicate-1
na	1192	8443	replicate-1
na	1193	8476	replicate-1
na	1194	8425	replicate-1
na	1195	8590	replicate-1
na	1196	8583	replicate-1
na	1197	8212	replicate-1
na	1198	8347	replicate-1
na	1199	8301	replicate-1
na	1200	8370	replicate-1
na	1201	8377	replicate-1
na	1202	8412	replicate-1
na	1203	8460	replicate-1
na	1204	8250	replicate-1
na	1205	8177	replicate-1
na	1206	8248	replicate-1
na	1207	8183	replicate-1
na	1208	8205	replicate-1
na	1209	8183	replicate-1
na	1210	8213	replicate-1
na	1211	8080	replicate-1
na	1212	8088	replicate-1
na	1213	8005	replicate-1
na	1214	8024	replicate-1
na	1215	7935	replicate-1
na	1216	8361	replicate-1
na	1217	8468	replicate-1
na	1218	8487	replicate-1
na	1219	8554	replicate-1
na	1220	8534	replicate-1
na	1221	9245	replicate-1
na	1222	9347	replicate-1
na	1223	9358	replicate-1
na	1224	9391	replicate-1
na	1225	8845	replicate-1
na	1226	8930	replicate-1
na	1227	8838	replicate-1
na	1228	8919	replicate-1
na	1229	8627	replicate-1
na	1230	8087	replicate-1
na	1231	7988	replicate-1
na	1232	8016	replicate-1
na	1233	8004	replicate-1
na	1234	8091	replicate-1
na	1235	8012	replicate-1
na	1236	8077	replicate-1
na	1237	8169	replicate-1
na	1238	8185	replicate-1
na	1239	8303	replicate-1
na	1240	8301	replicate-1
na	1241	8327	replicate-1
na	1242	8312	replicate-1
na	1243	8234	replicate-1
na	1244	8301	replicate-1
na	1245	8321	replicate-1
na	1246	8612	replicate-1
na	1247	8628	replicate-1
na	1248	8613	replicate-1
na	1249	8600	replicate-1
na	1250	8599	replicate-1
na	1251	8686	replicate-1
na	1252	8654	replicate-1
na	1253	8602	replicate-1
na	1254	8610	replicate-1
na	1255	8344	replicate-1
na	1256	8392	replicate-1
na	1257	8369	replicate-1
na	1258	8411	replicate-1
na	1259	8400	replicate-1
na	1260	8712	replicate-1
na	1261	8834	replicate-1
na	1262	8841	replicate-1
na	1263	8854	replicate-1
na	1264	8876	replicate-1
na	1265	8862	replicate-1
na	1266	8959	replicate-1
na	1267	8886	replicate-1
na	1268	8896	replicate-1
na	1269	8307	replicate-1
na	1270	8507	replicate-1
na	1271	8518	replicate-1
na	1272	8518	replicate-1
na	1273	8534	replicate-1
na	1274	8473	replicate-1
na	1275	8375	replicate-1
na	1276	8449	replicate-1
na	1277	8543	replicate-1
na	1278	8559	replicate-1
na	1279	8430	replicate-1
na	1280	8424	replicate-1
na	1281	8452	replicate-1
na	1282	8671	replicate-1
na	1283	8903	replicate-1
na	1284	8957	replicate-1
na	1285	8910	replicate-1
na	1286	8883	replicate-1
na	1287	8918	replicate-1
na	1288	9016	replicate-1
na	1289	9047	replicate-1
na	1290	9060	replicate-1
na	1291	8888	replicate-1
na	1292	8656	replicate-1
na	1293	8944	replicate-1
na	1294	9006	replicate-1
na	1295	9102	replicate-1
na	1296	9123	replicate-1
na	1297	9051	replicate-1
na	1298	9619	replicate-1
na	1299	9730	replicate-1
na	1300	9776	replicate-1
na	1301	9780	replicate-1
na	1302	9397	replicate-1
na	1303	9461	replicate-1
na	1304	9244	replicate-1
na	1305	9287	replicate-1
na	1306	9275	replicate-1
na	1307	9002	replicate-1
na	1308	8800	replicate-1
na	1309	8869	replicate-1
na	1310	9004	replicate-1
na	1311	9102	replicate-1
na	1312	9120	replicate-1
na	1313	9123	replicate-1
na	1314	9129	replicate-1
na	1315	9122	replicate-1
na	1316	9160	replicate-1
na	1317	9164	replicate-1
na	1318	8808	replicate-1
na	1319	8827	replicate-1
na	1320	8611	replicate-1
na	1321	8593	replicate-1
na	1322	8596	replicate-1
na	1323	8556	replicate-1
na	1324	8627	replicate-1
na	1325	8533	replicate-1
na	1326	8606	replicate-1
na	1327	8600	replicate-1
na	1328	8509	replicate-1
na	1329	8487	replicate-1
na	1330	8488	replicate-1
na	1331	8482	replicate-1
na	1332	8452	replicate-1
na	1333	8386	replicate-1
na	1334	8266	replicate-1
na	1335	8254	replicate-1
na	1336	8268	replicate-1
na	1337	8268	replicate-1
na	1338	8247	replicate-1
na	1339	8198	replicate-1
na	1340	8208	replicate-1
na	1341	8198	replicate-1
na	1342	8195	replicate-1
na	1343	8210	replicate-1
na	1344	8071	replicate-1
na	1345	8266	replicate-1
na	1346	8244	replicate-1
na	1347	8205	replicate-1
na	1348	8178	replicate-1
na	1349	8116	replicate-1
na	1350	8183	replicate-1
na	1351	8193	replicate-1
na	1352	8162	replicate-1
na	1353	7963	replicate-1
na	1354	7461	replicate-1
na	1355	7435	replicate-1
na	1356	7403	replicate-1
na	1357	7406	replicate-1
na	1358	7263	replicate-1
na	1359	7161	replicate-1
na	1360	7346	replicate-1
na	1361	7055	replicate-1
na	1362	7093	replicate-1
na	1363	7077	replicate-1
na	1364	7010	replicate-1
na	1365	6999	replicate-1
na	1366	6879	replicate-1
na	1367	7029	replicate-1
na	1368	6680	replicate-1
na	1369	6647	replicate-1
na	1370	5986	replicate-1
na	1371	5957	replicate-1
na	1372	5885	replicate-1
na	1373	5890	replicate-1
na	1374	5714	replicate-1
na	1375	5726	replicate-1
na	1376	5300	replicate-1
na	1377	5324	replicate-1
na	1378	5245	replicate-1
na	1379	5332	replicate-1
na	1380	5339	replicate-1
na	1381	5322	replicate-1
na	1382	5180	replicate-1
na	1383	5225	replicate-1
na	1384	5229	replicate-1
na	1385	5299	replicate-1
na	1386	5236	replicate-1
na	1387	5236	replicate-1
na	1388	5153	replicate-1
na	1389	5138	replicate-1
na	1390	5154	replicate-1
na	1391	5157	replicate-1
na	1392	5156	replicate-1
na	1393	5125	replicate-1
na	1394	4894	replicate-1
na	1395	4880	replicate-1
na	1396	4842	replicate-1
na	1397	4837	replicate-1
na	1398	4721	replicate-1
na	1399	4783	replicate-1
na	1400	4735	replicate-1
na	1401	4759	replicate-1
na	1402	4754	replicate-1
na	1403	4720	replicate-1
na	1404	4739	replicate-1
na	1405	4694	replicate-1
na	1406	4691	replicate-1
na	1407	4635	replicate-1
na	1408	3851	replicate-1
na	1409	3871	replicate-1
na	1410	3839	replicate-1
na	1411	3828	replicate-1
na	1412	3818	replicate-1
na	1413	3719	replicate-1
na	1414	3707	replicate-1
na	1415	3694	replicate-1
na	1416	3654	replicate-1
na	1417	3652	replicate-1
na	1418	3514	replicate-1
na	1419	3446	replicate-1
na	1420	3430	replicate-1
na	1421	3334	replicate-1
na	1422	3324	replicate-1
na	1423	3293	replicate-1
na	1424	3267	replicate-1
na	1425	3180	replicate-1
na	1426	2753	replicate-1
na	1427	2742	replicate-1
na	1428	2714	replicate-1
na	1429	2607	replicate-1
na	1430	2601	replicate-1
na	1431	2376	replicate-1
na	1432	2363	replicate-1
na	1433	2045	replicate-1
na	1434	2042	replicate-1
na	1435	2027	replicate-1
na	1436	1935	replicate-1
na	1437	1931	replicate-1
na	1438	1855	replicate-1
na	1439	1843	replicate-1
na	1440	1840	replicate-1
na	1441	1835	replicate-1
na	1442	1809	replicate-1
na	1443	1496	replicate-1
na	1444	1496	replicate-1
na	1445	1495	replicate-1
na	1446	1494	replicate-1
na	1447	1479	replicate-1
na	1448	1477	replicate-1
na	1449	1469	replicate-1
na	1450	1419	replicate-1
na	1451	1395	replicate-1
na	1452	1266	replicate-1
na	1453	1244	replicate-1
na	1454	1077	replicate-1
na	1455	1059	replicate-1
na	1456	1051	replicate-1
na	1457	404	replicate-1
pb2	1	1145	replicate-1
pb2	2	1400	replicate-1
pb2	3	1403	replicate-1
pb2	4	1404	replicate-1
pb2	5	1493	replicate-1
pb2	6	1502	replicate-1
pb2	7	1505	replicate-1
pb2	8	1507	replicate-1
pb2	9	1513	replicate-1
pb2	10	1515	replicate-1
pb2	11	1665	replicate-1
pb2	12	1708	replicate-1
pb2	13	1716	replicate-1
pb2	14	1728	replicate-1
pb2	15	1738	replicate-1
pb2	16	1939	replicate-1
pb2	17	1952	replicate-1
pb2	18	1957	replicate-1
pb2	19	2066	replicate-1
pb2	20	2093	replicate-1
pb2	21	2375	replicate-1
pb2	22	2404	replicate-1
pb2	23	2460	replicate-1
pb2	24	2693	replicate-1
pb2	25	2819	replicate-1
pb2	26	2993	replicate-1
pb2	27	3012	replicate-1
pb2	28	3051	replicate-1
pb2	29	3059	replicate-1
pb2	30	3161	replicate-1
pb2	31	3179	replicate-1
pb2	32	3188	replicate-1
pb2	33	3235	replicate-1
pb2	34	3247	replicate-1
pb2	35	3766	replicate-1
pb2	36	3793	replicate-1
pb2	37	3830	replicate-1
pb2	38	3933	replicate-1
pb2	39	3950	replicate-1
pb2	40	3967	replicate-1
pb2	41	3977	replicate-1
pb2	42	4008	replicate-1
pb2	43	4243	replicate-1
pb2	44	4405	replicate-1
pb2	45	4430	replicate-1
pb2	46	4678	replicate-1
pb2	47	4710	replicate-1
pb2	48	4756	replicate-1
pb2	49	4767	replicate-1
pb2	50	4769	replicate-1
pb2	51	4783	replicate-1
pb2	52	4945	replicate-1
pb2	53	5046	replicate-1
pb2	54	5179	replicate-1
pb2	55	5168	replicate-1
pb2	56	5258	replicate-1
pb2	57	5289	replicate-1
pb2	58	5404	replicate-1
pb2	59	5458	replicate-1
pb2	60	5530	replicate-1
pb2	61	5552	replicate-1
pb2	62	5551	replicate-1
pb2	63	5542	replicate-1
pb2	64	5557	replicate-1
pb2	65	5555	replicate-1
pb2	66	5795	replicate-1
pb2	67	5793	replicate-1
pb2	68	5817	replicate-1
pb2	69	5816	replicate-1
pb2	70	5816	replicate-1
pb2	71	5824	replicate-1
pb2	72	5830	replicate-1
pb2	73	5816	replicate-1
pb2	74	5884	replicate-1
pb2	75	5825	replicate-1
pb2	76	5982	replicate-1
pb2	77	6010	replicate-1
pb2	78	6038	replicate-1
pb2	79	6059	replicate-1
pb2	80	6083	replicate-1
pb2	81	6116	replicate-1
pb2	82	6213	replicate-1
pb2	83	6224	replicate-1
pb2	84	6228	replicate-1
pb2	85	6275	replicate-1
pb2	86	6216	replicate-1
pb2	87	6359	replicate-1
pb2	88	6305	replicate-1
pb2	89	6451	replicate-1
pb2	90	6446	replicate-1
pb2	91	6418	replicate-1
pb2	92	6492	replicate-1
pb2	93	6490	replicate-1
pb2	94	6440	replicate-1
pb2	95	6472	replicate-1
pb2	96	6393	replicate-1
pb2	97	6509	replicate-1
pb2	98	6540	replicate-1
pb2	99	6489	replicate-1
pb2	100	6529	replicate-1
pb2	101	6451	replicate-1
pb2	102	6473	replicate-1
pb2	103	6492	replicate-1
pb2	104	6428	replicate-1
pb2	105	6604	replicate-1
pb2	106	6474	replicate-1
pb2	107	6308	replicate-1
pb2	108	6312	replicate-1
pb2	109	6225	replicate-1
pb2	110	6204	replicate-1
pb2	111	6194	replicate-1
pb2	112	6351	replicate-1
pb2	113	6371	replicate-1
pb2	114	6237	replicate-1
pb2	115	6255	replicate-1
pb2	116	6231	replicate-1
pb2	117	6248	replicate-1
pb2	118	6273	replicate-1
pb2	119	6253	replicate-1
pb2	120	6313	replicate-1
pb2	121	6167	replicate-1
pb2	122	6220	replicate-1
pb2	123	6284	replicate-1
pb2	124	6317	replicate-1
pb2	125	6308	replicate-1
pb2	126	6339	replicate-1
pb2	127	6308	replicate-1
pb2	128	6296	replicate-1
pb2	129	6309	replicate-1
pb2	130	6178	replicate-1
pb2	131	6300	replicate-1
pb2	132	6167	replicate-1
pb2	133	6197	replicate-1
pb2	134	6196	replicate-1
pb2	135	6185	replicate-1
pb2	136	6179	replicate-1
pb2	137	6183	replicate-1
pb2	138	6158	replicate-1
pb2	139	6136	replicate-1
pb2	140	6272	replicate-1
pb2	141	6308	replicate-1
pb2	142	6349	replicate-1
pb2	143	6309	replicate-1
pb2	144	6287	replicate-1
pb2	145	6449	replicate-1
pb2	146	6460	replicate-1
pb2	147	6504	replicate-1
pb2	148	6443	replicate-1
pb2	149	6165	replicate-1
pb2	150	6121	replicate-1
pb2	151	5709	replicate-1
pb2	152	5723	replicate-1
pb2	153	5749	replicate-1
pb2	154	5544	replicate-1
pb2	155	5526	replicate-1
pb2	156	5490	replicate-1
pb2	157	5509	replicate-1
pb2	158	5524	replicate-1
pb2	159	5493	replicate-1
pb2	160	5558	replicate-1
pb2	161	5458	replicate-1
pb2	162	5533	replicate-1
pb2	163	5502	replicate-1
pb2	164	5754	replicate-1
pb2	165	5778	replicate-1
pb2	166	5779	replicate-1
pb2	167	5770	replicate-1
pb2	168	5874	replicate-1
pb2	169	5940	replicate-1
pb2	170	5895	replicate-1
pb2	171	5865	replicate-1
pb2	172	5821	replicate-1
pb2	173	5703	replicate-1
pb2	174	5721	replicate-1
pb2	175	5698	replicate-1
pb2	176	5693	replicate-1
pb2	177	5613	replicate-1
pb2	178	5500	replicate-1
pb2	179	5554	replicate-1
pb2	180	5589	replicate-1
pb2	181	5655	replicate-1
pb2	182	5656	replicate-1
pb2	183	5595	replicate-1
pb2	184	5622	replicate-1
pb2	185	5626	replicate-1
pb2	186	5891	replicate-1
pb2	187	5890	replicate-1
pb2	188	5859	replicate-1
pb2	189	5880	replicate-1
pb2	190	5864	replicate-1
pb2	191	5936	replicate-1
pb2	192	6071	replicate-1
pb2	193	6073	replicate-1
pb2	194	6088	replicate-1
pb2	195	6028	replicate-1
pb2	196	6020	replicate-1
pb2	197	6033	replicate-1
pb2	198	6021	replicate-1
pb2	199	5951	replicate-1
pb2	200	6122	replicate-1
pb2	201	6048	replicate-1
pb2	202	6106	replicate-1
pb2	203	6161	replicate-1
pb2	204	6149	replicate-1
pb2	205	6252	replicate-1
pb2	206	6228	replicate-1
pb2	207	6422	replicate-1
pb2	208	6408	replicate-1
pb2	209	6268	replicate-1
pb2	210	6321	replicate-1
pb2	211	6305	replicate-1
pb2	212	6528	replicate-1
pb2	213	6546	replicate-1
pb2	214	6474	replicate-1
pb2	215	6483	replicate-1
pb2	216	6176	replicate-1
pb2	217	6462	replicate-1
pb2	218	6510	replicate-1
pb2	219	6500	replicate-1
pb2	220	6539	replicate-1
pb2	221	6348	replicate-1
pb2	222	6345	replicate-1
pb2	223	6334	replicate-1
pb2	224	6387	replicate-1
pb2	225	6421	replicate-1
pb2	226	6347	replicate-1
pb2	227	6365	replicate-1
pb2	228	6412	replicate-1
pb2	229	6476	replicate-1
pb2	230	6488	replicate-1
pb2	231	6492	replicate-1
pb2	232	6515	replicate-1
pb2	233	6514	replicate-1
pb2	234	6492	replicate-1
pb2	235	6475	replicate-1
pb2	236	6559	replicate-1
pb2	237	6542	replicate-1
pb2	238	6497	replicate-1
pb2	239	6495	replicate-1
pb2	240	6497	replicate-1
pb2	241	6676	replicate-1
pb2	242	6760	replicate-1
pb2	243	6766	replicate-1
pb2	244	6789	replicate-1
pb2	245	6724	replicate-1
pb2	246	6776	replicate-1
pb2	247	6940	replicate-1
pb2	248	7071	replicate-1
pb2	249	7075	replicate-1
pb2	250	6992	replicate-1
pb2	251	6899	replicate-1
pb2	252	6837	replicate-1
pb2	253	6833	replicate-1
pb2	254	6977	replicate-1
pb2	255	6954	replicate-1
pb2	256	6971	replicate-1
pb2	257	6789	replicate-1
pb2	258	6800	replicate-1
pb2	259	6820	replicate-1
pb2	260	6821	replicate-1
pb2	261	6888	replicate-1
pb2	262	6804	replicate-1
pb2	263	6783	replicate-1
pb2	264	6719	replicate-1
pb2	265	6641	replicate-1
pb2	266	6680	replicate-1
pb2	267	6645	replicate-1
pb2	268	6639	replicate-1
pb2	269	6653	replicate-1
pb2	270	6630	replicate-1
pb2	271	6532	replicate-1
pb2	272	6502	replicate-1
pb2	273	6529	replicate-1
pb2	274	6501	replicate-1
pb2	275	6821	replicate-1
pb2	276	6888	replicate-1
pb2	277	6900	replicate-1
pb2	278	6922	replicate-1
pb2	279	6872	replicate-1
pb2	280	7082	replicate-1
pb2	281	7106	replicate-1
pb2	282	7217	replicate-1
pb2	283	7199	replicate-1
pb2	284	7125	replicate-1
pb2	285	6995	replicate-1
pb2	286	7076	replicate-1
pb2	287	7067	replicate-1
pb2	288	7079	replicate-1
pb2	289	6945	replicate-1
pb2	290	6949	replicate-1
pb2	291	6890	replicate-1
pb2	292	6962	replicate-1
pb2	293	6955	replicate-1
pb2	294	6990	replicate-1
pb2	295	6906	replicate-1
pb2	296	6919	replicate-1
pb2	297	7061	replicate-1
pb2	298	7222	replicate-1
pb2	299	7206	replicate-1
pb2	300	7188	replicate-1
pb2	301	7109	replicate-1
pb2	302	7100	replicate-1
pb2	303	7129	replicate-1
pb2	304	7413	replicate-1
pb2	305	7380	replicate-1
pb2	306	7172	replicate-1
pb2	307	7110	replicate-1
pb2	308	7052	replicate-1
pb2	309	7180	replicate-1
pb2	310	7182	replicate-1
pb2	311	7163	replicate-1
pb2	312	7000	replicate-1
pb2	313	6976	replicate-1
pb2	314	6935	replicate-1
pb2	315	6964	replicate-1
pb2	316	6959	replicate-1
pb2	317	6938	replicate-1
pb2	318	6754	replicate-1
pb2	319	6722	replicate-1
pb2	320	6691	replicate-1
pb2	321	6880	replicate-1
pb2	322	6834	replicate-1
pb2	323	6837	replicate-1
pb2	324	6941	replicate-1
pb2	325	6917	replicate-1
pb2	326	6894	replicate-1
pb2	327	6887	replicate-1
pb2	328	6818	replicate-1
pb2	329	6827	replicate-1
pb2	330	6638	replicate-1
pb2	331	6529	replicate-1
pb2	332	6476	replicate-1
pb2	333	6297	replicate-1
pb2	334	6219	replicate-1
pb2	335	6343	replicate-1
pb2	336	6234	replicate-1
pb2	337	6253	replicate-1
pb2	338	6188	replicate-1
pb2	339	6137	replicate-1
pb2	340	6092	replicate-1
pb2	341	6242	replicate-1
pb2	342	6208	replicate-1
pb2	343	6172	replicate-1
pb2	344	6043	replicate-1
pb2	345	6012	replicate-1
pb2	346	6009	replicate-1
pb2	347	6100	replicate-1
pb2	348	6063	replicate-1
pb2	349	6042	replicate-1
pb2	350	5739	replicate-1
pb2	351	5662	replicate-1
pb2	352	5935	replicate-1
pb2	353	5851	replicate-1
pb2	354	5994	replicate-1
pb2	355	5973	replicate-1
pb2	356	5873	replicate-1
pb2	357	5924	replicate-1
pb2	358	5884	replicate-1
pb2	359	6516	replicate-1
pb2	360	6517	replicate-1
pb2	361	6187	replicate-1
pb2	362	6132	replicate-1
pb2	363	5937	replicate-1
pb2	364	6070	replicate-1
pb2	365	6071	replicate-1
pb2	366	6257	replicate-1
pb2	367	6289	replicate-1
pb2	368	5534	replicate-1
pb2	369	5666	replicate-1
pb2	370	5657	replicate-1
pb2	371	5677	replicate-1
pb2	372	5679	replicate-1
pb2	373	5522	replicate-1
pb2	374	5490	replicate-1
pb2	375	5120	replicate-1
pb2	376	5059	replicate-1
pb2	377	5045	replicate-1
pb2	378	4852	replicate-1
pb2	379	4832	replicate-1
pb2	380	4817	replicate-1
pb2	381	4813	replicate-1
pb2	382	4815	replicate-1
pb2	383	4830	replicate-1
pb2	384	4816	replicate-1
pb2	385	4790	replicate-1
pb2	386	4774	replicate-1
pb2	387	4735	replicate-1
pb2	388	4728	replicate-1
pb2	389	4707	replicate-1
pb2	390	4700	replicate-1
pb2	391	4762	replicate-1
pb2	392	4760	replicate-1
pb2	393	4762	replicate-1
pb2	394	4761	replicate-1
pb2	395	4774	replicate-1
pb2	396	4752	replicate-1
pb2	397	4748	replicate-1
pb2	398	4838	replicate-1
pb2	399	5017	replicate-1
pb2	400	4978	replicate-1
pb2	401	4979	replicate-1
pb2	402	4998	replicate-1
pb2	403	5009	replicate-1
pb2	404	4974	replicate-1
pb2	405	4970	replicate-1
pb2	406	5003	replicate-1
pb2	407	4876	replicate-1
pb2	408	4836	replicate-1
pb2	409	4743	replicate-1
pb2	410	4761	replicate-1
pb2	411	4764	replicate-1
pb2	412	4868	replicate-1
pb2	413	4898	replicate-1
pb2	414	4975	replicate-1
pb2	415	4935	replicate-1
pb2	416	4914	replicate-1
pb2	417	4908	replicate-1
pb2	418	4911	replicate-1
pb2	419	5072	replicate-1
pb2	420	5021	replicate-1
pb2	421	5018	replicate-1
pb2	422	4931	replicate-1
pb2	423	4758	replicate-1
pb2	424	4887	replicate-1
pb2	425	4903	replicate-1
pb2	426	4900	replicate-1
pb2	427	4882	replicate-1
pb2	428	4678	replicate-1
pb2	429	4824	replicate-1
pb2	430	4802	replicate-1
pb2	431	4825	replicate-1
pb2	432	4820	replicate-1
pb2	433	4722	replicate-1
pb2	434	4747	replicate-1
pb2	435	4776	replicate-1
pb2	436	4745	replicate-1
pb2	437	4729	replicate-1
pb2	438	4585	replicate-1
pb2	439	4597	replicate-1
pb2	440	4603	replicate-1
pb2	441	4721	replicate-1
pb2	442	4768	replicate-1
pb2	443	4791	replicate-1
pb2	444	4789	replicate-1
pb2	445	4805	replicate-1
pb2	446	5170	replicate-1
pb2	447	5290	replicate-1
pb2	448	5526	replicate-1
pb2	449	5567	replicate-1
pb2	450	5556	replicate-1
pb2	451	5586	replicate-1
pb2	452	5801	replicate-1
pb2	453	6083	replicate-1
pb2	454	6130	replicate-1
pb2	455	5782	replicate-1
pb2	456	5805	replicate-1
pb2	457	5780	replicate-1
pb2	458	5890	replicate-1
pb2	459	5915	replicate-1
pb2	460	5926	replicate-1
pb2	461	5887	replicate-1
pb2	462	5942	replicate-1
pb2	463	5984	replicate-1
pb2	464	6755	replicate-1
pb2	465	6907	replicate-1
pb2	466	6899	replicate-1
pb2	467	6883	replicate-1
pb2	468	6856	replicate-1
pb2	469	7028	replicate-1
pb2	470	7049	replicate-1
pb2	471	7050	replicate-1
pb2	472	7020	replicate-1
pb2	473	6880	replicate-1
pb2	474	6721	replicate-1
pb2	475	6824	replicate-1
pb2	476	6911	replicate-1
pb2	477	6915	replicate-1
pb2	478	6852	replicate-1
pb2	479	7038	replicate-1
pb2	480	7035	replicate-1
pb2	481	7144	replicate-1
pb2	482	7143	replicate-1
pb2	483	7095	replicate-1
pb2	484	7121	replicate-1
pb2	485	6986	replicate-1
pb2	486	7164	replicate-1
pb2	487	7133	replicate-1
pb2	488	7058	replicate-1
pb2	489	7083	replicate-1
pb2	490	7037	replicate-1
pb2	491	7254	replicate-1
pb2	492	7246	replicate-1
pb2	493	7293	replicate-1
pb2	494	7324	replicate-1
pb2	495	7274	replicate-1
pb2	496	7272	replicate-1
pb2	497	7279	replicate-1
pb2	498	7259	replicate-1
pb2	499	7281	replicate-1
pb2	500	7055	replicate-1
pb2	501	7064	replicate-1
pb2	502	7107	replicate-1
pb2	503	7063	replicate-1
pb2	504	7048	replicate-1
pb2	505	7059	replicate-1
pb2	506	7047	replicate-1
pb2	507	7718	replicate-1
pb2	508	7718	replicate-1
pb2	509	7928	replicate-1
pb2	510	7820	replicate-1
pb2	511	7833	replicate-1
pb2	512	7837	replicate-1
pb2	513	7855	replicate-1
pb2	514	7894	replicate-1
pb2	515	7994	replicate-1
pb2	516	7518	replicate-1
pb2	517	7389	replicate-1
pb2	518	7242	replicate-1
pb2	519	7238	replicate-1
pb2	520	7292	replicate-1
pb2	521	7264	replicate-1
pb2	522	7213	replicate-1
pb2	523	7213	replicate-1
pb2	524	7105	replicate-1
pb2	525	7069	replicate-1
pb2	526	7102	replicate-1
pb2	527	7091	replicate-1
pb2	528	7115	replicate-1
pb2	529	7056	replicate-1
pb2	530	7117	replicate-1
pb2	531	7141	replicate-1
pb2	532	7160	replicate-1
pb2	533	7190	replicate-1
pb2	534	7185	replicate-1
pb2	535	7199	replicate-1
pb2	536	7181	replicate-1
pb2	537	7205	replicate-1
pb2	538	7207	replicate-1
pb2	539	7235	replicate-1
pb2	540	7195	replicate-1
pb2	541	7249	replicate-1
pb2	542	7178	replicate-1
pb2	543	7189	replicate-1
pb2	544	7178	replicate-1
pb2	545	7204	replicate-1
pb2	546	7213	replicate-1
pb2	547	7224	replicate-1
pb2	548	7205	replicate-1
pb2	549	7220	replicate-1
pb2	550	7276	replicate-1
pb2	551	7385	replicate-1
pb2	552	7396	replicate-1
pb2	553	7469	replicate-1
pb2	554	7625	replicate-1
pb2	555	7699	replicate-1
pb2	556	7719	replicate-1
pb2	557	7605	replicate-1
pb2	558	7608	replicate-1
pb2	559	7546	replicate-1
pb2	560	7622	replicate-1
pb2	561	7467	replicate-1
pb2	562	7385	replicate-1
pb2	563	7266	replicate-1
pb2	564	7252	replicate-1
pb2	565	7310	replicate-1
pb2	566	7402	replicate-1
pb2	567	7454	replicate-1
pb2	568	7419	replicate-1
pb2	569	7413	replicate-1
pb2	570	7407	replicate-1
pb2	571	7535	replicate-1
pb2	572	7507	replicate-1
pb2	573	7482	replicate-1
pb2	574	7433	replicate-1
pb2	575	7276	replicate-1
pb2	576	7382	replicate-1
pb2	577	7326	replicate-1
pb2	578	7387	replicate-1
pb2	579	7349	replicate-1
pb2	580	7236	replicate-1
pb2	581	7424	replicate-1
pb2	582	7400	replicate-1
pb2	583	7409	replicate-1
pb2	584	7464	replicate-1
pb2	585	7289	replicate-1
pb2	586	7310	replicate-1
pb2	587	7232	replicate-1
pb2	588	7447	replicate-1
pb2	589	7543	replicate-1
pb2	590	7336	replicate-1
pb2	591	7420	replicate-1
pb2	592	7443	replicate-1
pb2	593	7422	replicate-1
pb2	594	7502	replicate-1
pb2	595	7563	replicate-1
pb2	596	7547	replicate-1
pb2	597	7374	replicate-1
pb2	598	7508	replicate-1
pb2	599	7646	replicate-1
pb2	600	7630	replicate-1
pb2	601	7723	replicate-1
pb2	602	7757	replicate-1
pb2	603	7728	replicate-1
pb2	604	8434	replicate-1
pb2	605	8397	replicate-1
pb2	606	8424	replicate-1
pb2	607	8380	replicate-1
pb2	608	8360	replicate-1
pb2	609	8378	replicate-1
pb2	610	8415	replicate-1
pb2	611	8348	replicate-1
pb2	612	8357	replicate-1
pb2	613	7943	replicate-1
pb2	614	8035	replicate-1
pb2	615	8049	replicate-1
pb2	616	8013	replicate-1
pb2	617	8122	replicate-1
pb2	618	8154	replicate-1
pb2	619	8192	replicate-1
pb2	620	8218	replicate-1
pb2	621	8169	replicate-1
pb2	622	8203	replicate-1
pb2	623	8178	replicate-1
pb2	624	8141	replicate-1
pb2	625	8422	replicate-1
pb2	626	8363	replicate-1
pb2	627	8490	replicate-1
pb2	628	8491	replicate-1
pb2	629	8488	replicate-1
pb2	630	8475	replicate-1
pb2	631	8467	replicate-1
pb2	632	8484	replicate-1
pb2	633	8555	replicate-1
pb2	634	8875	replicate-1
pb2	635	8848	replicate-1
pb2	636	8864	replicate-1
pb2	637	8863	replicate-1
pb2	638	9099	replicate-1
pb2	639	9050	replicate-1
pb2	640	9060	replicate-1
pb2	641	9077	replicate-1
pb2	642	9100	replicate-1
pb2	643	8856	replicate-1
pb2	644	8879	replicate-1
pb2	645	9086	replicate-1
pb2	646	9322	replicate-1
pb2	647	9178	replicate-1
pb2	648	9191	replicate-1
pb2	649	9294	replicate-1
pb2	650	9364	replicate-1
pb2	651	9283	replicate-1
pb2	652	9188	replicate-1
pb2	653	9268	replicate-1
pb2	654	9036	replicate-1
pb2	655	9222	replicate-1
pb2	656	9053	replicate-1
pb2	657	9060	replicate-1
pb2	658	8927	replicate-1
pb2	659	9143	replicate-1
pb2	660	9206	replicate-1
pb2	661	9291	replicate-1
pb2	662	9226	replicate-1
pb2	663	9340	replicate-1
pb2	664	9249	replicate-1
pb2	665	9238	replicate-1
pb2	666	9250	replicate-1
pb2	667	9232	replicate-1
pb2	668	9312	replicate-1
pb2	669	9330	replicate-1
pb2	670	9314	replicate-1
pb2	671	9318	replicate-1
pb2	672	9265	replicate-1
pb2	673	9281	replicate-1
pb2	674	9350	replicate-1
pb2	675	9454	replicate-1
pb2	676	9422	replicate-1
pb2	677	9438	replicate-1
pb2	678	9581	replicate-1
pb2	679	9547	replicate-1
pb2	680	9644	replicate-1
pb2	681	9760	replicate-1
pb2	682	9731	replicate-1
pb2	683	9729	replicate-1
pb2	684	9643	replicate-1
pb2	685	9676	replicate-1
pb2	686	9640	replicate-1
pb2	687	9689	replicate-1
pb2	688	9674	replicate-1
pb2	689	9619	replicate-1
pb2	690	9571	replicate-1
pb2	691	9694	replicate-1
pb2	692	9766	replicate-1
pb2	693	9756	replicate-1
pb2	694	9830	replicate-1
pb2	695	9909	replicate-1
pb2	696	9960	replicate-1
pb2	697	9935	replicate-1
pb2	698	9944	replicate-1
pb2	699	9925	replicate-1
pb2	700	9920	replicate-1
pb2	701	9964	replicate-1
pb2	702	9965	replicate-1
pb2	703	9830	replicate-1
pb2	704	10319	replicate-1
pb2	705	10286	replicate-1
pb2	706	11348	replicate-1
pb2	707	11416	replicate-1
pb2	708	11602	replicate-1
pb2	709	11599	replicate-1
pb2	710	12562	replicate-1
pb2	711	12586	replicate-1
pb2	712	12608	replicate-1
pb2	713	12524	replicate-1
pb2	714	11817	replicate-1
pb2	715	11571	replicate-1
pb2	716	11039	replicate-1
pb2	717	11022	replicate-1
pb2	718	11115	replicate-1
pb2	719	10546	replicate-1
pb2	720	10679	replicate-1
pb2	721	10679	replicate-1
pb2	722	10666	replicate-1
pb2	723	11029	replicate-1
pb2	724	11213	replicate-1
pb2	725	11620	replicate-1
pb2	726	11658	replicate-1
pb2	727	11599	replicate-1
pb2	728	11618	replicate-1
pb2	729	11623	replicate-1
pb2	730	11804	replicate-1
pb2	731	11869	replicate-1
pb2	732	11689	replicate-1
pb2	733	11601	replicate-1
pb2	734	11329	replicate-1
pb2	735	11505	replicate-1
pb2	736	11583	replicate-1
pb2	737	11632	replicate-1
pb2	738	11701	replicate-1
pb2	739	11580	replicate-1
pb2	740	11595	replicate-1
pb2	741	11566	replicate-1
pb2	742	11649	replicate-1
pb2	743	11827	replicate-1
pb2	744	11810	replicate-1
pb2	745	11749	replicate-1
pb2	746	11769	replicate-1
pb2	747	11730	replicate-1
pb2	748	11909	replicate-1
pb2	749	11890	replicate-1
pb2	750	11890	replicate-1
pb2	751	12085	replicate-1
pb2	752	11906	replicate-1
pb2	753	12357	replicate-1
pb2	754	12333	replicate-1
pb2	755	12280	replicate-1
pb2	756	12393	replicate-1
pb2	757	12388	replicate-1
pb2	758	12437	replicate-1
pb2	759	12468	replicate-1
pb2	760	12240	replicate-1
pb2	761	12883	replicate-1
pb2	762	12580	replicate-1
pb2	763	12711	replicate-1
pb2	764	12693	replicate-1
pb2	765	12610	replicate-1
pb2	766	12650	replicate-1
pb2	767	12759	replicate-1
pb2	768	12710	replicate-1
pb2	769	12741	replicate-1
pb2	770	12328	replicate-1
pb2	771	12139	replicate-1
pb2	772	12146	replicate-1
pb2	773	12103	replicate-1
pb2	774	12093	replicate-1
pb2	775	12156	replicate-1
pb2	776	12000	replicate-1
pb2	777	12065	replicate-1
pb2	778	12015	replicate-1
pb2	779	12047	replicate-1
pb2	780	12029	replicate-1
pb2	781	11846	replicate-1
pb2	782	11900	replicate-1
pb2	783	11898	replicate-1
pb2	784	11863	replicate-1
pb2	785	11832	replicate-1
pb2	786	11748	replicate-1
pb2	787	11844	replicate-1
pb2	788	12054	replicate-1
pb2	789	12032	replicate-1
pb2	790	12129	replicate-1
pb2	791	12085	replicate-1
pb2	792	11900	replicate-1
pb2	793	11942	replicate-1
pb2	794	11847	replicate-1
pb2	795	11848	replicate-1
pb2	796	11704	replicate-1
pb2	797	11348	replicate-1
pb2	798	11586	replicate-1
pb2	799	11513	replicate-1
pb2	800	11571	replicate-1
pb2	801	11467	replicate-1
pb2	802	11429	replicate-1
pb2	803	11511	replicate-1
pb2	804	11546	replicate-1
pb2	805	11561	replicate-1
pb2	806	11537	replicate-1
pb2	807	11260	replicate-1
pb2	808	11184	replicate-1
pb2	809	11142	replicate-1
pb2	810	11154	replicate-1
pb2	811	11165	replicate-1
pb2	812	11183	replicate-1
pb2	813	11128	replicate-1
pb2	814	11374	replicate-1
pb2	815	11405	replicate-1
pb2	816	11441	replicate-1
pb2	817	11414	replicate-1
pb2	818	11459	replicate-1
pb2	819	11611	replicate-1
pb2	820	11594	replicate-1
pb2	821	11553	replicate-1
pb2	822	11588	replicate-1
pb2	823	11428	replicate-1
pb2	824	11475	replicate-1
pb2	825	11501	replicate-1
pb2	826	11583	replicate-1
pb2	827	11508	replicate-1
pb2	828	11202	replicate-1
pb2	829	11138	replicate-1
pb2	830	11216	replicate-1
pb2	831	11137	replicate-1
pb2	832	10787	replicate-1
pb2	833	10843	replicate-1
pb2	834	10522	replicate-1
pb2	835	10514	replicate-1
pb2	836	10474	replicate-1
pb2	837	10366	replicate-1
pb2	838	10313	replicate-1
pb2	839	10496	replicate-1
pb2	840	10524	replicate-1
pb2	841	10932	replicate-1
pb2	842	10807	replicate-1
pb2	843	10842	replicate-1
pb2	844	10843	replicate-1
pb2	845	10905	replicate-1
pb2	846	10843	replicate-1
pb2	847	10863	replicate-1
pb2	848	10813	replicate-1
pb2	849	10275	replicate-1
pb2	850	10167	replicate-1
pb2	851	10069	replicate-1
pb2	852	10241	replicate-1
pb2	853	10246	replicate-1
pb2	854	10092	replicate-1
pb2	855	9790	replicate-1
pb2	856	9716	replicate-1
pb2	857	9677	replicate-1
pb2	858	9705	replicate-1
pb2	859	9679	replicate-1
pb2	860	9605	replicate-1
pb2	861	9523	replicate-1
pb2	862	9355	replicate-1
pb2	863	9498	replicate-1
pb2	864	9472	replicate-1
pb2	865	9864	replicate-1
pb2	866	9844	replicate-1
pb2	867	10064	replicate-1
pb2	868	10022	replicate-1
pb2	869	9942	replicate-1
pb2	870	9965	replicate-1
pb2	871	9974	replicate-1
pb2	872	9848	replicate-1
pb2	873	9831	replicate-1
pb2	874	9521	replicate-1
pb2	875	9350	replicate-1
pb2	876	9224	replicate-1
pb2	877	9142	replicate-1
pb2	878	9160	replicate-1
pb2	879	9191	replicate-1
pb2	880	9081	replicate-1
pb2	881	9092	replicate-1
pb2	882	9105	replicate-1
pb2	883	8963	replicate-1
pb2	884	9189	replicate-1
pb2	885	9042	replicate-1
pb2	886	9051	replicate-1
pb2	887	9067	replicate-1
pb2	888	8968	replicate-1
pb2	889	9076	replicate-1
pb2	890	8964	replicate-1
pb2	891	9402	replicate-1
pb2	892	9317	replicate-1
pb2	893	8942	replicate-1
pb2	894	8893	replicate-1
pb2	895	8813	replicate-1
pb2	896	8849	replicate-1
pb2	897	8893	replicate-1
pb2	898	8870	replicate-1
pb2	899	9156	replicate-1
pb2	900	8736	replicate-1
pb2	901	8717	replicate-1
pb2	902	8714	replicate-1
pb2	903	8675	replicate-1
pb2	904	8615	replicate-1
pb2	905	8621	replicate-1
pb2	906	8635	replicate-1
pb2	907	8567	replicate-1
pb2	908	7845	replicate-1
pb2	909	8000	replicate-1
pb2	910	8190	replicate-1
pb2	911	8171	replicate-1
pb2	912	8167	replicate-1
pb2	913	8158	replicate-1
pb2	914	8135	replicate-1
pb2	915	8132	replicate-1
pb2	916	8083	replicate-1
pb2	917	8182	replicate-1
pb2	918	8162	replicate-1
pb2	919	8042	replicate-1
pb2	920	7986	replicate-1
pb2	921	8004	replicate-1
pb2	922	8016	replicate-1
pb2	923	8043	replicate-1
pb2	924	8078	replicate-1
pb2	925	8095	replicate-1
pb2	926	7995	replicate-1
pb2	927	8062	replicate-1
pb2	928	8012	replicate-1
pb2	929	8196	replicate-1
pb2	930	8207	replicate-1
pb2	931	8225	replicate-1
pb2	932	8244	replicate-1
pb2	933	8181	replicate-1
pb2	934	8184	replicate-1
pb2	935	8220	replicate-1
pb2	936	8092	replicate-1
pb2	937	8141	replicate-1
pb2	938	7999	replicate-1
pb2	939	8136	replicate-1
pb2	940	8185	replicate-1
pb2	941	8182	replicate-1
pb2	942	8171	replicate-1
pb2	943	8158	replicate-1
pb2	944	8088	replicate-1
pb2	945	8024	replicate-1
pb2	946	8123	replicate-1
pb2	947	8167	replicate-1
pb2	948	7991	replicate-1
pb2	949	8016	replicate-1
pb2	950	8017	replicate-1
pb2	951	8082	replicate-1
pb2	952	8500	replicate-1
pb2	953	8508	replicate-1
pb2	954	8564	replicate-1
pb2	955	8259	replicate-1
pb2	956	8207	replicate-1
pb2	957	8433	replicate-1
pb2	958	8386	replicate-1
pb2	959	8418	replicate-1
pb2	960	8422	replicate-1
pb2	961	7913	replicate-1
pb2	962	7959	replicate-1
pb2	963	7773	replicate-1
pb2	964	7837	replicate-1
pb2	965	7840	replicate-1
pb2	966	7571	replicate-1
pb2	967	7705	replicate-1
pb2	968	7701	replicate-1
pb2	969	7646	replicate-1
pb2	970	7641	replicate-1
pb2	971	7553	replicate-1
pb2	972	7601	replicate-1
pb2	973	7674	replicate-1
pb2	974	7656	replicate-1
pb2	975	7622	replicate-1
pb2	976	7461	replicate-1
pb2	977	7466	replicate-1
pb2	978	7493	replicate-1
pb2	979	7501	replicate-1
pb2	980	7648	replicate-1
pb2	981	7670	replicate-1
pb2	982	7456	replicate-1
pb2	983	7372	replicate-1
pb2	984	7363	replicate-1
pb2	985	7386	replicate-1
pb2	986	7412	replicate-1
pb2	987	7404	replicate-1
pb2	988	7330	replicate-1
pb2	989	7208	replicate-1
pb2	990	7100	replicate-1
pb2	991	7299	replicate-1
pb2	992	7297	replicate-1
pb2	993	7288	replicate-1
pb2	994	7240	replicate-1
pb2	995	7227	replicate-1
pb2	996	7214	replicate-1
pb2	997	7186	replicate-1
pb2	998	7309	replicate-1
pb2	999	7310	replicate-1
pb2	1000	7113	replicate-1
pb2	1001	7123	replicate-1
pb2	1002	7090	replicate-1
pb2	1003	7092	replicate-1
pb2	1004	7122	replicate-1
pb2	1005	7110	replicate-1
pb2	1006	7188	replicate-1
pb2	1007	7109	replicate-1
pb2	1008	7126	replicate-1
pb2	1009	7121	replicate-1
pb2	1010	7100	replicate-1
pb2	1011	7107	replicate-1
pb2	1012	7009	replicate-1
pb2	1013	7226	replicate-1
pb2	1014	7245	replicate-1
pb2	1015	7229	replicate-1
pb2	1016	7234	replicate-1
pb2	1017	7209	replicate-1
pb2	1018	7234	replicate-1
pb2	1019	7243	replicate-1
pb2	1020	7207	replicate-1
pb2	1021	7132	replicate-1
pb2	1022	7163	replicate-1
pb2	1023	6992	replicate-1
pb2	1024	6992	replicate-1
pb2	1025	7102	replicate-1
pb2	1026	7064	replicate-1
pb2	1027	7121	replicate-1
pb2	1028	7261	replicate-1
pb2	1029	7295	replicate-1
pb2	1030	7358	replicate-1
pb2	1031	7430	replicate-1
pb2	1032	7444	replicate-1
pb2	1033	7496	replicate-1
pb2	1034	7407	replicate-1
pb2	1035	7394	replicate-1
pb2	1036	7363	replicate-1
pb2	1037	7330	replicate-1
pb2	1038	7330	replicate-1
pb2	1039	7505	replicate-1
pb2	1040	7466	replicate-1
pb2	1041	7436	replicate-1
pb2	1042	7445	replicate-1
pb2	1043	7473	replicate-1
pb2	1044	7467	replicate-1
pb2	1045	7463	replicate-1
pb2	1046	7585	replicate-1
pb2	1047	7494	replicate-1
pb2	1048	7478	replicate-1
pb2	1049	7420	replicate-1
pb2	1050	7362	replicate-1
pb2	1051	7458	replicate-1
pb2	1052	7424	replicate-1
pb2	1053	7407	replicate-1
pb2	1054	7424	replicate-1
pb2	1055	7299	replicate-1
pb2	1056	7308	replicate-1
pb2	1057	7374	replicate-1
pb2	1058	7260	replicate-1
pb2	1059	7401	replicate-1
pb2	1060	7338	replicate-1
pb2	1061	7327	replicate-1
pb2	1062	7356	replicate-1
pb2	1063	7345	replicate-1
pb2	1064	7379	replicate-1
pb2	1065	7370	replicate-1
pb2	1066	7336	replicate-1
pb2	1067	7327	replicate-1
pb2	1068	7228	replicate-1
pb2	1069	7155	replicate-1
pb2	1070	7216	replicate-1
pb2	1071	7533	replicate-1
pb2	1072	7571	replicate-1
pb2	1073	7541	replicate-1
pb2	1074	7529	replicate-1
pb2	1075	7519	replicate-1
pb2	1076	7501	replicate-1
pb2	1077	7502	replicate-1
pb2	1078	7443	replicate-1
pb2	1079	7414	replicate-1
pb2	1080	6751	replicate-1
pb2	1081	6864	replicate-1
pb2	1082	6814	replicate-1
pb2	1083	7102	replicate-1
pb2	1084	7097	replicate-1
pb2	1085	7193	replicate-1
pb2	1086	7178	replicate-1
pb2	1087	7131	replicate-1
pb2	1088	7169	replicate-1
pb2	1089	7069	replicate-1
pb2	1090	6929	replicate-1
pb2	1091	7118	replicate-1
pb2	1092	6739	replicate-1
pb2	1093	7044	replicate-1
pb2	1094	6908	replicate-1
pb2	1095	7008	replicate-1
pb2	1096	7699	replicate-1
pb2	1097	7673	replicate-1
pb2	1098	7713	replicate-1
pb2	1099	7737	replicate-1
pb2	1100	7619	replicate-1
pb2	1101	7962	replicate-1
pb2	1102	8221	replicate-1
pb2	1103	9944	replicate-1
pb2	1104	10459	replicate-1
pb2	1105	10352	replicate-1
pb2	1106	10432	replicate-1
pb2	1107	10455	replicate-1
pb2	1108	10739	replicate-1
pb2	1109	10789	replicate-1
pb2	1110	10690	replicate-1
pb2	1111	10808	replicate-1
pb2	1112	10184	replicate-1
pb2	1113	10676	replicate-1
pb2	1114	10591	replicate-1
pb2	1115	11039	replicate-1
pb2	1116	11174	replicate-1
pb2	1117	11153	replicate-1
pb2	1118	11302	replicate-1
pb2	1119	11301	replicate-1
pb2	1120	11328	replicate-1
pb2	1121	11417	replicate-1
pb2	1122	11766	replicate-1
pb2	1123	12424	replicate-1
pb2	1124	12372	replicate-1
pb2	1125	12486	replicate-1
pb2	1126	12702	replicate-1
pb2	1127	12904	replicate-1
pb2	1128	13007	replicate-1
pb2	1129	12987	replicate-1
pb2	1130	13057	replicate-1
pb2	1131	13092	replicate-1
pb2	1132	12849	replicate-1
pb2	1133	13006	replicate-1
pb2	1134	13019	replicate-1
pb2	1135	13055	replicate-1
pb2	1136	13059	replicate-1
pb2	1137	13007	replicate-1
pb2	1138	12994	replicate-1
pb2	1139	13169	replicate-1
pb2	1140	13198	replicate-1
pb2	1141	13287	replicate-1
pb2	1142	13270	replicate-1
pb2	1143	13287	replicate-1
pb2	1144	14033	replicate-1
pb2	1145	14186	replicate-1
pb2	1146	14289	replicate-1
pb2	1147	14436	replicate-1
pb2	1148	14239	replicate-1
pb2	1149	14325	replicate-1
pb2	1150	14302	replicate-1
pb2	1151	14313	replicate-1
pb2	1152	14326	replicate-1
pb2	1153	13882	replicate-1
pb2	1154	13808	replicate-1
pb2	1155	13825	replicate-1
pb2	1156	13812	replicate-1
pb2	1157	13812	replicate-1
pb2	1158	13775	replicate-1
pb2	1159	14010	replicate-1
pb2	1160	14212	replicate-1
pb2	1161	14224	replicate-1
pb2	1162	14200	replicate-1
pb2	1163	14174	replicate-1
pb2	1164	14160	replicate-1
pb2	1165	14266	replicate-1
pb2	1166	14543	replicate-1
pb2	1167	14651	replicate-1
pb2	1168	14515	replicate-1
pb2	1169	14396	replicate-1
pb2	1170	14634	replicate-1
pb2	1171	14798	replicate-1
pb2	1172	14770	replicate-1
pb2	1173	14778	replicate-1
pb2	1174	14720	replicate-1
pb2	1175	15356	replicate-1
pb2	1176	15683	replicate-1
pb2	1177	15715	replicate-1
pb2	1178	15707	replicate-1
pb2	1179	15687	replicate-1
pb2	1180	15779	replicate-1
pb2	1181	15836	replicate-1
pb2	1182	15685	replicate-1
pb2	1183	15709	replicate-1
pb2	1184	14543	replicate-1
pb2	1185	14542	replicate-1
pb2	1186	14486	replicate-1
pb2	1187	14647	replicate-1
pb2	1188	14698	replicate-1
pb2	1189	14609	replicate-1
pb2	1190	14728	replicate-1
pb2	1191	14669	replicate-1
pb2	1192	14637	replicate-1
pb2	1193	14697	replicate-1
pb2	1194	14545	replicate-1
pb2	1195	14577	replicate-1
pb2	1196	14296	replicate-1
pb2	1197	14276	replicate-1
pb2	1198	14272	replicate-1
pb2	1199	14059	replicate-1
pb2	1200	14095	replicate-1
pb2	1201	14088	replicate-1
pb2	1202	13935	replicate-1
pb2	1203	14352	replicate-1
pb2	1204	14205	replicate-1
pb2	1205	14145	replicate-1
pb2	1206	13577	replicate-1
pb2	1207	13526	replicate-1
pb2	1208	13465	replicate-1
pb2	1209	13237	replicate-1
pb2	1210	13237	replicate-1
pb2	1211	13226	replicate-1
pb2	1212	12750	replicate-1
pb2	1213	12732	replicate-1
pb2	1214	12598	replicate-1
pb2	1215	12771	replicate-1
pb2	1216	12899	replicate-1
pb2	1217	13227	replicate-1
pb2	1218	13109	replicate-1
pb2	1219	13222	replicate-1
pb2	1220	13309	replicate-1
pb2	1221	13433	replicate-1
pb2	1222	14037	replicate-1
pb2	1223	14156	replicate-1
pb2	1224	13893	replicate-1
pb2	1225	13911	replicate-1
pb2	1226	13227	replicate-1
pb2	1227	13415	replicate-1
pb2	1228	13445	replicate-1
pb2	1229	13453	replicate-1
pb2	1230	13335	replicate-1
pb2	1231	13225	replicate-1
pb2	1232	13303	replicate-1
pb2	1233	13493	replicate-1
pb2	1234	14037	replicate-1
pb2	1235	14007	replicate-1
pb2	1236	13913	replicate-1
pb2	1237	13878	replicate-1
pb2	1238	13943	replicate-1
pb2	1239	14133	replicate-1
pb2	1240	14006	replicate-1
pb2	1241	14310	replicate-1
pb2	1242	14039	replicate-1
pb2	1243	14353	replicate-1
pb2	1244	14010	replicate-1
pb2	1245	14109	replicate-1
pb2	1246	14194	replicate-1
pb2	1247	14016	replicate-1
pb2	1248	13791	replicate-1
pb2	1249	13837	replicate-1
pb2	1250	13379	replicate-1
pb2	1251	13520	replicate-1
pb2	1252	13117	replicate-1
pb2	1253	13212	replicate-1
pb2	1254	13124	replicate-1
pb2	1255	13092	replicate-1
pb2	1256	13125	replicate-1
pb2	1257	13630	replicate-1
pb2	1258	13669	replicate-1
pb2	1259	13637	replicate-1
pb2	1260	13377	replicate-1
pb2	1261	13217	replicate-1
pb2	1262	13269	replicate-1
pb2	1263	13294	replicate-1
pb2	1264	13279	replicate-1
pb2	1265	13276	replicate-1
pb2	1266	12490	replicate-1
pb2	1267	12712	replicate-1
pb2	1268	12713	replicate-1
pb2	1269	12734	replicate-1
pb2	1270	12854	replicate-1
pb2	1271	12709	replicate-1
pb2	1272	12712	replicate-1
pb2	1273	12724	replicate-1
pb2	1274	12745	replicate-1
pb2	1275	12623	replicate-1
pb2	1276	12639	replicate-1
pb2	1277	12675	replicate-1
pb2	1278	12673	replicate-1
pb2	1279	12687	replicate-1
pb2	1280	12671	replicate-1
pb2	1281	12726	replicate-1
pb2	1282	12663	replicate-1
pb2	1283	12609	replicate-1
pb2	1284	12604	replicate-1
pb2	1285	12409	replicate-1
pb2	1286	12518	replicate-1
pb2	1287	12605	replicate-1
pb2	1288	12805	replicate-1
pb2	1289	12824	replicate-1
pb2	1290	12748	replicate-1
pb2	1291	12634	replicate-1
pb2	1292	12638	replicate-1
pb2	1293	12617	replicate-1
pb2	1294	12405	replicate-1
pb2	1295	12493	replicate-1
pb2	1296	12240	replicate-1
pb2	1297	12265	replicate-1
pb2	1298	12062	replicate-1
pb2	1299	11971	replicate-1
pb2	1300	11838	replicate-1
pb2	1301	11754	replicate-1
pb2	1302	11801	replicate-1
pb2	1303	11770	replicate-1
pb2	1304	11483	replicate-1
pb2	1305	11491	replicate-1
pb2	1306	11511	replicate-1
pb2	1307	11555	replicate-1
pb2	1308	11735	replicate-1
pb2	1309	11702	replicate-1
pb2	1310	11671	replicate-1
pb2	1311	11777	replicate-1
pb2	1312	11703	replicate-1
pb2	1313	11955	replicate-1
pb2	1314	11960	replicate-1
pb2	1315	12005	replicate-1
pb2	1316	12026	replicate-1
pb2	1317	11557	replicate-1
pb2	1318	11543	replicate-1
pb2	1319	11562	replicate-1
pb2	1320	11586	replicate-1
pb2	1321	11659	replicate-1
pb2	1322	11362	replicate-1
pb2	1323	11360	replicate-1
pb2	1324	11342	replicate-1
pb2	1325	11170	replicate-1
pb2	1326	11245	replicate-1
pb2	1327	11440	replicate-1
pb2	1328	11434	replicate-1
pb2	1329	11506	replicate-1
pb2	1330	11267	replicate-1
pb2	1331	11264	replicate-1
pb2	1332	11260	replicate-1
pb2	1333	11214	replicate-1
pb2	1334	11200	replicate-1
pb2	1335	10890	replicate-1
pb2	1336	10706	replicate-1
pb2	1337	10327	replicate-1
pb2	1338	10872	replicate-1
pb2	1339	10796	replicate-1
pb2	1340	11042	replicate-1
pb2	1341	11079	replicate-1
pb2	1342	11070	replicate-1
pb2	1343	11063	replicate-1
pb2	1344	11078	replicate-1
pb2	1345	11081	replicate-1
pb2	1346	11057	replicate-1
pb2	1347	10466	replicate-1
pb2	1348	9800	replicate-1
pb2	1349	9778	replicate-1
pb2	1350	9760	replicate-1
pb2	1351	9821	replicate-1
pb2	1352	9975	replicate-1
pb2	1353	9973	replicate-1
pb2	1354	10005	replicate-1
pb2	1355	10028	replicate-1
pb2	1356	9858	replicate-1
pb2	1357	9906	replicate-1
pb2	1358	9502	replicate-1
pb2	1359	9528	replicate-1
pb2	1360	9495	replicate-1
pb2	1361	9274	replicate-1
pb2	1362	9415	replicate-1
pb2	1363	9719	replicate-1
pb2	1364	9800	replicate-1
pb2	1365	9811	replicate-1
pb2	1366	9685	replicate-1
pb2	1367	9646	replicate-1
pb2	1368	9673	replicate-1
pb2	1369	9647	replicate-1
pb2	1370	9647	replicate-1
pb2	1371	9672	replicate-1
pb2	1372	9184	replicate-1
pb2	1373	9224	replicate-1
pb2	1374	9234	replicate-1
pb2	1375	9275	replicate-1
pb2	1376	9427	replicate-1
pb2	1377	9179	replicate-1
pb2	1378	9243	replicate-1
pb2	1379	9249	replicate-1
pb2	1380	9217	replicate-1
pb2	1381	9214	replicate-1
pb2	1382	9103	replicate-1
pb2	1383	9088	replicate-1
pb2	1384	9374	replicate-1
pb2	1385	9268	replicate-1
pb2	1386	9375	replicate-1
pb2	1387	9316	replicate-1
pb2	1388	9416	replicate-1
pb2	1389	9434	replicate-1
pb2	1390	9464	replicate-1
pb2	1391	9448	replicate-1
pb2	1392	9511	replicate-1
pb2	1393	9106	replicate-1
pb2	1394	9347	replicate-1
pb2	1395	9258	replicate-1
pb2	1396	9427	replicate-1
pb2	1397	9377	replicate-1
pb2	1398	9462	replicate-1
pb2	1399	9449	replicate-1
pb2	1400	9421	replicate-1
pb2	1401	9416	replicate-1
pb2	1402	9437	replicate-1
pb2	1403	9411	replicate-1
pb2	1404	9413	replicate-1
pb2	1405	9249	replicate-1
pb2	1406	9284	replicate-1
pb2	1407	9566	replicate-1
pb2	1408	9586	replicate-1
pb2	1409	9711	replicate-1
pb2	1410	9679	replicate-1
pb2	1411	9720	replicate-1
pb2	1412	9743	replicate-1
pb2	1413	9796	replicate-1
pb2	1414	9869	replicate-1
pb2	1415	9809	replicate-1
pb2	1416	9475	replicate-1
pb2	1417	9493	replicate-1
pb2	1418	9440	replicate-1
pb2	1419	9565	replicate-1
pb2	1420	9548	replicate-1
pb2	1421	9498	replicate-1
pb2	1422	9425	replicate-1
pb2	1423	9382	replicate-1
pb2	1424	9558	replicate-1
pb2	1425	9562	replicate-1
pb2	1426	9520	replicate-1
pb2	1427	9499	replicate-1
pb2	1428	9446	replicate-1
pb2	1429	9687	replicate-1
pb2	1430	9885	replicate-1
pb2	1431	9902	replicate-1
pb2	1432	9889	replicate-1
pb2	1433	9803	replicate-1
pb2	1434	9802	replicate-1
pb2	1435	9766	replicate-1
pb2	1436	9793	replicate-1
pb2	1437	9879	replicate-1
pb2	1438	9603	replicate-1
pb2	1439	9654	replicate-1
pb2	1440	9442	replicate-1
pb2	1441	9495	replicate-1
pb2	1442	9444	replicate-1
pb2	1443	9521	replicate-1
pb2	1444	9599	replicate-1
pb2	1445	9480	replicate-1
pb2	1446	9579	replicate-1
pb2	1447	9657	replicate-1
pb2	1448	9747	replicate-1
pb2	1449	9775	replicate-1
pb2	1450	9761	replicate-1
pb2	1451	9753	replicate-1
pb2	1452	9756	replicate-1
pb2	1453	9586	replicate-1
pb2	1454	9614	replicate-1
pb2	1455	9505	replicate-1
pb2	1456	9467	replicate-1
pb2	1457	9808	replicate-1
pb2	1458	9840	replicate-1
pb2	1459	9805	replicate-1
pb2	1460	9768	replicate-1
pb2	1461	9672	replicate-1
pb2	1462	9625	replicate-1
pb2	1463	9683	replicate-1
pb2	1464	9793	replicate-1
pb2	1465	9830	replicate-1
pb2	1466	9282	replicate-1
pb2	1467	9406	replicate-1
pb2	1468	9381	replicate-1
pb2	1469	9612	replicate-1
pb2	1470	9622	replicate-1
pb2	1471	9530	replicate-1
pb2	1472	9336	replicate-1
pb2	1473	9273	replicate-1
pb2	1474	9215	replicate-1
pb2	1475	9220	replicate-1
pb2	1476	9171	replicate-1
pb2	1477	9232	replicate-1
pb2	1478	9430	replicate-1
pb2	1479	9198	replicate-1
pb2	1480	9241	replicate-1
pb2	1481	9260	replicate-1
pb2	1482	9063	replicate-1
pb2	1483	9372	replicate-1
pb2	1484	9413	replicate-1
pb2	1485	9442	replicate-1
pb2	1486	9609	replicate-1
pb2	1487	9460	replicate-1
pb2	1488	9504	replicate-1
pb2	1489	9450	replicate-1
pb2	1490	9394	replicate-1
pb2	1491	10406	replicate-1
pb2	1492	10179	replicate-1
pb2	1493	10456	replicate-1
pb2	1494	10451	replicate-1
pb2	1495	10575	replicate-1
pb2	1496	11116	replicate-1
pb2	1497	11119	replicate-1
pb2	1498	11164	replicate-1
pb2	1499	11214	replicate-1
pb2	1500	10444	replicate-1
pb2	1501	10579	replicate-1
pb2	1502	10440	replicate-1
pb2	1503	10542	replicate-1
pb2	1504	10170	replicate-1
pb2	1505	10111	replicate-1
pb2	1506	9895	replicate-1
pb2	1507	10005	replicate-1
pb2	1508	9891	replicate-1
pb2	1509	10061	replicate-1
pb2	1510	10114	replicate-1
pb2	1511	9974	replicate-1
pb2	1512	10300	replicate-1
pb2	1513	10487	replicate-1
pb2	1514	10402	replicate-1
pb2	1515	10459	replicate-1
pb2	1516	10401	replicate-1
pb2	1517	10467	replicate-1
pb2	1518	10464	replicate-1
pb2	1519	10412	replicate-1
pb2	1520	10418	replicate-1
pb2	1521	10261	replicate-1
pb2	1522	10256	replicate-1
pb2	1523	10156	replicate-1
pb2	1524	10183	replicate-1
pb2	1525	10187	replicate-1
pb2	1526	10217	replicate-1
pb2	1527	10538	replicate-1
pb2	1528	10635	replicate-1
pb2	1529	10729	replicate-1
pb2	1530	10762	replicate-1
pb2	1531	10790	replicate-1
pb2	1532	10813	replicate-1
pb2	1533	10826	replicate-1
pb2	1534	10840	replicate-1
pb2	1535	10865	replicate-1
pb2	1536	10563	replicate-1
pb2	1537	10738	replicate-1
pb2	1538	10711	replicate-1
pb2	1539	10764	replicate-1
pb2	1540	10913	replicate-1
pb2	1541	10925	replicate-1
pb2	1542	10968	replicate-1
pb2	1543	10957	replicate-1
pb2	1544	10879	replicate-1
pb2	1545	10888	replicate-1
pb2	1546	10822	replicate-1
pb2	1547	10659	replicate-1
pb2	1548	10413	replicate-1
pb2	1549	10481	replicate-1
pb2	1550	10485	replicate-1
pb2	1551	10368	replicate-1
pb2	1552	10390	replicate-1
pb2	1553	10470	replicate-1
pb2	1554	10553	replicate-1
pb2	1555	10375	replicate-1
pb2	1556	10455	replicate-1
pb2	1557	10441	replicate-1
pb2	1558	11034	replicate-1
pb2	1559	11025	replicate-1
pb2	1560	10956	replicate-1
pb2	1561	11079	replicate-1
pb2	1562	10934	replicate-1
pb2	1563	11055	replicate-1
pb2	1564	10988	replicate-1
pb2	1565	10857	replicate-1
pb2	1566	10861	replicate-1
pb2	1567	10199	replicate-1
pb2	1568	10300	replicate-1
pb2	1569	10247	replicate-1
pb2	1570	10274	replicate-1
pb2	1571	10282	replicate-1
pb2	1572	10130	replicate-1
pb2	1573	10253	replicate-1
pb2	1574	10241	replicate-1
pb2	1575	10201	replicate-1
pb2	1576	10215	replicate-1
pb2	1577	10088	replicate-1
pb2	1578	10128	replicate-1
pb2	1579	10133	replicate-1
pb2	1580	10058	replicate-1
pb2	1581	10113	replicate-1
pb2	1582	9968	replicate-1
pb2	1583	10027	replicate-1
pb2	1584	10063	replicate-1
pb2	1585	10047	replicate-1
pb2	1586	10091	replicate-1
pb2	1587	10098	replicate-1
pb2	1588	10167	replicate-1
pb2	1589	10318	replicate-1
pb2	1590	10245	replicate-1
pb2	1591	10255	replicate-1
pb2	1592	10178	replicate-1
pb2	1593	10205	replicate-1
pb2	1594	10234	replicate-1
pb2	1595	10522	replicate-1
pb2	1596	10597	replicate-1
pb2	1597	10379	replicate-1
pb2	1598	10368	replicate-1
pb2	1599	10117	replicate-1
pb2	1600	10213	replicate-1
pb2	1601	10223	replicate-1
pb2	1602	10382	replicate-1
pb2	1603	10292	replicate-1
pb2	1604	9769	replicate-1
pb2	1605	9778	replicate-1
pb2	1606	9760	replicate-1
pb2	1607	9706	replicate-1
pb2	1608	9762	replicate-1
pb2	1609	9615	replicate-1
pb2	1610	9619	replicate-1
pb2	1611	9405	replicate-1
pb2	1612	9413	replicate-1
pb2	1613	9454	replicate-1
pb2	1614	9806	replicate-1
pb2	1615	9814	replicate-1
pb2	1616	9927	replicate-1
pb2	1617	9871	replicate-1
pb2	1618	9893	replicate-1
pb2	1619	9890	replicate-1
pb2	1620	9924	replicate-1
pb2	1621	9960	replicate-1
pb2	1622	9931	replicate-1
pb2	1623	9607	replicate-1
pb2	1624	9580	replicate-1
pb2	1625	9537	replicate-1
pb2	1626	9606	replicate-1
pb2	1627	9797	replicate-1
pb2	1628	9843	replicate-1
pb2	1629	9835	replicate-1
pb2	1630	9846	replicate-1
pb2	1631	9953	replicate-1
pb2	1632	9971	replicate-1
pb2	1633	9972	replicate-1
pb2	1634	9908	replicate-1
pb2	1635	10001	replicate-1
pb2	1636	9804	replicate-1
pb2	1637	9820	replicate-1
pb2	1638	9882	replicate-1
pb2	1639	9875	replicate-1
pb2	1640	9656	replicate-1
pb2	1641	9631	replicate-1
pb2	1642	9447	replicate-1
pb2	1643	9496	replicate-1
pb2	1644	9604	replicate-1
pb2	1645	9531	replicate-1
pb2	1646	9509	replicate-1
pb2	1647	9471	replicate-1
pb2	1648	9496	replicate-1
pb2	1649	9638	replicate-1
pb2	1650	9502	replicate-1
pb2	1651	9526	replicate-1
pb2	1652	9469	replicate-1
pb2	1653	9320	replicate-1
pb2	1654	9501	replicate-1
pb2	1655	9569	replicate-1
pb2	1656	9539	replicate-1
pb2	1657	9554	replicate-1
pb2	1658	9433	replicate-1
pb2	1659	9451	replicate-1
pb2	1660	9903	replicate-1
pb2	1661	9898	replicate-1
pb2	1662	9927	replicate-1
pb2	1663	9786	replicate-1
pb2	1664	9798	replicate-1
pb2	1665	10332	replicate-1
pb2	1666	10433	replicate-1
pb2	1667	10395	replicate-1
pb2	1668	10448	replicate-1
pb2	1669	10079	replicate-1
pb2	1670	10548	replicate-1
pb2	1671	10588	replicate-1
pb2	1672	10593	replicate-1
pb2	1673	10917	replicate-1
pb2	1674	10409	replicate-1
pb2	1675	10521	replicate-1
pb2	1676	10549	replicate-1
pb2	1677	10610	replicate-1
pb2	1678	10581	replicate-1
pb2	1679	9876	replicate-1
pb2	1680	9904	replicate-1
pb2	1681	9833	replicate-1
pb2	1682	9675	replicate-1
pb2	1683	9802	replicate-1
pb2	1684	9711	replicate-1
pb2	1685	9708	replicate-1
pb2	1686	9674	replicate-1
pb2	1687	9802	replicate-1
pb2	1688	9798	replicate-1
pb2	1689	9773	replicate-1
pb2	1690	9713	replicate-1
pb2	1691	9738	replicate-1
pb2	1692	9673	replicate-1
pb2	1693	9682	replicate-1
pb2	1694	9657	replicate-1
pb2	1695	9715	replicate-1
pb2	1696	9545	replicate-1
pb2	1697	9560	replicate-1
pb2	1698	9541	replicate-1
pb2	1699	9542	replicate-1
pb2	1700	9491	replicate-1
pb2	1701	9442	replicate-1
pb2	1702	9413	replicate-1
pb2	1703	9384	replicate-1
pb2	1704	9226	replicate-1
pb2	1705	9277	replicate-1
pb2	1706	9256	replicate-1
pb2	1707	9248	replicate-1
pb2	1708	9241	replicate-1
pb2	1709	9111	replicate-1
pb2	1710	9103	replicate-1
pb2	1711	9111	replicate-1
pb2	1712	9057	replicate-1
pb2	1713	9021	replicate-1
pb2	1714	8956	replicate-1
pb2	1715	8878	replicate-1
pb2	1716	8874	replicate-1
pb2	1717	8875	replicate-1
pb2	1718	8999	replicate-1
pb2	1719	8995	replicate-1
pb2	1720	8907	replicate-1
pb2	1721	8908	replicate-1
pb2	1722	8871	replicate-1
pb2	1723	8887	replicate-1
pb2	1724	8869	replicate-1
pb2	1725	8992	replicate-1
pb2	1726	8964	replicate-1
pb2	1727	8707	replicate-1
pb2	1728	8649	replicate-1
pb2	1729	8672	replicate-1
pb2	1730	8890	replicate-1
pb2	1731	8877	replicate-1
pb2	1732	8780	replicate-1
pb2	1733	8842	replicate-1
pb2	1734	8544	replicate-1
pb2	1735	9211	replicate-1
pb2	1736	8982	replicate-1
pb2	1737	9574	replicate-1
pb2	1738	9434	replicate-1
pb2	1739	8639	replicate-1
pb2	1740	8926	replicate-1
pb2	1741	8930	replicate-1
pb2	1742	8799	replicate-1
pb2	1743	8921	replicate-1
pb2	1744	7382	replicate-1
pb2	1745	7481	replicate-1
pb2	1746	6699	replicate-1
pb2	1747	6551	replicate-1
pb2	1748	6547	replicate-1
pb2	1749	6560	replicate-1
pb2	1750	6596	replicate-1
pb2	1751	6578	replicate-1
pb2	1752	6511	replicate-1
pb2	1753	6688	replicate-1
pb2	1754	6671	replicate-1
pb2	1755	6774	replicate-1
pb2	1756	6768	replicate-1
pb2	1757	6789	replicate-1
pb2	1758	6754	replicate-1
pb2	1759	6741	replicate-1
pb2	1760	6810	replicate-1
pb2	1761	6810	replicate-1
pb2	1762	6851	replicate-1
pb2	1763	6816	replicate-1
pb2	1764	7167	replicate-1
pb2	1765	7295	replicate-1
pb2	1766	7338	replicate-1
pb2	1767	7370	replicate-1
pb2	1768	7369	replicate-1
pb2	1769	7381	replicate-1
pb2	1770	7438	replicate-1
pb2	1771	7430	replicate-1
pb2	1772	7715	replicate-1
pb2	1773	7627	replicate-1
pb2	1774	7758	replicate-1
pb2	1775	7758	replicate-1
pb2	1776	7788	replicate-1
pb2	1777	7827	replicate-1
pb2	1778	7834	replicate-1
pb2	1779	8146	replicate-1
pb2	1780	8187	replicate-1
pb2	1781	8125	replicate-1
pb2	1782	8113	replicate-1
pb2	1783	8086	replicate-1
pb2	1784	8098	replicate-1
pb2	1785	8077	replicate-1
pb2	1786	8091	replicate-1
pb2	1787	8084	replicate-1
pb2	1788	7940	replicate-1
pb2	1789	8010	replicate-1
pb2	1790	8057	replicate-1
pb2	1791	8040	replicate-1
pb2	1792	8023	replicate-1
pb2	1793	8082	replicate-1
pb2	1794	8091	replicate-1
pb2	1795	8957	replicate-1
pb2	1796	9091	replicate-1
pb2	1797	9045	replicate-1
pb2	1798	9134	replicate-1
pb2	1799	9097	replicate-1
pb2	1800	9449	replicate-1
pb2	1801	9459	replicate-1
pb2	1802	9399	replicate-1
pb2	1803	9467	replicate-1
pb2	1804	8621	replicate-1
pb2	1805	8701	replicate-1
pb2	1806	8684	replicate-1
pb2	1807	8852	replicate-1
pb2	1808	8901	replicate-1
pb2	1809	8750	replicate-1
pb2	1810	8795	replicate-1
pb2	1811	8863	replicate-1
pb2	1812	9001	replicate-1
pb2	1813	9028	replicate-1
pb2	1814	9050	replicate-1
pb2	1815	9082	replicate-1
pb2	1816	9018	replicate-1
pb2	1817	9051	replicate-1
pb2	1818	9047	replicate-1
pb2	1819	9035	replicate-1
pb2	1820	9023	replicate-1
pb2	1821	8862	replicate-1
pb2	1822	8945	replicate-1
pb2	1823	8885	replicate-1
pb2	1824	9408	replicate-1
pb2	1825	9421	replicate-1
pb2	1826	9372	replicate-1
pb2	1827	9411	replicate-1
pb2	1828	9376	replicate-1
pb2	1829	9336	replicate-1
pb2	1830	9350	replicate-1
pb2	1831	9315	replicate-1
pb2	1832	9237	replicate-1
pb2	1833	8873	replicate-1
pb2	1834	8880	replicate-1
pb2	1835	9035	replicate-1
pb2	1836	9041	replicate-1
pb2	1837	8987	replicate-1
pb2	1838	8986	replicate-1
pb2	1839	8995	replicate-1
pb2	1840	9014	replicate-1
pb2	1841	9006	replicate-1
pb2	1842	8989	replicate-1
pb2	1843	9020	replicate-1
pb2	1844	8834	replicate-1
pb2	1845	8917	replicate-1
pb2	1846	8913	replicate-1
pb2	1847	8908	replicate-1
pb2	1848	8914	replicate-1
pb2	1849	8937	replicate-1
pb2	1850	9068	replicate-1
pb2	1851	9043	replicate-1
pb2	1852	9005	replicate-1
pb2	1853	9230	replicate-1
pb2	1854	9449	replicate-1
pb2	1855	9455	replicate-1
pb2	1856	9454	replicate-1
pb2	1857	9445	replicate-1
pb2	1858	9459	replicate-1
pb2	1859	9283	replicate-1
pb2	1860	9260	replicate-1
pb2	1861	9041	replicate-1
pb2	1862	9093	replicate-1
pb2	1863	8429	replicate-1
pb2	1864	8855	replicate-1
pb2	1865	8849	replicate-1
pb2	1866	8859	replicate-1
pb2	1867	8867	replicate-1
pb2	1868	8762	replicate-1
pb2	1869	8787	replicate-1
pb2	1870	8821	replicate-1
pb2	1871	9229	replicate-1
pb2	1872	9278	replicate-1
pb2	1873	9233	replicate-1
pb2	1874	9169	replicate-1
pb2	1875	9146	replicate-1
pb2	1876	9138	replicate-1
pb2	1877	9058	replicate-1
pb2	1878	8989	replicate-1
pb2	1879	9144	replicate-1
pb2	1880	8783	replicate-1
pb2	1881	8837	replicate-1
pb2	1882	8697	replicate-1
pb2	1883	8684	replicate-1
pb2	1884	8957	replicate-1
pb2	1885	8924	replicate-1
pb2	1886	9115	replicate-1
pb2	1887	9085	replicate-1
pb2	1888	8952	replicate-1
pb2	1889	8987	replicate-1
pb2	1890	8952	replicate-1
pb2	1891	8993	replicate-1
pb2	1892	8993	replicate-1
pb2	1893	8891	replicate-1
pb2	1894	8897	replicate-1
pb2	1895	8840	replicate-1
pb2	1896	8818	replicate-1
pb2	1897	8894	replicate-1
pb2	1898	8914	replicate-1
pb2	1899	8884	replicate-1
pb2	1900	8887	replicate-1
pb2	1901	8983	replicate-1
pb2	1902	8884	replicate-1
pb2	1903	8952	replicate-1
pb2	1904	8935	replicate-1
pb2	1905	8831	replicate-1
pb2	1906	9038	replicate-1
pb2	1907	9005	replicate-1
pb2	1908	9136	replicate-1
pb2	1909	9128	replicate-1
pb2	1910	8985	replicate-1
pb2	1911	9071	replicate-1
pb2	1912	9010	replicate-1
pb2	1913	9242	replicate-1
pb2	1914	9212	replicate-1
pb2	1915	8895	replicate-1
pb2	1916	8937	replicate-1
pb2	1917	8787	replicate-1
pb2	1918	8954	replicate-1
pb2	1919	8939	replicate-1
pb2	1920	8917	replicate-1
pb2	1921	8966	replicate-1
pb2	1922	8771	replicate-1
pb2	1923	8857	replicate-1
pb2	1924	8820	replicate-1
pb2	1925	9021	replicate-1
pb2	1926	9032	replicate-1
pb2	1927	8885	replicate-1
pb2	1928	8992	replicate-1
pb2	1929	8964	replicate-1
pb2	1930	8900	replicate-1
pb2	1931	8988	replicate-1
pb2	1932	8933	replicate-1
pb2	1933	8924	replicate-1
pb2	1934	8772	replicate-1
pb2	1935	8802	replicate-1
pb2	1936	8698	replicate-1
pb2	1937	8950	replicate-1
pb2	1938	8880	replicate-1
pb2	1939	8869	replicate-1
pb2	1940	8753	replicate-1
pb2	1941	8840	replicate-1
pb2	1942	8876	replicate-1
pb2	1943	9236	replicate-1
pb2	1944	9213	replicate-1
pb2	1945	9159	replicate-1
pb2	1946	8915	replicate-1
pb2	1947	8861	replicate-1
pb2	1948	8832	replicate-1
pb2	1949	8840	replicate-1
pb2	1950	8761	replicate-1
pb2	1951	8776	replicate-1
pb2	1952	8814	replicate-1
pb2	1953	8828	replicate-1
pb2	1954	8888	replicate-1
pb2	1955	8909	replicate-1
pb2	1956	8902	replicate-1
pb2	1957	9262	replicate-1
pb2	1958	9333	replicate-1
pb2	1959	9305	replicate-1
pb2	1960	9251	replicate-1
pb2	1961	9335	replicate-1
pb2	1962	9375	replicate-1
pb2	1963	9356	replicate-1
pb2	1964	9563	replicate-1
pb2	1965	9522	replicate-1
pb2	1966	9359	replicate-1
pb2	1967	9343	replicate-1
pb2	1968	9335	replicate-1
pb2	1969	9330	replicate-1
pb2	1970	9056	replicate-1
pb2	1971	9659	replicate-1
pb2	1972	9695	replicate-1
pb2	1973	9504	replicate-1
pb2	1974	9498	replicate-1
pb2	1975	9328	replicate-1
pb2	1976	9351	replicate-1
pb2	1977	9339	replicate-1
pb2	1978	9378	replicate-1
pb2	1979	9388	replicate-1
pb2	1980	9186	replicate-1
pb2	1981	9069	replicate-1
pb2	1982	9392	replicate-1
pb2	1983	9402	replicate-1
pb2	1984	9459	replicate-1
pb2	1985	9578	replicate-1
pb2	1986	9540	replicate-1
pb2	1987	9521	replicate-1
pb2	1988	9502	replicate-1
pb2	1989	9395	replicate-1
pb2	1990	9688	replicate-1
pb2	1991	9473	replicate-1
pb2	1992	9735	replicate-1
pb2	1993	9715	replicate-1
pb2	1994	9646	replicate-1
pb2	1995	9858	replicate-1
pb2	1996	9908	replicate-1
pb2	1997	10132	replicate-1
pb2	1998	10127	replicate-1
pb2	1999	9910	replicate-1
pb2	2000	10020	replicate-1
pb2	2001	10068	replicate-1
pb2	2002	9961	replicate-1
pb2	2003	9925	replicate-1
pb2	2004	9868	replicate-1
pb2	2005	9724	replicate-1
pb2	2006	9605	replicate-1
pb2	2007	9706	replicate-1
pb2	2008	9849	replicate-1
pb2	2009	9897	replicate-1
pb2	2010	9847	replicate-1
pb2	2011	9881	replicate-1
pb2	2012	10037	replicate-1
pb2	2013	10028	replicate-1
pb2	2014	10034	replicate-1
pb2	2015	10015	replicate-1
pb2	2016	10064	replicate-1
pb2	2017	9895	replicate-1
pb2	2018	10081	replicate-1
pb2	2019	10106	replicate-1
pb2	2020	10051	replicate-1
pb2	2021	10032	replicate-1
pb2	2022	10079	replicate-1
pb2	2023	10041	replicate-1
pb2	2024	10102	replicate-1
pb2	2025	10058	replicate-1
pb2	2026	10943	replicate-1
pb2	2027	10855	replicate-1
pb2	2028	10901	replicate-1
pb2	2029	11017	replicate-1
pb2	2030	11014	replicate-1
pb2	2031	11049	replicate-1
pb2	2032	11082	replicate-1
pb2	2033	11147	replicate-1
pb2	2034	11213	replicate-1
pb2	2035	10684	replicate-1
pb2	2036	10598	replicate-1
pb2	2037	10546	replicate-1
pb2	2038	10609	replicate-1
pb2	2039	10717	replicate-1
pb2	2040	10741	replicate-1
pb2	2041	10794	replicate-1
pb2	2042	10835	replicate-1
pb2	2043	10779	replicate-1
pb2	2044	10928	replicate-1
pb2	2045	11040	replicate-1
pb2	2046	10997	replicate-1
pb2	2047	11145	replicate-1
pb2	2048	11163	replicate-1
pb2	2049	11148	replicate-1
pb2	2050	11176	replicate-1
pb2	2051	11063	replicate-1
pb2	2052	11111	replicate-1
pb2	2053	10945	replicate-1
pb2	2054	10973	replicate-1
pb2	2055	10883	replicate-1
pb2	2056	10836	replicate-1
pb2	2057	10797	replicate-1
pb2	2058	10776	replicate-1
pb2	2059	10813	replicate-1
pb2	2060	10940	replicate-1
pb2	2061	10810	replicate-1
pb2	2062	10791	replicate-1
pb2	2063	10732	replicate-1
pb2	2064	10725	replicate-1
pb2	2065	10852	replicate-1
pb2	2066	10868	replicate-1
pb2	2067	10882	replicate-1
pb2	2068	10870	replicate-1
pb2	2069	10614	replicate-1
pb2	2070	10637	replicate-1
pb2	2071	10704	replicate-1
pb2	2072	10745	replicate-1
pb2	2073	10727	replicate-1
pb2	2074	10555	replicate-1
pb2	2075	10621	replicate-1
pb2	2076	10610	replicate-1
pb2	2077	10803	replicate-1
pb2	2078	10900	replicate-1
pb2	2079	10855	replicate-1
pb2	2080	11071	replicate-1
pb2	2081	11238	replicate-1
pb2	2082	11226	replicate-1
pb2	2083	11284	replicate-1
pb2	2084	11142	replicate-1
pb2	2085	11006	replicate-1
pb2	2086	11029	replicate-1
pb2	2087	10640	replicate-1
pb2	2088	10676	replicate-1
pb2	2089	10269	replicate-1
pb2	2090	10294	replicate-1
pb2	2091	10263	replicate-1
pb2	2092	10288	replicate-1
pb2	2093	9961	replicate-1
pb2	2094	9843	replicate-1
pb2	2095	10748	replicate-1
pb2	2096	10521	replicate-1
pb2	2097	10587	replicate-1
pb2	2098	10449	replicate-1
pb2	2099	10303	replicate-1
pb2	2100	10231	replicate-1
pb2	2101	10187	replicate-1
pb2	2102	10131	replicate-1
pb2	2103	9968	replicate-1
pb2	2104	9167	replicate-1
pb2	2105	9032	replicate-1
pb2	2106	8888	replicate-1
pb2	2107	8886	replicate-1
pb2	2108	8946	replicate-1
pb2	2109	8908	replicate-1
pb2	2110	8871	replicate-1
pb2	2111	8787	replicate-1
pb2	2112	8775	replicate-1
pb2	2113	8765	replicate-1
pb2	2114	8732	replicate-1
pb2	2115	8722	replicate-1
pb2	2116	8687	replicate-1
pb2	2117	8608	replicate-1
pb2	2118	8568	replicate-1
pb2	2119	8593	replicate-1
pb2	2120	8614	replicate-1
pb2	2121	8545	replicate-1
pb2	2122	8513	replicate-1
pb2	2123	8537	replicate-1
pb2	2124	8520	replicate-1
pb2	2125	8620	replicate-1
pb2	2126	8611	replicate-1
pb2	2127	8599	replicate-1
pb2	2128	8643	replicate-1
pb2	2129	8625	replicate-1
pb2	2130	8712	replicate-1
pb2	2131	8686	replicate-1
pb2	2132	8642	replicate-1
pb2	2133	8666	replicate-1
pb2	2134	8689	replicate-1
pb2	2135	8777	replicate-1
pb2	2136	8716	replicate-1
pb2	2137	8590	replicate-1
pb2	2138	8555	replicate-1
pb2	2139	8409	replicate-1
pb2	2140	8402	replicate-1
pb2	2141	8649	replicate-1
pb2	2142	8571	replicate-1
pb2	2143	8414	replicate-1
pb2	2144	8373	replicate-1
pb2	2145	8217	replicate-1
pb2	2146	8535	replicate-1
pb2	2147	8534	replicate-1
pb2	2148	8514	replicate-1
pb2	2149	8496	replicate-1
pb2	2150	7981	replicate-1
pb2	2151	8036	replicate-1
pb2	2152	8002	replicate-1
pb2	2153	8079	replicate-1
pb2	2154	8042	replicate-1
pb2	2155	7723	replicate-1
pb2	2156	8056	replicate-1
pb2	2157	8038	replicate-1
pb2	2158	8027	replicate-1
pb2	2159	8003	replicate-1
pb2	2160	7796	replicate-1
pb2	2161	7836	replicate-1
pb2	2162	7674	replicate-1
pb2	2163	7679	replicate-1
pb2	2164	7661	replicate-1
pb2	2165	7211	replicate-1
pb2	2166	7282	replicate-1
pb2	2167	7252	replicate-1
pb2	2168	7254	replicate-1
pb2	2169	7240	replicate-1
pb2	2170	7116	replicate-1
pb2	2171	7253	replicate-1
pb2	2172	7190	replicate-1
pb2	2173	7186	replicate-1
pb2	2174	7170	replicate-1
pb2	2175	7100	replicate-1
pb2	2176	7085	replicate-1
pb2	2177	7056	replicate-1
pb2	2178	7034	replicate-1
pb2	2179	7014	replicate-1
pb2	2180	6672	replicate-1
pb2	2181	6749	replicate-1
pb2	2182	6698	replicate-1
pb2	2183	6701	replicate-1
pb2	2184	6469	replicate-1
pb2	2185	6499	replicate-1
pb2	2186	6471	replicate-1
pb2	2187	6491	replicate-1
pb2	2188	6443	replicate-1
pb2	2189	6426	replicate-1
pb2	2190	6289	replicate-1
pb2	2191	6227	replicate-1
pb2	2192	6148	replicate-1
pb2	2193	6050	replicate-1
pb2	2194	5959	replicate-1
pb2	2195	5934	replicate-1
pb2	2196	5806	replicate-1
pb2	2197	5894	replicate-1
pb2	2198	5599	replicate-1
pb2	2199	5470	replicate-1
pb2	2200	5429	replicate-1
pb2	2201	5302	replicate-1
pb2	2202	5272	replicate-1
pb2	2203	5215	replicate-1
pb2	2204	5192	replicate-1
pb2	2205	5079	replicate-1
pb2	2206	4845	replicate-1
pb2	2207	4782	replicate-1
pb2	2208	4770	replicate-1
pb2	2209	4724	replicate-1
pb2	2210	4658	replicate-1
pb2	2211	4597	replicate-1
pb2	2212	4629	replicate-1
pb2	2213	4655	replicate-1
pb2	2214	4626	replicate-1
pb2	2215	4511	replicate-1
pb2	2216	4386	replicate-1
pb2	2217	4387	replicate-1
pb2	2218	4423	replicate-1
pb2	2219	4368	replicate-1
pb2	2220	4421	replicate-1
pb2	2221	4479	replicate-1
pb2	2222	4295	replicate-1
pb2	2223	4403	replicate-1
pb2	2224	4290	replicate-1
pb2	2225	4273	replicate-1
pb2	2226	4342	replicate-1
pb2	2227	4333	replicate-1
pb2	2228	4303	replicate-1
pb2	2229	4251	replicate-1
pb2	2230	4145	replicate-1
pb2	2231	4029	replicate-1
pb2	2232	3998	replicate-1
pb2	2233	4115	replicate-1
pb2	2234	4041	replicate-1
pb2	2235	4017	replicate-1
pb2	2236	4158	replicate-1
pb2	2237	4240	replicate-1
pb2	2238	4289	replicate-1
pb2	2239	5144	replicate-1
pb2	2240	5163	replicate-1
pb2	2241	5149	replicate-1
pb2	2242	5517	replicate-1
pb2	2243	5529	replicate-1
pb2	2244	5580	replicate-1
pb2	2245	5570	replicate-1
pb2	2246	5477	replicate-1
pb2	2247	5541	replicate-1
pb2	2248	5460	replicate-1
pb2	2249	5832	replicate-1
pb2	2250	5826	replicate-1
pb2	2251	5867	replicate-1
pb2	2252	5876	replicate-1
pb2	2253	5836	replicate-1
pb2	2254	5809	replicate-1
pb2	2255	5841	replicate-1
pb2	2256	5798	replicate-1
pb2	2257	5946	replicate-1
pb2	2258	5739	replicate-1
pb2	2259	5734	replicate-1
pb2	2260	5702	replicate-1
pb2	2261	5715	replicate-1
pb2	2262	5694	replicate-1
pb2	2263	5692	replicate-1
pb2	2264	5624	replicate-1
pb2	2265	5661	replicate-1
pb2	2266	5526	replicate-1
pb2	2267	5588	replicate-1
pb2	2268	5585	replicate-1
pb2	2269	5590	replicate-1
pb2	2270	5564	replicate-1
pb2	2271	5568	replicate-1
pb2	2272	5549	replicate-1
pb2	2273	5548	replicate-1
pb2	2274	5436	replicate-1
pb2	2275	5428	replicate-1
pb2	2276	5350	replicate-1
pb2	2277	5338	replicate-1
pb2	2278	5322	replicate-1
pb2	2279	5320	replicate-1
pb2	2280	5308	replicate-1
pb2	2281	5290	replicate-1
pb2	2282	5285	replicate-1
pb2	2283	5282	replicate-1
pb2	2284	5272	replicate-1
pb2	2285	5269	replicate-1
pb2	2286	5226	replicate-1
pb2	2287	5161	replicate-1
pb2	2288	5133	replicate-1
pb2	2289	5132	replicate-1
pb2	2290	5119	replicate-1
pb2	2291	5072	replicate-1
pb2	2292	5039	replicate-1
pb2	2293	5030	replicate-1
pb2	2294	4859	replicate-1
pb2	2295	4798	replicate-1
pb2	2296	4776	replicate-1
pb2	2297	4721	replicate-1
pb2	2298	4709	replicate-1
pb2	2299	4688	replicate-1
pb2	2300	4666	replicate-1
pb2	2301	4641	replicate-1
pb2	2302	4619	replicate-1
pb2	2303	4598	replicate-1
pb2	2304	4516	replicate-1
pb2	2305	4319	replicate-1
pb2	2306	3873	replicate-1
pb2	2307	3851	replicate-1
pb2	2308	3616	replicate-1
pb2	2309	3587	replicate-1
pb2	2310	3474	replicate-1
pb2	2311	3264	replicate-1
pb2	2312	3246	replicate-1
pb2	2313	3236	replicate-1
pb2	2314	3205	replicate-1
pb2	2315	3198	replicate-1
pb2	2316	2852	replicate-1
pb2	2317	2841	replicate-1
pb2	2318	2761	replicate-1
pb2	2319	2758	replicate-1
pb2	2320	2752	replicate-1
pb2	2321	2682	replicate-1
pb2	2322	2675	replicate-1
pb2	2323	2658	replicate-1
pb2	2324	2641	replicate-1
pb2	2325	2608	replicate-1
pb2	2326	1865	replicate-1
pb2	2327	1830	replicate-1
pb2	2328	1808	replicate-1
pb2	2329	1807	replicate-1
pb2	2330	1782	replicate-1
pb2	2331	1765	replicate-1
pb2	2332	1749	replicate-1
pb2	2333	1736	replicate-1
pb2	2334	1722	replicate-1
pb2	2335	1709	replicate-1
pb2	2336	1696	replicate-1
pb2	2337	1428	replicate-1
pb2	2338	1366	replicate-1
pb2	2339	1347	replicate-1
pb2	2340	1330	replicate-1
pb2	2341	209	replicate-1
pa	1	2120	replicate-1
pa	2	2511	replicate-1
pa	3	2539	replicate-1
pa	4	2554	replicate-1
pa	5	2779	replicate-1
pa	6	2841	replicate-1
pa	7	4337	replicate-1
pa	8	4396	replicate-1
pa	9	4471	replicate-1
pa	10	4482	replicate-1
pa	11	4545	replicate-1
pa	12	4778	replicate-1
pa	13	4805	replicate-1
pa	14	4821	replicate-1
pa	15	4836	replicate-1
pa	16	4873	replicate-1
pa	17	5063	replicate-1
pa	18	5168	replicate-1
pa	19	5185	replicate-1
pa	20	5200	replicate-1
pa	21	5238	replicate-1
pa	22	5250	replicate-1
pa	23	5412	replicate-1
pa	24	5452	replicate-1
pa	25	5991	replicate-1
pa	26	6026	replicate-1
pa	27	6129	replicate-1
pa	28	6144	replicate-1
pa	29	6160	replicate-1
pa	30	6174	replicate-1
pa	31	6220	replicate-1
pa	32	6366	replicate-1
pa	33	6414	replicate-1
pa	34	6420	replicate-1
pa	35	6575	replicate-1
pa	36	6589	replicate-1
pa	37	6672	replicate-1
pa	38	6684	replicate-1
pa	39	6725	replicate-1
pa	40	6780	replicate-1
pa	41	6799	replicate-1
pa	42	6941	replicate-1
pa	43	6998	replicate-1
pa	44	7032	replicate-1
pa	45	7081	replicate-1
pa	46	7124	replicate-1
pa	47	7380	replicate-1
pa	48	7537	replicate-1
pa	49	7549	replicate-1
pa	50	7566	replicate-1
pa	51	7578	replicate-1
pa	52	7620	replicate-1
pa	53	7902	replicate-1
pa	54	7931	replicate-1
pa	55	7974	replicate-1
pa	56	7954	replicate-1
pa	57	7908	replicate-1
pa	58	7911	replicate-1
pa	59	7957	replicate-1
pa	60	7970	replicate-1
pa	61	8008	replicate-1
pa	62	7919	replicate-1
pa	63	7965	replicate-1
pa	64	7967	replicate-1
pa	65	7976	replicate-1
pa	66	8006	replicate-1
pa	67	8021	replicate-1
pa	68	8044	replicate-1
pa	69	8056	replicate-1
pa	70	8045	replicate-1
pa	71	8049	replicate-1
pa	72	8046	replicate-1
pa	73	8109	replicate-1
pa	74	8127	replicate-1
pa	75	8149	replicate-1
pa	76	8181	replicate-1
pa	77	8175	replicate-1
pa	78	8160	replicate-1
pa	79	8152	replicate-1
pa	80	8171	replicate-1
pa	81	8432	replicate-1
pa	82	8431	replicate-1
pa	83	8531	replicate-1
pa	84	8452	replicate-1
pa	85	8702	replicate-1
pa	86	8724	replicate-1
pa	87	8780	replicate-1
pa	88	8852	replicate-1
pa	89	8754	replicate-1
pa	90	8524	replicate-1
pa	91	8708	replicate-1
pa	92	8682	replicate-1
pa	93	9422	replicate-1
pa	94	9293	replicate-1
pa	95	9315	replicate-1
pa	96	9270	replicate-1
pa	97	9227	replicate-1
pa	98	9300	replicate-1
pa	99	9289	replicate-1
pa	100	9234	replicate-1
pa	101	9132	replicate-1
pa	102	8398	replicate-1
pa	103	8406	replicate-1
pa	104	8344	replicate-1
pa	105	8367	replicate-1
pa	106	8375	replicate-1
pa	107	8314	replicate-1
pa	108	8303	replicate-1
pa	109	8279	replicate-1
pa	110	8253	replicate-1
pa	111	8240	replicate-1
pa	112	8226	replicate-1
pa	113	8215	replicate-1
pa	114	8183	replicate-1
pa	115	8131	replicate-1
pa	116	8071	replicate-1
pa	117	7966	replicate-1
pa	118	7920	replicate-1
pa	119	7944	replicate-1
pa	120	7940	replicate-1
pa	121	7888	replicate-1
pa	122	7796	replicate-1
pa	123	7800	replicate-1
pa	124	7789	replicate-1
pa	125	7800	replicate-1
pa	126	7848	replicate-1
pa	127	7797	replicate-1
pa	128	7842	replicate-1
pa	129	7812	replicate-1
pa	130	7790	replicate-1
pa	131	8025	replicate-1
pa	132	8019	replicate-1
pa	133	8439	replicate-1
pa	134	8503	replicate-1
pa	135	8603	replicate-1
pa	136	8727	replicate-1
pa	137	8693	replicate-1
pa	138	8847	replicate-1
pa	139	8803	replicate-1
pa	140	8646	replicate-1
pa	141	8663	replicate-1
pa	142	8434	replicate-1
pa	143	8510	replicate-1
pa	144	8374	replicate-1
pa	145	9210	replicate-1
pa	146	9269	replicate-1
pa	147	9229	replicate-1
pa	148	9229	replicate-1
pa	149	9170	replicate-1
pa	150	9014	replicate-1
pa	151	8965	replicate-1
pa	152	8868	replicate-1
pa	153	8829	replicate-1
pa	154	8832	replicate-1
pa	155	8411	replicate-1
pa	156	8366	replicate-1
pa	157	8332	replicate-1
pa	158	8724	replicate-1
pa	159	8726	replicate-1
pa	160	8749	replicate-1
pa	161	8779	replicate-1
pa	162	8771	replicate-1
pa	163	8744	replicate-1
pa	164	8763	replicate-1
pa	165	8940	replicate-1
pa	166	8856	replicate-1
pa	167	8591	replicate-1
pa	168	8606	replicate-1
pa	169	8619	replicate-1
pa	170	8650	replicate-1
pa	171	8619	replicate-1
pa	172	8745	replicate-1
pa	173	8750	replicate-1
pa	174	8635	replicate-1
pa	175	8636	replicate-1
pa	176	8640	replicate-1
pa	177	8745	replicate-1
pa	178	8758	replicate-1
pa	179	8790	replicate-1
pa	180	8843	replicate-1
pa	181	8788	replicate-1
pa	182	9045	replicate-1
pa	183	9055	replicate-1
pa	184	9049	replicate-1
pa	185	9306	replicate-1
pa	186	9233	replicate-1
pa	187	9362	replicate-1
pa	188	9374	replicate-1
pa	189	9417	replicate-1
pa	190	9501	replicate-1
pa	191	9383	replicate-1
pa	192	9335	replicate-1
pa	193	9337	replicate-1
pa	194	9183	replicate-1
pa	195	9295	replicate-1
pa	196	9255	replicate-1
pa	197	9277	replicate-1
pa	198	9227	replicate-1
pa	199	9251	replicate-1
pa	200	9393	replicate-1
pa	201	9515	replicate-1
pa	202	9504	replicate-1
pa	203	9543	replicate-1
pa	204	9444	replicate-1
pa	205	9425	replicate-1
pa	206	9574	replicate-1
pa	207	9576	replicate-1
pa	208	9746	replicate-1
pa	209	9799	replicate-1
pa	210	9730	replicate-1
pa	211	9810	replicate-1
pa	212	9720	replicate-1
pa	213	9795	replicate-1
pa	214	9875	replicate-1
pa	215	9862	replicate-1
pa	216	9873	replicate-1
pa	217	9769	replicate-1
pa	218	9849	replicate-1
pa	219	9838	replicate-1
pa	220	9909	replicate-1
pa	221	9932	replicate-1
pa	222	9896	replicate-1
pa	223	9956	replicate-1
pa	224	10072	replicate-1
pa	225	10385	replicate-1
pa	226	10437	replicate-1
pa	227	10415	replicate-1
pa	228	10423	replicate-1
pa	229	10395	replicate-1
pa	230	10660	replicate-1
pa	231	10685	replicate-1
pa	232	10846	replicate-1
pa	233	10895	replicate-1
pa	234	10775	replicate-1
pa	235	11182	replicate-1
pa	236	11173	replicate-1
pa	237	11290	replicate-1
pa	238	11370	replicate-1
pa	239	11182	replicate-1
pa	240	11175	replicate-1
pa	241	11031	replicate-1
pa	242	10930	replicate-1
pa	243	10937	replicate-1
pa	244	10592	replicate-1
pa	245	10567	replicate-1
pa	246	10539	replicate-1
pa	247	10489	replicate-1
pa	248	10586	replicate-1
pa	249	10736	replicate-1
pa	250	10744	replicate-1
pa	251	10776	replicate-1
pa	252	10738	replicate-1
pa	253	10766	replicate-1
pa	254	10799	replicate-1
pa	255	10798	replicate-1
pa	256	10789	replicate-1
pa	257	10714	replicate-1
pa	258	10454	replicate-1
pa	259	10627	replicate-1
pa	260	10661	replicate-1
pa	261	10635	replicate-1
pa	262	10657	replicate-1
pa	263	10549	replicate-1
pa	264	10517	replicate-1
pa	265	10765	replicate-1
pa	266	10795	replicate-1
pa	267	10668	replicate-1
pa	268	10486	replicate-1
pa	269	10565	replicate-1
pa	270	10987	replicate-1
pa	271	11017	replicate-1
pa	272	10929	replicate-1
pa	273	11021	replicate-1
pa	274	10803	replicate-1
pa	275	11035	replicate-1
pa	276	11227	replicate-1
pa	277	11457	replicate-1
pa	278	11489	replicate-1
pa	279	11022	replicate-1
pa	280	11042	replicate-1
pa	281	11097	replicate-1
pa	282	11856	replicate-1
pa	283	11898	replicate-1
pa	284	11774	replicate-1
pa	285	11726	replicate-1
pa	286	11575	replicate-1
pa	287	11810	replicate-1
pa	288	11863	replicate-1
pa	289	11842	replicate-1
pa	290	11859	replicate-1
pa	291	11064	replicate-1
pa	292	11848	replicate-1
pa	293	11797	replicate-1
pa	294	12205	replicate-1
pa	295	12308	replicate-1
pa	296	12065	replicate-1
pa	297	12233	replicate-1
pa	298	12359	replicate-1
pa	299	12342	replicate-1
pa	300	12369	replicate-1
pa	301	11734	replicate-1
pa	302	11875	replicate-1
pa	303	11654	replicate-1
pa	304	11692	replicate-1
pa	305	11698	replicate-1
pa	306	11853	replicate-1
pa	307	11866	replicate-1
pa	308	11917	replicate-1
pa	309	11967	replicate-1
pa	310	11903	replicate-1
pa	311	11821	replicate-1
pa	312	11899	replicate-1
pa	313	11828	replicate-1
pa	314	12088	replicate-1
pa	315	11865	replicate-1
pa	316	11851	replicate-1
pa	317	11908	replicate-1
pa	318	11878	replicate-1
pa	319	12036	replicate-1
pa	320	12151	replicate-1
pa	321	12018	replicate-1
pa	322	12108	replicate-1
pa	323	11912	replicate-1
pa	324	11973	replicate-1
pa	325	12166	replicate-1
pa	326	12159	replicate-1
pa	327	12157	replicate-1
pa	328	11943	replicate-1
pa	329	11745	replicate-1
pa	330	11866	replicate-1
pa	331	11784	replicate-1
pa	332	11773	replicate-1
pa	333	11746	replicate-1
pa	334	11704	replicate-1
pa	335	11729	replicate-1
pa	336	11697	replicate-1
pa	337	11697	replicate-1
pa	338	11688	replicate-1
pa	339	11701	replicate-1
pa	340	11562	replicate-1
pa	341	11738	replicate-1
pa	342	11748	replicate-1
pa	343	11746	replicate-1
pa	344	11677	replicate-1
pa	345	11692	replicate-1
pa	346	11813	replicate-1
pa	347	11863	replicate-1
pa	348	11826	replicate-1
pa	349	12101	replicate-1
pa	350	11972	replicate-1
pa	351	12436	replicate-1
pa	352	12444	replicate-1
pa	353	12441	replicate-1
pa	354	12411	replicate-1
pa	355	12261	replicate-1
pa	356	12519	replicate-1
pa	357	12754	replicate-1
pa	358	12434	replicate-1
pa	359	12454	replicate-1
pa	360	12084	replicate-1
pa	361	11996	replicate-1
pa	362	12026	replicate-1
pa	363	12087	replicate-1
pa	364	12147	replicate-1
pa	365	11708	replicate-1
pa	366	11422	replicate-1
pa	367	11222	replicate-1
pa	368	11169	replicate-1
pa	369	11162	replicate-1
pa	370	10881	replicate-1
pa	371	10897	replicate-1
pa	372	10808	replicate-1
pa	373	10781	replicate-1
pa	374	10778	replicate-1
pa	375	10694	replicate-1
pa	376	10645	replicate-1
pa	377	10591	replicate-1
pa	378	10548	replicate-1
pa	379	10560	replicate-1
pa	380	10453	replicate-1
pa	381	10473	replicate-1
pa	382	10435	replicate-1
pa	383	10396	replicate-1
pa	384	10319	replicate-1
pa	385	10238	replicate-1
pa	386	10314	replicate-1
pa	387	10301	replicate-1
pa	388	10326	replicate-1
pa	389	10037	replicate-1
pa	390	10085	replicate-1
pa	391	10124	replicate-1
pa	392	10247	replicate-1
pa	393	10168	replicate-1
pa	394	10126	replicate-1
pa	395	9953	replicate-1
pa	396	10048	replicate-1
pa	397	10019	replicate-1
pa	398	10068	replicate-1
pa	399	9993	replicate-1
pa	400	9924	replicate-1
pa	401	9540	replicate-1
pa	402	9855	replicate-1
pa	403	10501	replicate-1
pa	404	10491	replicate-1
pa	405	10750	replicate-1
pa	406	10669	replicate-1
pa	407	10679	replicate-1
pa	408	10683	replicate-1
pa	409	11251	replicate-1
pa	410	11358	replicate-1
pa	411	11504	replicate-1
pa	412	10819	replicate-1
pa	413	10836	replicate-1
pa	414	10498	replicate-1
pa	415	10353	replicate-1
pa	416	11060	replicate-1
pa	417	11086	replicate-1
pa	418	10608	replicate-1
pa	419	10485	replicate-1
pa	420	9902	replicate-1
pa	421	10010	replicate-1
pa	422	9981	replicate-1
pa	423	10001	replicate-1
pa	424	9932	replicate-1
pa	425	9510	replicate-1
pa	426	9512	replicate-1
pa	427	9573	replicate-1
pa	428	9616	replicate-1
pa	429	9645	replicate-1
pa	430	9609	replicate-1
pa	431	9622	replicate-1
pa	432	9630	replicate-1
pa	433	9640	replicate-1
pa	434	9710	replicate-1
pa	435	9914	replicate-1
pa	436	9942	replicate-1
pa	437	9937	replicate-1
pa	438	9940	replicate-1
pa	439	9993	replicate-1
pa	440	10050	replicate-1
pa	441	10083	replicate-1
pa	442	10125	replicate-1
pa	443	10137	replicate-1
pa	444	9997	replicate-1
pa	445	10013	replicate-1
pa	446	10070	replicate-1
pa	447	10111	replicate-1
pa	448	10124	replicate-1
pa	449	10107	replicate-1
pa	450	10149	replicate-1
pa	451	10195	replicate-1
pa	452	10264	replicate-1
pa	453	10204	replicate-1
pa	454	10288	replicate-1
pa	455	10163	replicate-1
pa	456	10524	replicate-1
pa	457	10524	replicate-1
pa	458	10769	replicate-1
pa	459	10743	replicate-1
pa	460	10722	replicate-1
pa	461	10659	replicate-1
pa	462	10816	replicate-1
pa	463	10766	replicate-1
pa	464	10781	replicate-1
pa	465	10459	replicate-1
pa	466	10276	replicate-1
pa	467	10224	replicate-1
pa	468	10356	replicate-1
pa	469	10286	replicate-1
pa	470	10391	replicate-1
pa	471	10306	replicate-1
pa	472	10193	replicate-1
pa	473	10226	replicate-1
pa	474	10228	replicate-1
pa	475	10099	replicate-1
pa	476	10156	replicate-1
pa	477	10027	replicate-1
pa	478	10157	replicate-1
pa	479	10183	replicate-1
pa	480	10125	replicate-1
pa	481	10168	replicate-1
pa	482	10125	replicate-1
pa	483	10157	replicate-1
pa	484	10316	replicate-1
pa	485	10253	replicate-1
pa	486	10321	replicate-1
pa	487	10174	replicate-1
pa	488	10047	replicate-1
pa	489	10070	replicate-1
pa	490	10054	replicate-1
pa	491	10006	replicate-1
pa	492	10012	replicate-1
pa	493	9922	replicate-1
pa	494	9951	replicate-1
pa	495	10037	replicate-1
pa	496	10035	replicate-1
pa	497	10073	replicate-1
pa	498	10028	replicate-1
pa	499	10052	replicate-1
pa	500	10057	replicate-1
pa	501	9818	replicate-1
pa	502	10045	replicate-1
pa	503	9927	replicate-1
pa	504	10016	replicate-1
pa	505	9956	replicate-1
pa	506	9786	replicate-1
pa	507	9742	replicate-1
pa	508	9588	replicate-1
pa	509	9709	replicate-1
pa	510	9579	replicate-1
pa	511	9329	replicate-1
pa	512	9151	replicate-1
pa	513	9033	replicate-1
pa	514	9035	replicate-1
pa	515	8962	replicate-1
pa	516	8960	replicate-1
pa	517	8997	replicate-1
pa	518	8805	replicate-1
pa	519	8771	replicate-1
pa	520	8774	replicate-1
pa	521	8694	replicate-1
pa	522	8699	replicate-1
pa	523	8632	replicate-1
pa	524	8651	replicate-1
pa	525	8649	replicate-1
pa	526	8398	replicate-1
pa	527	8496	replicate-1
pa	528	8426	replicate-1
pa	529	8434	replicate-1
pa	530	8418	replicate-1
pa	531	8310	replicate-1
pa	532	8306	replicate-1
pa	533	8295	replicate-1
pa	534	8654	replicate-1
pa	535	8706	replicate-1
pa	536	8439	replicate-1
pa	537	8419	replicate-1
pa	538	8385	replicate-1
pa	539	8533	replicate-1
pa	540	8435	replicate-1
pa	541	8348	replicate-1
pa	542	8317	replicate-1
pa	543	7791	replicate-1
pa	544	7509	replicate-1
pa	545	7569	replicate-1
pa	546	7558	replicate-1
pa	547	7649	replicate-1
pa	548	7295	replicate-1
pa	549	7627	replicate-1
pa	550	7594	replicate-1
pa	551	7571	replicate-1
pa	552	7582	replicate-1
pa	553	7349	replicate-1
pa	554	8005	replicate-1
pa	555	7847	replicate-1
pa	556	7764	replicate-1
pa	557	7741	replicate-1
pa	558	7214	replicate-1
pa	559	7243	replicate-1
pa	560	7307	replicate-1
pa	561	7220	replicate-1
pa	562	7212	replicate-1
pa	563	6444	replicate-1
pa	564	6465	replicate-1
pa	565	6656	replicate-1
pa	566	6686	replicate-1
pa	567	6696	replicate-1
pa	568	6660	replicate-1
pa	569	6515	replicate-1
pa	570	6618	replicate-1
pa	571	6622	replicate-1
pa	572	6621	replicate-1
pa	573	6666	replicate-1
pa	574	9236	replicate-1
pa	575	9565	replicate-1
pa	576	9651	replicate-1
pa	577	9684	replicate-1
pa	578	9786	replicate-1
pa	579	9840	replicate-1
pa	580	11234	replicate-1
pa	581	12257	replicate-1
pa	582	12219	replicate-1
pa	583	12739	replicate-1
pa	584	12653	replicate-1
pa	585	13314	replicate-1
pa	586	13408	replicate-1
pa	587	13471	replicate-1
pa	588	13678	replicate-1
pa	589	13479	replicate-1
pa	590	13252	replicate-1
pa	591	13265	replicate-1
pa	592	13233	replicate-1
pa	593	14143	replicate-1
pa	594	14113	replicate-1
pa	595	14131	replicate-1
pa	596	14149	replicate-1
pa	597	14195	replicate-1
pa	598	14328	replicate-1
pa	599	14362	replicate-1
pa	600	14390	replicate-1
pa	601	14472	replicate-1
pa	602	14255	replicate-1
pa	603	15013	replicate-1
pa	604	15200	replicate-1
pa	605	15326	replicate-1
pa	606	15373	replicate-1
pa	607	15457	replicate-1
pa	608	15475	replicate-1
pa	609	15450	replicate-1
pa	610	15451	replicate-1
pa	611	15512	replicate-1
pa	612	15257	replicate-1
pa	613	15473	replicate-1
pa	614	15535	replicate-1
pa	615	15533	replicate-1
pa	616	15574	replicate-1
pa	617	15619	replicate-1
pa	618	15626	replicate-1
pa	619	15691	replicate-1
pa	620	15774	replicate-1
pa	621	15851	replicate-1
pa	622	15697	replicate-1
pa	623	15987	replicate-1
pa	624	15973	replicate-1
pa	625	16371	replicate-1
pa	626	16363	replicate-1
pa	627	16356	replicate-1
pa	628	16501	replicate-1
pa	629	16534	replicate-1
pa	630	16488	replicate-1
pa	631	16497	replicate-1
pa	632	16305	replicate-1
pa	633	16256	replicate-1
pa	634	15955	replicate-1
pa	635	16302	replicate-1
pa	636	16357	replicate-1
pa	637	16324	replicate-1
pa	638	16351	replicate-1
pa	639	16366	replicate-1
pa	640	16397	replicate-1
pa	641	16433	replicate-1
pa	642	16422	replicate-1
pa	643	16410	replicate-1
pa	644	16418	replicate-1
pa	645	17495	replicate-1
pa	646	17432	replicate-1
pa	647	17630	replicate-1
pa	648	17634	replicate-1
pa	649	17776	replicate-1
pa	650	18214	replicate-1
pa	651	18280	replicate-1
pa	652	18565	replicate-1
pa	653	18636	replicate-1
pa	654	17753	replicate-1
pa	655	18167	replicate-1
pa	656	17987	replicate-1
pa	657	18198	replicate-1
pa	658	18030	replicate-1
pa	659	17809	replicate-1
pa	660	17765	replicate-1
pa	661	17456	replicate-1
pa	662	17612	replicate-1
pa	663	17712	replicate-1
pa	664	17621	replicate-1
pa	665	17558	replicate-1
pa	666	17444	replicate-1
pa	667	17482	replicate-1
pa	668	17574	replicate-1
pa	669	17534	replicate-1
pa	670	17541	replicate-1
pa	671	17484	replicate-1
pa	672	17583	replicate-1
pa	673	17571	replicate-1
pa	674	17542	replicate-1
pa	675	17554	replicate-1
pa	676	17529	replicate-1
pa	677	17874	replicate-1
pa	678	17816	replicate-1
pa	679	17774	replicate-1
pa	680	17721	replicate-1
pa	681	17790	replicate-1
pa	682	18038	replicate-1
pa	683	18070	replicate-1
pa	684	17886	replicate-1
pa	685	17970	replicate-1
pa	686	17753	replicate-1
pa	687	17754	replicate-1
pa	688	17316	replicate-1
pa	689	17249	replicate-1
pa	690	17330	replicate-1
pa	691	17126	replicate-1
pa	692	17458	replicate-1
pa	693	17588	replicate-1
pa	694	17560	replicate-1
pa	695	17583	replicate-1
pa	696	17482	replicate-1
pa	697	17276	replicate-1
pa	698	17462	replicate-1
pa	699	17357	replicate-1
pa	700	17407	replicate-1
pa	701	17102	replicate-1
pa	702	17011	replicate-1
pa	703	17044	replicate-1
pa	704	17002	replicate-1
pa	705	16921	replicate-1
pa	706	16795	replicate-1
pa	707	16616	replicate-1
pa	708	17574	replicate-1
pa	709	17474	replicate-1
pa	710	17536	replicate-1
pa	711	17549	replicate-1
pa	712	17516	replicate-1
pa	713	17576	replicate-1
pa	714	17456	replicate-1
pa	715	18128	replicate-1
pa	716	18003	replicate-1
pa	717	17463	replicate-1
pa	718	17346	replicate-1
pa	719	17963	replicate-1
pa	720	18015	replicate-1
pa	721	18091	replicate-1
pa	722	17963	replicate-1
pa	723	18039	replicate-1
pa	724	17468	replicate-1
pa	725	17322	replicate-1
pa	726	17073	replicate-1
pa	727	16860	replicate-1
pa	728	17211	replicate-1
pa	729	17214	replicate-1
pa	730	17089	replicate-1
pa	731	16981	replicate-1
pa	732	16815	replicate-1
pa	733	16828	replicate-1
pa	734	16721	replicate-1
pa	735	16650	replicate-1
pa	736	16708	replicate-1
pa	737	16109	replicate-1
pa	738	16141	replicate-1
pa	739	15906	replicate-1
pa	740	15916	replicate-1
pa	741	16026	replicate-1
pa	742	15921	replicate-1
pa	743	16195	replicate-1
pa	744	16163	replicate-1
pa	745	16125	replicate-1
pa	746	16646	replicate-1
pa	747	16727	replicate-1
pa	748	16825	replicate-1
pa	749	16848	replicate-1
pa	750	16737	replicate-1
pa	751	16837	replicate-1
pa	752	16062	replicate-1
pa	753	16243	replicate-1
pa	754	16225	replicate-1
pa	755	16008	replicate-1
pa	756	15871	replicate-1
pa	757	15702	replicate-1
pa	758	15810	replicate-1
pa	759	15980	replicate-1
pa	760	16032	replicate-1
pa	761	15979	replicate-1
pa	762	15850	replicate-1
pa	763	15964	replicate-1
pa	764	16022	replicate-1
pa	765	16044	replicate-1
pa	766	16120	replicate-1
pa	767	15945	replicate-1
pa	768	15711	replicate-1
pa	769	15679	replicate-1
pa	770	15566	replicate-1
pa	771	15977	replicate-1
pa	772	15892	replicate-1
pa	773	16040	replicate-1
pa	774	16041	replicate-1
pa	775	16006	replicate-1
pa	776	16002	replicate-1
pa	777	15989	replicate-1
pa	778	16159	replicate-1
pa	779	15990	replicate-1
pa	780	15043	replicate-1
pa	781	15140	replicate-1
pa	782	14863	replicate-1
pa	783	15011	replicate-1
pa	784	14964	replicate-1
pa	785	14913	replicate-1
pa	786	15117	replicate-1
pa	787	14910	replicate-1
pa	788	15000	replicate-1
pa	789	14986	replicate-1
pa	790	14862	replicate-1
pa	791	14969	replicate-1
pa	792	15014	replicate-1
pa	793	15040	replicate-1
pa	794	15036	replicate-1
pa	795	14223	replicate-1
pa	796	14181	replicate-1
pa	797	14002	replicate-1
pa	798	13999	replicate-1
pa	799	14023	replicate-1
pa	800	13827	replicate-1
pa	801	13821	replicate-1
pa	802	14008	replicate-1
pa	803	14012	replicate-1
pa	804	14159	replicate-1
pa	805	14092	replicate-1
pa	806	14059	replicate-1
pa	807	14093	replicate-1
pa	808	14035	replicate-1
pa	809	14146	replicate-1
pa	810	14155	replicate-1
pa	811	13688	replicate-1
pa	812	13774	replicate-1
pa	813	13236	replicate-1
pa	814	13228	replicate-1
pa	815	13313	replicate-1
pa	816	13066	replicate-1
pa	817	13076	replicate-1
pa	818	12450	replicate-1
pa	819	12223	replicate-1
pa	820	12221	replicate-1
pa	821	12000	replicate-1
pa	822	11987	replicate-1
pa	823	11837	replicate-1
pa	824	11801	replicate-1
pa	825	11719	replicate-1
pa	826	11845	replicate-1
pa	827	11837	replicate-1
pa	828	11926	replicate-1
pa	829	11885	replicate-1
pa	830	11908	replicate-1
pa	831	11850	replicate-1
pa	832	11754	replicate-1
pa	833	10354	replicate-1
pa	834	10458	replicate-1
pa	835	10176	replicate-1
pa	836	10107	replicate-1
pa	837	9783	replicate-1
pa	838	9865	replicate-1
pa	839	9878	replicate-1
pa	840	9895	replicate-1
pa	841	9958	replicate-1
pa	842	9917	replicate-1
pa	843	9758	replicate-1
pa	844	9761	replicate-1
pa	845	9762	replicate-1
pa	846	9961	replicate-1
pa	847	9946	replicate-1
pa	848	9927	replicate-1
pa	849	9914	replicate-1
pa	850	9851	replicate-1
pa	851	10161	replicate-1
pa	852	10057	replicate-1
pa	853	9864	replicate-1
pa	854	6872	replicate-1
pa	855	6711	replicate-1
pa	856	6724	replicate-1
pa	857	6608	replicate-1
pa	858	6587	replicate-1
pa	859	6582	replicate-1
pa	860	6456	replicate-1
pa	861	6599	replicate-1
pa	862	6606	replicate-1
pa	863	6650	replicate-1
pa	864	6653	replicate-1
pa	865	6697	replicate-1
pa	866	6699	replicate-1
pa	867	6728	replicate-1
pa	868	6750	replicate-1
pa	869	6728	replicate-1
pa	870	6688	replicate-1
pa	871	6622	replicate-1
pa	872	6629	replicate-1
pa	873	6632	replicate-1
pa	874	6615	replicate-1
pa	875	6598	replicate-1
pa	876	6653	replicate-1
pa	877	6673	replicate-1
pa	878	6706	replicate-1
pa	879	6710	replicate-1
pa	880	6717	replicate-1
pa	881	6705	replicate-1
pa	882	6696	replicate-1
pa	883	6752	replicate-1
pa	884	7194	replicate-1
pa	885	7178	replicate-1
pa	886	7196	replicate-1
pa	887	7206	replicate-1
pa	888	7239	replicate-1
pa	889	7274	replicate-1
pa	890	7246	replicate-1
pa	891	7257	replicate-1
pa	892	7247	replicate-1
pa	893	6769	replicate-1
pa	894	6852	replicate-1
pa	895	6813	replicate-1
pa	896	6906	replicate-1
pa	897	6915	replicate-1
pa	898	6843	replicate-1
pa	899	6957	replicate-1
pa	900	6957	replicate-1
pa	901	6980	replicate-1
pa	902	6991	replicate-1
pa	903	6836	replicate-1
pa	904	6873	replicate-1
pa	905	6740	replicate-1
pa	906	6851	replicate-1
pa	907	6838	replicate-1
pa	908	6804	replicate-1
pa	909	6752	replicate-1
pa	910	6880	replicate-1
pa	911	6993	replicate-1
pa	912	7077	replicate-1
pa	913	7096	replicate-1
pa	914	7099	replicate-1
pa	915	7082	replicate-1
pa	916	7125	replicate-1
pa	917	7111	replicate-1
pa	918	7170	replicate-1
pa	919	7162	replicate-1
pa	920	7110	replicate-1
pa	921	6976	replicate-1
pa	922	6974	replicate-1
pa	923	6948	replicate-1
pa	924	7096	replicate-1
pa	925	7178	replicate-1
pa	926	7473	replicate-1
pa	927	7484	replicate-1
pa	928	7363	replicate-1
pa	929	7356	replicate-1
pa	930	7327	replicate-1
pa	931	7977	replicate-1
pa	932	7953	replicate-1
pa	933	7749	replicate-1
pa	934	7849	replicate-1
pa	935	7393	replicate-1
pa	936	7628	replicate-1
pa	937	7609	replicate-1
pa	938	7601	replicate-1
pa	939	7616	replicate-1
pa	940	6807	replicate-1
pa	941	7056	replicate-1
pa	942	7029	replicate-1
pa	943	7046	replicate-1
pa	944	7051	replicate-1
pa	945	6871	replicate-1
pa	946	6906	replicate-1
pa	947	6910	replicate-1
pa	948	6965	replicate-1
pa	949	6959	replicate-1
pa	950	6676	replicate-1
pa	951	6715	replicate-1
pa	952	6633	replicate-1
pa	953	6635	replicate-1
pa	954	6636	replicate-1
pa	955	6597	replicate-1
pa	956	6598	replicate-1
pa	957	6575	replicate-1
pa	958	6568	replicate-1
pa	959	6546	replicate-1
pa	960	6501	replicate-1
pa	961	6446	replicate-1
pa	962	6446	replicate-1
pa	963	6386	replicate-1
pa	964	6401	replicate-1
pa	965	6402	replicate-1
pa	966	6400	replicate-1
pa	967	6396	replicate-1
pa	968	6408	replicate-1
pa	969	6378	replicate-1
pa	970	6354	replicate-1
pa	971	6380	replicate-1
pa	972	6355	replicate-1
pa	973	6357	replicate-1
pa	974	6490	replicate-1
pa	975	6598	replicate-1
pa	976	6790	replicate-1
pa	977	6787	replicate-1
pa	978	6777	replicate-1
pa	979	6848	replicate-1
pa	980	6803	replicate-1
pa	981	7033	replicate-1
pa	982	7037	replicate-1
pa	983	7017	replicate-1
pa	984	7089	replicate-1
pa	985	7162	replicate-1
pa	986	7433	replicate-1
pa	987	7437	replicate-1
pa	988	7540	replicate-1
pa	989	7517	replicate-1
pa	990	7570	replicate-1
pa	991	7583	replicate-1
pa	992	7582	replicate-1
pa	993	7507	replicate-1
pa	994	7346	replicate-1
pa	995	7231	replicate-1
pa	996	7205	replicate-1
pa	997	7268	replicate-1
pa	998	7089	replicate-1
pa	999	6906	replicate-1
pa	1000	7343	replicate-1
pa	1001	7327	replicate-1
pa	1002	7350	replicate-1
pa	1003	7371	replicate-1
pa	1004	7313	replicate-1
pa	1005	7304	replicate-1
pa	1006	7254	replicate-1
pa	1007	7202	replicate-1
pa	1008	7321	replicate-1
pa	1009	7147	replicate-1
pa	1010	7322	replicate-1
pa	1011	7371	replicate-1
pa	1012	7364	replicate-1
pa	1013	7366	replicate-1
pa	1014	7338	replicate-1
pa	1015	7358	replicate-1
pa	1016	7485	replicate-1
pa	1017	7422	replicate-1
pa	1018	7648	replicate-1
pa	1019	7670	replicate-1
pa	1020	7680	replicate-1
pa	1021	7842	replicate-1
pa	1022	7902	replicate-1
pa	1023	7906	replicate-1
pa	1024	7887	replicate-1
pa	1025	7846	replicate-1
pa	1026	7928	replicate-1
pa	1027	7806	replicate-1
pa	1028	7676	replicate-1
pa	1029	7627	replicate-1
pa	1030	7633	replicate-1
pa	1031	7607	replicate-1
pa	1032	7675	replicate-1
pa	1033	7714	replicate-1
pa	1034	7666	replicate-1
pa	1035	7609	replicate-1
pa	1036	7551	replicate-1
pa	1037	7571	replicate-1
pa	1038	7596	replicate-1
pa	1039	7610	replicate-1
pa	1040	7609	replicate-1
pa	1041	7588	replicate-1
pa	1042	7486	replicate-1
pa	1043	7452	replicate-1
pa	1044	7494	replicate-1
pa	1045	7590	replicate-1
pa	1046	7618	replicate-1
pa	1047	7608	replicate-1
pa	1048	7546	replicate-1
pa	1049	7578	replicate-1
pa	1050	7587	replicate-1
pa	1051	7606	replicate-1
pa	1052	7619	replicate-1
pa	1053	7512	replicate-1
pa	1054	7522	replicate-1
pa	1055	7275	replicate-1
pa	1056	7265	replicate-1
pa	1057	7845	replicate-1
pa	1058	7803	replicate-1
pa	1059	7818	replicate-1
pa	1060	7762	replicate-1
pa	1061	7728	replicate-1
pa	1062	7746	replicate-1
pa	1063	7705	replicate-1
pa	1064	7671	replicate-1
pa	1065	7776	replicate-1
pa	1066	6817	replicate-1
pa	1067	6809	replicate-1
pa	1068	6781	replicate-1
pa	1069	6787	replicate-1
pa	1070	6776	replicate-1
pa	1071	6726	replicate-1
pa	1072	6678	replicate-1
pa	1073	6618	replicate-1
pa	1074	6320	replicate-1
pa	1075	6291	replicate-1
pa	1076	6217	replicate-1
pa	1077	6213	replicate-1
pa	1078	6234	replicate-1
pa	1079	6202	replicate-1
pa	1080	6220	replicate-1
pa	1081	6194	replicate-1
pa	1082	6163	replicate-1
pa	1083	6142	replicate-1
pa	1084	6096	replicate-1
pa	1085	6111	replicate-1
pa	1086	6072	replicate-1
pa	1087	6060	replicate-1
pa	1088	6021	replicate-1
pa	1089	5979	replicate-1
pa	1090	5970	replicate-1
pa	1091	5943	replicate-1
pa	1092	6023	replicate-1
pa	1093	5964	replicate-1
pa	1094	5927	replicate-1
pa	1095	5901	replicate-1
pa	1096	5870	replicate-1
pa	1097	5845	replicate-1
pa	1098	5835	replicate-1
pa	1099	5822	replicate-1
pa	1100	5820	replicate-1
pa	1101	5734	replicate-1
pa	1102	5642	replicate-1
pa	1103	5589	replicate-1
pa	1104	5678	replicate-1
pa	1105	5635	replicate-1
pa	1106	5565	replicate-1
pa	1107	5605	replicate-1
pa	1108	5500	replicate-1
pa	1109	5461	replicate-1
pa	1110	5370	replicate-1
pa	1111	5345	replicate-1
pa	1112	5357	replicate-1
pa	1113	5105	replicate-1
pa	1114	5140	replicate-1
pa	1115	5157	replicate-1
pa	1116	5096	replicate-1
pa	1117	5494	replicate-1
pa	1118	5382	replicate-1
pa	1119	5417	replicate-1
pa	1120	5406	replicate-1
pa	1121	5347	replicate-1
pa	1122	4979	replicate-1
pa	1123	4989	replicate-1
pa	1124	5045	replicate-1
pa	1125	5064	replicate-1
pa	1126	4221	replicate-1
pa	1127	4231	replicate-1
pa	1128	4039	replicate-1
pa	1129	4047	replicate-1
pa	1130	4070	replicate-1
pa	1131	3940	replicate-1
pa	1132	4057	replicate-1
pa	1133	4004	replicate-1
pa	1134	4022	replicate-1
pa	1135	4281	replicate-1
pa	1136	4300	replicate-1
pa	1137	4280	replicate-1
pa	1138	4296	replicate-1
pa	1139	4249	replicate-1
pa	1140	4399	replicate-1
pa	1141	4284	replicate-1
pa	1142	4308	replicate-1
pa	1143	4328	replicate-1
pa	1144	4145	replicate-1
pa	1145	4137	replicate-1
pa	1146	4125	replicate-1
pa	1147	4175	replicate-1
pa	1148	4224	replicate-1
pa	1149	4149	replicate-1
pa	1150	4162	replicate-1
pa	1151	4142	replicate-1
pa	1152	4118	replicate-1
pa	1153	4141	replicate-1
pa	1154	4132	replicate-1
pa	1155	4119	replicate-1
pa	1156	4162	replicate-1
pa	1157	4183	replicate-1
pa	1158	4211	replicate-1
pa	1159	4242	replicate-1
pa	1160	4212	replicate-1
pa	1161	4215	replicate-1
pa	1162	4253	replicate-1
pa	1163	4327	replicate-1
pa	1164	4364	replicate-1
pa	1165	4345	replicate-1
pa	1166	4338	replicate-1
pa	1167	4324	replicate-1
pa	1168	4327	replicate-1
pa	1169	4309	replicate-1
pa	1170	4348	replicate-1
pa	1171	4375	replicate-1
pa	1172	4313	replicate-1
pa	1173	4438	replicate-1
pa	1174	4465	replicate-1
pa	1175	4601	replicate-1
pa	1176	4587	replicate-1
pa	1177	4578	replicate-1
pa	1178	4565	replicate-1
pa	1179	4551	replicate-1
pa	1180	4647	replicate-1
pa	1181	4640	replicate-1
pa	1182	4545	replicate-1
pa	1183	4561	replicate-1
pa	1184	4487	replicate-1
pa	1185	4493	replicate-1
pa	1186	4520	replicate-1
pa	1187	4533	replicate-1
pa	1188	4522	replicate-1
pa	1189	4488	replicate-1
pa	1190	4794	replicate-1
pa	1191	4790	replicate-1
pa	1192	4801	replicate-1
pa	1193	4808	replicate-1
pa	1194	4821	replicate-1
pa	1195	4887	replicate-1
pa	1196	4870	replicate-1
pa	1197	4883	replicate-1
pa	1198	5172	replicate-1
pa	1199	4954	replicate-1
pa	1200	5573	replicate-1
pa	1201	5613	replicate-1
pa	1202	5666	replicate-1
pa	1203	5838	replicate-1
pa	1204	5827	replicate-1
pa	1205	5863	replicate-1
pa	1206	5858	replicate-1
pa	1207	5655	replicate-1
pa	1208	5678	replicate-1
pa	1209	5597	replicate-1
pa	1210	5584	replicate-1
pa	1211	5577	replicate-1
pa	1212	5513	replicate-1
pa	1213	5542	replicate-1
pa	1214	5582	replicate-1
pa	1215	5678	replicate-1
pa	1216	5707	replicate-1
pa	1217	5694	replicate-1
pa	1218	5648	replicate-1
pa	1219	5704	replicate-1
pa	1220	5745	replicate-1
pa	1221	5871	replicate-1
pa	1222	5921	replicate-1
pa	1223	5848	replicate-1
pa	1224	5813	replicate-1
pa	1225	5789	replicate-1
pa	1226	5799	replicate-1
pa	1227	5783	replicate-1
pa	1228	5768	replicate-1
pa	1229	5686	replicate-1
pa	1230	5647	replicate-1
pa	1231	5707	replicate-1
pa	1232	5703	replicate-1
pa	1233	5740	replicate-1
pa	1234	5756	replicate-1
pa	1235	5764	replicate-1
pa	1236	5752	replicate-1
pa	1237	5778	replicate-1
pa	1238	5848	replicate-1
pa	1239	5864	replicate-1
pa	1240	5826	replicate-1
pa	1241	5856	replicate-1
pa	1242	5961	replicate-1
pa	1243	5999	replicate-1
pa	1244	6011	replicate-1
pa	1245	6023	replicate-1
pa	1246	6010	replicate-1
pa	1247	5914	replicate-1
pa	1248	6011	replicate-1
pa	1249	6070	replicate-1
pa	1250	6074	replicate-1
pa	1251	5949	replicate-1
pa	1252	6056	replicate-1
pa	1253	6040	replicate-1
pa	1254	6087	replicate-1
pa	1255	6083	replicate-1
pa	1256	6090	replicate-1
pa	1257	6588	replicate-1
pa	1258	6527	replicate-1
pa	1259	6536	replicate-1
pa	1260	6542	replicate-1
pa	1261	6446	replicate-1
pa	1262	6488	replicate-1
pa	1263	6572	replicate-1
pa	1264	6633	replicate-1
pa	1265	6671	replicate-1
pa	1266	6343	replicate-1
pa	1267	6356	replicate-1
pa	1268	6389	replicate-1
pa	1269	6416	replicate-1
pa	1270	6591	replicate-1
pa	1271	6588	replicate-1
pa	1272	6444	replicate-1
pa	1273	6433	replicate-1
pa	1274	6471	replicate-1
pa	1275	6555	replicate-1
pa	1276	6474	replicate-1
pa	1277	6500	replicate-1
pa	1278	6418	replicate-1
pa	1279	6417	replicate-1
pa	1280	6575	replicate-1
pa	1281	6599	replicate-1
pa	1282	6596	replicate-1
pa	1283	6609	replicate-1
pa	1284	6646	replicate-1
pa	1285	6686	replicate-1
pa	1286	6698	replicate-1
pa	1287	6699	replicate-1
pa	1288	6648	replicate-1
pa	1289	6965	replicate-1
pa	1290	7038	replicate-1
pa	1291	7071	replicate-1
pa	1292	7068	replicate-1
pa	1293	6973	replicate-1
pa	1294	7219	replicate-1
pa	1295	7184	replicate-1
pa	1296	7160	replicate-1
pa	1297	7184	replicate-1
pa	1298	6910	replicate-1
pa	1299	7140	replicate-1
pa	1300	7166	replicate-1
pa	1301	7191	replicate-1
pa	1302	7200	replicate-1
pa	1303	7111	replicate-1
pa	1304	7391	replicate-1
pa	1305	7381	replicate-1
pa	1306	7381	replicate-1
pa	1307	7404	replicate-1
pa	1308	7148	replicate-1
pa	1309	7298	replicate-1
pa	1310	7372	replicate-1
pa	1311	7449	replicate-1
pa	1312	7469	replicate-1
pa	1313	7253	replicate-1
pa	1314	7246	replicate-1
pa	1315	7291	replicate-1
pa	1316	7599	replicate-1
pa	1317	7622	replicate-1
pa	1318	7586	replicate-1
pa	1319	7581	replicate-1
pa	1320	7613	replicate-1
pa	1321	7697	replicate-1
pa	1322	7705	replicate-1
pa	1323	7702	replicate-1
pa	1324	7710	replicate-1
pa	1325	7544	replicate-1
pa	1326	7664	replicate-1
pa	1327	7864	replicate-1
pa	1328	7860	replicate-1
pa	1329	7867	replicate-1
pa	1330	7890	replicate-1
pa	1331	7841	replicate-1
pa	1332	7825	replicate-1
pa	1333	7902	replicate-1
pa	1334	7836	replicate-1
pa	1335	7947	replicate-1
pa	1336	7803	replicate-1
pa	1337	7880	replicate-1
pa	1338	7884	replicate-1
pa	1339	7957	replicate-1
pa	1340	7915	replicate-1
pa	1341	7913	replicate-1
pa	1342	7870	replicate-1
pa	1343	7946	replicate-1
pa	1344	7976	replicate-1
pa	1345	7954	replicate-1
pa	1346	7905	replicate-1
pa	1347	7945	replicate-1
pa	1348	7903	replicate-1
pa	1349	7913	replicate-1
pa	1350	7940	replicate-1
pa	1351	7846	replicate-1
pa	1352	7774	replicate-1
pa	1353	7925	replicate-1
pa	1354	7926	replicate-1
pa	1355	7917	replicate-1
pa	1356	7991	replicate-1
pa	1357	7974	replicate-1
pa	1358	7966	replicate-1
pa	1359	7950	replicate-1
pa	1360	7945	replicate-1
pa	1361	7959	replicate-1
pa	1362	7861	replicate-1
pa	1363	7762	replicate-1
pa	1364	7982	replicate-1
pa	1365	7851	replicate-1
pa	1366	7953	replicate-1
pa	1367	7923	replicate-1
pa	1368	7867	replicate-1
pa	1369	7951	replicate-1
pa	1370	7855	replicate-1
pa	1371	7823	replicate-1
pa	1372	7854	replicate-1
pa	1373	7265	replicate-1
pa	1374	7503	replicate-1
pa	1375	7463	replicate-1
pa	1376	7490	replicate-1
pa	1377	7515	replicate-1
pa	1378	7457	replicate-1
pa	1379	7454	replicate-1
pa	1380	7554	replicate-1
pa	1381	7499	replicate-1
pa	1382	7504	replicate-1
pa	1383	7393	replicate-1
pa	1384	7256	replicate-1
pa	1385	7271	replicate-1
pa	1386	7252	replicate-1
pa	1387	7267	replicate-1
pa	1388	7261	replicate-1
pa	1389	7186	replicate-1
pa	1390	7350	replicate-1
pa	1391	7443	replicate-1
pa	1392	7419	replicate-1
pa	1393	7423	replicate-1
pa	1394	7378	replicate-1
pa	1395	7419	replicate-1
pa	1396	7393	replicate-1
pa	1397	7433	replicate-1
pa	1398	7505	replicate-1
pa	1399	7165	replicate-1
pa	1400	7357	replicate-1
pa	1401	7295	replicate-1
pa	1402	7379	replicate-1
pa	1403	7450	replicate-1
pa	1404	7427	replicate-1
pa	1405	7380	replicate-1
pa	1406	7269	replicate-1
pa	1407	7145	replicate-1
pa	1408	7122	replicate-1
pa	1409	6990	replicate-1
pa	1410	7096	replicate-1
pa	1411	7181	replicate-1
pa	1412	7031	replicate-1
pa	1413	7089	replicate-1
pa	1414	7066	replicate-1
pa	1415	7954	replicate-1
pa	1416	8774	replicate-1
pa	1417	8777	replicate-1
pa	1418	8823	replicate-1
pa	1419	8889	replicate-1
pa	1420	8867	replicate-1
pa	1421	9301	replicate-1
pa	1422	9274	replicate-1
pa	1423	9272	replicate-1
pa	1424	9287	replicate-1
pa	1425	8133	replicate-1
pa	1426	8451	replicate-1
pa	1427	8466	replicate-1
pa	1428	8326	replicate-1
pa	1429	8371	replicate-1
pa	1430	8113	replicate-1
pa	1431	8420	replicate-1
pa	1432	8466	replicate-1
pa	1433	8479	replicate-1
pa	1434	8607	replicate-1
pa	1435	8415	replicate-1
pa	1436	8499	replicate-1
pa	1437	8514	replicate-1
pa	1438	8507	replicate-1
pa	1439	8520	replicate-1
pa	1440	8377	replicate-1
pa	1441	8389	replicate-1
pa	1442	8396	replicate-1
pa	1443	8393	replicate-1
pa	1444	8356	replicate-1
pa	1445	8340	replicate-1
pa	1446	8278	replicate-1
pa	1447	8289	replicate-1
pa	1448	8257	replicate-1
pa	1449	8237	replicate-1
pa	1450	8459	replicate-1
pa	1451	8451	replicate-1
pa	1452	8452	replicate-1
pa	1453	8471	replicate-1
pa	1454	8485	replicate-1
pa	1455	8521	replicate-1
pa	1456	8575	replicate-1
pa	1457	8579	replicate-1
pa	1458	8570	replicate-1
pa	1459	8353	replicate-1
pa	1460	8495	replicate-1
pa	1461	8508	replicate-1
pa	1462	8540	replicate-1
pa	1463	8569	replicate-1
pa	1464	8530	replicate-1
pa	1465	8469	replicate-1
pa	1466	8427	replicate-1
pa	1467	8454	replicate-1
pa	1468	8453	replicate-1
pa	1469	8285	replicate-1
pa	1470	8315	replicate-1
pa	1471	8281	replicate-1
pa	1472	8409	replicate-1
pa	1473	8438	replicate-1
pa	1474	8450	replicate-1
pa	1475	8424	replicate-1
pa	1476	8406	replicate-1
pa	1477	8419	replicate-1
pa	1478	8440	replicate-1
pa	1479	8437	replicate-1
pa	1480	8421	replicate-1
pa	1481	8235	replicate-1
pa	1482	8273	replicate-1
pa	1483	8565	replicate-1
pa	1484	8739	replicate-1
pa	1485	8711	replicate-1
pa	1486	8620	replicate-1
pa	1487	8537	replicate-1
pa	1488	8673	replicate-1
pa	1489	8666	replicate-1
pa	1490	8644	replicate-1
pa	1491	8620	replicate-1
pa	1492	8052	replicate-1
pa	1493	8064	replicate-1
pa	1494	8067	replicate-1
pa	1495	8100	replicate-1
pa	1496	8138	replicate-1
pa	1497	7973	replicate-1
pa	1498	7974	replicate-1
pa	1499	7988	replicate-1
pa	1500	7974	replicate-1
pa	1501	8024	replicate-1
pa	1502	7895	replicate-1
pa	1503	7808	replicate-1
pa	1504	7787	replicate-1
pa	1505	7791	replicate-1
pa	1506	7762	replicate-1
pa	1507	7623	replicate-1
pa	1508	7631	replicate-1
pa	1509	7634	replicate-1
pa	1510	7617	replicate-1
pa	1511	7569	replicate-1
pa	1512	7593	replicate-1
pa	1513	7596	replicate-1
pa	1514	7688	replicate-1
pa	1515	7636	replicate-1
pa	1516	7599	replicate-1
pa	1517	7590	replicate-1
pa	1518	7504	replicate-1
pa	1519	7548	replicate-1
pa	1520	7473	replicate-1
pa	1521	7672	replicate-1
pa	1522	7730	replicate-1
pa	1523	7556	replicate-1
pa	1524	7807	replicate-1
pa	1525	7795	replicate-1
pa	1526	7751	replicate-1
pa	1527	7743	replicate-1
pa	1528	7683	replicate-1
pa	1529	7752	replicate-1
pa	1530	7778	replicate-1
pa	1531	7491	replicate-1
pa	1532	7477	replicate-1
pa	1533	7318	replicate-1
pa	1534	7324	replicate-1
pa	1535	7656	replicate-1
pa	1536	7699	replicate-1
pa	1537	7693	replicate-1
pa	1538	7600	replicate-1
pa	1539	7449	replicate-1
pa	1540	7508	replicate-1
pa	1541	7506	replicate-1
pa	1542	7592	replicate-1
pa	1543	7471	replicate-1
pa	1544	7413	replicate-1
pa	1545	7281	replicate-1
pa	1546	7205	replicate-1
pa	1547	7301	replicate-1
pa	1548	7434	replicate-1
pa	1549	7394	replicate-1
pa	1550	7430	replicate-1
pa	1551	7446	replicate-1
pa	1552	7551	replicate-1
pa	1553	7560	replicate-1
pa	1554	7582	replicate-1
pa	1555	7561	replicate-1
pa	1556	7467	replicate-1
pa	1557	7423	replicate-1
pa	1558	7369	replicate-1
pa	1559	7363	replicate-1
pa	1560	7638	replicate-1
pa	1561	7450	replicate-1
pa	1562	7491	replicate-1
pa	1563	7471	replicate-1
pa	1564	7498	replicate-1
pa	1565	7781	replicate-1
pa	1566	7693	replicate-1
pa	1567	7644	replicate-1
pa	1568	7682	replicate-1
pa	1569	7423	replicate-1
pa	1570	7418	replicate-1
pa	1571	7388	replicate-1
pa	1572	7336	replicate-1
pa	1573	7472	replicate-1
pa	1574	7214	replicate-1
pa	1575	7364	replicate-1
pa	1576	7507	replicate-1
pa	1577	7499	replicate-1
pa	1578	7466	replicate-1
pa	1579	7503	replicate-1
pa	1580	7588	replicate-1
pa	1581	7683	replicate-1
pa	1582	7559	replicate-1
pa	1583	7555	replicate-1
pa	1584	7467	replicate-1
pa	1585	7482	replicate-1
pa	1586	7476	replicate-1
pa	1587	7458	replicate-1
pa	1588	7537	replicate-1
pa	1589	7653	replicate-1
pa	1590	7607	replicate-1
pa	1591	7586	replicate-1
pa	1592	7584	replicate-1
pa	1593	7586	replicate-1
pa	1594	7761	replicate-1
pa	1595	7789	replicate-1
pa	1596	7839	replicate-1
pa	1597	7766	replicate-1
pa	1598	7748	replicate-1
pa	1599	7896	replicate-1
pa	1600	8022	replicate-1
pa	1601	8059	replicate-1
pa	1602	8061	replicate-1
pa	1603	8061	replicate-1
pa	1604	7929	replicate-1
pa	1605	7961	replicate-1
pa	1606	7913	replicate-1
pa	1607	7937	replicate-1
pa	1608	7870	replicate-1
pa	1609	7844	replicate-1
pa	1610	8160	replicate-1
pa	1611	8174	replicate-1
pa	1612	8191	replicate-1
pa	1613	8177	replicate-1
pa	1614	8138	replicate-1
pa	1615	8139	replicate-1
pa	1616	8288	replicate-1
pa	1617	8317	replicate-1
pa	1618	8306	replicate-1
pa	1619	8053	replicate-1
pa	1620	8070	replicate-1
pa	1621	8167	replicate-1
pa	1622	8153	replicate-1
pa	1623	8126	replicate-1
pa	1624	8180	replicate-1
pa	1625	7980	replicate-1
pa	1626	7968	replicate-1
pa	1627	7990	replicate-1
pa	1628	7980	replicate-1
pa	1629	8035	replicate-1
pa	1630	7901	replicate-1
pa	1631	8017	replicate-1
pa	1632	8057	replicate-1
pa	1633	7921	replicate-1
pa	1634	7975	replicate-1
pa	1635	7982	replicate-1
pa	1636	8170	replicate-1
pa	1637	8136	replicate-1
pa	1638	8039	replicate-1
pa	1639	8099	replicate-1
pa	1640	7921	replicate-1
pa	1641	8055	replicate-1
pa	1642	8004	replicate-1
pa	1643	7930	replicate-1
pa	1644	7924	replicate-1
pa	1645	7782	replicate-1
pa	1646	7852	replicate-1
pa	1647	7817	replicate-1
pa	1648	7857	replicate-1
pa	1649	8132	replicate-1
pa	1650	8063	replicate-1
pa	1651	8187	replicate-1
pa	1652	8203	replicate-1
pa	1653	8209	replicate-1
pa	1654	8242	replicate-1
pa	1655	8194	replicate-1
pa	1656	8190	replicate-1
pa	1657	8266	replicate-1
pa	1658	7959	replicate-1
pa	1659	8005	replicate-1
pa	1660	8008	replicate-1
pa	1661	8069	replicate-1
pa	1662	8079	replicate-1
pa	1663	8074	replicate-1
pa	1664	8208	replicate-1
pa	1665	8178	replicate-1
pa	1666	8147	replicate-1
pa	1667	8155	replicate-1
pa	1668	8151	replicate-1
pa	1669	8466	replicate-1
pa	1670	8359	replicate-1
pa	1671	8528	replicate-1
pa	1672	8484	replicate-1
pa	1673	8364	replicate-1
pa	1674	8373	replicate-1
pa	1675	8321	replicate-1
pa	1676	8392	replicate-1
pa	1677	8425	replicate-1
pa	1678	7975	replicate-1
pa	1679	8081	replicate-1
pa	1680	7985	replicate-1
pa	1681	8264	replicate-1
pa	1682	8379	replicate-1
pa	1683	8345	replicate-1
pa	1684	8336	replicate-1
pa	1685	8232	replicate-1
pa	1686	8161	replicate-1
pa	1687	8243	replicate-1
pa	1688	8106	replicate-1
pa	1689	8079	replicate-1
pa	1690	7859	replicate-1
pa	1691	7647	replicate-1
pa	1692	7750	replicate-1
pa	1693	7941	replicate-1
pa	1694	7958	replicate-1
pa	1695	8081	replicate-1
pa	1696	7979	replicate-1
pa	1697	7926	replicate-1
pa	1698	7908	replicate-1
pa	1699	7907	replicate-1
pa	1700	7948	replicate-1
pa	1701	7957	replicate-1
pa	1702	7787	replicate-1
pa	1703	7782	replicate-1
pa	1704	7678	replicate-1
pa	1705	7770	replicate-1
pa	1706	7793	replicate-1
pa	1707	7901	replicate-1
pa	1708	7924	replicate-1
pa	1709	7948	replicate-1
pa	1710	7994	replicate-1
pa	1711	7944	replicate-1
pa	1712	7840	replicate-1
pa	1713	7916	replicate-1
pa	1714	7795	replicate-1
pa	1715	7940	replicate-1
pa	1716	7977	replicate-1
pa	1717	8005	replicate-1
pa	1718	7884	replicate-1
pa	1719	7776	replicate-1
pa	1720	7722	replicate-1
pa	1721	7720	replicate-1
pa	1722	7694	replicate-1
pa	1723	7614	replicate-1
pa	1724	7544	replicate-1
pa	1725	7220	replicate-1
pa	1726	7037	replicate-1
pa	1727	6985	replicate-1
pa	1728	7008	replicate-1
pa	1729	7009	replicate-1
pa	1730	7018	replicate-1
pa	1731	6942	replicate-1
pa	1732	6909	replicate-1
pa	1733	6917	replicate-1
pa	1734	6874	replicate-1
pa	1735	6980	replicate-1
pa	1736	6980	replicate-1
pa	1737	6980	replicate-1
pa	1738	6975	replicate-1
pa	1739	6937	replicate-1
pa	1740	6925	replicate-1
pa	1741	6956	replicate-1
pa	1742	6965	replicate-1
pa	1743	6953	replicate-1
pa	1744	6893	replicate-1
pa	1745	6916	replicate-1
pa	1746	6946	replicate-1
pa	1747	6969	replicate-1
pa	1748	6971	replicate-1
pa	1749	7120	replicate-1
pa	1750	7080	replicate-1
pa	1751	7038	replicate-1
pa	1752	7029	replicate-1
pa	1753	7046	replicate-1
pa	1754	7071	replicate-1
pa	1755	7164	replicate-1
pa	1756	7155	replicate-1
pa	1757	7351	replicate-1
pa	1758	7102	replicate-1
pa	1759	7125	replicate-1
pa	1760	7106	replicate-1
pa	1761	7090	replicate-1
pa	1762	7293	replicate-1
pa	1763	7056	replicate-1
pa	1764	6973	replicate-1
pa	1765	6856	replicate-1
pa	1766	6532	replicate-1
pa	1767	6524	replicate-1
pa	1768	6442	replicate-1
pa	1769	6485	replicate-1
pa	1770	6485	replicate-1
pa	1771	6216	replicate-1
pa	1772	6179	replicate-1
pa	1773	6128	replicate-1
pa	1774	6116	replicate-1
pa	1775	6251	replicate-1
pa	1776	6235	replicate-1
pa	1777	6203	replicate-1
pa	1778	6151	replicate-1
pa	1779	6200	replicate-1
pa	1780	6337	replicate-1
pa	1781	6339	replicate-1
pa	1782	6346	replicate-1
pa	1783	6333	replicate-1
pa	1784	6097	replicate-1
pa	1785	6079	replicate-1
pa	1786	6053	replicate-1
pa	1787	6495	replicate-1
pa	1788	6445	replicate-1
pa	1789	6359	replicate-1
pa	1790	6356	replicate-1
pa	1791	6388	replicate-1
pa	1792	6391	replicate-1
pa	1793	6364	replicate-1
pa	1794	6346	replicate-1
pa	1795	6341	replicate-1
pa	1796	5609	replicate-1
pa	1797	5667	replicate-1
pa	1798	5527	replicate-1
pa	1799	5558	replicate-1
pa	1800	5519	replicate-1
pa	1801	5525	replicate-1
pa	1802	5509	replicate-1
pa	1803	5528	replicate-1
pa	1804	5506	replicate-1
pa	1805	5538	replicate-1
pa	1806	5512	replicate-1
pa	1807	5383	replicate-1
pa	1808	5372	replicate-1
pa	1809	5469	replicate-1
pa	1810	5442	replicate-1
pa	1811	5437	replicate-1
pa	1812	5353	replicate-1
pa	1813	5361	replicate-1
pa	1814	5199	replicate-1
pa	1815	5240	replicate-1
pa	1816	5265	replicate-1
pa	1817	5259	replicate-1
pa	1818	5111	replicate-1
pa	1819	5067	replicate-1
pa	1820	5074	replicate-1
pa	1821	5213	replicate-1
pa	1822	5200	replicate-1
pa	1823	5241	replicate-1
pa	1824	5193	replicate-1
pa	1825	5256	replicate-1
pa	1826	5314	replicate-1
pa	1827	5315	replicate-1
pa	1828	5429	replicate-1
pa	1829	5401	replicate-1
pa	1830	5208	replicate-1
pa	1831	5171	replicate-1
pa	1832	5141	replicate-1
pa	1833	5095	replicate-1
pa	1834	5217	replicate-1
pa	1835	5117	replicate-1
pa	1836	5080	replicate-1
pa	1837	4950	replicate-1
pa	1838	4953	replicate-1
pa	1839	4994	replicate-1
pa	1840	5055	replicate-1
pa	1841	5046	replicate-1
pa	1842	5079	replicate-1
pa	1843	4901	replicate-1
pa	1844	4941	replicate-1
pa	1845	4957	replicate-1
pa	1846	4951	replicate-1
pa	1847	5006	replicate-1
pa	1848	4976	replicate-1
pa	1849	4939	replicate-1
pa	1850	4958	replicate-1
pa	1851	4958	replicate-1
pa	1852	4993	replicate-1
pa	1853	4947	replicate-1
pa	1854	4945	replicate-1
pa	1855	4960	replicate-1
pa	1856	4900	replicate-1
pa	1857	4906	replicate-1
pa	1858	4927	replicate-1
pa	1859	4924	replicate-1
pa	1860	4925	replicate-1
pa	1861	4930	replicate-1
pa	1862	4893	replicate-1
pa	1863	4915	replicate-1
pa	1864	4917	replicate-1
pa	1865	4907	replicate-1
pa	1866	4938	replicate-1
pa	1867	4910	replicate-1
pa	1868	5037	replicate-1
pa	1869	5179	replicate-1
pa	1870	5214	replicate-1
pa	1871	5254	replicate-1
pa	1872	5248	replicate-1
pa	1873	5272	replicate-1
pa	1874	5271	replicate-1
pa	1875	5192	replicate-1
pa	1876	5193	replicate-1
pa	1877	5103	replicate-1
pa	1878	5087	replicate-1
pa	1879	5021	replicate-1
pa	1880	5057	replicate-1
pa	1881	5113	replicate-1
pa	1882	5132	replicate-1
pa	1883	5270	replicate-1
pa	1884	5267	replicate-1
pa	1885	5354	replicate-1
pa	1886	5382	replicate-1
pa	1887	5403	replicate-1
pa	1888	5451	replicate-1
pa	1889	5488	replicate-1
pa	1890	5446	replicate-1
pa	1891	5500	replicate-1
pa	1892	5330	replicate-1
pa	1893	5396	replicate-1
pa	1894	5361	replicate-1
pa	1895	5433	replicate-1
pa	1896	5664	replicate-1
pa	1897	5655	replicate-1
pa	1898	5656	replicate-1
pa	1899	5628	replicate-1
pa	1900	5615	replicate-1
pa	1901	5696	replicate-1
pa	1902	5642	replicate-1
pa	1903	5804	replicate-1
pa	1904	5904	replicate-1
pa	1905	5806	replicate-1
pa	1906	6022	replicate-1
pa	1907	6031	replicate-1
pa	1908	6015	replicate-1
pa	1909	6067	replicate-1
pa	1910	6024	replicate-1
pa	1911	6078	replicate-1
pa	1912	6017	replicate-1
pa	1913	5854	replicate-1
pa	1914	5771	replicate-1
pa	1915	5695	replicate-1
pa	1916	5735	replicate-1
pa	1917	5756	replicate-1
pa	1918	5727	replicate-1
pa	1919	5783	replicate-1
pa	1920	5769	replicate-1
pa	1921	5738	replicate-1
pa	1922	5828	replicate-1
pa	1923	5840	replicate-1
pa	1924	5894	replicate-1
pa	1925	5903	replicate-1
pa	1926	5938	replicate-1
pa	1927	5954	replicate-1
pa	1928	5939	replicate-1
pa	1929	5890	replicate-1
pa	1930	6168	replicate-1
pa	1931	6112	replicate-1
pa	1932	6509	replicate-1
pa	1933	6478	replicate-1
pa	1934	6516	replicate-1
pa	1935	6506	replicate-1
pa	1936	6468	replicate-1
pa	1937	6487	replicate-1
pa	1938	6467	replicate-1
pa	1939	6312	replicate-1
pa	1940	6340	replicate-1
pa	1941	6166	replicate-1
pa	1942	6172	replicate-1
pa	1943	6152	replicate-1
pa	1944	6163	replicate-1
pa	1945	6164	replicate-1
pa	1946	6132	replicate-1
pa	1947	6230	replicate-1
pa	1948	6231	replicate-1
pa	1949	6273	replicate-1
pa	1950	6260	replicate-1
pa	1951	6276	replicate-1
pa	1952	6330	replicate-1
pa	1953	6331	replicate-1
pa	1954	6351	replicate-1
pa	1955	6342	replicate-1
pa	1956	6194	replicate-1
pa	1957	6337	replicate-1
pa	1958	6342	replicate-1
pa	1959	6460	replicate-1
pa	1960	6452	replicate-1
pa	1961	6460	replicate-1
pa	1962	6546	replicate-1
pa	1963	6521	replicate-1
pa	1964	6529	replicate-1
pa	1965	6541	replicate-1
pa	1966	6434	replicate-1
pa	1967	8245	replicate-1
pa	1968	8232	replicate-1
pa	1969	8478	replicate-1
pa	1970	8493	replicate-1
pa	1971	8770	replicate-1
pa	1972	8783	replicate-1
pa	1973	8865	replicate-1
pa	1974	8882	replicate-1
pa	1975	8866	replicate-1
pa	1976	7798	replicate-1
pa	1977	7616	replicate-1
pa	1978	7522	replicate-1
pa	1979	7579	replicate-1
pa	1980	7620	replicate-1
pa	1981	7619	replicate-1
pa	1982	7594	replicate-1
pa	1983	7577	replicate-1
pa	1984	7635	replicate-1
pa	1985	7634	replicate-1
pa	1986	7725	replicate-1
pa	1987	7762	replicate-1
pa	1988	7728	replicate-1
pa	1989	7633	replicate-1
pa	1990	7643	replicate-1
pa	1991	7658	replicate-1
pa	1992	7689	replicate-1
pa	1993	7651	replicate-1
pa	1994	7711	replicate-1
pa	1995	7721	replicate-1
pa	1996	7701	replicate-1
pa	1997	7762	replicate-1
pa	1998	7768	replicate-1
pa	1999	7780	replicate-1
pa	2000	7824	replicate-1
pa	2001	7802	replicate-1
pa	2002	7813	replicate-1
pa	2003	7833	replicate-1
pa	2004	7767	replicate-1
pa	2005	7838	replicate-1
pa	2006	7811	replicate-1
pa	2007	7872	replicate-1
pa	2008	7873	replicate-1
pa	2009	7888	replicate-1
pa	2010	7904	replicate-1
pa	2011	7926	replicate-1
pa	2012	7942	replicate-1
pa	2013	7985	replicate-1
pa	2014	7948	replicate-1
pa	2015	7944	replicate-1
pa	2016	7853	replicate-1
pa	2017	7886	replicate-1
pa	2018	7873	replicate-1
pa	2019	7961	replicate-1
pa	2020	7949	replicate-1
pa	2021	7935	replicate-1
pa	2022	7962	replicate-1
pa	2023	7990	replicate-1
pa	2024	8092	replicate-1
pa	2025	8136	replicate-1
pa	2026	8102	replicate-1
pa	2027	8163	replicate-1
pa	2028	8087	replicate-1
pa	2029	8412	replicate-1
pa	2030	8389	replicate-1
pa	2031	8404	replicate-1
pa	2032	8424	replicate-1
pa	2033	8295	replicate-1
pa	2034	8344	replicate-1
pa	2035	8380	replicate-1
pa	2036	8395	replicate-1
pa	2037	8356	replicate-1
pa	2038	8719	replicate-1
pa	2039	8563	replicate-1
pa	2040	8571	replicate-1
pa	2041	8580	replicate-1
pa	2042	8630	replicate-1
pa	2043	8600	replicate-1
pa	2044	8588	replicate-1
pa	2045	8464	replicate-1
pa	2046	8448	replicate-1
pa	2047	7903	replicate-1
pa	2048	8160	replicate-1
pa	2049	8213	replicate-1
pa	2050	8186	replicate-1
pa	2051	8139	replicate-1
pa	2052	8121	replicate-1
pa	2053	8142	replicate-1
pa	2054	8045	replicate-1
pa	2055	8077	replicate-1
pa	2056	8197	replicate-1
pa	2057	7946	replicate-1
pa	2058	7856	replicate-1
pa	2059	7870	replicate-1
pa	2060	7878	replicate-1
pa	2061	7816	replicate-1
pa	2062	7783	replicate-1
pa	2063	7813	replicate-1
pa	2064	7746	replicate-1
pa	2065	7684	replicate-1
pa	2066	7751	replicate-1
pa	2067	7814	replicate-1
pa	2068	7817	replicate-1
pa	2069	8052	replicate-1
pa	2070	8063	replicate-1
pa	2071	8114	replicate-1
pa	2072	8128	replicate-1
pa	2073	8113	replicate-1
pa	2074	8127	replicate-1
pa	2075	8140	replicate-1
pa	2076	8126	replicate-1
pa	2077	8312	replicate-1
pa	2078	8153	replicate-1
pa	2079	8259	replicate-1
pa	2080	8236	replicate-1
pa	2081	8166	replicate-1
pa	2082	8664	replicate-1
pa	2083	8706	replicate-1
pa	2084	8711	replicate-1
pa	2085	8725	replicate-1
pa	2086	8413	replicate-1
pa	2087	8358	replicate-1
pa	2088	8171	replicate-1
pa	2089	8222	replicate-1
pa	2090	8474	replicate-1
pa	2091	8110	replicate-1
pa	2092	8507	replicate-1
pa	2093	8537	replicate-1
pa	2094	8562	replicate-1
pa	2095	8623	replicate-1
pa	2096	8562	replicate-1
pa	2097	8572	replicate-1
pa	2098	8578	replicate-1
pa	2099	8219	replicate-1
pa	2100	8349	replicate-1
pa	2101	8010	replicate-1
pa	2102	8094	replicate-1
pa	2103	8101	replicate-1
pa	2104	8094	replicate-1
pa	2105	8096	replicate-1
pa	2106	8312	replicate-1
pa	2107	8347	replicate-1
pa	2108	8387	replicate-1
pa	2109	8192	replicate-1
pa	2110	8167	replicate-1
pa	2111	8172	replicate-1
pa	2112	8167	replicate-1
pa	2113	8178	replicate-1
pa	2114	8156	replicate-1
pa	2115	8070	replicate-1
pa	2116	8052	replicate-1
pa	2117	7854	replicate-1
pa	2118	7828	replicate-1
pa	2119	7797	replicate-1
pa	2120	7865	replicate-1
pa	2121	7914	replicate-1
pa	2122	7997	replicate-1
pa	2123	7966	replicate-1
pa	2124	7895	replicate-1
pa	2125	8048	replicate-1
pa	2126	8079	replicate-1
pa	2127	8319	replicate-1
pa	2128	8320	replicate-1
pa	2129	8286	replicate-1
pa	2130	8282	replicate-1
pa	2131	8177	replicate-1
pa	2132	8232	replicate-1
pa	2133	8236	replicate-1
pa	2134	8261	replicate-1
pa	2135	8236	replicate-1
pa	2136	7967	replicate-1
pa	2137	8025	replicate-1
pa	2138	8045	replicate-1
pa	2139	8035	replicate-1
pa	2140	8076	replicate-1
pa	2141	8075	replicate-1
pa	2142	8168	replicate-1
pa	2143	8164	replicate-1
pa	2144	8165	replicate-1
pa	2145	8206	replicate-1
pa	2146	8083	replicate-1
pa	2147	8104	replicate-1
pa	2148	8099	replicate-1
pa	2149	8070	replicate-1
pa	2150	8080	replicate-1
pa	2151	7914	replicate-1
pa	2152	7923	replicate-1
pa	2153	7984	replicate-1
pa	2154	8036	replicate-1
pa	2155	8016	replicate-1
pa	2156	7981	replicate-1
pa	2157	7976	replicate-1
pa	2158	7947	replicate-1
pa	2159	7981	replicate-1
pa	2160	7892	replicate-1
pa	2161	7865	replicate-1
pa	2162	7778	replicate-1
pa	2163	7700	replicate-1
pa	2164	7671	replicate-1
pa	2165	7691	replicate-1
pa	2166	7602	replicate-1
pa	2167	7658	replicate-1
pa	2168	7497	replicate-1
pa	2169	7558	replicate-1
pa	2170	7476	replicate-1
pa	2171	7432	replicate-1
pa	2172	7388	replicate-1
pa	2173	7302	replicate-1
pa	2174	6971	replicate-1
pa	2175	6960	replicate-1
pa	2176	6712	replicate-1
pa	2177	6517	replicate-1
pa	2178	6261	replicate-1
pa	2179	6075	replicate-1
pa	2180	6064	replicate-1
pa	2181	6058	replicate-1
pa	2182	6037	replicate-1
pa	2183	5865	replicate-1
pa	2184	5782	replicate-1
pa	2185	5755	replicate-1
pa	2186	5737	replicate-1
pa	2187	5678	replicate-1
pa	2188	5624	replicate-1
pa	2189	5610	replicate-1
pa	2190	5599	replicate-1
pa	2191	5551	replicate-1
pa	2192	5519	replicate-1
pa	2193	5279	replicate-1
pa	2194	5177	replicate-1
pa	2195	5135	replicate-1
pa	2196	5072	replicate-1
pa	2197	5037	replicate-1
pa	2198	4757	replicate-1
pa	2199	4742	replicate-1
pa	2200	4728	replicate-1
pa	2201	4686	replicate-1
pa	2202	4627	replicate-1
pa	2203	4449	replicate-1
pa	2204	4436	replicate-1
pa	2205	4355	replicate-1
pa	2206	4324	replicate-1
pa	2207	3326	replicate-1
pa	2208	3147	replicate-1
pa	2209	2988	replicate-1
pa	2210	2953	replicate-1
pa	2211	2933	replicate-1
pa	2212	2785	replicate-1
pa	2213	2778	replicate-1
pa	2214	2761	replicate-1
pa	2215	2735	replicate-1
pa	2216	2684	replicate-1
pa	2217	1563	replicate-1
pa	2218	1557	replicate-1
pa	2219	1531	replicate-1
pa	2220	1504	replicate-1
pa	2221	1501	replicate-1
pa	2222	1387	replicate-1
pa	2223	1369	replicate-1
pa	2224	1318	replicate-1
pa	2225	1309	replicate-1
pa	2226	1272	replicate-1
pa	2227	1239	replicate-1
pa	2228	1225	replicate-1
pa	2229	1132	replicate-1
pa	2230	1075	replicate-1
pa	2231	1060	replicate-1
pa	2232	1038	replicate-1
pa	2233	304	replicate-1
ha	1	27	replicate-1
ha	2	31	replicate-1
ha	3	31	replicate-1
ha	4	31	replicate-1
ha	5	34	replicate-1
ha	6	39	replicate-1
ha	7	39	replicate-1
ha	8	39	replicate-1
ha	9	40	replicate-1
ha	10	40	replicate-1
ha	11	43	replicate-1
ha	12	43	replicate-1
ha	13	45	replicate-1
ha	14	46	replicate-1
ha	15	46	replicate-1
ha	16	46	replicate-1
ha	17	47	replicate-1
ha	18	47	replicate-1
ha	19	48	replicate-1
ha	20	48	replicate-1
ha	21	48	replicate-1
ha	22	48	replicate-1
ha	23	61	replicate-1
ha	24	61	replicate-1
ha	25	62	replicate-1
ha	26	62	replicate-1
ha	27	62	replicate-1
ha	28	63	replicate-1
ha	29	65	replicate-1
ha	30	65	replicate-1
ha	31	65	replicate-1
ha	32	65	replicate-1
ha	33	65	replicate-1
ha	34	65	replicate-1
ha	35	65	replicate-1
ha	36	71	replicate-1
ha	37	72	replicate-1
ha	38	72	replicate-1
ha	39	77	replicate-1
ha	40	77	replicate-1
ha	41	90	replicate-1
ha	42	91	replicate-1
ha	43	91	replicate-1
ha	44	91	replicate-1
ha	45	91	replicate-1
ha	46	97	replicate-1
ha	47	97	replicate-1
ha	48	98	replicate-1
ha	49	100	replicate-1
ha	50	106	replicate-1
ha	51	110	replicate-1
ha	52	109	replicate-1
ha	53	110	replicate-1
ha	54	109	replicate-1
ha	55	109	replicate-1
ha	56	111	replicate-1
ha	57	112	replicate-1
ha	58	119	replicate-1
ha	59	120	replicate-1
ha	60	120	replicate-1
ha	61	121	replicate-1
ha	62	121	replicate-1
ha	63	123	replicate-1
ha	64	124	replicate-1
ha	65	124	replicate-1
ha	66	122	replicate-1
ha	67	126	replicate-1
ha	68	133	replicate-1
ha	69	134	replicate-1
ha	70	133	replicate-1
ha	71	133	replicate-1
ha	72	133	replicate-1
ha	73	134	replicate-1
ha	74	134	replicate-1
ha	75	136	replicate-1
ha	76	131	replicate-1
ha	77	131	replicate-1
ha	78	131	replicate-1
ha	79	131	replicate-1
ha	80	131	replicate-1
ha	81	132	replicate-1
ha	82	141	replicate-1
ha	83	141	replicate-1
ha	84	141	replicate-1
ha	85	138	replicate-1
ha	86	139	replicate-1
ha	87	138	replicate-1
ha	88	138	replicate-1
ha	89	138	replicate-1
ha	90	138	replicate-1
ha	91	134	replicate-1
ha	92	135	replicate-1
ha	93	134	replicate-1
ha	94	133	replicate-1
ha	95	133	replicate-1
ha	96	133	replicate-1
ha	97	135	replicate-1
ha	98	135	replicate-1
ha	99	136	replicate-1
ha	100	136	replicate-1
ha	101	136	replicate-1
ha	102	137	replicate-1
ha	103	138	replicate-1
ha	104	138	replicate-1
ha	105	140	replicate-1
ha	106	146	replicate-1
ha	107	135	replicate-1
ha	108	136	replicate-1
ha	109	135	replicate-1
ha	110	135	replicate-1
ha	111	135	replicate-1
ha	112	134	replicate-1
ha	113	133	replicate-1
ha	114	134	replicate-1
ha	115	134	replicate-1
ha	116	139	replicate-1
ha	117	138	replicate-1
ha	118	138	replicate-1
ha	119	138	replicate-1
ha	120	137	replicate-1
ha	121	139	replicate-1
ha	122	138	replicate-1
ha	123	138	replicate-1
ha	124	140	replicate-1
ha	125	140	replicate-1
ha	126	141	replicate-1
ha	127	142	replicate-1
ha	128	141	replicate-1
ha	129	150	replicate-1
ha	130	150	replicate-1
ha	131	149	replicate-1
ha	132	149	replicate-1
ha	133	146	replicate-1
ha	134	142	replicate-1
ha	135	142	replicate-1
ha	136	143	replicate-1
ha	137	143	replicate-1
ha	138	142	replicate-1
ha	139	141	replicate-1
ha	140	138	replicate-1
ha	141	134	replicate-1
ha	142	132	replicate-1
ha	143	129	replicate-1
ha	144	128	replicate-1
ha	145	129	replicate-1
ha	146	127	replicate-1
ha	147	127	replicate-1
ha	148	126	replicate-1
ha	149	126	replicate-1
ha	150	133	replicate-1
ha	151	134	replicate-1
ha	152	136	replicate-1
ha	153	136	replicate-1
ha	154	135	replicate-1
ha	155	136	replicate-1
ha	156	136	replicate-1
ha	157	136	replicate-1
ha	158	136	replicate-1
ha	159	128	replicate-1
ha	160	129	replicate-1
ha	161	132	replicate-1
ha	162	137	replicate-1
ha	163	136	replicate-1
ha	164	132	replicate-1
ha	165	132	replicate-1
ha	166	132	replicate-1
ha	167	132	replicate-1
ha	168	131	replicate-1
ha	169	128	replicate-1
ha	170	125	replicate-1
ha	171	122	replicate-1
ha	172	121	replicate-1
ha	173	120	replicate-1
ha	174	120	replicate-1
ha	175	122	replicate-1
ha	176	121	replicate-1
ha	177	123	replicate-1
ha	178	124	replicate-1
ha	179	127	replicate-1
ha	180	128	replicate-1
ha	181	124	replicate-1
ha	182	120	replicate-1
ha	183	118	replicate-1
ha	184	116	replicate-1
ha	185	115	replicate-1
ha	186	111	replicate-1
ha	187	115	replicate-1
ha	188	115	replicate-1
ha	189	116	replicate-1
ha	190	118	replicate-1
ha	191	118	replicate-1
ha	192	116	replicate-1
ha	193	116	replicate-1
ha	194	116	replicate-1
ha	195	116	replicate-1
ha	196	114	replicate-1
ha	197	114	replicate-1
ha	198	111	replicate-1
ha	199	111	replicate-1
ha	200	112	replicate-1
ha	201	113	replicate-1
ha	202	115	replicate-1
ha	203	122	replicate-1
ha	204	127	replicate-1
ha	205	121	replicate-1
ha	206	122	replicate-1
ha	207	123	replicate-1
ha	208	122	replicate-1
ha	209	124	replicate-1
ha	210	124	replicate-1
ha	211	123	replicate-1
ha	212	118	replicate-1
ha	213	119	replicate-1
ha	214	117	replicate-1
ha	215	118	replicate-1
ha	216	117	replicate-1
ha	217	120	replicate-1
ha	218	120	replicate-1
ha	219	119	replicate-1
ha	220	119	replicate-1
ha	221	117	replicate-1
ha	222	113	replicate-1
ha	223	112	replicate-1
ha	224	112	replicate-1
ha	225	111	replicate-1
ha	226	115	replicate-1
ha	227	115	replicate-1
ha	228	122	replicate-1
ha	229	121	replicate-1
ha	230	120	replicate-1
ha	231	118	replicate-1
ha	232	117	replicate-1
ha	233	120	replicate-1
ha	234	119	replicate-1
ha	235	121	replicate-1
ha	236	121	replicate-1
ha	237	119	replicate-1
ha	238	119	replicate-1
ha	239	116	replicate-1
ha	240	118	replicate-1
ha	241	119	replicate-1
ha	242	120	replicate-1
ha	243	122	replicate-1
ha	244	121	replicate-1
ha	245	126	replicate-1
ha	246	128	replicate-1
ha	247	128	replicate-1
ha	248	128	replicate-1
ha	249	123	replicate-1
ha	250	121	replicate-1
ha	251	127	replicate-1
ha	252	128	replicate-1
ha	253	127	replicate-1
ha	254	127	replicate-1
ha	255	128	replicate-1
ha	256	130	replicate-1
ha	257	129	replicate-1
ha	258	129	replicate-1
ha	259	131	replicate-1
ha	260	131	replicate-1
ha	261	132	replicate-1
ha	262	134	replicate-1
ha	263	134	replicate-1
ha	264	136	replicate-1
ha	265	136	replicate-1
ha	266	134	replicate-1
ha	267	134	replicate-1
ha	268	136	replicate-1
ha	269	136	replicate-1
ha	270	135	replicate-1
ha	271	133	replicate-1
ha	272	134	replicate-1
ha	273	133	replicate-1
ha	274	133	replicate-1
ha	275	132	replicate-1
ha	276	131	replicate-1
ha	277	130	replicate-1
ha	278	130	replicate-1
ha	279	130	replicate-1
ha	280	130	replicate-1
ha	281	130	replicate-1
ha	282	127	replicate-1
ha	283	126	replicate-1
ha	284	125	replicate-1
ha	285	127	replicate-1
ha	286	128	replicate-1
ha	287	129	replicate-1
ha	288	131	replicate-1
ha	289	131	replicate-1
ha	290	130	replicate-1
ha	291	131	replicate-1
ha	292	130	replicate-1
ha	293	131	replicate-1
ha	294	126	replicate-1
ha	295	126	replicate-1
ha	296	126	replicate-1
ha	297	125	replicate-1
ha	298	125	replicate-1
ha	299	125	replicate-1
ha	300	124	replicate-1
ha	301	122	replicate-1
ha	302	118	replicate-1
ha	303	121	replicate-1
ha	304	139	replicate-1
ha	305	140	replicate-1
ha	306	141	replicate-1
ha	307	144	replicate-1
ha	308	142	replicate-1
ha	309	148	replicate-1
ha	310	148	replicate-1
ha	311	151	replicate-1
ha	312	151	replicate-1
ha	313	122	replicate-1
ha	314	122	replicate-1
ha	315	121	replicate-1
ha	316	121	replicate-1
ha	317	121	replicate-1
ha	318	120	replicate-1
ha	319	120	replicate-1
ha	320	117	replicate-1
ha	321	120	replicate-1
ha	322	122	replicate-1
ha	323	122	replicate-1
ha	324	122	replicate-1
ha	325	122	replicate-1
ha	326	122	replicate-1
ha	327	123	replicate-1
ha	328	123	replicate-1
ha	329	123	replicate-1
ha	330	123	replicate-1
ha	331	118	replicate-1
ha	332	123	replicate-1
ha	333	128	replicate-1
ha	334	126	replicate-1
ha	335	126	replicate-1
ha	336	127	replicate-1
ha	337	129	replicate-1
ha	338	130	replicate-1
ha	339	129	replicate-1
ha	340	130	replicate-1
ha	341	128	replicate-1
ha	342	125	replicate-1
ha	343	129	replicate-1
ha	344	128	replicate-1
ha	345	131	replicate-1
ha	346	130	replicate-1
ha	347	131	replicate-1
ha	348	138	replicate-1
ha	349	141	replicate-1
ha	350	140	replicate-1
ha	351	137	replicate-1
ha	352	133	replicate-1
ha	353	136	replicate-1
ha	354	135	replicate-1
ha	355	135	replicate-1
ha	356	129	replicate-1
ha	357	127	replicate-1
ha	358	126	replicate-1
ha	359	126	replicate-1
ha	360	125	replicate-1
ha	361	126	replicate-1
ha	362	126	replicate-1
ha	363	127	replicate-1
ha	364	127	replicate-1
ha	365	131	replicate-1
ha	366	127	replicate-1
ha	367	129	replicate-1
ha	368	127	replicate-1
ha	369	128	replicate-1
ha	370	130	replicate-1
ha	371	133	replicate-1
ha	372	133	replicate-1
ha	373	133	replicate-1
ha	374	134	replicate-1
ha	375	132	replicate-1
ha	376	134	replicate-1
ha	377	136	replicate-1
ha	378	135	replicate-1
ha	379	135	replicate-1
ha	380	135	replicate-1
ha	381	137	replicate-1
ha	382	138	replicate-1
ha	383	134	replicate-1
ha	384	135	replicate-1
ha	385	139	replicate-1
ha	386	135	replicate-1
ha	387	135	replicate-1
ha	388	135	replicate-1
ha	389	136	replicate-1
ha	390	130	replicate-1
ha	391	133	replicate-1
ha	392	129	replicate-1
ha	393	129	replicate-1
ha	394	129	replicate-1
ha	395	126	replicate-1
ha	396	131	replicate-1
ha	397	130	replicate-1
ha	398	129	replicate-1
ha	399	131	replicate-1
ha	400	129	replicate-1
ha	401	129	replicate-1
ha	402	130	replicate-1
ha	403	130	replicate-1
ha	404	131	replicate-1
ha	405	123	replicate-1
ha	406	123	replicate-1
ha	407	123	replicate-1
ha	408	122	replicate-1
ha	409	120	replicate-1
ha	410	122	replicate-1
ha	411	122	replicate-1
ha	412	122	replicate-1
ha	413	121	replicate-1
ha	414	120	replicate-1
ha	415	128	replicate-1
ha	416	129	replicate-1
ha	417	129	replicate-1
ha	418	129	replicate-1
ha	419	128	replicate-1
ha	420	125	replicate-1
ha	421	124	replicate-1
ha	422	125	replicate-1
ha	423	125	replicate-1
ha	424	123	replicate-1
ha	425	123	replicate-1
ha	426	130	replicate-1
ha	427	132	replicate-1
ha	428	133	replicate-1
ha	429	133	replicate-1
ha	430	135	replicate-1
ha	431	135	replicate-1
ha	432	134	replicate-1
ha	433	134	replicate-1
ha	434	132	replicate-1
ha	435	132	replicate-1
ha	436	130	replicate-1
ha	437	130	replicate-1
ha	438	131	replicate-1
ha	439	130	replicate-1
ha	440	130	replicate-1
ha	441	129	replicate-1
ha	442	130	replicate-1
ha	443	133	replicate-1
ha	444	132	replicate-1
ha	445	131	replicate-1
ha	446	132	replicate-1
ha	447	132	replicate-1
ha	448	131	replicate-1
ha	449	131	replicate-1
ha	450	130	replicate-1
ha	451	131	replicate-1
ha	452	132	replicate-1
ha	453	133	replicate-1
ha	454	131	replicate-1
ha	455	126	replicate-1
ha	456	127	replicate-1
ha	457	122	replicate-1
ha	458	122	replicate-1
ha	459	130	replicate-1
ha	460	131	replicate-1
ha	461	138	replicate-1
ha	462	136	replicate-1
ha	463	136	replicate-1
ha	464	136	replicate-1
ha	465	139	replicate-1
ha	466	138	replicate-1
ha	467	137	replicate-1
ha	468	125	replicate-1
ha	469	125	replicate-1
ha	470	118	replicate-1
ha	471	118	replicate-1
ha	472	117	replicate-1
ha	473	115	replicate-1
ha	474	115	replicate-1
ha	475	119	replicate-1
ha	476	121	replicate-1
ha	477	121	replicate-1
ha	478	120	replicate-1
ha	479	122	replicate-1
ha	480	124	replicate-1
ha	481	123	replicate-1
ha	482	123	replicate-1
ha	483	119	replicate-1
ha	484	117	replicate-1
ha	485	119	replicate-1
ha	486	119	replicate-1
ha	487	124	replicate-1
ha	488	121	replicate-1
ha	489	109	replicate-1
ha	490	108	replicate-1
ha	491	108	replicate-1
ha	492	110	replicate-1
ha	493	106	replicate-1
ha	494	106	replicate-1
ha	495	102	replicate-1
ha	496	102	replicate-1
ha	497	102	replicate-1
ha	498	100	replicate-1
ha	499	100	replicate-1
ha	500	99	replicate-1
ha	501	102	replicate-1
ha	502	100	replicate-1
ha	503	99	replicate-1
ha	504	101	replicate-1
ha	505	103	replicate-1
ha	506	103	replicate-1
ha	507	103	replicate-1
ha	508	107	replicate-1
ha	509	106	replicate-1
ha	510	108	replicate-1
ha	511	107	replicate-1
ha	512	107	replicate-1
ha	513	111	replicate-1
ha	514	111	replicate-1
ha	515	112	replicate-1
ha	516	110	replicate-1
ha	517	111	replicate-1
ha	518	109	replicate-1
ha	519	106	replicate-1
ha	520	106	replicate-1
ha	521	104	replicate-1
ha	522	105	replicate-1
ha	523	105	replicate-1
ha	524	105	replicate-1
ha	525	105	replicate-1
ha	526	103	replicate-1
ha	527	104	replicate-1
ha	528	105	replicate-1
ha	529	106	replicate-1
ha	530	106	replicate-1
ha	531	106	replicate-1
ha	532	105	replicate-1
ha	533	105	replicate-1
ha	534	105	replicate-1
ha	535	106	replicate-1
ha	536	103	replicate-1
ha	537	103	replicate-1
ha	538	104	replicate-1
ha	539	103	replicate-1
ha	540	109	replicate-1
ha	541	108	replicate-1
ha	542	109	replicate-1
ha	543	111	replicate-1
ha	544	106	replicate-1
ha	545	105	replicate-1
ha	546	105	replicate-1
ha	547	107	replicate-1
ha	548	107	replicate-1
ha	549	107	replicate-1
ha	550	107	replicate-1
ha	551	108	replicate-1
ha	552	110	replicate-1
ha	553	109	replicate-1
ha	554	109	replicate-1
ha	555	109	replicate-1
ha	556	108	replicate-1
ha	557	109	replicate-1
ha	558	111	replicate-1
ha	559	111	replicate-1
ha	560	107	replicate-1
ha	561	106	replicate-1
ha	562	107	replicate-1
ha	563	109	replicate-1
ha	564	116	replicate-1
ha	565	117	replicate-1
ha	566	116	replicate-1
ha	567	114	replicate-1
ha	568	140	replicate-1
ha	569	140	replicate-1
ha	570	138	replicate-1
ha	571	137	replicate-1
ha	572	131	replicate-1
ha	573	127	replicate-1
ha	574	127	replicate-1
ha	575	127	replicate-1
ha	576	127	replicate-1
ha	577	122	replicate-1
ha	578	123	replicate-1
ha	579	124	replicate-1
ha	580	124	replicate-1
ha	581	124	replicate-1
ha	582	124	replicate-1
ha	583	125	replicate-1
ha	584	124	replicate-1
ha	585	124	replicate-1
ha	586	124	replicate-1
ha	587	124	replicate-1
ha	588	123	replicate-1
ha	589	126	replicate-1
ha	590	129	replicate-1
ha	591	139	replicate-1
ha	592	145	replicate-1
ha	593	147	replicate-1
ha	594	147	replicate-1
ha	595	150	replicate-1
ha	596	148	replicate-1
ha	597	146	replicate-1
ha	598	143	replicate-1
ha	599	142	replicate-1
ha	600	135	replicate-1
ha	601	139	replicate-1
ha	602	136	replicate-1
ha	603	137	replicate-1
ha	604	138	replicate-1
ha	605	138	replicate-1
ha	606	139	replicate-1
ha	607	139	replicate-1
ha	608	139	replicate-1
ha	609	138	replicate-1
ha	610	140	replicate-1
ha	611	140	replicate-1
ha	612	141	replicate-1
ha	613	143	replicate-1
ha	614	144	replicate-1
ha	615	141	replicate-1
ha	616	149	replicate-1
ha	617	149	replicate-1
ha	618	150	replicate-1
ha	619	155	replicate-1
ha	620	153	replicate-1
ha	621	151	replicate-1
ha	622	151	replicate-1
ha	623	150	replicate-1
ha	624	152	replicate-1
ha	625	151	replicate-1
ha	626	151	replicate-1
ha	627	151	replicate-1
ha	628	149	replicate-1
ha	629	149	replicate-1
ha	630	150	replicate-1
ha	631	149	replicate-1
ha	632	148	replicate-1
ha	633	144	replicate-1
ha	634	144	replicate-1
ha	635	145	replicate-1
ha	636	142	replicate-1
ha	637	146	replicate-1
ha	638	145	replicate-1
ha	639	145	replicate-1
ha	640	144	replicate-1
ha	641	144	replicate-1
ha	642	140	replicate-1
ha	643	139	replicate-1
ha	644	140	replicate-1
ha	645	136	replicate-1
ha	646	136	replicate-1
ha	647	136	replicate-1
ha	648	137	replicate-1
ha	649	137	replicate-1
ha	650	136	replicate-1
ha	651	136	replicate-1
ha	652	135	replicate-1
ha	653	135	replicate-1
ha	654	135	replicate-1
ha	655	135	replicate-1
ha	656	133	replicate-1
ha	657	131	replicate-1
ha	658	126	replicate-1
ha	659	126	replicate-1
ha	660	131	replicate-1
ha	661	134	replicate-1
ha	662	128	replicate-1
ha	663	128	replicate-1
ha	664	132	replicate-1
ha	665	131	replicate-1
ha	666	133	replicate-1
ha	667	135	replicate-1
ha	668	131	replicate-1
ha	669	131	replicate-1
ha	670	131	replicate-1
ha	671	130	replicate-1
ha	672	129	replicate-1
ha	673	130	replicate-1
ha	674	130	replicate-1
ha	675	125	replicate-1
ha	676	125	replicate-1
ha	677	126	replicate-1
ha	678	127	replicate-1
ha	679	129	replicate-1
ha	680	128	replicate-1
ha	681	129	replicate-1
ha	682	127	replicate-1
ha	683	126	replicate-1
ha	684	126	replicate-1
ha	685	125	replicate-1
ha	686	131	replicate-1
ha	687	132	replicate-1
ha	688	130	replicate-1
ha	689	130	replicate-1
ha	690	131	replicate-1
ha	691	132	replicate-1
ha	692	132	replicate-1
ha	693	132	replicate-1
ha	694	134	replicate-1
ha	695	132	replicate-1
ha	696	127	replicate-1
ha	697	129	replicate-1
ha	698	128	replicate-1
ha	699	129	replicate-1
ha	700	128	replicate-1
ha	701	127	replicate-1
ha	702	127	replicate-1
ha	703	127	replicate-1
ha	704	127	replicate-1
ha	705	126	replicate-1
ha	706	124	replicate-1
ha	707	124	replicate-1
ha	708	126	replicate-1
ha	709	126	replicate-1
ha	710	127	replicate-1
ha	711	126	replicate-1
ha	712	126	replicate-1
ha	713	124	replicate-1
ha	714	127	replicate-1
ha	715	127	replicate-1
ha	716	127	replicate-1
ha	717	125	replicate-1
ha	718	124	replicate-1
ha	719	128	replicate-1
ha	720	127	replicate-1
ha	721	126	replicate-1
ha	722	126	replicate-1
ha	723	125	replicate-1
ha	724	121	replicate-1
ha	725	121	replicate-1
ha	726	118	replicate-1
ha	727	118	replicate-1
ha	728	116	replicate-1
ha	729	115	replicate-1
ha	730	118	replicate-1
ha	731	120	replicate-1
ha	732	120	replicate-1
ha	733	120	replicate-1
ha	734	120	replicate-1
ha	735	121	replicate-1
ha	736	122	replicate-1
ha	737	121	replicate-1
ha	738	122	replicate-1
ha	739	124	replicate-1
ha	740	125	replicate-1
ha	741	119	replicate-1
ha	742	127	replicate-1
ha	743	128	replicate-1
ha	744	130	replicate-1
ha	745	131	replicate-1
ha	746	131	replicate-1
ha	747	131	replicate-1
ha	748	130	replicate-1
ha	749	132	replicate-1
ha	750	132	replicate-1
ha	751	121	replicate-1
ha	752	125	replicate-1
ha	753	125	replicate-1
ha	754	125	replicate-1
ha	755	131	replicate-1
ha	756	131	replicate-1
ha	757	130	replicate-1
ha	758	130	replicate-1
ha	759	129	replicate-1
ha	760	151	replicate-1
ha	761	150	replicate-1
ha	762	150	replicate-1
ha	763	149	replicate-1
ha	764	146	replicate-1
ha	765	147	replicate-1
ha	766	146	replicate-1
ha	767	145	replicate-1
ha	768	143	replicate-1
ha	769	123	replicate-1
ha	770	132	replicate-1
ha	771	134	replicate-1
ha	772	144	replicate-1
ha	773	144	replicate-1
ha	774	146	replicate-1
ha	775	145	replicate-1
ha	776	145	replicate-1
ha	777	143	replicate-1
ha	778	142	replicate-1
ha	779	143	replicate-1
ha	780	136	replicate-1
ha	781	134	replicate-1
ha	782	133	replicate-1
ha	783	134	replicate-1
ha	784	134	replicate-1
ha	785	135	replicate-1
ha	786	135	replicate-1
ha	787	135	replicate-1
ha	788	136	replicate-1
ha	789	136	replicate-1
ha	790	136	replicate-1
ha	791	141	replicate-1
ha	792	141	replicate-1
ha	793	146	replicate-1
ha	794	144	replicate-1
ha	795	140	replicate-1
ha	796	141	replicate-1
ha	797	142	replicate-1
ha	798	142	replicate-1
ha	799	142	replicate-1
ha	800	141	replicate-1
ha	801	142	replicate-1
ha	802	142	replicate-1
ha	803	141	replicate-1
ha	804	144	replicate-1
ha	805	144	replicate-1
ha	806	142	replicate-1
ha	807	142	replicate-1
ha	808	143	replicate-1
ha	809	145	replicate-1
ha	810	146	replicate-1
ha	811	142	replicate-1
ha	812	142	replicate-1
ha	813	142	replicate-1
ha	814	145	replicate-1
ha	815	145	replicate-1
ha	816	147	replicate-1
ha	817	147	replicate-1
ha	818	146	replicate-1
ha	819	148	replicate-1
ha	820	148	replicate-1
ha	821	158	replicate-1
ha	822	158	replicate-1
ha	823	157	replicate-1
ha	824	158	replicate-1
ha	825	160	replicate-1
ha	826	162	replicate-1
ha	827	168	replicate-1
ha	828	168	replicate-1
ha	829	170	replicate-1
ha	830	162	replicate-1
ha	831	162	replicate-1
ha	832	163	replicate-1
ha	833	160	replicate-1
ha	834	160	replicate-1
ha	835	161	replicate-1
ha	836	152	replicate-1
ha	837	150	replicate-1
ha	838	150	replicate-1
ha	839	147	replicate-1
ha	840	151	replicate-1
ha	841	151	replicate-1
ha	842	152	replicate-1
ha	843	154	replicate-1
ha	844	151	replicate-1
ha	845	152	replicate-1
ha	846	153	replicate-1
ha	847	158	replicate-1
ha	848	157	replicate-1
ha	849	161	replicate-1
ha	850	165	replicate-1
ha	851	168	replicate-1
ha	852	169	replicate-1
ha	853	169	replicate-1
ha	854	168	replicate-1
ha	855	169	replicate-1
ha	856	170	replicate-1
ha	857	171	replicate-1
ha	858	169	replicate-1
ha	859	173	replicate-1
ha	860	172	replicate-1
ha	861	175	replicate-1
ha	862	175	replicate-1
ha	863	175	replicate-1
ha	864	175	replicate-1
ha	865	172	replicate-1
ha	866	172	replicate-1
ha	867	172	replicate-1
ha	868	169	replicate-1
ha	869	169	replicate-1
ha	870	161	replicate-1
ha	871	161	replicate-1
ha	872	160	replicate-1
ha	873	156	replicate-1
ha	874	155	replicate-1
ha	875	150	replicate-1
ha	876	153	replicate-1
ha	877	153	replicate-1
ha	878	148	replicate-1
ha	879	153	replicate-1
ha	880	149	replicate-1
ha	881	153	replicate-1
ha	882	153	replicate-1
ha	883	157	replicate-1
ha	884	169	replicate-1
ha	885	170	replicate-1
ha	886	169	replicate-1
ha	887	168	replicate-1
ha	888	167	replicate-1
ha	889	168	replicate-1
ha	890	168	replicate-1
ha	891	169	replicate-1
ha	892	169	replicate-1
ha	893	162	replicate-1
ha	894	158	replicate-1
ha	895	164	replicate-1
ha	896	163	replicate-1
ha	897	162	replicate-1
ha	898	161	replicate-1
ha	899	159	replicate-1
ha	900	160	replicate-1
ha	901	161	replicate-1
ha	902	160	replicate-1
ha	903	163	replicate-1
ha	904	155	replicate-1
ha	905	155	replicate-1
ha	906	156	replicate-1
ha	907	155	replicate-1
ha	908	154	replicate-1
ha	909	158	replicate-1
ha	910	160	replicate-1
ha	911	160	replicate-1
ha	912	160	replicate-1
ha	913	160	replicate-1
ha	914	164	replicate-1
ha	915	175	replicate-1
ha	916	174	replicate-1
ha	917	171	replicate-1
ha	918	174	replicate-1
ha	919	174	replicate-1
ha	920	176	replicate-1
ha	921	178	replicate-1
ha	922	178	replicate-1
ha	923	178	replicate-1
ha	924	172	replicate-1
ha	925	172	replicate-1
ha	926	173	replicate-1
ha	927	172	replicate-1
ha	928	173	replicate-1
ha	929	172	replicate-1
ha	930	170	replicate-1
ha	931	175	replicate-1
ha	932	176	replicate-1
ha	933	175	replicate-1
ha	934	175	replicate-1
ha	935	174	replicate-1
ha	936	176	replicate-1
ha	937	177	replicate-1
ha	938	173	replicate-1
ha	939	173	replicate-1
ha	940	171	replicate-1
ha	941	174	replicate-1
ha	942	170	replicate-1
ha	943	167	replicate-1
ha	944	170	replicate-1
ha	945	162	replicate-1
ha	946	161	replicate-1
ha	947	168	replicate-1
ha	948	169	replicate-1
ha	949	172	replicate-1
ha	950	172	replicate-1
ha	951	172	replicate-1
ha	952	174	replicate-1
ha	953	170	replicate-1
ha	954	185	replicate-1
ha	955	186	replicate-1
ha	956	186	replicate-1
ha	957	192	replicate-1
ha	958	184	replicate-1
ha	959	185	replicate-1
ha	960	182	replicate-1
ha	961	186	replicate-1
ha	962	185	replicate-1
ha	963	185	replicate-1
ha	964	183	replicate-1
ha	965	183	replicate-1
ha	966	183	replicate-1
ha	967	188	replicate-1
ha	968	185	replicate-1
ha	969	201	replicate-1
ha	970	200	replicate-1
ha	971	197	replicate-1
ha	972	196	replicate-1
ha	973	195	replicate-1
ha	974	198	replicate-1
ha	975	197	replicate-1
ha	976	198	replicate-1
ha	977	197	replicate-1
ha	978	186	replicate-1
ha	979	185	replicate-1
ha	980	187	replicate-1
ha	981	194	replicate-1
ha	982	196	replicate-1
ha	983	195	replicate-1
ha	984	196	replicate-1
ha	985	195	replicate-1
ha	986	199	replicate-1
ha	987	199	replicate-1
ha	988	198	replicate-1
ha	989	199	replicate-1
ha	990	197	replicate-1
ha	991	193	replicate-1
ha	992	190	replicate-1
ha	993	190	replicate-1
ha	994	188	replicate-1
ha	995	186	replicate-1
ha	996	187	replicate-1
ha	997	195	replicate-1
ha	998	196	replicate-1
ha	999	195	replicate-1
ha	1000	198	replicate-1
ha	1001	196	replicate-1
ha	1002	197	replicate-1
ha	1003	200	replicate-1
ha	1004	202	replicate-1
ha	1005	203	replicate-1
ha	1006	206	replicate-1
ha	1007	205	replicate-1
ha	1008	206	replicate-1
ha	1009	208	replicate-1
ha	1010	210	replicate-1
ha	1011	207	replicate-1
ha	1012	211	replicate-1
ha	1013	209	replicate-1
ha	1014	210	replicate-1
ha	1015	208	replicate-1
ha	1016	207	replicate-1
ha	1017	206	replicate-1
ha	1018	206	replicate-1
ha	1019	205	replicate-1
ha	1020	205	replicate-1
ha	1021	200	replicate-1
ha	1022	200	replicate-1
ha	1023	202	replicate-1
ha	1024	205	replicate-1
ha	1025	206	replicate-1
ha	1026	203	replicate-1
ha	1027	210	replicate-1
ha	1028	210	replicate-1
ha	1029	211	replicate-1
ha	1030	211	replicate-1
ha	1031	207	replicate-1
ha	1032	204	replicate-1
ha	1033	197	replicate-1
ha	1034	195	replicate-1
ha	1035	195	replicate-1
ha	1036	197	replicate-1
ha	1037	201	replicate-1
ha	1038	202	replicate-1
ha	1039	201	replicate-1
ha	1040	202	replicate-1
ha	1041	201	replicate-1
ha	1042	201	replicate-1
ha	1043	199	replicate-1
ha	1044	198	replicate-1
ha	1045	201	replicate-1
ha	1046	202	replicate-1
ha	1047	194	replicate-1
ha	1048	194	replicate-1
ha	1049	193	replicate-1
ha	1050	189	replicate-1
ha	1051	194	replicate-1
ha	1052	190	replicate-1
ha	1053	193	replicate-1
ha	1054	199	replicate-1
ha	1055	197	replicate-1
ha	1056	200	replicate-1
ha	1057	203	replicate-1
ha	1058	203	replicate-1
ha	1059	202	replicate-1
ha	1060	202	replicate-1
ha	1061	201	replicate-1
ha	1062	206	replicate-1
ha	1063	203	replicate-1
ha	1064	207	replicate-1
ha	1065	202	replicate-1
ha	1066	199	replicate-1
ha	1067	198	replicate-1
ha	1068	197	replicate-1
ha	1069	206	replicate-1
ha	1070	206	replicate-1
ha	1071	207	replicate-1
ha	1072	208	replicate-1
ha	1073	207	replicate-1
ha	1074	206	replicate-1
ha	1075	206	replicate-1
ha	1076	309	replicate-1
ha	1077	309	replicate-1
ha	1078	303	replicate-1
ha	1079	306	replicate-1
ha	1080	306	replicate-1
ha	1081	654	replicate-1
ha	1082	667	replicate-1
ha	1083	668	replicate-1
ha	1084	665	replicate-1
ha	1085	953	replicate-1
ha	1086	1113	replicate-1
ha	1087	1176	replicate-1
ha	1088	1174	replicate-1
ha	1089	1181	replicate-1
ha	1090	1200	replicate-1
ha	1091	1238	replicate-1
ha	1092	1242	replicate-1
ha	1093	1240	replicate-1
ha	1094	1262	replicate-1
ha	1095	1244	replicate-1
ha	1096	1256	replicate-1
ha	1097	1260	replicate-1
ha	1098	1280	replicate-1
ha	1099	1280	replicate-1
ha	1100	1308	replicate-1
ha	1101	1309	replicate-1
ha	1102	1314	replicate-1
ha	1103	1317	replicate-1
ha	1104	1329	replicate-1
ha	1105	1338	replicate-1
ha	1106	1341	replicate-1
ha	1107	1342	replicate-1
ha	1108	1358	replicate-1
ha	1109	1361	replicate-1
ha	1110	1386	replicate-1
ha	1111	1388	replicate-1
ha	1112	1393	replicate-1
ha	1113	1407	replicate-1
ha	1114	1447	replicate-1
ha	1115	1473	replicate-1
ha	1116	1473	replicate-1
ha	1117	1488	replicate-1
ha	1118	1496	replicate-1
ha	1119	1507	replicate-1
ha	1120	1510	replicate-1
ha	1121	1542	replicate-1
ha	1122	1570	replicate-1
ha	1123	1568	replicate-1
ha	1124	1584	replicate-1
ha	1125	1616	replicate-1
ha	1126	1702	replicate-1
ha	1127	1711	replicate-1
ha	1128	1725	replicate-1
ha	1129	1730	replicate-1
ha	1130	1797	replicate-1
ha	1131	1834	replicate-1
ha	1132	1850	replicate-1
ha	1133	1851	replicate-1
ha	1134	1848	replicate-1
ha	1135	1873	replicate-1
ha	1136	1864	replicate-1
ha	1137	1873	replicate-1
ha	1138	1947	replicate-1
ha	1139	1922	replicate-1
ha	1140	1908	replicate-1
ha	1141	1917	replicate-1
ha	1142	1924	replicate-1
ha	1143	1983	replicate-1
ha	1144	1971	replicate-1
ha	1145	1942	replicate-1
ha	1146	1944	replicate-1
ha	1147	1889	replicate-1
ha	1148	1967	replicate-1
ha	1149	3298	replicate-1
ha	1150	3405	replicate-1
ha	1151	3420	replicate-1
ha	1152	3386	replicate-1
ha	1153	3525	replicate-1
ha	1154	3548	replicate-1
ha	1155	3626	replicate-1
ha	1156	3665	replicate-1
ha	1157	3608	replicate-1
ha	1158	3712	replicate-1
ha	1159	3736	replicate-1
ha	1160	3890	replicate-1
ha	1161	4002	replicate-1
ha	1162	4032	replicate-1
ha	1163	3984	replicate-1
ha	1164	4009	replicate-1
ha	1165	4005	replicate-1
ha	1166	4019	replicate-1
ha	1167	4028	replicate-1
ha	1168	3988	replicate-1
ha	1169	4075	replicate-1
ha	1170	4078	replicate-1
ha	1171	4136	replicate-1
ha	1172	4394	replicate-1
ha	1173	4398	replicate-1
ha	1174	4421	replicate-1
ha	1175	4390	replicate-1
ha	1176	4393	replicate-1
ha	1177	4395	replicate-1
ha	1178	4420	replicate-1
ha	1179	4384	replicate-1
ha	1180	4406	replicate-1
ha	1181	4345	replicate-1
ha	1182	4353	replicate-1
ha	1183	4355	replicate-1
ha	1184	4393	replicate-1
ha	1185	4510	replicate-1
ha	1186	4511	replicate-1
ha	1187	4513	replicate-1
ha	1188	4507	replicate-1
ha	1189	4528	replicate-1
ha	1190	4538	replicate-1
ha	1191	4595	replicate-1
ha	1192	4667	replicate-1
ha	1193	4735	replicate-1
ha	1194	4725	replicate-1
ha	1195	4676	replicate-1
ha	1196	4755	replicate-1
ha	1197	4981	replicate-1
ha	1198	4956	replicate-1
ha	1199	4961	replicate-1
ha	1200	4903	replicate-1
ha	1201	4870	replicate-1
ha	1202	4832	replicate-1
ha	1203	4966	replicate-1
ha	1204	4943	replicate-1
ha	1205	4987	replicate-1
ha	1206	4837	replicate-1
ha	1207	4849	replicate-1
ha	1208	4892	replicate-1
ha	1209	5107	replicate-1
ha	1210	5146	replicate-1
ha	1211	5161	replicate-1
ha	1212	5089	replicate-1
ha	1213	5070	replicate-1
ha	1214	5025	replicate-1
ha	1215	5027	replicate-1
ha	1216	5122	replicate-1
ha	1217	5136	replicate-1
ha	1218	5037	replicate-1
ha	1219	5010	replicate-1
ha	1220	4976	replicate-1
ha	1221	5128	replicate-1
ha	1222	5155	replicate-1
ha	1223	5140	replicate-1
ha	1224	5137	replicate-1
ha	1225	5053	replicate-1
ha	1226	5144	replicate-1
ha	1227	5145	replicate-1
ha	1228	5140	replicate-1
ha	1229	5127	replicate-1
ha	1230	5010	replicate-1
ha	1231	4992	replicate-1
ha	1232	5057	replicate-1
ha	1233	5048	replicate-1
ha	1234	5086	replicate-1
ha	1235	5009	replicate-1
ha	1236	5018	replicate-1
ha	1237	5084	replicate-1
ha	1238	5091	replicate-1
ha	1239	5087	replicate-1
ha	1240	5082	replicate-1
ha	1241	5021	replicate-1
ha	1242	4969	replicate-1
ha	1243	4985	replicate-1
ha	1244	4902	replicate-1
ha	1245	4971	replicate-1
ha	1246	4913	replicate-1
ha	1247	4955	replicate-1
ha	1248	4946	replicate-1
ha	1249	5058	replicate-1
ha	1250	5033	replicate-1
ha	1251	5022	replicate-1
ha	1252	4978	replicate-1
ha	1253	4959	replicate-1
ha	1254	4883	replicate-1
ha	1255	4879	replicate-1
ha	1256	4844	replicate-1
ha	1257	4832	replicate-1
ha	1258	4724	replicate-1
ha	1259	4877	replicate-1
ha	1260	4867	replicate-1
ha	1261	4858	replicate-1
ha	1262	4868	replicate-1
ha	1263	4866	replicate-1
ha	1264	4832	replicate-1
ha	1265	4802	replicate-1
ha	1266	4792	replicate-1
ha	1267	4780	replicate-1
ha	1268	4856	replicate-1
ha	1269	4483	replicate-1
ha	1270	4641	replicate-1
ha	1271	4628	replicate-1
ha	1272	4602	replicate-1
ha	1273	4607	replicate-1
ha	1274	4589	replicate-1
ha	1275	4572	replicate-1
ha	1276	4541	replicate-1
ha	1277	4377	replicate-1
ha	1278	4448	replicate-1
ha	1279	4530	replicate-1
ha	1280	4468	replicate-1
ha	1281	4454	replicate-1
ha	1282	4408	replicate-1
ha	1283	4448	replicate-1
ha	1284	4413	replicate-1
ha	1285	4375	replicate-1
ha	1286	4342	replicate-1
ha	1287	4352	replicate-1
ha	1288	4374	replicate-1
ha	1289	4153	replicate-1
ha	1290	4308	replicate-1
ha	1291	4327	replicate-1
ha	1292	4302	replicate-1
ha	1293	4254	replicate-1
ha	1294	4167	replicate-1
ha	1295	4182	replicate-1
ha	1296	4126	replicate-1
ha	1297	4187	replicate-1
ha	1298	4138	replicate-1
ha	1299	3961	replicate-1
ha	1300	3927	replicate-1
ha	1301	3899	replicate-1
ha	1302	3890	replicate-1
ha	1303	3914	replicate-1
ha	1304	3892	replicate-1
ha	1305	3869	replicate-1
ha	1306	3864	replicate-1
ha	1307	3786	replicate-1
ha	1308	3848	replicate-1
ha	1309	3866	replicate-1
ha	1310	3851	replicate-1
ha	1311	3796	replicate-1
ha	1312	3753	replicate-1
ha	1313	3810	replicate-1
ha	1314	3812	replicate-1
ha	1315	3802	replicate-1
ha	1316	3802	replicate-1
ha	1317	3735	replicate-1
ha	1318	3699	replicate-1
ha	1319	3694	replicate-1
ha	1320	3661	replicate-1
ha	1321	3657	replicate-1
ha	1322	3603	replicate-1
ha	1323	3659	replicate-1
ha	1324	3659	replicate-1
ha	1325	3701	replicate-1
ha	1326	3839	replicate-1
ha	1327	3900	replicate-1
ha	1328	3904	replicate-1
ha	1329	3893	replicate-1
ha	1330	3880	replicate-1
ha	1331	3876	replicate-1
ha	1332	3796	replicate-1
ha	1333	3850	replicate-1
ha	1334	3910	replicate-1
ha	1335	3817	replicate-1
ha	1336	3798	replicate-1
ha	1337	3772	replicate-1
ha	1338	3778	replicate-1
ha	1339	3872	replicate-1
ha	1340	3863	replicate-1
ha	1341	3997	replicate-1
ha	1342	4104	replicate-1
ha	1343	4024	replicate-1
ha	1344	4070	replicate-1
ha	1345	4048	replicate-1
ha	1346	4021	replicate-1
ha	1347	4067	replicate-1
ha	1348	3876	replicate-1
ha	1349	3867	replicate-1
ha	1350	3849	replicate-1
ha	1351	3656	replicate-1
ha	1352	3684	replicate-1
ha	1353	3652	replicate-1
ha	1354	3634	replicate-1
ha	1355	3728	replicate-1
ha	1356	3693	replicate-1
ha	1357	3677	replicate-1
ha	1358	3643	replicate-1
ha	1359	3657	replicate-1
ha	1360	3660	replicate-1
ha	1361	3678	replicate-1
ha	1362	3593	replicate-1
ha	1363	3559	replicate-1
ha	1364	3466	replicate-1
ha	1365	3398	replicate-1
ha	1366	3405	replicate-1
ha	1367	3439	replicate-1
ha	1368	3494	replicate-1
ha	1369	3497	replicate-1
ha	1370	3554	replicate-1
ha	1371	3625	replicate-1
ha	1372	3621	replicate-1
ha	1373	3599	replicate-1
ha	1374	3597	replicate-1
ha	1375	3792	replicate-1
ha	1376	3830	replicate-1
ha	1377	3878	replicate-1
ha	1378	4102	replicate-1
ha	1379	4801	replicate-1
ha	1380	4907	replicate-1
ha	1381	4967	replicate-1
ha	1382	4985	replicate-1
ha	1383	5188	replicate-1
ha	1384	5139	replicate-1
ha	1385	5262	replicate-1
ha	1386	5255	replicate-1
ha	1387	5304	replicate-1
ha	1388	5320	replicate-1
ha	1389	5302	replicate-1
ha	1390	5307	replicate-1
ha	1391	5318	replicate-1
ha	1392	5323	replicate-1
ha	1393	5365	replicate-1
ha	1394	5340	replicate-1
ha	1395	5335	replicate-1
ha	1396	5332	replicate-1
ha	1397	5368	replicate-1
ha	1398	5537	replicate-1
ha	1399	5546	replicate-1
ha	1400	5587	replicate-1
ha	1401	5647	replicate-1
ha	1402	5641	replicate-1
ha	1403	5673	replicate-1
ha	1404	5709	replicate-1
ha	1405	5745	replicate-1
ha	1406	5951	replicate-1
ha	1407	5950	replicate-1
ha	1408	5967	replicate-1
ha	1409	5966	replicate-1
ha	1410	5943	replicate-1
ha	1411	5951	replicate-1
ha	1412	5846	replicate-1
ha	1413	5810	replicate-1
ha	1414	5945	replicate-1
ha	1415	5952	replicate-1
ha	1416	5895	replicate-1
ha	1417	5931	replicate-1
ha	1418	5934	replicate-1
ha	1419	5995	replicate-1
ha	1420	6015	replicate-1
ha	1421	6017	replicate-1
ha	1422	6020	replicate-1
ha	1423	6031	replicate-1
ha	1424	5962	replicate-1
ha	1425	6023	replicate-1
ha	1426	6072	replicate-1
ha	1427	6160	replicate-1
ha	1428	6170	replicate-1
ha	1429	6129	replicate-1
ha	1430	6086	replicate-1
ha	1431	6246	replicate-1
ha	1432	6226	replicate-1
ha	1433	6271	replicate-1
ha	1434	6215	replicate-1
ha	1435	6159	replicate-1
ha	1436	6141	replicate-1
ha	1437	6007	replicate-1
ha	1438	6324	replicate-1
ha	1439	6319	replicate-1
ha	1440	6180	replicate-1
ha	1441	6182	replicate-1
ha	1442	6080	replicate-1
ha	1443	6153	replicate-1
ha	1444	6289	replicate-1
ha	1445	6296	replicate-1
ha	1446	6245	replicate-1
ha	1447	5890	replicate-1
ha	1448	5703	replicate-1
ha	1449	6115	replicate-1
ha	1450	6134	replicate-1
ha	1451	6173	replicate-1
ha	1452	6173	replicate-1
ha	1453	5940	replicate-1
ha	1454	5926	replicate-1
ha	1455	5927	replicate-1
ha	1456	5987	replicate-1
ha	1457	6009	replicate-1
ha	1458	5643	replicate-1
ha	1459	5662	replicate-1
ha	1460	5665	replicate-1
ha	1461	5602	replicate-1
ha	1462	5743	replicate-1
ha	1463	5786	replicate-1
ha	1464	5790	replicate-1
ha	1465	5746	replicate-1
ha	1466	5654	replicate-1
ha	1467	5642	replicate-1
ha	1468	5641	replicate-1
ha	1469	5637	replicate-1
ha	1470	5623	replicate-1
ha	1471	5518	replicate-1
ha	1472	5401	replicate-1
ha	1473	5449	replicate-1
ha	1474	5436	replicate-1
ha	1475	5488	replicate-1
ha	1476	5486	replicate-1
ha	1477	5424	replicate-1
ha	1478	5423	replicate-1
ha	1479	5402	replicate-1
ha	1480	5394	replicate-1
ha	1481	5437	replicate-1
ha	1482	5336	replicate-1
ha	1483	5357	replicate-1
ha	1484	5218	replicate-1
ha	1485	5292	replicate-1
ha	1486	5352	replicate-1
ha	1487	5333	replicate-1
ha	1488	5317	replicate-1
ha	1489	5357	replicate-1
ha	1490	5312	replicate-1
ha	1491	5297	replicate-1
ha	1492	5282	replicate-1
ha	1493	5310	replicate-1
ha	1494	5434	replicate-1
ha	1495	5331	replicate-1
ha	1496	5379	replicate-1
ha	1497	5402	replicate-1
ha	1498	5401	replicate-1
ha	1499	5374	replicate-1
ha	1500	5443	replicate-1
ha	1501	5394	replicate-1
ha	1502	5437	replicate-1
ha	1503	5213	replicate-1
ha	1504	5252	replicate-1
ha	1505	5331	replicate-1
ha	1506	5374	replicate-1
ha	1507	5411	replicate-1
ha	1508	5381	replicate-1
ha	1509	5405	replicate-1
ha	1510	5389	replicate-1
ha	1511	5396	replicate-1
ha	1512	5288	replicate-1
ha	1513	5229	replicate-1
ha	1514	5019	replicate-1
ha	1515	5121	replicate-1
ha	1516	4944	replicate-1
ha	1517	4975	replicate-1
ha	1518	4942	replicate-1
ha	1519	4980	replicate-1
ha	1520	4980	replicate-1
ha	1521	5010	replicate-1
ha	1522	5018	replicate-1
ha	1523	5009	replicate-1
ha	1524	4836	replicate-1
ha	1525	4811	replicate-1
ha	1526	4793	replicate-1
ha	1527	4814	replicate-1
ha	1528	4824	replicate-1
ha	1529	4892	replicate-1
ha	1530	4835	replicate-1
ha	1531	5052	replicate-1
ha	1532	5187	replicate-1
ha	1533	5223	replicate-1
ha	1534	5677	replicate-1
ha	1535	5688	replicate-1
ha	1536	5704	replicate-1
ha	1537	5701	replicate-1
ha	1538	5640	replicate-1
ha	1539	5672	replicate-1
ha	1540	5484	replicate-1
ha	1541	5380	replicate-1
ha	1542	5378	replicate-1
ha	1543	5083	replicate-1
ha	1544	5142	replicate-1
ha	1545	5106	replicate-1
ha	1546	5355	replicate-1
ha	1547	5364	replicate-1
ha	1548	5375	replicate-1
ha	1549	5376	replicate-1
ha	1550	5268	replicate-1
ha	1551	5275	replicate-1
ha	1552	5190	replicate-1
ha	1553	5236	replicate-1
ha	1554	5224	replicate-1
ha	1555	4798	replicate-1
ha	1556	4801	replicate-1
ha	1557	4715	replicate-1
ha	1558	4722	replicate-1
ha	1559	4722	replicate-1
ha	1560	4714	replicate-1
ha	1561	4692	replicate-1
ha	1562	4657	replicate-1
ha	1563	4698	replicate-1
ha	1564	4838	replicate-1
ha	1565	4834	replicate-1
ha	1566	4810	replicate-1
ha	1567	4809	replicate-1
ha	1568	4826	replicate-1
ha	1569	4812	replicate-1
ha	1570	4799	replicate-1
ha	1571	4712	replicate-1
ha	1572	4792	replicate-1
ha	1573	4666	replicate-1
ha	1574	4717	replicate-1
ha	1575	4723	replicate-1
ha	1576	4716	replicate-1
ha	1577	4893	replicate-1
ha	1578	4892	replicate-1
ha	1579	4918	replicate-1
ha	1580	4914	replicate-1
ha	1581	4894	replicate-1
ha	1582	4899	replicate-1
ha	1583	4880	replicate-1
ha	1584	4900	replicate-1
ha	1585	4911	replicate-1
ha	1586	4758	replicate-1
ha	1587	4846	replicate-1
ha	1588	4844	replicate-1
ha	1589	4883	replicate-1
ha	1590	4896	replicate-1
ha	1591	4942	replicate-1
ha	1592	4971	replicate-1
ha	1593	4986	replicate-1
ha	1594	5042	replicate-1
ha	1595	5043	replicate-1
ha	1596	4990	replicate-1
ha	1597	4945	replicate-1
ha	1598	4926	replicate-1
ha	1599	4914	replicate-1
ha	1600	4896	replicate-1
ha	1601	4823	replicate-1
ha	1602	5039	replicate-1
ha	1603	5070	replicate-1
ha	1604	5134	replicate-1
ha	1605	5157	replicate-1
ha	1606	5157	replicate-1
ha	1607	5170	replicate-1
ha	1608	5294	replicate-1
ha	1609	5296	replicate-1
ha	1610	5293	replicate-1
ha	1611	5273	replicate-1
ha	1612	5089	replicate-1
ha	1613	5115	replicate-1
ha	1614	5368	replicate-1
ha	1615	5398	replicate-1
ha	1616	5381	replicate-1
ha	1617	5198	replicate-1
ha	1618	5258	replicate-1
ha	1619	5241	replicate-1
ha	1620	5207	replicate-1
ha	1621	5168	replicate-1
ha	1622	5241	replicate-1
ha	1623	5032	replicate-1
ha	1624	5090	replicate-1
ha	1625	5116	replicate-1
ha	1626	5154	replicate-1
ha	1627	5115	replicate-1
ha	1628	5140	replicate-1
ha	1629	5147	replicate-1
ha	1630	5357	replicate-1
ha	1631	5276	replicate-1
ha	1632	5438	replicate-1
ha	1633	5417	replicate-1
ha	1634	5425	replicate-1
ha	1635	5441	replicate-1
ha	1636	5389	replicate-1
ha	1637	5374	replicate-1
ha	1638	5381	replicate-1
ha	1639	5228	replicate-1
ha	1640	5236	replicate-1
ha	1641	5177	replicate-1
ha	1642	5191	replicate-1
ha	1643	5188	replicate-1
ha	1644	5164	replicate-1
ha	1645	5148	replicate-1
ha	1646	5148	replicate-1
ha	1647	5203	replicate-1
ha	1648	5219	replicate-1
ha	1649	5230	replicate-1
ha	1650	5390	replicate-1
ha	1651	5361	replicate-1
ha	1652	5358	replicate-1
ha	1653	5362	replicate-1
ha	1654	5362	replicate-1
ha	1655	5378	replicate-1
ha	1656	5289	replicate-1
ha	1657	5227	replicate-1
ha	1658	5223	replicate-1
ha	1659	5014	replicate-1
ha	1660	5070	replicate-1
ha	1661	5071	replicate-1
ha	1662	5086	replicate-1
ha	1663	5069	replicate-1
ha	1664	5039	replicate-1
ha	1665	5044	replicate-1
ha	1666	5131	replicate-1
ha	1667	5119	replicate-1
ha	1668	5101	replicate-1
ha	1669	5047	replicate-1
ha	1670	4974	replicate-1
ha	1671	4935	replicate-1
ha	1672	4926	replicate-1
ha	1673	4913	replicate-1
ha	1674	4897	replicate-1
ha	1675	4756	replicate-1
ha	1676	4875	replicate-1
ha	1677	4982	replicate-1
ha	1678	4974	replicate-1
ha	1679	4978	replicate-1
ha	1680	4945	replicate-1
ha	1681	5152	replicate-1
ha	1682	5150	replicate-1
ha	1683	5171	replicate-1
ha	1684	5104	replicate-1
ha	1685	5083	replicate-1
ha	1686	4913	replicate-1
ha	1687	4907	replicate-1
ha	1688	4909	replicate-1
ha	1689	4903	replicate-1
ha	1690	4694	replicate-1
ha	1691	4551	replicate-1
ha	1692	4330	replicate-1
ha	1693	4337	replicate-1
ha	1694	4167	replicate-1
ha	1695	4240	replicate-1
ha	1696	4240	replicate-1
ha	1697	4239	replicate-1
ha	1698	4290	replicate-1
ha	1699	4249	replicate-1
ha	1700	4234	replicate-1
ha	1701	4225	replicate-1
ha	1702	4187	replicate-1
ha	1703	4180	replicate-1
ha	1704	4120	replicate-1
ha	1705	4094	replicate-1
ha	1706	4101	replicate-1
ha	1707	4047	replicate-1
ha	1708	4045	replicate-1
ha	1709	4117	replicate-1
ha	1710	4124	replicate-1
ha	1711	4128	replicate-1
ha	1712	4125	replicate-1
ha	1713	3741	replicate-1
ha	1714	3795	replicate-1
ha	1715	3745	replicate-1
ha	1716	3755	replicate-1
ha	1717	3749	replicate-1
ha	1718	3610	replicate-1
ha	1719	3625	replicate-1
ha	1720	3598	replicate-1
ha	1721	3588	replicate-1
ha	1722	3574	replicate-1
ha	1723	3323	replicate-1
ha	1724	3304	replicate-1
ha	1725	3286	replicate-1
ha	1726	3284	replicate-1
ha	1727	3265	replicate-1
ha	1728	3154	replicate-1
ha	1729	3135	replicate-1
ha	1730	3119	replicate-1
ha	1731	3090	replicate-1
ha	1732	3088	replicate-1
ha	1733	3077	replicate-1
ha	1734	3012	replicate-1
ha	1735	2980	replicate-1
ha	1736	2962	replicate-1
ha	1737	2952	replicate-1
ha	1738	2941	replicate-1
ha	1739	2933	replicate-1
ha	1740	2844	replicate-1
ha	1741	2831	replicate-1
ha	1742	2821	replicate-1
ha	1743	2800	replicate-1
ha	1744	2793	replicate-1
ha	1745	2752	replicate-1
ha	1746	2751	replicate-1
ha	1747	2744	replicate-1
ha	1748	2733	replicate-1
ha	1749	2703	replicate-1
ha	1750	2601	replicate-1
ha	1751	2548	replicate-1
ha	1752	2507	replicate-1
ha	1753	2496	replicate-1
ha	1754	2379	replicate-1
ha	1755	2167	replicate-1
ha	1756	2138	replicate-1
ha	1757	2121	replicate-1
ha	1758	2109	replicate-1
ha	1759	2038	replicate-1
ha	1760	2008	replicate-1
ha	1761	1997	replicate-1
ha	1762	1748	replicate-1
ha	1763	1743	replicate-1
ha	1764	1703	replicate-1
ha	1765	1685	replicate-1
ha	1766	1652	replicate-1
ha	1767	1624	replicate-1
ha	1768	1617	replicate-1
ha	1769	1587	replicate-1
ha	1770	1561	replicate-1
ha	1771	1537	replicate-1
ha	1772	1194	replicate-1
ha	1773	1157	replicate-1
ha	1774	1116	replicate-1
ha	1775	1109	replicate-1
ha	1776	243	replicate-1
mp	1	53	replicate-1
mp	2	58	replicate-1
mp	3	58	replicate-1
mp	4	58	replicate-1
mp	5	61	replicate-1
mp	6	66	replicate-1
mp	7	72	replicate-1
mp	8	72	replicate-1
mp	9	76	replicate-1
mp	10	76	replicate-1
mp	11	90	replicate-1
mp	12	92	replicate-1
mp	13	92	replicate-1
mp	14	92	replicate-1
mp	15	92	replicate-1
mp	16	105	replicate-1
mp	17	108	replicate-1
mp	18	116	replicate-1
mp	19	118	replicate-1
mp	20	118	replicate-1
mp	21	119	replicate-1
mp	22	123	replicate-1
mp	23	124	replicate-1
mp	24	126	replicate-1
mp	25	130	replicate-1
mp	26	131	replicate-1
mp	27	132	replicate-1
mp	28	133	replicate-1
mp	29	134	replicate-1
mp	30	137	replicate-1
mp	31	141	replicate-1
mp	32	154	replicate-1
mp	33	161	replicate-1
mp	34	163	replicate-1
mp	35	163	replicate-1
mp	36	163	replicate-1
mp	37	173	replicate-1
mp	38	173	replicate-1
mp	39	174	replicate-1
mp	40	175	replicate-1
mp	41	175	replicate-1
mp	42	176	replicate-1
mp	43	179	replicate-1
mp	44	182	replicate-1
mp	45	182	replicate-1
mp	46	186	replicate-1
mp	47	188	replicate-1
mp	48	196	replicate-1
mp	49	197	replicate-1
mp	50	198	replicate-1
mp	51	202	replicate-1
mp	52	201	replicate-1
mp	53	201	replicate-1
mp	54	201	replicate-1
mp	55	201	replicate-1
mp	56	201	replicate-1
mp	57	201	replicate-1
mp	58	210	replicate-1
mp	59	219	replicate-1
mp	60	217	replicate-1
mp	61	224	replicate-1
mp	62	223	replicate-1
mp	63	236	replicate-1
mp	64	236	replicate-1
mp	65	238	replicate-1
mp	66	239	replicate-1
mp	67	238	replicate-1
mp	68	236	replicate-1
mp	69	237	replicate-1
mp	70	238	replicate-1
mp	71	239	replicate-1
mp	72	241	replicate-1
mp	73	241	replicate-1
mp	74	242	replicate-1
mp	75	242	replicate-1
mp	76	242	replicate-1
mp	77	242	replicate-1
mp	78	243	replicate-1
mp	79	243	replicate-1
mp	80	244	replicate-1
mp	81	245	replicate-1
mp	82	248	replicate-1
mp	83	250	replicate-1
mp	84	249	replicate-1
mp	85	251	replicate-1
mp	86	251	replicate-1
mp	87	251	replicate-1
mp	88	249	replicate-1
mp	89	249	replicate-1
mp	90	250	replicate-1
mp	91	246	replicate-1
mp	92	244	replicate-1
mp	93	243	replicate-1
mp	94	245	replicate-1
mp	95	243	replicate-1
mp	96	243	replicate-1
mp	97	241	replicate-1
mp	98	241	replicate-1
mp	99	243	replicate-1
mp	100	243	replicate-1
mp	101	244	replicate-1
mp	102	244	replicate-1
mp	103	242	replicate-1
mp	104	240	replicate-1
mp	105	260	replicate-1
mp	106	249	replicate-1
mp	107	252	replicate-1
mp	108	245	replicate-1
mp	109	244	replicate-1
mp	110	248	replicate-1
mp	111	247	replicate-1
mp	112	243	replicate-1
mp	113	242	replicate-1
mp	114	238	replicate-1
mp	115	238	replicate-1
mp	116	240	replicate-1
mp	117	243	replicate-1
mp	118	247	replicate-1
mp	119	244	replicate-1
mp	120	246	replicate-1
mp	121	247	replicate-1
mp	122	250	replicate-1
mp	123	248	replicate-1
mp	124	244	replicate-1
mp	125	247	replicate-1
mp	126	245	replicate-1
mp	127	251	replicate-1
mp	128	253	replicate-1
mp	129	251	replicate-1
mp	130	249	replicate-1
mp	131	240	replicate-1
mp	132	240	replicate-1
mp	133	239	replicate-1
mp	134	221	replicate-1
mp	135	224	replicate-1
mp	136	221	replicate-1
mp	137	224	replicate-1
mp	138	234	replicate-1
mp	139	233	replicate-1
mp	140	234	replicate-1
mp	141	234	replicate-1
mp	142	234	replicate-1
mp	143	235	replicate-1
mp	144	235	replicate-1
mp	145	235	replicate-1
mp	146	236	replicate-1
mp	147	233	replicate-1
mp	148	231	replicate-1
mp	149	232	replicate-1
mp	150	235	replicate-1
mp	151	234	replicate-1
mp	152	234	replicate-1
mp	153	232	replicate-1
mp	154	233	replicate-1
mp	155	238	replicate-1
mp	156	235	replicate-1
mp	157	234	replicate-1
mp	158	221	replicate-1
mp	159	229	replicate-1
mp	160	239	replicate-1
mp	161	241	replicate-1
mp	162	241	replicate-1
mp	163	243	replicate-1
mp	164	240	replicate-1
mp	165	247	replicate-1
mp	166	250	replicate-1
mp	167	246	replicate-1
mp	168	239	replicate-1
mp	169	221	replicate-1
mp	170	222	replicate-1
mp	171	229	replicate-1
mp	172	228	replicate-1
mp	173	229	replicate-1
mp	174	222	replicate-1
mp	175	219	replicate-1
mp	176	221	replicate-1
mp	177	222	replicate-1
mp	178	225	replicate-1
mp	179	223	replicate-1
mp	180	223	replicate-1
mp	181	225	replicate-1
mp	182	225	replicate-1
mp	183	225	replicate-1
mp	184	227	replicate-1
mp	185	234	replicate-1
mp	186	232	replicate-1
mp	187	227	replicate-1
mp	188	227	replicate-1
mp	189	221	replicate-1
mp	190	233	replicate-1
mp	191	232	replicate-1
mp	192	231	replicate-1
mp	193	228	replicate-1
mp	194	223	replicate-1
mp	195	222	replicate-1
mp	196	228	replicate-1
mp	197	230	replicate-1
mp	198	230	replicate-1
mp	199	230	replicate-1
mp	200	232	replicate-1
mp	201	235	replicate-1
mp	202	236	replicate-1
mp	203	236	replicate-1
mp	204	238	replicate-1
mp	205	238	replicate-1
mp	206	237	replicate-1
mp	207	243	replicate-1
mp	208	242	replicate-1
mp	209	238	replicate-1
mp	210	237	replicate-1
mp	211	237	replicate-1
mp	212	238	replicate-1
mp	213	238	replicate-1
mp	214	240	replicate-1
mp	215	241	replicate-1
mp	216	241	replicate-1
mp	217	244	replicate-1
mp	218	243	replicate-1
mp	219	249	replicate-1
mp	220	250	replicate-1
mp	221	248	replicate-1
mp	222	247	replicate-1
mp	223	251	replicate-1
mp	224	252	replicate-1
mp	225	256	replicate-1
mp	226	251	replicate-1
mp	227	251	replicate-1
mp	228	253	replicate-1
mp	229	256	replicate-1
mp	230	257	replicate-1
mp	231	256	replicate-1
mp	232	256	replicate-1
mp	233	256	replicate-1
mp	234	261	replicate-1
mp	235	263	replicate-1
mp	236	261	replicate-1
mp	237	259	replicate-1
mp	238	260	replicate-1
mp	239	259	replicate-1
mp	240	258	replicate-1
mp	241	258	replicate-1
mp	242	262	replicate-1
mp	243	263	replicate-1
mp	244	256	replicate-1
mp	245	265	replicate-1
mp	246	263	replicate-1
mp	247	264	replicate-1
mp	248	265	replicate-1
mp	249	265	replicate-1
mp	250	270	replicate-1
mp	251	267	replicate-1
mp	252	274	replicate-1
mp	253	277	replicate-1
mp	254	276	replicate-1
mp	255	272	replicate-1
mp	256	270	replicate-1
mp	257	274	replicate-1
mp	258	276	replicate-1
mp	259	271	replicate-1
mp	260	271	replicate-1
mp	261	272	replicate-1
mp	262	271	replicate-1
mp	263	276	replicate-1
mp	264	276	replicate-1
mp	265	278	replicate-1
mp	266	278	replicate-1
mp	267	278	replicate-1
mp	268	281	replicate-1
mp	269	282	replicate-1
mp	270	282	replicate-1
mp	271	282	replicate-1
mp	272	275	replicate-1
mp	273	279	replicate-1
mp	274	282	replicate-1
mp	275	287	replicate-1
mp	276	287	replicate-1
mp	277	295	replicate-1
mp	278	296	replicate-1
mp	279	296	replicate-1
mp	280	298	replicate-1
mp	281	294	replicate-1
mp	282	298	replicate-1
mp	283	300	replicate-1
mp	284	297	replicate-1
mp	285	300	replicate-1
mp	286	278	replicate-1
mp	287	277	replicate-1
mp	288	275	replicate-1
mp	289	269	replicate-1
mp	290	273	replicate-1
mp	291	263	replicate-1
mp	292	270	replicate-1
mp	293	266	replicate-1
mp	294	266	replicate-1
mp	295	269	replicate-1
mp	296	269	replicate-1
mp	297	270	replicate-1
mp	298	286	replicate-1
mp	299	291	replicate-1
mp	300	294	replicate-1
mp	301	291	replicate-1
mp	302	292	replicate-1
mp	303	291	replicate-1
mp	304	296	replicate-1
mp	305	297	replicate-1
mp	306	297	replicate-1
mp	307	297	replicate-1
mp	308	275	replicate-1
mp	309	283	replicate-1
mp	310	281	replicate-1
mp	311	279	replicate-1
mp	312	280	replicate-1
mp	313	271	replicate-1
mp	314	273	replicate-1
mp	315	274	replicate-1
mp	316	278	replicate-1
mp	317	280	replicate-1
mp	318	279	replicate-1
mp	319	281	replicate-1
mp	320	282	replicate-1
mp	321	283	replicate-1
mp	322	292	replicate-1
mp	323	286	replicate-1
mp	324	285	replicate-1
mp	325	286	replicate-1
mp	326	286	replicate-1
mp	327	289	replicate-1
mp	328	289	replicate-1
mp	329	300	replicate-1
mp	330	296	replicate-1
mp	331	286	replicate-1
mp	332	287	replicate-1
mp	333	288	replicate-1
mp	334	281	replicate-1
mp	335	281	replicate-1
mp	336	279	replicate-1
mp	337	279	replicate-1
mp	338	280	replicate-1
mp	339	289	replicate-1
mp	340	285	replicate-1
mp	341	295	replicate-1
mp	342	298	replicate-1
mp	343	298	replicate-1
mp	344	305	replicate-1
mp	345	305	replicate-1
mp	346	305	replicate-1
mp	347	305	replicate-1
mp	348	308	replicate-1
mp	349	300	replicate-1
mp	350	296	replicate-1
mp	351	292	replicate-1
mp	352	295	replicate-1
mp	353	288	replicate-1
mp	354	286	replicate-1
mp	355	285	replicate-1
mp	356	281	replicate-1
mp	357	287	replicate-1
mp	358	292	replicate-1
mp	359	297	replicate-1
mp	360	297	replicate-1
mp	361	294	replicate-1
mp	362	293	replicate-1
mp	363	293	replicate-1
mp	364	290	replicate-1
mp	365	288	replicate-1
mp	366	278	replicate-1
mp	367	272	replicate-1
mp	368	275	replicate-1
mp	369	276	replicate-1
mp	370	275	replicate-1
mp	371	275	replicate-1
mp	372	271	replicate-1
mp	373	268	replicate-1
mp	374	269	replicate-1
mp	375	266	replicate-1
mp	376	281	replicate-1
mp	377	278	replicate-1
mp	378	279	replicate-1
mp	379	279	replicate-1
mp	380	275	replicate-1
mp	381	277	replicate-1
mp	382	277	replicate-1
mp	383	277	replicate-1
mp	384	278	replicate-1
mp	385	267	replicate-1
mp	386	268	replicate-1
mp	387	272	replicate-1
mp	388	268	replicate-1
mp	389	263	replicate-1
mp	390	266	replicate-1
mp	391	267	replicate-1
mp	392	270	replicate-1
mp	393	272	replicate-1
mp	394	273	replicate-1
mp	395	277	replicate-1
mp	396	275	replicate-1
mp	397	277	replicate-1
mp	398	278	replicate-1
mp	399	275	replicate-1
mp	400	274	replicate-1
mp	401	272	replicate-1
mp	402	275	replicate-1
mp	403	280	replicate-1
mp	404	284	replicate-1
mp	405	296	replicate-1
mp	406	294	replicate-1
mp	407	294	replicate-1
mp	408	294	replicate-1
mp	409	296	replicate-1
mp	410	299	replicate-1
mp	411	307	replicate-1
mp	412	299	replicate-1
mp	413	318	replicate-1
mp	414	316	replicate-1
mp	415	328	replicate-1
mp	416	350	replicate-1
mp	417	352	replicate-1
mp	418	358	replicate-1
mp	419	353	replicate-1
mp	420	349	replicate-1
mp	421	359	replicate-1
mp	422	350	replicate-1
mp	423	350	replicate-1
mp	424	347	replicate-1
mp	425	331	replicate-1
mp	426	340	replicate-1
mp	427	344	replicate-1
mp	428	345	replicate-1
mp	429	348	replicate-1
mp	430	344	replicate-1
mp	431	348	replicate-1
mp	432	355	replicate-1
mp	433	355	replicate-1
mp	434	356	replicate-1
mp	435	343	replicate-1
mp	436	339	replicate-1
mp	437	339	replicate-1
mp	438	338	replicate-1
mp	439	340	replicate-1
mp	440	337	replicate-1
mp	441	337	replicate-1
mp	442	336	replicate-1
mp	443	336	replicate-1
mp	444	337	replicate-1
mp	445	336	replicate-1
mp	446	343	replicate-1
mp	447	340	replicate-1
mp	448	338	replicate-1
mp	449	335	replicate-1
mp	450	332	replicate-1
mp	451	335	replicate-1
mp	452	341	replicate-1
mp	453	340	replicate-1
mp	454	338	replicate-1
mp	455	336	replicate-1
mp	456	333	replicate-1
mp	457	341	replicate-1
mp	458	355	replicate-1
mp	459	362	replicate-1
mp	460	362	replicate-1
mp	461	358	replicate-1
mp	462	357	replicate-1
mp	463	364	replicate-1
mp	464	370	replicate-1
mp	465	367	replicate-1
mp	466	369	replicate-1
mp	467	329	replicate-1
mp	468	332	replicate-1
mp	469	332	replicate-1
mp	470	332	replicate-1
mp	471	331	replicate-1
mp	472	321	replicate-1
mp	473	320	replicate-1
mp	474	342	replicate-1
mp	475	339	replicate-1
mp	476	340	replicate-1
mp	477	342	replicate-1
mp	478	342	replicate-1
mp	479	343	replicate-1
mp	480	339	replicate-1
mp	481	341	replicate-1
mp	482	339	replicate-1
mp	483	325	replicate-1
mp	484	331	replicate-1
mp	485	327	replicate-1
mp	486	325	replicate-1
mp	487	324	replicate-1
mp	488	328	replicate-1
mp	489	325	replicate-1
mp	490	324	replicate-1
mp	491	322	replicate-1
mp	492	325	replicate-1
mp	493	317	replicate-1
mp	494	321	replicate-1
mp	495	324	replicate-1
mp	496	322	replicate-1
mp	497	325	replicate-1
mp	498	325	replicate-1
mp	499	329	replicate-1
mp	500	330	replicate-1
mp	501	325	replicate-1
mp	502	324	replicate-1
mp	503	322	replicate-1
mp	504	320	replicate-1
mp	505	330	replicate-1
mp	506	331	replicate-1
mp	507	332	replicate-1
mp	508	331	replicate-1
mp	509	337	replicate-1
mp	510	335	replicate-1
mp	511	337	replicate-1
mp	512	337	replicate-1
mp	513	339	replicate-1
mp	514	329	replicate-1
mp	515	331	replicate-1
mp	516	320	replicate-1
mp	517	321	replicate-1
mp	518	315	replicate-1
mp	519	316	replicate-1
mp	520	312	replicate-1
mp	521	313	replicate-1
mp	522	310	replicate-1
mp	523	309	replicate-1
mp	524	304	replicate-1
mp	525	303	replicate-1
mp	526	298	replicate-1
mp	527	287	replicate-1
mp	528	290	replicate-1
mp	529	289	replicate-1
mp	530	276	replicate-1
mp	531	275	replicate-1
mp	532	275	replicate-1
mp	533	262	replicate-1
mp	534	256	replicate-1
mp	535	260	replicate-1
mp	536	259	replicate-1
mp	537	260	replicate-1
mp	538	257	replicate-1
mp	539	268	replicate-1
mp	540	267	replicate-1
mp	541	268	replicate-1
mp	542	265	replicate-1
mp	543	264	replicate-1
mp	544	258	replicate-1
mp	545	251	replicate-1
mp	546	252	replicate-1
mp	547	252	replicate-1
mp	548	253	replicate-1
mp	549	254	replicate-1
mp	550	250	replicate-1
mp	551	251	replicate-1
mp	552	247	replicate-1
mp	553	251	replicate-1
mp	554	251	replicate-1
mp	555	246	replicate-1
mp	556	249	replicate-1
mp	557	248	replicate-1
mp	558	249	replicate-1
mp	559	246	replicate-1
mp	560	246	replicate-1
mp	561	248	replicate-1
mp	562	246	replicate-1
mp	563	263	replicate-1
mp	564	261	replicate-1
mp	565	267	replicate-1
mp	566	267	replicate-1
mp	567	262	replicate-1
mp	568	265	replicate-1
mp	569	265	replicate-1
mp	570	266	replicate-1
mp	571	263	replicate-1
mp	572	251	replicate-1
mp	573	270	replicate-1
mp	574	269	replicate-1
mp	575	269	replicate-1
mp	576	273	replicate-1
mp	577	267	replicate-1
mp	578	267	replicate-1
mp	579	272	replicate-1
mp	580	280	replicate-1
mp	581	289	replicate-1
mp	582	273	replicate-1
mp	583	267	replicate-1
mp	584	268	replicate-1
mp	585	272	replicate-1
mp	586	275	replicate-1
mp	587	275	replicate-1
mp	588	277	replicate-1
mp	589	268	replicate-1
mp	590	271	replicate-1
mp	591	271	replicate-1
mp	592	271	replicate-1
mp	593	275	replicate-1
mp	594	265	replicate-1
mp	595	261	replicate-1
mp	596	259	replicate-1
mp	597	253	replicate-1
mp	598	253	replicate-1
mp	599	253	replicate-1
mp	600	262	replicate-1
mp	601	266	replicate-1
mp	602	265	replicate-1
mp	603	264	replicate-1
mp	604	264	replicate-1
mp	605	269	replicate-1
mp	606	270	replicate-1
mp	607	270	replicate-1
mp	608	270	replicate-1
mp	609	259	replicate-1
mp	610	259	replicate-1
mp	611	256	replicate-1
mp	612	257	replicate-1
mp	613	257	replicate-1
mp	614	255	replicate-1
mp	615	257	replicate-1
mp	616	258	replicate-1
mp	617	259	replicate-1
mp	618	259	replicate-1
mp	619	259	replicate-1
mp	620	259	replicate-1
mp	621	263	replicate-1
mp	622	261	replicate-1
mp	623	269	replicate-1
mp	624	271	replicate-1
mp	625	269	replicate-1
mp	626	270	replicate-1
mp	627	270	replicate-1
mp	628	269	replicate-1
mp	629	270	replicate-1
mp	630	273	replicate-1
mp	631	274	replicate-1
mp	632	266	replicate-1
mp	633	266	replicate-1
mp	634	267	replicate-1
mp	635	269	replicate-1
mp	636	267	replicate-1
mp	637	271	replicate-1
mp	638	272	replicate-1
mp	639	270	replicate-1
mp	640	269	replicate-1
mp	641	271	replicate-1
mp	642	272	replicate-1
mp	643	274	replicate-1
mp	644	270	replicate-1
mp	645	271	replicate-1
mp	646	271	replicate-1
mp	647	274	replicate-1
mp	648	269	replicate-1
mp	649	273	replicate-1
mp	650	275	replicate-1
mp	651	275	replicate-1
mp	652	273	replicate-1
mp	653	272	replicate-1
mp	654	276	replicate-1
mp	655	277	replicate-1
mp	656	275	replicate-1
mp	657	267	replicate-1
mp	658	265	replicate-1
mp	659	259	replicate-1
mp	660	261	replicate-1
mp	661	265	replicate-1
mp	662	273	replicate-1
mp	663	271	replicate-1
mp	664	275	replicate-1
mp	665	275	replicate-1
mp	666	276	replicate-1
mp	667	279	replicate-1
mp	668	280	replicate-1
mp	669	274	replicate-1
mp	670	271	replicate-1
mp	671	261	replicate-1
mp	672	258	replicate-1
mp	673	261	replicate-1
mp	674	256	replicate-1
mp	675	254	replicate-1
mp	676	257	replicate-1
mp	677	254	replicate-1
mp	678	262	replicate-1
mp	679	259	replicate-1
mp	680	257	replicate-1
mp	681	258	replicate-1
mp	682	259	replicate-1
mp	683	260	replicate-1
mp	684	259	replicate-1
mp	685	259	replicate-1
mp	686	260	replicate-1
mp	687	261	replicate-1
mp	688	248	replicate-1
mp	689	250	replicate-1
mp	690	250	replicate-1
mp	691	268	replicate-1
mp	692	270	replicate-1
mp	693	265	replicate-1
mp	694	263	replicate-1
mp	695	262	replicate-1
mp	696	263	replicate-1
mp	697	272	replicate-1
mp	698	271	replicate-1
mp	699	270	replicate-1
mp	700	263	replicate-1
mp	701	263	replicate-1
mp	702	267	replicate-1
mp	703	265	replicate-1
mp	704	265	replicate-1
mp	705	263	replicate-1
mp	706	257	replicate-1
mp	707	259	replicate-1
mp	708	266	replicate-1
mp	709	265	replicate-1
mp	710	265	replicate-1
mp	711	264	replicate-1
mp	712	264	replicate-1
mp	713	263	replicate-1
mp	714	262	replicate-1
mp	715	260	replicate-1
mp	716	260	replicate-1
mp	717	251	replicate-1
mp	718	249	replicate-1
mp	719	249	replicate-1
mp	720	245	replicate-1
mp	721	239	replicate-1
mp	722	238	replicate-1
mp	723	237	replicate-1
mp	724	244	replicate-1
mp	725	245	replicate-1
mp	726	244	replicate-1
mp	727	244	replicate-1
mp	728	243	replicate-1
mp	729	242	replicate-1
mp	730	239	replicate-1
mp	731	238	replicate-1
mp	732	236	replicate-1
mp	733	226	replicate-1
mp	734	234	replicate-1
mp	735	234	replicate-1
mp	736	235	replicate-1
mp	737	235	replicate-1
mp	738	234	replicate-1
mp	739	235	replicate-1
mp	740	237	replicate-1
mp	741	235	replicate-1
mp	742	233	replicate-1
mp	743	232	replicate-1
mp	744	241	replicate-1
mp	745	243	replicate-1
mp	746	244	replicate-1
mp	747	244	replicate-1
mp	748	244	replicate-1
mp	749	246	replicate-1
mp	750	243	replicate-1
mp	751	241	replicate-1
mp	752	244	replicate-1
mp	753	241	replicate-1
mp	754	242	replicate-1
mp	755	241	replicate-1
mp	756	241	replicate-1
mp	757	241	replicate-1
mp	758	241	replicate-1
mp	759	243	replicate-1
mp	760	239	replicate-1
mp	761	243	replicate-1
mp	762	239	replicate-1
mp	763	238	replicate-1
mp	764	239	replicate-1
mp	765	239	replicate-1
mp	766	240	replicate-1
mp	767	241	replicate-1
mp	768	240	replicate-1
mp	769	240	replicate-1
mp	770	238	replicate-1
mp	771	236	replicate-1
mp	772	236	replicate-1
mp	773	227	replicate-1
mp	774	229	replicate-1
mp	775	233	replicate-1
mp	776	232	replicate-1
mp	777	232	replicate-1
mp	778	234	replicate-1
mp	779	233	replicate-1
mp	780	237	replicate-1
mp	781	238	replicate-1
mp	782	232	replicate-1
mp	783	230	replicate-1
mp	784	224	replicate-1
mp	785	223	replicate-1
mp	786	226	replicate-1
mp	787	224	replicate-1
mp	788	225	replicate-1
mp	789	232	replicate-1
mp	790	230	replicate-1
mp	791	231	replicate-1
mp	792	232	replicate-1
mp	793	229	replicate-1
mp	794	228	replicate-1
mp	795	227	replicate-1
mp	796	218	replicate-1
mp	797	218	replicate-1
mp	798	219	replicate-1
mp	799	214	replicate-1
mp	800	214	replicate-1
mp	801	214	replicate-1
mp	802	215	replicate-1
mp	803	215	replicate-1
mp	804	215	replicate-1
mp	805	215	replicate-1
mp	806	217	replicate-1
mp	807	217	replicate-1
mp	808	218	replicate-1
mp	809	223	replicate-1
mp	810	228	replicate-1
mp	811	231	replicate-1
mp	812	230	replicate-1
mp	813	229	replicate-1
mp	814	217	replicate-1
mp	815	216	replicate-1
mp	816	218	replicate-1
mp	817	217	replicate-1
mp	818	210	replicate-1
mp	819	214	replicate-1
mp	820	215	replicate-1
mp	821	216	replicate-1
mp	822	218	replicate-1
mp	823	222	replicate-1
mp	824	220	replicate-1
mp	825	217	replicate-1
mp	826	223	replicate-1
mp	827	224	replicate-1
mp	828	231	replicate-1
mp	829	228	replicate-1
mp	830	218	replicate-1
mp	831	217	replicate-1
mp	832	215	replicate-1
mp	833	218	replicate-1
mp	834	216	replicate-1
mp	835	216	replicate-1
mp	836	215	replicate-1
mp	837	206	replicate-1
mp	838	205	replicate-1
mp	839	203	replicate-1
mp	840	199	replicate-1
mp	841	199	replicate-1
mp	842	196	replicate-1
mp	843	196	replicate-1
mp	844	195	replicate-1
mp	845	195	replicate-1
mp	846	196	replicate-1
mp	847	192	replicate-1
mp	848	195	replicate-1
mp	849	195	replicate-1
mp	850	195	replicate-1
mp	851	197	replicate-1
mp	852	199	replicate-1
mp	853	200	replicate-1
mp	854	208	replicate-1
mp	855	208	replicate-1
mp	856	208	replicate-1
mp	857	209	replicate-1
mp	858	200	replicate-1
mp	859	199	replicate-1
mp	860	199	replicate-1
mp	861	196	replicate-1
mp	862	196	replicate-1
mp	863	199	replicate-1
mp	864	200	replicate-1
mp	865	198	replicate-1
mp	866	199	replicate-1
mp	867	199	replicate-1
mp	868	198	replicate-1
mp	869	199	replicate-1
mp	870	196	replicate-1
mp	871	194	replicate-1
mp	872	191	replicate-1
mp	873	189	replicate-1
mp	874	191	replicate-1
mp	875	193	replicate-1
mp	876	197	replicate-1
mp	877	199	replicate-1
mp	878	199	replicate-1
mp	879	197	replicate-1
mp	880	197	replicate-1
mp	881	196	replicate-1
mp	882	197	replicate-1
mp	883	193	replicate-1
mp	884	192	replicate-1
mp	885	189	replicate-1
mp	886	197	replicate-1
mp	887	196	replicate-1
mp	888	196	replicate-1
mp	889	198	replicate-1
mp	890	198	replicate-1
mp	891	198	replicate-1
mp	892	198	replicate-1
mp	893	199	replicate-1
mp	894	196	replicate-1
mp	895	194	replicate-1
mp	896	182	replicate-1
mp	897	181	replicate-1
mp	898	181	replicate-1
mp	899	185	replicate-1
mp	900	187	replicate-1
mp	901	188	replicate-1
mp	902	190	replicate-1
mp	903	193	replicate-1
mp	904	194	replicate-1
mp	905	195	replicate-1
mp	906	196	replicate-1
mp	907	194	replicate-1
mp	908	189	replicate-1
mp	909	191	replicate-1
mp	910	188	replicate-1
mp	911	190	replicate-1
mp	912	190	replicate-1
mp	913	192	replicate-1
mp	914	188	replicate-1
mp	915	192	replicate-1
mp	916	190	replicate-1
mp	917	192	replicate-1
mp	918	192	replicate-1
mp	919	190	replicate-1
mp	920	188	replicate-1
mp	921	188	replicate-1
mp	922	179	replicate-1
mp	923	183	replicate-1
mp	924	177	replicate-1
mp	925	177	replicate-1
mp	926	177	replicate-1
mp	927	176	replicate-1
mp	928	176	replicate-1
mp	929	176	replicate-1
mp	930	175	replicate-1
mp	931	176	replicate-1
mp	932	167	replicate-1
mp	933	167	replicate-1
mp	934	167	replicate-1
mp	935	160	replicate-1
mp	936	162	replicate-1
mp	937	159	replicate-1
mp	938	160	replicate-1
mp	939	157	replicate-1
mp	940	157	replicate-1
mp	941	156	replicate-1
mp	942	152	replicate-1
mp	943	152	replicate-1
mp	944	152	replicate-1
mp	945	152	replicate-1
mp	946	153	replicate-1
mp	947	149	replicate-1
mp	948	150	replicate-1
mp	949	150	replicate-1
mp	950	150	replicate-1
mp	951	150	replicate-1
mp	952	147	replicate-1
mp	953	150	replicate-1
mp	954	149	replicate-1
mp	955	148	replicate-1
mp	956	148	replicate-1
mp	957	142	replicate-1
mp	958	143	replicate-1
mp	959	142	replicate-1
mp	960	141	replicate-1
mp	961	140	replicate-1
mp	962	137	replicate-1
mp	963	138	replicate-1
mp	964	138	replicate-1
mp	965	139	replicate-1
mp	966	140	replicate-1
mp	967	134	replicate-1
mp	968	133	replicate-1
mp	969	130	replicate-1
mp	970	125	replicate-1
mp	971	121	replicate-1
mp	972	120	replicate-1
mp	973	120	replicate-1
mp	974	119	replicate-1
mp	975	115	replicate-1
mp	976	109	replicate-1
mp	977	107	replicate-1
mp	978	107	replicate-1
mp	979	105	replicate-1
mp	980	105	replicate-1
mp	981	105	replicate-1
mp	982	104	replicate-1
mp	983	104	replicate-1
mp	984	101	replicate-1
mp	985	100	replicate-1
mp	986	100	replicate-1
mp	987	100	replicate-1
mp	988	96	replicate-1
mp	989	96	replicate-1
mp	990	95	replicate-1
mp	991	94	replicate-1
mp	992	94	replicate-1
mp	993	93	replicate-1
mp	994	93	replicate-1
mp	995	88	replicate-1
mp	996	88	replicate-1
mp	997	84	replicate-1
mp	998	83	replicate-1
mp	999	82	replicate-1
mp	1000	69	replicate-1
mp	1001	68	replicate-1
mp	1002	68	replicate-1
mp	1003	68	replicate-1
mp	1004	68	replicate-1
mp	1005	57	replicate-1
mp	1006	57	replicate-1
mp	1007	56	replicate-1
mp	1008	56	replicate-1
mp	1009	55	replicate-1
mp	1010	54	replicate-1
mp	1011	47	replicate-1
mp	1012	47	replicate-1
mp	1013	42	replicate-1
mp	1014	41	replicate-1
mp	1015	41	replicate-1
mp	1016	40	replicate-1
mp	1017	40	replicate-1
mp	1018	37	replicate-1
mp	1019	37	replicate-1
mp	1020	37	replicate-1
mp	1021	36	replicate-1
mp	1022	36	replicate-1
mp	1023	28	replicate-1
mp	1024	27	replicate-1
mp	1025	26	replicate-1
mp	1026	26	replicate-1
mp	1027	6	replicate-1
np	1	274	replicate-1
np	2	325	replicate-1
np	3	327	replicate-1
np	4	328	replicate-1
np	5	348	replicate-1
np	6	360	replicate-1
np	7	360	replicate-1
np	8	367	replicate-1
np	9	367	replicate-1
np	10	369	replicate-1
np	11	397	replicate-1
np	12	399	replicate-1
np	13	428	replicate-1
np	14	430	replicate-1
np	15	431	replicate-1
np	16	463	replicate-1
np	17	466	replicate-1
np	18	474	replicate-1
np	19	478	replicate-1
np	20	533	replicate-1
np	21	539	replicate-1
np	22	556	replicate-1
np	23	565	replicate-1
np	24	588	replicate-1
np	25	590	replicate-1
np	26	599	replicate-1
np	27	599	replicate-1
np	28	611	replicate-1
np	29	621	replicate-1
np	30	653	replicate-1
np	31	658	replicate-1
np	32	664	replicate-1
np	33	666	replicate-1
np	34	679	replicate-1
np	35	684	replicate-1
np	36	705	replicate-1
np	37	708	replicate-1
np	38	709	replicate-1
np	39	714	replicate-1
np	40	716	replicate-1
np	41	751	replicate-1
np	42	754	replicate-1
np	43	757	replicate-1
np	44	764	replicate-1
np	45	765	replicate-1
np	46	765	replicate-1
np	47	768	replicate-1
np	48	770	replicate-1
np	49	773	replicate-1
np	50	773	replicate-1
np	51	777	replicate-1
np	52	790	replicate-1
np	53	801	replicate-1
np	54	801	replicate-1
np	55	802	replicate-1
np	56	802	replicate-1
np	57	803	replicate-1
np	58	810	replicate-1
np	59	826	replicate-1
np	60	829	replicate-1
np	61	810	replicate-1
np	62	819	replicate-1
np	63	815	replicate-1
np	64	802	replicate-1
np	65	776	replicate-1
np	66	772	replicate-1
np	67	771	replicate-1
np	68	767	replicate-1
np	69	777	replicate-1
np	70	777	replicate-1
np	71	826	replicate-1
np	72	830	replicate-1
np	73	837	replicate-1
np	74	847	replicate-1
np	75	847	replicate-1
np	76	866	replicate-1
np	77	868	replicate-1
np	78	860	replicate-1
np	79	869	replicate-1
np	80	853	replicate-1
np	81	906	replicate-1
np	82	910	replicate-1
np	83	916	replicate-1
np	84	924	replicate-1
np	85	921	replicate-1
np	86	917	replicate-1
np	87	928	replicate-1
np	88	923	replicate-1
np	89	954	replicate-1
np	90	938	replicate-1
np	91	951	replicate-1
np	92	950	replicate-1
np	93	949	replicate-1
np	94	956	replicate-1
np	95	959	replicate-1
np	96	950	replicate-1
np	97	951	replicate-1
np	98	926	replicate-1
np	99	934	replicate-1
np	100	931	replicate-1
np	101	920	replicate-1
np	102	924	replicate-1
np	103	927	replicate-1
np	104	931	replicate-1
np	105	940	replicate-1
np	106	939	replicate-1
np	107	941	replicate-1
np	108	930	replicate-1
np	109	926	replicate-1
np	110	927	replicate-1
np	111	923	replicate-1
np	112	931	replicate-1
np	113	932	replicate-1
np	114	926	replicate-1
np	115	928	replicate-1
np	116	925	replicate-1
np	117	952	replicate-1
np	118	954	replicate-1
np	119	955	replicate-1
np	120	962	replicate-1
np	121	950	replicate-1
np	122	965	replicate-1
np	123	960	replicate-1
np	124	966	replicate-1
np	125	963	replicate-1
np	126	937	replicate-1
np	127	943	replicate-1
np	128	946	replicate-1
np	129	950	replicate-1
np	130	965	replicate-1
np	131	948	replicate-1
np	132	947	replicate-1
np	133	953	replicate-1
np	134	954	replicate-1
np	135	945	replicate-1
np	136	936	replicate-1
np	137	937	replicate-1
np	138	929	replicate-1
np	139	907	replicate-1
np	140	900	replicate-1
np	141	906	replicate-1
np	142	904	replicate-1
np	143	894	replicate-1
np	144	904	replicate-1
np	145	916	replicate-1
np	146	923	replicate-1
np	147	916	replicate-1
np	148	924	replicate-1
np	149	940	replicate-1
np	150	938	replicate-1
np	151	912	replicate-1
np	152	913	replicate-1
np	153	905	replicate-1
np	154	909	replicate-1
np	155	903	replicate-1
np	156	903	replicate-1
np	157	904	replicate-1
np	158	901	replicate-1
np	159	954	replicate-1
np	160	954	replicate-1
np	161	996	replicate-1
np	162	1003	replicate-1
np	163	1000	replicate-1
np	164	1087	replicate-1
np	165	1090	replicate-1
np	166	1135	replicate-1
np	167	1128	replicate-1
np	168	1089	replicate-1
np	169	1109	replicate-1
np	170	1075	replicate-1
np	171	1130	replicate-1
np	172	1123	replicate-1
np	173	1047	replicate-1
np	174	1057	replicate-1
np	175	1026	replicate-1
np	176	1036	replicate-1
np	177	1035	replicate-1
np	178	1025	replicate-1
np	179	1021	replicate-1
np	180	964	replicate-1
np	181	977	replicate-1
np	182	973	replicate-1
np	183	987	replicate-1
np	184	986	replicate-1
np	185	981	replicate-1
np	186	982	replicate-1
np	187	986	replicate-1
np	188	986	replicate-1
np	189	987	replicate-1
np	190	987	replicate-1
np	191	978	replicate-1
np	192	977	replicate-1
np	193	971	replicate-1
np	194	973	replicate-1
np	195	972	replicate-1
np	196	968	replicate-1
np	197	969	replicate-1
np	198	970	replicate-1
np	199	966	replicate-1
np	200	962	replicate-1
np	201	960	replicate-1
np	202	963	replicate-1
np	203	964	replicate-1
np	204	960	replicate-1
np	205	960	replicate-1
np	206	953	replicate-1
np	207	948	replicate-1
np	208	924	replicate-1
np	209	925	replicate-1
np	210	930	replicate-1
np	211	931	replicate-1
np	212	913	replicate-1
np	213	913	replicate-1
np	214	942	replicate-1
np	215	942	replicate-1
np	216	941	replicate-1
np	217	941	replicate-1
np	218	930	replicate-1
np	219	932	replicate-1
np	220	919	replicate-1
np	221	914	replicate-1
np	222	918	replicate-1
np	223	845	replicate-1
np	224	881	replicate-1
np	225	879	replicate-1
np	226	881	replicate-1
np	227	895	replicate-1
np	228	886	replicate-1
np	229	959	replicate-1
np	230	970	replicate-1
np	231	949	replicate-1
np	232	944	replicate-1
np	233	890	replicate-1
np	234	885	replicate-1
np	235	890	replicate-1
np	236	859	replicate-1
np	237	865	replicate-1
np	238	742	replicate-1
np	239	752	replicate-1
np	240	745	replicate-1
np	241	747	replicate-1
np	242	747	replicate-1
np	243	757	replicate-1
np	244	758	replicate-1
np	245	748	replicate-1
np	246	748	replicate-1
np	247	752	replicate-1
np	248	746	replicate-1
np	249	757	replicate-1
np	250	754	replicate-1
np	251	760	replicate-1
np	252	747	replicate-1
np	253	756	replicate-1
np	254	761	replicate-1
np	255	755	replicate-1
np	256	759	replicate-1
np	257	749	replicate-1
np	258	743	replicate-1
np	259	755	replicate-1
np	260	753	replicate-1
np	261	750	replicate-1
np	262	746	replicate-1
np	263	743	replicate-1
np	264	741	replicate-1
np	265	739	replicate-1
np	266	743	replicate-1
np	267	755	replicate-1
np	268	741	replicate-1
np	269	738	replicate-1
np	270	750	replicate-1
np	271	764	replicate-1
np	272	767	replicate-1
np	273	771	replicate-1
np	274	765	replicate-1
np	275	759	replicate-1
np	276	750	replicate-1
np	277	755	replicate-1
np	278	761	replicate-1
np	279	745	replicate-1
np	280	742	replicate-1
np	281	738	replicate-1
np	282	735	replicate-1
np	283	740	replicate-1
np	284	745	replicate-1
np	285	742	replicate-1
np	286	759	replicate-1
np	287	738	replicate-1
np	288	739	replicate-1
np	289	738	replicate-1
np	290	729	replicate-1
np	291	754	replicate-1
np	292	741	replicate-1
np	293	740	replicate-1
np	294	741	replicate-1
np	295	734	replicate-1
np	296	769	replicate-1
np	297	762	replicate-1
np	298	769	replicate-1
np	299	760	replicate-1
np	300	747	replicate-1
np	301	753	replicate-1
np	302	751	replicate-1
np	303	753	replicate-1
np	304	754	replicate-1
np	305	714	replicate-1
np	306	715	replicate-1
np	307	713	replicate-1
np	308	710	replicate-1
np	309	710	replicate-1
np	310	708	replicate-1
np	311	693	replicate-1
np	312	698	replicate-1
np	313	702	replicate-1
np	314	695	replicate-1
np	315	691	replicate-1
np	316	675	replicate-1
np	317	666	replicate-1
np	318	661	replicate-1
np	319	656	replicate-1
np	320	656	replicate-1
np	321	651	replicate-1
np	322	650	replicate-1
np	323	651	replicate-1
np	324	648	replicate-1
np	325	649	replicate-1
np	326	652	replicate-1
np	327	647	replicate-1
np	328	650	replicate-1
np	329	652	replicate-1
np	330	654	replicate-1
np	331	656	replicate-1
np	332	655	replicate-1
np	333	653	replicate-1
np	334	648	replicate-1
np	335	639	replicate-1
np	336	636	replicate-1
np	337	633	replicate-1
np	338	627	replicate-1
np	339	631	replicate-1
np	340	622	replicate-1
np	341	634	replicate-1
np	342	637	replicate-1
np	343	631	replicate-1
np	344	635	replicate-1
np	345	632	replicate-1
np	346	642	replicate-1
np	347	635	replicate-1
np	348	637	replicate-1
np	349	643	replicate-1
np	350	646	replicate-1
np	351	648	replicate-1
np	352	644	replicate-1
np	353	623	replicate-1
np	354	609	replicate-1
np	355	586	replicate-1
np	356	595	replicate-1
np	357	594	replicate-1
np	358	594	replicate-1
np	359	588	replicate-1
np	360	587	replicate-1
np	361	590	replicate-1
np	362	593	replicate-1
np	363	596	replicate-1
np	364	615	replicate-1
np	365	620	replicate-1
np	366	610	replicate-1
np	367	611	replicate-1
np	368	601	replicate-1
np	369	603	replicate-1
np	370	601	replicate-1
np	371	597	replicate-1
np	372	597	replicate-1
np	373	595	replicate-1
np	374	573	replicate-1
np	375	609	replicate-1
np	376	610	replicate-1
np	377	612	replicate-1
np	378	605	replicate-1
np	379	597	replicate-1
np	380	623	replicate-1
np	381	620	replicate-1
np	382	594	replicate-1
np	383	593	replicate-1
np	384	572	replicate-1
np	385	581	replicate-1
np	386	578	replicate-1
np	387	581	replicate-1
np	388	584	replicate-1
np	389	563	replicate-1
np	390	577	replicate-1
np	391	582	replicate-1
np	392	586	replicate-1
np	393	597	replicate-1
np	394	589	replicate-1
np	395	601	replicate-1
np	396	596	replicate-1
np	397	595	replicate-1
np	398	598	replicate-1
np	399	595	replicate-1
np	400	598	replicate-1
np	401	597	replicate-1
np	402	587	replicate-1
np	403	585	replicate-1
np	404	589	replicate-1
np	405	589	replicate-1
np	406	591	replicate-1
np	407	591	replicate-1
np	408	592	replicate-1
np	409	603	replicate-1
np	410	608	replicate-1
np	411	606	replicate-1
np	412	612	replicate-1
np	413	612	replicate-1
np	414	632	replicate-1
np	415	644	replicate-1
np	416	645	replicate-1
np	417	652	replicate-1
np	418	660	replicate-1
np	419	660	replicate-1
np	420	663	replicate-1
np	421	673	replicate-1
np	422	676	replicate-1
np	423	682	replicate-1
np	424	685	replicate-1
np	425	699	replicate-1
np	426	709	replicate-1
np	427	716	replicate-1
np	428	723	replicate-1
np	429	742	replicate-1
np	430	737	replicate-1
np	431	744	replicate-1
np	432	740	replicate-1
np	433	735	replicate-1
np	434	741	replicate-1
np	435	735	replicate-1
np	436	731	replicate-1
np	437	726	replicate-1
np	438	728	replicate-1
np	439	739	replicate-1
np	440	751	replicate-1
np	441	750	replicate-1
np	442	755	replicate-1
np	443	757	replicate-1
np	444	773	replicate-1
np	445	769	replicate-1
np	446	767	replicate-1
np	447	766	replicate-1
np	448	781	replicate-1
np	449	770	replicate-1
np	450	808	replicate-1
np	451	811	replicate-1
np	452	806	replicate-1
np	453	802	replicate-1
np	454	805	replicate-1
np	455	806	replicate-1
np	456	818	replicate-1
np	457	820	replicate-1
np	458	819	replicate-1
np	459	798	replicate-1
np	460	792	replicate-1
np	461	797	replicate-1
np	462	800	replicate-1
np	463	804	replicate-1
np	464	818	replicate-1
np	465	820	replicate-1
np	466	826	replicate-1
np	467	827	replicate-1
np	468	824	replicate-1
np	469	875	replicate-1
np	470	888	replicate-1
np	471	889	replicate-1
np	472	889	replicate-1
np	473	872	replicate-1
np	474	889	replicate-1
np	475	890	replicate-1
np	476	889	replicate-1
np	477	895	replicate-1
np	478	857	replicate-1
np	479	850	replicate-1
np	480	847	replicate-1
np	481	853	replicate-1
np	482	872	replicate-1
np	483	862	replicate-1
np	484	879	replicate-1
np	485	876	replicate-1
np	486	870	replicate-1
np	487	888	replicate-1
np	488	886	replicate-1
np	489	915	replicate-1
np	490	906	replicate-1
np	491	886	replicate-1
np	492	909	replicate-1
np	493	894	replicate-1
np	494	919	replicate-1
np	495	921	replicate-1
np	496	906	replicate-1
np	497	906	replicate-1
np	498	884	replicate-1
np	499	882	replicate-1
np	500	881	replicate-1
np	501	874	replicate-1
np	502	886	replicate-1
np	503	866	replicate-1
np	504	865	replicate-1
np	505	872	replicate-1
np	506	875	replicate-1
np	507	887	replicate-1
np	508	889	replicate-1
np	509	885	replicate-1
np	510	889	replicate-1
np	511	885	replicate-1
np	512	904	replicate-1
np	513	912	replicate-1
np	514	908	replicate-1
np	515	897	replicate-1
np	516	889	replicate-1
np	517	909	replicate-1
np	518	909	replicate-1
np	519	915	replicate-1
np	520	914	replicate-1
np	521	866	replicate-1
np	522	869	replicate-1
np	523	879	replicate-1
np	524	875	replicate-1
np	525	896	replicate-1
np	526	873	replicate-1
np	527	868	replicate-1
np	528	866	replicate-1
np	529	867	replicate-1
np	530	874	replicate-1
np	531	872	replicate-1
np	532	865	replicate-1
np	533	848	replicate-1
np	534	844	replicate-1
np	535	832	replicate-1
np	536	840	replicate-1
np	537	840	replicate-1
np	538	838	replicate-1
np	539	880	replicate-1
np	540	879	replicate-1
np	541	923	replicate-1
np	542	923	replicate-1
np	543	901	replicate-1
np	544	906	replicate-1
np	545	897	replicate-1
np	546	893	replicate-1
np	547	888	replicate-1
np	548	833	replicate-1
np	549	840	replicate-1
np	550	809	replicate-1
np	551	829	replicate-1
np	552	833	replicate-1
np	553	821	replicate-1
np	554	821	replicate-1
np	555	821	replicate-1
np	556	823	replicate-1
np	557	827	replicate-1
np	558	815	replicate-1
np	559	854	replicate-1
np	560	842	replicate-1
np	561	860	replicate-1
np	562	857	replicate-1
np	563	853	replicate-1
np	564	848	replicate-1
np	565	843	replicate-1
np	566	861	replicate-1
np	567	864	replicate-1
np	568	825	replicate-1
np	569	851	replicate-1
np	570	864	replicate-1
np	571	853	replicate-1
np	572	859	replicate-1
np	573	860	replicate-1
np	574	867	replicate-1
np	575	865	replicate-1
np	576	862	replicate-1
np	577	865	replicate-1
np	578	855	replicate-1
np	579	848	replicate-1
np	580	856	replicate-1
np	581	854	replicate-1
np	582	851	replicate-1
np	583	858	replicate-1
np	584	865	replicate-1
np	585	863	replicate-1
np	586	868	replicate-1
np	587	870	replicate-1
np	588	862	replicate-1
np	589	897	replicate-1
np	590	900	replicate-1
np	591	911	replicate-1
np	592	938	replicate-1
np	593	928	replicate-1
np	594	928	replicate-1
np	595	930	replicate-1
np	596	926	replicate-1
np	597	928	replicate-1
np	598	902	replicate-1
np	599	892	replicate-1
np	600	857	replicate-1
np	601	854	replicate-1
np	602	837	replicate-1
np	603	839	replicate-1
np	604	841	replicate-1
np	605	860	replicate-1
np	606	862	replicate-1
np	607	851	replicate-1
np	608	850	replicate-1
np	609	842	replicate-1
np	610	866	replicate-1
np	611	870	replicate-1
np	612	877	replicate-1
np	613	885	replicate-1
np	614	858	replicate-1
np	615	864	replicate-1
np	616	873	replicate-1
np	617	868	replicate-1
np	618	874	replicate-1
np	619	889	replicate-1
np	620	880	replicate-1
np	621	878	replicate-1
np	622	873	replicate-1
np	623	869	replicate-1
np	624	876	replicate-1
np	625	874	replicate-1
np	626	875	replicate-1
np	627	876	replicate-1
np	628	848	replicate-1
np	629	841	replicate-1
np	630	850	replicate-1
np	631	854	replicate-1
np	632	852	replicate-1
np	633	851	replicate-1
np	634	861	replicate-1
np	635	860	replicate-1
np	636	860	replicate-1
np	637	862	replicate-1
np	638	852	replicate-1
np	639	857	replicate-1
np	640	853	replicate-1
np	641	853	replicate-1
np	642	839	replicate-1
np	643	841	replicate-1
np	644	873	replicate-1
np	645	885	replicate-1
np	646	889	replicate-1
np	647	890	replicate-1
np	648	877	replicate-1
np	649	865	replicate-1
np	650	863	replicate-1
np	651	862	replicate-1
np	652	867	replicate-1
np	653	830	replicate-1
np	654	833	replicate-1
np	655	834	replicate-1
np	656	837	replicate-1
np	657	845	replicate-1
np	658	847	replicate-1
np	659	849	replicate-1
np	660	879	replicate-1
np	661	880	replicate-1
np	662	880	replicate-1
np	663	881	replicate-1
np	664	884	replicate-1
np	665	887	replicate-1
np	666	886	replicate-1
np	667	881	replicate-1
np	668	877	replicate-1
np	669	826	replicate-1
np	670	830	replicate-1
np	671	831	replicate-1
np	672	829	replicate-1
np	673	828	replicate-1
np	674	828	replicate-1
np	675	829	replicate-1
np	676	816	replicate-1
np	677	819	replicate-1
np	678	823	replicate-1
np	679	812	replicate-1
np	680	821	replicate-1
np	681	813	replicate-1
np	682	814	replicate-1
np	683	813	replicate-1
np	684	807	replicate-1
np	685	803	replicate-1
np	686	835	replicate-1
np	687	848	replicate-1
np	688	843	replicate-1
np	689	827	replicate-1
np	690	820	replicate-1
np	691	823	replicate-1
np	692	833	replicate-1
np	693	836	replicate-1
np	694	826	replicate-1
np	695	816	replicate-1
np	696	806	replicate-1
np	697	875	replicate-1
np	698	880	replicate-1
np	699	894	replicate-1
np	700	891	replicate-1
np	701	870	replicate-1
np	702	861	replicate-1
np	703	863	replicate-1
np	704	843	replicate-1
np	705	850	replicate-1
np	706	749	replicate-1
np	707	757	replicate-1
np	708	737	replicate-1
np	709	746	replicate-1
np	710	737	replicate-1
np	711	748	replicate-1
np	712	741	replicate-1
np	713	750	replicate-1
np	714	751	replicate-1
np	715	742	replicate-1
np	716	737	replicate-1
np	717	732	replicate-1
np	718	726	replicate-1
np	719	726	replicate-1
np	720	720	replicate-1
np	721	730	replicate-1
np	722	727	replicate-1
np	723	731	replicate-1
np	724	729	replicate-1
np	725	728	replicate-1
np	726	733	replicate-1
np	727	739	replicate-1
np	728	732	replicate-1
np	729	726	replicate-1
np	730	721	replicate-1
np	731	721	replicate-1
np	732	733	replicate-1
np	733	734	replicate-1
np	734	738	replicate-1
np	735	753	replicate-1
np	736	743	replicate-1
np	737	745	replicate-1
np	738	744	replicate-1
np	739	740	replicate-1
np	740	752	replicate-1
np	741	733	replicate-1
np	742	736	replicate-1
np	743	738	replicate-1
np	744	726	replicate-1
np	745	741	replicate-1
np	746	745	replicate-1
np	747	750	replicate-1
np	748	748	replicate-1
np	749	746	replicate-1
np	750	748	replicate-1
np	751	741	replicate-1
np	752	784	replicate-1
np	753	787	replicate-1
np	754	785	replicate-1
np	755	789	replicate-1
np	756	767	replicate-1
np	757	816	replicate-1
np	758	831	replicate-1
np	759	842	replicate-1
np	760	839	replicate-1
np	761	804	replicate-1
np	762	808	replicate-1
np	763	820	replicate-1
np	764	819	replicate-1
np	765	826	replicate-1
np	766	803	replicate-1
np	767	792	replicate-1
np	768	790	replicate-1
np	769	798	replicate-1
np	770	795	replicate-1
np	771	816	replicate-1
np	772	797	replicate-1
np	773	798	replicate-1
np	774	799	replicate-1
np	775	803	replicate-1
np	776	800	replicate-1
np	777	795	replicate-1
np	778	792	replicate-1
np	779	795	replicate-1
np	780	795	replicate-1
np	781	789	replicate-1
np	782	788	replicate-1
np	783	789	replicate-1
np	784	801	replicate-1
np	785	800	replicate-1
np	786	800	replicate-1
np	787	806	replicate-1
np	788	798	replicate-1
np	789	793	replicate-1
np	790	795	replicate-1
np	791	799	replicate-1
np	792	797	replicate-1
np	793	791	replicate-1
np	794	794	replicate-1
np	795	797	replicate-1
np	796	801	replicate-1
np	797	802	replicate-1
np	798	803	replicate-1
np	799	810	replicate-1
np	800	808	replicate-1
np	801	811	replicate-1
np	802	813	replicate-1
np	803	818	replicate-1
np	804	819	replicate-1
np	805	817	replicate-1
np	806	812	replicate-1
np	807	812	replicate-1
np	808	816	replicate-1
np	809	799	replicate-1
np	810	801	replicate-1
np	811	796	replicate-1
np	812	792	replicate-1
np	813	795	replicate-1
np	814	786	replicate-1
np	815	786	replicate-1
np	816	786	replicate-1
np	817	780	replicate-1
np	818	800	replicate-1
np	819	796	replicate-1
np	820	795	replicate-1
np	821	789	replicate-1
np	822	784	replicate-1
np	823	787	replicate-1
np	824	787	replicate-1
np	825	780	replicate-1
np	826	785	replicate-1
np	827	825	replicate-1
np	828	858	replicate-1
np	829	849	replicate-1
np	830	847	replicate-1
np	831	851	replicate-1
np	832	861	replicate-1
np	833	860	replicate-1
np	834	855	replicate-1
np	835	859	replicate-1
np	836	790	replicate-1
np	837	803	replicate-1
np	838	801	replicate-1
np	839	809	replicate-1
np	840	812	replicate-1
np	841	797	replicate-1
np	842	778	replicate-1
np	843	779	replicate-1
np	844	773	replicate-1
np	845	773	replicate-1
np	846	731	replicate-1
np	847	720	replicate-1
np	848	717	replicate-1
np	849	715	replicate-1
np	850	713	replicate-1
np	851	715	replicate-1
np	852	710	replicate-1
np	853	715	replicate-1
np	854	719	replicate-1
np	855	720	replicate-1
np	856	733	replicate-1
np	857	738	replicate-1
np	858	736	replicate-1
np	859	749	replicate-1
np	860	750	replicate-1
np	861	753	replicate-1
np	862	752	replicate-1
np	863	754	replicate-1
np	864	763	replicate-1
np	865	750	replicate-1
np	866	746	replicate-1
np	867	747	replicate-1
np	868	731	replicate-1
np	869	729	replicate-1
np	870	727	replicate-1
np	871	726	replicate-1
np	872	723	replicate-1
np	873	721	replicate-1
np	874	726	replicate-1
np	875	728	replicate-1
np	876	716	replicate-1
np	877	725	replicate-1
np	878	720	replicate-1
np	879	724	replicate-1
np	880	744	replicate-1
np	881	753	replicate-1
np	882	742	replicate-1
np	883	766	replicate-1
np	884	763	replicate-1
np	885	784	replicate-1
np	886	775	replicate-1
np	887	780	replicate-1
np	888	788	replicate-1
np	889	781	replicate-1
np	890	792	replicate-1
np	891	778	replicate-1
np	892	765	replicate-1
np	893	762	replicate-1
np	894	771	replicate-1
np	895	786	replicate-1
np	896	785	replicate-1
np	897	789	replicate-1
np	898	797	replicate-1
np	899	779	replicate-1
np	900	797	replicate-1
np	901	796	replicate-1
np	902	788	replicate-1
np	903	787	replicate-1
np	904	765	replicate-1
np	905	771	replicate-1
np	906	772	replicate-1
np	907	791	replicate-1
np	908	786	replicate-1
np	909	772	replicate-1
np	910	767	replicate-1
np	911	764	replicate-1
np	912	765	replicate-1
np	913	770	replicate-1
np	914	762	replicate-1
np	915	772	replicate-1
np	916	749	replicate-1
np	917	748	replicate-1
np	918	743	replicate-1
np	919	742	replicate-1
np	920	741	replicate-1
np	921	741	replicate-1
np	922	738	replicate-1
np	923	745	replicate-1
np	924	736	replicate-1
np	925	752	replicate-1
np	926	753	replicate-1
np	927	762	replicate-1
np	928	772	replicate-1
np	929	770	replicate-1
np	930	787	replicate-1
np	931	779	replicate-1
np	932	783	replicate-1
np	933	783	replicate-1
np	934	765	replicate-1
np	935	816	replicate-1
np	936	802	replicate-1
np	937	795	replicate-1
np	938	786	replicate-1
np	939	804	replicate-1
np	940	810	replicate-1
np	941	801	replicate-1
np	942	798	replicate-1
np	943	796	replicate-1
np	944	779	replicate-1
np	945	780	replicate-1
np	946	773	replicate-1
np	947	773	replicate-1
np	948	739	replicate-1
np	949	748	replicate-1
np	950	748	replicate-1
np	951	749	replicate-1
np	952	751	replicate-1
np	953	748	replicate-1
np	954	738	replicate-1
np	955	742	replicate-1
np	956	746	replicate-1
np	957	750	replicate-1
np	958	734	replicate-1
np	959	737	replicate-1
np	960	733	replicate-1
np	961	735	replicate-1
np	962	730	replicate-1
np	963	738	replicate-1
np	964	753	replicate-1
np	965	755	replicate-1
np	966	756	replicate-1
np	967	758	replicate-1
np	968	758	replicate-1
np	969	756	replicate-1
np	970	751	replicate-1
np	971	752	replicate-1
np	972	763	replicate-1
np	973	730	replicate-1
np	974	736	replicate-1
np	975	737	replicate-1
np	976	740	replicate-1
np	977	739	replicate-1
np	978	737	replicate-1
np	979	758	replicate-1
np	980	767	replicate-1
np	981	783	replicate-1
np	982	775	replicate-1
np	983	773	replicate-1
np	984	771	replicate-1
np	985	775	replicate-1
np	986	786	replicate-1
np	987	771	replicate-1
np	988	754	replicate-1
np	989	759	replicate-1
np	990	801	replicate-1
np	991	802	replicate-1
np	992	800	replicate-1
np	993	795	replicate-1
np	994	791	replicate-1
np	995	800	replicate-1
np	996	797	replicate-1
np	997	798	replicate-1
np	998	776	replicate-1
np	999	756	replicate-1
np	1000	765	replicate-1
np	1001	766	replicate-1
np	1002	781	replicate-1
np	1003	784	replicate-1
np	1004	763	replicate-1
np	1005	763	replicate-1
np	1006	756	replicate-1
np	1007	766	replicate-1
np	1008	759	replicate-1
np	1009	748	replicate-1
np	1010	740	replicate-1
np	1011	724	replicate-1
np	1012	735	replicate-1
np	1013	738	replicate-1
np	1014	730	replicate-1
np	1015	732	replicate-1
np	1016	720	replicate-1
np	1017	731	replicate-1
np	1018	729	replicate-1
np	1019	728	replicate-1
np	1020	746	replicate-1
np	1021	736	replicate-1
np	1022	747	replicate-1
np	1023	743	replicate-1
np	1024	748	replicate-1
np	1025	748	replicate-1
np	1026	740	replicate-1
np	1027	740	replicate-1
np	1028	733	replicate-1
np	1029	762	replicate-1
np	1030	767	replicate-1
np	1031	744	replicate-1
np	1032	745	replicate-1
np	1033	729	replicate-1
np	1034	731	replicate-1
np	1035	737	replicate-1
np	1036	730	replicate-1
np	1037	733	replicate-1
np	1038	694	replicate-1
np	1039	709	replicate-1
np	1040	709	replicate-1
np	1041	707	replicate-1
np	1042	707	replicate-1
np	1043	708	replicate-1
np	1044	734	replicate-1
np	1045	729	replicate-1
np	1046	736	replicate-1
np	1047	737	replicate-1
np	1048	726	replicate-1
np	1049	727	replicate-1
np	1050	714	replicate-1
np	1051	716	replicate-1
np	1052	709	replicate-1
np	1053	694	replicate-1
np	1054	723	replicate-1
np	1055	711	replicate-1
np	1056	717	replicate-1
np	1057	719	replicate-1
np	1058	715	replicate-1
np	1059	717	replicate-1
np	1060	719	replicate-1
np	1061	718	replicate-1
np	1062	725	replicate-1
np	1063	728	replicate-1
np	1064	737	replicate-1
np	1065	740	replicate-1
np	1066	738	replicate-1
np	1067	729	replicate-1
np	1068	728	replicate-1
np	1069	728	replicate-1
np	1070	727	replicate-1
np	1071	712	replicate-1
np	1072	703	replicate-1
np	1073	696	replicate-1
np	1074	695	replicate-1
np	1075	693	replicate-1
np	1076	693	replicate-1
np	1077	695	replicate-1
np	1078	711	replicate-1
np	1079	710	replicate-1
np	1080	708	replicate-1
np	1081	700	replicate-1
np	1082	702	replicate-1
np	1083	703	replicate-1
np	1084	702	replicate-1
np	1085	698	replicate-1
np	1086	692	replicate-1
np	1087	670	replicate-1
np	1088	667	replicate-1
np	1089	657	replicate-1
np	1090	657	replicate-1
np	1091	678	replicate-1
np	1092	687	replicate-1
np	1093	686	replicate-1
np	1094	684	replicate-1
np	1095	683	replicate-1
np	1096	685	replicate-1
np	1097	690	replicate-1
np	1098	686	replicate-1
np	1099	686	replicate-1
np	1100	662	replicate-1
np	1101	665	replicate-1
np	1102	664	replicate-1
np	1103	659	replicate-1
np	1104	661	replicate-1
np	1105	664	replicate-1
np	1106	647	replicate-1
np	1107	646	replicate-1
np	1108	645	replicate-1
np	1109	665	replicate-1
np	1110	653	replicate-1
np	1111	650	replicate-1
np	1112	641	replicate-1
np	1113	642	replicate-1
np	1114	649	replicate-1
np	1115	640	replicate-1
np	1116	657	replicate-1
np	1117	668	replicate-1
np	1118	646	replicate-1
np	1119	671	replicate-1
np	1120	666	replicate-1
np	1121	687	replicate-1
np	1122	684	replicate-1
np	1123	666	replicate-1
np	1124	678	replicate-1
np	1125	666	replicate-1
np	1126	662	replicate-1
np	1127	666	replicate-1
np	1128	634	replicate-1
np	1129	644	replicate-1
np	1130	627	replicate-1
np	1131	622	replicate-1
np	1132	640	replicate-1
np	1133	630	replicate-1
np	1134	645	replicate-1
np	1135	645	replicate-1
np	1136	644	replicate-1
np	1137	643	replicate-1
np	1138	641	replicate-1
np	1139	639	replicate-1
np	1140	620	replicate-1
np	1141	611	replicate-1
np	1142	619	replicate-1
np	1143	619	replicate-1
np	1144	626	replicate-1
np	1145	622	replicate-1
np	1146	620	replicate-1
np	1147	630	replicate-1
np	1148	628	replicate-1
np	1149	630	replicate-1
np	1150	632	replicate-1
np	1151	629	replicate-1
np	1152	626	replicate-1
np	1153	627	replicate-1
np	1154	629	replicate-1
np	1155	652	replicate-1
np	1156	652	replicate-1
np	1157	660	replicate-1
np	1158	661	replicate-1
np	1159	678	replicate-1
np	1160	696	replicate-1
np	1161	685	replicate-1
np	1162	691	replicate-1
np	1163	711	replicate-1
np	1164	696	replicate-1
np	1165	693	replicate-1
np	1166	711	replicate-1
np	1167	714	replicate-1
np	1168	719	replicate-1
np	1169	707	replicate-1
np	1170	721	replicate-1
np	1171	716	replicate-1
np	1172	710	replicate-1
np	1173	704	replicate-1
np	1174	702	replicate-1
np	1175	703	replicate-1
np	1176	704	replicate-1
np	1177	701	replicate-1
np	1178	731	replicate-1
np	1179	721	replicate-1
np	1180	730	replicate-1
np	1181	729	replicate-1
np	1182	733	replicate-1
np	1183	737	replicate-1
np	1184	738	replicate-1
np	1185	733	replicate-1
np	1186	738	replicate-1
np	1187	711	replicate-1
np	1188	720	replicate-1
np	1189	715	replicate-1
np	1190	720	replicate-1
np	1191	721	replicate-1
np	1192	710	replicate-1
np	1193	715	replicate-1
np	1194	725	replicate-1
np	1195	720	replicate-1
np	1196	724	replicate-1
np	1197	742	replicate-1
np	1198	744	replicate-1
np	1199	733	replicate-1
np	1200	738	replicate-1
np	1201	740	replicate-1
np	1202	747	replicate-1
np	1203	757	replicate-1
np	1204	760	replicate-1
np	1205	755	replicate-1
np	1206	731	replicate-1
np	1207	759	replicate-1
np	1208	757	replicate-1
np	1209	757	replicate-1
np	1210	754	replicate-1
np	1211	747	replicate-1
np	1212	746	replicate-1
np	1213	745	replicate-1
np	1214	746	replicate-1
np	1215	746	replicate-1
np	1216	720	replicate-1
np	1217	724	replicate-1
np	1218	729	replicate-1
np	1219	723	replicate-1
np	1220	732	replicate-1
np	1221	719	replicate-1
np	1222	727	replicate-1
np	1223	741	replicate-1
np	1224	742	replicate-1
np	1225	745	replicate-1
np	1226	740	replicate-1
np	1227	733	replicate-1
np	1228	724	replicate-1
np	1229	713	replicate-1
np	1230	715	replicate-1
np	1231	705	replicate-1
np	1232	709	replicate-1
np	1233	690	replicate-1
np	1234	686	replicate-1
np	1235	687	replicate-1
np	1236	697	replicate-1
np	1237	695	replicate-1
np	1238	686	replicate-1
np	1239	684	replicate-1
np	1240	686	replicate-1
np	1241	683	replicate-1
np	1242	687	replicate-1
np	1243	672	replicate-1
np	1244	676	replicate-1
np	1245	664	replicate-1
np	1246	662	replicate-1
np	1247	658	replicate-1
np	1248	654	replicate-1
np	1249	652	replicate-1
np	1250	686	replicate-1
np	1251	683	replicate-1
np	1252	683	replicate-1
np	1253	680	replicate-1
np	1254	667	replicate-1
np	1255	682	replicate-1
np	1256	681	replicate-1
np	1257	682	replicate-1
np	1258	683	replicate-1
np	1259	626	replicate-1
np	1260	658	replicate-1
np	1261	662	replicate-1
np	1262	700	replicate-1
np	1263	703	replicate-1
np	1264	685	replicate-1
np	1265	704	replicate-1
np	1266	702	replicate-1
np	1267	708	replicate-1
np	1268	710	replicate-1
np	1269	670	replicate-1
np	1270	672	replicate-1
np	1271	621	replicate-1
np	1272	627	replicate-1
np	1273	626	replicate-1
np	1274	609	replicate-1
np	1275	604	replicate-1
np	1276	601	replicate-1
np	1277	610	replicate-1
np	1278	611	replicate-1
np	1279	606	replicate-1
np	1280	612	replicate-1
np	1281	598	replicate-1
np	1282	603	replicate-1
np	1283	606	replicate-1
np	1284	609	replicate-1
np	1285	632	replicate-1
np	1286	630	replicate-1
np	1287	631	replicate-1
np	1288	637	replicate-1
np	1289	636	replicate-1
np	1290	641	replicate-1
np	1291	641	replicate-1
np	1292	645	replicate-1
np	1293	647	replicate-1
np	1294	636	replicate-1
np	1295	636	replicate-1
np	1296	637	replicate-1
np	1297	638	replicate-1
np	1298	625	replicate-1
np	1299	624	replicate-1
np	1300	630	replicate-1
np	1301	622	replicate-1
np	1302	633	replicate-1
np	1303	628	replicate-1
np	1304	628	replicate-1
np	1305	628	replicate-1
np	1306	633	replicate-1
np	1307	634	replicate-1
np	1308	634	replicate-1
np	1309	629	replicate-1
np	1310	626	replicate-1
np	1311	600	replicate-1
np	1312	600	replicate-1
np	1313	591	replicate-1
np	1314	592	replicate-1
np	1315	592	replicate-1
np	1316	611	replicate-1
np	1317	617	replicate-1
np	1318	613	replicate-1
np	1319	617	replicate-1
np	1320	616	replicate-1
np	1321	615	replicate-1
np	1322	612	replicate-1
np	1323	608	replicate-1
np	1324	606	replicate-1
np	1325	592	replicate-1
np	1326	582	replicate-1
np	1327	582	replicate-1
np	1328	568	replicate-1
np	1329	572	replicate-1
np	1330	569	replicate-1
np	1331	574	replicate-1
np	1332	577	replicate-1
np	1333	578	replicate-1
np	1334	592	replicate-1
np	1335	589	replicate-1
np	1336	608	replicate-1
np	1337	617	replicate-1
np	1338	619	replicate-1
np	1339	621	replicate-1
np	1340	639	replicate-1
np	1341	634	replicate-1
np	1342	644	replicate-1
np	1343	642	replicate-1
np	1344	613	replicate-1
np	1345	615	replicate-1
np	1346	575	replicate-1
np	1347	583	replicate-1
np	1348	586	replicate-1
np	1349	583	replicate-1
np	1350	583	replicate-1
np	1351	575	replicate-1
np	1352	577	replicate-1
np	1353	576	replicate-1
np	1354	582	replicate-1
np	1355	579	replicate-1
np	1356	572	replicate-1
np	1357	576	replicate-1
np	1358	576	replicate-1
np	1359	576	replicate-1
np	1360	581	replicate-1
np	1361	568	replicate-1
np	1362	572	replicate-1
np	1363	565	replicate-1
np	1364	558	replicate-1
np	1365	557	replicate-1
np	1366	554	replicate-1
np	1367	557	replicate-1
np	1368	559	replicate-1
np	1369	551	replicate-1
np	1370	554	replicate-1
np	1371	548	replicate-1
np	1372	554	replicate-1
np	1373	548	replicate-1
np	1374	548	replicate-1
np	1375	551	replicate-1
np	1376	543	replicate-1
np	1377	542	replicate-1
np	1378	544	replicate-1
np	1379	543	replicate-1
np	1380	534	replicate-1
np	1381	531	replicate-1
np	1382	536	replicate-1
np	1383	529	replicate-1
np	1384	533	replicate-1
np	1385	528	replicate-1
np	1386	516	replicate-1
np	1387	521	replicate-1
np	1388	523	replicate-1
np	1389	526	replicate-1
np	1390	531	replicate-1
np	1391	507	replicate-1
np	1392	503	replicate-1
np	1393	498	replicate-1
np	1394	524	replicate-1
np	1395	507	replicate-1
np	1396	511	replicate-1
np	1397	510	replicate-1
np	1398	511	replicate-1
np	1399	508	replicate-1
np	1400	523	replicate-1
np	1401	522	replicate-1
np	1402	524	replicate-1
np	1403	505	replicate-1
np	1404	490	replicate-1
np	1405	501	replicate-1
np	1406	499	replicate-1
np	1407	500	replicate-1
np	1408	510	replicate-1
np	1409	496	replicate-1
np	1410	497	replicate-1
np	1411	508	replicate-1
np	1412	504	replicate-1
np	1413	515	replicate-1
np	1414	507	replicate-1
np	1415	521	replicate-1
np	1416	523	replicate-1
np	1417	547	replicate-1
np	1418	553	replicate-1
np	1419	559	replicate-1
np	1420	559	replicate-1
np	1421	558	replicate-1
np	1422	562	replicate-1
np	1423	566	replicate-1
np	1424	571	replicate-1
np	1425	569	replicate-1
np	1426	558	replicate-1
np	1427	560	replicate-1
np	1428	561	replicate-1
np	1429	559	replicate-1
np	1430	564	replicate-1
np	1431	570	replicate-1
np	1432	589	replicate-1
np	1433	577	replicate-1
np	1434	590	replicate-1
np	1435	592	replicate-1
np	1436	590	replicate-1
np	1437	594	replicate-1
np	1438	592	replicate-1
np	1439	592	replicate-1
np	1440	593	replicate-1
np	1441	584	replicate-1
np	1442	579	replicate-1
np	1443	580	replicate-1
np	1444	585	replicate-1
np	1445	584	replicate-1
np	1446	585	replicate-1
np	1447	590	replicate-1
np	1448	591	replicate-1
np	1449	588	replicate-1
np	1450	585	replicate-1
np	1451	584	replicate-1
np	1452	583	replicate-1
np	1453	582	replicate-1
np	1454	581	replicate-1
np	1455	583	replicate-1
np	1456	585	replicate-1
np	1457	589	replicate-1
np	1458	586	replicate-1
np	1459	586	replicate-1
np	1460	586	replicate-1
np	1461	585	replicate-1
np	1462	562	replicate-1
np	1463	552	replicate-1
np	1464	553	replicate-1
np	1465	550	replicate-1
np	1466	550	replicate-1
np	1467	547	replicate-1
np	1468	547	replicate-1
np	1469	544	replicate-1
np	1470	531	replicate-1
np	1471	531	replicate-1
np	1472	531	replicate-1
np	1473	535	replicate-1
np	1474	536	replicate-1
np	1475	532	replicate-1
np	1476	529	replicate-1
np	1477	531	replicate-1
np	1478	548	replicate-1
np	1479	545	replicate-1
np	1480	541	replicate-1
np	1481	536	replicate-1
np	1482	537	replicate-1
np	1483	530	replicate-1
np	1484	523	replicate-1
np	1485	522	replicate-1
np	1486	519	replicate-1
np	1487	486	replicate-1
np	1488	497	replicate-1
np	1489	496	replicate-1
np	1490	505	replicate-1
np	1491	503	replicate-1
np	1492	493	replicate-1
np	1493	494	replicate-1
np	1494	494	replicate-1
np	1495	494	replicate-1
np	1496	490	replicate-1
np	1497	449	replicate-1
np	1498	449	replicate-1
np	1499	431	replicate-1
np	1500	431	replicate-1
np	1501	433	replicate-1
np	1502	430	replicate-1
np	1503	424	replicate-1
np	1504	422	replicate-1
np	1505	421	replicate-1
np	1506	419	replicate-1
np	1507	406	replicate-1
np	1508	401	replicate-1
np	1509	399	replicate-1
np	1510	391	replicate-1
np	1511	392	replicate-1
np	1512	391	replicate-1
np	1513	387	replicate-1
np	1514	387	replicate-1
np	1515	386	replicate-1
np	1516	386	replicate-1
np	1517	376	replicate-1
np	1518	374	replicate-1
np	1519	356	replicate-1
np	1520	354	replicate-1
np	1521	352	replicate-1
np	1522	351	replicate-1
np	1523	351	replicate-1
np	1524	337	replicate-1
np	1525	335	replicate-1
np	1526	325	replicate-1
np	1527	313	replicate-1
np	1528	309	replicate-1
np	1529	250	replicate-1
np	1530	250	replicate-1
np	1531	223	replicate-1
np	1532	222	replicate-1
np	1533	222	replicate-1
np	1534	216	replicate-1
np	1535	216	replicate-1
np	1536	210	replicate-1
np	1537	165	replicate-1
np	1538	165	replicate-1
np	1539	124	replicate-1
np	1540	124	replicate-1
np	1541	121	replicate-1
np	1542	118	replicate-1
np	1543	116	replicate-1
np	1544	116	replicate-1
np	1545	103	replicate-1
np	1546	103	replicate-1
np	1547	100	replicate-1
np	1548	99	replicate-1
np	1549	99	replicate-1
np	1550	99	replicate-1
np	1551	96	replicate-1
np	1552	96	replicate-1
np	1553	90	replicate-1
np	1554	87	replicate-1
np	1555	86	replicate-1
np	1556	86	replicate-1
np	1557	85	replicate-1
np	1558	83	replicate-1
np	1559	83	replicate-1
np	1560	80	replicate-1
np	1561	69	replicate-1
np	1562	68	replicate-1
np	1563	67	replicate-1
np	1564	67	replicate-1
np	1565	20	replicate-1
pb1	1	3	replicate-1
pb1	2	3	replicate-1
pb1	3	3	replicate-1
pb1	4	3	replicate-1
pb1	5	3	replicate-1
pb1	6	3	replicate-1
pb1	7	3	replicate-1
pb1	8	3	replicate-1
pb1	9	3	replicate-1
pb1	10	3	replicate-1
pb1	11	3	replicate-1
pb1	12	3	replicate-1
pb1	13	3	replicate-1
pb1	14	3	replicate-1
pb1	15	3	replicate-1
pb1	16	3	replicate-1
pb1	17	5	replicate-1
pb1	18	5	replicate-1
pb1	19	6	replicate-1
pb1	20	6	replicate-1
pb1	21	6	replicate-1
pb1	22	6	replicate-1
pb1	23	6	replicate-1
pb1	24	6	replicate-1
pb1	25	6	replicate-1
pb1	26	6	replicate-1
pb1	27	6	replicate-1
pb1	28	6	replicate-1
pb1	29	6	replicate-1
pb1	30	6	replicate-1
pb1	31	6	replicate-1
pb1	32	6	replicate-1
pb1	33	6	replicate-1
pb1	34	6	replicate-1
pb1	35	7	replicate-1
pb1	36	7	replicate-1
pb1	37	7	replicate-1
pb1	38	7	replicate-1
pb1	39	7	replicate-1
pb1	40	9	replicate-1
pb1	41	9	replicate-1
pb1	42	9	replicate-1
pb1	43	9	replicate-1
pb1	44	9	replicate-1
pb1	45	9	replicate-1
pb1	46	9	replicate-1
pb1	47	9	replicate-1
pb1	48	9	replicate-1
pb1	49	11	replicate-1
pb1	50	11	replicate-1
pb1	51	11	replicate-1
pb1	52	11	replicate-1
pb1	53	11	replicate-1
pb1	54	11	replicate-1
pb1	55	11	replicate-1
pb1	56	11	replicate-1
pb1	57	11	replicate-1
pb1	58	11	replicate-1
pb1	59	11	replicate-1
pb1	60	11	replicate-1
pb1	61	11	replicate-1
pb1	62	11	replicate-1
pb1	63	11	replicate-1
pb1	64	11	replicate-1
pb1	65	11	replicate-1
pb1	66	11	replicate-1
pb1	67	11	replicate-1
pb1	68	11	replicate-1
pb1	69	11	replicate-1
pb1	70	11	replicate-1
pb1	71	12	replicate-1
pb1	72	12	replicate-1
pb1	73	12	replicate-1
pb1	74	12	replicate-1
pb1	75	13	replicate-1
pb1	76	13	replicate-1
pb1	77	13	replicate-1
pb1	78	13	replicate-1
pb1	79	13	replicate-1
pb1	80	13	replicate-1
pb1	81	13	replicate-1
pb1	82	13	replicate-1
pb1	83	13	replicate-1
pb1	84	13	replicate-1
pb1	85	12	replicate-1
pb1	86	14	replicate-1
pb1	87	14	replicate-1
pb1	88	17	replicate-1
pb1	89	17	replicate-1
pb1	90	20	replicate-1
pb1	91	20	replicate-1
pb1	92	20	replicate-1
pb1	93	20	replicate-1
pb1	94	20	replicate-1
pb1	95	21	replicate-1
pb1	96	21	replicate-1
pb1	97	21	replicate-1
pb1	98	22	replicate-1
pb1	99	22	replicate-1
pb1	100	25	replicate-1
pb1	101	25	replicate-1
pb1	102	25	replicate-1
pb1	103	25	replicate-1
pb1	104	26	replicate-1
pb1	105	26	replicate-1
pb1	106	26	replicate-1
pb1	107	26	replicate-1
pb1	108	25	replicate-1
pb1	109	25	replicate-1
pb1	110	26	replicate-1
pb1	111	26	replicate-1
pb1	112	26	replicate-1
pb1	113	26	replicate-1
pb1	114	26	replicate-1
pb1	115	26	replicate-1
pb1	116	27	replicate-1
pb1	117	28	replicate-1
pb1	118	24	replicate-1
pb1	119	24	replicate-1
pb1	120	25	replicate-1
pb1	121	25	replicate-1
pb1	122	25	replicate-1
pb1	123	25	replicate-1
pb1	124	25	replicate-1
pb1	125	25	replicate-1
pb1	126	25	replicate-1
pb1	127	25	replicate-1
pb1	128	23	replicate-1
pb1	129	23	replicate-1
pb1	130	23	replicate-1
pb1	131	24	replicate-1
pb1	132	24	replicate-1
pb1	133	30	replicate-1
pb1	134	30	replicate-1
pb1	135	30	replicate-1
pb1	136	30	replicate-1
pb1	137	28	replicate-1
pb1	138	29	replicate-1
pb1	139	32	replicate-1
pb1	140	32	replicate-1
pb1	141	32	replicate-1
pb1	142	30	replicate-1
pb1	143	31	replicate-1
pb1	144	31	replicate-1
pb1	145	30	replicate-1
pb1	146	30	replicate-1
pb1	147	30	replicate-1
pb1	148	30	replicate-1
pb1	149	31	replicate-1
pb1	150	29	replicate-1
pb1	151	32	replicate-1
pb1	152	32	replicate-1
pb1	153	32	replicate-1
pb1	154	32	replicate-1
pb1	155	33	replicate-1
pb1	156	33	replicate-1
pb1	157	33	replicate-1
pb1	158	32	replicate-1
pb1	159	32	replicate-1
pb1	160	32	replicate-1
pb1	161	33	replicate-1
pb1	162	32	replicate-1
pb1	163	34	replicate-1
pb1	164	34	replicate-1
pb1	165	34	replicate-1
pb1	166	34	replicate-1
pb1	167	34	replicate-1
pb1	168	35	replicate-1
pb1	169	35	replicate-1
pb1	170	35	replicate-1
pb1	171	35	replicate-1
pb1	172	35	replicate-1
pb1	173	36	replicate-1
pb1	174	35	replicate-1
pb1	175	35	replicate-1
pb1	176	35	replicate-1
pb1	177	36	replicate-1
pb1	178	36	replicate-1
pb1	179	37	replicate-1
pb1	180	37	replicate-1
pb1	181	37	replicate-1
pb1	182	37	replicate-1
pb1	183	37	replicate-1
pb1	184	37	replicate-1
pb1	185	37	replicate-1
pb1	186	37	replicate-1
pb1	187	37	replicate-1
pb1	188	37	replicate-1
pb1	189	38	replicate-1
pb1	190	38	replicate-1
pb1	191	37	replicate-1
pb1	192	37	replicate-1
pb1	193	37	replicate-1
pb1	194	37	replicate-1
pb1	195	37	replicate-1
pb1	196	37	replicate-1
pb1	197	36	replicate-1
pb1	198	36	replicate-1
pb1	199	36	replicate-1
pb1	200	36	replicate-1
pb1	201	36	replicate-1
pb1	202	36	replicate-1
pb1	203	35	replicate-1
pb1	204	37	replicate-1
pb1	205	37	replicate-1
pb1	206	37	replicate-1
pb1	207	36	replicate-1
pb1	208	36	replicate-1
pb1	209	36	replicate-1
pb1	210	36	replicate-1
pb1	211	36	replicate-1
pb1	212	36	replicate-1
pb1	213	35	replicate-1
pb1	214	35	replicate-1
pb1	215	34	replicate-1
pb1	216	34	replicate-1
pb1	217	34	replicate-1
pb1	218	34	replicate-1
pb1	219	35	replicate-1
pb1	220	35	replicate-1
pb1	221	35	replicate-1
pb1	222	35	replicate-1
pb1	223	33	replicate-1
pb1	224	34	replicate-1
pb1	225	34	replicate-1
pb1	226	34	replicate-1
pb1	227	32	replicate-1
pb1	228	32	replicate-1
pb1	229	32	replicate-1
pb1	230	33	replicate-1
pb1	231	34	replicate-1
pb1	232	36	replicate-1
pb1	233	34	replicate-1
pb1	234	35	replicate-1
pb1	235	35	replicate-1
pb1	236	36	replicate-1
pb1	237	36	replicate-1
pb1	238	36	replicate-1
pb1	239	36	replicate-1
pb1	240	34	replicate-1
pb1	241	35	replicate-1
pb1	242	35	replicate-1
pb1	243	35	replicate-1
pb1	244	35	replicate-1
pb1	245	34	replicate-1
pb1	246	34	replicate-1
pb1	247	33	replicate-1
pb1	248	33	replicate-1
pb1	249	32	replicate-1
pb1	250	33	replicate-1
pb1	251	33	replicate-1
pb1	252	35	replicate-1
pb1	253	34	replicate-1
pb1	254	34	replicate-1
pb1	255	34	replicate-1
pb1	256	34	replicate-1
pb1	257	34	replicate-1
pb1	258	34	replicate-1
pb1	259	34	replicate-1
pb1	260	34	replicate-1
pb1	261	32	replicate-1
pb1	262	32	replicate-1
pb1	263	31	replicate-1
pb1	264	31	replicate-1
pb1	265	30	replicate-1
pb1	266	33	replicate-1
pb1	267	33	replicate-1
pb1	268	33	replicate-1
pb1	269	33	replicate-1
pb1	270	33	replicate-1
pb1	271	32	replicate-1
pb1	272	32	replicate-1
pb1	273	32	replicate-1
pb1	274	32	replicate-1
pb1	275	31	replicate-1
pb1	276	30	replicate-1
pb1	277	30	replicate-1
pb1	278	29	replicate-1
pb1	279	23	replicate-1
pb1	280	23	replicate-1
pb1	281	23	replicate-1
pb1	282	23	replicate-1
pb1	283	23	replicate-1
pb1	284	23	replicate-1
pb1	285	22	replicate-1
pb1	286	22	replicate-1
pb1	287	22	replicate-1
pb1	288	22	replicate-1
pb1	289	22	replicate-1
pb1	290	22	replicate-1
pb1	291	22	replicate-1
pb1	292	34	replicate-1
pb1	293	34	replicate-1
pb1	294	34	replicate-1
pb1	295	34	replicate-1
pb1	296	36	replicate-1
pb1	297	36	replicate-1
pb1	298	36	replicate-1
pb1	299	37	replicate-1
pb1	300	37	replicate-1
pb1	301	37	replicate-1
pb1	302	36	replicate-1
pb1	303	36	replicate-1
pb1	304	36	replicate-1
pb1	305	45	replicate-1
pb1	306	47	replicate-1
pb1	307	47	replicate-1
pb1	308	47	replicate-1
pb1	309	47	replicate-1
pb1	310	47	replicate-1
pb1	311	47	replicate-1
pb1	312	45	replicate-1
pb1	313	44	replicate-1
pb1	314	42	replicate-1
pb1	315	42	replicate-1
pb1	316	42	replicate-1
pb1	317	43	replicate-1
pb1	318	43	replicate-1
pb1	319	43	replicate-1
pb1	320	43	replicate-1
pb1	321	43	replicate-1
pb1	322	43	replicate-1
pb1	323	43	replicate-1
pb1	324	42	replicate-1
pb1	325	42	replicate-1
pb1	326	42	replicate-1
pb1	327	43	replicate-1
pb1	328	43	replicate-1
pb1	329	43	replicate-1
pb1	330	44	replicate-1
pb1	331	44	replicate-1
pb1	332	45	replicate-1
pb1	333	44	replicate-1
pb1	334	44	replicate-1
pb1	335	44	replicate-1
pb1	336	44	replicate-1
pb1	337	43	replicate-1
pb1	338	43	replicate-1
pb1	339	43	replicate-1
pb1	340	43	replicate-1
pb1	341	45	replicate-1
pb1	342	45	replicate-1
pb1	343	45	replicate-1
pb1	344	49	replicate-1
pb1	345	50	replicate-1
pb1	346	51	replicate-1
pb1	347	51	replicate-1
pb1	348	51	replicate-1
pb1	349	51	replicate-1
pb1	350	52	replicate-1
pb1	351	52	replicate-1
pb1	352	51	replicate-1
pb1	353	52	replicate-1
pb1	354	52	replicate-1
pb1	355	50	replicate-1
pb1	356	50	replicate-1
pb1	357	50	replicate-1
pb1	358	50	replicate-1
pb1	359	50	replicate-1
pb1	360	50	replicate-1
pb1	361	50	replicate-1
pb1	362	50	replicate-1
pb1	363	50	replicate-1
pb1	364	51	replicate-1
pb1	365	52	replicate-1
pb1	366	52	replicate-1
pb1	367	53	replicate-1
pb1	368	53	replicate-1
pb1	369	53	replicate-1
pb1	370	53	replicate-1
pb1	371	54	replicate-1
pb1	372	53	replicate-1
pb1	373	51	replicate-1
pb1	374	53	replicate-1
pb1	375	52	replicate-1
pb1	376	51	replicate-1
pb1	377	51	replicate-1
pb1	378	52	replicate-1
pb1	379	52	replicate-1
pb1	380	50	replicate-1
pb1	381	51	replicate-1
pb1	382	54	replicate-1
pb1	383	54	replicate-1
pb1	384	54	replicate-1
pb1	385	51	replicate-1
pb1	386	51	replicate-1
pb1	387	51	replicate-1
pb1	388	52	replicate-1
pb1	389	52	replicate-1
pb1	390	53	replicate-1
pb1	391	52	replicate-1
pb1	392	50	replicate-1
pb1	393	50	replicate-1
pb1	394	50	replicate-1
pb1	395	48	replicate-1
pb1	396	48	replicate-1
pb1	397	48	replicate-1
pb1	398	48	replicate-1
pb1	399	48	replicate-1
pb1	400	48	replicate-1
pb1	401	48	replicate-1
pb1	402	48	replicate-1
pb1	403	48	replicate-1
pb1	404	49	replicate-1
pb1	405	53	replicate-1
pb1	406	55	replicate-1
pb1	407	54	replicate-1
pb1	408	54	replicate-1
pb1	409	54	replicate-1
pb1	410	54	replicate-1
pb1	411	55	replicate-1
pb1	412	55	replicate-1
pb1	413	54	replicate-1
pb1	414	52	replicate-1
pb1	415	52	replicate-1
pb1	416	52	replicate-1
pb1	417	51	replicate-1
pb1	418	54	replicate-1
pb1	419	54	replicate-1
pb1	420	54	replicate-1
pb1	421	54	replicate-1
pb1	422	54	replicate-1
pb1	423	54	replicate-1
pb1	424	54	replicate-1
pb1	425	50	replicate-1
pb1	426	50	replicate-1
pb1	427	45	replicate-1
pb1	428	45	replicate-1
pb1	429	44	replicate-1
pb1	430	44	replicate-1
pb1	431	44	replicate-1
pb1	432	44	replicate-1
pb1	433	44	replicate-1
pb1	434	44	replicate-1
pb1	435	44	replicate-1
pb1	436	44	replicate-1
pb1	437	42	replicate-1
pb1	438	42	replicate-1
pb1	439	42	replicate-1
pb1	440	42	replicate-1
pb1	441	42	replicate-1
pb1	442	42	replicate-1
pb1	443	42	replicate-1
pb1	444	42	replicate-1
pb1	445	42	replicate-1
pb1	446	42	replicate-1
pb1	447	42	replicate-1
pb1	448	42	replicate-1
pb1	449	42	replicate-1
pb1	450	22	replicate-1
pb1	451	22	replicate-1
pb1	452	22	replicate-1
pb1	453	22	replicate-1
pb1	454	22	replicate-1
pb1	455	22	replicate-1
pb1	456	22	replicate-1
pb1	457	22	replicate-1
pb1	458	22	replicate-1
pb1	459	22	replicate-1
pb1	460	25	replicate-1
pb1	461	27	replicate-1
pb1	462	27	replicate-1
pb1	463	28	replicate-1
pb1	464	28	replicate-1
pb1	465	28	replicate-1
pb1	466	28	replicate-1
pb1	467	26	replicate-1
pb1	468	26	replicate-1
pb1	469	26	replicate-1
pb1	470	18	replicate-1
pb1	471	18	replicate-1
pb1	472	18	replicate-1
pb1	473	18	replicate-1
pb1	474	18	replicate-1
pb1	475	18	replicate-1
pb1	476	18	replicate-1
pb1	477	18	replicate-1
pb1	478	18	replicate-1
pb1	479	16	replicate-1
pb1	480	16	replicate-1
pb1	481	16	replicate-1
pb1	482	16	replicate-1
pb1	483	16	replicate-1
pb1	484	16	replicate-1
pb1	485	18	replicate-1
pb1	486	18	replicate-1
pb1	487	18	replicate-1
pb1	488	18	replicate-1
pb1	489	18	replicate-1
pb1	490	19	replicate-1
pb1	491	19	replicate-1
pb1	492	19	replicate-1
pb1	493	19	replicate-1
pb1	494	16	replicate-1
pb1	495	13	replicate-1
pb1	496	14	replicate-1
pb1	497	15	replicate-1
pb1	498	15	replicate-1
pb1	499	14	replicate-1
pb1	500	13	replicate-1
pb1	501	13	replicate-1
pb1	502	13	replicate-1
pb1	503	13	replicate-1
pb1	504	13	replicate-1
pb1	505	13	replicate-1
pb1	506	13	replicate-1
pb1	507	13	replicate-1
pb1	508	13	replicate-1
pb1	509	13	replicate-1
pb1	510	13	replicate-1
pb1	511	14	replicate-1
pb1	512	14	replicate-1
pb1	513	15	replicate-1
pb1	514	15	replicate-1
pb1	515	15	replicate-1
pb1	516	15	replicate-1
pb1	517	16	replicate-1
pb1	518	16	replicate-1
pb1	519	16	replicate-1
pb1	520	16	replicate-1
pb1	521	16	replicate-1
pb1	522	15	replicate-1
pb1	523	17	replicate-1
pb1	524	17	replicate-1
pb1	525	17	replicate-1
pb1	526	17	replicate-1
pb1	527	17	replicate-1
pb1	528	17	replicate-1
pb1	529	17	replicate-1
pb1	530	17	replicate-1
pb1	531	17	replicate-1
pb1	532	18	replicate-1
pb1	533	18	replicate-1
pb1	534	18	replicate-1
pb1	535	18	replicate-1
pb1	536	18	replicate-1
pb1	537	19	replicate-1
pb1	538	19	replicate-1
pb1	539	19	replicate-1
pb1	540	19	replicate-1
pb1	541	23	replicate-1
pb1	542	23	replicate-1
pb1	543	23	replicate-1
pb1	544	23	replicate-1
pb1	545	23	replicate-1
pb1	546	23	replicate-1
pb1	547	24	replicate-1
pb1	548	24	replicate-1
pb1	549	23	replicate-1
pb1	550	22	replicate-1
pb1	551	22	replicate-1
pb1	552	22	replicate-1
pb1	553	22	replicate-1
pb1	554	22	replicate-1
pb1	555	20	replicate-1
pb1	556	21	replicate-1
pb1	557	21	replicate-1
pb1	558	21	replicate-1
pb1	559	21	replicate-1
pb1	560	21	replicate-1
pb1	561	21	replicate-1
pb1	562	23	replicate-1
pb1	563	23	replicate-1
pb1	564	23	replicate-1
pb1	565	23	replicate-1
pb1	566	23	replicate-1
pb1	567	22	replicate-1
pb1	568	22	replicate-1
pb1	569	22	replicate-1
pb1	570	22	replicate-1
pb1	571	21	replicate-1
pb1	572	21	replicate-1
pb1	573	21	replicate-1
pb1	574	21	replicate-1
pb1	575	21	replicate-1
pb1	576	21	replicate-1
pb1	577	21	replicate-1
pb1	578	21	replicate-1
pb1	579	21	replicate-1
pb1	580	21	replicate-1
pb1	581	21	replicate-1
pb1	582	19	replicate-1
pb1	583	19	replicate-1
pb1	584	19	replicate-1
pb1	585	18	replicate-1
pb1	586	18	replicate-1
pb1	587	18	replicate-1
pb1	588	18	replicate-1
pb1	589	20	replicate-1
pb1	590	20	replicate-1
pb1	591	20	replicate-1
pb1	592	20	replicate-1
pb1	593	21	replicate-1
pb1	594	20	replicate-1
pb1	595	20	replicate-1
pb1	596	20	replicate-1
pb1	597	20	replicate-1
pb1	598	20	replicate-1
pb1	599	20	replicate-1
pb1	600	20	replicate-1
pb1	601	22	replicate-1
pb1	602	22	replicate-1
pb1	603	25	replicate-1
pb1	604	24	replicate-1
pb1	605	25	replicate-1
pb1	606	25	replicate-1
pb1	607	25	replicate-1
pb1	608	25	replicate-1
pb1	609	25	replicate-1
pb1	610	25	replicate-1
pb1	611	25	replicate-1
pb1	612	25	replicate-1
pb1	613	26	replicate-1
pb1	614	26	replicate-1
pb1	615	28	replicate-1
pb1	616	27	replicate-1
pb1	617	27	replicate-1
pb1	618	27	replicate-1
pb1	619	27	replicate-1
pb1	620	28	replicate-1
pb1	621	28	replicate-1
pb1	622	28	replicate-1
pb1	623	28	replicate-1
pb1	624	27	replicate-1
pb1	625	27	replicate-1
pb1	626	29	replicate-1
pb1	627	29	replicate-1
pb1	628	29	replicate-1
pb1	629	27	replicate-1
pb1	630	28	replicate-1
pb1	631	27	replicate-1
pb1	632	27	replicate-1
pb1	633	24	replicate-1
pb1	634	27	replicate-1
pb1	635	28	replicate-1
pb1	636	28	replicate-1
pb1	637	28	replicate-1
pb1	638	28	replicate-1
pb1	639	28	replicate-1
pb1	640	28	replicate-1
pb1	641	28	replicate-1
pb1	642	27	replicate-1
pb1	643	27	replicate-1
pb1	644	27	replicate-1
pb1	645	27	replicate-1
pb1	646	27	replicate-1
pb1	647	27	replicate-1
pb1	648	27	replicate-1
pb1	649	28	replicate-1
pb1	650	28	replicate-1
pb1	651	28	replicate-1
pb1	652	28	replicate-1
pb1	653	28	replicate-1
pb1	654	28	replicate-1
pb1	655	29	replicate-1
pb1	656	29	replicate-1
pb1	657	29	replicate-1
pb1	658	29	replicate-1
pb1	659	29	replicate-1
pb1	660	29	replicate-1
pb1	661	29	replicate-1
pb1	662	29	replicate-1
pb1	663	29	replicate-1
pb1	664	25	replicate-1
pb1	665	25	replicate-1
pb1	666	23	replicate-1
pb1	667	23	replicate-1
pb1	668	23	replicate-1
pb1	669	23	replicate-1
pb1	670	22	replicate-1
pb1	671	22	replicate-1
pb1	672	22	replicate-1
pb1	673	22	replicate-1
pb1	674	22	replicate-1
pb1	675	21	replicate-1
pb1	676	21	replicate-1
pb1	677	21	replicate-1
pb1	678	21	replicate-1
pb1	679	21	replicate-1
pb1	680	21	replicate-1
pb1	681	21	replicate-1
pb1	682	21	replicate-1
pb1	683	21	replicate-1
pb1	684	21	replicate-1
pb1	685	21	replicate-1
pb1	686	21	replicate-1
pb1	687	18	replicate-1
pb1	688	18	replicate-1
pb1	689	18	replicate-1
pb1	690	18	replicate-1
pb1	691	18	replicate-1
pb1	692	18	replicate-1
pb1	693	18	replicate-1
pb1	694	18	replicate-1
pb1	695	19	replicate-1
pb1	696	19	replicate-1
pb1	697	19	replicate-1
pb1	698	18	replicate-1
pb1	699	18	replicate-1
pb1	700	18	replicate-1
pb1	701	18	replicate-1
pb1	702	18	replicate-1
pb1	703	18	replicate-1
pb1	704	17	replicate-1
pb1	705	14	replicate-1
pb1	706	14	replicate-1
pb1	707	14	replicate-1
pb1	708	13	replicate-1
pb1	709	13	replicate-1
pb1	710	13	replicate-1
pb1	711	13	replicate-1
pb1	712	13	replicate-1
pb1	713	13	replicate-1
pb1	714	12	replicate-1
pb1	715	12	replicate-1
pb1	716	12	replicate-1
pb1	717	12	replicate-1
pb1	718	13	replicate-1
pb1	719	13	replicate-1
pb1	720	13	replicate-1
pb1	721	13	replicate-1
pb1	722	13	replicate-1
pb1	723	14	replicate-1
pb1	724	14	replicate-1
pb1	725	14	replicate-1
pb1	726	14	replicate-1
pb1	727	14	replicate-1
pb1	728	14	replicate-1
pb1	729	14	replicate-1
pb1	730	14	replicate-1
pb1	731	14	replicate-1
pb1	732	13	replicate-1
pb1	733	13	replicate-1
pb1	734	13	replicate-1
pb1	735	13	replicate-1
pb1	736	12	replicate-1
pb1	737	12	replicate-1
pb1	738	12	replicate-1
pb1	739	12	replicate-1
pb1	740	12	replicate-1
pb1	741	12	replicate-1
pb1	742	12	replicate-1
pb1	743	12	replicate-1
pb1	744	12	replicate-1
pb1	745	12	replicate-1
pb1	746	12	replicate-1
pb1	747	12	replicate-1
pb1	748	12	replicate-1
pb1	749	12	replicate-1
pb1	750	10	replicate-1
pb1	751	10	replicate-1
pb1	752	10	replicate-1
pb1	753	9	replicate-1
pb1	754	9	replicate-1
pb1	755	9	replicate-1
pb1	756	9	replicate-1
pb1	757	9	replicate-1
pb1	758	9	replicate-1
pb1	759	9	replicate-1
pb1	760	9	replicate-1
pb1	761	9	replicate-1
pb1	762	9	replicate-1
pb1	763	8	replicate-1
pb1	764	8	replicate-1
pb1	765	7	replicate-1
pb1	766	7	replicate-1
pb1	767	7	replicate-1
pb1	768	7	replicate-1
pb1	769	7	replicate-1
pb1	770	7	replicate-1
pb1	771	7	replicate-1
pb1	772	5	replicate-1
pb1	773	5	replicate-1
pb1	774	4	replicate-1
pb1	775	5	replicate-1
pb1	776	5	replicate-1
pb1	777	5	replicate-1
pb1	778	5	replicate-1
pb1	779	5	replicate-1
pb1	780	5	replicate-1
pb1	781	5	replicate-1
pb1	782	4	replicate-1
pb1	783	3	replicate-1
pb1	784	3	replicate-1
pb1	785	3	replicate-1
pb1	786	3	replicate-1
pb1	787	3	replicate-1
pb1	788	3	replicate-1
pb1	789	3	replicate-1
pb1	790	3	replicate-1
pb1	791	3	replicate-1
pb1	792	3	replicate-1
pb1	793	3	replicate-1
pb1	794	3	replicate-1
pb1	795	3	replicate-1
pb1	796	3	replicate-1
pb1	797	3	replicate-1
pb1	798	3	replicate-1
pb1	799	3	replicate-1
pb1	800	3	replicate-1
pb1	801	3	replicate-1
pb1	802	3	replicate-1
pb1	803	3	replicate-1
pb1	804	3	replicate-1
pb1	805	2	replicate-1
pb1	806	2	replicate-1
pb1	807	2	replicate-1
pb1	808	2	replicate-1
pb1	809	2	replicate-1
pb1	810	2	replicate-1
pb1	811	2	replicate-1
pb1	812	2	replicate-1
pb1	813	2	replicate-1
pb1	814	2	replicate-1
pb1	815	2	replicate-1
pb1	816	2	replicate-1
pb1	817	2	replicate-1
pb1	818	2	replicate-1
pb1	819	2	replicate-1
pb1	820	2	replicate-1
pb1	821	2	replicate-1
pb1	822	1	replicate-1
pb1	823	1	replicate-1
pb1	824	1	replicate-1
pb1	825	1	replicate-1
pb1	826	1	replicate-1
pb1	827	1	replicate-1
pb1	828	1	replicate-1
pb1	829	1	replicate-1
pb1	830	1	replicate-1
pb1	831	1	replicate-1
pb1	832	1	replicate-1
pb1	833	1	replicate-1
pb1	834	1	replicate-1
pb1	835	1	replicate-1
pb1	836	1	replicate-1
pb1	837	1	replicate-1
pb1	838	1	replicate-1
pb1	839	1	replicate-1
pb1	840	1	replicate-1
pb1	841	2	replicate-1
pb1	842	2	replicate-1
pb1	843	2	replicate-1
pb1	844	2	replicate-1
pb1	845	2	replicate-1
pb1	846	1	replicate-1
pb1	847	1	replicate-1
pb1	848	1	replicate-1
pb1	849	1	replicate-1
pb1	850	1	replicate-1
pb1	851	1	replicate-1
pb1	852	1	replicate-1
pb1	853	1	replicate-1
pb1	854	1	replicate-1
pb1	855	1	replicate-1
pb1	856	1	replicate-1
pb1	857	1	replicate-1
pb1	858	1	replicate-1
pb1	859	1	replicate-1
pb1	860	1	replicate-1
pb1	861	1	replicate-1
pb1	862	1	replicate-1
pb1	863	1	replicate-1
pb1	864	1	replicate-1
pb1	865	1	replicate-1
pb1	866	1	replicate-1
pb1	867	1	replicate-1
pb1	868	1	replicate-1
pb1	869	1	replicate-1
pb1	870	1	replicate-1
pb1	871	2	replicate-1
pb1	872	2	replicate-1
pb1	873	2	replicate-1
pb1	874	2	replicate-1
pb1	875	2	replicate-1
pb1	876	2	replicate-1
pb1	877	2	replicate-1
pb1	878	2	replicate-1
pb1	879	2	replicate-1
pb1	880	2	replicate-1
pb1	881	2	replicate-1
pb1	882	2	replicate-1
pb1	883	2	replicate-1
pb1	884	2	replicate-1
pb1	885	2	replicate-1
pb1	886	2	replicate-1
pb1	887	2	replicate-1
pb1	888	2	replicate-1
pb1	889	5	replicate-1
pb1	890	5	replicate-1
pb1	891	5	replicate-1
pb1	892	5	replicate-1
pb1	893	6	replicate-1
pb1	894	7	replicate-1
pb1	895	7	replicate-1
pb1	896	7	replicate-1
pb1	897	7	replicate-1
pb1	898	6	replicate-1
pb1	899	6	replicate-1
pb1	900	6	replicate-1
pb1	901	6	replicate-1
pb1	902	6	replicate-1
pb1	903	6	replicate-1
pb1	904	9	replicate-1
pb1	905	9	replicate-1
pb1	906	9	replicate-1
pb1	907	9	replicate-1
pb1	908	9	replicate-1
pb1	909	9	replicate-1
pb1	910	10	replicate-1
pb1	911	10	replicate-1
pb1	912	10	replicate-1
pb1	913	10	replicate-1
pb1	914	10	replicate-1
pb1	915	10	replicate-1
pb1	916	10	replicate-1
pb1	917	10	replicate-1
pb1	918	10	replicate-1
pb1	919	10	replicate-1
pb1	920	10	replicate-1
pb1	921	10	replicate-1
pb1	922	11	replicate-1
pb1	923	11	replicate-1
pb1	924	11	replicate-1
pb1	925	11	replicate-1
pb1	926	11	replicate-1
pb1	927	11	replicate-1
pb1	928	11	replicate-1
pb1	929	11	replicate-1
pb1	930	11	replicate-1
pb1	931	11	replicate-1
pb1	932	11	replicate-1
pb1	933	11	replicate-1
pb1	934	11	replicate-1
pb1	935	11	replicate-1
pb1	936	11	replicate-1
pb1	937	11	replicate-1
pb1	938	11	replicate-1
pb1	939	11	replicate-1
pb1	940	11	replicate-1
pb1	941	12	replicate-1
pb1	942	12	replicate-1
pb1	943	12	replicate-1
pb1	944	12	replicate-1
pb1	945	12	replicate-1
pb1	946	12	replicate-1
pb1	947	12	replicate-1
pb1	948	12	replicate-1
pb1	949	12	replicate-1
pb1	950	12	replicate-1
pb1	951	12	replicate-1
pb1	952	12	replicate-1
pb1	953	12	replicate-1
pb1	954	12	replicate-1
pb1	955	13	replicate-1
pb1	956	13	replicate-1
pb1	957	13	replicate-1
pb1	958	13	replicate-1
pb1	959	13	replicate-1
pb1	960	14	replicate-1
pb1	961	13	replicate-1
pb1	962	13	replicate-1
pb1	963	13	replicate-1
pb1	964	13	replicate-1
pb1	965	13	replicate-1
pb1	966	13	replicate-1
pb1	967	13	replicate-1
pb1	968	13	replicate-1
pb1	969	13	replicate-1
pb1	970	13	replicate-1
pb1	971	13	replicate-1
pb1	972	13	replicate-1
pb1	973	13	replicate-1
pb1	974	13	replicate-1
pb1	975	13	replicate-1
pb1	976	13	replicate-1
pb1	977	13	replicate-1
pb1	978	13	replicate-1
pb1	979	13	replicate-1
pb1	980	13	replicate-1
pb1	981	13	replicate-1
pb1	982	13	replicate-1
pb1	983	13	replicate-1
pb1	984	13	replicate-1
pb1	985	13	replicate-1
pb1	986	13	replicate-1
pb1	987	13	replicate-1
pb1	988	13	replicate-1
pb1	989	13	replicate-1
pb1	990	13	replicate-1
pb1	991	12	replicate-1
pb1	992	12	replicate-1
pb1	993	7	replicate-1
pb1	994	7	replicate-1
pb1	995	7	replicate-1
pb1	996	7	replicate-1
pb1	997	7	replicate-1
pb1	998	7	replicate-1
pb1	999	7	replicate-1
pb1	1000	8	replicate-1
pb1	1001	8	replicate-1
pb1	1002	8	replicate-1
pb1	1003	8	replicate-1
pb1	1004	8	replicate-1
pb1	1005	7	replicate-1
pb1	1006	7	replicate-1
pb1	1007	7	replicate-1
pb1	1008	7	replicate-1
pb1	1009	7	replicate-1
pb1	1010	7	replicate-1
pb1	1011	7	replicate-1
pb1	1012	7	replicate-1
pb1	1013	7	replicate-1
pb1	1014	7	replicate-1
pb1	1015	7	replicate-1
pb1	1016	7	replicate-1
pb1	1017	7	replicate-1
pb1	1018	7	replicate-1
pb1	1019	7	replicate-1
pb1	1020	6	replicate-1
pb1	1021	6	replicate-1
pb1	1022	6	replicate-1
pb1	1023	5	replicate-1
pb1	1024	5	replicate-1
pb1	1025	5	replicate-1
pb1	1026	5	replicate-1
pb1	1027	5	replicate-1
pb1	1028	5	replicate-1
pb1	1029	5	replicate-1
pb1	1030	5	replicate-1
pb1	1031	5	replicate-1
pb1	1032	5	replicate-1
pb1	1033	5	replicate-1
pb1	1034	5	replicate-1
pb1	1035	5	replicate-1
pb1	1036	5	replicate-1
pb1	1037	5	replicate-1
pb1	1038	4	replicate-1
pb1	1039	5	replicate-1
pb1	1040	6	replicate-1
pb1	1041	6	replicate-1
pb1	1042	6	replicate-1
pb1	1043	6	replicate-1
pb1	1044	5	replicate-1
pb1	1045	5	replicate-1
pb1	1046	5	replicate-1
pb1	1047	5	replicate-1
pb1	1048	5	replicate-1
pb1	1049	5	replicate-1
pb1	1050	5	replicate-1
pb1	1051	5	replicate-1
pb1	1052	5	replicate-1
pb1	1053	7	replicate-1
pb1	1054	7	replicate-1
pb1	1055	7	replicate-1
pb1	1056	7	replicate-1
pb1	1057	7	replicate-1
pb1	1058	7	replicate-1
pb1	1059	7	replicate-1
pb1	1060	7	replicate-1
pb1	1061	7	replicate-1
pb1	1062	7	replicate-1
pb1	1063	7	replicate-1
pb1	1064	7	replicate-1
pb1	1065	7	replicate-1
pb1	1066	7	replicate-1
pb1	1067	7	replicate-1
pb1	1068	7	replicate-1
pb1	1069	5	replicate-1
pb1	1070	5	replicate-1
pb1	1071	5	replicate-1
pb1	1072	5	replicate-1
pb1	1073	5	replicate-1
pb1	1074	5	replicate-1
pb1	1075	5	replicate-1
pb1	1076	5	replicate-1
pb1	1077	5	replicate-1
pb1	1078	5	replicate-1
pb1	1079	5	replicate-1
pb1	1080	5	replicate-1
pb1	1081	5	replicate-1
pb1	1082	5	replicate-1
pb1	1083	5	replicate-1
pb1	1084	4	replicate-1
pb1	1085	5	replicate-1
pb1	1086	5	replicate-1
pb1	1087	5	replicate-1
pb1	1088	5	replicate-1
pb1	1089	5	replicate-1
pb1	1090	5	replicate-1
pb1	1091	5	replicate-1
pb1	1092	5	replicate-1
pb1	1093	5	replicate-1
pb1	1094	5	replicate-1
pb1	1095	5	replicate-1
pb1	1096	5	replicate-1
pb1	1097	5	replicate-1
pb1	1098	5	replicate-1
pb1	1099	5	replicate-1
pb1	1100	6	replicate-1
pb1	1101	6	replicate-1
pb1	1102	6	replicate-1
pb1	1103	6	replicate-1
pb1	1104	6	replicate-1
pb1	1105	6	replicate-1
pb1	1106	6	replicate-1
pb1	1107	6	replicate-1
pb1	1108	6	replicate-1
pb1	1109	6	replicate-1
pb1	1110	6	replicate-1
pb1	1111	6	replicate-1
pb1	1112	6	replicate-1
pb1	1113	6	replicate-1
pb1	1114	6	replicate-1
pb1	1115	6	replicate-1
pb1	1116	6	replicate-1
pb1	1117	6	replicate-1
pb1	1118	6	replicate-1
pb1	1119	6	replicate-1
pb1	1120	6	replicate-1
pb1	1121	6	replicate-1
pb1	1122	6	replicate-1
pb1	1123	6	replicate-1
pb1	1124	6	replicate-1
pb1	1125	7	replicate-1
pb1	1126	7	replicate-1
pb1	1127	7	replicate-1
pb1	1128	7	replicate-1
pb1	1129	7	replicate-1
pb1	1130	7	replicate-1
pb1	1131	7	replicate-1
pb1	1132	7	replicate-1
pb1	1133	7	replicate-1
pb1	1134	7	replicate-1
pb1	1135	7	replicate-1
pb1	1136	7	replicate-1
pb1	1137	7	replicate-1
pb1	1138	6	replicate-1
pb1	1139	6	replicate-1
pb1	1140	5	replicate-1
pb1	1141	5	replicate-1
pb1	1142	5	replicate-1
pb1	1143	5	replicate-1
pb1	1144	6	replicate-1
pb1	1145	6	replicate-1
pb1	1146	6	replicate-1
pb1	1147	6	replicate-1
pb1	1148	6	replicate-1
pb1	1149	7	replicate-1
pb1	1150	7	replicate-1
pb1	1151	7	replicate-1
pb1	1152	7	replicate-1
pb1	1153	7	replicate-1
pb1	1154	7	replicate-1
pb1	1155	7	replicate-1
pb1	1156	7	replicate-1
pb1	1157	7	replicate-1
pb1	1158	7	replicate-1
pb1	1159	7	replicate-1
pb1	1160	7	replicate-1
pb1	1161	7	replicate-1
pb1	1162	11	replicate-1
pb1	1163	12	replicate-1
pb1	1164	12	replicate-1
pb1	1165	12	replicate-1
pb1	1166	12	replicate-1
pb1	1167	12	replicate-1
pb1	1168	12	replicate-1
pb1	1169	12	replicate-1
pb1	1170	12	replicate-1
pb1	1171	12	replicate-1
pb1	1172	12	replicate-1
pb1	1173	12	replicate-1
pb1	1174	15	replicate-1
pb1	1175	15	replicate-1
pb1	1176	15	replicate-1
pb1	1177	15	replicate-1
pb1	1178	15	replicate-1
pb1	1179	15	replicate-1
pb1	1180	15	replicate-1
pb1	1181	14	replicate-1
pb1	1182	14	replicate-1
pb1	1183	14	replicate-1
pb1	1184	14	replicate-1
pb1	1185	14	replicate-1
pb1	1186	14	replicate-1
pb1	1187	15	replicate-1
pb1	1188	15	replicate-1
pb1	1189	14	replicate-1
pb1	1190	14	replicate-1
pb1	1191	14	replicate-1
pb1	1192	14	replicate-1
pb1	1193	14	replicate-1
pb1	1194	14	replicate-1
pb1	1195	14	replicate-1
pb1	1196	14	replicate-1
pb1	1197	14	replicate-1
pb1	1198	18	replicate-1
pb1	1199	18	replicate-1
pb1	1200	19	replicate-1
pb1	1201	19	replicate-1
pb1	1202	19	replicate-1
pb1	1203	19	replicate-1
pb1	1204	19	replicate-1
pb1	1205	19	replicate-1
pb1	1206	19	replicate-1
pb1	1207	19	replicate-1
pb1	1208	19	replicate-1
pb1	1209	19	replicate-1
pb1	1210	25	replicate-1
pb1	1211	25	replicate-1
pb1	1212	26	replicate-1
pb1	1213	26	replicate-1
pb1	1214	27	replicate-1
pb1	1215	27	replicate-1
pb1	1216	27	replicate-1
pb1	1217	27	replicate-1
pb1	1218	27	replicate-1
pb1	1219	28	replicate-1
pb1	1220	28	replicate-1
pb1	1221	28	replicate-1
pb1	1222	28	replicate-1
pb1	1223	28	replicate-1
pb1	1224	28	replicate-1
pb1	1225	28	replicate-1
pb1	1226	28	replicate-1
pb1	1227	28	replicate-1
pb1	1228	28	replicate-1
pb1	1229	36	replicate-1
pb1	1230	36	replicate-1
pb1	1231	36	replicate-1
pb1	1232	36	replicate-1
pb1	1233	36	replicate-1
pb1	1234	35	replicate-1
pb1	1235	35	replicate-1
pb1	1236	35	replicate-1
pb1	1237	35	replicate-1
pb1	1238	35	replicate-1
pb1	1239	35	replicate-1
pb1	1240	36	replicate-1
pb1	1241	36	replicate-1
pb1	1242	36	replicate-1
pb1	1243	36	replicate-1
pb1	1244	37	replicate-1
pb1	1245	64	replicate-1
pb1	1246	146	replicate-1
pb1	1247	313	replicate-1
pb1	1248	381	replicate-1
pb1	1249	393	replicate-1
pb1	1250	409	replicate-1
pb1	1251	552	replicate-1
pb1	1252	1035	replicate-1
pb1	1253	1061	replicate-1
pb1	1254	1072	replicate-1
pb1	1255	1176	replicate-1
pb1	1256	1316	replicate-1
pb1	1257	2067	replicate-1
pb1	1258	2149	replicate-1
pb1	1259	2483	replicate-1
pb1	1260	2689	replicate-1
pb1	1261	2791	replicate-1
pb1	1262	2842	replicate-1
pb1	1263	2853	replicate-1
pb1	1264	2972	replicate-1
pb1	1265	2981	replicate-1
pb1	1266	3315	replicate-1
pb1	1267	3343	replicate-1
pb1	1268	3354	replicate-1
pb1	1269	3730	replicate-1
pb1	1270	3747	replicate-1
pb1	1271	4220	replicate-1
pb1	1272	4237	replicate-1
pb1	1273	4241	replicate-1
pb1	1274	4318	replicate-1
pb1	1275	4362	replicate-1
pb1	1276	4971	replicate-1
pb1	1277	5015	replicate-1
pb1	1278	5055	replicate-1
pb1	1279	5077	replicate-1
pb1	1280	5095	replicate-1
pb1	1281	5150	replicate-1
pb1	1282	5165	replicate-1
pb1	1283	5192	replicate-1
pb1	1284	5209	replicate-1
pb1	1285	5241	replicate-1
pb1	1286	5249	replicate-1
pb1	1287	5297	replicate-1
pb1	1288	5336	replicate-1
pb1	1289	5366	replicate-1
pb1	1290	5382	replicate-1
pb1	1291	5596	replicate-1
pb1	1292	5671	replicate-1
pb1	1293	5832	replicate-1
pb1	1294	5855	replicate-1
pb1	1295	5878	replicate-1
pb1	1296	5930	replicate-1
pb1	1297	5965	replicate-1
pb1	1298	6125	replicate-1
pb1	1299	6136	replicate-1
pb1	1300	6147	replicate-1
pb1	1301	6149	replicate-1
pb1	1302	6193	replicate-1
pb1	1303	6468	replicate-1
pb1	1304	6604	replicate-1
pb1	1305	6660	replicate-1
pb1	1306	6754	replicate-1
pb1	1307	6768	replicate-1
pb1	1308	6829	replicate-1
pb1	1309	6872	replicate-1
pb1	1310	6886	replicate-1
pb1	1311	7119	replicate-1
pb1	1312	7186	replicate-1
pb1	1313	7239	replicate-1
pb1	1314	7339	replicate-1
pb1	1315	7358	replicate-1
pb1	1316	7450	replicate-1
pb1	1317	7674	replicate-1
pb1	1318	7673	replicate-1
pb1	1319	7839	replicate-1
pb1	1320	7823	replicate-1
pb1	1321	7853	replicate-1
pb1	1322	7893	replicate-1
pb1	1323	7868	replicate-1
pb1	1324	8149	replicate-1
pb1	1325	8278	replicate-1
pb1	1326	8236	replicate-1
pb1	1327	8427	replicate-1
pb1	1328	8423	replicate-1
pb1	1329	8591	replicate-1
pb1	1330	8728	replicate-1
pb1	1331	8744	replicate-1
pb1	1332	9010	replicate-1
pb1	1333	8958	replicate-1
pb1	1334	9107	replicate-1
pb1	1335	9151	replicate-1
pb1	1336	9053	replicate-1
pb1	1337	9149	replicate-1
pb1	1338	9185	replicate-1
pb1	1339	9228	replicate-1
pb1	1340	9351	replicate-1
pb1	1341	9244	replicate-1
pb1	1342	9444	replicate-1
pb1	1343	9907	replicate-1
pb1	1344	9909	replicate-1
pb1	1345	10142	replicate-1
pb1	1346	10127	replicate-1
pb1	1347	10363	replicate-1
pb1	1348	10371	replicate-1
pb1	1349	10327	replicate-1
pb1	1350	10415	replicate-1
pb1	1351	10305	replicate-1
pb1	1352	10399	replicate-1
pb1	1353	10401	replicate-1
pb1	1354	10624	replicate-1
pb1	1355	10723	replicate-1
pb1	1356	10659	replicate-1
pb1	1357	10678	replicate-1
pb1	1358	10656	replicate-1
pb1	1359	10600	replicate-1
pb1	1360	10629	replicate-1
pb1	1361	10652	replicate-1
pb1	1362	10664	replicate-1
pb1	1363	10560	replicate-1
pb1	1364	10532	replicate-1
pb1	1365	10537	replicate-1
pb1	1366	10605	replicate-1
pb1	1367	10815	replicate-1
pb1	1368	10822	replicate-1
pb1	1369	11355	replicate-1
pb1	1370	11287	replicate-1
pb1	1371	11837	replicate-1
pb1	1372	11873	replicate-1
pb1	1373	11896	replicate-1
pb1	1374	11879	replicate-1
pb1	1375	12073	replicate-1
pb1	1376	11941	replicate-1
pb1	1377	11977	replicate-1
pb1	1378	11666	replicate-1
pb1	1379	11622	replicate-1
pb1	1380	11293	replicate-1
pb1	1381	11377	replicate-1
pb1	1382	11461	replicate-1
pb1	1383	11400	replicate-1
pb1	1384	11426	replicate-1
pb1	1385	11353	replicate-1
pb1	1386	11353	replicate-1
pb1	1387	11372	replicate-1
pb1	1388	11354	replicate-1
pb1	1389	11520	replicate-1
pb1	1390	11413	replicate-1
pb1	1391	11310	replicate-1
pb1	1392	11288	replicate-1
pb1	1393	11283	replicate-1
pb1	1394	11373	replicate-1
pb1	1395	11419	replicate-1
pb1	1396	11422	replicate-1
pb1	1397	11574	replicate-1
pb1	1398	11507	replicate-1
pb1	1399	11550	replicate-1
pb1	1400	11590	replicate-1
pb1	1401	11557	replicate-1
pb1	1402	11489	replicate-1
pb1	1403	11362	replicate-1
pb1	1404	11364	replicate-1
pb1	1405	11296	replicate-1
pb1	1406	11141	replicate-1
pb1	1407	10984	replicate-1
pb1	1408	11620	replicate-1
pb1	1409	11645	replicate-1
pb1	1410	11699	replicate-1
pb1	1411	11645	replicate-1
pb1	1412	11593	replicate-1
pb1	1413	11493	replicate-1
pb1	1414	11616	replicate-1
pb1	1415	11561	replicate-1
pb1	1416	11511	replicate-1
pb1	1417	10756	replicate-1
pb1	1418	10938	replicate-1
pb1	1419	11568	replicate-1
pb1	1420	11550	replicate-1
pb1	1421	11576	replicate-1
pb1	1422	12999	replicate-1
pb1	1423	12871	replicate-1
pb1	1424	13007	replicate-1
pb1	1425	13043	replicate-1
pb1	1426	12972	replicate-1
pb1	1427	12972	replicate-1
pb1	1428	12283	replicate-1
pb1	1429	12302	replicate-1
pb1	1430	12574	replicate-1
pb1	1431	11864	replicate-1
pb1	1432	11697	replicate-1
pb1	1433	11700	replicate-1
pb1	1434	11722	replicate-1
pb1	1435	11719	replicate-1
pb1	1436	11691	replicate-1
pb1	1437	11698	replicate-1
pb1	1438	11704	replicate-1
pb1	1439	11484	replicate-1
pb1	1440	11603	replicate-1
pb1	1441	11651	replicate-1
pb1	1442	11626	replicate-1
pb1	1443	11674	replicate-1
pb1	1444	11720	replicate-1
pb1	1445	12059	replicate-1
pb1	1446	12075	replicate-1
pb1	1447	12108	replicate-1
pb1	1448	12114	replicate-1
pb1	1449	12113	replicate-1
pb1	1450	12088	replicate-1
pb1	1451	12096	replicate-1
pb1	1452	12122	replicate-1
pb1	1453	12154	replicate-1
pb1	1454	11669	replicate-1
pb1	1455	11761	replicate-1
pb1	1456	11810	replicate-1
pb1	1457	11892	replicate-1
pb1	1458	11861	replicate-1
pb1	1459	11781	replicate-1
pb1	1460	11857	replicate-1
pb1	1461	11854	replicate-1
pb1	1462	11907	replicate-1
pb1	1463	11869	replicate-1
pb1	1464	11892	replicate-1
pb1	1465	11729	replicate-1
pb1	1466	11618	replicate-1
pb1	1467	11903	replicate-1
pb1	1468	11945	replicate-1
pb1	1469	12030	replicate-1
pb1	1470	12165	replicate-1
pb1	1471	12454	replicate-1
pb1	1472	13202	replicate-1
pb1	1473	13281	replicate-1
pb1	1474	13289	replicate-1
pb1	1475	13266	replicate-1
pb1	1476	13286	replicate-1
pb1	1477	13296	replicate-1
pb1	1478	13230	replicate-1
pb1	1479	13304	replicate-1
pb1	1480	12562	replicate-1
pb1	1481	12743	replicate-1
pb1	1482	12687	replicate-1
pb1	1483	12641	replicate-1
pb1	1484	12653	replicate-1
pb1	1485	12412	replicate-1
pb1	1486	12442	replicate-1
pb1	1487	12525	replicate-1
pb1	1488	12508	replicate-1
pb1	1489	12475	replicate-1
pb1	1490	12408	replicate-1
pb1	1491	12217	replicate-1
pb1	1492	12260	replicate-1
pb1	1493	12220	replicate-1
pb1	1494	12163	replicate-1
pb1	1495	12139	replicate-1
pb1	1496	11987	replicate-1
pb1	1497	11987	replicate-1
pb1	1498	11972	replicate-1
pb1	1499	11798	replicate-1
pb1	1500	11845	replicate-1
pb1	1501	11762	replicate-1
pb1	1502	11756	replicate-1
pb1	1503	11744	replicate-1
pb1	1504	11822	replicate-1
pb1	1505	11892	replicate-1
pb1	1506	11914	replicate-1
pb1	1507	11987	replicate-1
pb1	1508	12003	replicate-1
pb1	1509	12001	replicate-1
pb1	1510	12135	replicate-1
pb1	1511	12234	replicate-1
pb1	1512	12308	replicate-1
pb1	1513	12242	replicate-1
pb1	1514	12227	replicate-1
pb1	1515	12287	replicate-1
pb1	1516	12242	replicate-1
pb1	1517	12368	replicate-1
pb1	1518	12492	replicate-1
pb1	1519	12425	replicate-1
pb1	1520	12495	replicate-1
pb1	1521	12504	replicate-1
pb1	1522	12521	replicate-1
pb1	1523	12736	replicate-1
pb1	1524	12636	replicate-1
pb1	1525	12670	replicate-1
pb1	1526	12418	replicate-1
pb1	1527	12210	replicate-1
pb1	1528	12219	replicate-1
pb1	1529	12025	replicate-1
pb1	1530	11987	replicate-1
pb1	1531	11950	replicate-1
pb1	1532	11757	replicate-1
pb1	1533	11718	replicate-1
pb1	1534	11639	replicate-1
pb1	1535	11640	replicate-1
pb1	1536	11832	replicate-1
pb1	1537	11799	replicate-1
pb1	1538	11853	replicate-1
pb1	1539	11872	replicate-1
pb1	1540	11869	replicate-1
pb1	1541	12038	replicate-1
pb1	1542	12094	replicate-1
pb1	1543	12057	replicate-1
pb1	1544	12013	replicate-1
pb1	1545	11760	replicate-1
pb1	1546	11994	replicate-1
pb1	1547	11891	replicate-1
pb1	1548	11876	replicate-1
pb1	1549	11821	replicate-1
pb1	1550	11730	replicate-1
pb1	1551	11852	replicate-1
pb1	1552	11854	replicate-1
pb1	1553	11869	replicate-1
pb1	1554	11793	replicate-1
pb1	1555	11545	replicate-1
pb1	1556	12544	replicate-1
pb1	1557	12427	replicate-1
pb1	1558	12399	replicate-1
pb1	1559	12421	replicate-1
pb1	1560	12347	replicate-1
pb1	1561	12366	replicate-1
pb1	1562	12386	replicate-1
pb1	1563	12355	replicate-1
pb1	1564	12407	replicate-1
pb1	1565	11310	replicate-1
pb1	1566	12297	replicate-1
pb1	1567	12291	replicate-1
pb1	1568	12296	replicate-1
pb1	1569	12348	replicate-1
pb1	1570	12372	replicate-1
pb1	1571	12507	replicate-1
pb1	1572	12546	replicate-1
pb1	1573	12344	replicate-1
pb1	1574	12323	replicate-1
pb1	1575	11797	replicate-1
pb1	1576	11725	replicate-1
pb1	1577	11777	replicate-1
pb1	1578	11771	replicate-1
pb1	1579	11793	replicate-1
pb1	1580	11702	replicate-1
pb1	1581	11665	replicate-1
pb1	1582	11668	replicate-1
pb1	1583	11806	replicate-1
pb1	1584	11659	replicate-1
pb1	1585	11772	replicate-1
pb1	1586	11751	replicate-1
pb1	1587	11775	replicate-1
pb1	1588	12020	replicate-1
pb1	1589	11961	replicate-1
pb1	1590	12206	replicate-1
pb1	1591	12208	replicate-1
pb1	1592	12219	replicate-1
pb1	1593	12595	replicate-1
pb1	1594	12537	replicate-1
pb1	1595	13404	replicate-1
pb1	1596	13320	replicate-1
pb1	1597	13053	replicate-1
pb1	1598	13103	replicate-1
pb1	1599	12849	replicate-1
pb1	1600	13049	replicate-1
pb1	1601	13723	replicate-1
pb1	1602	13342	replicate-1
pb1	1603	13366	replicate-1
pb1	1604	12739	replicate-1
pb1	1605	12712	replicate-1
pb1	1606	12683	replicate-1
pb1	1607	12912	replicate-1
pb1	1608	12899	replicate-1
pb1	1609	13347	replicate-1
pb1	1610	12710	replicate-1
pb1	1611	12965	replicate-1
pb1	1612	13258	replicate-1
pb1	1613	13239	replicate-1
pb1	1614	13192	replicate-1
pb1	1615	13212	replicate-1
pb1	1616	12971	replicate-1
pb1	1617	13198	replicate-1
pb1	1618	12780	replicate-1
pb1	1619	12777	replicate-1
pb1	1620	12886	replicate-1
pb1	1621	12551	replicate-1
pb1	1622	12659	replicate-1
pb1	1623	12683	replicate-1
pb1	1624	12749	replicate-1
pb1	1625	12734	replicate-1
pb1	1626	12795	replicate-1
pb1	1627	12871	replicate-1
pb1	1628	12886	replicate-1
pb1	1629	12858	replicate-1
pb1	1630	12815	replicate-1
pb1	1631	13170	replicate-1
pb1	1632	13233	replicate-1
pb1	1633	13173	replicate-1
pb1	1634	13211	replicate-1
pb1	1635	13031	replicate-1
pb1	1636	13123	replicate-1
pb1	1637	13454	replicate-1
pb1	1638	13582	replicate-1
pb1	1639	13587	replicate-1
pb1	1640	13427	replicate-1
pb1	1641	13406	replicate-1
pb1	1642	13437	replicate-1
pb1	1643	13503	replicate-1
pb1	1644	13546	replicate-1
pb1	1645	13504	replicate-1
pb1	1646	13283	replicate-1
pb1	1647	13155	replicate-1
pb1	1648	13264	replicate-1
pb1	1649	13298	replicate-1
pb1	1650	13265	replicate-1
pb1	1651	13203	replicate-1
pb1	1652	13160	replicate-1
pb1	1653	13019	replicate-1
pb1	1654	13236	replicate-1
pb1	1655	13281	replicate-1
pb1	1656	13293	replicate-1
pb1	1657	13232	replicate-1
pb1	1658	13297	replicate-1
pb1	1659	13293	replicate-1
pb1	1660	13282	replicate-1
pb1	1661	13328	replicate-1
pb1	1662	13291	replicate-1
pb1	1663	13231	replicate-1
pb1	1664	13360	replicate-1
pb1	1665	13307	replicate-1
pb1	1666	13411	replicate-1
pb1	1667	13334	replicate-1
pb1	1668	13304	replicate-1
pb1	1669	13333	replicate-1
pb1	1670	13150	replicate-1
pb1	1671	13215	replicate-1
pb1	1672	13200	replicate-1
pb1	1673	12863	replicate-1
pb1	1674	13015	replicate-1
pb1	1675	12884	replicate-1
pb1	1676	12974	replicate-1
pb1	1677	13068	replicate-1
pb1	1678	12952	replicate-1
pb1	1679	12943	replicate-1
pb1	1680	12826	replicate-1
pb1	1681	12809	replicate-1
pb1	1682	12794	replicate-1
pb1	1683	13023	replicate-1
pb1	1684	13224	replicate-1
pb1	1685	13157	replicate-1
pb1	1686	13069	replicate-1
pb1	1687	13026	replicate-1
pb1	1688	13146	replicate-1
pb1	1689	13766	replicate-1
pb1	1690	13674	replicate-1
pb1	1691	13815	replicate-1
pb1	1692	13189	replicate-1
pb1	1693	12986	replicate-1
pb1	1694	13008	replicate-1
pb1	1695	13259	replicate-1
pb1	1696	13142	replicate-1
pb1	1697	13350	replicate-1
pb1	1698	12206	replicate-1
pb1	1699	12260	replicate-1
pb1	1700	12009	replicate-1
pb1	1701	12040	replicate-1
pb1	1702	11917	replicate-1
pb1	1703	11820	replicate-1
pb1	1704	11650	replicate-1
pb1	1705	11585	replicate-1
pb1	1706	11340	replicate-1
pb1	1707	11728	replicate-1
pb1	1708	11645	replicate-1
pb1	1709	11644	replicate-1
pb1	1710	11671	replicate-1
pb1	1711	11571	replicate-1
pb1	1712	11669	replicate-1
pb1	1713	11482	replicate-1
pb1	1714	11609	replicate-1
pb1	1715	11594	replicate-1
pb1	1716	11028	replicate-1
pb1	1717	10997	replicate-1
pb1	1718	10907	replicate-1
pb1	1719	10893	replicate-1
pb1	1720	10757	replicate-1
pb1	1721	10747	replicate-1
pb1	1722	10602	replicate-1
pb1	1723	10601	replicate-1
pb1	1724	10434	replicate-1
pb1	1725	10613	replicate-1
pb1	1726	10612	replicate-1
pb1	1727	10627	replicate-1
pb1	1728	10642	replicate-1
pb1	1729	10839	replicate-1
pb1	1730	10692	replicate-1
pb1	1731	10714	replicate-1
pb1	1732	10713	replicate-1
pb1	1733	10811	replicate-1
pb1	1734	10591	replicate-1
pb1	1735	10585	replicate-1
pb1	1736	10638	replicate-1
pb1	1737	10748	replicate-1
pb1	1738	10579	replicate-1
pb1	1739	10742	replicate-1
pb1	1740	10829	replicate-1
pb1	1741	10806	replicate-1
pb1	1742	11004	replicate-1
pb1	1743	11013	replicate-1
pb1	1744	10991	replicate-1
pb1	1745	10980	replicate-1
pb1	1746	10848	replicate-1
pb1	1747	10918	replicate-1
pb1	1748	10718	replicate-1
pb1	1749	10735	replicate-1
pb1	1750	10653	replicate-1
pb1	1751	10370	replicate-1
pb1	1752	10606	replicate-1
pb1	1753	10586	replicate-1
pb1	1754	10557	replicate-1
pb1	1755	10687	replicate-1
pb1	1756	10595	replicate-1
pb1	1757	10664	replicate-1
pb1	1758	10609	replicate-1
pb1	1759	10594	replicate-1
pb1	1760	10647	replicate-1
pb1	1761	10481	replicate-1
pb1	1762	10525	replicate-1
pb1	1763	10514	replicate-1
pb1	1764	10431	replicate-1
pb1	1765	10685	replicate-1
pb1	1766	10518	replicate-1
pb1	1767	10497	replicate-1
pb1	1768	10492	replicate-1
pb1	1769	10410	replicate-1
pb1	1770	10356	replicate-1
pb1	1771	10265	replicate-1
pb1	1772	10285	replicate-1
pb1	1773	10244	replicate-1
pb1	1774	9893	replicate-1
pb1	1775	9913	replicate-1
pb1	1776	10057	replicate-1
pb1	1777	10059	replicate-1
pb1	1778	10143	replicate-1
pb1	1779	10108	replicate-1
pb1	1780	10140	replicate-1
pb1	1781	10225	replicate-1
pb1	1782	10204	replicate-1
pb1	1783	10202	replicate-1
pb1	1784	10190	replicate-1
pb1	1785	9941	replicate-1
pb1	1786	9997	replicate-1
pb1	1787	10000	replicate-1
pb1	1788	9933	replicate-1
pb1	1789	9965	replicate-1
pb1	1790	9695	replicate-1
pb1	1791	9750	replicate-1
pb1	1792	9732	replicate-1
pb1	1793	9714	replicate-1
pb1	1794	9846	replicate-1
pb1	1795	9881	replicate-1
pb1	1796	9902	replicate-1
pb1	1797	9960	replicate-1
pb1	1798	9919	replicate-1
pb1	1799	9974	replicate-1
pb1	1800	9843	replicate-1
pb1	1801	9837	replicate-1
pb1	1802	9808	replicate-1
pb1	1803	9559	replicate-1
pb1	1804	9320	replicate-1
pb1	1805	9279	replicate-1
pb1	1806	9154	replicate-1
pb1	1807	9189	replicate-1
pb1	1808	9153	replicate-1
pb1	1809	9179	replicate-1
pb1	1810	9183	replicate-1
pb1	1811	9198	replicate-1
pb1	1812	9150	replicate-1
pb1	1813	9734	replicate-1
pb1	1814	9760	replicate-1
pb1	1815	9818	replicate-1
pb1	1816	9726	replicate-1
pb1	1817	9474	replicate-1
pb1	1818	9655	replicate-1
pb1	1819	9646	replicate-1
pb1	1820	9713	replicate-1
pb1	1821	9749	replicate-1
pb1	1822	8396	replicate-1
pb1	1823	8585	replicate-1
pb1	1824	8432	replicate-1
pb1	1825	8879	replicate-1
pb1	1826	8941	replicate-1
pb1	1827	8901	replicate-1
pb1	1828	8871	replicate-1
pb1	1829	8815	replicate-1
pb1	1830	8888	replicate-1
pb1	1831	8835	replicate-1
pb1	1832	8592	replicate-1
pb1	1833	8680	replicate-1
pb1	1834	8438	replicate-1
pb1	1835	8431	replicate-1
pb1	1836	8529	replicate-1
pb1	1837	8543	replicate-1
pb1	1838	8519	replicate-1
pb1	1839	8574	replicate-1
pb1	1840	8515	replicate-1
pb1	1841	8945	replicate-1
pb1	1842	8855	replicate-1
pb1	1843	9088	replicate-1
pb1	1844	9070	replicate-1
pb1	1845	9069	replicate-1
pb1	1846	9106	replicate-1
pb1	1847	9096	replicate-1
pb1	1848	9045	replicate-1
pb1	1849	9081	replicate-1
pb1	1850	8874	replicate-1
pb1	1851	8953	replicate-1
pb1	1852	8778	replicate-1
pb1	1853	9483	replicate-1
pb1	1854	9492	replicate-1
pb1	1855	9549	replicate-1
pb1	1856	9584	replicate-1
pb1	1857	9520	replicate-1
pb1	1858	9639	replicate-1
pb1	1859	9661	replicate-1
pb1	1860	9687	replicate-1
pb1	1861	9703	replicate-1
pb1	1862	9372	replicate-1
pb1	1863	9371	replicate-1
pb1	1864	9518	replicate-1
pb1	1865	9577	replicate-1
pb1	1866	9625	replicate-1
pb1	1867	9768	replicate-1
pb1	1868	9758	replicate-1
pb1	1869	9993	replicate-1
pb1	1870	10024	replicate-1
pb1	1871	10079	replicate-1
pb1	1872	10233	replicate-1
pb1	1873	10356	replicate-1
pb1	1874	10301	replicate-1
pb1	1875	10317	replicate-1
pb1	1876	10263	replicate-1
pb1	1877	10436	replicate-1
pb1	1878	10290	replicate-1
pb1	1879	10411	replicate-1
pb1	1880	10338	replicate-1
pb1	1881	11025	replicate-1
pb1	1882	10889	replicate-1
pb1	1883	11144	replicate-1
pb1	1884	11233	replicate-1
pb1	1885	11402	replicate-1
pb1	1886	11371	replicate-1
pb1	1887	11552	replicate-1
pb1	1888	11521	replicate-1
pb1	1889	11536	replicate-1
pb1	1890	11093	replicate-1
pb1	1891	11091	replicate-1
pb1	1892	11178	replicate-1
pb1	1893	11340	replicate-1
pb1	1894	11366	replicate-1
pb1	1895	11203	replicate-1
pb1	1896	11499	replicate-1
pb1	1897	11570	replicate-1
pb1	1898	11719	replicate-1
pb1	1899	11728	replicate-1
pb1	1900	11666	replicate-1
pb1	1901	11627	replicate-1
pb1	1902	11398	replicate-1
pb1	1903	11831	replicate-1
pb1	1904	12012	replicate-1
pb1	1905	11910	replicate-1
pb1	1906	11916	replicate-1
pb1	1907	11843	replicate-1
pb1	1908	11878	replicate-1
pb1	1909	11636	replicate-1
pb1	1910	11610	replicate-1
pb1	1911	11657	replicate-1
pb1	1912	11511	replicate-1
pb1	1913	11395	replicate-1
pb1	1914	11404	replicate-1
pb1	1915	11437	replicate-1
pb1	1916	11575	replicate-1
pb1	1917	11674	replicate-1
pb1	1918	11726	replicate-1
pb1	1919	11684	replicate-1
pb1	1920	11715	replicate-1
pb1	1921	11681	replicate-1
pb1	1922	11799	replicate-1
pb1	1923	11836	replicate-1
pb1	1924	11822	replicate-1
pb1	1925	11802	replicate-1
pb1	1926	12013	replicate-1
pb1	1927	12013	replicate-1
pb1	1928	12386	replicate-1
pb1	1929	12398	replicate-1
pb1	1930	13257	replicate-1
pb1	1931	13163	replicate-1
pb1	1932	13209	replicate-1
pb1	1933	13222	replicate-1
pb1	1934	13257	replicate-1
pb1	1935	13034	replicate-1
pb1	1936	13120	replicate-1
pb1	1937	12793	replicate-1
pb1	1938	13213	replicate-1
pb1	1939	12852	replicate-1
pb1	1940	13092	replicate-1
pb1	1941	13028	replicate-1
pb1	1942	13212	replicate-1
pb1	1943	13229	replicate-1
pb1	1944	13681	replicate-1
pb1	1945	13689	replicate-1
pb1	1946	13713	replicate-1
pb1	1947	13737	replicate-1
pb1	1948	13341	replicate-1
pb1	1949	13952	replicate-1
pb1	1950	13971	replicate-1
pb1	1951	14092	replicate-1
pb1	1952	14087	replicate-1
pb1	1953	13697	replicate-1
pb1	1954	13893	replicate-1
pb1	1955	13848	replicate-1
pb1	1956	14135	replicate-1
pb1	1957	14185	replicate-1
pb1	1958	13776	replicate-1
pb1	1959	13949	replicate-1
pb1	1960	13813	replicate-1
pb1	1961	13920	replicate-1
pb1	1962	13946	replicate-1
pb1	1963	13829	replicate-1
pb1	1964	13802	replicate-1
pb1	1965	13661	replicate-1
pb1	1966	13848	replicate-1
pb1	1967	14069	replicate-1
pb1	1968	14075	replicate-1
pb1	1969	14094	replicate-1
pb1	1970	13988	replicate-1
pb1	1971	13989	replicate-1
pb1	1972	13987	replicate-1
pb1	1973	14099	replicate-1
pb1	1974	14065	replicate-1
pb1	1975	13901	replicate-1
pb1	1976	13713	replicate-1
pb1	1977	13995	replicate-1
pb1	1978	14228	replicate-1
pb1	1979	14241	replicate-1
pb1	1980	14251	replicate-1
pb1	1981	14214	replicate-1
pb1	1982	14167	replicate-1
pb1	1983	14493	replicate-1
pb1	1984	14512	replicate-1
pb1	1985	14908	replicate-1
pb1	1986	14175	replicate-1
pb1	1987	14093	replicate-1
pb1	1988	14112	replicate-1
pb1	1989	14100	replicate-1
pb1	1990	14548	replicate-1
pb1	1991	14352	replicate-1
pb1	1992	14263	replicate-1
pb1	1993	14280	replicate-1
pb1	1994	13839	replicate-1
pb1	1995	13838	replicate-1
pb1	1996	13621	replicate-1
pb1	1997	13752	replicate-1
pb1	1998	13695	replicate-1
pb1	1999	13262	replicate-1
pb1	2000	13213	replicate-1
pb1	2001	12869	replicate-1
pb1	2002	13009	replicate-1
pb1	2003	12876	replicate-1
pb1	2004	12977	replicate-1
pb1	2005	13084	replicate-1
pb1	2006	13076	replicate-1
pb1	2007	12997	replicate-1
pb1	2008	12871	replicate-1
pb1	2009	12904	replicate-1
pb1	2010	12848	replicate-1
pb1	2011	12584	replicate-1
pb1	2012	12621	replicate-1
pb1	2013	12538	replicate-1
pb1	2014	12597	replicate-1
pb1	2015	12489	replicate-1
pb1	2016	12848	replicate-1
pb1	2017	12905	replicate-1
pb1	2018	12895	replicate-1
pb1	2019	12821	replicate-1
pb1	2020	12643	replicate-1
pb1	2021	12624	replicate-1
pb1	2022	12629	replicate-1
pb1	2023	12637	replicate-1
pb1	2024	12648	replicate-1
pb1	2025	12738	replicate-1
pb1	2026	12889	replicate-1
pb1	2027	12882	replicate-1
pb1	2028	12873	replicate-1
pb1	2029	13086	replicate-1
pb1	2030	13090	replicate-1
pb1	2031	13097	replicate-1
pb1	2032	13009	replicate-1
pb1	2033	13000	replicate-1
pb1	2034	12728	replicate-1
pb1	2035	12201	replicate-1
pb1	2036	12051	replicate-1
pb1	2037	12089	replicate-1
pb1	2038	11798	replicate-1
pb1	2039	11876	replicate-1
pb1	2040	11893	replicate-1
pb1	2041	11877	replicate-1
pb1	2042	11892	replicate-1
pb1	2043	11784	replicate-1
pb1	2044	12031	replicate-1
pb1	2045	12032	replicate-1
pb1	2046	12704	replicate-1
pb1	2047	12739	replicate-1
pb1	2048	12478	replicate-1
pb1	2049	12588	replicate-1
pb1	2050	12538	replicate-1
pb1	2051	12870	replicate-1
pb1	2052	12847	replicate-1
pb1	2053	12513	replicate-1
pb1	2054	12488	replicate-1
pb1	2055	11649	replicate-1
pb1	2056	11840	replicate-1
pb1	2057	11928	replicate-1
pb1	2058	11941	replicate-1
pb1	2059	11918	replicate-1
pb1	2060	11660	replicate-1
pb1	2061	11677	replicate-1
pb1	2062	11728	replicate-1
pb1	2063	11859	replicate-1
pb1	2064	11884	replicate-1
pb1	2065	11559	replicate-1
pb1	2066	11470	replicate-1
pb1	2067	11263	replicate-1
pb1	2068	11235	replicate-1
pb1	2069	11251	replicate-1
pb1	2070	11382	replicate-1
pb1	2071	11359	replicate-1
pb1	2072	11209	replicate-1
pb1	2073	11186	replicate-1
pb1	2074	11192	replicate-1
pb1	2075	11178	replicate-1
pb1	2076	11131	replicate-1
pb1	2077	11128	replicate-1
pb1	2078	10976	replicate-1
pb1	2079	10705	replicate-1
pb1	2080	10685	replicate-1
pb1	2081	10624	replicate-1
pb1	2082	10563	replicate-1
pb1	2083	10631	replicate-1
pb1	2084	10565	replicate-1
pb1	2085	10890	replicate-1
pb1	2086	10952	replicate-1
pb1	2087	10967	replicate-1
pb1	2088	10975	replicate-1
pb1	2089	10975	replicate-1
pb1	2090	11088	replicate-1
pb1	2091	11089	replicate-1
pb1	2092	11034	replicate-1
pb1	2093	10961	replicate-1
pb1	2094	10536	replicate-1
pb1	2095	10511	replicate-1
pb1	2096	10433	replicate-1
pb1	2097	10493	replicate-1
pb1	2098	9839	replicate-1
pb1	2099	9836	replicate-1
pb1	2100	9792	replicate-1
pb1	2101	9731	replicate-1
pb1	2102	9764	replicate-1
pb1	2103	9739	replicate-1
pb1	2104	9709	replicate-1
pb1	2105	9683	replicate-1
pb1	2106	9465	replicate-1
pb1	2107	9492	replicate-1
pb1	2108	9278	replicate-1
pb1	2109	9331	replicate-1
pb1	2110	9332	replicate-1
pb1	2111	9323	replicate-1
pb1	2112	9338	replicate-1
pb1	2113	9370	replicate-1
pb1	2114	9332	replicate-1
pb1	2115	9251	replicate-1
pb1	2116	9230	replicate-1
pb1	2117	9167	replicate-1
pb1	2118	9097	replicate-1
pb1	2119	9093	replicate-1
pb1	2120	9103	replicate-1
pb1	2121	9187	replicate-1
pb1	2122	9169	replicate-1
pb1	2123	9196	replicate-1
pb1	2124	9305	replicate-1
pb1	2125	9284	replicate-1
pb1	2126	9252	replicate-1
pb1	2127	9223	replicate-1
pb1	2128	9195	replicate-1
pb1	2129	9215	replicate-1
pb1	2130	9297	replicate-1
pb1	2131	9219	replicate-1
pb1	2132	9492	replicate-1
pb1	2133	9348	replicate-1
pb1	2134	10037	replicate-1
pb1	2135	10029	replicate-1
pb1	2136	10137	replicate-1
pb1	2137	10140	replicate-1
pb1	2138	10097	replicate-1
pb1	2139	10175	replicate-1
pb1	2140	9705	replicate-1
pb1	2141	9439	replicate-1
pb1	2142	9311	replicate-1
pb1	2143	8332	replicate-1
pb1	2144	8327	replicate-1
pb1	2145	8092	replicate-1
pb1	2146	8070	replicate-1
pb1	2147	8035	replicate-1
pb1	2148	8020	replicate-1
pb1	2149	8057	replicate-1
pb1	2150	8013	replicate-1
pb1	2151	8123	replicate-1
pb1	2152	8225	replicate-1
pb1	2153	8273	replicate-1
pb1	2154	8298	replicate-1
pb1	2155	8292	replicate-1
pb1	2156	8274	replicate-1
pb1	2157	8323	replicate-1
pb1	2158	8302	replicate-1
pb1	2159	8306	replicate-1
pb1	2160	8302	replicate-1
pb1	2161	8246	replicate-1
pb1	2162	8365	replicate-1
pb1	2163	8363	replicate-1
pb1	2164	8341	replicate-1
pb1	2165	8433	replicate-1
pb1	2166	8515	replicate-1
pb1	2167	8771	replicate-1
pb1	2168	8755	replicate-1
pb1	2169	8799	replicate-1
pb1	2170	8805	replicate-1
pb1	2171	8657	replicate-1
pb1	2172	8754	replicate-1
pb1	2173	8709	replicate-1
pb1	2174	8692	replicate-1
pb1	2175	8600	replicate-1
pb1	2176	8340	replicate-1
pb1	2177	8388	replicate-1
pb1	2178	8664	replicate-1
pb1	2179	8746	replicate-1
pb1	2180	8678	replicate-1
pb1	2181	8573	replicate-1
pb1	2182	8602	replicate-1
pb1	2183	8596	replicate-1
pb1	2184	8608	replicate-1
pb1	2185	8571	replicate-1
pb1	2186	8580	replicate-1
pb1	2187	8220	replicate-1
pb1	2188	8166	replicate-1
pb1	2189	8091	replicate-1
pb1	2190	8174	replicate-1
pb1	2191	8186	replicate-1
pb1	2192	8313	replicate-1
pb1	2193	8397	replicate-1
pb1	2194	8348	replicate-1
pb1	2195	8390	replicate-1
pb1	2196	8243	replicate-1
pb1	2197	8174	replicate-1
pb1	2198	8130	replicate-1
pb1	2199	8124	replicate-1
pb1	2200	8143	replicate-1
pb1	2201	7907	replicate-1
pb1	2202	7915	replicate-1
pb1	2203	7901	replicate-1
pb1	2204	7904	replicate-1
pb1	2205	7983	replicate-1
pb1	2206	7998	replicate-1
pb1	2207	7947	replicate-1
pb1	2208	7992	replicate-1
pb1	2209	8053	replicate-1
pb1	2210	8042	replicate-1
pb1	2211	8070	replicate-1
pb1	2212	8075	replicate-1
pb1	2213	8099	replicate-1
pb1	2214	8006	replicate-1
pb1	2215	7995	replicate-1
pb1	2216	8012	replicate-1
pb1	2217	8003	replicate-1
pb1	2218	7913	replicate-1
pb1	2219	7884	replicate-1
pb1	2220	7871	replicate-1
pb1	2221	7877	replicate-1
pb1	2222	7897	replicate-1
pb1	2223	7878	replicate-1
pb1	2224	7833	replicate-1
pb1	2225	7882	replicate-1
pb1	2226	8181	replicate-1
pb1	2227	8135	replicate-1
pb1	2228	8076	replicate-1
pb1	2229	8066	replicate-1
pb1	2230	7976	replicate-1
pb1	2231	7998	replicate-1
pb1	2232	8029	replicate-1
pb1	2233	8001	replicate-1
pb1	2234	7429	replicate-1
pb1	2235	6523	replicate-1
pb1	2236	6502	replicate-1
pb1	2237	6453	replicate-1
pb1	2238	6462	replicate-1
pb1	2239	6523	replicate-1
pb1	2240	6389	replicate-1
pb1	2241	6395	replicate-1
pb1	2242	6261	replicate-1
pb1	2243	6308	replicate-1
pb1	2244	6332	replicate-1
pb1	2245	6366	replicate-1
pb1	2246	6353	replicate-1
pb1	2247	6321	replicate-1
pb1	2248	6325	replicate-1
pb1	2249	6099	replicate-1
pb1	2250	6183	replicate-1
pb1	2251	6173	replicate-1
pb1	2252	6144	replicate-1
pb1	2253	6172	replicate-1
pb1	2254	6180	replicate-1
pb1	2255	6183	replicate-1
pb1	2256	6187	replicate-1
pb1	2257	6147	replicate-1
pb1	2258	6072	replicate-1
pb1	2259	5845	replicate-1
pb1	2260	5693	replicate-1
pb1	2261	5680	replicate-1
pb1	2262	5694	replicate-1
pb1	2263	5474	replicate-1
pb1	2264	5504	replicate-1
pb1	2265	5502	replicate-1
pb1	2266	5507	replicate-1
pb1	2267	5513	replicate-1
pb1	2268	5368	replicate-1
pb1	2269	5355	replicate-1
pb1	2270	5480	replicate-1
pb1	2271	5313	replicate-1
pb1	2272	5277	replicate-1
pb1	2273	5144	replicate-1
pb1	2274	5070	replicate-1
pb1	2275	5070	replicate-1
pb1	2276	5020	replicate-1
pb1	2277	5016	replicate-1
pb1	2278	5004	replicate-1
pb1	2279	4425	replicate-1
pb1	2280	4446	replicate-1
pb1	2281	4346	replicate-1
pb1	2282	4308	replicate-1
pb1	2283	4317	replicate-1
pb1	2284	4235	replicate-1
pb1	2285	4205	replicate-1
pb1	2286	4182	replicate-1
pb1	2287	4179	replicate-1
pb1	2288	4110	replicate-1
pb1	2289	3987	replicate-1
pb1	2290	3985	replicate-1
pb1	2291	3961	replicate-1
pb1	2292	3966	replicate-1
pb1	2293	3942	replicate-1
pb1	2294	3894	replicate-1
pb1	2295	3879	replicate-1
pb1	2296	3803	replicate-1
pb1	2297	3672	replicate-1
pb1	2298	3667	replicate-1
pb1	2299	3366	replicate-1
pb1	2300	3355	replicate-1
pb1	2301	3176	replicate-1
pb1	2302	3154	replicate-1
pb1	2303	3139	replicate-1
pb1	2304	3021	replicate-1
pb1	2305	3013	replicate-1
pb1	2306	2928	replicate-1
pb1	2307	2925	replicate-1
pb1	2308	2898	replicate-1
pb1	2309	2662	replicate-1
pb1	2310	2539	replicate-1
pb1	2311	2525	replicate-1
pb1	2312	2511	replicate-1
pb1	2313	2505	replicate-1
pb1	2314	2498	replicate-1
pb1	2315	2298	replicate-1
pb1	2316	2284	replicate-1
pb1	2317	2271	replicate-1
pb1	2318	2264	replicate-1
pb1	2319	2257	replicate-1
pb1	2320	2186	replicate-1
pb1	2321	2161	replicate-1
pb1	2322	2149	replicate-1
pb1	2323	2125	replicate-1
pb1	2324	2120	replicate-1
pb1	2325	2085	replicate-1
pb1	2326	2072	replicate-1
pb1	2327	2061	replicate-1
pb1	2328	2048	replicate-1
pb1	2329	2034	replicate-1
pb1	2330	1968	replicate-1
pb1	2331	1941	replicate-1
pb1	2332	1908	replicate-1
pb1	2333	1905	replicate-1
pb1	2334	1891	replicate-1
pb1	2335	1877	replicate-1
pb1	2336	1869	replicate-1
pb1	2337	1666	replicate-1
pb1	2338	1623	replicate-1
pb1	2339	1603	replicate-1
pb1	2340	1593	replicate-1
pb1	2341	709	replicate-1
